,Adj Close,Close,High,Low,Open,Volume
2000-01-04,1820,4293,4619,3800,4020,183231
2000-01-05,1688,3982,4172,3884,3884,94120
2000-01-06,1543,3641,4028,3641,4028,61824
2000-01-07,1495,3527,3793,3527,3679,111389
2000-01-10,1473,3474,3679,3459,3489,114421
2000-01-11,1447,3413,3489,3315,3421,100052
2000-01-12,1354,3193,3375,3110,3375,94120
2000-01-13,1366,3224,3254,3049,3049,65647
2000-01-14,1302,3072,3262,3057,3125,51674
2000-01-17,1299,3064,3178,3004,3079,98338
2000-01-18,1231,2905,3072,2890,3034,44555
2000-01-19,1231,2905,3072,2806,2814,105589
2000-01-20,1186,2799,2897,2700,2897,58001
2000-01-21,1173,2768,3026,2510,2510,100975
2000-01-24,1175,2772,2920,2730,2920,59188
2000-01-25,1157,2730,2738,2632,2647,48115
2000-01-26,1206,2844,2852,2624,2730,78038
2000-01-27,1334,3148,3224,2772,2844,107566
2000-01-28,1254,2958,3216,2913,3193,131557
2000-01-31,1260,2973,3034,2852,2958,125494
2000-02-01,1257,2966,3049,2894,2935,60506
2000-02-02,1251,2950,2996,2897,2950,71052
2000-02-03,1254,2958,3011,2890,2920,65910
2000-02-04,1254,2958,2958,2958,2958,0
2000-02-07,1259,2969,3019,2935,2958,50751
2000-02-08,1252,2954,2988,2920,2958,80279
2000-02-09,1222,2882,2981,2844,2969,61033
2000-02-10,1109,2617,2844,2510,2844,83706
2000-02-11,1061,2503,2617,2427,2617,103084
2000-02-14,997,2351,2480,2283,2290,88979
2000-02-15,971,2290,2419,2275,2275,54442
2000-02-16,993,2344,2389,2275,2321,75797
2000-02-17,943,2226,2313,2215,2313,50224
2000-02-18,918,2165,2332,2162,2207,89375
2000-02-21,858,2025,2336,2010,2165,85025
2000-02-22,836,1972,2101,1904,2017,72106
2000-02-23,961,2268,2268,2010,2033,105984
2000-02-24,884,2086,2290,2048,2275,80411
2000-02-25,906,2139,2275,2048,2086,83706
2000-02-28,900,2124,2162,2048,2131,63142
2000-02-29,932,2199,2321,2139,2207,68283
2000-03-01,932,2199,2199,2199,2199,0
2000-03-02,958,2260,2351,2124,2127,84102
2000-03-03,919,2169,2313,2169,2313,67229
2000-03-06,979,2309,2492,2048,2162,144080
2000-03-07,997,2351,2480,2313,2442,124571
2000-03-08,1122,2647,2704,2480,2480,206564
2000-03-09,1161,2738,2973,2655,2693,235564
2000-03-10,1093,2579,2806,2541,2806,162535
2000-03-13,1077,2541,2708,2473,2522,116793
2000-03-14,1124,2651,2882,2548,2647,215396
2000-03-15,1080,2548,2617,2435,2579,146321
2000-03-16,1090,2571,2730,2404,2647,127735
2000-03-17,1050,2476,2693,2438,2586,162272
2000-03-20,1072,2529,2693,2510,2609,150408
2000-03-21,1006,2374,2567,2275,2567,100448
2000-03-22,1011,2385,2427,2313,2382,146849
2000-03-23,980,2313,2385,2275,2385,138280
2000-03-24,958,2260,2313,2215,2306,115080
2000-03-27,918,2165,2275,2139,2139,82388
2000-03-28,932,2199,2306,2169,2275,115080
2000-03-29,900,2124,2237,2124,2199,83706
2000-03-30,900,2124,2199,2055,2199,57210
2000-03-31,997,2351,2351,2135,2146,80806
2000-04-03,918,2165,2564,2165,2313,374767
2000-04-04,911,2150,2272,2089,2272,121407
2000-04-05,911,2150,2150,2150,2150,0
2000-04-06,897,2116,2158,2059,2097,63274
2000-04-07,897,2116,2177,2055,2055,59979
2000-04-10,1030,2431,2431,2199,2199,281306
2000-04-11,972,2294,2571,2067,2552,119298
2000-04-12,961,2268,2328,2177,2199,74479
2000-04-13,961,2268,2268,2268,2268,0
2000-04-14,964,2275,2351,2131,2131,110334
2000-04-17,884,2086,2234,2070,2070,86343
2000-04-18,910,2146,2199,2086,2124,109807
2000-04-19,900,2124,2192,2101,2101,71447
2000-04-20,903,2131,2275,2063,2127,185999
2000-04-21,892,2105,2154,2086,2101,100975
2000-04-24,894,2108,2199,2101,2127,58265
2000-04-25,869,2052,2086,2029,2029,57869
2000-04-26,847,1998,2093,1919,2086,71315
2000-04-27,800,1888,1972,1794,1907,50092
2000-04-28,820,1934,2017,1835,1888,68942
2000-05-01,820,1934,1934,1934,1934,0
2000-05-02,820,1934,2017,1926,2010,56551
2000-05-03,826,1949,2010,1934,1934,34010
2000-05-04,839,1979,1998,1919,1919,25046
2000-05-05,839,1979,1979,1979,1979,0
2000-05-08,842,1987,2048,1979,1987,54574
2000-05-09,842,1987,1987,1987,1987,0
2000-05-10,1016,2397,2397,2086,2086,269706
2000-05-11,1016,2397,2397,2397,2397,0
2000-05-12,1167,2753,2753,2473,2579,522538
2000-05-15,1183,2791,3110,2658,2806,778667
2000-05-16,1360,3208,3208,2518,2768,769966
2000-05-17,1384,3265,3474,3224,3307,619031
2000-05-18,1334,3148,3178,2882,3178,304375
2000-05-19,1337,3155,3269,2996,3034,224491
2000-05-22,1334,3148,3186,3064,3148,161085
2000-05-23,1415,3337,3444,2958,3110,303847
2000-05-24,1350,3186,3527,3155,3444,1023854
2000-05-25,1318,3110,3311,2996,3117,670969
2000-05-26,1382,3262,3489,3042,3186,691269
2000-05-29,1392,3284,3299,3117,3178,237673
2000-05-30,1392,3284,3284,3284,3284,0
2000-05-31,1415,3337,3793,3337,3641,775898
2000-06-01,1382,3262,3368,3117,3265,290402
2000-06-02,1415,3337,3402,3125,3262,424200
2000-06-05,1627,3838,3838,3481,3481,728706
2000-06-06,1627,3838,3838,3838,3838,0
2000-06-07,1868,4407,4407,3793,3793,988921
2000-06-08,1833,4324,4991,3990,4930,1380957
2000-06-09,1759,4149,4149,3717,3793,625491
2000-06-12,1768,4172,4551,3891,4096,557998
2000-06-13,1559,3679,4248,3550,3944,317689
2000-06-14,1666,3929,4225,3683,3793,578167
2000-06-15,1640,3868,4164,3466,3982,293565
2000-06-16,1569,3701,3793,3565,3717,311888
2000-06-19,1543,3641,3717,3523,3694,206959
2000-06-20,1637,3861,3861,3428,3535,270365
2000-06-21,1588,3747,3906,3641,3861,177167
2000-06-22,1563,3686,3793,3603,3747,114948
2000-06-23,1545,3645,3755,3641,3641,97020
2000-06-26,1518,3580,3648,3413,3413,119034
2000-06-27,1495,3527,3701,3527,3641,100711
2000-06-28,1495,3527,3868,3489,3565,338253
2000-06-29,1510,3561,3565,3413,3565,109675
2000-06-30,1511,3565,3626,3489,3550,118243
2000-07-03,1501,3542,3561,3375,3466,96493
2000-07-04,1415,3337,3595,3337,3489,63933
2000-07-05,1415,3337,3406,3125,3277,91088
2000-07-06,1392,3284,3413,3189,3265,160163
2000-07-07,1461,3447,3641,3303,3375,360267
2000-07-10,1429,3372,3527,3299,3527,122066
2000-07-11,1447,3413,3671,3288,3288,285261
2000-07-12,1350,3186,3478,3186,3413,87661
2000-07-13,1350,3186,3326,3072,3155,126416
2000-07-14,1347,3178,3262,3072,3117,70129
2000-07-17,1347,3178,3178,3178,3178,0
2000-07-18,1254,2958,3224,2882,3087,40205
2000-07-19,1254,2958,3224,2882,3087,40205
2000-07-20,1280,3019,3133,2882,3095,86079
2000-07-21,1254,2958,3072,2844,2844,52992
2000-07-24,1215,2867,2966,2730,2966,62747
2000-07-25,1235,2913,2950,2662,2662,52333
2000-07-26,1222,2882,2916,2784,2844,49565
2000-07-27,1206,2844,2875,2780,2875,52333
2000-07-28,1157,2730,2859,2662,2806,73556
2000-07-31,1144,2700,2742,2541,2541,43369
2000-08-01,1190,2806,2859,2655,2655,407195
2000-08-02,1222,2882,2913,2708,2806,536643
2000-08-03,1238,2920,2950,2867,2913,41260
2000-08-04,1286,3034,3034,2867,2920,62483
2000-08-07,1302,3072,3072,2928,3034,26101
2000-08-08,1312,3095,3148,2966,2966,40601
2000-08-09,1334,3148,3216,3064,3110,54574
2000-08-10,1411,3330,3330,3079,3163,52992
2000-08-11,1399,3299,3375,3197,3201,32296
2000-08-14,1473,3474,3527,3398,3398,55628
2000-08-15,1473,3474,3474,3474,3474,0
2000-08-16,1479,3489,3557,3413,3557,59715
2000-08-17,1474,3478,3508,3417,3489,82784
2000-08-18,1540,3633,3717,3451,3478,123253
2000-08-21,1559,3679,4172,3648,3648,188372
2000-08-22,1543,3641,3701,3489,3679,123516
2000-08-23,1524,3595,3694,3497,3565,39283
2000-08-24,1519,3584,3595,3432,3500,45215
2000-08-25,1532,3614,3614,3444,3444,45874
2000-08-28,1501,3542,3599,3516,3527,46401
2000-08-29,1505,3550,3565,3463,3542,63538
2000-08-30,1543,3641,3755,3550,3580,66042
2000-08-31,1527,3603,3664,3512,3573,33087
2000-09-01,1524,3595,3629,3538,3603,32823
2000-09-04,1540,3633,3686,3565,3610,36910
2000-09-05,1575,3717,3717,3603,3633,51806
2000-09-06,1582,3732,3982,3686,3793,58001
2000-09-07,1556,3671,3732,3607,3732,59451
2000-09-08,1550,3656,3656,3618,3656,26232
2000-09-11,1550,3656,3656,3656,3656,0
2000-09-12,1550,3656,3656,3656,3656,0
2000-09-13,1550,3656,3656,3656,3656,0
2000-09-14,1559,3679,3709,3565,3709,25310
2000-09-15,1510,3561,3671,3542,3671,51278
2000-09-18,1286,3034,3542,3030,3444,81334
2000-09-19,1254,2958,3110,2958,2977,33614
2000-09-20,1286,3034,3034,2920,2920,36383
2000-09-21,1222,2882,3254,2844,2920,58001
2000-09-22,1042,2457,2981,2450,2882,52465
2000-09-25,1042,2457,2503,2355,2363,132348
2000-09-26,1042,2457,2476,2351,2404,90693
2000-09-27,1022,2412,2541,2389,2389,94647
2000-09-28,1022,2412,2461,2332,2412,318480
2000-09-29,1022,2412,2465,2370,2465,96625
2000-10-02,1054,2488,2499,2374,2397,203532
2000-10-03,1054,2488,2488,2488,2488,0
2000-10-04,1164,2746,2859,2503,2571,62220
2000-10-05,1196,2822,2867,2639,2746,231478
2000-10-06,1212,2859,2897,2791,2844,41128
2000-10-09,1170,2761,2859,2700,2859,31769
2000-10-10,1157,2730,2768,2617,2693,38228
2000-10-11,1188,2803,3102,2586,2844,56947
2000-10-12,1190,2806,2806,2510,2510,20828
2000-10-13,1170,2761,2803,2579,2579,47456
2000-10-16,1170,2761,2761,2761,2761,0
2000-10-17,1157,2730,2958,2730,2882,39942
2000-10-18,1190,2806,2806,2617,2768,41392
2000-10-19,1190,2806,2844,2670,2670,32164
2000-10-20,1202,2837,2882,2753,2806,24123
2000-10-23,1190,2806,2837,2730,2837,26232
2000-10-24,1204,2840,2875,2787,2803,49960
2000-10-25,1214,2863,3110,2810,2863,216977
2000-10-26,1222,2882,3034,2806,2897,90034
2000-10-27,1222,2882,2882,2882,2882,0
2000-10-30,1222,2882,2996,2772,2996,64856
2000-10-31,1270,2996,2996,2738,2875,35328
2000-11-01,1302,3072,3072,2932,3034,44687
2000-11-02,1347,3178,3421,2985,3072,150408
2000-11-03,1286,3034,3170,3034,3110,101239
2000-11-06,1268,2992,3095,2897,2897,51278
2000-11-07,1263,2981,3011,2890,2890,16873
2000-11-08,1238,2920,2977,2882,2920,40205
2000-11-09,1222,2882,2950,2837,2920,77379
2000-11-10,1151,2715,2822,2510,2814,126021
2000-11-13,1125,2655,2730,2617,2730,25046
2000-11-14,1133,2674,2730,2586,2586,20432
2000-11-15,1064,2510,2723,2427,2617,104930
2000-11-16,1061,2503,2579,2435,2469,32955
2000-11-17,1038,2450,2503,2431,2480,25310
2000-11-20,1034,2438,2438,2321,2416,17137
2000-11-21,964,2275,2416,2268,2416,25178
2000-11-22,1109,2617,2617,2124,2222,142762
2000-11-23,997,2351,2492,2351,2351,40074
2000-11-24,997,2351,2412,2207,2207,32823
2000-11-27,1042,2457,2465,2275,2275,41128
2000-11-28,1035,2442,2825,2366,2465,288820
2000-11-29,1013,2389,2465,2306,2465,30978
2000-11-30,1013,2389,2404,2321,2321,49433
2000-12-01,1016,2397,2404,2283,2283,8305
2000-12-04,1016,2397,2480,2351,2351,10546
2000-12-05,1058,2495,2503,2412,2412,47192
2000-12-06,1051,2480,2647,2404,2518,392299
2000-12-07,1074,2533,2533,2419,2423,148826
2000-12-08,1061,2503,2571,2435,2435,90693
2000-12-11,1071,2526,2556,2495,2503,41787
2000-12-12,1071,2526,2655,2514,2526,50883
2000-12-13,1080,2548,2548,2503,2507,25573
2000-12-14,1109,2617,2768,2503,2647,437646
2000-12-15,1109,2617,2693,2529,2693,48906
2000-12-18,1112,2624,2639,2541,2556,83179
2000-12-19,1090,2571,2662,2518,2556,128130
2000-12-20,1090,2571,2579,2507,2507,31769
2000-12-21,1087,2564,2602,2503,2503,171367
2000-12-22,1098,2590,2594,2503,2583,120353
2000-12-26,1154,2723,2723,2541,2541,50487
2001-01-02,1136,2681,2950,2579,2579,129185
2001-01-03,1124,2651,2670,2564,2670,350512
2001-01-04,1156,2727,2791,2655,2670,264301
2001-01-05,1188,2803,2996,2693,2738,560635
2001-01-08,1125,2655,2791,2655,2765,133798
2001-01-09,1091,2575,2617,2492,2617,207618
2001-01-10,1088,2567,2617,2503,2602,78433
2001-01-11,1106,2609,2609,2488,2564,68547
2001-01-12,1099,2594,2806,2583,2583,173476
2001-01-15,1091,2575,2602,2518,2583,80806
2001-01-16,1059,2499,2579,2469,2522,66965
2001-01-17,1077,2541,2564,2465,2465,122857
2001-01-18,1080,2548,2617,2435,2507,75138
2001-01-19,1093,2579,2602,2473,2473,57869
2001-01-22,1109,2617,2799,2579,2579,1085019
2001-01-26,1075,2537,2738,2465,2662,373713
2001-01-29,1059,2499,2571,2427,2571,281965
2001-01-30,1022,2412,2510,2412,2488,354203
2001-01-31,988,2332,2416,2268,2363,365144
2001-02-01,964,2275,2328,2275,2321,138939
2001-02-02,950,2241,2313,2241,2306,165435
2001-02-05,926,2184,2234,2135,2234,191140
2001-02-06,940,2218,2241,2124,2124,139730
2001-02-07,910,2146,2260,2146,2199,104402
2001-02-08,894,2108,2199,2093,2146,168335
2001-02-09,932,2199,2199,2093,2143,232928
2001-02-12,964,2275,2351,2139,2162,248483
2001-02-13,953,2249,2336,2199,2313,84893
2001-02-14,964,2275,2336,2215,2234,215132
2001-02-15,939,2215,2306,2188,2306,82124
2001-02-16,923,2177,2222,2158,2199,50224
2001-02-19,902,2127,2139,2116,2116,69865
2001-02-20,923,2177,2177,2116,2131,78697
2001-02-21,913,2154,2169,2124,2169,50619
2001-02-22,905,2135,2154,2116,2154,52069
2001-02-23,908,2143,2177,2135,2139,95570
2001-02-26,945,2230,2298,2146,2199,251383
2001-02-27,939,2215,2268,2162,2268,146321
2001-02-28,911,2150,2196,2131,2196,112971
2001-03-02,884,2086,2162,2074,2162,124044
2001-03-05,839,1979,2002,1843,1957,102952
2001-03-06,831,1960,2078,1957,1957,50224
2001-03-07,831,1960,2055,1945,1979,73029
2001-03-08,828,1953,2010,1942,1942,176772
2001-03-09,829,1957,1976,1942,1960,98207
2001-03-12,804,1896,1930,1873,1930,47851
2001-03-13,762,1797,1850,1752,1843,77115
2001-03-15,789,1862,1862,1748,1790,255205
2001-03-16,836,1972,1972,1873,1949,91484
2001-03-19,828,1953,1960,1885,1896,40205
2001-03-20,847,1998,1998,1934,1945,63670
2001-03-21,850,2006,2010,1934,1968,55365
2001-03-22,816,1926,1979,1926,1968,120748
2001-03-23,813,1919,1957,1885,1934,50619
2001-03-26,820,1934,2010,1904,1942,610595
2001-03-27,787,1858,1930,1847,1930,238728
2001-03-28,808,1907,1923,1885,1888,453728
2001-03-29,845,1995,2048,1892,1896,505797
2001-03-30,911,2150,2237,2017,2017,828363
2001-04-02,932,2199,2260,2097,2162,625622
2001-04-03,913,2154,2173,2097,2165,264433
2001-04-04,906,2139,2177,2108,2108,201554
2001-04-06,905,2135,2180,2124,2180,192590
2001-04-09,926,2184,2184,2078,2135,214209
2001-04-10,947,2234,2328,2192,2207,275901
2001-04-11,952,2245,2283,2222,2272,128262
2001-04-12,979,2309,2366,2215,2237,364221
2001-04-13,1025,2419,2457,2317,2347,433559
2001-04-16,980,2313,2393,2294,2393,504215
2001-04-17,974,2298,2351,2260,2309,233850
2001-04-18,955,2253,2313,2253,2298,194568
2001-04-19,1029,2427,2427,2237,2253,603608
2001-04-20,1128,2662,2708,2427,2457,1287232
2001-04-23,1148,2708,2829,2624,2799,1113492
2001-04-24,1125,2655,2730,2636,2708,259819
2001-04-25,1116,2632,2723,2590,2655,167017
2001-04-26,1116,2632,2723,2590,2655,167017
2001-04-27,1093,2579,2647,2564,2602,130635
2001-04-30,1156,2727,2727,2503,2586,225809
2001-05-02,1151,2715,2730,2639,2693,188372
2001-05-03,1109,2617,2712,2602,2658,127207
2001-05-04,1119,2639,2655,2560,2579,157526
2001-05-07,1061,2503,2632,2427,2632,235828
2001-05-08,1022,2412,2533,2412,2503,241760
2001-05-09,971,2290,2423,2230,2423,116530
2001-05-10,916,2162,2344,2154,2344,185472
2001-05-11,926,2184,2226,2162,2169,81070
2001-05-14,947,2234,2249,2184,2184,65515
2001-05-15,950,2241,2272,2184,2237,111784
2001-05-16,945,2230,2268,2218,2234,44819
2001-05-17,980,2313,2313,2222,2237,50224
2001-05-18,988,2332,2336,2260,2313,61033
2001-05-21,1045,2465,2571,2359,2412,620877
2001-05-22,1042,2457,2488,2359,2465,194304
2001-05-23,1035,2442,2567,2442,2457,253360
2001-05-24,1035,2442,2480,2382,2389,243737
2001-05-25,1059,2499,2518,2427,2427,215000
2001-05-28,1217,2871,2871,2510,2510,3139581
2001-05-29,1399,3299,3299,2920,3026,808458
2001-05-30,1415,3337,3550,3299,3413,965589
2001-05-31,1431,3375,3383,3148,3148,407327
2001-06-01,1447,3413,3641,3375,3413,725147
2001-06-04,1575,3717,3770,3451,3451,490110
2001-06-05,1575,3717,3747,3603,3603,268915
2001-06-07,1656,3906,3975,3793,3793,309911
2001-06-08,1801,4248,4437,3755,3906,625227
2001-06-11,1752,4134,4286,4096,4096,270101
2001-06-12,1756,4141,4248,4104,4248,236091
2001-06-13,1752,4134,4286,3982,4134,298443
2001-06-14,1759,4149,4248,4066,4066,127735
2001-06-15,1833,4324,4384,4058,4058,324016
2001-06-18,1994,4703,4703,4361,4377,265224
2001-06-19,1994,4703,4855,4627,4741,273265
2001-06-20,1965,4635,4733,4248,4733,221196
2001-06-21,1961,4627,4817,4551,4665,196281
2001-06-22,1871,4415,4665,4415,4627,155417
2001-06-25,1823,4301,4415,4172,4415,422354
2001-06-26,1849,4361,4453,4134,4134,170840
2001-06-27,1801,4248,4551,4210,4551,200500
2001-06-28,1846,4354,4377,4149,4210,203663
2001-06-29,1958,4619,4627,4324,4324,230819
2001-07-02,1916,4521,4688,4521,4627,114552
2001-07-03,1945,4589,4619,4415,4415,110466
2001-07-04,1974,4657,4779,4574,4612,203136
2001-07-05,1987,4688,4718,4581,4657,121803
2001-07-06,1949,4597,4680,4475,4589,166885
2001-07-09,1810,4270,4415,4058,4399,156735
2001-07-10,1913,4513,4513,4248,4331,147640
2001-07-11,1884,4445,4506,4248,4399,81993
2001-07-12,1952,4604,4619,4263,4263,128394
2001-07-13,1913,4513,4779,4460,4779,93329
2001-07-16,1868,4407,4551,4407,4460,80806
2001-07-18,1871,4415,4642,4331,4581,375163
2001-07-19,1865,4399,4468,4286,4354,135776
2001-07-20,1926,4544,4551,4270,4301,324675
2001-07-23,1640,3868,4513,3868,4437,140785
2001-07-24,1395,3292,3679,3292,3292,433559
2001-07-25,1186,2799,3224,2799,3208,1077637
2001-07-26,1257,2966,2966,2693,2852,325334
2001-07-27,1286,3034,3034,2882,2882,414973
2001-07-30,1228,2897,3095,2897,3057,344316
2001-07-31,1173,2768,2943,2768,2943,363167
2001-08-01,1231,2905,2996,2806,2859,757839
2001-08-02,1206,2844,2973,2708,2958,925515
2001-08-03,1206,2844,2856,2742,2844,365012
2001-08-06,1218,2875,2935,2791,2829,696015
2001-08-07,1317,3106,3186,2810,2810,1198780
2001-08-08,1296,3057,3174,3042,3148,666882
2001-08-09,1244,2935,3023,2890,2966,248483
2001-08-10,1246,2939,2988,2878,2939,166490
2001-08-13,1366,3224,3337,2920,2973,769703
2001-08-14,1363,3216,3398,3079,3155,999335
2001-08-16,1397,3296,3406,3193,3216,918661
2001-08-17,1373,3239,3337,3189,3296,434746
2001-08-20,1286,3034,3220,2973,3140,279065
2001-08-21,1309,3087,3102,2920,3030,190877
2001-08-22,1325,3125,3428,3034,3087,1087787
2001-08-23,1318,3110,3216,2996,3178,248219
2001-08-24,1302,3072,3079,2920,3053,220405
2001-08-27,1286,3034,3246,3007,3007,340757
2001-08-28,1241,2928,3091,2924,2996,142103
2001-08-29,1183,2791,2913,2602,2913,191404
2001-08-30,1286,3034,3034,2632,2715,382413
2001-08-31,1222,2882,2988,2768,2882,332584
2001-09-03,1222,2882,2935,2768,2920,153044
2001-09-04,1238,2920,2924,2814,2882,127471
2001-09-05,1239,2924,3079,2814,2814,316766
2001-09-06,1238,2920,3015,2882,2958,326916
2001-09-07,1310,3091,3186,2935,2935,746634
2001-09-10,1304,3076,3148,3034,3064,268915
2001-09-11,1286,3034,3186,2977,3148,193118
2001-09-12,1093,2579,2579,2579,2579,16609
2001-09-13,1167,2753,2799,2518,2579,394804
2001-09-14,1148,2708,2753,2344,2681,441996
2001-09-17,1093,2579,2708,2359,2708,192063
2001-09-18,1167,2753,2806,2586,2586,414182
2001-09-19,1190,2806,2897,2693,2730,852618
2001-09-20,1186,2799,2844,2723,2803,268651
2001-09-21,1178,2780,2791,2658,2696,167544
2001-09-25,1212,2859,2958,2791,2882,441469
2001-09-26,1318,3110,3110,2882,2882,334298
2001-09-27,1305,3079,3148,2973,3140,481410
2001-10-04,1447,3413,3565,3413,3565,281438
2001-10-05,1450,3421,3440,3277,3337,558526
2001-10-08,1440,3398,3527,3269,3337,238860
2001-10-09,1444,3406,3459,3368,3413,123253
2001-10-10,1434,3383,3444,3322,3406,292379
2001-10-11,1482,3497,3717,3413,3478,799758
2001-10-12,1540,3633,3633,3428,3535,317952
2001-10-15,1489,3512,3626,3508,3626,275374
2001-10-16,1495,3527,3569,3447,3459,269442
2001-10-17,1477,3485,3610,3485,3493,174663
2001-10-18,1416,3341,3459,3277,3277,174004
2001-10-19,1429,3372,3428,3337,3345,116398
2001-10-22,1431,3375,3383,3311,3311,49697
2001-10-23,1434,3383,3413,3326,3326,81861
2001-10-24,1421,3353,3413,3330,3375,141576
2001-10-25,1431,3375,3375,3265,3307,80411
2001-10-26,1408,3322,3368,3262,3360,131162
2001-10-29,1382,3262,3322,3220,3322,97943
2001-10-30,1376,3246,3284,3186,3227,38360
2001-10-31,1365,3220,3337,3186,3337,681910
2001-11-01,1373,3239,3239,3178,3193,73029
2001-11-02,1373,3239,3262,3163,3208,136962
2001-11-05,1370,3231,3258,3186,3186,57606
2001-11-06,1399,3299,3299,3224,3254,106248
2001-11-07,1391,3280,3322,3227,3299,53256
2001-11-08,1379,3254,3262,3224,3239,406800
2001-11-12,1432,3379,3409,3307,3406,94252
2001-11-13,1432,3379,3390,3337,3341,90429
2001-11-14,1511,3565,3603,3277,3398,394408
2001-11-15,1495,3527,3603,3451,3489,373713
2001-11-16,1551,3660,3660,3474,3565,251383
2001-11-19,1551,3660,3777,3603,3610,154362
2001-11-20,1542,3637,3709,3535,3603,133930
2001-11-21,1524,3595,3633,3542,3603,69074
2001-11-22,1524,3595,3633,3508,3538,78038
2001-11-23,1538,3629,3629,3489,3504,144608
2001-11-26,1640,3868,3944,3565,3565,324016
2001-11-27,1603,3781,3937,3698,3937,256919
2001-11-28,1532,3614,3755,3557,3755,117848
2001-11-29,1498,3535,3618,3474,3538,101370
2001-11-30,1489,3512,3614,3436,3504,94252
2001-12-03,1447,3413,3512,3360,3512,100448
2001-12-04,1452,3425,3455,3345,3447,169126
2001-12-05,1444,3406,3451,3364,3379,122594
2001-12-06,1511,3565,3565,3398,3413,182177
2001-12-07,1506,3554,3561,3463,3493,49697
2001-12-10,1447,3413,3546,3413,3527,65383
2001-12-11,1444,3406,3406,3349,3364,43369
2001-12-12,1428,3368,3432,3345,3406,46269
2001-12-13,1453,3428,3481,3375,3383,53783
2001-12-14,1445,3409,3451,3364,3398,46928
2001-12-17,1421,3353,3409,3262,3409,24651
2001-12-18,1408,3322,3353,3284,3299,27287
2001-12-19,1376,3246,3307,3186,3277,58792
2001-12-20,1405,3315,3315,3182,3182,206300
2001-12-21,1405,3315,3337,3262,3265,37174
2001-12-24,1440,3398,3432,3273,3273,41524
2001-12-26,1456,3436,3542,3387,3413,38492
2001-12-27,1599,3444,3481,3299,3299,63538
2001-12-28,1673,3603,3603,3417,3444,196809
2002-01-02,1656,3565,3603,3497,3565,41919
2002-01-04,1592,3428,3527,3387,3504,47587
2002-01-07,1594,3432,3474,3402,3413,48510
2002-01-08,1603,3451,3588,3337,3360,126285
2002-01-09,1552,3341,3466,3292,3444,76983
2002-01-10,1532,3299,3485,3201,3330,132085
2002-01-11,1532,3299,3372,3212,3337,65515
2002-01-14,1487,3201,3235,3193,3224,39678
2002-01-15,1427,3072,3220,3072,3155,62088
2002-01-16,1443,3106,3121,2985,3121,54969
2002-01-17,1391,2996,3068,2996,3068,31242
2002-01-18,1360,2928,3072,2928,3072,31505
2002-01-21,1391,2996,2996,2905,2988,37305
2002-01-22,1360,2928,3034,2806,3026,148958
2002-01-23,1335,2875,2928,2818,2928,127471
2002-01-24,1406,3026,3042,2882,2920,359740
2002-01-25,1615,3478,3478,3034,3072,1665822
2002-01-28,1649,3550,3709,3512,3565,472842
2002-01-29,1613,3474,3542,3375,3542,181122
2002-01-30,1543,3322,3413,3208,3375,162008
2002-02-01,1557,3353,3413,3262,3375,490770
2002-02-04,1603,3451,3557,3299,3375,680196
2002-02-05,1596,3436,3519,3345,3375,214868
2002-02-06,1610,3466,3603,3413,3436,1447131
2002-02-07,1670,3595,3709,3489,3561,747952
2002-02-08,1684,3626,3652,3565,3641,319930
2002-02-14,1733,3732,3830,3660,3679,517661
2002-02-15,1797,3868,3891,3701,3701,628391
2002-02-18,1825,3929,4043,3838,3838,555098
2002-02-19,1797,3868,3982,3846,3952,175454
2002-02-20,1761,3793,3846,3755,3846,360926
2002-02-21,1790,3853,3868,3717,3724,232796
2002-02-22,1776,3823,3830,3739,3800,96229
2002-02-25,1754,3777,3853,3755,3815,111784
2002-02-26,1765,3800,3800,3671,3800,180463
2002-02-27,1793,3861,4066,3724,3755,684019
2002-02-28,1850,3982,4005,3724,3861,366067
2002-03-04,1998,4301,4574,4020,4058,1838903
2002-03-05,2040,4392,4673,4369,4399,1050745
2002-03-06,2075,4468,4604,4324,4361,615209
2002-03-07,2079,4475,4581,4399,4468,423936
2002-03-08,2072,4460,4536,4354,4475,203268
2002-03-11,2040,4392,4475,4263,4422,306220
2002-03-12,2029,4369,4369,4248,4324,184945
2002-03-13,2142,4612,4665,4399,4407,353939
2002-03-14,2146,4619,4779,4551,4665,280251
2002-03-15,2237,4817,4930,4581,4612,411282
2002-03-18,2325,5006,5196,4771,4946,470469
2002-03-19,2297,4946,5234,4938,5234,415763
2002-03-20,2272,4893,5006,4817,4961,237146
2002-03-21,2220,4779,4847,4688,4779,227655
2002-03-22,2174,4680,4741,4566,4680,278010
2002-03-25,2195,4726,4968,4703,4741,271551
2002-03-26,2167,4665,4771,4589,4635,130635
2002-03-27,2167,4665,4779,4604,4604,200236
2002-03-28,2149,4627,4733,4597,4627,174004
2002-03-29,2184,4703,4703,4437,4627,224491
2002-04-01,2167,4665,4718,4589,4627,123253
2002-04-02,2170,4673,4703,4589,4665,143421
2002-04-03,2181,4695,4695,4581,4665,286579
2002-04-04,2265,4877,4930,4574,4930,2507763
2002-04-08,2258,4862,4938,4680,4855,539543
2002-04-09,2227,4794,4885,4741,4847,719874
2002-04-10,2202,4741,4779,4627,4703,387158
2002-04-11,2220,4779,4809,4551,4551,173872
2002-04-12,2237,4817,4968,4726,4855,262456
2002-04-15,2269,4885,4893,4756,4817,143685
2002-04-16,2244,4832,4930,4832,4930,166754
2002-04-17,2244,4832,4885,4741,4832,235300
2002-04-18,2184,4703,4855,4574,4741,395199
2002-04-19,2149,4627,4718,4468,4597,292774
2002-04-22,2061,4437,4642,4377,4551,172554
2002-04-23,1754,3777,4324,3777,4293,1058523
2002-04-24,1772,3815,3815,3504,3717,418532
2002-04-25,1726,3717,3717,3436,3607,368176
2002-04-26,1761,3793,3868,3535,3535,193777
2002-04-29,1659,3573,3777,3573,3679,273792
2002-04-30,1613,3474,3489,3307,3307,220141
2002-05-02,1615,3478,3603,3421,3474,94779
2002-05-03,1554,3345,3474,3345,3349,119034
2002-05-06,1554,3345,3413,3269,3307,84629
2002-05-07,1532,3299,3375,3299,3345,44028
2002-05-08,1620,3489,3519,3315,3322,94647
2002-05-09,1656,3565,3709,3512,3565,61956
2002-05-10,1638,3527,3603,3489,3527,63670
2002-05-13,1631,3512,3580,3447,3489,95175
2002-05-14,1673,3603,3739,3512,3535,148562
2002-05-15,1726,3717,3747,3565,3565,94779
2002-05-16,1730,3724,3823,3717,3717,114157
2002-05-17,1723,3709,3846,3694,3739,67229
2002-05-20,1666,3588,3739,3167,3739,56815
2002-05-21,1635,3519,3633,3451,3512,49565
2002-05-22,1617,3481,3489,3417,3417,54310
2002-05-23,1612,3470,3550,3398,3413,46137
2002-05-24,1596,3436,3489,3375,3398,80543
2002-05-27,1585,3413,3478,3360,3436,23991
2002-05-28,1592,3428,3466,3360,3466,38228
2002-05-29,1620,3489,3557,3398,3428,142235
2002-05-30,1666,3588,3648,3421,3421,139467
2002-05-31,1638,3527,3633,3527,3588,70656
2002-06-03,1603,3451,3557,3436,3474,54178
2002-06-04,1613,3474,3474,3375,3375,44819
2002-06-05,1603,3451,3527,3428,3451,27419
2002-06-07,1652,3557,3694,3406,3413,45478
2002-06-10,1684,3626,3641,3485,3485,37701
2002-06-11,1649,3550,3671,3531,3565,31901
2002-06-12,1670,3595,3603,3489,3603,14237
2002-06-14,1645,3542,3595,3527,3595,23069
2002-06-17,1585,3413,3565,3406,3500,64460
2002-06-18,1585,3413,3474,3413,3421,41919
2002-06-19,1557,3353,3444,3353,3421,79752
2002-06-20,1569,3379,3432,3353,3353,36514
2002-06-21,1585,3413,3413,3337,3337,102952
2002-06-24,1585,3413,3444,3360,3428,81729
2002-06-25,1585,3413,3444,3398,3444,112048
2002-06-26,1568,3375,3398,3277,3390,135380
2002-06-27,1568,3375,3485,3337,3375,67888
2002-06-28,1631,3512,3535,3337,3337,163063
2002-07-02,1663,3580,3588,3451,3588,45478
2002-07-03,1663,3580,3580,3512,3573,35723
2002-07-04,1649,3550,3588,3527,3588,57342
2002-07-05,1652,3557,3641,3489,3527,147508
2002-07-08,1550,3337,3641,3042,3565,271551
2002-07-09,1522,3277,3322,3163,3262,210123
2002-07-10,1465,3155,3269,3072,3269,284206
2002-07-11,1455,3133,3155,3083,3117,74743
2002-07-12,1455,3133,3144,3072,3133,86738
2002-07-15,1409,3034,3072,3004,3034,884387
2002-07-16,1319,2840,3064,2840,3034,174399
2002-07-18,1324,2852,2916,2829,2875,97679
2002-07-19,1258,2708,2765,2571,2765,225809
2002-07-22,1131,2435,2602,2435,2518,783149
2002-07-23,1155,2488,2526,2321,2351,876214
2002-07-24,1081,2328,2450,2328,2400,86079
2002-07-25,1083,2332,2457,2332,2419,115475
2002-07-26,1076,2317,2355,2211,2317,123516
2002-07-29,1032,2222,2344,2222,2249,75138
2002-07-30,1134,2442,2495,2275,2442,450960
2002-07-31,1111,2393,2495,2366,2442,127603
2002-08-01,1092,2351,2427,2321,2393,66174
2002-08-02,1124,2419,2465,2253,2427,236223
2002-08-05,1092,2351,2670,2351,2419,506984
2002-08-06,1118,2408,2495,2321,2351,305825
2002-08-07,1138,2450,2533,2427,2533,182836
2002-08-08,1307,2814,2814,2480,2503,480883
2002-08-09,1289,2776,2859,2693,2844,284997
2002-08-12,1321,2844,2909,2776,2776,223437
2002-08-13,1282,2761,2867,2761,2814,186395
2002-08-14,1247,2685,2761,2598,2700,182968
2002-08-16,1201,2586,2708,2526,2655,124834
2002-08-19,1162,2503,2624,2495,2503,207091
2002-08-20,1203,2590,2598,2503,2541,331266
2002-08-21,1208,2602,2677,2583,2583,206695
2002-08-22,1198,2579,2632,2579,2632,170313
2002-08-26,1212,2609,2677,2590,2632,148826
2002-08-27,1205,2594,2693,2586,2662,141971
2002-08-28,1231,2651,2681,2579,2617,256260
2002-08-29,1215,2617,2685,2617,2651,148299
2002-08-30,1240,2670,2730,2624,2658,295938
2002-09-02,1317,2837,2882,2730,2730,475083
2002-09-03,1293,2784,2882,2768,2867,331003
2002-09-04,1266,2727,2791,2693,2708,190613
2002-09-05,1296,2791,2878,2753,2768,306220
2002-09-06,1233,2655,2791,2655,2734,131557
2002-09-09,1129,2431,2693,2431,2670,138808
2002-09-10,1148,2473,2488,2427,2431,91879
2002-09-11,1162,2503,2579,2442,2473,103348
2002-09-12,1173,2526,2579,2465,2465,80938
2002-09-13,1143,2461,2480,2450,2450,53783
2002-09-16,1138,2450,2495,2431,2495,56815
2002-09-17,1161,2499,2526,2465,2465,47060
2002-09-18,1145,2465,2503,2446,2480,35723
2002-09-19,1138,2450,2495,2442,2457,40733
2002-09-23,1095,2359,2438,2355,2435,41787
2002-09-24,1071,2306,2382,2306,2313,58529
2002-09-25,1064,2290,2306,2268,2290,102425
2002-09-26,1065,2294,2370,2290,2321,60374
2002-09-27,1085,2336,2359,2294,2294,42974
2002-09-30,1057,2275,2306,2245,2306,99788
2002-10-01,1057,2275,2336,2215,2215,59979
2002-10-02,1046,2253,2344,2253,2344,52465
2002-10-04,1060,2283,2344,2215,2237,71315
2002-10-07,1055,2272,2298,2199,2260,108489
2002-10-08,1046,2253,2264,2207,2215,40996
2002-10-09,1030,2218,2283,2199,2230,95043
2002-10-10,1004,2162,2215,2048,2184,154890
2002-10-11,1007,2169,2253,2154,2253,83443
2002-10-14,1028,2215,2245,2169,2245,76193
2002-10-15,1057,2275,2313,2199,2253,79752
2002-10-16,1057,2275,2328,2268,2313,155812
2002-10-17,1060,2283,2294,2253,2260,39151
2002-10-18,1110,2389,2408,2302,2302,102952
2002-10-21,1088,2344,2492,2344,2427,244001
2002-10-22,1088,2344,2389,2321,2389,123121
2002-10-23,1111,2393,2412,2328,2389,134853
2002-10-24,1117,2404,2457,2366,2397,218032
2002-10-25,1118,2408,2438,2328,2328,77379
2002-10-28,1134,2442,2442,2389,2389,69470
2002-10-29,1178,2537,2537,2427,2427,278801
2002-10-30,1162,2503,2541,2435,2503,136039
2002-10-31,1187,2556,2556,2473,2473,52728
2002-11-01,1198,2579,2609,2510,2533,100316
2002-11-04,1231,2651,2677,2586,2586,95307
2002-11-05,1233,2655,2677,2617,2655,43501
2002-11-06,1247,2685,2685,2639,2677,87661
2002-11-07,1236,2662,2708,2655,2655,86606
2002-11-08,1250,2693,2700,2594,2609,153703
2002-11-11,1235,2658,2730,2655,2655,97548
2002-11-12,1233,2655,2685,2579,2586,119693
2002-11-13,1268,2730,2746,2617,2655,135248
2002-11-14,1240,2670,2814,2655,2738,177827
2002-11-15,1286,2768,2784,2708,2784,150408
2002-11-18,1277,2749,2768,2730,2730,58660
2002-11-19,1268,2730,2768,2715,2753,96888
2002-11-20,1280,2757,2806,2723,2746,128130
2002-11-21,1300,2799,2806,2742,2768,90297
2002-11-22,1314,2829,2837,2772,2806,84893
2002-11-25,1328,2859,2905,2837,2905,77115
2002-11-26,1312,2825,2859,2795,2822,161217
2002-11-27,1321,2844,2844,2780,2780,56551
2002-11-28,1317,2837,2875,2814,2844,106380
2002-11-29,1302,2803,2833,2784,2806,61824
2002-12-03,1302,2803,2829,2787,2787,42051
2002-12-04,1307,2814,2840,2749,2791,761530
2002-12-05,1321,2844,2859,2799,2837,164117
2002-12-06,1312,2825,2840,2810,2825,61956
2002-12-09,1337,2878,2894,2822,2844,99261
2002-12-10,1356,2920,2920,2844,2867,59715
2002-12-11,1353,2913,2939,2886,2886,41655
2002-12-12,1391,2996,3019,2905,2905,116793
2002-12-13,1381,2973,3004,2928,2958,77511
2002-12-16,1351,2909,2935,2897,2913,37569
2002-12-17,1365,2939,2958,2913,2913,40865
2002-12-18,1409,3034,3034,2894,2894,75665
2002-12-20,1421,3060,3072,3015,3042,101239
2002-12-23,1398,3011,3148,2947,3072,149617
2002-12-24,1381,2973,3042,2882,2996,158185
2002-12-26,1365,2939,2950,2882,2950,350776
2002-12-27,1476,2799,2837,2579,2761,129580
2002-12-30,1336,2533,2655,2382,2632,135512
2003-01-02,1336,2533,2541,2412,2412,160426
2003-01-03,1332,2526,2560,2518,2545,85156
2003-01-06,1320,2503,2541,2461,2541,94779
2003-01-07,1304,2473,2541,2389,2480,58265
2003-01-08,1292,2450,2480,2389,2480,110993
2003-01-09,1276,2419,2446,2317,2382,157262
2003-01-10,1254,2378,2423,2336,2423,44028
2003-01-13,1232,2336,2355,2275,2351,42974
2003-01-14,1222,2317,2351,2298,2344,238201
2003-01-15,1224,2321,2370,2306,2340,39151
2003-01-16,1212,2298,2336,2290,2321,18850
2003-01-17,1196,2268,2298,2249,2249,33351
2003-01-20,1196,2268,2268,2207,2253,27287
2003-01-21,1170,2218,2309,2218,2309,18455
2003-01-22,1148,2177,2218,2131,2207,35987
2003-01-23,1240,2351,2351,2108,2215,28605
2003-01-24,1140,2162,2328,2162,2222,38755
2003-01-27,1088,2063,2268,2063,2086,276692
2003-01-28,1094,2074,2116,2025,2025,19510
2003-01-29,1088,2063,2222,2063,2086,71315
2003-01-30,1120,2124,2131,2036,2036,30846
2003-02-03,1092,2070,2143,2070,2089,27551
2003-02-04,1102,2089,2124,2078,2086,31637
2003-02-05,1102,2089,2131,2067,2067,12391
2003-02-06,1096,2078,2097,2048,2078,28869
2003-02-07,1070,2029,2070,2017,2040,23860
2003-02-10,1048,1987,2070,1976,2002,13578
2003-02-11,1032,1957,2097,1896,2006,88584
2003-02-12,1010,1915,1964,1858,1926,355521
2003-02-13,1002,1900,1964,1858,1888,151199
2003-02-14,1040,1972,1976,1858,1866,95438
2003-02-17,1098,2082,2116,2002,2010,119298
2003-02-18,1086,2059,2101,2036,2089,36251
2003-02-19,1088,2063,2101,2059,2070,34933
2003-02-20,1104,2093,2105,2048,2059,30187
2003-02-21,1116,2116,2139,2074,2139,19114
2003-02-24,1120,2124,2177,2097,2124,51542
2003-02-25,1108,2101,2116,2086,2116,22146
2003-02-26,1092,2070,2120,2067,2074,22146
2003-02-27,1092,2070,2086,2040,2044,19246
2003-02-28,1092,2070,2116,2040,2116,9887
2003-03-03,1082,2052,2082,2021,2021,6855
2003-03-04,1066,2021,2070,2021,2040,16873
2003-03-05,1036,1964,2040,1957,2021,14896
2003-03-06,1040,1972,1987,1873,1964,26628
2003-03-07,1032,1957,1972,1907,1972,32560
2003-03-10,1012,1919,1957,1911,1957,11600
2003-03-11,1008,1911,1930,1888,1896,6723
2003-03-12,1000,1896,2086,1858,1858,139203
2003-03-13,980,1858,1900,1820,1888,50487
2003-03-14,982,1862,1923,1862,1907,53388
2003-03-17,960,1820,1866,1775,1866,33219
2003-03-18,1038,1968,1968,1828,1843,54442
2003-03-19,1020,1934,1991,1926,1926,18455
2003-03-20,1064,2017,2048,1972,2010,67229
2003-03-21,1064,2017,2033,1964,2021,66570
2003-03-24,1080,2048,2078,1995,2025,47587
2003-03-25,1040,1972,2025,1896,2025,25441
2003-03-26,1048,1987,2063,1957,1957,105325
2003-03-27,1030,1953,2010,1926,1987,649746
2003-03-28,1032,1957,2017,1926,2017,12523
2003-03-31,1002,1900,1972,1900,1949,32692
2003-04-01,1002,1900,1907,1858,1869,81861
2003-04-02,1012,1919,1930,1869,1904,112048
2003-04-03,1036,1964,1979,1934,1968,107170
2003-04-04,1078,2044,2044,1919,1934,137226
2003-04-07,1204,2283,2283,2063,2063,291456
2003-04-08,1186,2249,2313,2199,2260,275638
2003-04-09,1156,2192,2253,2105,2230,142235
2003-04-10,1134,2150,2188,2124,2124,56683
2003-04-11,1156,2192,2268,2143,2143,124703
2003-04-14,1156,2192,2253,2169,2230,62483
2003-04-15,1168,2215,2230,2184,2230,58133
2003-04-16,1206,2287,2325,2203,2203,181386
2003-04-17,1158,2196,2287,2196,2249,140653
2003-04-18,1156,2192,2230,2184,2222,133798
2003-04-21,1156,2192,2199,2169,2192,53783
2003-04-22,1148,2177,2199,2173,2192,67097
2003-04-23,1150,2180,2203,2177,2192,48510
2003-04-24,1132,2146,2192,2139,2169,59715
2003-04-25,1084,2055,2131,2048,2131,66965
2003-04-28,1088,2063,2070,1979,1979,24123
2003-04-29,1118,2120,2120,2063,2063,39151
2003-04-30,1116,2116,2124,2101,2124,19246
2003-05-02,1104,2093,2124,2086,2124,19114
2003-05-06,1126,2135,2146,2078,2135,11468
2003-05-07,1126,2135,2146,2108,2108,24914
2003-05-09,1154,2188,2230,2146,2146,115475
2003-05-12,1172,2222,2260,2211,2253,59847
2003-05-13,1166,2211,2298,2203,2222,151594
2003-05-14,1166,2211,2230,2173,2173,28078
2003-05-15,1160,2199,2245,2180,2196,50751
2003-05-16,1148,2177,2222,2165,2177,44819
2003-05-19,1140,2162,2192,2146,2192,33219
2003-05-20,1138,2158,2165,2097,2097,21619
2003-05-21,1136,2154,2173,2139,2162,20037
2003-05-22,1180,2237,2245,2135,2154,106116
2003-05-23,1198,2272,2272,2192,2199,96098
2003-05-26,1184,2245,2290,2245,2275,51410
2003-05-27,1178,2234,2268,2207,2268,15291
2003-05-28,1180,2237,2260,2218,2260,18059
2003-05-29,1176,2230,2275,2215,2260,28605
2003-05-30,1164,2207,2230,2203,2230,45610
2003-06-02,1186,2249,2260,2215,2222,45742
2003-06-03,1200,2275,2313,2260,2260,136567
2003-06-04,1200,2275,2313,2249,2313,29792
2003-06-05,1180,2237,2290,2237,2290,37833
2003-06-09,1180,2237,2245,2192,2215,46928
2003-06-10,1152,2184,2226,2184,2199,22410
2003-06-11,1158,2196,2215,2184,2188,32692
2003-06-12,1160,2199,2298,2177,2211,286315
2003-06-13,1208,2290,2306,2253,2253,106643
2003-06-16,1188,2253,2290,2253,2283,42315
2003-06-17,1212,2298,2298,2272,2283,117980
2003-06-18,1212,2298,2340,2260,2298,56024
2003-06-19,1204,2283,2313,2283,2313,24914
2003-06-20,1240,2351,2427,2253,2260,860923
2003-06-23,1236,2344,2450,2344,2450,174663
2003-06-24,1292,2450,2526,2313,2344,203400
2003-06-25,1268,2404,2480,2389,2450,87529
2003-06-26,1212,2298,2427,2298,2423,154758
2003-06-27,1224,2321,2321,2279,2298,76324
2003-06-30,1228,2328,2344,2294,2294,43369
2003-07-01,1230,2332,2378,2279,2279,56947
2003-07-02,1220,2313,2366,2302,2366,34669
2003-07-03,1228,2328,2378,2317,2336,123912
2003-07-04,1220,2313,2351,2313,2351,50356
2003-07-07,1220,2313,2344,2302,2344,41524
2003-07-08,1220,2313,2336,2298,2328,74347
2003-07-09,1220,2313,2336,2313,2313,19641
2003-07-10,1222,2317,2355,2313,2313,45478
2003-07-11,1226,2325,2328,2298,2298,97679
2003-07-14,1226,2325,2344,2279,2344,46137
2003-07-15,1216,2306,2328,2294,2325,70788
2003-07-16,1216,2306,2321,2275,2309,65647
2003-07-18,1218,2309,2313,2245,2245,76193
2003-07-21,1208,2290,2321,2275,2321,26232
2003-07-22,1206,2287,2298,2249,2249,50092
2003-07-23,1228,2328,2332,2287,2313,32033
2003-07-24,1240,2351,2385,2313,2328,1335215
2003-07-25,1340,2541,2571,2385,2412,257578
2003-07-28,1342,2545,2617,2518,2617,111652
2003-07-29,1360,2579,2609,2510,2548,40996
2003-07-30,1346,2552,2730,2541,2556,171763
2003-07-31,1336,2533,2609,2518,2526,88979
2003-08-01,1386,2628,2670,2548,2594,97548
2003-08-04,1354,2567,2639,2518,2564,81202
2003-08-05,1340,2541,2594,2541,2548,64329
2003-08-06,1318,2499,2541,2457,2526,70788
2003-08-07,1352,2564,2564,2473,2499,18982
2003-08-08,1342,2545,2605,2488,2564,40865
2003-08-11,1338,2537,2571,2488,2545,26628
2003-08-12,1372,2602,2605,2541,2541,38624
2003-08-13,1570,2977,2988,2609,2609,801604
2003-08-14,1540,2920,2947,2814,2901,84234
2003-08-18,1500,2844,2932,2829,2882,106511
2003-08-19,1460,2768,2878,2768,2878,90297
2003-08-20,1472,2791,2852,2734,2768,44951
2003-08-21,1506,2856,2882,2772,2772,24255
2003-08-22,1520,2882,2920,2844,2859,42710
2003-08-25,1492,2829,2882,2806,2882,40865
2003-08-26,1510,2863,2882,2806,2829,11732
2003-08-27,1560,2958,2973,2844,2882,80411
2003-08-28,1596,3026,3133,2920,2996,185868
2003-08-29,1578,2992,3087,2886,3087,31373
2003-09-01,1552,2943,3057,2943,2958,56947
2003-09-02,1580,2996,2996,2943,2943,24123
2003-09-03,1580,2996,3178,2958,3178,119825
2003-09-04,1600,3034,3060,2988,2996,43633
2003-09-05,1594,3023,3034,2966,3034,39151
2003-09-08,1582,3000,3026,2958,3026,111257
2003-09-09,1648,3125,3262,3076,3239,241628
2003-09-15,1704,3231,3330,3163,3163,139467
2003-09-16,1692,3208,3277,3193,3277,56419
2003-09-17,1720,3262,3337,3186,3193,85815
2003-09-18,1736,3292,3299,3208,3224,59188
2003-09-19,1758,3334,3383,3254,3299,58924
2003-09-22,1660,3148,3337,3117,3337,120748
2003-09-23,1696,3216,3254,3034,3087,63933
2003-09-24,1680,3186,3193,3129,3193,60901
2003-09-25,1658,3144,3155,3049,3106,88716
2003-09-26,1672,3170,3216,3110,3144,38228
2003-09-29,1612,3057,3186,2996,3148,73029
2003-09-30,1628,3087,3110,3034,3049,45346
2003-10-01,1620,3072,3102,3011,3011,22673
2003-10-02,1672,3170,3170,3072,3079,23728
2003-10-06,1648,3125,3224,3095,3095,32033
2003-10-07,1608,3049,3186,3049,3186,22014
2003-10-08,1600,3034,3072,3030,3034,29923
2003-10-09,1634,3098,3102,3011,3034,29132
2003-10-10,1676,3178,3178,3057,3095,46665
2003-10-13,1640,3110,3155,3079,3155,31505
2003-10-14,1638,3106,3133,3079,3087,20960
2003-10-15,1618,3068,3106,3060,3060,14500
2003-10-16,1620,3072,3110,3034,3068,17928
2003-10-17,1632,3095,3110,3076,3079,14764
2003-10-20,1676,3178,3216,3072,3072,44292
2003-10-21,1662,3152,3224,3148,3178,24651
2003-10-22,1648,3125,3193,3117,3152,7909
2003-10-23,1660,3148,3148,3064,3125,28473
2003-10-24,1684,3193,3375,3148,3148,110202
2003-10-27,1808,3428,3671,3307,3307,857891
2003-10-28,1848,3504,3527,3299,3428,183363
2003-10-29,1796,3406,3535,3383,3451,77906
2003-10-30,1780,3375,3451,3292,3360,95175
2003-10-31,1776,3368,3413,3296,3413,60901
2003-11-03,1814,3440,3451,3345,3451,51674
2003-11-04,1800,3413,3478,3353,3440,52465
2003-11-05,1820,3451,3451,3360,3413,87661
2003-11-06,1800,3413,3485,3375,3485,59583
2003-11-07,1768,3353,3413,3315,3413,48906
2003-11-10,1760,3337,3368,3299,3345,39283
2003-11-11,1832,3474,3557,3284,3284,105325
2003-11-12,1840,3489,3489,3383,3474,105457
2003-11-13,1824,3459,3481,3421,3451,99129
2003-11-14,1868,3542,3595,3485,3485,156076
2003-11-17,1836,3481,3550,3481,3550,70788
2003-11-18,1848,3504,3519,3447,3451,34142
2003-11-19,1836,3481,3481,3413,3466,95175
2003-11-20,1808,3428,3481,3428,3478,20960
2003-11-21,1812,3436,3489,3413,3417,20828
2003-11-24,1780,3375,3470,3375,3390,27946
2003-11-25,1784,3383,3421,3360,3375,32560
2003-11-26,1814,3440,3451,3360,3383,28342
2003-11-27,1820,3451,3451,3375,3440,32560
2003-11-28,1824,3459,3481,3402,3451,33878
2003-12-01,1840,3489,3512,3459,3466,27551
2003-12-02,1848,3504,3519,3440,3519,30055
2003-12-03,1844,3497,3523,3451,3504,45742
2003-12-04,1820,3451,3512,3436,3455,29660
2003-12-05,1790,3394,3489,3390,3489,32692
2003-12-08,1776,3368,3436,3341,3341,24519
2003-12-09,1792,3398,3425,3368,3375,25573
2003-12-10,1788,3390,3406,3341,3398,19114
2003-12-11,1788,3390,3390,3337,3364,47983
2003-12-12,1776,3368,3421,3353,3413,21487
2003-12-15,1780,3375,3466,3368,3383,37437
2003-12-16,1776,3368,3413,3360,3375,33878
2003-12-17,1780,3375,3409,3337,3379,87397
2003-12-18,1816,3444,3527,3341,3341,161876
2003-12-19,1852,3512,3527,3451,3519,104402
2003-12-22,1880,3565,3622,3489,3489,93461
2003-12-23,1848,3504,3603,3489,3542,56815
2003-12-24,1840,3489,3527,3459,3459,48115
2003-12-26,1800,3413,3512,3341,3341,155549
2003-12-29,1855,3106,3250,2977,3250,83706
2003-12-30,1850,3098,3224,3057,3159,76061
2004-01-02,1837,3076,3110,3060,3060,40469
2004-01-05,1816,3042,3102,3034,3102,23069
2004-01-06,1798,3011,3034,2996,3011,45610
2004-01-07,1776,2973,3042,2966,3034,84102
2004-01-08,1767,2958,2992,2928,2928,40074
2004-01-09,1712,2867,2958,2859,2958,78038
2004-01-12,1676,2806,2867,2730,2867,61824
2004-01-13,1676,2806,2837,2738,2803,41260
2004-01-14,1699,2844,2882,2784,2859,54442
2004-01-15,1708,2859,2913,2829,2844,49697
2004-01-16,1744,2920,2920,2837,2913,41524
2004-01-19,1746,2924,2988,2913,2920,28869
2004-01-20,1812,3034,3110,2905,2905,53519
2004-01-26,1821,3049,3155,2958,2958,98075
2004-01-27,1857,3110,3110,3034,3049,70129
2004-01-28,1880,3148,3167,3049,3049,41787
2004-01-29,1857,3110,3148,3072,3072,21487
2004-01-30,1857,3110,3148,3110,3133,27023
2004-02-02,1835,3072,3114,3072,3114,19510
2004-02-03,1826,3057,3102,3034,3034,54706
2004-02-04,1830,3064,3079,3004,3079,31637
2004-02-05,1844,3087,3155,3011,3064,51147
2004-02-06,1835,3072,3106,3049,3049,32296
2004-02-09,1835,3072,3110,2996,3102,24255
2004-02-10,1837,3076,3106,3042,3042,117848
2004-02-11,1853,3102,3125,3042,3125,11732
2004-02-12,1835,3072,3110,3072,3087,21223
2004-02-13,1830,3064,3102,3049,3083,457551
2004-02-16,1837,3076,3106,3004,3087,55892
2004-02-17,1828,3060,3079,3049,3076,13446
2004-02-18,1837,3076,3140,3042,3110,14500
2004-02-19,1853,3102,3102,3068,3076,13709
2004-02-20,1857,3110,3170,3034,3072,33087
2004-02-23,1844,3087,3148,3072,3110,28210
2004-02-24,1826,3057,3144,3053,3144,37437
2004-02-25,1821,3049,3087,3049,3057,53915
2004-02-26,1832,3068,3072,3034,3034,63406
2004-02-27,1814,3038,3102,3023,3057,52069
2004-03-02,1812,3034,3072,3034,3038,22410
2004-03-03,1812,3034,3087,3034,3087,12918
2004-03-04,1812,3034,3064,2996,3034,14632
2004-03-05,1812,3034,3072,3011,3034,58001
2004-03-08,1812,3034,3060,2996,3034,81993
2004-03-09,1821,3049,3072,3019,3034,53519
2004-03-10,1812,3034,3072,3034,3053,55892
2004-03-11,1812,3034,3057,3034,3034,32823
2004-03-12,1803,3019,3034,2928,3034,44819
2004-03-15,1803,3019,3042,2988,3019,11337
2004-03-16,1803,3019,3038,3019,3019,17532
2004-03-17,1835,3072,3098,3034,3034,54969
2004-03-18,1857,3110,3148,3087,3095,50883
2004-03-19,1948,3262,3269,3095,3110,62483
2004-03-22,1957,3277,3337,3227,3337,42842
2004-03-23,1993,3337,3360,3262,3262,65251
2004-03-24,2011,3368,3368,3322,3337,18059
2004-03-25,1993,3337,3421,3299,3349,37833
2004-03-26,2007,3360,3375,3315,3337,17928
2004-03-29,1993,3337,3360,3307,3360,21223
2004-03-30,2016,3375,3413,3337,3413,28737
2004-03-31,1991,3334,3409,3193,3409,36514
2004-04-01,2002,3353,3360,3299,3334,33483
2004-04-02,2007,3360,3398,3337,3353,30451
2004-04-06,2088,3497,3527,3368,3368,84497
2004-04-07,2088,3497,3519,3451,3489,34537
2004-04-08,2161,3618,3633,3474,3489,68415
2004-04-09,2143,3588,3641,3565,3641,41260
2004-04-12,2197,3679,3679,3618,3641,47983
2004-04-13,2229,3732,3785,3690,3701,34537
2004-04-14,2242,3755,3755,3641,3641,19641
2004-04-16,2220,3717,3815,3717,3815,14632
2004-04-19,2245,3758,3793,3732,3755,8832
2004-04-20,2251,3770,3793,3709,3793,55892
2004-04-21,2215,3709,3770,3686,3770,39942
2004-04-22,2220,3717,3755,3607,3747,27814
2004-04-23,2211,3701,3732,3569,3724,61956
2004-04-26,2186,3660,3717,3641,3717,39942
2004-04-27,2174,3641,3713,3588,3660,49960
2004-04-28,2174,3641,3701,3603,3641,37042
2004-04-29,2145,3591,3641,3527,3641,35328
2004-04-30,2172,3637,3637,3535,3614,42183
2004-05-03,2183,3656,3671,3565,3637,21750
2004-05-04,2179,3648,3686,3641,3656,26364
2004-05-06,2197,3679,3679,3565,3648,28737
2004-05-07,2138,3580,3701,3580,3701,30846
2004-05-10,2084,3489,3565,3262,3565,67492
2004-05-11,2084,3489,3489,3337,3489,23860
2004-05-12,2066,3459,3527,3353,3489,84629
2004-05-13,2084,3489,3527,3387,3398,7118
2004-05-14,2070,3466,3523,3413,3489,22410
2004-05-17,1948,3262,3466,3186,3466,54047
2004-05-18,1903,3186,3296,3163,3170,82784
2004-05-19,2057,3444,3489,3186,3186,32955
2004-05-20,1977,3311,3466,3307,3345,40337
2004-05-21,2038,3413,3478,3315,3315,41787
2004-05-24,2038,3413,3868,3413,3413,32823
2004-05-25,2016,3375,3421,3375,3413,38624
2004-05-27,2084,3489,3489,3413,3413,30846
2004-05-28,2129,3565,3652,3436,3436,37305
2004-05-31,2125,3557,3565,3451,3565,43765
2004-06-01,2109,3531,3603,3504,3603,15819
2004-06-02,2111,3535,3565,3489,3531,22146
2004-06-03,2061,3451,3565,3413,3481,23200
2004-06-04,2079,3481,3481,3451,3451,527
2004-06-07,2038,3413,3489,3379,3489,23860
2004-06-08,2084,3489,3489,3444,3489,5536
2004-06-09,2079,3481,3489,3425,3489,1582
2004-06-10,2075,3474,3489,3375,3481,5800
2004-06-11,2061,3451,3474,3299,3413,24255
2004-06-14,1971,3299,3451,3299,3451,19246
2004-06-15,1925,3224,3375,3186,3375,6196
2004-06-16,1980,3315,3334,3224,3224,20037
2004-06-17,2011,3368,3375,3315,3315,29001
2004-06-18,2007,3360,3375,3315,3368,6987
2004-06-21,1993,3337,3360,3262,3360,3823
2004-06-22,2016,3375,3413,3334,3337,163854
2004-06-23,1993,3337,3451,3337,3375,185209
2004-06-24,1971,3299,3413,2837,3337,173345
2004-06-25,2038,3413,3413,3231,3231,38096
2004-06-28,2034,3406,3413,3265,3413,13709
2004-06-29,2061,3451,3451,3315,3406,35855
2004-06-30,2084,3489,3489,3413,3451,15291
2004-07-01,2084,3489,3497,3387,3489,29001
2004-07-02,2079,3481,3489,3398,3489,18719
2004-07-05,2061,3451,3489,3451,3481,20300
2004-07-06,2079,3481,3527,3299,3527,9623
2004-07-07,2059,3447,3481,3341,3481,10282
2004-07-08,2004,3356,3444,3356,3444,2373
2004-07-09,2038,3413,3413,3186,3356,4877
2004-07-12,2034,3406,3489,3345,3413,17400
2004-07-13,2000,3349,3409,3337,3375,5273
2004-07-14,2011,3368,3387,3360,3387,791
2004-07-15,2011,3368,3390,3368,3390,105
2004-07-16,2011,3368,3375,3364,3375,3296
2004-07-19,1993,3337,3375,3337,3368,6591
2004-07-20,1998,3345,3383,3345,3383,2373
2004-07-21,2018,3379,3413,3345,3390,3559
2004-07-22,2038,3413,3413,3375,3379,2241
2004-07-23,2036,3409,3413,3337,3413,4350
2004-07-26,2036,3409,3413,3409,3413,132
2004-07-27,2025,3390,3406,3337,3406,13709
2004-07-28,2025,3390,3390,3337,3390,659
2004-07-29,2025,3390,3390,3390,3390,26
2004-07-30,2025,3390,3413,3375,3398,4218
2004-08-02,2025,3390,3390,2882,3390,12918
2004-08-03,2016,3375,3390,3262,3390,5009
2004-08-04,2016,3375,3383,3353,3375,2505
2004-08-05,2011,3368,3413,3337,3390,1055
2004-08-06,1998,3345,3398,3322,3368,133007
2004-08-09,2025,3390,3390,3337,3345,1055
2004-08-10,2023,3387,3413,3330,3390,14896
2004-08-11,2032,3402,3413,3345,3387,3296
2004-08-12,2038,3413,3413,3330,3330,3032
2004-08-13,2038,3413,3428,3345,3421,10941
2004-08-16,2038,3413,3413,3375,3413,31901
2004-08-17,2038,3413,3425,3413,3413,10546
2004-08-18,2038,3413,3436,3413,3417,6196
2004-08-19,2034,3406,3436,3383,3413,19378
2004-08-20,2032,3402,3413,3375,3406,8437
2004-08-23,2020,3383,3413,3383,3406,3955
2004-08-24,2038,3413,3413,3387,3409,4877
2004-08-25,2052,3436,3481,3413,3413,114948
2004-08-26,2041,3417,3466,3417,3451,55628
2004-08-27,2020,3383,3436,3383,3436,417082
2004-08-30,2075,3474,3474,3421,3432,414973
2004-08-31,2106,3527,3535,3489,3527,4877
2004-09-01,2116,3542,3603,3466,3527,16741
2004-09-02,2125,3557,3626,3527,3561,8437
2004-09-03,2125,3557,3591,3527,3591,5273
2004-09-06,2084,3489,3565,3489,3557,82124
2004-09-07,2084,3489,3519,3489,3489,18719
2004-09-08,2075,3474,3516,3459,3489,11996
2004-09-09,2129,3565,3565,3474,3474,32823
2004-09-10,2116,3542,3580,3535,3565,12259
2004-09-13,2084,3489,3565,3489,3542,4614
2004-09-14,2093,3504,3527,3489,3489,3032
2004-09-15,2093,3504,3527,3481,3504,4350
2004-09-16,2116,3542,3565,3504,3504,8964
2004-09-17,2125,3557,3557,3535,3542,4218
2004-09-20,2183,3656,3656,3557,3557,56815
2004-09-21,2183,3656,3679,3588,3656,17005
2004-09-22,2183,3656,3679,3614,3660,9755
2004-09-23,2143,3588,3664,3565,3656,7777
2004-09-24,2159,3614,3622,3527,3622,22014
2004-09-30,2217,3713,4149,3557,3603,104930
2004-10-01,2206,3694,3717,3603,3717,76720
2004-10-04,2220,3717,3793,3641,3694,134194
2004-10-05,2279,3815,3823,3679,3717,98207
2004-10-06,2279,3815,3906,3770,3884,93593
2004-10-07,2260,3785,3891,3747,3891,35460
2004-10-08,2242,3755,3774,3648,3648,61297
2004-10-11,2283,3823,3830,3709,3709,73029
2004-10-12,2369,3967,3982,3808,3830,234773
2004-10-13,2469,4134,4248,3868,3967,232796
2004-10-14,2537,4248,4361,4179,4210,193118
2004-10-15,2501,4187,4286,4134,4255,92934
2004-10-18,2573,4308,4581,4187,4210,439755
2004-10-19,2582,4324,4361,4233,4361,507774
2004-10-20,2492,4172,4551,4119,4293,551803
2004-10-21,2401,4020,4217,3944,4096,201950
2004-10-22,2483,4157,4157,3808,3959,133403
2004-10-25,2532,4240,4263,4058,4172,108357
2004-10-26,2691,4506,4521,4248,4248,407195
2004-10-27,2691,4506,4703,4475,4619,255865
2004-10-28,3094,5181,5181,4566,4566,2900985
2004-10-29,3130,5241,5424,5082,5181,1084096
2004-11-01,3103,5196,5386,5052,5325,544025
2004-11-02,3040,5090,5196,5037,5188,291324
2004-11-03,3171,5310,5325,4915,4930,544157
2004-11-04,3167,5302,5325,5196,5279,252305
2004-11-05,3248,5439,5492,5204,5310,442128
2004-11-08,3271,5477,5530,5401,5530,236355
2004-11-09,3221,5393,5537,5348,5439,140258
2004-11-10,3271,5477,5477,5211,5424,233982
2004-11-11,3352,5613,5704,5408,5408,334034
2004-11-12,3330,5575,5689,5484,5583,181649
2004-11-15,3257,5454,5545,5386,5545,284470
2004-11-16,3171,5310,5454,5204,5408,290665
2004-11-17,3085,5166,5310,5166,5310,222250
2004-11-18,3081,5158,5310,5059,5166,240178
2004-11-19,3212,5378,5378,5112,5128,241232
2004-11-22,3217,5386,5431,5241,5378,184286
2004-11-23,3371,5644,5659,5378,5537,247823
2004-11-24,3556,5955,5955,5537,5644,304638
2004-11-25,3457,5788,6068,5788,5970,250064
2004-11-26,3362,5628,5879,5628,5864,106511
2004-11-29,3352,5613,5644,5552,5583,140389
2004-11-30,3330,5575,5719,5499,5651,183231
2004-12-01,3629,6076,6220,5681,5689,579881
2004-12-02,3556,5955,6212,5955,6144,333771
2004-12-03,3525,5901,6068,5879,5992,260083
2004-12-06,3543,5932,6030,5879,6030,134589
2004-12-07,3457,5788,5992,5772,5955,136435
2004-12-08,3534,5917,6084,5719,5719,89506
2004-12-09,3475,5818,5955,5750,5955,62351
2004-12-10,3398,5689,5788,5439,5719,171763
2004-12-13,3389,5674,5689,5477,5689,101239
2004-12-14,3285,5499,5666,5499,5613,124044
2004-12-15,3307,5537,5537,5386,5469,121143
2004-12-16,3407,5704,5757,5552,5552,227919
2004-12-17,3556,5955,6061,5628,5704,552594
2004-12-20,3588,6008,6008,5841,5917,59188
2004-12-21,3647,6106,6144,5955,6008,388213
2004-12-22,3674,6152,6152,6015,6144,163985
2004-12-23,3579,5992,6076,5856,6076,242682
2004-12-24,3556,5955,5992,5841,5917,118243
2004-12-27,3575,5985,5985,5795,5886,82520
2004-12-28,3552,5947,5977,5818,5909,147771
2004-12-29,3872,5992,5992,5697,5697,144344
2004-12-30,3921,6068,6068,5901,6068,206036
2005-01-03,3872,5992,6030,5894,6030,83706
2005-01-04,3813,5901,6053,5879,5879,163458
2005-01-05,3970,6144,6144,5795,5879,245978
2005-01-06,4181,6470,6599,6106,6144,265751
2005-01-07,4205,6508,6592,6379,6524,129712
2005-01-10,4142,6410,6592,6372,6592,109675
2005-01-11,4147,6417,6561,6410,6410,154231
2005-01-12,4068,6296,6463,6243,6417,103611
2005-01-13,4166,6448,6448,6159,6281,127998
2005-01-14,4245,6569,6577,6334,6448,315975
2005-01-17,4495,6956,7017,6599,6599,255469
2005-01-18,4411,6827,7092,6827,6979,209859
2005-01-19,4313,6675,6797,6630,6797,197732
2005-01-20,4264,6599,6706,6486,6531,135907
2005-01-21,4470,6918,6926,6531,6531,208277
2005-01-24,4558,7055,7092,6812,6812,78170
2005-01-25,4514,6986,7047,6926,7017,35855
2005-01-26,4558,7055,7092,6941,6941,55497
2005-01-27,4524,7001,7123,6941,7092,28342
2005-01-28,4607,7130,7130,6789,6941,116266
2005-01-31,4705,7282,7282,7055,7108,96361
2005-02-01,4705,7282,7419,7130,7358,141971
2005-02-02,4735,7328,7328,7206,7206,299365
2005-02-03,4799,7426,7426,7206,7214,165304
2005-02-04,4999,7737,7775,7328,7350,323093
2005-02-07,5220,8079,8155,7775,7813,90693
2005-02-11,5563,8610,8761,7699,7889,194831
2005-02-14,5661,8761,8837,8382,8837,129185
2005-02-15,5735,8875,8951,8534,8723,69865
2005-02-16,5735,8875,9065,8648,8875,63274
2005-02-17,6127,9482,9861,8799,8875,385840
2005-02-18,5931,9179,9444,9065,9217,232928
2005-02-21,6127,9482,9482,8723,9179,274451
2005-02-22,6299,9748,9861,9027,9330,211045
2005-02-23,6200,9596,9634,9368,9634,55497
2005-02-24,6715,10392,10468,9558,9558,138676
2005-02-25,6715,10392,10999,10241,10582,165172
2005-02-28,7107,10999,10999,9861,10468,283942
2005-03-02,7107,10999,11454,10696,10999,194172
2005-03-03,6862,10620,11075,10468,10999,98075
2005-03-04,6887,10658,11227,10392,10772,232269
2005-03-07,6568,10165,10848,10051,10696,110071
2005-03-08,6176,9558,10203,9330,10089,179408
2005-03-09,6176,9558,9558,9103,9254,201422
2005-03-10,6127,9482,9937,9292,9406,492351
2005-03-11,6593,10203,10582,9520,9520,433691
2005-03-14,6544,10127,10468,10089,10468,105720
2005-03-15,6495,10051,10544,9710,10241,587526
2005-03-16,6617,10241,10355,9482,9861,157790
2005-03-17,6348,9823,10279,9823,10203,61033
2005-03-18,6446,9975,10051,9710,9710,142103
2005-03-21,6323,9786,9975,9634,9861,114816
2005-03-22,6299,9748,9748,9330,9558,98998
2005-03-23,6249,9672,9710,9520,9520,36383
2005-03-24,6299,9748,10089,9141,9672,135644
2005-03-25,6470,10013,10013,9444,9748,88847
2005-03-28,6470,10013,10203,9861,9937,42974
2005-03-29,6470,10013,10165,9710,10165,54178
2005-03-30,6372,9861,10013,9748,10013,31637
2005-03-31,6348,9823,9975,9786,9975,88979
2005-04-01,6617,10241,10317,9786,9899,244528
2005-04-04,6862,10620,10886,10127,10241,363299
2005-04-06,7303,11303,11303,10620,10772,224096
2005-04-07,7475,11568,11568,11113,11530,80279
2005-04-08,7426,11492,11796,11341,11720,75402
2005-04-11,7548,11682,11720,11341,11530,118375
2005-04-12,7352,11379,11644,11341,11644,33746
2005-04-13,7573,11720,11872,11379,11417,142499
2005-04-14,7475,11568,11606,11379,11454,54310
2005-04-15,7573,11720,13275,10582,11417,255205
2005-04-18,7352,11379,11682,11227,11227,55497
2005-04-19,7426,11492,11530,11151,11379,91088
2005-04-20,7450,11530,11644,11341,11606,62747
2005-04-21,7548,11682,11682,11151,11492,152385
2005-04-22,7401,11454,11796,11454,11720,75665
2005-04-25,7205,11151,11530,11151,11530,74347
2005-04-26,7156,11075,11189,10886,11113,92802
2005-04-27,7058,10923,10961,10696,10848,88452
2005-04-28,7058,10923,10923,10468,10734,135907
2005-04-29,7132,11037,11037,10582,10620,54838
2005-05-02,7156,11075,11075,10886,11075,21223
2005-05-03,7107,10999,11227,10999,11075,29923
2005-05-04,7107,10999,11151,10468,10810,57474
2005-05-06,7205,11151,12251,11151,11303,631423
2005-05-09,6936,10734,11189,10658,11189,129185
2005-05-10,6936,10734,11189,10734,10923,129844
2005-05-11,7107,10999,10999,10620,10620,77906
2005-05-12,7205,11151,11189,10810,10886,138676
2005-05-13,7352,11379,11530,11113,11151,252569
2005-05-16,7352,11379,11492,11265,11265,46665
2005-05-17,7352,11379,11492,11151,11379,59319
2005-05-18,7352,11379,11379,11075,11303,95966
2005-05-19,7450,11530,11530,11113,11454,177167
2005-05-20,7401,11454,11644,11379,11379,54574
2005-05-23,7328,11341,11417,11303,11379,29264
2005-05-24,7328,11341,11341,11151,11265,90166
2005-05-25,7377,11417,11417,11189,11189,87134
2005-05-26,7647,11834,11834,11151,11227,87397
2005-05-27,7745,11986,11986,11530,11834,139598
2005-05-30,7892,12213,12289,11758,11834,129844
2005-05-31,7990,12365,12365,12023,12213,195754
2005-06-01,7548,11682,12403,11644,12289,189295
2005-06-02,7426,11492,11834,11492,11834,44819
2005-06-03,7303,11303,11492,11265,11492,64856
2005-06-07,7009,10848,11303,10848,11151,133403
2005-06-08,7058,10923,10999,10696,10810,97679
2005-06-09,7303,11303,11454,10961,10961,199050
2005-06-10,7524,11644,11720,11379,11379,315052
2005-06-13,7279,11265,11682,11265,11682,435405
2005-06-14,7107,10999,11454,10999,11189,40337
2005-06-15,7181,11113,11113,10923,10923,65910
2005-06-16,7303,11303,11758,11265,11341,293170
2005-06-17,7303,11303,11530,11303,11530,299761
2005-06-20,7377,11417,11796,11417,11530,208277
2005-06-21,7328,11341,11530,11265,11341,95570
2005-06-22,7622,11796,11834,11341,11379,210518
2005-06-23,7720,11948,11948,11606,11910,251251
2005-06-24,8210,12706,12896,11720,11758,327443
2005-06-27,8602,13313,13351,12403,12630,362771
2005-06-28,8455,13085,13427,12896,13313,109543
2005-06-29,8676,13427,13503,13048,13161,135117
2005-06-30,9411,14565,14565,13237,13275,265751
2005-07-01,9166,14185,14375,14034,14148,100579
2005-07-04,8946,13844,14185,13692,14034,93988
2005-07-05,8627,13351,13730,13161,13654,134326
2005-07-06,8480,13123,13351,12820,13199,62615
2005-07-07,8529,13199,13503,12896,13275,109411
2005-07-08,8259,12782,13199,12782,13199,61692
2005-07-11,8406,13010,13237,12744,12744,97416
2005-07-12,8382,12972,13199,12972,13048,57738
2005-07-13,8725,13503,13503,12820,12972,114948
2005-07-14,8480,13123,13730,12972,13541,129580
2005-07-15,8308,12858,13199,12820,13161,111652
2005-07-18,8235,12744,13123,12744,12820,63274
2005-07-19,8455,13085,13199,12668,12668,125494
2005-07-20,8308,12858,13275,12858,13123,106775
2005-07-21,8284,12820,13123,12820,12896,77511
2005-07-22,8921,13806,13882,12782,12858,179936
2005-07-25,9362,14489,14906,13541,13541,419191
2005-07-26,9509,14716,15020,14565,15020,133666
2005-07-27,9656,14944,15210,13275,14792,134589
2005-07-28,9681,14982,15323,14489,15323,78170
2005-07-29,10196,15779,15779,14830,15020,145662
2005-08-01,10906,16878,16954,16158,16461,192854
2005-08-02,11813,18282,18320,17182,17182,425518
2005-08-03,11519,17827,18965,17789,18661,308197
2005-08-04,11078,17144,18547,16423,16992,185999
2005-08-05,11078,17144,17410,16727,16916,89111
2005-08-08,10637,16461,16878,16385,16689,72502
2005-08-09,10735,16613,16916,16461,16499,93197
2005-08-10,11127,17220,18434,16954,17068,252437
2005-08-11,12107,18737,18737,17258,17258,235564
2005-08-12,12401,19192,19192,18282,18889,302002
2005-08-16,12058,18661,20368,18623,19420,203400
2005-08-17,12524,19382,19382,18130,18434,176113
2005-08-18,12745,19723,20406,19609,19875,230291
2005-08-19,12499,19344,20103,19154,19534,70261
2005-08-22,12696,19647,19647,19041,19344,56419
2005-08-23,12769,19761,19951,19420,19647,46665
2005-08-24,12745,19723,19799,19192,19344,53256
2005-08-25,12843,19875,19951,19647,19723,153703
2005-08-26,13431,20785,20785,19951,19951,171763
2005-08-29,13308,20596,21468,20520,21203,204059
2005-08-30,13896,21506,21544,20861,20861,362508
2005-08-31,14019,21696,22151,21620,21658,75533
2005-09-01,13921,21544,22227,21240,22227,188109
2005-09-02,13798,21354,21999,21316,21999,93197
2005-09-05,13823,21392,21468,20709,21392,95175
2005-09-06,13382,20709,21468,20709,21316,96757
2005-09-07,13382,20709,21089,20065,20482,207354
2005-09-08,12843,19875,20747,19875,20709,232928
2005-09-09,12941,20027,20406,19647,19647,117321
2005-09-12,12549,19420,20178,19420,19761,193250
2005-09-13,11715,18130,20444,17903,20444,328366
2005-09-14,12230,18927,18927,18130,18320,162931
2005-09-15,11862,18358,19154,17827,18623,170972
2005-09-16,12254,18965,19192,18130,18130,232269
2005-09-20,12205,18889,19572,18509,19420,168467
2005-09-21,12181,18851,18965,18472,18547,96888
2005-09-22,12401,19192,19192,18396,18927,159372
2005-09-23,12818,19837,20292,19572,19572,218427
2005-09-26,13039,20178,20330,19761,19837,81334
2005-09-27,13039,20178,20178,19761,20103,65120
2005-09-28,13063,20216,20254,19875,20178,69601
2005-09-29,13823,21392,21392,20330,20330,179738
2005-09-30,13823,21392,21696,20937,21165,154310
2005-10-04,14362,22227,22303,20937,21468,130859
2005-10-05,14950,23137,23440,22151,22682,328817
2005-10-06,15073,23327,23516,22758,22758,166384
2005-10-07,14803,22909,23706,22909,23402,57975
2005-10-10,15049,23289,23440,22796,22834,56230
2005-10-11,15147,23440,23516,22909,22947,67598
2005-10-12,15441,23896,24882,23289,23440,126626
2005-10-13,15686,24275,24427,23175,23175,89284
2005-10-14,15931,24654,24654,23592,24275,61099
2005-10-17,15196,23516,24806,23251,24654,65515
2005-10-18,15024,23251,23516,22682,23516,114882
2005-10-19,14705,22758,22834,21430,22758,170314
2005-10-20,14705,22758,22758,21999,22303,119140
2005-10-21,14705,22758,22758,22227,22227,58647
2005-10-24,14460,22378,22644,22227,22416,115310
2005-10-25,13970,21620,22606,21468,22303,127980
2005-10-26,14166,21923,22151,21430,21620,62180
2005-10-27,13725,21240,21620,20785,21620,172738
2005-10-28,14117,21847,21847,20406,20482,75046
2005-10-31,13725,21240,21506,20899,21354,101318
2005-11-01,13676,21165,21430,20596,20899,115781
2005-11-02,13725,21240,21506,20861,20861,149880
2005-11-03,13431,20785,21544,20747,21392,113197
2005-11-04,13823,21392,21544,20634,20634,100606
2005-11-07,13749,21278,21620,21165,21620,72739
2005-11-08,14705,22758,22947,21392,21620,149057
2005-11-09,14950,23137,23896,22151,22758,107355
2005-11-10,15196,23516,23516,22796,23440,50625
2005-11-11,15073,23327,23858,22834,23554,81320
2005-11-14,14632,22644,23402,22303,23402,74812
2005-11-15,14215,21999,22454,21809,22378,63320
2005-11-16,14215,21999,22265,21468,21468,97722
2005-11-17,14950,23137,24085,21999,21999,254164
2005-11-18,14901,23061,23744,22530,23668,111369
2005-11-21,14460,22378,22985,22151,22985,74228
2005-11-22,14656,22682,22682,21734,22113,108357
2005-11-23,14803,22909,22909,22265,22265,64329
2005-11-24,15343,23744,24275,22947,23137,148267
2005-11-25,16323,25261,26323,23820,24351,307032
2005-11-28,16323,25261,26285,24958,25640,165857
2005-11-29,16176,25033,25413,24199,25413,69549
2005-11-30,16029,24806,25413,24389,24692,119707
2005-12-01,15931,24654,24958,23896,24806,122462
2005-12-02,15882,24578,24654,23934,24654,127474
2005-12-05,15686,24275,24578,24123,24237,53308
2005-12-06,16495,25527,26096,24009,24009,164927
2005-12-07,16323,25261,25413,24882,25337,59413
2005-12-08,15931,24654,25109,23971,24958,80073
2005-12-09,15441,23896,24427,23592,23971,122804
2005-12-12,15196,23516,23896,23289,23896,61452
2005-12-13,15441,23896,24427,23516,23516,74176
2005-12-14,14999,23213,23934,23137,23668,85423
2005-12-15,14999,23213,23478,22909,23061,105317
2005-12-16,14803,22909,23175,22416,22758,70300
2005-12-19,14460,22378,23137,22378,22378,80371
2005-12-20,14215,21999,22606,21923,22378,97915
2005-12-21,14117,21847,22530,21809,22265,78804
2005-12-22,13823,21392,22151,21240,21999,86211
2005-12-23,14411,22303,22303,21013,21165,68677
2005-12-26,14313,22151,22227,21771,22075,45083
2005-12-27,13921,21544,22227,21544,21847,52643
2005-12-28,14151,21392,21544,20672,21089,71977
2005-12-29,14503,21923,22303,21468,21468,57158
2006-01-02,14879,22492,22644,21885,21999,68092
2006-01-03,14879,22492,23213,22492,23061,76403
2006-01-04,14377,21734,22871,21658,22871,86548
2006-01-05,14402,21771,22037,21240,21620,85441
2006-01-06,14804,22378,22644,21392,21392,186138
2006-01-09,15908,24047,24047,22492,22682,183260
2006-01-10,15557,23516,24351,23213,24275,134051
2006-01-11,15155,22909,23440,22606,23440,30928
2006-01-12,14979,22644,23440,22568,22758,196888
2006-01-13,14804,22378,22758,21771,22758,116518
2006-01-16,14503,21923,22644,21923,22303,50478
2006-01-17,14302,21620,22265,21620,21696,66719
2006-01-18,13650,20634,21620,20558,21240,113656
2006-01-19,13549,20482,21089,20330,20482,64429
2006-01-20,13549,20482,20975,19723,20823,104957
2006-01-23,12546,18965,20103,18813,19799,142538
2006-01-24,12320,18623,19534,18282,18737,157816
2006-01-25,13374,20216,20709,18813,19041,165369
2006-01-26,13700,20709,21089,20292,20292,102451
2006-01-27,13850,20937,21089,20785,21089,40904
2006-01-31,14051,21240,22113,20899,20899,82665
2006-02-01,13951,21089,21696,20899,21544,68982
2006-02-02,13951,21089,21278,20899,21203,31466
2006-02-03,13900,21013,21240,20672,20672,52525
2006-02-06,13850,20937,21240,20672,21240,76483
2006-02-07,14202,21468,21468,21089,21089,27750
2006-02-08,14026,21203,21582,21089,21468,28711
2006-02-09,14252,21544,21620,21127,21278,33272
2006-02-10,14051,21240,21771,20861,21620,16583
2006-02-13,13650,20634,21506,20634,21240,12404
2006-02-14,13374,20216,20482,19951,20482,59984
2006-02-15,12897,19496,20672,19496,20216,38610
2006-02-16,12771,19306,19875,19116,19116,13301
2006-02-17,13047,19723,19989,19003,19382,44661
2006-02-20,13223,19989,19989,19420,19799,17058
2006-02-21,13449,20330,20634,20103,20103,18033
2006-02-22,13399,20254,20368,19951,20140,12352
2006-02-23,13524,20444,20672,20027,20482,24651
2006-02-24,13549,20482,20634,20292,20292,13788
2006-02-27,13449,20330,20482,20103,20103,15753
2006-02-28,13198,19951,20330,19723,20140,20683
2006-03-02,13098,19799,19989,19761,19837,10796
2006-03-03,12671,19154,19951,19116,19951,33575
2006-03-06,12671,19154,19344,18965,18965,15990
2006-03-07,12345,18661,18965,18585,18965,23583
2006-03-08,12144,18358,18813,18206,18206,15581
2006-03-09,12445,18813,18813,18509,18585,9135
2006-03-10,12495,18889,18889,18206,18206,45810
2006-03-13,12546,18965,19116,18737,18737,30622
2006-03-14,12822,19382,19799,18965,18965,28724
2006-03-15,13348,20178,20178,19344,19344,30688
2006-03-16,13449,20330,20330,19609,19837,19523
2006-03-17,13449,20330,20406,19951,20330,12365
2006-03-20,13449,20330,20406,20065,20330,10150
2006-03-21,13599,20558,20596,20330,20330,72462
2006-03-22,13499,20406,20785,20178,20785,47179
2006-03-23,13223,19989,20709,19989,20709,49907
2006-03-24,13148,19875,20444,19723,20103,10666
2006-03-27,12847,19420,20027,19306,19761,33695
2006-03-28,12847,19420,19572,19154,19154,8557
2006-03-29,12997,19647,19647,19041,19041,11020
2006-03-30,13047,19723,19723,19382,19723,13675
2006-03-31,12972,19609,19875,19496,19496,14988
2006-04-03,12972,19609,19799,19420,19496,27616
2006-04-04,12822,19382,19609,19041,19609,38228
2006-04-05,13022,19685,20027,19420,19458,25916
2006-04-06,12847,19420,19799,19344,19647,41120
2006-04-07,13047,19723,19951,19420,19420,63221
2006-04-10,13951,21089,21089,19647,19685,112884
2006-04-11,13900,21013,21203,20596,21089,56176
2006-04-12,13549,20482,21013,20482,20937,24453
2006-04-13,14101,21316,21771,20330,20634,64790
2006-04-14,14503,21923,22227,21620,21620,64223
2006-04-17,14478,21885,22227,21771,22227,65541
2006-04-18,14553,21999,22189,21696,21771,48012
2006-04-19,14703,22227,22340,21885,22340,62707
2006-04-20,14954,22606,23365,22303,22303,241259
2006-04-21,15055,22758,23744,22606,22682,155931
2006-04-24,15481,23402,23440,22378,22758,51753
2006-04-25,15055,22758,23478,22758,22758,55342
2006-04-26,15406,23289,23289,22606,22606,44239
2006-04-27,15657,23668,23782,23289,23592,54268
2006-04-28,15707,23744,23820,23251,23820,59923
2006-05-02,15255,23061,24047,23023,23934,85736
2006-05-03,14754,22303,23289,21999,23251,90271
2006-05-04,13449,20330,22644,19799,22454,237709
2006-05-08,13650,20634,22644,19799,22454,455319
2006-05-09,13900,21013,21240,20672,20975,105275
2006-05-10,13599,20558,21240,20558,20861,64719
2006-05-11,13900,21013,21013,20216,20254,72475
2006-05-12,13850,20937,21089,20520,20785,34727
2006-05-15,13775,20823,21013,20634,20634,56854
2006-05-16,12897,19496,21013,19306,21013,81281
2006-05-17,13198,19951,20330,19572,19572,67387
2006-05-18,12646,19116,19572,18965,18965,64197
2006-05-19,12897,19496,19496,18813,19154,74215
2006-05-22,12897,19496,19496,18813,19154,74717
2006-05-23,12922,19534,19647,19154,19268,26944
2006-05-24,12746,19268,19572,19154,19268,44755
2006-05-25,12696,19192,19837,19192,19306,76825
2006-05-26,13098,19799,19799,19116,19192,105602
2006-05-29,13148,19875,19951,19647,19799,22014
2006-05-30,12796,19344,19761,19344,19723,49143
2006-05-31,13148,19875,19951,19647,19799,22014
2006-06-01,12445,18813,19306,18813,19268,50580
2006-06-02,12420,18775,19078,18206,18965,49670
2006-06-05,12395,18737,18813,18358,18775,9794
2006-06-07,12395,18737,18737,17599,17827,38505
2006-06-08,11743,17751,18282,17675,18244,12246
2006-06-09,11617,17561,17865,17447,17523,12246
2006-06-12,12044,18206,18206,16916,17447,20894
2006-06-13,11291,17068,18206,17068,18206,8898
2006-06-14,11291,17068,17334,16954,17068,29567
2006-06-15,11115,16803,17334,16727,17144,6802
2006-06-16,11241,16992,17258,16954,16954,31505
2006-06-19,10940,16537,16954,16461,16765,8107
2006-06-20,10488,15854,16461,15399,16461,19602
2006-06-21,10137,15323,15854,15285,15475,6894
2006-06-22,9735,14716,15399,14603,15361,41300
2006-06-23,9033,13654,14716,13617,14716,54903
2006-06-26,9008,13617,13806,13389,13389,30292
2006-06-27,8857,13389,13768,13275,13692,27379
2006-06-28,8932,13503,13503,13010,13010,10587
2006-06-29,9409,14223,14565,13730,13730,72806
2006-06-30,9785,14792,14982,14299,14641,108424
2006-07-03,9886,14944,15134,14451,15096,53981
2006-07-04,9685,14641,15096,14527,14982,56947
2006-07-05,9735,14716,14868,14185,14489,30846
2006-07-06,9434,14261,14565,14148,14565,12787
2006-07-07,9760,14754,14868,14413,14413,41524
2006-07-10,10011,15134,15134,14413,14641,57210
2006-07-11,10087,15248,15323,14944,14944,40337
2006-07-12,10036,15172,15361,14944,15248,33483
2006-07-13,10036,15172,15285,14868,15020,19378
2006-07-14,9961,15058,15058,14413,15020,19510
2006-07-18,9585,14489,14792,14489,14792,15950
2006-07-19,9610,14527,14754,14413,14413,3691
2006-07-20,9785,14792,14868,14527,14565,41655
2006-07-21,9735,14716,14716,14489,14641,14623
2006-07-24,9710,14679,14716,14337,14716,17453
2006-07-25,9535,14413,14906,14413,14716,20481
2006-07-26,9484,14337,14603,14261,14603,13446
2006-07-27,9585,14489,14489,14185,14337,15028
2006-07-28,9459,14299,14527,14261,14299,7606
2006-07-31,9886,14944,15096,14565,14565,59794
2006-08-01,9635,14565,15058,14565,14792,25072
2006-08-02,9785,14792,14792,14489,14754,11706
2006-08-03,9735,14716,14868,14603,14641,9887
2006-08-04,9685,14641,14716,14565,14716,9333
2006-08-07,9384,14185,14565,14185,14527,31492
2006-08-08,9259,13996,14337,13958,14185,27234
2006-08-09,9484,14337,14451,13806,13882,23066
2006-08-10,9434,14261,14337,14148,14337,9794
2006-08-11,9334,14110,14299,14034,14261,18825
2006-08-14,9183,13882,14072,13806,13958,12457
2006-08-16,9183,13882,14110,13465,14034,20644
2006-08-17,9133,13806,13958,13654,13920,31242
2006-08-18,9083,13730,13806,13654,13806,21300
2006-08-21,8932,13503,13806,13389,13654,26628
2006-08-22,9033,13654,13692,13465,13503,24651
2006-08-23,9484,14337,14868,13465,13730,39756
2006-08-24,9836,14868,14868,14148,14299,53533
2006-08-25,9785,14792,15096,14565,14868,23055
2006-08-28,9585,14489,14944,14451,14792,22274
2006-08-29,10538,15930,16196,14565,14565,83654
2006-08-30,10915,16499,16878,15475,15930,58420
2006-08-31,10990,16613,16841,16082,16499,87661
2006-09-01,10814,16347,17220,16310,16765,57950
2006-09-04,10639,16082,16461,16082,16234,23029
2006-09-05,10588,16006,16234,15930,16234,10004
2006-09-06,10513,15892,16044,15551,15816,24703
2006-09-07,10689,16158,16310,15399,15589,25960
2006-09-08,10538,15930,16272,15665,15665,23899
2006-09-11,10237,15475,16044,15475,16044,10220
2006-09-12,10287,15551,15741,15475,15551,14437
2006-09-13,10588,16006,16082,15589,15589,11994
2006-09-14,10689,16158,16196,15779,16044,19892
2006-09-15,10538,15930,16272,15854,16272,13050
2006-09-18,10513,15892,15930,15627,15930,20221
2006-09-19,10563,15968,16044,15741,15854,23203
2006-09-20,10513,15892,16196,15779,15968,25741
2006-09-21,10739,16234,16234,15854,15968,16438
2006-09-22,10438,15779,16310,15779,16196,32164
2006-09-25,10363,15665,16082,15551,16006,19297
2006-09-26,10639,16082,16158,15854,16082,42808
2006-09-27,10714,16196,16423,16044,16196,80531
2006-09-28,11115,16803,16916,16082,16120,55154
2006-09-29,11115,16803,17068,16385,16803,56376
2006-10-02,11492,17372,17410,16575,16575,23182
2006-10-04,11316,17106,17296,16613,17220,32705
2006-10-09,10463,15816,16916,15475,16916,42899
2006-10-10,10538,15930,16158,15551,15551,19405
2006-10-11,10112,15285,15816,15285,15323,25956
2006-10-12,10287,15551,15741,15210,15361,39032
2006-10-13,10538,15930,16082,15589,15665,33115
2006-10-16,10538,15930,16082,15854,15930,13630
2006-10-17,10287,15551,15930,15437,15930,10546
2006-10-18,10287,15551,15589,15134,15475,37688
2006-10-19,10287,15551,15665,15399,15551,28526
2006-10-20,10538,15930,16082,15399,15703,38360
2006-10-23,10538,15930,16006,15816,15930,24158
2006-10-24,10839,16385,16841,16082,16120,94819
2006-10-25,10839,16385,17144,16310,16765,56352
2006-10-26,10990,16613,16954,16461,16499,52254
2006-10-27,10739,16234,16689,16082,16613,40785
2006-10-30,10613,16044,16461,16044,16082,23899
2006-10-31,10940,16537,16954,16158,16310,60374
2006-11-01,11692,17675,17751,16689,16689,67453
2006-11-02,11843,17903,18206,17372,17675,45922
2006-11-03,12696,19192,19192,18054,18206,157144
2006-11-06,13348,20178,20254,19041,19420,105589
2006-11-07,13047,19723,20103,19344,19875,52280
2006-11-08,12295,18585,19723,18547,19420,110914
2006-11-09,12345,18661,18813,18282,18434,163264
2006-11-10,12345,18661,18737,18282,18661,52412
2006-11-13,12295,18585,18889,18320,18813,34765
2006-11-14,12345,18661,19116,18509,18509,109556
2006-11-15,12169,18396,18699,18206,18661,86053
2006-11-16,11743,17751,17941,17220,17599,185314
2006-11-17,11592,17523,17751,17372,17523,75995
2006-11-20,11743,17751,18320,17372,17447,81849
2006-11-21,11743,17751,17941,17523,17523,42889
2006-11-22,12244,18509,18661,17713,17751,107170
2006-11-23,12345,18661,18927,18130,18737,118178
2006-11-24,12470,18851,18889,18358,18585,76588
2006-11-27,12671,19154,19458,18927,18965,64025
2006-11-28,13273,20065,20254,18851,18851,109741
2006-11-29,13348,20178,20709,20065,20406,525265
2006-11-30,13499,20406,20406,19761,20178,44687
2006-12-01,13323,20140,20558,19989,20178,34102
2006-12-04,13022,19685,19913,19496,19875,40237
2006-12-05,13123,19837,20065,19647,19647,31031
2006-12-06,13173,19913,19913,19344,19761,39309
2006-12-07,13298,20103,20103,19496,20027,30615
2006-12-08,12997,19647,20103,19572,20103,29976
2006-12-11,13198,19951,19951,19230,19723,66715
2006-12-12,12972,19609,20103,19306,20103,29926
2006-12-13,13022,19685,19723,19306,19458,11914
2006-12-14,13198,19951,19951,19344,19496,50187
2006-12-15,12897,19496,20482,19344,19951,56353
2006-12-18,13173,19913,20065,19685,19723,60849
2006-12-19,13173,19913,20406,19913,20027,35895
2006-12-20,12897,19496,19875,19306,19723,54004
2006-12-21,12546,18965,19496,18699,19268,48352
2006-12-22,12546,18965,19041,18547,19041,27512
2006-12-26,12019,18168,18813,18168,18585,26617
2006-12-27,12127,17827,18130,17751,18054,27344
2006-12-28,11868,17447,18130,17334,17827,53763
2007-01-02,11507,16916,17827,16841,17447,53278
2007-01-03,11404,16765,17296,16727,16916,32511
2007-01-04,10991,16158,16651,15665,16537,97898
2007-01-05,11301,16613,16613,15703,16082,32033
2007-01-08,10965,16120,16613,16006,16310,23477
2007-01-09,10965,16120,16423,16044,16044,27133
2007-01-10,10914,16044,16310,15968,16120,26035
2007-01-11,10914,16044,16196,15816,16044,31953
2007-01-12,10836,15930,16082,15779,15930,31828
2007-01-15,10527,15475,16044,15475,15968,35157
2007-01-16,10346,15210,15361,14679,15361,54338
2007-01-17,10191,14982,15210,14868,15210,13816
2007-01-18,10166,14944,15134,14754,14830,19420
2007-01-19,9959,14641,15096,14527,15096,17313
2007-01-22,9675,14223,14868,14034,14868,50883
2007-01-23,9546,14034,14223,13654,14223,59069
2007-01-24,9753,14337,14451,14110,14337,65515
2007-01-25,9908,14565,14641,14413,14565,67387
2007-01-26,9727,14299,14413,14034,14413,14197
2007-01-29,9804,14413,14641,14299,14337,39269
2007-01-30,9933,14603,14754,14337,14375,29076
2007-01-31,9779,14375,14641,14034,14489,54824
2007-02-01,9804,14413,14413,14148,14375,25596
2007-02-02,10166,14944,14944,14337,14413,18692
2007-02-05,10424,15323,15475,15020,15285,35379
2007-02-06,10578,15551,15589,15134,15248,17126
2007-02-07,10449,15361,15589,15134,15551,11587
2007-02-08,10372,15248,15513,15096,15513,18521
2007-02-09,10346,15210,15210,14868,15172,20248
2007-02-12,10243,15058,15172,14792,15172,12180
2007-02-13,10398,15285,15513,14906,15096,34142
2007-02-14,10527,15475,15665,15285,15437,18099
2007-02-15,10527,15475,15665,15172,15323,18923
2007-02-16,10604,15589,15779,15399,15399,17650
2007-02-20,11275,16575,16575,15627,15854,44555
2007-02-21,11069,16272,16689,16234,16689,27643
2007-02-22,11275,16575,16575,16158,16272,31360
2007-02-23,11327,16651,16954,16423,16423,47996
2007-02-26,11094,16310,17030,16310,16651,18846
2007-02-27,10836,15930,16613,15930,16158,20801
2007-02-28,10449,15361,15551,14641,15020,28728
2007-03-05,10320,15172,15779,15172,15399,36925
2007-03-06,10785,15854,16082,14716,15172,26654
2007-03-07,10553,15513,15892,15513,15703,10256
2007-03-08,10785,15854,15968,15475,15551,16056
2007-03-09,10862,15968,16006,15627,15816,14896
2007-03-12,10656,15665,15968,15627,15930,14238
2007-03-13,10604,15589,15779,15513,15665,11745
2007-03-14,10553,15513,15513,15248,15399,17005
2007-03-15,10578,15551,15665,15323,15513,15370
2007-03-16,10527,15475,15816,15285,15437,13489
2007-03-19,10578,15551,15627,15323,15551,11267
2007-03-20,10682,15703,15703,15323,15551,11666
2007-03-21,10578,15551,15741,15437,15703,15647
2007-03-22,10630,15627,15665,15248,15551,23491
2007-03-23,10578,15551,15665,15285,15551,25204
2007-03-26,10630,15627,15665,15361,15361,18389
2007-03-27,10759,15816,16044,15475,15627,24138
2007-03-28,10656,15665,15816,15475,15816,13342
2007-03-29,10836,15930,15930,15437,15475,12193
2007-03-30,11327,16651,16651,15930,15968,39117
2007-04-02,11069,16272,16689,16158,16689,19773
2007-04-03,11146,16385,16385,15779,16234,22410
2007-04-04,11043,16234,16385,16006,16196,22665
2007-04-05,10940,16082,16613,16006,16158,24270
2007-04-06,11198,16461,16575,16196,16385,24361
2007-04-09,12127,17827,17903,16461,16499,84696
2007-04-10,12591,18509,18737,17978,18206,96467
2007-04-11,12178,17903,18585,17827,18585,52757
2007-04-12,12152,17865,18092,17447,18092,33852
2007-04-13,12023,17675,17978,17447,17903,19193
2007-04-16,12385,18206,18206,17637,17751,42193
2007-04-17,12075,17751,18244,17751,18206,32296
2007-04-18,11920,17523,18054,17410,17751,41450
2007-04-19,11456,16841,17447,16765,17447,56103
2007-04-20,11481,16878,17220,16841,16841,16288
2007-04-23,12023,17675,17865,16727,16727,219672
2007-04-24,11894,17485,17827,17296,17447,21716
2007-04-25,11765,17296,17751,17106,17751,34038
2007-04-26,11559,16992,17447,16954,17334,13949
2007-04-27,11688,17182,17220,16803,16803,17295
2007-04-30,11636,17106,17220,16916,17220,6275
2007-05-02,12075,17751,17827,16916,17106,27946
2007-05-03,11817,17372,17751,17334,17751,27656
2007-05-04,11585,17030,17296,16537,17296,43480
2007-05-07,11636,17106,17106,16689,16992,24368
2007-05-08,11352,16689,17106,16651,17106,25969
2007-05-09,11456,16841,17068,16537,16651,14947
2007-05-10,11352,16689,17144,16689,17144,26566
2007-05-11,11094,16310,16689,16158,16651,25125
2007-05-14,11094,16310,16310,16082,16158,24571
2007-05-15,11069,16272,16385,16006,16310,19602
2007-05-16,11043,16234,16310,16006,16120,6064
2007-05-17,11275,16575,16613,15930,16310,21276
2007-05-18,11688,17182,17220,16537,16537,32781
2007-05-21,12023,17675,18016,17182,17182,134186
2007-05-22,13055,19192,20027,17599,17978,314808
2007-05-23,13262,19496,19572,18168,18965,255009
2007-05-25,15249,22416,22416,18585,18965,521974
2007-05-28,15687,23061,23668,21923,22909,242758
2007-05-29,15558,22871,23061,21696,23061,191537
2007-05-30,15429,22682,23592,22113,22796,56479
2007-05-31,16513,24275,25868,22720,22871,299036
2007-06-01,16177,23782,24578,22378,24578,129409
2007-06-04,14810,21771,23440,21771,23440,118461
2007-06-05,14913,21923,22075,20937,21620,93052
2007-06-07,15326,22530,22985,21316,21316,70544
2007-06-08,14862,21847,22834,21013,22796,85170
2007-06-11,14629,21506,22378,20292,22378,91427
2007-06-12,14242,20937,21506,20747,21506,41939
2007-06-13,14087,20709,21316,20444,21089,60309
2007-06-14,14087,20709,20937,20027,20823,117405
2007-06-15,13933,20482,21165,20292,20709,138649
2007-06-18,13597,19989,20861,19609,20861,147690
2007-06-19,13313,19572,20634,19572,19989,163364
2007-06-20,12901,18965,19799,18775,19572,123974
2007-06-21,13055,19192,19609,18889,18889,65884
2007-06-22,12978,19078,19458,18965,19458,22780
2007-06-25,12901,18965,19344,18623,18851,116687
2007-06-26,12539,18434,18965,18130,18927,95900
2007-06-27,12875,18927,19192,18585,18927,217159
2007-06-28,12875,18927,19003,18509,18927,90205
2007-06-29,13081,19230,19609,18927,18927,73161
2007-07-02,13313,19572,19609,18965,19420,48477
2007-07-03,13159,19344,19875,19268,19799,126166
2007-07-04,13313,19572,19723,19306,19458,99978
2007-07-05,13752,20216,20596,19799,19913,162878
2007-07-06,13597,19989,20292,19458,20254,78855
2007-07-09,13391,19685,19951,19420,19723,61277
2007-07-10,13494,19837,19989,19344,19534,62114
2007-07-11,13933,20482,20482,19875,19913,137357
2007-07-12,14139,20785,21354,20747,20785,182045
2007-07-13,14191,20861,21771,20178,21013,134196
2007-07-16,14139,20785,21240,20482,20861,61850
2007-07-18,14242,20937,21089,20216,20861,64236
2007-07-19,14733,21658,21771,20785,20861,115857
2007-07-20,15584,22909,23137,21999,22075,142539
2007-07-23,15610,22947,23213,22530,23137,51770
2007-07-24,15481,22758,23099,22113,22985,75399
2007-07-25,15403,22644,22985,22075,22151,44635
2007-07-26,15223,22378,22985,21999,22985,46086
2007-07-27,14552,21392,21999,20785,21999,50105
2007-07-30,14500,21316,21316,20861,21165,21877
2007-07-31,15171,22303,22340,21316,21544,50158
2007-08-01,14629,21506,21885,21089,21771,54508
2007-08-02,14552,21392,22075,20937,21506,63394
2007-08-03,14965,21999,21999,21316,21468,37226
2007-08-06,14500,21316,21658,21013,21354,67374
2007-08-07,14423,21203,21620,21203,21620,25518
2007-08-08,14604,21468,21582,21165,21468,43376
2007-08-09,14733,21658,21771,21392,21771,40060
2007-08-10,14062,20672,21544,20634,21544,37174
2007-08-13,14062,20672,21165,20103,20672,33957
2007-08-14,13623,20027,20747,19723,20747,20630
2007-08-16,11585,17030,19268,17030,19268,123808
2007-08-17,11301,16613,16992,16044,16310,56249
2007-08-20,12281,18054,18130,16916,16916,23491
2007-08-21,12488,18358,18585,17751,18206,20063
2007-08-22,12333,18130,18509,18092,18358,20538
2007-08-23,13004,19116,19192,18434,18585,39138
2007-08-24,12901,18965,19116,18661,19116,11798
2007-08-27,13159,19344,19344,18737,19116,28487
2007-08-28,12926,19003,19420,18585,19268,23632
2007-08-29,12746,18737,19116,18358,18472,16596
2007-08-30,12952,19041,19268,18737,19268,11047
2007-08-31,13313,19572,19572,18737,19192,14685
2007-09-03,13468,19799,20709,19572,19572,26982
2007-09-04,13520,19875,20065,19496,19799,14579
2007-09-05,13520,19875,20065,19116,19951,38347
2007-09-06,13339,19609,19875,19116,19496,31347
2007-09-07,12772,18775,19572,18775,19344,24255
2007-09-10,12230,17978,18661,17978,18661,16346
2007-09-11,12772,18775,18813,17827,18016,18916
2007-09-12,12539,18434,18851,18016,18851,11047
2007-09-13,12385,18206,18965,17903,18206,19343
2007-09-14,12436,18282,18320,17978,18206,18323
2007-09-17,12385,18206,18396,17903,18282,13050
2007-09-18,12178,17903,17941,17334,17903,18494
2007-09-19,12514,18396,18396,17675,18092,35605
2007-09-20,12230,17978,18396,17789,18016,15542
2007-09-21,12359,18168,18320,17713,17941,16570
2007-09-27,12385,18206,18320,18054,18130,16214
2007-09-28,12591,18509,18813,18016,18206,30957
2007-10-01,12797,18813,19041,18509,18661,12702
2007-10-02,12952,19041,19192,18737,19041,26008
2007-10-04,12875,18927,19003,18623,18661,14756
2007-10-05,13184,19382,20178,18927,18927,56533
2007-10-08,13339,19609,20254,19609,19761,35236
2007-10-09,13184,19382,19723,19154,19723,19206
2007-10-10,13055,19192,19382,19041,19382,22133
2007-10-11,13855,20368,20368,19003,19041,52952
2007-10-12,14062,20672,20672,19951,20254,36554
2007-10-15,14449,21240,21999,20709,20709,47462
2007-10-16,14449,21240,22075,20785,21240,96598
2007-10-17,14191,20861,21923,20709,21468,49434
2007-10-18,13907,20444,21392,20368,21392,39143
2007-10-19,13417,19723,20823,19723,20482,45046
2007-10-22,12901,18965,19534,18320,18320,22524
2007-10-23,12952,19041,19344,18965,19192,32415
2007-10-24,13133,19306,20330,18623,19003,53608
2007-10-25,13107,19268,19875,19078,19306,38769
2007-10-26,12978,19078,20254,18965,20027,65784
2007-10-29,13081,19230,19572,19116,19230,36277
2007-10-30,13107,19268,19799,19041,19420,24163
2007-10-31,13210,19420,19685,19041,19685,39810
2007-11-01,13159,19344,19761,18851,19723,42183
2007-11-02,13081,19230,19306,18737,18737,19338
2007-11-05,12901,18965,19230,18775,19078,39283
2007-11-06,13004,19116,19116,18699,18965,44608
2007-11-07,13081,19230,19230,18661,19041,43896
2007-11-08,14242,20937,20937,19116,19230,116064
2007-11-09,14965,21999,22303,20558,20558,117409
2007-11-12,14604,21468,21999,20330,21582,46665
2007-11-13,14681,21582,21885,20785,21847,19736
2007-11-14,14681,21582,21847,20861,21734,35577
2007-11-15,14449,21240,21468,20558,21013,40416
2007-11-16,14655,21544,21582,20216,20747,32613
2007-11-19,14629,21506,21620,21127,21240,14594
2007-11-20,14345,21089,21392,20861,21392,16346
2007-11-21,13933,20482,21051,20178,21013,12154
2007-11-22,13881,20406,20482,19572,20482,18191
2007-11-23,13004,19116,20254,19116,20254,14396
2007-11-26,13391,19685,19723,19154,19344,16346
2007-11-27,14449,21240,21240,18396,19685,21408
2007-11-28,14449,21240,21240,20406,21240,14237
2007-11-29,14681,21582,21885,20937,21240,46035
2007-11-30,14758,21696,21847,21165,21582,15378
2007-12-03,14707,21620,21809,21316,21771,11521
2007-12-04,14655,21544,21544,21013,21316,13133
2007-12-05,14552,21392,21468,21089,21392,9096
2007-12-06,14449,21240,21392,21013,21392,12549
2007-12-07,14345,21089,21240,20709,21240,12818
2007-12-10,14113,20747,21013,20330,21013,12497
2007-12-11,14036,20634,20861,20368,20747,7607
2007-12-12,13649,20065,20861,19799,20861,23721
2007-12-13,13984,20558,20558,19647,20065,37457
2007-12-14,14449,21240,21240,19989,20406,16446
2007-12-17,14397,21165,21240,20406,20785,13050
2007-12-18,14191,20861,21089,20482,20709,12259
2007-12-20,14191,20861,21240,20368,21240,18662
2007-12-21,14423,21203,21240,19154,19154,22660
2007-12-24,14552,21392,21430,20634,21203,14512
2007-12-26,14552,21392,21430,20861,21354,13709
2007-12-27,14900,21392,21392,21013,21316,7813
2007-12-28,15138,21734,21847,21051,21316,24163
2008-01-02,15402,22113,22454,20861,21354,50660
2008-01-03,15296,21961,21999,21696,21999,7072
2008-01-04,15746,22606,22909,21961,22378,48049
2008-01-07,15851,22758,23137,22075,22303,49675
2008-01-08,15851,22758,22909,22644,22758,69474
2008-01-09,15798,22682,22834,22378,22758,23161
2008-01-10,16063,23061,23630,22682,22909,35696
2008-01-11,15666,22492,23516,21696,22909,27358
2008-01-14,15693,22530,22871,21847,22606,55858
2008-01-15,15693,22530,22909,22151,22454,31083
2008-01-16,15666,22492,23289,22189,22303,51937
2008-01-17,15851,22758,22758,21771,22720,17743
2008-01-18,16063,23061,23213,22530,22606,76513
2008-01-21,15983,22947,24275,22834,23365,111952
2008-01-22,15798,22682,23137,20558,22947,38744
2008-01-23,15402,22113,23213,21544,22682,35039
2008-01-24,15719,22568,22682,21809,22113,60449
2008-01-25,15851,22758,23099,21961,22568,15148
2008-01-28,15376,22075,22758,21620,22454,19734
2008-01-29,15191,21809,22227,21240,21923,14474
2008-01-30,14953,21468,22113,20140,22113,33746
2008-01-31,15164,21771,21847,20861,20975,18850
2008-02-01,15217,21847,22227,21620,21771,26326
2008-02-04,15006,21544,22606,21544,21847,25431
2008-02-05,15429,22151,22378,21544,21620,89029
2008-02-11,15746,22606,22909,21468,21999,39806
2008-02-12,16115,23137,23289,22378,22378,31528
2008-02-13,16591,23820,23971,22871,22909,37906
2008-02-14,17172,24654,25640,24009,24275,100395
2008-02-15,17172,24654,25413,23896,24578,60440
2008-02-18,16961,24351,24844,24123,24427,22225
2008-02-19,17067,24502,24540,23896,24123,33417
2008-02-20,16617,23858,24958,23668,24958,31195
2008-02-21,16855,24199,24427,23592,23858,46506
2008-02-22,16802,24123,24313,23820,24313,21368
2008-02-25,16908,24275,25337,24123,24616,89243
2008-02-26,17304,24844,25185,24275,24654,34574
2008-02-27,17701,25413,25678,24920,25375,37174
2008-02-28,17965,25792,25792,24882,25451,27207
2008-02-29,18493,26551,27006,25565,25565,57776
2008-03-03,18784,26968,27158,26058,26058,27908
2008-03-04,18335,26323,27461,25792,27158,49853
2008-03-05,18625,26740,27120,26171,27082,78296
2008-03-06,18757,26930,27082,26323,26551,21845
2008-03-07,18546,26627,26930,26285,26930,13897
2008-03-10,17727,25451,26475,25033,25982,25903
2008-03-11,18229,26171,26513,25033,25451,13525
2008-03-12,18123,26020,26702,25944,26702,28816
2008-03-13,17806,25565,26664,25489,26020,40113
2008-03-14,17806,25565,28827,25033,25565,64790
2008-03-17,17780,25527,25565,23516,24882,20340
2008-03-18,17859,25640,26133,24882,24882,11890
2008-03-19,17753,25489,26171,25109,25792,29528
2008-03-20,17225,24730,25337,24730,25337,18707
2008-03-21,18203,26133,26892,24616,25033,48958
2008-03-24,18493,26551,26702,25792,26171,46414
2008-03-25,18044,25906,26854,25906,26854,31176
2008-03-26,17701,25413,26475,24882,25906,36213
2008-03-27,17436,25033,25413,24844,25337,17189
2008-03-28,18071,25944,26323,24692,25033,36247
2008-03-31,17886,25678,26171,25261,25716,14250
2008-04-01,17331,24882,26020,24844,25792,14988
2008-04-02,17331,24882,25678,24427,25109,39230
2008-04-03,17331,24882,25375,24047,25071,44516
2008-04-04,17014,24427,25185,23896,25033,27417
2008-04-07,17357,24920,25109,24047,25109,24044
2008-04-08,17146,24616,24730,24199,24730,36277
2008-04-10,17621,25299,25337,24389,24427,33351
2008-04-11,17252,24768,25413,24502,25299,27221
2008-04-14,16115,23137,24654,23137,24654,41182
2008-04-15,16010,22985,23440,22378,23137,39844
2008-04-16,16380,23516,23782,22720,22720,31347
2008-04-17,16089,23099,24161,23099,23554,24690
2008-04-18,15693,22530,23213,22530,23137,35443
2008-04-21,15851,22758,23099,22303,22568,42868
2008-04-22,15640,22454,22834,22454,22758,25296
2008-04-23,15851,22758,23137,22416,22416,37780
2008-04-24,15693,22530,23402,22530,23402,54811
2008-04-25,16644,23896,23896,22530,22530,52030
2008-04-28,16485,23668,23744,22796,23516,57645
2008-04-29,16115,23137,23592,22871,22909,37105
2008-04-30,16697,23971,24047,22985,22985,27934
2008-05-02,17119,24578,24654,23365,24085,26878
2008-05-06,17225,24730,24844,23820,23820,13791
2008-05-07,17410,24996,25337,24351,24351,54153
2008-05-08,17410,24996,25223,24389,24654,33100
2008-05-09,17489,25109,25261,24654,24996,9992
2008-05-13,17172,24654,25109,24578,25109,25573
2008-05-14,16908,24275,24996,23934,24578,31795
2008-05-15,17225,24730,24920,23971,24427,31347
2008-05-16,16987,24389,24882,24047,24806,40080
2008-05-19,17014,24427,24882,24009,24502,21889
2008-05-20,17648,25337,25489,24275,24654,25989
2008-05-21,17886,25678,25944,24996,25033,26470
2008-05-22,17648,25337,25640,24958,25640,31406
2008-05-23,17542,25185,25754,25185,25754,19883
2008-05-26,17595,25261,25261,24047,24958,22146
2008-05-27,17780,25527,25716,25033,25413,12151
2008-05-28,17859,25640,25754,25261,25716,52267
2008-05-29,17780,25527,25792,25071,25299,18547
2008-05-30,17938,25754,25754,24768,25337,37793
2008-06-02,17436,25033,25678,25033,25261,8331
2008-06-03,17859,25640,25792,24806,24844,51173
2008-06-04,17674,25375,25640,25261,25640,12524
2008-06-05,17648,25337,25716,25033,25451,20577
2008-06-09,17727,25451,25489,24654,24996,15674
2008-06-10,17436,25033,25602,25033,25451,21166
2008-06-11,17278,24806,25109,24578,25033,23042
2008-06-12,17489,25109,25337,24351,24654,27895
2008-06-13,17172,24654,25299,24654,25299,9131
2008-06-16,17199,24692,25033,24389,24654,16794
2008-06-17,17014,24427,24692,24085,24313,12059
2008-06-18,16644,23896,24427,23592,24123,33261
2008-06-19,16353,23478,23896,23327,23554,19558
2008-06-20,16353,23478,23858,22947,23365,6024
2008-06-23,16512,23706,24123,22909,23289,21276
2008-06-24,15931,22871,23896,22834,23516,13191
2008-06-25,15957,22909,23327,22454,23137,18910
2008-06-26,16010,22985,23478,22834,22909,52715
2008-06-27,16248,23327,23402,22606,22644,12039
2008-06-30,15851,22758,23137,22606,23137,9776
2008-07-01,15851,22758,23175,22378,22606,11144
2008-07-02,15693,22530,22796,21620,22758,10954
2008-07-03,15614,22416,22530,21999,22303,6683
2008-07-04,15429,22151,22454,21923,22416,7830
2008-07-07,15059,21620,22151,20634,22151,36646
2008-07-08,15059,21620,21658,19268,21127,50527
2008-07-09,14953,21468,21620,20292,21127,35249
2008-07-10,15032,21582,21696,20823,21165,31321
2008-07-11,15429,22151,22303,21089,21734,16926
2008-07-14,15402,22113,22530,21544,22113,17374
2008-07-15,14530,20861,22037,20861,21771,10335
2008-07-16,14028,20140,21240,20027,21240,32428
2008-07-17,13976,20065,21165,19989,20482,16662
2008-07-18,13579,19496,20292,19458,19913,17147
2008-07-21,14636,21013,21544,19496,19496,31533
2008-07-22,14002,20103,21089,19761,21089,26285
2008-07-23,14425,20709,20709,19761,20103,60440
2008-07-24,14742,21165,21165,20406,20634,25191
2008-07-25,14742,21165,21316,20330,21051,24519
2008-07-28,15006,21544,21544,20330,20937,34735
2008-07-29,14372,20634,21165,20558,21165,8856
2008-07-30,14002,20103,21240,19951,20899,30292
2008-07-31,13817,19837,20406,19306,19875,34165
2008-08-01,13526,19420,19989,19230,19837,14979
2008-08-04,13209,18965,19609,17106,19609,26628
2008-08-05,12839,18434,19609,18282,18396,24728
2008-08-06,13341,19154,19154,18130,18661,35687
2008-08-07,12655,18168,18965,18168,18813,19357
2008-08-08,12153,17447,17978,17447,17978,64839
2008-08-11,12153,17447,17978,17447,17751,24690
2008-08-12,12681,18206,18358,17296,17410,23860
2008-08-13,12153,17447,18434,17447,18206,22502
2008-08-14,12153,17447,18092,17258,17447,39428
2008-08-18,11941,17144,17675,16575,17410,53770
2008-08-19,12020,17258,17296,16537,16841,11397
2008-08-20,12417,17827,18585,16575,16841,164513
2008-08-21,12153,17447,17827,17106,17523,22818
2008-08-22,12100,17372,17599,16575,17030,177973
2008-08-25,11783,16916,18016,16803,17220,30333
2008-08-26,11334,16272,16992,16006,16689,47837
2008-08-27,11096,15930,16196,15475,15968,94674
2008-08-28,11043,15854,16082,15285,15968,44343
2008-08-29,10832,15551,15854,15134,15703,76100
2008-09-01,9378,13465,15513,13275,15513,94160
2008-09-02,8427,12099,13996,11454,13123,277043
2008-09-03,9088,13048,13237,11644,11644,61112
2008-09-04,8718,12517,13465,12517,12706,36725
2008-09-05,8454,12137,12479,11758,11986,33061
2008-09-08,8877,12744,13237,12251,12251,54086
2008-09-09,8612,12365,12896,12175,12896,43053
2008-09-10,8612,12365,12744,11910,12251,113122
2008-09-11,9273,13313,13806,12441,12517,70959
2008-09-12,9431,13541,14337,13199,14337,66899
2008-09-16,8665,12441,12706,12061,12061,33496
2008-09-17,9061,13010,13010,12517,12517,40878
2008-09-18,8744,12554,12934,12023,12668,237
2008-09-19,8850,12706,13123,12630,12896,54969
2008-09-22,8454,12137,12896,12137,12820,45901
2008-09-23,8639,12403,12403,11834,12061,30490
2008-09-24,8612,12365,12896,12099,12137,61508
2008-09-25,8877,12744,12744,12175,12213,55312
2008-09-26,8639,12403,12934,12365,12934,63373
2008-09-29,8454,12137,12668,12137,12479,55556
2008-09-30,8216,11796,11872,11037,11606,26391
2008-10-01,7873,11303,12061,11303,11834,87516
2008-10-02,7397,10620,11492,10392,11379,109912
2008-10-06,7080,10165,10961,10165,10279,78776
2008-10-07,6710,9634,9975,9292,9634,148839
2008-10-08,6604,9482,9634,9027,9141,93751
2008-10-09,6525,9368,9520,9103,9103,85250
2008-10-10,6076,8723,8989,7965,8572,116306
2008-10-13,5997,8610,8951,8420,8572,113295
2008-10-14,6235,8951,9558,8951,9103,238546
2008-10-15,5970,8572,8989,8458,8875,70036
2008-10-16,5283,7586,8192,7381,7927,166450
2008-10-17,5125,7358,7965,7358,7737,125414
2008-10-20,5363,7699,7699,6827,7396,116108
2008-10-21,5231,7510,8041,7077,7813,102135
2008-10-22,4903,7039,7358,6827,7221,89216
2008-10-23,4533,6508,6713,6212,6683,80002
2008-10-24,3862,5545,6736,5545,6736,16662
2008-10-27,3286,4718,5439,4718,4817,100776
2008-10-28,3619,5196,5310,4013,4096,154626
2008-10-29,3328,4779,5689,4422,5613,115542
2008-10-30,3698,5310,5424,4893,5082,372236
2008-10-31,3656,5249,5575,5082,5249,193696
2008-11-03,3698,5310,5424,5052,5226,273318
2008-11-04,4253,6106,6106,5401,5401,467660
2008-11-05,4887,7017,7017,6675,7017,495858
2008-11-06,4158,5970,6789,5970,6675,352753
2008-11-07,4015,5765,5901,5332,5461,872786
2008-11-10,4047,5810,6068,5644,6068,350354
2008-11-11,3751,5386,5727,5348,5552,372526
2008-11-12,3624,5204,5348,5135,5196,134293
2008-11-13,3318,4764,4900,4475,4893,125408
2008-11-14,3492,5014,5310,4968,4968,130955
2008-11-17,3619,5196,5552,5052,5052,206376
2008-11-18,3497,5021,5158,5021,5158,75301
2008-11-19,3318,4764,5196,4627,5196,183890
2008-11-20,2948,4233,4422,4225,4415,149577
2008-11-21,2747,3944,4164,3603,4164,1899393
2008-11-24,2647,3800,3982,3686,3906,477047
2008-11-25,2694,3868,4058,3838,4020,228339
2008-11-26,3032,4354,4445,3914,3914,424556
2008-11-27,3170,4551,4703,4445,4483,411554
2008-11-28,3508,5037,5158,4475,4657,429523
2008-12-01,3566,5120,5226,4946,5120,208609
2008-12-02,3313,4756,4915,4635,4635,217016
2008-12-03,3313,4756,4938,4498,4893,272263
2008-12-04,3291,4726,4930,4445,4893,252320
2008-12-05,3328,4779,4786,4544,4581,200302
2008-12-08,3503,5029,5037,4779,4779,234404
2008-12-09,3460,4968,5158,4915,5158,274157
2008-12-10,3793,5446,5446,4885,4991,377087
2008-12-11,3920,5628,5932,5348,5461,592489
2008-12-12,3962,5689,6015,5234,5575,564738
2008-12-15,4528,6501,6501,5992,6068,344817
2008-12-16,4813,6910,7472,6804,6979,1008852
2008-12-17,4755,6827,7419,6554,7358,633474
2008-12-18,5125,7358,7775,6637,6850,724106
2008-12-19,5172,7426,7570,7214,7267,396888
2008-12-22,5468,7851,8268,7548,7737,786117
2008-12-23,5019,7206,7737,6827,7699,649605
2008-12-24,4808,6903,7161,6622,7055,345498
2008-12-26,4771,6850,7199,6683,6979,321616
2008-12-29,4901,6524,6781,6190,6690,387535
2008-12-30,4930,6561,6713,6455,6637,145662
2009-01-02,5112,6804,6812,6296,6675,202403
2009-01-05,5181,6895,7130,6865,6979,217730
2009-01-06,5169,6880,7055,6743,6903,371292
2009-01-07,5568,7411,7510,6986,7108,496058
2009-01-08,6383,8496,8496,7062,7206,874047
2009-01-09,6640,8837,9672,8496,8951,1606930
2009-01-12,6155,8192,9027,8079,8837,644486
2009-01-13,6383,8496,8723,7623,7813,647593
2009-01-14,6583,8761,9103,8192,8420,831725
2009-01-15,6041,8041,8458,7889,8344,379658
2009-01-16,6184,8230,8268,7737,8003,464463
2009-01-19,6497,8648,8913,8155,8382,452863
2009-01-20,6839,9103,9254,8458,8875,729120
2009-01-21,6554,8723,8875,8572,8686,326969
2009-01-22,6526,8686,9103,8686,9027,246947
2009-01-23,6526,8686,8686,8306,8686,208314
2009-01-28,6896,9179,9254,8723,8799,414385
2009-01-29,6896,9179,9444,9027,9406,284774
2009-01-30,6953,9254,9292,8837,8913,208508
2009-02-02,6782,9027,9406,8913,9103,288684
2009-02-03,7238,9634,9786,8913,9217,600794
2009-02-04,7352,9786,10013,9558,9937,338874
2009-02-05,7124,9482,9786,9482,9672,216991
2009-02-06,7181,9558,9786,9330,9634,189176
2009-02-09,7124,9482,9861,9444,9861,188823
2009-02-10,7210,9596,9634,9179,9558,237278
2009-02-11,8179,10886,10961,9179,9254,662807
2009-02-12,8407,11189,11454,10544,10923,423136
2009-02-13,8407,11189,11379,10961,11265,167645
2009-02-16,8492,11303,11568,10961,11227,267608
2009-02-17,7922,10544,11303,10392,11151,245356
2009-02-18,8207,10923,10999,9786,10165,317484
2009-02-19,8435,11227,11530,10810,11075,417119
2009-02-20,7894,10506,11113,10051,10999,349141
2009-02-23,7894,10506,10620,10051,10355,279231
2009-02-24,7466,9937,10165,9558,9899,302850
2009-02-25,7124,9482,10392,9482,10241,189862
2009-02-26,7067,9406,9937,9292,9482,170379
2009-02-27,7267,9672,9710,9217,9406,180371
2009-03-02,6611,8799,9406,8799,9406,180280
2009-03-03,6953,9254,10089,7851,7965,401566
2009-03-04,7067,9406,9482,8761,9482,182498
2009-03-05,7010,9330,9634,9179,9596,190640
2009-03-06,7096,9444,9520,8837,9065,152663
2009-03-09,7210,9596,9823,9368,9596,110479
2009-03-10,7466,9937,10051,9444,9558,186632
2009-03-11,7523,10013,10241,9899,10203,244277
2009-03-12,7352,9786,10165,9748,9899,91401
2009-03-13,7267,9672,10127,9672,10089,80113
2009-03-16,7723,10279,10392,9786,9937,186644
2009-03-17,8179,10886,11113,10203,10203,285013
2009-03-18,8663,11530,11530,11037,11075,303665
2009-03-19,8806,11720,12213,11530,11568,335233
2009-03-20,9005,11986,11986,11379,11834,264882
2009-03-23,9062,12061,12137,11986,11986,15410
2009-03-24,10259,13654,14375,13085,13503,455310
2009-03-25,10316,13730,13806,13123,13654,267296
2009-03-26,10630,14148,14565,13503,13730,249774
2009-03-27,10202,13579,14489,13427,14489,252547
2009-03-30,9917,13199,13882,13048,13503,164725
2009-03-31,10145,13503,13730,13275,13351,190152
2009-04-01,10430,13882,13882,13313,13427,154716
2009-04-02,11000,14641,15172,14034,14299,290809
2009-04-03,11114,14792,15134,14261,14830,215065
2009-04-06,11228,14944,15020,14679,14982,140956
2009-04-07,11342,15096,15096,14375,14944,165185
2009-04-08,11713,15589,16272,14565,14792,207488
2009-04-09,13451,17903,17903,15930,15930,280589
2009-04-10,13480,17941,18965,17523,18661,237109
2009-04-13,13451,17903,19192,17789,17941,181689
2009-04-14,14135,18813,18813,16992,17978,153504
2009-04-15,14933,19875,21013,18244,18623,310293
2009-04-16,15503,20634,21696,20178,20482,345852
2009-04-17,15019,19989,21392,18737,21278,289747
2009-04-20,14249,18965,19723,18168,19723,323913
2009-04-21,14363,19116,19837,18206,18661,286995
2009-04-22,13964,18585,19572,18585,19572,272810
2009-04-23,13964,18585,18927,18092,18927,138386
2009-04-24,13765,18320,18585,17485,18509,510937
2009-04-27,13394,17827,18434,17751,18206,154353
2009-04-28,13622,18130,18889,17561,17941,295363
2009-04-29,13850,18434,18434,17182,18130,214313
2009-04-30,14135,18813,18927,18244,18472,164722
2009-05-04,14192,18889,19116,18661,18965,104890
2009-05-06,13993,18623,19572,18623,18889,140226
2009-05-07,13907,18509,19192,18434,19116,197978
2009-05-08,13708,18244,18661,17903,18585,134845
2009-05-11,13651,18168,18472,17827,18358,134376
2009-05-12,13109,17447,18054,16916,17903,243190
2009-05-13,12995,17296,18054,16916,17447,202148
2009-05-14,12482,16613,17144,16613,16916,142912
2009-05-15,12796,17030,17523,16803,16803,101594
2009-05-18,12625,16803,16954,16272,16613,87012
2009-05-19,13166,17523,17599,16841,17182,158318
2009-05-20,12995,17296,17827,17258,17637,82710
2009-05-21,12710,16916,17334,16575,17182,171071
2009-05-22,12454,16575,17144,16310,16878,158031
2009-05-25,12340,16423,16916,15779,16310,164279
2009-05-26,12112,16120,16651,15968,16423,113129
2009-05-27,11855,15779,16310,15475,16272,96256
2009-05-28,12454,16575,16575,14868,15703,196477
2009-05-29,12824,17068,17599,16234,16575,214233
2009-06-01,13565,18054,18092,16992,17372,206596
2009-06-02,13964,18585,18737,18092,18358,242548
2009-06-03,14021,18661,18661,17903,18358,145598
2009-06-04,13850,18434,18737,18244,18699,75771
2009-06-05,13651,18168,18585,17637,18434,74164
2009-06-08,13565,18054,18396,17599,18206,59728
2009-06-09,13223,17599,18358,17599,18358,48695
2009-06-10,13622,18130,18509,17599,17599,100892
2009-06-11,13622,18130,18509,17827,17903,51870
2009-06-12,13138,17485,18168,17485,18168,52135
2009-06-15,13366,17789,17789,17182,17334,49130
2009-06-16,13280,17675,17675,17372,17372,24361
2009-06-17,13081,17410,17447,17220,17334,32373
2009-06-18,13109,17447,17713,17258,17410,14204
2009-06-19,12710,16916,17751,16461,17485,62036
2009-06-22,12254,16310,17296,16310,16841,109610
2009-06-23,12055,16044,16158,15513,16044,100950
2009-06-24,12197,16234,16234,15551,16006,54468
2009-06-25,12596,16765,16765,16006,16006,49578
2009-06-26,12739,16954,16954,16613,16765,81993
2009-06-29,13109,17447,17447,16765,17068,61129
2009-06-30,13252,17637,17827,16954,17827,60176
2009-07-01,13337,17751,17827,17447,17637,40495
2009-07-02,13423,17865,17903,17523,17561,47080
2009-07-03,13394,17827,17827,17144,17637,83353
2009-07-06,13166,17523,17903,16954,17561,107012
2009-07-07,12881,17144,17485,16992,17485,73517
2009-07-08,12767,16992,17220,16651,17220,65647
2009-07-09,12739,16954,17220,16499,16992,42224
2009-07-10,12767,16992,16992,16385,16765,62035
2009-07-13,12311,16385,16992,16158,16992,69957
2009-07-14,12539,16689,16689,16006,16499,42684
2009-07-15,12767,16992,16992,16461,16841,54658
2009-07-16,13052,17372,17713,16689,17030,185381
2009-07-17,12682,16878,17447,16727,17372,112739
2009-07-20,13109,17447,17447,16727,16765,120906
2009-07-21,13252,17637,18168,17144,17637,156300
2009-07-22,12910,17182,17789,16878,17675,185816
2009-07-23,12881,17144,17220,16878,16916,99104
2009-07-24,12938,17220,17561,16916,17372,127379
2009-07-27,13337,17751,17751,17106,17220,132335
2009-07-28,14078,18737,18737,17978,17978,269853
2009-07-29,14335,19078,19154,18320,18737,138935
2009-07-30,14534,19344,19420,18585,19192,121892
2009-07-31,14534,19344,19572,18851,19344,130412
2009-08-03,14449,19230,19268,18889,19154,74534
2009-08-04,14762,19647,20103,19268,19420,149285
2009-08-05,14819,19723,20178,19268,19723,242636
2009-08-06,14819,19723,20140,19344,19723,125122
2009-08-07,14933,19875,20634,19761,20140,218928
2009-08-10,14933,19875,20178,19192,20178,136975
2009-08-11,14620,19458,19761,19306,19761,84419
2009-08-12,13964,18585,19192,18585,19078,143471
2009-08-13,14962,19913,19913,18509,18661,189498
2009-08-14,15104,20103,20368,19685,19799,205852
2009-08-17,15047,20027,20254,19761,20103,90680
2009-08-18,15104,20103,20254,19192,19572,113524
2009-08-19,15674,20861,21013,20330,20406,200552
2009-08-20,15475,20596,21392,20406,21203,86257
2009-08-21,15361,20444,20709,19989,20634,56808
2009-08-24,16073,21392,21392,20065,20444,132249
2009-08-25,16444,21885,22378,21392,21468,176403
2009-08-26,16928,22530,22530,21809,22454,108361
2009-08-27,17042,22682,22909,21885,22909,122989
2009-08-28,17185,22871,22871,22151,22682,79062
2009-08-31,17527,23327,23365,22644,22871,122969
2009-09-01,17555,23365,23402,22454,23327,152400
2009-09-02,17299,23023,23175,22113,23099,173186
2009-09-03,16615,22113,22909,22113,22530,103213
2009-09-04,16843,22416,22416,21544,22189,80384
2009-09-07,16757,22303,22454,21771,22416,79122
2009-09-08,16643,22151,22265,21847,22265,83851
2009-09-09,16643,22151,22189,21354,21923,73609
2009-09-10,16415,21847,22644,21582,22151,131005
2009-09-11,15845,21089,22113,20861,21923,141667
2009-09-14,15361,20444,21051,20140,20937,149490
2009-09-15,15788,21013,21089,20140,20368,98839
2009-09-16,16244,21620,21809,20444,21316,173397
2009-09-17,16444,21885,21999,21468,21923,93630
2009-09-18,16529,21999,21999,21544,21696,50197
2009-09-21,16615,22113,22151,21278,21961,71842
2009-09-22,17014,22644,22644,21734,22378,128486
2009-09-23,16558,22037,22644,22037,22378,59004
2009-09-24,16159,21506,21961,21165,21771,75725
2009-09-25,16358,21771,21771,20709,21506,43422
2009-09-28,16244,21620,21620,20937,21544,58728
2009-09-29,16301,21696,21923,21127,21544,38827
2009-09-30,16814,22378,22682,21696,21923,142274
2009-10-01,16415,21847,22606,21771,22492,69775
2009-10-05,15902,21165,21582,20899,21582,74492
2009-10-06,15788,21013,21240,20406,21013,54363
2009-10-07,15845,21089,21240,20861,21013,34470
2009-10-08,16358,21771,21809,20785,21165,23939
2009-10-09,16529,21999,22113,21771,21847,30886
2009-10-12,16843,22416,22454,21771,22340,55299
2009-10-13,16957,22568,22834,22340,22606,37160
2009-10-14,17384,23137,23137,22454,22834,135947
2009-10-15,17498,23289,23592,22758,23592,47482
2009-10-16,17641,23478,23668,23137,23289,45072
2009-10-19,17612,23440,23706,23137,23251,48059
2009-10-20,17270,22985,23478,22492,23327,82441
2009-10-21,17270,22985,23099,22530,22758,37531
2009-10-22,16643,22151,22909,22151,22909,67388
2009-10-23,16928,22530,22606,21771,22378,67138
2009-10-26,16643,22151,22530,21847,22530,64882
2009-10-27,16216,21582,22037,21582,21771,52055
2009-10-28,16472,21923,21923,20747,21620,118714
2009-10-29,15446,20558,21544,19875,21316,145392
2009-10-30,15731,20937,20937,20482,20709,37379
2009-11-02,15047,20027,20444,19420,20103,96185
2009-11-03,14392,19154,20027,19154,20027,83854
2009-11-04,14249,18965,19382,18244,19154,122430
2009-11-05,14620,19458,19458,18509,18965,54073
2009-11-06,14648,19496,19799,19116,19799,56202
2009-11-09,14734,19609,19609,19041,19496,82048
2009-11-10,14620,19458,20103,19458,20065,50568
2009-11-11,14620,19458,19609,19154,19458,21882
2009-11-12,14648,19496,19647,19306,19534,19424
2009-11-13,14762,19647,19647,19154,19154,16849
2009-11-16,14933,19875,19875,19420,19723,24875
2009-11-17,15076,20065,20065,19685,19989,25890
2009-11-18,15332,20406,20444,19951,19951,27498
2009-11-19,15446,20558,20558,19989,20216,54870
2009-11-20,15133,20140,20596,20140,20558,40614
2009-11-23,14705,19572,20178,19420,20140,59623
2009-11-24,14591,19420,19723,18813,19609,76181
2009-11-25,14249,18965,19496,18851,19496,41604
2009-11-26,13879,18472,19192,18472,19041,47801
2009-11-27,13651,18168,18396,17675,18396,66882
2009-11-30,14021,18661,18851,18168,18168,40749
2009-12-01,14050,18699,18851,18244,18737,42826
2009-12-02,14078,18737,18813,18434,18585,54772
2009-12-03,14477,19268,19268,18775,18775,36757
2009-12-04,14591,19420,19420,18813,19268,37266
2009-12-07,14705,19572,19572,19116,19268,27801
2009-12-08,15389,20482,20634,19723,19761,108146
2009-12-09,15760,20975,20975,20027,20444,48167
2009-12-10,15845,21089,21165,20406,21165,45228
2009-12-11,15760,20975,21089,20747,21089,38716
2009-12-14,15532,20672,21051,20292,20975,72661
2009-12-15,15247,20292,20596,19951,20520,101184
2009-12-16,15332,20406,20520,20103,20103,43079
2009-12-17,15418,20520,20520,20178,20406,29006
2009-12-18,15503,20634,20634,20254,20558,23359
2009-12-21,15475,20596,20747,20254,20672,30437
2009-12-22,15503,20634,20672,20292,20482,46510
2009-12-23,15560,20709,20823,20368,20634,19846
2009-12-24,15959,21240,21544,20406,20406,53322
2009-12-28,16130,21468,21468,20861,21430,48116
2009-12-29,16770,21696,21696,20975,20975,45412
2009-12-30,16829,21771,21771,20899,21354,68507
2010-01-04,16213,20975,21847,20861,21847,114653
2010-01-05,15832,20482,20975,19837,20975,249869
2010-01-06,15744,20368,20368,19951,20178,77764
2010-01-07,15803,20444,20596,20140,20406,63617
2010-01-08,15979,20672,20672,20292,20330,40667
2010-01-11,16096,20823,20861,20406,20861,42793
2010-01-12,15949,20634,20747,20140,20709,142649
2010-01-13,15539,20103,20444,20065,20330,45295
2010-01-14,15480,20027,20216,19609,20216,56421
2010-01-15,15421,19951,20103,19534,19837,91406
2010-01-18,15187,19647,20292,19420,19572,152452
2010-01-19,15246,19723,19951,19420,19685,78731
2010-01-20,15275,19761,19913,19344,19913,75837
2010-01-21,15246,19723,19913,19458,19572,52611
2010-01-22,14659,18965,19723,18965,19534,72185
2010-01-25,14894,19268,19572,18434,18509,45103
2010-01-26,14952,19344,19609,18889,19344,43012
2010-01-27,15392,19913,19951,18965,19344,66332
2010-01-28,15832,20482,20747,19609,19989,77255
2010-01-29,15509,20065,20254,19723,20254,52320
2010-02-01,14952,19344,19951,19003,19723,64777
2010-02-02,15304,19799,19951,19078,19951,43494
2010-02-03,15627,20216,20216,19685,19951,34538
2010-02-04,15656,20254,20634,20140,20140,22300
2010-02-05,15363,19875,19875,19192,19344,49790
2010-02-08,15246,19723,19951,19268,19761,25478
2010-02-09,15128,19572,19723,19154,19306,55584
2010-02-10,14806,19154,19572,19154,19420,35058
2010-02-11,14806,19154,19534,18889,19344,59587
2010-02-12,15099,19534,19534,19003,19268,27598
2010-02-16,15539,20103,20103,19420,19534,26865
2010-02-17,15685,20292,20520,19951,20178,62216
2010-02-18,15627,20216,20330,19989,20292,19643
2010-02-19,13310,17220,17220,17220,17220,33488
2010-02-22,11786,15248,15513,15020,15248,1178003
2010-02-23,11874,15361,15551,15096,15248,401271
2010-02-24,11815,15285,15741,15172,15361,287958
2010-02-25,11639,15058,15323,14868,15285,141541
2010-02-26,10994,14223,15058,13730,14868,420500
2010-03-02,10789,13958,14603,13920,14299,270058
2010-03-03,11522,14906,15020,13996,14110,306306
2010-03-04,11669,15096,15210,14792,14944,119680
2010-03-05,11551,14944,15134,14792,15134,130592
2010-03-08,11669,15096,15172,14944,15020,188475
2010-03-09,12020,15551,15930,14982,14982,442398
2010-03-10,11478,14850,16250,14850,16200,279990
2010-03-11,11594,15000,15100,14650,14850,45924
2010-03-12,11401,14750,15100,14650,15000,46828
2010-03-15,11208,14500,14900,14250,14900,71496
2010-03-16,11208,14500,14600,14250,14300,24940
2010-03-17,11130,14400,14600,14200,14600,93970
2010-03-18,11401,14750,14850,14250,14450,94751
2010-03-19,11285,14600,14850,14450,14850,107341
2010-03-22,11517,14900,15050,14400,14650,110250
2010-03-23,11633,15050,15250,14750,15050,124080
2010-03-24,11749,15200,15450,15000,15300,119920
2010-03-25,11981,15500,15500,14950,15300,71640
2010-03-26,12676,16400,16400,15700,15850,182383
2010-03-29,12676,16400,17100,16100,16150,181126
2010-03-30,13140,17000,17000,16600,16750,136674
2010-03-31,13295,17200,17350,16450,17250,164751
2010-04-01,13256,17150,17250,16950,17250,93111
2010-04-02,12522,16200,17150,15950,17000,124657
2010-04-05,12599,16300,16450,15200,16200,141064
2010-04-06,12213,15800,16300,15750,16300,66078
2010-04-07,12135,15700,15950,15600,15700,57543
2010-04-08,12444,16100,16100,15650,15700,29340
2010-04-09,12174,15750,16100,15700,16100,57736
2010-04-12,12174,15750,15850,15600,15800,25432
2010-04-13,11865,15350,15950,15300,15750,27139
2010-04-14,11671,15100,15450,14850,15200,73108
2010-04-15,11787,15250,15350,14800,15100,86021
2010-04-16,12638,16350,17050,15300,15450,241124
2010-04-19,13063,16900,17400,16450,16600,229451
2010-04-20,12947,16750,17500,16750,17000,111500
2010-04-21,13102,16950,17150,16400,16800,114164
2010-04-22,13024,16850,17200,16200,17200,115186
2010-04-23,12831,16600,16850,16250,16850,109550
2010-04-26,13372,17300,17300,15600,15600,1006453
2010-04-27,12947,16750,17300,16650,17200,353010
2010-04-28,13604,17600,17900,16200,16200,831608
2010-04-29,13913,18000,18200,17450,17500,725680
2010-04-30,13720,17750,18350,17750,18350,342564
2010-05-03,13565,17550,17850,16900,17500,299320
2010-05-04,14261,18450,18450,17650,17800,372246
2010-05-06,13797,17850,18550,17650,17900,272486
2010-05-07,13565,17550,17850,16800,17100,242712
2010-05-10,13411,17350,18200,17350,18000,613709
2010-05-11,13256,17150,17850,17100,17350,358284
2010-05-12,13643,17650,17750,16700,17450,540607
2010-05-13,13411,17350,18000,17200,18000,337293
2010-05-14,13759,17800,17950,16550,17050,527795
2010-05-17,13063,16900,17800,16900,17350,196949
2010-05-18,12599,16300,17400,16100,17200,199602
2010-05-19,10744,13900,16350,13900,16300,1362705
2010-05-20,10319,13350,14650,13150,13900,978944
2010-05-24,10512,13600,13750,12650,13200,377378
2010-05-25,10628,13750,13900,12500,13200,356565
2010-05-26,10512,13600,14100,13300,13750,134382
2010-05-27,10628,13750,13850,13100,13500,254054
2010-05-28,10241,13250,14100,13250,14100,182582
2010-05-31,10164,13150,13450,12900,13450,199850
2010-06-01,10435,13500,13700,13150,13200,221961
2010-06-03,10435,13500,13850,13450,13600,153909
2010-06-04,9932,12850,13600,12800,13600,324395
2010-06-07,10010,12950,13000,12300,12350,165919
2010-06-08,9894,12800,13200,12800,12850,175507
2010-06-09,9971,12900,13200,12800,12900,138507
2010-06-10,10048,13000,13150,12850,12950,105452
2010-06-11,10821,14000,14050,13100,13200,253233
2010-06-14,10667,13800,14600,13600,14100,296882
2010-06-15,10512,13600,13950,13600,13650,136309
2010-06-16,10319,13350,13850,13200,13850,266397
2010-06-17,10435,13500,13700,13350,13350,162368
2010-06-18,10667,13800,14000,13350,13400,212323
2010-06-21,10551,13650,14000,13600,13800,190883
2010-06-22,10203,13200,13650,13150,13650,262363
2010-06-23,10010,12950,13100,12750,12950,307487
2010-06-24,10860,14050,14200,12850,13000,541971
2010-06-25,10589,13700,14400,13500,13950,357742
2010-06-28,10048,13000,13850,13000,13800,413299
2010-06-29,9816,12700,13250,12700,13100,306258
2010-06-30,9971,12900,13000,12150,12350,187936
2010-07-01,9855,12750,12950,12600,12750,152506
2010-07-02,9816,12700,13000,12450,12650,209691
2010-07-05,9700,12550,12700,12450,12600,349165
2010-07-06,9778,12650,12700,12300,12600,83993
2010-07-07,9971,12900,13200,12550,12800,181517
2010-07-08,10010,12950,13100,12850,13050,57829
2010-07-09,9816,12700,13100,12600,13050,171704
2010-07-12,9778,12650,12700,12450,12650,173761
2010-07-13,9894,12800,12950,12550,12700,148491
2010-07-14,10357,13400,13400,12900,12900,258238
2010-07-15,10976,14200,14250,13200,13500,415691
2010-07-16,10744,13900,14200,13600,14200,212679
2010-07-19,10976,14200,14300,13650,13650,250469
2010-07-20,11362,14700,14950,14500,14500,578948
2010-07-21,11014,14250,14800,14100,14800,252156
2010-07-22,10473,13550,14050,13400,13800,306756
2010-07-23,10783,13950,14050,13350,13600,182635
2010-07-26,10821,14000,14300,13900,14300,141600
2010-07-27,10473,13550,14050,13550,14000,135815
2010-07-28,10164,13150,13650,13150,13550,247723
2010-07-29,10203,13200,13350,13050,13050,84431
2010-07-30,9971,12900,13300,12800,13200,131488
2010-08-02,10087,13050,13100,12900,12950,58544
2010-08-03,9855,12750,13100,12700,13000,217057
2010-08-04,9894,12800,12900,12650,12800,111519
2010-08-05,9739,12600,12900,12550,12900,111473
2010-08-06,9816,12700,12750,12450,12600,98392
2010-08-09,9739,12600,12800,12550,12800,131093
2010-08-10,9816,12700,12750,12500,12550,76370
2010-08-11,9623,12450,12700,12450,12700,85927
2010-08-12,9507,12300,12450,12100,12150,114352
2010-08-13,9468,12250,12400,12150,12300,101494
2010-08-16,9468,12250,12400,12150,12300,74296
2010-08-17,9662,12500,12550,12150,12250,69025
2010-08-18,9623,12450,12700,12450,12600,73222
2010-08-19,10048,13000,13000,12400,12550,164390
2010-08-20,10010,12950,13000,12750,12800,63895
2010-08-23,10280,13300,13500,13000,13200,206206
2010-08-24,10357,13400,13400,13050,13250,169046
2010-08-25,10087,13050,13250,12950,13250,101183
2010-08-26,9816,12700,13100,12550,13050,120929
2010-08-27,9971,12900,12950,12600,12650,93455
2010-08-30,10126,13100,13350,12900,13250,130704
2010-08-31,10048,13000,13050,12550,12900,96862
2010-09-01,10126,13100,13400,12850,13000,107642
2010-09-02,10087,13050,13350,13000,13300,66595
2010-09-03,10087,13050,13200,12850,13050,88263
2010-09-06,10319,13350,13400,13100,13150,133732
2010-09-07,10126,13100,13400,13100,13350,70419
2010-09-08,10087,13050,13150,12900,13000,81634
2010-09-09,10241,13250,13300,13050,13100,87268
2010-09-10,10357,13400,13500,13100,13400,103102
2010-09-13,10396,13450,13500,13200,13400,112661
2010-09-14,10280,13300,13450,13100,13450,87715
2010-09-15,10203,13200,13300,13000,13300,132677
2010-09-16,11671,15100,15150,13550,13600,2893742
2010-09-17,11478,14850,15350,14500,15100,610999
2010-09-20,11633,15050,15100,14600,14800,316002
2010-09-24,11556,14950,15000,14700,14850,170013
2010-09-27,11671,15100,15850,14950,15050,630169
2010-09-28,11478,14850,15450,14850,15300,307031
2010-09-29,12406,16050,16750,15000,15200,580620
2010-09-30,12986,16800,17400,16000,16000,729390
2010-10-01,12599,16300,17050,16200,16850,343864
2010-10-04,12831,16600,17150,16250,16450,286657
2010-10-05,13372,17300,17400,16550,16550,356262
2010-10-06,13797,17850,18200,17400,17600,391610
2010-10-07,14300,18500,19000,17500,17700,491062
2010-10-08,14686,19000,19100,17950,18650,367087
2010-10-11,14068,18200,18950,18100,18900,385134
2010-10-12,13990,18100,18300,17150,18200,397946
2010-10-13,15382,19900,20800,18550,18600,1037928
2010-10-14,16464,21300,21500,19650,19850,541831
2010-10-15,16696,21600,22450,21250,21400,260779
2010-10-18,16773,21700,22200,20850,21800,241784
2010-10-19,16232,21000,21850,20500,21700,409385
2010-10-20,16271,21050,21150,19900,20300,357492
2010-10-21,16657,21550,22100,21000,21100,269672
2010-10-22,16000,20700,21800,20500,21500,223633
2010-10-25,16541,21400,21500,19600,20700,261996
2010-10-26,16657,21550,21650,21000,21600,216842
2010-10-27,17005,22000,22400,21250,21800,204956
2010-10-28,16696,21600,22000,21050,22000,184156
2010-10-29,16309,21100,21500,20400,21450,281422
2010-11-01,16503,21350,21500,20700,20800,97275
2010-11-02,16077,20800,21250,20450,21050,111070
2010-11-03,16000,20700,21500,20600,21250,189316
2010-11-04,15498,20050,21300,20000,21100,222133
2010-11-05,14532,18800,20300,18550,20300,454216
2010-11-08,15382,19900,20000,18750,18800,194233
2010-11-09,14957,19350,20450,19350,19800,186356
2010-11-10,14570,18850,19450,18650,19350,136008
2010-11-11,13720,17750,19250,17750,18850,409760
2010-11-12,13179,17050,18100,16400,18100,341700
2010-11-15,13256,17150,17500,16500,17400,298630
2010-11-16,13604,17600,18100,16800,17050,311728
2010-11-17,13565,17550,17850,17150,17550,155082
2010-11-18,14725,19050,19200,17800,17850,278946
2010-11-19,14841,19200,19250,18650,19200,183557
2010-11-22,14686,19000,19550,18650,19500,121298
2010-11-23,14686,19000,19150,18550,19100,102060
2010-11-24,14686,19000,19150,17950,18450,163874
2010-11-25,14454,18700,19150,18500,19000,77439
2010-11-26,13604,17600,19100,17400,19100,197881
2010-11-29,13449,17400,17900,17200,17600,86810
2010-11-30,13488,17450,17950,17100,17400,247661
2010-12-01,14879,19250,19300,17650,17700,317723
2010-12-02,14725,19050,19750,18700,19500,154748
2010-12-03,14145,18300,19600,18200,19500,308620
2010-12-06,14609,18900,18950,18000,18250,215686
2010-12-07,14416,18650,19350,18600,18900,170029
2010-12-08,13913,18000,19000,18000,18700,226092
2010-12-09,13913,18000,18300,17450,18250,181368
2010-12-10,13681,17700,18350,17600,18050,160597
2010-12-13,13759,17800,18000,17400,17950,145243
2010-12-14,14068,18200,18300,17700,17750,115945
2010-12-15,14222,18400,18400,17900,18150,164705
2010-12-16,14222,18400,18700,18150,18200,142283
2010-12-17,14338,18550,18800,18400,18450,96410
2010-12-20,14029,18150,18500,17750,18050,102017
2010-12-21,13952,18050,18450,18000,18400,82003
2010-12-22,13913,18000,18300,17700,18000,86364
2010-12-23,13720,17750,18150,17650,18000,69046
2010-12-24,13681,17700,17900,17700,17850,46518
2010-12-27,14029,18150,18250,17700,17700,55790
2010-12-28,14841,19200,19300,17700,17700,452743
2010-12-29,15479,19400,19500,19050,19200,162911
2010-12-30,15679,19650,19700,18900,19400,153061
2011-01-03,15679,19650,19850,19300,19850,129676
2011-01-04,15718,19700,19800,19150,19650,122953
2011-01-05,16157,20250,20350,19500,19900,200570
2011-01-06,16915,21200,21850,19950,20350,454374
2011-01-07,16875,21150,21950,20700,21300,195861
2011-01-10,16756,21000,21400,20800,21300,164373
2011-01-11,17115,21450,21600,20400,20800,238377
2011-01-12,18312,22950,23150,21700,21850,569568
2011-01-13,18790,23550,23850,22600,23150,479230
2011-01-14,18671,23400,24000,22900,23950,292670
2011-01-17,19070,23900,24150,23050,23500,211182
2011-01-18,18711,23450,24350,23100,24000,149872
2011-01-19,18671,23400,23800,22750,23500,103549
2011-01-20,19269,24150,24200,23100,23100,152333
2011-01-21,18750,23500,24200,23350,24000,128482
2011-01-24,18870,23650,23700,23150,23600,96213
2011-01-25,18152,22750,24250,22650,23700,192651
2011-01-26,18272,22900,23150,22300,22950,150761
2011-01-27,17713,22200,22950,22000,22950,323003
2011-01-28,17394,21800,22200,20900,22050,317206
2011-01-31,17155,21500,21600,20900,21100,125747
2011-02-01,17075,21400,21650,20950,21300,137007
2011-02-07,17474,21900,22150,21600,21800,100843
2011-02-08,16636,20850,22250,20800,22250,128878
2011-02-09,17035,21350,21600,20750,20850,90820
2011-02-10,16596,20800,21350,20450,21150,133121
2011-02-11,16117,20200,21000,20150,20800,108613
2011-02-14,15479,19400,20500,19300,20250,168547
2011-02-15,15479,19400,20000,19300,19300,115345
2011-02-16,14761,18500,19550,18350,19350,224961
2011-02-17,14561,18250,18850,17650,18750,168581
2011-02-18,14960,18750,18800,18000,18250,95224
2011-02-21,14761,18500,18850,18300,18750,55377
2011-02-22,14362,18000,18300,17150,18300,252053
2011-02-23,14601,18300,18600,17850,17900,198761
2011-02-24,14920,18700,19300,18100,18600,206402
2011-02-25,14920,18700,19000,18200,18850,103207
2011-02-28,15160,19000,19300,18300,18850,118822
2011-03-02,14801,18550,19300,18550,19100,84610
2011-03-03,15399,19300,19350,18300,18300,86256
2011-03-04,15679,19650,19950,19450,19500,90200
2011-03-07,15958,20000,20300,19600,19850,121892
2011-03-08,16516,20700,20700,19900,19900,116450
2011-03-09,16835,21100,21350,20500,20750,103395
2011-03-10,16995,21300,21350,20600,21350,62011
2011-03-11,16636,20850,21100,20500,20700,36361
2011-03-14,16357,20500,20850,19950,20500,89813
2011-03-15,16317,20450,20850,19050,20350,125270
2011-03-16,16117,20200,20550,19700,20500,72160
2011-03-17,15958,20000,20000,19050,19850,168064
2011-03-18,16437,20600,20700,19800,20350,104724
2011-03-21,16556,20750,21150,20700,20750,104090
2011-03-22,16157,20250,20950,20050,20950,117786
2011-03-23,16357,20500,21300,20300,20300,244315
2011-03-24,16357,20500,20900,20200,20850,179062
2011-03-25,16197,20300,20800,19950,20550,164390
2011-03-28,15878,19900,20350,19550,20350,177033
2011-03-29,15359,19250,19800,19250,19600,195390
2011-03-30,15918,19950,20200,19050,19350,127736
2011-03-31,16676,20900,20950,20150,20250,136400
2011-04-01,16437,20600,21000,20250,20950,97335
2011-04-04,16676,20900,21150,20450,20800,152122
2011-04-05,16716,20950,21250,20700,20950,121323
2011-04-06,16636,20850,21000,20350,20950,100159
2011-04-07,16317,20450,21050,20350,21050,98181
2011-04-08,17953,22500,22500,20450,20500,534732
2011-04-11,18431,23100,23450,21950,22400,372034
2011-04-12,17673,22150,23450,21500,23150,287005
2011-04-13,17514,21950,22300,20850,21700,462747
2011-04-14,16955,21250,22350,21250,21700,278192
2011-04-15,16676,20900,21200,20000,20950,394796
2011-04-18,16716,20950,21300,19550,20850,620287
2011-04-19,16038,20100,21000,19700,20700,288416
2011-04-20,15559,19500,20300,19250,20300,515186
2011-04-21,15519,19450,19900,19050,19650,278228
2011-04-22,16516,20700,20750,19800,19850,465144
2011-04-25,16875,21150,21200,20250,20950,323981
2011-04-26,16556,20750,21750,20500,21300,412495
2011-04-27,17394,21800,22150,20800,21000,592169
2011-04-28,17514,21950,22550,20900,21800,707270
2011-04-29,18072,22650,23050,22000,22000,535323
2011-05-02,18511,23200,23950,22900,23500,611839
2011-05-03,17673,22150,23000,21750,23000,392981
2011-05-04,17234,21600,22250,21350,22250,258170
2011-05-06,17474,21900,21950,21150,21250,138727
2011-05-09,17633,22100,22400,21600,21900,106631
2011-05-11,17594,22050,22100,21400,22100,153580
2011-05-12,17594,22050,22300,21600,22050,189128
2011-05-13,17394,21800,22100,21400,22050,158392
2011-05-16,16915,21200,21700,20700,21450,178172
2011-05-17,16397,20550,21200,20550,20850,100675
2011-05-18,16117,20200,20850,20100,20650,172218
2011-05-19,16157,20250,20450,19750,20200,100351
2011-05-20,16317,20450,20450,19850,20250,90861
2011-05-23,15878,19900,20450,19650,20050,63362
2011-05-24,15679,19650,20000,19500,19900,93008
2011-05-25,15359,19250,19850,19100,19650,124252
2011-05-26,15958,20000,20000,19150,19300,149212
2011-05-27,15559,19500,20300,19400,19950,171110
2011-05-30,14841,18600,19850,18600,19700,178613
2011-05-31,14920,18700,18850,17000,18450,639221
2011-06-01,15718,19700,19700,18700,18700,195275
2011-06-02,15679,19650,19950,18950,19200,135729
2011-06-03,15399,19300,20250,19250,19650,117808
2011-06-07,15639,19600,20000,19100,19400,123031
2011-06-08,15718,19700,20300,19600,19800,80310
2011-06-09,15319,19200,20000,18900,19450,159427
2011-06-10,15080,18900,19500,18300,19250,112913
2011-06-13,15080,18900,19200,18400,18550,86617
2011-06-14,15280,19150,19550,18550,18900,95500
2011-06-15,15319,19200,19250,18800,19200,75044
2011-06-16,14960,18750,19200,18650,18800,108772
2011-06-17,15000,18800,19400,18550,18800,133456
2011-06-20,15559,19500,19800,18900,18900,333980
2011-06-21,16277,20400,20850,19450,20100,515428
2011-06-22,16117,20200,20700,20000,20450,292816
2011-06-23,16476,20650,20750,19800,20200,201528
2011-06-24,16756,21000,21000,20500,20700,200960
2011-06-27,16676,20900,21250,20500,20650,135876
2011-06-28,16716,20950,21700,20900,21000,193974
2011-06-29,17115,21450,21450,20700,21300,154796
2011-06-30,16915,21200,21850,20900,21600,180528
2011-07-01,17274,21650,21950,20800,21250,409433
2011-07-04,18471,23150,23550,21700,21900,936436
2011-07-05,18391,23050,23550,22600,23000,374270
2011-07-06,19588,24550,25100,22800,22850,786055
2011-07-07,19828,24850,25050,24050,24550,485768
2011-07-08,20147,25250,25500,24600,25050,384832
2011-07-11,19548,24500,25700,23900,25250,393488
2011-07-12,19628,24600,24950,23750,24100,299883
2011-07-13,20346,25500,25600,24200,24750,472763
2011-07-14,20466,25650,25900,24750,25400,211153
2011-07-15,20306,25450,25700,25100,25600,254042
2011-07-18,19748,24750,25450,24150,25450,405648
2011-07-19,19469,24400,25000,24000,25000,406593
2011-07-20,19788,24800,25000,24300,24750,387616
2011-07-21,20865,26150,26200,24650,24700,739009
2011-07-22,20586,25800,26250,25500,26250,390651
2011-07-25,20546,25750,26400,25200,25650,358118
2011-07-26,19907,24950,26250,24400,26000,597493
2011-07-27,19788,24800,24850,24100,24800,328140
2011-07-28,19708,24700,25100,24250,24300,236428
2011-07-29,19269,24150,24950,23750,24800,206725
2011-08-01,18671,23400,24600,23350,24400,412444
2011-08-02,18750,23500,24000,22850,23500,253694
2011-08-03,17753,22250,23100,21650,23000,560127
2011-08-04,16317,20450,22700,20450,22600,467889
2011-08-05,15160,19000,20450,18450,18800,570446
2011-08-08,13843,17350,19350,16150,18500,1242540
2011-08-09,14003,17550,17800,14800,16500,669025
2011-08-10,14003,17550,18800,17300,18800,560692
2011-08-11,13764,17250,17400,16000,16300,512829
2011-08-12,13404,16800,18100,16750,17800,557873
2011-08-16,14522,18200,18200,17450,17500,370693
2011-08-17,15120,18950,19000,17950,18000,375048
2011-08-18,14561,18250,19150,17750,18950,347722
2011-08-19,13205,16550,17700,16550,17250,309602
2011-08-22,13006,16300,17050,15950,16650,166949
2011-08-23,14003,17550,17650,16450,16500,341166
2011-08-24,13245,16600,18150,16600,17600,302801
2011-08-25,12686,15900,17150,15850,17000,335346
2011-08-26,12646,15850,15950,15450,15900,236473
2011-08-29,13604,17050,17150,16050,16300,336476
2011-08-30,13524,16950,17750,16600,17350,279901
2011-08-31,14522,18200,18200,16700,16950,405943
2011-09-01,13963,17500,18400,17350,18000,405490
2011-09-02,13724,17200,17750,17000,17700,189239
2011-09-05,13165,16500,16900,16250,16900,142924
2011-09-06,12487,15650,16700,14800,16000,402804
2011-09-07,13006,16300,16350,15650,16050,267887
2011-09-08,12926,16200,16450,15900,16350,180256
2011-09-09,12686,15900,16200,15800,15800,100831
2011-09-14,12247,15350,16250,15200,16200,191318
2011-09-15,12247,15350,15950,15100,15800,163562
2011-09-16,13165,16500,16500,15600,15700,195115
2011-09-19,12766,16000,16400,15650,16200,171758
2011-09-20,12726,15950,16100,15500,15600,185823
2011-09-21,12766,16000,16250,15850,16100,202341
2011-09-22,12487,15650,15800,15150,15400,211508
2011-09-23,11170,14000,15250,14000,15050,342253
2011-09-26,9734,12200,14300,12150,14200,312607
2011-09-27,10372,13000,13200,12600,12750,205002
2011-09-28,10332,12950,13600,12850,13300,233132
2011-09-29,10652,13350,13450,12600,12950,310880
2011-09-30,10891,13650,13750,13200,13350,146633
2011-10-04,10253,12850,13050,11650,12600,464851
2011-10-05,8737,10950,12850,10950,12850,617406
2011-10-06,9375,11750,11950,11250,11450,386188
2011-10-07,10133,12700,12800,12150,12150,208565
2011-10-10,10492,13150,13350,12700,12750,136404
2011-10-11,10532,13200,13900,13200,13700,286349
2011-10-12,10572,13250,13350,12800,13250,249912
2011-10-13,10731,13450,13600,13250,13600,310169
2011-10-14,10492,13150,13400,12900,13400,243760
2011-10-17,11250,14100,14100,13350,13400,373682
2011-10-18,11011,13800,14150,13550,13550,215665
2011-10-19,11170,14000,14050,13750,14000,170850
2011-10-20,10492,13150,14050,12950,14000,202677
2011-10-21,10612,13300,13600,12850,13500,356332
2011-10-24,11290,14150,14150,13550,13600,294242
2011-10-25,11250,14100,14450,13900,14400,172666
2011-10-26,11370,14250,14300,13600,13750,147591
2011-10-27,11888,14900,15050,13950,14350,349870
2011-10-28,11928,14950,15400,14700,15300,288591
2011-10-31,11689,14650,15150,14600,14850,124611
2011-11-01,11210,14050,14500,13900,14250,189524
2011-11-02,10412,13050,13350,12850,13300,636386
2011-11-03,10253,12850,13250,12800,13250,190214
2011-11-04,10572,13250,13500,13150,13200,260914
2011-11-07,10452,13100,13250,12950,13250,125201
2011-11-08,10891,13650,13750,13000,13150,260877
2011-11-09,10891,13650,13850,13450,13800,148060
2011-11-10,10173,12750,13100,12750,12900,199962
2011-11-11,10412,13050,13250,12850,12850,109521
2011-11-14,10372,13000,13300,13000,13250,227497
2011-11-15,10253,12850,13100,12850,12850,112641
2011-11-16,10213,12800,13300,12800,13000,106010
2011-11-17,10293,12900,12900,12500,12800,153858
2011-11-18,10133,12700,12700,12550,12600,73960
2011-11-21,10332,12950,13150,12650,12850,110539
2011-11-22,10332,12950,13200,12650,12650,91129
2011-11-23,10293,12900,13100,12450,12950,176375
2011-11-24,10093,12650,13000,12550,12600,219320
2011-11-25,9973,12500,12750,12450,12550,100432
2011-11-28,9814,12300,12700,12200,12650,259875
2011-11-29,9694,12150,12500,12000,12400,261960
2011-11-30,9415,11800,12350,11800,12100,219110
2011-12-01,9894,12400,12400,12100,12250,278516
2011-12-02,9894,12400,12400,11900,12300,167460
2011-12-05,10133,12700,12900,12100,12500,203449
2011-12-06,10173,12750,12800,12450,12700,67822
2011-12-07,10452,13100,13300,12900,13250,159850
2011-12-08,10293,12900,13100,12800,13100,97922
2011-12-09,9934,12450,12800,12450,12800,82300
2011-12-12,9934,12450,12700,12350,12650,112127
2011-12-13,9814,12300,12350,12150,12300,84990
2011-12-14,10013,12550,12550,12100,12250,113101
2011-12-15,9734,12200,12500,12050,12450,82776
2011-12-16,9814,12300,12400,12150,12300,36093
2011-12-19,9176,11500,12300,11000,12300,206340
2011-12-20,9495,11900,11950,11500,11500,88031
2011-12-21,9694,12150,12300,11950,12150,137591
2011-12-22,9535,11950,12150,11850,12100,79557
2011-12-23,9694,12150,12200,11900,12000,134830
2011-12-26,9574,12000,12250,11950,12250,99749
2011-12-27,9415,11800,12150,11550,12100,121017
2011-12-28,9793,11650,11650,11450,11650,112232
2011-12-29,9751,11600,11650,11400,11450,67062
2012-01-02,9667,11500,11700,11400,11600,43956
2012-01-03,9961,11850,11900,11500,11550,97249
2012-01-04,10592,12600,12700,11700,11900,289918
2012-01-05,11012,13100,13750,12450,12700,666416
2012-01-06,11432,13600,13700,12900,13000,387971
2012-01-09,11390,13550,13800,13200,13650,201780
2012-01-10,10298,12250,13550,12100,13550,1181395
2012-01-11,10508,12500,12700,12250,12400,332377
2012-01-12,11390,13550,13700,12500,12500,490839
2012-01-13,11727,13950,14250,13650,13650,321190
2012-01-16,11811,14050,14050,13350,13850,161070
2012-01-17,12315,14650,15050,13800,14200,519260
2012-01-18,12693,15100,15250,14300,14600,391880
2012-01-19,12609,15000,15350,14850,15000,200701
2012-01-20,12483,14850,15200,14500,15000,280151
2012-01-25,12105,14400,14900,14100,14850,253292
2012-01-26,12231,14550,14750,14300,14450,154954
2012-01-27,12735,15150,15150,14250,14550,221070
2012-01-30,12189,14500,15300,14500,15300,176466
2012-01-31,11937,14200,14700,14000,14450,143989
2012-02-01,12105,14400,14900,14300,14350,300190
2012-02-02,12441,14800,14800,14450,14500,218368
2012-02-03,12189,14500,14950,14350,14950,147518
2012-02-06,12231,14550,14800,14400,14750,175375
2012-02-07,13114,15600,15600,14400,14550,433950
2012-02-08,13282,15800,15950,15350,15600,366996
2012-02-09,13366,15900,16000,15400,16000,238053
2012-02-10,12778,15200,15900,15050,15900,306103
2012-02-13,12735,15150,15350,14900,15200,154199
2012-02-14,12778,15200,15300,14900,15250,122230
2012-02-15,13030,15500,15550,14950,15000,221970
2012-02-16,12693,15100,15400,14950,15400,221760
2012-02-17,12441,14800,15300,14500,15300,318720
2012-02-20,12273,14600,14750,14100,14500,325110
2012-02-21,11979,14250,14650,14050,14600,164285
2012-02-22,11937,14200,14300,13800,14250,234640
2012-02-23,11685,13900,14150,13750,14150,167328
2012-02-24,11348,13500,13950,13350,13900,350445
2012-02-27,11475,13650,13750,13300,13600,283805
2012-02-28,11432,13600,13700,13350,13700,124320
2012-02-29,11559,13750,13950,13400,13550,287742
2012-03-02,11601,13800,14200,13750,13750,180293
2012-03-05,11727,13950,14050,13650,13950,248934
2012-03-06,11475,13650,14100,13500,14100,112747
2012-03-07,11306,13450,13700,13300,13300,91841
2012-03-08,11685,13900,13950,13500,13500,110282
2012-03-09,11432,13600,13950,13400,13950,181482
2012-03-12,11264,13400,13800,13400,13600,133406
2012-03-13,11432,13600,13750,13400,13450,95990
2012-03-14,11769,14000,14150,13600,13700,268156
2012-03-15,11853,14100,14500,13900,14050,295520
2012-03-16,11937,14200,14250,14000,14250,126344
2012-03-19,11979,14250,14300,14000,14300,192420
2012-03-20,11559,13750,14250,13600,14100,295685
2012-03-21,11390,13550,13650,13400,13500,176752
2012-03-22,11390,13550,13600,13200,13500,175325
2012-03-23,11601,13800,13850,13250,13350,179578
2012-03-26,11432,13600,14200,13600,13900,148414
2012-03-27,11475,13650,13900,13550,13750,78674
2012-03-28,11306,13450,13700,13450,13550,72435
2012-03-29,11180,13300,13550,13000,13400,117168
2012-03-30,11054,13150,13400,13100,13400,106160
2012-04-02,10928,13000,13200,12950,13200,103060
2012-04-03,10844,12900,13100,12600,13050,200911
2012-04-04,10466,12450,12850,12400,12800,207210
2012-04-05,10718,12750,12750,12200,12250,102674
2012-04-06,10802,12850,12850,12500,12600,100996
2012-04-09,10424,12400,12850,12350,12800,85418
2012-04-10,10634,12650,12700,12400,12450,55660
2012-04-12,10550,12550,12700,12300,12650,81376
2012-04-13,10886,12950,13000,12650,12750,95377
2012-04-16,10886,12950,12950,12750,12900,58779
2012-04-17,10760,12800,13050,12700,12950,76191
2012-04-18,10592,12600,12900,12600,12900,96340
2012-04-19,10256,12200,12650,12100,12600,261630
2012-04-20,10129,12050,12200,11850,12200,152935
2012-04-23,10087,12000,12150,11700,12150,135134
2012-04-24,9835,11700,11900,11600,11750,154773
2012-04-25,9793,11650,11850,11500,11700,126571
2012-04-26,9667,11500,11850,11450,11750,110959
2012-04-27,9583,11400,11850,11400,11500,77252
2012-04-30,9793,11650,11700,11450,11550,69398
2012-05-02,10087,12000,12100,11650,11650,109414
2012-05-03,10214,12150,12150,11950,12050,54934
2012-05-04,10087,12000,12100,11750,12000,149761
2012-05-07,10087,12000,12100,11650,11700,99606
2012-05-08,10045,11950,12050,11850,12000,81673
2012-05-09,9667,11500,11950,11500,11900,107304
2012-05-10,9835,11700,11700,11450,11550,97677
2012-05-11,9499,11300,11750,11200,11600,144193
2012-05-14,9163,10900,11300,10750,11200,168530
2012-05-15,8995,10700,10800,10200,10750,356482
2012-05-16,8448,10050,10550,9990,10450,420907
2012-05-17,8179,9730,10250,9720,10000,414346
2012-05-18,7624,9070,9620,9070,9510,307254
2012-05-21,7607,9050,9240,8950,9140,213635
2012-05-22,7826,9310,9440,9100,9100,152162
2012-05-23,7658,9110,9360,9060,9200,102370
2012-05-24,7658,9110,9360,9030,9030,95070
2012-05-25,7717,9180,9300,9060,9200,120071
2012-05-29,7885,9380,9390,9110,9180,131950
2012-05-30,7759,9230,9330,9150,9320,139493
2012-05-31,7700,9160,9180,9030,9030,56116
2012-06-01,7624,9070,9240,9060,9120,75091
2012-06-04,7061,8400,8820,8280,8740,216522
2012-06-05,7053,8390,8650,8370,8400,140633
2012-06-07,7061,8400,8660,8390,8390,224630
2012-06-08,7103,8450,8640,8370,8460,144192
2012-06-11,7397,8800,8890,8510,8510,138700
2012-06-12,7338,8730,8820,8610,8650,84789
2012-06-13,7305,8690,8800,8630,8800,78201
2012-06-14,7095,8440,8710,8420,8650,174499
2012-06-15,7473,8890,8890,8430,8520,165130
2012-06-18,7717,9180,9220,8870,8910,181044
2012-06-19,7776,9250,9260,9070,9090,98622
2012-06-20,8179,9730,9730,9380,9380,223555
2012-06-21,8322,9900,9940,9650,9730,150825
2012-06-22,8364,9950,10000,9650,9700,122413
2012-06-25,8406,10000,10050,9700,9990,145937
2012-06-26,8339,9920,10100,9850,9970,104266
2012-06-27,8330,9910,9990,9620,9990,138952
2012-06-28,8162,9710,9910,9640,9860,85412
2012-06-29,8448,10050,10100,9560,9700,152071
2012-07-02,8372,9960,10250,9910,10250,93897
2012-07-03,8532,10150,10150,9870,9870,164018
2012-07-04,8406,10000,10150,9980,10100,125040
2012-07-05,8490,10100,10150,9940,10000,84831
2012-07-06,8490,10100,10200,9990,10050,69621
2012-07-09,8364,9950,10100,9850,9990,63026
2012-07-10,8364,9950,10050,9890,10050,76703
2012-07-11,8364,9950,9990,8460,9930,89862
2012-07-12,8221,9780,9960,9780,9810,81056
2012-07-13,8398,9990,10000,9230,9800,166456
2012-07-16,8339,9920,10000,9880,9950,84581
2012-07-17,8272,9840,9920,9710,9810,88800
2012-07-18,7944,9450,9890,9400,9880,97312
2012-07-19,7843,9330,9530,9330,9430,70824
2012-07-20,7986,9500,9500,9250,9250,50905
2012-07-23,7902,9400,9500,9230,9500,65857
2012-07-24,7952,9460,9470,9200,9400,53028
2012-07-25,7902,9400,9460,9150,9390,83440
2012-07-26,7776,9250,9390,9200,9310,43934
2012-07-27,7868,9360,9440,9200,9350,54966
2012-07-30,7868,9360,9470,9340,9360,25303
2012-07-31,8036,9560,9670,9340,9370,142029
2012-08-01,7986,9500,9570,9360,9560,61700
2012-08-02,7876,9370,9500,9370,9500,54180
2012-08-03,7809,9290,9360,9170,9350,86059
2012-08-06,7876,9370,9410,9220,9360,114855
2012-08-07,7801,9280,9370,9260,9300,97966
2012-08-08,8053,9580,9610,9300,9300,182363
2012-08-09,8078,9610,9660,9520,9520,97800
2012-08-10,8120,9660,9670,9540,9610,65969
2012-08-13,8288,9860,10000,9690,9690,157733
2012-08-14,8204,9760,10250,9750,9930,168322
2012-08-16,8398,9990,10000,9750,9760,127280
2012-08-17,8448,10050,10150,9900,10050,123704
2012-08-20,8826,10500,10500,10200,10200,223855
2012-08-21,8995,10700,10850,10350,10450,159611
2012-08-22,8826,10500,10800,10400,10800,111359
2012-08-23,8910,10600,10750,10200,10600,173071
2012-08-24,8742,10400,10550,10350,10400,59398
2012-08-27,8574,10200,10400,10000,10250,226978
2012-08-28,8574,10200,10250,10050,10100,80251
2012-08-29,8574,10200,10250,10050,10200,78901
2012-08-30,8406,10000,10250,9980,10250,89262
2012-08-31,8658,10300,10300,9980,10000,99490
2012-09-03,8658,10300,10400,10100,10350,59234
2012-09-04,8616,10250,10400,10200,10400,68750
2012-09-05,8406,10000,10300,9960,10250,115437
2012-09-06,8406,10000,10150,9990,10050,81123
2012-09-07,8574,10200,10300,10100,10200,140058
2012-09-10,8742,10400,10500,10250,10300,101352
2012-09-11,8700,10350,10500,10300,10500,57910
2012-09-12,8868,10550,10600,10400,10450,122282
2012-09-13,8910,10600,10600,10400,10550,90704
2012-09-14,9331,11100,11150,10700,10800,318648
2012-09-17,9583,11400,11500,10900,11200,227714
2012-09-18,9583,11400,11600,11150,11250,133914
2012-09-19,9709,11550,11550,11300,11500,131964
2012-09-20,9499,11300,11550,11250,11500,110858
2012-09-21,9415,11200,11400,11150,11300,78270
2012-09-24,9457,11250,11250,10850,11150,102683
2012-09-25,9331,11100,11250,11100,11250,48410
2012-09-26,9163,10900,11300,10800,11300,80890
2012-09-27,9079,10800,10900,10450,10700,93638
2012-09-28,9163,10900,10900,10750,10750,39350
2012-10-02,8953,10650,11000,10600,10900,73551
2012-10-04,8700,10350,10700,10250,10650,122443
2012-10-05,8658,10300,10500,10200,10350,59505
2012-10-08,8574,10200,10450,10100,10300,52054
2012-10-09,8784,10450,10500,10050,10050,64960
2012-10-10,8784,10450,10450,10250,10450,37873
2012-10-11,8658,10300,10600,10000,10250,96499
2012-10-12,8398,9990,10350,9960,10300,101660
2012-10-15,7986,9500,10050,9500,9960,152110
2012-10-16,8003,9520,9690,9450,9460,81822
2012-10-17,8036,9560,9870,9560,9560,106668
2012-10-18,8053,9580,9600,9440,9590,85054
2012-10-19,7868,9360,9610,9360,9600,105774
2012-10-22,7633,9080,9230,9010,9160,165245
2012-10-23,7532,8960,9150,8960,9060,96400
2012-10-24,7372,8770,8890,8660,8890,120414
2012-10-25,7406,8810,8890,8680,8770,125540
2012-10-26,7204,8570,8810,8480,8720,111531
2012-10-29,7061,8400,8550,8240,8550,118423
2012-10-30,7095,8440,8550,8220,8400,37740
2012-10-31,7204,8570,8740,8480,8530,92682
2012-11-01,6868,8170,8570,8120,8570,211310
2012-11-02,6632,7890,8230,7890,8220,306869
2012-11-05,6641,7900,7950,7740,7820,77152
2012-11-06,6800,8090,8120,7810,7850,89574
2012-11-07,7044,8380,8390,8060,8110,91567
2012-11-08,6918,8230,8470,8170,8250,113888
2012-11-09,6885,8190,8230,8000,8230,79425
2012-11-12,6733,8010,8250,8000,8170,93301
2012-11-13,6481,7710,8020,7690,8010,142002
2012-11-14,6271,7460,7740,7360,7710,204067
2012-11-15,6363,7570,7570,7120,7140,146555
2012-11-16,6506,7740,7890,7430,7430,115699
2012-11-19,6649,7910,7950,7700,7700,93658
2012-11-20,6935,8250,8310,7920,7920,204384
2012-11-21,6952,8270,8390,8170,8200,98139
2012-11-22,6893,8200,8330,8180,8330,54482
2012-11-23,6859,8160,8270,7950,8200,55216
2012-11-26,6809,8100,8160,7930,8160,42500
2012-11-27,6952,8270,8270,8040,8100,79862
2012-11-28,6918,8230,8290,7880,8210,179171
2012-11-29,6842,8140,8210,8090,8180,72409
2012-11-30,6716,7990,8130,7900,8090,83426
2012-12-03,6607,7860,7970,7820,7970,49070
2012-12-04,6691,7960,7960,7850,7860,29742
2012-12-05,6750,8030,8080,7900,7910,38695
2012-12-06,6800,8090,8170,8030,8050,62371
2012-12-07,6742,8020,8140,7980,8100,46766
2012-12-10,6666,7930,8060,7930,8030,21160
2012-12-11,6725,8000,8030,7910,7920,41880
2012-12-12,6683,7950,8080,7950,7970,44900
2012-12-13,6733,8010,8040,7920,7920,24350
2012-12-14,6683,7950,8040,7910,8020,50356
2012-12-17,6557,7800,7990,7760,7950,88461
2012-12-18,6523,7760,7850,7740,7800,58154
2012-12-20,6792,8080,8130,7750,7760,172013
2012-12-21,6750,8030,8290,8000,8200,160696
2012-12-24,6742,8020,8080,7960,8030,68866
2012-12-26,6834,8130,8150,8000,8020,209605
2012-12-27,6834,7980,8000,7850,7950,102986
2012-12-28,6843,7990,8070,7890,7930,85591
2013-01-02,6920,8080,8090,7950,7990,125452
2013-01-03,6911,8070,8130,8020,8100,87532
2013-01-04,6843,7990,8120,7900,8110,96710
2013-01-07,6731,7860,7960,7840,7950,121348
2013-01-08,6774,7910,7960,7870,7880,88830
2013-01-09,6603,7710,7880,7700,7810,111481
2013-01-10,6637,7750,7810,7640,7720,73543
2013-01-11,6406,7480,7790,7410,7790,187065
2013-01-14,6517,7610,7700,7450,7450,166868
2013-01-15,6526,7620,7760,7570,7690,86681
2013-01-16,7168,8370,8440,7620,7630,712141
2013-01-17,7022,8200,8670,8070,8460,354421
2013-01-18,7219,8430,8500,8140,8220,269821
2013-01-21,7451,8700,8790,8470,8540,305271
2013-01-22,7365,8600,8810,8350,8680,287726
2013-01-23,7237,8450,8640,8400,8610,121136
2013-01-24,7194,8400,8550,8310,8450,88675
2013-01-25,7194,8400,8530,8310,8400,66460
2013-01-28,7374,8610,8650,8310,8480,127041
2013-01-29,7399,8640,8750,8450,8650,170988
2013-01-30,7279,8500,8690,8480,8640,56473
2013-01-31,7005,8180,8600,8180,8600,168183
2013-02-01,6851,8000,8240,7920,8180,100348
2013-02-04,6800,7940,8050,7880,8050,67840
2013-02-05,6611,7720,7900,7710,7900,108166
2013-02-06,6569,7670,7800,7620,7760,76202
2013-02-07,6688,7810,7840,7690,7700,61123
2013-02-08,6663,7780,7900,7770,7900,64491
2013-02-12,6791,7930,7970,7740,7780,50141
2013-02-13,6757,7890,7940,7840,7930,75078
2013-02-14,6611,7720,7960,7670,7890,190330
2013-02-15,6500,7590,7740,7510,7730,154457
2013-02-18,6474,7560,7580,7480,7530,113086
2013-02-19,6483,7570,7600,7510,7590,60245
2013-02-20,6526,7620,7650,7580,7620,75771
2013-02-21,6646,7760,7770,7600,7620,70970
2013-02-22,6594,7700,7780,7680,7700,60632
2013-02-25,6474,7560,7760,7560,7710,107846
2013-02-26,6380,7450,7630,7350,7560,108398
2013-02-27,6329,7390,7480,7380,7470,70941
2013-02-28,6423,7500,7500,7400,7430,62380
2013-03-04,6389,7460,7540,7360,7500,66841
2013-03-05,6389,7460,7510,7410,7480,44915
2013-03-06,6329,7390,7490,7290,7410,122124
2013-03-07,6192,7230,7370,7200,7320,105093
2013-03-08,6217,7260,7350,7240,7350,29403
2013-03-11,6080,7100,7260,7080,7240,72018
2013-03-12,6140,7170,7170,7080,7140,33670
2013-03-13,6089,7110,7190,7090,7150,79170
2013-03-14,6080,7100,7150,7060,7150,97685
2013-03-15,6115,7140,7340,7130,7130,75413
2013-03-18,6072,7090,7260,7090,7180,73522
2013-03-19,6012,7020,7150,7010,7070,120731
2013-03-20,6012,7020,7090,7000,7030,61456
2013-03-21,5960,6960,7080,6900,7050,69815
2013-03-22,5798,6770,6970,6760,6960,162863
2013-03-25,5969,6970,7090,6810,6850,98858
2013-03-26,5901,6890,7000,6800,7000,88710
2013-03-27,5789,6760,6910,6740,6860,123983
2013-03-28,5721,6680,6890,6680,6730,100676
2013-03-29,5644,6590,6830,6570,6750,156562
2013-04-01,5592,6530,6810,6520,6700,220986
2013-04-02,5301,6190,6550,6180,6530,296675
2013-04-03,5370,6270,6290,6150,6190,94424
2013-04-04,5164,6030,6250,6000,6200,109168
2013-04-05,5292,6180,6290,6050,6050,114435
2013-04-08,5224,6100,6250,6100,6130,79465
2013-04-09,5250,6130,6200,6010,6010,91592
2013-04-10,5507,6430,6430,6130,6130,95838
2013-04-11,5464,6380,6460,6120,6460,193804
2013-04-12,5310,6200,6410,6160,6410,90403
2013-04-15,5138,6000,6460,6000,6260,288419
2013-04-16,4539,5300,5980,5130,5900,439912
2013-04-17,4813,5620,5990,5500,5560,320004
2013-04-18,4821,5630,5700,5410,5410,80511
2013-04-19,4856,5670,5750,5620,5650,51887
2013-04-22,4796,5600,5700,5520,5680,64012
2013-04-23,4830,5640,5650,5530,5600,58350
2013-04-24,4950,5780,5780,5600,5660,100133
2013-04-25,4856,5670,5800,5610,5790,120122
2013-04-26,4958,5790,5850,5610,5670,110325
2013-04-29,4907,5730,5830,5700,5830,50092
2013-04-30,5053,5900,5960,5710,5730,79649
2013-05-02,5027,5870,5920,5730,5900,84394
2013-05-03,5464,6380,6410,5810,5830,265423
2013-05-06,5678,6630,6650,6380,6380,262076
2013-05-07,5567,6500,6680,6440,6600,129609
2013-05-08,5823,6800,6810,6490,6490,150706
2013-05-09,6038,7050,7050,6800,6800,289723
2013-05-10,6038,7050,7070,6910,7070,107442
2013-05-13,5960,6960,7040,6850,6980,102761
2013-05-14,5866,6850,7070,6850,6920,124536
2013-05-15,6003,7010,7150,6870,6900,138581
2013-05-16,5909,6900,7080,6880,7080,83457
2013-05-20,5866,6850,7050,6820,6900,106720
2013-05-21,5686,6640,6840,6500,6750,134606
2013-05-22,5798,6770,6800,6640,6750,70601
2013-05-23,5438,6350,6720,6350,6650,135373
2013-05-24,5447,6360,6510,6260,6410,60926
2013-05-27,5421,6330,6440,6250,6370,66406
2013-05-28,5438,6350,6400,6250,6370,51189
2013-05-29,5841,6820,6950,6300,6340,310114
2013-05-30,5618,6560,6910,6560,6910,118675
2013-05-31,5524,6450,6680,6450,6680,90564
2013-06-03,5344,6240,6490,6240,6490,124440
2013-06-04,5472,6390,6440,6290,6300,83835
2013-06-05,5344,6240,6390,6200,6310,44280
2013-06-07,5352,6250,6330,6120,6240,79249
2013-06-10,5352,6250,6350,6210,6310,51746
2013-06-11,5318,6210,6330,6130,6330,47579
2013-06-12,5284,6170,6250,6130,6210,32436
2013-06-13,5292,6180,6180,5980,6120,65100
2013-06-14,5155,6020,6190,6000,6110,72600
2013-06-17,5001,5840,6100,5820,6100,76358
2013-06-18,4976,5810,5880,5780,5840,38535
2013-06-19,4907,5730,5910,5690,5910,75037
2013-06-20,4684,5470,5710,5370,5700,116433
2013-06-21,4659,5440,5450,5200,5370,143326
2013-06-24,4539,5300,5500,5270,5470,71777
2013-06-25,4260,4975,5330,4950,5270,100749
2013-06-26,4325,5050,5170,5000,5060,38576
2013-06-27,4445,5190,5210,5080,5170,69863
2013-06-28,4436,5180,5300,5150,5160,72836
2013-07-01,4462,5210,5300,5100,5250,96382
2013-07-02,4530,5290,5400,5210,5330,85731
2013-07-03,4453,5200,5340,5200,5300,42271
2013-07-04,4453,5200,5230,5130,5170,36139
2013-07-05,4479,5230,5270,5200,5210,28040
2013-07-08,4513,5270,5320,5240,5250,35384
2013-07-09,4530,5290,5340,5270,5280,31461
2013-07-10,4513,5270,5340,5220,5340,43181
2013-07-11,4590,5360,5370,5260,5300,35660
2013-07-12,4650,5430,5470,5320,5430,29534
2013-07-15,4659,5440,5510,5360,5400,32360
2013-07-16,4744,5540,5660,5400,5400,35439
2013-07-17,4864,5680,5720,5550,5570,44381
2013-07-18,4864,5680,5740,5610,5740,31940
2013-07-19,5070,5920,5970,5660,5660,81441
2013-07-22,5155,6020,6040,5870,5960,101917
2013-07-23,5087,5940,6130,5930,6130,64318
2013-07-24,5061,5910,6000,5880,5950,65875
2013-07-25,4950,5780,5970,5760,5910,60025
2013-07-26,5044,5890,5930,5780,5880,58191
2013-07-29,5044,5890,5900,5700,5870,67610
2013-07-30,5104,5960,6090,5780,6090,57070
2013-07-31,5035,5880,5960,5850,5960,24810
2013-08-01,5027,5870,5900,5800,5860,27348
2013-08-02,5001,5840,5920,5750,5870,49752
2013-08-05,5010,5850,5900,5710,5890,71926
2013-08-06,5044,5890,5900,5710,5860,46326
2013-08-07,5010,5850,6080,5790,5890,69690
2013-08-08,5130,5990,6120,5820,5850,100458
2013-08-09,5113,5970,6070,5870,6070,30362
2013-08-12,5113,5970,6150,5920,6090,60864
2013-08-13,4993,5830,5960,5760,5850,67301
2013-08-14,4881,5700,5800,5690,5770,111482
2013-08-16,4933,5760,5760,5620,5700,25090
2013-08-19,4967,5800,5870,5730,5820,20610
2013-08-20,4898,5720,5800,5610,5770,46676
2013-08-21,4547,5310,5600,5260,5600,149530
2013-08-22,4410,5150,5310,5050,5310,60062
2013-08-23,4479,5230,5300,5120,5120,47650
2013-08-26,4564,5330,5370,5230,5300,70268
2013-08-27,4582,5350,5400,5220,5220,43427
2013-08-28,4530,5290,5350,5220,5220,51723
2013-08-29,4445,5190,5300,5150,5290,107004
2013-08-30,4436,5180,5200,5080,5160,92395
2013-09-02,4496,5250,5280,5100,5110,78363
2013-09-03,4624,5400,5430,5210,5250,59957
2013-09-04,4650,5430,5520,5330,5350,55431
2013-09-05,4796,5600,5740,5440,5440,120434
2013-09-06,4821,5630,5640,5500,5600,47022
2013-09-09,4881,5700,5730,5540,5650,63344
2013-09-10,5027,5870,5880,5650,5740,120423
2013-09-11,5053,5900,5930,5810,5890,87426
2013-09-12,5147,6010,6190,5920,5970,155234
2013-09-13,5224,6100,6190,5980,6030,98539
2013-09-16,5395,6300,6320,6090,6100,127670
2013-09-17,5138,6000,6290,5900,6220,151961
2013-09-23,5138,6000,6270,5920,6000,110004
2013-09-24,5155,6020,6130,5920,6100,61683
2013-09-25,4941,5770,5980,5700,5980,120178
2013-09-26,4821,5630,5850,5550,5770,136803
2013-09-27,4830,5640,5710,5540,5640,73617
2013-09-30,4693,5480,5640,5430,5640,135312
2013-10-01,4659,5440,5590,5410,5480,82281
2013-10-02,4642,5420,5500,5400,5500,57500
2013-10-04,4727,5520,5520,5360,5420,32154
2013-10-07,4633,5410,5570,5340,5470,78305
2013-10-08,4633,5410,5420,5290,5340,46562
2013-10-10,4659,5440,5440,5310,5410,40393
2013-10-11,4684,5470,5530,5430,5500,87185
2013-10-14,4582,5350,5560,5350,5560,58937
2013-10-15,4582,5350,5400,5290,5400,54499
2013-10-16,4590,5360,5390,5290,5380,34242
2013-10-17,4599,5370,5510,5350,5500,75218
2013-10-18,4667,5450,5460,5320,5380,51942
2013-10-21,4693,5480,5530,5430,5500,56895
2013-10-22,4873,5690,5690,5450,5520,79119
2013-10-23,4701,5490,5680,5480,5680,65145
2013-10-24,4633,5410,5500,5400,5460,35933
2013-10-25,4727,5520,5580,5430,5530,59499
2013-10-28,4684,5470,5570,5420,5570,19133
2013-10-29,4659,5440,5490,5400,5490,35746
2013-10-30,4650,5430,5490,5380,5490,39331
2013-10-31,4564,5330,5410,5300,5350,57039
2013-11-01,4582,5350,5350,5250,5330,71690
2013-11-04,4496,5250,5380,5210,5380,46493
2013-11-05,4410,5150,5250,5150,5250,58520
2013-11-06,4590,5360,5360,5090,5180,54150
2013-11-07,4453,5200,5270,5180,5250,37462
2013-11-08,4367,5100,5200,5100,5150,63194
2013-11-11,4269,4985,5140,4970,5100,75714
2013-11-12,4350,5080,5120,4950,5030,49331
2013-11-13,4290,5010,5140,5010,5080,50210
2013-11-14,4316,5040,5080,5010,5080,38167
2013-11-15,4402,5140,5200,5030,5040,32901
2013-11-18,4393,5130,5190,5050,5110,32491
2013-11-19,4376,5110,5160,5050,5160,32690
2013-11-20,4393,5130,5140,5050,5110,22199
2013-11-21,4402,5140,5160,5030,5070,41501
2013-11-22,4367,5100,5160,5050,5160,43071
2013-11-25,4205,4910,5120,4850,5050,127804
2013-11-26,4273,4990,4990,4770,4900,217994
2013-11-27,4325,5050,5050,4865,4995,45681
2013-11-28,4342,5070,5100,4940,5000,52843
2013-11-29,4273,4990,5060,4975,5050,74413
2013-12-02,4299,5020,5100,4965,5090,37478
2013-12-03,4153,4850,4975,4800,4925,111770
2013-12-04,4183,4885,4885,4785,4785,26671
2013-12-05,4252,4965,4980,4810,4840,55546
2013-12-06,4128,4820,4970,4815,4965,62881
2013-12-09,4149,4845,4900,4805,4825,42780
2013-12-10,4192,4895,4910,4825,4825,40830
2013-12-11,4205,4910,4985,4850,4985,25134
2013-12-12,4196,4900,4910,4800,4870,33330
2013-12-13,4162,4860,4920,4800,4920,17000
2013-12-16,4106,4795,4915,4785,4900,30450
2013-12-17,4089,4775,4880,4770,4880,49320
2013-12-18,3948,4610,4770,4555,4770,124943
2013-12-19,3892,4545,4655,4310,4610,168344
2013-12-20,3969,4635,4645,4415,4500,82082
2013-12-23,4102,4790,4790,4660,4670,63422
2013-12-24,4072,4755,4825,4660,4790,63131
2013-12-26,4059,4740,4765,4615,4755,50903
2013-12-27,4230,4940,5080,4730,4730,144548
2013-12-30,4445,5190,5190,4805,4995,211411
2014-01-02,4359,5090,5190,4990,5190,68751
2014-01-03,4235,4945,5070,4755,5020,63780
2014-01-06,4145,4840,4990,4830,4980,59270
2014-01-07,4179,4880,4920,4805,4825,38494
2014-01-08,4136,4830,4930,4815,4890,31500
2014-01-09,4188,4890,4945,4805,4805,44060
2014-01-10,4196,4900,4945,4870,4890,36083
2014-01-13,4222,4930,4985,4875,4940,22111
2014-01-14,4162,4860,4940,4860,4920,16220
2014-01-15,4183,4885,4920,4840,4860,56345
2014-01-16,4153,4850,4950,4850,4885,46350
2014-01-17,4153,4850,4870,4830,4860,42600
2014-01-20,4089,4775,4855,4755,4855,72309
2014-01-21,4119,4810,4825,4715,4825,69280
2014-01-22,4342,5070,5220,4775,4820,268403
2014-01-23,4299,5020,5070,4945,5070,79534
2014-01-24,4218,4925,5040,4905,5040,69297
2014-01-27,4128,4820,4850,4765,4820,56310
2014-01-28,4081,4765,4830,4725,4780,44035
2014-01-29,4179,4880,4970,4735,4755,61069
2014-02-03,4196,4900,5000,4820,4880,51168
2014-02-04,4196,4900,4915,4790,4880,40282
2014-02-05,4282,5000,5070,4860,4865,77691
2014-02-06,4256,4970,5050,4965,5010,81203
2014-02-07,4273,4990,5030,4915,4975,82250
2014-02-10,4308,5030,5030,4960,5010,56265
2014-02-11,4269,4985,5090,4980,5000,41347
2014-02-12,4248,4960,5030,4915,4990,56292
2014-02-13,4308,5030,5090,4955,4955,59392
2014-02-14,4504,5260,5350,5030,5070,213331
2014-02-17,4787,5590,5600,5290,5290,349427
2014-02-18,4804,5610,5680,5500,5580,155644
2014-02-19,4856,5670,5750,5540,5600,187102
2014-02-20,4958,5790,5840,5610,5650,200602
2014-02-21,4924,5750,5880,5700,5880,197184
2014-02-24,5387,6290,6370,5700,5750,522089
2014-02-25,5284,6170,6370,6080,6290,311795
2014-02-26,5370,6270,6410,6180,6180,186556
2014-02-27,5378,6280,6370,6150,6270,521831
2014-02-28,5130,5990,6270,5990,6270,198444
2014-03-03,5121,5980,6180,5870,5990,144818
2014-03-04,5053,5900,6140,5880,5900,132688
2014-03-05,5481,6400,6540,6020,6100,418067
2014-03-06,5592,6530,6780,6330,6330,385400
2014-03-07,5567,6500,6640,6400,6640,186804
2014-03-10,5541,6470,6580,6150,6440,384261
2014-03-11,5883,6870,6870,6500,6500,476487
2014-03-12,5601,6540,6900,6500,6900,307374
2014-03-13,5652,6600,6710,6500,6600,140309
2014-03-14,5558,6490,6710,6470,6590,142592
2014-03-17,5387,6290,6570,6260,6500,191586
2014-03-18,5404,6310,6370,6250,6370,131390
2014-03-19,5464,6380,6550,6310,6310,147540
2014-03-20,5541,6470,6520,6330,6330,92302
2014-03-21,5995,7000,7120,6500,6500,628381
2014-03-24,5960,6960,7110,6840,7100,217585
2014-03-25,5875,6860,6980,6800,6920,165079
2014-03-26,5772,6740,7050,6730,6910,211540
2014-03-27,5746,6710,6810,6660,6740,102349
2014-03-28,5738,6700,6750,6600,6710,101017
2014-03-31,5652,6600,6750,6500,6650,127495
2014-04-01,5387,6290,6730,6070,6600,435112
2014-04-02,5558,6490,6540,6220,6280,175360
2014-04-03,5370,6270,6460,6120,6450,209025
2014-04-04,5215,6090,6360,6080,6360,195853
2014-04-07,5370,6270,6360,6020,6040,125744
2014-04-08,5498,6420,6450,6120,6330,315341
2014-04-09,6080,7100,7180,6410,6410,658073
2014-04-10,6055,7070,7280,6810,7110,344282
2014-04-11,6449,7530,7570,6900,6990,563793
2014-04-14,6354,7420,7660,7330,7590,224863
2014-04-15,6286,7340,7530,7320,7480,149920
2014-04-16,6406,7480,7530,7150,7350,203298
2014-04-17,6397,7470,7550,7280,7550,136146
2014-04-18,6123,7150,7470,7080,7390,299927
2014-04-21,6149,7180,7270,7120,7150,98045
2014-04-22,6440,7520,7530,7190,7240,326226
2014-04-23,6320,7380,7550,7370,7550,141646
2014-04-24,6294,7350,7750,7220,7560,664293
2014-04-25,6046,7060,7300,7020,7300,269738
2014-04-28,6063,7080,7100,6990,7030,87925
2014-04-29,6098,7120,7160,6990,7000,117650
2014-04-30,6192,7230,7270,7090,7160,74624
2014-05-02,6209,7250,7360,7130,7230,68834
2014-05-07,6072,7090,7250,7000,7250,74210
2014-05-08,6098,7120,7140,7020,7020,63720
2014-05-09,6269,7320,7330,7050,7110,98945
2014-05-12,6192,7230,7400,7180,7360,116751
2014-05-13,5986,6990,7270,6940,7260,232544
2014-05-14,5978,6980,6990,6780,6990,160584
2014-05-15,5858,6840,7090,6810,6950,150074
2014-05-16,5738,6700,6870,6700,6840,146306
2014-05-19,5738,6700,6880,6560,6560,145120
2014-05-20,5558,6490,6810,6430,6620,119555
2014-05-21,5567,6500,6570,6350,6520,80334
2014-05-22,5695,6650,6770,6480,6480,84451
2014-05-23,5875,6860,6920,6650,6650,89193
2014-05-26,5772,6740,6930,6700,6790,78589
2014-05-27,5481,6400,6690,6330,6660,201116
2014-05-28,5567,6500,6540,6320,6430,106685
2014-05-29,5549,6480,6610,6450,6580,55535
2014-05-30,5498,6420,6550,6330,6500,56500
2014-06-02,5507,6430,6480,6230,6360,58845
2014-06-03,5404,6310,6450,6300,6430,71529
2014-06-05,5173,6040,6310,5950,6310,148630
2014-06-09,5027,5870,6160,5850,6040,198853
2014-06-10,5275,6160,6210,5840,5840,93483
2014-06-11,5292,6180,6250,6000,6240,49353
2014-06-12,5352,6250,6290,6090,6250,41389
2014-06-13,5318,6210,6290,6170,6290,34064
2014-06-16,5250,6130,6230,6050,6200,40935
2014-06-17,5361,6260,6300,6060,6110,51374
2014-06-18,5395,6300,6390,6190,6190,31836
2014-06-19,5387,6290,6320,6150,6320,40498
2014-06-20,5344,6240,6260,6140,6260,65825
2014-06-23,5267,6150,6270,6120,6240,51314
2014-06-24,5113,5970,6150,5930,6090,117612
2014-06-25,5010,5850,6070,5820,6060,104313
2014-06-26,5104,5960,5960,5850,5890,25537
2014-06-27,5121,5980,6030,5910,5910,26219
2014-06-30,5181,6050,6110,5950,6020,39647
2014-07-01,5429,6340,6350,6030,6050,86422
2014-07-02,5438,6350,6440,6270,6360,62898
2014-07-03,5524,6450,6520,6350,6350,81135
2014-07-04,5515,6440,6510,6330,6470,67305
2014-07-07,5567,6500,6500,6390,6410,67741
2014-07-08,5447,6360,6520,6360,6500,59284
2014-07-09,5609,6550,6550,6050,6330,138086
2014-07-10,5918,6910,6960,6500,6530,286013
2014-07-11,6183,7220,7270,6910,6910,387934
2014-07-14,6406,7480,7480,7240,7240,372428
2014-07-15,6217,7260,7670,7180,7500,285765
2014-07-16,6320,7380,7390,7010,7260,267118
2014-07-17,6414,7490,7570,7280,7380,209162
2014-07-18,6423,7500,7720,7380,7390,209707
2014-07-21,6534,7630,7660,7300,7450,184272
2014-07-22,6594,7700,7770,7580,7630,197397
2014-07-23,7005,8180,8180,7630,7670,579889
2014-07-24,7022,8200,8370,8050,8190,291322
2014-07-25,7031,8210,8280,8060,8180,147177
2014-07-28,7194,8400,8540,8120,8210,267681
2014-07-29,7100,8290,8490,8020,8490,212735
2014-07-30,7022,8200,8560,7900,8200,261469
2014-07-31,6843,7990,8280,7790,8190,230500
2014-08-01,6937,8100,8150,7800,7900,109552
2014-08-04,6980,8150,8190,7980,8000,59654
2014-08-05,6885,8040,8200,7960,8160,83124
2014-08-06,6885,8040,8170,7890,7970,80924
2014-08-07,6680,7800,8110,7700,8110,188510
2014-08-08,6457,7540,7670,7380,7660,259812
2014-08-11,6594,7700,7770,7600,7620,122200
2014-08-12,6594,7700,7900,7620,7680,89608
2014-08-13,6663,7780,7840,7650,7780,75944
2014-08-14,6671,7790,7830,7690,7780,66991
2014-08-18,6509,7600,7790,7460,7790,127390
2014-08-19,6389,7460,7700,7400,7650,192214
2014-08-20,6080,7100,7440,7000,7420,284652
2014-08-21,6166,7200,7260,7050,7100,72299
2014-08-22,5952,6950,7270,6900,7270,147317
2014-08-25,5969,6970,7090,6800,6940,89366
2014-08-26,6337,7400,7410,7040,7090,189239
2014-08-27,6149,7180,7470,7150,7470,184674
2014-08-28,5986,6990,7170,6990,7130,110443
2014-08-29,6140,7170,7170,6930,6930,70457
2014-09-01,6072,7090,7190,6910,7110,79943
2014-09-02,6063,7080,7090,6940,7050,63229
2014-09-03,6012,7020,7130,6950,7080,53218
2014-09-04,5952,6950,7090,6800,7070,130988
2014-09-05,5806,6780,7030,6770,7030,76730
2014-09-11,5883,6870,6890,6660,6780,41752
2014-09-12,5738,6700,6900,6600,6870,102068
2014-09-15,5806,6780,6790,6530,6700,52956
2014-09-16,5943,6940,6970,6720,6750,46138
2014-09-17,5883,6870,6960,6760,6950,80737
2014-09-18,5866,6850,6930,6820,6870,30252
2014-09-19,6252,7300,7380,6860,6860,166469
2014-09-22,6149,7180,7370,7120,7300,78728
2014-09-23,6183,7220,7300,7160,7180,63035
2014-09-24,6243,7290,7340,7130,7230,45800
2014-09-25,6569,7670,7670,7200,7200,224083
2014-09-26,6680,7800,7800,7560,7570,140139
2014-09-29,6671,7790,7970,7740,7930,165455
2014-09-30,6620,7730,7900,7650,7760,82520
2014-10-01,6594,7700,8040,7610,7750,129487
2014-10-02,6637,7750,7770,7230,7670,101159
2014-10-06,6646,7760,8150,7650,7750,134972
2014-10-07,6483,7570,7760,7560,7750,72570
2014-10-08,6920,8080,8270,7310,7570,284786
2014-10-10,6911,8070,8210,7930,8080,97987
2014-10-13,6526,7620,8070,7550,8070,87834
2014-10-14,6680,7800,7950,7510,7610,58715
2014-10-15,6723,7850,7910,7690,7720,53198
2014-10-16,6491,7580,7760,7550,7750,83386
2014-10-17,6303,7360,7670,7280,7560,59172
2014-10-20,6414,7490,7500,7360,7370,56926
2014-10-21,6175,7210,7500,7190,7480,58545
2014-10-22,6098,7120,7310,7070,7300,90726
2014-10-23,5986,6990,7150,6840,7120,126665
2014-10-24,5995,7000,7350,6960,7350,89612
2014-10-27,6098,7120,7190,6920,6920,29499
2014-10-28,6209,7250,7280,6990,7120,71572
2014-10-29,6337,7400,7420,7200,7260,55244
2014-10-30,6277,7330,7400,7220,7400,33901
2014-10-31,6243,7290,7330,7130,7300,23820
2014-11-03,6551,7650,7750,7290,7290,120077
2014-11-04,6320,7380,7700,7150,7550,116450
2014-11-05,6209,7250,7470,6930,7340,139269
2014-11-06,6123,7150,7200,6800,7090,102098
2014-11-07,6294,7350,7600,7040,7250,273843
2014-11-10,5960,6960,7180,6920,7100,213545
2014-11-11,5832,6810,7090,6760,6960,218356
2014-11-12,5686,6640,6790,6510,6730,181178
2014-11-13,5669,6620,6770,6430,6670,130748
2014-11-14,5524,6450,6690,6380,6600,119678
2014-11-17,5532,6460,6550,6380,6450,67738
2014-11-18,5618,6560,6630,6460,6460,73160
2014-11-19,5472,6390,6600,6290,6560,122803
2014-11-20,5232,6110,6400,6000,6400,168990
2014-11-21,5155,6020,6110,5680,6110,291821
2014-11-24,5224,6100,6140,6020,6020,70845
2014-11-25,5138,6000,6170,5900,6130,115120
2014-11-26,5010,5850,6010,5690,5980,224276
2014-11-27,5053,5900,5910,5800,5840,101374
2014-11-28,5061,5910,5960,5770,5910,89082
2014-12-01,5078,5930,5980,5810,5910,88497
2014-12-02,5164,6030,6060,5880,5940,81332
2014-12-03,5078,5930,6110,5910,6000,44249
2014-12-04,5053,5900,6000,5870,6000,59026
2014-12-05,4924,5750,5920,5690,5870,108994
2014-12-08,5070,5920,5920,5790,5790,66689
2014-12-09,5078,5930,5970,5840,5930,88308
2014-12-10,5010,5850,5960,5800,5930,46230
2014-12-11,5053,5900,5940,5710,5710,60604
2014-12-12,5053,5900,5940,5840,5840,101015
2014-12-15,5250,6130,6290,5730,5900,99107
2014-12-16,5215,6090,6200,5950,6130,81680
2014-12-17,5292,6180,6180,5920,6090,69558
2014-12-18,5267,6150,6180,6000,6170,58186
2014-12-19,5318,6210,6250,6060,6150,47984
2014-12-22,5370,6270,6270,6170,6240,45829
2014-12-23,5507,6430,6430,6200,6220,70762
2014-12-24,5567,6500,6550,6400,6400,104316
2014-12-26,5567,6500,6570,6430,6500,31477
2014-12-29,6470,6470,6500,6420,6420,57505
2014-12-30,6500,6500,6500,6100,6400,159235
2015-01-02,6470,6470,6660,6390,6500,43809
2015-01-05,6240,6240,6470,6200,6470,25018
2015-01-06,6250,6250,6250,6040,6180,58199
2015-01-07,6090,6090,6280,5940,6260,53579
2015-01-08,6080,6080,6180,6010,6180,25656
2015-01-09,6140,6140,6140,6010,6050,34393
2015-01-12,6230,6230,6280,6100,6160,43432
2015-01-13,6120,6120,6240,6010,6180,55924
2015-01-14,6090,6090,6150,6040,6110,16152
2015-01-15,5980,5980,6100,5960,6090,37931
2015-01-16,5930,5930,6000,5870,5980,97704
2015-01-19,6000,6000,6050,5920,6020,103541
2015-01-20,6030,6030,6150,5980,6050,98231
2015-01-21,6040,6040,6100,5910,6060,232848
2015-01-22,6030,6030,6080,5980,6070,78747
2015-01-23,6000,6000,6050,5990,6040,43231
2015-01-26,6010,6010,6030,5970,6030,41171
2015-01-27,5990,5990,6050,5980,5990,35849
2015-01-28,6090,6090,6280,5960,6030,148136
2015-01-29,6190,6190,6230,6080,6120,68293
2015-01-30,6210,6210,6440,6150,6180,80015
2015-02-02,6390,6390,6430,6190,6190,96954
2015-02-03,6300,6300,6410,6100,6390,71629
2015-02-04,6260,6260,6380,6160,6330,31694
2015-02-05,6220,6220,6330,6160,6220,52032
2015-02-06,6000,6000,6180,5970,6180,156060
2015-02-09,6040,6040,6040,5920,6000,55572
2015-02-10,5970,5970,6040,5840,6030,84748
2015-02-11,6000,6000,6030,5930,5970,83298
2015-02-12,5930,5930,6050,5900,6050,66253
2015-02-13,6130,6130,6130,5950,5950,42722
2015-02-16,6120,6120,6280,6020,6160,64704
2015-02-17,6000,6000,6110,5970,6080,96858
2015-02-23,6080,6080,6090,5960,6000,53087
2015-02-24,6040,6040,6150,6020,6120,53205
2015-02-25,6130,6130,6170,6040,6080,168145
2015-02-26,6370,6370,6420,6170,6180,466799
2015-02-27,6280,6280,6420,6260,6420,177316
2015-03-02,6490,6490,6680,6310,6310,463357
2015-03-03,6620,6620,6620,6440,6590,192222
2015-03-04,6510,6510,6670,6460,6580,86110
2015-03-05,6430,6430,6630,6360,6460,116227
2015-03-06,6430,6430,6460,6240,6380,119435
2015-03-09,6320,6320,6470,6280,6330,94697
2015-03-10,6320,6320,6370,6140,6370,117775
2015-03-11,6380,6380,6380,6220,6240,112221
2015-03-12,6370,6370,6440,6250,6440,85257
2015-03-13,6220,6220,6330,6100,6300,223872
2015-03-16,6070,6070,6230,6020,6220,121639
2015-03-17,6180,6180,6190,6000,6070,154239
2015-03-18,6120,6120,6210,6060,6170,107740
2015-03-19,6100,6100,6270,6050,6180,132368
2015-03-20,6090,6090,6130,6010,6130,76855
2015-03-23,6100,6100,6120,6010,6120,45219
2015-03-24,6200,6200,6250,6070,6110,85380
2015-03-25,6240,6240,6320,6150,6170,85354
2015-03-26,6080,6080,6230,6000,6200,82462
2015-03-27,6060,6060,6120,6030,6080,54413
2015-03-30,5980,5980,6060,5980,6060,78575
2015-03-31,6040,6040,6070,5980,6040,57176
2015-04-01,6090,6090,6190,6030,6040,71430
2015-04-02,6020,6020,6120,6000,6110,91803
2015-04-03,6020,6020,6050,5950,6040,129729
2015-04-06,6390,6390,6570,6050,6130,323047
2015-04-07,6390,6390,6470,6280,6450,100698
2015-04-08,6450,6450,6530,6360,6470,121924
2015-04-09,6300,6300,6490,6290,6420,140378
2015-04-10,6510,6510,6570,6310,6320,203190
2015-04-13,7070,7070,7230,6530,6550,525255
2015-04-14,7240,7240,7410,7040,7100,460509
2015-04-15,7080,7080,7230,7030,7230,167349
2015-04-16,7190,7190,7250,7040,7110,196204
2015-04-17,7100,7100,7340,7040,7340,162406
2015-04-20,6970,6970,7050,6870,7030,165815
2015-04-21,7080,7080,7170,7010,7010,217605
2015-04-22,6970,6970,7150,6330,7150,159000
2015-04-23,6790,6790,6990,6610,6970,208467
2015-04-24,6700,6700,6810,6350,6810,177469
2015-04-27,6670,6670,6740,6560,6620,72354
2015-04-28,6650,6650,6770,6610,6700,108380
2015-04-29,6420,6420,6520,6290,6500,164882
2015-04-30,6400,6400,6520,6340,6430,125637
2015-05-04,6100,6100,6400,6000,6400,239316
2015-05-06,5880,5880,6110,5830,6100,266641
2015-05-07,6090,6090,6090,5540,5840,1369636
2015-05-08,5700,5700,5900,5650,5890,578535
2015-05-11,5700,5700,5740,5550,5700,275916
2015-05-12,5690,5690,5750,5630,5710,173338
2015-05-13,5670,5670,5710,5630,5700,199354
2015-05-14,5820,5820,5900,5650,5680,227473
2015-05-15,5770,5770,5830,5680,5810,253835
2015-05-18,5580,5580,5790,5560,5760,182462
2015-05-19,5610,5610,5690,5510,5600,140823
2015-05-20,5590,5590,5650,5540,5610,111206
2015-05-21,5360,5360,5570,5340,5540,208776
2015-05-22,5500,5500,5550,5270,5310,253584
2015-05-26,5400,5400,5500,5360,5500,78312
2015-05-27,5290,5290,5420,5120,5330,144223
2015-05-28,5300,5300,5360,5260,5330,100029
2015-05-29,5340,5340,5510,5260,5260,203485
2015-06-01,5350,5350,5380,5230,5350,63336
2015-06-02,5700,5700,5770,5280,5350,291729
2015-06-03,5550,5550,5750,5520,5750,140198
2015-06-04,5690,5690,5750,5500,5520,129381
2015-06-05,5590,5590,5670,5530,5670,76192
2015-06-08,5550,5550,5640,5530,5550,73940
2015-06-09,5510,5510,5740,5510,5530,86010
2015-06-10,5490,5490,5600,5400,5600,106607
2015-06-11,5210,5210,5510,5180,5500,167018
2015-06-12,4950,4950,5360,4900,5240,313902
2015-06-15,4940,4940,5040,4750,5030,190112
2015-06-16,4890,4890,5010,4775,4880,146287
2015-06-17,5080,5080,5110,4885,4910,93572
2015-06-18,5010,5010,5180,4975,5050,123504
2015-06-19,5050,5050,5140,4985,5100,70093
2015-06-22,5060,5060,5100,5000,5100,44560
2015-06-23,4990,4990,5080,4970,5060,127195
2015-06-24,5000,5000,5000,4930,4975,87528
2015-06-25,4915,4915,5030,4895,5030,131173
2015-06-26,4955,4955,4990,4915,4985,134588
2015-06-29,4800,4800,4910,4780,4910,95529
2015-06-30,4910,4910,4935,4760,4800,62400
2015-07-01,4940,4940,4950,4835,4910,58629
2015-07-02,4935,4935,4990,4850,4990,57335
2015-07-03,4890,4890,4940,4800,4855,58496
2015-07-06,4755,4755,4860,4725,4860,86658
2015-07-07,4795,4795,4820,4665,4760,103484
2015-07-08,4700,4700,4820,4635,4740,73497
2015-07-09,4725,4725,4745,4435,4630,94274
2015-07-10,4855,4855,4880,4670,4755,67428
2015-07-13,4870,4870,4900,4760,4760,53395
2015-07-14,4970,4970,5020,4885,4920,85230
2015-07-15,5150,5150,5280,4990,5020,145397
2015-07-16,5210,5210,5380,5180,5290,96385
2015-07-17,5180,5180,5250,5030,5250,127744
2015-07-20,4995,4995,5170,4990,5170,132946
2015-07-21,5190,5190,5210,4995,4995,74440
2015-07-22,5080,5080,5200,5030,5120,95068
2015-07-23,5060,5060,5140,4985,5140,70709
2015-07-24,4900,4900,5060,4890,5060,60532
2015-07-27,4825,4825,4885,4750,4885,44239
2015-07-28,4825,4825,4850,4680,4825,41617
2015-07-29,4765,4765,4840,4740,4835,49394
2015-07-30,4720,4720,4765,4650,4765,47963
2015-07-31,4720,4720,4900,4610,4690,150718
2015-08-03,4635,4635,4820,4615,4710,64191
2015-08-04,4560,4560,4690,4560,4690,60319
2015-08-05,4595,4595,4655,4525,4560,96525
2015-08-06,4590,4590,4705,4530,4530,48937
2015-08-07,4590,4590,4645,4500,4600,26047
2015-08-10,4240,4240,4565,4110,4565,144460
2015-08-11,4085,4085,4360,4050,4260,83467
2015-08-12,4120,4120,4150,3995,4020,108108
2015-08-13,4195,4195,4315,4100,4315,28749
2015-08-14,4195,4195,4195,4195,4195,0
2015-08-17,4190,4190,4280,4120,4195,21748
2015-08-18,4180,4180,4250,4125,4200,44605
2015-08-19,4050,4050,4225,3995,4200,100816
2015-08-20,3990,3990,4050,3815,3815,78563
2015-08-21,3550,3550,3870,3470,3870,236937
2015-08-24,3350,3350,3530,3345,3365,99041
2015-08-25,3450,3450,3485,3280,3280,102696
2015-08-26,3590,3590,3590,3400,3480,72218
2015-08-27,3680,3680,3750,3585,3650,101832
2015-08-28,3720,3720,3800,3700,3730,76488
2015-08-31,3870,3870,3885,3700,3790,43318
2015-09-01,3755,3755,3980,3700,3885,99895
2015-09-02,3790,3790,3815,3600,3650,29941
2015-09-03,3940,3940,3980,3790,3800,45039
2015-09-04,3880,3880,4040,3770,3940,52055
2015-09-07,3870,3870,3945,3840,3840,19983
2015-09-08,3895,3895,3925,3805,3870,32324
2015-09-09,3845,3845,3950,3805,3950,52523
2015-09-10,4000,4000,4045,3820,3840,80678
2015-09-11,3810,3810,4095,3810,4010,72245
2015-09-14,3895,3895,3940,3825,3895,33084
2015-09-15,3910,3910,3960,3865,3865,39228
2015-09-16,3980,3980,4070,3880,3900,61595
2015-09-17,4040,4040,4050,3980,4035,27915
2015-09-18,3955,3955,4040,3940,4030,67705
2015-09-21,3955,3955,4000,3870,3990,41666
2015-09-22,3925,3925,3985,3860,3985,52714
2015-09-23,3875,3875,3915,3810,3915,60151
2015-09-24,3930,3930,3950,3820,3890,46813
2015-09-25,3900,3900,3970,3860,3970,41545
2015-09-30,3950,3950,3970,3820,3970,84222
2015-10-01,3955,3955,3970,3895,3950,31031
2015-10-02,4000,4000,4010,3930,3955,33150
2015-10-05,4055,4055,4075,3960,4015,30445
2015-10-06,4060,4060,4105,4015,4085,23160
2015-10-07,4140,4140,4170,4040,4080,47059
2015-10-08,4135,4135,4170,4100,4150,21031
2015-10-12,4145,4145,4160,4040,4135,35844
2015-10-13,4145,4145,4160,4090,4150,16183
2015-10-14,4095,4095,4150,4050,4150,35728
2015-10-15,4125,4125,4140,4035,4095,42986
2015-10-16,4130,4130,4160,4120,4150,29958
2015-10-19,4150,4150,4150,4100,4135,17710
2015-10-20,4195,4195,4200,4095,4140,43143
2015-10-21,4255,4255,4260,4195,4250,20672
2015-10-22,4100,4100,4270,4100,4270,21134
2015-10-23,4150,4150,4200,4100,4100,17270
2015-10-26,4125,4125,4195,4100,4195,16646
2015-10-27,4100,4100,4145,4035,4140,26268
2015-10-28,4045,4045,4100,3870,4100,43433
2015-10-29,4000,4000,4055,3985,4055,30380
2015-10-30,3865,3865,4045,3855,4000,28643
2015-11-02,3900,3900,3965,3835,3840,9305
2015-11-03,3950,3950,3960,3880,3900,26056
2015-11-04,3945,3945,3990,3900,3990,32857
2015-11-05,3935,3935,3955,3815,3955,25634
2015-11-06,3955,3955,4015,3880,4015,20086
2015-11-09,3795,3795,3955,3780,3955,37363
2015-11-10,3725,3725,3805,3695,3760,51304
2015-11-11,3725,3725,3890,3630,3700,33679
2015-11-12,3800,3800,3800,3690,3770,26418
2015-11-13,3710,3710,3800,3485,3800,39055
2015-11-16,3610,3610,3670,3510,3630,29163
2015-11-17,3670,3670,3700,3490,3625,23992
2015-11-18,3610,3610,3690,3595,3690,17449
2015-11-19,3590,3590,3650,3550,3625,21555
2015-11-20,3615,3615,3660,3555,3605,22095
2015-11-23,3580,3580,3665,3535,3565,29914
2015-11-24,3465,3465,3590,3400,3580,81277
2015-11-25,3435,3435,3490,3350,3465,79400
2015-11-26,3345,3345,3430,3335,3430,100168
2015-11-27,3410,3410,3435,3345,3350,33360
2015-11-30,3365,3365,3440,3365,3400,130262
2015-12-01,3435,3435,3455,3390,3395,48356
2015-12-02,3430,3430,3450,3360,3435,46820
2015-12-03,3430,3430,3445,3380,3410,16927
2015-12-04,3440,3440,3450,3400,3435,14138
2015-12-07,3435,3435,3510,3405,3495,17711
2015-12-08,3365,3365,3435,3320,3400,30785
2015-12-09,3215,3215,3420,3035,3365,97478
2015-12-10,3140,3140,3250,2965,3215,118004
2015-12-11,3145,3145,3220,3065,3140,67598
2015-12-14,3100,3100,3190,3035,3190,69157
2015-12-15,3460,3460,3460,2985,3110,267896
2015-12-16,3520,3520,3595,3350,3365,251629
2015-12-17,3370,3370,3545,3370,3520,283626
2015-12-18,3390,3390,3445,3300,3390,66928
2015-12-21,3400,3400,3490,3300,3390,199119
2015-12-22,3700,3700,3765,3365,3445,461160
2015-12-23,3700,3700,3745,3500,3640,134089
2015-12-24,3690,3690,3770,3615,3690,311434
2015-12-28,3840,3840,3850,3635,3690,640845
2015-12-29,4150,4150,4150,3815,3890,381613
2015-12-30,4270,4270,4290,4100,4180,262813
2016-01-04,3940,3940,4270,3900,4270,158879
2016-01-05,3970,3970,4045,3880,3880,86576
2016-01-06,4005,4005,4030,3960,3970,25139
2016-01-07,3930,3930,4020,3895,4005,41354
2016-01-08,3980,3980,4035,3840,3880,52560
2016-01-11,3940,3940,4030,3830,4030,72080
2016-01-12,3960,3960,3980,3890,3980,22235
2016-01-13,3980,3980,4150,3910,3960,88463
2016-01-14,3975,3975,3985,3850,3915,35407
2016-01-15,3930,3930,4045,3855,3990,39234
2016-01-18,3875,3875,3980,3815,3815,17215
2016-01-19,3875,3875,3935,3800,3935,35837
2016-01-20,3790,3790,3920,3610,3920,33619
2016-01-21,3830,3830,3900,3700,3900,36884
2016-01-22,3840,3840,3880,3765,3880,27931
2016-01-25,3795,3795,3885,3795,3885,35868
2016-01-26,3720,3720,3775,3665,3775,30035
2016-01-27,3780,3780,3800,3720,3720,11156
2016-01-28,3790,3790,3875,3710,3800,21482
2016-01-29,4000,4000,4060,3800,3870,118376
2016-02-01,3905,3905,4035,3860,4000,36758
2016-02-02,3935,3935,3945,3890,3905,28084
2016-02-03,3825,3825,3945,3800,3945,23100
2016-02-04,3895,3895,3990,3765,3825,33084
2016-02-05,3930,3930,3995,3865,3935,16714
2016-02-11,3800,3800,3930,3785,3930,26129
2016-02-12,3635,3635,3785,3625,3665,29464
2016-02-15,3815,3815,3815,3650,3750,16315
2016-02-16,3820,3820,3890,3760,3850,25798
2016-02-17,3805,3805,3860,3780,3860,17440
2016-02-18,3850,3850,3900,3765,3765,25645
2016-02-19,3880,3880,3895,3790,3800,20023
2016-02-22,3810,3810,3910,3770,3880,27374
2016-02-23,3820,3820,3990,3800,3990,27324
2016-02-24,3845,3845,3855,3800,3855,17943
2016-02-25,3875,3875,3990,3810,3810,21239
2016-02-26,3905,3905,3920,3860,3885,19559
2016-02-29,4000,4000,4000,3905,3905,38752
2016-03-02,4310,4310,4315,3920,4000,152943
2016-03-03,4380,4380,4395,4295,4310,76875
2016-03-04,4550,4550,4550,4410,4500,108933
2016-03-07,4750,4750,4970,4500,4500,175944
2016-03-08,4575,4575,4900,4360,4900,167116
2016-03-09,4315,4315,4580,4315,4575,116305
2016-03-10,4405,4405,4440,4325,4385,42479
2016-03-11,4415,4415,4540,4400,4455,82285
2016-03-14,4465,4465,4485,4400,4450,32319
2016-03-15,4405,4405,4510,4400,4495,51907
2016-03-16,4315,4315,4445,4315,4405,56666
2016-03-17,4420,4420,4460,4230,4315,43579
2016-03-18,4410,4410,4460,4310,4390,25851
2016-03-21,4385,4385,4450,4355,4450,12265
2016-03-22,4410,4410,4490,4345,4490,30594
2016-03-23,4350,4350,4410,4300,4410,71816
2016-03-24,4320,4320,4350,4280,4350,20877
2016-03-25,4185,4185,4320,4185,4320,46148
2016-03-28,4175,4175,4215,4135,4185,28873
2016-03-29,4295,4295,4330,4140,4140,39393
2016-03-30,4275,4275,4300,4240,4285,12162
2016-03-31,4240,4240,4330,4200,4275,29672
2016-04-01,4175,4175,4335,4165,4240,12495
2016-04-04,4140,4140,4265,4100,4175,24995
2016-04-05,4165,4165,4235,4095,4235,15270
2016-04-06,4195,4195,4215,4100,4200,7534
2016-04-07,4165,4165,4270,4165,4190,9946
2016-04-08,4200,4200,4200,4090,4140,22463
2016-04-11,4200,4200,4200,4105,4190,34741
2016-04-12,4305,4305,4330,4150,4200,41103
2016-04-14,4485,4485,4485,4300,4305,78732
2016-04-15,4415,4415,4540,4345,4540,56284
2016-04-18,4500,4500,4505,4345,4410,56338
2016-04-19,4540,4540,4680,4430,4500,60893
2016-04-20,4650,4650,4700,4550,4550,100601
2016-04-21,4725,4725,4790,4665,4790,93323
2016-04-22,4770,4770,4800,4725,4750,76412
2016-04-25,5070,5070,5150,4710,4770,232214
2016-04-26,4735,4735,5490,4680,5320,505880
2016-04-27,4835,4835,4980,4725,4780,117324
2016-04-28,4935,4935,4995,4860,4935,86252
2016-04-29,4980,4980,4990,4895,4990,65156
2016-05-02,5030,5030,5250,4990,5010,114197
2016-05-03,4945,4945,5110,4825,5110,87941
2016-05-04,4810,4810,5000,4800,5000,51457
2016-05-09,4785,4785,4840,4700,4810,38434
2016-05-10,4785,4785,4855,4685,4785,36892
2016-05-11,4710,4710,4770,4680,4710,28644
2016-05-12,4695,4695,4740,4605,4740,38367
2016-05-13,4695,4695,4740,4600,4695,47299
2016-05-16,4650,4650,4740,4500,4675,46219
2016-05-17,4600,4600,4685,4560,4685,31607
2016-05-18,4610,4610,4680,4570,4680,26821
2016-05-19,4520,4520,4670,4520,4670,31928
2016-05-20,4565,4565,4585,4440,4585,31820
2016-05-23,4400,4400,4600,4375,4565,64618
2016-05-24,4220,4220,4485,4050,4400,101229
2016-05-25,4410,4410,4430,4175,4175,37040
2016-05-26,4555,4555,4680,4410,4410,64986
2016-05-27,4495,4495,4600,4400,4600,21348
2016-05-30,4465,4465,4580,4370,4555,16957
2016-05-31,4440,4440,4505,4370,4505,22302
2016-06-01,4445,4445,4475,4390,4460,22824
2016-06-02,4425,4425,4510,4370,4510,12197
2016-06-03,4415,4415,4475,4300,4475,27335
2016-06-07,4470,4470,4530,4400,4415,37363
2016-06-08,4380,4380,4530,4380,4500,29420
2016-06-09,4430,4430,4440,4360,4440,111861
2016-06-10,4575,4575,5230,4510,5160,697708
2016-06-13,4685,4685,4720,4485,4510,105915
2016-06-14,4670,4670,4670,4590,4650,34731
2016-06-15,4670,4670,4720,4620,4670,33134
2016-06-16,4660,4660,4695,4600,4690,65619
2016-06-17,4535,4535,4705,4400,4700,72158
2016-06-20,4770,4770,4860,4550,4550,167848
2016-06-21,5190,5190,5200,4785,4810,389386
2016-06-22,5300,5300,5320,5110,5190,226888
2016-06-23,5200,5200,5280,5050,5220,149984
2016-06-24,5250,5250,5370,4900,5370,298210
2016-06-27,5200,5200,5370,5000,5100,281457
2016-06-28,5200,5200,5270,5030,5130,89477
2016-06-29,5260,5260,5340,5200,5210,58746
2016-06-30,5410,5410,5410,5260,5270,123946
2016-07-01,5300,5300,5530,5300,5440,163567
2016-07-04,5120,5120,5320,5000,5300,159962
2016-07-05,5200,5200,5230,5070,5100,74639
2016-07-06,5050,5050,5230,5030,5230,65706
2016-07-07,5150,5150,5150,5060,5100,77418
2016-07-08,5070,5070,5180,5060,5180,59243
2016-07-11,5080,5080,5120,5020,5120,70748
2016-07-12,5060,5060,5100,5010,5080,88663
2016-07-13,5070,5070,5100,5020,5100,45865
2016-07-14,5120,5120,5120,5050,5070,34667
2016-07-15,5180,5180,5230,5110,5120,65049
2016-07-18,5270,5270,5360,5130,5130,88769
2016-07-19,5160,5160,5330,5130,5300,45847
2016-07-20,5220,5220,5270,5110,5150,49549
2016-07-21,5290,5290,5310,5130,5250,92173
2016-07-22,5350,5350,5350,5260,5340,50968
2016-07-25,5240,5240,5680,5170,5370,193524
2016-07-26,5180,5180,5240,5150,5240,35622
2016-07-27,5080,5080,5250,5070,5250,52671
2016-07-28,5140,5140,5200,5030,5140,34720
2016-07-29,5080,5080,5160,5050,5100,51102
2016-08-01,5090,5090,5170,5060,5060,27500
2016-08-02,5160,5160,5170,5100,5110,23917
2016-08-03,5100,5100,5180,5100,5130,56539
2016-08-04,5170,5170,5230,5110,5170,31187
2016-08-05,5210,5210,5240,5160,5220,30904
2016-08-08,5190,5190,5300,5130,5260,24278
2016-08-09,5150,5150,5250,5000,5220,77133
2016-08-10,5040,5040,5180,4995,5120,113146
2016-08-11,5080,5080,5090,5000,5040,26395
2016-08-12,5100,5100,5120,5030,5030,23109
2016-08-16,5050,5050,5150,5020,5100,34587
2016-08-17,5070,5070,5110,5050,5050,23920
2016-08-18,5190,5190,5220,5060,5060,52144
2016-08-19,5150,5150,5200,5110,5160,34144
2016-08-22,5150,5150,5280,5080,5180,86529
2016-08-23,5180,5180,5230,5060,5230,23074
2016-08-24,5160,5160,5190,5110,5110,13324
2016-08-25,5140,5140,5200,5070,5200,25530
2016-08-26,5080,5080,5120,5030,5090,43208
2016-08-29,4995,4995,5130,4995,5130,288737
2016-08-30,4955,4955,5090,4900,5090,58538
2016-08-31,4860,4860,5010,4860,5000,88332
2016-09-01,4895,4895,4945,4840,4930,17454
2016-09-02,4850,4850,4925,4840,4875,27902
2016-09-05,4835,4835,4960,4810,4850,28230
2016-09-06,4835,4835,4860,4785,4800,28387
2016-09-07,4785,4785,4890,4785,4890,19503
2016-09-08,4805,4805,4850,4700,4765,47659
2016-09-09,4760,4760,4825,4665,4800,48661
2016-09-12,4660,4660,4740,4605,4650,57420
2016-09-13,4665,4665,4800,4605,4665,30170
2016-09-19,4635,4635,4775,4600,4665,10833
2016-09-20,4690,4690,4820,4615,4700,36676
2016-09-21,4760,4760,4800,4675,4690,25349
2016-09-22,4800,4800,4800,4725,4760,21391
2016-09-23,4835,4835,4845,4770,4840,22507
2016-09-26,4850,4850,4870,4800,4800,17756
2016-09-27,4870,4870,4945,4745,4745,43143
2016-09-28,4870,4870,4915,4830,4915,16789
2016-09-29,4860,4860,4870,4830,4830,17292
2016-09-30,4805,4805,4840,4760,4760,21721
2016-10-04,4845,4845,4880,4550,4805,25642
2016-10-05,4845,4845,4855,4770,4845,19205
2016-10-06,4765,4765,4845,4765,4810,10490
2016-10-07,4745,4745,4870,4650,4765,17256
2016-10-10,4750,4750,4755,4475,4745,18764
2016-10-11,4845,4845,4905,4730,4825,23924
2016-10-12,4810,4810,4865,4770,4845,13741
2016-10-13,4775,4775,4810,4730,4810,9935
2016-10-14,4635,4635,4770,4600,4740,44034
2016-10-17,4695,4695,4785,4630,4785,12367
2016-10-18,4695,4695,4730,4600,4730,14985
2016-10-19,4695,4695,4740,4630,4700,7836
2016-10-20,4610,4610,4700,4565,4700,26169
2016-10-21,4600,4600,4625,4515,4610,14567
2016-10-24,4595,4595,4665,4540,4540,7816
2016-10-25,4640,4640,4650,4550,4620,19068
2016-10-26,4660,4660,4720,4550,4640,15855
2016-10-27,4680,4680,4745,4610,4675,19049
2016-10-28,4680,4680,4700,4605,4700,31123
2016-10-31,4600,4600,4720,4355,4720,24578
2016-11-01,4600,4600,4675,4495,4675,9380
2016-11-02,4450,4450,4600,4450,4600,43321
2016-11-03,4470,4470,4515,4425,4515,3722
2016-11-04,4475,4475,4485,4385,4485,14198
2016-11-07,4510,4510,4515,4430,4475,16218
2016-11-08,4615,4615,4620,4505,4510,32844
2016-11-09,4440,4440,4625,4330,4625,25532
2016-11-10,4550,4550,4570,4420,4420,14786
2016-11-11,4580,4580,4600,4475,4565,14711
2016-11-14,4590,4590,4605,4510,4510,13168
2016-11-15,4580,4580,4600,4545,4545,13062
2016-11-16,4595,4595,4600,4550,4565,9132
2016-11-17,4580,4580,4605,4500,4590,18992
2016-11-18,4450,4450,4575,4450,4575,7053
2016-11-21,4450,4450,4530,4300,4530,20907
2016-11-22,4380,4380,4450,4355,4450,11109
2016-11-23,4400,4400,4550,4315,4375,15002
2016-11-24,4350,4350,4425,4280,4380,21446
2016-11-25,4340,4340,4370,4250,4350,52087
2016-11-28,4330,4330,4345,4235,4325,5452
2016-11-29,4200,4200,4335,4200,4335,16766
2016-11-30,4240,4240,4260,4175,4200,22378
2016-12-01,4240,4240,4290,4200,4250,5783
2016-12-02,4200,4200,4290,4180,4285,15012
2016-12-05,4145,4145,4450,4145,4200,9080
2016-12-06,4150,4150,4240,4100,4130,16644
2016-12-07,4140,4140,4330,4110,4135,34213
2016-12-08,4180,4180,4280,4130,4195,7293
2016-12-09,4230,4230,4230,4130,4200,9448
2016-12-12,4245,4245,4320,4175,4190,18348
2016-12-13,4275,4275,4290,4200,4290,34083
2016-12-14,4290,4290,4490,4285,4300,9998
2016-12-15,4300,4300,4330,4235,4275,34327
2016-12-16,4250,4250,4325,4250,4325,29655
2016-12-19,4265,4265,4390,4230,4300,17159
2016-12-20,4290,4290,4300,4215,4250,26986
2016-12-21,4250,4250,4340,4245,4275,6683
2016-12-22,4250,4250,4295,4240,4270,26476
2016-12-23,4250,4250,4285,4210,4240,52207
2016-12-26,4300,4300,4375,4230,4295,20964
2016-12-27,4285,4285,4460,4280,4285,12075
2016-12-28,4240,4240,4315,4240,4315,21907
2016-12-29,4265,4265,4310,4220,4240,23967
2017-01-02,4245,4245,4300,4190,4265,47534
2017-01-03,4200,4200,4265,4200,4245,27083
2017-01-04,4250,4250,4275,4185,4240,55283
2017-01-05,4390,4390,4445,4220,4280,50180
2017-01-06,4370,4370,4425,4275,4420,36334
2017-01-09,4345,4345,4395,4315,4395,11845
2017-01-10,4330,4330,4350,4305,4320,16347
2017-01-11,4325,4325,4360,4290,4330,16321
2017-01-12,4335,4335,4340,4290,4325,18645
2017-01-13,4335,4335,4360,4300,4330,17211
2017-01-16,4235,4235,4335,4235,4305,49473
2017-01-17,4200,4200,4320,4200,4235,26294
2017-01-18,4235,4235,4300,4110,4200,11513
2017-01-19,4240,4240,4250,4195,4220,6266
2017-01-20,4260,4260,4415,4210,4225,13228
2017-01-23,4245,4245,4260,4220,4260,8022
2017-01-24,4185,4185,4380,4175,4245,18511
2017-01-25,4160,4160,4190,4105,4190,33333
2017-01-26,4200,4200,4200,4115,4190,39479
2017-01-31,4190,4190,4305,4130,4200,17560
2017-02-01,4205,4205,4240,4160,4185,15581
2017-02-02,4200,4200,4265,4165,4220,15814
2017-02-03,4155,4155,4190,4060,4170,26529
2017-02-06,4190,4190,4195,4105,4190,21385
2017-02-07,4160,4160,4185,4115,4160,8971
2017-02-08,4285,4285,4395,4135,4160,123854
2017-02-09,4270,4270,4360,4235,4345,29816
2017-02-10,4170,4170,4285,4160,4285,48528
2017-02-13,4215,4215,4240,4150,4225,20707
2017-02-14,4220,4220,4270,4175,4190,29715
2017-02-15,4200,4200,4265,4170,4265,40696
2017-02-16,4140,4140,4270,4125,4270,61295
2017-02-17,4180,4180,4200,4130,4130,15589
2017-02-20,4185,4185,4200,4140,4180,35026
2017-02-21,4220,4220,4250,4185,4185,20081
2017-02-22,4215,4215,4250,4185,4250,17570
2017-02-23,4205,4205,4240,4170,4240,19358
2017-02-24,4225,4225,4275,4200,4220,37030
2017-02-27,4225,4225,4235,4190,4230,17818
2017-02-28,4285,4285,4285,4195,4225,29129
2017-03-02,4370,4370,4445,4260,4285,60470
2017-03-03,4305,4305,4420,4295,4395,50055
2017-03-06,4350,4350,4400,4320,4400,13308
2017-03-07,4380,4380,4410,4325,4350,16031
2017-03-08,4365,4365,4410,4300,4410,9948
2017-03-09,4270,4270,4380,4265,4380,27584
2017-03-10,4290,4290,4315,4230,4315,15189
2017-03-13,4300,4300,4300,4240,4270,16241
2017-03-14,4525,4525,4525,4285,4310,59533
2017-03-15,4375,4375,4525,4350,4490,33908
2017-03-16,4395,4395,4450,4335,4400,28538
2017-03-17,4315,4315,4415,4300,4390,30551
2017-03-20,4290,4290,4365,4270,4365,23193
2017-03-21,4310,4310,4345,4265,4345,26317
2017-03-22,4300,4300,4360,4275,4345,7312
2017-03-23,4325,4325,4340,4290,4300,20411
2017-03-24,4330,4330,4360,4290,4355,10286
2017-03-27,4365,4365,4365,4275,4295,18421
2017-03-28,4400,4400,4430,4365,4400,16434
2017-03-29,4440,4440,4485,4345,4430,21093
2017-03-30,4415,4415,4475,4405,4440,5835
2017-03-31,4470,4470,4470,4410,4435,9769
2017-04-03,4460,4460,4540,4420,4475,21479
2017-04-04,4445,4445,4490,4400,4410,31616
2017-04-05,4390,4390,4460,4380,4460,8515
2017-04-06,4340,4340,4410,4325,4410,29121
2017-04-07,4375,4375,4390,4310,4385,19833
2017-04-10,4400,4400,4430,4300,4430,17148
2017-04-11,4475,4475,4510,4390,4450,57467
2017-04-12,4400,4400,4510,4360,4510,12779
2017-04-13,4425,4425,4470,4360,4470,6904
2017-04-14,4365,4365,4470,4360,4430,10447
2017-04-17,4310,4310,4400,4300,4400,55730
2017-04-18,4355,4355,4430,4280,4350,42526
2017-04-19,4380,4380,4420,4320,4355,15282
2017-04-20,4400,4400,4410,4355,4395,10826
2017-04-21,4400,4400,4430,4340,4410,13038
2017-04-24,4345,4345,4445,4345,4445,17568
2017-04-25,4380,4380,4390,4335,4365,28845
2017-04-26,4410,4410,4455,4370,4375,45269
2017-04-27,4555,4555,4570,4430,4450,129044
2017-04-28,4530,4530,4575,4480,4545,77348
2017-05-02,4660,4660,4660,4530,4530,35173
2017-05-04,4625,4625,4740,4550,4660,56691
2017-05-08,4605,4605,4730,4550,4625,53846
2017-05-10,4635,4635,4720,4605,4640,54513
2017-05-11,4670,4670,4680,4595,4650,45218
2017-05-12,4670,4670,4710,4630,4710,20737
2017-05-15,4595,4595,4680,4595,4670,23713
2017-05-16,4720,4720,4735,4605,4610,155280
2017-05-17,4695,4695,4760,4695,4745,88587
2017-05-18,4700,4700,4735,4605,4695,56045
2017-05-19,4690,4690,4740,4685,4740,26833
2017-05-22,4720,4720,4730,4660,4690,50279
2017-05-23,4800,4800,4815,4705,4730,164197
2017-05-24,4870,4870,4915,4820,4840,111092
2017-05-25,4920,4920,4935,4850,4900,113938
2017-05-26,4920,4920,4950,4880,4905,52501
2017-05-29,4915,4915,4960,4850,4890,82339
2017-05-30,4910,4910,4940,4865,4930,85173
2017-05-31,4890,4890,4935,4855,4935,40731
2017-06-01,4880,4880,4920,4865,4920,48622
2017-06-02,4935,4935,4935,4865,4900,59217
2017-06-05,4930,4930,4965,4905,4950,55288
2017-06-07,4900,4900,4950,4825,4930,27114
2017-06-08,4890,4890,4910,4850,4900,81494
2017-06-09,4830,4830,4890,4805,4890,59500
2017-06-12,4780,4780,4890,4775,4850,49800
2017-06-13,4900,4900,4920,4780,4800,106399
2017-06-14,5020,5020,5050,4875,4940,263580
2017-06-15,4995,4995,5120,4980,5040,205048
2017-06-16,5020,5020,5040,4985,5000,110325
2017-06-19,5020,5020,5030,4950,5030,78203
2017-06-20,5030,5030,5040,4980,5030,89290
2017-06-21,5000,5000,5040,4980,5030,54696
2017-06-22,4720,4720,4875,4710,4840,435879
2017-06-23,4720,4720,4760,4665,4700,131858
2017-06-26,4650,4650,4720,4645,4715,91848
2017-06-27,4730,4730,4780,4600,4650,121346
2017-06-28,4735,4735,4775,4685,4685,59693
2017-06-29,4815,4815,4850,4735,4735,107946
2017-06-30,4820,4820,4825,4770,4770,52473
2017-07-03,4810,4810,4830,4520,4785,46066
2017-07-04,4730,4730,4815,4695,4815,64055
2017-07-05,4700,4700,4795,4670,4730,49560
2017-07-06,4700,4700,4770,4675,4700,28406
2017-07-07,4765,4765,4850,4670,4750,89329
2017-07-10,4695,4695,4840,4695,4840,33695
2017-07-11,4680,4680,4750,4670,4740,17892
2017-07-12,4650,4650,4745,4650,4680,42572
2017-07-13,4675,4675,4700,4645,4660,38322
2017-07-14,4710,4710,4725,4650,4685,47767
2017-07-17,4700,4700,4730,4640,4640,37148
2017-07-18,4715,4715,4780,4700,4700,52119
2017-07-19,4865,4865,4925,4715,4730,341408
2017-07-20,5100,5100,5100,4865,4900,586324
2017-07-21,5080,5080,5120,5010,5120,187890
2017-07-24,5050,5050,5100,5000,5100,112464
2017-07-25,5270,5270,5450,5080,5410,1020100
2017-07-26,5170,5170,5330,5150,5300,332135
2017-07-27,5210,5210,5240,5130,5200,185985
2017-07-28,5130,5130,5250,5020,5250,209924
2017-07-31,4960,4960,5150,4950,5150,213434
2017-08-01,5080,5080,5100,4965,4990,116070
2017-08-02,5190,5190,5220,5050,5120,157234
2017-08-03,5050,5050,5220,4920,5220,202428
2017-08-04,5000,5000,5100,4950,5050,134384
2017-08-07,4910,4910,5000,4850,5000,206452
2017-08-08,4900,4900,4990,4870,4930,88466
2017-08-09,4800,4800,4900,4765,4900,63867
2017-08-10,4870,4870,4900,4745,4845,136007
2017-08-11,4825,4825,4870,4750,4800,65052
2017-08-14,4785,4785,4910,4725,4900,62956
2017-08-16,4725,4725,4850,4705,4785,113840
2017-08-17,4685,4685,4750,4655,4750,111616
2017-08-18,4475,4475,4685,4455,4640,244816
2017-08-21,4665,4665,4675,4490,4495,106105
2017-08-22,4700,4700,4770,4645,4645,60461
2017-08-23,4645,4645,4770,4535,4770,48974
2017-08-24,4630,4630,4715,4570,4645,78169
2017-08-25,4670,4670,4705,4620,4640,48928
2017-08-28,4705,4705,4750,4660,4670,50523
2017-08-29,4660,4660,4730,4650,4705,52357
2017-08-30,4590,4590,4685,4565,4685,76145
2017-08-31,4550,4550,4625,4545,4625,42308
2017-09-01,4560,4560,4575,4525,4550,22350
2017-09-04,4420,4420,4590,4420,4490,41327
2017-09-05,4405,4405,4470,4370,4450,34983
2017-09-06,4270,4270,4405,4255,4405,75348
2017-09-07,4280,4280,4350,4250,4325,18157
2017-09-08,4195,4195,4320,4190,4280,28138
2017-09-11,4010,4010,4205,3905,4195,116029
2017-09-12,4030,4030,4075,3990,4010,30003
2017-09-13,4010,4010,4070,3970,4070,42024
2017-09-14,4080,4080,4095,4005,4035,15022
2017-09-15,4005,4005,4100,3975,4100,42897
2017-09-18,4050,4050,4250,4010,4025,67044
2017-09-19,4145,4145,4145,4055,4090,28431
2017-09-20,4070,4070,4210,4070,4210,17324
2017-09-21,4010,4010,4110,4000,4110,14543
2017-09-25,3900,3900,4075,3810,4075,62230
2017-09-26,3900,3900,3900,3900,3900,0
2017-09-27,4020,4020,4055,3950,3975,21075
2017-09-28,4020,4020,4130,3960,4050,13169
2017-09-29,4050,4050,4080,4020,4020,7534
2017-10-10,3960,3960,4170,3925,4050,33514
2017-10-11,3980,3980,4035,3945,3975,8998
2017-10-12,4020,4020,4035,3950,3980,10644
2017-10-13,4020,4020,4045,3980,4045,26860
2017-10-16,3915,3915,4030,3900,4020,87511
2017-10-17,3880,3880,3990,3700,3990,247017
2017-10-18,4050,4050,4050,3780,3865,58685
2017-10-19,4090,4090,4090,3960,4050,32266
2017-10-20,4020,4020,4085,3950,4085,25684
2017-10-23,4040,4040,4050,3970,4040,19442
2017-10-24,4100,4100,4110,4005,4040,38790
2017-10-25,4115,4115,4150,4070,4120,35033
2017-10-26,4070,4070,4150,4040,4150,36053
2017-10-27,4135,4135,4190,4070,4070,30886
2017-10-30,4130,4130,4180,4105,4180,14372
2017-10-31,4130,4130,4130,4075,4130,21575
2017-11-01,4230,4230,4980,4210,4270,697000
2017-11-02,4295,4295,4545,4270,4395,262061
2017-11-03,4215,4215,4300,4205,4280,135898
2017-11-06,4255,4255,4290,4200,4215,67753
2017-11-07,4260,4260,4375,4215,4265,117020
2017-11-08,4245,4245,4280,4210,4260,45898
2017-11-09,4220,4220,4260,4215,4245,51360
2017-11-10,4270,4270,4295,4215,4245,36911
2017-11-13,4260,4260,4320,4215,4270,33831
2017-11-14,4265,4265,4265,4200,4255,55281
2017-11-15,4200,4200,4240,4170,4235,66322
2017-11-16,4110,4110,4195,4110,4150,49016
2017-11-17,4110,4110,4185,4080,4115,32049
2017-11-20,4170,4170,4210,4065,4090,47906
2017-11-21,4140,4140,4160,4050,4160,63764
2017-11-22,4040,4040,4165,4040,4140,37835
2017-11-23,4100,4100,4130,4040,4095,50242
2017-11-24,4080,4080,4150,4040,4100,49322
2017-11-27,4080,4080,4130,4060,4080,30531
2017-11-28,4150,4150,4220,4070,4080,36050
2017-11-29,4140,4140,4245,4060,4170,56869
2017-11-30,4110,4110,4175,4085,4145,25775
2017-12-01,4075,4075,4140,4045,4140,28000
2017-12-04,4095,4095,4110,4050,4075,45597
2017-12-05,4155,4155,4190,4085,4120,44998
2017-12-06,4125,4125,4175,4115,4170,21367
2017-12-07,4085,4085,4125,4000,4125,24762
2017-12-08,4065,4065,4085,4020,4085,30129
2017-12-11,4020,4020,4065,3800,4010,46252
2017-12-12,3970,3970,4015,3940,4000,42472
2017-12-13,4015,4015,4040,3970,3970,44232
2017-12-14,4010,4010,4050,3965,4015,31114
2017-12-15,4060,4060,4060,3980,4010,81246
2017-12-18,3970,3970,4065,3930,4060,31315
2017-12-19,3930,3930,4020,3800,4020,46466
2017-12-21,3825,3825,3940,3825,3930,43600
2017-12-22,3950,3950,4055,3900,3900,50557
2017-12-26,4025,4025,4165,3950,3950,86111
2017-12-27,3920,3920,4085,3905,4025,66725
2017-12-28,4075,4075,4080,3915,3960,39531
2018-01-02,4125,4125,4125,4060,4090,83663
2018-01-03,4090,4090,4140,4070,4125,23268
2018-01-04,4090,4090,4105,4060,4105,37531
2018-01-05,3975,3975,4075,3925,4025,132737
2018-01-08,4000,4000,4030,3950,3980,32109
2018-01-09,3980,3980,4020,3905,4000,28021
2018-01-10,3980,3980,4000,3935,3965,19557
2018-01-11,3990,3990,4000,3950,3980,37141
2018-01-12,3965,3965,4020,3895,4020,60477
2018-01-15,3925,3925,3995,3880,3980,39616
2018-01-16,3925,3925,3990,3880,3960,37975
2018-01-17,3835,3835,3955,3835,3880,71758
2018-01-18,3840,3840,3875,3830,3875,26815
2018-01-19,3820,3820,3880,3800,3870,41500
2018-01-22,3870,3870,3875,3805,3810,36532
2018-01-23,3980,3980,3980,3850,3890,30132
2018-01-24,3960,3960,3980,3925,3980,25462
2018-01-25,4095,4095,4130,3960,3960,107730
2018-01-26,4130,4130,4200,4070,4100,218951
2018-01-29,4130,4130,4200,4125,4130,110257
2018-01-30,4090,4090,4160,4080,4160,68794
2018-01-31,4105,4105,4125,4020,4125,29590
2018-02-01,4115,4115,4155,4100,4130,109085
2018-02-02,4100,4100,4170,4050,4120,52284
2018-02-05,4015,4015,4105,3975,4105,57585
2018-02-06,3850,3850,3950,3750,3860,180867
2018-02-07,3910,3910,4050,3900,3930,60255
2018-02-08,3985,3985,4060,3915,3985,147452
2018-02-09,3870,3870,3960,3800,3960,147182
2018-02-12,3850,3850,3905,3825,3900,74994
2018-02-13,3845,3845,3910,3780,3890,72805
2018-02-14,3805,3805,3850,3755,3845,71709
2018-02-19,3895,3895,3925,3760,3855,94067
2018-02-20,3900,3900,3950,3845,3900,55907
2018-02-21,3920,3920,3955,3895,3940,41754
2018-02-22,3900,3900,3920,3860,3920,29460
2018-02-23,3900,3900,3930,3870,3895,25303
2018-02-26,3930,3930,3985,3900,3935,31945
2018-02-27,3930,3930,3960,3885,3960,21095
2018-02-28,3905,3905,3945,3890,3890,21162
2018-03-02,3895,3895,3935,3835,3920,66549
2018-03-05,3800,3800,3895,3795,3895,72979
2018-03-06,3730,3730,3785,3650,3650,163999
2018-03-07,3750,3750,3785,3720,3750,37195
2018-03-08,3770,3770,3775,3710,3710,20078
2018-03-09,3880,3880,3900,3755,3755,62511
2018-03-12,3970,3970,3990,3900,3950,104248
2018-03-13,3920,3920,3985,3890,3970,69065
2018-03-14,3815,3815,3915,3815,3900,78802
2018-03-15,3835,3835,3855,3800,3850,27897
2018-03-16,3825,3825,3860,3810,3850,36923
2018-03-19,3880,3880,3900,3815,3825,40805
2018-03-20,3865,3865,3890,3820,3820,40011
2018-03-21,3910,3910,3935,3870,3870,29493
2018-03-22,3930,3930,3930,3855,3910,28112
2018-03-23,3825,3825,3900,3820,3860,78810
2018-03-26,3845,3845,3860,3785,3825,24677
2018-03-27,3935,3935,3935,3870,3870,65886
2018-03-28,4135,4135,4200,3905,3950,314357
2018-03-29,4080,4080,4165,4025,4140,118493
2018-03-30,4060,4060,4095,4000,4040,77558
2018-04-02,4030,4030,4060,3970,4060,56851
2018-04-03,4010,4010,4030,3940,3980,29927
2018-04-04,4280,4280,4390,3985,4010,810061
2018-04-05,4295,4295,4350,4215,4325,235603
2018-04-06,4265,4265,4300,4190,4300,156404
2018-04-09,4215,4215,4250,4170,4250,99902
2018-04-10,4120,4120,4195,4100,4190,79111
2018-04-11,4165,4165,4195,4070,4130,83148
2018-04-12,4200,4200,4265,4130,4170,96978
2018-04-13,4280,4280,4295,4140,4170,109012
2018-04-16,4395,4395,4480,4270,4270,222816
2018-04-17,4330,4330,4500,4310,4450,184986
2018-04-18,4410,4410,4415,4210,4305,218199
2018-04-19,5730,5730,5730,4420,4430,7433411
2018-04-20,6050,6050,7090,5850,6030,10336891
2018-04-23,6420,6420,7280,6190,7280,6139843
2018-04-24,6680,6680,6750,6180,6750,825489
2018-04-25,6790,6790,6790,6480,6560,725701
2018-04-26,6610,6610,6850,6610,6700,670563
2018-04-27,6260,6260,6940,6140,6800,1915529
2018-04-30,8130,8130,8130,6610,6800,8464909
2018-05-02,9080,9080,10300,8150,8300,8292399
2018-05-03,8300,8300,8900,8010,8640,2343000
2018-05-04,8860,8860,9190,8010,8160,2446798
2018-05-08,9000,9000,10050,8450,8490,3272992
2018-05-09,9330,9330,9950,8510,9600,2298246
2018-05-10,8980,8980,9540,8750,9340,1618565
2018-05-11,8600,8600,8900,8230,8890,1196236
2018-05-14,9100,9100,9670,8710,8880,2041904
2018-05-15,9130,9130,9360,8800,8990,1050922
2018-05-16,7950,7950,8670,7730,7980,2081066
2018-05-17,8100,8100,8470,7870,8000,939956
2018-05-18,8500,8500,8510,7990,8250,967295
2018-05-21,8730,8730,8900,8400,8520,571272
2018-05-23,8340,8340,8680,8150,8400,791518
2018-05-24,8410,8410,8540,7910,8510,567589
2018-05-25,6690,6690,7320,6300,6400,2071181
2018-05-28,8690,8690,8690,8200,8210,1498193
2018-05-29,8810,8810,9200,8380,8710,1985971
2018-05-30,9000,9000,9110,8690,8980,1119196
2018-05-31,9150,9150,9750,8990,9200,1606253
2018-06-01,8550,8550,9270,8240,9270,1307643
2018-06-04,8080,8080,8970,8070,8960,957102
2018-06-05,8220,8220,8280,7600,7850,1000261
2018-06-07,7950,7950,8260,7940,8200,682065
2018-06-08,7820,7820,8100,7740,8070,476625
2018-06-11,8220,8220,8240,7790,7880,731033
2018-06-12,7690,7690,8290,7470,8280,1089487
2018-06-14,6800,6800,7260,6750,7100,1211583
2018-06-15,6750,6750,6970,6510,6790,1271270
2018-06-18,6520,6520,6930,6300,6620,930139
2018-06-19,6160,6160,6780,6160,6640,596980
2018-06-20,6450,6450,6500,6050,6220,703581
2018-06-21,6180,6180,6530,6170,6470,387971
2018-06-22,6200,6200,6350,6000,6300,340042
2018-06-25,6320,6320,6410,6080,6080,344857
2018-06-26,5810,5810,6360,5780,6250,453749
2018-06-27,5530,5530,6050,5470,5660,532457
2018-06-28,5580,5580,5710,5450,5450,378936
2018-06-29,5700,5700,6000,5600,5840,543027
2018-07-02,5230,5230,5820,5230,5810,628090
2018-07-03,5350,5350,5400,5090,5400,447991
2018-07-04,5250,5250,5410,5210,5340,338495
2018-07-05,5120,5120,5290,4990,5290,324458
2018-07-06,5290,5290,5340,5060,5120,258268
2018-07-09,4910,4910,5090,4850,5050,421594
2018-07-10,4970,4970,5110,4945,4980,198083
2018-07-11,5130,5130,5300,4925,4950,380437
2018-07-12,5050,5050,5270,5010,5130,299357
2018-07-13,5250,5250,5290,5050,5100,241742
2018-07-16,5050,5050,5330,5000,5330,319822
2018-07-17,5010,5010,5100,5000,5090,173292
2018-07-18,4765,4765,5520,4715,5020,2077096
2018-07-19,4885,4885,4910,4645,4755,410816
2018-07-20,4840,4840,4930,4790,4895,203383
2018-07-23,4595,4595,4810,4595,4800,180984
2018-07-24,4920,4920,5080,4650,4650,497797
2018-07-25,4810,4810,5050,4650,5000,378860
2018-07-26,5320,5320,5400,4810,4820,1301327
2018-07-27,5520,5520,5590,5130,5350,853735
2018-07-30,5470,5470,5550,5400,5520,493890
2018-07-31,5300,5300,5540,5100,5480,451142
2018-08-01,5280,5280,5370,5200,5250,277595
2018-08-02,5270,5270,5470,5170,5280,251337
2018-08-03,5400,5400,5470,5270,5350,360633
