,Adj Close,Close,High,Low,Open,Volume
2000-02-11,37,6040,625,590,624,67000
2000-02-14,37,6150,620,570,600,55000
2000-02-15,37,6060,623,605,615,106000
2000-02-16,37,6110,635,606,620,56000
2000-02-17,40,6500,650,611,611,131000
2000-02-18,41,6810,695,650,650,80000
2000-02-21,39,6400,680,630,680,24000
2000-02-22,40,6500,668,620,630,47000
2000-02-23,44,7280,728,650,650,172000
2000-02-24,50,8150,815,780,780,189000
2000-02-25,56,9120,912,912,912,50000
2000-02-28,62,10200,1020,1020,1020,61000
2000-02-29,70,11400,1140,1140,1140,29000
2000-03-01,70,11400,1140,1140,1140,0
2000-03-02,78,12750,1275,1200,1275,435000
2000-03-03,86,14000,1425,1160,1275,449000
2000-03-06,95,15500,1565,1350,1400,393000
2000-03-07,84,13650,1545,1365,1545,195000
2000-03-08,93,15250,1525,1205,1205,431000
2000-03-09,104,17050,1705,1700,1705,73000
2000-03-10,117,19050,1905,1905,1905,104000
2000-03-13,131,21300,2130,2130,2130,145000
2000-03-14,146,23850,2385,2385,2385,17000
2000-03-15,164,26700,2670,2400,2670,265000
2000-03-16,169,27500,2990,2350,2700,1099000
2000-03-17,148,24200,2790,2420,2450,314000
2000-03-20,131,21300,2180,2130,2180,33000
2000-03-21,115,18750,1875,1875,1875,11000
2000-03-22,116,19000,2100,1650,1650,318000
2000-03-23,103,16750,2000,1675,1950,267000
2000-03-24,110,18000,1875,1475,1675,459000
2000-03-27,124,20150,2015,1820,2015,270000
2000-03-28,138,22550,2255,2000,2255,273000
2000-03-29,122,19850,2490,1985,2255,435000
2000-03-30,123,20000,2100,1750,1800,209000
2000-03-31,118,19200,2095,1810,1850,115000
2000-04-03,122,19900,2150,1730,1730,364000
2000-04-04,108,17550,2160,1755,1900,146000
2000-04-05,108,17550,1755,1755,1755,0
2000-04-06,115,18800,1960,1760,1760,146000
2000-04-07,128,20950,2100,1920,2065,118000
2000-04-10,132,21500,2340,2100,2300,293000
2000-04-11,116,18950,2080,1895,2020,66000
2000-04-12,112,18200,1850,1670,1700,234000
2000-04-13,112,18200,1820,1820,1820,0
2000-04-14,115,18700,1980,1620,1620,182000
2000-04-17,101,16500,1820,1650,1820,153000
2000-04-18,104,17000,1780,1480,1700,86000
2000-04-19,116,19000,1900,1750,1750,308000
2000-04-20,130,21250,2125,2090,2125,138000
2000-04-21,126,20500,2380,1870,2380,650000
2000-04-24,135,22000,2280,2055,2100,421000
2000-04-25,131,21400,2380,2100,2150,482000
2000-04-26,132,21500,2250,2120,2150,162000
2000-04-27,132,21500,2190,1950,2060,181000
2000-04-28,127,20700,2290,2030,2190,188000
2000-05-01,127,20700,2070,2070,2070,0
2000-05-02,120,19500,2180,1870,2180,173000
2000-05-03,121,19700,1980,1830,1880,123000
2000-05-04,123,20100,2090,1950,2000,103000
2000-05-05,123,20100,2010,2010,2010,0
2000-05-08,138,22500,2250,2030,2030,410000
2000-05-09,138,22500,2250,2250,2250,0
2000-05-10,173,28200,2820,2820,2820,231000
2000-05-11,173,28200,2820,2820,2820,0
2000-05-12,194,31550,3155,3155,3155,14000
2000-05-15,217,35300,3530,2860,3530,2382000
2000-05-16,191,31100,3790,3110,3380,765000
2000-05-17,214,34800,3480,2890,2950,1599000
2000-05-18,233,38000,3895,3280,3500,1415000
2000-05-19,205,33450,3950,3345,3550,696000
2000-05-22,181,29450,2945,2945,2945,23000
2000-05-23,159,25950,2595,2595,2595,1000
2000-05-24,140,22850,2285,2285,2285,2000
2000-05-25,157,25550,2555,2150,2150,1434000
2000-05-26,138,22500,2600,2250,2410,1007000
2000-05-29,121,19800,1980,1980,1980,24000
2000-05-30,121,19800,1980,1980,1980,0
2000-05-31,132,21600,2160,2005,2005,649000
2000-06-01,125,20400,2415,1950,2415,1379000
2000-06-02,123,20000,2180,1910,2100,735000
2000-06-05,137,22400,2240,2050,2100,714000
2000-06-06,137,22400,2240,2240,2240,0
2000-06-07,154,25050,2505,2250,2350,1224000
2000-06-08,135,22050,2530,2205,2450,555000
2000-06-09,131,21400,2245,2000,2190,452000
2000-06-12,133,21750,2270,2050,2140,378000
2000-06-13,126,20500,2150,1995,2050,333000
2000-06-14,131,21300,2235,2050,2070,441000
2000-06-15,120,19550,2130,1875,2050,320000
2000-06-16,116,19000,1970,1800,1905,167000
2000-06-19,112,18200,1970,1750,1785,212000
2000-06-20,113,18500,1910,1765,1890,158000
2000-06-21,112,18250,1900,1805,1850,223000
2000-06-22,115,18700,1990,1735,1735,441000
2000-06-23,109,17800,1845,1770,1800,124000
2000-06-26,110,18000,1845,1720,1780,152000
2000-06-27,107,17400,1820,1720,1820,214000
2000-06-28,106,17350,1790,1680,1700,182000
2000-06-29,104,17000,1780,1655,1735,163000
2000-06-30,102,16700,1720,1655,1700,92000
2000-07-03,112,18350,1870,1610,1610,693000
2000-07-04,112,18200,1950,1750,1760,460000
2000-07-05,101,16500,1885,1610,1820,206000
2000-07-06,103,16750,1790,1520,1650,168000
2000-07-07,100,16400,1670,1475,1475,147000
2000-07-10,98,16000,1690,1555,1555,106000
2000-07-11,97,15900,1790,1550,1580,806000
2000-07-12,98,16000,1690,1520,1570,208000
2000-07-13,99,16200,1650,1540,1640,132000
2000-07-14,98,15950,1640,1550,1560,86000
2000-07-17,98,15950,1595,1595,1595,0
2000-07-18,98,16000,1680,1565,1595,183000
2000-07-19,98,16000,1680,1565,1595,183000
2000-07-20,94,15300,1590,1460,1460,144000
2000-07-21,96,15600,1645,1500,1530,249000
2000-07-24,107,17400,1745,1610,1650,678000
2000-07-25,96,15600,1790,1535,1700,487000
2000-07-26,101,16500,1730,1570,1605,280000
2000-07-27,113,18450,1845,1680,1680,687000
2000-07-28,110,18000,2040,1710,1880,695000
2000-07-31,105,17100,1850,1630,1820,286000
2000-08-01,113,18450,1870,1710,1720,532000
2000-08-02,111,18100,1940,1755,1850,335000
2000-08-03,114,18600,1940,1750,1800,548000
2000-08-04,111,18050,1860,1765,1860,257000
2000-08-07,112,18200,1895,1780,1780,238000
2000-08-08,125,20350,2035,1780,1850,750000
2000-08-09,120,19500,2275,1815,2100,2120000
2000-08-10,134,21800,2180,1910,2000,1035000
2000-08-11,128,20900,2245,2030,2160,843000
2000-08-14,144,23400,2340,2070,2100,959000
2000-08-15,144,23400,2340,2340,2340,0
2000-08-16,141,23000,2540,2250,2340,1011000
2000-08-17,141,23000,2490,2200,2400,591000
2000-08-18,130,21250,2450,2025,2270,708000
2000-08-21,124,20300,2170,2000,2120,354000
2000-08-22,124,20200,2100,1970,2000,566000
2000-08-23,124,20200,2095,1955,2020,308000
2000-08-24,115,18750,2030,1850,2000,283000
2000-08-25,109,17850,1890,1695,1855,316000
2000-08-28,115,18700,1940,1785,1830,463000
2000-08-29,118,19250,1925,1805,1900,315000
2000-08-30,114,18550,1945,1850,1900,148000
2000-08-31,109,17750,1900,1720,1770,107000
2000-09-01,108,17700,1790,1710,1730,60000
2000-09-04,104,17000,1810,1670,1760,49000
2000-09-05,100,16300,1750,1600,1630,64000
2000-09-06,102,16600,1690,1560,1580,80000
2000-09-07,103,16750,1690,1540,1660,172000
2000-09-08,100,16300,1675,1530,1530,36000
2000-09-11,100,16300,1630,1630,1630,0
2000-09-12,100,16300,1630,1630,1630,0
2000-09-13,100,16300,1630,1630,1630,0
2000-09-14,98,16050,1670,1540,1550,21000
2000-09-15,99,16100,1680,1550,1560,95000
2000-09-18,88,14400,1660,1420,1660,131000
2000-09-19,90,14700,1480,1310,1310,139000
2000-09-20,94,15300,1530,1475,1490,39000
2000-09-21,87,14250,1530,1400,1460,65000
2000-09-22,87,14150,1490,1255,1430,184000
2000-09-25,85,13900,1445,1315,1320,36000
2000-09-26,83,13500,1410,1330,1330,9000
2000-09-27,88,14450,1505,1310,1310,59000
2000-09-28,96,15700,1570,1380,1465,80000
2000-09-29,97,15850,1600,1520,1560,33000
2000-10-02,99,16100,1610,1455,1455,58000
2000-10-03,99,16100,1610,1610,1610,0
2000-10-04,101,16500,1695,1600,1610,63000
2000-10-05,99,16200,1670,1610,1650,30000
2000-10-06,110,17950,1795,1560,1580,89000
2000-10-09,110,18000,1800,1690,1720,56000
2000-10-10,107,17400,1785,1710,1750,124000
2000-10-11,98,16050,1710,1555,1670,92000
2000-10-12,96,15600,1605,1520,1580,40000
2000-10-13,84,13750,1640,1375,1450,141000
2000-10-16,84,13750,1375,1375,1375,0
2000-10-17,92,15000,1500,1375,1375,56000
2000-10-18,85,13950,1470,1370,1430,55000
2000-10-19,90,14700,1480,1315,1315,34000
2000-10-20,90,14750,1500,1410,1410,44000
2000-10-23,84,13800,1530,1355,1380,66000
2000-10-24,87,14200,1435,1375,1390,13000
2000-10-25,86,14000,1440,1370,1370,52000
2000-10-26,91,14800,1540,1390,1390,148000
2000-10-27,91,14800,1480,1480,1480,0
2000-10-30,84,13800,1400,1300,1390,56000
2000-10-31,80,13100,1335,1280,1310,60000
2000-11-01,84,13700,1370,1250,1250,85000
2000-11-02,83,13600,1360,1300,1315,51000
2000-11-03,85,13900,1390,1340,1340,29000
2000-11-06,86,14100,1430,1345,1345,52000
2000-11-07,90,14700,1510,1350,1410,101000
2000-11-08,87,14200,1490,1380,1490,79000
2000-11-09,93,15200,1560,1420,1420,281000
2000-11-10,92,14950,1540,1410,1530,99000
2000-11-13,89,14500,1550,1410,1410,90000
2000-11-14,89,14600,1500,1420,1420,47000
2000-11-15,92,14950,1530,1430,1430,113000
2000-11-16,90,14750,1510,1455,1495,92000
2000-11-17,101,16500,1650,1450,1460,629000
2000-11-20,99,16200,1750,1600,1700,764000
2000-11-21,93,15200,1600,1480,1570,177000
2000-11-22,92,15000,1540,1470,1530,213000
2000-11-23,103,16800,1680,1415,1480,775000
2000-11-24,91,14800,1730,1480,1700,746000
2000-11-27,91,14850,1565,1470,1510,267000
2000-11-28,97,15900,1645,1500,1510,720000
2000-11-29,91,14900,1540,1410,1540,228000
2000-11-30,93,15150,1545,1360,1500,124000
2000-12-01,87,14200,1485,1390,1420,82000
2000-12-04,97,15800,1580,1330,1410,115000
2000-12-05,92,15100,1550,1450,1550,153000
2000-12-06,90,14750,1560,1455,1510,132000
2000-12-07,88,14350,1470,1400,1450,90000
2000-12-08,86,14050,1435,1385,1390,64000
2000-12-11,85,13900,1420,1375,1385,60000
2000-12-12,84,13700,1435,1360,1370,129000
2000-12-13,94,15300,1530,1340,1350,726000
2000-12-14,87,14250,1570,1370,1545,693000
2000-12-15,98,15950,1595,1375,1430,700000
2000-12-18,98,15950,1650,1520,1605,672000
2000-12-19,98,16050,1785,1530,1610,876000
2000-12-20,88,14400,1600,1415,1600,386000
2000-12-21,79,12950,1350,1270,1300,162000
2000-12-22,71,11600,1340,1140,1250,241000
2000-12-26,71,11600,1160,1025,1055,126000
2001-01-02,73,12000,1275,1065,1160,35000
2001-01-03,76,12350,1250,1165,1165,47000
2001-01-04,83,13600,1360,1270,1310,174000
2001-01-05,80,13000,1400,1260,1400,201000
2001-01-08,80,13000,1345,1275,1300,48000
2001-01-09,80,13050,1320,1270,1300,76000
2001-01-10,75,12200,1380,1200,1310,111000
2001-01-11,77,12650,1300,1155,1220,74000
2001-01-12,78,12750,1310,1230,1230,127000
2001-01-15,77,12600,1310,1150,1150,127000
2001-01-16,77,12650,1340,1240,1260,157000
2001-01-17,82,13400,1400,1250,1280,380000
2001-01-18,80,13150,1370,1285,1350,113000
2001-01-19,78,12800,1340,1280,1340,97000
2001-01-22,88,14300,1430,1245,1245,491000
2001-01-26,83,13600,1480,1350,1420,704000
2001-01-29,84,13750,1400,1280,1280,238000
2001-01-30,84,13800,1450,1350,1380,188000
2001-01-31,85,13900,1435,1320,1350,132000
2001-02-01,84,13800,1390,1350,1350,40000
2001-02-02,95,15450,1545,1335,1350,824000
2001-02-05,84,13750,1650,1360,1545,1011000
2001-02-06,83,13600,1410,1320,1400,168000
2001-02-07,81,13300,1380,1330,1330,154000
2001-02-08,81,13300,1380,1300,1300,156000
2001-02-09,83,13500,1380,1330,1330,148000
2001-02-12,87,14200,1420,1335,1350,166000
2001-02-13,87,14150,1450,1390,1390,149000
2001-02-14,92,15000,1575,1415,1415,602000
2001-02-15,91,14900,1520,1460,1460,164000
2001-02-16,90,14750,1500,1450,1490,50000
2001-02-19,91,14800,1535,1430,1475,160000
2001-02-20,91,14850,1530,1460,1500,127000
2001-02-21,102,16600,1660,1450,1470,1161000
2001-02-22,90,14750,1720,1465,1680,2110000
2001-02-23,101,16500,1650,1430,1480,1500000
2001-02-26,99,16200,1740,1530,1660,1579000
2001-02-27,92,15100,1735,1500,1670,617000
2001-02-28,91,14800,1610,1450,1500,479000
2001-03-02,84,13700,1480,1305,1480,237000
2001-03-05,81,13300,1360,1265,1305,146000
2001-03-06,84,13650,1435,1350,1370,294000
2001-03-07,86,14000,1450,1350,1430,235000
2001-03-08,88,14300,1475,1390,1400,210000
2001-03-09,98,16000,1600,1385,1430,1090000
2001-03-12,92,15100,1665,1450,1600,1338000
2001-03-13,83,13550,1550,1330,1520,450000
2001-03-15,85,13900,1390,1320,1355,208000
2001-03-16,87,14200,1440,1360,1360,114000
2001-03-19,87,14200,1470,1390,1390,118000
2001-03-20,88,14300,1455,1400,1435,163000
2001-03-21,92,15000,1590,1375,1405,1227000
2001-03-22,91,14800,1530,1450,1500,179000
2001-03-23,89,14500,1505,1435,1505,218000
2001-03-26,94,15400,1540,1450,1460,353000
2001-03-27,92,15100,1555,1500,1510,135000
2001-03-28,93,15150,1580,1500,1510,378000
2001-03-29,93,15200,1545,1460,1480,235000
2001-03-30,94,15400,1630,1495,1540,754000
2001-04-02,96,15700,1585,1485,1560,256000
2001-04-03,98,15950,1660,1520,1570,566000
2001-04-04,100,16400,1655,1540,1570,554000
2001-04-06,94,15300,1790,1525,1660,1558000
2001-04-09,87,14250,1565,1400,1565,407000
2001-04-10,85,13850,1450,1350,1445,339000
2001-04-11,87,14200,1450,1380,1405,178000
2001-04-12,86,14100,1490,1395,1420,413000
2001-04-13,88,14350,1440,1400,1420,147000
2001-04-16,88,14400,1460,1415,1460,107000
2001-04-17,86,14050,1440,1400,1405,85000
2001-04-18,96,15700,1570,1420,1420,1129000
2001-04-19,94,15350,1590,1510,1545,1329000
2001-04-20,92,15000,1580,1460,1580,186000
2001-04-23,88,14400,1515,1440,1500,153000
2001-04-24,86,14100,1470,1410,1420,163000
2001-04-25,87,14250,1450,1405,1425,123000
2001-04-26,87,14250,1450,1405,1425,123000
2001-04-27,89,14500,1480,1440,1465,86000
2001-04-30,91,14800,1490,1445,1450,136000
2001-05-02,91,14800,1500,1455,1480,194000
2001-05-03,91,14800,1515,1460,1480,61000
2001-05-04,89,14500,1500,1445,1480,128000
2001-05-07,89,14600,1480,1425,1425,102000
2001-05-08,89,14500,1480,1430,1430,88000
2001-05-09,89,14600,1550,1455,1490,461000
2001-05-10,100,16350,1635,1460,1465,1355000
2001-05-11,101,16450,1680,1580,1635,311000
2001-05-14,99,16150,1695,1600,1695,342000
2001-05-15,96,15600,1670,1560,1670,99000
2001-05-16,92,15000,1600,1440,1560,200000
2001-05-17,93,15250,1550,1460,1500,70000
2001-05-18,92,15000,1525,1480,1490,70000
2001-05-21,96,15750,1615,1500,1500,125000
2001-05-22,97,15800,1610,1510,1610,54000
2001-05-23,92,15100,1650,1480,1600,509000
2001-05-24,92,15100,1530,1490,1500,117000
2001-05-25,92,15100,1530,1480,1510,132000
2001-05-28,92,14950,1560,1495,1515,274000
2001-05-29,92,15100,1620,1510,1515,663000
2001-05-30,93,15250,1540,1500,1535,114000
2001-05-31,93,15150,1535,1495,1510,93000
2001-06-01,94,15300,1540,1515,1515,66000
2001-06-04,94,15300,1575,1515,1530,269000
2001-06-05,92,14950,1550,1490,1550,127000
2001-06-07,90,14750,1510,1465,1500,74000
2001-06-08,89,14600,1495,1440,1495,219000
2001-06-11,88,14350,1480,1435,1450,127000
2001-06-12,90,14700,1475,1440,1450,114000
2001-06-13,89,14500,1480,1435,1480,138000
2001-06-14,89,14600,1495,1440,1450,145000
2001-06-15,89,14500,1470,1435,1440,85000
2001-06-18,89,14600,1475,1440,1440,60000
2001-06-19,89,14600,1480,1450,1460,102000
2001-06-20,91,14800,1585,1430,1455,1293000
2001-06-21,91,14900,1565,1450,1500,826000
2001-06-22,92,15000,1520,1460,1490,227000
2001-06-25,89,14500,1530,1450,1505,184000
2001-06-26,89,14500,1475,1400,1440,193000
2001-06-27,87,14200,1455,1300,1300,111000
2001-06-28,85,13850,1435,1380,1405,27000
2001-06-29,85,13850,1430,1375,1385,43000
2001-07-02,85,13850,1415,1375,1400,56000
2001-07-03,84,13750,1405,1350,1390,74000
2001-07-04,83,13600,1400,1355,1375,69000
2001-07-05,85,13900,1440,1350,1350,153000
2001-07-06,82,13400,1400,1335,1380,58000
2001-07-09,78,12750,1340,1235,1340,42000
2001-07-10,76,12400,1310,1215,1230,57000
2001-07-11,72,11750,1210,1110,1210,65000
2001-07-12,75,12250,1240,1200,1210,88000
2001-07-13,75,12200,1300,1215,1230,55000
2001-07-16,76,12400,1265,1200,1220,26000
2001-07-18,75,12300,1265,1210,1240,24000
2001-07-19,73,12000,1250,1185,1250,19000
2001-07-20,71,11650,1225,1165,1200,27000
2001-07-23,71,11650,1185,1095,1185,50000
2001-07-24,68,11200,1135,1035,1120,78000
2001-07-25,69,11300,1135,1060,1060,27000
2001-07-26,70,11500,1160,1110,1110,29000
2001-07-27,73,11900,1190,1150,1170,42000
2001-07-30,72,11750,1200,1155,1155,16000
2001-07-31,72,11800,1185,1165,1175,23000
2001-08-01,75,12200,1250,1160,1160,43000
2001-08-02,75,12250,1265,1185,1240,21000
2001-08-03,74,12150,1225,1180,1225,10000
2001-08-06,76,12500,1250,1185,1185,45000
2001-08-07,76,12400,1250,1210,1220,26000
2001-08-08,75,12200,1250,1210,1220,8000
2001-08-09,76,12400,1265,1165,1205,64000
2001-08-10,82,13400,1385,1240,1240,344000
2001-08-13,80,13050,1340,1300,1310,41000
2001-08-14,84,13650,1365,1260,1310,98000
2001-08-16,81,13250,1340,1270,1270,30000
2001-08-17,79,12850,1340,1260,1340,34000
2001-08-20,76,12400,1280,1225,1280,16000
2001-08-21,75,12200,1280,1210,1240,8000
2001-08-22,73,12000,1230,1185,1205,18000
2001-08-23,76,12500,1290,1200,1230,85000
2001-08-24,76,12400,1290,1225,1270,66000
2001-08-27,75,12300,1280,1225,1280,5000
2001-08-28,75,12300,1260,1190,1190,17000
2001-08-29,73,11900,1240,1190,1205,51000
2001-08-30,74,12050,1205,1130,1180,29000
2001-08-31,69,11300,1200,1130,1200,14000
2001-09-03,72,11800,1180,1095,1095,2000
2001-09-04,73,11900,1195,1190,1195,320
2001-09-05,72,11800,1185,1115,1125,7000
2001-09-06,74,12150,1220,1200,1200,21000
2001-09-07,75,12200,1220,1160,1160,29000
2001-09-10,73,12000,1220,1180,1220,710
2001-09-11,70,11450,1225,1145,1225,2000
2001-09-12,62,10100,1010,1010,1010,27000
2001-09-13,68,11150,1130,930,930,48000
2001-09-14,67,11000,1120,985,1120,17000
2001-09-17,63,10350,1080,970,970,12000
2001-09-18,67,11000,1100,1005,1085,4000
2001-09-19,65,10700,1100,1000,1100,46000
2001-09-20,62,10200,1060,960,1000,70000
2001-09-21,64,10400,1040,920,920,9000
2001-09-25,61,9980,1020,990,1005,19000
2001-09-26,61,10000,1010,941,941,2000
2001-09-27,64,10400,1040,960,999,34000
2001-10-04,68,11200,1150,1080,1090,1000
2001-10-05,67,11000,1100,1065,1065,2000
2001-10-08,61,10050,1090,1000,1030,3000
2001-10-09,64,10550,1100,1020,1100,4000
2001-10-10,65,10700,1100,1055,1100,44000
2001-10-11,69,11300,1150,1100,1100,35000
2001-10-12,72,11750,1180,1110,1120,42000
2001-10-15,72,11750,1190,1125,1150,6000
2001-10-16,72,11700,1180,1100,1180,21000
2001-10-17,72,11700,1180,1135,1170,18000
2001-10-18,73,12000,1200,1140,1165,15000
2001-10-19,71,11600,1230,1150,1180,35000
2001-10-22,75,12200,1230,1150,1200,30000
2001-10-23,73,11900,1270,1170,1200,64000
2001-10-24,76,12400,1240,1190,1200,29000
2001-10-25,74,12100,1225,1200,1210,69000
2001-10-26,75,12300,1240,1200,1200,18000
2001-10-29,74,12050,1240,1090,1240,56000
2001-10-30,75,12200,1220,1105,1105,88000
2001-10-31,74,12100,1230,1135,1135,10000
2001-11-01,75,12200,1230,1175,1175,14000
2001-11-02,75,12300,1300,1195,1195,71000
2001-11-05,75,12300,1245,1180,1195,14000
2001-11-06,80,13000,1300,1215,1245,111000
2001-11-07,80,13050,1360,1250,1250,51000
2001-11-08,89,14550,1460,1330,1330,315000
2001-11-12,78,12700,1390,1270,1365,156000
2001-11-13,77,12600,1280,1220,1280,84000
2001-11-14,76,12450,1330,1210,1280,106000
2001-11-15,76,12400,1265,1205,1225,81000
2001-11-16,75,12250,1230,1200,1220,85000
2001-11-19,75,12200,1225,1200,1200,73000
2001-11-20,73,12000,1250,1200,1250,81000
2001-11-21,74,12100,1230,1190,1210,19000
2001-11-22,74,12150,1225,1185,1200,41000
2001-11-23,72,11700,1230,1170,1220,105000
2001-11-26,71,11550,1200,1140,1155,65000
2001-11-27,70,11400,1180,1140,1170,58000
2001-11-28,68,11050,1135,1085,1125,83000
2001-11-29,69,11300,1170,1055,1170,30000
2001-11-30,68,11200,1130,1085,1130,23000
2001-12-03,67,11000,1115,1080,1100,27000
2001-12-04,69,11300,1150,1070,1100,35000
2001-12-05,70,11400,1140,1115,1115,15000
2001-12-06,70,11400,1170,1100,1160,8000
2001-12-07,67,11000,1130,1090,1130,28000
2001-12-10,67,10950,1125,1075,1080,28000
2001-12-11,66,10850,1110,1060,1080,20000
2001-12-12,66,10750,1100,1060,1100,38000
2001-12-13,68,11100,1110,1070,1080,43000
2001-12-14,68,11100,1120,1085,1115,15000
2001-12-17,68,11050,1110,1080,1110,20000
2001-12-18,69,11300,1185,1085,1110,106000
2001-12-19,65,10700,1135,1070,1135,35000
2001-12-20,67,11000,1100,1050,1070,23000
2001-12-21,64,10500,1090,1050,1080,14000
2001-12-24,64,10500,1120,1035,1035,7000
2001-12-26,64,10500,1100,1050,1100,5000
2001-12-27,65,10700,1150,1055,1080,169000
2001-12-28,66,10800,1135,1065,1065,100000
2002-01-02,69,11300,1130,1070,1125,10000
2002-01-04,66,10800,1140,1075,1100,12000
2002-01-07,64,10500,1135,1050,1135,15000
2002-01-08,67,11000,1100,1050,1050,19000
2002-01-09,64,10550,1100,1050,1090,15000
2002-01-10,62,10200,1075,1010,1055,18000
2002-01-11,64,10500,1075,1020,1050,21000
2002-01-14,65,10600,1075,1030,1075,4000
2002-01-15,63,10250,1060,1020,1045,2000
2002-01-16,64,10500,1080,1025,1060,7000
2002-01-17,64,10400,1070,1010,1030,26000
2002-01-18,65,10600,1060,1020,1060,9000
2002-01-21,64,10500,1050,1010,1050,14000
2002-01-22,67,10900,1110,1030,1030,15000
2002-01-23,64,10400,1085,1040,1075,4000
2002-01-24,67,11000,1110,1050,1090,107000
2002-01-25,67,10950,1100,1040,1070,11000
2002-01-28,65,10700,1085,1070,1085,1000
2002-01-29,65,10700,1100,1045,1070,23000
2002-01-30,68,11100,1110,1045,1050,67000
2002-02-01,70,11400,1160,1110,1150,19000
2002-02-04,73,12000,1200,1065,1125,76000
2002-02-05,73,11900,1225,1145,1165,70000
2002-02-06,73,11900,1220,1140,1140,11000
2002-02-07,73,11950,1220,1155,1190,21000
2002-02-08,74,12100,1210,1150,1150,51000
2002-02-14,76,12500,1250,1180,1210,63000
2002-02-15,78,12700,1300,1230,1230,58000
2002-02-18,80,13000,1300,1240,1280,44000
2002-02-19,81,13200,1320,1270,1280,19000
2002-02-20,80,13000,1330,1260,1330,10000
2002-02-21,84,13800,1430,1220,1300,173000
2002-02-22,83,13600,1395,1310,1340,50000
2002-02-25,84,13650,1370,1255,1370,16000
2002-02-26,80,13050,1365,1300,1365,27000
2002-02-27,81,13250,1330,1280,1300,29000
2002-02-28,79,12950,1325,1270,1305,1000
2002-03-04,79,12900,1295,1255,1275,27000
2002-03-05,79,12900,1310,1230,1310,51000
2002-03-06,74,12050,1290,1205,1290,58000
2002-03-07,80,13000,1300,1210,1210,34000
2002-03-08,81,13300,1330,1250,1280,10000
2002-03-11,82,13400,1340,1300,1320,7000
2002-03-12,77,12600,1340,1260,1305,4000
2002-03-13,78,12800,1295,1240,1295,15000
2002-03-14,80,13000,1350,1260,1350,30000
2002-03-15,80,13000,1330,1235,1275,87000
2002-03-18,74,12150,1455,1160,1330,525000
2002-03-19,75,12300,1240,1205,1220,74000
2002-03-20,71,11600,1235,1150,1235,172000
2002-03-21,70,11400,1170,1110,1160,28000
2002-03-22,68,11200,1170,1100,1170,50000
2002-03-25,68,11100,1150,1100,1100,50000
2002-03-26,68,11200,1130,1080,1130,100000
2002-03-27,68,11050,1150,1085,1100,103000
2002-03-28,70,11500,1160,1105,1140,109000
2002-03-29,69,11300,1185,1125,1185,31000
2002-04-01,68,11150,1145,1100,1135,76000
2002-04-02,66,10850,1125,1075,1100,52000
2002-04-03,73,12000,1200,1085,1125,68000
2002-04-04,75,12300,1250,1165,1200,119000
2002-04-08,76,12400,1260,1175,1200,25000
2002-04-09,72,11800,1230,1180,1220,7000
2002-04-10,72,11800,1230,1150,1200,9000
2002-04-11,76,12500,1275,1180,1190,115000
2002-04-12,73,11900,1270,1180,1270,1000
2002-04-15,78,12800,1280,1170,1190,22000
2002-04-16,78,12700,1280,1215,1245,10000
2002-04-17,78,12700,1290,1225,1270,31000
2002-04-18,78,12700,1280,1240,1270,13000
2002-04-19,77,12650,1270,1200,1250,9000
2002-04-22,72,11700,1260,1170,1260,14000
2002-04-23,75,12300,1230,1230,1230,500
2002-04-24,69,11350,1210,1120,1195,4000
2002-04-25,70,11400,1140,1090,1115,1000
2002-04-26,70,11500,1150,1105,1105,270
2002-04-29,73,12000,1200,1090,1100,3000
2002-04-30,70,11450,1200,1115,1155,5000
2002-05-02,69,11250,1160,1060,1160,20000
2002-05-03,70,11500,1150,1015,1130,32000
2002-05-06,73,11900,1250,1090,1090,26000
2002-05-07,70,11400,1190,1100,1155,11000
2002-05-08,67,11000,1185,1100,1140,9000
2002-05-09,67,11000,1145,1100,1105,19000
2002-05-10,66,10800,1120,1080,1090,3000
2002-05-13,68,11100,1120,1080,1080,7000
2002-05-14,70,11500,1170,1070,1120,67000
2002-05-15,67,10900,1170,1090,1170,59000
2002-05-16,64,10550,1110,1055,1085,12000
2002-05-17,64,10400,1100,1040,1065,48000
2002-05-20,65,10650,1070,1045,1045,28000
2002-05-21,65,10600,1075,1025,1070,13000
2002-05-22,62,10200,1060,1020,1050,26000
2002-05-23,62,10100,1045,950,1045,8000
2002-05-24,60,9820,1040,966,966,32000
2002-05-27,57,9350,978,906,906,15000
2002-05-28,64,10450,1045,935,935,134000
2002-05-29,59,9600,1055,960,972,33000
2002-05-30,59,9650,1000,950,960,30000
2002-05-31,60,9890,989,911,965,19000
2002-06-03,60,9780,985,935,974,45000
2002-06-04,60,9830,984,920,949,40000
2002-06-05,60,9860,1040,936,968,62000
2002-06-07,60,9780,1000,943,965,40000
2002-06-10,57,9370,999,937,989,69000
2002-06-11,57,9280,949,903,918,13000
2002-06-12,56,9180,925,900,905,17000
2002-06-14,55,9010,916,871,871,6000
2002-06-17,55,9040,978,904,978,18000
2002-06-18,57,9290,945,904,907,7000
2002-06-19,51,8350,932,835,932,27000
2002-06-20,51,8380,857,835,848,220
2002-06-21,49,8000,850,770,838,8000
2002-06-24,51,8350,847,771,780,38000
2002-06-25,51,8290,835,766,822,680
2002-06-26,44,7300,835,730,835,29000
2002-06-27,41,6800,730,647,700,17000
2002-06-28,43,7100,743,685,720,12000
2002-07-02,48,7860,786,680,689,44000
2002-07-03,44,7220,795,722,762,67000
2002-07-04,45,7400,745,724,744,3000
2002-07-05,45,7440,750,702,740,13000
2002-07-08,45,7370,794,722,789,9000
2002-07-09,47,7680,774,719,719,4000
2002-07-10,46,7550,759,721,759,40
2002-07-11,44,7170,737,716,722,5000
2002-07-12,45,7350,740,717,717,12000
2002-07-15,44,7300,744,721,734,24000
2002-07-16,43,7080,748,707,729,3000
2002-07-18,44,7240,741,700,702,3000
2002-07-19,42,6910,794,688,794,8000
2002-07-22,43,7140,727,651,695,8000
2002-07-23,45,7390,739,685,685,63000
2002-07-24,42,6850,735,685,709,10000
2002-07-25,43,7140,720,676,700,5000
2002-07-26,44,7190,735,680,735,1000
2002-07-29,44,7170,731,681,718,950
2002-07-30,43,7100,735,690,735,11000
2002-07-31,44,7250,725,725,725,10
2002-08-01,41,6720,728,672,700,8000
2002-08-02,43,7000,705,672,672,2000
2002-08-05,43,7050,705,668,705,1000
2002-08-06,45,7390,739,672,672,3000
2002-08-07,47,7640,764,700,700,4000
2002-08-08,45,7390,756,714,756,3000
2002-08-09,43,7020,739,702,739,240
2002-08-12,45,7390,739,701,735,4000
2002-08-13,45,7450,745,704,740,200
2002-08-14,45,7390,739,708,739,850
2002-08-16,45,7460,748,713,745,520
2002-08-19,45,7370,739,701,711,1000
2002-08-20,45,7370,739,737,739,200
2002-08-21,46,7480,748,700,739,4000
2002-08-22,46,7480,748,748,748,150
2002-08-26,43,7100,748,710,748,0
2002-08-27,45,7460,749,701,714,10000
2002-08-28,45,7350,735,701,729,3000
2002-08-29,43,7020,717,702,717,7000
2002-08-30,42,6860,730,685,691,1000
2002-09-02,42,6920,759,692,710,3000
2002-09-03,41,6700,692,609,609,22000
2002-09-04,42,6880,688,622,665,7000
2002-09-05,42,6840,717,650,714,5000
2002-09-06,42,6950,707,641,641,690
2002-09-09,41,6800,699,630,699,920
2002-09-10,36,5990,679,599,631,9000
2002-09-11,36,5970,624,571,602,10000
2002-09-12,37,6140,620,599,599,2000
2002-09-13,35,5800,617,580,611,5000
2002-09-16,35,5800,628,554,619,7000
2002-09-17,38,6270,629,571,629,600
2002-09-18,38,6190,619,619,619,100
2002-09-19,38,6190,619,561,613,6000
2002-09-23,38,6280,639,574,639,4000
2002-09-24,36,5900,628,590,620,320
2002-09-25,39,6390,660,571,615,14000
2002-09-26,39,6440,670,610,630,7000
2002-09-27,40,6650,668,600,620,10000
2002-09-30,39,6390,640,601,601,6000
2002-10-01,39,6370,649,600,602,2000
2002-10-02,39,6480,649,610,648,5000
2002-10-04,39,6400,650,615,650,16000
2002-10-07,40,6620,662,618,618,30
2002-10-08,40,6630,664,608,664,200
2002-10-09,40,6590,663,610,663,70
2002-10-10,36,5890,690,589,602,20000
2002-10-11,34,5580,610,558,610,7000
2002-10-14,34,5630,600,558,580,6000
2002-10-15,37,6050,625,541,625,5000
2002-10-16,34,5560,614,551,596,6000
2002-10-17,38,6220,622,549,609,44000
2002-10-18,36,5990,622,568,622,34000
2002-10-21,35,5700,609,528,558,15000
2002-10-22,36,5880,592,551,590,5000
2002-10-23,36,5850,588,549,579,1000
2002-10-24,35,5740,609,560,584,10000
2002-10-25,35,5790,585,551,585,28000
2002-10-28,34,5530,585,553,570,520
2002-10-29,35,5770,600,550,590,21000
2002-10-30,35,5690,605,568,605,4000
2002-10-31,35,5750,597,551,558,23000
2002-11-01,35,5730,575,545,570,1000
2002-11-04,35,5700,580,547,570,5000
2002-11-05,34,5660,599,536,599,11000
2002-11-06,34,5620,598,533,558,4000
2002-11-07,34,5540,567,530,532,640
2002-11-08,33,5520,553,522,522,320
2002-11-11,33,5500,552,542,550,7000
2002-11-12,33,5500,566,550,566,60
2002-11-13,33,5500,575,520,520,150
2002-11-14,33,5450,547,502,535,130
2002-11-15,33,5460,547,520,547,3000
2002-11-18,33,5400,544,490,509,26000
2002-11-19,30,4960,587,496,587,20000
2002-11-20,31,5190,535,490,500,7000
2002-11-21,32,5200,524,488,514,6000
2002-11-22,31,5150,520,492,515,1000
2002-11-25,28,4690,541,469,516,10000
2002-11-26,28,4610,497,459,497,18000
2002-11-27,28,4690,474,450,470,620
2002-11-28,28,4710,476,460,462,14000
2002-11-29,29,4750,475,459,460,9000
2002-12-03,30,5000,507,460,460,73000
2002-12-04,29,4750,485,465,478,9000
2002-12-05,29,4800,480,454,472,9000
2002-12-06,29,4820,485,470,485,9000
2002-12-09,30,5000,500,485,496,18000
2002-12-10,29,4860,508,477,508,22000
2002-12-11,30,4960,514,481,514,12000
2002-12-12,30,4950,509,477,477,9000
2002-12-13,30,4890,497,462,477,11000
2002-12-16,30,4890,493,464,464,3000
2002-12-17,31,5050,509,467,490,13000
2002-12-18,29,4800,504,474,503,10000
2002-12-20,29,4850,494,470,494,3000
2002-12-23,28,4690,495,427,485,13000
2002-12-24,28,4670,470,432,432,3000
2002-12-26,28,4640,476,427,427,710
2002-12-27,36,4680,475,415,415,2000
2002-12-30,36,4680,469,424,460,2000
2003-01-02,36,4690,469,467,467,660
2003-01-03,35,4540,488,454,478,460
2003-01-06,37,4810,481,476,476,30
2003-01-07,35,4570,495,446,495,3000
2003-01-08,35,4470,489,447,489,100000
2003-01-09,34,4430,479,443,479,30
2003-01-10,33,4230,485,423,485,14000
2003-01-13,35,4500,459,418,459,2000
2003-01-14,33,4250,456,422,423,5000
2003-01-15,33,4270,443,425,426,3000
2003-01-16,32,4200,446,420,426,3000
2003-01-17,33,4210,445,404,410,14000
2003-01-20,32,4080,448,382,401,28000
2003-01-21,32,4200,420,401,408,4000
2003-01-22,33,4300,430,407,430,2000
2003-01-23,34,4400,440,421,429,6000
2003-01-24,34,4400,459,407,413,5000
2003-01-27,32,4110,462,394,462,3000
2003-01-28,36,4600,460,435,435,2000
2003-01-29,39,4990,505,413,436,5000
2003-01-30,39,5060,523,505,523,230
2003-02-03,39,5060,510,453,510,510
2003-02-04,39,5090,515,470,515,650
2003-02-05,39,5050,505,448,500,250
2003-02-06,42,5450,545,445,524,17000
2003-02-07,40,5170,547,480,547,19000
2003-02-10,39,4990,530,466,509,4000
2003-02-11,41,5270,527,527,527,10
2003-02-12,41,5280,544,471,519,39000
2003-02-13,41,5290,529,480,481,12000
2003-02-14,46,5920,592,485,521,14000
2003-02-17,50,6390,640,536,590,12000
2003-02-18,49,6330,636,565,629,47000
2003-02-19,54,6890,689,592,619,6000
2003-02-20,53,6840,689,660,678,17000
2003-02-21,52,6730,699,611,674,46000
2003-02-24,46,5930,695,593,695,17000
2003-02-25,49,6280,630,555,593,4000
2003-02-26,49,6330,640,562,619,1000
2003-02-27,49,6300,660,630,659,3000
2003-02-28,51,6560,656,656,656,10
2003-03-03,52,6690,672,590,621,4000
2003-03-04,46,5890,645,589,589,7000
2003-03-05,47,6000,638,522,590,4000
2003-03-06,41,5340,629,530,629,6000
2003-03-07,41,5330,544,526,544,330
2003-03-10,40,5100,533,480,520,26000
2003-03-11,38,4950,500,449,500,8000
2003-03-12,34,4390,492,436,470,50000
2003-03-13,34,4410,454,414,440,120
2003-03-14,36,4590,462,412,453,5000
2003-03-17,36,4590,459,448,448,210
2003-03-18,36,4690,483,407,457,5000
2003-03-19,35,4470,457,418,418,2000
2003-03-20,34,4430,469,401,440,12000
2003-03-21,32,4150,470,415,470,6000
2003-03-24,32,4110,419,382,412,43000
2003-03-25,31,4070,427,404,405,18000
2003-03-26,32,4110,430,411,430,40000
2003-03-27,32,4190,460,401,401,124000
2003-03-28,32,4150,458,412,458,10000
2003-03-31,33,4320,454,410,454,5000
2003-04-01,33,4290,430,426,426,390
2003-04-02,32,4100,425,410,423,10000
2003-04-03,33,4220,447,414,447,14000
2003-04-04,32,4160,434,414,414,1000
2003-04-07,35,4580,458,416,455,18000
2003-04-08,36,4600,460,430,460,40
2003-04-09,33,4280,450,413,450,19000
2003-04-10,37,4790,479,428,428,747000
2003-04-11,33,4310,484,430,474,291000
2003-04-14,34,4400,450,421,432,30000
2003-04-15,33,4290,438,425,427,35000
2003-04-16,34,4360,464,422,426,103000
2003-04-17,33,4320,433,425,432,17000
2003-04-18,33,4300,434,424,427,35000
2003-04-21,34,4390,450,425,450,13000
2003-04-22,34,4400,449,434,439,13000
2003-04-23,38,4920,492,442,442,302000
2003-04-24,35,4530,490,451,485,58000
2003-04-25,35,4490,468,445,445,31000
2003-04-28,35,4460,447,422,443,13000
2003-04-29,34,4370,468,431,468,15000
2003-04-30,35,4500,465,433,465,18000
2003-05-02,34,4450,460,435,460,17000
2003-05-06,34,4400,482,437,482,21000
2003-05-07,34,4450,460,438,460,19000
2003-05-09,35,4580,458,440,458,6000
2003-05-12,36,4650,469,456,456,910
2003-05-13,36,4710,472,453,472,2000
2003-05-14,37,4730,477,445,452,27000
2003-05-15,37,4800,529,452,470,49000
2003-05-16,37,4780,480,452,473,18000
2003-05-19,35,4560,478,455,468,8000
2003-05-20,36,4700,470,445,445,240
2003-05-21,38,4850,510,430,473,81000
2003-05-22,39,5000,524,454,454,63000
2003-05-23,40,5200,522,473,473,38000
2003-05-26,40,5180,558,502,519,28000
2003-05-27,44,5700,580,512,512,36000
2003-05-28,42,5450,565,527,565,18000
2003-05-29,41,5300,545,506,545,11000
2003-05-30,37,4840,528,480,501,64000
2003-06-02,39,5060,506,464,475,6000
2003-06-03,41,5300,530,470,528,49000
2003-06-04,40,5190,519,484,484,8000
2003-06-05,39,5070,519,500,511,660
2003-06-09,39,5000,559,486,495,13000
2003-06-10,43,5480,548,477,491,33000
2003-06-11,39,5080,530,489,511,66000
2003-06-12,39,5070,515,480,515,9000
2003-06-13,39,4970,510,482,482,9000
2003-06-16,39,5000,507,480,483,12000
2003-06-17,38,4960,503,480,488,31000
2003-06-18,38,4960,500,486,496,3000
2003-06-19,39,5050,510,480,489,43000
2003-06-20,39,5080,510,490,495,29000
2003-06-23,36,4660,500,463,500,45000
2003-06-24,37,4760,479,460,466,6000
2003-06-25,37,4740,480,461,469,12000
2003-06-26,36,4630,489,461,489,6000
2003-06-27,37,4800,480,479,479,1000
2003-06-30,37,4770,477,468,469,10000
2003-07-01,37,4730,476,465,465,23000
2003-07-02,36,4710,476,465,472,83000
2003-07-03,41,5270,527,479,479,740000
2003-07-04,40,5150,525,482,512,457000
2003-07-07,39,5000,525,500,511,77000
2003-07-08,39,5050,524,501,524,36000
2003-07-09,39,5050,514,486,514,17000
2003-07-10,38,4950,500,476,500,8000
2003-07-11,38,4950,500,451,485,11000
2003-07-14,38,4950,505,488,505,14000
2003-07-15,37,4750,500,468,473,54000
2003-07-16,37,4750,493,472,493,1000
2003-07-18,34,4450,469,440,469,48000
2003-07-21,33,4210,455,421,450,46000
2003-07-22,37,4715,471,410,420,335000
2003-07-23,35,4560,479,440,473,128000
2003-07-24,32,4100,472,410,472,95000
2003-07-25,32,4130,433,408,410,27000
2003-07-28,33,4290,429,413,415,2000
2003-07-29,34,4350,435,423,424,8000
2003-07-30,33,4285,434,428,428,10000
2003-07-31,34,4400,440,429,430,15000
2003-08-01,36,4670,470,423,457,36000
2003-08-04,35,4550,460,427,460,4000
2003-08-05,36,4690,469,469,469,7000
2003-08-06,36,4660,466,435,456,7000
2003-08-07,34,4385,465,436,459,36000
2003-08-08,33,4240,458,422,458,3000
2003-08-11,35,4520,454,420,420,11000
2003-08-12,34,4370,469,437,469,670
2003-08-13,36,4640,464,462,464,2000
2003-08-14,34,4400,480,431,464,81000
2003-08-18,36,4650,470,440,464,36000
2003-08-19,39,5000,505,482,499,78000
2003-08-20,40,5100,533,480,480,15000
2003-08-21,40,5100,530,510,520,76000
2003-08-22,38,4950,502,480,502,37000
2003-08-25,40,5200,544,480,500,18000
2003-08-26,41,5250,529,482,529,19000
2003-08-27,38,4900,517,487,517,56000
2003-08-28,39,5050,508,474,474,45000
2003-08-29,39,5030,505,486,505,12000
2003-09-01,38,4940,495,473,495,39000
2003-09-02,39,5050,505,485,485,28000
2003-09-03,38,4900,520,490,515,15000
2003-09-04,39,5000,505,490,498,450
2003-09-05,39,4990,500,461,499,28000
2003-09-08,39,5000,500,467,499,10000
2003-09-09,39,5000,500,475,492,520
2003-09-15,39,4980,499,480,481,6000
2003-09-16,39,4970,497,480,486,4000
2003-09-17,38,4890,500,480,489,17000
2003-09-18,38,4900,494,471,481,6000
2003-09-19,38,4900,500,442,442,45000
2003-09-22,39,4980,498,490,490,6000
2003-09-23,38,4900,498,480,480,3000
2003-09-24,39,4990,499,490,495,20000
2003-09-25,39,4975,549,484,499,57000
2003-09-26,38,4900,499,490,490,26000
2003-09-29,40,5180,536,480,536,7000
2003-09-30,39,5070,510,495,510,2000
2003-10-01,40,5210,559,486,507,16000
2003-10-02,40,5200,525,510,525,330
2003-10-06,40,5100,530,510,530,2000
2003-10-07,38,4910,510,491,510,1000
2003-10-08,42,5440,544,504,504,2000
2003-10-09,40,5200,530,510,530,2000
2003-10-10,40,5190,579,471,520,6000
2003-10-13,38,4890,517,488,491,4000
2003-10-14,38,4915,491,480,486,8000
2003-10-15,38,4885,489,480,480,570
2003-10-16,38,4920,492,480,482,1000
2003-10-17,37,4770,495,461,461,5000
2003-10-20,38,4900,490,489,489,14000
2003-10-21,38,4850,485,481,485,840
2003-10-22,38,4850,485,485,485,10
2003-10-23,38,4890,490,470,490,8000
2003-10-24,37,4790,485,455,485,1000
2003-10-27,40,5200,520,472,472,8000
2003-10-28,39,5000,500,485,500,1000
2003-10-29,37,4800,489,480,489,1000
2003-10-30,38,4860,489,480,489,10000
2003-10-31,36,4710,480,471,480,0
2003-11-03,37,4800,480,458,478,200
2003-11-04,36,4700,485,470,485,1000
2003-11-05,37,4800,480,458,458,20
2003-11-06,36,4670,467,462,462,1000
2003-11-07,36,4705,477,469,477,1000
2003-11-10,38,4900,490,480,480,3000
2003-11-11,38,4900,490,490,490,10
2003-11-12,38,4895,490,489,489,230
2003-11-13,36,4700,490,470,489,2000
2003-11-14,38,4900,490,465,480,10000
2003-11-17,37,4745,490,465,490,9000
2003-11-18,37,4795,480,479,480,140
2003-11-19,37,4755,480,461,480,220
2003-11-20,38,4890,489,470,472,200
2003-11-21,37,4820,487,432,487,2000
2003-11-24,38,4895,489,460,489,1000
2003-11-25,38,4850,538,465,465,11000
2003-11-26,42,5430,543,460,460,37000
2003-11-27,41,5250,543,501,510,10000
2003-11-28,41,5300,530,494,525,3000
2003-12-01,40,5100,520,500,520,1000
2003-12-02,40,5190,571,489,571,340
2003-12-03,45,5800,580,483,579,12000
2003-12-04,49,6250,635,511,578,23000
2003-12-05,51,6600,660,616,616,9000
2003-12-08,51,6550,660,584,600,41000
2003-12-09,45,5770,694,577,694,18000
2003-12-10,47,6100,620,533,568,3000
2003-12-11,46,5940,620,550,620,30000
2003-12-12,47,6000,612,554,612,25000
2003-12-15,49,6300,650,600,650,9000
2003-12-16,48,6120,621,571,621,38000
2003-12-17,47,6050,619,558,619,2000
2003-12-18,48,6200,620,562,570,24000
2003-12-19,42,5460,639,546,620,376000
2003-12-22,43,5480,560,511,560,16000
2003-12-23,43,5530,553,502,540,35000
2003-12-24,40,5100,545,510,545,9000
2003-12-26,41,5300,536,501,501,6000
2003-12-29,60,5500,580,481,481,800
2003-12-30,67,6150,615,484,545,49000
2004-01-02,63,5800,610,547,610,13000
2004-01-05,61,5640,584,540,571,5000
2004-01-06,54,4970,600,497,527,135000
2004-01-07,52,4820,499,465,494,12000
2004-01-08,51,4740,479,456,471,28000
2004-01-09,52,4810,481,452,455,32000
2004-01-12,49,4520,475,450,450,68000
2004-01-13,51,4670,470,450,452,81000
2004-01-14,52,4810,483,461,480,59000
2004-01-15,54,5020,513,470,485,38000
2004-01-16,54,5000,508,480,480,26000
2004-01-19,55,5050,542,502,510,50000
2004-01-20,61,5650,565,528,528,79000
2004-01-26,64,5900,608,520,555,35000
2004-01-27,65,5980,598,580,590,51000
2004-01-28,62,5700,600,570,600,56000
2004-01-29,65,5990,600,580,600,61000
2004-01-30,60,5500,590,550,590,51000
2004-02-02,65,5990,599,580,590,49000
2004-02-03,64,5900,595,580,590,51000
2004-02-04,63,5800,600,554,600,53000
2004-02-05,62,5690,585,531,571,56000
2004-02-06,64,5880,599,550,599,67000
2004-02-09,64,5890,590,544,590,58000
2004-02-10,65,6000,600,551,551,21000
2004-02-11,66,6040,604,590,590,55000
2004-02-12,65,5990,599,564,565,2000
2004-02-13,65,5990,599,560,560,8000
2004-02-16,66,6100,650,555,650,15000
2004-02-17,66,6100,619,591,610,50000
2004-02-18,66,6090,630,564,620,41000
2004-02-19,66,6030,608,562,600,11000
2004-02-20,65,6020,605,572,605,9000
2004-02-23,66,6090,609,567,609,90
2004-02-24,66,6050,605,560,604,14000
2004-02-25,62,5710,607,571,607,20
2004-02-26,66,6100,610,610,610,10
2004-02-27,65,5990,610,557,557,1000
2004-03-02,65,5990,604,557,604,230
2004-03-03,65,6000,600,566,566,210
2004-03-04,65,6000,600,532,561,4000
2004-03-05,65,5950,595,550,550,40
2004-03-08,65,5980,598,559,559,6000
2004-03-09,70,6400,669,565,566,70000
2004-03-10,70,6400,640,600,630,4000
2004-03-11,65,6000,630,600,630,2000
2004-03-12,68,6300,630,545,605,1000
2004-03-15,75,6900,690,630,630,1000
2004-03-16,74,6800,700,621,700,350
2004-03-17,73,6700,689,670,689,60
2004-03-18,74,6800,680,680,680,10
2004-03-19,71,6500,650,599,604,24000
2004-03-22,68,6300,630,581,583,2000
2004-03-23,61,5610,613,561,600,2000
2004-03-24,64,5890,604,520,580,2000
2004-03-25,66,6100,619,531,619,7000
2004-03-26,61,5650,609,565,609,0
2004-03-29,60,5500,620,543,565,1000
2004-03-30,59,5400,552,540,552,2000
2004-03-31,57,5210,574,500,540,11000
2004-04-01,61,5600,560,515,530,1000
2004-04-02,64,5860,586,523,552,1000
2004-04-06,66,6040,604,604,604,10
2004-04-07,59,5460,587,546,587,0
2004-04-08,62,5750,604,517,604,11000
2004-04-09,57,5270,549,525,539,2000
2004-04-12,57,5270,530,520,527,12000
2004-04-13,57,5240,530,518,527,1000
2004-04-14,57,5220,528,515,524,260
2004-04-16,57,5270,527,517,522,920
2004-04-19,56,5180,560,518,527,2000
2004-04-20,56,5200,550,517,550,4000
2004-04-21,55,5100,526,495,520,8000
2004-04-22,55,5110,523,449,514,26000
2004-04-23,51,4700,510,470,510,49000
2004-04-26,52,4840,484,470,470,620
2004-04-27,53,4850,485,480,484,700
2004-04-28,50,4605,485,460,485,1000
2004-04-29,50,4630,468,460,461,36000
2004-04-30,50,4610,518,461,470,221000
2004-05-03,49,4500,470,427,461,10000
2004-05-04,49,4545,466,410,457,28000
2004-05-06,50,4570,458,440,440,2000
2004-05-07,50,4570,457,445,457,440
2004-05-10,45,4125,449,412,442,2000
2004-05-11,50,4615,461,420,434,7000
2004-05-12,52,4815,486,444,460,7000
2004-05-13,52,4800,485,474,474,760
2004-05-14,52,4785,484,450,484,2000
2004-05-17,48,4400,485,430,485,4000
2004-05-18,48,4395,479,413,479,640
2004-05-19,49,4500,459,439,449,2000
2004-05-20,49,4485,450,430,450,6000
2004-05-21,51,4700,480,440,445,1000
2004-05-24,49,4500,466,445,463,770
2004-05-25,50,4600,491,437,491,80
2004-05-27,50,4580,482,450,482,6000
2004-05-28,49,4490,455,445,455,7000
2004-05-31,45,4175,445,410,441,21000
2004-06-01,46,4260,429,418,420,820
2004-06-02,46,4255,425,419,420,530
2004-06-03,46,4265,426,420,420,1000
2004-06-04,46,4265,476,423,423,30000
2004-06-07,46,4230,430,423,430,1000
2004-06-08,47,4300,430,430,430,480
2004-06-09,47,4330,433,430,430,480
2004-06-10,47,4365,436,420,420,210
2004-06-11,46,4210,480,421,437,5000
2004-06-14,50,4640,464,464,464,10
2004-06-15,50,4595,459,459,459,10
2004-06-16,52,4795,479,479,479,20
2004-06-17,52,4840,491,431,431,110
2004-06-18,46,4265,431,426,431,2000
2004-06-21,48,4400,440,420,430,530
2004-06-22,46,4290,434,390,413,20000
2004-06-23,45,4195,420,410,410,10000
2004-06-24,45,4190,419,409,410,12000
2004-06-25,46,4250,425,425,425,10
2004-06-28,45,4200,420,410,411,2000
2004-06-29,45,4200,440,411,425,8000
2004-06-30,45,4130,420,410,420,3000
2004-07-01,45,4200,420,407,407,1000
2004-07-02,44,4100,427,410,425,850
2004-07-05,44,4100,410,410,410,1000
2004-07-06,43,4000,415,400,415,1000
2004-07-07,44,4095,414,385,414,5000
2004-07-08,44,4025,415,402,415,6000
2004-07-09,47,4300,430,402,408,3000
2004-07-12,51,4680,468,402,423,200000
2004-07-13,48,4395,475,424,450,24000
2004-07-14,46,4275,445,407,430,8000
2004-07-15,44,4020,427,402,410,8000
2004-07-16,43,4005,423,400,423,4000
2004-07-19,44,4090,413,408,412,4000
2004-07-20,44,4095,413,405,413,1000
2004-07-21,45,4135,417,390,390,3000
2004-07-22,47,4295,429,401,413,4000
2004-07-23,44,4090,420,404,420,1000
2004-07-26,48,4400,440,402,405,8000
2004-07-27,49,4500,467,412,467,2000
2004-07-28,49,4495,459,443,443,2000
2004-07-29,49,4535,459,407,459,2000
2004-07-30,51,4680,468,468,468,10
2004-08-02,52,4785,478,412,478,1000
2004-08-03,51,4700,470,421,421,1000
2004-08-04,49,4500,460,450,460,20
2004-08-05,49,4490,449,449,449,10
2004-08-06,49,4550,455,455,455,10
2004-08-09,50,4600,460,460,460,10
2004-08-10,51,4680,468,468,468,10
2004-08-11,51,4675,478,412,478,410
2004-08-12,45,4150,475,411,475,6000
2004-08-13,45,4120,430,411,420,33000
2004-08-16,48,4395,439,405,412,1000
2004-08-17,49,4495,449,432,432,200
2004-08-18,51,4665,470,430,446,17000
2004-08-19,51,4690,490,423,470,150
2004-08-20,51,4700,470,433,433,1000
2004-08-23,48,4400,475,430,430,510
2004-08-24,45,4130,485,400,485,26000
2004-08-25,44,4080,412,397,410,14000
2004-08-26,45,4135,414,412,413,1000
2004-08-27,46,4240,428,403,403,2000
2004-08-30,44,4055,427,400,427,760
2004-08-31,44,4045,412,401,403,1000
2004-09-01,45,4120,415,405,414,29000
2004-09-02,44,4080,415,401,405,5000
2004-09-03,44,4040,408,404,405,5000
2004-09-06,43,4005,409,400,400,10000
2004-09-07,44,4030,405,403,403,2000
2004-09-08,45,4200,420,400,415,18000
2004-09-09,45,4195,420,403,403,540
2004-09-10,44,4110,424,395,417,25000
2004-09-13,45,4140,414,414,414,10
2004-09-14,45,4180,418,415,415,20
2004-09-15,43,3975,410,380,401,11000
2004-09-16,42,3855,398,385,395,3000
2004-09-17,43,3940,409,376,376,110
2004-09-20,42,3915,399,365,365,5000
2004-09-21,42,3890,395,347,395,2000
2004-09-22,41,3830,395,370,380,17000
2004-09-23,41,3765,400,376,378,13000
2004-09-24,39,3620,385,362,372,7000
2004-09-30,43,4010,401,354,378,6000
2004-10-01,44,4035,403,390,390,530
2004-10-04,45,4180,418,400,410,12000
2004-10-05,44,4020,408,390,396,34000
2004-10-06,45,4200,420,402,402,330
2004-10-07,43,4010,409,400,409,19000
2004-10-08,44,4055,406,400,400,3000
2004-10-11,44,4095,418,390,390,22000
2004-10-12,45,4185,425,410,414,1000
2004-10-13,47,4300,430,396,430,1000
2004-10-14,48,4400,450,412,450,1000
2004-10-15,48,4390,445,395,445,5000
2004-10-18,49,4490,449,402,410,1000
2004-10-19,48,4400,440,412,440,2000
2004-10-20,49,4500,450,449,449,50
2004-10-21,46,4250,425,425,425,100
2004-10-22,46,4250,425,425,425,10
2004-10-25,48,4450,445,445,445,10
2004-10-26,50,4600,460,408,408,100
2004-10-27,48,4400,461,405,410,47000
2004-10-28,48,4395,455,403,410,4000
2004-10-29,48,4440,444,444,444,10
2004-11-01,49,4540,454,454,454,10
2004-11-02,44,4050,465,400,465,9000
2004-11-03,47,4350,435,400,419,20000
2004-11-04,47,4295,429,429,429,10
2004-11-05,50,4590,459,459,459,10
2004-11-08,51,4750,475,475,475,10
2004-11-09,56,5190,519,519,519,10
2004-11-10,50,4575,569,457,569,46000
2004-11-11,48,4435,489,405,462,4000
2004-11-12,49,4500,496,443,496,6000
2004-11-15,45,4180,475,408,438,15000
2004-11-16,47,4350,440,415,415,3000
2004-11-17,48,4400,450,416,430,660
2004-11-18,45,4120,430,400,408,10000
2004-11-19,42,3910,410,391,401,4000
2004-11-22,44,4045,404,383,383,14000
2004-11-23,41,3825,392,382,392,3000
2004-11-24,44,4070,409,382,391,4000
2004-11-25,46,4285,428,401,404,3000
2004-11-26,46,4280,443,398,435,4000
2004-11-29,46,4285,428,428,428,30
2004-11-30,47,4350,439,401,433,4000
2004-12-01,44,4065,429,406,429,0
2004-12-02,47,4325,433,405,433,950
2004-12-03,44,4080,465,396,406,5000
2004-12-06,47,4375,438,391,391,3000
2004-12-07,47,4345,442,409,409,330
2004-12-08,49,4510,453,421,453,740
2004-12-09,52,4840,484,484,484,10
2004-12-10,46,4260,529,426,529,5000
2004-12-13,41,3820,420,381,381,70000
2004-12-14,42,3900,400,371,382,40000
2004-12-15,45,4195,426,370,370,28000
2004-12-16,43,3960,418,385,401,4000
2004-12-17,43,3935,397,393,395,6000
2004-12-20,46,4250,425,405,405,160
2004-12-21,46,4245,434,392,425,6000
2004-12-22,43,4005,424,396,424,15000
2004-12-23,47,4295,429,405,405,2000
2004-12-24,43,3935,469,392,469,9000
2004-12-27,45,4190,419,398,398,3000
2004-12-28,42,3900,415,390,414,18000
2004-12-29,89,3970,398,375,398,1000
2004-12-30,91,4090,409,384,393,350
2005-01-03,89,4000,418,392,392,18000
2005-01-04,87,3905,407,390,407,19000
2005-01-05,89,3995,400,385,395,13000
2005-01-06,89,4000,400,388,388,10000
2005-01-07,91,4060,409,391,400,24000
2005-01-10,89,4000,406,390,406,28000
2005-01-11,91,4090,409,391,391,210
2005-01-12,88,3950,410,385,410,37000
2005-01-13,88,3940,395,384,390,32000
2005-01-14,87,3880,397,385,394,78000
2005-01-17,90,4050,405,388,396,51000
2005-01-18,93,4150,415,387,404,61000
2005-01-19,92,4100,417,392,415,24000
2005-01-20,91,4065,415,370,400,105000
2005-01-21,96,4290,430,387,403,23000
2005-01-24,98,4395,441,402,424,30000
2005-01-25,93,4170,435,410,434,21000
2005-01-26,96,4290,435,415,417,78000
2005-01-27,97,4330,435,422,422,21000
2005-01-28,98,4375,437,430,430,14000
2005-01-31,99,4445,454,418,418,14000
2005-02-01,100,4490,449,444,445,7000
2005-02-02,100,4480,450,447,450,2000
2005-02-03,99,4450,445,423,445,5000
2005-02-04,98,4400,440,420,437,22000
2005-02-07,103,4600,474,435,435,11000
2005-02-11,115,5120,514,440,460,38000
2005-02-14,119,5310,540,511,540,19000
2005-02-15,120,5360,550,505,529,1000
2005-02-16,115,5130,520,482,510,9000
2005-02-17,113,5040,510,479,509,18000
2005-02-18,118,5290,548,500,500,27000
2005-02-21,121,5400,540,540,540,1000
2005-02-22,118,5290,550,500,530,3000
2005-02-23,118,5260,529,520,529,1000
2005-02-24,113,5030,503,501,502,14000
2005-02-25,117,5210,528,500,528,5000
2005-02-28,130,5800,583,528,530,122000
2005-03-02,128,5740,580,535,580,17000
2005-03-03,130,5800,620,557,570,100
2005-03-04,126,5650,647,511,551,103000
2005-03-07,127,5660,594,558,560,22000
2005-03-08,125,5600,572,532,558,2000
2005-03-09,116,5180,553,501,503,35000
2005-03-10,116,5200,525,482,508,20000
2005-03-11,120,5350,535,490,517,14000
2005-03-14,122,5470,552,515,515,18000
2005-03-15,123,5490,585,540,547,28000
2005-03-16,131,5840,584,532,540,46000
2005-03-17,138,6150,643,560,600,141000
2005-03-18,134,6000,629,600,629,105000
2005-03-21,138,6170,650,580,580,15000
2005-03-22,137,6100,628,610,626,16000
2005-03-23,137,6100,639,580,639,32000
2005-03-24,139,6200,620,600,600,6000
2005-03-25,153,6850,685,619,619,10000
2005-03-28,152,6790,679,630,630,2000
2005-03-29,146,6500,650,580,580,120
2005-03-30,141,6280,628,593,627,2000
2005-03-31,152,6800,680,660,680,520
2005-04-01,163,7280,750,596,750,5000
2005-04-04,140,6250,726,625,726,16000
2005-04-06,141,6280,650,600,628,10000
2005-04-07,141,6280,630,627,628,6000
2005-04-08,140,6270,627,600,600,1000
2005-04-11,135,6040,628,570,610,19000
2005-04-12,135,6020,602,602,602,2000
2005-04-13,135,6030,606,570,570,2000
2005-04-14,125,5600,600,541,600,10000
2005-04-15,132,5900,590,533,533,30
2005-04-18,133,5940,596,541,596,320
2005-04-19,132,5880,588,588,588,10
2005-04-20,127,5680,580,540,580,3000
2005-04-21,119,5300,549,530,530,4000
2005-04-22,118,5280,609,528,530,1000
2005-04-25,135,6020,607,599,599,660
2005-04-26,127,5690,576,530,530,1000
2005-04-27,120,5370,537,509,509,4000
2005-04-28,120,5350,535,534,535,1000
2005-04-29,120,5350,535,535,535,500
2005-05-02,123,5480,548,520,535,890
2005-05-03,118,5260,560,526,560,1000
2005-05-04,125,5590,559,559,559,10
2005-05-06,130,5790,579,524,560,5000
2005-05-09,125,5590,559,559,559,10
2005-05-10,121,5400,567,540,550,20000
2005-05-11,129,5760,598,522,522,60
2005-05-12,123,5500,570,530,570,17000
2005-05-13,125,5590,559,530,530,520
2005-05-16,116,5170,540,515,540,8000
2005-05-17,122,5460,546,524,524,70
2005-05-18,120,5360,539,501,538,1000
2005-05-19,127,5690,569,512,535,720
2005-05-20,132,5900,590,510,510,1000
2005-05-23,121,5400,570,530,530,21000
2005-05-24,121,5400,580,540,570,5000
2005-05-25,128,5700,570,550,570,8000
2005-05-26,130,5790,580,540,540,4000
2005-05-27,127,5690,569,541,541,6000
2005-05-30,126,5640,565,540,545,920
2005-05-31,133,5930,594,592,594,5000
2005-06-02,132,5890,589,589,589,10
2005-06-03,132,5900,595,590,595,270
2005-06-07,120,5370,588,535,588,6000
2005-06-08,117,5210,557,521,532,12000
2005-06-09,120,5370,537,522,522,11000
2005-06-10,116,5170,550,515,550,6000
2005-06-13,121,5400,540,540,540,10
2005-06-14,115,5140,524,514,524,1000
2005-06-16,118,5290,550,528,550,150
2005-06-17,118,5270,563,526,529,460
2005-06-20,119,5300,530,516,516,12000
2005-06-21,118,5290,529,515,515,22000
2005-06-22,118,5290,590,515,515,20000
2005-06-23,119,5300,589,530,560,560
2005-06-24,135,6010,609,531,531,44000
2005-06-27,119,5320,601,520,601,2000
2005-06-28,120,5350,564,531,564,1000
2005-06-29,120,5350,565,535,565,18000
2005-06-30,120,5360,580,536,550,2000
2005-07-01,120,5370,566,537,537,44000
2005-07-04,123,5500,550,537,537,8000
2005-07-05,122,5440,598,544,598,3000
2005-07-06,123,5500,579,550,560,30000
2005-07-07,131,5840,595,569,570,37000
2005-07-08,124,5540,585,554,554,39000
2005-07-11,126,5650,569,537,545,24000
2005-07-12,128,5740,574,560,572,12000
2005-07-13,126,5610,589,560,560,5000
2005-07-14,126,5620,576,555,555,3000
2005-07-15,133,5950,610,574,574,54000
2005-07-18,131,5850,587,585,587,4000
2005-07-19,128,5730,589,573,589,0
2005-07-20,131,5850,608,565,565,22000
2005-07-21,128,5710,589,571,571,8000
2005-07-22,130,5800,598,574,575,27000
2005-07-25,134,6000,620,590,590,223000
2005-07-26,141,6290,690,600,620,95000
2005-07-27,137,6130,629,552,629,44000
2005-07-28,137,6120,619,596,600,43000
2005-07-29,137,6120,624,601,605,11000
2005-08-01,137,6120,655,611,655,19000
2005-08-02,142,6350,635,608,635,30000
2005-08-03,144,6450,730,616,630,45000
2005-08-04,141,6280,647,612,620,11000
2005-08-05,141,6290,648,600,637,22000
2005-08-08,139,6200,665,613,665,7000
2005-08-09,141,6300,630,601,602,12000
2005-08-10,143,6400,650,613,650,9000
2005-08-11,139,6200,670,615,640,28000
2005-08-12,142,6340,713,615,620,8000
2005-08-16,139,6200,647,615,615,6000
2005-08-17,139,6200,625,609,625,6000
2005-08-18,140,6270,646,615,640,98000
2005-08-19,137,6110,620,611,620,17000
2005-08-22,137,6110,619,601,601,2000
2005-08-23,137,6110,625,601,601,14000
2005-08-24,137,6100,610,609,609,6000
2005-08-25,137,6140,615,605,615,3000
2005-08-26,137,6100,629,607,607,29000
2005-08-29,135,6020,615,602,615,0
2005-08-30,137,6140,629,600,629,20000
2005-08-31,139,6190,619,600,601,2000
2005-09-01,140,6270,637,620,620,6000
2005-09-02,142,6350,640,615,639,2000
2005-09-05,144,6440,644,644,644,30
2005-09-06,139,6200,638,610,638,98000
2005-09-07,137,6140,635,607,635,11000
2005-09-08,137,6130,633,611,615,1000
2005-09-09,139,6200,635,620,635,49000
2005-09-12,139,6200,620,620,620,4000
2005-09-13,141,6300,632,615,620,7000
2005-09-14,142,6320,638,632,632,3000
2005-09-15,144,6450,645,640,640,110
2005-09-16,139,6210,643,621,643,0
2005-09-20,144,6450,645,645,645,3000
2005-09-21,140,6250,626,625,626,2000
2005-09-22,141,6300,630,613,613,16000
2005-09-23,140,6250,625,625,625,2000
2005-09-26,139,6200,639,620,620,6000
2005-09-27,137,6130,629,610,610,13000
2005-09-28,141,6300,630,610,615,10000
2005-09-29,143,6390,645,630,645,7000
2005-09-30,147,6550,730,641,641,147000
2005-10-04,169,7530,753,655,655,201000
2005-10-05,181,8100,820,715,800,132000
2005-10-06,181,8090,810,751,755,32000
2005-10-07,178,7950,930,774,800,88000
2005-10-10,170,7610,849,713,731,39000
2005-10-11,175,7800,810,756,800,10000
2005-10-12,168,7500,775,750,765,49000
2005-10-13,162,7230,770,721,770,5000
2005-10-14,157,7030,779,690,703,10000
2005-10-17,181,8080,808,745,760,50000
2005-10-18,172,7680,799,750,799,75000
2005-10-19,170,7570,784,732,756,31000
2005-10-20,171,7650,840,732,840,4000
2005-10-21,173,7700,770,730,730,11000
2005-10-24,170,7590,773,735,745,28000
2005-10-25,170,7600,774,759,759,13000
2005-10-26,181,8100,860,750,760,104000
2005-10-27,174,7750,800,772,800,36000
2005-10-28,179,8000,808,775,775,99000
2005-10-31,186,8300,844,786,805,66000
2005-11-01,189,8430,843,825,830,74000
2005-11-02,199,8900,890,830,844,31000
2005-11-03,191,8520,880,757,880,873000
2005-11-04,192,8550,880,830,852,96000
2005-11-07,186,8290,855,800,840,15000
2005-11-08,182,8130,856,800,825,179000
2005-11-09,193,8600,880,822,870,209000
2005-11-10,194,8640,866,830,860,16000
2005-11-11,186,8300,870,830,865,56000
2005-11-14,187,8330,899,830,830,6000
2005-11-15,189,8430,879,830,879,22000
2005-11-16,195,8700,876,850,850,57000
2005-11-17,191,8530,860,838,860,44000
2005-11-18,193,8620,864,845,855,5000
2005-11-21,190,8500,860,822,845,19000
2005-11-22,185,8250,848,820,848,14000
2005-11-23,188,8400,849,810,810,56000
2005-11-24,182,8110,829,805,823,31000
2005-11-25,204,9100,931,814,837,142000
2005-11-28,205,9130,979,875,900,126000
2005-11-29,208,9280,958,880,949,49000
2005-11-30,201,8960,937,882,914,144000
2005-12-01,211,9430,950,903,903,29000
2005-12-02,204,9100,930,816,930,31000
2005-12-05,208,9270,927,851,872,61000
2005-12-06,210,9390,940,872,924,28000
2005-12-07,208,9300,947,903,947,22000
2005-12-08,212,9440,960,915,925,54000
2005-12-09,210,9390,940,910,940,12000
2005-12-12,208,9290,935,900,935,21000
2005-12-13,203,9050,927,905,905,28000
2005-12-14,233,10400,1040,905,910,202000
2005-12-15,268,11950,1195,1195,1195,41000
2005-12-16,307,13700,1370,1150,1370,770000
2005-12-19,325,14500,1530,1300,1420,476000
2005-12-20,301,13400,1420,1240,1420,238000
2005-12-21,306,13650,1540,1240,1285,395000
2005-12-22,281,12550,1410,1190,1320,147000
2005-12-23,247,11000,1270,1075,1215,165000
2005-12-26,253,11300,1185,1100,1140,89000
2005-12-27,232,10350,1180,1025,1115,104000
2005-12-28,331,11900,1190,1000,1010,192000
2005-12-29,377,13550,1365,1250,1280,252000
2006-01-02,378,13600,1360,1300,1355,111000
2006-01-03,357,12850,1380,1185,1310,142000
2006-01-04,323,11600,1280,1160,1250,111000
2006-01-05,323,11600,1250,1160,1180,56000
2006-01-06,328,11800,1225,1120,1160,52000
2006-01-09,339,12200,1220,1150,1160,41000
2006-01-10,314,11300,1170,1125,1160,80000
2006-01-11,309,11100,1170,1100,1100,42000
2006-01-12,325,11700,1275,1065,1065,359000
2006-01-13,311,11200,1190,1100,1140,61000
2006-01-16,325,11700,1175,1100,1105,94000
2006-01-17,316,11350,1190,1110,1160,68000
2006-01-18,314,11300,1160,1050,1135,19000
2006-01-19,324,11650,1220,1115,1210,53000
2006-01-20,371,13350,1335,1165,1165,285000
2006-01-23,327,11750,1525,1135,1390,740000
2006-01-24,375,13500,1350,1145,1145,794000
2006-01-25,349,12550,1515,1240,1420,613000
2006-01-26,336,12100,1335,1210,1245,441000
2006-01-27,330,11850,1250,1120,1250,215000
2006-01-31,348,12500,1320,1190,1190,180000
2006-02-01,332,11950,1250,1155,1250,190000
2006-02-02,321,11550,1290,1155,1190,140000
2006-02-03,297,10700,1170,1000,1105,97000
2006-02-06,306,11000,1200,1045,1045,68000
2006-02-07,299,10750,1145,1025,1055,67000
2006-02-08,284,10200,1075,1020,1050,55000
2006-02-09,272,9800,1045,980,1025,56000
2006-02-10,276,9940,1040,950,1040,43000
2006-02-13,289,10400,1110,970,984,67000
2006-02-14,272,9770,1005,961,1005,28000
2006-02-15,272,9790,1035,975,977,35000
2006-02-16,276,9930,1050,970,1040,33000
2006-02-17,276,9920,1040,972,972,3000
2006-02-20,271,9740,990,970,971,60000
2006-02-21,272,9800,1015,960,972,30000
2006-02-22,281,10100,1125,988,988,754000
2006-02-23,297,10700,1070,1015,1015,61000
2006-02-24,281,10100,1070,1010,1070,7000
2006-02-27,288,10350,1075,990,1075,38000
2006-02-28,286,10300,1035,981,1010,20000
2006-03-02,291,10450,1080,1025,1050,18000
2006-03-03,334,12000,1200,1055,1055,1170000
2006-03-06,327,11750,1275,1145,1180,547000
2006-03-07,307,11050,1195,1100,1195,111000
2006-03-08,300,10800,1120,1030,1065,194000
2006-03-09,339,12200,1225,1070,1100,164000
2006-03-10,327,11750,1235,1130,1185,149000
2006-03-13,342,12300,1230,1145,1170,73000
2006-03-14,335,12050,1230,1170,1200,91000
2006-03-15,314,11300,1250,1125,1175,212000
2006-03-16,313,11250,1130,1090,1100,82000
2006-03-17,317,11400,1140,1085,1085,6000
2006-03-20,317,11400,1190,1105,1105,61000
2006-03-21,320,11500,1150,1070,1140,14000
2006-03-22,288,10350,1165,1000,1165,158000
2006-03-23,278,10000,1060,999,1025,131000
2006-03-24,286,10300,1070,1000,1020,124000
2006-03-27,286,10300,1055,1020,1020,32000
2006-03-28,284,10200,1050,1015,1015,17000
2006-03-29,289,10400,1040,1010,1035,22000
2006-03-30,296,10650,1080,1035,1070,13000
2006-03-31,300,10800,1090,1045,1045,28000
2006-04-03,303,10900,1100,1075,1100,7000
2006-04-04,300,10800,1125,1060,1090,39000
2006-04-05,307,11050,1120,1060,1090,31000
2006-04-06,306,11000,1105,1090,1105,4000
2006-04-07,311,11200,1170,1085,1085,59000
2006-04-10,318,11450,1165,1095,1115,50000
2006-04-11,317,11400,1145,1140,1145,3000
2006-04-12,316,11350,1140,1105,1125,15000
2006-04-13,320,11500,1185,1120,1120,107000
2006-04-14,330,11850,1200,1150,1150,24000
2006-04-17,330,11850,1260,1180,1185,106000
2006-04-18,330,11850,1190,1165,1165,31000
2006-04-19,334,12000,1220,1180,1220,70000
2006-04-20,331,11900,1210,1165,1165,65000
2006-04-21,334,12000,1200,1165,1195,57000
2006-04-24,336,12100,1220,1170,1200,29000
2006-04-25,338,12150,1215,1180,1190,91000
2006-04-26,335,12050,1210,1205,1205,11000
2006-04-27,330,11850,1205,1170,1175,96000
2006-04-28,334,12000,1200,1180,1200,36000
2006-05-02,334,12000,1205,1175,1185,54000
2006-05-03,362,13000,1300,1195,1200,62000
2006-05-04,364,13100,1315,1255,1300,80000
2006-05-08,362,13000,1400,1250,1310,67000
2006-05-09,355,12750,1300,1200,1300,22000
2006-05-10,375,13500,1350,1270,1290,13000
2006-05-11,401,14400,1550,1360,1365,565000
2006-05-12,398,14300,1475,1330,1395,199000
2006-05-15,399,14350,1500,1375,1500,77000
2006-05-16,370,13300,1490,1315,1380,50000
2006-05-17,362,13000,1370,1230,1370,22000
2006-05-18,339,12200,1290,1200,1210,181000
2006-05-19,353,12700,1300,1185,1185,39000
2006-05-22,346,12450,1400,1245,1400,6000
2006-05-23,336,12100,1390,1180,1390,62000
2006-05-24,353,12700,1345,1200,1210,7000
2006-05-25,357,12850,1310,1200,1220,13000
2006-05-26,335,12050,1300,1200,1300,11000
2006-05-29,346,12450,1245,1200,1205,2000
2006-05-30,330,11850,1200,1185,1200,10000
2006-06-01,331,11900,1210,1160,1185,4000
2006-06-02,331,11900,1230,1180,1190,1000
2006-06-05,300,10800,1190,1080,1100,15000
2006-06-07,303,10900,1105,1020,1080,52000
2006-06-08,286,10300,1065,1010,1010,2000
2006-06-09,302,10850,1135,1020,1020,2000
2006-06-12,324,11650,1200,1045,1090,5000
2006-06-13,334,12000,1200,1055,1065,5000
2006-06-14,330,11850,1185,1150,1150,570
2006-06-15,296,10650,1145,1065,1100,14000
2006-06-16,292,10500,1090,1035,1075,3000
2006-06-19,293,10550,1055,1030,1040,3000
2006-06-20,289,10400,1100,1035,1100,3000
2006-06-21,303,10900,1090,1020,1030,4000
2006-06-22,302,10850,1200,1085,1200,1000
2006-06-23,297,10700,1135,1070,1135,20
2006-06-26,311,11200,1120,1050,1070,3000
2006-06-27,321,11550,1155,1060,1060,1000
2006-06-28,316,11350,1135,1050,1050,5000
2006-06-29,300,10800,1115,1065,1065,2000
2006-06-30,306,11000,1115,1080,1080,1000
2006-07-03,297,10700,1070,1070,1070,3000
2006-07-04,320,11500,1150,1065,1065,2000
2006-07-05,300,10800,1080,1075,1075,510
2006-07-06,304,10950,1095,1055,1065,13000
2006-07-07,304,10950,1095,1070,1080,5000
2006-07-10,306,11000,1100,1025,1025,1000
2006-07-11,306,11000,1140,1100,1140,0
2006-07-12,292,10500,1095,1050,1095,0
2006-07-13,320,11500,1220,1025,1025,29000
2006-07-14,297,10700,1080,1070,1075,4000
2006-07-18,297,10700,1070,1070,1070,2000
2006-07-19,297,10700,1175,1070,1070,41000
2006-07-20,311,11200,1120,1070,1070,6000
2006-07-21,327,11750,1175,1175,1175,4000
2006-07-24,303,10900,1165,1090,1165,4000
2006-07-25,323,11600,1180,1085,1180,68000
2006-07-26,303,10900,1125,1080,1125,1000
2006-07-27,292,10500,1080,1050,1080,4000
2006-07-28,303,10900,1095,1050,1050,17000
2006-07-31,299,10750,1075,1050,1070,3000
2006-08-01,292,10500,1070,1050,1070,0
2006-08-02,292,10500,1070,1000,1070,17000
2006-08-03,291,10450,1080,1025,1030,3000
2006-08-04,291,10450,1050,995,1000,21000
2006-08-07,297,10700,1100,1050,1050,11000
2006-08-08,318,11450,1150,1090,1095,25000
2006-08-09,330,11850,1190,1130,1145,16000
2006-08-10,320,11500,1265,1130,1170,11000
2006-08-11,331,11900,1200,1075,1075,22000
2006-08-14,346,12450,1255,1150,1150,31000
2006-08-16,320,11500,1160,1150,1155,290
2006-08-17,325,11700,1170,1120,1130,19000
2006-08-18,325,11700,1170,1170,1170,7000
2006-08-21,331,11900,1190,1155,1180,3000
2006-08-22,331,11900,1190,1190,1190,1000
2006-08-23,331,11900,1190,1130,1155,27000
2006-08-24,318,11450,1155,1135,1135,17000
2006-08-25,336,12100,1310,1145,1145,1000
2006-08-28,334,12000,1200,1155,1160,420
2006-08-29,335,12050,1210,1180,1210,7000
2006-08-30,336,12100,1210,1180,1205,19000
2006-08-31,338,12150,1230,1210,1220,25000
2006-09-01,336,12100,1220,1210,1220,4000
2006-09-04,346,12450,1250,1235,1235,2000
2006-09-05,349,12550,1255,1225,1230,4000
2006-09-06,349,12550,1295,1255,1270,25000
2006-09-07,356,12800,1305,1210,1210,72000
2006-09-08,362,13000,1300,1255,1255,5000
2006-09-11,360,12950,1345,1255,1255,440
2006-09-12,356,12800,1315,1280,1315,0
2006-09-13,384,13800,1380,1260,1260,30
2006-09-14,362,13000,1300,1275,1275,7000
2006-09-15,355,12750,1325,1275,1300,3000
2006-09-18,357,12850,1290,1275,1280,21000
2006-09-19,357,12850,1285,1270,1280,8000
2006-09-20,349,12550,1285,1185,1185,15000
2006-09-21,349,12550,1255,1220,1220,20
2006-09-22,349,12550,1255,1220,1220,15000
2006-09-25,350,12600,1295,1260,1290,9000
2006-09-26,357,12850,1320,1285,1320,5000
2006-09-27,359,12900,1290,1285,1285,520
2006-09-28,373,13400,1460,1290,1290,82000
2006-09-29,366,13150,1440,1305,1325,54000
2006-10-02,375,13500,1350,1295,1315,1000
2006-10-04,375,13500,1350,1225,1345,1000
2006-10-09,341,12250,1350,1205,1225,118000
2006-10-10,342,12300,1255,1210,1255,7000
2006-10-11,349,12550,1290,1210,1250,5000
2006-10-12,339,12200,1240,1190,1190,2000
2006-10-13,367,13200,1400,1220,1255,95000
2006-10-16,356,12800,1350,1280,1350,15000
2006-10-17,357,12850,1385,1265,1385,2000
2006-10-18,350,12600,1270,1230,1230,3000
2006-10-19,355,12750,1275,1270,1275,870
2006-10-20,363,13050,1305,1235,1235,30
2006-10-23,363,13050,1305,1305,1305,20
2006-10-24,353,12700,1370,1270,1290,37000
2006-10-25,384,13800,1380,1275,1275,35000
2006-10-26,375,13500,1420,1350,1420,10000
2006-10-27,378,13600,1460,1335,1460,1000
2006-10-30,388,13950,1530,1310,1315,11000
2006-10-31,402,14450,1445,1445,1445,10
2006-11-01,412,14800,1485,1350,1485,320
2006-11-02,406,14600,1480,1375,1480,9000
2006-11-03,399,14350,1500,1400,1460,580
2006-11-06,398,14300,1430,1430,1430,210
2006-11-07,398,14300,1450,1410,1420,12000
2006-11-08,401,14400,1500,1430,1430,14000
2006-11-09,399,14350,1500,1315,1315,25000
2006-11-10,408,14650,1500,1435,1440,11000
2006-11-13,414,14900,1530,1300,1300,37000
2006-11-14,423,15200,1690,1490,1490,14000
2006-11-15,449,16150,1730,1475,1500,41000
2006-11-16,487,17500,1855,1600,1645,80000
2006-11-17,495,17800,1885,1700,1770,29000
2006-11-20,473,17000,1800,1700,1715,40000
2006-11-21,435,15650,1740,1565,1670,29000
2006-11-22,476,17100,1795,1555,1555,39000
2006-11-23,485,17450,1780,1640,1690,30000
2006-11-24,480,17250,1795,1725,1725,5000
2006-11-27,483,17350,1770,1650,1650,20000
2006-11-28,462,16600,1710,1660,1680,26000
2006-11-29,463,16650,1740,1640,1660,22000
2006-11-30,473,17000,1740,1700,1700,20000
2006-12-01,479,17200,1720,1680,1680,4000
2006-12-04,484,17400,1750,1680,1700,21000
2006-12-05,449,16150,1740,1615,1740,21000
2006-12-06,462,16600,1720,1600,1615,21000
2006-12-07,462,16600,1735,1660,1735,3000
2006-12-08,473,17000,1730,1685,1730,10000
2006-12-11,469,16850,1705,1680,1700,13000
2006-12-12,473,17000,1700,1680,1685,20000
2006-12-13,452,16250,1710,1625,1710,25000
2006-12-14,452,16250,1650,1560,1650,12000
2006-12-15,448,16100,1610,1600,1605,9000
2006-12-18,462,16600,1660,1610,1610,80
2006-12-19,440,15800,1670,1570,1670,1000
2006-12-20,438,15750,1600,1575,1575,1000
2006-12-21,445,16000,1675,1600,1600,1000
2006-12-22,417,15000,1505,1455,1455,2000
2006-12-26,430,15450,1545,1465,1465,190
2006-12-27,494,15450,1545,1545,1545,100
2006-12-28,495,15500,1570,1540,1540,6000
2007-01-02,510,15950,1595,1595,1595,10
2007-01-03,526,16450,1645,1645,1645,10
2007-01-04,457,14300,1595,1430,1595,30
2007-01-05,463,14500,1520,1380,1385,16000
2007-01-08,463,14500,1450,1450,1450,1000
2007-01-09,463,14500,1495,1450,1495,20
2007-01-10,463,14500,1490,1450,1490,0
2007-01-11,479,15000,1640,1245,1245,40
2007-01-12,499,15600,1560,1430,1500,2000
2007-01-15,463,14500,1580,1450,1530,540
2007-01-16,463,14500,1450,1450,1450,3000
2007-01-17,447,14000,1530,1390,1390,3000
2007-01-18,430,13450,1450,1345,1450,0
2007-01-19,422,13200,1375,1320,1340,240
2007-01-22,411,12850,1450,1285,1450,3000
2007-01-23,403,12600,1340,1200,1240,6000
2007-01-24,462,14450,1445,1285,1420,43000
2007-01-25,443,13850,1430,1320,1350,6000
2007-01-26,425,13300,1440,1330,1440,4000
2007-01-29,427,13350,1400,1330,1400,9000
2007-01-30,431,13500,1460,1330,1460,5000
2007-01-31,435,13600,1440,1350,1350,200
2007-02-01,479,15000,1550,1350,1350,4000
2007-02-02,479,15000,1500,1450,1500,340
2007-02-05,476,14900,1490,1420,1425,6000
2007-02-06,467,14600,1540,1455,1540,80
2007-02-07,478,14950,1495,1390,1390,350
2007-02-08,492,15400,1575,1450,1495,530
2007-02-09,486,15200,1590,1480,1480,11000
2007-02-12,463,14500,1495,1410,1465,39000
2007-02-13,460,14400,1455,1430,1430,19000
2007-02-14,460,14400,1440,1440,1440,2000
2007-02-15,463,14500,1560,1425,1560,180
2007-02-16,471,14750,1600,1420,1600,5000
2007-02-20,476,14900,1695,1440,1480,4000
2007-02-21,492,15400,1550,1470,1475,17000
2007-02-22,475,14850,1650,1455,1490,13000
2007-02-23,495,15500,1550,1480,1480,10000
2007-02-26,479,15000,1530,1500,1500,22000
2007-02-27,470,14700,1535,1470,1535,0
2007-02-28,470,14700,1480,1425,1450,27000
2007-03-05,543,17000,1700,1450,1450,80000
2007-03-06,577,18050,1955,1600,1740,203000
2007-03-07,663,20750,2075,1705,1895,206000
2007-03-08,684,21400,2385,2010,2280,399000
2007-03-09,607,19000,2150,1840,2135,122000
2007-03-12,572,17900,1895,1750,1870,197000
2007-03-13,611,19100,2055,1820,1830,422000
2007-03-14,561,17550,1850,1735,1810,137000
2007-03-15,563,17600,1820,1745,1820,84000
2007-03-16,571,17850,1805,1735,1780,55000
2007-03-19,574,17950,1860,1745,1755,79000
2007-03-20,580,18150,1880,1780,1875,29000
2007-03-21,574,17950,1860,1760,1860,57000
2007-03-22,611,19100,2000,1760,1800,142000
2007-03-23,577,18050,1940,1805,1940,26000
2007-03-26,575,18000,1830,1775,1805,31000
2007-03-27,569,17800,1850,1735,1775,45000
2007-03-28,547,17100,1845,1700,1780,101000
2007-03-29,540,16900,1730,1630,1700,64000
2007-03-30,547,17100,1735,1650,1690,52000
2007-04-02,582,18200,1965,1710,1710,402000
2007-04-03,561,17550,1845,1750,1820,42000
2007-04-04,563,17600,1880,1750,1770,60000
2007-04-05,571,17850,1830,1745,1745,32000
2007-04-06,585,18300,1860,1790,1830,17000
2007-04-09,587,18350,1855,1780,1830,45000
2007-04-10,590,18450,1845,1800,1830,43000
2007-04-11,591,18500,1935,1815,1815,25000
2007-04-12,591,18500,1870,1825,1830,22000
2007-04-13,599,18750,1900,1830,1830,41000
2007-04-16,601,18800,1890,1815,1890,44000
2007-04-17,590,18450,1900,1825,1900,39000
2007-04-18,588,18400,1870,1820,1820,15000
2007-04-19,585,18300,1875,1810,1875,13000
2007-04-20,606,18950,1950,1850,1850,92000
2007-04-23,627,19600,2030,1915,1940,54000
2007-04-24,719,22500,2250,2080,2090,76000
2007-04-25,691,21600,2585,2100,2585,1206000
2007-04-26,607,19000,2280,1900,2250,118000
2007-04-27,631,19750,2020,1920,1930,95000
2007-04-30,620,19400,1980,1920,1930,32000
2007-05-02,617,19300,2020,1850,2020,84000
2007-05-03,625,19550,1980,1940,1940,30000
2007-05-04,655,20500,2115,1960,2100,37000
2007-05-07,671,21000,2160,1960,2160,22000
2007-05-08,660,20650,2130,2050,2100,19000
2007-05-09,686,21450,2180,2070,2100,43000
2007-05-10,660,20650,2290,2030,2290,37000
2007-05-11,651,20350,2135,1990,2030,27000
2007-05-14,646,20200,2155,2020,2060,22000
2007-05-15,651,20350,2100,1990,2050,24000
2007-05-16,639,20000,2050,1920,2050,37000
2007-05-17,639,20000,2020,1975,1975,7000
2007-05-18,641,20050,2040,1970,2040,5000
2007-05-21,630,19700,2010,1960,1960,14000
2007-05-22,646,20200,2025,1960,1985,13000
2007-05-23,651,20350,2045,2000,2040,9000
2007-05-25,651,20350,2065,2020,2065,12000
2007-05-28,639,20000,2070,1975,2000,42000
2007-05-29,636,19900,2030,1980,2030,19000
2007-05-30,644,20150,2015,1980,2000,21000
2007-05-31,670,20950,2095,1960,2025,24000
2007-06-01,687,21500,2230,2030,2095,27000
2007-06-04,684,21400,2250,2095,2250,4000
2007-06-05,684,21400,2195,2130,2170,23000
2007-06-07,684,21400,2170,2120,2155,6000
2007-06-08,702,21950,2200,2100,2140,13000
2007-06-11,702,21950,2230,2150,2230,24000
2007-06-12,695,21750,2230,2150,2230,12000
2007-06-13,700,21900,2190,2110,2185,4000
2007-06-14,711,22250,2260,2085,2190,13000
2007-06-15,708,22150,2340,2190,2225,17000
2007-06-18,718,22450,2350,2180,2350,21000
2007-06-19,761,23800,2410,2200,2235,68000
2007-06-20,828,25900,2735,2370,2680,117000
2007-06-21,847,26500,2765,2500,2500,48000
2007-06-22,927,29000,3045,2600,2745,176000
2007-06-25,972,30400,3180,2900,2950,113000
2007-06-26,863,27000,3280,2685,3280,103000
2007-06-27,852,26650,2840,2510,2840,12000
2007-06-28,831,26000,2700,2450,2510,24000
2007-06-29,831,26000,2840,2500,2840,36000
2007-07-02,847,26500,2675,2570,2675,16000
2007-07-03,849,26550,2695,2580,2630,9000
2007-07-04,902,28200,3050,2650,2650,75000
2007-07-05,927,29000,2950,2790,2845,42000
2007-07-06,959,30000,3100,2900,2995,50000
2007-07-09,953,29800,3050,2935,3045,20000
2007-07-10,959,30000,3100,2950,2950,15000
2007-07-11,985,30800,3190,2980,2980,66000
2007-07-12,1033,32300,3390,3080,3200,40000
2007-07-13,1039,32500,3485,3250,3485,110000
2007-07-16,1087,34000,3400,3240,3340,62000
2007-07-18,1084,33900,3490,3370,3490,61000
2007-07-19,1014,31700,3460,3000,3390,185000
2007-07-20,1028,32150,3330,3050,3080,42000
2007-07-23,1023,32000,3250,3070,3240,85000
2007-07-24,1177,36800,3680,3300,3300,224000
2007-07-25,1353,42300,4230,3770,4150,305000
2007-07-26,1375,43000,4690,4085,4230,55000
2007-07-27,1278,39950,4280,3780,4200,76000
2007-07-30,1215,38000,4400,3800,3900,58000
2007-07-31,1258,39350,4270,3750,3750,28000
2007-08-01,1247,39000,4175,3800,4175,11000
2007-08-02,1220,38150,3980,3760,3815,17000
2007-08-03,1250,39100,3980,3700,3915,10000
2007-08-06,1258,39350,3935,3785,3935,11000
2007-08-07,1257,39300,3980,3885,3935,9000
2007-08-08,1223,38250,3950,3660,3890,23000
2007-08-09,1183,37000,3850,3700,3780,17000
2007-08-10,1154,36100,3800,3560,3680,12000
2007-08-14,1007,31500,3395,3090,3315,76000
2007-08-16,975,30500,3200,3000,3040,116000
2007-08-17,943,29500,3300,2900,2900,47000
2007-08-20,1084,33900,3390,2960,2960,64000
2007-08-21,1009,31550,3420,3050,3415,8000
2007-08-22,1030,32200,3375,2850,3065,110000
2007-08-23,1014,31700,3440,3150,3150,72000
2007-08-24,1058,33100,3365,3100,3140,85000
2007-08-27,1110,34700,3625,3300,3300,20000
2007-08-28,1087,34000,3580,3400,3545,13000
2007-08-29,1150,35950,3600,3200,3400,35000
2007-08-30,1113,34800,3700,3415,3700,12000
2007-08-31,1079,33750,3505,3375,3505,18000
2007-09-03,1110,34700,3470,3280,3470,3000
2007-09-04,1087,34000,3505,3365,3505,11000
2007-09-05,1090,34100,3505,3405,3500,8000
2007-09-06,1119,35000,3500,3375,3440,6000
2007-09-07,1065,33300,3500,3330,3465,4000
2007-09-10,1070,33450,3345,3200,3200,10000
2007-09-11,1119,35000,3845,3305,3305,5000
2007-09-12,1084,33900,3535,3325,3535,2000
2007-09-13,1110,34700,3670,3300,3300,5000
2007-09-14,1124,35150,3515,3320,3320,11000
2007-09-17,1090,34100,3535,3390,3535,720
2007-09-18,1087,34000,3440,3315,3440,6000
2007-09-19,1090,34100,3460,3350,3400,21000
2007-09-20,1113,34800,3480,3420,3420,250
2007-09-21,1065,33300,3510,3310,3490,15000
2007-09-27,1017,31800,3390,3010,3315,24000
2007-09-28,1046,32700,3300,3150,3150,14000
2007-10-01,1020,31900,3320,3190,3320,7000
2007-10-02,1023,32000,3290,3190,3230,30000
2007-10-04,1049,32800,3280,3180,3275,39000
2007-10-05,1049,32800,3580,3260,3350,28000
2007-10-08,1119,35000,3510,3255,3285,53000
2007-10-09,1177,36800,3695,3500,3550,63000
2007-10-10,1167,36500,3725,3505,3505,15000
2007-10-11,1183,37000,3705,3545,3685,11000
2007-10-12,1185,37050,3795,3355,3700,41000
2007-10-15,1132,35400,3705,3325,3670,10000
2007-10-16,1148,35900,3650,3505,3505,7000
2007-10-17,1143,35750,3575,3415,3550,4000
2007-10-18,1094,34200,3590,3305,3560,18000
2007-10-19,1103,34500,3465,3205,3465,22000
2007-10-22,1081,33800,3390,3205,3390,3000
2007-10-23,1135,35500,3610,3350,3610,8000
2007-10-24,1084,33900,3515,3370,3440,3000
2007-10-25,1084,33900,3495,3355,3495,4000
2007-10-26,1070,33450,3580,3200,3305,148000
2007-10-29,1062,33200,3360,3320,3360,16000
2007-10-30,1058,33100,3475,3200,3290,90000
2007-10-31,1065,33300,3380,3200,3275,15000
2007-11-01,1007,31500,3500,3150,3360,129000
2007-11-02,1036,32400,3435,3005,3120,158000
2007-11-05,1057,33050,3645,3205,3210,152000
2007-11-06,1055,33000,3700,3280,3400,144000
2007-11-07,1039,32500,3495,3205,3450,141000
2007-11-08,991,31000,3335,3030,3190,3000
2007-11-09,985,30800,3385,2755,3055,146000
2007-11-12,895,28000,3085,2800,2950,46000
2007-11-13,940,29400,2950,2665,2750,32000
2007-11-14,943,29500,3150,2895,3090,4000
2007-11-15,970,30350,3135,2905,2975,780
2007-11-16,985,30800,3095,2890,3095,780
2007-11-19,961,30050,3080,2920,3080,510
2007-11-20,962,30100,3010,2825,2995,3000
2007-11-21,927,29000,3190,2885,3190,290
2007-11-22,914,28600,3065,2860,3065,710
2007-11-23,942,29450,3260,2560,2880,43000
2007-11-26,958,29950,3075,2835,2950,2000
2007-11-27,895,28000,3350,2760,3350,6000
2007-11-28,905,28300,3050,2735,2820,9000
2007-11-29,926,28950,2995,2865,2995,1000
2007-11-30,964,30150,3220,2715,3220,14000
2007-12-03,946,29600,3175,2940,3175,420
2007-12-04,950,29700,3180,2860,2980,620
2007-12-05,1007,31500,3160,2865,2865,3000
2007-12-06,993,31050,3155,2935,3155,230
2007-12-07,948,29650,3260,2900,3260,21000
2007-12-10,954,29850,2990,2875,2990,650
2007-12-11,980,30650,3100,2880,2880,170
2007-12-12,980,30650,3120,2755,2755,180
2007-12-13,988,30900,3090,3090,3090,80
2007-12-14,958,29950,3180,2845,3180,1000
2007-12-17,982,30700,3090,2615,2835,23000
2007-12-18,966,30200,3100,2855,3100,150
2007-12-20,927,29000,3030,2800,3000,18000
2007-12-21,937,29300,2990,2755,2990,820
2007-12-24,913,28550,2985,2830,2985,14000
2007-12-26,897,28050,2990,2765,2990,400
2007-12-27,1062,29650,3155,2750,3155,150
2007-12-28,1074,30000,3045,2795,3045,26540
2008-01-02,1067,29800,3000,2910,3000,430
2008-01-03,1029,28750,3085,2645,3085,1150
2008-01-04,1062,29650,2965,2965,2965,10
2008-01-07,1003,28000,2960,2800,2960,4760
2008-01-08,1026,28650,2865,2715,2830,2570
2008-01-09,1015,28350,2980,2605,2980,470
2008-01-10,1046,29200,2945,2720,2720,100
2008-01-11,1020,28500,3060,2720,3060,11510
2008-01-14,1038,29000,2910,2780,2780,2260
2008-01-15,1003,28000,2900,2605,2805,11650
2008-01-16,997,27850,2965,2540,2540,380
2008-01-17,1012,28250,2900,2575,2805,10160
2008-01-18,983,27450,2895,2535,2825,1800
2008-01-21,999,27900,2800,2650,2650,10430
2008-01-22,995,27800,2800,2405,2625,1600
2008-01-23,995,27800,2800,2605,2605,3820
2008-01-24,986,27550,2800,2455,2800,9640
2008-01-25,979,27350,2790,2635,2790,1950
2008-01-28,961,26850,2780,2545,2780,1410
2008-01-29,945,26400,2870,2515,2580,2020
2008-01-30,895,25000,2815,2500,2670,12210
2008-01-31,859,24000,2500,2400,2415,4780
2008-02-01,861,24050,2570,2320,2320,720
2008-02-04,911,25450,2630,2400,2500,19510
2008-02-05,979,27350,2745,2500,2500,25880
2008-02-11,920,25700,2985,2480,2660,20840
2008-02-12,960,26800,2700,2505,2505,22460
2008-02-13,904,25250,2680,2525,2675,290
2008-02-14,917,25600,2675,2540,2540,170
2008-02-15,958,26750,2675,2325,2590,23880
2008-02-18,1008,28150,2940,2550,2675,190
2008-02-19,1013,28300,2850,2650,2650,1110
2008-02-20,999,27900,2930,2440,2905,8210
2008-02-21,949,26500,2830,2650,2660,10500
2008-02-22,981,27400,2760,2500,2500,520
2008-02-25,958,26750,2750,2655,2720,460
2008-02-26,956,26700,2790,2670,2790,110
2008-02-27,956,26700,2770,2650,2650,5190
2008-02-28,990,27650,2780,2670,2670,670
2008-02-29,1001,27950,2815,2600,2600,1510
2008-03-03,1049,29300,2930,2930,2930,10
2008-03-04,917,25600,2945,2560,2830,4300
2008-03-05,943,26350,2740,2485,2490,1060
2008-03-06,911,25450,2660,2545,2635,800
2008-03-07,917,25600,2660,2420,2545,160
2008-03-10,863,24100,2500,2390,2500,1620
2008-03-11,859,24000,2400,2250,2320,3210
2008-03-12,895,25000,2600,2420,2420,390
2008-03-13,961,26850,2700,2435,2540,970
2008-03-14,936,26150,2630,2615,2630,0
2008-03-17,850,23750,3000,2325,2615,18670
2008-03-18,795,22200,2640,2125,2445,129570
2008-03-19,795,22200,2395,2220,2395,1730
2008-03-20,777,21700,2245,2120,2120,340
2008-03-21,795,22200,2270,2080,2170,840
2008-03-24,761,21250,2205,2100,2100,4090
2008-03-25,813,22700,2270,2195,2200,210
2008-03-26,814,22750,2275,2270,2270,20
2008-03-27,779,21750,2265,2120,2140,3880
2008-03-28,759,21200,2440,2035,2170,16060
2008-03-31,831,23200,2345,2055,2130,4460
2008-04-01,852,23800,2470,2195,2195,35630
2008-04-02,829,23150,2360,2155,2240,470
2008-04-03,829,23150,2315,2180,2310,4990
2008-04-04,816,22800,2500,2260,2500,14600
2008-04-07,793,22150,2355,2190,2355,650
2008-04-08,797,22250,2230,2115,2230,330
2008-04-10,766,21400,2225,2100,2100,130
2008-04-11,780,21800,2225,2140,2140,350
2008-04-14,764,21350,2200,2105,2190,1390
2008-04-15,791,22100,2380,2030,2265,40440
2008-04-16,798,22300,2480,2145,2410,78710
2008-04-17,804,22450,2420,2110,2260,47060
2008-04-18,795,22200,2295,2165,2250,1390
2008-04-21,777,21700,2250,2170,2220,690
2008-04-22,763,21300,2270,2130,2175,3820
2008-04-23,795,22200,2220,2090,2130,2270
2008-04-24,770,21500,2330,2150,2235,2330
2008-04-25,800,22350,2290,2085,2150,930
2008-04-28,802,22400,2240,2160,2160,1310
2008-04-29,807,22550,2265,2155,2265,180
2008-04-30,797,22250,2265,2120,2255,2610
2008-05-02,813,22700,2310,2125,2310,10510
2008-05-06,854,23850,2450,2290,2290,250
2008-05-07,852,23800,2580,2225,2340,1870
2008-05-08,838,23400,2365,2125,2180,1680
2008-05-09,825,23050,2345,2220,2315,720
2008-05-13,802,22400,2275,2185,2185,210
2008-05-14,780,21800,2255,2180,2255,70
2008-05-15,759,21200,2460,2090,2175,170510
2008-05-16,789,22050,2345,2125,2125,59160
2008-05-19,779,21750,2310,2140,2220,46050
2008-05-20,771,21550,2280,2155,2190,420
2008-05-21,773,21600,2470,2135,2170,85980
2008-05-22,768,21450,2390,2135,2210,105520
2008-05-23,770,21500,2320,2150,2210,39560
2008-05-26,754,21050,2185,2105,2150,3410
2008-05-27,773,21600,2190,2085,2120,14450
2008-05-28,755,21100,2260,2110,2150,4910
2008-05-29,777,21700,2215,2115,2120,1840
2008-05-30,788,22000,2210,2115,2180,1000
2008-06-02,798,22300,2245,2190,2245,70
2008-06-03,770,21500,2230,2145,2230,5290
2008-06-04,761,21250,2200,2100,2150,7110
2008-06-05,768,21450,2170,2095,2170,730
2008-06-09,723,20200,2135,2005,2065,9720
2008-06-10,721,20150,2080,1970,2045,22990
2008-06-11,743,20750,2075,2035,2050,240
2008-06-12,721,20150,2090,1985,2090,52120
2008-06-13,734,20500,2090,1955,2090,1540
2008-06-16,720,20100,2265,2010,2090,20940
2008-06-17,739,20650,2090,2065,2080,260
2008-06-18,720,20100,2075,1965,2005,19650
2008-06-19,723,20200,2150,1925,2145,5830
2008-06-20,721,20150,2130,1925,2130,630
2008-06-23,734,20500,2230,1900,2145,12660
2008-06-24,718,20050,2145,1930,2050,2940
2008-06-25,718,20050,2085,2005,2085,50
2008-06-26,746,20850,2150,1995,2150,150
2008-06-27,666,18600,2200,1860,2200,3030
2008-06-30,698,19500,2100,1895,1965,35320
2008-07-01,684,19100,2145,1855,1950,53440
2008-07-02,643,17950,2035,1720,2035,23120
2008-07-03,666,18600,1910,1665,1665,24370
2008-07-04,655,18300,1900,1615,1685,35870
2008-07-07,644,18000,1905,1700,1700,18710
2008-07-08,673,18800,1885,1775,1885,330
2008-07-09,644,18000,2105,1800,1840,13340
2008-07-10,677,18900,1930,1735,1840,38660
2008-07-11,684,19100,1910,1770,1900,14930
2008-07-14,680,19000,1915,1810,1810,4690
2008-07-15,644,18000,1910,1800,1910,15460
2008-07-16,594,16600,1810,1620,1780,3190
2008-07-17,635,17750,1880,1705,1705,3440
2008-07-18,630,17600,1945,1760,1895,19020
2008-07-21,659,18400,1890,1650,1650,6400
2008-07-22,608,17000,1840,1700,1755,580
2008-07-23,628,17550,1865,1705,1790,17150
2008-07-24,664,18550,1890,1635,1635,8420
2008-07-25,650,18150,1865,1780,1865,4220
2008-07-28,648,18100,1950,1800,1950,14130
2008-07-29,632,17650,1810,1765,1810,630
2008-07-30,635,17750,2000,1520,1520,13000
2008-07-31,659,18400,1880,1790,1880,80
2008-08-01,664,18550,1900,1690,1785,6000
2008-08-04,644,18000,1945,1745,1755,48000
2008-08-05,637,17800,2000,1750,1800,22000
2008-08-06,644,18000,1820,1800,1800,4000
2008-08-07,641,17900,1820,1790,1790,11000
2008-08-08,632,17650,1855,1765,1800,5000
2008-08-11,725,20250,2025,1800,1800,134000
2008-08-12,644,18000,2090,1785,2060,129000
2008-08-13,626,17500,1800,1750,1790,22000
2008-08-14,648,18100,1810,1750,1750,2000
2008-08-18,637,17800,1785,1780,1780,6000
2008-08-19,634,17700,1775,1700,1750,720
2008-08-20,628,17550,1760,1660,1660,480
2008-08-21,628,17550,1755,1720,1755,45020
2008-08-22,617,17250,1725,1640,1690,25060
2008-08-25,612,17100,1750,1690,1690,1300
2008-08-26,600,16750,1705,1650,1650,35410
2008-08-27,596,16650,1710,1655,1670,18430
2008-08-28,598,16700,1725,1650,1650,1790
2008-08-29,610,17050,1720,1680,1720,80
2008-09-01,580,16200,1700,1610,1610,11430
2008-09-02,580,16200,1670,1560,1620,10460
2008-09-03,573,16000,1675,1595,1600,31500
2008-09-04,587,16400,1660,1600,1660,790
2008-09-05,558,15600,1630,1510,1585,6900
2008-09-08,641,17900,1790,1600,1600,162050
2008-09-09,736,20550,2055,1800,1800,1064500
2008-09-10,626,17500,2280,1750,1915,2423670
2008-09-11,576,16100,1755,1545,1750,190890
2008-09-12,583,16300,1680,1570,1580,97040
2008-09-16,497,13900,1580,1390,1435,122710
2008-09-17,510,14250,1450,1395,1400,98960
2008-09-18,501,14000,1410,1325,1370,45900
2008-09-19,512,14300,1430,1400,1400,26980
2008-09-22,515,14400,1450,1415,1430,11210
2008-09-23,505,14100,1420,1380,1420,16220
2008-09-24,515,14400,1450,1410,1410,5170
2008-09-25,528,14750,1530,1415,1440,16360
2008-09-26,528,14750,1540,1430,1475,32150
2008-09-29,526,14700,1480,1420,1440,16680
2008-09-30,528,14750,1520,1310,1310,28240
2008-10-01,544,15200,1550,1470,1470,1490
2008-10-02,515,14400,1550,1400,1480,6890
2008-10-06,474,13250,1450,1260,1450,15610
2008-10-07,476,13300,1330,1230,1285,3810
2008-10-08,406,11350,1320,1135,1320,28550
2008-10-09,399,11150,1210,1060,1145,11100
2008-10-10,343,9600,1080,950,1070,35070
2008-10-13,358,10000,1000,960,990,9260
2008-10-14,401,11200,1125,1030,1030,1940
2008-10-15,408,11400,1150,1050,1120,13440
2008-10-16,365,10200,1055,970,1050,22520
2008-10-17,351,9800,1045,980,1045,16050
2008-10-20,342,9550,1000,950,1000,23560
2008-10-21,349,9770,996,950,961,18920
2008-10-22,347,9690,985,904,984,3310
2008-10-23,295,8240,990,824,956,58250
2008-10-24,267,7480,824,701,809,16540
2008-10-27,266,7440,770,651,695,6640
2008-10-28,265,7420,780,636,777,8900
2008-10-29,277,7740,790,720,790,21940
2008-10-30,308,8600,860,774,799,30990
2008-10-31,307,8570,857,731,804,30520
2008-11-03,352,9840,985,850,887,45060
2008-11-04,358,10000,1000,984,984,4770
2008-11-05,348,9730,1050,905,1050,11100
2008-11-06,333,9300,938,875,886,21440
2008-11-07,368,10300,1040,827,827,3920
2008-11-10,358,10000,1025,930,975,17410
2008-11-11,352,9830,1030,974,974,860
2008-11-12,354,9900,990,930,990,360
2008-11-13,347,9690,983,900,900,300
2008-11-14,354,9890,1025,917,1025,30
2008-11-17,351,9820,982,982,982,10
2008-11-18,346,9670,1025,890,1025,1050
2008-11-19,338,9450,946,831,946,7300
2008-11-20,307,8590,940,850,907,27820
2008-11-21,300,8380,940,820,820,10820
2008-11-24,304,8490,885,790,791,2510
2008-11-25,302,8450,849,800,849,260
2008-11-26,293,8180,818,801,811,5590
2008-11-27,322,9000,900,820,828,4630
2008-11-28,340,9500,950,900,900,120
2008-12-01,301,8410,993,808,920,14990
2008-12-02,300,8390,841,803,841,2190
2008-12-03,314,8780,880,828,880,1730
2008-12-04,287,8020,880,802,880,3000
2008-12-05,300,8390,839,825,834,590
2008-12-08,339,9470,947,818,839,10450
2008-12-09,354,9900,1055,865,900,5190
2008-12-10,318,8900,1085,890,1085,5230
2008-12-11,329,9200,990,920,990,13450
2008-12-12,322,9000,950,900,950,2280
2008-12-15,340,9500,990,905,905,10580
2008-12-16,340,9500,999,950,999,130
2008-12-17,340,9500,999,881,998,3980
2008-12-18,356,9960,998,940,998,40
2008-12-19,357,9990,999,942,999,10040
2008-12-22,381,10650,1065,971,1050,11110
2008-12-23,437,12200,1220,994,1130,36690
2008-12-24,501,14000,1400,1280,1380,69690
2008-12-26,576,16100,1610,1510,1515,88700
2008-12-29,672,16450,1850,1480,1615,113710
2008-12-30,572,14000,1640,1400,1640,69630
2009-01-02,578,14150,1520,1190,1395,77170
2009-01-05,572,14000,1480,1330,1415,48660
2009-01-06,615,15050,1550,1400,1400,58660
2009-01-07,664,16250,1660,1510,1510,38360
2009-01-08,715,17500,1750,1560,1650,20420
2009-01-09,736,18000,1850,1650,1850,37460
2009-01-12,689,16850,1885,1600,1840,34980
2009-01-13,646,15800,1740,1580,1655,28190
2009-01-14,668,16350,1655,1525,1650,43970
2009-01-15,660,16150,1650,1570,1640,30460
2009-01-16,662,16200,1680,1590,1680,20730
2009-01-19,660,16150,1630,1600,1600,9950
2009-01-20,732,17900,1790,1585,1585,6630
2009-01-21,674,16500,1790,1610,1790,8210
2009-01-22,662,16200,1680,1620,1655,3730
2009-01-23,662,16200,1690,1620,1690,5050
2009-01-28,670,16400,1650,1640,1640,1200
2009-01-29,654,16000,1670,1600,1600,3290
2009-01-30,662,16200,1650,1595,1595,4480
2009-02-02,654,16000,1640,1590,1590,8730
2009-02-03,701,17150,1715,1595,1600,2380
2009-02-04,687,16800,1840,1610,1840,1750
2009-02-05,689,16850,1725,1610,1680,680
2009-02-06,687,16800,1695,1620,1695,2180
2009-02-09,670,16400,1755,1640,1755,1610
2009-02-10,666,16300,1740,1630,1740,70
2009-02-11,681,16650,1750,1630,1750,1400
2009-02-12,666,16300,1675,1630,1675,8540
2009-02-13,683,16700,1675,1630,1675,1020
2009-02-16,697,17050,1725,1595,1620,3910
2009-02-17,691,16900,1710,1635,1710,1730
2009-02-18,666,16300,1780,1600,1780,5490
2009-02-19,666,16300,1680,1630,1645,9200
2009-02-20,666,16300,1665,1630,1630,5020
2009-02-23,693,16950,1815,1600,1600,1730
2009-02-24,693,16950,1870,1590,1870,1470
2009-02-25,679,16600,1795,1550,1795,1820
2009-02-26,650,15900,1645,1590,1645,120
2009-02-27,674,16500,1700,1580,1700,1760
2009-03-02,654,16000,1780,1600,1780,620
2009-03-03,625,15300,1720,1525,1720,5370
2009-03-04,627,15350,1680,1530,1650,4340
2009-03-05,642,15700,1570,1510,1510,220
2009-03-06,644,15750,1575,1530,1545,50
2009-03-09,652,15950,1760,1505,1505,580
2009-03-10,654,16000,1725,1550,1550,110
2009-03-11,674,16500,1650,1600,1600,3670
2009-03-12,744,18200,1820,1600,1650,1200
2009-03-13,646,15800,1715,1580,1695,6980
2009-03-16,646,15800,1700,1570,1570,2590
2009-03-17,711,17400,1740,1530,1580,4940
2009-03-18,664,16250,1690,1625,1690,5270
2009-03-19,664,16250,1790,1535,1535,1090
2009-03-20,666,16300,1715,1590,1590,3870
2009-03-23,654,16000,1600,1490,1490,20
2009-03-24,679,16600,1660,1625,1625,1020
2009-03-25,652,15950,1790,1595,1670,40
2009-03-26,642,15700,1575,1550,1550,220
2009-03-27,613,15000,1655,1460,1655,5410
2009-03-30,646,15800,1580,1500,1540,5510
2009-03-31,623,15250,1560,1460,1515,10960
2009-04-01,640,15650,1565,1565,1565,1000
2009-04-02,629,15400,1570,1540,1565,1270
2009-04-03,613,15000,1540,1455,1470,3410
2009-04-06,644,15750,1590,1455,1570,6010
2009-04-07,674,16500,1750,1600,1750,2840
2009-04-08,613,15000,1635,1500,1630,840
2009-04-09,603,14750,1640,1410,1500,17730
2009-04-10,609,14900,1530,1450,1480,10780
2009-04-13,615,15050,1515,1470,1500,11620
2009-04-14,615,15050,1550,1505,1550,13710
2009-04-15,634,15500,1550,1525,1540,6320
2009-04-16,625,15300,1560,1530,1560,2170
2009-04-17,681,16650,1690,1520,1530,13520
2009-04-20,646,15800,1675,1560,1675,3170
2009-04-21,670,16400,1640,1640,1640,10
2009-04-22,654,16000,1680,1565,1640,7390
2009-04-23,634,15500,1580,1550,1580,2860
2009-04-24,654,16000,1600,1600,1600,10
2009-04-27,654,16000,1635,1600,1600,450
2009-04-28,656,16050,1630,1510,1530,13710
2009-04-29,640,15650,1840,1505,1840,18340
2009-04-30,650,15900,1610,1580,1610,180
2009-05-04,670,16400,1640,1640,1640,40
2009-05-06,607,14850,1755,1485,1755,3110
2009-05-07,623,15250,1600,1480,1600,3710
2009-05-08,625,15300,1580,1530,1565,2910
2009-05-11,638,15600,1575,1505,1540,270
2009-05-12,625,15300,1585,1525,1560,1390
2009-05-13,638,15600,1575,1510,1545,12870
2009-05-14,728,17800,1780,1550,1550,3430
2009-05-15,687,16800,1760,1620,1760,520
2009-05-18,685,16750,1675,1535,1535,180
2009-05-19,666,16300,1630,1590,1590,180
2009-05-20,644,15750,1600,1525,1595,1870
2009-05-21,652,15950,1595,1540,1575,6620
2009-05-22,660,16150,1615,1590,1595,3200
2009-05-25,662,16200,1620,1510,1620,4180
2009-05-26,634,15500,1595,1550,1590,1310
2009-05-27,642,15700,1630,1570,1630,440
2009-05-28,654,16000,1625,1600,1625,30
2009-05-29,644,15750,1600,1505,1600,1830
2009-06-01,646,15800,1580,1550,1575,300
2009-06-02,660,16150,1620,1600,1600,150
2009-06-03,666,16300,1630,1620,1620,480
2009-06-04,650,15900,1600,1550,1550,640
2009-06-05,654,16000,1600,1540,1540,890
2009-06-08,658,16100,1620,1600,1600,180
2009-06-09,654,16000,1600,1550,1595,2640
2009-06-10,642,15700,1630,1545,1600,250
2009-06-11,654,16000,1680,1580,1580,2070
2009-06-12,642,15700,1600,1550,1550,350
2009-06-15,652,15950,1595,1560,1585,300
2009-06-16,652,15950,1615,1485,1615,1010
2009-06-17,656,16050,1605,1605,1605,40
2009-06-18,658,16100,1610,1610,1610,20
2009-06-19,650,15900,1590,1525,1525,6230
2009-06-22,629,15400,1610,1530,1610,3240
2009-06-23,662,16200,1620,1510,1540,280
2009-06-24,650,15900,1590,1515,1580,8930
2009-06-25,631,15450,1695,1510,1615,5390
2009-06-26,629,15400,1600,1535,1545,2860
2009-06-29,648,15850,1610,1530,1610,4040
2009-06-30,634,15500,1670,1535,1535,3830
2009-07-01,648,15850,1610,1530,1610,3030
2009-07-02,644,15750,1645,1525,1600,3500
2009-07-03,638,15600,1565,1490,1545,2380
2009-07-06,617,15100,1545,1510,1545,5050
2009-07-07,636,15550,1590,1500,1500,500
2009-07-08,636,15550,1560,1555,1555,1010
2009-07-09,691,16900,1690,1565,1565,6280
2009-07-10,674,16500,1650,1650,1650,10
2009-07-13,650,15900,1850,1550,1850,1310
2009-07-14,648,15850,1585,1585,1585,20
2009-07-15,648,15850,1585,1550,1585,3020
2009-07-16,650,15900,1600,1550,1600,960
2009-07-17,636,15550,1560,1530,1560,3050
2009-07-20,640,15650,1580,1520,1580,3490
2009-07-21,640,15650,1565,1520,1565,1910
2009-07-22,617,15100,1550,1500,1525,13060
2009-07-23,642,15700,1615,1505,1510,410
2009-07-24,619,15150,1615,1500,1615,7040
2009-07-27,619,15150,1545,1515,1545,20
2009-07-28,603,14750,1520,1450,1515,30440
2009-07-29,597,14600,1475,1450,1475,6060
2009-07-30,584,14300,1475,1400,1475,26180
2009-07-31,572,14000,1475,1400,1450,23500
2009-08-03,576,14100,1435,1410,1435,40
2009-08-04,589,14400,1450,1410,1425,1340
2009-08-05,605,14800,1485,1415,1440,3280
2009-08-06,580,14200,1465,1410,1465,1750
2009-08-07,593,14500,1470,1410,1470,250
2009-08-10,589,14400,1440,1410,1410,1020
2009-08-11,576,14100,1435,1400,1435,2770
2009-08-12,584,14300,1445,1420,1440,570
2009-08-13,591,14450,1445,1410,1430,1320
2009-08-14,599,14650,1480,1445,1445,11080
2009-08-17,591,14450,1470,1420,1470,3050
2009-08-18,591,14450,1445,1445,1445,10
2009-08-19,572,14000,1420,1400,1405,2660
2009-08-20,593,14500,1450,1440,1450,410
2009-08-21,578,14150,1445,1405,1445,12430
2009-08-24,584,14300,1430,1405,1425,1820
2009-08-25,574,14050,1435,1390,1435,16320
2009-08-26,578,14150,1415,1390,1410,2520
2009-08-27,578,14150,1425,1415,1425,0
2009-08-28,574,14050,1475,1405,1475,110
2009-08-31,584,14300,1430,1430,1430,30
2009-09-01,580,14200,1430,1360,1360,3770
2009-09-02,578,14150,1425,1360,1410,5850
2009-09-03,578,14150,1420,1415,1420,280
2009-09-04,574,14050,1420,1345,1420,1250
2009-09-07,578,14150,1415,1415,1415,10
2009-09-08,582,14250,1425,1385,1420,1170
2009-09-09,568,13900,1450,1380,1425,2510
2009-09-10,591,14450,1470,1365,1390,640
2009-09-11,593,14500,1485,1405,1455,6970
2009-09-14,591,14450,1500,1440,1455,13210
2009-09-15,593,14500,1450,1440,1450,110
2009-09-16,593,14500,1495,1450,1450,7760
2009-09-17,607,14850,1485,1480,1485,420
2009-09-18,589,14400,1485,1390,1485,640
2009-09-21,676,16550,1655,1445,1445,108290
2009-09-22,648,15850,1900,1515,1590,301690
2009-09-23,744,18200,1820,1585,1625,279400
2009-09-24,648,15850,1865,1570,1840,242130
2009-09-25,595,14550,1640,1450,1585,55810
2009-09-28,595,14550,1540,1410,1540,24980
2009-09-29,617,15100,1510,1440,1440,5800
2009-09-30,613,15000,1505,1425,1450,12320
2009-10-01,617,15100,1600,1435,1505,41480
2009-10-05,621,15200,1525,1445,1510,3450
2009-10-06,597,14600,1520,1440,1460,29700
2009-10-07,617,15100,1570,1450,1520,28820
2009-10-08,599,14650,1575,1465,1510,12220
2009-10-09,687,16800,1680,1465,1465,176200
2009-10-12,658,16100,1715,1530,1615,195130
2009-10-13,613,15000,1615,1480,1610,68760
2009-10-14,638,15600,1580,1480,1490,38630
2009-10-15,621,15200,1565,1520,1560,16810
2009-10-16,625,15300,1570,1500,1520,13430
2009-10-19,603,14750,1530,1450,1530,15370
2009-10-20,595,14550,1490,1450,1455,12930
2009-10-21,578,14150,1450,1415,1450,30550
2009-10-22,580,14200,1480,1420,1480,1420
2009-10-23,576,14100,1430,1390,1430,20140
2009-10-26,580,14200,1420,1375,1375,1360
2009-10-27,576,14100,1410,1410,1410,2010
2009-10-28,576,14100,1415,1385,1410,13960
2009-10-29,582,14250,1425,1385,1385,5430
2009-10-30,586,14350,1435,1395,1425,5450
2009-11-02,584,14300,1455,1405,1430,2960
2009-11-03,584,14300,1430,1430,1430,900
2009-11-04,582,14250,1425,1395,1425,610
2009-11-05,578,14150,1420,1415,1420,20
2009-11-06,582,14250,1425,1360,1410,13940
2009-11-09,572,14000,1445,1390,1445,11250
2009-11-10,580,14200,1440,1390,1440,10660
2009-11-11,574,14050,1405,1370,1370,1560
2009-11-12,570,13950,1395,1380,1380,20
2009-11-13,591,14450,1445,1365,1390,7810
2009-11-16,568,13900,1440,1390,1440,0
2009-11-17,572,14000,1435,1385,1430,1440
2009-11-18,580,14200,1430,1340,1390,9020
2009-11-19,580,14200,1420,1420,1420,10
2009-11-20,580,14200,1445,1400,1445,670
2009-11-23,586,14350,1435,1405,1435,550
2009-11-24,580,14200,1420,1255,1375,7270
2009-11-25,580,14200,1420,1340,1365,14580
2009-11-26,556,13600,1445,1360,1420,2930
2009-11-27,576,14100,1410,1355,1410,1360
2009-11-30,586,14350,1435,1350,1400,2730
2009-12-01,568,13900,1390,1320,1360,1980
2009-12-02,572,14000,1400,1330,1390,380
2009-12-03,562,13750,1400,1350,1350,1910
2009-12-04,556,13600,1375,1345,1345,80
2009-12-07,566,13850,1400,1360,1400,2640
2009-12-08,570,13950,1395,1340,1340,310
2009-12-09,568,13900,1390,1390,1390,100
2009-12-10,564,13800,1415,1360,1415,50
2009-12-11,556,13600,1380,1350,1375,2440
2009-12-14,570,13950,1395,1395,1395,190
2009-12-15,572,14000,1400,1395,1395,60
2009-12-16,578,14150,1415,1360,1400,3260
2009-12-17,548,13400,1410,1340,1410,0
2009-12-18,568,13900,1395,1310,1310,1020
2009-12-21,568,13900,1410,1345,1345,2510
2009-12-22,584,14300,1430,1400,1400,30
2009-12-23,576,14100,1420,1410,1420,490
2009-12-24,568,13900,1400,1345,1400,2760
2009-12-28,572,14000,1415,1330,1415,11590
2009-12-29,689,13850,1385,1385,1385,10
2009-12-30,697,14000,1410,1340,1410,790
2010-01-04,697,14000,1410,1385,1410,350
2010-01-05,697,14000,1400,1350,1350,8660
2010-01-06,677,13600,1410,1330,1410,2430
2010-01-07,689,13850,1385,1340,1340,3340
2010-01-08,689,13850,1385,1380,1380,170
2010-01-11,704,14150,1415,1380,1395,9010
2010-01-12,714,14350,1435,1345,1345,17470
2010-01-13,699,14050,1405,1405,1405,10
2010-01-14,677,13600,1410,1360,1410,0
2010-01-15,682,13700,1400,1365,1400,1120
2010-01-18,702,14100,1410,1410,1410,10
2010-01-19,702,14100,1410,1410,1410,10
2010-01-20,702,14100,1410,1350,1355,2810
2010-01-21,697,14000,1400,1365,1365,40
2010-01-22,692,13900,1400,1355,1370,1360
2010-01-25,667,13400,1385,1340,1350,40
2010-01-26,687,13800,1380,1350,1350,510
2010-01-27,687,13800,1380,1360,1360,110
2010-01-28,672,13500,1350,1350,1350,60
2010-01-29,672,13500,1350,1300,1340,3220
2010-02-01,687,13800,1380,1380,1380,10
2010-02-02,687,13800,1380,1370,1370,720
2010-02-03,697,14000,1400,1400,1400,500
2010-02-04,702,14100,1410,1410,1410,80
2010-02-05,697,14000,1410,1220,1300,3150
2010-02-08,697,14000,1400,1305,1305,370
2010-02-09,674,13550,1400,1300,1300,3010
2010-02-10,694,13950,1395,1370,1370,400
2010-02-11,672,13500,1350,1325,1325,260
2010-02-12,699,14050,1405,1310,1395,9000
2010-02-16,664,13350,1390,1335,1335,340
2010-02-17,662,13300,1395,1330,1395,120
2010-02-18,699,14050,1410,1310,1310,2330
2010-02-19,702,14100,1410,1320,1320,490
2010-02-22,687,13800,1410,1380,1410,0
2010-02-23,707,14200,1420,1370,1370,3550
2010-02-24,699,14050,1405,1355,1405,170
2010-02-25,677,13600,1400,1360,1400,80
2010-02-26,709,14250,1425,1365,1365,170
2010-03-02,697,14000,1420,1375,1420,1630
2010-03-03,697,14000,1400,1400,1400,520
2010-03-04,801,16100,1610,1400,1400,100850
2010-03-05,921,18500,1850,1785,1850,445600
2010-03-08,871,17500,2085,1685,2025,636180
2010-03-09,809,16250,2010,1620,1750,1034230
2010-03-10,928,18650,1865,1600,1675,350020
2010-03-11,1065,21400,2140,1915,1930,289040
2010-03-12,1224,24600,2460,2145,2390,825260
2010-03-15,1175,23600,2825,2200,2700,1634820
2010-03-16,1234,24800,2650,2300,2360,861990
2010-03-17,1050,21100,2480,2110,2480,195760
2010-03-18,1030,20700,2190,1835,1860,759930
2010-03-19,971,19500,2210,1910,2095,285520
2010-03-22,946,19000,2115,1895,1990,313030
2010-03-23,956,19200,2020,1855,1965,404420
2010-03-24,993,19950,2175,1885,1940,528460
2010-03-25,941,18900,2090,1890,2010,178490
2010-03-26,936,18800,1945,1800,1860,163630
2010-03-29,1075,21600,2160,1850,1950,446700
2010-03-30,1234,24800,2480,2210,2470,641390
2010-03-31,1229,24700,2650,2285,2580,1083280
2010-04-01,1414,28400,2840,2420,2470,602360
2010-04-02,1414,28400,3140,2580,2990,895940
2010-04-05,1351,27150,2980,2675,2770,442580
2010-04-06,1244,25000,2795,2380,2780,290300
2010-04-07,1220,24500,2645,2425,2500,210750
2010-04-08,1212,24350,2595,2435,2500,125890
2010-04-09,1239,24900,2655,2430,2470,202970
2010-04-12,1239,24900,2500,2320,2420,95190
2010-04-13,1185,23800,2550,2380,2540,134510
2010-04-14,1205,24200,2475,2300,2385,106930
2010-04-15,1205,24200,2485,2380,2425,85730
2010-04-16,1384,27800,2780,2490,2495,633030
2010-04-19,1334,26800,3040,2680,2895,867380
2010-04-20,1244,25000,2700,2415,2700,295370
2010-04-21,1205,24200,2560,2400,2500,119700
2010-04-22,1232,24750,2495,2335,2405,93350
2010-04-23,1234,24800,2485,2400,2470,72070
2010-04-26,1205,24200,2490,2355,2480,39830
2010-04-27,1150,23100,2470,2310,2420,38690
2010-04-28,1107,22250,2330,2210,2310,47240
2010-04-29,1058,21250,2290,2120,2290,67850
2010-04-30,1038,20850,2160,2075,2160,33930
2010-05-03,1192,23950,2395,2020,2020,448710
2010-05-04,1020,20500,2360,2050,2315,376690
2010-05-06,1008,20250,2090,1940,2010,66170
2010-05-07,971,19500,2020,1935,2020,50610
2010-05-10,993,19950,2025,1930,1930,35410
2010-05-11,983,19750,2065,1930,2065,25340
2010-05-12,966,19400,1990,1900,1975,33010
2010-05-13,961,19300,2000,1910,1945,53380
2010-05-14,928,18650,1925,1830,1900,37340
2010-05-17,893,17950,1880,1745,1750,48310
2010-05-18,896,18000,1865,1665,1790,24130
2010-05-19,886,17800,1800,1700,1700,8090
2010-05-20,851,17100,1775,1670,1740,14860
2010-05-24,826,16600,1665,1540,1665,21980
2010-05-25,769,15450,1660,1505,1660,15180
2010-05-26,786,15800,1600,1480,1480,19170
2010-05-27,861,17300,1730,1600,1600,13460
2010-05-28,883,17750,1840,1710,1775,11400
2010-05-31,876,17600,1795,1700,1730,7610
2010-06-01,878,17650,1790,1700,1730,3360
2010-06-03,839,16850,1755,1660,1660,5040
2010-06-04,851,17100,1755,1670,1690,5240
2010-06-07,821,16500,1695,1570,1695,12960
2010-06-08,839,16850,1685,1605,1620,10410
2010-06-09,811,16300,1685,1630,1650,5210
2010-06-10,819,16450,1670,1630,1635,5220
2010-06-11,811,16300,1710,1605,1650,24870
2010-06-14,826,16600,1665,1615,1635,15540
2010-06-15,804,16150,1650,1590,1650,19240
2010-06-16,824,16550,1680,1610,1650,63380
2010-06-17,821,16500,1690,1630,1650,12190
2010-06-18,821,16500,1650,1600,1650,32950
2010-06-21,821,16500,1660,1620,1650,6990
2010-06-22,829,16650,1895,1630,1630,348680
2010-06-23,878,17650,1885,1665,1670,87340
2010-06-24,881,17700,1870,1700,1795,29060
2010-06-25,886,17800,1850,1705,1815,21980
2010-06-28,871,17500,1875,1705,1705,4280
2010-06-29,824,16550,1795,1650,1710,38140
2010-06-30,829,16650,1690,1620,1620,5490
2010-07-01,834,16750,1675,1620,1640,8290
2010-07-02,834,16750,1675,1635,1635,4340
2010-07-05,834,16750,1680,1630,1635,4150
2010-07-06,826,16600,1670,1620,1670,9280
2010-07-07,834,16750,1675,1620,1620,5270
2010-07-08,834,16750,1685,1595,1620,2710
2010-07-09,821,16500,1715,1585,1585,8070
2010-07-12,846,17000,1800,1625,1625,17990
2010-07-13,866,17400,1745,1685,1745,10890
2010-07-14,903,18150,1820,1755,1755,41070
2010-07-15,871,17500,1830,1740,1790,30030
2010-07-16,861,17300,1770,1665,1770,104320
2010-07-19,878,17650,1795,1705,1705,5020
2010-07-20,861,17300,1800,1715,1735,18340
2010-07-21,861,17300,1935,1700,1700,232130
2010-07-22,863,17350,1780,1735,1755,17770
2010-07-23,854,17150,1760,1670,1755,15010
2010-07-26,856,17200,1745,1700,1700,600
2010-07-27,854,17150,1860,1655,1680,91330
2010-07-28,834,16750,1720,1660,1705,17100
2010-07-29,846,17000,1730,1675,1690,8800
2010-07-30,851,17100,1740,1660,1680,15330
2010-08-02,876,17600,1760,1675,1710,18590
2010-08-03,851,17100,1800,1705,1800,5280
2010-08-04,863,17350,1940,1720,1720,374230
2010-08-05,863,17350,1785,1710,1785,18830
2010-08-06,876,17600,1810,1715,1760,11170
2010-08-09,886,17800,1800,1755,1800,4900
2010-08-10,891,17900,1790,1735,1735,18940
2010-08-11,878,17650,1850,1750,1790,4880
2010-08-12,868,17450,1820,1715,1715,25170
2010-08-13,876,17600,1790,1720,1790,14930
2010-08-16,863,17350,1760,1725,1760,2080
2010-08-17,868,17450,1750,1705,1730,11500
2010-08-18,873,17550,1765,1710,1710,8140
2010-08-19,858,17250,1800,1670,1720,7070
2010-08-20,863,17350,1765,1710,1730,18480
2010-08-23,868,17450,1755,1730,1740,7880
2010-08-24,888,17850,1785,1715,1745,11300
2010-08-25,891,17900,1800,1750,1800,6850
2010-08-26,883,17750,1800,1740,1760,21040
2010-08-27,886,17800,1870,1760,1870,23860
2010-08-30,916,18400,2045,1770,1770,403250
2010-08-31,926,18600,1915,1800,1840,70370
2010-09-01,926,18600,1895,1825,1895,23210
2010-09-02,933,18750,1935,1820,1900,24070
2010-09-03,936,18800,1890,1780,1870,39970
2010-09-06,921,18500,1915,1830,1850,10250
2010-09-07,926,18600,1875,1810,1835,25140
2010-09-08,916,18400,1910,1840,1910,19030
2010-09-09,916,18400,1875,1810,1820,14230
2010-09-10,911,18300,1900,1820,1900,24460
2010-09-13,1045,21000,2100,1820,1820,677230
2010-09-14,931,18700,2140,1870,2120,355940
2010-09-15,931,18700,1910,1830,1895,61700
2010-09-16,971,19500,1960,1840,1850,48730
2010-09-17,941,18900,1990,1890,1920,33850
2010-09-20,911,18300,1940,1825,1940,31800
2010-09-24,906,18200,1865,1770,1825,28770
2010-09-27,901,18100,1840,1790,1840,38890
2010-09-28,911,18300,1830,1790,1810,14050
2010-09-29,936,18800,1920,1820,1840,11030
2010-09-30,926,18600,1905,1785,1905,17980
2010-10-01,898,18050,1850,1780,1805,61860
2010-10-04,876,17600,1815,1730,1815,35680
2010-10-05,901,18100,1810,1745,1765,13970
2010-10-06,876,17600,1830,1725,1830,58570
2010-10-07,849,17050,1770,1700,1760,68940
2010-10-08,873,17550,1770,1670,1670,32100
2010-10-11,871,17500,1770,1710,1755,20410
2010-10-12,868,17450,1760,1720,1750,32940
2010-10-13,849,17050,1755,1695,1735,45130
2010-10-14,856,17200,1730,1685,1705,16200
2010-10-15,863,17350,1740,1715,1740,10170
2010-10-18,863,17350,1745,1710,1745,14900
2010-10-19,856,17200,1750,1705,1750,31420
2010-10-20,851,17100,1760,1705,1760,2640
2010-10-21,858,17250,1730,1655,1655,23130
2010-10-22,861,17300,1750,1690,1730,20950
2010-10-25,858,17250,1760,1705,1735,10330
2010-10-26,876,17600,1890,1700,1760,56050
2010-10-27,863,17350,1810,1730,1810,16270
2010-10-28,856,17200,1785,1710,1785,3870
2010-10-29,856,17200,1770,1720,1725,6400
2010-11-01,983,19750,1975,1680,1705,654770
2010-11-02,888,17850,2105,1765,1980,996440
2010-11-03,861,17300,1840,1720,1790,129330
2010-11-04,854,17150,1790,1715,1740,64050
2010-11-05,849,17050,1740,1705,1740,72760
2010-11-08,849,17050,1720,1685,1710,15560
2010-11-09,841,16900,1715,1670,1705,40180
2010-11-10,841,16900,1710,1670,1675,9320
2010-11-11,836,16800,1700,1675,1680,20160
2010-11-12,811,16300,1715,1580,1715,57510
2010-11-15,801,16100,1640,1540,1615,52930
2010-11-16,791,15900,1650,1575,1575,29310
2010-11-17,786,15800,1610,1535,1565,13020
2010-11-18,821,16500,1655,1550,1610,10130
2010-11-19,809,16250,1665,1620,1665,2620
2010-11-22,801,16100,1645,1585,1585,290
2010-11-23,809,16250,1645,1575,1575,3210
2010-11-24,786,15800,1620,1505,1505,11720
2010-11-25,819,16450,1655,1590,1625,6910
2010-11-26,796,16000,1665,1600,1665,39970
2010-11-29,796,16000,1600,1550,1550,2290
2010-11-30,801,16100,1640,1570,1640,3290
2010-12-01,809,16250,1820,1610,1610,130480
2010-12-02,811,16300,1680,1620,1680,14160
2010-12-03,826,16600,1695,1600,1625,27740
2010-12-06,751,15100,1895,1505,1690,603700
2010-12-07,759,15250,1550,1510,1525,27700
2010-12-08,771,15500,1550,1500,1505,21580
2010-12-09,776,15600,1560,1490,1550,24090
2010-12-10,776,15600,1565,1510,1565,6110
2010-12-13,774,15550,1570,1515,1570,2190
2010-12-14,766,15400,1595,1525,1555,6890
2010-12-15,766,15400,1570,1510,1570,10380
2010-12-16,764,15350,1540,1480,1540,4180
2010-12-17,774,15550,1575,1515,1575,1190
2010-12-20,712,14300,1620,1410,1555,34230
2010-12-21,717,14400,1490,1430,1450,33500
2010-12-22,704,14150,1450,1415,1415,11430
2010-12-23,717,14400,1470,1400,1420,11110
2010-12-24,714,14350,1500,1430,1455,29830
2010-12-27,714,14350,1490,1420,1440,12050
2010-12-28,717,14400,1460,1420,1420,16700
2010-12-29,832,14400,1470,1430,1455,5780
2010-12-30,832,14400,1475,1435,1475,8970
2011-01-03,855,14800,1545,1445,1465,9960
2011-01-04,852,14750,1535,1465,1465,9850
2011-01-05,844,14600,1520,1450,1465,7070
2011-01-06,835,14450,1515,1445,1475,4690
2011-01-07,809,14000,1450,1390,1430,61700
2011-01-10,826,14300,1470,1400,1400,19470
2011-01-11,815,14100,1530,1405,1530,8870
2011-01-12,821,14200,1475,1410,1420,19140
2011-01-13,821,14200,1455,1420,1450,18720
2011-01-14,844,14600,1460,1425,1435,12640
2011-01-17,838,14500,1475,1420,1475,8990
2011-01-18,815,14100,1540,1410,1455,16470
2011-01-19,815,14100,1430,1400,1400,18130
2011-01-20,818,14150,1460,1415,1460,6330
2011-01-21,821,14200,1425,1390,1425,3560
2011-01-24,824,14250,1460,1425,1460,1550
2011-01-25,838,14500,1490,1400,1450,17500
2011-01-26,835,14450,1450,1425,1450,3120
2011-01-27,824,14250,1445,1410,1410,3110
2011-01-28,803,13900,1475,1390,1475,14440
2011-01-31,803,13900,1470,1390,1430,5620
2011-02-01,809,14000,1520,1395,1395,24560
2011-02-07,815,14100,1465,1405,1465,28430
2011-02-08,818,14150,1450,1410,1445,3080
2011-02-09,824,14250,1440,1405,1425,11580
2011-02-10,835,14450,1470,1395,1415,11410
2011-02-11,826,14300,1430,1400,1405,8380
2011-02-14,829,14350,1460,1435,1450,7300
2011-02-15,832,14400,1470,1430,1435,17260
2011-02-16,835,14450,1460,1415,1440,6640
2011-02-17,835,14450,1455,1445,1455,270
2011-02-18,832,14400,1455,1405,1405,3650
2011-02-21,826,14300,1440,1400,1440,2190
2011-02-22,818,14150,1425,1370,1400,15770
2011-02-23,829,14350,1480,1390,1480,14640
2011-02-24,829,14350,1480,1400,1435,17650
2011-02-25,812,14050,1465,1405,1465,23290
2011-02-28,824,14250,1445,1400,1400,19090
2011-03-02,826,14300,1430,1400,1425,11530
2011-03-03,829,14350,1435,1415,1415,660
2011-03-04,844,14600,1465,1420,1445,5760
2011-03-07,832,14400,1470,1430,1470,6320
2011-03-08,829,14350,1455,1425,1430,4000
2011-03-09,873,15100,1515,1430,1450,37190
2011-03-10,878,15200,1640,1500,1505,56350
2011-03-11,890,15400,1560,1520,1560,4380
2011-03-14,858,14850,1610,1470,1610,15370
2011-03-15,873,15100,1560,1440,1470,19590
2011-03-16,847,14650,1515,1450,1450,16470
2011-03-17,864,14950,1510,1450,1465,1100
2011-03-18,861,14900,1540,1450,1450,44570
2011-03-21,861,14900,1525,1460,1460,5030
2011-03-22,884,15300,1550,1470,1490,49320
2011-03-23,870,15050,1590,1475,1590,15080
2011-03-24,861,14900,1570,1490,1550,11240
2011-03-25,988,17100,1710,1480,1540,626210
2011-03-28,902,15600,1770,1550,1735,390110
2011-03-29,890,15400,1580,1520,1570,213780
2011-03-30,893,15450,1550,1525,1535,98790
2011-03-31,896,15500,1575,1535,1575,18330
2011-04-01,1029,17800,1780,1530,1530,1025430
2011-04-04,933,16150,1875,1565,1795,1267190
2011-04-05,983,17000,1805,1630,1660,437920
2011-04-06,968,16750,1745,1635,1700,106950
2011-04-07,939,16250,1710,1615,1700,112500
2011-04-08,939,16250,1670,1610,1670,51610
2011-04-11,942,16300,1650,1590,1600,70670
2011-04-12,916,15850,1655,1560,1615,37980
2011-04-13,957,16550,1750,1585,1585,126930
2011-04-14,957,16550,1755,1610,1680,73210
2011-04-15,959,16600,1710,1625,1660,34770
2011-04-18,933,16150,1690,1610,1645,69970
2011-04-19,933,16150,1645,1565,1590,21910
2011-04-20,948,16400,1685,1590,1685,19350
2011-04-21,910,15750,1645,1575,1625,44150
2011-04-22,850,14700,1575,1460,1575,223200
2011-04-25,838,14500,1510,1430,1470,51500
2011-04-26,821,14200,1505,1395,1505,73150
2011-04-27,821,14200,1460,1400,1420,32170
2011-04-28,826,14300,1465,1400,1410,30150
2011-04-29,835,14450,1475,1410,1475,13690
2011-05-02,838,14500,1475,1420,1475,13860
2011-05-03,821,14200,1480,1410,1480,17920
2011-05-04,815,14100,1440,1405,1440,24590
2011-05-06,818,14150,1445,1380,1435,22240
2011-05-09,826,14300,1460,1410,1460,10590
2011-05-11,818,14150,1445,1400,1420,13810
2011-05-12,838,14500,1450,1400,1410,20330
2011-05-13,829,14350,1470,1415,1460,25020
2011-05-16,844,14600,1495,1415,1435,55140
2011-05-17,850,14700,1480,1435,1435,26330
2011-05-18,844,14600,1500,1435,1490,19400
2011-05-19,829,14350,1460,1405,1440,45720
2011-05-20,829,14350,1440,1410,1435,32860
2011-05-23,824,14250,1430,1395,1420,25600
2011-05-24,815,14100,1415,1390,1415,12500
2011-05-25,809,14000,1430,1390,1395,19900
2011-05-26,821,14200,1460,1390,1390,8680
2011-05-27,812,14050,1450,1395,1440,5160
2011-05-30,821,14200,1425,1405,1405,4930
2011-05-31,818,14150,1440,1390,1440,13590
2011-06-01,826,14300,1430,1410,1415,2170
2011-06-02,815,14100,1430,1385,1405,9430
2011-06-03,809,14000,1410,1375,1400,1070
2011-06-07,795,13750,1400,1365,1400,10040
2011-06-08,809,14000,1430,1375,1420,980
2011-06-09,826,14300,1430,1340,1390,9140
2011-06-10,806,13950,1425,1380,1400,2350
2011-06-13,806,13950,1395,1390,1390,30
2011-06-14,795,13750,1395,1360,1360,9740
2011-06-15,803,13900,1400,1355,1370,2890
2011-06-16,806,13950,1400,1370,1400,1200
2011-06-17,809,14000,1400,1350,1395,2600
2011-06-20,809,14000,1405,1370,1400,180
2011-06-21,809,14000,1400,1380,1400,7050
2011-06-22,803,13900,1400,1370,1380,50480
2011-06-23,809,14000,1420,1385,1400,4890
2011-06-24,800,13850,1410,1380,1400,5470
2011-06-27,800,13850,1430,1370,1370,350
2011-06-28,812,14050,1430,1395,1430,7360
2011-06-29,821,14200,1430,1390,1410,7400
2011-06-30,812,14050,1445,1405,1430,7070
2011-07-01,803,13900,1575,1385,1435,258210
2011-07-04,824,14250,1430,1390,1425,14790
2011-07-05,809,14000,1435,1395,1435,27670
2011-07-06,821,14200,1430,1395,1430,11210
2011-07-07,821,14200,1430,1400,1400,20940
2011-07-08,826,14300,1475,1420,1450,3520
2011-07-11,818,14150,1475,1415,1460,4790
2011-07-12,821,14200,1440,1400,1425,6450
2011-07-13,826,14300,1440,1405,1440,15990
2011-07-14,824,14250,1450,1405,1410,5840
2011-07-15,835,14450,1465,1430,1465,10240
2011-07-18,821,14200,1440,1415,1440,9070
2011-07-19,942,16300,1630,1410,1525,658310
2011-07-20,1081,18700,1870,1670,1675,968400
2011-07-21,919,15900,1750,1590,1730,993150
2011-07-22,870,15050,1610,1505,1555,254990
2011-07-25,884,15300,1595,1500,1510,79440
2011-07-26,867,15000,1545,1460,1530,138440
2011-07-27,861,14900,1515,1480,1500,50130
2011-07-28,861,14900,1530,1470,1475,36330
2011-07-29,884,15300,1565,1480,1480,63820
2011-08-01,887,15350,1550,1500,1530,70100
2011-08-02,876,15150,1545,1495,1545,38740
2011-08-03,867,15000,1555,1460,1520,38910
2011-08-04,850,14700,1510,1470,1485,52150
2011-08-05,786,13600,1450,1340,1410,100350
2011-08-08,682,11800,1360,1160,1300,60980
2011-08-09,592,10250,1145,1005,1070,99360
2011-08-10,656,11350,1170,1045,1065,65920
2011-08-11,659,11400,1230,1040,1040,21120
2011-08-12,743,12850,1290,1170,1260,11150
2011-08-16,745,12900,1350,1260,1285,38780
2011-08-17,772,13350,1335,1245,1300,43190
2011-08-18,740,12800,1385,1280,1385,42990
2011-08-19,673,11650,1280,1165,1250,16480
2011-08-22,667,11550,1195,1090,1090,13020
2011-08-23,702,12150,1240,1135,1165,10470
2011-08-24,682,11800,1240,1180,1240,4510
2011-08-25,699,12100,1230,1175,1180,7490
2011-08-26,708,12250,1235,1200,1200,2350
2011-08-29,708,12250,1325,1225,1285,4730
2011-08-30,734,12700,1280,1220,1280,8860
2011-08-31,745,12900,1290,1270,1270,2900
2011-09-01,757,13100,1315,1275,1315,3670
2011-09-02,754,13050,1310,1280,1310,760
2011-09-05,725,12550,1300,1230,1300,6550
2011-09-06,734,12700,1295,1175,1245,2820
2011-09-07,740,12800,1305,1225,1275,1230
2011-09-08,725,12550,1280,1230,1260,7850
2011-09-09,714,12350,1300,1210,1255,5330
2011-09-14,737,12750,1305,1200,1305,4810
2011-09-15,734,12700,1305,1210,1275,1170
2011-09-16,743,12850,1300,1235,1300,390
2011-09-19,748,12950,1335,1295,1305,170
2011-09-20,754,13050,1320,1215,1320,260
2011-09-21,714,12350,1295,1235,1245,2720
2011-09-22,719,12450,1250,1200,1200,2340
2011-09-23,653,11300,1245,1090,1245,24080
2011-09-26,636,11000,1210,1070,1130,5420
2011-09-27,699,12100,1235,1105,1210,15230
2011-09-28,711,12300,1285,1165,1285,1690
2011-09-29,740,12800,1325,1280,1325,30
2011-09-30,774,13400,1340,1340,1340,50
2011-10-04,740,12800,1280,1280,1280,10
2011-10-05,734,12700,1335,1205,1335,1010
2011-10-06,743,12850,1315,1235,1315,1030
2011-10-07,725,12550,1370,1215,1370,1690
2011-10-10,708,12250,1260,1180,1255,4740
2011-10-11,722,12500,1305,1210,1240,6260
2011-10-12,745,12900,1290,1200,1200,4790
2011-10-13,737,12750,1345,1270,1300,12440
2011-10-14,760,13150,1345,1315,1345,450
2011-10-17,763,13200,1370,1265,1370,15000
2011-10-18,705,12200,1345,1200,1320,59280
2011-10-19,740,12800,1280,1210,1250,6870
2011-10-21,734,12700,1275,1260,1270,710
2011-10-24,743,12850,1305,1260,1270,9830
2011-10-25,772,13350,1420,1255,1420,20590
2011-10-26,769,13300,1335,1260,1335,3730
2011-10-27,774,13400,1350,1280,1330,2970
2011-10-28,809,14000,1445,1305,1350,31910
2011-10-31,812,14050,1505,1365,1505,2850
2011-11-01,803,13900,1405,1300,1405,6160
2011-11-02,772,13350,1380,1300,1380,6880
2011-11-03,757,13100,1395,1285,1395,2580
2011-11-04,786,13600,1390,1300,1315,15540
2011-11-07,780,13500,1420,1350,1400,1690
2011-11-08,789,13650,1390,1320,1320,890
2011-11-09,763,13200,1380,1320,1325,1630
2011-11-10,757,13100,1315,1270,1285,930
2011-11-11,757,13100,1325,1250,1325,3660
2011-11-14,792,13700,1375,1285,1360,4440
2011-11-15,789,13650,1440,1320,1440,2320
2011-11-16,772,13350,1410,1335,1360,3350
2011-11-17,777,13450,1355,1310,1335,1090
2011-11-18,780,13500,1380,1310,1350,1150
2011-11-21,745,12900,1325,1280,1310,7260
2011-11-22,748,12950,1300,1255,1280,14980
2011-11-23,748,12950,1370,1260,1300,8430
2011-11-24,751,13000,1355,1250,1355,7140
2011-11-25,731,12650,1345,1240,1345,6240
2011-11-28,740,12800,1325,1275,1325,1740
2011-11-29,745,12900,1350,1275,1275,990
2011-11-30,740,12800,1305,1275,1290,1850
2011-12-01,766,13250,1330,1280,1280,8820
2011-12-02,760,13150,1355,1305,1350,1660
2011-12-05,763,13200,1325,1300,1300,930
2011-12-06,740,12800,1335,1265,1320,4460
2011-12-07,745,12900,1320,1285,1285,900
2011-12-08,751,13000,1335,1270,1290,17350
2011-12-09,760,13150,1390,1275,1275,7490
2011-12-12,766,13250,1380,1300,1300,1920
2011-12-13,769,13300,1360,1300,1325,25670
2011-12-14,745,12900,1350,1285,1345,15720
2011-12-15,748,12950,1310,1270,1275,12130
2011-12-16,780,13500,1410,1285,1285,33680
2011-12-19,754,13050,1445,1215,1400,16770
2011-12-20,772,13350,1340,1265,1265,420
2011-12-21,800,13850,1425,1325,1330,1220
2011-12-22,812,14050,1415,1330,1400,570
2011-12-23,780,13500,1415,1330,1350,12730
2011-12-26,786,13600,1375,1325,1350,5640
2011-12-27,754,13050,1375,1270,1375,48840
2011-12-28,911,13350,1345,1290,1290,1790
2011-12-29,918,13450,1360,1310,1355,9440
2012-01-02,1055,15450,1545,1345,1345,615270
2012-01-03,1000,14650,1535,1430,1485,143600
2012-01-04,1007,14750,1510,1455,1470,44900
2012-01-05,945,13850,1495,1385,1495,79230
2012-01-06,925,13550,1415,1330,1395,47350
2012-01-09,901,13200,1355,1300,1355,34010
2012-01-10,904,13250,1325,1310,1320,5240
2012-01-11,911,13350,1360,1320,1330,7570
2012-01-12,939,13750,1375,1320,1320,13030
2012-01-13,935,13700,1385,1335,1370,6360
2012-01-16,901,13200,1390,1310,1340,23780
2012-01-17,908,13300,1370,1320,1335,2870
2012-01-18,928,13600,1370,1330,1360,1730
2012-01-19,932,13650,1380,1330,1365,4760
2012-01-20,939,13750,1405,1335,1335,8380
2012-01-25,949,13900,1390,1330,1375,3320
2012-01-26,952,13950,1425,1345,1425,7830
2012-01-27,949,13900,1395,1355,1355,2830
2012-01-30,942,13800,1410,1350,1410,4960
2012-01-31,921,13500,1380,1340,1380,14200
2012-02-01,949,13900,1395,1350,1350,12970
2012-02-02,949,13900,1410,1370,1370,10440
2012-02-03,973,14250,1445,1395,1420,15160
2012-02-06,966,14150,1445,1405,1430,7770
2012-02-07,986,14450,1500,1385,1390,62530
2012-02-08,1024,15000,1580,1435,1435,88380
2012-02-09,1041,15250,1565,1465,1500,24160
2012-02-10,983,14400,1550,1430,1550,36000
2012-02-13,983,14400,1470,1375,1420,25690
2012-02-14,1007,14750,1475,1420,1425,10620
2012-02-15,1010,14800,1525,1440,1440,5890
2012-02-16,1010,14800,1500,1430,1500,11370
2012-02-17,1003,14700,1490,1450,1490,5420
2012-02-20,1017,14900,1515,1445,1505,6340
2012-02-21,1010,14800,1540,1445,1500,15530
2012-02-22,1000,14650,1520,1435,1460,43970
2012-02-23,1082,15850,1670,1450,1505,172230
2012-02-24,1075,15750,1605,1495,1605,70990
2012-02-27,1051,15400,1600,1525,1590,24620
2012-02-28,1024,15000,1580,1500,1540,28150
2012-02-29,1085,15900,1670,1510,1510,68550
2012-03-02,1058,15500,1610,1535,1590,42980
2012-03-05,1065,15600,1600,1515,1540,21730
2012-03-06,1044,15300,1540,1480,1540,47330
2012-03-07,1010,14800,1540,1460,1500,57840
2012-03-08,1034,15150,1530,1470,1470,20240
2012-03-09,1000,14650,1545,1440,1495,134210
2012-03-12,1017,14900,1490,1450,1460,21180
2012-03-13,1017,14900,1490,1465,1465,5170
2012-03-14,1017,14900,1500,1470,1470,4880
2012-03-15,1024,15000,1525,1490,1490,7390
2012-03-16,1000,14650,1525,1465,1500,7920
2012-03-19,983,14400,1505,1430,1460,44610
2012-03-20,983,14400,1480,1425,1440,15830
2012-03-21,1000,14650,1465,1425,1450,7380
2012-03-22,969,14200,1465,1415,1465,23240
2012-03-23,993,14550,1455,1425,1430,1930
2012-03-26,997,14600,1495,1425,1470,2220
2012-03-27,993,14550,1465,1420,1465,6910
2012-03-28,997,14600,1470,1420,1445,2210
2012-03-29,990,14500,1470,1425,1465,2270
2012-03-30,1014,14850,1490,1430,1450,6060
2012-04-02,1017,14900,1515,1465,1465,2340
2012-04-03,1014,14850,1495,1485,1495,1250
2012-04-04,1014,14850,1525,1485,1525,1000
2012-04-05,1014,14850,1485,1420,1425,3190
2012-04-06,1031,15100,1515,1510,1515,150
2012-04-09,986,14450,1530,1415,1525,11430
2012-04-10,966,14150,1435,1365,1365,16830
2012-04-12,966,14150,1415,1395,1415,660
2012-04-13,993,14550,1470,1405,1450,2180
2012-04-16,1010,14800,1490,1455,1490,540
2012-04-17,1017,14900,1515,1470,1500,210
2012-04-18,1007,14750,1490,1470,1470,30
2012-04-19,997,14600,1495,1450,1495,3150
2012-04-20,990,14500,1480,1415,1475,1490
2012-04-23,966,14150,1490,1375,1470,16960
2012-04-24,942,13800,1410,1360,1380,7310
2012-04-25,966,14150,1440,1365,1435,1170
2012-04-26,942,13800,1445,1350,1400,6860
2012-04-27,939,13750,1395,1355,1395,3390
2012-04-30,962,14100,1430,1340,1375,34180
2012-05-02,973,14250,1430,1350,1410,5510
2012-05-03,969,14200,1435,1370,1400,3620
2012-05-04,990,14500,1450,1400,1400,1190
2012-05-07,993,14550,1465,1455,1465,210
2012-05-08,990,14500,1455,1405,1455,1430
2012-05-09,969,14200,1450,1370,1435,23840
2012-05-10,983,14400,1445,1375,1440,250
2012-05-11,891,13050,1455,1300,1400,138560
2012-05-14,911,13350,1340,1305,1310,4350
2012-05-15,887,13000,1325,1270,1325,11300
2012-05-16,887,13000,1330,1270,1320,2180
2012-05-17,887,13000,1315,1280,1305,1530
2012-05-18,877,12850,1295,1255,1270,1820
2012-05-21,881,12900,1310,1285,1305,2190
2012-05-22,887,13000,1310,1250,1290,32570
2012-05-23,881,12900,1300,1250,1300,20720
2012-05-24,894,13100,1315,1265,1310,1770
2012-05-25,918,13450,1345,1295,1310,18180
2012-05-29,915,13400,1375,1300,1345,750
2012-05-30,915,13400,1345,1335,1335,1130
2012-05-31,918,13450,1365,1290,1345,2610
2012-06-01,939,13750,1375,1280,1300,7160
2012-06-04,901,13200,1370,1300,1350,1150
2012-06-05,904,13250,1340,1265,1265,16180
2012-06-07,908,13300,1355,1300,1325,1890
2012-06-08,928,13600,1365,1305,1305,3070
2012-06-11,962,14100,1425,1345,1350,87930
2012-06-12,1055,15450,1620,1450,1450,555140
2012-06-13,980,14350,1535,1435,1535,148490
2012-06-14,1044,15300,1650,1435,1440,618830
2012-06-15,1198,17550,1755,1530,1570,186600
2012-06-18,1376,20150,2015,1960,2015,290590
2012-06-19,1488,21800,2300,1970,2140,1467940
2012-06-20,1386,20300,2270,2015,2265,572940
2012-06-21,1591,23300,2330,2060,2060,1460260
2012-06-22,1557,22800,2545,2235,2450,758800
2012-06-25,1423,20850,2420,2075,2330,396550
2012-06-26,1352,19800,2175,1910,2075,620460
2012-06-27,1263,18500,2070,1850,2020,528260
2012-06-28,1318,19300,1990,1865,1900,482400
2012-06-29,1304,19100,1920,1820,1885,233060
2012-07-02,1393,20400,2170,1945,1960,660350
2012-07-03,1362,19950,2075,1925,2070,282520
2012-07-04,1331,19500,2050,1950,1995,167760
2012-07-05,1382,20250,2030,1900,1950,130270
2012-07-06,1359,19900,2105,1930,2025,208610
2012-07-09,1280,18750,2015,1875,1980,125700
2012-07-10,1256,18400,1980,1780,1895,218880
2012-07-11,1232,18050,1880,1750,1815,167500
2012-07-12,1178,17250,1845,1675,1835,204520
2012-07-13,1157,16950,1755,1650,1730,112700
2012-07-16,1167,17100,1780,1710,1745,41760
2012-07-17,1195,17500,1820,1700,1735,138580
2012-07-18,1154,16900,1830,1670,1775,91200
2012-07-19,1150,16850,1750,1670,1745,63200
2012-07-20,1147,16800,1720,1620,1685,54910
2012-07-23,1092,16000,1675,1600,1675,53430
2012-07-24,1126,16500,1670,1550,1570,62470
2012-07-25,1041,15250,1680,1525,1645,68010
2012-07-26,1072,15700,1570,1475,1535,87990
2012-07-27,1075,15750,1650,1530,1615,93910
2012-07-30,1079,15800,1620,1535,1620,21180
2012-07-31,1055,15450,1600,1515,1590,51800
2012-08-01,1109,16250,1630,1520,1575,67680
2012-08-02,1072,15700,1670,1550,1650,78060
2012-08-03,1075,15750,1595,1550,1580,21840
2012-08-06,1082,15850,1600,1530,1590,19180
2012-08-07,1099,16100,1610,1560,1560,13720
2012-08-08,1068,15650,1630,1565,1630,17780
2012-08-09,1082,15850,1585,1555,1570,15630
2012-08-10,1079,15800,1585,1560,1575,17050
2012-08-13,1239,18150,1815,1700,1700,327310
2012-08-14,1253,18350,1975,1825,1920,621330
2012-08-16,1239,18150,1850,1780,1835,92690
2012-08-17,1174,17200,1840,1720,1815,127860
2012-08-20,1191,17450,1795,1700,1750,90200
2012-08-21,1184,17350,1845,1735,1745,129180
2012-08-22,1191,17450,1750,1710,1715,36910
2012-08-23,1215,17800,1880,1710,1740,103940
2012-08-24,1150,16850,1790,1685,1770,70100
2012-08-27,1133,16600,1695,1615,1685,49380
2012-08-28,1085,15900,1670,1580,1670,69040
2012-08-29,1133,16600,1735,1580,1590,93630
2012-08-30,1123,16450,1685,1635,1685,22410
2012-08-31,1150,16850,1685,1640,1645,25130
2012-09-03,1154,16900,1690,1650,1670,14260
2012-09-04,1120,16400,1710,1640,1700,16980
2012-09-05,1092,16000,1650,1570,1650,17870
2012-09-06,1085,15900,1635,1570,1610,29610
2012-09-07,1109,16250,1630,1570,1630,12110
2012-09-10,1130,16550,1665,1580,1625,33470
2012-09-11,1126,16500,1655,1620,1620,8390
2012-09-12,1102,16150,1675,1615,1675,16880
2012-09-13,1109,16250,1660,1590,1590,39710
2012-09-14,1126,16500,1700,1600,1630,22850
2012-09-17,1106,16200,1660,1610,1660,22260
2012-09-18,1113,16300,1700,1595,1620,75560
2012-09-19,1277,18700,1870,1650,1680,206070
2012-09-20,1181,17300,1875,1730,1850,232510
2012-09-21,1331,19500,1980,1730,1755,332160
2012-09-24,1270,18600,1960,1810,1960,100340
2012-09-25,1215,17800,1860,1735,1830,101930
2012-09-26,1222,17900,1815,1730,1780,37910
2012-09-27,1208,17700,1880,1730,1820,37680
2012-09-28,1249,18300,1845,1775,1775,17920
2012-10-02,1236,18100,1900,1780,1830,21720
2012-10-04,1236,18100,1825,1775,1810,19230
2012-10-05,1208,17700,1825,1770,1810,32880
2012-10-08,1239,18150,1855,1760,1780,42170
2012-10-09,1253,18350,1880,1760,1760,61940
2012-10-10,1212,17750,1890,1770,1825,50230
2012-10-11,1164,17050,1775,1680,1775,96170
2012-10-12,1109,16250,1720,1625,1705,110040
2012-10-15,1092,16000,1670,1565,1635,46510
2012-10-16,1089,15950,1670,1570,1580,16690
2012-10-17,1106,16200,1660,1590,1590,14400
2012-10-18,1113,16300,1680,1615,1680,23560
2012-10-19,1137,16650,1670,1615,1635,20010
2012-10-22,1157,16950,1840,1650,1660,100620
2012-10-23,1191,17450,1785,1690,1720,30000
2012-10-24,1222,17900,1810,1715,1715,52640
2012-10-25,1188,17400,1810,1720,1810,29690
2012-10-26,1150,16850,1755,1635,1705,36120
2012-10-29,1092,16000,1730,1555,1660,62990
2012-10-30,1099,16100,1660,1565,1565,86990
2012-10-31,1133,16600,1675,1620,1655,14390
2012-11-01,1120,16400,1690,1620,1690,21470
2012-11-02,1109,16250,1665,1610,1660,12330
2012-11-05,1116,16350,1645,1610,1645,6020
2012-11-06,1092,16000,1640,1595,1640,21840
2012-11-07,1085,15900,1625,1575,1615,22990
2012-11-08,1048,15350,1600,1520,1570,22900
2012-11-09,1010,14800,1540,1460,1510,59200
2012-11-12,1031,15100,1520,1470,1510,19620
2012-11-13,976,14300,1530,1380,1530,72810
2012-11-14,956,14000,1425,1400,1425,35300
2012-11-15,928,13600,1430,1350,1410,27060
2012-11-16,884,12950,1360,1290,1360,40310
2012-11-19,925,13550,1375,1290,1290,16190
2012-11-20,942,13800,1400,1340,1340,7770
2012-11-21,969,14200,1430,1400,1425,12610
2012-11-22,980,14350,1440,1395,1400,11050
2012-11-23,980,14350,1440,1400,1400,3690
2012-11-26,956,14000,1450,1375,1450,2280
2012-11-27,956,14000,1415,1360,1405,2540
2012-11-28,939,13750,1400,1360,1400,2660
2012-11-29,956,14000,1400,1380,1400,2470
2012-11-30,973,14250,1425,1360,1395,8460
2012-12-03,976,14300,1450,1425,1450,2950
2012-12-04,973,14250,1430,1385,1430,640
2012-12-05,939,13750,1425,1360,1425,5380
2012-12-06,956,14000,1415,1365,1415,180
2012-12-07,956,14000,1400,1385,1390,14560
2012-12-10,942,13800,1410,1375,1380,3330
2012-12-11,949,13900,1410,1390,1400,2280
2012-12-12,956,14000,1410,1360,1360,3000
2012-12-13,962,14100,1420,1385,1420,160
2012-12-14,990,14500,1450,1450,1450,30
2012-12-17,962,14100,1420,1365,1390,6630
2012-12-18,956,14000,1405,1375,1405,550
2012-12-20,952,13950,1480,1395,1400,5790
2012-12-21,959,14050,1415,1365,1415,1250
2012-12-24,949,13900,1405,1350,1405,9010
2012-12-26,949,13900,1395,1375,1390,5540
2012-12-27,1022,13900,1400,1335,1390,1250
2012-12-28,1022,13900,1390,1365,1390,2820
2013-01-02,1037,14100,1410,1370,1390,3850
2013-01-03,1033,14050,1410,1365,1405,10690
2013-01-04,1030,14000,1460,1390,1405,14520
2013-01-07,1041,14150,1465,1390,1465,7510
2013-01-08,1052,14300,1430,1380,1380,8790
2013-01-09,1067,14500,1460,1415,1450,5420
2013-01-10,1048,14250,1500,1420,1495,5150
2013-01-11,1056,14350,1465,1415,1445,15190
2013-01-14,1056,14350,1450,1405,1405,19100
2013-01-15,1067,14500,1475,1430,1470,16300
2013-01-16,1070,14550,1590,1435,1450,216280
2013-01-17,1048,14250,1505,1415,1455,22060
2013-01-18,1070,14550,1465,1430,1435,7190
2013-01-21,1056,14350,1495,1435,1490,6260
2013-01-22,1074,14600,1480,1430,1480,10610
2013-01-23,1052,14300,1460,1430,1435,15400
2013-01-24,1030,14000,1440,1400,1425,10990
2013-01-25,1022,13900,1420,1385,1395,8140
2013-01-28,1037,14100,1420,1390,1420,8510
2013-01-29,1033,14050,1410,1390,1390,4280
2013-01-30,1048,14250,1445,1400,1400,29050
2013-01-31,1063,14450,1475,1410,1430,1770
2013-02-01,1059,14400,1470,1405,1470,1600
2013-02-04,1037,14100,1440,1410,1440,2200
2013-02-05,1030,14000,1465,1395,1420,15960
2013-02-06,1033,14050,1525,1380,1400,214330
2013-02-07,1041,14150,1420,1400,1420,3280
2013-02-08,1052,14300,1430,1400,1405,7020
2013-02-12,1037,14100,1465,1390,1430,7890
2013-02-13,1044,14200,1435,1400,1425,4410
2013-02-14,1048,14250,1430,1400,1400,5960
2013-02-15,1044,14200,1420,1405,1420,890
2013-02-18,1041,14150,1420,1390,1390,8030
2013-02-19,1048,14250,1435,1400,1400,1350
2013-02-20,1052,14300,1435,1400,1425,16700
2013-02-21,1059,14400,1440,1415,1415,14120
2013-02-22,1056,14350,1470,1425,1425,6140
2013-02-25,1048,14250,1445,1415,1425,3430
2013-02-26,1052,14300,1430,1405,1415,4070
2013-02-27,1067,14500,1470,1425,1425,1180
2013-02-28,1089,14800,1485,1440,1440,10520
2013-03-04,1067,14500,1495,1450,1480,4280
2013-03-05,1059,14400,1515,1435,1515,6270
2013-03-06,1089,14800,1500,1450,1450,8920
2013-03-07,1085,14750,1490,1425,1460,11440
2013-03-08,1067,14500,1510,1450,1510,9800
2013-03-11,1059,14400,1490,1415,1440,12420
2013-03-12,1070,14550,1460,1430,1440,5730
2013-03-13,1067,14500,1465,1425,1465,12300
2013-03-14,1056,14350,1450,1430,1450,7250
2013-03-15,1056,14350,1445,1430,1435,9090
2013-03-18,1063,14450,1450,1435,1435,1080
2013-03-19,1063,14450,1465,1435,1465,1200
2013-03-20,1063,14450,1465,1435,1445,21650
2013-03-21,1067,14500,1455,1420,1440,14380
2013-03-22,1081,14700,1485,1445,1460,3170
2013-03-25,1122,15250,1525,1455,1455,6290
2013-03-26,1103,15000,1525,1460,1510,5780
2013-03-27,1100,14950,1530,1450,1495,12720
2013-03-28,1081,14700,1490,1465,1490,6860
2013-03-29,1089,14800,1495,1470,1475,14530
2013-04-01,1103,15000,1530,1460,1460,10590
2013-04-02,1089,14800,1530,1480,1525,7410
2013-04-03,1092,14850,1530,1475,1480,2770
2013-04-04,1089,14800,1520,1465,1495,9270
2013-04-05,1089,14800,1510,1460,1510,12880
2013-04-08,1085,14750,1500,1460,1500,3190
2013-04-09,1096,14900,1500,1460,1500,2800
2013-04-10,1092,14850,1490,1470,1470,6400
2013-04-11,1114,15150,1525,1465,1475,25110
2013-04-12,1100,14950,1525,1495,1515,12560
2013-04-15,1096,14900,1520,1475,1490,11260
2013-04-16,1103,15000,1510,1485,1495,21200
2013-04-17,1111,15100,1515,1490,1490,4100
2013-04-18,1125,15300,1560,1500,1515,17600
2013-04-19,1144,15550,1590,1510,1510,4950
2013-04-22,1144,15550,1600,1520,1530,9650
2013-04-23,1133,15400,1570,1515,1555,15630
2013-04-24,1133,15400,1565,1520,1540,13920
2013-04-25,1129,15350,1550,1510,1550,16810
2013-04-26,1129,15350,1550,1500,1530,34410
2013-04-29,1125,15300,1535,1500,1500,4950
2013-04-30,1114,15150,1530,1505,1505,1900
2013-05-02,1129,15350,1540,1510,1515,2620
2013-05-03,1140,15500,1550,1520,1520,9840
2013-05-06,1177,16000,1600,1520,1520,3940
2013-05-07,1159,15750,1600,1565,1600,7410
2013-05-08,1170,15900,1610,1565,1585,21490
2013-05-09,1199,16300,1630,1570,1580,23610
2013-05-10,1221,16600,1685,1610,1640,24220
2013-05-13,1199,16300,1725,1630,1640,14040
2013-05-14,1192,16200,1655,1585,1620,22140
2013-05-15,1188,16150,1655,1610,1625,5330
2013-05-16,1188,16150,1645,1600,1645,9690
2013-05-20,1214,16500,1655,1615,1615,15720
2013-05-21,1217,16550,1665,1630,1650,13800
2013-05-22,1247,16950,1700,1635,1635,53940
2013-05-23,1247,16950,1710,1675,1680,10170
2013-05-24,1232,16750,1695,1660,1670,15170
2013-05-27,1217,16550,1695,1655,1670,7610
2013-05-28,1214,16500,1680,1650,1655,6950
2013-05-29,1232,16750,1675,1635,1650,21360
2013-05-30,1225,16650,1675,1635,1645,21380
2013-05-31,1331,18100,1910,1685,1685,420280
2013-06-03,1328,18050,1850,1710,1770,53930
2013-06-04,1313,17850,1805,1735,1800,17430
2013-06-05,1251,17000,1815,1700,1780,40480
2013-06-07,1265,17200,1760,1650,1700,20430
2013-06-10,1273,17300,1765,1700,1700,8070
2013-06-11,1262,17150,1750,1670,1750,13410
2013-06-12,1280,17400,1750,1675,1750,3820
2013-06-13,1258,17100,1785,1695,1745,2810
2013-06-14,1243,16900,1725,1690,1715,2830
2013-06-17,1221,16600,1740,1650,1650,7360
2013-06-18,1232,16750,1735,1635,1735,5620
2013-06-19,1217,16550,1690,1630,1665,4390
2013-06-20,1203,16350,1650,1605,1615,8300
2013-06-21,1184,16100,1630,1510,1510,18510
2013-06-24,1147,15600,1625,1520,1540,10380
2013-06-25,1125,15300,1560,1430,1430,12420
2013-06-26,1125,15300,1595,1505,1595,1890
2013-06-27,1159,15750,1650,1560,1595,8860
2013-06-28,1173,15950,1605,1560,1560,2930
2013-07-01,1170,15900,1590,1545,1590,3230
2013-07-02,1144,15550,1625,1555,1625,4340
2013-07-03,1144,15550,1615,1555,1610,3090
2013-07-04,1136,15450,1595,1510,1540,23880
2013-07-05,1129,15350,1595,1510,1595,9950
2013-07-08,1129,15350,1590,1535,1535,2940
2013-07-09,1147,15600,1560,1515,1515,150
2013-07-10,1147,15600,1585,1535,1560,2880
2013-07-11,1159,15750,1580,1530,1530,1310
2013-07-12,1181,16050,1605,1570,1590,5040
2013-07-15,1203,16350,1635,1545,1600,15580
2013-07-16,1199,16300,1660,1630,1650,1260
2013-07-17,1221,16600,1660,1605,1640,1810
2013-07-18,1214,16500,1670,1630,1640,6520
2013-07-19,1199,16300,1670,1630,1660,3040
2013-07-22,1199,16300,1630,1630,1630,4000
2013-07-23,1243,16900,1695,1605,1605,7460
2013-07-24,1239,16850,1690,1615,1690,1510
2013-07-25,1239,16850,1685,1635,1635,7520
2013-07-26,1243,16900,1700,1635,1635,3380
2013-07-29,1236,16800,1730,1650,1730,5460
2013-07-30,1251,17000,1700,1655,1690,1660
2013-07-31,1221,16600,1740,1650,1740,3380
2013-08-01,1221,16600,1685,1630,1650,4650
2013-08-02,1232,16750,1700,1630,1690,1780
2013-08-05,1243,16900,1730,1640,1730,5480
2013-08-06,1247,16950,1705,1650,1705,990
2013-08-07,1273,17300,1820,1695,1695,18470
2013-08-08,1280,17400,1780,1715,1780,9850
2013-08-09,1273,17300,1760,1700,1750,20520
2013-08-12,1258,17100,1740,1700,1710,4080
2013-08-13,1265,17200,1725,1670,1670,4250
2013-08-14,1254,17050,1705,1675,1675,6470
2013-08-16,1243,16900,1705,1670,1705,13910
2013-08-19,1247,16950,1715,1660,1660,4770
2013-08-20,1228,16700,1695,1665,1665,660
2013-08-21,1232,16750,1675,1645,1650,3570
2013-08-22,1203,16350,1635,1610,1625,3320
2013-08-23,1228,16700,1770,1625,1770,8400
2013-08-26,1243,16900,1725,1660,1670,670
2013-08-27,1243,16900,1690,1650,1685,3920
2013-08-28,1232,16750,1690,1640,1690,1990
2013-08-29,1247,16950,1710,1650,1670,5270
2013-08-30,1188,16150,1650,1600,1650,18160
2013-09-02,1188,16150,1620,1595,1620,5790
2013-09-03,1214,16500,1680,1615,1680,8860
2013-09-04,1210,16450,1670,1625,1625,1580
2013-09-05,1214,16500,1715,1635,1715,2230
2013-09-06,1206,16400,1700,1630,1700,5140
2013-09-09,1228,16700,1670,1630,1630,7570
2013-09-10,1236,16800,1720,1650,1720,2790
2013-09-11,1258,17100,1725,1665,1665,39480
2013-09-12,1276,17350,1760,1675,1735,30730
2013-09-13,1284,17450,1785,1725,1785,29990
2013-09-16,1302,17700,1780,1720,1720,3570
2013-09-17,1320,17950,1795,1745,1780,16860
2013-09-23,1354,18400,1840,1790,1795,37030
2013-09-24,1412,19200,1940,1845,1845,84780
2013-09-25,1365,18550,1930,1830,1920,38030
2013-09-26,1346,18300,1855,1800,1855,19660
2013-09-27,1357,18450,1865,1800,1830,6870
2013-09-30,1368,18600,1885,1800,1880,8410
2013-10-01,1350,18350,1860,1820,1860,4800
2013-10-02,1368,18600,1870,1800,1855,8920
2013-10-04,1361,18500,1880,1810,1860,8060
2013-10-07,1346,18300,1865,1805,1865,1800
2013-10-08,1354,18400,1840,1750,1805,7310
2013-10-10,1346,18300,1845,1825,1840,1200
2013-10-11,1365,18550,1900,1720,1900,2350
2013-10-14,1339,18200,1870,1765,1870,11910
2013-10-15,1306,17750,1815,1750,1805,11860
2013-10-16,1354,18400,1890,1775,1795,78530
2013-10-17,1394,18950,1895,1800,1820,33460
2013-10-18,1376,18700,1920,1830,1895,10400
2013-10-21,1361,18500,1920,1850,1880,5790
2013-10-22,1398,19000,1900,1830,1885,1600
2013-10-23,1398,19000,1920,1850,1890,4750
2013-10-24,1398,19000,1900,1900,1900,110
2013-10-25,1398,19000,1915,1825,1915,1090
2013-10-28,1427,19400,1970,1940,1970,2250
2013-10-29,1420,19300,1965,1880,1965,1340
2013-10-30,1420,19300,1930,1930,1930,100
2013-10-31,1416,19250,1925,1820,1925,11710
2013-11-01,1387,18850,1970,1830,1970,10220
2013-11-04,1354,18400,1900,1810,1900,10320
2013-11-05,1368,18600,1885,1795,1885,1400
2013-11-06,1331,18100,1895,1800,1895,21140
2013-11-07,1331,18100,1830,1770,1830,8520
2013-11-08,1350,18350,1900,1810,1865,2000
2013-11-11,1361,18500,1875,1700,1875,3290
2013-11-12,1383,18800,1900,1740,1900,1810
2013-11-13,1365,18550,1895,1800,1895,2520
2013-11-14,1361,18500,1850,1800,1830,1110
2013-11-15,1361,18500,1850,1800,1850,2750
2013-11-18,1376,18700,1890,1830,1850,1080
2013-11-19,1376,18700,1900,1800,1850,2690
2013-11-20,1387,18850,1895,1815,1895,140
2013-11-21,1383,18800,1955,1815,1865,4590
2013-11-22,1394,18950,1895,1850,1850,1240
2013-11-25,1398,19000,1900,1840,1840,3880
2013-11-26,1412,19200,1945,1845,1945,280
2013-11-27,1379,18750,1900,1835,1850,4790
2013-11-28,1383,18800,1900,1860,1875,7190
2013-11-29,1431,19450,2090,1850,1850,8580
2013-12-02,1412,19200,2030,1900,1945,1810
2013-12-03,1372,18650,1900,1850,1900,3470
2013-12-04,1365,18550,2025,1800,1840,7810
2013-12-05,1383,18800,1950,1820,1950,1670
2013-12-06,1383,18800,1900,1820,1860,2220
2013-12-09,1365,18550,1890,1820,1820,8250
2013-12-10,1383,18800,1880,1880,1880,2660
2013-12-11,1376,18700,1880,1820,1820,4870
2013-12-12,1376,18700,1870,1805,1825,4230
2013-12-13,1361,18500,1855,1810,1820,3490
2013-12-16,1350,18350,1840,1810,1840,1110
2013-12-17,1346,18300,1830,1805,1805,320
2013-12-18,1361,18500,1860,1800,1805,2760
2013-12-19,1361,18500,1850,1835,1835,270
2013-12-20,1398,19000,1920,1815,1920,7590
2013-12-23,1372,18650,1870,1845,1845,560
2013-12-24,1383,18800,1880,1820,1820,9930
2013-12-26,1372,18650,1880,1815,1880,3850
2013-12-27,1442,18550,1860,1795,1850,12220
2013-12-30,1430,18400,1850,1840,1850,40
2014-01-02,1422,18300,1840,1830,1840,500
2014-01-03,1415,18200,1820,1805,1820,1360
2014-01-06,1438,18500,1875,1765,1820,8890
2014-01-07,1442,18550,1900,1820,1900,900
2014-01-08,1442,18550,1855,1810,1825,2320
2014-01-09,1438,18500,1850,1795,1800,2150
2014-01-10,1426,18350,1850,1790,1850,6010
2014-01-13,1419,18250,1860,1800,1860,3840
2014-01-14,1411,18150,1825,1800,1800,1440
2014-01-15,1411,18150,1815,1795,1795,1360
2014-01-16,1419,18250,1825,1765,1765,2210
2014-01-17,1411,18150,1825,1800,1800,1260
2014-01-20,1384,17800,1805,1750,1765,7020
2014-01-21,1368,17600,1805,1750,1805,3510
2014-01-22,1395,17950,1795,1795,1795,20
2014-01-23,1391,17900,1800,1770,1800,3220
2014-01-24,1399,18000,1810,1755,1810,990
2014-01-27,1391,17900,1790,1760,1790,4760
2014-01-28,1422,18300,1840,1780,1790,3420
2014-01-29,1422,18300,1840,1800,1830,14460
2014-02-03,1422,18300,1845,1800,1830,4370
2014-02-04,1403,18050,1830,1795,1830,5690
2014-02-05,1415,18200,1825,1805,1805,430
2014-02-06,1411,18150,1820,1790,1820,1230
2014-02-07,1438,18500,1850,1785,1815,10560
2014-02-10,1419,18250,1850,1810,1830,4920
2014-02-11,1430,18400,1900,1805,1900,2400
2014-02-12,1434,18450,1845,1810,1830,950
2014-02-13,1419,18250,1825,1810,1825,5100
2014-02-14,1438,18500,1980,1800,1825,13510
2014-02-17,1454,18700,1900,1830,1850,1280
2014-02-18,1450,18650,1870,1845,1870,410
2014-02-19,1446,18600,1865,1825,1825,420
2014-02-20,1446,18600,1870,1780,1840,5640
2014-02-21,1446,18600,1920,1860,1860,2610
2014-02-24,1446,18600,1915,1855,1915,2170
2014-02-25,1454,18700,1915,1850,1915,4460
2014-02-26,1454,18700,1875,1825,1825,5090
2014-02-27,1415,18200,1850,1820,1850,4620
2014-02-28,1399,18000,1835,1790,1815,21820
2014-03-03,1415,18200,1845,1820,1845,220
2014-03-04,1399,18000,1950,1800,1950,4760
2014-03-05,1395,17950,1840,1780,1840,5920
2014-03-06,1426,18350,1860,1795,1805,15770
2014-03-07,1426,18350,1860,1835,1850,4330
2014-03-10,1426,18350,1890,1810,1890,4260
2014-03-11,1430,18400,1850,1815,1850,2430
2014-03-12,1407,18100,1830,1800,1815,9340
2014-03-13,1403,18050,1840,1800,1835,7100
2014-03-14,1403,18050,1830,1785,1800,7950
2014-03-17,1415,18200,1825,1795,1800,8200
2014-03-18,1411,18150,1820,1790,1820,860
2014-03-19,1407,18100,1810,1785,1785,1630
2014-03-20,1399,18000,1800,1800,1800,520
2014-03-21,1407,18100,1825,1800,1800,11180
2014-03-24,1403,18050,1805,1800,1800,2200
2014-03-25,1403,18050,1805,1795,1805,4250
2014-03-26,1403,18050,1820,1800,1805,5450
2014-03-27,1411,18150,1815,1780,1815,10230
2014-03-28,1403,18050,1815,1805,1815,6640
2014-03-31,1399,18000,1865,1780,1810,25500
2014-04-01,1403,18050,1805,1795,1795,6080
2014-04-02,1403,18050,1805,1805,1805,260
2014-04-03,1411,18150,1815,1795,1795,5650
2014-04-04,1407,18100,1810,1785,1810,12150
2014-04-07,1434,18450,1850,1805,1810,41630
2014-04-08,1434,18450,1850,1825,1850,12580
2014-04-09,1496,19250,1970,1840,1840,58290
2014-04-10,1485,19100,1925,1865,1910,24930
2014-04-11,1477,19000,1910,1880,1910,2040
2014-04-14,1481,19050,1915,1870,1900,10650
2014-04-15,1477,19000,1905,1870,1905,8980
2014-04-16,1496,19250,1970,1890,1900,74610
2014-04-17,1508,19400,1950,1895,1935,42580
2014-04-18,1539,19800,1980,1910,1945,45290
2014-04-21,1578,20300,2040,1955,2000,21160
2014-04-22,1617,20800,2165,1995,2045,61320
2014-04-23,1559,20050,2080,2005,2080,34000
2014-04-24,1527,19650,2000,1915,2000,31560
2014-04-25,1500,19300,1950,1905,1950,28220
2014-04-28,1481,19050,1930,1870,1930,25730
2014-04-29,1485,19100,1930,1890,1905,14240
2014-04-30,1524,19600,1965,1910,1910,54720
2014-05-02,1524,19600,2000,1935,1960,28100
2014-05-07,1477,19000,1960,1865,1960,19380
2014-05-08,1461,18800,1900,1865,1900,15350
2014-05-09,1430,18400,1880,1600,1880,102790
2014-05-12,1446,18600,1860,1820,1840,2726320
2014-05-13,1477,19000,1920,1860,1860,45990
2014-05-14,1489,19150,1920,1880,1880,26760
2014-05-15,1485,19100,1915,1905,1910,15130
2014-05-16,1485,19100,1910,1885,1900,15650
2014-05-19,1477,19000,1910,1885,1910,21990
2014-05-20,1477,19000,1910,1885,1885,3930
2014-05-21,1469,18900,1905,1885,1890,6120
2014-05-22,1454,18700,1900,1820,1880,31010
2014-05-23,1551,19950,2035,1870,1895,89850
2014-05-26,1601,20600,2090,1940,1990,47420
2014-05-27,1590,20450,2060,1970,2045,44180
2014-05-28,1827,23500,2350,2030,2030,228670
2014-05-29,1889,24300,2520,2330,2420,311270
2014-05-30,1854,23850,2480,2350,2425,156140
2014-06-02,1726,22200,2415,2125,2385,97350
2014-06-03,1741,22400,2270,2155,2180,43450
2014-06-05,1652,21250,2305,2070,2240,59490
2014-06-09,1671,21500,2200,2120,2125,22550
2014-06-10,1741,22400,2330,2170,2240,61690
2014-06-11,1745,22450,2290,2200,2215,11880
2014-06-12,1749,22500,2320,2225,2260,29900
2014-06-13,1734,22300,2320,2185,2200,42860
2014-06-16,1749,22500,2270,2185,2270,6930
2014-06-17,1745,22450,2250,2200,2250,23980
2014-06-18,1679,21600,2310,2150,2250,34900
2014-06-19,1683,21650,2165,2080,2150,46110
2014-06-20,1706,21950,2240,2150,2165,7760
2014-06-23,1714,22050,2240,2150,2240,16680
2014-06-24,1691,21750,2195,2130,2155,13850
2014-06-25,1667,21450,2235,2115,2235,1060
2014-06-26,1679,21600,2280,2100,2155,6970
2014-06-27,1702,21900,2250,2115,2250,25300
2014-06-30,1671,21500,2185,2115,2150,10570
2014-07-01,1671,21500,2290,2130,2150,11800
2014-07-02,1706,21950,2235,2120,2235,37500
2014-07-03,1710,22000,2205,2170,2205,10300
2014-07-04,1765,22700,2350,2170,2170,148530
2014-07-07,1877,24150,2510,2260,2260,164760
2014-07-08,2157,27750,2775,2380,2425,340880
2014-07-09,2480,31900,3190,2825,2895,529180
2014-07-10,2612,33600,3570,3215,3350,592430
2014-07-11,2838,36500,3800,3250,3375,526180
2014-07-14,2838,36500,3650,3650,3650,0
2014-07-15,2838,36500,3960,3520,3910,241680
2014-07-16,2892,37200,3780,3590,3780,92980
2014-07-17,3118,40100,4010,3810,3820,201270
2014-07-18,2974,38250,4020,3700,3980,205310
2014-07-21,3188,41000,4100,3610,3730,184030
2014-07-22,3067,39450,4100,3915,4060,118020
2014-07-23,2861,36800,3960,3650,3960,173230
2014-07-24,2643,34000,3915,3400,3700,274450
2014-07-25,3040,39100,3910,3400,3400,381370
2014-07-28,2861,36800,4095,3365,4095,385030
2014-07-29,2810,36150,3700,3500,3700,211440
2014-07-30,2892,37200,3810,3585,3730,57350
2014-07-31,2927,37650,3785,3555,3720,84220
2014-08-01,2810,36150,3720,3465,3700,157280
2014-08-04,2709,34850,3650,3425,3525,313650
2014-08-05,2740,35250,3555,3430,3455,85990
2014-08-06,2628,33800,3525,3260,3525,230530
2014-08-07,2682,34500,3500,3290,3345,110900
2014-08-08,2709,34850,3485,3350,3485,51310
2014-08-11,2577,33150,3500,3260,3465,73690
2014-08-12,2558,32900,3370,3210,3315,27610
2014-08-13,2480,31900,3310,3080,3285,129260
2014-08-14,2461,31650,3315,3075,3315,37140
2014-08-18,2457,31600,3250,2950,3165,81490
2014-08-19,2457,31600,3250,3070,3250,23280
2014-08-20,2480,31900,3280,3120,3160,46170
2014-08-21,2499,32150,3270,3180,3270,54060
2014-08-22,2589,33300,3330,3165,3200,46770
2014-08-25,2682,34500,3560,3270,3380,105350
2014-08-26,2744,35300,3545,3390,3545,76020
2014-08-27,3153,40550,4055,3420,3500,484550
2014-08-28,3265,42000,4400,3980,4060,386440
2014-08-29,3180,40900,4220,3965,4200,174880
2014-09-01,3032,39000,4080,3845,4080,143370
2014-09-02,3258,41900,4350,3650,3900,1696190
2014-09-03,3296,42400,4330,4080,4250,214130
2014-09-04,3296,42400,4350,4055,4350,136320
2014-09-05,3308,42550,4415,4200,4200,111180
2014-09-11,3230,41550,4385,4070,4255,88230
2014-09-12,3090,39750,4150,3905,4150,108510
2014-09-15,2950,37950,3925,3730,3900,147640
2014-09-16,3203,41200,4135,3800,3825,160570
2014-09-17,3328,42800,4280,4005,4115,135460
2014-09-18,3464,44550,4590,4280,4280,241260
2014-09-19,3872,49800,5120,4360,4455,205860
2014-09-22,3887,50000,5050,4810,5050,66190
2014-09-23,3981,51200,5210,4890,5000,97760
2014-09-24,3903,50200,5170,4915,5170,47700
2014-09-25,3782,48650,5080,4800,5080,80180
2014-09-26,3934,50600,5150,4720,4800,53070
2014-09-29,3919,50400,5270,4900,5270,85660
2014-09-30,3876,49850,5130,4835,5130,51490
2014-10-01,3810,49000,4990,4800,4920,42140
2014-10-02,3919,50400,5380,4845,5000,143810
2014-10-06,3697,47550,5040,4730,5040,68320
2014-10-07,3639,46800,4900,4680,4710,100360
2014-10-08,3596,46250,4780,4470,4745,56410
2014-10-10,3460,44500,4790,4380,4625,68490
2014-10-13,3234,41600,4400,4005,4305,106950
2014-10-14,3359,43200,4360,4050,4050,52570
2014-10-15,3335,42900,4450,4150,4450,26310
2014-10-16,3242,41700,4285,3930,4285,69740
2014-10-17,3296,42400,4400,4150,4160,88110
2014-10-20,3464,44550,4495,4210,4380,115870
2014-10-21,3538,45500,4615,4350,4460,10810
2014-10-22,3685,47400,4860,4610,4665,62760
2014-10-23,3576,46000,4795,4490,4795,31900
2014-10-24,3413,43900,4690,4275,4690,62690
2014-10-27,3230,41550,4500,4040,4500,98420
2014-10-28,3265,42000,4270,4120,4270,78130
2014-10-29,3277,42150,4340,4130,4290,65350
2014-10-30,3184,40950,4370,3730,4370,101100
2014-10-31,3009,38700,4150,3735,4150,177100
2014-11-03,3106,39950,4195,3805,3805,191680
2014-11-04,3110,40000,4025,3810,3985,93520
2014-11-05,3075,39550,4075,3870,4030,32000
2014-11-06,3036,39050,4100,3810,3855,57450
2014-11-07,3137,40350,4090,3855,3905,80980
2014-11-10,3258,41900,4190,4055,4085,35100
2014-11-11,3444,44300,4480,4195,4195,104250
2014-11-12,3545,45600,4560,4235,4430,162160
2014-11-13,3499,45000,4600,4380,4570,174160
2014-11-14,3401,43750,4495,4280,4495,1782810
2014-11-17,3351,43100,4480,4275,4480,179950
2014-11-18,3452,44400,4445,4215,4265,234440
2014-11-19,3320,42700,4535,4100,4400,477940
2014-11-20,3145,40450,4270,3945,4270,318480
2014-11-21,3129,40250,4070,3950,4000,127690
2014-11-24,3160,40650,4100,4020,4025,68980
2014-11-25,3188,41000,4140,4065,4065,97610
2014-11-26,3242,41700,4190,3975,4100,109430
2014-11-27,3242,41700,4230,4105,4170,67970
2014-11-28,3137,40350,4170,3995,4170,139740
2014-12-01,3137,40350,4150,3990,4035,83450
2014-12-02,3133,40300,4080,3990,4005,82210
2014-12-03,3133,40300,4070,3980,4030,29350
2014-12-04,3133,40300,4080,3975,4080,53460
2014-12-05,3052,39250,4060,3880,4060,74830
2014-12-08,3020,38850,3980,3780,3980,100300
2014-12-09,3110,40000,4060,3820,3880,88800
2014-12-10,3110,40000,4040,3955,4000,22100
2014-12-11,3083,39650,4025,3895,4025,60980
2014-12-12,3032,39000,3990,3875,3990,64630
2014-12-15,2947,37900,3915,3790,3915,41950
2014-12-16,2947,37900,3890,3740,3790,53300
2014-12-17,2908,37400,3920,3650,3920,56130
2014-12-18,2950,37950,3830,3645,3745,70910
2014-12-19,3005,38650,3905,3660,3800,46160
2014-12-22,3079,39600,3965,3900,3900,50610
2014-12-23,3153,40550,4160,3890,4000,202300
2014-12-24,3153,40550,4130,3980,4055,78460
2014-12-26,3160,40650,4110,4000,4055,202350
2014-12-29,3891,40200,4050,3960,4050,64470
2014-12-30,3896,40250,4050,3950,4050,21030
2015-01-02,3930,40600,4060,3955,4025,21140
2015-01-05,3954,40850,4085,4030,4060,86290
2015-01-06,3911,40400,4085,3990,4085,23190
2015-01-07,3862,39900,4035,3935,4030,62670
2015-01-08,3828,39550,4045,3950,4000,43560
2015-01-09,3790,39150,3990,3895,3990,39800
2015-01-12,3969,41000,4300,4060,4200,185230
2015-01-13,4085,42200,4375,4100,4100,340830
2015-01-14,4095,42300,4375,4175,4220,214530
2015-01-15,4133,42700,4390,4215,4245,209530
2015-01-16,4138,42750,4300,4220,4250,71390
2015-01-19,4085,42200,4300,4200,4290,111310
2015-01-20,4162,43000,4300,4200,4220,206330
2015-01-21,4593,47450,4785,4300,4350,438280
2015-01-22,4477,46250,4745,4535,4655,149670
2015-01-23,4453,46000,4675,4530,4625,95020
2015-01-26,4792,49500,4975,4610,4685,429990
2015-01-27,4850,50100,5100,4840,5100,285550
2015-01-28,4835,49950,5080,4915,4940,123240
2015-01-29,5101,52700,5300,4935,4990,249540
2015-01-30,5179,53500,5450,5160,5350,227500
2015-02-02,5198,53700,5450,5310,5350,191030
2015-02-03,5131,53000,5450,5230,5390,246400
2015-02-04,5392,55700,5570,5190,5280,420930
2015-02-05,5392,55700,5570,5570,5570,0
2015-02-06,5392,55700,5570,5570,5570,0
2015-02-09,5392,55700,5570,5570,5570,0
2015-02-10,5392,55700,5570,5570,5570,0
2015-02-11,5392,55700,5570,5570,5570,0
2015-02-12,5392,55700,5570,5570,5570,0
2015-02-13,5392,55700,5570,5570,5570,0
2015-02-16,5392,55700,5570,5570,5570,0
2015-02-17,5392,55700,5570,5570,5570,0
2015-02-23,5392,55700,5570,5570,5570,0
2015-02-24,5072,5240,5950,5050,5600,819707
2015-02-25,4724,4880,5370,4865,5180,576979
2015-02-26,4554,4705,5090,4705,4880,348724
2015-02-27,4714,4870,4875,4670,4750,255480
2015-03-02,4501,4650,4930,4585,4885,215524
2015-03-03,4530,4680,4745,4605,4680,169980
2015-03-04,4782,4940,4980,4640,4780,286038
2015-03-05,4763,4920,5080,4845,4980,206290
2015-03-06,4685,4840,4955,4790,4915,97084
2015-03-09,4540,4690,4840,4610,4785,140664
2015-03-10,4496,4645,4745,4570,4745,120699
2015-03-11,4308,4450,4640,4405,4600,213330
2015-03-12,4482,4630,4650,4435,4465,166817
2015-03-13,4608,4760,4845,4670,4675,162216
2015-03-16,4516,4665,4750,4615,4730,71588
2015-03-17,4404,4550,4700,4460,4700,182438
2015-03-18,4264,4405,4580,4400,4580,107517
2015-03-19,4220,4360,4430,4205,4430,188576
2015-03-20,4158,4295,4390,4270,4390,98534
2015-03-23,4119,4255,4330,4080,4300,280510
2015-03-24,4361,4505,4545,4180,4280,225180
2015-03-25,4230,4370,4515,4370,4505,115560
2015-03-26,4172,4310,4410,4290,4340,75487
2015-03-27,4191,4330,4475,4305,4315,87856
2015-03-30,4308,4450,4470,4310,4335,79909
2015-03-31,4627,4780,4840,4450,4500,294378
2015-04-01,4622,4775,4995,4690,4790,282350
2015-04-02,4540,4690,4805,4605,4805,136933
2015-04-03,4492,4640,4750,4590,4700,83360
2015-04-06,4477,4625,4675,4490,4605,126421
2015-04-07,4337,4480,4695,4475,4675,121540
2015-04-08,4341,4485,4690,4480,4520,148907
2015-04-09,4385,4530,4640,4485,4510,88119
2015-04-10,4380,4525,4580,4435,4580,102557
2015-04-13,4230,4370,4590,4295,4525,250914
2015-04-14,4095,4230,4400,4215,4400,274913
2015-04-15,4114,4250,4285,4200,4260,120132
2015-04-16,4075,4210,4295,4210,4255,115543
2015-04-17,4191,4330,4385,4210,4210,140250
2015-04-20,4312,4455,4485,4295,4330,164978
2015-04-21,4279,4420,4615,4415,4480,197173
2015-04-22,4129,4265,4510,4095,4420,209941
2015-04-23,4017,4150,4310,4140,4265,183569
2015-04-24,4070,4205,4270,4125,4125,74460
2015-04-27,4250,4390,4440,4205,4210,90311
2015-04-28,4187,4325,4515,4325,4430,62256
2015-04-29,4124,4260,4395,4230,4375,56588
2015-04-30,4061,4195,4320,4160,4320,50151
2015-05-04,4003,4135,4255,4115,4195,31137
2015-05-06,3814,3940,4195,3940,4135,54083
2015-05-07,3877,4005,4010,3840,3950,67466
2015-05-08,3945,4075,4115,3960,4000,44787
2015-05-11,3978,4110,4145,4080,4090,27879
2015-05-12,4090,4225,4285,4100,4115,55833
2015-05-13,4066,4200,4305,4160,4290,33227
2015-05-14,4027,4160,4250,4100,4250,54058
2015-05-15,4022,4155,4180,4100,4125,60083
2015-05-18,3872,4000,4155,3915,4125,111090
2015-05-19,3819,3945,4060,3875,4060,80039
2015-05-20,3678,3800,3940,3765,3940,139891
2015-05-21,3746,3870,3900,3750,3775,75831
2015-05-22,3659,3780,3900,3760,3890,62690
2015-05-26,3596,3715,3830,3715,3780,35824
2015-05-27,3523,3640,3765,3640,3715,70202
2015-05-28,3654,3775,3970,3645,3645,119084
2015-05-29,3659,3780,3900,3780,3875,41069
2015-06-01,3659,3780,3800,3695,3780,46099
2015-06-02,3475,3590,3790,3580,3780,106611
2015-06-03,3330,3440,3610,3425,3600,110847
2015-06-04,3388,3500,3500,3395,3430,46926
2015-06-05,3320,3430,3535,3420,3490,32770
2015-06-08,3422,3535,3535,3410,3420,33319
2015-06-09,3417,3530,3620,3500,3555,21015
2015-06-10,3499,3615,3705,3530,3530,49284
2015-06-11,3465,3580,3675,3520,3600,40938
2015-06-12,3427,3540,3660,3540,3580,25473
2015-06-15,3349,3460,3555,3430,3480,43898
2015-06-16,3281,3390,3520,3365,3460,29713
2015-06-17,3310,3420,3485,3380,3410,42602
2015-06-18,3369,3480,3590,3410,3430,44366
2015-06-19,3369,3480,3500,3420,3500,31847
2015-06-22,3456,3570,3580,3510,3520,34579
2015-06-23,3485,3600,3740,3570,3570,41310
2015-06-24,3490,3605,3680,3560,3650,36874
2015-06-25,3393,3505,3620,3490,3600,34422
2015-06-26,3378,3490,3560,3435,3500,47244
2015-06-29,3257,3365,3515,3365,3490,61533
2015-06-30,3214,3320,3420,3300,3365,27377
2015-07-01,3339,3450,3450,3300,3390,45265
2015-07-02,3364,3475,3530,3430,3515,25741
2015-07-03,3339,3450,3525,3410,3490,30233
2015-07-06,3218,3325,3520,3325,3440,44970
2015-07-07,3218,3325,3445,3290,3400,40204
2015-07-08,3262,3370,3390,3255,3255,48889
2015-07-09,3204,3310,3370,3285,3370,37435
2015-07-10,3349,3460,3550,3315,3315,97644
2015-07-13,3407,3520,3630,3465,3525,111776
2015-07-14,3431,3545,3600,3525,3545,26543
2015-07-15,3523,3640,3660,3520,3580,64374
2015-07-16,3693,3815,3950,3600,3700,142400
2015-07-17,3925,4055,4065,3750,3880,174104
2015-07-20,3920,4050,4150,3985,4055,165767
2015-07-21,3862,3990,4140,3910,4055,107907
2015-07-22,3785,3910,4030,3815,3965,111575
2015-07-23,3693,3815,3910,3770,3910,77934
2015-07-24,3543,3660,3880,3650,3810,92220
2015-07-27,3543,3660,3720,3550,3650,116420
2015-07-28,3567,3685,3730,3515,3660,42599
2015-07-29,3746,3870,4200,3700,3700,232132
2015-07-30,3606,3725,3945,3685,3930,70681
2015-07-31,3557,3675,3765,3575,3730,71923
2015-08-03,3465,3580,3695,3485,3675,57243
2015-08-04,3465,3580,3640,3530,3590,22269
2015-08-05,3499,3615,3620,3570,3580,13822
2015-08-06,3494,3610,3645,3580,3645,22186
2015-08-07,3475,3590,3630,3565,3600,19696
2015-08-10,3480,3595,3640,3540,3570,26115
2015-08-11,3446,3560,3660,3520,3610,25525
2015-08-12,3373,3485,3590,3340,3560,65351
2015-08-13,3383,3495,3530,3400,3420,24396
2015-08-14,3383,3495,3495,3495,3495,0
2015-08-17,3383,3495,3590,3450,3590,30406
2015-08-18,3320,3430,3505,3375,3470,47307
2015-08-19,3209,3315,3430,3150,3430,82688
2015-08-20,3146,3250,3335,3200,3330,27982
2015-08-21,2996,3095,3265,2980,3095,83879
2015-08-24,2991,3090,3125,2975,3105,51256
2015-08-25,3001,3100,3150,3030,3105,63503
2015-08-26,3078,3180,3280,3075,3120,69613
2015-08-27,3112,3215,3255,3185,3240,42042
2015-08-28,3044,3145,3250,3100,3250,95545
2015-08-31,3044,3145,3150,3035,3100,75651
2015-09-01,3068,3170,3330,3090,3145,64131
2015-09-02,3078,3180,3200,3115,3135,35526
2015-09-03,3025,3125,3230,3095,3210,92742
2015-09-04,2967,3065,3145,2985,3125,24916
2015-09-07,3001,3100,3110,3010,3100,12192
2015-09-08,3015,3115,3115,3020,3100,16283
2015-09-09,3030,3130,3145,3100,3115,13065
2015-09-10,3064,3165,3165,3105,3125,9942
2015-09-11,3020,3120,3205,3100,3165,59675
2015-09-14,3015,3115,3140,3055,3140,17261
2015-09-15,3015,3115,3130,3055,3110,46994
2015-09-16,3068,3170,3200,3080,3120,48704
2015-09-17,3097,3200,3250,3110,3200,51677
2015-09-18,3175,3280,3300,3165,3220,49661
2015-09-21,3185,3290,3295,3250,3280,31310
2015-09-22,3252,3360,3380,3280,3305,63666
2015-09-23,3180,3285,3390,3250,3355,34276
2015-09-24,3248,3355,3360,3285,3285,41917
2015-09-25,3252,3360,3390,3330,3330,21859
2015-09-30,3267,3375,3390,3265,3330,59302
2015-10-01,3267,3375,3410,3275,3400,30479
2015-10-02,3267,3375,3420,3300,3350,17205
2015-10-05,3262,3370,3420,3350,3360,16786
2015-10-06,3354,3465,3470,3370,3370,59795
2015-10-07,3359,3470,3615,3465,3500,46818
2015-10-08,3369,3480,3560,3440,3525,23393
2015-10-12,3373,3485,3595,3440,3480,31332
2015-10-13,3243,3350,3555,3350,3485,27629
2015-10-14,3252,3360,3410,3285,3350,35879
2015-10-15,3272,3380,3400,3330,3330,14108
2015-10-16,3330,3440,3465,3360,3395,50589
2015-10-19,3330,3440,3465,3390,3460,27411
2015-10-20,3330,3440,3450,3410,3440,9766
2015-10-21,3315,3425,3450,3400,3440,11751
2015-10-22,3277,3385,3420,3370,3420,10100
2015-10-23,3262,3370,3405,3365,3385,17020
2015-10-26,3185,3290,3370,3265,3340,58429
2015-10-27,3160,3265,3290,3230,3265,29537
2015-10-28,3165,3270,3320,3265,3305,36826
2015-10-29,3185,3290,3315,3290,3310,18204
2015-10-30,3170,3275,3360,3235,3325,28362
2015-11-02,3156,3260,3305,3235,3240,18396
2015-11-03,3165,3270,3280,3225,3225,14008
2015-11-04,3243,3350,3350,3240,3270,21016
2015-11-05,3267,3375,3390,3330,3385,18440
2015-11-06,3204,3310,3375,3305,3325,35321
2015-11-09,3097,3200,3300,3200,3290,23087
2015-11-10,3064,3165,3300,3125,3170,48571
2015-11-11,3078,3180,3190,3130,3165,22631
2015-11-12,3083,3185,3185,3140,3160,18521
2015-11-13,3020,3120,3210,3110,3210,13992
2015-11-16,2875,2970,3080,2920,3070,54023
2015-11-17,2889,2985,3050,2945,3000,35362
2015-11-18,2851,2945,2985,2935,2945,23446
2015-11-19,2880,2975,2980,2905,2945,21426
2015-11-20,2909,3005,3035,2970,3000,23646
2015-11-23,3030,3130,3190,2995,3005,41168
2015-11-24,3015,3115,3165,3070,3150,40032
2015-11-25,3059,3160,3165,3055,3110,32445
2015-11-26,3088,3190,3205,3150,3160,33931
2015-11-27,3088,3190,3240,3150,3185,57748
2015-11-30,3088,3190,3195,3150,3190,21434
2015-12-01,3131,3235,3240,3170,3170,26188
2015-12-02,3156,3260,3280,3235,3240,40820
2015-12-03,3194,3300,3300,3235,3260,31891
2015-12-04,3233,3340,3420,3235,3300,77292
2015-12-07,3199,3305,3375,3265,3370,41106
2015-12-08,3243,3350,3355,3260,3335,52755
2015-12-09,3262,3370,3370,3280,3280,39132
2015-12-10,3310,3420,3425,3330,3330,90984
2015-12-11,3388,3500,3505,3420,3420,57842
2015-12-14,3359,3470,3495,3390,3495,38585
2015-12-15,3795,3920,4135,3410,3435,1090100
2015-12-16,3577,3695,3900,3610,3900,171836
2015-12-17,3509,3625,3735,3615,3720,89207
2015-12-18,3398,3510,3655,3490,3630,124038
2015-12-21,3436,3550,3595,3520,3595,38476
2015-12-22,3407,3520,3595,3520,3535,72262
2015-12-23,3485,3600,3645,3515,3525,54922
2015-12-24,3499,3615,3640,3575,3585,41557
2015-12-28,3446,3560,3615,3500,3615,62767
2015-12-29,3510,3545,3610,3465,3500,25444
2015-12-30,3481,3515,3580,3440,3545,22514
2016-01-04,3466,3500,3520,3360,3515,31509
2016-01-05,3481,3515,3535,3400,3455,30055
2016-01-06,3441,3475,3550,3440,3490,27426
2016-01-07,3372,3405,3510,3405,3475,58851
2016-01-08,3406,3440,3445,3325,3405,36767
2016-01-11,3406,3440,3455,3400,3455,19100
2016-01-12,3406,3440,3475,3395,3420,28324
2016-01-13,3510,3545,3550,3415,3480,21867
2016-01-14,3481,3515,3590,3410,3510,143685
2016-01-15,3436,3470,3535,3420,3530,38982
2016-01-18,3342,3375,3465,3360,3450,34858
2016-01-19,3392,3425,3450,3380,3410,18216
2016-01-20,3312,3345,3455,3320,3425,40494
2016-01-21,3317,3350,3415,3310,3310,14876
2016-01-22,3456,3490,3530,3310,3310,74296
2016-01-25,3530,3565,3570,3460,3510,45213
2016-01-26,3491,3525,3570,3470,3565,12549
2016-01-27,3496,3530,3545,3510,3545,8393
2016-01-28,3585,3620,3620,3455,3530,57607
2016-01-29,3604,3640,3660,3545,3600,39325
2016-02-01,3515,3550,3690,3495,3650,31868
2016-02-02,3500,3535,3550,3495,3550,13090
2016-02-03,3481,3515,3535,3400,3520,16490
2016-02-04,3585,3620,3630,3460,3475,36246
2016-02-05,3689,3725,3725,3575,3620,22117
2016-02-11,3674,3710,3725,3600,3725,29066
2016-02-12,3555,3590,3690,3535,3660,48085
2016-02-15,3575,3610,3720,3505,3590,32473
2016-02-16,3609,3645,3650,3575,3610,10039
2016-02-17,3629,3665,3670,3615,3625,14482
2016-02-18,3684,3720,3750,3655,3665,21601
2016-02-19,3703,3740,3750,3700,3720,10563
2016-02-22,3694,3730,3775,3730,3760,14424
2016-02-23,3649,3685,3780,3680,3780,18664
2016-02-24,3649,3685,3705,3600,3680,23569
2016-02-25,3629,3665,3715,3625,3685,11989
2016-02-26,3580,3615,3705,3605,3665,19493
2016-02-29,3659,3695,3695,3605,3605,7926
2016-03-02,3604,3640,3710,3635,3695,31663
2016-03-03,3624,3660,3680,3605,3640,19041
2016-03-04,3614,3650,3665,3595,3630,21827
2016-03-07,3609,3645,3695,3620,3650,16976
2016-03-08,3649,3685,3685,3580,3580,25767
2016-03-09,3664,3700,3700,3660,3690,19768
2016-03-10,3604,3640,3730,3640,3715,22454
2016-03-11,3624,3660,3695,3615,3680,12682
2016-03-14,3733,3770,3775,3660,3660,46596
2016-03-15,3743,3780,3780,3715,3770,52182
2016-03-16,3763,3800,3855,3750,3770,39076
2016-03-17,3773,3810,3840,3770,3840,35698
2016-03-18,3877,3915,3930,3780,3780,42825
2016-03-21,3921,3960,4065,3930,4000,113235
2016-03-22,3897,3935,3940,3905,3925,34782
2016-03-23,3971,4010,4010,3925,3930,40816
2016-03-24,3882,3920,4060,3880,4015,91315
2016-03-25,3921,3960,3990,3880,3920,20770
2016-03-28,3921,3960,4020,3910,3930,26792
2016-03-29,3926,3965,3995,3910,3995,17105
2016-03-30,3931,3970,4015,3920,3965,45972
2016-03-31,3936,3975,4000,3900,4000,30500
2016-04-01,3936,3975,4000,3940,4000,12019
2016-04-04,3872,3910,3995,3895,3995,60211
2016-04-05,3788,3825,3910,3790,3910,59009
2016-04-06,3817,3855,3875,3800,3875,36136
2016-04-07,3783,3820,3895,3795,3890,26055
2016-04-08,3763,3800,3830,3750,3820,35058
2016-04-11,3763,3800,3850,3770,3800,22161
2016-04-12,3857,3895,3895,3800,3800,25957
2016-04-14,3872,3910,3920,3895,3895,18826
2016-04-15,3877,3915,3915,3850,3910,38073
2016-04-18,3748,3785,3930,3785,3915,30686
2016-04-19,3684,3720,3840,3610,3785,33678
2016-04-20,3684,3720,3725,3645,3720,51767
2016-04-21,3733,3770,3820,3720,3720,16203
2016-04-22,3674,3710,3770,3705,3770,25924
2016-04-25,3684,3720,3750,3675,3710,13535
2016-04-26,3674,3710,3720,3660,3720,17117
2016-04-27,3664,3700,3740,3665,3710,19658
2016-04-28,3644,3680,3705,3630,3705,32995
2016-04-29,3679,3715,3715,3610,3610,24190
2016-05-02,3684,3720,3740,3640,3680,41228
2016-05-03,3763,3800,4090,3730,3840,235931
2016-05-04,3689,3725,3820,3675,3800,65414
2016-05-09,4065,4105,4105,3670,3725,241914
2016-05-10,3981,4020,4120,3905,4110,168765
2016-05-11,3827,3865,4010,3840,4010,107442
2016-05-12,3847,3885,3910,3800,3865,41220
2016-05-13,3803,3840,3900,3815,3885,34822
2016-05-16,3902,3940,3960,3760,3840,148611
2016-05-17,4006,4045,4060,3870,3880,170975
2016-05-18,3862,3900,4795,3800,4200,2523667
2016-05-19,3694,3730,3950,3650,3925,485774
2016-05-20,4006,4045,4150,3610,3695,448640
2016-05-23,4550,4595,4665,4200,4245,1001158
2016-05-24,4501,4545,5040,4420,4880,1208081
2016-05-25,4253,4295,4630,4145,4600,301205
2016-05-26,4179,4220,4395,4000,4395,512325
2016-05-27,4501,4545,4545,4110,4265,337336
2016-05-30,4753,4800,4880,4555,4555,376459
2016-05-31,4724,4770,4830,4600,4810,193412
2016-06-01,4704,4750,4840,4600,4840,117900
2016-06-02,4525,4570,4955,4510,4760,303659
2016-06-03,4436,4480,4570,4250,4500,266542
2016-06-07,4233,4275,4530,4205,4480,181295
2016-06-08,4010,4050,4300,3955,4275,379673
2016-06-09,4035,4075,4125,3960,4050,197275
2016-06-10,3931,3970,4145,3855,4145,187305
2016-06-13,3897,3935,3975,3790,3930,179756
2016-06-14,3822,3860,4000,3820,3970,165572
2016-06-15,4010,4050,4180,3875,3900,293226
2016-06-16,4105,4145,4450,3955,4120,498256
2016-06-17,4154,4195,4370,4040,4150,232373
2016-06-20,4149,4190,4330,4065,4300,219736
2016-06-21,4303,4345,4575,4050,4190,852137
2016-06-22,3961,4000,4155,3975,4150,399130
2016-06-23,4149,4190,4380,3840,3990,868951
2016-06-24,3862,3900,4450,3700,4310,523720
2016-06-27,3852,3890,3995,3700,3700,144590
2016-06-28,3911,3950,3950,3790,3865,109628
2016-06-29,3956,3995,4150,3970,4000,125403
2016-06-30,3981,4020,4080,3950,4005,56349
2016-07-01,3946,3985,4065,3980,4065,66818
2016-07-04,4001,4040,4045,3955,4000,62315
2016-07-05,3961,4000,4050,3955,4040,46794
2016-07-06,3976,4015,4210,3980,4040,179569
2016-07-07,4253,4295,4310,4025,4045,192165
2016-07-08,4194,4235,4310,4175,4310,113501
2016-07-11,4169,4210,4330,4150,4235,147324
2016-07-12,4238,4280,4375,4215,4290,87625
2016-07-13,4308,4350,4400,4280,4400,143158
2016-07-14,4218,4260,4390,4195,4340,54924
2016-07-15,4194,4235,4315,4190,4260,119843
2016-07-18,4248,4290,4300,4140,4240,59187
2016-07-19,4149,4190,4345,4170,4310,97392
2016-07-20,4144,4185,4230,4125,4160,74055
2016-07-21,4124,4165,4235,4140,4230,62594
2016-07-22,4258,4300,4350,4145,4150,106082
2016-07-25,4417,4460,4480,4225,4340,277448
2016-07-26,4382,4425,4620,4425,4460,284819
2016-07-27,4382,4425,4455,4320,4425,160759
2016-07-28,4382,4425,4660,4370,4455,364152
2016-07-29,4293,4335,4440,4290,4430,101397
2016-08-01,4501,4545,4560,4335,4370,184540
2016-08-02,4649,4695,5060,4460,4490,663596
2016-08-03,5209,5260,5750,4625,4695,2851671
2016-08-04,5318,5370,5520,5130,5320,748249
2016-08-05,5179,5230,5450,5180,5390,450537
2016-08-08,6001,6060,6250,5290,5380,3335022
2016-08-09,5744,5800,6860,5600,6110,1785169
2016-08-10,5793,5850,6100,5720,5800,631649
2016-08-11,5347,5400,5810,5300,5750,600168
2016-08-12,5328,5380,5550,5260,5380,377532
2016-08-16,5447,5500,5520,5330,5380,191182
2016-08-17,5268,5320,5490,5240,5400,377711
2016-08-18,5338,5390,5450,5230,5320,192523
2016-08-19,5486,5540,5570,5260,5390,242378
2016-08-22,5833,5890,6030,5460,5590,1064997
2016-08-23,5843,5900,6080,5800,5850,509308
2016-08-24,5991,6050,6250,5850,5880,654875
2016-08-25,6011,6070,6290,5960,6050,275232
2016-08-26,5813,5870,6030,5700,5980,296157
2016-08-29,5744,5800,6070,5600,5870,310214
2016-08-30,5813,5870,6030,5750,5800,204142
2016-08-31,6437,6500,6500,5840,5900,1061662
2016-09-01,6437,6500,6680,6280,6500,592582
2016-09-02,6734,6800,6810,6300,6430,509616
2016-09-05,7853,7930,8140,6750,6800,1880271
2016-09-06,7913,7990,8120,7720,7980,635985
2016-09-07,8329,8410,8670,7850,7910,1049345
2016-09-08,7625,7700,8760,7000,8370,1628907
2016-09-09,7338,7410,7750,7030,7620,927987
2016-09-12,7358,7430,7750,6820,7100,731292
2016-09-13,7388,7460,8450,7400,7960,1000024
2016-09-19,7328,7400,7650,7050,7460,550092
2016-09-20,7388,7460,7710,7250,7560,581469
2016-09-21,6892,6960,7520,6960,7520,574765
2016-09-22,6863,6930,7110,6610,6960,473247
2016-09-23,6447,6510,6930,6400,6930,415562
2016-09-26,6051,6110,6480,6110,6430,440176
2016-09-27,6338,6400,6510,6150,6170,478803
2016-09-28,6368,6430,6470,6260,6300,200860
2016-09-29,6239,6300,6910,6230,6500,594288
2016-09-30,6041,6100,6350,6070,6170,193167
2016-10-04,6160,6220,6330,5970,6100,142415
2016-10-05,5942,6000,6390,5870,6350,370402
2016-10-06,5833,5890,6170,5850,6090,151502
2016-10-07,5664,5720,5980,5570,5920,284503
2016-10-10,5783,5840,5950,5680,5720,96234
2016-10-11,5645,5700,5900,5570,5840,117720
2016-10-12,5526,5580,5680,5460,5680,126903
2016-10-13,5595,5650,5820,5500,5550,88759
2016-10-14,5318,5370,5760,5360,5760,155340
2016-10-17,5318,5370,5380,5160,5310,201071
2016-10-18,5100,5150,5340,5140,5270,129908
2016-10-19,5229,5280,5410,5170,5170,149875
2016-10-20,5189,5240,5460,5160,5280,96101
2016-10-21,5149,5200,5290,5140,5290,50741
2016-10-24,5120,5170,5310,5100,5220,81648
2016-10-25,5338,5390,5400,5070,5120,193350
2016-10-26,5595,5650,5850,5110,5470,872246
2016-10-27,5407,5460,5770,5430,5690,255715
2016-10-28,6041,6100,6100,5430,5470,957769
2016-10-31,6170,6230,6530,5800,6160,976782
2016-11-01,5694,5750,6340,5750,6150,411003
2016-11-02,5179,5230,5880,5150,5750,391742
2016-11-03,4991,5040,5400,4985,5230,370938
2016-11-04,4699,4745,4980,4735,4910,300392
2016-11-07,4991,5040,5080,4785,4785,198118
2016-11-08,4961,5010,5190,4930,5010,113276
2016-11-09,4466,4510,5030,4265,5000,367088
2016-11-10,4778,4825,4825,4630,4630,122076
2016-11-11,5328,5380,5380,4730,4830,379151
2016-11-14,6922,6990,6990,5800,5900,1967387
2016-11-15,6992,7060,7860,6780,7530,7286833
2016-11-16,7001,7070,7770,6930,7010,3475750
2016-11-17,7031,7100,7170,6410,6630,2113372
2016-11-18,6447,6510,7150,6510,7100,771589
2016-11-21,6278,6340,6740,6210,6530,847066
2016-11-22,6031,6090,6480,5950,6450,773559
2016-11-23,6229,6290,6530,6010,6090,1458515
2016-11-24,6585,6650,7300,6030,6250,2939701
2016-11-25,6645,6710,6950,6490,6570,765124
2016-11-28,6467,6530,6930,6460,6750,676876
2016-11-29,6348,6410,6920,6130,6540,1280062
2016-11-30,6595,6660,6700,6310,6500,418361
2016-12-01,6229,6290,6600,6290,6600,342982
2016-12-02,6051,6110,6440,6110,6200,229683
2016-12-05,6585,6650,6650,6070,6200,484217
2016-12-06,6605,6670,6850,6520,6670,470491
2016-12-07,5971,6030,6560,6030,6540,510883
2016-12-08,6120,6180,6300,6000,6000,287416
2016-12-09,6199,6260,6600,6150,6290,537465
2016-12-12,6140,6200,6400,6060,6350,360004
2016-12-13,6348,6410,6440,6190,6260,435446
2016-12-14,6140,6200,6500,6200,6490,164345
2016-12-15,6051,6110,6250,6050,6050,139928
2016-12-16,6368,6430,6440,6000,6150,382825
2016-12-19,6368,6430,6540,6350,6380,197895
2016-12-20,6635,6700,6800,6420,6420,426700
2016-12-21,6823,6890,6910,6440,6840,494465
2016-12-22,6417,6480,7640,6480,7080,1982228
2016-12-23,6219,6280,6480,6110,6480,490270
2016-12-26,6447,6510,6640,6250,6500,533527
2016-12-27,6170,6230,6470,6170,6450,286511
2016-12-28,6220,6220,6360,6140,6220,118028
2016-12-29,6260,6260,6480,6250,6340,180910
2017-01-02,6580,6580,6650,6260,6260,301005
2017-01-03,6460,6460,6580,6420,6500,159071
2017-01-04,6540,6540,6570,6410,6460,150514
2017-01-05,6510,6510,6680,6490,6620,192745
2017-01-06,6530,6530,6600,6490,6580,109977
2017-01-09,6430,6430,6560,6390,6500,141616
2017-01-10,6230,6230,6460,6220,6390,164582
2017-01-11,6290,6290,6440,6270,6350,144708
2017-01-12,6130,6130,6360,6110,6220,154972
2017-01-13,6470,6470,6750,6080,6160,890967
2017-01-16,6350,6350,6550,6270,6500,294079
2017-01-17,6320,6320,6420,6290,6290,161531
2017-01-18,6510,6510,6850,6260,6260,1008575
2017-01-19,6800,6800,6860,6580,6590,706404
2017-01-20,6760,6760,6990,6620,6810,569978
2017-01-23,6780,6780,6880,6680,6840,323421
2017-01-24,6290,6290,6960,6280,6820,387233
2017-01-25,6380,6380,6430,6190,6300,220997
2017-01-26,6510,6510,6560,6290,6290,153828
2017-01-31,6570,6570,6840,6510,6510,261155
2017-02-01,6490,6490,6610,6400,6570,229668
2017-02-02,6100,6100,6810,4855,6800,653873
2017-02-03,6370,6370,6800,5940,6100,603918
2017-02-06,6310,6310,6460,6200,6270,193603
2017-02-07,6670,6670,6810,6160,6240,896029
2017-02-08,6330,6330,7180,6250,6950,1059032
2017-02-09,6350,6350,6370,6120,6290,323097
2017-02-10,6120,6120,6450,5990,6420,334793
2017-02-13,6120,6120,6180,5990,6170,159972
2017-02-14,5970,5970,6220,5950,6200,202635
2017-02-15,5620,5620,5950,5480,5940,514153
2017-02-16,5480,5480,5760,5460,5600,314994
2017-02-17,5380,5380,5700,5290,5600,299485
2017-02-20,5310,5310,5400,5230,5350,134517
2017-02-21,5350,5350,5450,5260,5260,143857
2017-02-22,5410,5410,5450,5270,5310,121270
2017-02-23,5430,5430,5450,5360,5380,76280
2017-02-24,5320,5320,5470,5270,5440,79144
2017-02-27,5440,5440,5490,5310,5390,85500
2017-02-28,5330,5330,5520,5310,5450,60454
2017-03-02,5330,5330,5400,5280,5330,58662
2017-03-03,5130,5130,5270,4970,5220,176787
2017-03-06,5330,5330,5420,5070,5070,119002
2017-03-07,5360,5360,5380,5250,5340,50292
2017-03-08,5390,5390,5430,5300,5320,48313
2017-03-09,5710,5710,5870,5440,5500,443900
2017-03-10,5360,5360,6090,4855,5800,550054
2017-03-13,5280,5280,5440,5230,5430,87665
2017-03-14,5200,5200,5320,5120,5280,115688
2017-03-15,4960,4960,5170,4900,5140,231912
2017-03-16,5050,5050,5090,4970,4970,57168
2017-03-17,4945,4945,5090,4890,5010,79991
2017-03-20,4950,4950,5050,4890,4930,90947
2017-03-21,4860,4860,4990,4860,4900,71510
2017-03-22,4900,4900,4960,4820,4940,59398
2017-03-23,5040,5040,5250,4900,4905,205128
2017-03-24,5100,5100,5270,4950,4950,139368
2017-03-27,5250,5250,5390,5100,5100,222044
2017-03-28,5130,5130,5550,5040,5440,237020
2017-03-29,5090,5090,5190,5020,5150,116993
2017-03-30,4980,4980,5150,4980,5120,114847
2017-03-31,5040,5040,5110,4855,4870,156840
2017-04-03,4890,4890,5030,4870,5030,136654
2017-04-04,4690,4690,4915,4585,4915,318061
2017-04-05,4580,4580,4685,4565,4630,144437
2017-04-06,4445,4445,4580,4365,4580,169618
2017-04-07,4515,4515,4545,4400,4400,59170
2017-04-10,4290,4290,4490,4170,4450,170566
2017-04-11,4315,4315,4390,4235,4390,70108
2017-04-12,4405,4405,4470,4340,4345,74546
2017-04-13,4355,4355,4440,4315,4420,42073
2017-04-14,4305,4305,4485,4275,4300,71825
2017-04-17,4420,4420,4550,4260,4315,147979
2017-04-18,4410,4410,4440,4350,4440,59392
2017-04-19,4400,4400,4425,4330,4425,61856
2017-04-20,4400,4400,4490,4355,4405,77048
2017-04-21,4345,4345,4440,4345,4425,42673
2017-04-24,4320,4320,4380,4245,4345,59631
2017-04-25,4425,4425,4430,4275,4275,38698
2017-04-26,4405,4405,4465,4350,4465,31507
2017-04-27,4405,4405,4455,4360,4455,37207
2017-04-28,4405,4405,4435,4340,4410,43052
2017-05-02,4350,4350,4425,4335,4405,64089
2017-05-04,4400,4400,4400,4350,4350,37734
2017-05-08,4420,4420,4435,4390,4400,37375
2017-05-10,4425,4425,4440,4345,4420,63010
2017-05-11,4405,4405,4485,4365,4420,57527
2017-05-12,4375,4375,4445,4370,4400,25988
2017-05-15,4360,4360,4405,4315,4375,38208
2017-05-16,4360,4360,4405,4325,4360,36893
2017-05-17,4415,4415,4415,4330,4360,63515
2017-05-18,4370,4370,4410,4310,4410,55349
2017-05-19,4495,4495,4495,4320,4350,78602
2017-05-22,4590,4590,4880,4435,4500,297985
2017-05-23,4815,4815,4935,4600,4600,329944
2017-05-24,4875,4875,4980,4810,4845,216915
2017-05-25,5100,5100,5200,4875,4925,422040
2017-05-26,5080,5080,5200,4985,5130,175601
2017-05-29,4920,4920,5070,4860,5000,165055
2017-05-30,5000,5000,5170,4920,4920,169029
2017-05-31,5030,5030,5170,4945,5170,171208
2017-06-01,4970,4970,5080,4945,5080,72081
2017-06-02,5050,5050,5190,4900,4965,167399
2017-06-05,5150,5150,5950,5100,5100,3956945
2017-06-07,4980,4980,5170,4970,5150,571688
2017-06-08,4740,4740,5010,4740,4980,468102
2017-06-09,4710,4710,4795,4660,4720,201552
2017-06-12,4700,4700,4780,4655,4710,146462
2017-06-13,4745,4745,4825,4700,4710,96035
2017-06-14,4650,4650,4795,4635,4795,101720
2017-06-15,4685,4685,4685,4500,4650,112003
2017-06-16,4650,4650,4695,4620,4695,47099
2017-06-19,4615,4615,4675,4560,4625,68146
2017-06-20,4590,4590,4665,4550,4615,82428
2017-06-21,4570,4570,4610,4500,4610,75037
2017-06-22,4580,4580,4620,4540,4580,61979
2017-06-23,4625,4625,4660,4555,4570,52191
2017-06-26,4740,4740,4755,4630,4630,80071
2017-06-27,4795,4795,4795,4740,4740,93153
2017-06-28,4795,4795,4820,4740,4790,75341
2017-06-29,4785,4785,4815,4740,4750,42138
2017-06-30,4680,4680,4795,4670,4795,73080
2017-07-03,4690,4690,4725,4635,4680,41330
2017-07-04,4590,4590,4725,4555,4690,89569
2017-07-05,4585,4585,4625,4525,4590,72341
2017-07-06,4595,4595,4605,4570,4600,50560
2017-07-07,4625,4625,4625,4575,4600,18289
2017-07-10,4670,4670,4720,4580,4580,44233
2017-07-11,4670,4670,4730,4645,4715,30987
2017-07-12,4570,4570,4730,4570,4720,41277
2017-07-13,4520,4520,4650,4520,4650,48033
2017-07-14,4530,4530,4570,4505,4570,40473
2017-07-17,4480,4480,4555,4405,4530,33452
2017-07-18,4470,4470,4525,4425,4440,28184
2017-07-19,4460,4460,4485,4425,4430,16361
2017-07-20,4530,4530,4605,4450,4450,26114
2017-07-21,4535,4535,4575,4510,4550,22236
2017-07-24,4550,4550,4580,4505,4510,28472
2017-07-25,4545,4545,4585,4455,4550,52377
2017-07-26,4490,4490,4555,4400,4550,39821
2017-07-27,4465,4465,4530,4450,4500,33427
2017-07-28,4435,4435,4480,4400,4465,63430
2017-07-31,4440,4440,4465,4335,4410,38769
2017-08-01,4485,4485,4495,4405,4405,16067
2017-08-02,4550,4550,4550,4420,4420,23706
2017-08-03,4550,4550,4635,4435,4635,17934
2017-08-04,4405,4405,4570,4405,4550,14575
2017-08-07,4420,4420,4525,4420,4525,25541
2017-08-08,4465,4465,4495,4410,4420,14048
2017-08-09,4460,4460,4495,4350,4470,36541
2017-08-10,4400,4400,4485,4370,4420,34244
2017-08-11,4290,4290,4425,4285,4400,58446
2017-08-14,4420,4420,4595,4295,4295,45329
2017-08-16,4480,4480,4510,4410,4420,24830
2017-08-17,4475,4475,4570,4450,4490,26862
2017-08-18,4420,4420,4500,4385,4500,23555
2017-08-21,4450,4450,4450,4380,4380,18001
2017-08-22,4460,4460,4470,4395,4450,8977
2017-08-23,4405,4405,4460,4375,4460,30701
2017-08-24,4335,4335,4395,4305,4375,29582
2017-08-25,4485,4485,4490,4315,4335,33434
2017-08-28,4440,4440,4535,4410,4485,14465
2017-08-29,4425,4425,4470,4365,4470,15172
2017-08-30,4425,4425,4460,4380,4460,17327
2017-08-31,4420,4420,4470,4370,4470,13888
2017-09-01,4420,4420,4435,4370,4410,14324
2017-09-04,4355,4355,4380,4305,4320,13450
2017-09-05,4300,4300,4400,4290,4355,15143
2017-09-06,4290,4290,4300,4240,4240,26501
2017-09-07,4325,4325,4335,4265,4295,13193
2017-09-08,4310,4310,4390,4280,4325,17806
2017-09-11,4310,4310,4355,4225,4355,19192
2017-09-12,4350,4350,4385,4260,4270,16878
2017-09-13,4245,4245,4375,4235,4350,64440
2017-09-14,4180,4180,4245,4150,4200,65084
2017-09-15,4340,4340,4525,4155,4180,237806
2017-09-18,4310,4310,4385,4290,4345,12330
2017-09-19,4260,4260,4350,4240,4280,20039
2017-09-20,4325,4325,4365,4225,4260,43354
2017-09-21,4440,4440,4685,4260,4260,268503
2017-09-25,4200,4200,4440,4125,4440,77952
2017-09-26,4200,4200,4200,4200,4200,0
2017-09-27,4100,4100,4260,4080,4200,61502
2017-09-28,4100,4100,4125,4020,4040,26542
2017-09-29,4100,4100,4155,4080,4100,27831
2017-10-10,4130,4130,4160,4090,4100,25762
2017-10-11,4140,4140,4175,4100,4160,24052
2017-10-12,4150,4150,4155,4070,4155,29344
2017-10-13,4040,4040,4150,4040,4150,40148
2017-10-16,4160,4160,4165,3990,4040,59019
2017-10-17,4100,4100,4165,4065,4165,9761
2017-10-18,4065,4065,4105,4050,4100,12219
2017-10-19,4205,4205,4470,4005,4065,178277
2017-10-20,4150,4150,4200,4070,4200,34785
2017-10-23,4070,4070,4170,4070,4155,10936
2017-10-24,4075,4075,4130,4060,4070,16253
2017-10-25,4085,4085,4120,4070,4075,18930
2017-10-26,4050,4050,4115,4035,4115,27798
2017-10-27,4130,4130,4155,4020,4020,32140
2017-10-30,4135,4135,4150,4085,4085,10036
2017-10-31,4130,4130,4135,4075,4135,18369
2017-11-01,4125,4125,4145,4060,4145,24360
2017-11-02,4115,4115,4130,4050,4130,16664
2017-11-03,4100,4100,4120,4050,4115,24228
2017-11-06,4085,4085,4135,4005,4100,63895
2017-11-07,4075,4075,4095,4015,4085,13110
2017-11-08,4100,4100,4145,4050,4075,18923
2017-11-09,4165,4165,4175,4100,4100,26541
2017-11-10,4185,4185,4200,4100,4170,32424
2017-11-13,4210,4210,4250,4120,4220,22916
2017-11-14,4205,4205,4205,4105,4130,26801
2017-11-15,4150,4150,4615,4075,4200,321805
2017-11-16,4190,4190,4340,4135,4290,141743
2017-11-17,4185,4185,4200,4100,4190,82589
2017-11-20,4140,4140,4220,4135,4185,33362
2017-11-21,4185,4185,4210,4100,4140,43619
2017-11-22,4100,4100,4185,4095,4120,32271
2017-11-23,4050,4050,4130,4020,4080,41036
2017-11-24,4050,4050,4125,4020,4055,16444
2017-11-27,4055,4055,4110,4010,4110,66378
2017-11-28,3985,3985,4070,3985,4070,57478
2017-11-29,3935,3935,4010,3935,3990,43343
2017-11-30,3970,3970,3970,3920,3930,21978
2017-12-01,3965,3965,4020,3950,4020,17042
2017-12-04,3940,3940,3985,3900,3965,52733
2017-12-05,4000,4000,4030,3925,3940,50158
2017-12-06,4000,4000,4040,3960,4000,26245
2017-12-07,3900,3900,4020,3900,3980,32625
2017-12-08,4055,4055,4115,3885,3900,117300
2017-12-11,4045,4045,4055,3960,4040,33906
2017-12-12,4030,4030,4040,3985,4040,19301
2017-12-13,4020,4020,4030,3960,4030,17965
2017-12-14,4040,4040,4040,3995,4030,20870
2017-12-15,4020,4020,4140,4000,4040,32046
2017-12-18,3995,3995,4090,3960,4065,16766
2017-12-19,3930,3930,3985,3900,3965,39700
2017-12-21,3820,3820,3930,3800,3860,35374
2017-12-22,3640,3640,3715,3505,3595,236502
2017-12-26,3615,3615,3685,3580,3685,50221
2017-12-27,3615,3615,3655,3605,3605,15372
2017-12-28,3640,3640,3650,3605,3615,13061
2018-01-01,3640,3640,3640,3640,3640,0
2018-01-02,3665,3665,3685,3600,3625,26930
2018-01-03,3615,3615,3710,3610,3670,37356
2018-01-04,3610,3610,3655,3605,3615,23046
2018-01-05,3610,3610,3670,3590,3590,22814
2018-01-08,3625,3625,3650,3570,3615,40962
2018-01-09,3640,3640,3650,3590,3625,35844
2018-01-10,3635,3635,3650,3600,3650,23546
2018-01-11,3720,3720,3830,3580,3635,140312
2018-01-12,3640,3640,3715,3605,3715,25341
2018-01-15,3770,3770,3790,3565,3640,103065
2018-01-16,3660,3660,3795,3640,3795,32948
2018-01-17,3595,3595,3690,3565,3690,45856
2018-01-18,3595,3595,3600,3575,3595,25989
2018-01-19,3655,3655,3705,3595,3605,50036
2018-01-22,3700,3700,3780,3655,3670,41374
2018-01-23,3710,3710,3740,3695,3700,18061
2018-01-24,3725,3725,3750,3680,3720,35484
2018-01-25,3825,3825,3850,3735,3735,33125
2018-01-26,3850,3850,3860,3785,3855,36135
2018-01-29,3820,3820,3870,3790,3870,47002
2018-01-30,3800,3800,3825,3610,3820,42728
2018-01-31,3845,3845,3860,3780,3825,44533
2018-02-01,3920,3920,3920,3795,3870,69691
2018-02-02,3925,3925,3940,3855,3920,38337
2018-02-05,3875,3875,3915,3820,3915,13247
2018-02-06,3880,3880,3920,3650,3800,56489
2018-02-07,3920,3920,4035,3830,3865,107687
2018-02-08,3920,3920,3980,3800,3980,39234
2018-02-09,3730,3730,3890,3730,3840,32819
2018-02-12,3800,3800,3890,3680,3840,33506
2018-02-13,3760,3760,3795,3725,3770,11351
2018-02-14,3760,3760,3780,3705,3780,7471
2018-02-19,3770,3770,3835,3690,3745,15306
2018-02-20,3825,3825,3830,3735,3745,34710
2018-02-21,3885,3885,3900,3780,3830,25872
2018-02-22,3880,3880,3935,3830,3935,9055
2018-02-23,4230,4230,4580,3855,3915,1271720
2018-02-26,4100,4100,4290,4050,4230,266759
2018-02-27,4095,4095,4145,4060,4100,102366
2018-02-28,4010,4010,4170,3970,4095,146245
2018-03-02,4075,4075,4075,3945,3945,39104
2018-03-05,4055,4055,4090,4015,4040,22663
2018-03-06,4045,4045,4055,3970,4055,47410
2018-03-08,4200,4200,4300,4095,4105,236547
2018-03-09,4225,4225,4245,4160,4220,65042
2018-03-12,4280,4280,4290,4220,4270,73560
2018-03-13,4315,4315,4390,4255,4285,152720
2018-03-14,4250,4250,4355,4195,4355,53368
2018-03-15,4205,4205,4245,4155,4210,34433
2018-03-16,4280,4280,4380,4205,4205,84985
2018-03-19,4280,4280,4285,4180,4235,37070
2018-03-20,4300,4300,4320,4200,4255,41867
2018-03-21,4275,4275,4345,4230,4340,25590
2018-03-22,4050,4050,4320,4050,4305,81898
2018-03-23,4015,4015,4145,3945,4050,64779
2018-03-26,4025,4025,4075,3865,3865,26594
2018-03-27,4030,4030,4150,3980,3980,12481
2018-03-28,4020,4020,4035,3950,3985,18224
2018-03-29,4000,4000,4085,3910,3990,22602
2018-03-30,3975,3975,4050,3930,3980,40272
2018-04-02,3985,3985,4045,3975,3975,14073
2018-04-03,3965,3965,3980,3890,3980,46836
2018-04-04,3955,3955,4040,3865,4040,57014
2018-04-05,3995,3995,3995,3915,3940,104
2018-04-06,4025,4025,4045,3945,3995,29178
2018-04-09,4020,4020,4025,3960,4025,22198
2018-04-10,4120,4120,4170,3960,4020,67090
2018-04-11,4150,4150,4160,4055,4160,57055
2018-04-12,4060,4060,4105,4050,4095,27638
2018-04-13,4100,4100,4145,4070,4100,24314
2018-04-16,4150,4150,4180,4070,4100,27892
2018-04-17,4155,4155,4185,4090,4110,36377
2018-04-18,4245,4245,4250,4115,4190,55300
2018-04-19,4595,4595,4595,4190,4200,456730
2018-04-20,4385,4385,4595,4370,4595,246130
2018-04-23,4495,4495,4595,4375,4560,463093
2018-04-24,4630,4630,4700,4510,4550,565126
2018-04-25,4680,4680,4765,4475,4585,435062
2018-04-26,4560,4560,4670,4510,4665,138632
2018-04-27,4295,4295,4595,4280,4515,173706
2018-04-30,4510,4510,4580,4295,4315,204576
2018-05-02,4550,4550,4600,4320,4600,181873
2018-05-03,4475,4475,4590,4400,4520,139351
2018-05-04,4695,4695,4720,4455,4515,254606
2018-05-08,4610,4610,4775,4610,4740,359691
2018-05-09,4475,4475,4700,4400,4610,152158
2018-05-10,4530,4530,4610,4475,4475,110856
2018-05-11,4555,4555,4580,4455,4545,91892
2018-05-14,4665,4665,4690,4535,4560,222624
2018-05-15,4880,4880,4890,4625,4695,374701
2018-05-16,4650,4650,4800,4520,4740,297970
2018-05-17,4800,4800,4830,4605,4625,185151
2018-05-18,5000,5000,5100,4755,4850,406835
2018-05-21,4835,4835,5100,4830,5000,173933
2018-05-23,4860,4860,4970,4715,4835,93884
2018-05-24,4635,4635,4840,4565,4795,163703
2018-05-25,4600,4600,4600,4380,4380,103119
2018-05-28,4700,4700,4810,4610,4615,123925
2018-05-29,4615,4615,4800,4590,4725,90805
2018-05-30,4510,4510,4610,4450,4610,69574
2018-05-31,4635,4635,4650,4505,4510,29047
2018-06-01,4560,4560,4675,4360,4635,76619
2018-06-04,4560,4560,4600,4450,4515,74239
2018-06-05,4530,4530,4595,4450,4560,47996
2018-06-07,4610,4610,4690,4530,4530,126150
2018-06-08,5990,5990,5990,4700,4700,8045033
2018-06-11,5840,5840,6390,5630,6060,3678340
2018-06-12,5480,5480,5890,5420,5830,1654820
2018-06-14,5450,5450,5490,5140,5380,652146
2018-06-15,5310,5310,5570,5200,5360,662476
2018-06-18,5470,5470,5770,5230,5270,1342049
2018-06-19,4985,4985,5470,4940,5470,497614
2018-06-20,5220,5220,5460,4980,4990,891747
2018-06-21,5100,5100,5330,5010,5160,279746
2018-06-22,5160,5160,5160,4970,5050,175401
2018-06-25,5140,5140,5230,5050,5230,142341
2018-06-26,4835,4835,5190,4865,5140,344814
2018-06-27,4640,4640,4880,4530,4845,230997
2018-06-28,4560,4560,4630,4450,4530,124080
2018-06-29,4600,4600,4600,4370,4555,114057
2018-07-02,3950,3950,4600,3950,4600,356835
2018-07-03,4100,4100,4140,3950,3950,160653
2018-07-04,4200,4200,4230,4040,4040,58043
2018-07-05,4030,4030,4235,3865,4200,121912
2018-07-06,4265,4265,4320,4025,4030,78408
2018-07-09,4130,4130,4230,4035,4225,74127
2018-07-10,4240,4240,4320,4130,4130,72409
2018-07-11,4285,4285,4480,4120,4200,87195
2018-07-12,4335,4335,4390,4250,4250,42366
2018-07-13,4445,4445,4455,4290,4300,107992
2018-07-16,4350,4350,4445,4305,4405,57854
2018-07-17,4510,4510,4510,4300,4300,78271
2018-07-18,4465,4465,4610,4335,4510,133815
2018-07-19,4420,4420,4455,4290,4425,49454
2018-07-20,4425,4425,4425,4350,4375,54139
2018-07-23,4280,4280,4480,4185,4385,75730
2018-07-24,4355,4355,4400,4230,4265,62668
2018-07-26,4360,4360,4375,4250,4250,46804
2018-07-27,4340,4340,4380,4320,4320,22884
2018-07-30,4365,4365,4390,4290,4360,24227
2018-07-31,4330,4330,4390,4240,4320,36495
2018-08-01,4390,4390,4390,4270,4330,40715
2018-08-02,4400,4400,4435,4315,4385,76218
2018-08-03,4400,4400,4400,4355,4395,14419
