,Adj Close,Close,High,Low,Open,Volume
2006-08-08,3438,3450,3450,3000,3000,1411300
2006-08-09,3951,3965,3965,3965,3965,797100
2006-08-10,4539,4555,4555,4555,4555,82300
2006-08-11,5211,5230,5230,5020,5230,1261600
2006-08-14,5989,6010,6010,5500,5600,3074700
2006-08-16,6278,6300,6600,5530,5820,3896900
2006-08-17,6327,6350,6560,6020,6280,2769900
2006-08-18,6158,6180,6550,6030,6290,1716100
2006-08-21,5241,5260,5850,5260,5850,1682800
2006-08-22,5181,5200,5310,4755,5260,2240200
2006-08-23,4932,4950,5360,4840,5300,1650700
2006-08-24,5670,5690,5690,5020,5020,2959300
2006-08-25,5102,5120,6130,4850,5900,3494300
2006-08-28,4873,4890,5180,4870,5170,823200
2006-08-29,4584,4600,5000,4600,5000,758400
2006-08-30,4564,4580,4825,4465,4510,874100
2006-08-31,4564,4580,4680,4530,4620,588400
2006-09-01,4683,4700,5220,4500,4550,1828600
2006-09-04,4608,4625,4800,4620,4770,627300
2006-09-05,4524,4540,4920,4535,4690,925500
2006-09-06,4494,4510,4790,4490,4545,953200
2006-09-07,4404,4420,4545,4360,4500,525100
2006-09-08,4145,4160,4340,4150,4280,990600
2006-09-11,3891,3905,4245,3890,4205,951400
2006-09-12,3717,3730,3990,3600,3900,958500
2006-09-13,3562,3575,3885,3550,3775,1134700
2006-09-14,3861,3875,4110,3480,3600,3491900
2006-09-15,3697,3710,3955,3710,3870,1401600
2006-09-18,3746,3760,3910,3715,3780,1141900
2006-09-19,3667,3680,3810,3625,3730,825000
2006-09-20,3507,3520,3715,3520,3660,799400
2006-09-21,3617,3630,3970,3540,3570,2389200
2006-09-22,3363,3375,3640,3355,3640,933100
2006-09-25,3223,3235,3435,3225,3350,545100
2006-09-26,3268,3280,3430,3160,3300,897300
2006-09-27,3756,3770,3770,3330,3345,2260300
2006-09-28,3418,3430,3950,3375,3870,2505700
2006-09-29,3288,3300,3470,3240,3470,791800
2006-10-02,3268,3280,3435,3230,3270,685800
2006-10-04,3597,3610,3770,3360,3400,4300000
2006-10-09,4135,4150,4150,3070,3760,8432500
2006-10-10,3886,3900,4590,3860,4200,8976600
2006-10-11,4011,4025,4180,3860,4110,4820400
2006-10-12,3901,3915,4070,3815,4065,2254200
2006-10-13,4484,4500,4500,4015,4070,6347100
2006-10-16,4349,4365,4550,4220,4550,4106800
2006-10-17,4593,4610,4960,4485,4550,6981000
2006-10-18,4589,4605,5000,4500,4700,4106400
2006-10-19,4673,4690,4735,4415,4610,2704100
2006-10-20,4195,4210,4600,4160,4600,2056500
2006-10-23,3866,3880,4075,3820,4025,1758800
2006-10-24,3687,3700,3905,3640,3820,1367200
2006-10-25,3727,3740,3850,3670,3700,1690300
2006-10-26,3607,3620,3825,3500,3750,1344500
2006-10-27,3438,3450,3740,3450,3660,1349900
2006-10-30,3462,3475,3545,3350,3450,1108100
2006-10-31,3632,3645,3690,3460,3500,1996900
2006-11-01,3731,3745,3940,3420,3580,2646400
2006-11-02,3587,3600,3790,3600,3750,969400
2006-11-03,3522,3535,3640,3530,3605,475700
2006-11-06,3507,3520,3600,3500,3535,558300
2006-11-07,3438,3450,3570,3390,3550,676200
2006-11-08,3378,3390,3490,3380,3490,410700
2006-11-09,3388,3400,3440,3325,3365,492900
2006-11-10,3418,3430,3555,3430,3440,682300
2006-11-13,3383,3395,3450,3370,3410,333400
2006-11-14,3328,3340,3435,3340,3400,362600
2006-11-15,3268,3280,3365,3245,3340,400200
2006-11-16,3428,3440,3550,3280,3320,1057500
2006-11-17,3293,3305,3475,3300,3435,251400
2006-11-20,3173,3185,3300,3150,3270,461400
2006-11-21,3168,3180,3220,3160,3160,210700
2006-11-22,3193,3205,3265,3180,3180,254500
2006-11-23,3248,3260,3270,3190,3220,305700
2006-11-24,3338,3350,3395,3260,3260,409600
2006-11-27,3238,3250,3485,3200,3315,731100
2006-11-28,3203,3215,3245,3150,3200,211600
2006-11-29,3358,3370,3540,3275,3365,1402200
2006-11-30,3288,3300,3490,3285,3470,474300
2006-12-01,3273,3285,3360,3190,3300,364400
2006-12-04,3228,3240,3290,3200,3245,171600
2006-12-05,3373,3385,3385,3240,3250,444400
2006-12-06,3233,3245,3440,3220,3390,379500
2006-12-07,3273,3285,3285,3205,3265,220700
2006-12-08,3378,3390,3420,3200,3250,460700
2006-12-11,3438,3450,3480,3340,3390,522600
2006-12-12,3248,3260,3460,3260,3460,370700
2006-12-13,3263,3275,3290,3210,3240,303200
2006-12-14,3338,3350,3385,3245,3320,493200
2006-12-15,3383,3395,3440,3300,3310,441100
2006-12-18,3751,3765,3900,3435,3440,4133400
2006-12-19,3836,3850,3875,3660,3765,1366300
2006-12-20,3831,3845,4045,3780,3980,1427500
2006-12-21,3736,3750,3915,3710,3815,895300
2006-12-22,3447,3460,3750,3435,3750,1274500
2006-12-26,3228,3240,3555,3160,3475,1197500
2006-12-27,3183,3195,3320,3130,3200,453700
2006-12-28,3348,3360,3380,3230,3230,615300
2007-01-02,3413,3425,3445,3260,3390,519000
2007-01-03,3288,3300,3485,3300,3450,386900
2007-01-04,3303,3315,3360,3245,3290,270400
2007-01-05,3338,3350,3755,3350,3475,2877700
2007-01-08,3383,3395,3620,3205,3330,1725600
2007-01-09,3373,3385,3510,3350,3445,635500
2007-01-10,3218,3230,3385,3220,3380,607000
2007-01-11,3268,3280,3310,3230,3240,358400
2007-01-12,3358,3370,3370,3250,3300,450600
2007-01-15,3353,3365,3380,3315,3370,263600
2007-01-16,3537,3550,3630,3350,3400,1143600
2007-01-17,3632,3645,3775,3510,3580,1518200
2007-01-18,3662,3675,3755,3470,3625,1294200
2007-01-19,3418,3430,3705,3430,3630,695800
2007-01-22,3298,3310,3660,3265,3425,1498300
2007-01-23,3278,3290,3385,3270,3320,415600
2007-01-24,3328,3340,3385,3285,3290,312800
2007-01-25,3457,3470,3530,3385,3395,398200
2007-01-26,3378,3390,3430,3340,3410,226700
2007-01-29,3457,3470,3520,3405,3440,456700
2007-01-30,3472,3485,3635,3455,3550,755600
2007-01-31,3353,3365,3530,3365,3530,314700
2007-02-01,3368,3380,3420,3310,3390,235600
2007-02-02,3477,3490,3495,3365,3365,368800
2007-02-05,3537,3550,3555,3460,3530,335200
2007-02-06,3388,3400,3580,3400,3580,377800
2007-02-07,3502,3515,3600,3400,3435,1137400
2007-02-08,3672,3685,3735,3485,3575,1460500
2007-02-09,3741,3755,3755,3560,3660,933900
2007-02-12,3587,3600,3750,3590,3715,650400
2007-02-13,3751,3765,3900,3540,3580,1120700
2007-02-14,3796,3810,3850,3715,3750,772100
2007-02-15,3602,3615,3840,3600,3820,587600
2007-02-16,3637,3650,3700,3560,3615,443400
2007-02-20,3836,3850,3980,3680,3695,1376100
2007-02-21,3886,3900,3920,3750,3850,750400
2007-02-22,3766,3780,3910,3755,3880,484700
2007-02-23,3622,3635,3815,3635,3760,513500
2007-02-26,3796,3810,3810,3640,3640,517700
2007-02-27,3677,3690,3855,3675,3830,386900
2007-02-28,3502,3515,3560,3365,3460,396900
2007-03-05,3667,3680,4100,3455,3490,2173100
2007-03-06,3632,3645,3800,3590,3720,608000
2007-03-07,3557,3570,3725,3560,3660,454600
2007-03-08,3687,3700,3700,3570,3580,472100
2007-03-09,3617,3630,3710,3625,3705,304200
2007-03-12,3741,3755,3800,3635,3750,685500
2007-03-13,3741,3755,3880,3735,3880,686900
2007-03-14,3647,3660,3720,3590,3690,267700
2007-03-15,3941,3955,3980,3675,3700,704800
2007-03-16,3916,3930,4030,3845,3950,713300
2007-03-19,4085,4100,4190,3940,3980,824700
2007-03-20,3906,3920,4150,3865,4080,566300
2007-03-21,3836,3850,3960,3825,3920,331100
2007-03-22,3921,3935,3955,3765,3935,380000
2007-03-23,3866,3880,3915,3845,3850,179600
2007-03-26,3946,3960,4120,3900,3930,533300
2007-03-27,4020,4035,4040,3870,3960,386000
2007-03-28,3866,3880,4120,3840,4040,512200
2007-03-29,3991,4005,4005,3850,3850,317400
2007-03-30,3886,3900,4065,3900,4035,344100
2007-04-02,4016,4030,4030,3915,3920,472100
2007-04-03,3986,4000,4185,3975,4030,1014500
2007-04-04,4115,4130,4150,3970,4015,631200
2007-04-05,4065,4080,4270,4055,4190,751800
2007-04-06,4115,4130,4195,4070,4130,407600
2007-04-09,3971,3985,4190,3985,4180,434600
2007-04-10,3811,3825,4045,3825,3985,667400
2007-04-11,3786,3800,3885,3785,3825,492200
2007-04-12,3836,3850,3890,3800,3800,353200
2007-04-13,3751,3765,3890,3765,3865,412500
2007-04-16,3776,3790,3830,3720,3770,290800
2007-04-17,3876,3890,3890,3765,3830,384900
2007-04-18,3761,3775,3935,3765,3900,324100
2007-04-19,3627,3640,3795,3625,3790,308300
2007-04-20,3697,3710,3710,3615,3655,176500
2007-04-23,3667,3680,3750,3680,3740,179300
2007-04-24,3547,3560,3710,3550,3650,238500
2007-04-25,3487,3500,3630,3480,3575,180400
2007-04-26,3378,3390,3555,3370,3520,248500
2007-04-27,3378,3390,3475,3375,3395,188800
2007-04-30,3388,3400,3495,3400,3425,109400
2007-05-02,3477,3490,3495,3400,3405,98800
2007-05-03,3522,3535,3565,3485,3550,92900
2007-05-04,3477,3490,3570,3475,3535,83400
2007-05-07,3552,3565,3585,3500,3530,154700
2007-05-08,3512,3525,3580,3525,3565,60500
2007-05-09,3423,3435,3560,3400,3550,122500
2007-05-10,3418,3430,3510,3400,3470,150900
2007-05-11,3388,3400,3455,3390,3430,82900
2007-05-14,3298,3310,3460,3305,3460,191200
2007-05-15,3308,3320,3410,3285,3310,168800
2007-05-16,3328,3340,3375,3310,3360,81800
2007-05-17,3328,3340,3390,3335,3350,86200
2007-05-18,3278,3290,3370,3275,3370,132100
2007-05-21,3358,3370,3435,3290,3300,233900
2007-05-22,3368,3380,3415,3305,3415,112600
2007-05-23,3328,3340,3380,3315,3380,65500
2007-05-25,3298,3310,3360,3290,3330,107400
2007-05-28,3273,3285,3340,3250,3340,164400
2007-05-29,3273,3285,3310,3280,3300,143800
2007-05-30,3263,3275,3310,3255,3295,83800
2007-05-31,3278,3290,3340,3275,3300,129900
2007-06-01,3328,3340,3465,3290,3290,275100
2007-06-04,3303,3315,3415,3300,3415,123600
2007-06-05,3268,3280,3360,3265,3320,113000
2007-06-07,3418,3430,3475,3330,3350,229100
2007-06-08,3472,3485,3520,3400,3430,228900
2007-06-11,3418,3430,3545,3420,3545,151900
2007-06-12,3413,3425,3500,3400,3440,115500
2007-06-13,3428,3440,3485,3400,3400,136900
2007-06-14,3443,3455,3505,3440,3495,115400
2007-06-15,3487,3500,3565,3435,3490,126800
2007-06-18,3487,3500,3580,3495,3565,185300
2007-06-19,3567,3580,3580,3480,3520,234200
2007-06-20,3592,3605,3750,3565,3700,491100
2007-06-21,3577,3590,3630,3550,3605,133300
2007-06-22,3557,3570,3650,3570,3640,162700
2007-06-25,3418,3430,3545,3430,3535,207100
2007-06-26,3383,3395,3460,3315,3440,186900
2007-06-27,3368,3380,3455,3315,3395,105500
2007-06-28,3358,3370,3430,3360,3370,144100
2007-06-29,3363,3375,3400,3365,3370,103000
2007-07-02,3383,3395,3455,3375,3420,180100
2007-07-03,3542,3555,3625,3400,3425,296000
2007-07-04,3781,3795,3900,3500,3900,659900
2007-07-05,3786,3800,3855,3650,3695,554200
2007-07-06,3906,3920,3960,3700,3800,431000
2007-07-09,3921,3935,4025,3835,3900,283100
2007-07-10,3761,3775,3975,3765,3870,231800
2007-07-11,3637,3650,3800,3620,3775,145300
2007-07-12,3771,3785,3785,3650,3660,212100
2007-07-13,3677,3690,3880,3620,3880,107700
2007-07-16,3567,3580,3700,3525,3700,127000
2007-07-18,3562,3575,3630,3490,3600,111300
2007-07-19,3577,3590,3675,3550,3585,79400
2007-07-20,3806,3820,3820,3590,3600,179600
2007-07-23,3687,3700,3860,3690,3800,94600
2007-07-24,3667,3680,3750,3615,3750,73800
2007-07-25,3806,3820,3870,3630,3630,108500
2007-07-26,3846,3860,3920,3680,3850,174900
2007-07-27,3866,3880,4435,3865,3865,1288100
2007-07-30,3886,3900,4050,3760,3970,177100
2007-07-31,4185,4200,4230,3780,3920,222600
2007-08-01,3971,3985,4405,3955,4130,300400
2007-08-02,3976,3990,4170,3810,4040,125200
2007-08-03,4050,4065,4165,3960,4010,89200
2007-08-06,3951,3965,4040,3920,3925,82800
2007-08-07,3926,3940,4075,3870,4075,143300
2007-08-08,3727,3740,3950,3740,3950,165100
2007-08-09,3796,3810,3855,3700,3750,103800
2007-08-10,3796,3810,3890,3695,3890,55200
2007-08-14,3766,3780,3850,3700,3795,82300
2007-08-16,3203,3215,3710,3215,3710,149300
2007-08-17,3428,3440,3450,3250,3325,103500
2007-08-20,3537,3550,3750,3510,3750,73400
2007-08-21,3358,3370,3525,3300,3465,255400
2007-08-22,3333,3345,3400,3280,3390,220800
2007-08-23,3378,3390,3420,3355,3355,188200
2007-08-24,3368,3380,3405,3330,3405,42900
2007-08-27,3363,3375,3420,3340,3415,133400
2007-08-28,3298,3310,3400,3310,3375,164600
2007-08-29,3268,3280,3310,3210,3280,78900
2007-08-30,3378,3390,3450,3305,3305,81400
2007-08-31,3363,3375,3450,3375,3395,59900
2007-09-03,3383,3395,3430,3355,3405,41700
2007-09-04,3423,3435,3455,3380,3430,66900
2007-09-05,3418,3430,3490,3410,3440,42600
2007-09-06,3438,3450,3460,3400,3430,47900
2007-09-07,3433,3445,3565,3430,3520,66700
2007-09-10,3318,3330,3435,3290,3390,58500
2007-09-11,3308,3320,3365,3260,3305,57500
2007-09-12,3338,3350,3400,3295,3320,49400
2007-09-13,3288,3300,3360,3300,3350,22300
2007-09-14,3278,3290,3380,3275,3280,59000
2007-09-17,3308,3320,3355,3280,3305,45700
2007-09-18,3313,3325,3360,3300,3360,35400
2007-09-19,3288,3300,3400,3275,3350,91200
2007-09-20,3263,3275,3330,3265,3300,55200
2007-09-21,3248,3260,3300,3220,3275,60400
2007-09-27,3253,3265,3290,3250,3260,32400
2007-09-28,3248,3260,3290,3240,3265,22000
2007-10-01,3208,3220,3260,3200,3240,70900
2007-10-02,3158,3170,3245,3150,3220,80300
2007-10-04,3258,3270,3460,3200,3200,101300
2007-10-05,3308,3320,3375,3270,3285,28500
2007-10-08,3173,3185,3380,2830,3380,39500
2007-10-09,3188,3200,3225,3120,3185,18500
2007-10-10,3139,3150,3245,3075,3210,30500
2007-10-11,3129,3140,3195,3100,3110,36400
2007-10-12,3144,3155,3170,3115,3160,22500
2007-10-15,3084,3095,3225,3095,3200,40100
2007-10-16,3034,3045,3140,2960,3100,67900
2007-10-17,2879,2890,3035,2885,3035,42500
2007-10-18,2835,2845,2965,2835,2900,46200
2007-10-19,3258,3270,3270,3150,3215,267400
2007-10-22,2989,3000,3545,3000,3170,851900
2007-10-23,3089,3100,3150,2890,3110,584700
2007-10-24,3552,3565,3565,3565,3565,64300
2007-10-25,4080,4095,4095,4095,4095,22300
2007-10-26,4285,4300,4705,4100,4705,2171800
2007-10-29,3851,3865,4310,3850,4280,1234000
2007-10-30,3756,3770,3965,3700,3900,534900
2007-10-31,3786,3800,3935,3750,3815,197600
2007-11-01,3816,3830,3910,3730,3790,192300
2007-11-02,4011,4025,4210,3700,3730,504900
2007-11-05,3996,4010,4355,4010,4075,435100
2007-11-06,4135,4150,4150,3755,3930,282700
2007-11-07,4035,4050,4290,3930,4150,125600
2007-11-08,4035,4050,4350,4000,4100,256100
2007-11-09,3986,4000,4240,4000,4240,94800
2007-11-12,3946,3960,4110,3850,3860,82400
2007-11-13,3986,4000,4000,3860,3860,76900
2007-11-14,4160,4175,4175,4010,4030,82400
2007-11-15,4160,4175,4240,4100,4120,79700
2007-11-16,4255,4270,4270,4120,4120,96200
2007-11-19,4384,4400,4680,4350,4455,273600
2007-11-20,4663,4680,4680,4300,4380,205600
2007-11-21,4633,4650,4850,4605,4780,183500
2007-11-22,5321,5340,5340,4520,4520,573900
2007-11-23,5102,5120,5550,4750,5350,616800
2007-11-26,5032,5050,5260,4990,5050,267000
2007-11-27,4853,4870,5040,4650,4990,197800
2007-11-28,4853,4870,5100,4755,4870,128200
2007-11-29,4962,4980,5090,4895,5010,89800
2007-11-30,4962,4980,5200,4700,4700,90000
2007-12-03,4982,5000,5180,4900,4980,55400
2007-12-04,5321,5340,5450,4910,4910,135100
2007-12-05,5769,5790,6070,5280,5340,228800
2007-12-06,5829,5850,5940,5700,5900,118500
2007-12-07,5959,5980,6200,5700,5980,200100
2007-12-10,6178,6200,6490,5970,6000,254100
2007-12-11,6019,6040,6250,5800,6250,109500
2007-12-12,6158,6180,6180,5710,5900,82500
2007-12-13,6178,6200,6350,6060,6200,126400
2007-12-14,5969,5990,6340,5990,6210,102500
2007-12-17,5640,5660,6080,5110,6080,184400
2007-12-18,5431,5450,5650,5110,5650,63800
2007-12-20,5331,5350,5600,5250,5450,58800
2007-12-21,4962,4980,5460,4700,5310,220300
2007-12-24,4972,4990,5250,4990,5100,86700
2007-12-26,5082,5100,5210,4940,5000,83800
2007-12-27,5381,5400,5400,5170,5300,17800
2007-12-28,5530,5550,5570,5400,5570,25758
2008-01-02,5829,5850,5850,5600,5600,52929
2008-01-03,5779,5800,5950,5560,5950,52739
2008-01-04,5650,5670,6000,5670,5910,52660
2008-01-07,5759,5780,5790,5520,5670,52309
2008-01-08,5401,5420,5800,5420,5780,38454
2008-01-09,5281,5300,5460,5140,5420,71959
2008-01-10,5311,5330,5350,5160,5300,43303
2008-01-11,5231,5250,5450,5200,5350,35424
2008-01-14,5191,5210,5480,4470,5480,49690
2008-01-15,4952,4970,5290,4540,5150,122682
2008-01-16,4957,4975,5070,4800,5070,20763
2008-01-17,5032,5050,5150,4830,4830,30584
2008-01-18,4863,4880,5050,4865,4970,24476
2008-01-21,4833,4850,5150,4800,4880,23236
2008-01-22,4285,4300,4850,4125,4510,233467
2008-01-23,4265,4280,4535,4080,4300,77123
2008-01-24,4035,4050,4335,4050,4280,56831
2008-01-25,4265,4280,4290,4100,4190,35359
2008-01-28,4135,4150,4310,4000,4300,46806
2008-01-29,3687,3700,4210,3700,4020,99370
2008-01-30,3826,3840,3900,3640,3640,37217
2008-01-31,3856,3870,3885,3710,3840,24201
2008-02-01,4035,4050,4440,3910,3930,39774
2008-02-04,4285,4300,4340,4100,4150,27947
2008-02-05,4474,4490,4495,4200,4250,42158
2008-02-11,4384,4400,4445,4230,4445,9560
2008-02-12,4349,4365,4450,4250,4435,13270
2008-02-13,4369,4385,4405,4270,4340,24478
2008-02-14,4419,4435,4460,4265,4350,27327
2008-02-15,4285,4300,4430,4250,4350,53256
2008-02-18,4085,4100,4395,3900,4395,130046
2008-02-19,3961,3975,4155,3800,4010,195629
2008-02-20,4554,4570,4570,3990,4080,271712
2008-02-21,4628,4645,5170,4570,5100,622858
2008-02-22,4195,4210,4565,4190,4560,125208
2008-02-25,4150,4165,4390,4120,4390,69587
2008-02-26,4050,4065,4250,4060,4170,91349
2008-02-27,4085,4100,4150,3915,4150,79795
2008-02-28,4185,4200,4260,4030,4030,48015
2008-02-29,4225,4240,4280,4110,4200,34900
2008-03-03,4045,4060,4240,3920,4240,52676
2008-03-04,3986,4000,4080,3840,4080,59741
2008-03-05,3951,3965,4060,3920,3950,36287
2008-03-06,3986,4000,4085,3975,4085,21241
2008-03-07,3996,4010,4060,3950,4000,27011
2008-03-10,4006,4020,4075,3900,3990,54458
2008-03-11,3991,4005,4045,3910,4010,19730
2008-03-12,4016,4030,4105,4000,4095,21024
2008-03-13,3966,3980,4050,3885,4050,57829
2008-03-14,3986,4000,4035,3865,3995,25190
2008-03-17,3946,3960,4000,3760,3995,38447
2008-03-18,3826,3840,3980,3790,3930,25807
2008-03-19,3886,3900,3920,3780,3870,17262
2008-03-20,3836,3850,3900,3780,3890,13056
2008-03-21,3886,3900,3900,3785,3850,48243
2008-03-24,3856,3870,3900,3825,3900,32252
2008-03-25,3986,4000,4085,3830,3865,56189
2008-03-26,4030,4045,4080,3890,3890,35633
2008-03-27,4020,4035,4140,3925,4070,51947
2008-03-28,3996,4010,4050,3920,4050,45390
2008-03-31,3981,3995,4010,3930,3930,24422
2008-04-01,3886,3900,4020,3850,4000,56617
2008-04-02,3871,3885,4025,3795,3950,67600
2008-04-03,3746,3760,3980,3755,3910,99938
2008-04-04,3991,4005,4005,3760,3760,63347
2008-04-07,3986,4000,4195,3870,4005,106762
2008-04-08,4016,4030,4070,3925,4070,19190
2008-04-10,3986,4000,4050,3900,4000,27447
2008-04-11,3986,4000,4000,3930,3950,14579
2008-04-14,4030,4045,4050,3910,3950,17588
2008-04-15,4035,4050,4050,3955,4000,26456
2008-04-16,3936,3950,4050,3920,3970,40830
2008-04-17,3881,3895,3980,3895,3970,30832
2008-04-18,3921,3935,3935,3825,3825,11059
2008-04-21,3871,3885,4000,3885,4000,26469
2008-04-22,3866,3880,3955,3855,3910,37405
2008-04-23,3806,3820,3900,3800,3850,29610
2008-04-24,3781,3795,3890,3795,3820,29001
2008-04-25,3851,3865,3910,3780,3850,26841
2008-04-28,3846,3860,3930,3850,3875,42231
2008-04-29,3816,3830,3900,3810,3900,15517
2008-04-30,3707,3720,3860,3700,3820,36025
2008-05-02,3966,3980,4055,3720,3720,113087
2008-05-06,3981,3995,4030,3900,4030,34160
2008-05-07,3986,4000,4000,3915,4000,20206
2008-05-08,4035,4050,4140,3915,4010,156168
2008-05-09,4035,4050,4070,3945,4010,41354
2008-05-13,4035,4050,4100,4000,4055,50066
2008-05-14,3986,4000,4090,3975,4050,58469
2008-05-15,4006,4020,4045,3905,3970,36853
2008-05-16,3991,4005,4030,3920,4030,29340
2008-05-19,3906,3920,4025,3890,4020,49212
2008-05-20,3936,3950,3965,3855,3900,34013
2008-05-21,3906,3920,3980,3805,3870,37607
2008-05-22,3881,3895,3900,3725,3725,32418
2008-05-23,3786,3800,4060,3780,3870,121036
2008-05-26,3672,3685,3920,3675,3800,52522
2008-05-27,3677,3690,3740,3600,3740,36751
2008-05-28,3617,3630,3690,3510,3670,62427
2008-05-29,3861,3875,3930,3600,3600,90658
2008-05-30,3856,3870,3890,3710,3890,15457
2008-06-02,3836,3850,3880,3735,3790,30235
2008-06-03,3612,3625,3825,3590,3650,72383
2008-06-04,3806,3820,3830,3625,3625,26297
2008-06-05,3761,3775,3850,3655,3820,20747
2008-06-09,3582,3595,3725,3595,3630,20934
2008-06-10,3667,3680,4000,3510,3700,186270
2008-06-11,3562,3575,3750,3535,3750,38849
2008-06-12,3607,3620,3680,3420,3575,51554
2008-06-13,3557,3570,3700,3500,3680,17377
2008-06-16,3622,3635,3640,3535,3570,25352
2008-06-17,3537,3550,3700,3550,3600,12482
2008-06-18,3438,3450,3580,3450,3520,20989
2008-06-19,3428,3440,3500,3395,3430,10405
2008-06-20,3393,3405,3500,3390,3390,10861
2008-06-23,3388,3400,3445,3305,3430,137596
2008-06-24,3288,3300,3475,3230,3350,76025
2008-06-25,3158,3170,3335,3080,3300,55733
2008-06-26,3178,3190,3240,3150,3215,15805
2008-06-27,3074,3085,3160,3010,3160,26088
2008-06-30,2974,2985,3100,2900,2920,53583
2008-07-01,2999,3010,3100,2945,2955,43244
2008-07-02,2785,2795,3150,2560,2980,50988
2008-07-03,2640,2650,2785,2500,2620,63464
2008-07-04,2581,2590,2685,2505,2650,24449
2008-07-07,2386,2395,2620,2330,2620,40150
2008-07-08,2292,2300,2430,2255,2410,40420
2008-07-09,2336,2345,2350,2280,2280,34369
2008-07-10,2267,2275,2330,2240,2240,21414
2008-07-11,2441,2450,2530,2210,2250,63259
2008-07-14,2491,2500,2525,2365,2390,37854
2008-07-15,2481,2490,2605,2430,2465,30984
2008-07-16,2506,2515,2525,2435,2510,13627
2008-07-17,2879,2890,2890,2520,2520,104167
2008-07-18,2949,2960,3320,2960,3055,704404
2008-07-21,2874,2885,3035,2755,2790,150497
2008-07-22,2690,2700,2915,2600,2915,125622
2008-07-23,2884,2895,3080,2680,2800,127748
2008-07-24,2989,3000,3100,2880,2935,91706
2008-07-25,3079,3090,3120,2850,2940,40300
2008-07-28,3188,3200,3280,2900,3120,68944
2008-07-29,3089,3100,3275,3000,3200,48700
2008-07-30,2944,2955,3200,2920,3005,45900
2008-07-31,2984,2995,3065,2865,2865,28600
2008-08-01,3024,3035,3035,2835,3000,39700
2008-08-04,3039,3050,3095,2970,3095,6000
2008-08-05,3173,3185,3250,2800,3030,41800
2008-08-06,3019,3030,3295,3005,3250,54600
2008-08-07,3009,3020,3140,2925,3050,24200
2008-08-08,3009,3020,3050,2950,3020,8700
2008-08-11,2924,2935,3100,2935,3100,16400
2008-08-12,3049,3060,3250,3000,3085,72700
2008-08-13,2939,2950,3095,2920,3095,13100
2008-08-14,2964,2975,3095,2930,3000,9600
2008-08-18,2964,2975,3100,2920,3100,2809
2008-08-19,2964,2975,3000,2840,2900,7120
2008-08-20,2929,2940,2970,2870,2970,7495
2008-08-21,2889,2900,2990,2700,2990,6188
2008-08-22,2889,2900,2960,2700,2890,36754
2008-08-25,2929,2940,3060,2800,2805,10596
2008-08-26,3059,3070,3200,2780,3045,70964
2008-08-27,2954,2965,3100,2900,3100,18286
2008-08-28,2964,2975,3010,2865,2900,10064
2008-08-29,2954,2965,3000,2850,2940,24073
2008-09-01,2870,2880,2945,2785,2945,11332
2008-09-02,2810,2820,2880,2760,2880,4211
2008-09-03,2790,2800,2945,2780,2820,6890
2008-09-04,2959,2970,3220,2740,2760,112855
2008-09-05,2964,2975,3015,2780,2820,17057
2008-09-08,2944,2955,3095,2830,3095,6531
2008-09-09,2974,2985,3030,2900,2960,47250
2008-09-10,2934,2945,2985,2830,2960,9742
2008-09-11,2924,2935,2995,2805,2950,10250
2008-09-12,3238,3250,3360,3060,3060,304652
2008-09-16,2964,2975,3150,2870,2900,188152
2008-09-17,3258,3270,3350,3080,3150,578765
2008-09-18,3258,3270,3290,3105,3150,226664
2008-09-19,3298,3310,3500,3210,3375,251060
2008-09-22,3258,3270,3425,3115,3395,176457
2008-09-23,3328,3340,3360,3200,3210,115019
2008-09-24,3288,3300,3360,3245,3300,37562
2008-09-25,3278,3290,3335,3200,3330,54925
2008-09-26,2790,2800,3300,2800,3290,128256
2008-09-29,2581,2590,2900,2530,2840,287820
2008-09-30,2391,2400,2440,2210,2440,658757
2008-10-01,2476,2485,2535,2410,2490,119851
2008-10-02,2381,2390,2525,2345,2465,46097
2008-10-06,2142,2150,2350,2045,2270,88825
2008-10-07,2112,2120,2140,1890,2030,64123
2008-10-08,1928,1935,2040,1810,2030,90869
2008-10-09,1883,1890,2050,1730,1730,69930
2008-10-10,1763,1770,1770,1610,1690,118568
2008-10-13,1948,1955,1990,1800,1800,67666
2008-10-14,2072,2080,2140,2000,2125,64941
2008-10-15,1993,2000,2150,1950,2020,47882
2008-10-16,1694,1700,1905,1700,1890,28117
2008-10-17,1883,1890,1895,1655,1800,37263
2008-10-20,1818,1825,1910,1720,1895,22913
2008-10-21,1888,1895,1990,1775,1830,25262
2008-10-22,1863,1870,1955,1750,1805,19949
2008-10-23,1664,1670,1750,1590,1750,57633
2008-10-24,1474,1480,1710,1420,1600,83827
2008-10-27,1464,1470,1530,1260,1265,81146
2008-10-28,1624,1630,1630,1250,1470,73226
2008-10-29,1634,1640,1775,1610,1750,28827
2008-10-30,1763,1770,1885,1635,1660,381626
2008-10-31,1848,1855,2030,1690,1780,283504
2008-11-03,1988,1995,2050,1800,1970,209913
2008-11-04,1943,1950,2050,1875,1955,101957
2008-11-05,2022,2030,2195,1900,2040,493393
2008-11-06,1913,1920,2070,1830,2070,132559
2008-11-07,1998,2005,2040,1750,1770,156713
2008-11-10,2017,2025,2160,1955,2110,178163
2008-11-11,1988,1995,2080,1930,2010,21035
2008-11-12,1893,1900,1995,1860,1995,94269
2008-11-13,1758,1765,1890,1690,1890,44700
2008-11-14,1763,1770,1865,1765,1820,37998
2008-11-17,1793,1800,1805,1700,1770,15094
2008-11-18,1768,1775,1870,1710,1795,8665
2008-11-19,1644,1650,1815,1650,1725,25163
2008-11-20,1579,1585,1660,1550,1650,21205
2008-11-21,1634,1640,1700,1450,1475,31590
2008-11-24,1644,1650,1725,1575,1725,8484
2008-11-25,1654,1660,1750,1610,1660,42690
2008-11-26,1574,1580,1740,1560,1740,74989
2008-11-27,1664,1670,1750,1550,1630,292917
2008-11-28,1674,1680,1795,1650,1705,13357
2008-12-01,1659,1665,1775,1650,1650,180346
2008-12-02,1594,1600,1665,1590,1665,13184
2008-12-03,1574,1580,1675,1580,1580,21799
2008-12-04,1444,1450,1640,1425,1585,83402
2008-12-05,1449,1455,1570,1405,1450,32528
2008-12-08,1444,1450,1530,1240,1475,49693
2008-12-09,1439,1445,1545,1365,1545,34145
2008-12-10,1614,1620,1660,1455,1460,298204
2008-12-11,1634,1640,1760,1620,1665,83380
2008-12-12,1564,1570,1680,1500,1655,40038
2008-12-15,1743,1750,1750,1580,1580,79903
2008-12-16,1738,1745,1900,1705,1750,147951
2008-12-17,1763,1770,1895,1685,1895,82208
2008-12-18,1798,1805,1845,1730,1730,55432
2008-12-19,1823,1830,1840,1750,1830,36680
2008-12-22,1793,1800,1985,1790,1830,68619
2008-12-23,2062,2070,2070,1870,1940,280875
2008-12-24,2371,2380,2380,2380,2380,78743
2008-12-26,2670,2680,2735,2450,2460,1879044
2008-12-29,2670,2680,2900,2520,2765,890253
2008-12-30,2680,2690,2810,2585,2680,387045
2009-01-02,2496,2505,2740,2450,2700,414153
2009-01-05,2860,2870,2870,2505,2510,758298
2009-01-06,2790,2800,3075,2750,2800,1117582
2009-01-07,2969,2980,3055,2820,2890,641246
2009-01-08,2889,2900,2930,2800,2900,249268
2009-01-09,2770,2780,2970,2780,2950,224355
2009-01-12,2620,2630,2725,2520,2700,160393
2009-01-13,2874,2885,2960,2655,2655,527113
2009-01-14,3034,3045,3190,2970,2970,520487
2009-01-15,2790,2800,3000,2800,2890,273273
2009-01-16,3208,3220,3220,3045,3090,1700003
2009-01-19,3428,3440,3700,3270,3270,1603706
2009-01-20,3358,3370,3580,3155,3490,642851
2009-01-21,3338,3350,3745,3120,3160,826694
2009-01-22,3368,3380,3600,3350,3600,250572
2009-01-23,3099,3110,3350,3110,3255,202993
2009-01-28,3163,3175,3340,3160,3180,502313
2009-01-29,3134,3145,3275,3020,3250,234925
2009-01-30,3124,3135,3205,3090,3145,143566
2009-02-02,3188,3200,3500,3150,3150,511550
2009-02-03,3353,3365,3425,3185,3290,403607
2009-02-04,3617,3630,3730,3365,3405,771791
2009-02-05,3587,3600,3790,3540,3650,548487
2009-02-06,3851,3865,4045,3680,3750,1063687
2009-02-09,3851,3865,4050,3710,3900,589383
2009-02-10,3981,3995,4000,3750,3950,375329
2009-02-11,4574,4590,4590,3875,3880,1850072
2009-02-12,4753,4770,5270,4660,4780,4177576
2009-02-13,4882,4900,5150,4690,4840,2522915
2009-02-16,4892,4910,5400,4815,4815,4128648
2009-02-17,4693,4710,5130,4600,5100,1753708
2009-02-18,4783,4800,4935,4310,4520,1607741
2009-02-19,4110,4125,4950,4125,4800,1027432
2009-02-20,3587,3600,4250,3515,4130,873971
2009-02-23,4125,4140,4140,3650,3650,1060175
2009-02-24,4314,4330,4650,4000,4050,2163851
2009-02-25,3986,4000,4690,3900,4670,2671110
2009-02-26,4235,4250,4530,3900,4250,2092477
2009-02-27,4504,4520,4650,4340,4495,2651187
2009-03-02,4285,4300,4615,4115,4525,1237284
2009-03-03,4409,4425,4445,3850,3990,2558282
2009-03-04,4504,4520,4820,4440,4585,3659064
2009-03-05,4723,4740,5130,4565,4605,6635599
2009-03-06,4738,4755,4975,4600,4655,5390995
2009-03-09,5441,5460,5460,4960,5080,8917867
2009-03-10,5291,5310,5850,5010,5600,10488259
2009-03-11,5441,5460,5540,5130,5430,5375785
2009-03-12,5401,5420,5870,5420,5590,5431152
2009-03-13,5062,5080,5530,5040,5500,3973690
2009-03-16,4982,5000,5190,4850,5080,2110085
2009-03-17,5381,5400,5470,5110,5150,4585359
2009-03-18,5231,5250,5750,5210,5700,3194848
2009-03-19,5082,5100,5410,5100,5310,1370267
2009-03-20,5261,5280,5280,5060,5170,1149421
2009-03-23,5411,5430,5470,5310,5380,452412
2009-03-24,5092,5110,5400,5110,5360,1384213
2009-03-25,5391,5410,5410,5230,5300,2729654
2009-03-26,5710,5730,6080,5370,5500,6958315
2009-03-27,5321,5340,5890,5340,5770,2956052
2009-03-30,5171,5190,5550,5140,5390,2703469
2009-03-31,5520,5540,5690,5300,5340,2812242
2009-04-01,5630,5650,5840,5580,5670,2475296
2009-04-02,5710,5730,5980,5650,5750,3483215
2009-04-03,5700,5720,5990,5580,5850,5069232
2009-04-06,5600,5620,5880,5550,5800,2153996
2009-04-07,5889,5910,5910,5580,5670,3590694
2009-04-08,5690,5710,6040,5680,5900,2426851
2009-04-09,6088,6110,6310,5800,5840,5175054
2009-04-10,6098,6120,6280,6040,6260,2291368
2009-04-13,6258,6280,6360,6010,6150,3385030
2009-04-14,6178,6200,6450,6100,6400,2298940
2009-04-15,5839,5860,6200,5580,6140,2132685
2009-04-16,5600,5620,6020,5580,5950,1473819
2009-04-17,5490,5510,5820,5100,5730,1601667
2009-04-20,5680,5700,5700,5220,5580,1136558
2009-04-21,5660,5680,5890,5420,5430,1633040
2009-04-22,5670,5690,5800,5610,5720,1331258
2009-04-23,6019,6040,6060,5760,5780,1822718
2009-04-24,5650,5670,6220,5620,6110,2323521
2009-04-27,5331,5350,5730,5300,5690,1330927
2009-04-28,5082,5100,5730,4910,5200,2271930
2009-04-29,5371,5390,5720,5010,5150,2092253
2009-04-30,5251,5270,5510,5190,5450,1079317
2009-05-04,5271,5290,5420,5210,5400,677467
2009-05-06,5112,5130,5370,5090,5360,839454
2009-05-07,5002,5020,5250,4970,5190,1100998
2009-05-08,4853,4870,4925,4710,4920,1395958
2009-05-11,5191,5210,5290,4865,4870,2050351
2009-05-12,4937,4955,5040,4805,4865,1649762
2009-05-13,4763,4780,4980,4700,4955,1163994
2009-05-14,4783,4800,4965,4620,4750,713104
2009-05-15,5022,5040,5250,4790,4895,2365780
2009-05-18,4992,5010,5190,4985,5130,797785
2009-05-19,5311,5330,5680,5050,5140,3745391
2009-05-20,5181,5200,5420,5170,5400,1052595
2009-05-21,5002,5020,5340,4995,5210,1142936
2009-05-22,4887,4905,5040,4850,4910,634146
2009-05-25,4663,4680,4890,4170,4860,1208705
2009-05-26,4598,4615,4910,4360,4550,1583304
2009-05-27,4494,4510,4830,4490,4650,1100810
2009-05-28,4414,4430,4595,4205,4500,441695
2009-05-29,4290,4305,4550,4305,4520,282901
2009-06-01,4823,4840,4880,4400,4400,1794392
2009-06-02,4882,4900,5070,4810,4940,1899892
2009-06-03,5032,5050,5140,4805,4980,1730313
2009-06-04,4783,4800,5000,4770,5000,555086
2009-06-05,4783,4800,4940,4625,4900,375322
2009-06-08,4738,4755,4925,4750,4750,679486
2009-06-09,4534,4550,4800,4525,4765,967755
2009-06-10,4484,4500,4610,4420,4600,366036
2009-06-11,4494,4510,4600,4465,4600,208622
2009-06-12,4648,4665,4670,4515,4515,359941
2009-06-15,4653,4670,4910,4665,4750,1165994
2009-06-16,4524,4540,4650,4520,4570,358167
2009-06-17,4494,4510,4620,4485,4540,245330
2009-06-18,4379,4395,4550,4380,4550,400008
2009-06-19,4280,4295,4405,4170,4390,833237
2009-06-22,4633,4650,4800,4220,4285,3523310
2009-06-23,4733,4750,4895,4595,4650,2722035
2009-06-24,4638,4655,5050,4655,4875,1607460
2009-06-25,4813,4830,4880,4660,4660,1172814
2009-06-26,4743,4760,4925,4745,4900,1021487
2009-06-29,4090,4105,4700,4050,4680,1804163
2009-06-30,3966,3980,4145,3800,4100,722424
2009-07-01,4060,4075,4135,3925,3925,323164
2009-07-02,4260,4275,4300,4090,4115,429301
2009-07-03,4484,4500,4850,4010,4200,2329419
2009-07-06,4753,4770,4895,4505,4505,2535877
2009-07-07,4768,4785,5000,4730,5000,1333731
2009-07-08,4628,4645,4785,4535,4745,692872
2009-07-09,4479,4495,4750,4430,4700,581031
2009-07-10,4255,4270,4460,4255,4430,847394
2009-07-13,4185,4200,4520,4200,4270,657649
2009-07-14,4095,4110,4295,3950,4265,816734
2009-07-15,4145,4160,4220,4115,4115,394566
2009-07-16,4145,4160,4400,4125,4250,723837
2009-07-17,4105,4120,4245,3950,4175,387438
2009-07-20,4175,4190,4235,4110,4190,458532
2009-07-21,4504,4520,4620,4210,4210,1921057
2009-07-22,4853,4870,4960,4550,4570,3055913
2009-07-23,4693,4710,4950,4690,4900,1551560
2009-07-24,4713,4730,4840,4640,4840,823901
2009-07-27,5241,5260,5430,4725,4770,5309117
2009-07-28,4992,5010,5300,5000,5300,2250032
2009-07-29,4992,5010,5270,4950,5080,2151728
2009-07-30,5072,5090,5150,4915,4965,988651
2009-07-31,4937,4955,5160,4950,5130,742804
2009-08-03,4758,4775,4855,4550,4805,1357192
2009-08-04,4798,4815,4940,4785,4900,926047
2009-08-05,4693,4710,4805,4660,4805,520035
2009-08-06,4688,4705,4850,4630,4710,429755
2009-08-07,4768,4785,4820,4700,4720,373648
2009-08-10,4853,4870,4985,4805,4825,798676
2009-08-11,4907,4925,4955,4845,4870,756672
2009-08-12,5052,5070,5250,4975,4985,2712482
2009-08-13,5102,5120,5360,4980,5130,2855129
2009-08-14,5112,5130,5290,5100,5190,1161919
2009-08-17,4982,5000,5130,4875,5120,874255
2009-08-18,5480,5500,5500,4915,4915,3076602
2009-08-19,6178,6200,6320,5610,5710,8595817
2009-08-20,6587,6610,6680,6060,6300,6724421
2009-08-21,6616,6640,6980,6160,6700,5478609
2009-08-24,6746,6770,7180,6640,6820,3641655
2009-08-25,6666,6690,7060,6180,6630,3301083
2009-08-26,7135,7160,7330,6610,6790,4678885
2009-08-27,6975,7000,7270,6930,7130,1911981
2009-08-28,8022,8050,8050,7040,7040,5294881
2009-08-31,8231,8260,9240,8050,8300,9267395
2009-09-01,8759,8790,8910,7880,8260,6993758
2009-09-02,10064,10100,10100,8750,8750,8905633
2009-09-03,9367,9400,10200,8960,9950,8357086
2009-09-04,9576,9610,9800,9120,9630,5307547
2009-09-07,9397,9430,9720,9060,9430,4471642
2009-09-08,9267,9300,10400,9260,9700,7537838
2009-09-09,8849,8880,9590,8750,9300,2885380
2009-09-10,8799,8830,9440,8770,9000,3399175
2009-09-11,8998,9030,9240,8860,8950,2382776
2009-09-14,8938,8970,9150,8660,9050,1850373
2009-09-15,9148,9180,9540,8970,9120,4125877
2009-09-16,8918,8950,9380,8910,9340,1885647
2009-09-17,8041,8070,9070,8010,8970,3201522
2009-09-18,7842,7870,8200,7850,8070,1711331
2009-09-21,8201,8230,8370,7850,7850,1918974
2009-09-22,9048,9080,9370,8290,8290,4367489
2009-09-23,8769,8800,9300,8610,9200,2166258
2009-09-24,8201,8230,8720,8020,8700,1534493
2009-09-25,8420,8450,8750,8200,8300,1182093
2009-09-28,7952,7980,8550,7940,8430,1131948
2009-09-29,7673,7700,8190,7510,8170,1884651
2009-09-30,7424,7450,7780,7300,7690,1885617
2009-10-01,7483,7510,8150,7410,7450,2389597
2009-10-05,7224,7250,7440,7150,7260,747397
2009-10-06,7473,7500,7750,7270,7400,1406273
2009-10-07,7175,7200,7710,7140,7560,729840
2009-10-08,7663,7690,7720,7220,7400,1350776
2009-10-09,7473,7500,7830,7320,7650,1421721
2009-10-12,7633,7660,7740,7500,7620,658858
2009-10-13,7523,7550,7780,7550,7690,529271
2009-10-14,7703,7730,7750,7580,7600,536303
2009-10-15,7862,7890,8260,7850,7850,1922242
2009-10-16,7473,7500,7980,7500,7890,953978
2009-10-19,7374,7400,7560,7310,7390,570228
2009-10-20,7224,7250,7460,7200,7350,880218
2009-10-21,7374,7400,7750,7370,7370,1609355
2009-10-22,7135,7160,7390,7000,7370,821849
2009-10-23,7224,7250,7320,7090,7240,593741
2009-10-26,7573,7600,7630,7200,7250,590827
2009-10-27,7593,7620,7680,7380,7500,644510
2009-10-28,7025,7050,7680,7030,7680,965104
2009-10-29,6756,6780,6960,6500,6850,1242653
2009-10-30,6686,6710,7070,6700,7020,555501
2009-11-02,6606,6630,6980,6410,6500,585623
2009-11-03,6557,6580,6940,6560,6730,725380
2009-11-04,6826,6850,6860,6600,6600,668453
2009-11-05,6577,6600,6890,6600,6890,501393
2009-11-06,6537,6560,6760,6530,6760,365755
2009-11-09,6776,6800,6810,6510,6570,658890
2009-11-10,7005,7030,7150,6860,6920,1591553
2009-11-11,7025,7050,7140,7000,7030,533334
2009-11-12,7025,7050,7280,7050,7050,771829
2009-11-13,6856,6880,7150,6820,7100,734441
2009-11-16,6866,6890,7030,6780,6940,377758
2009-11-17,6716,6740,7060,6670,6950,580944
2009-11-18,6796,6820,6870,6700,6790,282672
2009-11-19,7713,7740,7820,6860,6900,3621613
2009-11-20,7563,7590,7720,7440,7650,1488683
2009-11-23,7643,7670,7670,7290,7530,1141646
2009-11-24,7274,7300,8000,7300,7730,2340582
2009-11-25,7603,7630,7720,7160,7300,1276856
2009-11-26,7324,7350,7740,7330,7560,684120
2009-11-27,6676,6700,7340,6540,7200,874111
2009-11-30,7115,7140,7220,6950,7000,622826
2009-12-01,7543,7570,7570,7050,7100,1124944
2009-12-02,7992,8020,8250,7680,7750,4172857
2009-12-03,8022,8050,8090,7810,8000,1352715
2009-12-04,7992,8020,8340,7990,8070,1472518
2009-12-07,8181,8210,8340,8100,8120,1431100
2009-12-08,8231,8260,8570,8220,8360,2109479
2009-12-09,8121,8150,8240,7980,8150,1129594
2009-12-10,8191,8220,8310,8100,8230,903993
2009-12-11,8171,8200,8310,8110,8180,1108432
2009-12-14,8550,8580,8660,8240,8290,1998586
2009-12-15,8859,8890,8950,8600,8650,2158010
2009-12-16,8829,8860,9150,8750,8940,1766792
2009-12-17,9407,9440,9910,9000,9110,4790509
2009-12-18,9516,9550,9870,9520,9530,2875966
2009-12-21,9676,9710,9800,9340,9600,2059894
2009-12-22,8799,8830,9690,8830,9610,3214937
2009-12-23,8629,8660,9070,8400,8830,2319576
2009-12-24,8769,8800,9020,8710,8800,1091413
2009-12-28,8819,8850,9200,8510,8670,2350538
2009-12-29,8889,8920,9180,8920,9040,818656
2009-12-30,8898,8930,9110,8840,9020,763996
2010-01-04,9098,9130,9280,8900,8930,1700690
2010-01-05,9467,9500,9780,9210,9210,3987797
2010-01-06,9317,9350,9610,9280,9580,1613993
2010-01-07,9048,9080,9660,8920,9440,2328994
2010-01-08,8938,8970,9260,8750,9180,1253950
2010-01-11,8928,8960,9120,8850,9040,925569
2010-01-12,8769,8800,9040,8720,8960,1056507
2010-01-13,8789,8820,8900,8670,8740,882934
2010-01-14,9287,9320,9330,8820,8820,1878595
2010-01-15,9297,9330,9530,9300,9460,1494753
2010-01-18,9297,9330,9600,9210,9430,1787137
2010-01-19,9367,9400,10200,9340,9520,6136839
2010-01-20,9118,9150,9790,9150,9570,1945999
2010-01-21,9417,9450,9470,8900,9000,1178795
2010-01-22,9337,9370,9490,9150,9200,1037146
2010-01-25,9785,9820,9970,9230,9230,2914551
2010-01-26,9935,9970,10700,9800,10350,5243235
2010-01-27,9467,9500,10250,9500,10150,2242706
2010-01-28,9187,9220,9680,8910,9580,1508815
2010-01-29,8600,8630,9050,8500,8910,1311958
2010-02-01,8809,8840,8860,8470,8520,783297
2010-02-02,8829,8860,9270,8760,8950,1499734
2010-02-03,9467,9500,9990,9000,9000,7580181
2010-02-04,9088,9120,9410,9090,9410,1470401
2010-02-05,8739,8770,8860,8510,8520,1000508
2010-02-08,8829,8860,9040,8810,8850,665895
2010-02-09,9317,9350,9350,8840,8860,1087880
2010-02-10,9187,9220,9520,9220,9500,993269
2010-02-11,9168,9200,9510,9110,9330,1028514
2010-02-12,9387,9420,9560,9210,9390,931881
2010-02-16,9387,9420,9680,9400,9520,822385
2010-02-17,9546,9580,9710,9430,9580,1160254
2010-02-18,9317,9350,9630,9350,9580,697847
2010-02-19,9098,9130,9340,8920,9250,932420
2010-02-22,9297,9330,9420,9250,9270,607977
2010-02-23,9197,9230,9430,9230,9310,364162
2010-02-24,9168,9200,9300,9100,9230,388133
2010-02-25,9098,9130,9430,9090,9310,760585
2010-02-26,9307,9340,9340,9100,9200,433370
2010-03-02,9197,9230,9530,9230,9450,646968
2010-03-03,9128,9160,9370,9130,9170,530758
2010-03-04,9018,9050,9210,9020,9160,535113
2010-03-05,8948,8980,9150,8950,9070,520009
2010-03-08,9018,9050,9120,8980,9110,538355
2010-03-09,9247,9280,9470,9250,9280,1567670
2010-03-10,9307,9340,9540,9300,9480,1412888
2010-03-11,9237,9270,9430,9210,9430,608810
2010-03-12,9317,9350,9460,9310,9350,750184
2010-03-15,9297,9330,9460,9300,9450,596383
2010-03-16,9656,9690,9840,9400,9410,3239199
2010-03-17,9606,9640,9820,9620,9810,1154434
2010-03-18,9626,9660,9980,9620,9760,2238191
2010-03-19,9596,9630,9750,9570,9710,808040
2010-03-22,9915,9950,10100,9700,9750,2999151
2010-03-23,9746,9780,10200,9740,10050,2326275
2010-03-24,10563,10600,10700,9830,9900,5108993
2010-03-25,10862,10900,11100,10400,10650,3951958
2010-03-26,10911,10950,11100,10750,10950,1595878
2010-03-29,10613,10650,11300,10450,10850,2539880
2010-03-30,10513,10550,10950,10400,10850,1473303
2010-03-31,10563,10600,10700,10400,10650,1437978
2010-04-01,10363,10400,10750,10050,10600,2917876
2010-04-02,10214,10250,10950,10250,10600,2753493
2010-04-05,10164,10200,10500,9700,10350,1690391
2010-04-06,10214,10250,10550,10200,10300,1287359
2010-04-07,10214,10250,10400,10100,10350,781502
2010-04-08,10762,10800,10800,10100,10250,1540647
2010-04-09,10762,10800,10950,10450,10900,1631722
2010-04-12,10563,10600,11250,10500,11200,2198332
2010-04-13,10712,10750,10750,10350,10600,823634
2010-04-14,10463,10500,10900,10450,10750,856810
2010-04-15,10114,10150,10600,10100,10550,1352881
2010-04-16,10214,10250,10450,10150,10150,717587
2010-04-19,9955,9990,10350,9970,10100,846324
2010-04-20,10413,10450,10600,10050,10150,1029427
2010-04-21,11958,12000,12000,10550,10600,7182797
2010-04-22,12207,12250,12650,12000,12350,6153021
2010-04-23,12356,12400,12800,12150,12500,3875618
2010-04-26,13004,13050,14000,12350,12600,8809348
2010-04-27,14051,14100,14100,13000,13100,6041463
2010-04-28,14399,14450,15150,13700,13800,7354114
2010-04-29,13951,14000,15100,13850,14650,4776976
2010-04-30,14698,14750,14900,14000,14400,3290119
2010-05-03,13602,13650,14750,13250,14600,4136191
2010-05-04,13303,13350,13900,13050,13850,3100759
2010-05-06,13602,13650,13750,12850,13000,3166625
2010-05-07,13552,13600,13950,12950,13050,2662135
2010-05-10,13901,13950,14200,13800,13950,2052561
2010-05-11,14051,14100,14700,14100,14500,3313444
2010-05-12,14798,14850,15250,14600,14600,3891650
2010-05-13,14997,15050,15450,14900,15200,2511672
2010-05-14,15844,15900,16000,14750,14950,3460684
2010-05-17,15296,15350,16050,15150,15550,2261709
2010-05-18,14399,14450,15950,14250,15700,2898765
2010-05-19,14300,14350,14550,13450,14050,2425307
2010-05-20,13054,13100,14450,12400,14150,2735145
2010-05-24,11659,11700,12900,11450,12750,5232008
2010-05-25,10812,10850,12100,10350,11300,5592017
2010-05-26,12406,12450,12450,11200,11200,5763639
2010-05-27,12805,12850,13350,12250,12300,5578812
2010-05-28,12755,12800,13600,12650,13200,3157058
2010-05-31,13154,13200,13400,13000,13000,1528995
2010-06-01,13154,13200,13800,13050,13250,1778927
2010-06-03,13253,13300,13700,13250,13600,1175906
2010-06-04,12905,12950,13450,12900,13400,1575467
2010-06-07,12207,12250,12450,12100,12250,1926795
2010-06-08,12705,12750,13100,12600,12750,2353092
2010-06-09,11709,11750,12500,11700,12450,2447518
2010-06-10,11858,11900,12050,11650,11750,1067936
2010-06-11,11360,11400,12350,11300,12300,1622851
2010-06-14,11410,11450,11750,11200,11300,941636
2010-06-15,12008,12050,12150,11400,11450,1767761
2010-06-16,11908,11950,12350,11850,12250,1203559
2010-06-17,11759,11800,12200,11750,12000,794448
2010-06-18,12755,12800,13050,12200,12200,3831758
2010-06-21,12905,12950,13300,12750,13100,1681212
2010-06-22,13004,13050,13050,12600,12800,1219483
2010-06-23,12606,12650,13100,12650,12850,1006396
2010-06-24,12905,12950,13000,12350,12550,1398603
2010-06-25,12406,12450,12850,12350,12700,1297309
2010-06-28,12755,12800,13000,12550,12650,1571407
2010-06-29,11958,12000,13100,11850,13000,2126498
2010-06-30,12157,12200,12200,11450,11700,1142724
2010-07-01,11908,11950,12150,11550,12000,1168586
2010-07-02,11659,11700,12100,11600,11850,714612
2010-07-05,11659,11700,11900,11450,11550,551076
2010-07-06,12257,12300,12350,11650,11700,1502704
2010-07-07,11908,11950,12550,11850,12450,927591
2010-07-08,12107,12150,12500,12150,12250,1036667
2010-07-09,12157,12200,12450,11950,12250,968445
2010-07-12,12556,12600,12900,12550,12600,1722540
2010-07-13,12406,12450,12900,12400,12800,1091381
2010-07-14,12556,12600,12800,12500,12800,1124723
2010-07-15,13203,13250,13350,12300,12600,2557623
2010-07-16,13552,13600,13800,13300,13500,3561538
2010-07-19,13901,13950,13950,13500,13500,1956657
2010-07-20,12556,12600,13750,12550,13750,5067885
2010-07-21,12257,12300,13000,12150,12850,2360917
2010-07-22,11759,11800,12450,11650,12250,1713515
2010-07-23,11759,11800,12150,11400,12050,1946539
2010-07-26,11808,11850,12100,11650,11650,1097714
2010-07-27,11709,11750,12050,11750,12050,800218
2010-07-28,11908,11950,12050,11800,11950,672830
2010-07-29,11509,11550,12150,11500,11850,828283
2010-07-30,11559,11600,11800,11450,11550,656234
2010-08-02,11111,11150,11700,11050,11600,1427892
2010-08-03,11111,11150,11400,11150,11200,790054
2010-08-04,10613,10650,11200,10500,11150,1308056
2010-08-05,9895,9930,10850,9840,10700,2468766
2010-08-06,10264,10300,10300,9630,9900,1925903
2010-08-09,10015,10050,10400,10000,10250,957494
2010-08-10,10164,10200,10600,10100,10150,1460504
2010-08-11,9775,9810,10200,9800,10150,1074161
2010-08-12,9815,9850,10200,9300,9590,1105557
2010-08-13,10314,10350,10350,9960,10100,852146
2010-08-16,10114,10150,10250,9980,10250,581282
2010-08-17,9945,9980,10400,9930,10200,1224745
2010-08-18,9825,9860,10150,9850,10100,801570
2010-08-19,9955,9990,10150,9900,9990,692865
2010-08-20,9815,9850,10050,9830,9890,714950
2010-08-23,8998,9030,9910,9030,9800,3010017
2010-08-24,8679,8710,9020,8650,9000,2055121
2010-08-25,8629,8660,8940,8560,8630,1182344
2010-08-26,8779,8810,9070,8690,8760,1121320
2010-08-27,8241,8270,8860,8230,8700,1378270
2010-08-30,8869,8900,9350,8430,8480,3176708
2010-08-31,8570,8600,9050,8540,8840,1340343
2010-09-01,8739,8770,8950,8620,8700,813541
2010-09-02,9008,9040,9110,8900,8930,1094837
2010-09-03,9148,9180,9370,8950,9150,1400525
2010-09-06,9546,9580,9950,9460,9550,2089021
2010-09-07,9357,9390,9660,9310,9650,907997
2010-09-08,9108,9140,9340,9060,9300,817315
2010-09-09,9556,9590,9600,9140,9190,881043
2010-09-10,9476,9510,9750,9500,9660,779279
2010-09-13,9207,9240,9590,9240,9550,668037
2010-09-14,9108,9140,9470,9100,9310,525774
2010-09-15,8998,9030,9220,8810,9170,868768
2010-09-16,8879,8910,9150,8910,9030,649926
2010-09-17,9407,9440,9490,9030,9030,1834122
2010-09-20,9267,9300,9510,9240,9500,740366
2010-09-24,8908,8940,9320,8910,9300,1106150
2010-09-27,8769,8800,9160,8760,9050,1083692
2010-09-28,8769,8800,8930,8680,8750,829813
2010-09-29,9058,9090,9390,8900,8900,2824814
2010-09-30,8869,8900,9160,8870,9160,1308255
2010-10-01,9327,9360,9430,8990,9020,3215504
2010-10-04,9267,9300,9500,9250,9460,1354653
2010-10-05,9078,9110,9270,9040,9240,1016165
2010-10-06,9098,9130,9310,9080,9300,1066225
2010-10-07,9197,9230,9430,9150,9160,1549433
2010-10-08,9486,9520,9790,9380,9390,3643855
2010-10-11,9178,9210,9650,9180,9600,1279788
2010-10-12,9187,9220,9390,9150,9300,701272
2010-10-13,9237,9270,9340,9160,9250,913052
2010-10-14,8889,8920,9250,8810,9200,2327819
2010-10-15,8988,9020,9050,8870,8970,774535
2010-10-18,10264,10300,10300,9190,9240,7528445
2010-10-19,10513,10550,10900,10300,10600,5918211
2010-10-20,10812,10850,10900,10400,10500,3562514
2010-10-21,10363,10400,11000,10400,10950,2371683
2010-10-22,10214,10250,10800,10050,10500,2012650
2010-10-25,10513,10550,10700,10400,10450,1568141
2010-10-26,10662,10700,11100,10400,10650,3116228
2010-10-27,10064,10100,10750,10100,10750,1730782
2010-10-28,9765,9800,10250,9790,10100,1845587
2010-10-29,9965,10000,10100,9850,9880,1159540
2010-11-01,9546,9580,10150,9560,10000,1767323
2010-11-02,8898,8930,9380,8770,9380,3210015
2010-11-03,8869,8900,9520,8900,9000,3854051
2010-11-04,8938,8970,9370,8870,8870,3293838
2010-11-05,8988,9020,9220,8940,9120,1660101
2010-11-08,8669,8700,9110,8300,9000,4169526
2010-11-09,9098,9130,9530,8930,8960,3923601
2010-11-10,8968,9000,9230,8970,9130,1180252
2010-11-11,8918,8950,9130,8940,9010,846593
2010-11-12,8689,8720,9120,8360,9120,1544372
2010-11-15,8580,8610,8870,8520,8680,783503
2010-11-16,8570,8600,8760,8410,8640,764377
2010-11-17,8849,8880,9440,8420,8500,4593083
2010-11-18,8889,8920,9060,8800,9040,1044041
2010-11-19,8908,8940,9160,8900,8980,793156
2010-11-22,9317,9350,9360,8950,8980,1837564
2010-11-23,8769,8800,9440,8530,9330,3048633
2010-11-24,8600,8630,8700,8250,8320,1223297
2010-11-25,8560,8590,8860,8590,8820,682366
2010-11-26,8261,8290,8680,8220,8650,1082931
2010-11-29,8241,8270,8360,8230,8230,459383
2010-11-30,8301,8330,8510,8260,8330,413338
2010-12-01,8340,8370,8370,8270,8290,322345
2010-12-02,8360,8390,8580,8380,8450,404736
2010-12-03,8221,8250,8470,8240,8460,515012
2010-12-06,8261,8290,8350,8230,8280,332108
2010-12-07,8311,8340,8440,8300,8360,422286
2010-12-08,8350,8380,8760,8320,8370,1093920
2010-12-09,8370,8400,8470,8320,8410,373746
2010-12-10,8450,8480,8590,8410,8420,642539
2010-12-13,8629,8660,8780,8480,8580,972296
2010-12-14,8570,8600,8760,8550,8710,593348
2010-12-15,8480,8510,8700,8460,8670,548626
2010-12-16,8380,8410,8550,8400,8490,467175
2010-12-17,8321,8350,8490,8330,8450,471704
2010-12-20,8091,8120,8250,8000,8200,907695
2010-12-21,8350,8380,8420,8280,8320,549091
2010-12-22,8211,8240,8480,8240,8320,495616
2010-12-23,8171,8200,8330,8200,8300,308858
2010-12-24,8022,8050,8230,8040,8160,495676
2010-12-27,8121,8150,8390,8020,8050,667052
2010-12-28,8051,8080,8180,8050,8090,462860
2010-12-29,8121,8150,8190,8080,8120,330727
2010-12-30,8161,8190,8270,8120,8200,415707
2011-01-03,8430,8460,8460,8220,8250,755463
2011-01-04,8390,8420,8550,8380,8520,841172
2011-01-05,8500,8530,8730,8470,8550,1445179
2011-01-06,8958,8990,9210,8440,8600,4162574
2011-01-07,8978,9010,9250,9010,9140,1516610
2011-01-10,8789,8820,9010,8790,9010,983775
2011-01-11,8570,8600,8840,8520,8760,822458
2011-01-12,8759,8790,8860,8650,8700,768692
2011-01-13,8729,8760,8990,8660,8860,830039
2011-01-14,8699,8730,8960,8730,8810,832670
2011-01-17,8709,8740,8950,8710,8790,646761
2011-01-18,8869,8900,9140,8790,8810,1821478
2011-01-19,8709,8740,9040,8720,8920,759676
2011-01-20,8540,8570,8740,8520,8700,890605
2011-01-21,8271,8300,8630,8300,8570,897873
2011-01-24,8400,8430,8480,8270,8270,489245
2011-01-25,8440,8470,8730,8360,8430,750820
2011-01-26,8370,8400,8580,8400,8440,374338
2011-01-27,8729,8760,8810,8360,8480,1291382
2011-01-28,8580,8610,8840,8570,8760,630596
2011-01-31,8988,9020,9100,8480,8500,2588417
2011-02-01,9616,9650,9910,9170,9180,6613692
2011-02-07,9765,9800,10200,9700,10050,3641079
2011-02-08,10164,10200,10200,9570,9850,2970889
2011-02-09,9596,9630,10000,9630,10000,1925960
2011-02-10,9845,9880,10100,9610,9620,2439405
2011-02-11,10513,10550,10850,10050,10050,6399595
2011-02-14,10413,10450,10800,10350,10750,2962063
2011-02-15,10064,10100,10900,10000,10550,3736896
2011-02-16,10264,10300,10550,10200,10250,2045900
2011-02-17,10463,10500,10700,10100,10350,2857671
2011-02-18,10214,10250,10450,9980,10400,2191170
2011-02-21,9965,10000,10150,9820,10100,2172587
2011-02-22,9945,9980,10300,9730,9930,1980571
2011-02-23,9576,9610,10100,9350,9860,2087119
2011-02-24,9168,9200,9690,9200,9500,1938264
2011-02-25,9526,9560,9620,9150,9310,1171874
2011-02-28,9038,9070,9540,9070,9500,1248192
2011-03-02,9367,9400,9470,9070,9080,1333087
2011-03-03,9496,9530,9610,9320,9450,1229896
2011-03-04,9616,9650,9750,9530,9700,1054027
2011-03-07,9467,9500,9700,9470,9600,946212
2011-03-08,9955,9990,10100,9780,9790,2895202
2011-03-09,9486,9520,10200,9520,10100,2268674
2011-03-10,9437,9470,9810,9370,9680,1493897
2011-03-11,9407,9440,9460,9190,9260,794860
2011-03-14,9187,9220,9530,9050,9500,1169063
2011-03-15,8729,8760,9440,8000,9260,1797971
2011-03-16,8789,8820,8970,8560,8760,1038823
2011-03-17,8540,8570,8710,8460,8530,1068792
2011-03-18,8639,8670,8780,8610,8650,682590
2011-03-21,9008,9040,9130,8720,8720,893831
2011-03-22,8918,8950,9200,8950,9090,618852
2011-03-23,9128,9160,9160,8830,9040,580810
2011-03-24,9018,9050,9280,9010,9250,727954
2011-03-25,9217,9250,9400,9040,9120,1286137
2011-03-28,9138,9170,9370,9100,9350,695207
2011-03-29,9168,9200,9340,9170,9170,951112
2011-03-30,8988,9020,9390,9020,9230,1353569
2011-03-31,8839,8870,9100,8790,9080,1268637
2011-04-01,9795,9830,9870,9000,9050,3822042
2011-04-04,9676,9710,9920,9640,9870,1748995
2011-04-05,9765,9800,9910,9620,9880,1759204
2011-04-06,9955,9990,10250,9850,9860,3212439
2011-04-07,9676,9710,10200,9710,10150,2261530
2011-04-08,9636,9670,10050,9550,9650,2339898
2011-04-11,9576,9610,9950,9610,9760,954095
2011-04-12,9227,9260,9640,9260,9570,949062
2011-04-13,9417,9450,9520,9270,9270,603615
2011-04-14,9586,9620,9700,9430,9570,718460
2011-04-15,9905,9940,9950,9680,9690,1476983
2011-04-18,9825,9860,10150,9740,10050,1845002
2011-04-19,10563,10600,10600,9920,9950,4720330
2011-04-20,10712,10750,10800,10450,10600,3491508
2011-04-21,10264,10300,11150,10250,10750,3380447
2011-04-22,10613,10650,11000,10500,10600,2388782
2011-04-25,10264,10300,10850,10200,10650,2122260
2011-04-26,9865,9900,10450,9720,10400,2247851
2011-04-27,9815,9850,10150,9760,9970,1385223
2011-04-28,9227,9260,10050,9180,10000,2399097
2011-04-29,8998,9030,9200,8770,9160,1892272
2011-05-02,9197,9230,9340,9090,9120,1018429
2011-05-03,9207,9240,9450,9150,9230,927249
2011-05-04,9207,9240,9390,9210,9260,600715
2011-05-06,9038,9070,9310,9030,9060,645079
2011-05-09,9168,9200,9220,8840,9090,622206
2011-05-11,9367,9400,9560,9170,9170,1643658
2011-05-12,9287,9320,9470,9320,9470,692990
2011-05-13,9098,9130,9390,9010,9390,778554
2011-05-16,8968,9000,9250,8950,9120,654308
2011-05-17,9138,9170,9360,8940,8950,847595
2011-05-18,8978,9010,9230,8960,9170,734093
2011-05-19,8520,8550,9130,8530,9070,1430924
2011-05-20,8390,8420,8700,8390,8500,577518
2011-05-23,8081,8110,8570,8110,8330,936262
2011-05-24,8171,8200,8270,8090,8090,495618
2011-05-25,8231,8260,8440,8200,8200,680990
2011-05-26,8281,8310,8390,8170,8280,713458
2011-05-27,8171,8200,8470,8200,8440,719986
2011-05-30,7882,7910,8300,7900,8200,708498
2011-05-31,8061,8090,8100,7880,7970,672335
2011-06-01,8022,8050,8260,8000,8170,596402
2011-06-02,7623,7650,7930,7650,7860,734590
2011-06-03,7713,7740,7960,7720,7720,603225
2011-06-07,7762,7790,7880,7700,7720,358069
2011-06-08,7872,7900,8050,7800,7800,1056289
2011-06-09,8340,8370,8830,7910,7910,3790736
2011-06-10,7723,7750,8530,7750,8450,1324094
2011-06-13,7533,7560,7950,7530,7910,831213
2011-06-14,7513,7540,7690,7460,7500,646362
2011-06-15,7583,7610,7710,7550,7600,605797
2011-06-16,7523,7550,7660,7460,7520,453248
2011-06-17,7274,7300,7650,7170,7600,898651
2011-06-20,6537,6560,7310,6500,7260,1525304
2011-06-21,6298,6320,6690,6000,6570,2692851
2011-06-22,6437,6460,6680,6390,6390,1686129
2011-06-23,6278,6300,6560,6220,6350,800209
2011-06-24,6646,6670,6690,6300,6300,1542229
2011-06-27,6716,6740,6850,6560,6640,1033640
2011-06-28,6656,6680,6900,6680,6890,960355
2011-06-29,6736,6760,6820,6630,6800,457820
2011-06-30,6746,6770,6890,6740,6850,445080
2011-07-01,6895,6920,6990,6820,6820,864140
2011-07-04,7095,7120,7290,6920,7000,1207933
2011-07-05,7095,7120,7200,7040,7190,704198
2011-07-06,6995,7020,7170,7000,7160,639056
2011-07-07,6995,7020,7260,7010,7020,767496
2011-07-08,6945,6970,7150,6970,7100,537318
2011-07-11,6856,6880,7070,6840,7020,565609
2011-07-12,6507,6530,6820,6480,6780,889047
2011-07-13,6457,6480,6660,6430,6600,354716
2011-07-14,6477,6500,6590,6420,6540,445848
2011-07-15,6786,6810,6850,6500,6500,857736
2011-07-18,7035,7060,7110,6870,6950,1041317
2011-07-19,7493,7520,7740,7090,7100,2899360
2011-07-20,7254,7280,7450,7150,7440,1940478
2011-07-21,7214,7240,7390,7150,7320,701624
2011-07-22,7165,7190,7360,7170,7290,625238
2011-07-25,7025,7050,7360,7050,7160,636544
2011-07-26,7274,7300,7340,7090,7100,745708
2011-07-27,7284,7310,7490,7230,7320,931845
2011-07-28,7055,7080,7260,7060,7120,829327
2011-07-29,7055,7080,7340,7070,7140,750189
2011-08-01,7175,7200,7320,7130,7170,665679
2011-08-02,6945,6970,7230,6970,7150,623221
2011-08-03,6666,6690,6800,6660,6800,683657
2011-08-04,6387,6410,6850,6410,6760,622178
2011-08-05,5819,5840,6080,5650,5650,926703
2011-08-08,5251,5270,5980,5010,5600,1162409
2011-08-09,4638,4655,5100,4480,4900,1786120
2011-08-10,4982,5000,5120,4925,4980,1418535
2011-08-11,5221,5240,5270,4630,4630,1164732
2011-08-12,5221,5240,5560,5200,5430,1046254
2011-08-16,5570,5590,5660,5400,5490,938748
2011-08-17,5710,5730,5850,5590,5590,809514
2011-08-18,5869,5890,6280,5650,5730,2083187
2011-08-19,5221,5240,5790,5240,5590,923584
2011-08-22,5181,5200,5450,5100,5300,672078
2011-08-23,5431,5450,5470,5260,5260,567771
2011-08-24,5411,5430,5730,5430,5620,715438
2011-08-25,5490,5510,5750,5470,5600,517274
2011-08-26,5610,5630,5700,5480,5580,492633
2011-08-29,5809,5830,5870,5710,5790,656136
2011-08-30,5730,5750,6000,5750,6000,657652
2011-08-31,5700,5720,5810,5620,5810,443076
2011-09-01,5580,5600,5820,5550,5770,935220
2011-09-02,5570,5590,5730,5510,5580,468650
2011-09-05,5460,5480,5770,5420,5450,570486
2011-09-06,5191,5210,5560,5130,5510,630008
2011-09-07,5381,5400,5440,5310,5370,465453
2011-09-08,5381,5400,5590,5350,5510,553585
2011-09-09,5301,5320,5480,5230,5400,476578
2011-09-14,5072,5090,5360,5090,5300,446028
2011-09-15,4992,5010,5300,4950,5260,615216
2011-09-16,5152,5170,5330,5060,5150,1243082
2011-09-19,5142,5160,5460,5160,5210,978992
2011-09-20,5460,5480,5540,5100,5160,1609070
2011-09-21,5500,5520,5690,5420,5490,1864142
2011-09-22,5211,5230,5400,5200,5340,831050
2011-09-23,4892,4910,5050,4900,4970,786231
2011-09-26,4235,4250,5140,4200,4975,940949
2011-09-27,4459,4475,4515,4370,4400,808573
2011-09-28,4329,4345,4575,4345,4510,548540
2011-09-29,4534,4550,4620,4250,4300,901786
2011-09-30,4479,4495,4575,4430,4450,770780
2011-10-04,4125,4140,4200,4050,4050,634488
2011-10-05,3861,3875,4250,3875,4240,849153
2011-10-06,4175,4190,4435,4020,4020,1225447
2011-10-07,4265,4280,4365,4235,4320,1011203
2011-10-10,4902,4920,4920,4285,4290,3004737
2011-10-11,4982,5000,5320,4960,5120,2454935
2011-10-12,5152,5170,5180,4870,5030,1467433
2011-10-13,5191,5210,5440,5200,5270,1697580
2011-10-14,5281,5300,5370,5000,5180,1181668
2011-10-17,5311,5330,5480,5270,5380,1388947
2011-10-18,5132,5150,5230,5080,5140,664612
2011-10-19,5281,5300,5400,5190,5240,1106025
2011-10-20,5431,5450,5960,5400,5470,4349297
2011-10-21,5630,5650,5870,5630,5760,2133625
2011-10-24,5779,5800,5970,5740,5830,1496799
2011-10-25,5730,5750,5950,5750,5950,1264458
2011-10-26,5829,5850,5900,5610,5640,971415
2011-10-27,6068,6090,6310,5930,5950,2608707
2011-10-28,5849,5870,6260,5830,6220,1660762
2011-10-31,5869,5890,6080,5780,5950,872352
2011-11-01,5799,5820,6010,5710,5730,796596
2011-11-02,5740,5760,5770,5580,5600,820342
2011-11-03,5470,5490,5850,5490,5850,706618
2011-11-04,5919,5940,6070,5650,5670,1633776
2011-11-07,6806,6830,6830,6010,6050,7790606
2011-11-08,6327,6350,6870,6350,6820,4087558
2011-11-09,6118,6140,6550,6070,6490,2225500
2011-11-10,5680,5700,5990,5700,5830,1538525
2011-11-11,5839,5860,6180,5840,5870,2734133
2011-11-14,6019,6040,6170,5940,6010,1028460
2011-11-15,5959,5980,6170,5950,6060,945463
2011-11-16,5929,5950,6280,5950,6070,1750948
2011-11-17,6288,6310,6320,5950,6070,1299680
2011-11-18,6507,6530,6580,6130,6210,2757548
2011-11-21,6337,6360,6690,6350,6530,2014418
2011-11-22,6278,6300,6420,6170,6250,1449569
2011-11-23,6058,6080,6380,5980,6370,1291893
2011-11-24,5959,5980,6110,5850,6000,898079
2011-11-25,5690,5710,6080,5670,5990,893975
2011-11-28,5829,5850,5960,5810,5810,502513
2011-11-29,6218,6240,6290,5980,6050,1473073
2011-11-30,5989,6010,6240,6010,6190,858231
2011-12-01,6108,6130,6300,6130,6300,921720
2011-12-02,6108,6130,6220,6050,6130,552540
2011-12-05,6407,6430,6430,6160,6230,1451859
2011-12-06,6387,6410,7080,6410,6480,6463577
2011-12-07,6517,6540,6780,6480,6550,2025136
2011-12-08,6218,6240,6570,6230,6570,1948152
2011-12-09,6178,6200,6240,6040,6090,900794
2011-12-12,6347,6370,6480,6280,6370,1050112
2011-12-13,6427,6450,6450,6220,6300,775901
2011-12-14,6248,6270,6530,6260,6500,750351
2011-12-15,6009,6030,6260,6030,6140,609774
2011-12-16,6188,6210,6260,6030,6030,583150
2011-12-19,5779,5800,6210,5280,6210,1212943
2011-12-20,5969,5990,5990,5810,5810,452262
2011-12-21,6108,6130,6270,6120,6160,581960
2011-12-22,5979,6000,6180,5930,6130,480859
2011-12-23,5929,5950,6110,5940,6080,428242
2011-12-26,6138,6160,6160,5940,6010,606871
2011-12-27,5929,5950,6260,5850,6170,828933
2011-12-28,5999,6020,6120,5990,6000,323502
2011-12-29,6178,6200,6250,5950,6020,571547
2012-01-02,6347,6370,6460,6200,6200,1239369
2012-01-03,6497,6520,6640,6370,6450,1784704
2012-01-04,6357,6380,6650,6360,6650,1067353
2012-01-05,6587,6610,6720,6450,6500,1917272
2012-01-06,6856,6880,6950,6460,6690,2639070
2012-01-09,7125,7150,7240,6820,6980,3104009
2012-01-10,7055,7080,7420,7030,7250,2366496
2012-01-11,7175,7200,7370,7070,7150,1737362
2012-01-12,7424,7450,7500,7080,7200,1819346
2012-01-13,7593,7620,7730,7330,7460,2055396
2012-01-16,7593,7620,7810,7470,7580,1910334
2012-01-17,7135,7160,7890,7120,7800,5461092
2012-01-18,6915,6940,7330,6910,7250,1821204
2012-01-19,7334,7360,7590,7020,7030,5140416
2012-01-20,7334,7360,7480,7190,7330,1510400
2012-01-25,7155,7180,7470,7170,7360,1127113
2012-01-26,7224,7250,7440,7160,7160,1084003
2012-01-27,7165,7190,7340,7190,7290,598822
2012-01-30,7314,7340,7430,7200,7200,1096225
2012-01-31,7703,7730,7750,7430,7440,2884111
2012-02-01,7693,7720,7930,7610,7810,2099256
2012-02-02,7593,7620,7840,7570,7810,1245052
2012-02-03,7404,7430,7610,7420,7610,1139577
2012-02-06,7593,7620,7750,7520,7550,1246403
2012-02-07,7244,7270,7640,7210,7560,1554588
2012-02-08,7204,7230,7300,7050,7270,1312341
2012-02-09,7234,7260,7340,7170,7340,641338
2012-02-10,7593,7620,7660,7290,7310,1629734
2012-02-13,7553,7580,7780,7530,7710,806202
2012-02-14,7493,7520,7660,7470,7660,685051
2012-02-15,7892,7920,7960,7490,7540,2561320
2012-02-16,7633,7660,7790,7590,7700,1559609
2012-02-17,7952,7980,8200,7700,7770,3219826
2012-02-20,8032,8060,8180,7850,8070,1591999
2012-02-21,7872,7900,8100,7820,8090,834919
2012-02-22,7713,7740,7930,7730,7890,818390
2012-02-23,7653,7680,7950,7670,7690,852903
2012-02-24,7673,7700,7890,7680,7890,488188
2012-02-27,7334,7360,7780,7360,7780,1014919
2012-02-28,7463,7490,7510,7360,7360,426714
2012-02-29,7473,7500,7750,7500,7570,757818
2012-03-02,7513,7540,7670,7500,7500,354814
2012-03-05,7284,7310,7610,7310,7580,591811
2012-03-06,7523,7550,7770,7470,7560,1741119
2012-03-07,7354,7380,7500,7350,7450,560193
2012-03-08,7314,7340,7510,7340,7440,692444
2012-03-09,7573,7600,7600,7420,7450,583279
2012-03-12,7613,7640,7810,7530,7640,915513
2012-03-13,7653,7680,7810,7600,7780,604304
2012-03-14,7503,7530,7790,7520,7780,814610
2012-03-15,7394,7420,7550,7400,7510,456720
2012-03-16,7673,7700,7700,7450,7450,909929
2012-03-19,7643,7670,7740,7600,7700,494624
2012-03-20,7493,7520,7790,7500,7710,631823
2012-03-21,7354,7380,7520,7350,7460,556067
2012-03-22,7085,7110,7420,7100,7380,734674
2012-03-23,7145,7170,7190,7000,7000,425464
2012-03-26,6975,7000,7250,7000,7180,462338
2012-03-27,6676,6700,7080,6690,7000,948601
2012-03-28,6706,6730,6820,6650,6650,446566
2012-03-29,6427,6450,6750,6410,6730,562802
2012-03-30,6427,6450,6540,6400,6400,617347
2012-04-02,6447,6470,6540,6450,6450,323925
2012-04-03,6308,6330,6650,6330,6470,755560
2012-04-04,5909,5930,6330,5930,6330,1321093
2012-04-05,6028,6050,6050,5800,5830,488451
2012-04-06,6238,6260,6410,6070,6100,822502
2012-04-09,5939,5960,6260,5950,6250,385816
2012-04-10,5849,5870,6040,5820,5850,336737
2012-04-12,6168,6190,6230,5870,5870,644345
2012-04-13,6537,6560,6580,6270,6330,818195
2012-04-16,6387,6410,6550,6320,6500,367579
2012-04-17,6327,6350,6530,6300,6500,279325
2012-04-18,6347,6370,6500,6310,6450,370688
2012-04-19,6188,6210,6360,6200,6270,257666
2012-04-20,6019,6040,6250,6010,6160,369143
2012-04-23,5939,5960,6120,5930,6090,310896
2012-04-24,5849,5870,5950,5750,5860,318046
2012-04-25,5829,5850,5980,5820,5980,209982
2012-04-26,5799,5820,6090,5810,5950,416055
2012-04-27,5700,5720,5940,5690,5940,343687
2012-04-30,5640,5660,5850,5580,5740,369961
2012-05-02,5809,5830,5830,5660,5660,309374
2012-05-03,5809,5830,5980,5820,5870,274655
2012-05-04,5919,5940,5940,5750,5830,238420
2012-05-07,5829,5850,5910,5800,5890,221526
2012-05-08,6038,6060,6060,5870,5870,402259
2012-05-09,5999,6020,6210,6010,6050,483308
2012-05-10,6078,6100,6170,5910,5960,324625
2012-05-11,5889,5910,6140,5900,6100,271914
2012-05-14,5809,5830,5930,5650,5910,338023
2012-05-15,5620,5640,5750,5580,5680,297994
2012-05-16,5281,5300,5700,5300,5600,354053
2012-05-17,5361,5380,5460,5300,5300,202326
2012-05-18,4937,4955,5250,4950,5200,652668
2012-05-21,5002,5020,5110,4960,4990,299998
2012-05-22,5211,5230,5270,5100,5150,226888
2012-05-23,5062,5080,5200,5050,5190,275768
2012-05-24,5072,5090,5150,5070,5090,165589
2012-05-25,5092,5110,5180,5090,5110,174356
2012-05-29,5162,5180,5190,5070,5110,232116
2012-05-30,5181,5200,5300,5160,5250,220248
2012-05-31,5181,5200,5200,5070,5140,200080
2012-06-01,5181,5200,5240,5140,5240,165803
2012-06-04,4882,4900,5050,4895,4990,325382
2012-06-05,4972,4990,5030,4900,4900,154594
2012-06-07,5191,5210,5250,4990,4990,295047
2012-06-08,5112,5130,5260,5090,5250,158775
2012-06-11,5411,5430,5520,5200,5240,495443
2012-06-12,5361,5380,5440,5300,5300,219531
2012-06-13,5321,5340,5540,5340,5510,409633
2012-06-14,5201,5220,5440,5200,5270,269913
2012-06-15,5251,5270,5300,5150,5270,254104
2012-06-18,5391,5410,5510,5360,5400,410662
2012-06-19,5371,5390,5480,5360,5430,291771
2012-06-20,5650,5670,5670,5400,5460,617522
2012-06-21,5560,5580,5670,5560,5660,375988
2012-06-22,5480,5500,5520,5410,5450,252669
2012-06-25,5470,5490,5580,5430,5560,197857
2012-06-26,5401,5420,5500,5400,5400,131247
2012-06-27,5610,5630,5730,5360,5480,488405
2012-06-28,5730,5750,5890,5630,5630,1027286
2012-06-29,5690,5710,5790,5590,5690,390218
2012-07-02,5809,5830,6020,5820,5830,611110
2012-07-03,5829,5850,5920,5770,5890,476497
2012-07-04,5749,5770,6020,5770,5920,408011
2012-07-05,5680,5700,5800,5670,5750,352481
2012-07-06,5600,5620,5740,5560,5680,346260
2012-07-09,5779,5800,5800,5560,5600,315997
2012-07-10,5680,5700,5840,5700,5800,269550
2012-07-11,5680,5700,5750,5630,5700,175068
2012-07-12,5570,5590,5740,5590,5720,265245
2012-07-13,5391,5410,5580,5010,5530,469269
2012-07-16,5301,5320,5490,5320,5440,231308
2012-07-17,5351,5370,5450,5300,5320,186304
2012-07-18,5201,5220,5440,5210,5340,330627
2012-07-19,5281,5300,5440,5290,5440,174734
2012-07-20,5281,5300,5380,5270,5320,147137
2012-07-23,5162,5180,5260,5110,5250,203770
2012-07-24,5401,5420,5500,5270,5270,567007
2012-07-25,5361,5380,5460,5240,5350,287652
2012-07-26,5281,5300,5450,5290,5350,275775
2012-07-27,5610,5630,5670,5340,5430,718294
2012-07-30,5759,5780,5860,5660,5750,786185
2012-07-31,5829,5850,5850,5670,5750,415294
2012-08-01,5749,5770,5830,5760,5810,201237
2012-08-02,5749,5770,5890,5740,5810,248260
2012-08-03,5660,5680,5790,5650,5670,194674
2012-08-06,6058,6080,6190,5760,5810,1914622
2012-08-07,6268,6290,6350,6030,6110,1495439
2012-08-08,6258,6280,6430,6260,6390,1082684
2012-08-09,6258,6280,6350,6240,6350,510933
2012-08-10,6218,6240,6390,6210,6280,481993
2012-08-13,6676,6700,6790,6250,6250,2024839
2012-08-14,6626,6650,6850,6620,6720,1140409
2012-08-16,6776,6800,6980,6520,6650,1490173
2012-08-17,6776,6800,6920,6760,6850,603544
2012-08-20,6736,6760,6880,6760,6770,482533
2012-08-21,6567,6590,6850,6580,6760,900575
2012-08-22,6577,6600,6760,6560,6640,703370
2012-08-23,6587,6610,6690,6520,6620,558850
2012-08-24,6597,6620,6850,6540,6620,931549
2012-08-27,6377,6400,6580,6360,6540,727489
2012-08-28,6497,6520,6530,6370,6420,470343
2012-08-29,6527,6550,6620,6530,6610,371908
2012-08-30,6357,6380,6570,6380,6510,437554
2012-08-31,6806,6830,6860,6400,6400,1710141
2012-09-03,6826,6850,7070,6830,6940,1368379
2012-09-04,6696,6720,6980,6700,6850,755487
2012-09-05,6636,6660,6820,6640,6750,525723
2012-09-06,6925,6950,7080,6720,6800,1465023
2012-09-07,6836,6860,7060,6820,7040,1219892
2012-09-10,6955,6980,7050,6900,6970,862834
2012-09-11,6965,6990,7220,6940,7010,1588473
2012-09-12,7194,7220,7250,7030,7050,1723861
2012-09-13,7384,7410,7440,7150,7260,1567381
2012-09-14,7384,7410,7540,7300,7500,1163417
2012-09-17,7354,7380,7470,7280,7450,826500
2012-09-18,7314,7340,7480,7320,7410,671645
2012-09-19,7404,7430,7470,7270,7350,704060
2012-09-20,7254,7280,7510,7250,7490,676790
2012-09-21,7184,7210,7420,7160,7310,702961
2012-09-24,7175,7200,7260,7100,7210,466976
2012-09-25,7065,7090,7250,7080,7210,513656
2012-09-26,7304,7330,7350,7060,7070,737792
2012-09-27,7533,7560,7640,7250,7290,1673623
2012-09-28,7364,7390,7650,7390,7630,791145
2012-10-02,7284,7310,7480,7260,7390,407946
2012-10-04,7344,7370,7400,7270,7310,392836
2012-10-05,7364,7390,7490,7360,7410,436572
2012-10-08,7045,7070,7470,7070,7410,846778
2012-10-09,7005,7030,7230,6900,7050,826158
2012-10-10,6736,6760,7110,6720,7020,843184
2012-10-11,6886,6910,6960,6700,6740,464608
2012-10-12,6826,6850,6970,6830,6910,273718
2012-10-15,6886,6910,7130,6800,7100,640018
2012-10-16,7165,7190,7190,6910,7020,771636
2012-10-17,7165,7190,7270,7140,7230,631125
2012-10-18,6856,6880,7240,6880,7230,533244
2012-10-19,6796,6820,6990,6800,6850,351470
2012-10-22,6955,6980,6980,6620,6750,377164
2012-10-23,6945,6970,7050,6890,6990,335125
2012-10-24,7274,7300,7300,6870,6870,740099
2012-10-25,7414,7440,7620,7340,7400,1822160
2012-10-26,7135,7160,7490,7090,7490,801003
2012-10-29,6965,6990,7390,6980,7230,761387
2012-10-30,7175,7200,7330,6950,6950,940655
2012-10-31,7224,7250,7460,7220,7320,1109335
2012-11-01,7254,7280,7370,7200,7330,592268
2012-11-02,7633,7660,7660,7370,7390,2232049
2012-11-05,7364,7390,7640,7380,7600,1380584
2012-11-06,7244,7270,7460,7240,7430,988054
2012-11-07,7374,7400,7400,7180,7320,652959
2012-11-08,7533,7560,7570,7170,7220,1046375
2012-11-09,7733,7760,7850,7380,7510,2400606
2012-11-12,7752,7780,8090,7780,7900,2705563
2012-11-13,7852,7880,7980,7670,7830,1345282
2012-11-14,8051,8080,8300,7900,7950,3883334
2012-11-15,7473,7500,8210,7140,7950,2934999
2012-11-16,7424,7450,7830,7300,7670,1872594
2012-11-19,7772,7800,7940,7500,7500,1615093
2012-11-20,7922,7950,8070,7850,8070,1256775
2012-11-21,8081,8110,8200,7840,7940,1698907
2012-11-22,8370,8400,8430,8150,8250,2212212
2012-11-23,8370,8400,8570,8230,8520,1474598
2012-11-26,8071,8100,8470,8050,8450,1415871
2012-11-27,7952,7980,8380,7890,8150,1531631
2012-11-28,8051,8080,8130,7820,7910,1126567
2012-11-29,7862,7890,8180,7860,8140,1204483
2012-11-30,7593,7620,8010,7620,7860,1364831
2012-12-03,7673,7700,7790,7460,7550,1628715
2012-12-04,7693,7720,7830,7630,7650,1262624
2012-12-05,7473,7500,7760,7470,7760,1411488
2012-12-06,7483,7510,7740,7500,7580,1317174
2012-12-07,7354,7380,7730,7210,7530,2113951
2012-12-10,7165,7190,7420,7160,7380,1346596
2012-12-11,7304,7330,7370,7220,7250,816692
2012-12-12,7055,7080,7370,7080,7350,924198
2012-12-13,7125,7150,7220,7020,7020,772783
2012-12-14,6756,6780,7250,6780,7100,2220655
2012-12-17,6806,6830,6890,6690,6790,1222634
2012-12-18,6547,6570,6930,6540,6890,1520473
2012-12-20,6447,6470,6690,6470,6570,841076
2012-12-21,6357,6380,6590,6340,6460,924369
2012-12-24,6836,6860,6870,6400,6440,1468474
2012-12-26,6856,6880,7060,6850,6860,1089862
2012-12-27,6995,7020,7050,6880,6880,795002
2012-12-28,6995,7020,7060,6940,7050,504418
2013-01-02,7125,7150,7230,7010,7020,701494
2013-01-03,7055,7080,7250,7070,7210,615286
2013-01-04,7045,7070,7180,6970,7120,663962
2013-01-07,7344,7370,7440,7120,7140,1544875
2013-01-08,7045,7070,7380,7070,7310,1365924
2013-01-09,7135,7160,7280,7070,7130,865348
2013-01-10,7194,7220,7370,7170,7180,799653
2013-01-11,7065,7090,7280,7080,7270,770788
2013-01-14,7015,7040,7170,7010,7140,514040
2013-01-15,6886,6910,7220,6910,7090,639309
2013-01-16,6786,6810,7060,6780,6920,712245
2013-01-17,6816,6840,6880,6760,6800,708733
2013-01-18,7593,7620,7710,6930,6940,3695825
2013-01-21,7962,7990,8090,7760,7770,4110474
2013-01-22,7982,8010,8060,7860,7900,1642468
2013-01-23,8221,8250,8400,7950,8040,3836810
2013-01-24,8181,8210,8380,8170,8340,2084885
2013-01-25,8101,8130,8440,7960,8320,2516558
2013-01-28,8211,8240,8260,7870,8150,1556424
2013-01-29,8460,8490,8640,8220,8340,3247136
2013-01-30,7942,7970,8460,7970,8400,2390717
2013-01-31,8151,8180,8240,7950,7960,1325976
2013-02-01,7912,7940,8170,7880,8130,1406829
2013-02-04,7752,7780,8000,7760,8000,1076244
2013-02-05,7822,7850,8030,7750,7790,1403922
2013-02-06,7802,7830,7990,7800,7900,935920
2013-02-07,7822,7850,8030,7800,7890,939680
2013-02-08,8091,8120,8160,7850,7920,1462078
2013-02-12,8151,8180,8360,8120,8120,1806317
2013-02-13,8131,8160,8310,8150,8290,1276020
2013-02-14,8330,8360,8370,8170,8220,1424636
2013-02-15,8330,8360,8450,8270,8390,1215027
2013-02-18,8251,8280,8550,8230,8440,1773380
2013-02-19,8480,8510,8630,8210,8230,3534676
2013-02-20,8450,8480,8560,8440,8490,1321971
2013-02-21,8530,8560,8930,8440,8470,3349826
2013-02-22,8330,8360,8710,8300,8650,1935463
2013-02-25,8181,8210,8470,8200,8390,1283844
2013-02-26,8231,8260,8320,8120,8150,866738
2013-02-27,8380,8410,8460,8210,8270,1447755
2013-02-28,8261,8290,8500,8260,8500,1159821
2013-03-04,8619,8650,8720,8290,8290,2692225
2013-03-05,8629,8660,8860,8590,8720,1844488
2013-03-06,8898,8930,8940,8660,8760,2838833
2013-03-07,8859,8890,9060,8810,9050,2023400
2013-03-08,8819,8850,8970,8830,8920,1220590
2013-03-11,8889,8920,8940,8620,8940,1609588
2013-03-12,8908,8940,9110,8920,8970,1102609
2013-03-13,9018,9050,9290,8900,8910,2791406
2013-03-14,9516,9550,9550,9070,9150,2682464
2013-03-15,9706,9740,9950,9530,9660,3519995
2013-03-18,9516,9550,9920,9500,9700,2249398
2013-03-19,9676,9710,9940,9670,9680,1969927
2013-03-20,9536,9570,9720,9430,9560,1965874
2013-03-21,9785,9820,9850,9620,9670,1522697
2013-03-22,9865,9900,10050,9710,9730,2133657
2013-03-25,9367,9400,9940,9240,9910,3282212
2013-03-26,9297,9330,9620,9130,9470,2952139
2013-03-27,9467,9500,9550,9160,9400,1633114
2013-03-28,9317,9350,9660,9340,9540,1356042
2013-03-29,9038,9070,9470,9050,9430,2734510
2013-04-01,8958,8990,9190,8950,9080,1665417
2013-04-02,9088,9120,9300,9050,9050,1577324
2013-04-03,9496,9530,9560,9170,9240,2454087
2013-04-04,9197,9230,9480,8770,9380,2538706
2013-04-05,8789,8820,9280,8740,9220,2084319
2013-04-08,8291,8320,8850,8320,8800,1997712
2013-04-09,8370,8400,8500,8080,8120,1846128
2013-04-10,8410,8440,8520,8380,8490,697334
2013-04-11,8739,8770,8820,8530,8570,1296827
2013-04-12,8689,8720,8930,8700,8860,1089759
2013-04-15,8829,8860,8860,8680,8720,828426
2013-04-16,8759,8790,8930,8700,8720,966401
2013-04-17,9217,9250,9280,8900,8920,2848494
2013-04-18,8908,8940,9240,8930,9200,1594036
2013-04-19,8619,8650,9000,8600,8860,1379542
2013-04-22,9357,9390,9390,8790,8800,2264864
2013-04-23,9417,9450,9520,9300,9400,1755319
2013-04-24,9516,9550,9650,9420,9630,2559612
2013-04-25,9357,9390,9630,9270,9570,1801838
2013-04-26,9357,9390,9730,9390,9550,2508834
2013-04-29,9267,9300,9470,9290,9380,964541
2013-04-30,9287,9320,9570,9270,9400,1848904
2013-05-02,9128,9160,9380,9060,9320,945674
2013-05-03,9168,9200,9300,9040,9210,1112047
2013-05-06,9078,9110,9340,9080,9300,982541
2013-05-07,9357,9390,9390,9060,9150,1559489
2013-05-08,9327,9360,9450,9310,9450,972435
2013-05-09,9427,9460,9700,9440,9450,2698957
2013-05-10,9267,9300,9550,9280,9520,1267105
2013-05-13,9666,9700,9720,9420,9420,2578455
2013-05-14,9865,9900,9900,9450,9790,3402325
2013-05-15,10264,10300,10350,9770,9850,4910351
2013-05-16,10862,10900,11100,10400,10450,6583405
2013-05-20,10862,10900,11200,10750,10900,3042081
2013-05-21,11460,11500,11550,10900,11000,3394715
2013-05-22,11161,11200,11600,11150,11550,2193270
2013-05-23,11410,11450,11700,11000,11200,2339644
2013-05-24,11360,11400,11750,11250,11550,1373076
2013-05-27,11709,11750,11750,11200,11400,1828574
2013-05-28,12008,12050,12100,11650,11800,2127504
2013-05-29,12157,12200,12200,11850,12100,1775922
2013-05-30,11161,11200,12100,11100,12050,4070129
2013-05-31,11360,11400,11400,10750,11200,4167017
2013-06-03,10961,11000,11450,11000,11150,1152210
2013-06-04,11609,11650,11750,11100,11200,3061448
2013-06-05,11260,11300,11850,11150,11650,2243882
2013-06-07,11111,11150,11700,11050,11300,2332979
2013-06-10,11609,11650,11750,11200,11250,2667421
2013-06-11,11808,11850,11950,11300,11550,2677941
2013-06-12,11460,11500,11900,11500,11700,1476584
2013-06-13,11111,11150,11600,10900,11350,2143927
2013-06-14,10513,10550,11450,10500,11350,2553025
2013-06-17,10662,10700,10850,10350,10550,1899100
2013-06-18,10911,10950,11050,10500,10800,1336509
2013-06-19,11011,11050,11400,10850,11000,1975621
2013-06-20,11210,11250,11400,10700,10800,2273978
2013-06-21,11061,11100,11150,10800,11000,1669687
2013-06-24,10164,10200,11300,10150,11100,1986991
2013-06-25,9496,9530,10400,9230,10200,3798591
2013-06-26,9566,9600,10100,9240,9850,3781629
2013-06-27,10264,10300,10300,9800,9820,2520175
2013-06-28,10164,10200,10500,10100,10500,1449202
2013-07-01,10164,10200,10300,10100,10100,948595
2013-07-02,9965,10000,10550,9980,10500,1861616
2013-07-03,9925,9960,10150,9760,9980,2060395
2013-07-04,10015,10050,10200,9840,10100,1041824
2013-07-05,9686,9720,10150,9690,10100,1433637
2013-07-08,9287,9320,9800,9320,9670,1684028
2013-07-09,9626,9660,9720,9400,9400,2065942
2013-07-10,8271,8300,9680,8230,9590,8419380
2013-07-11,8978,9010,9240,8450,8490,9205348
2013-07-12,9078,9110,9290,9090,9260,2173903
2013-07-15,9098,9130,9280,8740,9140,2440502
2013-07-16,10164,10200,10400,9030,9180,7208699
2013-07-17,10015,10050,10650,10000,10250,5218773
2013-07-18,9965,10000,10250,9850,9970,2619852
2013-07-19,9965,10000,10450,10000,10100,3074462
2013-07-22,9756,9790,10150,9760,10000,1979131
2013-07-23,9785,9820,10100,9740,9790,1985178
2013-07-24,10015,10050,10200,9910,9920,1929734
2013-07-25,9885,9920,10200,9920,10100,1209408
2013-07-26,9795,9830,10050,9810,9850,1048903
2013-07-29,9746,9780,10100,9770,9940,1313300
2013-07-30,9965,10000,10050,9860,9910,1662940
2013-07-31,10314,10350,10400,10000,10050,2731058
2013-08-01,10613,10650,10850,10350,10450,3404542
2013-08-02,10563,10600,10850,10500,10800,1155056
2013-08-05,10513,10550,10750,10450,10650,971772
2013-08-06,10114,10150,10700,10050,10600,2151268
2013-08-07,10463,10500,10600,10200,10250,1918483
2013-08-08,10264,10300,10600,10200,10550,1452294
2013-08-09,10015,10050,10400,10050,10300,1128296
2013-08-12,9965,10000,10300,9860,10100,1347493
2013-08-13,10114,10150,10350,9970,10000,1697558
2013-08-14,10662,10700,10700,10100,10150,3551231
2013-08-16,10463,10500,10750,10400,10700,1726184
2013-08-19,10264,10300,10500,10250,10500,949145
2013-08-20,10064,10100,10800,9990,10250,3507806
2013-08-21,9835,9870,10250,9580,10150,2814254
2013-08-22,9217,9250,9750,9250,9690,1868646
2013-08-23,9746,9780,9870,9410,9420,1632396
2013-08-26,9676,9710,9940,9700,9740,1016466
2013-08-27,9566,9600,9880,9520,9740,744826
2013-08-28,9197,9230,9440,9070,9270,1966070
2013-08-29,9078,9110,9550,9070,9410,2076109
2013-08-30,8550,8580,9190,8500,9190,3946122
2013-09-02,8619,8650,8680,8440,8460,2076234
2013-09-03,8679,8710,8770,8610,8660,1152240
2013-09-04,8470,8500,8790,8500,8750,1329736
2013-09-05,8570,8600,8810,8560,8600,2499142
2013-09-06,8271,8300,8680,8230,8600,2024350
2013-09-09,8291,8320,8450,8300,8370,1096946
2013-09-10,8121,8150,8460,8100,8340,1628358
2013-09-11,8321,8350,8400,8170,8230,1578479
2013-09-12,8181,8210,8450,8130,8350,1457590
2013-09-13,8151,8180,8320,8040,8160,2207618
2013-09-16,8151,8180,8290,8110,8220,738176
2013-09-17,8321,8350,8530,8230,8250,2531489
2013-09-23,8560,8590,8670,8300,8350,2302239
2013-09-24,8629,8660,8690,8470,8560,1660045
2013-09-25,8600,8630,8810,8610,8690,1634410
2013-09-26,9018,9050,9290,8690,8700,5451060
2013-09-27,9008,9040,9220,9020,9110,1728357
2013-09-30,8819,8850,9100,8850,8950,1229186
2013-10-01,8649,8680,9060,8600,8800,1403350
2013-10-02,8898,8930,9050,8920,8990,1839920
2013-10-04,8829,8860,9190,8850,8930,2009428
2013-10-07,8669,8700,8920,8670,8910,1001993
2013-10-08,8600,8630,8750,8510,8740,1024297
2013-10-10,8869,8900,8960,8630,8630,1573460
2013-10-11,8889,8920,9090,8920,9010,1264354
2013-10-14,8898,8930,9140,8930,9130,1099572
2013-10-15,8749,8780,9060,8770,8980,1482857
2013-10-16,8689,8720,8880,8700,8830,839657
2013-10-17,8420,8450,8880,8430,8810,1435589
2013-10-18,8520,8550,8570,8410,8450,820575
2013-10-21,8709,8740,8830,8670,8730,1129848
2013-10-22,8719,8750,8790,8610,8610,573999
2013-10-23,8520,8550,8840,8550,8770,842337
2013-10-24,8610,8640,8640,8450,8510,808606
2013-10-25,8938,8970,8970,8580,8660,1627631
2013-10-28,8938,8970,9060,8860,9040,1323805
2013-10-29,8859,8890,9040,8860,9000,916785
2013-10-30,9486,9520,9540,8930,8970,5065103
2013-10-31,9496,9530,9950,9520,9600,5132929
2013-11-01,9686,9720,9750,9410,9530,2108655
2013-11-04,9626,9660,9890,9630,9880,1819159
2013-11-05,9237,9270,9690,9260,9570,2031638
2013-11-06,9247,9280,9520,9250,9250,1584341
2013-11-07,9118,9150,9370,9070,9340,1414829
2013-11-08,9437,9470,9470,9000,9070,1506483
2013-11-11,9038,9070,9460,9030,9420,1244265
2013-11-12,9158,9190,9330,9090,9090,1057561
2013-11-13,9158,9190,9410,9120,9190,1061829
2013-11-14,9427,9460,9500,9230,9320,1076868
2013-11-15,9327,9360,9500,9330,9490,938448
2013-11-18,9028,9060,9450,9060,9440,981674
2013-11-19,8918,8950,9110,8730,9050,1462200
2013-11-20,8669,8700,8990,8670,8940,1150821
2013-11-21,8739,8770,8830,8620,8630,801003
2013-11-22,8789,8820,8880,8730,8830,616937
2013-11-25,9008,9040,9080,8840,8870,677618
2013-11-26,9038,9070,9180,8940,9040,713586
2013-11-27,9058,9090,9140,9000,9020,586099
2013-11-28,9088,9120,9210,9110,9110,653367
2013-11-29,8998,9030,9180,9030,9130,628004
2013-12-02,9217,9250,9290,9110,9120,927919
2013-12-03,9197,9230,9330,9170,9220,728934
2013-12-04,9158,9190,9340,9160,9220,669545
2013-12-05,9098,9130,9270,9130,9230,451447
2013-12-06,9267,9300,9320,9120,9130,869016
2013-12-09,9158,9190,9450,9180,9390,851228
2013-12-10,9347,9380,9380,9170,9250,1175086
2013-12-11,9217,9250,9430,9200,9300,893018
2013-12-12,9168,9200,9320,9150,9200,491820
2013-12-13,9028,9060,9230,8950,9170,727196
2013-12-16,9158,9190,9340,9110,9110,797495
2013-12-17,9237,9270,9430,9240,9310,922943
2013-12-18,9307,9340,9540,9320,9380,1260064
2013-12-19,9307,9340,9490,9260,9460,829825
2013-12-20,9447,9480,9490,9340,9400,734542
2013-12-23,9387,9420,9650,9420,9550,868219
2013-12-24,9367,9400,9510,9280,9460,692266
2013-12-26,9227,9260,9480,9260,9400,611562
2013-12-27,9447,9480,9500,9210,9220,638989
2013-12-30,10064,10100,10100,9680,9710,4338998
2014-01-02,9925,9960,10100,9920,10100,1688420
2014-01-03,10264,10300,10450,9980,9990,3145495
2014-01-06,10314,10350,10400,10150,10350,1384670
2014-01-07,10314,10350,10600,10300,10400,1742074
2014-01-08,10264,10300,10550,10250,10450,1446322
2014-01-09,10563,10600,10800,10400,10450,2449434
2014-01-10,10463,10500,10750,10300,10600,1796242
2014-01-13,10413,10450,10650,10350,10600,1177428
2014-01-14,10214,10250,10500,10200,10350,1496347
2014-01-15,10712,10750,10850,10350,10400,2874583
2014-01-16,10911,10950,11000,10750,10850,1674506
2014-01-17,10812,10850,11000,10700,10950,919288
2014-01-20,10961,11000,11250,10750,10850,2586739
2014-01-21,10961,11000,11150,10900,11100,1288927
2014-01-22,11011,11050,11200,10800,11050,1159084
2014-01-23,11310,11350,11400,11100,11150,2047781
2014-01-24,11360,11400,11550,11200,11250,1495928
2014-01-27,11161,11200,11350,10800,11050,1924932
2014-01-28,11161,11200,11350,10900,11250,1325049
2014-01-29,11161,11200,11350,11100,11300,1046981
2014-02-03,11210,11250,11350,11000,11200,893805
2014-02-04,11161,11200,11200,10950,11050,889434
2014-02-05,11061,11100,11350,11050,11300,721607
2014-02-06,10961,11000,11200,11000,11150,850483
2014-02-07,11360,11400,11450,11100,11200,1772220
2014-02-10,11709,11750,11800,11500,11550,1561920
2014-02-11,11559,11600,11750,11550,11700,744990
2014-02-12,11509,11550,11700,11450,11600,663843
2014-02-13,11460,11500,11600,11350,11550,921924
2014-02-14,11808,11850,12000,11550,11550,2154411
2014-02-17,11858,11900,11950,11700,11950,874508
2014-02-18,11808,11850,11950,11750,11850,601830
2014-02-19,11709,11750,11900,11650,11850,628748
2014-02-20,11509,11550,11950,11450,11700,1040085
2014-02-21,11609,11650,11750,11500,11600,546028
2014-02-24,11509,11550,11750,11550,11700,330286
2014-02-25,11609,11650,11750,11600,11700,334061
2014-02-26,11659,11700,11950,11650,11700,954225
2014-02-27,11111,11150,11750,10850,11650,3240899
2014-02-28,11260,11300,11350,10900,11150,1109944
2014-03-03,11161,11200,11300,11050,11250,615936
2014-03-04,11509,11550,11600,11100,11150,1066626
2014-03-05,11609,11650,11750,11550,11650,618901
2014-03-06,11808,11850,11950,11600,11650,1115871
2014-03-07,11709,11750,12050,11750,11900,916811
2014-03-10,11709,11750,11850,11600,11700,558904
2014-03-11,12057,12100,12300,11800,11850,1964222
2014-03-12,11908,11950,12100,11850,12050,922689
2014-03-13,12705,12750,12750,11850,11850,2522839
2014-03-14,13502,13550,14150,13200,13250,6770012
2014-03-17,13253,13300,13850,13250,13650,2490263
2014-03-18,13602,13650,13750,13150,13350,1808617
2014-03-19,13702,13750,13900,13350,13800,1260143
2014-03-20,13353,13400,13650,13400,13500,952570
2014-03-21,13901,13950,14000,13500,13550,1681352
2014-03-24,14051,14100,14350,13900,14200,1361491
2014-03-25,13154,13200,14000,13100,14000,2207539
2014-03-26,13403,13450,13600,13100,13350,1326887
2014-03-27,12905,12950,13350,12800,13300,2024743
2014-03-28,13303,13350,13500,13000,13000,1685083
2014-03-31,13253,13300,13450,13200,13400,652507
2014-04-01,14449,14500,14500,13450,13450,3058578
2014-04-02,14350,14400,14550,14250,14550,1444255
2014-04-03,14200,14250,14900,14000,14350,1825326
2014-04-04,14100,14150,14500,14050,14150,1154561
2014-04-07,13901,13950,14200,13650,13900,1112088
2014-04-08,14001,14050,14150,13750,13850,636351
2014-04-09,12107,12150,14200,12050,14150,4947447
2014-04-10,13054,13100,13700,12950,13150,6021542
2014-04-11,13453,13500,13550,12850,12950,2008532
2014-04-14,13552,13600,13650,13350,13400,1104835
2014-04-15,13502,13550,13800,13500,13650,871614
2014-04-16,13453,13500,13700,13400,13650,526749
2014-04-17,13702,13750,13950,13450,13550,1208821
2014-04-18,14449,14500,14500,13700,13850,2097012
2014-04-21,14399,14450,14600,14200,14550,850212
2014-04-22,14150,14200,14400,14200,14350,584767
2014-04-23,14001,14050,14350,14000,14300,799850
2014-04-24,13602,13650,14250,13500,13950,1414336
2014-04-25,13203,13250,13700,13150,13650,1006947
2014-04-28,13154,13200,13550,13150,13300,954666
2014-04-29,14001,14050,14050,13300,13300,1219220
2014-04-30,13801,13850,14250,13450,14050,1006563
2014-05-02,13502,13550,13900,13400,13850,832959
2014-05-07,13453,13500,13600,13200,13550,903067
2014-05-08,13054,13100,13550,12500,13500,1960091
2014-05-09,13104,13150,13300,12900,13100,520496
2014-05-12,13303,13350,13600,12900,13000,893361
2014-05-13,13801,13850,14100,13600,13650,1224856
2014-05-14,13801,13850,13950,13700,13800,594767
2014-05-15,13353,13400,13950,13200,13850,865413
2014-05-16,13253,13300,13500,13150,13300,563693
2014-05-19,13403,13450,13850,13300,13350,1132930
2014-05-20,13253,13300,13850,13250,13500,751664
2014-05-21,12855,12900,13500,12800,13400,970809
2014-05-22,12855,12900,13200,12800,13150,645783
2014-05-23,12755,12800,13050,12700,12850,507583
2014-05-26,13104,13150,13300,12850,12850,631515
2014-05-27,13203,13250,13300,12950,13250,437322
2014-05-28,13552,13600,13600,13050,13200,746603
2014-05-29,12954,13000,13650,12950,13600,925058
2014-05-30,11759,11800,12900,11700,12750,3741822
2014-06-02,11858,11900,11900,11150,11850,2558579
2014-06-03,11310,11350,11850,11300,11700,1498333
2014-06-05,10363,10400,11400,10300,11350,3087401
2014-06-09,10463,10500,10700,10350,10400,1242937
2014-06-10,10662,10700,10900,10550,10550,956859
2014-06-11,9965,10000,10750,9970,10700,4078100
2014-06-12,9626,9660,9970,9500,9950,3820501
2014-06-13,9516,9550,9840,9530,9660,2677445
2014-06-16,9486,9520,9810,9470,9660,2659293
2014-06-17,9626,9660,9770,9540,9560,2236532
2014-06-18,9108,9140,9770,9140,9710,3290805
2014-06-19,9447,9480,9650,9290,9310,3455019
2014-06-20,9158,9190,9650,9190,9630,2638117
2014-06-23,8918,8950,9210,8900,9200,2190351
2014-06-24,8988,9020,9150,8780,8930,1600276
2014-06-25,8659,8690,8990,8690,8950,1803946
2014-06-26,8659,8690,8890,8600,8700,1901066
2014-06-27,8629,8660,8730,8500,8690,1007553
2014-06-30,8779,8810,8870,8680,8750,1306339
2014-07-01,9895,9930,10050,8960,8970,10404723
2014-07-02,9496,9530,10050,9490,10000,7063089
2014-07-03,9317,9350,9590,9230,9480,3912520
2014-07-04,9646,9680,9840,9520,9550,5040800
2014-07-07,10463,10500,10700,9960,10000,8394257
2014-07-08,10264,10300,10650,10150,10600,2884916
2014-07-09,10314,10350,10600,10250,10350,2368834
2014-07-10,10413,10450,10550,10150,10400,2120209
2014-07-11,10015,10050,10550,9990,10450,2050955
2014-07-14,10114,10150,10200,9900,9900,1699245
2014-07-15,10015,10050,10400,10000,10350,1602296
2014-07-16,10015,10050,10400,9970,10200,2030478
2014-07-17,9885,9920,10150,9710,10050,1522026
2014-07-18,9885,9920,10100,9850,9850,1056584
2014-07-21,9805,9840,10050,9800,10000,1067105
2014-07-22,9805,9840,9930,9750,9890,920145
2014-07-23,10015,10050,10350,10000,10100,3139842
2014-07-24,9756,9790,10100,9790,10050,1402329
2014-07-25,9467,9500,9920,9470,9830,1719459
2014-07-28,9187,9220,9500,9210,9430,1696557
2014-07-29,8789,8820,9320,8790,9240,2058813
2014-07-30,8619,8650,8900,8580,8840,2202029
2014-07-31,8301,8330,8460,7970,8450,3547725
2014-08-01,8251,8280,8450,8200,8200,1726124
2014-08-04,8500,8530,8540,8220,8220,1149689
2014-08-05,8151,8180,8520,8170,8500,1570580
2014-08-06,7743,7770,8150,7710,8150,2435698
2014-08-07,7842,7870,8090,7800,7870,1523750
2014-08-08,7812,7840,8050,7770,7850,787049
2014-08-11,8171,8200,8250,7890,7920,1455246
2014-08-12,8061,8090,8270,8050,8270,846976
2014-08-13,8111,8140,8220,8050,8070,730175
2014-08-14,8241,8270,8440,7800,8000,2974322
2014-08-18,7992,8020,8360,8010,8270,1406420
2014-08-19,8061,8090,8120,7890,8080,972487
2014-08-20,8101,8130,8240,8110,8160,976066
2014-08-21,7872,7900,8190,7900,8130,1270616
2014-08-22,7723,7750,7990,7730,7900,1358181
2014-08-25,7962,7990,8040,7760,7760,1142833
2014-08-26,7942,7970,8040,7900,8000,647941
2014-08-27,8171,8200,8240,8050,8100,1380234
2014-08-28,8241,8270,8370,8130,8230,1198332
2014-08-29,8231,8260,8430,8230,8310,845389
2014-09-01,8012,8040,8300,7990,8290,788520
2014-09-02,8291,8320,8340,8090,8100,987638
2014-09-03,8131,8160,8400,8160,8360,818699
2014-09-04,8141,8170,8320,8110,8190,833088
2014-09-05,8101,8130,8230,8030,8190,654852
2014-09-11,8350,8380,8390,8130,8130,1122090
2014-09-12,8261,8290,8450,8260,8380,735580
2014-09-15,8181,8210,8380,8190,8280,550002
2014-09-16,8121,8150,8270,8100,8130,718943
2014-09-17,8101,8130,8270,8100,8200,558735
2014-09-18,8002,8030,8180,8020,8160,998326
2014-09-19,7972,8000,8070,7960,8070,665694
2014-09-22,7792,7820,8060,7750,8010,1082190
2014-09-23,7563,7590,7860,7540,7790,1102131
2014-09-24,7483,7510,7640,7390,7560,1026836
2014-09-25,7723,7750,8080,7580,7590,1748800
2014-09-26,7653,7680,7810,7600,7610,520244
2014-09-29,7394,7420,7770,7420,7680,734456
2014-09-30,7095,7120,7560,7120,7360,1262414
2014-10-01,6786,6810,7150,6520,7100,2371908
2014-10-02,6975,7000,7180,6810,6850,1611633
2014-10-06,7005,7030,7120,6940,7000,676563
2014-10-07,6925,6950,7150,6920,7000,657768
2014-10-08,7075,7100,7100,6900,6920,641246
2014-10-10,7125,7150,7220,7010,7100,862008
2014-10-13,6776,6800,7140,6770,7120,786437
2014-10-14,6895,6920,7000,6710,6710,345096
2014-10-15,6756,6780,6980,6780,6900,455261
2014-10-16,6597,6620,6770,6530,6710,614588
2014-10-17,6377,6400,6780,6360,6710,1099618
2014-10-20,6487,6510,6580,6410,6500,677175
2014-10-21,6636,6660,6770,6510,6590,915910
2014-10-22,6557,6580,6820,6510,6740,674082
2014-10-23,6387,6410,6630,6380,6510,705069
2014-10-24,5470,5490,6420,5460,6410,4471214
2014-10-27,5451,5470,5720,5400,5500,1911670
2014-10-28,5391,5410,5600,5380,5510,1127920
2014-10-29,5520,5540,5630,5470,5510,1160535
2014-10-30,5500,5520,5730,5480,5550,1064138
2014-10-31,5451,5470,5640,5420,5590,744849
2014-11-03,5162,5180,5500,5150,5470,1368681
2014-11-04,5331,5350,5350,5040,5220,1374101
2014-11-05,5251,5270,5430,5230,5250,879693
2014-11-06,5421,5440,5510,5190,5300,956396
2014-11-07,5600,5620,5760,5500,5530,1470205
2014-11-10,5620,5640,5770,5610,5640,820688
2014-11-11,5470,5490,5750,5460,5700,1128654
2014-11-12,5441,5460,5560,5350,5480,1044270
2014-11-13,5550,5570,5590,5460,5470,580872
2014-11-14,5680,5700,5820,5550,5610,1286719
2014-11-17,5730,5750,5870,5710,5730,1019205
2014-11-18,5809,5830,5880,5660,5800,726388
2014-11-19,5879,5900,6000,5840,5900,1046599
2014-11-20,5859,5880,5990,5820,5950,764506
2014-11-21,5839,5860,5930,5790,5930,607238
2014-11-24,6218,6240,6250,5890,5940,1824394
2014-11-25,6218,6240,6500,6170,6290,1771331
2014-11-26,6298,6320,6360,6120,6200,746829
2014-11-27,6308,6330,6420,6240,6340,612418
2014-11-28,6118,6140,6290,6070,6230,728328
2014-12-01,6058,6080,6190,5920,6130,525784
2014-12-02,6188,6210,6280,6060,6060,482843
2014-12-03,6138,6160,6270,6150,6210,421057
2014-12-04,6337,6360,6400,6190,6240,739771
2014-12-05,6357,6380,6410,6300,6390,413799
2014-12-08,6367,6390,6460,6350,6380,641277
2014-12-09,6278,6300,6430,6230,6420,535994
2014-12-10,6278,6300,6350,6200,6300,420385
2014-12-11,6078,6100,6280,6090,6200,785178
2014-12-12,6377,6400,6420,5960,6100,1310850
2014-12-15,6457,6480,6670,6300,6380,1480781
2014-12-16,6327,6350,6690,6350,6540,910341
2014-12-17,6108,6130,6380,6100,6350,729783
2014-12-18,6178,6200,6330,6100,6170,605288
2014-12-19,6327,6350,6450,6240,6310,832691
2014-12-22,6567,6590,6600,6310,6370,664325
2014-12-23,7543,7570,7570,6450,6590,6032513
2014-12-24,7214,7240,7650,7190,7490,4356755
2014-12-26,7175,7200,7410,7200,7240,1523794
2014-12-29,7270,7270,7480,7260,7280,1591081
2014-12-30,7050,7050,7400,7050,7300,1145239
2015-01-02,7280,7280,7440,7030,7050,1592066
2015-01-05,7170,7170,7330,7140,7240,920145
2015-01-06,6990,6990,7220,6900,7050,1121097
2015-01-07,7000,7000,7150,6860,7030,985367
2015-01-08,6980,6980,7080,6920,6970,699987
2015-01-09,7130,7130,7330,7040,7050,1805220
2015-01-12,7230,7230,7460,7220,7290,1737724
2015-01-13,7060,7060,7360,7020,7250,1233243
2015-01-14,7000,7000,7130,6970,7020,627020
2015-01-15,7120,7120,7120,6970,6980,670044
2015-01-16,6900,6900,7270,6900,7070,1159410
2015-01-19,6620,6620,6980,6600,6950,1520729
2015-01-20,6690,6690,6720,6600,6680,583332
2015-01-21,6850,6850,6950,6720,6770,1128588
2015-01-22,6670,6670,6920,6620,6890,933403
2015-01-23,6690,6690,6820,6660,6700,678932
2015-01-26,6490,6490,6750,6450,6710,939290
2015-01-27,6580,6580,6600,6450,6490,496224
2015-01-28,6710,6710,6860,6550,6550,1143031
2015-01-29,6650,6650,6790,6610,6720,633034
2015-01-30,6560,6560,6720,6520,6700,471041
2015-02-02,6590,6590,6640,6520,6530,295122
2015-02-03,6540,6540,6650,6540,6640,350755
2015-02-04,6590,6590,6750,6550,6570,920533
2015-02-05,6200,6200,6620,6140,6550,1865801
2015-02-06,6220,6220,6370,6200,6250,759975
2015-02-09,5990,5990,6250,5980,6180,774659
2015-02-10,6050,6050,6430,5980,6000,1641339
2015-02-11,6060,6060,6170,6030,6120,610527
2015-02-12,5930,5930,6110,5930,6070,696585
2015-02-13,6090,6090,6240,5930,5930,798237
2015-02-16,6080,6080,6270,6080,6160,530465
2015-02-17,6100,6100,6130,6050,6080,262256
2015-02-23,6280,6280,6280,6100,6100,463854
2015-02-24,6280,6280,6370,6200,6300,668732
2015-02-25,6260,6260,6380,6260,6380,402294
2015-02-26,6260,6260,6380,6260,6300,506350
2015-02-27,6400,6400,6500,6280,6280,1113282
2015-03-02,6840,6840,6970,6440,6450,2638100
2015-03-03,6800,6800,6980,6710,6940,1171346
2015-03-04,6570,6570,6700,6550,6700,1162867
2015-03-05,6790,6790,6860,6570,6570,1431787
2015-03-06,6870,6870,6980,6780,6840,1319138
2015-03-09,6670,6670,6880,6660,6870,594946
2015-03-10,6530,6530,6760,6360,6710,875534
2015-03-11,6630,6630,6670,6380,6380,721487
2015-03-12,6540,6540,6710,6530,6680,591439
2015-03-13,6520,6520,6690,6510,6600,546910
2015-03-16,6380,6380,6550,6370,6530,490738
2015-03-17,6410,6410,6500,6380,6430,387241
2015-03-18,6290,6290,6550,6250,6410,787053
2015-03-19,6170,6170,6370,6120,6360,544549
2015-03-20,6190,6190,6200,6130,6200,296775
2015-03-23,6260,6260,6270,6200,6240,225762
2015-03-24,6260,6260,6360,6220,6250,508783
2015-03-25,6180,6180,6290,6150,6270,484377
2015-03-26,6090,6090,6190,6060,6130,510682
2015-03-27,6230,6230,6300,6090,6090,768637
2015-03-30,6270,6270,6330,6210,6240,432451
2015-03-31,6280,6280,6330,6220,6320,470802
2015-04-01,6230,6230,6320,6210,6250,503658
2015-04-02,6210,6210,6360,6210,6240,491474
2015-04-03,6260,6260,6270,6200,6220,309274
2015-04-06,6390,6390,6390,6150,6280,658871
2015-04-07,6350,6350,6430,6330,6420,433894
2015-04-08,6390,6390,6400,6300,6360,503504
2015-04-09,6470,6470,6600,6380,6410,1413501
2015-04-10,6410,6410,6590,6410,6540,649905
2015-04-13,6470,6470,6500,6320,6430,802881
2015-04-14,6360,6360,6640,6340,6530,1236250
2015-04-15,6390,6390,6430,6360,6390,411042
2015-04-16,6410,6410,6490,6390,6420,572493
2015-04-17,6330,6330,6490,6310,6420,626831
2015-04-20,6180,6180,6270,6160,6260,836903
2015-04-21,6200,6200,6270,6190,6220,496966
2015-04-22,6100,6100,6380,5870,6230,968580
2015-04-23,6140,6140,6320,6110,6160,738212
2015-04-24,6050,6050,6230,6050,6150,489468
2015-04-27,6140,6140,6180,6080,6080,352317
2015-04-28,6070,6070,6210,6060,6150,577031
2015-04-29,5990,5990,6130,5970,6120,604816
2015-04-30,5900,5900,6080,5900,5990,581933
2015-05-04,5600,5600,5900,5550,5900,856512
2015-05-06,5410,5410,5600,5410,5600,611275
2015-05-07,5520,5520,5560,5400,5400,410717
2015-05-08,5470,5470,5580,5460,5480,363563
2015-05-11,5420,5420,5540,5410,5530,385052
2015-05-12,5210,5210,5450,5210,5420,813787
2015-05-13,5360,5360,5400,5210,5210,433261
2015-05-14,5270,5270,5360,5250,5330,475170
2015-05-15,5250,5250,5330,5210,5310,528162
2015-05-18,5030,5030,5180,5030,5160,848355
2015-05-19,5000,5000,5040,4850,4980,1097721
2015-05-20,4990,4990,5080,4975,5010,516521
2015-05-21,4780,4780,5020,4770,4980,897461
2015-05-22,5000,5000,5190,4750,4750,1192499
2015-05-26,4965,4965,5050,4935,5000,346638
2015-05-27,4845,4845,4940,4840,4915,336392
2015-05-28,4850,4850,4910,4820,4860,321971
2015-05-29,4830,4830,5150,4830,4845,895321
2015-06-01,4985,4985,5060,4780,4850,495636
2015-06-02,4880,4880,5130,4835,5050,568314
2015-06-03,4845,4845,4995,4790,4825,314115
2015-06-04,4890,4890,4990,4855,4855,291035
2015-06-05,4840,4840,4935,4780,4910,318962
2015-06-08,4765,4765,4845,4755,4800,401499
2015-06-09,4780,4780,4860,4755,4755,270010
2015-06-10,4830,4830,4885,4765,4810,401337
2015-06-11,4820,4820,5100,4815,5100,783141
2015-06-12,4695,4695,4865,4670,4815,505709
2015-06-15,4600,4600,4780,4600,4620,327574
2015-06-16,4400,4400,4600,4395,4540,592552
2015-06-17,4760,4760,4860,4330,4330,1299986
2015-06-18,4660,4660,4795,4600,4710,351294
2015-06-19,4700,4700,4745,4645,4675,252934
2015-06-22,4780,4780,4815,4650,4680,348004
2015-06-23,4790,4790,4885,4765,4885,336957
2015-06-24,4805,4805,4935,4790,4810,500708
2015-06-25,4860,4860,4995,4805,4845,1029251
2015-06-26,4750,4750,4880,4725,4865,420760
2015-06-29,4445,4445,4645,4445,4630,567114
2015-06-30,4645,4645,4645,4400,4400,410202
2015-07-01,4660,4660,4700,4610,4695,254472
2015-07-02,4660,4660,4695,4580,4680,353851
2015-07-03,4630,4630,4700,4610,4655,256882
2015-07-06,4470,4470,4595,4460,4595,357760
2015-07-07,4420,4420,4555,4380,4525,373905
2015-07-08,4420,4420,4535,4400,4440,335891
2015-07-09,4365,4365,4495,4270,4390,392810
2015-07-10,4305,4305,4415,4295,4375,480283
2015-07-13,4315,4315,4345,4270,4315,348961
2015-07-14,4290,4290,4375,4290,4350,569480
2015-07-15,4295,4295,4395,4270,4350,575907
2015-07-16,4390,4390,4465,4300,4300,1281404
2015-07-17,4315,4315,4435,4275,4435,753907
2015-07-20,4325,4325,4360,4300,4320,465555
2015-07-21,4300,4300,4410,4300,4335,613408
2015-07-22,4250,4250,4325,4240,4290,547775
2015-07-23,4140,4140,4295,4130,4260,650128
2015-07-24,4075,4075,4200,4060,4140,563480
2015-07-27,4070,4070,4220,4050,4135,556222
2015-07-28,4000,4000,4075,3935,4015,582419
2015-07-29,3985,3985,4065,3980,4030,364720
2015-07-30,3845,3845,4020,3830,3950,591751
2015-07-31,3650,3650,3875,3585,3825,1016690
2015-08-03,3665,3665,3775,3650,3685,576783
2015-08-04,3860,3860,3960,3645,3645,703275
2015-08-05,3860,3860,3920,3850,3920,320639
2015-08-06,3865,3865,3960,3860,3860,471799
2015-08-07,3885,3885,3955,3865,3875,381469
2015-08-10,3770,3770,3925,3750,3910,329078
2015-08-11,3935,3935,4070,3835,3835,959032
2015-08-12,3855,3855,3945,3790,3930,309887
2015-08-13,3900,3900,3950,3850,3880,314485
2015-08-14,3900,3900,3900,3900,3900,0
2015-08-17,3880,3880,3960,3810,3810,370244
2015-08-18,3970,3970,4080,3865,3865,836773
2015-08-19,3780,3780,3990,3780,3975,660918
2015-08-20,3795,3795,3860,3730,3730,372458
2015-08-21,3515,3515,3770,3480,3700,1009164
2015-08-24,3475,3475,3595,3360,3360,708578
2015-08-25,3520,3520,3555,3405,3455,699705
2015-08-26,3635,3635,3640,3500,3530,356981
2015-08-27,3745,3745,3890,3635,3690,620781
2015-08-28,3840,3840,3890,3800,3825,409329
2015-08-31,3990,3990,4035,3810,3905,575676
2015-09-01,3890,3890,4020,3890,3965,323079
2015-09-02,3910,3910,3955,3800,3800,238960
2015-09-03,3920,3920,4010,3890,3910,244639
2015-09-04,3780,3780,3980,3780,3920,334487
2015-09-07,3865,3865,3890,3780,3845,208015
2015-09-08,3805,3805,3910,3695,3860,190976
2015-09-09,3935,3935,3935,3845,3885,350949
2015-09-10,4005,4005,4150,4005,4150,935435
2015-09-11,4010,4010,4140,3995,4040,353689
2015-09-14,3965,3965,4070,3955,4050,232640
2015-09-15,3925,3925,3975,3880,3930,222630
2015-09-16,4130,4130,4190,3975,3980,1068466
2015-09-17,4135,4135,4190,4060,4165,650255
2015-09-18,4080,4080,4155,4030,4140,435057
2015-09-21,4080,4080,4235,4030,4080,488286
2015-09-22,4040,4040,4120,4010,4050,329678
2015-09-23,3890,3890,4045,3890,4045,439979
2015-09-24,3780,3780,3950,3770,3890,451664
2015-09-25,3790,3790,3830,3720,3800,236341
2015-09-30,3740,3740,3830,3720,3800,543628
2015-10-01,3820,3820,3835,3750,3750,240706
2015-10-02,3885,3885,3980,3880,3880,497690
2015-10-05,4010,4010,4025,3930,3940,495752
2015-10-06,3950,3950,4070,3950,4050,365322
2015-10-07,4185,4185,4420,3935,3945,2634205
2015-10-08,4130,4130,4240,4110,4185,514518
2015-10-12,4160,4160,4280,4130,4130,667425
2015-10-13,4195,4195,4215,4130,4130,337615
2015-10-14,4145,4145,4230,4120,4230,322489
2015-10-15,4190,4190,4210,4140,4140,308436
2015-10-16,4170,4170,4225,4145,4220,305899
2015-10-19,4290,4290,4375,4225,4250,1114429
2015-10-20,4420,4420,4460,4290,4310,1069088
2015-10-21,4355,4355,4475,4340,4475,565109
2015-10-22,4260,4260,4400,4260,4330,561653
2015-10-23,4200,4200,4345,4190,4310,426733
2015-10-26,4175,4175,4300,4175,4200,371401
2015-10-27,4320,4320,4665,4315,4420,3553787
2015-10-28,4265,4265,4395,4245,4360,732715
2015-10-29,4225,4225,4330,4225,4325,564917
2015-10-30,4100,4100,4270,4090,4230,529594
2015-11-02,4140,4140,4150,4050,4055,410063
2015-11-03,4130,4130,4170,4100,4145,344012
2015-11-04,4110,4110,4205,4110,4135,454307
2015-11-05,4155,4155,4155,4080,4150,410895
2015-11-06,4210,4210,4450,4200,4200,961233
2015-11-09,4050,4050,4225,4050,4210,470704
2015-11-10,3840,3840,3975,3840,3930,682308
2015-11-11,3910,3910,3920,3825,3825,370316
2015-11-12,3875,3875,3950,3825,3910,308788
2015-11-13,3870,3870,3920,3835,3870,266473
2015-11-16,3880,3880,4130,3800,3870,679622
2015-11-17,3990,3990,4045,3940,3945,391731
2015-11-18,4150,4150,4205,3995,4000,958672
2015-11-19,4155,4155,4260,4150,4205,552024
2015-11-20,4200,4200,4230,4150,4175,351027
2015-11-23,4165,4165,4240,4155,4210,356463
2015-11-24,4005,4005,4200,4000,4165,624913
2015-11-25,4030,4030,4085,4015,4030,321590
2015-11-26,4025,4025,4065,3940,3990,792422
2015-11-27,3900,3900,4055,3900,4025,604383
2015-11-30,3980,3980,4010,3895,3900,357601
2015-12-01,4150,4150,4155,3950,3950,686172
2015-12-02,4155,4155,4245,4110,4210,987728
2015-12-03,4500,4500,4525,4155,4165,4256070
2015-12-04,4575,4575,4590,4415,4440,1957554
2015-12-07,4395,4395,4570,4395,4570,1299048
2015-12-08,4520,4520,4520,4295,4405,1613054
2015-12-09,4260,4260,4635,4230,4550,2069646
2015-12-10,4295,4295,4305,4165,4190,772129
2015-12-11,4230,4230,4330,4145,4300,710404
2015-12-14,4055,4055,4175,4055,4115,633219
2015-12-15,4290,4290,4310,4065,4070,667210
2015-12-16,4290,4290,4470,4290,4335,1051275
2015-12-17,4440,4440,4445,4275,4330,930916
2015-12-18,4455,4455,4480,4350,4410,667119
2015-12-21,4345,4345,4430,4345,4420,641794
2015-12-22,4290,4290,4410,4290,4385,544527
2015-12-23,4435,4435,4450,4285,4305,831609
2015-12-24,4330,4330,4495,4320,4460,763663
2015-12-28,4390,4390,4420,4310,4330,472001
2015-12-29,4235,4235,4410,4225,4390,741100
2015-12-30,4285,4285,4290,4220,4250,450127
2016-01-04,4250,4250,4300,4225,4285,454080
2016-01-05,4520,4520,4645,4200,4200,2631789
2016-01-06,4540,4540,4795,4505,4560,3175081
2016-01-07,4685,4685,4745,4475,4520,1847138
2016-01-08,4460,4460,4715,4430,4650,1618268
2016-01-11,4440,4440,4580,4380,4420,769222
2016-01-12,4620,4620,4640,4450,4450,1097465
2016-01-13,4580,4580,4705,4570,4650,982588
2016-01-14,4750,4750,4775,4510,4525,1978035
2016-01-15,4980,4980,5040,4770,4845,3550239
2016-01-18,4900,4900,5070,4890,4960,1615658
2016-01-19,5000,5000,5090,4890,4910,1728278
2016-01-20,4770,4770,5060,4725,5020,1375250
2016-01-21,4850,4850,4965,4775,4800,1111689
2016-01-22,4760,4760,5000,4690,4950,829230
2016-01-25,4910,4910,4945,4785,4850,615414
2016-01-26,4800,4800,4970,4765,4890,755494
2016-01-27,5230,5230,5230,4810,4835,3109081
2016-01-28,5180,5180,5300,5090,5270,1673411
2016-01-29,5180,5180,5270,5070,5180,1024916
2016-02-01,5080,5080,5220,5070,5180,785624
2016-02-02,5120,5120,5340,5080,5080,1529849
2016-02-03,4890,4890,5120,4830,5110,1549930
2016-02-04,4970,4970,4980,4910,4950,542173
2016-02-05,4900,4900,4995,4900,4985,381472
2016-02-11,4580,4580,4900,4580,4900,701727
2016-02-12,4520,4520,4660,4380,4470,944526
2016-02-15,4615,4615,4665,4490,4555,569836
2016-02-16,4635,4635,4690,4595,4615,392576
2016-02-17,4740,4740,4830,4585,4655,550897
2016-02-18,4780,4780,4885,4765,4835,484913
2016-02-19,4890,4890,4930,4780,4825,403991
2016-02-22,4880,4880,4935,4840,4860,301626
2016-02-23,4775,4775,4930,4745,4900,356682
2016-02-24,4880,4880,4950,4750,4750,418333
2016-02-25,4750,4750,4950,4740,4900,579972
2016-02-26,4910,4910,4950,4800,4805,585766
2016-02-29,5090,5090,5090,4940,4940,781830
2016-03-02,5020,5020,5170,5000,5090,815542
2016-03-03,4795,4795,5060,4775,4995,1060479
2016-03-04,4680,4680,4820,4650,4800,1210952
2016-03-07,4580,4580,4725,4560,4695,862291
2016-03-08,4540,4540,4635,4490,4580,567960
2016-03-09,4540,4540,4610,4505,4530,444836
2016-03-10,4610,4610,4655,4550,4550,504477
2016-03-11,4500,4500,4600,4500,4595,536282
2016-03-14,4430,4430,4540,4395,4540,808147
2016-03-15,4390,4390,4470,4390,4420,393534
2016-03-16,4410,4410,4470,4410,4420,414050
2016-03-17,4445,4445,4480,4425,4445,264853
2016-03-18,4420,4420,4480,4420,4475,275859
2016-03-21,4460,4460,4475,4400,4420,298249
2016-03-22,4505,4505,4550,4425,4490,440182
2016-03-23,4450,4450,4525,4440,4515,285738
2016-03-24,4430,4430,4465,4430,4455,261440
2016-03-25,4225,4225,4445,4215,4440,974111
2016-03-28,4070,4070,4280,4000,4240,777416
2016-03-29,4060,4060,4200,4055,4100,669515
2016-03-30,4085,4085,4135,4075,4095,295091
2016-03-31,4060,4060,4145,4055,4120,550883
2016-04-01,4130,4130,4130,4055,4060,345217
2016-04-04,4110,4110,4140,4090,4130,242797
2016-04-05,4155,4155,4160,4105,4110,303175
2016-04-06,4085,4085,4160,4080,4140,388706
2016-04-07,4005,4005,4110,4005,4100,625316
2016-04-08,4045,4045,4045,3950,3970,456789
2016-04-11,4045,4045,4080,4020,4055,208926
2016-04-12,4105,4105,4125,4055,4075,357633
2016-04-14,4110,4110,4180,4105,4105,285659
2016-04-15,4135,4135,4165,4085,4090,275887
2016-04-18,4070,4070,4155,4060,4145,342226
2016-04-19,4090,4090,4110,4060,4085,247700
2016-04-20,4150,4150,4170,4090,4090,584495
2016-04-21,4195,4195,4215,4100,4155,615004
2016-04-22,4195,4195,4270,4180,4180,412512
2016-04-25,4195,4195,4225,4135,4225,231485
2016-04-26,4155,4155,4210,4140,4200,286391
2016-04-27,4135,4135,4180,4135,4165,205749
2016-04-28,4190,4190,4240,4140,4145,413872
2016-04-29,4185,4185,4265,4180,4200,514042
2016-05-02,4135,4135,4220,4130,4220,317035
2016-05-03,4200,4200,4235,4130,4130,387019
2016-05-04,4175,4175,4235,4160,4185,307421
2016-05-09,4130,4130,4175,4125,4175,295205
2016-05-10,4115,4115,4150,4060,4080,245451
2016-05-11,4155,4155,4165,4065,4120,241389
2016-05-12,4090,4090,4150,4065,4150,317032
2016-05-13,4090,4090,4120,4085,4100,185241
2016-05-16,3975,3975,4100,3970,4090,450908
2016-05-17,4000,4000,4070,3970,4025,382263
2016-05-18,3915,3915,3985,3840,3970,795871
2016-05-19,3790,3790,3920,3790,3890,378996
2016-05-20,3845,3845,3895,3755,3755,370026
2016-05-23,3955,3955,3965,3830,3865,285486
2016-05-24,3880,3880,3955,3860,3950,330671
2016-05-25,3825,3825,3930,3825,3905,354698
2016-05-26,3845,3845,3860,3810,3825,227617
2016-05-27,3830,3830,3860,3815,3815,258906
2016-05-30,3820,3820,3870,3815,3835,258638
2016-05-31,3860,3860,3885,3820,3835,246910
2016-06-01,3930,3930,3930,3850,3875,305756
2016-06-02,3875,3875,3955,3860,3950,281502
2016-06-03,3855,3855,3890,3845,3890,180032
2016-06-07,3860,3860,3875,3845,3855,168371
2016-06-08,3855,3855,3900,3840,3865,258220
2016-06-09,3845,3845,3865,3810,3860,433323
2016-06-10,3870,3870,3890,3820,3830,292275
2016-06-13,3870,3870,3980,3835,3860,606488
2016-06-14,3905,3905,3945,3850,3900,353337
2016-06-15,3905,3905,3925,3860,3880,299141
2016-06-16,3915,3915,4040,3890,3930,855410
2016-06-17,3955,3955,4010,3890,3985,375345
2016-06-20,3945,3945,4010,3925,3960,346768
2016-06-21,3895,3895,3980,3895,3980,295184
2016-06-22,4075,4075,4140,3895,3900,1445442
2016-06-23,3995,3995,4040,3935,4040,647346
2016-06-24,3740,3740,4150,3705,4150,924217
2016-06-27,3695,3695,3735,3595,3600,537903
2016-06-28,3745,3745,3760,3660,3660,248800
2016-06-29,3790,3790,3845,3755,3770,375462
2016-06-30,3780,3780,3835,3770,3825,272931
2016-07-01,3840,3840,3875,3800,3830,414129
2016-07-04,3900,3900,3920,3850,3860,261550
2016-07-05,3905,3905,3930,3875,3920,191173
2016-07-06,3840,3840,3910,3830,3905,233284
2016-07-07,3890,3890,3910,3850,3850,225853
2016-07-08,3885,3885,3905,3840,3905,153319
2016-07-11,3925,3925,3940,3865,3905,268093
2016-07-12,3950,3950,3985,3925,3930,234180
2016-07-13,4015,4015,4055,3950,3955,515064
2016-07-14,4125,4125,4170,3995,4035,1049969
2016-07-15,4040,4040,4175,4020,4175,517762
2016-07-18,4360,4360,4415,4050,4050,2319439
2016-07-19,4425,4425,4545,4335,4430,2560767
2016-07-20,4505,4505,4645,4390,4415,1928271
2016-07-21,4630,4630,4640,4515,4565,1555861
2016-07-22,4600,4600,4660,4520,4655,1004719
2016-07-25,4610,4610,4670,4550,4660,674762
2016-07-26,4600,4600,4715,4575,4630,665854
2016-07-27,4525,4525,4650,4515,4630,632500
2016-07-28,4560,4560,4630,4525,4525,480687
2016-07-29,4570,4570,4620,4555,4600,344580
2016-08-01,4640,4640,4670,4550,4550,668353
2016-08-02,4075,4075,4710,4070,4660,3322089
2016-08-03,4215,4215,4255,4100,4130,851585
2016-08-04,4255,4255,4300,4195,4250,552925
2016-08-05,4205,4205,4325,4195,4280,518465
2016-08-08,4210,4210,4235,4090,4185,490965
2016-08-09,4295,4295,4320,4205,4220,407766
2016-08-10,4310,4310,4390,4300,4330,505123
2016-08-11,4290,4290,4345,4255,4345,224427
2016-08-12,4260,4260,4310,4260,4260,170496
2016-08-16,4270,4270,4315,4260,4260,215878
2016-08-17,4400,4400,4425,4250,4270,620929
2016-08-18,4320,4320,4400,4310,4400,312141
2016-08-19,4435,4435,4450,4305,4320,606864
2016-08-22,4355,4355,4450,4340,4415,353705
2016-08-23,4515,4515,4620,4355,4355,1367610
2016-08-24,4600,4600,4600,4440,4505,635528
2016-08-25,4480,4480,4630,4480,4630,782076
2016-08-26,4425,4425,4510,4380,4445,262255
2016-08-29,4260,4260,4460,4260,4425,352097
2016-08-30,4345,4345,4370,4265,4265,312030
2016-08-31,4330,4330,4370,4220,4310,290554
2016-09-01,4275,4275,4325,4255,4285,191291
2016-09-02,4530,4530,4835,4400,4400,3898035
2016-09-05,4590,4590,4660,4495,4570,1066364
2016-09-06,4485,4485,4610,4475,4610,625158
2016-09-07,4410,4410,4540,4400,4470,470729
2016-09-08,4395,4395,4450,4300,4415,745702
2016-09-09,4340,4340,4415,4315,4405,285362
2016-09-12,4250,4250,4345,4250,4270,346767
2016-09-13,4270,4270,4335,4265,4280,216147
2016-09-19,4300,4300,4345,4270,4270,297948
2016-09-20,4360,4360,4380,4300,4300,218568
2016-09-21,4345,4345,4375,4335,4350,268426
2016-09-22,4430,4430,4430,4350,4350,327503
2016-09-23,4365,4365,4445,4355,4440,372438
2016-09-26,4290,4290,4395,4290,4365,324351
2016-09-27,4320,4320,4350,4275,4280,225006
2016-09-28,4315,4315,4340,4305,4340,206151
2016-09-29,4300,4300,4335,4250,4325,373985
2016-09-30,4220,4220,4305,4220,4280,351957
2016-10-04,4350,4350,4365,4220,4220,338517
2016-10-05,4405,4405,4420,4330,4370,355925
2016-10-06,4360,4360,4445,4360,4425,239016
2016-10-07,4370,4370,4440,4355,4365,235407
2016-10-10,4355,4355,4420,4335,4370,119636
2016-10-11,4270,4270,4365,4255,4365,189659
2016-10-12,4270,4270,4295,4220,4255,154658
2016-10-13,4260,4260,4380,4260,4305,175726
2016-10-14,4290,4290,4310,4250,4260,147452
2016-10-17,4355,4355,4365,4280,4280,233929
2016-10-18,4305,4305,4410,4305,4360,177043
2016-10-19,4375,4375,4385,4260,4320,165684
2016-10-20,4295,4295,4400,4295,4360,252268
2016-10-21,4280,4280,4315,4255,4315,145740
2016-10-24,4175,4175,4310,4175,4280,226947
2016-10-25,4180,4180,4230,4130,4185,280079
2016-10-26,4065,4065,4180,4045,4135,282804
2016-10-27,4195,4195,4230,4085,4095,172408
2016-10-28,4065,4065,4225,4065,4175,166592
2016-10-31,4025,4025,4070,3990,4015,238103
2016-11-01,4015,4015,4050,3920,3920,160308
2016-11-02,4010,4010,4055,3950,4015,234226
2016-11-03,3995,3995,4030,3910,3910,139024
2016-11-04,3955,3955,4010,3945,4000,65608
2016-11-07,4070,4070,4070,3965,3965,95921
2016-11-08,4080,4080,4090,4005,4080,121693
2016-11-09,3900,3900,4100,3760,4070,414776
2016-11-10,3990,3990,4000,3950,3970,128784
2016-11-11,4025,4025,4045,3970,3975,146772
2016-11-14,4100,4100,4130,4025,4025,239880
2016-11-15,3855,3855,3995,3840,3970,669042
2016-11-16,3900,3900,3930,3860,3875,249721
2016-11-17,3905,3905,3935,3885,3935,114666
2016-11-18,3805,3805,3915,3785,3895,375888
2016-11-21,3815,3815,3850,3725,3800,193785
2016-11-22,3875,3875,3905,3810,3810,171855
2016-11-23,3800,3800,3915,3800,3885,185663
2016-11-24,3680,3680,3880,3680,3860,254318
2016-11-25,3675,3675,3730,3620,3620,159387
2016-11-28,3740,3740,3740,3650,3680,141686
2016-11-29,3685,3685,3765,3665,3700,216113
2016-11-30,3780,3780,3780,3650,3650,496252
2016-12-01,3730,3730,3840,3720,3780,132197
2016-12-02,3720,3720,3785,3710,3750,55792
2016-12-05,3640,3640,3720,3605,3720,174380
2016-12-06,3640,3640,3695,3625,3625,139481
2016-12-07,3580,3580,3685,3580,3640,157299
2016-12-08,3650,3650,3670,3590,3605,123891
2016-12-09,3710,3710,3725,3635,3650,128499
2016-12-12,3705,3705,3760,3695,3745,148491
2016-12-13,3765,3765,3765,3700,3700,184030
2016-12-14,3745,3745,3785,3740,3780,126467
2016-12-15,3845,3845,3845,3730,3740,293069
2016-12-16,3860,3860,3895,3810,3895,180481
2016-12-19,3875,3875,3880,3825,3860,133924
2016-12-20,3880,3880,3900,3840,3880,182539
2016-12-21,3890,3890,3905,3855,3875,149435
2016-12-22,3880,3880,3895,3835,3890,108979
2016-12-23,3885,3885,3930,3880,3880,175477
2016-12-26,3890,3890,3930,3870,3870,120811
2016-12-27,3840,3840,3915,3840,3850,151454
2016-12-28,3855,3855,3875,3825,3840,119572
2016-12-29,3835,3835,3850,3800,3850,188003
2017-01-02,3880,3880,3895,3825,3835,230577
2017-01-03,3990,3990,4000,3895,3910,540359
2017-01-04,3995,3995,4015,3960,4005,177377
2017-01-05,4025,4025,4080,3990,4015,203666
2017-01-06,4005,4005,4025,3990,4025,155544
2017-01-09,3960,3960,4020,3960,4020,122702
2017-01-10,3935,3935,3985,3935,3935,78525
2017-01-11,3940,3940,3960,3905,3930,171485
2017-01-12,3900,3900,3960,3860,3940,206780
2017-01-13,3845,3845,3900,3840,3875,122166
2017-01-16,3790,3790,3860,3745,3845,171747
2017-01-17,3760,3760,3820,3740,3770,115942
2017-01-18,3775,3775,3790,3745,3750,92719
2017-01-19,3795,3795,3810,3770,3770,81252
2017-01-20,3750,3750,3805,3750,3805,96284
2017-01-23,3695,3695,3755,3680,3750,122764
2017-01-24,3695,3695,3705,3640,3670,119665
2017-01-25,3720,3720,3740,3665,3665,120687
2017-01-26,3800,3800,3805,3725,3740,113895
2017-01-31,3875,3875,3875,3785,3800,165762
2017-02-01,3885,3885,3900,3840,3840,120960
2017-02-02,3865,3865,3880,3840,3850,152270
2017-02-03,3930,3930,3950,3815,3855,419994
2017-02-06,3900,3900,3960,3890,3940,340002
2017-02-07,3850,3850,3920,3830,3915,235202
2017-02-08,3805,3805,3840,3785,3835,150042
2017-02-09,3805,3805,3825,3785,3805,86240
2017-02-10,3795,3795,3840,3785,3810,160802
2017-02-13,3795,3795,3815,3745,3795,102211
2017-02-14,3770,3770,3800,3750,3765,121954
2017-02-15,3765,3765,3795,3760,3775,86660
2017-02-16,3765,3765,3785,3740,3765,120071
2017-02-17,3750,3750,3775,3730,3745,118471
2017-02-20,3720,3720,3765,3705,3765,137516
2017-02-21,3740,3740,3765,3720,3750,75113
2017-02-22,3775,3775,3805,3760,3760,142297
2017-02-23,3815,3815,3960,3760,3795,687206
2017-02-24,3750,3750,3860,3750,3800,186300
2017-02-27,3750,3750,3780,3750,3775,90382
2017-02-28,3715,3715,3770,3710,3770,112501
2017-03-02,3680,3680,3745,3670,3715,163979
2017-03-03,3630,3630,3690,3600,3670,182363
2017-03-06,3625,3625,3655,3585,3630,80564
2017-03-07,3700,3700,3715,3620,3660,90047
2017-03-08,3695,3695,3715,3675,3700,77338
2017-03-09,3675,3675,3700,3655,3655,67082
2017-03-10,3685,3685,3690,3630,3685,83627
2017-03-13,3725,3725,3725,3670,3690,138635
2017-03-14,3710,3710,3730,3700,3725,120183
2017-03-15,3715,3715,3765,3680,3680,246428
2017-03-16,3740,3740,3755,3690,3700,156558
2017-03-17,3745,3745,3755,3725,3725,96919
2017-03-20,3725,3725,3745,3670,3715,236890
2017-03-21,3710,3710,3725,3660,3720,261655
2017-03-22,3710,3710,3710,3660,3685,242477
2017-03-23,3590,3590,3700,3580,3700,410972
2017-03-24,3420,3420,3625,3370,3625,859540
2017-03-27,3410,3410,3470,3405,3425,245907
2017-03-28,3410,3410,3420,3360,3380,198084
2017-03-29,3470,3470,3530,3415,3425,200956
2017-03-30,3420,3420,3480,3420,3470,123033
2017-03-31,3435,3435,3460,3405,3420,96045
2017-04-03,3445,3445,3465,3400,3410,123134
2017-04-04,3465,3465,3510,3450,3465,214306
2017-04-05,3510,3510,3535,3465,3475,159026
2017-04-06,3515,3515,3575,3495,3505,154544
2017-04-07,3520,3520,3530,3490,3530,58029
2017-04-10,3470,3470,3555,3455,3525,239345
2017-04-11,3490,3490,3515,3420,3465,102450
2017-04-12,3495,3495,3510,3455,3510,102008
2017-04-13,3480,3480,3505,3480,3500,62997
2017-04-14,3470,3470,3480,3450,3465,66493
2017-04-17,3480,3480,3510,3450,3450,66397
2017-04-18,3475,3475,3500,3455,3485,63064
2017-04-19,3485,3485,3505,3480,3490,64981
2017-04-20,3495,3495,3540,3485,3485,158693
2017-04-21,3505,3505,3520,3485,3520,116418
2017-04-24,3495,3495,3525,3495,3505,77899
2017-04-25,3505,3505,3515,3495,3495,101029
2017-04-26,3645,3645,3675,3525,3525,853287
2017-04-27,3670,3670,3695,3645,3670,322846
2017-04-28,3630,3630,3685,3595,3680,180673
2017-05-02,3615,3615,3685,3610,3630,219431
2017-05-04,3600,3600,3675,3565,3615,242064
2017-05-08,3580,3580,3615,3570,3600,238717
2017-05-10,3630,3630,3675,3580,3600,386483
2017-05-11,3665,3665,3680,3635,3640,246266
2017-05-12,3695,3695,3695,3620,3675,117069
2017-05-15,3680,3680,3700,3670,3695,83135
2017-05-16,3610,3610,3685,3595,3685,151830
2017-05-17,3575,3575,3640,3570,3640,108129
2017-05-18,3530,3530,3575,3510,3560,160384
2017-05-19,3580,3580,3590,3535,3535,88843
2017-05-22,3585,3585,3620,3570,3570,122236
2017-05-23,3610,3610,3620,3580,3615,134700
2017-05-24,3585,3585,3630,3575,3610,79376
2017-05-25,3570,3570,3610,3565,3585,89054
2017-05-26,3535,3535,3590,3530,3590,159832
2017-05-29,3505,3505,3555,3495,3540,108312
2017-05-30,3615,3615,3615,3490,3490,207255
2017-05-31,3610,3610,3650,3610,3625,189657
2017-06-01,3585,3585,3615,3575,3590,115940
2017-06-02,3605,3605,3615,3570,3585,153467
2017-06-05,3600,3600,3630,3590,3590,108184
2017-06-07,3610,3610,3620,3565,3600,158624
2017-06-08,3635,3635,3650,3600,3600,217859
2017-06-09,3680,3680,3700,3620,3650,451804
2017-06-12,3665,3665,3695,3645,3670,185889
2017-06-13,3705,3705,3710,3670,3680,201984
2017-06-14,3715,3715,3745,3705,3705,239641
2017-06-15,3695,3695,3725,3665,3720,129371
2017-06-16,3715,3715,3725,3665,3700,112084
2017-06-19,3740,3740,3740,3695,3715,195724
2017-06-20,3710,3710,3750,3695,3730,307420
2017-06-21,3660,3660,3710,3660,3710,150875
2017-06-22,3695,3695,3700,3660,3690,150396
2017-06-23,3700,3700,3715,3615,3635,221343
2017-06-26,3875,3875,3905,3710,3720,1583785
2017-06-27,3860,3860,3910,3825,3875,492645
2017-06-28,3880,3880,3960,3860,3865,823508
2017-06-29,3845,3845,3930,3835,3905,222918
2017-06-30,3850,3850,3850,3775,3800,279025
2017-07-03,4090,4090,4455,3965,3970,13521411
2017-07-04,3975,3975,4165,3965,4145,2216478
2017-07-05,4040,4040,4095,3975,4005,1257825
2017-07-06,3905,3905,4025,3880,4000,1149336
2017-07-07,3845,3845,3895,3835,3895,573757
2017-07-10,3775,3775,3875,3745,3840,625805
2017-07-11,3750,3750,3790,3695,3775,482300
2017-07-12,3735,3735,3835,3735,3775,554993
2017-07-13,3780,3780,3810,3730,3810,228989
2017-07-14,3735,3735,3825,3715,3785,317974
2017-07-17,3735,3735,3800,3710,3740,196885
2017-07-18,3750,3750,3750,3700,3750,290658
2017-07-19,3805,3805,3850,3755,3755,583408
2017-07-20,3805,3805,3825,3780,3820,306891
2017-07-21,3785,3785,3820,3775,3820,187571
2017-07-24,3950,3950,3955,3725,3775,988756
2017-07-25,4020,4020,4225,3935,4000,2407778
2017-07-26,4080,4080,4125,3970,4070,829621
2017-07-27,4110,4110,4155,4035,4050,783777
2017-07-28,4045,4045,4145,3975,4080,611091
2017-07-31,4060,4060,4080,3970,3990,335640
2017-08-01,4020,4020,4160,4015,4015,615490
2017-08-02,4160,4160,4200,4025,4045,1283919
2017-08-03,4065,4065,4170,4025,4165,650116
2017-08-04,4060,4060,4095,3985,4065,439223
2017-08-07,4050,4050,4090,4025,4040,305314
2017-08-08,4045,4045,4080,3995,4050,270429
2017-08-09,3985,3985,4050,3975,4030,249763
2017-08-10,3890,3890,4000,3835,3975,479257
2017-08-11,3845,3845,3860,3755,3855,458733
2017-08-14,3895,3895,3910,3845,3855,269910
2017-08-16,3765,3765,3895,3750,3895,443476
2017-08-17,3870,3870,3870,3770,3775,286162
2017-08-18,3840,3840,3860,3820,3820,236860
2017-08-21,3830,3830,3875,3825,3860,286012
2017-08-22,3920,3920,3935,3830,3840,428552
2017-08-23,3895,3895,3945,3860,3945,288971
2017-08-24,3870,3870,3920,3870,3900,136031
2017-08-25,3880,3880,3925,3850,3920,202742
2017-08-28,3915,3915,3970,3885,3920,390412
2017-08-29,3905,3905,3930,3875,3880,281118
2017-08-30,3930,3930,3965,3860,3910,319354
2017-08-31,3955,3955,3965,3920,3955,152896
2017-09-01,3940,3940,3965,3910,3955,156520
2017-09-04,3820,3820,3910,3790,3800,287054
2017-09-05,3730,3730,3860,3730,3860,271358
2017-09-06,3730,3730,3815,3710,3710,195496
2017-09-07,3815,3815,3845,3730,3730,174812
2017-09-08,3685,3685,3835,3650,3800,346727
2017-09-11,3500,3500,3730,3495,3730,813468
2017-09-12,3575,3575,3615,3515,3550,344858
2017-09-13,3605,3605,3640,3575,3640,210961
2017-09-14,3550,3550,3655,3550,3575,137344
2017-09-15,3610,3610,3610,3515,3550,187613
2017-09-18,3635,3635,3685,3595,3600,239461
2017-09-19,3610,3610,3650,3600,3610,105199
2017-09-20,3575,3575,3665,3575,3610,215753
2017-09-21,3550,3550,3620,3540,3570,199521
2017-09-25,3390,3390,3570,3385,3535,466105
2017-09-26,3390,3390,3390,3390,3390,0
2017-09-27,3345,3345,3465,3335,3400,492076
2017-09-28,3285,3285,3380,3285,3355,328258
2017-09-29,3275,3275,3315,3265,3290,311902
2017-10-10,3090,3090,3295,3080,3275,526593
2017-10-11,3165,3165,3180,3090,3095,341569
2017-10-12,3150,3150,3200,3140,3150,216797
2017-10-13,3630,3630,4000,3325,3450,8863920
2017-10-16,3665,3665,3890,3575,3780,3090645
2017-10-17,3600,3600,3760,3585,3625,1255667
2017-10-18,3525,3525,3600,3460,3585,837114
2017-10-19,3535,3535,3600,3475,3540,701868
2017-10-20,3485,3485,3550,3465,3535,450783
2017-10-23,3510,3510,3535,3475,3505,306475
2017-10-24,3510,3510,3575,3500,3515,287181
2017-10-25,3585,3585,3630,3520,3535,459083
2017-10-26,3525,3525,3610,3525,3555,322255
2017-10-27,3545,3545,3620,3525,3545,281425
2017-10-30,3595,3595,3680,3560,3600,459719
2017-10-31,3615,3615,3640,3555,3595,205146
2017-11-01,3545,3545,3635,3535,3635,284954
2017-11-02,3595,3595,3605,3510,3580,195361
2017-11-03,3610,3610,3620,3565,3600,221900
2017-11-06,3565,3565,3630,3545,3610,175262
2017-11-07,3590,3590,3635,3550,3565,215698
2017-11-08,3795,3795,3845,3590,3600,1399769
2017-11-09,3820,3820,3825,3720,3790,422614
2017-11-10,3800,3800,3835,3760,3795,276468
2017-11-13,3790,3790,3850,3755,3850,311773
2017-11-14,3790,3790,3815,3730,3770,373150
2017-11-15,3755,3755,3835,3745,3835,369734
2017-11-16,3820,3820,3820,3715,3780,372308
2017-11-17,3960,3960,4125,3830,3870,2482256
2017-11-20,3975,3975,3975,3850,3955,512458
2017-11-21,4080,4080,4120,3940,4010,968441
2017-11-22,4130,4130,4145,3985,4085,761884
2017-11-23,4030,4030,4190,4020,4190,574184
2017-11-24,4275,4275,4340,4020,4060,1664394
2017-11-27,4260,4260,4375,4190,4335,716236
2017-11-28,4055,4055,4305,4025,4300,822668
2017-11-29,4040,4040,4110,4000,4030,415088
2017-11-30,4045,4045,4140,4015,4015,401574
2017-12-01,4070,4070,4090,4025,4055,264033
2017-12-04,3975,3975,4110,3970,4110,345772
2017-12-05,4075,4075,4095,3920,3975,360156
2017-12-06,4010,4010,4085,3980,4040,259605
2017-12-07,3870,3870,4035,3840,3995,385045
2017-12-08,3785,3785,3915,3785,3870,231251
2017-12-11,3850,3850,3890,3810,3830,107733
2017-12-12,3775,3775,3875,3760,3850,270957
2017-12-13,3955,3955,3955,3775,3820,275219
2017-12-14,4270,4270,4400,4000,4045,5613602
2017-12-15,4360,4360,4445,4200,4230,2392690
2017-12-18,4240,4240,4440,4205,4360,1044816
2017-12-19,4230,4230,4365,4125,4315,584780
2017-12-21,3915,3915,4485,3900,4410,1865842
2017-12-22,4030,4030,4075,3915,3945,497545
2017-12-26,4025,4025,4175,3950,4100,527931
2017-12-27,4205,4205,4230,3960,3960,672971
2017-12-28,4215,4215,4315,4160,4200,488097
2018-01-02,4335,4335,4400,4150,4230,723916
2018-01-03,4345,4345,4415,4275,4330,687208
2018-01-04,4285,4285,4400,4265,4320,445310
2018-01-05,5150,5150,5380,4285,4285,12305439
2018-01-08,5350,5350,5640,5200,5340,5289782
2018-01-09,5400,5400,5540,5280,5450,2652805
2018-01-10,5280,5280,5510,5160,5380,2740238
2018-01-11,5070,5070,5320,4950,5200,2664420
2018-01-12,4840,4840,5080,4785,5080,2406083
2018-01-15,4900,4900,4985,4755,4875,1686396
2018-01-16,4940,4940,4990,4730,4880,1582898
2018-01-17,4790,4790,4940,4790,4920,850038
2018-01-18,4875,4875,5070,4790,4810,2042106
2018-01-19,4800,4800,4920,4770,4850,837674
2018-01-22,4860,4860,4960,4750,4815,803653
2018-01-23,4870,4870,4955,4830,4890,710019
2018-01-24,4800,4800,4875,4770,4850,802454
2018-01-25,4975,4975,4995,4790,4805,969281
2018-01-26,4950,4950,5040,4890,5040,846967
2018-01-29,4885,4885,4995,4865,4995,725722
2018-01-30,4895,4895,5080,4865,4880,1484046
2018-01-31,4700,4700,4875,4640,4875,1127654
2018-02-01,4730,4730,4845,4630,4700,1097987
2018-02-02,4590,4590,4770,4550,4715,729231
2018-02-05,4505,4505,4615,4440,4500,528052
2018-02-06,4485,4485,4485,4260,4280,762118
2018-02-07,4335,4335,4600,4320,4600,625604
2018-02-08,4410,4410,4440,4310,4365,302456
2018-02-09,4265,4265,4330,4215,4330,433165
2018-02-12,4240,4240,4330,4240,4330,227679
2018-02-13,4060,4060,4295,4060,4260,631771
2018-02-14,4190,4190,4190,4100,4100,282116
2018-02-19,4360,4360,4385,4200,4200,467063
2018-02-20,4370,4370,4410,4315,4380,344841
2018-02-21,4355,4355,4380,4310,4375,305811
2018-02-22,4305,4305,4375,4300,4355,266211
2018-02-23,4320,4320,4375,4250,4365,403494
2018-02-26,4270,4270,4375,4250,4355,200490
2018-02-27,4385,4385,4385,4260,4320,439377
2018-02-28,4570,4570,4600,4350,4385,1766834
2018-03-02,4435,4435,4640,4405,4510,654297
2018-03-05,4020,4020,4435,4000,4405,970468
2018-03-06,4110,4110,4140,4030,4030,344340
2018-03-08,4035,4035,4055,4010,4010,224222
2018-03-09,4065,4065,4100,4040,4040,309166
2018-03-12,4160,4160,4180,4070,4100,316217
2018-03-13,4170,4170,4205,4130,4200,265011
2018-03-14,4170,4170,4170,4105,4155,191592
2018-03-15,4195,4195,4225,4095,4180,263269
2018-03-16,4145,4145,4245,4110,4195,174151
2018-03-19,4125,4125,4175,4080,4175,196886
2018-03-20,4240,4240,4240,4085,4125,410364
2018-03-21,4245,4245,4345,4185,4270,457430
2018-03-22,4055,4055,4250,4040,4250,461239
2018-03-23,3705,3705,3995,3695,3990,830796
2018-03-26,3710,3710,3855,3640,3710,623523
2018-03-27,3820,3820,3870,3715,3715,470369
2018-03-28,3710,3710,3870,3700,3805,350136
2018-03-29,3735,3735,3775,3720,3730,142200
2018-03-30,3770,3770,3785,3730,3745,145191
2018-04-02,3700,3700,3850,3695,3780,362167
2018-04-03,3770,3770,3785,3650,3665,288816
2018-04-04,3680,3680,3800,3620,3790,320611
2018-04-05,3600,3600,3700,3600,3700,281043
2018-04-06,3600,3600,3650,3540,3560,208042
2018-04-09,3545,3545,3670,3510,3610,229917
2018-04-10,3620,3620,3620,3545,3545,185928
2018-04-11,3695,3695,3740,3550,3600,238727
2018-04-12,3720,3720,3740,3670,3710,186937
2018-04-13,3895,3895,3895,3735,3740,689583
2018-04-16,3935,3935,4035,3845,3895,990179
2018-04-17,3945,3945,3980,3915,3935,207676
2018-04-18,3945,3945,3970,3915,3970,203272
2018-04-19,4020,4020,4025,3920,3925,411987
2018-04-20,3990,3990,4055,3955,4045,169323
2018-04-23,3880,3880,3990,3850,3970,298103
2018-04-24,3965,3965,3990,3870,3875,263096
2018-04-25,3950,3950,4010,3895,3970,228513
2018-04-26,4125,4125,4150,3965,4020,487680
2018-04-27,4155,4155,4250,4115,4185,550001
2018-04-30,4000,4000,4155,3985,4130,308296
2018-05-02,3915,3915,4015,3885,3980,260527
2018-05-03,4210,4210,4250,3900,3900,1175439
2018-05-04,4090,4090,4170,4065,4165,417644
2018-05-08,3875,3875,4125,3860,4105,410369
2018-05-09,3880,3880,3920,3815,3875,220924
2018-05-10,3935,3935,3955,3835,3910,143937
2018-05-11,3960,3960,3990,3900,3935,138276
2018-05-14,4060,4060,4075,3950,3980,397070
2018-05-15,4025,4025,4045,3920,4045,295785
2018-05-16,3875,3875,3970,3815,3940,422173
2018-05-17,3860,3860,3885,3750,3825,264971
2018-05-18,3800,3800,3870,3780,3870,227294
2018-05-21,3805,3805,3850,3780,3805,148786
2018-05-23,3730,3730,3825,3705,3805,254558
2018-05-24,3830,3830,3845,3720,3740,140722
2018-05-25,3780,3780,3825,3765,3820,116030
2018-05-28,3825,3825,3845,3760,3780,182443
2018-05-29,3950,3950,3965,3795,3835,394840
2018-05-30,4240,4240,4285,4030,4080,2812358
2018-05-31,4210,4210,4250,4110,4195,647289
2018-06-01,4120,4120,4215,4080,4195,428615
2018-06-04,4290,4290,4400,4120,4120,1564434
2018-06-05,4200,4200,4345,4180,4290,608618
2018-06-07,4165,4165,4285,4130,4235,335244
2018-06-08,4175,4175,4225,4120,4120,247489
2018-06-11,4090,4090,4220,4045,4175,402452
2018-06-12,4110,4110,4145,4040,4090,183379
2018-06-14,4050,4050,4175,4000,4120,363100
2018-06-15,4000,4000,4170,4000,4050,302061
2018-06-18,3845,3845,4105,3835,4050,570185
2018-06-19,3740,3740,3915,3680,3800,331560
2018-06-20,3765,3765,3805,3710,3710,218715
2018-06-21,3765,3765,3845,3690,3790,326942
2018-06-22,3720,3720,3755,3600,3750,343696
2018-06-25,3720,3720,3725,3640,3705,162682
2018-06-26,3765,3765,3790,3600,3710,236894
2018-06-27,3755,3755,3935,3735,3840,420344
2018-06-28,3685,3685,3790,3640,3790,231711
2018-06-29,3570,3570,3700,3555,3680,207338
2018-07-02,3560,3560,3735,3505,3605,377045
2018-07-03,3595,3595,3675,3510,3520,266584
2018-07-04,3675,3675,3680,3585,3605,163610
2018-07-05,3625,3625,3695,3570,3645,176467
2018-07-06,3700,3700,3745,3590,3610,293496
2018-07-09,3650,3650,3695,3605,3685,241130
2018-07-10,3600,3600,3720,3600,3650,214593
2018-07-11,3575,3575,3660,3535,3590,264341
2018-07-12,3730,3730,3730,3560,3570,262192
2018-07-13,3705,3705,3765,3680,3730,112186
2018-07-16,3710,3710,3895,3690,3710,434433
2018-07-17,3780,3780,3850,3705,3705,419721
2018-07-18,3690,3690,3805,3675,3790,161827
2018-07-19,3590,3590,3690,3575,3660,265250
2018-07-20,3595,3595,3650,3535,3535,109189
2018-07-23,3540,3540,3765,3540,3610,558949
2018-07-24,3590,3590,3610,3525,3540,259366
2018-07-26,3540,3540,3565,3465,3535,208149
2018-07-27,3640,3640,3640,3540,3550,145913
2018-07-30,3630,3630,3700,3620,3670,167499
2018-07-31,3690,3690,3730,3620,3620,185631
2018-08-01,3710,3710,3730,3680,3710,125223
2018-08-02,3660,3660,3735,3630,3715,77176
2018-08-03,3700,3700,3715,3645,3655,91903
