,Adj Close,Close,High,Low,Open,Volume
2003-11-17,3226,3760,3760,3405,3500,615300
2003-11-18,3381,3940,4060,3600,3800,444700
2003-11-19,3325,3875,3940,3750,3940,76500
2003-11-20,3115,3630,3895,3430,3875,124100
2003-11-21,3201,3730,3730,3500,3520,80000
2003-11-24,3089,3600,3970,3355,3550,276500
2003-11-25,3166,3690,3730,3415,3415,170300
2003-11-26,3544,4130,4130,3670,3790,312600
2003-11-27,3544,4130,4400,4040,4240,217300
2003-11-28,3604,4200,4210,4005,4075,229900
2003-12-01,3595,4190,4250,4100,4200,115900
2003-12-02,3389,3950,4350,3940,4260,178400
2003-12-03,3415,3980,4050,3800,4050,100200
2003-12-04,3347,3900,3980,3810,3960,48300
2003-12-05,3338,3890,3960,3830,3830,57600
2003-12-08,3299,3845,3930,3515,3930,25900
2003-12-09,3424,3990,4060,3830,3845,125100
2003-12-10,3668,4275,4350,3900,3910,376400
2003-12-11,3724,4340,4580,4175,4275,463600
2003-12-12,3583,4175,4400,4150,4400,238400
2003-12-15,3862,4500,4545,4000,4210,1870300
2003-12-16,4033,4700,4815,4420,4630,2269700
2003-12-17,4213,4910,4940,4730,4910,781900
2003-12-18,4179,4870,4950,4780,4910,330700
2003-12-19,4076,4750,5070,4750,4855,265000
2003-12-22,3922,4570,4715,4465,4570,320500
2003-12-23,3904,4550,4645,4370,4530,200500
2003-12-24,3990,4650,4695,4520,4550,323200
2003-12-26,3819,4450,4685,4420,4650,271900
2003-12-29,3904,4550,4550,4365,4365,78600
2003-12-30,3853,4490,4900,4490,4760,481800
2004-01-02,3887,4530,4535,4415,4460,162800
2004-01-05,3982,4640,4670,4440,4500,269600
2004-01-06,3943,4595,4695,4505,4510,205600
2004-01-07,4033,4700,4840,4595,4610,459200
2004-01-08,3690,4300,4770,4250,4770,606300
2004-01-09,3943,4595,4655,4260,4310,679400
2004-01-12,4205,4900,5140,4600,4600,1770400
2004-01-13,4153,4840,5000,4680,4950,532900
2004-01-14,4188,4880,4975,4700,4720,499200
2004-01-15,4042,4710,4945,4700,4900,319900
2004-01-16,3990,4650,4790,4600,4720,199100
2004-01-19,3819,4450,4800,4430,4665,495900
2004-01-20,3862,4500,4500,4270,4450,289800
2004-01-26,3707,4320,4500,4310,4500,163300
2004-01-27,3634,4235,4275,3850,3850,261300
2004-01-28,3432,4000,4180,3900,4130,122400
2004-01-29,3510,4090,4130,3800,3925,115400
2004-01-30,3604,4200,4200,3955,4010,97100
2004-02-02,3570,4160,4240,4050,4150,98700
2004-02-03,3544,4130,4210,4105,4200,140100
2004-02-04,3544,4130,4170,4030,4100,173400
2004-02-05,3557,4145,4150,4000,4060,214700
2004-02-06,3561,4150,4160,3990,4160,335900
2004-02-09,3776,4400,4450,4270,4300,531800
2004-02-10,3613,4210,4390,4180,4390,219200
2004-02-11,3604,4200,4385,4180,4305,192700
2004-02-12,3578,4170,4250,4055,4230,127800
2004-02-13,3656,4260,4300,4125,4130,227300
2004-02-16,3501,4080,4300,4080,4290,135700
2004-02-17,3784,4410,4480,4025,4040,634500
2004-02-18,3681,4290,4480,4275,4460,189000
2004-02-19,3793,4420,4600,4310,4310,541500
2004-02-20,3862,4500,4510,4300,4420,163000
2004-02-23,3793,4420,4560,4420,4420,183500
2004-02-24,3518,4100,4380,4100,4320,205400
2004-02-25,3488,4065,4195,4050,4100,67000
2004-02-26,3484,4060,4140,3800,4010,208100
2004-02-27,3578,4170,4200,3915,4000,128200
2004-03-02,3733,4350,4435,4150,4200,320700
2004-03-03,3793,4420,4440,4300,4380,170300
2004-03-04,4033,4700,4700,4460,4500,329900
2004-03-05,4033,4700,4780,4560,4770,293200
2004-03-08,4059,4730,4820,4610,4750,285300
2004-03-09,4115,4795,4835,4625,4745,208400
2004-03-10,4037,4705,4900,4705,4890,320500
2004-03-11,3870,4510,4680,4510,4680,119700
2004-03-12,3621,4220,4515,3995,4420,250000
2004-03-15,3853,4490,4490,4230,4230,198200
2004-03-16,3819,4450,4675,4350,4350,204000
2004-03-17,3939,4590,4595,4465,4480,150800
2004-03-18,3999,4660,4840,4560,4610,391400
2004-03-19,4110,4790,4830,4650,4745,201100
2004-03-22,3896,4540,4775,4540,4775,89200
2004-03-23,3990,4650,4685,4440,4455,180700
2004-03-24,3947,4600,4660,4460,4600,121900
2004-03-25,3741,4360,4590,4350,4550,113800
2004-03-26,3776,4400,4470,4380,4380,73100
2004-03-29,3870,4510,4530,4390,4390,77700
2004-03-30,3793,4420,4580,4420,4550,58000
2004-03-31,3776,4400,4480,4260,4425,108600
2004-04-01,3750,4370,4430,4330,4430,51200
2004-04-02,3681,4290,4420,4280,4355,106500
2004-04-06,3965,4620,4630,4300,4345,334000
2004-04-07,3947,4600,4650,4530,4600,89700
2004-04-08,3990,4650,4660,4500,4620,171300
2004-04-09,3947,4600,4700,4570,4645,127500
2004-04-12,4012,4675,4760,4530,4600,731200
2004-04-13,3862,4500,4785,4200,4700,810600
2004-04-14,3763,4385,4500,4325,4500,218900
2004-04-16,3686,4295,4485,4295,4480,141500
2004-04-19,3664,4270,4355,4125,4250,301400
2004-04-20,3698,4310,4380,4260,4350,88900
2004-04-21,3819,4450,4580,4300,4310,400700
2004-04-22,3711,4325,4520,4325,4450,220100
2004-04-23,3913,4560,4570,4240,4390,322200
2004-04-26,3973,4630,4820,4560,4650,575100
2004-04-27,4213,4910,4995,4560,4640,719900
2004-04-28,4093,4770,5000,4750,4980,401600
2004-04-29,3690,4300,4730,4230,4690,406700
2004-04-30,3728,4345,4410,4165,4250,188900
2004-05-03,3604,4200,4430,4200,4270,214700
2004-05-04,3626,4225,4345,4205,4230,169100
2004-05-06,3445,4015,4280,4010,4250,141300
2004-05-07,3317,3865,3995,3730,3935,123400
2004-05-10,3003,3500,3940,3405,3860,105500
2004-05-11,3128,3645,3650,3350,3400,176000
2004-05-12,3338,3890,3890,3700,3740,146300
2004-05-13,3179,3705,3875,3700,3800,104700
2004-05-14,3141,3660,3800,3560,3750,64400
2004-05-17,2892,3370,3695,3225,3655,160500
2004-05-18,2832,3300,3380,3060,3250,138100
2004-05-19,3033,3535,3560,3320,3320,142400
2004-05-20,2887,3365,3440,3230,3420,99100
2004-05-21,2892,3370,3440,3260,3430,58400
2004-05-24,2969,3460,3500,3330,3420,153200
2004-05-25,2948,3435,3460,3265,3440,125700
2004-05-27,2737,3190,3500,3135,3450,298200
2004-05-28,2729,3180,3245,3060,3225,224600
2004-05-31,2917,3400,3400,3150,3215,253900
2004-06-01,3089,3600,3715,3480,3500,531400
2004-06-02,3012,3510,3630,3480,3630,89400
2004-06-03,2827,3295,3590,3140,3570,284400
2004-06-04,2823,3290,3350,3210,3290,111100
2004-06-07,2917,3400,3440,3295,3300,124300
2004-06-08,2926,3410,3450,3370,3410,95300
2004-06-09,3029,3530,3570,3305,3410,322200
2004-06-10,2917,3400,3570,3350,3550,128500
2004-06-11,2703,3150,3430,3110,3430,102600
2004-06-14,2488,2900,3150,2900,3050,105300
2004-06-15,2488,2900,2960,2820,2870,172600
2004-06-16,2377,2770,2995,2770,2900,173300
2004-06-17,2325,2710,2795,2670,2735,90300
2004-06-18,2300,2680,2735,2660,2685,63200
2004-06-21,2347,2735,2740,2665,2665,72600
2004-06-22,2347,2735,2760,2600,2690,97100
2004-06-23,2188,2550,2800,2515,2680,147800
2004-06-24,2184,2545,2650,2500,2560,106300
2004-06-25,2252,2625,2680,2540,2590,125400
2004-06-28,2231,2600,2660,2555,2610,69200
2004-06-29,2317,2700,2730,2580,2580,198900
2004-06-30,2364,2755,2820,2710,2710,127800
2004-07-01,2360,2750,2850,2750,2760,113100
2004-07-02,2300,2680,2750,2650,2750,48700
2004-07-05,2274,2650,2690,2550,2690,78300
2004-07-06,2171,2530,2645,2530,2615,49400
2004-07-07,2128,2480,2500,2400,2480,70800
2004-07-08,2089,2435,2530,2425,2475,102100
2004-07-09,2059,2400,2470,2380,2470,69200
2004-07-12,2085,2430,2435,2400,2405,62400
2004-07-13,2085,2430,2480,2405,2435,53900
2004-07-14,1943,2265,2450,2265,2380,124800
2004-07-15,1922,2240,2315,2200,2265,166300
2004-07-16,1922,2240,2275,2225,2250,119800
2004-07-19,1913,2230,2250,2175,2210,146400
2004-07-20,1982,2310,2350,2200,2235,466600
2004-07-21,2003,2335,2395,2285,2395,206300
2004-07-22,1922,2240,2300,2235,2300,139500
2004-07-23,2012,2345,2370,2280,2280,214200
2004-07-26,1943,2265,2425,2265,2345,175900
2004-07-27,1828,2130,2280,2130,2280,180600
2004-07-28,1733,2020,2185,2000,2185,182500
2004-07-29,1664,1940,2095,1920,2015,339400
2004-07-30,1712,1995,2050,1955,1965,150700
2004-08-02,1707,1990,2060,1965,2005,179500
2004-08-03,1707,1990,2050,1970,2050,70000
2004-08-04,1755,2045,2045,1940,1940,70300
2004-08-05,1952,2275,2285,2045,2070,193300
2004-08-06,1905,2220,2295,2120,2270,80700
2004-08-09,1913,2230,2260,2130,2130,101000
2004-08-10,1965,2290,2330,2210,2210,163100
2004-08-11,1969,2295,2350,2285,2315,80200
2004-08-12,1973,2300,2325,2250,2295,34600
2004-08-13,1943,2265,2315,2260,2260,41000
2004-08-16,1948,2270,2290,2215,2245,53300
2004-08-17,2106,2455,2455,2270,2295,247600
2004-08-18,2089,2435,2530,2400,2485,153500
2004-08-19,2145,2500,2550,2400,2440,114200
2004-08-20,2111,2460,2560,2445,2500,66400
2004-08-23,2076,2420,2500,2415,2470,76700
2004-08-24,2085,2430,2450,2350,2385,84400
2004-08-25,2059,2400,2460,2390,2405,70400
2004-08-26,2046,2385,2465,2365,2420,55300
2004-08-27,2038,2375,2500,2370,2385,51200
2004-08-30,2008,2340,2410,2340,2400,60100
2004-08-31,1995,2325,2365,2280,2300,44000
2004-09-01,2021,2355,2370,2300,2300,67200
2004-09-02,2094,2440,2455,2345,2345,53500
2004-09-03,2059,2400,2470,2350,2425,53500
2004-09-06,2051,2390,2440,2370,2370,24800
2004-09-07,2158,2515,2540,2395,2430,203200
2004-09-08,2128,2480,2630,2460,2550,211700
2004-09-09,2175,2535,2580,2440,2495,156600
2004-09-10,2334,2720,2780,2560,2560,655800
2004-09-13,2274,2650,2790,2640,2780,410000
2004-09-14,2291,2670,2770,2630,2700,323900
2004-09-15,2222,2590,2665,2575,2655,117900
2004-09-16,2218,2585,2625,2555,2560,137000
2004-09-17,2209,2575,2600,2520,2555,94000
2004-09-20,2145,2500,2600,2500,2600,99800
2004-09-21,2064,2405,2540,2405,2505,121400
2004-09-22,2098,2445,2520,2390,2420,190800
2004-09-23,1999,2330,2455,2310,2420,98300
2004-09-24,1943,2265,2385,2265,2310,93000
2004-09-30,1836,2140,2255,2140,2215,89000
2004-10-01,1858,2165,2190,2100,2100,158600
2004-10-04,1931,2250,2270,2190,2190,135500
2004-10-05,1913,2230,2300,2210,2300,63900
2004-10-06,1900,2215,2265,2205,2235,64400
2004-10-07,1875,2185,2265,2185,2200,110100
2004-10-08,1828,2130,2185,2120,2155,91200
2004-10-11,1832,2135,2190,2105,2105,62800
2004-10-12,1772,2065,2150,2065,2125,125000
2004-10-13,1922,2240,2290,2065,2065,274900
2004-10-14,1935,2255,2260,2165,2225,83100
2004-10-15,1905,2220,2285,2210,2270,82900
2004-10-18,1896,2210,2260,2210,2225,61900
2004-10-19,1858,2165,2260,2165,2210,68700
2004-10-20,1802,2100,2160,2085,2130,138200
2004-10-21,1767,2060,2100,2050,2050,81900
2004-10-22,1793,2090,2125,2050,2070,28900
2004-10-25,1772,2065,2095,2050,2060,18700
2004-10-26,1750,2040,2100,2040,2050,29800
2004-10-27,1733,2020,2100,2020,2060,22000
2004-10-28,1746,2035,2080,2020,2040,67300
2004-10-29,1703,1985,2030,1920,2005,126500
2004-11-01,1707,1990,2010,1970,1985,82600
2004-11-02,1707,1990,2005,1970,2000,116200
2004-11-03,1716,2000,2025,1980,1980,92400
2004-11-04,1729,2015,2030,1995,2025,64300
2004-11-05,1707,1990,2055,1935,2040,480000
2004-11-08,1699,1980,2020,1970,1980,135700
2004-11-09,1733,2020,2030,1975,1980,257700
2004-11-10,1785,2080,2110,2030,2030,385600
2004-11-11,1789,2085,2120,2040,2095,137000
2004-11-12,1785,2080,2100,2045,2090,120200
2004-11-15,1832,2135,2180,2080,2150,205500
2004-11-16,1763,2055,2150,2040,2125,139800
2004-11-17,1776,2070,2085,2060,2085,89800
2004-11-18,1785,2080,2110,2055,2075,110200
2004-11-19,1802,2100,2125,2075,2075,98600
2004-11-22,1742,2030,2100,2020,2100,107200
2004-11-23,1759,2050,2055,2030,2030,62200
2004-11-24,1776,2070,2070,2025,2040,76000
2004-11-25,1793,2090,2130,2070,2080,145500
2004-11-26,1888,2200,2225,2110,2130,650900
2004-11-29,2111,2460,2460,2250,2250,846100
2004-11-30,2085,2430,2600,2390,2540,1071300
2004-12-01,2282,2660,2720,2435,2480,1480900
2004-12-02,2239,2610,2705,2525,2700,638000
2004-12-03,2081,2425,2650,2410,2600,528400
2004-12-06,2025,2360,2505,2335,2380,475400
2004-12-07,1982,2310,2460,2275,2370,715800
2004-12-08,2136,2490,2525,2310,2310,870900
2004-12-09,2068,2410,2490,2330,2480,462400
2004-12-10,2038,2375,2450,2345,2415,202800
2004-12-13,2145,2500,2520,2380,2390,546400
2004-12-14,2171,2530,2545,2430,2510,480200
2004-12-15,2059,2400,2600,2400,2580,546100
2004-12-16,2064,2405,2435,2350,2400,273200
2004-12-17,2025,2360,2440,2330,2395,221300
2004-12-20,1986,2315,2360,2300,2320,192600
2004-12-21,2042,2380,2385,2285,2310,217900
2004-12-22,1986,2315,2410,2315,2380,155400
2004-12-23,1918,2235,2340,2235,2340,220400
2004-12-24,1900,2215,2235,2175,2200,125700
2004-12-27,1922,2240,2265,2205,2215,102500
2004-12-28,1905,2220,2270,2180,2270,99500
2004-12-29,1875,2185,2240,2180,2240,76500
2004-12-30,1888,2200,2240,2170,2170,72700
2005-01-03,1965,2290,2290,2205,2215,157700
2005-01-04,2012,2345,2385,2300,2310,249400
2005-01-05,2072,2415,2425,2280,2305,277600
2005-01-06,2119,2470,2535,2370,2380,404300
2005-01-07,2115,2465,2475,2400,2440,310200
2005-01-10,2145,2500,2580,2495,2530,399900
2005-01-11,2111,2460,2500,2405,2475,214400
2005-01-12,2231,2600,2670,2540,2550,610800
2005-01-13,2231,2600,2645,2510,2560,257000
2005-01-14,2257,2630,2730,2530,2580,483400
2005-01-17,2252,2625,2670,2600,2635,394100
2005-01-18,2239,2610,2655,2550,2635,255800
2005-01-19,2239,2610,2650,2585,2650,229500
2005-01-20,2325,2710,2880,2590,2600,775500
2005-01-21,2403,2800,2835,2710,2730,307100
2005-01-24,2390,2785,2890,2730,2810,454500
2005-01-25,2325,2710,2800,2690,2765,309900
2005-01-26,2355,2745,2755,2670,2725,243500
2005-01-27,2317,2700,2760,2650,2705,231200
2005-01-28,2355,2745,2750,2695,2700,132300
2005-01-31,2403,2800,2865,2705,2705,248700
2005-02-01,2544,2965,3000,2800,2810,241600
2005-02-02,2527,2945,3000,2855,3000,129300
2005-02-03,2480,2890,2985,2595,2930,165700
2005-02-04,2467,2875,2940,2800,2840,140500
2005-02-07,2570,2995,3030,2860,2860,204300
2005-02-11,2578,3005,3030,2900,2995,120200
2005-02-14,2626,3060,3130,3000,3020,212800
2005-02-15,2677,3120,3185,3060,3065,227000
2005-02-16,2634,3070,3170,3030,3120,220000
2005-02-17,2609,3040,3130,3015,3080,170300
2005-02-18,2574,3000,3060,2970,3020,175000
2005-02-21,2600,3030,3045,2920,2960,182300
2005-02-22,2591,3020,3040,2930,3040,210200
2005-02-23,2596,3025,3030,2900,2980,122400
2005-02-24,2591,3020,3050,2985,3025,113300
2005-02-25,2617,3050,3080,2970,3005,154700
2005-02-28,2626,3060,3080,3005,3005,74400
2005-03-02,2746,3200,3240,3060,3090,193100
2005-03-03,2737,3190,3330,3150,3210,110200
2005-03-04,2699,3145,3240,3125,3240,59900
2005-03-07,2681,3125,3180,3060,3130,92200
2005-03-08,2733,3185,3185,3000,3125,130200
2005-03-09,2806,3270,3270,3070,3200,77600
2005-03-10,2789,3250,3325,3150,3325,252700
2005-03-11,2746,3200,3210,3120,3190,72800
2005-03-14,2772,3230,3230,3135,3150,77700
2005-03-15,2617,3050,3235,3030,3200,87600
2005-03-16,2506,2920,3080,2910,2990,89300
2005-03-17,2351,2740,2880,2720,2875,182800
2005-03-18,2317,2700,2765,2615,2730,72600
2005-03-21,2317,2700,2790,2650,2685,51200
2005-03-22,2360,2750,2820,2675,2700,77400
2005-03-23,2308,2690,2750,2665,2700,33300
2005-03-24,2300,2680,2700,2555,2665,50000
2005-03-25,2282,2660,2750,2605,2650,26800
2005-03-28,2368,2760,2845,2620,2700,94400
2005-03-29,2385,2780,2880,2780,2790,48500
2005-03-30,2368,2760,2890,2760,2890,58800
2005-03-31,2385,2780,2885,2760,2790,30800
2005-04-01,2411,2810,2810,2755,2800,14500
2005-04-04,2403,2800,2830,2775,2810,16900
2005-04-06,2385,2780,2850,2780,2840,74500
2005-04-07,2403,2800,2800,2730,2780,74000
2005-04-08,2441,2845,2850,2765,2810,52600
2005-04-11,2475,2885,2900,2840,2880,73500
2005-04-12,2467,2875,2930,2845,2930,16100
2005-04-13,2484,2895,2930,2820,2830,72400
2005-04-14,2488,2900,2900,2835,2850,128300
2005-04-15,2463,2870,2890,2820,2840,38700
2005-04-18,2300,2680,2870,2665,2860,16000
2005-04-19,2325,2710,2805,2625,2630,23300
2005-04-20,2274,2650,2760,2610,2675,27200
2005-04-21,2257,2630,2685,2550,2650,27500
2005-04-22,2300,2680,2690,2630,2650,31400
2005-04-25,2291,2670,2700,2630,2700,19300
2005-04-26,2300,2680,2815,2630,2650,36400
2005-04-27,2304,2685,2700,2650,2700,5200
2005-04-28,2377,2770,2800,2665,2750,19400
2005-04-29,2351,2740,2800,2700,2775,23800
2005-05-02,2394,2790,2790,2700,2785,63700
2005-05-03,2385,2780,2815,2750,2750,35000
2005-05-04,2368,2760,2810,2730,2810,109100
2005-05-06,2368,2760,2780,2720,2760,13100
2005-05-09,2377,2770,2810,2760,2760,51100
2005-05-10,2372,2765,2790,2710,2770,9100
2005-05-11,2342,2730,2775,2715,2715,55300
2005-05-12,2312,2695,2750,2670,2705,25800
2005-05-13,2364,2755,2800,2670,2690,113700
2005-05-16,2403,2800,2800,2755,2800,51200
2005-05-17,2390,2785,2870,2785,2800,83800
2005-05-19,2488,2900,2930,2840,2840,79700
2005-05-20,2514,2930,2995,2830,2840,142000
2005-05-23,2553,2975,3030,2900,2990,72500
2005-05-24,2557,2980,3040,2940,2940,50300
2005-05-25,2583,3010,3030,2975,3000,59800
2005-05-26,2703,3150,3150,2970,2970,130600
2005-05-27,2647,3085,3180,3080,3140,75200
2005-05-30,2639,3075,3100,2980,3055,62800
2005-05-31,2604,3035,3075,2995,3075,29400
2005-06-01,2639,3075,3145,2960,3040,114600
2005-06-02,2574,3000,3080,3000,3070,67700
2005-06-03,2566,2990,3030,2930,2980,41400
2005-06-07,2428,2830,2990,2830,2990,51100
2005-06-08,2523,2940,2950,2815,2840,66100
2005-06-09,2463,2870,2940,2870,2910,55500
2005-06-10,2463,2870,2930,2860,2860,31100
2005-06-13,2463,2870,2900,2835,2845,21300
2005-06-14,2454,2860,2860,2805,2845,41100
2005-06-15,2433,2835,2860,2810,2810,64900
2005-06-16,2437,2840,2930,2810,2850,90500
2005-06-17,2488,2900,2950,2830,2830,83400
2005-06-20,2506,2920,2950,2885,2900,140700
2005-06-21,2617,3050,3050,2900,2940,176300
2005-06-22,2557,2980,3060,2915,3010,184300
2005-06-23,2523,2940,3100,2920,2970,103500
2005-06-24,2385,2780,2920,2780,2910,128800
2005-06-27,2317,2700,2780,2700,2770,79000
2005-06-28,2265,2640,2725,2640,2680,143900
2005-06-29,2265,2640,2720,2630,2695,178500
2005-06-30,2342,2730,2730,2550,2620,287400
2005-07-01,2403,2800,2880,2730,2730,317400
2005-07-04,2394,2790,2840,2765,2805,80700
2005-07-05,2360,2750,2820,2680,2785,245400
2005-07-06,2351,2740,2785,2700,2750,45400
2005-07-07,2355,2745,2755,2700,2700,40400
2005-07-08,2364,2755,2780,2710,2710,60400
2005-07-11,2385,2780,2800,2730,2760,91200
2005-07-12,2514,2930,2930,2765,2785,223900
2005-07-13,2531,2950,2980,2895,2945,190300
2005-07-14,2578,3005,3090,2900,2915,326300
2005-07-15,2531,2950,3050,2950,3035,100400
2005-07-18,2488,2900,3000,2900,2940,112400
2005-07-19,2415,2815,2930,2805,2910,180000
2005-07-20,2403,2800,2850,2750,2850,116200
2005-07-21,2355,2745,2840,2740,2800,86300
2005-07-22,2312,2695,2835,2655,2705,181200
2005-07-25,2360,2750,2760,2690,2700,61900
2005-07-26,2321,2705,2750,2675,2750,52200
2005-07-27,2454,2860,2880,2690,2690,142800
2005-07-28,2514,2930,2960,2815,2820,118700
2005-07-29,2540,2960,2970,2860,2970,98900
2005-08-01,2471,2880,2990,2880,2990,31700
2005-08-02,2497,2910,2910,2860,2860,49400
2005-08-03,2523,2940,3000,2885,2900,187100
2005-08-04,2471,2880,2960,2880,2960,103800
2005-08-05,2471,2880,2895,2800,2895,43500
2005-08-08,2471,2880,2880,2810,2870,28400
2005-08-09,2506,2920,2920,2770,2870,267100
2005-08-10,2548,2970,3050,2925,2935,148500
2005-08-11,2660,3100,3170,2980,3015,145300
2005-08-12,2772,3230,3300,3110,3180,231800
2005-08-16,2772,3230,3290,3190,3200,87100
2005-08-17,2879,3355,3395,3180,3230,199900
2005-08-18,2879,3355,3460,3340,3390,127900
2005-08-19,2926,3410,3515,3355,3355,197000
2005-08-22,2917,3400,3450,3200,3450,109400
2005-08-23,2917,3400,3495,3330,3330,40500
2005-08-24,2969,3460,3460,3270,3335,114200
2005-08-25,3076,3585,3585,3400,3460,101700
2005-08-26,3046,3550,3600,3500,3565,81000
2005-08-29,2999,3495,3500,3350,3450,113100
2005-08-30,2995,3490,3550,3400,3550,23600
2005-08-31,2943,3430,3490,3400,3490,32600
2005-09-01,2986,3480,3480,3360,3430,28600
2005-09-02,3012,3510,3550,3460,3540,73900
2005-09-05,2883,3360,3480,3160,3480,43900
2005-09-06,2905,3385,3400,3295,3400,37700
2005-09-07,3003,3500,3600,3330,3450,82700
2005-09-08,2960,3450,3615,3420,3615,20100
2005-09-09,2978,3470,3500,3320,3450,58800
2005-09-12,2849,3320,3530,3300,3410,54500
2005-09-13,2832,3300,3450,3150,3320,170300
2005-09-14,2793,3255,3370,3190,3370,50300
2005-09-15,2720,3170,3300,3170,3300,24600
2005-09-16,2746,3200,3300,3155,3230,26300
2005-09-20,2814,3280,3395,3225,3270,36700
2005-09-21,2737,3190,3290,3160,3280,25400
2005-09-22,2677,3120,3205,3085,3150,25800
2005-09-23,2621,3055,3145,3010,3100,21100
2005-09-26,2711,3160,3180,3010,3020,44900
2005-09-27,2703,3150,3235,3110,3235,65600
2005-09-28,2677,3120,3200,3120,3120,59000
2005-09-29,2832,3300,3300,3030,3120,96900
2005-09-30,2827,3295,3380,3210,3340,69400
2005-10-04,2857,3330,3450,3250,3300,161000
2005-10-05,2832,3300,3400,3230,3350,92300
2005-10-06,2724,3175,3300,3175,3300,67400
2005-10-07,2669,3110,3240,3110,3200,57000
2005-10-10,2686,3130,3150,3050,3090,64300
2005-10-11,2690,3135,3175,3065,3065,71200
2005-10-12,2669,3110,3175,3070,3145,133300
2005-10-13,2639,3075,3145,2970,3100,52600
2005-10-14,2540,2960,3070,2960,3070,64800
2005-10-17,2488,2900,2990,2875,2910,100800
2005-10-18,2531,2950,3000,2880,2920,83200
2005-10-19,2488,2900,2965,2850,2915,61000
2005-10-20,2475,2885,2970,2885,2900,125700
2005-10-21,2557,2980,3050,2825,2830,58400
2005-10-24,2630,3065,3065,2915,2915,70000
2005-10-25,2681,3125,3170,3070,3085,117700
2005-10-26,2703,3150,3165,3025,3145,441500
2005-10-27,2720,3170,3190,3060,3120,202300
2005-10-28,2716,3165,3200,3110,3200,168700
2005-10-31,2673,3115,3170,3070,3140,120000
2005-11-01,2686,3130,3160,3050,3060,102900
2005-11-02,2643,3080,3120,2995,3100,136300
2005-11-03,2720,3170,3230,3030,3080,343100
2005-11-04,2746,3200,3290,3140,3140,527300
2005-11-07,2930,3415,3500,3210,3260,1125000
2005-11-08,2892,3370,3450,3275,3415,275500
2005-11-09,2875,3350,3430,3290,3330,315000
2005-11-10,2900,3380,3460,3330,3380,275200
2005-11-11,2909,3390,3430,3300,3340,212800
2005-11-14,2900,3380,3400,3315,3370,282800
2005-11-15,2986,3480,3560,3430,3460,386700
2005-11-16,2960,3450,3525,3400,3525,164400
2005-11-17,2960,3450,3475,3335,3410,155300
2005-11-18,2978,3470,3520,3425,3455,155900
2005-11-21,3025,3525,3580,3470,3470,138800
2005-11-22,3046,3550,3620,3500,3570,246000
2005-11-23,3081,3590,3770,3550,3550,168000
2005-11-24,3141,3660,3780,3550,3610,103900
2005-11-25,3132,3650,3740,3600,3730,197700
2005-11-28,3166,3690,3740,3610,3700,226100
2005-11-29,3153,3675,3730,3620,3670,106400
2005-11-30,3115,3630,3720,3600,3650,106600
2005-12-01,3175,3700,3720,3560,3620,145100
2005-12-02,3651,4255,4255,3640,3670,454400
2005-12-05,3930,4580,4625,4300,4350,755300
2005-12-06,3604,4200,4550,4150,4450,375100
2005-12-07,3312,3860,4395,3825,4185,475600
2005-12-08,3372,3930,4030,3840,3840,258200
2005-12-09,3274,3815,4010,3815,3865,195300
2005-12-12,3450,4020,4160,3800,3835,650100
2005-12-13,3394,3955,4060,3935,4025,156200
2005-12-14,3475,4050,4060,3910,4020,262800
2005-12-15,3389,3950,4050,3950,4050,168600
2005-12-16,3299,3845,3900,3780,3800,343700
2005-12-19,3231,3765,3930,3740,3820,109000
2005-12-20,2995,3490,3805,3450,3805,252400
2005-12-21,3119,3635,3670,3510,3510,167500
2005-12-22,3115,3630,3770,3540,3710,119900
2005-12-23,3098,3610,3700,3550,3570,104100
2005-12-26,3158,3680,3725,3610,3620,109300
2005-12-27,3196,3725,3830,3620,3680,108000
2005-12-28,3128,3645,3800,3615,3660,52300
2005-12-29,3033,3535,3700,3530,3605,94400
2006-01-02,3123,3640,3690,3500,3505,43600
2006-01-03,3003,3500,3690,3465,3600,111100
2006-01-04,2960,3450,3540,3380,3540,154100
2006-01-05,3085,3595,3680,3400,3450,303100
2006-01-06,3269,3810,3930,3570,3660,323900
2006-01-09,3278,3820,3910,3775,3910,255300
2006-01-10,3282,3825,3825,3655,3770,121500
2006-01-11,3209,3740,3880,3700,3840,116900
2006-01-12,3089,3600,3760,3600,3700,108300
2006-01-13,3038,3540,3690,3420,3450,108700
2006-01-16,3033,3535,3650,3515,3550,169500
2006-01-17,2986,3480,3575,3465,3540,115300
2006-01-18,2746,3200,3450,3035,3450,181600
2006-01-19,2707,3155,3215,3080,3115,106500
2006-01-20,2596,3025,3240,2920,3110,122000
2006-01-23,2209,2575,2850,2575,2800,218400
2006-01-24,2257,2630,2730,2400,2500,143200
2006-01-25,2488,2900,2945,2630,2630,251900
2006-01-26,2527,2945,2960,2810,2860,46600
2006-01-27,2557,2980,3020,2945,2990,105200
2006-01-31,2621,3055,3085,2915,2915,41200
2006-02-01,2583,3010,3020,2900,3010,54500
2006-02-02,2553,2975,2995,2890,2960,103500
2006-02-03,2360,2750,2960,2700,2960,96900
2006-02-06,2282,2660,2800,2560,2745,95200
2006-02-07,2308,2690,2850,2660,2665,44000
2006-02-08,2308,2690,2770,2650,2665,54700
2006-02-09,2355,2745,2745,2655,2705,58500
2006-02-10,2325,2710,2780,2695,2715,22500
2006-02-13,2244,2615,2730,2615,2725,57600
2006-02-14,2244,2615,2690,2580,2615,35100
2006-02-15,2270,2645,2720,2590,2650,50200
2006-02-16,2248,2620,2645,2570,2645,62400
2006-02-17,2265,2640,2675,2580,2675,16400
2006-02-20,2248,2620,2650,2585,2610,62300
2006-02-21,2184,2545,2630,2520,2600,239500
2006-02-22,2205,2570,2640,2545,2550,115500
2006-02-23,2205,2570,2605,2550,2585,102000
2006-02-24,2282,2660,2730,2560,2575,103200
2006-02-27,2428,2830,2830,2635,2680,83700
2006-02-28,2531,2950,2950,2790,2840,121100
2006-03-02,2536,2955,3080,2890,2975,109600
2006-03-03,2360,2750,2980,2750,2980,64200
2006-03-06,2317,2700,2750,2670,2725,116100
2006-03-07,2351,2740,2830,2680,2690,97500
2006-03-08,2274,2650,2740,2600,2705,61200
2006-03-09,2325,2710,2715,2660,2670,86500
2006-03-10,2317,2700,2715,2660,2660,81100
2006-03-13,2385,2780,2785,2700,2700,119600
2006-03-14,2403,2800,2850,2750,2800,61400
2006-03-15,2600,3030,3170,2780,2800,267300
2006-03-16,2626,3060,3130,2935,3000,221400
2006-03-17,2591,3020,3100,2965,3100,57200
2006-03-20,2536,2955,3180,2845,2910,208000
2006-03-21,2557,2980,3000,2920,2970,84200
2006-03-22,2415,2815,2975,2800,2975,132800
2006-03-23,2450,2855,2915,2810,2815,65800
2006-03-24,2557,2980,2980,2840,2840,81700
2006-03-27,2647,3085,3140,2910,2980,181200
2006-03-28,2643,3080,3140,3030,3030,77900
2006-03-29,2669,3110,3125,2950,3030,145800
2006-03-30,2716,3165,3310,3030,3150,409100
2006-03-31,2823,3290,3300,3110,3145,387000
2006-04-03,2840,3310,3370,3255,3340,258800
2006-04-04,2866,3340,3345,3220,3270,144300
2006-04-05,2832,3300,3360,3260,3315,100600
2006-04-06,2772,3230,3350,3220,3250,74200
2006-04-07,2677,3120,3280,3100,3230,179100
2006-04-10,2832,3300,3450,3130,3155,326900
2006-04-11,2819,3285,3380,3170,3300,93500
2006-04-12,2883,3360,3420,3185,3220,123600
2006-04-13,2896,3375,3425,3275,3310,178300
2006-04-14,2939,3425,3490,3350,3360,162300
2006-04-17,2845,3315,3425,3310,3400,67500
2006-04-18,2759,3215,3330,3170,3260,108500
2006-04-19,2720,3170,3265,3155,3225,82100
2006-04-20,2609,3040,3220,3030,3130,82400
2006-04-21,2651,3090,3150,3030,3035,74800
2006-04-24,2694,3140,3285,3040,3100,108100
2006-04-25,2643,3080,3185,3080,3120,50000
2006-04-26,2613,3045,3130,3000,3110,92500
2006-04-27,2553,2975,3045,2975,3020,54800
2006-04-28,2445,2850,3000,2850,2935,92700
2006-05-02,2488,2900,2970,2815,2850,49700
2006-05-03,2488,2900,2950,2870,2910,34300
2006-05-04,2488,2900,2950,2860,2900,27300
2006-05-08,2488,2900,2960,2890,2950,39000
2006-05-09,2347,2735,2910,2710,2850,117100
2006-05-10,2261,2635,2750,2615,2750,116400
2006-05-11,2317,2700,2765,2610,2640,74400
2006-05-12,2433,2835,2885,2640,2640,112700
2006-05-15,2407,2805,2870,2780,2800,29800
2006-05-16,2617,3050,3100,2800,2810,137100
2006-05-17,2566,2990,3050,2960,3000,49500
2006-05-18,2703,3150,3150,2850,2995,49100
2006-05-19,2634,3070,3090,3010,3090,17000
2006-05-22,2514,2930,3020,2930,3015,27600
2006-05-23,2488,2900,2950,2870,2885,32300
2006-05-24,2471,2880,2940,2880,2880,12100
2006-05-25,2454,2860,2930,2855,2855,22300
2006-05-26,2583,3010,3020,2860,2860,66000
2006-05-29,2553,2975,3080,2970,3080,13900
2006-05-30,2548,2970,3030,2925,3030,500
2006-06-01,2415,2815,2950,2815,2900,17700
2006-06-02,2403,2800,2880,2740,2825,22000
2006-06-05,2334,2720,2870,2720,2870,17400
2006-06-07,2274,2650,2705,2520,2650,33600
2006-06-08,2274,2650,2650,2550,2650,55400
2006-06-09,2372,2765,2765,2670,2745,28600
2006-06-12,2295,2675,2745,2665,2745,18900
2006-06-13,2295,2675,2745,2600,2670,6000
2006-06-14,2291,2670,2700,2585,2700,4100
2006-06-15,2257,2630,2715,2630,2670,10500
2006-06-16,2312,2695,2750,2640,2655,9600
2006-06-19,2179,2540,2645,2400,2400,34700
2006-06-20,2179,2540,2585,2515,2515,30600
2006-06-21,2248,2620,2630,2510,2510,23900
2006-06-22,2304,2685,2690,2620,2620,71400
2006-06-23,2304,2685,2755,2600,2600,19800
2006-06-26,2304,2685,2695,2605,2630,18900
2006-06-27,2291,2670,2990,2650,2650,19300
2006-06-28,2282,2660,2730,2630,2630,30100
2006-06-29,2270,2645,2810,2605,2660,73800
2006-06-30,2381,2775,2775,2635,2635,49800
2006-07-03,2407,2805,2880,2705,2710,18600
2006-07-04,2471,2880,2880,2780,2780,38600
2006-07-05,2454,2860,2910,2690,2910,9000
2006-07-06,2372,2765,2895,2765,2765,8900
2006-07-07,2321,2705,2850,2700,2850,16300
2006-07-10,2325,2710,2750,2655,2660,13900
2006-07-11,2308,2690,2760,2640,2755,48200
2006-07-12,2291,2670,2700,2635,2690,65900
2006-07-13,2308,2690,2690,2625,2630,12300
2006-07-14,2291,2670,2690,2580,2650,42500
2006-07-18,2282,2660,2670,2605,2670,1300
2006-07-19,2274,2650,2735,2610,2610,27500
2006-07-20,2334,2720,2775,2650,2775,6000
2006-07-21,2351,2740,2785,2655,2780,1700
2006-07-24,2317,2700,2770,2655,2770,3000
2006-07-25,2235,2605,2735,2605,2700,26200
2006-07-26,2360,2750,2820,2580,2595,443900
2006-07-27,2403,2800,2875,2725,2780,130200
2006-07-28,2377,2770,2840,2680,2840,46000
2006-07-31,2377,2770,2820,2750,2800,60900
2006-08-01,2351,2740,2795,2700,2710,57700
2006-08-02,2377,2770,2820,2715,2770,18300
2006-08-03,2403,2800,2835,2750,2815,183900
2006-08-04,2398,2795,2850,2765,2845,21600
2006-08-07,2445,2850,2875,2730,2770,100600
2006-08-08,2523,2940,3030,2800,2830,117400
2006-08-09,2523,2940,2950,2850,2915,141900
2006-08-10,2518,2935,2970,2890,2910,25400
2006-08-11,2484,2895,2990,2835,2930,69800
2006-08-14,2394,2790,2885,2770,2870,52600
2006-08-16,2488,2900,2930,2780,2800,47300
2006-08-17,2583,3010,3090,2905,2930,121200
2006-08-18,2583,3010,3080,2960,3080,60300
2006-08-21,2746,3200,3215,3010,3010,180300
2006-08-22,2797,3260,3265,3170,3245,76400
2006-08-23,2832,3300,3330,3130,3260,58300
2006-08-24,2883,3360,3395,3205,3205,102000
2006-08-25,2917,3400,3400,3340,3360,65400
2006-08-28,2909,3390,3410,3290,3410,71500
2006-08-29,2875,3350,3410,3320,3395,24100
2006-08-30,2832,3300,3360,3210,3300,71500
2006-08-31,2780,3240,3295,3100,3250,137700
2006-09-01,2789,3250,3250,3150,3240,41900
2006-09-04,2754,3210,3295,3210,3250,32100
2006-09-05,2763,3220,3230,3150,3205,12900
2006-09-06,2754,3210,3220,3150,3165,10900
2006-09-07,2845,3315,3330,3115,3185,108300
2006-09-08,2892,3370,3370,3230,3230,73800
2006-09-11,2875,3350,3405,3310,3340,115000
2006-09-12,2827,3295,3400,3195,3310,66500
2006-09-13,2814,3280,3320,3255,3280,22800
2006-09-14,2793,3255,3370,3250,3350,76100
2006-09-15,2746,3200,3325,3110,3250,103500
2006-09-18,2746,3200,3230,3155,3230,65300
2006-09-19,2686,3130,3200,3110,3200,56300
2006-09-20,2720,3170,3170,3085,3135,64100
2006-09-21,2660,3100,3200,3100,3160,21400
2006-09-22,2681,3125,3135,3020,3100,46300
2006-09-25,2647,3085,3155,3050,3090,9700
2006-09-26,2643,3080,3130,3050,3100,12800
2006-09-27,2669,3110,3145,3080,3080,72900
2006-09-28,2621,3055,3130,3020,3075,23900
2006-09-29,2617,3050,3090,3030,3070,13800
2006-10-02,2600,3030,3060,2970,3060,20100
2006-10-04,2604,3035,3035,2965,3030,12000
2006-10-09,2360,2750,3025,2680,2965,84200
2006-10-10,2411,2810,2890,2730,2740,60000
2006-10-11,2377,2770,2840,2740,2840,69100
2006-10-12,2450,2855,2870,2750,2770,36300
2006-10-13,2506,2920,2975,2855,2900,36600
2006-10-16,2523,2940,2970,2890,2920,30600
2006-10-17,2553,2975,3000,2900,2975,44100
2006-10-18,2574,3000,3000,2930,2960,43300
2006-10-19,2574,3000,3035,2965,2965,25700
2006-10-20,2566,2990,3040,2935,3040,17200
2006-10-23,2536,2955,3025,2955,2960,11700
2006-10-24,2566,2990,3030,2970,3000,16700
2006-10-25,2553,2975,3050,2975,2990,15900
2006-10-26,2574,3000,3050,2970,3045,12200
2006-10-27,2591,3020,3025,2950,3005,49700
2006-10-30,2574,3000,3035,2980,3035,3100
2006-10-31,2634,3070,3070,2960,3000,27800
2006-11-01,2600,3030,3095,2995,3070,96000
2006-11-02,2634,3070,3080,3000,3030,84100
2006-11-03,2626,3060,3120,3050,3070,127200
2006-11-06,2600,3030,3060,2985,3055,83900
2006-11-07,2609,3040,3100,3040,3100,45300
2006-11-08,2561,2985,3075,2975,3050,55400
2006-11-09,2617,3050,3065,2995,3065,45800
2006-11-10,2660,3100,3105,3035,3085,142700
2006-11-13,2703,3150,3250,3095,3115,112800
2006-11-14,2806,3270,3270,3150,3180,91000
2006-11-15,2806,3270,3320,3245,3275,75700
2006-11-16,2810,3275,3285,3225,3275,33400
2006-11-17,2802,3265,3320,3230,3320,16300
2006-11-20,2789,3250,3300,3155,3270,31800
2006-11-21,2784,3245,3245,3140,3245,20900
2006-11-22,2797,3260,3280,3200,3230,12700
2006-11-23,2759,3215,3295,3165,3290,20900
2006-11-24,2729,3180,3275,3130,3275,24900
2006-11-27,2870,3345,3350,3170,3180,138900
2006-11-28,2973,3465,3535,3270,3330,194600
2006-11-29,2960,3450,3495,3400,3465,50900
2006-11-30,2956,3445,3545,3420,3545,75600
2006-12-01,2913,3395,3465,3320,3445,82000
2006-12-04,2943,3430,3430,3300,3395,52200
2006-12-05,2943,3430,3450,3375,3405,42900
2006-12-06,2900,3380,3440,3325,3430,31300
2006-12-07,2870,3345,3390,3315,3325,109800
2006-12-08,2754,3210,3350,3210,3325,69200
2006-12-11,2617,3050,3550,3050,3210,223600
2006-12-12,2523,2940,3040,2810,3035,173400
2006-12-13,2548,2970,2970,2890,2965,37600
2006-12-14,2621,3055,3055,2940,2940,53500
2006-12-15,2570,2995,3100,2930,3020,101100
2006-12-18,2570,2995,3040,2980,2990,63300
2006-12-19,2536,2955,3020,2925,3015,114900
2006-12-20,2506,2920,2995,2885,2955,116900
2006-12-21,2626,3060,3180,2855,2920,569100
2006-12-22,2729,3180,3180,3095,3115,230200
2006-12-26,2814,3280,3280,3180,3195,232200
2006-12-27,2660,3100,3100,2940,2950,36500
2006-12-28,2574,3000,3100,3000,3100,26600
2007-01-02,2510,2925,3000,2885,3000,31800
2007-01-03,2523,2940,2950,2870,2900,38900
2007-01-04,2518,2935,2960,2880,2880,24300
2007-01-05,2536,2955,2960,2880,2900,37400
2007-01-08,2514,2930,2985,2900,2985,26800
2007-01-09,2518,2935,2945,2910,2940,34200
2007-01-10,2454,2860,2925,2805,2900,27200
2007-01-11,2488,2900,2915,2830,2870,30600
2007-01-12,2514,2930,2930,2855,2900,55000
2007-01-15,2480,2890,2925,2880,2925,25900
2007-01-16,2428,2830,2895,2820,2890,21100
2007-01-17,2445,2850,2890,2820,2890,15400
2007-01-18,2445,2850,2925,2840,2860,51600
2007-01-19,2428,2830,2925,2725,2850,50600
2007-01-22,2428,2830,2870,2750,2785,86600
2007-01-23,2351,2740,2830,2730,2830,20700
2007-01-24,2317,2700,2780,2660,2660,22800
2007-01-25,2360,2750,2750,2700,2700,9200
2007-01-26,2360,2750,2795,2715,2750,8800
2007-01-29,2385,2780,2815,2715,2775,18000
2007-01-30,2415,2815,2815,2725,2725,16900
2007-01-31,2360,2750,2850,2750,2850,4500
2007-02-01,2403,2800,2835,2750,2800,27000
2007-02-02,2445,2850,2850,2780,2800,36200
2007-02-05,2274,2650,2665,2570,2630,40900
2007-02-06,2265,2640,2680,2600,2680,11500
2007-02-07,2231,2600,2630,2590,2590,16500
2007-02-08,2205,2570,2630,2525,2630,51400
2007-02-09,2222,2590,2600,2485,2550,37800
2007-02-12,2278,2655,2700,2450,2515,168500
2007-02-13,2257,2630,2670,2550,2640,86000
2007-02-14,2257,2630,2650,2575,2585,92800
2007-02-15,2270,2645,2675,2610,2635,72300
2007-02-16,2248,2620,2660,2580,2660,60800
2007-02-20,2244,2615,2625,2570,2625,53700
2007-02-21,2287,2665,2665,2570,2615,52400
2007-02-22,2385,2780,2845,2665,2665,120900
2007-02-23,2411,2810,2830,2720,2750,82200
2007-02-26,2411,2810,2910,2805,2860,186000
2007-02-27,2475,2885,2920,2760,2800,206700
2007-02-28,2394,2790,2845,2745,2755,163000
2007-03-05,2321,2705,2820,2675,2780,257300
2007-03-06,2372,2765,2780,2660,2705,96700
2007-03-07,2360,2750,2795,2725,2795,153300
2007-03-08,2347,2735,2770,2705,2730,73300
2007-03-09,2441,2845,2860,2760,2770,168200
2007-03-12,2454,2860,2885,2825,2845,135500
2007-03-13,2454,2860,2865,2830,2835,130200
2007-03-14,2437,2840,2855,2780,2810,89900
2007-03-15,2600,3030,3075,2840,2860,295900
2007-03-16,2609,3040,3055,2980,3035,138100
2007-03-19,2694,3140,3155,3045,3045,319600
2007-03-20,2716,3165,3240,3070,3240,359300
2007-03-21,2694,3140,3170,3090,3170,143200
2007-03-22,2746,3200,3450,3175,3235,881400
2007-03-23,2677,3120,3225,3090,3220,254800
2007-03-26,2789,3250,3250,3100,3110,263800
2007-03-27,2780,3240,3280,3140,3225,238900
2007-03-28,2840,3310,3430,3215,3225,396700
2007-03-29,2832,3300,3340,3215,3320,146200
2007-03-30,2917,3400,3475,3275,3300,349900
2007-04-02,2917,3400,3550,3370,3430,405200
2007-04-03,3016,3515,3515,3370,3400,299900
2007-04-04,3209,3740,3825,3545,3545,983300
2007-04-05,3385,3945,4000,3840,3850,636100
2007-04-06,3518,4100,4100,3910,3990,508400
2007-04-09,3776,4400,4510,4165,4200,1184700
2007-04-10,3819,4450,4585,4165,4510,796000
2007-04-11,3591,4185,4500,4160,4500,751700
2007-04-12,3647,4250,4310,4100,4105,433600
2007-04-13,3677,4285,4295,4100,4220,244800
2007-04-16,3690,4300,4440,4275,4370,289300
2007-04-17,3548,4135,4310,4110,4310,274600
2007-04-18,3411,3975,4200,3880,4120,376000
2007-04-19,3411,3975,4200,3880,4020,338100
2007-04-20,3613,4210,4220,3975,3975,279200
2007-04-23,4153,4840,4840,4370,4380,1914300
2007-04-24,4368,5090,5410,4670,4850,1338300
2007-04-25,4685,5460,5460,5080,5220,687700
2007-04-26,4488,5230,5560,5110,5550,648000
2007-04-27,4231,4930,5250,4690,5250,448800
2007-04-30,4205,4900,4900,4650,4720,333900
2007-05-02,4291,5000,5050,4815,5050,340200
2007-05-03,4625,5390,5480,4920,4950,404200
2007-05-04,4806,5600,5880,5500,5500,483600
2007-05-07,4891,5700,5880,5600,5600,217200
2007-05-08,4703,5480,5790,5420,5750,191800
2007-05-09,4625,5390,5630,5360,5450,142100
2007-05-10,4951,5770,5860,5350,5500,421700
2007-05-11,4951,5770,6050,5690,5790,472300
2007-05-14,4891,5700,5930,5500,5750,280100
2007-05-15,4471,5210,5790,5150,5790,313600
2007-05-16,4574,5330,5450,5200,5250,178400
2007-05-17,4814,5610,5610,5280,5390,287800
2007-05-18,4814,5610,5750,5430,5600,127400
2007-05-21,4814,5610,5610,5300,5490,176100
2007-05-22,4857,5660,5740,5430,5610,198600
2007-05-23,4891,5700,5750,5510,5580,188700
2007-05-25,4823,5620,5690,5460,5690,197000
2007-05-28,4685,5460,5800,5460,5670,178900
2007-05-29,4651,5420,5590,5320,5460,205400
2007-05-30,4462,5200,5500,5050,5430,272500
2007-05-31,4419,5150,5330,5070,5300,246600
2007-06-01,4299,5010,5200,5000,5190,326000
2007-06-04,4115,4795,5070,4730,4900,276500
2007-06-05,4342,5060,5290,4745,4780,291300
2007-06-07,4462,5200,5400,5100,5200,167900
2007-06-08,4351,5070,5240,4965,5110,95900
2007-06-11,4243,4945,5200,4750,5100,170500
2007-06-12,4282,4990,5150,4960,4970,133100
2007-06-13,4205,4900,5030,4845,4895,142800
2007-06-14,4299,5010,5140,4850,4940,192800
2007-06-15,4351,5070,5250,5010,5090,178900
2007-06-18,4831,5630,5750,5240,5370,365600
2007-06-19,5003,5830,6070,5750,5760,434600
2007-06-20,4600,5360,5960,5360,5910,241600
2007-06-21,4909,5720,5720,5310,5360,167700
2007-06-22,4848,5650,5900,5600,5900,192200
2007-06-25,4660,5430,5650,5350,5510,138800
2007-06-26,4437,5170,5540,5070,5450,177700
2007-06-27,4428,5160,5330,5120,5120,127300
2007-06-28,4505,5250,5330,5100,5280,79300
2007-06-29,4505,5250,5440,5210,5330,92400
2007-07-02,4720,5500,5560,5200,5340,78800
2007-07-03,4711,5490,5740,5370,5590,151100
2007-07-04,4711,5490,5640,5400,5600,211600
2007-07-05,4634,5400,5650,5280,5550,253100
2007-07-06,4522,5270,5530,5260,5400,180800
2007-07-09,4488,5230,5420,5130,5330,258000
2007-07-10,4505,5250,5380,5170,5260,90000
2007-07-11,4531,5280,5450,5150,5200,141900
2007-07-12,4531,5280,5400,5200,5350,138100
2007-07-13,4376,5100,5390,5030,5330,260000
2007-07-16,4218,4915,5230,4890,5100,225300
2007-07-18,4248,4950,5090,4915,4950,152500
2007-07-19,4763,5550,5660,5000,5000,517600
2007-07-20,4720,5500,5680,5330,5620,253600
2007-07-23,5423,6320,6320,5640,5650,1167500
2007-07-24,5303,6180,6790,6000,6400,1237800
2007-07-25,5870,6840,7050,5960,6100,742800
2007-07-26,5587,6510,7000,6510,6990,297500
2007-07-27,5741,6690,6900,6000,6390,615100
2007-07-30,6093,7100,7190,6660,6790,566100
2007-07-31,5938,6920,7310,6890,7250,450300
2007-08-01,5835,6800,7120,6730,6950,283600
2007-08-02,6230,7260,7380,6820,6820,711800
2007-08-03,6702,7810,8310,7400,7400,851700
2007-08-06,6754,7870,8030,7520,7520,322200
2007-08-07,7286,8490,8780,7910,7910,536000
2007-08-08,7552,8800,8950,8400,8710,473000
2007-08-09,7612,8870,9300,8730,9050,323400
2007-08-10,7535,8780,8940,8430,8690,322500
2007-08-14,6410,7470,8390,7180,8300,728200
2007-08-16,5449,6350,6900,6350,6900,435400
2007-08-17,5046,5880,6500,5730,6360,406600
2007-08-20,5801,6760,6760,6420,6550,334500
2007-08-21,6213,7240,7460,6900,7170,576200
2007-08-22,6204,7230,7570,7130,7370,283900
2007-08-23,6093,7100,7740,6950,7500,337600
2007-08-24,6110,7120,7270,7090,7100,210200
2007-08-27,6265,7300,7670,7300,7440,290300
2007-08-28,6505,7580,7630,7200,7370,312900
2007-08-29,6471,7540,7560,7230,7280,293400
2007-08-30,6350,7400,7930,7400,7930,205100
2007-08-31,6350,7400,7530,7380,7380,135700
2007-09-03,6453,7520,7550,7260,7460,215900
2007-09-04,6325,7370,7680,7340,7500,198100
2007-09-05,6565,7650,7720,7400,7470,303800
2007-09-06,6994,8150,8190,7610,7690,855600
2007-09-07,7397,8620,9220,8200,8220,972000
2007-09-10,6865,8000,8500,7900,8350,477200
2007-09-11,7243,8440,8470,7850,8140,529900
2007-09-12,6951,8100,8750,8080,8500,405400
2007-09-13,7123,8300,8340,8050,8100,197000
2007-09-14,7209,8400,8530,8240,8390,199800
2007-09-17,6985,8140,8500,8140,8500,174000
2007-09-18,6737,7850,8140,7850,8140,236600
2007-09-19,6771,7890,8200,7890,8180,192400
2007-09-20,6625,7720,8080,7700,7900,193100
2007-09-21,6565,7650,7710,7400,7610,281700
2007-09-27,6410,7470,7780,7460,7720,195800
2007-09-28,6179,7200,7570,7200,7360,173300
2007-10-01,6711,7820,7970,7320,7320,260600
2007-10-02,7037,8200,8200,7700,8050,301100
2007-10-04,7028,8190,8270,8010,8270,163200
2007-10-05,6908,8050,8300,8020,8300,198800
2007-10-08,6505,7580,8190,7580,8070,334600
2007-10-09,6436,7500,7820,7360,7580,213600
2007-10-10,6599,7690,7890,7500,7700,176700
2007-10-11,7054,8220,8440,7790,7890,434300
2007-10-12,6668,7770,8410,7750,8200,359400
2007-10-15,6513,7590,7920,7500,7900,198800
2007-10-16,6222,7250,7650,7210,7630,320200
2007-10-17,6067,7070,7250,6730,7200,222200
2007-10-18,6342,7390,7420,7020,7100,242800
2007-10-19,6350,7400,7490,7170,7330,97200
2007-10-22,6033,7030,7100,6720,6720,109100
2007-10-23,6136,7150,7270,6900,7150,120300
2007-10-24,5870,6840,7290,6820,7290,141900
2007-10-25,5629,6560,7070,6340,6840,298900
2007-10-26,6162,7180,7200,6400,6510,272900
2007-10-29,6016,7010,7100,6860,7070,162100
2007-10-30,6016,7010,7220,6550,6810,311600
2007-10-31,5921,6900,7200,6820,7200,100300
2007-11-01,6007,7000,7000,6640,7000,174200
2007-11-02,5492,6400,6840,6400,6840,316900
2007-11-05,5235,6100,6480,5950,6480,193200
2007-11-06,5149,6000,6260,5950,5950,123200
2007-11-07,4934,5750,6150,5720,6100,217500
2007-11-08,4917,5730,5850,5390,5390,173300
2007-11-09,5003,5830,5850,5430,5750,179000
2007-11-12,4625,5390,5700,5100,5620,271500
2007-11-13,4634,5400,5440,5020,5360,261900
2007-11-14,4720,5500,5670,5400,5480,153900
2007-11-15,4548,5300,5540,5130,5500,165900
2007-11-16,4419,5150,5290,5080,5130,139800
2007-11-19,4780,5570,5750,5120,5210,323600
2007-11-20,4960,5780,5870,5320,5470,382200
2007-11-21,4806,5600,6010,5600,5800,267200
2007-11-22,4737,5520,5750,5390,5420,151000
2007-11-23,4848,5650,5810,5300,5530,317400
2007-11-26,4848,5650,5830,5540,5800,163500
2007-11-27,5046,5880,5910,5500,5600,147200
2007-11-28,4814,5610,6000,5610,6000,139200
2007-11-29,4728,5510,5730,5210,5600,315500
2007-11-30,4891,5700,5700,5460,5600,100300
2007-12-03,4891,5700,5790,5600,5790,86700
2007-12-04,5406,6300,6440,5620,5650,329500
2007-12-05,5896,6870,7050,6290,6300,743400
2007-12-06,5801,6760,7100,6750,7010,210400
2007-12-07,5775,6730,6900,6550,6840,134300
2007-12-10,6170,7190,7310,6610,6790,383600
2007-12-11,6059,7060,7330,7020,7190,248500
2007-12-12,6093,7100,7220,6750,7000,189500
2007-12-13,6093,7100,7250,6920,7100,93600
2007-12-14,6119,7130,7250,6940,7100,100500
2007-12-17,6410,7470,7470,6990,7100,180900
2007-12-18,6608,7700,7880,7370,7570,414200
2007-12-20,6556,7640,8010,7600,7840,209400
2007-12-21,6556,7640,7880,7500,7700,141200
2007-12-24,6376,7430,7780,7430,7700,125400
2007-12-26,6084,7090,7620,6320,7300,137400
2007-12-27,6179,7200,7290,7020,7290,63100
2007-12-28,6685,7790,7790,7100,7200,131959
2008-01-02,6651,7750,8070,7700,7790,100760
2008-01-03,6531,7610,7800,7500,7700,71621
2008-01-04,6436,7500,7980,7500,7750,118962
2008-01-07,6204,7230,7520,7180,7340,115857
2008-01-08,5981,6970,7430,6950,7230,166200
2008-01-09,5750,6700,6970,6670,6970,182049
2008-01-10,5930,6910,6990,6780,6800,71196
2008-01-11,5921,6900,7250,6890,6930,91958
2008-01-14,5750,6700,7100,6630,7010,67056
2008-01-15,5578,6500,6800,6210,6580,145852
2008-01-16,5278,6150,6400,6150,6300,85484
2008-01-17,5406,6300,6300,6000,6050,84146
2008-01-18,5381,6270,6300,6000,6200,61912
2008-01-21,5149,6000,6300,6000,6300,41023
2008-01-22,4960,5780,5880,5120,5790,155950
2008-01-23,4994,5820,5890,5580,5780,116548
2008-01-24,5243,6110,6300,5900,6190,168773
2008-01-25,5295,6170,6390,6060,6200,237463
2008-01-28,5200,6060,6260,6020,6180,151866
2008-01-29,5106,5950,6300,5910,6250,110917
2008-01-30,4728,5510,6090,5450,6090,215351
2008-01-31,4969,5790,5980,5350,5450,192691
2008-02-01,4900,5710,5940,5690,5940,66147
2008-02-04,5338,6220,6220,5820,5820,142994
2008-02-05,5458,6360,6390,6110,6120,68913
2008-02-11,5406,6300,6490,6200,6390,148424
2008-02-12,5750,6700,6850,6360,6360,299419
2008-02-13,5750,6700,7100,6700,6890,202587
2008-02-14,5913,6890,7030,6800,6950,146484
2008-02-15,5964,6950,7060,6830,6890,114994
2008-02-18,6136,7150,7250,7030,7250,127148
2008-02-19,6016,7010,7360,6860,7200,302683
2008-02-20,5921,6900,7050,6730,6950,101479
2008-02-21,5999,6990,7030,6890,6930,102913
2008-02-22,5921,6900,6950,6820,6950,53084
2008-02-25,5930,6910,7170,6910,7000,108369
2008-02-26,5990,6980,7060,6880,6930,54335
2008-02-27,5853,6820,7060,6750,7060,123177
2008-02-28,5921,6900,6960,6770,6780,55072
2008-02-29,6007,7000,7030,6830,6900,70302
2008-03-03,5853,6820,6900,6730,6850,100109
2008-03-04,5853,6820,6940,6800,6800,43732
2008-03-05,5835,6800,6900,6650,6900,77818
2008-03-06,6007,7000,7050,6750,6800,118994
2008-03-07,6016,7010,7010,6820,6990,48239
2008-03-10,5930,6910,7100,6810,6920,106207
2008-03-11,5938,6920,6960,6700,6800,46219
2008-03-12,6144,7160,7320,7010,7010,168037
2008-03-13,6144,7160,7390,7150,7250,205436
2008-03-14,6093,7100,7300,6850,7280,155110
2008-03-17,5956,6940,7040,6770,6900,63900
2008-03-18,6007,7000,7040,6900,6900,62895
2008-03-19,6179,7200,7350,7110,7350,72870
2008-03-20,6204,7230,7270,7050,7050,72282
2008-03-21,6548,7630,7670,7230,7230,266109
2008-03-24,6488,7560,7770,7450,7660,118756
2008-03-25,6350,7400,7690,7300,7620,166033
2008-03-26,6196,7220,7550,7100,7420,147412
2008-03-27,6144,7160,7240,6930,7240,161386
2008-03-28,6428,7490,7580,7070,7150,184930
2008-03-31,6591,7680,7680,7330,7600,114992
2008-04-01,6393,7450,7640,7380,7560,91609
2008-04-02,6307,7350,7580,7310,7500,96767
2008-04-03,6162,7180,7350,7120,7310,127745
2008-04-04,6179,7200,7300,6980,7180,103368
2008-04-07,6136,7150,7270,7070,7200,48456
2008-04-08,6041,7040,7200,7040,7100,49990
2008-04-10,5981,6970,7050,6960,7050,67306
2008-04-11,5990,6980,7100,6840,7100,55486
2008-04-14,5904,6880,7000,6830,6910,50075
2008-04-15,5861,6830,6920,6730,6830,80484
2008-04-16,6016,7010,7010,6800,6830,48169
2008-04-17,5930,6910,7050,6850,7030,41537
2008-04-18,5835,6800,7000,6680,6910,117125
2008-04-21,5853,6820,6870,6730,6810,55896
2008-04-22,5492,6400,6870,6360,6820,198678
2008-04-23,5398,6290,6700,6290,6410,257452
2008-04-24,5441,6340,6410,6250,6370,146942
2008-04-25,5621,6550,6780,5830,5900,574980
2008-04-28,5621,6550,6650,6410,6640,137839
2008-04-29,5621,6550,6790,6540,6600,108799
2008-04-30,5741,6690,6690,6480,6480,110698
2008-05-02,5698,6640,6750,6620,6690,148197
2008-05-06,5981,6970,6970,6500,6580,163855
2008-05-07,6187,7210,7250,6950,7050,180582
2008-05-08,6333,7380,7490,7100,7200,243140
2008-05-09,6505,7580,7680,7360,7430,250089
2008-05-13,6779,7900,7930,7580,7580,255728
2008-05-14,6625,7720,7970,7620,7970,102233
2008-05-15,6368,7420,7880,7350,7660,164132
2008-05-16,6539,7620,7900,7360,7410,118341
2008-05-19,6282,7320,7800,7260,7570,186095
2008-05-20,6179,7200,7500,6980,7310,165166
2008-05-21,5999,6990,7130,6890,7000,141203
2008-05-22,5904,6880,6990,6860,6880,58203
2008-05-23,5835,6800,7140,6780,6860,154833
2008-05-26,5526,6440,6780,6310,6710,154473
2008-05-27,5398,6290,6490,6140,6440,157377
2008-05-28,5321,6200,6450,6180,6350,210334
2008-05-29,5621,6550,6710,6220,6220,238745
2008-05-30,5861,6830,6890,6430,6430,114619
2008-06-02,6187,7210,7310,6560,6850,323657
2008-06-03,6187,7210,7280,7120,7150,205098
2008-06-04,6368,7420,7450,7200,7200,222673
2008-06-05,6265,7300,7420,7060,7360,120315
2008-06-09,6179,7200,7360,6920,7100,127472
2008-06-10,6265,7300,7400,7180,7340,216436
2008-06-11,6273,7310,7390,7230,7390,107951
2008-06-12,6007,7000,7290,6960,7200,155332
2008-06-13,5981,6970,7120,6700,7000,157307
2008-06-16,5981,6970,7020,6850,6970,66261
2008-06-17,5870,6840,7040,6750,6980,72021
2008-06-18,5870,6840,6900,6570,6720,149029
2008-06-19,5647,6580,6780,6580,6780,120288
2008-06-20,5767,6720,6990,6450,6600,130929
2008-06-23,5870,6840,6950,6550,6700,75625
2008-06-24,5741,6690,6970,6600,6870,83700
2008-06-25,5956,6940,6940,6700,6700,123896
2008-06-26,6007,7000,7090,6860,7020,92737
2008-06-27,5861,6830,6850,6730,6850,67957
2008-06-30,5690,6630,6740,6600,6730,76210
2008-07-01,5466,6370,6800,6360,6580,141760
2008-07-02,5012,5840,6420,5420,6300,339990
2008-07-03,5638,6570,6660,5700,5700,172583
2008-07-04,5535,6450,6650,6400,6650,70285
2008-07-07,5518,6430,6450,6160,6330,53281
2008-07-08,5655,6590,6720,6400,6450,206988
2008-07-09,5930,6910,7020,6660,6700,211951
2008-07-10,6179,7200,7220,6810,6950,173495
2008-07-11,6282,7320,7400,7070,7250,165707
2008-07-14,6222,7250,7420,7010,7320,183606
2008-07-15,6110,7120,7320,7070,7320,137882
2008-07-16,6110,7120,7220,6870,7110,195614
2008-07-17,6471,7540,7550,7240,7250,220082
2008-07-18,6694,7800,7930,7540,7690,401391
2008-07-21,6711,7820,8140,7630,7900,217729
2008-07-22,7080,8250,8250,7650,7690,812694
2008-07-23,7818,9110,9480,8220,8500,1018987
2008-07-24,7766,9050,9720,8820,9270,1168074
2008-07-25,7655,8920,9310,8750,9060,337854
2008-07-28,7964,9280,9280,8810,9030,488685
2008-07-29,7526,8770,9270,8610,9110,321300
2008-07-30,8238,9600,9750,8940,9050,440900
2008-07-31,8307,9680,9990,9550,9800,439100
2008-08-01,8290,9660,9780,9200,9420,214600
2008-08-04,8178,9530,9940,9510,9690,183300
2008-08-05,7638,8900,9530,8850,9460,312900
2008-08-06,7904,9210,9360,9050,9050,169600
2008-08-07,8625,10050,10100,9210,9300,470700
2008-08-08,8582,10000,10300,9850,10200,286100
2008-08-11,8436,9830,10200,9650,10100,130000
2008-08-12,7947,9260,9930,9110,9600,306000
2008-08-13,7981,9300,9300,8730,9160,235800
2008-08-14,8084,9420,9450,9150,9290,129400
2008-08-18,8067,9400,9730,9400,9460,205325
2008-08-19,7887,9190,9360,9000,9250,91024
2008-08-20,7904,9210,9360,9080,9100,110337
2008-08-21,7809,9100,9380,9100,9380,115626
2008-08-22,7724,9000,9050,8370,9050,172679
2008-08-25,7732,9010,9350,9000,9110,77266
2008-08-26,7724,9000,9100,8630,8660,68866
2008-08-27,7724,9000,9140,8760,9070,71955
2008-08-28,7638,8900,9150,8890,9150,41737
2008-08-29,7612,8870,9050,8620,9050,50254
2008-09-01,6471,7540,8850,7540,8850,304578
2008-09-02,5509,6420,7740,6410,7330,553776
2008-09-03,6239,7270,7270,6550,6600,344766
2008-09-04,6513,7590,8050,7300,7430,207070
2008-09-05,6376,7430,7600,7160,7160,80251
2008-09-08,6779,7900,8010,7610,7780,124189
2008-09-09,6908,8050,8120,7580,7850,111369
2008-09-10,7054,8220,8450,7860,7970,84262
2008-09-11,7183,8370,8580,8240,8300,84930
2008-09-12,7389,8610,8820,8450,8640,122158
2008-09-16,6840,7970,8090,7520,7520,199861
2008-09-17,7080,8250,8570,8250,8380,88942
2008-09-18,6814,7940,8190,7860,8000,84441
2008-09-19,6908,8050,8390,8050,8390,90796
2008-09-22,6805,7930,8350,7920,8300,114335
2008-09-23,6711,7820,7900,7630,7900,143936
2008-09-24,6565,7650,8000,7560,7770,192531
2008-09-25,6350,7400,7640,7320,7640,131413
2008-09-26,6402,7460,7640,7200,7440,146513
2008-09-29,6385,7440,7660,7370,7480,64340
2008-09-30,6153,7170,7200,6900,6950,160713
2008-10-01,6299,7340,7410,7100,7220,90554
2008-10-02,6170,7190,7430,7190,7340,43707
2008-10-06,5587,6510,6990,6490,6990,159312
2008-10-07,4986,5810,6250,5700,6200,505867
2008-10-08,4239,4940,5700,4940,5320,458938
2008-10-09,4454,5190,5510,4650,4875,417301
2008-10-10,4634,5400,5480,4420,4820,369816
2008-10-13,5149,6000,6000,5550,5650,197336
2008-10-14,5449,6350,6520,6230,6520,292738
2008-10-15,5363,6250,6450,6180,6210,94215
2008-10-16,5020,5850,5900,5480,5790,227746
2008-10-17,4823,5620,6200,5150,6200,161944
2008-10-20,4797,5590,5710,5200,5550,107576
2008-10-21,4479,5220,5850,5030,5770,93136
2008-10-22,4201,4895,5340,4760,5200,110924
2008-10-23,3578,4170,4690,4165,4550,167982
2008-10-24,3042,3545,4390,3545,4175,335219
2008-10-27,3003,3500,3680,3015,3105,318299
2008-10-28,3407,3970,3990,3260,3400,182083
2008-10-29,3347,3900,4450,3505,4200,148246
2008-10-30,3849,4485,4485,4150,4300,179831
2008-10-31,3862,4500,4795,4410,4680,240036
2008-11-03,4437,5170,5170,4510,4550,319991
2008-11-04,4548,5300,5610,5130,5400,215683
2008-11-05,4462,5200,5720,5140,5490,307938
2008-11-06,3806,4435,4900,4435,4900,179741
2008-11-07,4050,4720,4720,4085,4085,205729
2008-11-10,4411,5140,5250,4800,4800,240688
2008-11-11,4162,4850,5270,4800,5060,253384
2008-11-12,3930,4580,4775,4500,4685,154719
2008-11-13,3776,4400,4490,4000,4300,158949
2008-11-14,3819,4450,4645,4315,4600,148097
2008-11-17,3733,4350,4540,4190,4320,57473
2008-11-18,3544,4130,4420,4050,4420,85953
2008-11-19,3364,3920,4270,3920,4270,69952
2008-11-20,2862,3335,3730,3335,3730,229153
2008-11-21,2978,3470,3515,2900,3010,245574
2008-11-24,2810,3275,3530,3275,3450,185450
2008-11-25,2819,3285,3540,3160,3450,149573
2008-11-26,2956,3445,3465,3285,3360,130275
2008-11-27,2978,3470,3720,3445,3555,246001
2008-11-28,3192,3720,3850,3500,3540,320609
2008-12-01,3299,3845,3880,3520,3720,237886
2008-12-02,3295,3840,3980,3560,3570,238902
2008-12-03,3244,3780,3955,3755,3915,68618
2008-12-04,3098,3610,3840,3565,3720,76477
2008-12-05,3025,3525,3640,3500,3510,83906
2008-12-08,3214,3745,3790,3560,3560,200281
2008-12-09,3106,3620,3870,3605,3800,95192
2008-12-10,3347,3900,3960,3560,3680,199651
2008-12-11,3359,3915,4170,3870,3925,229223
2008-12-12,3050,3555,3950,3500,3830,181845
2008-12-15,3312,3860,3875,3650,3700,326774
2008-12-16,3432,4000,4040,3850,3880,389067
2008-12-17,3531,4115,4400,4000,4280,499748
2008-12-18,3647,4250,4450,4170,4295,437775
2008-12-19,4162,4850,4885,4230,4240,4586836
2008-12-22,4385,5110,5200,4760,4860,1399000
2008-12-23,4102,4780,5110,4660,5110,864424
2008-12-24,3952,4605,4930,4450,4760,848289
2008-12-26,3741,4360,4775,4320,4680,744424
2008-12-29,3746,4365,4575,4215,4400,606235
2008-12-30,3651,4255,4495,4250,4320,360372
2009-01-02,3934,4585,4845,4515,4600,809521
2009-01-05,3780,4405,4635,4405,4635,558704
2009-01-06,4085,4760,5000,4465,4520,1094739
2009-01-07,4574,5330,5350,4800,4915,2479937
2009-01-08,4720,5500,5980,5480,5900,2239650
2009-01-09,4634,5400,5740,5180,5650,1353322
2009-01-12,4299,5010,5540,5010,5290,995483
2009-01-13,4540,5290,5310,4840,4970,951117
2009-01-14,4488,5230,5560,5200,5330,1301114
2009-01-15,3866,4505,5090,4480,5010,777038
2009-01-16,4016,4680,4750,4615,4625,414956
2009-01-19,4334,5050,5070,4685,4685,484780
2009-01-20,4175,4865,5090,4840,5090,335500
2009-01-21,4016,4680,4780,4475,4495,347299
2009-01-22,4033,4700,4900,4650,4820,289148
2009-01-23,3879,4520,4690,4515,4670,156659
2009-01-28,4136,4820,4880,4660,4670,268953
2009-01-29,4115,4795,4980,4770,4850,258713
2009-01-30,4505,5250,5480,4660,4740,2770094
2009-02-02,4402,5130,5300,5040,5290,762058
2009-02-03,4419,5150,5370,5050,5150,1087797
2009-02-04,4471,5210,5290,5110,5290,744119
2009-02-05,4291,5000,5410,4970,5170,793625
2009-02-06,4342,5060,5150,4935,5120,436777
2009-02-09,4334,5050,5300,5050,5100,435115
2009-02-10,4278,4985,5160,4925,5120,364834
2009-02-11,4179,4870,4890,4700,4800,233579
2009-02-12,4334,5050,5200,4915,4915,682621
2009-02-13,4565,5320,5370,5060,5080,844595
2009-02-16,4582,5340,5630,5330,5410,1336683
2009-02-17,4059,4730,5440,4600,5360,1091672
2009-02-18,4033,4700,4980,4270,4570,1263527
2009-02-19,3797,4425,4840,4410,4705,616609
2009-02-20,3548,4135,4395,3940,4350,415568
2009-02-23,3626,4225,4280,3965,4000,329048
2009-02-24,3411,3975,4110,3960,4000,250332
2009-02-25,3381,3940,4150,3930,4120,223202
2009-02-26,3235,3770,4100,3630,4010,308234
2009-02-27,3389,3950,3950,3720,3720,227911
2009-03-02,3158,3680,3900,3635,3900,151877
2009-03-03,3029,3530,3570,3400,3430,202947
2009-03-04,3407,3970,4040,3530,3550,351987
2009-03-05,3287,3830,4120,3830,4115,296859
2009-03-06,3359,3915,3960,3660,3660,93081
2009-03-09,3518,4100,4160,4000,4020,227282
2009-03-10,3595,4190,4195,4010,4080,160105
2009-03-11,3587,4180,4370,4180,4365,246908
2009-03-12,3651,4255,4350,4150,4200,203450
2009-03-13,3647,4250,4385,4230,4310,185326
2009-03-16,3621,4220,4345,4185,4220,204977
2009-03-17,3750,4370,4450,4250,4305,311713
2009-03-18,3759,4380,4510,4365,4490,350057
2009-03-19,3647,4250,4485,4200,4460,396251
2009-03-20,3673,4280,4375,4220,4270,358750
2009-03-23,3681,4290,4295,4240,4290,27582
2009-03-24,4016,4680,4680,4380,4415,1016910
2009-03-25,4106,4785,4810,4570,4720,700764
2009-03-26,4248,4950,4950,4645,4790,668579
2009-03-27,4316,5030,5140,4910,4955,1009665
2009-03-30,3947,4600,5080,4560,5030,483967
2009-03-31,4540,5290,5290,4630,4630,1138600
2009-04-01,4823,5620,5840,5200,5390,2249751
2009-04-02,5054,5890,6170,5650,5780,1491120
2009-04-03,4891,5700,5990,5660,5980,769690
2009-04-06,5080,5920,6100,5780,5780,741006
2009-04-07,5423,6320,6450,5930,6060,1321933
2009-04-08,5226,6090,6440,6030,6120,519451
2009-04-09,5389,6280,6560,6120,6300,1216713
2009-04-10,5183,6040,6400,5950,6360,854421
2009-04-13,5235,6100,6320,5900,6050,949321
2009-04-14,5218,6080,6260,5830,6210,635042
2009-04-15,5278,6150,6450,5900,6120,1069661
2009-04-16,5278,6150,6480,6050,6350,1500487
2009-04-17,4951,5770,6360,5670,6290,720120
2009-04-20,4943,5760,5980,5580,5700,298124
2009-04-21,5037,5870,5880,5590,5620,249378
2009-04-22,5063,5900,6050,5800,5950,568864
2009-04-23,5303,6180,6240,5960,6040,478827
2009-04-24,4960,5780,6170,5670,6170,466444
2009-04-27,4848,5650,6000,5610,5860,356959
2009-04-28,4376,5100,5910,5040,5780,931538
2009-04-29,4540,5290,5370,5000,5220,318959
2009-04-30,4720,5500,5510,5350,5510,214860
2009-05-04,4840,5640,5730,5580,5690,217548
2009-05-06,4814,5610,5820,5600,5730,188451
2009-05-07,4866,5670,5790,5620,5690,214431
2009-05-08,4840,5640,5720,5490,5720,242461
2009-05-11,5278,6150,6220,5660,5730,933888
2009-05-12,5020,5850,6130,5800,6080,493413
2009-05-13,5381,6270,6270,5880,5930,703782
2009-05-14,5346,6230,6450,6040,6100,667014
2009-05-15,5389,6280,6530,6160,6400,602713
2009-05-18,5200,6060,6360,5920,6360,259171
2009-05-19,5226,6090,6280,6040,6200,319959
2009-05-20,5149,6000,6140,5960,6090,290828
2009-05-21,5080,5920,6080,5920,6010,202340
2009-05-22,5063,5900,6040,5830,5830,224827
2009-05-25,4909,5720,6040,5020,5980,311225
2009-05-26,4634,5400,5780,5350,5720,210175
2009-05-27,4634,5400,5680,5350,5580,191746
2009-05-28,4617,5380,5400,5100,5280,151231
2009-05-29,4685,5460,5510,5370,5450,59006
2009-06-01,4831,5630,5640,5330,5520,121718
2009-06-02,4866,5670,5850,5610,5700,238320
2009-06-03,4806,5600,5820,5570,5670,196270
2009-06-04,4582,5340,5610,5240,5550,143875
2009-06-05,4557,5310,5460,5260,5460,61202
2009-06-08,4634,5400,5470,5320,5340,65679
2009-06-09,4668,5440,5660,5360,5410,153230
2009-06-10,4600,5360,5470,5330,5440,68482
2009-06-11,4574,5330,5400,5280,5310,135611
2009-06-12,4591,5350,5390,5290,5390,55102
2009-06-15,4531,5280,5430,5270,5330,98346
2009-06-16,4376,5100,5320,5050,5320,200177
2009-06-17,4222,4920,5140,4920,5070,146897
2009-06-18,4261,4965,5040,4895,4920,149223
2009-06-19,4248,4950,4990,4795,4965,166470
2009-06-22,4291,5000,5060,4940,4950,105186
2009-06-23,4050,4720,4925,4715,4810,148846
2009-06-24,4050,4720,4805,4650,4750,56116
2009-06-25,4205,4900,4905,4720,4720,75002
2009-06-26,4175,4865,4940,4830,4910,42185
2009-06-29,4192,4885,4920,4765,4910,34011
2009-06-30,4188,4880,4885,4730,4830,66162
2009-07-01,4183,4875,4890,4800,4830,111564
2009-07-02,4282,4990,4995,4855,4875,92338
2009-07-03,4316,5030,5080,4900,4930,117168
2009-07-06,4299,5010,5090,4960,5000,114961
2009-07-07,4385,5110,5140,5010,5050,81380
2009-07-08,4291,5000,5080,4950,5080,55601
2009-07-09,4299,5010,5070,4965,5000,125328
2009-07-10,4231,4930,5030,4880,5020,167062
2009-07-13,3870,4510,4960,4510,4880,154781
2009-07-14,3694,4305,4640,4210,4590,291912
2009-07-15,3844,4480,4490,4315,4315,230166
2009-07-16,3904,4550,4640,4495,4590,163876
2009-07-17,3904,4550,4600,4490,4570,138982
2009-07-20,4020,4685,4740,4550,4550,211886
2009-07-21,4235,4935,4985,4700,4700,368750
2009-07-22,4325,5040,5100,4885,4995,236711
2009-07-23,4334,5050,5060,4905,5050,143577
2009-07-24,4334,5050,5090,4985,5080,161042
2009-07-27,4351,5070,5260,5030,5090,430948
2009-07-28,4308,5020,5130,4995,5060,181590
2009-07-29,4308,5020,5080,4990,5020,132742
2009-07-30,4291,5000,5040,4970,5030,92804
2009-07-31,4205,4900,5010,4880,5010,212910
2009-08-03,4428,5160,5160,4870,4940,234286
2009-08-04,4368,5090,5260,5030,5200,172608
2009-08-05,4334,5050,5140,4995,5080,226220
2009-08-06,4617,5380,5650,5060,5100,698201
2009-08-07,4600,5360,5690,5330,5410,490359
2009-08-10,4711,5490,5580,5290,5420,245866
2009-08-11,4806,5600,5650,5490,5550,284477
2009-08-12,4668,5440,5630,5200,5550,233853
2009-08-13,4831,5630,5650,5410,5510,182003
2009-08-14,4771,5560,5650,5500,5630,190056
2009-08-17,4454,5190,5630,5180,5570,384081
2009-08-18,4282,4990,5250,4850,5090,301226
2009-08-19,4162,4850,5150,4850,5050,288122
2009-08-20,4188,4880,4980,4870,4895,158685
2009-08-21,4170,4860,4990,4850,4970,128769
2009-08-24,4243,4945,5010,4890,5010,84920
2009-08-25,4256,4960,5030,4900,4990,92704
2009-08-26,4291,5000,5080,4960,4995,115443
2009-08-27,4299,5010,5090,4960,5010,95138
2009-08-28,4376,5100,5120,5010,5010,97497
2009-08-31,4462,5200,5200,5060,5060,188691
2009-09-01,4574,5330,5470,5120,5200,216329
2009-09-02,4574,5330,5370,5210,5260,97629
2009-09-03,4462,5200,5380,5100,5380,121127
2009-09-04,4402,5130,5250,5020,5210,96129
2009-09-07,4437,5170,5260,5010,5100,94064
2009-09-08,4351,5070,5270,5060,5170,112005
2009-09-09,4342,5060,5170,4990,5090,140112
2009-09-10,4548,5300,5380,5100,5100,288855
2009-09-11,4497,5240,5400,5200,5370,120273
2009-09-14,4643,5410,5500,5100,5270,239648
2009-09-15,4625,5390,5480,5350,5410,127417
2009-09-16,4720,5500,5570,5360,5400,263807
2009-09-17,4557,5310,5570,5260,5540,188340
2009-09-18,4582,5340,5460,5270,5270,77184
2009-09-21,4514,5260,5400,5170,5340,114392
2009-09-22,4522,5270,5320,5150,5240,99139
2009-09-23,4454,5190,5340,5150,5270,86316
2009-09-24,4269,4975,5200,4920,5190,212793
2009-09-25,4183,4875,5080,4715,5080,156533
2009-09-28,4076,4750,4875,4685,4870,220994
2009-09-29,4076,4750,4870,4730,4780,87772
2009-09-30,4037,4705,4890,4700,4730,107430
2009-10-01,4016,4680,4800,4620,4710,90257
2009-10-05,3776,4400,4640,3985,4640,217555
2009-10-06,3849,4485,4550,4405,4450,136461
2009-10-07,3879,4520,4560,4460,4490,44808
2009-10-08,3956,4610,4630,4520,4520,42768
2009-10-09,4072,4745,4760,4520,4520,49205
2009-10-12,4128,4810,4840,4750,4840,39123
2009-10-13,3965,4620,4840,4620,4840,70779
2009-10-14,3973,4630,4720,4590,4630,52391
2009-10-15,4007,4670,4730,4615,4655,33534
2009-10-16,3973,4630,4700,4600,4650,39379
2009-10-19,3900,4545,4600,4475,4600,62636
2009-10-20,3904,4550,4615,4470,4600,97008
2009-10-21,3879,4520,4520,4410,4520,102436
2009-10-22,3784,4410,4520,4385,4450,75761
2009-10-23,3737,4355,4490,4350,4430,64591
2009-10-26,3604,4200,4355,4160,4300,123670
2009-10-27,3677,4285,4300,4135,4150,67973
2009-10-28,3570,4160,4330,4135,4330,66021
2009-10-29,3535,4120,4185,4000,4130,88704
2009-10-30,3681,4290,4350,4130,4130,106410
2009-11-02,3690,4300,4300,4100,4100,85880
2009-11-03,3862,4500,4520,4210,4210,90880
2009-11-04,3819,4450,4540,4400,4400,36355
2009-11-05,3857,4495,4515,4390,4390,52658
2009-11-06,4033,4700,4745,4465,4510,92575
2009-11-09,4059,4730,4835,4700,4750,106051
2009-11-10,4050,4720,4790,4575,4710,98100
2009-11-11,4128,4810,4855,4650,4650,106604
2009-11-12,4136,4820,4860,4760,4760,81421
2009-11-13,4188,4880,4905,4780,4785,104580
2009-11-16,4188,4880,4935,4830,4900,123254
2009-11-17,4145,4830,4950,4820,4950,56972
2009-11-18,4067,4740,4905,4730,4730,52103
2009-11-19,4063,4735,4785,4600,4700,74614
2009-11-20,4093,4770,4840,4730,4740,68538
2009-11-23,4072,4745,4840,4730,4730,38995
2009-11-24,4042,4710,4800,4680,4750,28362
2009-11-25,4093,4770,4780,4670,4670,30125
2009-11-26,4059,4730,4810,4720,4720,19401
2009-11-27,4162,4850,5130,4630,4680,306417
2009-11-30,4282,4990,5120,4930,4930,215794
2009-12-01,4158,4845,5040,4245,4960,125740
2009-12-02,4136,4820,4940,4770,4860,64545
2009-12-03,4089,4765,4900,4650,4900,85403
2009-12-04,4085,4760,4825,4700,4700,62871
2009-12-07,4033,4700,4830,4700,4760,77470
2009-12-08,4003,4665,4750,4665,4700,60022
2009-12-09,4025,4690,4745,4600,4660,32451
2009-12-10,4037,4705,4720,4630,4700,46779
2009-12-11,4080,4755,4790,4700,4710,36082
2009-12-14,4149,4835,4840,4735,4735,53380
2009-12-15,4235,4935,4955,4835,4850,72351
2009-12-16,4179,4870,4950,4820,4950,65886
2009-12-17,4213,4910,4930,4800,4800,79073
2009-12-18,4213,4910,5100,4910,4930,335390
2009-12-21,4376,5100,5160,4915,4920,230562
2009-12-22,4308,5020,5130,4950,5100,84105
2009-12-23,4231,4930,5060,4885,5030,82263
2009-12-24,4205,4900,4990,4860,4960,37348
2009-12-28,4462,5200,5600,5040,5080,1033751
2009-12-29,4256,4960,5200,4925,5200,146291
2009-12-30,4334,5050,5070,4940,4940,65825
2010-01-04,4325,5040,5110,4980,5010,64725
2010-01-05,4239,4940,5080,4870,5040,139009
2010-01-06,4158,4845,4995,4830,4910,104240
2010-01-07,4080,4755,4885,4750,4850,135667
2010-01-08,4162,4850,4855,4755,4760,60957
2010-01-11,4231,4930,4980,4855,4860,64346
2010-01-12,4201,4895,4985,4870,4935,96121
2010-01-13,4119,4800,4895,4770,4895,50362
2010-01-14,4145,4830,4880,4785,4790,41716
2010-01-15,4359,5080,5100,4820,4850,219513
2010-01-18,5012,5840,5840,5140,5190,1992378
2010-01-19,5260,6130,6300,5840,6000,2443534
2010-01-20,4866,5670,6100,5670,6100,1157072
2010-01-21,5192,6050,6050,5580,5700,800441
2010-01-22,5278,6150,6150,5770,5900,576393
2010-01-25,5097,5940,6350,5500,6180,989043
2010-01-26,4917,5730,6100,5450,6070,586009
2010-01-27,4660,5430,5770,5380,5720,340621
2010-01-28,4660,5430,5550,5170,5530,208151
2010-01-29,4376,5100,5310,5070,5310,195401
2010-02-01,4454,5190,5190,5060,5080,87748
2010-02-02,4540,5290,5340,5140,5290,165738
2010-02-03,4548,5300,5440,5230,5330,144754
2010-02-04,4582,5340,5380,5210,5260,54561
2010-02-05,4351,5070,5230,4925,5100,148724
2010-02-08,4175,4865,5110,4775,5070,122781
2010-02-09,4201,4895,4915,4680,4760,121692
2010-02-10,4291,5000,5050,4870,4950,68146
2010-02-11,4419,5150,5150,4930,4930,56389
2010-02-12,4437,5170,5200,5070,5200,57996
2010-02-16,4419,5150,5250,5040,5250,76210
2010-02-17,4334,5050,5180,4980,5150,171188
2010-02-18,4351,5070,5140,4980,5010,98849
2010-02-19,4273,4980,5140,4890,5070,94905
2010-02-22,4291,5000,5040,4960,5000,81929
2010-02-23,4248,4950,5040,4890,4960,98340
2010-02-24,4243,4945,4970,4900,4945,46793
2010-02-25,4085,4760,4995,4720,4995,58208
2010-02-26,4055,4725,4790,4500,4785,170521
2010-03-02,3990,4650,4780,4640,4740,200354
2010-03-03,4050,4720,4720,4635,4650,46058
2010-03-04,4033,4700,4730,4625,4730,46572
2010-03-05,4110,4790,4790,4660,4670,106802
2010-03-08,4093,4770,4870,4770,4870,106239
2010-03-09,4128,4810,4875,4720,4795,100285
2010-03-10,4162,4850,4870,4790,4840,77831
2010-03-11,4162,4850,4900,4815,4880,51513
2010-03-12,4162,4850,4880,4790,4850,61372
2010-03-15,4153,4840,4875,4805,4855,39727
2010-03-16,4201,4895,4940,4805,4820,64154
2010-03-17,4359,5080,5120,4900,4920,177645
2010-03-18,4368,5090,5120,5010,5090,89750
2010-03-19,4411,5140,5290,5110,5110,176017
2010-03-22,4334,5050,5140,4970,5100,109886
2010-03-23,4273,4980,5070,4860,5070,221551
2010-03-24,4183,4875,4985,4865,4980,94822
2010-03-25,4179,4870,4910,4845,4875,54864
2010-03-26,4325,5040,5050,4875,4940,83194
2010-03-29,4419,5150,5270,4980,5000,306499
2010-03-30,4454,5190,5300,5110,5200,189174
2010-03-31,4385,5110,5240,5110,5200,77996
2010-04-01,4488,5230,5300,5150,5200,187647
2010-04-02,4299,5010,5250,4990,5250,141018
2010-04-05,4196,4890,5070,4860,5040,123586
2010-04-06,4231,4930,4930,4830,4890,97083
2010-04-07,4342,5060,5070,4935,5020,90381
2010-04-08,4342,5060,5060,4960,5050,79412
2010-04-09,4428,5160,5170,4985,5030,143117
2010-04-12,4359,5080,5360,5080,5230,243401
2010-04-13,4660,5430,5530,5090,5150,554231
2010-04-14,4625,5390,5480,5350,5460,251524
2010-04-15,4703,5480,5550,5320,5360,293370
2010-04-16,4677,5450,5540,5320,5500,183473
2010-04-19,4548,5300,5430,5290,5360,159409
2010-04-20,4591,5350,5430,5310,5350,195434
2010-04-21,4685,5460,5640,5400,5450,305856
2010-04-22,4677,5450,5500,5350,5470,146886
2010-04-23,4651,5420,5540,5350,5500,132808
2010-04-26,4660,5430,5560,5430,5560,129148
2010-04-27,4668,5440,5490,5400,5410,132573
2010-04-28,4531,5280,5380,5100,5380,198098
2010-04-29,4505,5250,5320,5150,5300,180660
2010-04-30,4376,5100,5320,4950,5260,329999
2010-05-03,4316,5030,5200,5030,5040,142546
2010-05-04,4385,5110,5170,5060,5170,84791
2010-05-06,4188,4880,5050,4880,5000,113254
2010-05-07,4072,4745,4840,4550,4840,105649
2010-05-10,4115,4795,4875,4750,4750,69676
2010-05-11,4179,4870,4930,4795,4850,44693
2010-05-12,4080,4755,4935,4755,4870,52473
2010-05-13,4080,4755,4825,4700,4750,97429
2010-05-14,4025,4690,4780,4690,4780,73569
2010-05-17,3862,4500,4730,4480,4725,97825
2010-05-18,3866,4505,4630,4435,4600,93216
2010-05-19,3789,4415,4505,4265,4505,55504
2010-05-20,3677,4285,4500,4150,4415,56700
2010-05-24,3647,4250,4340,4150,4200,54537
2010-05-25,3424,3990,4245,3650,4170,127411
2010-05-26,3437,4005,4145,3910,4000,88115
2010-05-27,3608,4205,4210,3950,3980,53505
2010-05-28,3626,4225,4400,4210,4360,25984
2010-05-31,3771,4395,4400,4200,4200,40671
2010-06-01,3776,4400,4450,4370,4420,22948
2010-06-03,3767,4390,4500,4350,4480,20892
2010-06-04,3720,4335,4390,4250,4385,47700
2010-06-07,3578,4170,4300,4090,4300,43313
2010-06-08,3617,4215,4250,4100,4100,27624
2010-06-09,3587,4180,4300,4170,4250,50928
2010-06-10,3587,4180,4310,4180,4200,34621
2010-06-11,3823,4455,4600,4230,4300,97365
2010-06-14,3823,4455,4490,4400,4490,30818
2010-06-15,3763,4385,4500,4380,4465,34171
2010-06-16,3767,4390,4500,4375,4500,39306
2010-06-17,3767,4390,4425,4260,4390,31375
2010-06-18,3673,4280,4410,4200,4410,36402
2010-06-21,3690,4300,4340,4225,4225,120150
2010-06-22,3681,4290,4360,4235,4340,28998
2010-06-23,3621,4220,4300,4220,4300,29657
2010-06-24,3694,4305,4325,4200,4220,24809
2010-06-25,3604,4200,4345,4180,4250,122748
2010-06-28,3647,4250,4305,4200,4230,43947
2010-06-29,3608,4205,4340,4160,4230,77136
2010-06-30,3604,4200,4200,4060,4150,33196
2010-07-01,3604,4200,4220,4090,4175,30419
2010-07-02,3548,4135,4275,4120,4200,26287
2010-07-05,3595,4190,4235,4100,4235,8678
2010-07-06,3501,4080,4220,4080,4155,42756
2010-07-07,3492,4070,4195,4060,4195,62827
2010-07-08,3561,4150,4170,4070,4100,55005
2010-07-09,3565,4155,4190,4115,4190,18739
2010-07-12,3570,4160,4235,4160,4190,8076
2010-07-13,3643,4245,4245,4170,4200,49391
2010-07-14,3681,4290,4300,4240,4255,49772
2010-07-15,3690,4300,4315,4265,4275,50569
2010-07-16,3763,4385,4420,4290,4310,50288
2010-07-19,3681,4290,4365,4210,4365,100051
2010-07-20,3733,4350,4370,4200,4280,43396
2010-07-21,3703,4315,4370,4295,4350,18725
2010-07-22,3630,4230,4320,4160,4270,23783
2010-07-23,3647,4250,4265,4200,4235,12202
2010-07-26,3604,4200,4345,4150,4220,89341
2010-07-27,3510,4090,4220,4050,4170,48444
2010-07-28,3518,4100,4145,4075,4090,17254
2010-07-29,3492,4070,4120,4055,4060,33548
2010-07-30,3497,4075,4135,3990,4135,23435
2010-08-02,3488,4065,4115,4050,4115,22370
2010-08-03,3475,4050,4130,4050,4065,21843
2010-08-04,3428,3995,4050,3945,4050,50327
2010-08-05,3415,3980,4030,3890,4030,45553
2010-08-06,3402,3965,4000,3890,3975,33415
2010-08-09,3407,3970,4025,3970,3985,23233
2010-08-10,3411,3975,4025,3900,3975,37046
2010-08-11,3398,3960,4200,3940,4035,120702
2010-08-12,3364,3920,4000,3890,3995,26570
2010-08-13,3407,3970,4000,3900,3935,25151
2010-08-16,3407,3970,3980,3900,3975,38365
2010-08-17,3432,4000,4000,3925,3940,22787
2010-08-18,3432,4000,4045,3970,3980,18941
2010-08-19,3428,3995,4040,3975,4000,33915
2010-08-20,3415,3980,3995,3940,3990,25703
2010-08-23,3329,3880,4015,3850,3980,47574
2010-08-24,3372,3930,3980,3905,3920,49647
2010-08-25,3347,3900,3955,3875,3955,26084
2010-08-26,3321,3870,3940,3820,3900,22370
2010-08-27,3278,3820,3870,3720,3860,38992
2010-08-30,3218,3750,3885,3740,3850,59794
2010-08-31,3244,3780,3795,3700,3785,34736
2010-09-01,3304,3850,3850,3750,3770,23730
2010-09-02,3389,3950,3980,3850,3850,23570
2010-09-03,3394,3955,3985,3880,3945,10483
2010-09-06,3342,3895,3990,3895,3980,14223
2010-09-07,3394,3955,3955,3890,3950,10074
2010-09-08,3385,3945,3970,3900,3970,9442
2010-09-09,3381,3940,3965,3875,3965,10460
2010-09-10,3364,3920,4000,3920,3940,29718
2010-09-13,3432,4000,4020,3910,3920,42667
2010-09-14,3437,4005,4020,3970,4000,25989
2010-09-15,3535,4120,4150,4000,4030,47594
2010-09-16,3553,4140,4270,4060,4140,114096
2010-09-17,3578,4170,4300,4120,4180,35240
2010-09-20,3741,4360,4375,4185,4185,131995
2010-09-24,3681,4290,4365,4270,4315,25772
2010-09-27,3656,4260,4290,4200,4290,39963
2010-09-28,3690,4300,4355,4260,4270,39873
2010-09-29,3626,4225,4335,4135,4300,90226
2010-09-30,3643,4245,4260,4190,4225,27354
2010-10-01,3604,4200,4260,4160,4260,33338
2010-10-04,3604,4200,4250,4180,4250,28343
2010-10-05,3591,4185,4230,4140,4230,25172
2010-10-06,3591,4185,4250,4165,4200,77829
2010-10-07,3750,4370,4440,4190,4225,134347
2010-10-08,4033,4700,4895,4410,4410,564580
2010-10-11,3995,4655,4860,4650,4710,266793
2010-10-12,3904,4550,4700,4445,4655,138932
2010-10-13,4201,4895,4950,4550,4580,466363
2010-10-14,4213,4910,4950,4805,4900,152814
2010-10-15,4196,4890,4995,4820,4980,156601
2010-10-18,4291,5000,5040,4835,4890,278070
2010-10-19,4239,4940,5080,4880,5000,287361
2010-10-20,4132,4815,4930,4770,4860,108420
2010-10-21,3960,4615,4905,4615,4860,176363
2010-10-22,4291,5000,5040,4600,4685,260369
2010-10-25,4488,5230,5560,5200,5400,1174139
2010-10-26,4479,5220,5270,5070,5270,229151
2010-10-27,4514,5260,5660,5100,5250,659384
2010-10-28,4462,5200,5340,5150,5250,168345
2010-10-29,4282,4990,5230,4980,5160,198983
2010-11-01,4183,4875,4990,4780,4930,315860
2010-11-02,4505,5250,5260,4915,4915,522976
2010-11-03,4497,5240,5300,5120,5200,235346
2010-11-04,4522,5270,5420,5150,5240,221331
2010-11-05,4299,5010,5490,4750,5490,607130
2010-11-08,4531,5280,5500,4880,5140,484196
2010-11-09,4385,5110,5280,5060,5200,134152
2010-11-10,4308,5020,5230,4980,5070,162621
2010-11-11,4213,4910,5100,4880,4970,116811
2010-11-12,4055,4725,4990,4180,4955,236278
2010-11-15,3990,4650,4725,4545,4720,136148
2010-11-16,3943,4595,4695,4520,4600,88790
2010-11-17,3934,4585,4660,4490,4490,89489
2010-11-18,4106,4785,4850,4590,4590,117282
2010-11-19,4093,4770,4830,4665,4800,60653
2010-11-22,4020,4685,4850,4660,4780,24259
2010-11-23,3969,4625,4725,4555,4725,30374
2010-11-24,3780,4405,4550,4210,4210,47271
2010-11-25,3862,4500,4570,4370,4490,31489
2010-11-26,3681,4290,4500,4220,4500,96631
2010-11-29,3660,4265,4380,4100,4300,39530
2010-11-30,3728,4345,4345,4155,4155,37137
2010-12-01,3784,4410,4485,4345,4345,21703
2010-12-02,3827,4460,4495,4425,4440,38418
2010-12-03,3827,4460,4490,4270,4490,36689
2010-12-06,3767,4390,4470,4345,4420,30307
2010-12-07,3763,4385,4425,4280,4350,49080
2010-12-08,3741,4360,4390,4315,4390,30145
2010-12-09,3716,4330,4380,4290,4380,42208
2010-12-10,3724,4340,4345,4250,4340,78239
2010-12-13,3763,4385,4440,4305,4340,85908
2010-12-14,3759,4380,4405,4315,4335,93732
2010-12-15,3681,4290,4400,4250,4380,83633
2010-12-16,3647,4250,4340,4250,4250,49486
2010-12-17,3660,4265,4325,4225,4255,42164
2010-12-20,3518,4100,4265,3985,4265,86144
2010-12-21,3531,4115,4250,4115,4170,41973
2010-12-22,3544,4130,4185,4100,4125,25675
2010-12-23,3531,4115,4180,4070,4180,63104
2010-12-24,3540,4125,4155,4090,4135,18307
2010-12-27,3544,4130,4180,4055,4060,35711
2010-12-28,3540,4125,4140,4060,4140,45586
2010-12-29,3514,4095,4100,4025,4040,49259
2010-12-30,3604,4200,4200,4080,4095,40245
2011-01-03,3600,4195,4300,4170,4240,53116
2011-01-04,3600,4195,4275,4155,4180,60255
2011-01-05,3540,4125,4225,4100,4150,64274
2011-01-06,3510,4090,4170,4045,4105,54582
2011-01-07,3475,4050,4110,4000,4110,93113
2011-01-10,3475,4050,4070,3965,4040,76488
2011-01-11,3501,4080,4110,4000,4000,76727
2011-01-12,3471,4045,4100,3990,4090,87557
2011-01-13,3471,4045,4090,4015,4040,41982
2011-01-14,3458,4030,4080,4000,4040,43593
2011-01-17,3475,4050,4050,4000,4030,44544
2011-01-18,3437,4005,4055,3995,4005,43733
2011-01-19,3432,4000,4060,4000,4005,34067
2011-01-20,3432,4000,4030,3970,4030,46250
2011-01-21,3394,3955,4020,3950,4000,30910
2011-01-24,3334,3885,4000,3880,3940,43266
2011-01-25,3312,3860,3895,3775,3855,95420
2011-01-26,3278,3820,3860,3790,3860,39195
2011-01-27,3355,3910,3945,3785,3785,46763
2011-01-28,3377,3935,4020,3900,3900,45557
2011-01-31,3329,3880,3985,3880,3910,36084
2011-02-01,3381,3940,4020,3850,3985,40205
2011-02-07,3432,4000,4065,3965,4025,24223
2011-02-08,3428,3995,4035,3935,4035,17709
2011-02-09,3411,3975,4005,3920,4005,66197
2011-02-10,3377,3935,3980,3900,3935,43140
2011-02-11,3304,3850,3975,3835,3900,66553
2011-02-14,3261,3800,3990,3800,3945,34721
2011-02-15,3359,3915,3980,3805,3805,22658
2011-02-16,3441,4010,4020,3850,3850,44508
2011-02-17,3411,3975,4060,3885,4020,38083
2011-02-18,3407,3970,4020,3930,3945,17569
2011-02-21,3368,3925,3995,3920,3995,12403
2011-02-22,3291,3835,3950,3720,3950,54674
2011-02-23,3214,3745,3880,3710,3810,45120
2011-02-24,3205,3735,3775,3680,3770,35649
2011-02-25,3239,3775,3780,3690,3765,36757
2011-02-28,3196,3725,3775,3650,3775,28415
2011-03-02,3098,3610,3690,3605,3680,33802
2011-03-03,3201,3730,3750,3595,3600,27476
2011-03-04,3201,3730,3770,3685,3740,68305
2011-03-07,3158,3680,3735,3620,3735,72356
2011-03-08,3209,3740,3740,3610,3610,52089
2011-03-09,3287,3830,3840,3670,3740,42939
2011-03-10,3321,3870,3890,3780,3815,25488
2011-03-11,3312,3860,3940,3800,3870,43339
2011-03-14,3201,3730,3950,3700,3930,82860
2011-03-15,3115,3630,3785,3455,3785,91202
2011-03-16,3141,3660,3700,3530,3600,62697
2011-03-17,3132,3650,3690,3550,3605,50019
2011-03-18,3338,3890,4050,3660,3690,166832
2011-03-21,3415,3980,3980,3850,3885,52158
2011-03-22,3411,3975,4020,3935,3995,48545
2011-03-23,3381,3940,3975,3905,3975,35571
2011-03-24,3420,3985,4015,3910,3950,40354
2011-03-25,3342,3895,4035,3835,4000,57741
2011-03-28,3398,3960,3975,3860,3945,52292
2011-03-29,3394,3955,4010,3870,3975,77781
2011-03-30,3437,4005,4050,3910,3975,43183
2011-03-31,3561,4150,4160,3975,4005,150952
2011-04-01,3578,4170,4185,4105,4150,67621
2011-04-04,3578,4170,4320,4125,4210,89147
2011-04-05,3553,4140,4185,4040,4165,54987
2011-04-06,3557,4145,4150,4090,4140,26100
2011-04-07,3492,4070,4175,4000,4160,68550
2011-04-08,3492,4070,4120,4000,4055,55682
2011-04-11,3548,4135,4230,4080,4095,96548
2011-04-12,3458,4030,4190,4000,4135,81979
2011-04-13,3698,4310,4425,4060,4125,190368
2011-04-14,4119,4800,4835,4275,4415,412407
2011-04-15,4136,4820,4865,4710,4750,187539
2011-04-18,4102,4780,4990,4700,4830,167724
2011-04-19,3965,4620,4780,4470,4705,210024
2011-04-20,3819,4450,4600,4440,4590,130699
2011-04-21,4025,4690,4695,4415,4460,144405
2011-04-22,3952,4605,4675,4495,4625,128642
2011-04-25,4063,4735,4785,4615,4650,74990
2011-04-26,4063,4735,4830,4655,4735,113488
2011-04-27,4102,4780,5040,4700,4760,245955
2011-04-28,4273,4980,5100,4755,4800,272307
2011-04-29,4201,4895,5060,4730,4955,90933
2011-05-02,4454,5190,5210,4875,4940,278416
2011-05-03,4385,5110,5190,5020,5170,106431
2011-05-04,4428,5160,5220,5000,5110,173055
2011-05-06,4454,5190,5200,4990,5160,91190
2011-05-09,4419,5150,5190,5000,5180,70812
2011-05-11,4334,5050,5160,4965,5160,125866
2011-05-12,4256,4960,5010,4900,4995,80492
2011-05-13,4231,4930,5050,4930,4980,66620
2011-05-16,4119,4800,4950,4680,4950,140036
2011-05-17,4110,4790,4945,4755,4800,100478
2011-05-18,4119,4800,4870,4755,4800,56271
2011-05-19,4093,4770,4895,4710,4860,53694
2011-05-20,4192,4885,4900,4515,4775,110739
2011-05-23,3947,4600,4900,4600,4900,49668
2011-05-24,3887,4530,4720,4465,4610,72480
2011-05-25,3892,4535,4595,4490,4595,23763
2011-05-26,3934,4585,4665,4485,4510,62308
2011-05-27,4020,4685,4700,4550,4585,53660
2011-05-30,4025,4690,4715,4570,4650,46224
2011-05-31,4025,4690,4710,4580,4690,37696
2011-06-01,3973,4630,4715,4600,4715,25288
2011-06-02,3836,4470,4580,4310,4570,68082
2011-06-03,3879,4520,4640,4475,4490,82598
2011-06-07,3887,4530,4530,4335,4430,69831
2011-06-08,3801,4430,4535,4355,4530,40065
2011-06-09,3801,4430,4445,4375,4440,15561
2011-06-10,3763,4385,4480,4340,4400,55544
2011-06-13,3776,4400,4510,4300,4460,42269
2011-06-14,3887,4530,4535,4325,4335,32219
2011-06-15,3836,4470,4615,4460,4600,69022
2011-06-16,3819,4450,4510,4370,4455,10180
2011-06-17,3690,4300,4510,4265,4415,73570
2011-06-20,3664,4270,4400,4180,4400,37707
2011-06-21,3578,4170,4340,4105,4220,38908
2011-06-22,3840,4475,4480,4155,4195,279520
2011-06-23,3741,4360,4470,4320,4400,29438
2011-06-24,3793,4420,4445,4310,4425,59139
2011-06-27,3913,4560,4880,4220,4405,205667
2011-06-28,3707,4320,4770,4320,4670,168122
2011-06-29,3750,4370,4390,4260,4390,36400
2011-06-30,3728,4345,4390,4285,4320,37217
2011-07-01,3776,4400,4415,4305,4330,9512
2011-07-04,3827,4460,4470,4335,4445,37178
2011-07-05,3853,4490,4635,4445,4505,74760
2011-07-06,3913,4560,4570,4425,4475,18050
2011-07-07,3913,4560,4610,4530,4600,61344
2011-07-08,3831,4465,4560,4400,4500,30606
2011-07-11,3724,4340,4480,4330,4420,42643
2011-07-12,3548,4135,4315,4125,4315,67154
2011-07-13,3583,4175,4245,4120,4140,19800
2011-07-14,3698,4310,4320,4140,4140,46445
2011-07-15,3784,4410,4410,4205,4290,32969
2011-07-18,3827,4460,4485,4330,4390,39487
2011-07-19,3896,4540,4610,4460,4460,38327
2011-07-20,3896,4540,4610,4500,4540,55991
2011-07-21,3862,4500,4530,4460,4525,26986
2011-07-22,3827,4460,4530,4420,4465,46546
2011-07-25,3827,4460,4550,4400,4550,47085
2011-07-26,3827,4460,4525,4355,4525,27289
2011-07-27,4033,4700,4730,4415,4480,294318
2011-07-28,4033,4700,4740,4590,4635,202366
2011-07-29,4098,4775,4840,4680,4700,151631
2011-08-01,4209,4905,4920,4800,4800,95965
2011-08-02,4020,4685,4890,4670,4830,119238
2011-08-03,3793,4420,4660,4400,4650,152923
2011-08-04,3784,4410,4560,4375,4440,60613
2011-08-05,3630,4230,4240,4070,4090,89232
2011-08-08,3132,3650,4205,3600,4040,304890
2011-08-09,2913,3395,3585,3105,3420,557303
2011-08-10,3003,3500,3650,3445,3560,267153
2011-08-11,3042,3545,3570,3000,3365,102447
2011-08-12,3076,3585,3770,3560,3650,208230
2011-08-16,3205,3735,3760,3680,3695,89826
2011-08-17,3334,3885,3925,3695,3755,83581
2011-08-18,3415,3980,4100,3790,4020,220438
2011-08-19,3201,3730,3830,3670,3830,149403
2011-08-22,3205,3735,3760,3585,3680,64275
2011-08-23,3518,4100,4100,3735,3810,107587
2011-08-24,3389,3950,4165,3930,4165,48586
2011-08-25,3415,3980,4070,3930,4050,38302
2011-08-26,3389,3950,4000,3860,3860,44952
2011-08-29,3424,3990,4085,3950,4000,25825
2011-08-30,3407,3970,4040,3950,4030,42154
2011-08-31,3424,3990,3995,3930,3970,20431
2011-09-01,3484,4060,4200,4015,4070,172520
2011-09-02,3475,4050,4140,3980,4140,21184
2011-09-05,3347,3900,4040,3835,4040,34052
2011-09-06,3218,3750,3840,3710,3840,46717
2011-09-07,3372,3930,3930,3790,3830,31442
2011-09-08,3347,3900,4005,3860,3935,54291
2011-09-09,3287,3830,3965,3775,3900,87607
2011-09-14,3038,3540,3850,3465,3850,137683
2011-09-15,2995,3490,3670,3480,3585,54126
2011-09-16,3153,3675,3695,3520,3520,34324
2011-09-19,3025,3525,3695,3520,3695,29459
2011-09-20,3008,3505,3590,3455,3520,33399
2011-09-21,3046,3550,3595,3505,3520,40600
2011-09-22,2939,3425,3520,3390,3520,68918
2011-09-23,2810,3275,3355,3250,3355,94918
2011-09-26,2531,2950,3300,2950,3300,59191
2011-09-27,2776,3235,3235,3025,3025,30129
2011-09-28,2716,3165,3350,3105,3240,25399
2011-09-29,2759,3215,3285,3130,3235,17367
2011-09-30,2772,3230,3330,3210,3215,15208
2011-10-04,2660,3100,3130,3035,3130,22506
2011-10-05,2703,3150,3150,3050,3100,16373
2011-10-06,2917,3400,3405,3160,3160,32823
2011-10-07,2840,3310,3435,3280,3400,13585
2011-10-10,2883,3360,3390,3270,3300,10730
2011-10-11,3012,3510,3705,3400,3400,49606
2011-10-12,3093,3605,3650,3510,3510,17082
2011-10-13,3145,3665,3715,3600,3600,33234
2011-10-14,3093,3605,3650,3585,3650,11481
2011-10-17,3102,3615,3680,3570,3680,12258
2011-10-18,3012,3510,3590,3460,3510,30899
2011-10-19,3059,3565,3585,3480,3490,13876
2011-10-20,3003,3500,3600,3490,3555,51318
2011-10-21,3072,3580,3615,3510,3600,16038
2011-10-24,3171,3695,3740,3640,3660,37603
2011-10-25,3081,3590,3800,3580,3695,17169
2011-10-26,3166,3690,3690,3535,3550,5175
2011-10-27,3166,3690,3700,3630,3645,24922
2011-10-28,3175,3700,3790,3690,3745,23586
2011-10-31,3046,3550,3745,3480,3745,54663
2011-11-01,3016,3515,3550,3485,3550,18799
2011-11-02,2952,3440,3450,3385,3450,14793
2011-11-03,2956,3445,3520,3410,3490,23714
2011-11-04,3072,3580,3650,3470,3470,39542
2011-11-07,3132,3650,3685,3600,3640,49615
2011-11-08,3141,3660,3690,3605,3690,37523
2011-11-09,3175,3700,3825,3655,3655,92331
2011-11-10,3162,3685,3730,3540,3635,24643
2011-11-11,3222,3755,3800,3725,3725,32908
2011-11-14,3244,3780,3820,3750,3810,32112
2011-11-15,3261,3800,3940,3790,3790,89510
2011-11-16,3256,3795,3900,3785,3805,37281
2011-11-17,3226,3760,3880,3755,3795,16186
2011-11-18,3166,3690,3810,3600,3760,15988
2011-11-21,3235,3770,3770,3550,3655,78771
2011-11-22,3570,4160,4335,3775,3775,828364
2011-11-23,3492,4070,4225,3985,4160,148512
2011-11-24,3561,4150,4205,3950,4030,139991
2011-11-25,3441,4010,4210,3960,4200,67191
2011-11-28,3372,3930,4100,3835,3950,82067
2011-11-29,3308,3855,3990,3830,3950,45971
2011-11-30,3291,3835,3885,3775,3885,66701
2011-12-01,3411,3975,4025,3905,3940,69244
2011-12-02,3385,3945,4065,3930,3945,69070
2011-12-05,3424,3990,4075,3940,4000,37305
2011-12-06,3368,3925,4085,3925,3990,77414
2011-12-07,3428,3995,4005,3915,3930,25092
2011-12-08,3420,3985,4005,3930,3985,29131
2011-12-09,3394,3955,3985,3890,3910,22893
2011-12-12,3441,4010,4015,3940,4000,56911
2011-12-13,3389,3950,4000,3915,4000,34358
2011-12-14,3368,3925,4005,3840,4005,41125
2011-12-15,3226,3760,3920,3760,3900,35041
2011-12-16,3209,3740,3910,3740,3815,26168
2011-12-19,3059,3565,3855,3445,3855,64866
2011-12-20,3145,3665,3770,3550,3550,27080
2011-12-21,3205,3735,3785,3690,3690,24550
2011-12-22,3209,3740,3800,3690,3800,31841
2011-12-23,3231,3765,3815,3705,3800,32142
2011-12-26,3226,3760,3840,3710,3820,43473
2011-12-27,3287,3830,3840,3700,3750,60200
2011-12-28,3423,3770,3795,3735,3735,15218
2011-12-29,3359,3700,3765,3680,3765,17329
2012-01-02,3309,3645,3710,3580,3700,14948
2012-01-03,3332,3670,3700,3615,3645,8589
2012-01-04,3359,3700,3735,3630,3735,15771
2012-01-05,3287,3620,3730,3620,3700,29009
2012-01-06,3300,3635,3660,3595,3620,8562
2012-01-09,3268,3600,3650,3555,3630,8464
2012-01-10,3268,3600,3640,3580,3640,32796
2012-01-11,3241,3570,3630,3570,3630,16130
2012-01-12,3264,3595,3625,3560,3625,16566
2012-01-13,3296,3630,3690,3575,3575,29023
2012-01-16,3268,3600,3635,3585,3635,17173
2012-01-17,3327,3665,3685,3590,3600,14799
2012-01-18,3300,3635,3660,3605,3630,5444
2012-01-19,3309,3645,3690,3615,3620,8537
2012-01-20,3309,3645,3680,3600,3680,12518
2012-01-25,3277,3610,3645,3580,3645,15307
2012-01-26,3318,3655,3730,3590,3590,20732
2012-01-27,3291,3625,3695,3595,3615,17430
2012-01-30,3373,3715,3720,3620,3695,48291
2012-01-31,3468,3820,3875,3655,3715,58633
2012-02-01,3622,3990,4390,3890,3890,1037682
2012-02-02,3859,4250,4365,4050,4080,321311
2012-02-03,3795,4180,4320,4060,4280,98452
2012-02-06,3795,4180,4250,4105,4105,104975
2012-02-07,3754,4135,4215,4085,4155,25956
2012-02-08,3654,4025,4190,3990,4090,100977
2012-02-09,3781,4165,4295,4000,4100,153239
2012-02-10,3790,4175,4220,4120,4120,31181
2012-02-13,3822,4210,4330,4150,4175,61472
2012-02-14,4131,4550,4735,4150,4210,336790
2012-02-15,4208,4635,4805,4520,4555,199749
2012-02-16,4313,4750,4860,4445,4610,235797
2012-02-17,4303,4740,4830,4600,4720,150351
2012-02-20,4313,4750,4880,4670,4740,70559
2012-02-21,4313,4750,4820,4655,4760,77796
2012-02-22,4449,4900,4990,4675,4755,111407
2012-02-23,4521,4980,5040,4890,4995,160985
2012-02-24,4630,5100,5140,4840,4980,174139
2012-02-27,4667,5140,5240,5040,5150,133564
2012-02-28,4630,5100,5250,5010,5140,101414
2012-02-29,4485,4940,5100,4935,5100,90888
2012-03-02,4521,4980,4990,4805,4940,63932
2012-03-05,4485,4940,5000,4855,4995,30634
2012-03-06,4358,4800,4940,4800,4875,42968
2012-03-07,4376,4820,4995,4750,4785,49585
2012-03-08,5030,5540,5540,4820,4960,433462
2012-03-09,4966,5470,5670,5270,5500,461468
2012-03-12,4830,5320,5630,5320,5500,209653
2012-03-13,4767,5250,5500,5080,5410,249485
2012-03-14,4658,5130,5330,5080,5320,168090
2012-03-15,4721,5200,5270,5100,5120,98445
2012-03-16,4676,5150,5290,5110,5200,81793
2012-03-19,4585,5050,5230,5050,5150,113171
2012-03-20,4476,4930,5140,4900,5060,111502
2012-03-21,4363,4805,4990,4805,4940,67081
2012-03-22,4422,4870,4925,4715,4805,64028
2012-03-23,4353,4795,4845,4725,4845,53323
2012-03-26,4285,4720,4855,4700,4795,44602
2012-03-27,4540,5000,5150,4730,4730,195029
2012-03-28,4612,5080,5200,5010,5080,158485
2012-03-29,4658,5130,5160,4950,5100,101463
2012-03-30,4676,5150,5220,5000,5050,114575
2012-04-02,4585,5050,5210,4960,5210,83619
2012-04-03,4403,4850,5100,4850,5020,91542
2012-04-04,4267,4700,4850,4700,4820,53968
2012-04-05,4308,4745,4780,4540,4680,64055
2012-04-06,4272,4705,4840,4665,4685,34488
2012-04-09,4054,4465,4700,4465,4700,113315
2012-04-10,4117,4535,4590,4460,4490,57698
2012-04-12,4367,4810,4900,4490,4535,87648
2012-04-13,4485,4940,5040,4875,4880,50514
2012-04-16,4485,4940,4950,4825,4825,39711
2012-04-17,4499,4955,5010,4905,5010,52350
2012-04-18,4449,4900,5030,4845,5030,96480
2012-04-19,4376,4820,4910,4785,4890,51042
2012-04-20,4417,4865,4880,4735,4795,43551
2012-04-23,4521,4980,5150,4845,4880,203854
2012-04-24,4494,4950,5100,4860,4970,225972
2012-04-25,4431,4880,5060,4880,5010,128275
2012-04-26,4285,4720,4950,4720,4890,69489
2012-04-27,4258,4690,4800,4550,4800,108552
2012-04-30,4267,4700,4700,4645,4645,39406
2012-05-02,4444,4895,4950,4700,4700,109640
2012-05-03,4412,4860,4950,4820,4950,30566
2012-05-04,4440,4890,4905,4800,4895,41025
2012-05-07,4353,4795,4890,4790,4890,45209
2012-05-08,4458,4910,4940,4790,4805,91866
2012-05-09,4408,4855,4885,4830,4885,33885
2012-05-10,4503,4960,5100,4845,4845,89148
2012-05-11,4512,4970,5240,4950,4960,283410
2012-05-14,4449,4900,5160,4850,5130,151906
2012-05-15,4403,4850,4910,4720,4880,88173
2012-05-16,4254,4685,4865,4685,4850,69640
2012-05-17,4254,4685,4740,4640,4685,40823
2012-05-18,4086,4500,4645,4470,4610,85949
2012-05-21,4086,4500,4600,4485,4510,47528
2012-05-22,4185,4610,4700,4520,4520,23692
2012-05-23,4213,4640,4700,4580,4610,18112
2012-05-24,4217,4645,4775,4640,4640,54619
2012-05-25,4317,4755,4795,4650,4650,64724
2012-05-29,4322,4760,4780,4720,4755,13963
2012-05-30,4349,4790,4805,4670,4670,33872
2012-05-31,4303,4740,4780,4700,4700,27574
2012-06-01,4272,4705,4800,4660,4765,18704
2012-06-04,4040,4450,4630,4430,4595,59997
2012-06-05,4072,4485,4585,4450,4450,13812
2012-06-07,4222,4650,4700,4485,4485,23457
2012-06-08,4145,4565,4750,4565,4750,31845
2012-06-11,4235,4665,4730,4580,4580,32626
2012-06-12,4322,4760,4775,4600,4640,48624
2012-06-13,4358,4800,4810,4710,4760,62875
2012-06-14,4353,4795,4800,4735,4745,13473
2012-06-15,4326,4765,4805,4500,4800,32499
2012-06-18,4349,4790,4890,4760,4830,19329
2012-06-19,4358,4800,4830,4750,4790,29896
2012-06-20,4376,4820,4895,4775,4805,41098
2012-06-21,4372,4815,4825,4770,4825,15582
2012-06-22,4340,4780,4825,4715,4825,25568
2012-06-25,4612,5080,5490,4860,4860,1609102
2012-06-26,4449,4900,5200,4870,5100,504735
2012-06-27,4422,4870,4970,4795,4970,166365
2012-06-28,4353,4795,4940,4730,4910,158346
2012-06-29,4412,4860,4965,4750,4765,184218
2012-07-02,4453,4905,4990,4840,4930,106180
2012-07-03,4444,4895,4950,4860,4950,68980
2012-07-04,4494,4950,5140,4920,4940,296697
2012-07-05,4494,4950,5000,4930,4935,120718
2012-07-06,4494,4950,5060,4915,4950,140968
2012-07-09,4449,4900,4960,4865,4960,68203
2012-07-10,4730,5210,5330,4995,5010,491401
2012-07-11,4785,5270,5320,5080,5190,241906
2012-07-12,4685,5160,5420,5140,5320,178903
2012-07-13,4621,5090,5220,4950,5160,114831
2012-07-16,4576,5040,5200,5040,5110,69431
2012-07-17,4730,5210,5310,4995,5070,167792
2012-07-18,4621,5090,5330,5050,5240,132898
2012-07-19,4630,5100,5210,5040,5150,117258
2012-07-20,4594,5060,5180,5010,5180,68329
2012-07-23,4471,4925,5020,4865,5020,105454
2012-07-24,4353,4795,4885,4750,4835,94276
2012-07-25,4185,4610,4755,4600,4755,88324
2012-07-26,4303,4740,4765,4640,4750,41999
2012-07-27,4390,4835,4850,4740,4740,49705
2012-07-30,4658,5130,5240,4820,4835,310858
2012-07-31,4712,5190,5190,5060,5120,120977
2012-08-01,4712,5190,5270,5130,5200,130338
2012-08-02,4857,5350,5450,5220,5220,310535
2012-08-03,4649,5120,5420,5120,5340,93102
2012-08-06,4839,5330,5430,5270,5270,116557
2012-08-07,4994,5500,5520,5330,5350,255872
2012-08-08,4912,5410,5550,5410,5510,165399
2012-08-09,4930,5430,5500,5330,5500,108347
2012-08-10,4984,5490,5500,5390,5470,92148
2012-08-13,5039,5550,5630,5400,5480,117903
2012-08-14,4939,5440,5650,5420,5550,110304
2012-08-16,4903,5400,5480,5340,5440,110155
2012-08-17,4894,5390,5490,5340,5430,63167
2012-08-20,4894,5390,5530,5350,5450,114214
2012-08-21,4921,5420,5480,5400,5400,86768
2012-08-22,4939,5440,5500,5350,5430,65069
2012-08-23,5357,5900,5950,5470,5480,729973
2012-08-24,5266,5800,6130,5710,6000,409805
2012-08-27,5266,5800,5930,5760,5850,200844
2012-08-28,5311,5850,5880,5630,5840,225178
2012-08-29,5429,5980,6030,5760,5850,193328
2012-08-30,5320,5860,6030,5770,6010,189347
2012-08-31,5384,5930,6030,5770,5850,188788
2012-09-03,5675,6250,6260,5920,6040,407179
2012-09-04,5466,6020,6350,6020,6290,334951
2012-09-05,5493,6050,6150,5930,6020,168716
2012-09-06,5493,6050,6100,5900,6080,163067
2012-09-07,5629,6200,6250,6070,6070,277945
2012-09-10,5629,6200,6250,6140,6210,101895
2012-09-11,5538,6100,6220,6100,6220,85659
2012-09-12,5330,5870,6160,5500,6160,232367
2012-09-13,5257,5790,6030,5770,5930,117621
2012-09-14,5420,5970,6030,5860,5860,118918
2012-09-17,5584,6150,6220,6000,6050,246852
2012-09-18,5575,6140,6180,6040,6180,102505
2012-09-19,5620,6190,6210,6050,6140,94925
2012-09-20,5620,6190,6350,6160,6190,224981
2012-09-21,5620,6190,6270,6070,6230,143027
2012-09-24,5493,6050,6230,5950,6190,135135
2012-09-25,5311,5850,6060,5800,6050,134909
2012-09-26,5266,5800,5920,5710,5750,111203
2012-09-27,5348,5890,5890,5720,5780,66969
2012-09-28,5411,5960,6000,5900,5930,65705
2012-10-02,5311,5850,6020,5850,5960,42256
2012-10-04,5520,6080,6120,5720,5850,124645
2012-10-05,5983,6590,6680,6080,6080,405987
2012-10-08,6192,6820,6870,6450,6620,543106
2012-10-09,6219,6850,6890,6750,6820,254490
2012-10-10,6283,6920,6950,6750,6790,176497
2012-10-11,6210,6840,6920,6740,6890,124301
2012-10-12,6247,6880,6880,6750,6770,117914
2012-10-15,6120,6740,6980,6690,6880,145355
2012-10-16,6201,6830,6900,6570,6740,88729
2012-10-17,6265,6900,7200,6840,6840,186765
2012-10-18,6001,6610,7070,6590,6980,188765
2012-10-19,6029,6640,6720,6430,6570,130017
2012-10-22,6038,6650,6680,6450,6500,76991
2012-10-23,6074,6690,6880,6620,6620,107244
2012-10-24,5974,6580,6640,6520,6600,69028
2012-10-25,6238,6870,6920,6570,6640,187949
2012-10-26,6047,6660,6920,6660,6870,85477
2012-10-29,5784,6370,6770,6270,6600,94073
2012-10-30,5838,6430,6540,6290,6290,114086
2012-10-31,5838,6430,6550,6370,6500,95087
2012-11-01,5638,6210,6470,6210,6450,85759
2012-11-02,5820,6410,6410,6200,6270,99358
2012-11-05,5856,6450,6470,6320,6340,31975
2012-11-06,5856,6450,6480,6300,6450,63467
2012-11-07,5784,6370,6470,6370,6400,75031
2012-11-08,5720,6300,6300,6100,6230,92232
2012-11-09,5602,6170,6250,6080,6250,92345
2012-11-12,5765,6350,6350,6170,6170,64370
2012-11-13,5893,6490,6690,6300,6320,140871
2012-11-14,5811,6400,6550,6350,6530,57006
2012-11-15,5520,6080,6300,6070,6300,114554
2012-11-16,5538,6100,6190,5950,6110,46848
2012-11-19,5620,6190,6240,6050,6100,34182
2012-11-20,5538,6100,6280,6040,6220,70834
2012-11-21,5575,6140,6190,6010,6130,39917
2012-11-22,5602,6170,6250,6100,6160,56691
2012-11-23,5747,6330,6330,6060,6190,49360
2012-11-26,5711,6290,6400,6250,6390,39493
2012-11-27,5547,6110,6350,6110,6260,51175
2012-11-28,5547,6110,6180,6040,6100,57415
2012-11-29,5493,6050,6250,6010,6190,74188
2012-11-30,5230,5760,6160,5720,6140,221975
2012-12-03,5320,5860,5890,5580,5760,110794
2012-12-04,5511,6070,6260,5840,5840,92531
2012-12-05,5557,6120,6160,6000,6080,61107
2012-12-06,5502,6060,6180,5980,6120,49678
2012-12-07,5466,6020,6110,5930,6060,29612
2012-12-10,5656,6230,6290,6050,6090,100000
2012-12-11,5629,6200,6280,6130,6230,46931
2012-12-12,5584,6150,6250,6150,6180,27359
2012-12-13,5593,6160,6250,6130,6160,38144
2012-12-14,5593,6160,6180,6030,6170,45226
2012-12-17,5457,6010,6160,6010,6160,45473
2012-12-18,5493,6050,6190,5960,6080,60279
2012-12-20,5493,6050,6150,6000,6050,37087
2012-12-21,5484,6040,6100,5940,6050,30424
2012-12-24,5493,6050,6120,6000,6090,40367
2012-12-26,5711,6290,6290,6050,6050,97291
2012-12-27,5758,6170,6220,6140,6180,29859
2012-12-28,5748,6160,6250,6080,6250,18151
2013-01-02,5730,6140,6220,6110,6160,38143
2013-01-03,5646,6050,6220,6030,6220,33848
2013-01-04,5646,6050,6100,5980,6100,51872
2013-01-07,5515,5910,6130,5900,6080,99272
2013-01-08,5226,5600,5950,5570,5950,387829
2013-01-09,5030,5390,5660,5350,5660,457045
2013-01-10,5226,5600,5660,5420,5450,230292
2013-01-11,5440,5830,5910,5600,5610,276764
2013-01-14,5403,5790,5870,5710,5830,126274
2013-01-15,5291,5670,5860,5650,5780,93998
2013-01-16,5291,5670,5800,5600,5600,65117
2013-01-17,5226,5600,5760,5600,5670,43785
2013-01-18,5347,5730,5820,5600,5600,79067
2013-01-21,5412,5800,5910,5750,5800,215144
2013-01-22,5384,5770,5890,5760,5830,100101
2013-01-23,5571,5970,6020,5800,5800,343203
2013-01-24,5431,5820,6000,5820,5950,117179
2013-01-25,5590,5990,5990,5800,5860,181356
2013-01-28,5683,6090,6090,5940,6040,138738
2013-01-29,5655,6060,6120,6010,6090,70102
2013-01-30,5646,6050,6090,5950,6090,85763
2013-01-31,5590,5990,6110,5990,6060,39736
2013-02-01,5627,6030,6070,5920,6030,112336
2013-02-04,5580,5980,6090,5980,6030,73221
2013-02-05,5375,5760,5980,5570,5960,169232
2013-02-06,5366,5750,5810,5680,5750,76323
2013-02-07,5506,5900,5910,5660,5790,98406
2013-02-08,5562,5960,5980,5870,5900,45712
2013-02-12,5534,5930,5990,5890,5960,52691
2013-02-13,5534,5930,6000,5890,5930,46841
2013-02-14,5534,5930,5960,5810,5940,70490
2013-02-15,5739,6150,6240,5930,5950,346183
2013-02-18,6299,6750,6920,6270,6300,1279350
2013-02-19,6318,6770,6840,6670,6800,430549
2013-02-20,6318,6770,6850,6650,6850,330089
2013-02-21,6392,6850,6950,6770,6790,320684
2013-02-22,6392,6850,7050,6800,6880,333289
2013-02-25,6392,6850,6870,6630,6860,249187
2013-02-26,6485,6950,7080,6740,6780,295356
2013-02-27,6513,6980,7120,6940,7080,212605
2013-02-28,6933,7430,7460,7050,7080,574788
2013-03-04,6756,7240,7540,7230,7430,308055
2013-03-05,6793,7280,7430,7200,7320,226073
2013-03-06,6719,7200,7400,7070,7360,170497
2013-03-07,6541,7010,7260,7000,7160,161649
2013-03-08,6644,7120,7170,6900,7100,182979
2013-03-11,6616,7090,7140,6930,7100,112437
2013-03-12,6672,7150,7270,7040,7150,142488
2013-03-13,6784,7270,7300,7110,7160,137519
2013-03-14,6775,7260,7310,7190,7200,106967
2013-03-15,6551,7020,7270,7020,7260,160110
2013-03-18,6122,6560,7050,6540,7000,429513
2013-03-19,6280,6730,6760,6600,6620,148835
2013-03-20,6280,6730,6800,6550,6730,125013
2013-03-21,6280,6730,6840,6710,6790,69643
2013-03-22,6364,6820,6860,6710,6750,96186
2013-03-25,6607,7080,7080,6880,6920,181867
2013-03-26,6625,7100,7150,7000,7070,102127
2013-03-27,6625,7100,7140,6880,7100,132863
2013-03-28,6579,7050,7150,7010,7150,73960
2013-03-29,6457,6920,7140,6870,7050,127585
2013-04-01,6392,6850,6930,6790,6930,143194
2013-04-02,6513,6980,6980,6820,6850,112134
2013-04-03,6467,6930,7040,6850,7000,91430
2013-04-04,6234,6680,6910,6490,6830,188791
2013-04-05,6140,6580,6690,6490,6620,122884
2013-04-08,5823,6240,6630,6240,6630,139163
2013-04-09,5842,6260,6370,6150,6150,84425
2013-04-10,6056,6490,6490,6260,6380,62269
2013-04-11,6056,6490,6580,6420,6580,69349
2013-04-12,6000,6430,6560,6430,6550,64058
2013-04-15,6066,6500,6520,6390,6420,46791
2013-04-16,5935,6360,6460,6270,6430,227012
2013-04-17,5244,5620,6380,5560,6380,482903
2013-04-18,5468,5860,5970,5690,5690,275510
2013-04-19,5468,5860,5950,5670,5860,166495
2013-04-22,5515,5910,5930,5760,5850,149958
2013-04-23,5552,5950,5980,5840,5870,96234
2013-04-24,5627,6030,6060,5950,6050,131107
2013-04-25,5627,6030,6090,5970,6050,117902
2013-04-26,5702,6110,6110,6000,6070,73406
2013-04-29,5711,6120,6120,6060,6120,45504
2013-04-30,5842,6260,6260,6090,6120,92177
2013-05-02,5898,6320,6440,6240,6260,93414
2013-05-03,5954,6380,6380,6220,6360,82534
2013-05-06,5907,6330,6380,6240,6380,65850
2013-05-07,5842,6260,6380,6240,6330,56493
2013-05-08,5692,6100,6300,6100,6270,150268
2013-05-09,6010,6440,6440,6150,6210,275753
2013-05-10,6066,6500,6550,6290,6380,272735
2013-05-13,5944,6370,6530,6360,6500,155766
2013-05-14,5599,6000,6500,5820,6420,472188
2013-05-15,5786,6200,6210,6000,6040,96393
2013-05-16,5842,6260,6300,6150,6200,119314
2013-05-20,5767,6180,6410,6100,6260,210379
2013-05-21,5926,6350,6370,6190,6260,118389
2013-05-22,5898,6320,6370,6180,6310,132358
2013-05-23,5898,6320,6450,6320,6450,170675
2013-05-24,5898,6320,6410,6220,6300,98443
2013-05-27,5870,6290,6330,6220,6310,102868
2013-05-28,6364,6820,6820,6250,6320,449601
2013-05-29,6243,6690,6840,6610,6780,251519
2013-05-30,6271,6720,6840,6580,6670,170498
2013-05-31,6112,6550,6770,6410,6720,214036
2013-06-03,6383,6840,6840,6540,6550,327417
2013-06-04,6327,6780,6900,6670,6900,238459
2013-06-05,6262,6710,6800,6500,6680,122656
2013-06-07,6224,6670,6890,6440,6710,248817
2013-06-10,6327,6780,6800,6540,6540,141746
2013-06-11,6327,6780,6810,6680,6780,103117
2013-06-12,6262,6710,6940,6690,6700,177212
2013-06-13,6374,6830,6960,6730,6880,485235
2013-06-14,6224,6670,6950,6630,6860,214101
2013-06-17,6252,6700,6790,6470,6740,200764
2013-06-18,6215,6660,6790,6610,6710,111155
2013-06-19,6056,6490,6720,6490,6720,103526
2013-06-20,5954,6380,6500,6240,6420,186187
2013-06-21,5758,6170,6230,6040,6150,201351
2013-06-24,5552,5950,6280,5950,6280,115886
2013-06-25,5431,5820,6060,5630,5880,222896
2013-06-26,5646,6050,6050,5810,5820,125849
2013-06-27,5804,6220,6240,6060,6090,87617
2013-06-28,5795,6210,6280,6130,6280,63104
2013-07-01,5711,6120,6240,6120,6240,37151
2013-07-02,5683,6090,6170,6050,6150,27521
2013-07-03,5711,6120,6240,6120,6120,89156
2013-07-04,5748,6160,6200,6030,6170,43473
2013-07-05,5776,6190,6240,6160,6160,34285
2013-07-08,5767,6180,6260,6100,6240,33533
2013-07-09,5832,6250,6250,6160,6190,42138
2013-07-10,5786,6200,6270,6120,6250,40704
2013-07-11,5888,6310,6330,6210,6210,81017
2013-07-12,5898,6320,6350,6270,6310,51910
2013-07-15,5954,6380,6430,6240,6320,79284
2013-07-16,5916,6340,6480,6280,6430,60322
2013-07-17,6243,6690,6700,6310,6350,244844
2013-07-18,6467,6930,7060,6880,6900,452828
2013-07-19,6523,6990,7130,6940,6980,248841
2013-07-22,6597,7070,7120,6970,7050,149003
2013-07-23,6849,7340,7380,7000,7070,301337
2013-07-24,6775,7260,7460,7200,7450,180425
2013-07-25,6887,7380,7480,7250,7310,217180
2013-07-26,7344,7870,7940,7340,7400,518509
2013-07-29,7073,7580,7960,7570,7950,264545
2013-07-30,7185,7700,7770,7480,7620,230202
2013-07-31,7036,7540,7730,7500,7700,157074
2013-08-01,7316,7840,7910,7500,7570,280592
2013-08-02,7204,7720,8160,7640,7970,318173
2013-08-05,7559,8100,8100,7720,7810,198792
2013-08-06,7568,8110,8290,8000,8170,124971
2013-08-07,7568,8110,8210,7980,8020,86147
2013-08-08,7232,7750,8180,7630,8170,202973
2013-08-09,7129,7640,7930,7600,7780,120577
2013-08-12,7241,7760,7860,7600,7740,99937
2013-08-13,7232,7750,7920,7720,7790,98135
2013-08-14,7176,7690,8080,7600,7970,283122
2013-08-16,7204,7720,7740,7550,7690,113847
2013-08-19,7157,7670,7810,7580,7770,84506
2013-08-20,6961,7460,7760,7400,7500,166396
2013-08-21,6989,7490,7530,7330,7470,107235
2013-08-22,6672,7150,7450,7110,7370,167123
2013-08-23,6933,7430,7500,7170,7170,62991
2013-08-26,6971,7470,7570,7470,7560,53953
2013-08-27,7055,7560,7720,7470,7510,121127
2013-08-28,6784,7270,7480,7230,7450,81517
2013-08-29,6765,7250,7400,7220,7350,74749
2013-08-30,6859,7350,7350,7150,7210,90166
2013-09-02,7157,7670,7750,7370,7380,198838
2013-09-03,6980,7480,7680,7460,7680,137955
2013-09-04,6859,7350,7550,7300,7500,106698
2013-09-05,7101,7610,7620,7330,7420,102825
2013-09-06,7204,7720,7890,7540,7700,246141
2013-09-09,7484,8020,8150,7760,7800,302761
2013-09-10,7699,8250,8320,7960,8020,503797
2013-09-11,7829,8390,8500,8200,8320,466157
2013-09-12,7671,8220,8500,8130,8320,258643
2013-09-13,7811,8370,8410,8140,8240,170324
2013-09-16,7699,8250,8420,8190,8400,91036
2013-09-17,7727,8280,8460,8070,8190,181448
2013-09-23,8044,8620,8640,8270,8280,366763
2013-09-24,8072,8650,8880,8620,8640,224206
2013-09-25,8212,8800,8900,8550,8660,247756
2013-09-26,8109,8690,8850,8650,8810,93636
2013-09-27,7932,8500,8780,8500,8740,121521
2013-09-30,8016,8590,8680,8340,8510,126108
2013-10-01,7792,8350,8710,8310,8550,93208
2013-10-02,7755,8310,8560,8310,8400,111169
2013-10-04,7745,8300,8420,8200,8310,76447
2013-10-07,8016,8590,8590,8250,8340,94181
2013-10-08,8063,8640,8730,8430,8560,84990
2013-10-10,8193,8780,8830,8610,8640,157645
2013-10-11,8109,8690,8840,8690,8800,77442
2013-10-14,7941,8510,8710,8460,8710,74398
2013-10-15,7699,8250,8570,8200,8570,123596
2013-10-16,7652,8200,8450,8170,8290,149018
2013-10-17,7409,7940,8290,7800,8290,168093
2013-10-18,7475,8010,8090,7900,7960,42930
2013-10-21,7801,8360,8420,7930,8030,66758
2013-10-22,7792,8350,8460,8280,8460,36472
2013-10-23,7792,8350,8380,8180,8360,54759
2013-10-24,7745,8300,8390,8240,8370,16816
2013-10-25,7587,8130,8320,8060,8250,43685
2013-10-28,7400,7930,8150,7810,8130,79750
2013-10-29,7587,8130,8140,7850,7860,38107
2013-10-30,7652,8200,8200,8050,8170,30019
2013-10-31,7568,8110,8250,8030,8230,45582
2013-11-01,7652,8200,8220,8040,8040,48198
2013-11-04,7680,8230,8260,8160,8200,27760
2013-11-05,7605,8150,8270,7980,8270,62275
2013-11-06,7559,8100,8240,8030,8150,36732
2013-11-07,7223,7740,8100,7740,8090,59415
2013-11-08,7223,7740,7800,7500,7610,41022
2013-11-11,7092,7600,7810,7500,7800,50970
2013-11-12,7419,7950,8000,7480,7480,42053
2013-11-13,7213,7730,7950,7550,7950,75439
2013-11-14,7559,8100,8100,7620,7740,98249
2013-11-15,7521,8060,8110,7960,8110,28023
2013-11-18,7297,7820,8180,7800,8060,85870
2013-11-19,7363,7890,7920,7720,7720,42541
2013-11-20,7279,7800,7900,7740,7820,23340
2013-11-21,7129,7640,7810,7500,7760,71688
2013-11-22,7129,7640,7740,7550,7650,20394
2013-11-25,7213,7730,7800,7570,7570,22298
2013-11-26,7241,7760,7810,7710,7810,5147
2013-11-27,7204,7720,7800,7620,7710,10387
2013-11-28,7353,7880,7910,7630,7690,21702
2013-11-29,7353,7880,7940,7800,7800,19758
2013-12-02,7372,7900,7910,7680,7810,40662
2013-12-03,7157,7670,7900,7670,7900,28315
2013-12-04,7325,7850,7870,7700,7700,79446
2013-12-05,7372,7900,7900,7770,7850,44286
2013-12-06,7363,7890,7980,7790,7900,57769
2013-12-09,7372,7900,7980,7820,7890,23472
2013-12-10,7185,7700,7940,7620,7800,70375
2013-12-11,7073,7580,7770,7580,7770,44603
2013-12-12,7073,7580,7670,7540,7670,21215
2013-12-13,7092,7600,7620,7450,7590,23121
2013-12-16,7017,7520,7750,7490,7750,23399
2013-12-17,6999,7500,7610,7480,7520,18435
2013-12-18,6859,7350,7560,7350,7510,33558
2013-12-19,7083,7590,7630,7300,7300,44575
2013-12-20,7092,7600,7720,7580,7660,15164
2013-12-23,6989,7490,7670,7440,7540,23264
2013-12-24,6980,7480,7640,7360,7440,32408
2013-12-26,6971,7470,7540,7330,7480,33612
2013-12-27,7373,7700,7740,7290,7290,91649
2013-12-30,7287,7610,7790,7560,7700,29617
2014-01-02,7038,7350,7610,7250,7610,41695
2014-01-03,7162,7480,7480,7280,7430,28723
2014-01-06,7076,7390,7520,7180,7480,33113
2014-01-07,7095,7410,7450,7230,7350,61294
2014-01-08,7028,7340,7470,7280,7410,30403
2014-01-09,7114,7430,7440,7280,7340,39499
2014-01-10,7038,7350,7450,7310,7410,26725
2014-01-13,6894,7200,7390,7180,7350,49734
2014-01-14,6703,7000,7200,6930,7130,74226
2014-01-15,6664,6960,7060,6910,7000,37330
2014-01-16,6712,7010,7060,6880,7060,47331
2014-01-17,6703,7000,7120,6890,6970,38248
2014-01-20,6569,6860,6990,6800,6960,39833
2014-01-21,6616,6910,6930,6720,6860,53543
2014-01-22,6789,7090,7160,6870,6910,54363
2014-01-23,6616,6910,7080,6810,7060,87460
2014-01-24,6607,6900,6940,6750,6940,41645
2014-01-27,6463,6750,6840,6720,6780,40736
2014-01-28,6454,6740,6770,6670,6750,12060
2014-01-29,6444,6730,6820,6670,6740,26861
2014-02-03,6415,6700,6730,6600,6730,24014
2014-02-04,6406,6690,6800,6590,6670,16560
2014-02-05,6492,6780,6780,6700,6700,25098
2014-02-06,6569,6860,6910,6760,6860,26520
2014-02-07,6655,6950,6980,6840,6860,22113
2014-02-10,6578,6870,6980,6860,6980,9261
2014-02-11,6569,6860,6920,6790,6810,10775
2014-02-12,6559,6850,6860,6790,6800,25167
2014-02-13,6875,7180,7200,6850,6850,113883
2014-02-14,6961,7270,7300,7110,7220,50144
2014-02-17,7086,7400,7400,7200,7260,56567
2014-02-18,7095,7410,7590,7380,7500,65511
2014-02-19,7124,7440,7440,7240,7410,22252
2014-02-20,7162,7480,7580,7400,7400,65849
2014-02-21,7210,7530,7570,7420,7480,32903
2014-02-24,7248,7570,7600,7350,7530,48480
2014-02-25,7181,7500,7590,7400,7570,41074
2014-02-26,7325,7650,7680,7460,7490,72902
2014-02-27,7344,7670,7700,7590,7650,35364
2014-02-28,7363,7690,7710,7580,7690,51437
2014-03-03,7373,7700,7730,7600,7700,72632
2014-03-04,7593,7930,7950,7650,7650,72126
2014-03-05,7632,7970,8040,7850,7930,53126
2014-03-06,7593,7930,7980,7850,7970,29855
2014-03-07,7574,7910,7990,7850,7930,17770
2014-03-10,7584,7920,7960,7870,7950,40243
2014-03-11,7612,7950,7970,7880,7970,41482
2014-03-12,7593,7930,8100,7870,7950,55509
2014-03-13,7632,7970,7970,7710,7930,34782
2014-03-14,7478,7810,7900,7780,7810,29067
2014-03-17,7316,7640,7890,7600,7890,41671
2014-03-18,7354,7680,7780,7600,7650,25618
2014-03-19,7306,7630,7730,7600,7670,19507
2014-03-20,7268,7590,7680,7500,7630,28079
2014-03-21,7229,7550,7660,7500,7550,40430
2014-03-24,7373,7700,7700,7500,7550,60947
2014-03-25,7325,7650,7720,7620,7700,23101
2014-03-26,7392,7720,7740,7630,7680,23039
2014-03-27,7363,7690,7750,7640,7730,15137
2014-03-28,7344,7670,7710,7560,7690,14856
2014-03-31,7210,7530,7680,7480,7680,21901
2014-04-01,7478,7810,7820,7560,7610,53873
2014-04-02,7545,7880,7960,7800,7810,62970
2014-04-03,7574,7910,7970,7770,7970,69373
2014-04-04,7574,7910,7940,7820,7910,26638
2014-04-07,7488,7820,7900,7650,7900,31001
2014-04-08,7497,7830,7860,7700,7810,23414
2014-04-09,7469,7800,7860,7780,7830,13351
2014-04-10,7459,7790,7810,7760,7810,4285
2014-04-11,7440,7770,7800,7670,7670,7511
2014-04-14,7354,7680,7770,7650,7770,25434
2014-04-15,7325,7650,7770,7590,7680,42856
2014-04-16,7354,7680,7680,7570,7650,38565
2014-04-17,7421,7750,7750,7620,7620,25199
2014-04-18,7411,7740,7780,7700,7760,43117
2014-04-21,7478,7810,7980,7750,7800,39902
2014-04-22,7478,7810,7850,7720,7850,20816
2014-04-23,7440,7770,7850,7690,7810,27284
2014-04-24,7411,7740,7770,7630,7730,26289
2014-04-25,7392,7720,7750,7570,7740,25904
2014-04-28,7335,7660,7730,7600,7720,16256
2014-04-29,7402,7730,7830,7640,7680,78126
2014-04-30,7766,8110,8370,7830,7870,548835
2014-05-02,7670,8010,8770,7940,8110,659172
2014-05-07,7555,7890,8030,7800,8010,114167
2014-05-08,7651,7990,8190,7900,7900,197112
2014-05-09,7641,7980,8230,7890,8060,155534
2014-05-12,7756,8100,8140,7970,7990,323151
2014-05-13,7938,8290,8350,8060,8150,259488
2014-05-14,7938,8290,8450,8270,8350,116036
2014-05-15,7948,8300,8350,8180,8290,94092
2014-05-16,7919,8270,8340,8180,8300,79250
2014-05-19,7833,8180,8500,8100,8330,150667
2014-05-20,7737,8080,8220,7850,8190,126050
2014-05-21,7708,8050,8150,7930,8100,39754
2014-05-22,7756,8100,8250,8000,8120,94677
2014-05-23,7699,8040,8160,7980,8160,26873
2014-05-26,7517,7850,8020,7800,8020,68120
2014-05-27,7325,7650,7870,7610,7800,83838
2014-05-28,7335,7660,7860,7610,7610,140575
2014-05-29,7258,7580,7730,7580,7670,61736
2014-05-30,7287,7610,7740,7440,7540,140572
2014-06-02,7143,7460,7700,7460,7630,89682
2014-06-03,6942,7250,7500,7160,7460,123696
2014-06-05,6971,7280,7310,7100,7250,50751
2014-06-09,7067,7380,7420,7280,7280,39232
2014-06-10,7124,7440,7450,7330,7410,20385
2014-06-11,7038,7350,7440,7290,7440,33319
2014-06-12,7105,7420,7420,7160,7400,24567
2014-06-13,7086,7400,7420,7300,7420,22000
2014-06-16,7114,7430,7430,7330,7400,10068
2014-06-17,7086,7400,7430,7330,7420,23297
2014-06-18,6961,7270,7390,7210,7330,26826
2014-06-19,6741,7040,7290,7000,7260,93668
2014-06-20,6731,7030,7100,6910,6990,50857
2014-06-23,6789,7090,7160,6870,7030,58743
2014-06-24,6770,7070,7090,6940,7090,24871
2014-06-25,6588,6880,7100,6880,7070,28895
2014-06-26,6607,6900,7050,6890,6890,18651
2014-06-27,6751,7050,7050,6900,6900,14962
2014-06-30,6751,7050,7070,6960,7050,11006
2014-07-01,6990,7300,7350,7020,7050,37928
2014-07-02,6990,7300,7310,7170,7300,23288
2014-07-03,6904,7210,7300,7190,7300,12983
2014-07-04,6894,7200,7270,7180,7210,13980
2014-07-07,6875,7180,7260,7040,7260,14778
2014-07-08,6904,7210,7220,7010,7170,30374
2014-07-09,6894,7200,7210,7110,7210,11354
2014-07-10,6932,7240,7270,7120,7210,41401
2014-07-11,7086,7400,7450,7200,7250,55862
2014-07-14,6961,7270,7430,7270,7400,29857
2014-07-15,6904,7210,7340,7200,7310,27241
2014-07-16,6894,7200,7290,7070,7210,45445
2014-07-17,6770,7070,7190,6980,7190,74694
2014-07-18,6837,7140,7160,6870,7020,87058
2014-07-21,6913,7220,7240,7050,7140,34085
2014-07-22,6932,7240,7250,7160,7220,30274
2014-07-23,6913,7220,7270,7170,7270,26275
2014-07-24,6885,7190,7250,7060,7220,39941
2014-07-25,6818,7120,7210,7100,7210,33726
2014-07-28,6770,7070,7140,7040,7120,30209
2014-07-29,6894,7200,7210,6910,7030,73792
2014-07-30,6808,7110,7210,7050,7210,41433
2014-07-31,6664,6960,7100,6880,7100,57750
2014-08-01,6664,6960,7050,6900,6960,38159
2014-08-04,6664,6960,6980,6920,6960,30087
2014-08-05,6856,7160,7210,6960,6980,51817
2014-08-06,6846,7150,7190,7100,7190,9574
2014-08-07,6885,7190,7230,7080,7080,85935
2014-08-08,6846,7150,7760,7120,7300,342191
2014-08-11,7067,7380,7380,7130,7300,70293
2014-08-12,7181,7500,7520,7320,7450,67774
2014-08-13,7162,7480,7610,7000,7500,126921
2014-08-14,6367,6650,7060,6360,7040,1004464
2014-08-18,6444,6730,6740,6440,6650,147185
2014-08-19,6310,6590,6770,6420,6670,109595
2014-08-20,6138,6410,6580,6350,6520,54416
2014-08-21,6157,6430,6490,6360,6360,21087
2014-08-22,6157,6430,6500,6380,6500,20925
2014-08-25,6119,6390,6490,6380,6430,21803
2014-08-26,6166,6440,6510,6390,6390,41340
2014-08-27,6157,6430,6480,6390,6390,34229
2014-08-28,6233,6510,6600,6420,6540,53490
2014-08-29,6262,6540,6550,6420,6440,40646
2014-09-01,6138,6410,6550,6380,6550,49158
2014-09-02,6099,6370,6410,6200,6380,103485
2014-09-03,6013,6280,6350,6130,6230,98936
2014-09-04,5908,6170,6280,6060,6200,85349
2014-09-05,6128,6400,6520,6260,6270,155126
2014-09-11,6262,6540,6550,6300,6400,56504
2014-09-12,6310,6590,6590,6450,6460,49421
2014-09-15,6473,6760,6860,6530,6590,202904
2014-09-16,6482,6770,6810,6680,6680,50483
2014-09-17,6511,6800,6820,6730,6740,44555
2014-09-18,6674,6970,6990,6800,6800,75389
2014-09-19,6530,6820,6950,6810,6870,60661
2014-09-22,6377,6660,6820,6660,6680,23052
2014-09-23,6435,6720,6840,6600,6600,69892
2014-09-24,6521,6810,6860,6700,6700,22307
2014-09-25,6367,6650,6820,6640,6820,60557
2014-09-26,6396,6680,6680,6530,6620,35455
2014-09-29,6320,6600,6690,6530,6610,38372
2014-09-30,6243,6520,6650,6410,6610,47298
2014-10-01,6128,6400,6520,6280,6520,14288
2014-10-02,6042,6310,6400,6290,6380,13073
2014-10-06,6339,6620,6680,6270,6310,33851
2014-10-07,6329,6610,6710,6460,6620,9951
2014-10-08,6358,6640,6700,6580,6600,19723
2014-10-10,6348,6630,6660,6520,6640,21674
2014-10-13,6358,6640,6670,6440,6600,46743
2014-10-14,6291,6570,6640,6550,6600,39569
2014-10-15,6300,6580,6660,6490,6600,75249
2014-10-16,6300,6580,6670,6500,6600,26988
2014-10-17,6358,6640,6700,6540,6610,39133
2014-10-20,6463,6750,6760,6580,6640,19711
2014-10-21,6502,6790,6790,6660,6770,34425
2014-10-22,6492,6780,6800,6740,6800,25666
2014-10-23,6463,6750,6820,6630,6760,28868
2014-10-24,6444,6730,6770,6600,6770,26963
2014-10-27,6435,6720,6750,6640,6750,20484
2014-10-28,6607,6900,6980,6630,6720,54100
2014-10-29,6693,6990,7000,6800,6900,36524
2014-10-30,6712,7010,7020,6850,6990,31028
2014-10-31,6683,6980,7030,6920,7030,8121
2014-11-03,6569,6860,6990,6620,6990,26277
2014-11-04,6798,7100,7630,7080,7300,199815
2014-11-05,6952,7260,7330,7100,7100,72403
2014-11-06,6961,7270,7520,7200,7320,123353
2014-11-07,7076,7390,7420,7260,7280,52089
2014-11-10,7076,7390,7440,7290,7440,33581
2014-11-11,7153,7470,7510,7230,7390,101918
2014-11-12,7220,7540,7570,7430,7530,47740
2014-11-13,7258,7580,7600,7480,7500,32247
2014-11-14,7325,7650,7670,7500,7620,49366
2014-11-17,7440,7770,7810,7610,7700,80941
2014-11-18,7459,7790,7810,7690,7800,33154
2014-11-19,7517,7850,7860,7720,7810,37935
2014-11-20,7316,7640,7890,7600,7890,45249
2014-11-21,7306,7630,7840,7460,7840,66126
2014-11-24,7450,7780,7800,7520,7760,60499
2014-11-25,7402,7730,7850,7620,7740,50174
2014-11-26,7373,7700,7800,7600,7730,51743
2014-11-27,7354,7680,7750,7590,7680,46900
2014-11-28,7526,7860,7960,7660,7740,107655
2014-12-01,7507,7840,7900,7700,7860,35865
2014-12-02,7488,7820,7840,7660,7840,43548
2014-12-03,7411,7740,7840,7700,7820,18080
2014-12-04,7450,7780,7840,7670,7840,35565
2014-12-05,7335,7660,7890,7630,7880,41371
2014-12-08,7306,7630,7800,7630,7800,37412
2014-12-09,7344,7670,7730,7590,7630,23500
2014-12-10,7239,7560,7730,7500,7730,34506
2014-12-11,6990,7300,7560,7160,7560,91162
2014-12-12,6894,7200,7350,7030,7300,81077
2014-12-15,6683,6980,7170,6890,7030,89523
2014-12-16,6655,6950,7040,6880,6980,42234
2014-12-17,6607,6900,7070,6860,7070,23961
2014-12-18,6693,6990,7050,6850,6970,48656
2014-12-19,6741,7040,7110,6980,6980,19211
2014-12-22,6703,7000,7200,6990,6990,21472
2014-12-23,6731,7030,7180,6980,7180,15638
2014-12-24,6722,7020,7160,6970,7030,23776
2014-12-26,6875,7180,7180,7000,7020,18627
2014-12-29,6953,7110,7160,7010,7030,11275
2014-12-30,6924,7080,7100,6910,7100,36682
2015-01-02,6973,7130,7130,6990,7080,19685
2015-01-05,6914,7070,7120,7000,7120,18275
2015-01-06,6895,7050,7080,6970,6970,26022
2015-01-07,6767,6920,7080,6910,7050,17243
2015-01-08,7051,7210,7260,6930,6930,52212
2015-01-09,7120,7280,7410,7100,7410,15301
2015-01-12,7139,7300,7410,7200,7390,16899
2015-01-13,7110,7270,7340,7160,7340,18487
2015-01-14,6934,7090,7330,7080,7230,7902
2015-01-15,7071,7230,7230,7010,7080,28535
2015-01-16,7051,7210,7320,7090,7320,9323
2015-01-19,6963,7120,7240,7000,7170,21180
2015-01-20,7022,7180,7240,7020,7120,32080
2015-01-21,7041,7200,7230,7090,7180,23172
2015-01-22,7012,7170,7260,7120,7260,21829
2015-01-23,6992,7150,7250,7110,7170,11127
2015-01-26,6904,7060,7220,6980,7150,22330
2015-01-27,6777,6930,7110,6910,7060,25780
2015-01-28,6846,7000,7070,6930,6930,22666
2015-01-29,6885,7040,7070,6980,7030,16961
2015-01-30,6807,6960,7120,6940,7120,30173
2015-02-02,6855,7010,7070,6940,7030,11660
2015-02-03,6846,7000,7090,6900,7010,16401
2015-02-04,6816,6970,7040,6900,7010,18691
2015-02-05,6816,6970,6990,6820,6990,31192
2015-02-06,6777,6930,7000,6800,7000,42321
2015-02-09,6650,6800,6940,6690,6930,51655
2015-02-10,6415,6560,6800,6450,6800,78584
2015-02-11,6523,6670,6680,6500,6500,18500
2015-02-12,6454,6600,6700,6300,6700,26518
2015-02-13,6454,6600,6640,6370,6640,77947
2015-02-16,6376,6520,6640,6420,6640,31978
2015-02-17,6425,6570,6580,6420,6560,33592
2015-02-23,6396,6540,6600,6490,6570,32020
2015-02-24,6366,6510,6600,6430,6540,77658
2015-02-25,6357,6500,6590,6480,6520,32544
2015-02-26,6542,6690,6700,6490,6500,25598
2015-02-27,6572,6720,6770,6640,6710,35524
2015-03-02,6474,6620,6720,6550,6720,62119
2015-03-03,6435,6580,6650,6490,6620,76715
2015-03-04,6425,6570,6610,6520,6580,79940
2015-03-05,6435,6580,6620,6500,6590,70856
2015-03-06,6474,6620,6710,6570,6610,64796
2015-03-09,6846,7000,7000,6600,6670,194499
2015-03-10,6679,6830,7010,6790,6970,93668
2015-03-11,6699,6850,6940,6760,6770,54315
2015-03-12,6699,6850,6900,6700,6810,40240
2015-03-13,6650,6800,6850,6750,6850,35459
2015-03-16,6494,6640,6800,6610,6770,64308
2015-03-17,6542,6690,6730,6620,6640,36067
2015-03-18,6474,6620,6710,6570,6690,61939
2015-03-19,6445,6590,6670,6510,6620,66666
2015-03-20,6435,6580,6590,6520,6560,58163
2015-03-23,6386,6530,6600,6520,6560,73073
2015-03-24,6396,6540,6640,6500,6530,51172
2015-03-25,6542,6690,6710,6520,6580,72823
2015-03-26,6474,6620,6720,6570,6610,17905
2015-03-27,6454,6600,6670,6520,6620,44524
2015-03-30,6474,6620,6640,6520,6600,38540
2015-03-31,6494,6640,6670,6550,6630,35096
2015-04-01,6464,6610,6670,6540,6640,48583
2015-04-02,6454,6600,6620,6530,6610,48878
2015-04-03,6572,6720,6750,6560,6570,77538
2015-04-06,6699,6850,6900,6720,6720,83624
2015-04-07,6650,6800,6920,6730,6860,53225
2015-04-08,6631,6780,6850,6720,6850,44132
2015-04-09,6631,6780,6860,6660,6750,36259
2015-04-10,6679,6830,6900,6780,6780,42899
2015-04-13,6699,6850,6890,6780,6850,47833
2015-04-14,6767,6920,7110,6830,6830,107272
2015-04-15,6719,6870,7020,6870,7020,37648
2015-04-16,6631,6780,6920,6750,6880,60505
2015-04-17,6631,6780,6870,6760,6790,21808
2015-04-20,6650,6800,6930,6780,6810,45786
2015-04-21,6738,6890,6890,6800,6850,36355
2015-04-22,6797,6950,7050,6750,6890,155655
2015-04-23,6709,6860,7000,6810,6960,70854
2015-04-24,6572,6720,6930,6610,6870,87242
2015-04-27,6572,6720,6780,6660,6740,51261
2015-04-28,6494,6640,6770,6630,6730,63384
2015-04-29,6445,6590,6690,6580,6690,48224
2015-04-30,6376,6520,6610,6490,6580,63242
2015-05-04,6337,6480,6600,6430,6520,38759
2015-05-06,6269,6410,6480,6350,6480,47666
2015-05-07,6269,6410,6410,6280,6400,59064
2015-05-08,6308,6450,6490,6330,6490,71881
2015-05-11,6327,6470,6510,6450,6450,33854
2015-05-12,6435,6580,6580,6430,6470,53838
2015-05-13,6386,6530,6590,6470,6590,31625
2015-05-14,6464,6610,6630,6420,6530,62934
2015-05-15,6523,6670,6730,6610,6630,39887
2015-05-18,6474,6620,6660,6560,6610,46102
2015-05-19,6406,6550,6560,6360,6540,105595
2015-05-20,6435,6580,6590,6460,6550,69184
2015-05-21,6288,6430,6590,6400,6500,90764
2015-05-22,6376,6520,6530,6410,6460,44384
2015-05-26,6425,6570,6580,6450,6520,75734
2015-05-27,6376,6520,6560,6430,6560,50513
2015-05-28,7325,7490,7490,6720,6850,1436402
2015-05-29,7051,7210,7500,7180,7500,524101
2015-06-01,6777,6930,7270,6890,7210,214842
2015-06-02,6826,6980,7200,6850,6880,229175
2015-06-03,6855,7010,7130,6860,6880,146414
2015-06-04,6914,7070,7450,6990,7030,303041
2015-06-05,6728,6880,7220,6840,7080,129073
2015-06-08,7090,7250,7270,6980,6980,201575
2015-06-09,7481,7650,8200,7300,7300,630760
2015-06-10,7550,7720,7840,7520,7670,276096
2015-06-11,7110,7270,7900,6870,7750,476426
2015-06-12,7530,7700,7770,7200,7280,262811
2015-06-15,7609,7780,8090,7700,7850,228291
2015-06-16,7873,8050,8070,7710,7860,201404
2015-06-17,7824,8000,8200,7850,8100,164301
2015-06-18,8234,8420,8460,7890,7890,330106
2015-06-19,9242,9450,9590,8470,8480,895384
2015-06-22,9154,9360,11500,9360,11100,1665799
2015-06-23,9310,9520,9750,9000,9290,496878
2015-06-24,9222,9430,9640,9330,9640,244294
2015-06-25,9310,9520,9870,9330,9360,205620
2015-06-26,8890,9090,9480,9010,9380,227307
2015-06-29,8645,8840,9250,8750,8990,126924
2015-06-30,8723,8920,9150,8650,8720,167929
2015-07-01,8909,9110,9190,8950,9100,79152
2015-07-02,9056,9260,9420,9050,9070,154284
2015-07-03,9095,9300,9410,9150,9260,100295
2015-07-06,8988,9190,9320,9120,9280,112750
2015-07-07,9203,9410,9660,9170,9220,164917
2015-07-08,9486,9700,10150,9520,9530,479919
2015-07-09,9447,9660,9970,9350,9630,136206
2015-07-10,9574,9790,10150,9680,9790,199818
2015-07-13,9780,10000,10000,9730,9840,141931
2015-07-14,10807,11050,11100,10000,10100,433540
2015-07-15,11540,11800,12100,10950,10950,510893
2015-07-16,11687,11950,12400,11250,12000,436346
2015-07-17,12127,12400,12400,11500,12100,275553
2015-07-20,11149,11400,12450,11200,12400,426895
2015-07-21,11785,12050,12250,10950,11200,362092
2015-07-22,12323,12600,12700,12050,12200,396256
2015-07-23,12861,13150,13450,12550,12650,408096
2015-07-24,12665,12950,13050,12500,12900,163803
2015-07-27,12372,12650,13000,12500,12950,147249
2015-07-28,12372,12650,12750,12000,12650,136039
2015-07-29,12469,12750,12850,12300,12700,125240
2015-07-30,11980,12250,12750,12250,12600,62816
2015-07-31,12274,12550,12700,12100,12250,83153
2015-08-03,12274,12550,12650,12100,12650,61278
2015-08-04,12274,12550,12650,12200,12550,56352
2015-08-05,12714,13000,13400,12300,12550,112468
2015-08-06,13301,13600,13750,13000,13100,134765
2015-08-07,13350,13650,13700,13250,13600,74399
2015-08-10,13154,13450,13750,13250,13500,131678
2015-08-11,12812,13100,13550,13100,13500,155171
2015-08-12,13301,13600,14150,13100,13150,303240
2015-08-13,13350,13650,13950,13500,13700,192921
2015-08-14,13350,13650,13650,13650,13650,0
2015-08-17,13447,13750,14000,13550,13700,86369
2015-08-18,12909,13200,13850,13150,13850,157513
2015-08-19,12372,12650,13600,11500,12800,293729
2015-08-20,12372,12650,13150,12350,12500,110710
2015-08-21,11149,11400,12200,10950,11900,372304
2015-08-24,10904,11150,12300,10900,11150,222866
2015-08-25,11687,11950,11950,10900,11150,185126
2015-08-26,12176,12450,12750,11900,12100,153035
2015-08-27,12274,12550,12800,12450,12500,82412
2015-08-28,12518,12800,12950,12500,12750,86856
2015-08-31,13350,13650,13850,12500,12800,144967
2015-09-01,13007,13300,13750,13250,13750,77202
2015-09-02,12763,13050,13250,12700,12850,73433
2015-09-03,12665,12950,13450,12700,13300,37689
2015-09-04,12469,12750,13150,12300,12950,91300
2015-09-07,11589,11850,12750,11400,12550,294087
2015-09-08,11589,11850,12300,11650,12050,71439
2015-09-09,11589,11850,12150,11850,11950,70078
2015-09-10,11931,12200,12200,11750,11750,88194
2015-09-11,12127,12400,12850,12150,12200,73196
2015-09-14,12029,12300,12900,12050,12600,66618
2015-09-15,12176,12450,12450,11900,12100,45707
2015-09-16,12420,12700,12700,12350,12450,60479
2015-09-17,12127,12400,12700,12400,12500,66807
2015-09-18,12567,12850,13500,12450,12450,156249
2015-09-21,12372,12650,13200,12400,13000,117936
2015-09-22,12176,12450,12750,12350,12650,54529
2015-09-23,11785,12050,12450,12050,12300,62504
2015-09-24,11931,12200,12500,11900,12050,43527
2015-09-25,12567,12850,12950,12200,12300,175482
2015-09-30,12127,12400,14350,12200,12300,832930
2015-10-01,11736,12000,12650,11300,12350,503360
2015-10-02,11589,11850,12250,11650,11900,128710
2015-10-05,11393,11650,12050,11550,11950,118654
2015-10-06,11638,11900,12100,11750,11800,127033
2015-10-07,11589,11850,12300,11700,11900,88991
2015-10-08,11736,12000,12050,11700,11950,83274
2015-10-12,11687,11950,12100,11700,12000,66974
2015-10-13,11540,11800,12100,11750,11950,54678
2015-10-14,11345,11600,11900,11600,11900,48452
2015-10-15,11491,11750,11900,11600,11600,25982
2015-10-16,11393,11650,11800,11550,11700,41282
2015-10-19,11442,11700,11800,11250,11650,84557
2015-10-20,11296,11550,11800,11550,11750,34971
2015-10-21,11442,11700,11850,11400,11700,89954
2015-10-22,11149,11400,11750,11400,11750,44999
2015-10-23,11002,11250,11650,11250,11650,80631
2015-10-26,11100,11350,11450,11250,11250,48005
2015-10-27,11100,11350,11500,11250,11500,38404
2015-10-28,10856,11100,11500,11000,11500,60182
2015-10-29,10758,11000,11200,10600,11100,185869
2015-10-30,10513,10750,11150,10750,11150,34192
2015-11-02,10269,10500,10850,10500,10850,51631
2015-11-03,10318,10550,10850,10400,10400,52438
2015-11-04,10415,10650,11000,10450,10550,39704
2015-11-05,10367,10600,10800,10600,10800,21809
2015-11-06,10367,10600,10850,10400,10500,27055
2015-11-09,10171,10400,10500,9940,10350,132088
2015-11-10,10171,10400,10400,9990,10400,76994
2015-11-11,10220,10450,10650,10050,10400,32781
2015-11-12,10269,10500,10750,10300,10400,38652
2015-11-13,10269,10500,10600,10200,10500,12619
2015-11-16,10122,10350,10450,10100,10400,26307
2015-11-17,10269,10500,10550,10200,10350,26861
2015-11-18,10269,10500,10650,10200,10650,38169
2015-11-19,10856,11100,11200,10450,10550,54108
2015-11-20,10904,11150,11450,11000,11400,36324
2015-11-23,11051,11300,11400,11000,11000,46099
2015-11-24,11345,11600,11650,11200,11300,33385
2015-11-25,11051,11300,11700,11250,11600,52208
2015-11-26,10953,11200,11400,11150,11350,11967
2015-11-27,10953,11200,11400,10950,11250,29089
2015-11-30,10709,10950,11300,10850,11250,14587
2015-12-01,10709,10950,11300,10850,11000,12890
2015-12-02,10660,10900,10950,10600,10850,29131
2015-12-03,10513,10750,10950,10550,10900,31994
2015-12-04,10367,10600,10750,10050,10500,93946
2015-12-07,9975,10200,10650,10200,10500,34936
2015-12-08,9770,9990,10300,9990,10300,35847
2015-12-09,9770,9990,10250,9990,9990,18295
2015-12-10,9574,9790,10150,9680,10100,65717
2015-12-11,8851,9050,9990,9030,9990,114096
2015-12-14,8254,8440,9080,8270,8900,125955
2015-12-15,9359,9570,10200,8450,8450,145200
2015-12-16,9486,9700,9890,9410,9570,35269
2015-12-17,9457,9670,9880,9540,9600,14445
2015-12-18,9437,9650,9750,9460,9530,30599
2015-12-21,9408,9620,9880,9450,9510,23852
2015-12-22,9310,9520,9600,9330,9450,17930
2015-12-23,9242,9450,9840,9320,9840,22893
2015-12-24,9183,9390,9560,9300,9450,38524
2015-12-28,8821,9020,9390,9000,9390,38672
2015-12-29,9197,9300,9300,9000,9020,13645
2015-12-30,9296,9400,9800,9330,9400,21057
2016-01-04,8960,9060,9540,9060,9400,15279
2016-01-05,9009,9110,9190,8850,8850,31197
2016-01-06,8950,9050,9350,9000,9340,14847
2016-01-07,8792,8890,9180,8890,8920,22296
2016-01-08,8584,8680,8970,8550,8850,43999
2016-01-11,8752,8850,8870,8360,8680,34990
2016-01-12,8881,8980,9090,8750,9000,16099
2016-01-13,8841,8940,9110,8930,9110,15878
2016-01-14,8900,9000,9130,8550,8940,23166
2016-01-15,8841,8940,9240,8790,9120,16780
2016-01-18,8999,9100,9100,8750,8990,20540
2016-01-19,8752,8850,9100,8790,9100,30457
2016-01-20,8703,8800,9030,8600,8850,26737
2016-01-21,8604,8700,8890,8600,8800,9585
2016-01-22,8594,8690,8840,8610,8840,15405
2016-01-25,8752,8850,8900,8650,8700,12737
2016-01-26,8752,8850,9000,8720,8850,5526
2016-01-27,8782,8880,8900,8700,8900,10077
2016-01-28,8584,8680,8920,8590,8750,51310
2016-01-29,8574,8670,8740,8550,8680,8407
2016-02-01,8554,8650,8800,8460,8690,21987
2016-02-02,8356,8450,8780,8400,8660,32023
2016-02-03,8307,8400,8670,8000,8450,70358
2016-02-04,8673,8770,8800,8400,8410,31635
2016-02-05,9069,9170,9200,8700,8770,41786
2016-02-11,8811,8910,9170,8820,9170,20848
2016-02-12,8732,8830,8880,8020,8020,55524
2016-02-15,8811,8910,8930,8750,8750,10447
2016-02-16,8742,8840,9000,8650,8910,20085
2016-02-17,8732,8830,8900,8610,8840,17831
2016-02-18,8831,8930,8950,8780,8890,11443
2016-02-19,8811,8910,8960,8830,8930,6521
2016-02-22,8742,8840,9080,8750,8940,34422
2016-02-23,8752,8850,8930,8740,8930,16051
2016-02-24,8712,8810,8980,8720,8980,10933
2016-02-25,8703,8800,8970,8650,8970,4419
2016-02-26,8732,8830,8940,8680,8800,12678
2016-02-29,8683,8780,8900,8660,8830,7124
2016-03-02,8742,8840,8850,8770,8780,8648
2016-03-03,8693,8790,8820,8690,8760,3998
2016-03-04,8683,8780,8800,8570,8790,5294
2016-03-07,8505,8600,8760,8510,8760,25059
2016-03-08,8505,8600,8800,8480,8570,13360
2016-03-09,8416,8510,8650,8480,8600,25351
2016-03-10,8258,8350,8570,8350,8570,23915
2016-03-11,8366,8460,8500,8320,8420,16024
2016-03-14,8366,8460,8460,8370,8460,7052
2016-03-15,8356,8450,8480,8380,8380,5835
2016-03-16,8337,8430,8450,8350,8400,15060
2016-03-17,8327,8420,8450,8300,8430,21916
2016-03-18,8386,8480,8530,8350,8420,10467
2016-03-21,8436,8530,8620,8320,8480,34068
2016-03-22,8327,8420,8640,8310,8600,38685
2016-03-23,8129,8220,8500,8220,8420,53780
2016-03-24,8060,8150,8300,8010,8220,44344
2016-03-25,7941,8030,8320,8010,8320,39812
2016-03-28,7813,7900,8090,7830,8040,42921
2016-03-29,7872,7960,7980,7750,7800,35395
2016-03-30,8000,8090,8260,7950,7960,21910
2016-03-31,8010,8100,8140,8000,8090,14975
2016-04-01,7941,8030,8220,8010,8100,25985
2016-04-04,7971,8060,8140,7960,8140,22191
2016-04-05,8040,8130,8160,7980,8030,19045
2016-04-06,8020,8110,8140,7970,8140,14091
2016-04-07,8020,8110,8230,7990,8130,21582
2016-04-08,8099,8190,8190,8000,8100,33033
2016-04-11,8089,8180,8220,8080,8150,17396
2016-04-12,8080,8170,8210,8100,8150,12091
2016-04-14,8089,8180,8240,8110,8170,4303
2016-04-15,8089,8180,8210,8110,8180,16350
2016-04-18,8040,8130,8290,8100,8120,24264
2016-04-19,8010,8100,8160,8080,8160,25446
2016-04-20,8594,8690,8760,8100,8100,97664
2016-04-21,8712,8810,8900,8570,8690,51220
2016-04-22,8742,8840,8890,8710,8890,34483
2016-04-25,8762,8860,8950,8820,8850,28123
2016-04-26,9266,9370,11150,8870,8870,1107006
2016-04-27,8999,9100,9570,9020,9570,106359
2016-04-28,9138,9240,9430,9000,9110,69527
2016-04-29,9880,9990,11150,9310,9350,788910
2016-05-02,9603,9710,10150,9710,9930,70561
2016-05-03,9603,9710,10200,9670,9720,79016
2016-05-04,9662,9770,9930,9540,9540,37972
2016-05-09,9444,9550,9770,9390,9770,62275
2016-05-10,9444,9550,9720,9420,9710,33138
2016-05-11,9444,9550,9700,9430,9700,21122
2016-05-12,9365,9470,9600,9380,9600,24757
2016-05-13,9365,9470,9600,9370,9600,15295
2016-05-16,9247,9350,9470,9300,9450,27093
2016-05-17,9019,9120,9440,9060,9440,28686
2016-05-18,8881,8980,9180,8900,9060,37106
2016-05-19,9019,9120,9300,8900,9100,32890
2016-05-20,9296,9400,10850,9370,9410,397443
2016-05-23,9217,9320,9540,9240,9510,77602
2016-05-24,9296,9400,9400,9150,9260,118799
2016-05-25,9247,9350,9880,9330,9880,109444
2016-05-26,8989,9090,9400,9070,9400,72602
2016-05-27,8871,8970,9200,8950,9050,67248
2016-05-30,8831,8930,9190,8930,9060,37191
2016-05-31,8881,8980,9000,8860,8860,20226
2016-06-01,8910,9010,9130,8890,8900,44239
2016-06-02,8900,9000,9080,8940,9080,11930
2016-06-03,8782,8880,9070,8830,9070,19545
2016-06-07,8604,8700,9080,8640,8880,63369
2016-06-08,8574,8670,8920,8600,8700,49607
2016-06-09,8584,8680,8810,8580,8740,32147
2016-06-10,8564,8660,8770,8530,8770,21801
2016-06-13,8475,8570,8660,8550,8550,30008
2016-06-14,8465,8560,8620,8500,8520,23095
2016-06-15,8544,8640,8740,8490,8650,21786
2016-06-16,8505,8600,8640,8390,8640,39034
2016-06-17,8633,8730,8750,8510,8660,13915
2016-06-20,8802,8900,8940,8670,8800,25867
2016-06-21,8792,8890,9010,8800,8910,32681
2016-06-22,8782,8880,8940,8750,8900,19368
2016-06-23,8782,8880,8880,8600,8860,23451
2016-06-24,8436,8530,8950,8180,8910,66708
2016-06-27,8327,8420,8900,8100,8100,22981
2016-06-28,8445,8540,8600,8230,8260,19248
2016-06-29,8732,8830,8830,8490,8500,72961
2016-06-30,8900,9000,9020,8690,9000,64332
2016-07-01,9187,9290,9480,9010,9050,116001
2016-07-04,9138,9240,9400,9200,9310,36226
2016-07-05,9197,9300,9340,9100,9240,29853
2016-07-06,9256,9360,9360,9040,9310,36772
2016-07-07,9336,9440,9500,9320,9360,23358
2016-07-08,9256,9360,9450,9270,9400,14023
2016-07-11,9385,9490,9510,9360,9370,26462
2016-07-12,9434,9540,9590,9390,9530,46291
2016-07-13,9514,9620,9640,9490,9550,21063
2016-07-14,9583,9690,9690,9570,9620,18317
2016-07-15,9840,9950,10300,9700,9700,93959
2016-07-18,9889,10000,10050,9900,9950,50845
2016-07-19,9840,9950,10150,9860,10000,53937
2016-07-20,9563,9670,10100,9560,9960,106132
2016-07-21,9316,9420,9830,9350,9700,91654
2016-07-22,9870,9980,10050,9400,9400,56046
2016-07-25,9870,9980,10000,9790,9990,29806
2016-07-26,9850,9960,9980,9870,9980,22031
2016-07-27,9820,9930,9960,9850,9960,25211
2016-07-28,9790,9900,9950,9790,9930,16756
2016-07-29,9810,9920,9940,9840,9900,21048
2016-08-01,9721,9830,10000,9800,9930,19410
2016-08-02,9771,9880,9900,9750,9900,29535
2016-08-03,9692,9800,9900,9600,9830,15252
2016-08-04,10038,10150,10300,9800,9900,65834
2016-08-05,10137,10250,10500,10050,10250,55143
2016-08-08,10186,10300,10550,10150,10250,31797
2016-08-09,10236,10350,10350,10100,10300,33124
2016-08-10,10236,10350,10400,10000,10250,68970
2016-08-11,10483,10600,10850,10200,10350,96844
2016-08-12,10285,10400,10900,10200,10900,142046
2016-08-16,9880,9990,10400,9730,10400,72783
2016-08-17,9840,9950,10000,9850,9990,28553
2016-08-18,9889,10000,10000,9850,9940,25986
2016-08-19,10038,10150,10200,9980,10050,19973
2016-08-22,9880,9990,10250,9950,10200,45186
2016-08-23,9840,9950,10000,9850,9920,15159
2016-08-24,9840,9950,10200,9950,10200,24475
2016-08-25,9830,9940,10050,9890,9990,20521
2016-08-26,9573,9680,9930,9490,9930,77621
2016-08-29,9543,9650,9790,9410,9790,37286
2016-08-30,9523,9630,9700,9450,9700,13317
2016-08-31,9336,9440,9650,9430,9600,17805
2016-09-01,9336,9440,9520,9400,9400,7862
2016-09-02,9494,9600,9630,9400,9440,8512
2016-09-05,9444,9550,10200,9510,9700,59178
2016-09-06,9692,9800,9870,9540,9570,22524
2016-09-07,9494,9600,9820,9560,9690,15655
2016-09-08,9425,9530,9650,9400,9650,28203
2016-09-09,9395,9500,9550,9400,9500,8736
2016-09-12,9306,9410,9460,9280,9430,16904
2016-09-13,9296,9400,10450,9350,10050,149412
2016-09-19,9365,9470,9510,9390,9400,22455
2016-09-20,9533,9640,9640,9510,9590,36245
2016-09-21,9573,9680,9890,9600,9640,57520
2016-09-22,9622,9730,9870,9620,9710,24581
2016-09-23,9553,9660,9840,9600,9840,22074
2016-09-26,9583,9690,9820,9650,9820,7487
2016-09-27,9494,9600,9690,9420,9690,18402
2016-09-28,9494,9600,9640,9430,9510,14766
2016-09-29,9504,9610,9670,9520,9600,4307
2016-09-30,9474,9580,9690,9420,9690,24734
2016-10-04,9316,9420,9600,9390,9580,11406
2016-10-05,9296,9400,9450,9330,9420,8875
2016-10-06,9306,9410,9460,9380,9450,7747
2016-10-07,9286,9390,9450,9280,9450,6437
2016-10-10,9237,9340,9480,9270,9390,6403
2016-10-11,9187,9290,9400,9090,9250,26825
2016-10-12,9158,9260,9290,8900,9290,16004
2016-10-13,9197,9300,9350,9090,9300,16948
2016-10-14,9059,9160,9340,9100,9340,9771
2016-10-17,9227,9330,9340,9020,9100,20793
2016-10-18,9286,9390,9450,9290,9300,12676
2016-10-19,9345,9450,9460,9380,9390,21096
2016-10-20,9345,9450,9450,9370,9450,7641
2016-10-21,9365,9470,9480,9370,9460,15079
2016-10-24,9365,9470,9610,9330,9500,12796
2016-10-25,9336,9440,9470,9270,9470,9367
2016-10-26,9177,9280,9440,9130,9440,15820
2016-10-27,9167,9270,9350,9160,9350,8705
2016-10-28,9148,9250,9300,9110,9300,4818
2016-10-31,9029,9130,9470,8720,9470,6852
2016-11-01,8999,9100,9220,9000,9220,10148
2016-11-02,8960,9060,9150,8850,9100,38557
2016-11-03,9029,9130,9190,8930,9000,12896
2016-11-04,8930,9030,9150,8940,9100,9992
2016-11-07,8950,9050,9140,8970,9100,10317
2016-11-08,8900,9000,9120,8950,9050,24990
2016-11-09,8841,8940,9090,8200,9070,48010
2016-11-10,9395,9500,9740,9030,9030,56913
2016-11-11,9790,9900,9900,9390,9500,58053
2016-11-14,9939,10050,10400,9900,9900,165467
2016-11-15,9790,9900,10050,9800,10000,48482
2016-11-16,9988,10100,10200,9660,9970,105317
2016-11-17,10038,10150,10300,10000,10150,43720
2016-11-18,10038,10150,10300,9950,10200,60215
2016-11-21,9810,9920,10150,9870,10150,29489
2016-11-22,9820,9930,10100,9850,9930,21055
2016-11-23,9672,9780,10050,9780,9930,21470
2016-11-24,9593,9700,9900,9620,9900,24242
2016-11-25,9840,9950,9980,9680,9680,38914
2016-11-28,9751,9860,10050,9790,10000,15346
2016-11-29,9810,9920,9950,9720,9950,17329
2016-11-30,9761,9870,9900,9700,9900,14804
2016-12-01,9632,9740,9860,9650,9860,10860
2016-12-02,9612,9720,9830,9650,9830,16035
2016-12-05,9543,9650,9720,9400,9600,16600
2016-12-06,9662,9770,9770,9650,9710,13575
2016-12-07,9731,9840,9940,9780,9780,13630
2016-12-08,9682,9790,9880,9750,9760,15254
2016-12-09,9790,9900,9900,9790,9790,8714
2016-12-12,10186,10300,10450,9900,9940,113774
2016-12-13,10285,10400,10600,10250,10350,62633
2016-12-14,10186,10300,10500,10200,10400,26849
2016-12-15,10236,10350,10400,10100,10150,52940
2016-12-16,10186,10300,10450,10200,10450,17978
2016-12-19,10137,10250,10400,10050,10400,23238
2016-12-20,10137,10250,10350,10000,10100,39003
2016-12-21,10087,10200,10350,10150,10350,24126
2016-12-22,10087,10200,10300,10000,10300,45878
2016-12-23,9988,10100,10250,10000,10250,26859
2016-12-26,9988,10100,10150,9950,10100,34540
2016-12-27,9880,9990,10250,9880,9970,65288
2016-12-28,10100,10100,10350,9990,10050,70606
2016-12-29,10000,10000,10200,10000,10050,25695
2017-01-02,10450,10450,10450,10000,10000,23332
2017-01-03,10700,10700,10750,10250,10550,40934
2017-01-04,10600,10600,10850,10550,10800,22438
2017-01-05,10600,10600,10700,10400,10650,20521
2017-01-06,10700,10700,10700,10500,10600,18969
2017-01-09,10750,10750,10850,10550,10850,21562
2017-01-10,10700,10700,10850,10450,10750,39282
2017-01-11,10700,10700,10750,10450,10700,18694
2017-01-12,10350,10350,10750,10000,10750,70905
2017-01-13,10550,10550,10550,10200,10400,32703
2017-01-16,10950,10950,11100,10450,10500,76638
2017-01-17,11300,11300,11750,10950,11050,179119
2017-01-18,11350,11350,11350,11000,11200,43008
2017-01-19,11350,11350,11550,11250,11250,43438
2017-01-20,11200,11200,11450,10950,11450,36830
2017-01-23,11000,11000,11250,11000,11000,33488
2017-01-24,10900,10900,11100,10850,11100,19348
2017-01-25,10900,10900,10950,10700,10900,27191
2017-01-26,11100,11100,11150,10850,11000,22197
2017-01-31,11150,11150,11250,11000,11100,24682
2017-02-01,10850,10850,11250,10750,11250,47639
2017-02-02,10850,10850,10950,10600,10800,30952
2017-02-03,10800,10800,10950,10600,10850,38466
2017-02-06,10750,10750,10900,10700,10750,33704
2017-02-07,10700,10700,10900,10500,10700,39480
2017-02-08,10500,10500,10650,10350,10650,33705
2017-02-09,10500,10500,10600,10300,10600,34084
2017-02-10,10500,10500,10800,10450,10500,41361
2017-02-13,10700,10700,11150,10550,10600,64832
2017-02-14,10700,10700,10900,10700,10850,17138
2017-02-15,10800,10800,10900,10650,10750,22383
2017-02-16,10650,10650,10900,10650,10800,11575
2017-02-17,10550,10550,10700,10400,10650,26283
2017-02-20,10300,10300,10550,10300,10550,22783
2017-02-21,10150,10150,10500,10150,10350,43061
2017-02-22,10400,10400,10400,10050,10150,38741
2017-02-23,10200,10200,10450,10000,10300,47815
2017-02-24,10150,10150,10300,9940,10300,49356
2017-02-27,10250,10250,10350,10050,10300,22693
2017-02-28,10350,10350,10450,10200,10300,14062
2017-03-02,10100,10100,10500,10000,10350,66074
2017-03-03,10100,10100,10300,9990,10100,20550
2017-03-06,10100,10100,10400,10000,10000,19802
2017-03-07,10250,10250,10300,10050,10100,19904
2017-03-08,10400,10400,10500,10250,10250,20098
2017-03-09,10550,10550,10650,10250,10400,32681
2017-03-10,10550,10550,10600,10400,10550,33547
2017-03-13,10500,10500,10650,10350,10550,18292
2017-03-14,10500,10500,10600,10300,10550,24315
2017-03-15,10500,10500,10550,10350,10500,31765
2017-03-16,10750,10750,10850,10550,10550,47642
2017-03-17,10550,10550,10950,10500,10900,48604
2017-03-20,10300,10300,10600,10100,10550,57951
2017-03-21,10400,10400,10450,10150,10250,17598
2017-03-22,10500,10500,10500,10350,10350,21504
2017-03-23,10450,10450,10550,10300,10500,19292
2017-03-24,10250,10250,10500,10050,10400,32896
2017-03-27,10100,10100,10300,9950,10300,83157
2017-03-28,10150,10150,10200,10000,10200,15660
2017-03-29,10100,10100,10250,10000,10250,20062
2017-03-30,10200,10200,10200,9990,10100,33699
2017-03-31,10250,10250,10350,10100,10200,11364
2017-04-03,10350,10350,10400,10200,10200,14581
2017-04-04,10150,10150,10400,10150,10350,11518
2017-04-05,10250,10250,10300,10150,10250,7829
2017-04-06,10250,10250,10300,10100,10200,13989
2017-04-07,10250,10250,10300,10100,10250,25131
2017-04-10,10150,10150,10300,10050,10250,11600
2017-04-11,9980,9980,10200,9970,10150,23201
2017-04-12,10050,10050,10100,9970,9990,9243
2017-04-13,10000,10000,10150,9900,10050,19056
2017-04-14,9980,9980,10050,9930,10000,17880
2017-04-17,9980,9980,10050,9900,9950,15194
2017-04-18,9950,9950,10000,9890,10000,14460
2017-04-19,10050,10050,10050,9850,9950,24334
2017-04-20,10050,10050,10050,9860,9860,15118
2017-04-21,10000,10000,10100,9940,10000,23817
2017-04-24,9980,9980,10050,9900,10050,15230
2017-04-25,9990,9990,10050,9910,10050,12357
2017-04-26,10050,10050,10050,9910,9940,11503
2017-04-27,9980,9980,10050,9900,10050,15124
2017-04-28,9940,9940,9990,9860,9990,11650
2017-05-02,9860,9860,9950,9720,9940,27380
2017-05-04,9610,9610,9860,9500,9860,60996
2017-05-08,9870,9870,9890,9610,9610,32019
2017-05-10,9890,9890,9960,9760,9760,20234
2017-05-11,10300,10300,10450,9990,10250,237315
2017-05-12,10300,10300,10600,10050,10450,87328
2017-05-15,10250,10250,10350,10100,10300,21317
2017-05-16,9990,9990,10400,9980,10400,47459
2017-05-17,9990,9990,10200,9930,9930,34494
2017-05-18,9960,9960,9990,9800,9940,27928
2017-05-19,9960,9960,9980,9890,9940,16917
2017-05-22,9910,9910,9980,9830,9980,21310
2017-05-23,10150,10150,10150,9820,9900,34389
2017-05-24,10400,10400,10400,10000,10200,64017
2017-05-25,10900,10900,11900,10650,10850,684015
2017-05-26,11200,11200,11300,10650,10900,139536
2017-05-29,10800,10800,11250,10800,11250,92306
2017-05-30,11150,11150,11250,10900,10950,79843
2017-05-31,11050,11050,11250,10850,11250,75181
2017-06-01,11450,11450,11550,10800,10950,143671
2017-06-02,11350,11350,11550,11350,11500,74216
2017-06-05,11950,11950,12150,11500,11500,361885
2017-06-07,11400,11400,12000,11400,11950,149359
2017-06-08,11650,11650,11800,11200,11550,143419
2017-06-09,12600,12600,12900,11500,11650,518715
2017-06-12,12500,12500,12900,12350,12700,160568
2017-06-13,12600,12600,12800,12300,12500,76482
2017-06-14,12600,12600,12700,12350,12600,77305
2017-06-15,12600,12600,12750,12250,12750,75297
2017-06-16,12600,12600,12700,12350,12600,66733
2017-06-19,12450,12450,12650,12350,12600,55541
2017-06-20,12150,12150,12600,12150,12500,67849
2017-06-21,12300,12300,12350,11950,12300,70203
2017-06-22,12250,12250,12400,12000,12150,54087
2017-06-23,12300,12300,12450,11900,12050,68369
2017-06-26,12700,12700,12800,11900,12300,118076
2017-06-27,12650,12650,12900,12550,12800,45257
2017-06-28,12750,12750,12800,12300,12500,97010
2017-06-29,12650,12650,12850,12400,12650,62292
2017-06-30,12400,12400,12650,12300,12650,25642
2017-07-03,11950,11950,12550,11800,12550,68696
2017-07-04,11800,11800,12100,11750,12000,39385
2017-07-05,11950,11950,12100,11850,12000,52535
2017-07-06,12200,12200,12200,11700,11950,73705
2017-07-07,12100,12100,12300,11950,12150,38221
2017-07-10,12000,12000,12150,11850,12150,39447
2017-07-11,11800,11800,12050,11700,12000,47229
2017-07-12,11750,11750,11900,11550,11900,89756
2017-07-13,12000,12000,12000,11700,11750,47254
2017-07-14,12300,12300,12650,12100,12250,113467
2017-07-17,12850,12850,13000,12400,12500,135015
2017-07-18,12750,12750,13100,12650,12900,103445
2017-07-19,12950,12950,13150,12600,12800,107955
2017-07-20,12900,12900,13100,12800,13050,41453
2017-07-21,12600,12600,12950,12450,12900,100260
2017-07-24,13350,13350,13500,12450,12650,143851
2017-07-25,13500,13500,13650,13200,13300,128967
2017-07-26,12850,12850,13650,12750,13600,127645
2017-07-27,13150,13150,13300,12850,12900,74494
2017-07-28,12700,12700,13250,12450,13200,119815
2017-07-31,12400,12400,12700,12350,12500,71185
2017-08-01,12500,12500,12500,12150,12350,61675
2017-08-02,12650,12650,12750,12400,12600,54210
2017-08-03,12450,12450,12750,12150,12750,87742
2017-08-04,12400,12400,12550,12050,12050,121249
2017-08-07,13000,13000,13100,12300,12300,94759
2017-08-08,12800,12800,13100,12750,13000,39276
2017-08-09,12700,12700,12900,12550,12900,56227
2017-08-10,12500,12500,13250,11950,13200,367714
2017-08-11,12600,12600,12600,12250,12300,76678
2017-08-14,12450,12450,12750,12350,12750,71704
2017-08-16,12300,12300,12650,12250,12450,126050
2017-08-17,12400,12400,12500,12250,12450,66535
2017-08-18,12550,12550,12550,12200,12300,80408
2017-08-21,12650,12650,12800,12450,12600,69871
2017-08-22,12750,12750,12800,12600,12650,43495
2017-08-23,12750,12750,12850,12650,12750,29378
2017-08-24,12750,12750,12900,12450,12750,56067
2017-08-25,12700,12700,12850,12600,12750,33590
2017-08-28,12450,12450,12750,12250,12600,72757
2017-08-29,12350,12350,12450,11950,12350,113160
2017-08-30,11900,11900,12450,11850,12450,111341
2017-08-31,12200,12200,12250,11900,11950,44813
2017-09-01,12200,12200,12450,12000,12150,64191
2017-09-04,11800,11800,12100,11750,11850,63394
2017-09-05,12000,12000,12000,11650,11850,53312
2017-09-06,12000,12000,12050,11800,11950,31510
2017-09-07,12250,12250,12300,11900,12000,87238
2017-09-08,11750,11750,12300,11650,12200,85347
2017-09-11,11800,11800,11900,11650,11650,21748
2017-09-12,11550,11550,11850,11350,11800,79786
2017-09-13,11550,11550,11700,11350,11600,40353
2017-09-14,11200,11200,11650,11050,11550,90712
2017-09-15,11100,11100,11300,10850,11150,69390
2017-09-18,11500,11500,11500,11050,11100,56635
2017-09-19,11500,11500,11800,11350,11500,118120
2017-09-20,11300,11300,11600,11250,11500,53271
2017-09-21,11050,11050,11300,10950,11200,38455
2017-09-25,10600,10600,11100,10450,10950,109436
2017-09-26,10600,10600,10600,10600,10600,0
2017-09-27,10400,10400,10650,10200,10450,106691
2017-09-28,10600,10600,10650,10250,10300,29365
2017-09-29,10600,10600,10800,10450,10500,28842
2017-10-10,10550,10550,10700,10250,10600,67081
2017-10-11,10850,10850,10850,10450,10550,49136
2017-10-12,10850,10850,11100,10750,10850,58554
2017-10-13,10650,10650,10900,10400,10850,78275
2017-10-16,10800,10800,10900,10350,10500,58614
2017-10-17,10500,10500,10950,10400,10950,41396
2017-10-18,10550,10550,10700,10300,10550,34955
2017-10-19,10500,10500,10700,10350,10550,34098
2017-10-20,10550,10550,10600,10400,10500,15656
2017-10-23,10350,10350,10650,10250,10550,57976
2017-10-24,10650,10650,10650,10300,10300,64936
2017-10-25,10450,10450,10700,10350,10600,49522
2017-10-26,10350,10350,10550,10200,10450,48818
2017-10-27,10250,10250,10450,10150,10300,66705
2017-10-30,10300,10300,10400,10150,10250,46727
2017-10-31,10350,10350,10550,10250,10400,63358
2017-11-01,10550,10550,10650,10350,10400,42690
2017-11-02,10550,10550,10650,10400,10550,48844
2017-11-03,10350,10350,10600,10250,10550,70237
2017-11-06,10100,10100,10400,9950,10400,88077
2017-11-07,10150,10150,10250,10050,10250,23264
2017-11-08,10400,10400,10450,10100,10150,32782
2017-11-09,10500,10500,10550,10300,10400,37086
2017-11-10,9990,9990,10150,9980,10100,153374
2017-11-13,9690,9690,9990,9470,9990,188173
2017-11-14,9600,9600,9730,9530,9700,84197
2017-11-15,9670,9670,9870,9510,9620,85612
2017-11-16,9570,9570,9920,9440,9730,94187
2017-11-17,10100,10100,10400,9710,9720,215661
2017-11-20,10300,10300,10400,10000,10300,52391
2017-11-21,10050,10050,10350,9990,10350,71035
2017-11-22,10000,10000,10050,9900,10050,59675
2017-11-23,10050,10050,10100,9900,10000,44612
2017-11-24,9970,9970,10050,9910,10050,32824
2017-11-27,9930,9930,10050,9860,9970,34220
2017-11-28,9950,9950,9960,9820,9920,38333
2017-11-29,9880,9880,9960,9860,9950,31357
2017-11-30,9750,9750,9930,9610,9900,59320
2017-12-01,9700,9700,9780,9570,9780,40761
2017-12-04,9910,9910,10100,9740,9740,76710
2017-12-05,10100,10100,10100,9830,9910,55699
2017-12-06,10100,10100,10150,9960,10100,45077
2017-12-07,9880,9880,10100,9860,10100,40193
2017-12-08,9770,9770,9990,9650,9990,52081
2017-12-11,9710,9710,9830,9640,9710,58028
2017-12-12,9680,9680,9790,9640,9680,30137
2017-12-13,9650,9650,9710,9540,9680,64884
2017-12-14,9850,9850,9850,9650,9670,27931
2017-12-15,9770,9770,9900,9750,9830,32595
2017-12-18,9460,9460,9780,9390,9750,101854
2017-12-19,9430,9430,9550,9430,9470,29149
2017-12-21,9280,9280,9550,9230,9550,64484
2017-12-22,9140,9140,9460,9090,9400,65996
2017-12-26,9240,9240,9310,9190,9200,14913
2017-12-27,9190,9190,9340,9120,9240,25176
2017-12-28,9320,9320,9320,9180,9190,10519
2018-01-02,9410,9410,9410,9220,9320,17178
2018-01-03,9360,9360,9420,9300,9410,16729
2018-01-04,9300,9300,9360,9230,9360,35065
2018-01-05,9320,9320,9330,9240,9300,46743
2018-01-08,9300,9300,9320,9110,9260,31871
2018-01-09,9330,9330,9380,9200,9200,16855
2018-01-10,9320,9320,9380,9270,9380,17927
2018-01-11,9320,9320,9340,9210,9320,19904
2018-01-12,9490,9490,9510,9200,9310,38546
2018-01-15,9720,9720,9830,9200,9490,60207
2018-01-16,9810,9810,9820,9530,9710,42970
2018-01-17,9760,9760,9800,9670,9790,33491
2018-01-18,9730,9730,9790,9620,9760,14760
2018-01-19,9700,9700,9730,9590,9730,19046
2018-01-22,9900,9900,10050,9650,9700,67795
2018-01-23,9860,9860,10050,9840,9990,30944
2018-01-24,9700,9700,9860,9690,9860,31675
2018-01-25,10250,10250,10300,9730,9770,99891
2018-01-26,10400,10400,10600,10100,10150,96778
2018-01-29,10300,10300,10750,10200,10600,73129
2018-01-30,10050,10050,10450,10000,10300,68561
2018-01-31,9920,9920,10100,9810,9980,67779
2018-02-01,9960,9960,10100,9500,10000,30187
2018-02-02,9860,9860,9990,9660,9990,64760
2018-02-05,9600,9600,9750,9460,9670,41603
2018-02-06,9390,9390,9430,8640,9220,123509
2018-02-07,9220,9220,9460,9180,9460,28131
2018-02-08,9320,9320,9500,9090,9090,17080
2018-02-09,8860,8860,9100,8770,9100,126850
2018-02-12,8810,8810,9100,8770,9100,32763
2018-02-13,8460,8460,8920,8460,8800,76157
2018-02-14,8660,8660,8720,8460,8470,31834
2018-02-19,8660,8660,8790,8590,8670,17004
2018-02-20,8670,8670,8700,8600,8700,10408
2018-02-21,8800,8800,8800,8600,8670,13748
2018-02-22,8800,8800,8850,8690,8690,12570
2018-02-23,8830,8830,8840,8660,8800,12500
2018-02-26,8770,8770,8830,8600,8830,19222
2018-02-27,8730,8730,8790,8590,8790,23750
2018-02-28,8580,8580,8730,8500,8730,22701
2018-03-02,8470,8470,8540,8320,8540,20901
2018-03-05,8460,8460,8520,8260,8400,41620
2018-03-06,8480,8480,8520,8330,8460,11847
2018-03-08,8450,8450,8460,8320,8330,12796
2018-03-09,8530,8530,8580,8360,8480,15631
2018-03-12,8740,8740,8780,8520,8530,16473
2018-03-13,8720,8720,8760,8650,8740,7747
2018-03-14,8690,8690,8720,8600,8720,7393
2018-03-15,8690,8690,8690,8550,8640,11489
2018-03-16,8620,8620,8690,8600,8680,4578
2018-03-19,8500,8500,8630,8430,8630,17755
2018-03-20,8450,8450,8710,8430,8490,19877
2018-03-21,8490,8490,8670,8440,8450,14099
2018-03-22,8600,8600,8640,8450,8490,15227
2018-03-23,8530,8530,8580,8470,8550,17252
2018-03-26,8290,8290,8520,8250,8450,51753
2018-03-27,8150,8150,8410,8150,8410,52595
2018-03-28,7990,7990,8180,7940,8150,62514
2018-03-29,8290,8290,8340,8000,8080,20901
2018-03-30,8290,8290,8300,8050,8290,11600
2018-04-02,8200,8200,8290,8110,8260,14855
2018-04-03,8180,8180,8220,8100,8160,9426
2018-04-04,8130,8130,8350,8050,8350,16062
2018-04-05,8120,8120,8250,8060,8250,13013
2018-04-06,7990,7990,8200,7900,8120,23224
2018-04-09,7910,7910,8030,7810,8030,26278
2018-04-10,7990,7990,7990,7750,7820,22176
2018-04-11,7990,7990,8070,7870,7970,26567
2018-04-12,8100,8100,8100,7930,8070,11510
2018-04-13,8240,8240,8240,8010,8100,16722
2018-04-16,8320,8320,8340,8150,8190,13152
2018-04-17,8300,8300,8340,8190,8190,18168
2018-04-18,8640,8640,8760,8150,8320,122131
2018-04-19,8840,8840,8910,8420,8640,98135
2018-04-20,8760,8760,8900,8670,8840,45058
2018-04-23,10150,10150,11100,8770,8770,2849493
2018-04-24,10300,10300,10650,9640,10600,799433
2018-04-25,9970,9970,10700,9800,10400,461566
2018-04-26,9500,9500,10100,9410,9940,288280
2018-04-27,9150,9150,9680,9030,9480,236036
2018-04-30,10200,10200,10550,9390,9450,860777
2018-05-02,10650,10650,11700,10000,10950,1681098
2018-05-03,10350,10350,11200,10050,10500,724324
2018-05-04,11000,11000,11200,10500,10500,654247
2018-05-08,10400,10400,11050,10400,10500,324027
2018-05-09,10500,10500,10800,9980,10600,237713
2018-05-10,11200,11200,11350,10600,10750,701743
2018-05-11,11050,11050,11150,10600,11100,297561
2018-05-14,12150,12150,13300,11200,11450,2184936
2018-05-15,12200,12200,12350,11850,12100,458810
2018-05-16,10850,10850,11700,10700,11200,826981
2018-05-17,10800,10800,11500,10650,10850,519623
2018-05-18,10800,10800,11200,10500,11000,466196
2018-05-21,10850,10850,10950,10450,10700,323643
2018-05-23,10450,10450,10750,10250,10550,391851
2018-05-24,10100,10100,10950,9990,10650,421908
2018-05-25,9130,9130,9400,8900,8920,625520
2018-05-28,11300,11300,11700,10400,10600,1194280
2018-05-29,10900,10900,11650,10850,11100,678111
2018-05-30,12600,12600,13600,11300,11400,4710455
2018-05-31,12700,12700,13250,12000,12450,1280054
2018-06-01,12250,12250,13850,12150,13450,1370458
2018-06-04,11900,11900,12850,11750,12850,572540
2018-06-05,11550,11550,11750,11150,11600,502235
2018-06-07,11150,11150,11750,11150,11600,503604
2018-06-08,10650,10650,11200,10550,11100,404287
2018-06-11,10900,10900,11100,10600,10800,381167
2018-06-12,10550,10550,11150,10450,11150,478202
2018-06-14,9640,9640,10250,9610,10200,357371
2018-06-15,10050,10050,10100,9510,9510,293903
2018-06-18,9770,9770,10350,9690,10000,369987
2018-06-19,9610,9610,10150,9510,9720,227276
2018-06-20,9790,9790,9840,9530,9550,89208
2018-06-21,9420,9420,9870,9420,9800,114307
2018-06-22,9080,9080,9570,8990,9420,128955
2018-06-25,9210,9210,9400,8950,8960,99761
2018-06-26,9040,9040,9320,9000,9120,81534
2018-06-27,8850,8850,9190,8710,9140,173504
2018-06-28,8460,8460,8980,8410,8750,162030
2018-06-29,8840,8840,8840,8410,8780,163799
2018-07-02,8290,8290,8850,8250,8660,140651
2018-07-03,8420,8420,8490,8130,8330,123764
2018-07-04,8490,8490,8540,8320,8320,47844
2018-07-05,8180,8180,8650,8150,8650,80139
2018-07-06,8670,8670,8900,8180,8200,169253
2018-07-09,8070,8070,8480,8050,8450,207476
2018-07-10,8250,8250,8320,8140,8250,97683
2018-07-11,8550,8550,8630,8090,8170,192152
2018-07-12,8470,8470,8580,8420,8500,127398
2018-07-13,8750,8750,8760,8490,8490,138010
2018-07-16,8700,8700,8890,8640,8890,143528
2018-07-17,8670,8670,8770,8600,8640,67935
2018-07-18,8360,8360,8710,8340,8700,99374
2018-07-19,8330,8330,8440,8180,8360,67514
2018-07-20,8250,8250,8420,8160,8250,61212
2018-07-23,7930,7930,8240,7900,8200,84294
2018-07-24,8420,8420,8540,7930,7930,206827
2018-07-26,8640,8640,8800,8410,8420,140307
2018-07-27,8770,8770,8880,8530,8710,86241
2018-07-30,8940,8940,9100,8740,8740,208623
2018-07-31,8630,8630,9070,8510,9070,192587
2018-08-01,8640,8640,8680,8530,8600,86323
2018-08-02,8500,8500,8720,8430,8620,54228
2018-08-03,8500,8500,8590,8400,8530,50176
