,Adj Close,Close,High,Low,Open,Volume
2001-01-12,369000,3690,369000,352000,359000,6555
2001-01-15,413000,4130,413000,402000,413000,6580
2001-01-16,462000,4620,462000,440000,462000,9445
2001-01-17,453000,4530,495000,410000,439000,24466
2001-01-18,438000,4380,483000,400000,456000,10507
2001-01-19,445000,4450,477000,419000,442000,10626
2001-01-22,498000,4980,498000,440000,445000,8790
2001-01-26,517000,5170,557000,485000,535000,18268
2001-01-29,579000,5790,579000,521000,530000,4367
2001-01-30,648000,6480,648000,600000,648000,5791
2001-01-31,571000,5710,645000,571000,640000,12131
2001-02-01,560000,5600,613000,540000,571000,10416
2001-02-02,520000,5200,582000,501000,551000,5602
2001-02-05,540000,5400,577000,472000,472000,6980
2001-02-06,520000,5200,545000,500000,521000,5201
2001-02-07,490000,4900,539000,486000,520000,3937
2001-02-08,482000,4820,515000,482000,490000,4941
2001-02-09,484000,4840,507000,480000,491000,4568
2001-02-12,517000,5170,522000,485000,490000,5869
2001-02-13,543000,5430,573000,510000,523000,12341
2001-02-14,541000,5410,555000,528000,542000,5184
2001-02-15,530000,5300,561000,523000,555000,5785
2001-02-16,515000,5150,559000,511000,540000,6170
2001-02-19,576000,5760,576000,501000,515000,5428
2001-02-20,549000,5490,612000,545000,580000,8160
2001-02-21,556000,5560,575000,539000,542000,4614
2001-02-22,573000,5730,622000,552000,559000,22326
2001-02-23,641000,6410,641000,574000,574000,17506
2001-02-26,717000,7170,717000,670000,690000,17808
2001-02-27,631000,6310,716000,631000,700000,9311
2001-02-28,570000,5700,600000,556000,585000,5972
2001-03-02,502000,5020,580000,502000,561000,3894
2001-03-05,510000,5100,523000,460000,469000,3723
2001-03-06,469000,4690,520000,468000,485000,4907
2001-03-07,483000,4830,502000,478000,481000,3595
2001-03-08,525000,5250,540000,498000,500000,6204
2001-03-09,495000,4950,520000,488000,520000,1957
2001-03-12,440000,4400,472000,440000,463000,2020
2001-03-13,416000,4160,438000,402000,402000,2120
2001-03-15,444000,4440,465000,425000,426000,2668
2001-03-16,442000,4420,460000,436000,449000,2487
2001-03-19,440000,4400,459000,431000,432000,2478
2001-03-20,483000,4830,490000,452000,452000,6461
2001-03-21,479000,4790,495000,465000,480000,3888
2001-03-22,469000,4690,495000,460000,478000,2588
2001-03-23,477000,4770,480000,455000,465000,1580
2001-03-26,490000,4900,495000,477000,480000,1848
2001-03-27,477000,4770,489000,460000,489000,1230
2001-03-28,462000,4620,489000,462000,471000,2016
2001-03-29,466000,4660,481000,442000,445000,1708
2001-03-30,470000,4700,475000,449000,471000,1085
2001-04-02,487000,4870,496000,460000,460000,1802
2001-04-03,506000,5060,523000,470000,480000,6409
2001-04-04,465000,4650,533000,465000,506000,5315
2001-04-06,520000,5200,520000,477000,495000,5300
2001-04-09,534000,5340,578000,522000,545000,16548
2001-04-10,517000,5170,552000,510000,545000,4486
2001-04-11,579000,5790,579000,523000,537000,10146
2001-04-12,581000,5810,626000,572000,585000,13455
2001-04-13,610000,6100,610000,566000,588000,4967
2001-04-16,589000,5890,625000,585000,611000,3659
2001-04-17,540000,5400,597000,537000,582000,4916
2001-04-18,557000,5570,578000,550000,550000,7356
2001-04-19,534000,5340,588000,531000,570000,6604
2001-04-20,598000,5980,598000,535000,535000,9498
2001-04-23,610000,6100,628000,585000,611000,9335
2001-04-24,630000,6300,676000,585000,599000,13245
2001-04-25,639000,6390,642000,612000,635000,3605
2001-04-26,639000,6390,642000,612000,635000,3605
2001-04-27,579000,5790,592000,552000,552000,2340
2001-04-30,615000,6150,634000,580000,580000,5685
2001-05-02,639000,6390,656000,618000,635000,5709
2001-05-03,635000,6350,683000,595000,626000,7490
2001-05-04,662000,6620,711000,627000,640000,12999
2001-05-07,741000,7410,741000,680000,695000,8298
2001-05-08,752000,7520,785000,722000,741000,7519
2001-05-09,707000,7070,767000,707000,750000,4689
2001-05-10,708000,7080,729000,678000,712000,4320
2001-05-11,687000,6870,711000,687000,690000,1969
2001-05-14,670000,6700,693000,666000,672000,2041
2001-05-15,665000,6650,690000,651000,670000,1777
2001-05-16,707000,7070,744000,686000,686000,7145
2001-05-17,708000,7080,740000,701000,728000,4555
2001-05-18,792000,7920,792000,694000,715000,8463
2001-05-21,887000,8870,887000,830000,863000,6842
2001-05-22,993000,9930,993000,913000,993000,16370
2001-05-23,1110000,11100,1110000,962000,989000,18528
2001-05-24,1240000,12400,1240000,1110000,1130000,8895
2001-05-25,1140000,11400,1385000,1140000,1380000,16194
2001-05-28,1275000,12750,1275000,1030000,1140000,23486
2001-05-29,1125000,11250,1395000,1125000,1305000,21957
2001-05-30,1040000,10400,1175000,995000,1115000,9247
2001-05-31,1160000,11600,1160000,973000,1010000,10908
2001-06-01,1165000,11650,1265000,1130000,1195000,16206
2001-06-04,1030000,10300,1240000,1030000,1145000,7060
2001-06-05,1045000,10450,1110000,1020000,1080000,8794
2001-06-07,1010000,10100,1065000,985000,1015000,3624
2001-06-08,1050000,10500,1085000,1020000,1025000,4825
2001-06-11,1080000,10800,1160000,1020000,1020000,7532
2001-06-12,1110000,11100,1135000,1070000,1100000,4189
2001-06-13,1090000,10900,1155000,1060000,1130000,3482
2001-06-14,1220000,12200,1220000,1070000,1090000,12162
2001-06-15,1190000,11900,1320000,1190000,1220000,20771
2001-06-18,1210000,12100,1260000,1185000,1240000,5614
2001-06-19,1180000,11800,1230000,1155000,1200000,3181
2001-06-20,1170000,11700,1250000,1130000,1155000,4730
2001-06-21,1110000,11100,1195000,1110000,1155000,2503
2001-06-22,1030000,10300,1130000,1030000,1120000,3105
2001-06-25,1000000,10000,1065000,994000,1010000,2365
2001-06-26,882000,8820,1025000,880000,1000000,3782
2001-06-27,911000,9110,960000,887000,900000,3630
2001-06-28,900000,9000,934000,892000,902000,1758
2001-06-29,952000,9520,980000,920000,921000,2832
2001-07-02,970000,9700,1010000,960000,975000,2297
2001-07-03,945000,9450,974000,941000,970000,1071
2001-07-04,915000,9150,945000,903000,935000,1156
2001-07-05,915000,9150,944000,910000,930000,1381
2001-07-06,860000,8600,898000,820000,881000,1489
2001-07-09,778000,7780,845000,757000,826000,1388
2001-07-10,800000,8000,820000,782000,803000,1079
2001-07-11,850000,8500,890000,711000,760000,3071
2001-07-12,910000,9100,916000,840000,860000,4125
2001-07-13,810000,8100,930000,810000,920000,1854
2001-07-16,811000,8110,846000,809000,810000,1156
2001-07-18,760000,7600,824000,748000,820000,978
2001-07-19,725000,7250,744000,715000,715000,1150
2001-07-20,718000,7180,747000,718000,731000,993
2001-07-23,643000,6430,730000,642000,709000,1043
2001-07-24,648000,6480,669000,582000,611000,1917
2001-07-25,615000,6150,654000,583000,583000,883
2001-07-26,630000,6300,646000,620000,641000,1096
2001-07-27,705000,7050,705000,646000,650000,3048
2001-07-30,761000,7610,779000,710000,721000,3954
2001-07-31,770000,7700,805000,760000,760000,1971
2001-08-01,777000,7770,795000,755000,785000,2445
2001-08-02,823000,8230,850000,760000,793000,4596
2001-08-03,800000,8000,835000,790000,811000,1782
2001-08-06,800000,8000,814000,780000,782000,1091
2001-08-07,790000,7900,814000,781000,781000,832
2001-08-08,775000,7750,804000,772000,780000,863
2001-08-09,753000,7530,773000,751000,760000,1121
2001-08-10,800000,8000,800000,750000,760000,1436
2001-08-13,820000,8200,835000,790000,807000,3252
2001-08-14,795000,7950,854000,795000,840000,3468
2001-08-16,760000,7600,780000,755000,771000,1361
2001-08-17,742000,7420,775000,734000,749000,1415
2001-08-20,700000,7000,717000,693000,716000,1022
2001-08-21,709000,7090,721000,697000,700000,757
2001-08-22,695000,6950,713000,661000,661000,785
2001-08-23,713000,7130,740000,700000,700000,1454
2001-08-24,707000,7070,726000,693000,726000,742
2001-08-27,700000,7000,718000,700000,715000,711
2001-08-28,679000,6790,709000,676000,683000,624
2001-08-29,646000,6460,668000,635000,668000,726
2001-08-30,638000,6380,680000,627000,650000,449
2001-08-31,598000,5980,629000,583000,586000,903
2001-09-03,579000,5790,600000,551000,570000,810
2001-09-04,610000,6100,610000,563000,580000,781
2001-09-05,585000,5850,608000,582000,608000,617
2001-09-06,605000,6050,615000,572000,572000,1091
2001-09-07,608000,6080,610000,573000,583000,1150
2001-09-10,654000,6540,663000,595000,600000,1659
2001-09-11,655000,6550,709000,650000,670000,2147
2001-09-12,577000,5770,577000,577000,577000,149
2001-09-13,542000,5420,565000,520000,537000,2132
2001-09-14,477000,4770,567000,477000,550000,795
2001-09-17,420000,4200,457000,420000,457000,465
2001-09-18,443000,4430,460000,419000,421000,2880
2001-09-19,432000,4320,455000,430000,435000,1385
2001-09-20,390000,3900,441000,381000,423000,1099
2001-09-21,375000,3750,382000,345000,372000,1233
2001-09-25,390000,3900,457000,372000,430000,2881
2001-09-26,405000,4050,412000,380000,404000,611
2001-09-27,420000,4200,435000,400000,405000,1160
2001-10-04,492000,4920,496000,462000,492000,1793
2001-10-05,478000,4780,505000,450000,491000,1996
2001-10-08,445000,4450,473000,435000,463000,1146
2001-10-09,480000,4800,488000,455000,455000,1459
2001-10-10,505000,5050,530000,460000,462000,3138
2001-10-11,514000,5140,541000,505000,530000,2078
2001-10-12,505000,5050,534000,490000,529000,1343
2001-10-15,530000,5300,560000,491000,491000,3158
2001-10-16,565000,5650,570000,537000,540000,2849
2001-10-17,632000,6320,632000,590000,600000,3506
2001-10-18,641000,6410,670000,620000,632000,4701
2001-10-19,670000,6700,700000,627000,650000,3013
2001-10-22,677000,6770,705000,670000,700000,4084
2001-10-23,667000,6670,685000,661000,680000,2331
2001-10-24,661000,6610,675000,656000,665000,1963
2001-10-25,690000,6900,728000,670000,672000,3749
2001-10-26,665000,6650,710000,641000,710000,1775
2001-10-29,685000,6850,705000,650000,650000,2888
2001-10-30,630000,6300,667000,624000,659000,1136
2001-10-31,627000,6270,645000,602000,602000,1529
2001-11-01,667000,6670,669000,632000,635000,2374
2001-11-02,650000,6500,677000,647000,667000,1561
2001-11-05,660000,6600,674000,651000,651000,964
2001-11-06,689000,6890,699000,658000,670000,3071
2001-11-07,665000,6650,697000,661000,695000,1173
2001-11-08,658000,6580,672000,645000,670000,1240
2001-11-12,645000,6450,660000,638000,660000,901
2001-11-13,652000,6520,658000,626000,630000,1284
2001-11-14,665000,6650,687000,650000,650000,2079
2001-11-15,635000,6350,670000,622000,670000,1372
2001-11-16,649000,6490,663000,610000,610000,949
2001-11-19,653000,6530,685000,645000,651000,2839
2001-11-20,630000,6300,660000,621000,650000,1314
2001-11-21,614000,6140,635000,610000,610000,899
2001-11-22,600000,6000,625000,599000,605000,761
2001-11-23,590000,5900,609000,584000,592000,1295
2001-11-26,590000,5900,617000,577000,585000,1582
2001-11-27,605000,6050,615000,586000,595000,1306
2001-11-28,560000,5600,610000,560000,600000,573
2001-11-29,549000,5490,560000,527000,532000,891
2001-11-30,546000,5460,562000,541000,549000,925
2001-12-03,580000,5800,590000,537000,541000,1634
2001-12-04,574000,5740,605000,570000,573000,1168
2001-12-05,578000,5780,604000,576000,584000,1295
2001-12-06,647000,6470,647000,580000,582000,7132
2001-12-07,650000,6500,655000,627000,647000,3429
2001-12-10,708000,7080,725000,665000,670000,4972
2001-12-11,683000,6830,708000,673000,708000,1456
2001-12-12,710000,7100,732000,686000,686000,2760
2001-12-13,770000,7700,784000,710000,725000,3913
2001-12-14,738000,7380,827000,726000,765000,6136
2001-12-17,655000,6550,747000,650000,747000,2964
2001-12-18,645000,6450,688000,640000,685000,1320
2001-12-19,650000,6500,651000,607000,607000,1136
2001-12-20,654000,6540,654000,600000,600000,891
2001-12-21,678000,6780,685000,625000,625000,969
2001-12-24,674000,6740,705000,674000,680000,1145
2001-12-26,620000,6200,678000,616000,678000,1327
2001-12-27,579000,5790,588000,557000,570000,620
2001-12-28,585000,5850,608000,581000,589000,688
2002-01-02,591000,5910,605000,571000,571000,974
2002-01-04,623000,6230,638000,601000,610000,1319
2002-01-07,614000,6140,632000,601000,625000,1311
2002-01-08,599000,5990,614000,598000,614000,809
2002-01-09,600000,6000,607000,591000,591000,820
2002-01-10,590000,5900,630000,590000,630000,1113
2002-01-11,580000,5800,600000,569000,580000,911
2002-01-14,557000,5570,580000,557000,580000,913
2002-01-15,553000,5530,563000,540000,551000,562
2002-01-16,545000,5450,559000,536000,547000,490
2002-01-17,545000,5450,545000,517000,537000,850
2002-01-18,550000,5500,565000,542000,555000,444
2002-01-21,548000,5480,575000,533000,533000,1034
2002-01-22,545000,5450,565000,542000,542000,1375
2002-01-23,540000,5400,553000,535000,545000,1008
2002-01-24,538000,5380,554000,530000,545000,1502
2002-01-25,527000,5270,543000,525000,538000,1050
2002-01-28,547000,5470,547000,511000,522000,1870
2002-01-29,529000,5290,547000,527000,546000,886
2002-01-30,515000,5150,520000,505000,520000,918
2002-02-01,518000,5180,525000,510000,518000,627
2002-02-04,515000,5150,519000,505000,505000,648
2002-02-05,530000,5300,530000,512000,515000,824
2002-02-06,539000,5390,546000,530000,530000,1031
2002-02-07,539000,5390,564000,520000,533000,1283
2002-02-08,545000,5450,545000,523000,540000,544
2002-02-14,558000,5580,559000,539000,549000,798
2002-02-15,565000,5650,566000,553000,561000,738
2002-02-18,565000,5650,575000,553000,560000,535
2002-02-19,549000,5490,565000,540000,565000,613
2002-02-20,531000,5310,545000,531000,541000,232
2002-02-21,525000,5250,538000,515000,525000,479
2002-02-22,535000,5350,535000,505000,514000,369
2002-02-25,551000,5510,568000,538000,538000,889
2002-02-26,590000,5900,617000,555000,560000,10596
2002-02-27,575000,5750,597000,561000,575000,3252
2002-02-28,545000,5450,585000,536000,570000,2068
2002-03-04,584000,5840,584000,541000,542000,3054
2002-03-05,654000,6540,654000,615000,617000,7195
2002-03-06,732000,7320,732000,654000,654000,9849
2002-03-07,727000,7270,770000,700000,734000,5636
2002-03-08,720000,7200,775000,711000,727000,5044
2002-03-11,720000,7200,730000,663000,729000,5285
2002-03-12,710000,7100,747000,691000,725000,2510
2002-03-13,660000,6600,696000,657000,696000,2156
2002-03-14,635000,6350,654000,624000,654000,2176
2002-03-15,669000,6690,680000,634000,634000,1969
2002-03-18,695000,6950,710000,672000,675000,2391
2002-03-19,703000,7030,729000,690000,696000,1951
2002-03-20,689000,6890,730000,673000,730000,1375
2002-03-21,684000,6840,705000,667000,679000,1730
2002-03-22,705000,7050,712000,678000,689000,2112
2002-03-25,707000,7070,743000,700000,718000,2364
2002-03-26,679000,6790,706000,675000,701000,1128
2002-03-27,730000,7300,730000,685000,686000,1711
2002-03-28,740000,7400,790000,725000,780000,3601
2002-03-29,828000,8280,828000,733000,761000,2910
2002-04-01,780000,7800,926000,780000,870000,4435
2002-04-02,810000,8100,822000,740000,800000,2642
2002-04-03,790000,7900,823000,784000,810000,1401
2002-04-04,780000,7800,785000,755000,774000,1709
2002-04-08,730000,7300,791000,727000,791000,1031
2002-04-09,665000,6650,730000,665000,730000,1393
2002-04-10,625000,6250,666000,620000,665000,665
2002-04-11,655000,6550,665000,630000,635000,536
2002-04-12,654000,6540,654000,625000,625000,626
2002-04-15,670000,6700,690000,650000,650000,634
2002-04-16,670000,6700,673000,650000,664000,383
2002-04-17,663000,6630,694000,658000,672000,630
2002-04-18,668000,6680,670000,630000,663000,630
2002-04-19,625000,6250,660000,625000,659000,707
2002-04-22,566000,5660,625000,550000,613000,1402
2002-04-23,550000,5500,560000,520000,560000,616
2002-04-24,541000,5410,569000,525000,525000,636
2002-04-25,539000,5390,555000,520000,520000,545
2002-04-26,578000,5780,603000,550000,550000,350
2002-04-29,550000,5500,560000,542000,560000,193
2002-04-30,560000,5600,560000,537000,538000,188
2002-05-02,576000,5760,580000,553000,567000,275
2002-05-03,570000,5700,579000,555000,575000,146
2002-05-06,555000,5550,575000,550000,555000,322
2002-05-07,555000,5550,560000,538000,550000,258
2002-05-08,593000,5930,613000,554000,565000,984
2002-05-09,609000,6090,624000,593000,610000,614
2002-05-10,582000,5820,609000,580000,609000,267
2002-05-13,570000,5700,575000,551000,565000,312
2002-05-14,560000,5600,585000,554000,579000,346
2002-05-15,579000,5790,590000,560000,560000,488
2002-05-16,562000,5620,585000,556000,585000,322
2002-05-17,571000,5710,583000,551000,551000,462
2002-05-20,580000,5800,593000,570000,571000,367
2002-05-21,542000,5420,579000,542000,573000,497
2002-05-22,542000,5420,556000,539000,542000,335
2002-05-23,538000,5380,543000,524000,540000,305
2002-05-24,538000,5380,542000,531000,538000,142
2002-05-27,536000,5360,541000,522000,522000,191
2002-05-28,540000,5400,541000,525000,530000,174
2002-05-29,515000,5150,541000,515000,533000,165
2002-05-30,529000,5290,529000,500000,512000,277
2002-05-31,537000,5370,538000,516000,521000,226
2002-06-03,526000,5260,555000,521000,540000,285
2002-06-04,508000,5080,519000,505000,512000,172
2002-06-05,525000,5250,528000,510000,510000,305
2002-06-07,515000,5150,530000,501000,501000,348
2002-06-10,543000,5430,543000,510000,517000,271
2002-06-11,540000,5400,542000,525000,534000,329
2002-06-12,516000,5160,530000,512000,530000,374
2002-06-14,508000,5080,522000,508000,515000,246
2002-06-17,508000,5080,512000,502000,506000,147
2002-06-18,530000,5300,568000,520000,520000,469
2002-06-19,510000,5100,537000,475000,526000,206
2002-06-20,496000,4960,508000,495000,505000,59
2002-06-21,483000,4830,498000,475000,479000,259
2002-06-24,430000,4300,483000,430000,466000,171
2002-06-25,402000,4020,457000,402000,430000,135
2002-06-26,354000,3540,390000,354000,390000,220
2002-06-27,368000,3680,368000,350000,365000,114
2002-06-28,397000,3970,397000,372000,385000,185
2002-07-02,408000,4080,410000,380000,385000,50
2002-07-03,401000,4010,401000,387000,396000,117
2002-07-04,400000,4000,418000,396000,418000,92
2002-07-05,404000,4040,415000,398000,410000,540
2002-07-08,390000,3900,420000,390000,406000,354
2002-07-09,402000,4020,425000,395000,425000,368
2002-07-10,411000,4110,416000,390000,390000,402
2002-07-11,400000,4000,410000,394000,399000,266
2002-07-12,409000,4090,420000,400000,405000,365
2002-07-15,399000,3990,410000,398000,409000,407
2002-07-16,371000,3710,405000,363000,402000,294
2002-07-18,384000,3840,409000,356000,371000,1113
2002-07-19,387000,3870,405000,360000,376000,1185
2002-07-22,354000,3540,377000,346000,372000,444
2002-07-23,361000,3610,367000,340000,348000,282
2002-07-24,352000,3520,360000,342000,355000,254
2002-07-25,351000,3510,384000,351000,365000,185
2002-07-26,350000,3500,370000,344000,351000,685
2002-07-29,340000,3400,357000,336000,350000,180
2002-07-30,349000,3490,351000,340000,351000,404
2002-07-31,341000,3410,351000,338000,343000,142
2002-08-01,312000,3120,344000,303000,335000,460
2002-08-02,310000,3100,315000,300000,312000,231
2002-08-05,296000,2960,315000,295000,302000,197
2002-08-06,294000,2940,296000,280000,280000,304
2002-08-07,300000,3000,315000,298000,298000,207
2002-08-08,304000,3040,313000,299000,301000,165
2002-08-09,298000,2980,319000,298000,311000,127
2002-08-12,303000,3030,310000,295000,307000,202
2002-08-13,306000,3060,318000,300000,303000,242
2002-08-14,315000,3150,317000,300000,306000,323
2002-08-16,315000,3150,323000,310000,316000,197
2002-08-19,310000,3100,320000,305000,315000,116
2002-08-20,347000,3470,347000,310000,311000,578
2002-08-21,345000,3450,358000,333000,350000,511
2002-08-22,348000,3480,351000,327000,345000,368
2002-08-26,388000,3880,388000,366000,381000,353
2002-08-27,379000,3790,401000,375000,390000,773
2002-08-28,350000,3500,370000,345000,364000,150
2002-08-29,365000,3650,370000,340000,350000,55
2002-08-30,368000,3680,375000,360000,375000,115
2002-09-02,352000,3520,370000,351000,370000,248
2002-09-03,357000,3570,360000,346000,355000,62
2002-09-04,341000,3410,355000,340000,355000,223
2002-09-05,354000,3540,354000,332000,341000,325
2002-09-06,358000,3580,358000,338000,355000,160
2002-09-09,326000,3260,366000,316000,358000,967
2002-09-10,320000,3200,326000,302000,325000,441
2002-09-11,320000,3200,325000,308000,320000,167
2002-09-12,317000,3170,330000,316000,330000,59
2002-09-13,308000,3080,323000,308000,310000,98
2002-09-16,305000,3050,315000,296000,296000,213
2002-09-17,310000,3100,315000,300000,305000,665
2002-09-18,288000,2880,308000,285000,301000,274
2002-09-19,290000,2900,302000,284000,284000,249
2002-09-23,290000,2900,290000,283000,283000,102
2002-09-24,280000,2800,299000,274000,275000,465
2002-09-25,299000,2990,299000,276000,285000,107
2002-09-26,264000,2640,299000,264000,299000,491
2002-09-27,264000,2640,269000,254000,260000,85
2002-09-30,238000,2380,265000,237000,265000,50
2002-10-01,234000,2340,234000,215000,215000,202
2002-10-02,228000,2280,243000,226000,240000,186
2002-10-04,226000,2260,238000,219000,220000,35
2002-10-07,219000,2190,226000,214000,218000,44
2002-10-08,215000,2150,228000,203000,212000,150
2002-10-09,210000,2100,223000,204000,219000,73
2002-10-10,200000,2000,214000,190000,204000,580
2002-10-11,224000,2240,224000,199000,209000,810
2002-10-14,250000,2500,250000,225000,235000,825
2002-10-15,280000,2800,280000,233000,260000,606
2002-10-16,247000,2470,272000,247000,268000,1842
2002-10-17,234000,2340,254000,229000,243000,1111
2002-10-18,246000,2460,255000,240000,254000,1453
2002-10-21,235000,2350,247000,232000,241000,327
2002-10-22,213000,2130,240000,207000,232000,1167
2002-10-23,230000,2300,233000,207000,212000,830
2002-10-24,220000,2200,234000,220000,227000,385
2002-10-25,224000,2240,229000,213000,217000,271
2002-10-28,229000,2290,235000,224000,224000,472
2002-10-29,229000,2290,238000,228000,232000,269
2002-10-30,218000,2180,236000,217000,229000,206
2002-10-31,219000,2190,230000,215000,218000,311
2002-11-01,211000,2110,223000,208000,219000,330
2002-11-04,212000,2120,219000,211000,219000,190
2002-11-05,204000,2040,214000,202000,211000,511
2002-11-06,209000,2090,211000,202000,204000,578
2002-11-07,209000,2090,219000,206000,207000,261
2002-11-08,202000,2020,207000,199000,203000,269
2002-11-11,198000,1980,206000,196000,196000,125
2002-11-12,200000,2000,202000,198000,198000,189
2002-11-13,208000,2080,208000,200000,201000,426
2002-11-14,232000,2320,232000,213000,213000,1259
2002-11-15,238000,2380,239000,222000,236000,1532
2002-11-18,235000,2350,243000,230000,238000,1080
2002-11-19,236000,2360,259000,230000,241000,3105
2002-11-20,217000,2170,236000,215000,233000,1160
2002-11-21,215000,2150,218000,207000,218000,733
2002-11-22,208000,2080,215000,208000,214000,547
2002-11-25,208000,2080,213000,203000,204000,560
2002-11-26,210000,2100,212000,205000,208000,311
2002-11-27,225000,2250,230000,212000,215000,853
2002-11-28,222000,2220,235000,219000,235000,686
2002-11-29,222000,2220,225000,218000,222000,214
2002-12-03,248000,2480,248000,225000,227000,2707
2002-12-04,230000,2300,247000,224000,246000,1523
2002-12-05,257000,2570,257000,226000,232000,2230
2002-12-06,281000,2810,283000,261000,262000,3605
2002-12-09,285000,2850,314000,280000,295000,2277
2002-12-10,251000,2510,279000,251000,270000,2874
2002-12-11,264000,2640,267000,236000,258000,3223
2002-12-12,282000,2820,286000,256000,258000,2420
2002-12-13,284000,2840,288000,265000,282000,1816
2002-12-16,295000,2950,316000,281000,281000,4486
2002-12-17,301000,3010,317000,283000,317000,2083
2002-12-18,315000,3150,330000,303000,305000,2504
2002-12-20,292000,2920,315000,287000,310000,1424
2002-12-23,257000,2570,287000,257000,283000,1349
2002-12-24,228000,2280,246000,227000,233000,2165
2002-12-26,222000,2220,229000,211000,220000,1578
2002-12-27,210000,2100,219000,208000,214000,577
2002-12-30,192000,1920,215000,187000,215000,972
2003-01-02,214000,2140,215000,193000,197000,1145
2003-01-03,234000,2340,234000,221000,229000,821
2003-01-06,233000,2330,240000,221000,234000,1025
2003-01-07,222000,2220,245000,220000,245000,952
2003-01-08,220000,2200,228000,219000,220000,648
2003-01-09,223000,2230,225000,211000,211000,595
2003-01-10,210000,2100,234000,206000,230000,847
2003-01-13,235000,2350,235000,210000,210000,1465
2003-01-14,238000,2380,259000,237000,246000,4113
2003-01-15,232000,2320,248000,227000,242000,1246
2003-01-16,224000,2240,234000,220000,227000,589
2003-01-17,210000,2100,226000,210000,217000,518
2003-01-20,210000,2100,214000,205000,210000,371
2003-01-21,213000,2130,219000,206000,206000,896
2003-01-22,202000,2020,209000,200000,206000,772
2003-01-23,203000,2030,210000,200000,202000,496
2003-01-24,198000,1980,209000,197000,205000,732
2003-01-27,192000,1920,199000,185000,198000,340
2003-01-28,194000,1940,198000,190000,190000,323
2003-01-29,180000,1800,198000,180000,192000,251
2003-01-30,187000,1870,188000,180000,180000,261
2003-02-03,194000,1940,194000,185000,185000,343
2003-02-04,192000,1920,196000,190000,191000,409
2003-02-05,189000,1890,193000,189000,191000,155
2003-02-06,189000,1890,192000,181000,188000,330
2003-02-07,184000,1840,189000,180000,189000,58
2003-02-10,182000,1820,184000,176000,178000,278
2003-02-11,183000,1830,192000,177000,185000,187
2003-02-12,184000,1840,187000,180000,187000,161
2003-02-13,184000,1840,184000,178000,184000,331
2003-02-14,180000,1800,184000,179000,184000,150
2003-02-17,189000,1890,189000,184000,184000,391
2003-02-18,188000,1880,189000,183000,189000,390
2003-02-19,189000,1890,194000,188000,189000,609
2003-02-20,193000,1930,203000,187000,192000,1924
2003-02-21,187000,1870,196000,187000,196000,861
2003-02-24,191000,1910,192000,183000,184000,1072
2003-02-25,195000,1950,197000,189000,192000,2075
2003-02-26,172000,1720,198000,172000,193000,6166
2003-02-27,152000,1520,159000,152000,158000,1937
2003-02-28,140000,1400,150000,134000,145000,2697
2003-03-03,151000,1510,156000,137000,137000,4560
2003-03-04,150000,1500,156000,138000,151000,1786
2003-03-05,146000,1460,152000,132000,152000,1125
2003-03-06,150000,1500,151000,136000,150000,2825
2003-03-07,138000,1380,151000,136000,146000,5428
2003-03-10,133000,1330,144000,129000,144000,1013
2003-03-11,132000,1320,138000,125000,130000,1348
2003-03-12,136000,1360,142000,124000,124000,5532
2003-03-13,133000,1330,138000,120000,137000,2021
2003-03-14,129000,1290,140000,128000,136000,1023
2003-03-17,114000,1140,129000,114000,122000,1290
2003-03-18,117000,1170,120000,113000,115000,1480
2003-03-19,114000,1140,120000,113000,113000,712
2003-03-20,124000,1240,126000,113000,113000,1944
2003-03-21,125000,1250,127000,120000,121000,1097
2003-03-24,133000,1330,140000,123000,125000,2787
2003-03-25,122000,1220,129000,119000,121000,952
2003-03-26,125000,1250,135000,124000,124000,1683
2003-03-27,127000,1270,134000,125000,127000,436
2003-03-28,125000,1250,128000,121000,126000,544
2003-03-31,116000,1160,123000,116000,121000,572
2003-04-01,119000,1190,119000,113000,114000,396
2003-04-02,121000,1210,123000,117000,118000,508
2003-04-03,121000,1210,125000,119000,125000,314
2003-04-04,124000,1240,125000,121000,125000,519
2003-04-07,133000,1330,137000,123000,126000,1902
2003-04-08,134000,1340,136000,129000,135000,979
2003-04-09,132000,1320,137000,130000,137000,868
2003-04-10,126000,1260,132000,125000,130000,832
2003-04-11,127000,1270,130000,125000,125000,637
2003-04-14,129000,1290,131000,126000,128000,813
2003-04-15,130000,1300,133000,129000,132000,962
2003-04-16,140000,1400,143000,132000,132000,1262
2003-04-17,136000,1360,140000,136000,140000,500
2003-04-18,142000,1420,144000,138000,138000,1492
2003-04-21,144000,1440,145000,136000,141000,766
2003-04-22,140000,1400,146000,140000,144000,624
2003-04-23,135000,1350,146000,135000,144000,1046
2003-04-24,127000,1270,138000,127000,138000,800
2003-04-25,116000,1160,125000,115000,124000,534
2003-04-28,118000,1180,120000,108000,108000,294
2003-04-29,120000,1200,125000,119000,125000,645
2003-04-30,118000,1180,123000,117000,120000,249
2003-05-02,127000,1270,127000,116000,117000,486
2003-05-06,124000,1240,128000,124000,124000,283
2003-05-07,136000,1360,138000,125000,127000,1711
2003-05-09,128000,1280,134000,125000,133000,1337
2003-05-12,132000,1320,133000,130000,131000,678
2003-05-13,132000,1320,138000,125000,138000,1137
2003-05-14,138000,1380,147000,132000,133000,2802
2003-05-15,138000,1380,143000,133000,142000,1989
2003-05-16,126000,1260,138000,124000,138000,1508
2003-05-19,122000,1220,128000,120000,122000,797
2003-05-20,121000,1210,125000,119000,119000,674
2003-05-21,120000,1200,123000,118000,118000,562
2003-05-22,121000,1210,125000,118000,123000,674
2003-05-23,124000,1240,127000,118000,124000,1034
2003-05-26,124000,1240,125000,120000,122000,1209
2003-05-27,132000,1320,135000,124000,124000,2334
2003-05-28,128000,1280,138000,128000,135000,1164
2003-05-29,143000,1430,143000,128000,129000,3081
2003-05-30,148000,1480,160000,141000,145000,4764
2003-06-02,147000,1470,163000,135000,147000,4391
2003-06-03,150000,1500,157000,143000,145000,2181
2003-06-04,143000,1430,155000,143000,155000,1571
2003-06-05,139000,1390,149000,138000,144000,4392
2003-06-09,139000,1390,145000,136000,138000,1181
2003-06-10,155000,1550,155000,136000,139000,2575
2003-06-11,159000,1590,172000,153000,172000,4229
2003-06-12,155000,1550,162000,149000,162000,2089
2003-06-13,173000,1730,173000,158000,159000,4603
2003-06-16,193000,1930,193000,165000,172000,5505
2003-06-17,195000,1950,202000,187000,200000,2811
2003-06-18,197000,1970,215000,180000,197000,4527
2003-06-19,184000,1840,196000,175000,195000,1743
2003-06-20,170000,1700,188000,169000,177000,1373
2003-06-23,167000,1670,171000,160000,170000,1122
2003-06-24,180000,1800,187000,163000,163000,3617
2003-06-25,194000,1940,196000,179000,183000,2292
2003-06-26,189000,1890,193000,179000,193000,987
2003-06-27,189000,1890,206000,182000,190000,3589
2003-06-30,176000,1760,185000,170000,183000,1195
2003-07-01,174000,1740,183000,170000,183000,1060
2003-07-02,182000,1820,185000,171000,173000,1656
2003-07-03,194000,1940,198000,183000,185000,2627
2003-07-04,190000,1900,195000,180000,193000,2374
2003-07-07,205000,2050,206000,193000,193000,3536
2003-07-08,204000,2040,216000,198000,210000,4328
2003-07-09,199000,1990,214000,199000,205000,1586
2003-07-10,191000,1910,197000,189000,197000,1240
2003-07-11,185000,1850,190000,178000,187000,1264
2003-07-14,181000,1810,187000,178000,183000,1496
2003-07-15,190000,1900,191000,182000,182000,1694
2003-07-16,184000,1840,195000,179000,195000,1170
2003-07-18,167000,1670,180000,167000,180000,950
2003-07-21,158000,1580,170000,154000,155000,1566
2003-07-22,148000,1480,153000,145000,152000,807
2003-07-23,146000,1460,150000,139500,150000,897
2003-07-24,146500,1465,146500,138500,142500,1009
2003-07-25,139000,1390,144000,136500,141000,879
2003-07-28,139500,1395,144000,139500,141000,892
2003-07-29,141000,1410,142500,135000,142500,1337
2003-07-30,133000,1330,140500,133000,136000,566
2003-07-31,132500,1325,135000,128000,133000,343
2003-08-01,117000,1170,137500,117000,127000,2312
2003-08-04,112000,1120,116000,110000,112000,635
2003-08-05,116000,1160,120500,113000,116000,895
2003-08-06,116000,1160,116500,112000,112000,785
2003-08-07,129500,1295,129500,117000,117000,555
2003-08-08,129000,1290,132000,125000,132000,511
2003-08-11,127500,1275,134000,121500,126000,385
2003-08-12,121000,1210,129000,121000,126000,425
2003-08-13,120000,1200,123500,118500,119500,354
2003-08-14,118000,1180,120000,117000,118000,112
2003-08-18,118000,1180,120000,115000,115500,406
2003-08-19,130000,1300,130000,116000,118000,557
2003-08-20,124500,1245,128500,123000,128500,385
2003-08-21,122000,1220,128000,121000,122500,522
2003-08-22,122500,1225,125000,117500,125000,314
2003-08-25,120000,1200,125000,115500,116000,1007
2003-08-26,125000,1250,132500,110000,117500,3213
2003-08-27,121500,1215,133000,117500,127000,1372
2003-08-28,120000,1200,129000,114000,129000,1259
2003-08-29,119500,1195,121000,115500,120000,743
2003-09-01,114500,1145,124000,113000,116000,398
2003-09-02,110000,1100,113500,110000,112500,531
2003-09-03,116000,1160,122000,105000,110000,799
2003-09-04,105000,1050,113000,102500,113000,2184
2003-09-05,92500,925,102000,92500,102000,3819
2003-09-08,83500,835,86500,81500,81500,20158
2003-09-09,81500,815,85000,80500,85000,3558
2003-09-15,81500,815,82000,80500,81500,2523
2003-09-16,87000,870,88500,81500,81500,6869
2003-09-17,88000,880,89000,86000,88000,4732
2003-09-18,87000,870,89500,86000,89500,3410
2003-09-19,87000,870,92000,85500,88000,10410
2003-09-22,82000,820,86000,79000,85500,3928
2003-09-23,77000,770,81000,75500,77000,2566
2003-09-24,74000,740,79000,73000,76500,3530
2003-09-25,70500,705,72000,68000,71000,2505
2003-09-26,71000,710,74000,68000,70500,4322
2003-09-29,71500,715,73000,69500,69500,1928
2003-09-30,70000,700,73500,68500,73500,1900
2003-10-01,66000,660,68500,64000,68000,2934
2003-10-02,64500,645,67500,64500,64500,2419
2003-10-06,63000,630,66000,62500,65500,2136
2003-10-07,62000,620,64000,61000,62000,4405
2003-10-08,61000,610,63500,61000,62000,3682
2003-10-09,57000,570,62500,57000,61500,4476
2003-10-10,63500,635,63500,58000,59000,4035
2003-10-13,65000,650,69000,62500,65500,8939
2003-10-14,63000,630,66000,62500,66000,2586
2003-10-15,63500,635,67000,63500,64000,4241
2003-10-16,60500,605,65000,59000,63000,4438
2003-10-17,59000,590,61000,58500,61000,1295
2003-10-20,55000,550,58500,55000,57500,3010
2003-10-21,53500,535,57000,53500,55500,2240
2003-10-22,53500,535,58000,52500,54000,5736
2003-10-23,59500,595,59500,53500,53500,6867
2003-10-24,56500,565,62500,56500,62000,6889
2003-10-27,63000,630,63000,57000,57500,9525
2003-10-28,70500,705,70500,65000,65500,19797
2003-10-29,72500,725,78000,69000,73000,16044
2003-10-30,81000,810,81000,70500,72500,21590
2003-10-31,82500,825,87500,77500,82500,15494
2003-11-03,73000,730,84500,73000,81500,11311
2003-11-04,73000,730,75000,70000,75000,7915
2003-11-05,81500,815,81500,74000,74500,20085
2003-11-06,72000,720,84000,72000,83000,8108
2003-11-07,63500,635,71000,63500,70500,8932
2003-11-10,59000,590,63000,59000,62500,5467
2003-11-11,56500,565,61500,56000,57500,5468
2003-11-12,63000,630,63000,56000,56000,10038
2003-11-13,63500,635,65500,60500,65000,6295
2003-11-14,57500,575,61500,56000,61500,6743
2003-11-17,55000,550,59500,55000,58500,2358
2003-11-18,56000,560,58000,55500,55500,3807
2003-11-19,55500,555,57000,54500,56000,2779
2003-11-20,62000,620,62000,55500,55500,8756
2003-11-21,63000,630,65000,59500,63000,11457
2003-11-24,70500,705,70500,65500,66500,12298
2003-11-25,72000,720,74500,63500,74000,18736
2003-11-26,63500,635,75000,63500,75000,11354
2003-11-27,62500,625,63000,56500,61000,10627
2003-11-28,61500,615,66000,60000,62000,3636
2003-12-01,60500,605,64000,60500,61500,4443
2003-12-02,65500,655,67000,61000,61000,7515
2003-12-03,72500,725,73000,67500,67500,18069
2003-12-04,64000,640,71000,64000,71000,9472
2003-12-05,69500,695,69500,64000,65500,9325
2003-12-08,77500,775,77500,70500,71500,14604
2003-12-09,86500,865,86500,79000,82000,26226
2003-12-10,82500,825,92000,77500,87500,23403
2003-12-11,92000,920,92000,83500,85000,27977
2003-12-12,89000,890,98000,87000,95500,23125
2003-12-15,85000,850,98000,85000,89500,14473
2003-12-16,83000,830,90000,81000,86000,13847
2003-12-17,79500,795,86000,74500,85000,12687
2003-12-18,78000,780,86500,76500,82000,13598
2003-12-19,86500,865,86500,78500,79000,15693
2003-12-22,90000,900,92000,84000,84000,11523
2003-12-23,79500,795,92500,79500,92000,11077
2003-12-24,70500,705,80000,70000,79000,7829
2003-12-26,63500,635,70500,62500,69000,6305
2003-12-29,65500,655,67500,60000,62500,7043
2003-12-30,64000,640,68000,63000,66000,4042
2004-01-02,67000,670,67000,63500,64500,2898
2004-01-05,69000,690,73000,65500,67000,6149
2004-01-06,69000,690,72500,68500,69500,3790
2004-01-07,63500,635,70000,61500,69000,4160
2004-01-08,61000,610,65000,61000,63500,2085
2004-01-09,60500,605,63000,60500,63000,2632
2004-01-12,64000,640,64500,60000,60000,2345
2004-01-13,63500,635,67500,62000,63500,3079
2004-01-14,64500,645,66500,63000,64000,2049
2004-01-15,72000,720,72000,65000,65500,9510
2004-01-16,71000,710,76000,67500,75500,9221
2004-01-19,63000,630,78500,62500,72500,17488
2004-01-20,65000,650,67000,62500,64000,4326
2004-01-26,66000,660,68000,64000,68000,3236
2004-01-27,64500,645,68000,63000,65000,3924
2004-01-28,68000,680,69500,64500,65500,5155
2004-01-29,66000,660,70000,65000,69000,3873
2004-01-30,65500,655,68000,63500,67500,2036
2004-02-02,65000,650,66500,64000,64500,1822
2004-02-03,62500,625,65500,61000,65000,3262
2004-02-04,62500,625,64000,62000,62000,1705
2004-02-05,62500,625,64000,61000,61500,2211
2004-02-06,61000,610,63000,60500,62500,2241
2004-02-09,59000,590,64000,58500,62000,1157
2004-02-10,57500,575,59000,56500,58000,2323
2004-02-11,59000,590,61000,56500,56500,1864
2004-02-12,61500,615,62000,59000,59000,2183
2004-02-13,59000,590,62000,59000,61500,1263
2004-02-16,60000,600,60500,58500,58500,1160
2004-02-17,59000,590,60000,59000,59000,653
2004-02-18,56500,565,59500,56500,59000,2124
2004-02-19,57000,570,58000,55500,56500,1044
2004-02-20,56000,560,57500,55500,56500,774
2004-02-23,55500,555,57000,54000,56000,1573
2004-02-24,54000,540,56000,54000,55500,624
2004-02-25,51500,515,55000,51500,55000,734
2004-02-26,53500,535,57500,51000,51000,4684
2004-02-27,53500,535,55500,51500,53500,1521
2004-03-02,55500,555,58500,54500,54500,1234
2004-03-03,56500,565,58500,54500,56500,1867
2004-03-04,55000,550,58000,53000,58000,1324
2004-03-05,53500,535,55500,52500,54500,1324
2004-03-08,52500,525,54500,52000,53000,1433
2004-03-09,52500,525,53000,51000,51500,2289
2004-03-10,51500,515,53000,51000,52000,1365
2004-03-11,47500,475,51500,45500,51500,4263
2004-03-12,45500,455,47000,42000,44500,3620
2004-03-15,43000,430,47000,41500,44000,1344
2004-03-16,40500,405,43000,39000,43000,4618
2004-03-17,42000,420,43000,40500,40500,890
2004-03-18,40500,405,44500,40500,41500,1451
2004-03-19,41000,410,43500,40500,40500,1771
2004-03-22,45500,455,45500,43500,45500,7270
2004-03-23,48500,485,49000,43500,45000,3112
2004-03-24,45500,455,48000,45000,46500,2072
2004-03-25,42500,425,47000,42500,44000,3010
2004-03-26,41500,415,45000,41500,44500,591
2004-03-29,39500,395,43000,39000,42500,3334
2004-03-30,35000,350,38000,35000,38000,6496
2004-03-31,35500,355,37000,35000,35000,2625
2004-04-01,38500,385,39500,35500,35500,4566
2004-04-02,39000,390,40500,37000,38000,3816
2004-04-06,39500,395,41500,38000,38000,5072
2004-04-07,39000,390,42000,39000,40500,5746
2004-04-08,40000,400,40500,38500,39500,1163
2004-04-09,44500,445,44500,39000,39500,11267
2004-04-12,49500,495,49500,44500,46500,7935
2004-04-13,44000,440,44000,44000,44000,270
2004-04-14,39000,390,39000,39000,39000,64
2004-04-21,34500,345,34500,34500,34500,572
2004-04-22,38500,385,38500,33500,35500,9142
2004-04-23,34000,340,43000,34000,40000,16362
2004-04-26,33000,330,36000,31500,34000,6126
2004-04-27,29500,295,33000,29500,31500,7776
2004-04-28,28500,285,32000,28500,29500,3654
2004-04-29,25500,255,29000,25500,28000,3658
2004-04-30,26000,260,28500,24500,25000,3336
2004-05-03,26500,265,27500,26000,26500,2114
2004-05-04,26000,260,27500,26000,27500,1595
2004-05-06,24000,240,26500,23500,26500,1635
2004-05-07,22500,225,24500,22000,23500,2171
2004-05-10,23000,230,23000,20000,22500,1760
2004-05-11,22000,220,22000,20500,21000,1706
2004-05-12,22000,220,23000,21000,21500,1501
2004-05-13,21500,215,22500,21000,22000,954
2004-05-14,23000,230,24000,21000,21000,3134
2004-05-17,25500,255,25500,23000,24000,7354
2004-05-18,22500,225,25500,22500,25000,2884
2004-05-19,20000,200,22500,20000,22500,4543
2004-05-20,20000,200,22000,19500,20000,1717
2004-05-21,20500,205,20500,19500,19500,1324
2004-05-24,20000,200,21000,19500,19500,1217
2004-05-25,20500,205,20500,18500,20000,3468
2004-05-27,21500,215,22000,20500,22000,1295
2004-05-28,24000,240,24000,21000,21000,3770
2004-05-31,24500,245,26500,23500,25500,5773
2004-06-01,24000,240,24500,23000,24500,1565
2004-06-02,26500,265,26500,24000,24500,7127
2004-06-03,23500,235,26000,23500,25500,5801
2004-06-04,24500,245,24500,21500,22500,3058
2004-06-07,24500,245,26000,23000,25500,905
2004-06-08,23000,230,25000,23000,24000,2061
2004-06-09,25500,255,25500,23000,23500,4238
2004-06-10,25500,255,25500,24000,25500,2301
2004-06-11,28500,285,28500,26000,27000,3909
2004-06-14,31500,315,31500,30000,30000,3648
2004-06-15,35000,350,35000,33000,34000,3030
2004-06-16,39000,390,39000,38000,38000,2059
2004-06-17,34500,345,43500,34500,43500,25997
2004-06-18,30500,305,33500,30500,32500,6116
2004-06-21,34000,340,34000,31000,32000,14166
2004-06-22,30000,300,33500,30000,30500,6919
2004-06-23,27000,270,29000,26500,26500,2637
2004-06-24,24000,240,24000,24000,24000,54
2004-06-25,21500,215,21500,21500,21500,33
2004-06-28,19000,190,19000,19000,19000,1562
2004-06-29,21000,210,21000,17000,17000,33578
2004-06-30,20000,200,22500,19500,22500,6538
2004-07-01,18500,185,20000,18500,20000,4662
2004-07-02,20500,205,20500,17000,18000,4917
2004-07-05,19500,195,22000,18500,21500,1557
2004-07-06,17500,175,20000,17500,19500,11529
2004-07-07,15500,155,17000,15500,17000,9342
2004-07-08,16500,165,17000,15000,15500,7268
2004-07-09,18000,180,18000,15000,17000,8601
2004-07-12,17500,175,18000,16000,18000,3081
2004-07-13,16500,165,17000,15500,16500,4806
2004-07-14,18000,180,18000,18000,18000,3317
2004-07-15,20000,200,20000,20000,20000,43
2004-07-16,22000,220,22000,22000,22000,235
2004-07-19,24500,245,24500,24500,24500,826
2004-07-20,27000,270,27000,27000,27000,620
2004-07-21,24000,240,30000,24000,30000,23466
2004-07-22,21500,215,21500,21500,21500,146
2004-07-23,20000,200,23000,19000,20000,19059
2004-07-26,21500,215,21500,18000,19000,13566
2004-07-27,19000,190,20000,19000,20000,7385
2004-07-28,20500,205,21000,18500,19500,4053
2004-07-29,18500,185,21500,18500,21500,7668
2004-07-30,17500,175,19000,16500,18000,4681
2004-08-02,16000,160,18000,16000,18000,1760
2004-08-03,15500,155,16500,15000,15500,1089
2004-08-04,16500,165,16500,15000,16500,778
2004-08-05,18000,180,18000,15500,16500,3578
2004-08-06,18500,185,19500,17500,19000,1537
2004-08-09,19500,195,20000,17500,19000,1522
2004-08-10,17500,175,19500,17500,19500,5143
2004-08-11,16000,160,17500,16000,17500,2624
2004-08-12,17000,170,17000,15500,15500,978
2004-08-13,16500,165,17500,16000,17000,847
2004-08-16,17000,170,17500,16000,16500,356
2004-08-17,17500,175,17500,16000,17000,947
2004-08-18,17500,175,17500,16500,17500,630
2004-08-19,17500,175,17500,16500,17500,884
2004-08-20,17500,175,18500,16500,17500,2181
2004-08-23,17500,175,18000,17500,17500,638
2004-08-24,18500,185,18500,17000,17500,1760
2004-08-25,18000,180,18000,17500,18000,1105
2004-08-26,18000,180,18000,17000,17000,366
2004-08-27,17000,170,18000,16000,17000,1317
2004-08-30,17000,170,17500,16000,16500,373
2004-08-31,16500,165,17000,16000,17000,1073
2004-09-01,17000,170,17500,16000,16000,679
2004-09-02,17000,170,17500,16500,17000,1281
2004-09-03,18000,180,18500,17000,17000,903
2004-09-06,20000,200,20000,18000,18500,3136
2004-09-07,18500,185,22000,18000,20500,5237
2004-09-08,17500,175,18500,17000,17500,1286
2004-09-09,17000,170,18500,16500,18500,1315
2004-09-10,17500,175,18000,16000,16500,2690
2004-09-13,16500,165,17000,16000,17000,2945
2004-09-14,16500,165,17000,16000,16000,2099
2004-09-15,15500,155,17000,15000,16000,4343
2004-09-16,17000,170,17000,16500,17000,5244
2004-09-17,19000,190,19000,19000,19000,652
2004-09-20,18000,180,21000,17000,21000,11633
2004-09-21,17000,170,18000,16000,17000,2098
2004-09-22,18000,180,18000,16000,17000,2078
2004-09-23,18000,180,18500,17000,18000,2575
2004-09-24,20000,200,20000,18000,18500,11690
2004-09-30,22000,220,22000,20500,22000,10030
2004-10-19,49200,2460,49200,44000,44000,12805
2004-10-20,55100,2755,55100,55100,55100,690
2004-10-21,48500,2425,58200,48500,58200,5965
2004-10-22,42700,2135,42700,42700,42700,335
2004-10-25,37600,1880,37600,37600,37600,220
2004-10-26,33100,1655,35600,33100,33100,20295
2004-10-27,29200,1460,33800,29200,33000,19770
2004-10-28,25700,1285,30000,25700,29200,14655
2004-10-29,22700,1135,25400,22700,24600,12100
2004-11-01,22400,1120,25400,21000,22700,22655
2004-11-02,20800,1040,23000,19900,23000,16325
2004-11-03,18800,940,20600,18700,20000,18880
2004-11-04,11800,590,11800,11800,11800,870
2004-11-05,13200,660,13200,13200,13200,1
2004-11-08,14700,735,14700,14700,14700,15
2004-11-09,16400,820,16400,16100,16400,16645
2004-11-10,17500,875,18300,15400,17300,14690
2004-11-11,17400,870,18000,15600,15600,5350
2004-11-12,17300,865,17800,15400,17000,11075
2004-11-15,18400,920,18400,16500,16500,6440
2004-11-16,20600,1030,20600,18600,19200,6875
2004-11-17,23000,1150,23000,20700,21600,6930
2004-11-18,25700,1285,25700,23000,23000,2745
2004-11-19,27000,1350,28700,25700,28600,10360
2004-11-22,27600,1380,29700,25700,27400,4310
2004-11-23,30900,1545,30900,26600,26600,17245
2004-11-24,32200,1610,33800,30000,30000,4875
2004-11-25,31600,1580,33000,28500,32800,7435
2004-11-26,35000,1750,35000,28300,31400,19870
2004-11-29,38200,1910,38900,32400,35000,14920
2004-11-30,40500,2025,40500,36900,36900,14950
2004-12-01,42600,2130,45300,37800,42000,26700
2004-12-02,43900,2195,45000,41100,41100,10170
2004-12-03,46400,2320,46800,43000,44600,3650
2004-12-06,48000,2400,49000,43000,47200,2605
2004-12-07,52600,2630,52600,45000,49000,4430
2004-12-08,58800,2940,58800,52800,52800,4070
2004-12-09,63600,3180,64000,52200,64000,2435
2004-12-10,56000,2800,56000,56000,56000,400
2004-12-13,49300,2465,49300,49300,49300,0
2004-12-14,43400,2170,43400,43400,43400,75
2004-12-15,38200,1910,38200,38200,38200,1
2004-12-16,33700,1685,33700,33700,33700,1
2004-12-17,29700,1485,29700,29700,29700,3
2004-12-20,26200,1310,26200,26200,26200,1
2004-12-21,23100,1155,23100,23100,23100,0
2004-12-22,20400,1020,20400,20400,20400,450
2004-12-23,18000,900,18000,18000,18000,79550
2004-12-24,15900,795,17200,15900,16500,954505
2004-12-27,14000,700,14500,14000,14000,144990
2004-12-28,15600,780,15600,12900,13200,1474180
2004-12-29,13800,690,15900,13800,15800,509460
2004-12-30,12300,615,14000,12200,13100,664950
2005-01-03,13000,650,13500,12400,12400,327220
2005-01-04,12300,615,13300,12100,13100,260270
2005-01-05,13100,655,13700,12200,12300,457745
2005-01-06,12900,645,13900,12700,13300,514255
2005-01-07,14400,720,14400,12900,13200,635125
2005-01-10,16100,805,16100,14400,15200,247750
2005-01-11,18000,900,18000,16400,17500,455355
2005-01-12,16800,840,18200,16100,17100,355885
2005-01-13,18800,940,18800,16500,17500,243655
2005-01-14,21000,1050,21000,19400,20000,180945
2005-01-17,23500,1175,23500,23300,23400,38475
2005-01-18,23400,1170,26300,21600,26300,492615
2005-01-19,26200,1310,26200,23100,24300,265420
2005-01-20,25600,1280,29200,24100,27200,424135
2005-01-21,24300,1215,26800,23900,25600,370645
2005-01-24,22200,1110,25500,22000,24200,337175
2005-01-25,21400,1070,22600,19700,22400,333410
2005-01-26,23900,1195,23900,20600,21400,279675
2005-01-27,25800,1290,26700,23600,24500,303370
2005-01-28,23600,1180,27000,22800,25800,223470
2005-01-31,23900,1195,24500,22400,23400,155270
2005-02-01,25200,1260,25400,23900,24300,96645
2005-02-02,26500,1325,28000,24200,25300,264075
2005-02-03,23400,1170,26600,23400,26600,147950
2005-02-04,24400,1220,24600,21600,23000,97555
2005-02-07,23500,1175,25300,23500,25200,104630
2005-02-11,22500,1125,24000,21100,23300,149595
2005-02-14,22900,1145,23700,21400,22500,186405
2005-02-15,21600,1080,23000,21500,22300,140955
2005-02-16,20900,1045,22500,19100,21200,467280
2005-02-17,22100,1105,22600,21200,21800,115495
2005-02-18,21000,1050,22000,20700,21800,85480
2005-02-21,21200,1060,22100,19900,21000,163240
2005-02-22,20100,1005,21600,19900,21600,89425
2005-02-23,19500,975,19900,18500,18700,116320
2005-02-24,19800,990,21400,19700,20400,154095
2005-02-25,18200,910,20300,17600,19800,81450
2005-02-28,17200,860,18500,17000,18000,70625
2005-03-02,17400,870,17900,16900,17000,56515
2005-03-03,19400,970,19400,17800,17900,85570
2005-03-04,19700,985,20800,18600,20000,101720
2005-03-07,18500,925,20400,17400,20400,71350
2005-03-08,17300,865,18800,17000,18100,53060
2005-03-09,17600,880,17600,16200,17000,37795
2005-03-10,17400,870,17600,16700,17600,45355
2005-03-11,18800,940,18900,17400,17600,67380
2005-03-14,19200,960,19700,18300,18400,103255
2005-03-15,19200,960,19500,18300,19200,49615
2005-03-16,19100,955,20500,17800,18900,79180
2005-03-17,19100,955,19300,18300,18800,48800
2005-03-18,19700,985,20400,18800,19000,130210
2005-03-21,19600,980,19800,18900,19600,64830
2005-03-22,19400,970,20300,18900,18900,99850
2005-03-23,18500,925,20100,18000,18800,151480
2005-03-24,18900,945,19000,18300,18700,44055
2005-03-25,19000,950,19200,18400,18900,34280
2005-03-28,16200,810,19600,16200,19400,65880
2005-03-29,13800,690,15900,13800,14200,98725
2005-03-30,14300,715,14600,13600,13900,41670
2005-03-31,14600,730,15000,14100,14400,26925
2005-04-01,14800,740,15900,14200,14700,53675
2005-04-04,13400,670,14800,12600,14600,96250
2005-04-06,13200,660,13600,12800,13400,34645
2005-04-07,13400,670,13600,12300,13200,51995
2005-04-08,14300,715,15400,12900,13400,217685
2005-04-11,14200,710,14600,13800,14600,42530
2005-04-12,14100,705,14400,13700,14400,32420
2005-04-13,14100,705,14200,13600,13800,22835
2005-04-14,14000,700,14100,13600,13700,12185
2005-04-15,13600,680,14200,13400,14200,26205
2005-04-18,12600,630,13700,12400,12800,41140
2005-04-19,12600,630,13100,12500,12500,26075
2005-04-20,12900,645,13100,12200,12600,54410
2005-04-21,12400,620,12900,12100,12400,38945
2005-04-22,12300,615,12700,12100,12700,50220
2005-04-25,12500,625,12500,11500,12200,62405
2005-04-26,12500,625,12700,12200,12700,25050
2005-04-27,13700,685,14300,12200,12500,164305
2005-04-28,14200,710,14200,13100,13700,83440
2005-04-29,14500,725,14700,13500,13800,97370
2005-05-02,14100,705,14900,14100,14700,43710
2005-05-03,13200,660,14400,12300,14400,81785
2005-05-04,12800,640,13400,12300,13200,99510
2005-05-06,13100,655,13100,12400,12700,38120
2005-05-09,13400,670,13500,12500,13000,42575
2005-05-10,13700,685,14300,13000,13400,57660
2005-05-11,13700,685,13700,13300,13700,20815
2005-05-12,13300,665,13800,13300,13800,25935
2005-05-13,13800,690,13900,13100,13400,27645
2005-05-16,14200,710,14600,13700,13700,225600
2005-05-17,16300,815,16300,14300,14400,179135
2005-05-18,17000,850,18600,14900,17200,193610
2005-05-19,16600,830,17600,16300,17600,74825
2005-05-20,17600,880,18300,16600,16800,107180
2005-05-23,17200,860,17900,16600,17700,62275
2005-05-24,17200,860,17500,17000,17400,49945
2005-05-25,14700,735,17600,14700,16700,181890
2005-05-26,14800,740,14800,13800,14400,42955
2005-05-27,14800,740,15300,14500,15000,30435
2005-05-30,16700,835,17000,14500,14500,93980
2005-05-31,16200,810,17600,15600,17000,102855
2005-06-01,15800,790,16600,15800,16000,38365
2005-06-02,16000,800,16400,15600,16000,50020
2005-06-03,16300,815,16400,15800,15900,69600
2005-06-07,16400,820,16900,16200,16700,50810
2005-06-08,16500,825,16600,16100,16600,54945
2005-06-09,17400,870,18800,16300,16600,162835
2005-06-10,17400,870,17700,17000,17100,62180
2005-06-13,18300,915,18300,17200,17800,91100
2005-06-14,16400,820,19700,15600,18300,453425
2005-06-15,16100,805,16600,15400,16600,71885
2005-06-16,15600,780,16300,15600,16000,35945
2005-06-17,15700,785,16000,14100,15600,62915
2005-06-20,15700,785,16000,15200,15600,27415
2005-06-21,15800,790,15900,15300,15900,22385
2005-06-22,15600,780,15900,15300,15400,32710
2005-06-23,15600,780,15800,15300,15800,35605
2005-06-24,16600,830,16700,15400,15600,114630
2005-06-27,17000,850,17200,16300,16800,129520
2005-06-28,17400,870,17900,16400,17000,249945
2005-06-29,16100,805,17800,15800,17300,234190
2005-06-30,16300,815,16600,15800,16200,98810
2005-07-01,16000,800,16600,16000,16500,71590
2005-07-04,16400,820,17200,15800,15800,153760
2005-07-05,16400,820,17000,16200,16800,103205
2005-07-06,16300,815,16700,16100,16600,88895
2005-07-07,16500,825,16600,16000,16100,72325
2005-07-08,16100,805,17000,16000,16500,138360
2005-07-11,16000,800,16400,16000,16400,84705
2005-07-12,15400,770,16200,15400,16000,131965
2005-07-13,15400,770,15800,15400,15400,62910
2005-07-14,15500,775,15900,15400,15600,94860
2005-07-15,15200,760,15700,14900,15500,81775
2005-07-18,15100,755,15700,15000,15000,87740
2005-07-19,15100,755,15400,15100,15100,74920
2005-07-20,15400,770,15700,15000,15200,112190
2005-07-21,15100,755,15900,15000,15700,92690
2005-07-22,14400,720,15000,12900,14900,161845
2005-07-25,14200,710,14600,14000,14000,50930
2005-07-26,14000,700,14600,13800,14200,101095
2005-07-27,13900,695,14300,13600,13600,72225
2005-07-28,13800,690,14000,13600,13800,91040
2005-07-29,15000,750,15400,13200,13800,260725
2005-08-01,14600,730,15200,14500,14700,66170
2005-08-02,13900,695,14800,13900,14400,87830
2005-08-03,14000,700,14300,13700,13700,75910
2005-08-04,13800,690,14100,13600,14100,62735
2005-08-05,12800,640,13800,12500,13300,73080
2005-08-08,13000,650,13000,11900,12100,47310
2005-08-09,13100,655,13500,12500,13300,47995
2005-08-10,12700,635,13000,12600,12800,42940
2005-08-11,14000,700,14600,12700,12800,137980
2005-08-12,13600,680,14400,13600,14000,61955
2005-08-16,15600,780,15600,13700,13700,296360
2005-08-17,14600,730,16100,14500,15300,178465
2005-08-18,15400,770,15900,14500,15000,160305
2005-08-19,14900,745,15700,14200,15300,117090
2005-08-22,14500,725,14800,14200,14400,71765
2005-08-23,14700,735,14900,14300,14400,58240
2005-08-24,14200,710,14800,14100,14800,53155
2005-08-25,13500,675,14000,13500,13800,58985
2005-08-26,13400,670,14200,13400,13400,43150
2005-08-29,14100,705,14700,13400,13400,74650
2005-08-30,15000,750,15000,14300,14300,69620
2005-08-31,15400,770,15800,15000,15000,70995
2005-09-01,15100,755,15900,14600,15900,75615
2005-09-02,15200,760,15300,14700,14900,32790
2005-09-05,15000,750,15400,14600,15200,52415
2005-09-06,14800,740,15400,14700,14800,43910
2005-09-07,15000,750,15800,14500,14700,305165
2005-09-08,14700,735,15300,14600,15200,53840
2005-09-09,14100,705,15000,13900,14700,64445
2005-09-12,14800,740,15600,14200,14200,279970
2005-09-13,14300,715,14900,14100,14900,40655
2005-09-14,14400,720,14900,13900,14000,40105
2005-09-15,14300,715,14800,14100,14100,50635
2005-09-16,14200,710,14800,14100,14100,43445
2005-09-20,14400,720,14600,14200,14200,25300
2005-09-21,14100,705,14600,13900,14200,33845
2005-09-22,13700,685,14100,13700,14100,35145
2005-09-23,13700,685,14000,13500,13700,24600
2005-09-26,14000,700,14200,13600,13600,34700
2005-09-27,14000,700,14400,13900,14400,18495
2005-09-28,13600,680,14100,13600,13900,27590
2005-09-29,13600,680,13900,13500,13600,27860
2005-09-30,13600,680,13700,13000,13600,56195
2005-10-04,13700,685,13700,13200,13200,25990
2005-10-05,13300,665,13800,13300,13700,43940
2005-10-06,13000,650,13500,12700,13500,48320
2005-10-07,12800,640,13500,12800,12800,84925
2005-10-10,12700,635,13000,12500,12900,102380
2005-10-11,12700,635,12900,12600,12700,48920
2005-10-12,13000,650,13200,12600,12800,109400
2005-10-13,12900,645,13400,12800,13000,58465
2005-10-14,12900,645,13200,12800,12800,68180
2005-10-17,14200,710,14500,13200,13300,211180
2005-10-18,14000,700,14300,13600,14300,123180
2005-10-19,13200,660,14000,13100,13800,118510
2005-10-20,13100,655,13900,12800,13600,62790
2005-10-21,14300,715,14600,13000,13400,190605
2005-10-24,14100,705,14900,13800,14300,95255
2005-10-25,14000,700,14400,13700,14300,73560
2005-10-26,13400,670,14300,13200,13800,217545
2005-10-27,13500,675,13800,13300,13400,84825
2005-10-28,13500,675,14100,13400,13500,88360
2005-10-31,13400,670,13700,13400,13600,65830
2005-11-01,13400,670,13900,12800,13400,169150
2005-11-02,13200,660,13500,13200,13300,49885
2005-11-03,12900,645,13400,12800,13100,172775
2005-11-04,13000,650,13100,12800,12800,48665
2005-11-07,12800,640,13100,12800,13000,63230
2005-11-08,12800,640,13200,12800,12800,75520
2005-11-09,12800,640,13000,12700,12800,60500
2005-11-10,12900,645,13000,12700,12900,82490
2005-11-11,13100,655,13100,12800,12800,73385
2005-11-14,13200,660,13500,13100,13100,68100
2005-11-15,13100,655,13400,12900,13200,56590
2005-11-16,13100,655,13200,12900,13100,43020
2005-11-17,12900,645,13100,12800,13000,62190
2005-11-18,12800,640,13000,12700,12800,47500
2005-11-21,12800,640,13000,12700,12900,34070
2005-11-22,12900,645,13100,12600,12900,61640
2005-11-23,12700,635,13100,12700,12900,59330
2005-11-24,12600,630,12800,12500,12700,51560
2005-11-25,12700,635,12800,12500,12500,43905
2005-11-28,12700,635,12700,12400,12500,68280
2005-11-29,12600,630,12800,12500,12600,63630
2005-11-30,12800,640,13000,12600,12700,67675
2005-12-01,13600,680,14000,12800,12900,204640
2005-12-02,13400,670,13900,13100,13800,101555
2005-12-05,13800,690,14100,13400,13500,161025
2005-12-06,13400,670,13900,13200,13500,107255
2005-12-07,13000,650,13600,13000,13500,95775
2005-12-08,12500,625,13100,12100,13000,113845
2005-12-09,13400,670,13500,12300,12400,106815
2005-12-12,12800,640,13300,12800,13300,91160
2005-12-13,12700,635,13100,12700,12800,64140
2005-12-14,12700,635,13100,12600,12800,101725
2005-12-15,12700,635,12900,12600,12800,58850
2005-12-16,12400,620,12700,12100,12700,59095
2005-12-19,12100,605,12600,12000,12000,54305
2005-12-20,12300,615,12400,12100,12100,57980
2005-12-21,12300,615,12700,12100,12200,77125
2005-12-22,11500,575,12500,10600,12300,71170
2005-12-23,11200,560,11700,10500,11300,77510
2005-12-26,12700,635,12800,10600,10600,147730
2005-12-27,11900,595,12700,11400,12300,61105
2005-12-28,11700,585,12100,11600,11900,66710
2005-12-29,11700,585,11800,11300,11400,47405
2006-01-02,11800,590,12000,11500,11600,41005
2006-01-03,12300,615,12500,11800,11900,81885
2006-01-04,12000,600,12600,11600,12400,74425
2006-01-05,12500,625,12500,11600,11900,204220
2006-01-06,12400,620,12700,12100,12500,81190
2006-01-09,12300,615,12700,12000,12400,73890
2006-01-10,11600,580,12400,11400,12200,130280
2006-01-11,11700,585,11900,11400,11500,64170
2006-01-12,11300,565,11700,11200,11500,67320
2006-01-13,11000,550,11600,11000,11200,109425
2006-01-16,11200,560,11300,10900,11100,39775
2006-01-17,10800,540,11300,10600,11200,93490
2006-01-18,10000,500,11000,9300,10800,143960
2006-01-19,10200,510,10700,9800,10000,77920
2006-01-20,9500,475,10700,9400,10200,90915
2006-01-23,8100,405,9300,8100,9100,143720
2006-01-24,8200,410,8700,7100,8100,204965
2006-01-25,9300,465,9400,8000,8000,207360
2006-01-26,10100,505,10500,8700,9100,198990
2006-01-27,10000,500,10400,9900,10300,141650
2006-01-31,10000,500,10200,9700,10200,105805
2006-02-01,9400,470,9800,8700,9800,130580
2006-02-02,10800,540,10800,9300,9500,291280
2006-02-03,11200,560,12300,10400,10800,520645
2006-02-06,10700,535,11800,9800,11100,201955
2006-02-07,11200,560,11400,10600,10600,165680
2006-02-08,10800,540,11600,10500,10900,140085
2006-02-09,12400,620,12400,10700,11100,272580
2006-02-10,12100,605,13800,11600,13400,458170
2006-02-13,11400,570,12600,11200,12200,215710
2006-02-14,10800,540,11300,10400,11200,247900
2006-02-15,10700,535,11400,10700,10900,270750
2006-02-16,10500,525,11200,10400,10700,197880
2006-02-17,10300,515,10900,10300,10600,166205
2006-02-20,9500,475,10500,9300,10100,349925
2006-02-21,9600,480,9900,9500,9600,295495
2006-02-22,9700,485,10200,9400,9600,397795
2006-02-23,9700,485,10000,9600,9700,230755
2006-02-24,10100,505,10900,9800,9900,453575
2006-02-27,10300,515,10800,10000,10200,168490
2006-02-28,9900,495,10500,9800,10300,370785
2006-03-02,9700,485,10300,9500,9700,387910
2006-03-03,9500,475,9800,9400,9600,93695
2006-03-06,9500,475,9800,9400,9400,119075
2006-03-07,8700,435,9800,8400,9500,346220
2006-03-08,7400,370,7400,7400,7400,23150
2006-03-09,6700,335,7400,6700,7200,658560
2006-03-10,6700,335,7200,6500,6800,333965
2006-03-13,6800,340,7000,6600,6800,176920
2006-03-14,6400,320,6900,6200,6800,248395
2006-03-15,6600,330,6600,6200,6500,145000
2006-03-16,6000,300,6600,6000,6600,124065
2006-03-17,5600,280,6300,5600,5900,276835
2006-03-20,6400,320,6400,5300,5500,627530
2006-03-21,5900,295,6500,5700,6500,215675
2006-03-22,6000,300,6200,5700,6000,169395
2006-03-23,6700,335,6900,6300,6300,660635
2006-03-24,6400,320,6800,6200,6700,228585
2006-03-27,6800,340,7200,6500,6500,367790
2006-03-28,7800,390,7800,6900,7000,475020
2006-03-29,8900,445,8900,8100,8100,716765
2006-03-30,9200,460,10100,8500,9500,921255
2006-03-31,7900,395,9300,7900,9000,589395
2006-04-06,7500,375,8900,6800,6800,861820
2006-04-07,8600,430,8600,7400,7500,513300
2006-04-10,9800,490,9800,8800,9500,826520
2006-04-11,9700,485,10500,9100,9800,493480
2006-04-12,8900,445,9500,8800,9100,238175
2006-04-13,10000,500,10200,9100,9200,569435
2006-04-14,9900,495,10200,8900,9800,329105
2006-04-17,9600,480,10200,9200,10100,246745
2006-04-18,9200,460,9700,9000,9600,165075
2006-04-19,8600,430,9300,8000,9100,255740
2006-04-20,8400,420,9000,8300,8900,108215
2006-04-21,8000,400,8700,7700,8400,156315
2006-04-24,7800,390,8200,7300,7300,164140
2006-04-26,6800,340,7700,6700,7300,408380
2006-04-27,7800,390,7800,6500,7200,253910
2006-04-28,7700,385,8800,7300,7900,208825
2006-05-02,6600,330,7800,6600,7700,207130
2006-05-03,7500,375,7500,7100,7200,223365
2006-05-04,8000,400,8600,7000,8300,605335
2006-05-08,7800,390,8600,7200,7200,397395
2006-05-09,7800,390,8500,7600,8400,254735
2006-05-10,7500,375,7900,7200,7900,191710
2006-05-11,7600,380,7900,7300,7400,150250
2006-05-12,7500,375,7700,7300,7600,81680
2006-05-15,7200,360,7500,6900,7500,148235
2006-05-16,6700,335,7300,6700,7200,105640
2006-05-17,7700,385,7700,6900,7100,256550
2006-05-18,7500,375,8600,7300,7800,341080
2006-05-19,7400,370,7900,7200,7400,158520
2006-05-22,7200,360,7500,7000,7400,102240
2006-05-23,7100,355,7200,6900,7200,71665
2006-05-24,6900,345,7100,6600,7100,117770
2006-05-25,6900,345,7800,6300,6900,309270
2006-05-26,6800,340,7400,6800,7000,145045
2006-05-30,5800,290,5800,5800,5800,64870
2006-06-01,5000,250,5000,5000,5000,17565
2006-06-02,4600,230,5100,4300,4500,1326110
2006-06-05,4000,200,4700,4000,4700,856765
2006-06-07,4300,215,4500,4000,4100,620500
2006-06-08,3800,190,4200,3800,4100,327815
2006-06-09,3800,190,4100,3600,3900,218340
2006-06-12,4200,210,4200,3700,3700,218305
2006-06-13,3900,195,4400,3900,4100,390690
2006-06-14,4200,210,4400,4100,4300,285635
2006-06-15,4100,205,4400,3900,4200,422200
2006-06-16,4400,220,4500,4100,4100,622090
2006-06-20,4100,205,4800,3900,4600,632835
2006-06-21,3900,195,4100,3800,4100,224400
2006-06-22,3900,195,4200,3800,4100,198865
2006-06-23,3700,185,3900,3400,3400,554540
2006-06-26,3400,170,3800,3300,3700,231340
2006-06-27,3100,155,3300,3000,3300,368525
2006-06-28,3000,150,3200,2900,3100,303925
2006-06-29,3000,150,3200,2900,3000,201885
2006-06-30,2900,145,3100,2900,3100,147770
2006-07-03,3300,165,3300,3000,3000,259580
2006-07-10,2900,145,3100,2900,2900,262405
2006-07-11,2900,145,3100,2700,2900,482325
2006-07-12,2500,125,2900,2500,2900,618510
2006-07-13,2200,110,2600,2200,2600,398715
2006-07-14,2000,100,2200,1900,2100,414540
2006-07-18,2300,115,2300,2200,2200,49745
2006-07-19,2600,130,2600,2400,2600,587795
2006-07-20,2800,140,2900,2400,2600,487315
2006-07-21,3100,155,3100,2700,2800,308905
2006-07-24,2700,135,3000,2700,3000,358600
2006-07-25,2700,135,3000,2700,3000,9662560
2006-08-18,5290,5290,5290,4600,4600,302700
2006-08-21,6080,6080,6080,6080,6080,26200
2006-08-22,5170,5170,6990,5170,6990,1194500
2006-08-23,4460,4460,5220,4400,5100,380600
2006-08-24,3795,3795,4450,3795,4315,292500
2006-08-25,3230,3230,3645,3230,3520,767500
2006-08-28,2750,2750,3230,2750,3215,209600
2006-08-29,2340,2340,2340,2340,2340,194100
2006-08-30,2690,2690,2690,2250,2270,2780200
2006-08-31,2500,2500,2940,2290,2685,1607500
2006-09-01,2580,2580,2650,2420,2550,448700
2006-09-04,2770,2770,2900,2585,2585,573100
2006-09-05,3000,3000,3030,2785,2800,748000
2006-09-06,2880,2880,3090,2720,3090,433400
2006-09-07,2880,2880,2950,2820,2880,187300
2006-09-08,2950,2950,2975,2835,2910,274000
2006-09-11,3005,3005,3050,2950,3000,495600
2006-09-12,2880,2880,3020,2860,3020,277400
2006-09-13,2710,2710,2900,2515,2900,396000
2006-09-14,2800,2800,3070,2680,2690,627400
2006-09-15,2770,2770,2840,2730,2800,201200
2006-09-18,2835,2835,2895,2700,2895,446700
2006-09-19,3175,3175,3205,2815,2835,1105100
2006-09-20,3175,3175,3200,3070,3180,774300
2006-09-21,3100,3100,3270,3030,3250,321400
2006-09-22,2975,2975,3100,2890,3090,406500
2006-09-25,2985,2985,3110,2980,3090,278500
2006-09-26,2980,2980,3420,2820,3300,702000
2006-09-27,3070,3070,3080,2935,2935,411300
2006-09-28,3000,3000,3060,2950,3060,230300
2006-09-29,3140,3140,3230,2990,3075,640900
2006-10-02,3160,3160,3240,3100,3180,666800
2006-10-04,3190,3190,3210,3105,3110,212900
2006-10-09,3000,3000,3240,2800,3240,633800
2006-10-10,3270,3270,3370,3095,3350,1016600
2006-10-11,3080,3080,3250,3015,3200,401400
2006-10-12,3160,3160,3160,2890,3035,670200
2006-10-13,3250,3250,3250,3120,3190,427600
2006-10-16,3150,3150,3250,3100,3190,379100
2006-10-17,2990,2990,3150,2940,3150,337800
2006-10-18,3075,3075,3150,2905,2920,215000
2006-10-19,3135,3135,3220,3005,3030,377200
2006-10-20,3090,3090,3225,3030,3200,219300
2006-10-23,3085,3085,3190,3060,3190,176600
2006-10-24,3015,3015,3130,2980,3100,382000
2006-10-25,3100,3100,3160,2955,3000,206300
2006-10-26,3120,3120,3165,3015,3145,139500
2006-10-27,3150,3150,3160,3050,3100,175300
2006-10-30,3295,3295,3535,3070,3100,437700
2006-10-31,3370,3370,3390,3200,3380,185200
2006-11-01,3340,3340,3440,3265,3350,292500
2006-11-02,3220,3220,3340,3220,3340,112600
2006-11-03,3210,3210,3280,3045,3175,170800
2006-11-06,3180,3180,3345,3105,3175,112600
2006-11-07,3190,3190,3240,3160,3180,86200
2006-11-08,3070,3070,3240,3060,3240,137600
2006-11-09,3120,3120,3150,3000,3150,96200
2006-11-10,3075,3075,3150,3045,3150,54000
2006-11-13,3065,3065,3175,3020,3175,71600
2006-11-14,3130,3130,3150,2980,3100,125400
2006-11-15,3075,3075,3180,3070,3180,50300
2006-11-16,3075,3075,3130,3010,3130,107300
2006-11-17,3090,3090,3150,3045,3100,109500
2006-11-20,3090,3090,3150,3030,3030,110600
2006-11-21,3050,3050,3150,3025,3070,99100
2006-11-22,3070,3070,3090,3035,3050,39300
2006-11-23,3050,3050,3095,3000,3070,78700
2006-11-24,3070,3070,3505,2985,3050,1071600
2006-11-27,3020,3020,3135,2990,3135,116300
2006-11-28,3000,3000,3060,2585,3000,125100
2006-11-29,2950,2950,3085,2950,3000,121800
2006-11-30,2920,2920,3045,2905,3045,70200
2006-12-01,2920,2920,3065,2860,3065,110300
2006-12-04,2735,2735,2970,2560,2920,240200
2006-12-05,2790,2790,2875,2660,2660,76100
2006-12-06,2800,2800,2940,2785,2940,50700
2006-12-07,2820,2820,2850,2780,2850,78900
2006-12-08,2745,2745,2820,2735,2820,40400
2006-12-11,2610,2610,2790,2550,2790,131100
2006-12-12,2420,2420,2695,2415,2610,117500
2006-12-13,2680,2680,2730,2350,2350,108900
2006-12-14,2990,2990,2995,2690,2690,134500
2006-12-15,3020,3020,3100,2750,3090,120300
2006-12-18,2940,2940,3020,2820,2920,95600
2006-12-19,2860,2860,3000,2815,2940,93200
2006-12-20,2860,2860,2900,2805,2900,35800
2006-12-21,2850,2850,2860,2715,2800,99200
2006-12-22,2790,2790,2845,2750,2815,29900
2006-12-27,2810,2810,3000,2785,2940,33300
2006-12-28,2830,2830,2860,2765,2800,30000
2007-01-02,2790,2790,2860,2740,2760,266500
2007-01-03,2620,2620,2840,2620,2840,119000
2007-01-04,2505,2505,2745,2500,2745,163600
2007-01-05,2485,2485,2580,2465,2465,130200
2007-01-08,2735,2735,2835,2440,2520,178800
2007-01-09,2695,2695,2800,2610,2700,150500
2007-01-10,2685,2685,2740,2575,2740,59300
2007-01-11,2690,2690,2800,2600,2690,74200
2007-01-12,2820,2820,2870,2615,2615,154700
2007-01-15,3000,3000,3200,2850,2940,426700
2007-01-16,2935,2935,3000,2935,2950,194600
2007-01-17,2975,2975,3005,2885,2900,204900
2007-01-18,2985,2985,3045,2940,2975,166300
2007-01-19,3020,3020,3100,2935,2935,199600
2007-01-22,3105,3105,3215,2995,2995,362100
2007-01-23,3210,3210,3245,3080,3145,226500
2007-01-24,3220,3220,3460,3150,3210,394800
2007-01-25,3200,3200,3290,2980,3285,382200
2007-01-26,3680,3680,3680,3300,3500,704700
2007-01-30,3445,3445,4230,3135,3900,1832400
2007-01-31,3270,3270,3445,3150,3445,533800
2007-02-01,3200,3200,3370,3150,3300,297800
2007-02-02,3100,3100,3180,3065,3075,335100
2007-02-05,2990,2990,3155,2955,3080,334900
2007-02-06,3145,3145,3170,2990,2990,240100
2007-02-07,3255,3255,3400,3110,3110,414800
2007-02-08,3165,3165,3285,3160,3285,146400
2007-02-09,3115,3115,3250,3070,3250,143000
2007-02-12,3005,3005,3195,3000,3060,189000
2007-02-13,3070,3070,3105,3015,3090,129200
2007-02-14,3310,3310,3310,3090,3100,474800
2007-02-15,3190,3190,3315,3165,3315,179300
2007-02-16,3195,3195,3280,3115,3190,125300
2007-02-20,3175,3175,3240,3160,3200,131300
2007-02-21,3180,3180,3230,3160,3230,94900
2007-02-22,3000,3000,3235,3000,3210,386200
2007-02-23,3110,3110,3110,2940,3050,163200
2007-02-26,3210,3210,3360,3150,3150,230100
2007-02-27,3145,3145,3240,3085,3130,83900
2007-02-28,3165,3165,3170,3050,3140,122200
2007-03-05,3080,3080,3225,3040,3185,284300
2007-03-06,3080,3080,3100,3010,3080,99000
2007-03-07,3000,3000,3120,2995,3120,147900
2007-03-08,3005,3005,3065,2980,2980,100700
2007-03-09,3100,3100,3150,2960,3040,180600
2007-03-12,3170,3170,3245,3060,3235,271700
2007-03-13,3165,3165,3175,3050,3170,207300
2007-03-14,3090,3090,3150,3085,3090,271900
2007-03-15,3060,3060,3130,3050,3080,90000
2007-03-16,3050,3050,3375,3045,3130,734000
2007-03-19,3040,3040,3080,2980,3020,248900
2007-03-20,2850,2850,3000,2850,2985,315500
2007-03-21,2950,2950,2950,2610,2800,267300
2007-03-22,3095,3095,3150,2910,2910,391300
2007-03-23,3255,3255,3285,3120,3120,628600
2007-03-26,3285,3285,3325,3110,3245,516100
2007-03-27,3255,3255,3315,3100,3260,742400
2007-03-28,3375,3375,3600,3330,3400,894800
2007-03-29,3410,3410,3440,3365,3420,348700
2007-03-30,3415,3415,3415,3260,3300,305200
2007-04-02,3300,3300,3415,3240,3415,361700
2007-04-03,3200,3200,3340,3185,3250,262300
2007-04-04,3230,3230,3250,3050,3150,275500
2007-04-05,3370,3370,3470,3180,3210,253600
2007-04-06,3420,3420,3430,3295,3395,261700
2007-04-09,3425,3425,3640,3380,3420,424100
2007-04-10,3240,3240,3430,3205,3400,361000
2007-04-11,3190,3190,3280,3180,3225,214900
2007-04-12,3100,3100,3195,3065,3190,281100
2007-04-13,3245,3245,3260,3065,3150,237800
2007-04-16,3155,3155,3310,3155,3310,264500
2007-04-17,3245,3245,3270,3100,3120,380600
2007-04-18,3270,3270,3300,3150,3290,489400
2007-05-18,2610,2610,2900,2520,2635,732500
2007-05-21,2340,2340,2600,2220,2600,617600
2007-05-22,2220,2220,2435,2100,2300,277300
2007-05-23,2115,2115,2300,2080,2160,410500
2007-05-25,2180,2180,2230,2075,2100,261900
2007-05-28,2360,2360,2480,2180,2180,524300
2007-05-29,2420,2420,2480,2290,2450,178100
2007-05-30,2305,2305,2495,2305,2495,170000
2007-05-31,2290,2290,2395,2255,2305,216300
2007-06-01,2185,2185,2380,2175,2250,144000
2007-06-04,2195,2195,2295,2105,2295,128700
2007-06-05,2200,2200,2280,2160,2160,229500
2007-06-07,2160,2160,2205,2100,2110,85400
2007-06-08,2135,2135,2170,2110,2130,122300
2007-06-11,2150,2150,2180,2100,2135,125900
2007-06-12,2000,2000,2150,2000,2150,147400
2007-06-13,2040,2040,2065,1960,2065,140300
2007-06-14,2000,2000,2055,1990,2015,129500
2007-06-15,1955,1955,2010,1940,2005,189900
2007-06-18,2000,2000,2045,1950,1955,154700
2007-06-19,1935,1935,1985,1890,1980,187300
2007-06-20,1830,1830,1935,1805,1910,231500
2007-06-21,1905,1905,1940,1825,1850,180100
2007-06-22,1940,1940,1975,1895,1950,145400
2007-06-25,2050,2050,2110,1935,1935,256000
2007-06-26,2010,2010,2090,2000,2010,90300
2007-06-27,1935,1935,2035,1930,2010,78400
2007-06-28,1975,1975,2095,1930,1995,89500
2007-06-29,1975,1975,2020,1950,2010,43700
2007-07-02,1980,1980,2045,1920,2045,71800
2007-07-03,1985,1985,1985,1925,1960,62800
2007-07-04,1865,1865,1975,1850,1975,136900
2007-07-05,1875,1875,1915,1855,1885,48900
2007-07-06,1800,1800,1950,1750,1850,164900
2007-07-09,1820,1820,1915,1770,1800,63200
2007-07-10,1830,1830,1855,1770,1820,76100
2007-07-11,1830,1830,1835,1795,1800,61500
2007-07-12,1800,1800,1835,1790,1835,49100
2007-07-13,1790,1790,1820,1670,1800,55200
2007-07-16,1770,1770,1830,1690,1830,67000
2007-07-18,1740,1740,1750,1680,1750,59300
2007-07-19,1735,1735,1745,1690,1745,30100
2007-07-20,1815,1815,1815,1720,1735,62500
2007-07-23,1810,1810,1815,1740,1815,40800
2007-07-24,1800,1800,1830,1760,1830,65100
2007-07-25,1800,1800,1810,1705,1710,40400
2007-07-26,1800,1800,1810,1730,1810,44600
2007-07-27,1785,1785,1800,1735,1800,33900
2007-07-30,1725,1725,1800,1715,1785,26300
2007-07-31,1755,1755,1775,1705,1715,48700
2007-08-01,1740,1740,1765,1710,1740,24600
2007-08-02,1730,1730,1760,1695,1735,35500
2007-08-03,1670,1670,1750,1520,1750,72700
2007-08-06,1690,1690,1710,1640,1710,16300
2007-08-07,1595,1595,1690,1590,1650,75800
2007-08-08,1620,1620,1690,1570,1570,80500
2007-08-09,1860,1860,1860,1620,1650,89500
2007-08-10,2035,2035,2130,1860,1860,680100
2007-08-14,1890,1890,2100,1885,2050,129800
2007-08-16,1675,1675,1930,1610,1930,181200
2007-08-17,1775,1775,1780,1610,1675,898000
2007-08-20,1970,1970,2000,1800,1800,120700
2007-08-21,1955,1955,2000,1850,2000,33900
2007-08-22,1940,1940,2015,1860,2015,63200
2007-08-23,1920,1920,1960,1885,1950,57600
2007-08-24,1905,1905,1955,1810,1955,35500
2007-08-27,1845,1845,1905,1810,1905,75500
2007-08-28,1820,1820,1855,1760,1855,45600
2007-08-29,1785,1785,1850,1760,1850,53200
2007-08-30,1780,1780,1835,1725,1785,67700
2007-08-31,1770,1770,1795,1710,1795,36300
2007-09-03,1775,1775,1780,1695,1770,94400
2007-09-04,1760,1760,1780,1715,1720,24600
2007-09-05,1760,1760,1780,1720,1780,25800
2007-09-06,1735,1735,1775,1695,1735,47000
2007-09-07,1690,1690,1800,1690,1790,97100
2007-09-10,1680,1680,1700,1600,1690,44700
2007-09-11,1725,1725,1750,1630,1675,37800
2007-09-12,1730,1730,1795,1670,1750,28500
2007-09-13,1740,1740,1755,1690,1690,26000
2007-09-14,1720,1720,1750,1670,1705,47100
2007-09-17,1710,1710,1730,1675,1675,27800
2007-09-18,1700,1700,1715,1660,1710,45400
2007-09-19,1685,1685,1735,1640,1735,28200
2007-09-20,1680,1680,1695,1640,1695,35000
2007-09-21,1690,1690,1710,1640,1710,34900
2007-09-27,1610,1610,1710,1590,1710,99800
2007-09-28,1630,1630,1660,1590,1600,23100
2007-10-01,1630,1630,1675,1600,1670,24300
2007-10-02,1600,1600,1675,1575,1640,76600
2007-10-04,1625,1625,1635,1575,1600,16300
2007-10-05,1585,1585,1625,1500,1585,90900
2007-10-08,1500,1500,1595,1415,1555,78800
2007-10-09,1425,1425,1560,1425,1530,34600
2007-10-10,1465,1465,1490,1415,1450,57600
2007-10-11,1580,1580,1640,1455,1490,97600
2007-10-12,1570,1570,1600,1520,1600,16800
2007-10-15,1650,1650,1695,1560,1600,79100
2007-10-16,1595,1595,1665,1530,1615,32200
2007-10-17,1600,1600,1635,1495,1635,27900
2007-10-18,1595,1595,1625,1475,1550,78700
2007-10-19,1495,1495,1620,1430,1620,183500
2007-10-22,1485,1485,1495,1360,1470,77600
2007-10-23,1435,1435,1580,1400,1490,51600
2007-10-24,1470,1470,1535,1405,1525,49600
2007-10-25,1530,1530,1605,1400,1605,31600
2007-10-26,1495,1495,1575,1450,1575,28400
2007-10-29,1530,1530,1530,1475,1525,39600
2007-10-30,1530,1530,1585,1430,1585,11800
2007-10-31,1500,1500,1530,1440,1530,28400
2007-11-01,1490,1490,1500,1400,1500,37600
2007-11-02,1470,1470,1490,1400,1490,38700
2007-11-05,1465,1465,1470,1400,1470,27300
2007-11-06,1450,1450,1475,1410,1430,11300
2007-11-07,1445,1445,1480,1350,1480,73000
2007-11-08,1400,1400,1505,1385,1505,87200
2007-11-09,1400,1400,1410,1390,1405,35700
2007-11-12,1420,1420,1435,1370,1435,13900
2007-11-13,1430,1430,1480,1380,1480,2000
2007-11-14,1430,1430,1450,1370,1450,6100
2007-11-15,1395,1395,1420,1370,1400,10400
2007-11-16,1485,1485,1485,1330,1395,13100
2007-11-19,1450,1450,1470,1370,1415,16900
2007-11-20,1400,1400,1430,1360,1430,20300
2007-11-21,1390,1390,1450,1370,1420,10600
2007-11-22,1390,1390,1420,1330,1420,5300
2007-11-23,1390,1390,1405,1350,1405,3500
2007-11-26,1330,1330,1420,1330,1420,5600
2007-11-27,1370,1370,1375,1275,1375,12300
2007-11-28,1415,1415,1575,1320,1330,123900
2007-11-29,1470,1470,1480,1370,1430,61100
2007-11-30,1430,1430,1470,1395,1470,32700
2007-12-03,1420,1420,1450,1355,1355,4800
2007-12-04,1405,1405,1445,1345,1370,19500
2007-12-05,1335,1335,1420,1325,1420,62300
2007-12-06,1400,1400,1420,1315,1350,10600
2007-12-07,1355,1355,1425,1315,1380,31200
2007-12-10,1315,1315,1435,1285,1435,29600
2007-12-11,1280,1280,1315,1220,1315,48300
2007-12-12,1245,1245,1340,1105,1300,43300
2007-12-13,1180,1180,1275,1155,1240,52100
2007-12-14,1190,1190,1210,1165,1165,61800
2007-12-17,1195,1195,1220,1165,1165,120300
2007-12-18,1360,1360,1370,1190,1190,279400
2007-12-20,1310,1310,1415,1290,1380,80200
2007-12-21,1305,1305,1360,1260,1350,35400
2007-12-24,1300,1300,1320,1260,1305,5000
2007-12-26,1300,1300,1345,1265,1345,11900
2007-12-27,1290,1290,1320,1280,1320,16300
2007-12-28,1315,1315,1325,1210,1325,16533
2008-01-02,1325,1325,1370,1290,1370,10610
2008-01-03,1315,1315,1340,1290,1340,10644
2008-01-04,1320,1320,1410,1285,1410,25145
2008-01-07,1310,1310,1340,1280,1340,13170
2008-01-08,1325,1325,1350,1260,1350,8047
2008-01-09,1305,1305,1365,1270,1330,15924
2008-01-10,1300,1300,1345,1265,1345,33334
2008-01-11,1300,1300,1390,1290,1390,11770
2008-01-14,1295,1295,1300,1235,1300,6205
2008-01-15,1265,1265,1350,1250,1350,11449
2008-01-16,1270,1270,1305,1250,1305,1207
2008-01-17,1330,1330,1340,1235,1340,20936
2008-01-18,1285,1285,1305,1240,1265,11239
2008-01-21,1270,1270,1320,1240,1320,4951
2008-01-22,1225,1225,1280,1150,1240,30250
2008-01-23,1220,1220,1260,1160,1260,8919
2008-01-24,1215,1215,1270,1175,1175,12509
2008-01-25,1230,1230,1280,1180,1215,14890
2008-01-28,1215,1215,1315,1160,1300,21464
2008-01-29,1205,1205,1240,1180,1240,33844
2008-01-30,1200,1200,1235,1165,1235,38220
2008-01-31,1200,1200,1220,1135,1220,16630
2008-02-01,1205,1205,1215,1160,1200,38835
2008-02-04,1205,1205,1245,1170,1245,12385
2008-02-05,1205,1205,1240,1170,1240,9310
2008-02-11,1200,1200,1215,1180,1205,15639
2008-02-12,1200,1200,1230,1165,1230,2636
2008-02-13,1190,1190,1200,1165,1165,9047
2008-02-14,1195,1195,1230,1160,1230,12352
2008-02-15,1195,1195,1230,1160,1230,12932
2008-02-18,1190,1190,1245,1160,1160,9838
2008-02-19,1195,1195,1195,1130,1190,18063
2008-02-20,1195,1195,1215,1170,1215,9580
2008-02-21,1245,1245,1245,1165,1170,38748
2008-02-22,1430,1430,1430,1245,1245,482230
2008-02-25,1450,1450,1530,1340,1500,355527
2008-02-26,1540,1540,1645,1390,1460,291193
2008-02-27,1540,1540,1670,1470,1540,181892
2008-02-28,1535,1535,1600,1450,1520,103182
2008-02-29,1515,1515,1545,1465,1535,90204
2008-03-03,1435,1435,1520,1325,1520,133432
2008-03-04,1440,1440,1625,1335,1435,346454
2008-03-05,1520,1520,1570,1400,1570,39383
2008-03-06,1500,1500,1550,1400,1480,104892
2008-03-07,1480,1480,1490,1410,1490,18724
2008-03-10,1455,1455,1550,1350,1405,46268
2008-03-11,1440,1440,1460,1360,1460,11061
2008-03-12,1400,1400,1470,1350,1470,97183
2008-03-13,1380,1380,1420,1325,1325,36131
2008-03-14,1400,1400,1485,1310,1350,283334
2008-03-17,1400,1400,1440,1335,1440,19244
2008-03-18,1390,1390,1400,1265,1355,83907
2008-03-19,1330,1330,1385,1290,1365,107932
2008-03-20,1270,1270,1330,1245,1330,24108
2008-03-21,1290,1290,1320,1255,1320,32324
2008-03-24,1255,1255,1345,1230,1345,34842
2008-03-25,1230,1230,1260,1190,1230,19397
2008-03-26,1215,1215,1260,1180,1240,27211
2008-03-27,1215,1215,1245,1155,1245,31768
2008-03-28,1210,1210,1225,1170,1225,11454
2008-03-31,1210,1210,1235,1200,1235,12604
2008-04-01,1210,1210,1240,1195,1235,19437
2008-04-02,1280,1280,1280,1190,1200,59536
2008-04-03,1270,1270,1310,1210,1310,19522
2008-04-04,1255,1255,1275,1220,1250,44925
2008-04-07,1260,1260,1290,1230,1290,55516
2008-04-08,1280,1280,1305,1225,1260,49413
2008-04-10,1260,1260,1280,1225,1280,67807
2008-04-11,1250,1250,1285,1220,1285,28125
2008-04-14,1270,1270,1275,1215,1215,7096
2008-04-15,1230,1230,1270,1220,1270,12698
2008-04-16,1240,1240,1280,1230,1240,10120
2008-04-17,1230,1230,1250,1200,1230,36607
2008-04-18,1230,1230,1235,1200,1220,37688
2008-04-21,1245,1245,1270,1210,1270,12733
2008-04-22,1250,1250,1260,1230,1250,25493
2008-04-23,1250,1250,1260,1230,1230,56254
2008-04-24,1250,1250,1320,1225,1270,87089
2008-04-25,1290,1290,1295,1250,1250,49242
2008-04-28,1380,1380,1395,1305,1305,99977
2008-04-29,1400,1400,1500,1395,1420,150111
2008-04-30,1490,1490,1495,1385,1450,71673
2008-05-02,1470,1470,1500,1410,1500,50893
2008-05-06,1450,1450,1485,1440,1480,48301
2008-05-07,1440,1440,1470,1400,1470,76142
2008-05-08,1490,1490,1495,1405,1460,48408
2008-05-09,1445,1445,1500,1445,1465,57891
2008-05-13,1500,1500,1500,1445,1445,85912
2008-05-14,1485,1485,1580,1465,1480,106908
2008-05-15,1425,1425,1500,1410,1500,65913
2008-05-16,1400,1400,1425,1360,1425,61243
2008-05-19,1395,1395,1410,1360,1360,16403
2008-05-20,1395,1395,1400,1350,1370,22391
2008-05-21,1405,1405,1405,1350,1400,27306
2008-05-22,1390,1390,1490,1330,1380,154664
2008-05-23,1415,1415,1415,1315,1350,36900
2008-05-26,1375,1375,1475,1335,1410,74049
2008-05-27,1320,1320,1385,1260,1335,83301
2008-05-28,1285,1285,1325,1250,1300,38024
2008-05-29,1275,1275,1320,1255,1260,31551
2008-05-30,1345,1345,1360,1265,1295,14241
2008-06-02,1340,1340,1340,1280,1330,10938
2008-06-03,1355,1355,1360,1285,1330,8669
2008-06-04,1340,1340,1345,1295,1345,4801
2008-06-05,1340,1340,1360,1290,1360,14540
2008-06-09,1355,1355,1360,1300,1320,10100
2008-06-10,1270,1270,1350,1230,1350,28635
2008-06-11,1320,1320,1400,1220,1275,228971
2008-06-12,1300,1300,1320,1260,1270,15971
2008-06-13,1300,1300,1320,1255,1255,22940
2008-06-16,1285,1285,1300,1265,1300,10785
2008-06-17,1285,1285,1310,1255,1310,4671
2008-06-18,1285,1285,1290,1265,1290,2248
2008-06-19,1240,1240,1285,1210,1285,20578
2008-06-20,1240,1240,1250,1205,1240,8247
2008-06-23,1220,1220,1290,1180,1210,47227
2008-06-24,1245,1245,1245,1195,1245,23320
2008-06-25,1250,1250,1275,1210,1275,19511
2008-06-26,1265,1265,1275,1220,1275,8704
2008-06-27,1265,1265,1270,1220,1220,5777
2008-06-30,1300,1300,1300,1225,1235,8231
2008-07-01,1280,1280,1305,1230,1300,8837
2008-07-02,1255,1255,1280,1225,1280,6797
2008-07-03,1240,1240,1270,1195,1270,7926
2008-07-04,1230,1230,1240,1175,1175,16866
2008-07-07,1240,1240,1270,1115,1270,21313
2008-07-08,1250,1250,1255,1160,1240,9525
2008-07-09,1250,1250,1270,1205,1270,9868
2008-07-10,1245,1245,1310,1200,1200,10564
2008-07-11,1240,1240,1245,1205,1245,7467
2008-07-14,1200,1200,1240,1200,1210,11081
2008-07-15,1190,1190,1200,1165,1200,6902
2008-07-16,1195,1195,1220,1050,1220,27425
2008-07-17,1190,1190,1205,1140,1195,7767
2008-07-18,1175,1175,1205,1110,1205,24592
2008-07-21,1165,1165,1175,1125,1125,30666
2008-07-22,1145,1145,1155,1110,1130,28568
2008-07-23,1150,1150,1175,1130,1175,11105
2008-07-24,1150,1150,1160,1100,1150,13551
2008-07-25,1165,1165,1165,1120,1120,3617
2008-07-28,1170,1170,1175,1160,1165,994
2008-07-29,1170,1170,1170,1125,1125,8900
2008-07-30,1155,1155,1165,1130,1130,2100
2008-07-31,1135,1135,1160,1115,1130,10900
2008-08-01,1135,1135,1155,1120,1155,7700
2008-08-04,1140,1140,1155,1115,1130,3300
2008-08-05,1125,1125,1150,1100,1140,7100
2008-08-06,1120,1120,1220,1095,1125,16100
2008-08-07,1120,1120,1140,1110,1140,12200
2008-08-08,1120,1120,1165,1105,1165,4300
2008-08-11,1115,1115,1210,1080,1210,19600
2008-08-12,1110,1110,1135,1095,1110,1900
2008-08-13,1110,1110,1140,1090,1135,7300
2008-08-14,1150,1150,1260,1110,1110,144900
2008-08-18,1075,1075,1150,1075,1120,39369
2008-08-19,1105,1105,1120,1060,1075,14941
2008-08-20,1070,1070,1140,1050,1070,19025
2008-08-21,1070,1070,1070,1035,1070,10291
2008-08-22,1060,1060,1115,995,1070,11941
2008-08-25,1050,1050,1060,990,1010,18147
2008-08-26,1095,1095,1100,995,1010,10288
2008-08-27,1030,1030,1125,995,1085,20717
2008-08-28,1005,1005,1035,985,1000,5728
2008-08-29,975,975,1015,940,980,52324
2008-09-01,920,920,1030,890,1030,23186
2008-09-02,975,975,975,795,935,18063
2008-09-03,945,945,995,910,970,7502
2008-09-04,985,985,1000,915,950,60669
2008-09-05,975,975,1000,940,945,17411
2008-09-08,965,965,990,960,990,8887
2008-09-09,975,975,995,960,985,25750
2008-09-10,965,965,1000,945,960,17967
2008-09-11,960,960,990,935,990,16035
2008-09-12,955,955,960,930,960,13582
2008-09-16,920,920,970,820,900,73854
2008-09-17,950,950,980,920,980,15070
2008-09-18,940,940,1000,880,945,30268
2008-09-19,940,940,980,915,980,18674
2008-09-22,945,945,980,900,980,4680
2008-09-23,970,970,970,885,940,23776
2008-09-24,925,925,990,915,990,28000
2008-09-25,935,935,950,900,950,5188
2008-09-26,930,930,940,895,905,6782
2008-09-29,920,920,960,900,930,9490
2008-09-30,935,935,935,860,865,16950
2008-10-01,920,920,945,895,935,1650
2008-10-02,910,910,920,875,920,2252
2008-10-06,875,875,905,860,870,16372
2008-10-07,925,925,940,810,850,32945
2008-10-08,900,900,900,850,870,2529
2008-10-09,920,920,1005,855,925,45394
2008-10-10,920,920,920,845,920,25072
2008-10-13,915,915,930,865,920,9721
2008-10-14,920,920,950,890,950,21088
2008-10-15,920,920,940,895,940,1594
2008-10-16,920,920,960,875,875,6286
2008-10-17,880,880,945,830,945,59973
2008-10-20,895,895,900,825,900,28870
2008-10-21,885,885,915,765,915,64709
2008-10-22,800,800,880,780,880,46926
2008-10-23,680,680,830,680,830,245363
2008-10-24,680,680,720,580,720,29556
2008-10-27,675,675,675,580,605,55567
2008-10-28,695,695,710,580,580,2807
2008-10-29,685,685,720,605,695,36613
2008-10-30,680,680,710,610,650,83202
2008-10-31,685,685,690,655,690,18411
2008-11-03,685,685,690,650,690,17115
2008-11-04,655,655,685,620,685,121891
2008-11-05,640,640,680,620,655,273353
2008-11-06,640,640,655,605,630,163861
2008-11-07,645,645,645,615,640,55569
2008-11-10,650,650,670,640,650,42607
2008-11-11,645,645,650,630,650,22107
2008-11-12,665,665,665,645,650,56486
2008-11-13,640,640,670,625,645,54365
2008-11-14,735,735,735,640,645,187647
2008-11-17,720,720,825,705,750,122442
2008-11-18,820,820,825,710,775,188723
2008-11-19,940,940,940,770,815,328644
2008-11-20,1000,1000,1080,830,975,537544
2008-11-21,1030,1030,1030,930,940,156374
2008-11-24,1040,1040,1100,985,1030,62469
2008-11-25,1035,1035,1160,1020,1090,108151
2008-11-26,1120,1120,1190,945,1050,459220
2008-11-27,1025,1025,1120,1015,1120,55646
2008-11-28,1025,1025,1065,950,990,127704
2008-12-01,1015,1015,1035,985,1025,9522
2008-12-02,990,990,1010,940,980,20151
2008-12-03,990,990,1000,910,1000,71347
2008-12-04,960,960,990,860,970,21618
2008-12-05,980,980,990,905,905,14210
2008-12-08,975,975,1095,950,1095,30760
2008-12-09,930,930,990,920,935,27865
2008-12-10,900,900,955,885,955,32809
2008-12-11,885,885,920,855,910,43211
2008-12-12,895,895,900,825,900,13082
2008-12-15,885,885,995,865,895,29915
2008-12-16,880,880,900,850,900,17495
2008-12-17,880,880,880,840,880,14323
2008-12-18,865,865,890,820,890,18452
2008-12-19,880,880,915,855,915,879
2008-12-22,885,885,930,850,930,13253
2008-12-23,865,865,920,840,920,5696
2008-12-24,865,865,885,835,885,3866
2008-12-26,865,865,865,830,835,3689
2008-12-29,875,875,900,830,900,5511
2008-12-30,885,885,885,845,875,8375
2009-01-02,925,925,960,860,960,3380
2009-01-05,945,945,950,880,920,11595
2009-01-06,960,960,960,905,950,8767
2009-01-07,985,985,995,890,985,9559
2009-01-08,990,990,1045,900,1045,12327
2009-01-09,1000,1000,1045,930,1010,450
2009-01-12,1025,1025,1110,930,1095,6362
2009-01-13,995,995,1005,950,960,8422
2009-01-14,995,995,1020,950,1020,2731
2009-01-15,1000,1000,1000,990,990,271
2009-01-16,1000,1000,1000,910,930,14606
2009-01-19,1020,1020,1020,990,990,14562
2009-01-20,1020,1020,1050,940,1050,37
2009-01-21,1020,1020,1020,940,980,9652
2009-01-22,1015,1015,1050,995,1045,6455
2009-01-23,1010,1010,1015,940,940,2655
2009-01-28,995,995,1025,950,1025,8153
2009-01-29,960,960,1000,955,1000,12856
2009-01-30,990,990,995,920,920,504
2009-02-02,980,980,1000,955,955,1532
2009-02-03,995,995,1020,945,945,10712
2009-02-04,965,965,1010,940,965,20563
2009-02-05,950,950,985,935,945,9437
2009-02-06,920,920,960,900,960,36244
2009-02-09,950,950,980,875,980,31781
2009-02-10,940,940,970,910,950,10562
2009-02-11,930,930,940,910,910,2816
2009-02-12,965,965,965,915,935,9892
2009-02-13,965,965,965,925,965,4257
2009-02-16,955,955,965,920,960,17048
2009-02-17,930,930,955,915,925,15370
2009-02-18,930,930,950,910,950,3949
2009-02-19,920,920,940,900,935,18969
2009-02-20,905,905,940,855,940,17855
2009-02-23,900,900,915,885,915,10108
2009-02-24,1015,1015,1030,870,900,13415
2009-02-25,975,975,1000,915,1000,13055
2009-02-26,950,950,975,925,925,909
2009-02-27,920,920,990,900,990,14360
2009-03-02,920,920,950,900,925,6604
2009-03-03,910,910,920,890,915,6780
2009-03-04,935,935,980,900,980,5190
2009-03-05,910,910,980,910,920,10113
2009-03-06,920,920,970,900,910,26823
2009-03-09,920,920,965,895,960,14981
2009-03-10,925,925,940,900,905,5650
2009-03-11,925,925,935,900,900,26883
2009-03-12,925,925,925,900,925,12660
2009-03-13,920,920,950,900,915,32626
2009-03-16,930,930,1020,890,920,130654
2009-03-17,925,925,930,900,930,6397
2009-03-18,925,925,935,915,935,14073
2009-03-19,925,925,950,910,915,5659
2009-03-20,915,915,930,900,915,20462
2009-03-23,920,920,920,910,915,1021
2009-03-24,905,905,925,900,925,10135
2009-03-25,910,910,915,895,895,4737
2009-03-26,900,900,910,885,900,9491
2009-03-27,900,900,910,900,900,5793
2009-03-30,900,900,910,895,900,7518
2009-03-31,900,900,900,885,900,4095
2009-04-01,910,910,955,890,900,6902
2009-04-02,900,900,915,870,915,24412
2009-04-03,905,905,915,895,905,2022
2009-04-06,905,905,910,895,895,13716
2009-04-07,930,930,935,890,935,32289
2009-04-08,945,945,950,900,930,15289
2009-04-09,945,945,945,910,945,7882
2009-04-10,920,920,950,905,945,36178
2009-04-13,970,970,970,905,920,34529
2009-04-14,980,980,990,920,940,70465
2009-04-15,970,970,1020,960,965,67104
2009-04-16,960,960,1010,960,1010,15948
2009-04-17,930,930,1000,900,985,38235
2009-04-20,905,905,930,895,910,36204
2009-04-21,900,900,905,880,900,29835
2009-04-22,910,910,920,900,920,10990
2009-04-23,915,915,1000,895,910,220928
2009-04-24,915,915,930,905,920,36450
2009-04-27,900,900,930,900,930,27840
2009-04-28,885,885,930,855,900,56134
2009-04-29,870,870,880,840,860,30429
2009-04-30,845,845,870,840,870,58204
2009-05-04,850,850,855,820,845,17500
2009-05-06,850,850,855,835,855,12342
2009-05-07,850,850,855,825,850,22622
2009-05-08,855,855,860,835,855,23872
2009-05-11,855,855,875,850,875,15699
2009-05-12,860,860,880,845,855,7826
2009-05-13,925,925,935,860,860,78438
2009-05-14,880,880,950,880,950,19829
2009-05-15,890,890,910,870,880,34267
2009-05-18,895,895,925,855,925,37740
2009-05-19,890,890,900,860,900,34213
2009-05-20,885,885,895,870,890,20823
2009-05-21,905,905,905,870,895,129948
2009-05-22,935,935,1000,910,910,166553
2009-05-25,910,910,1005,870,940,220175
2009-05-26,945,945,950,890,900,74047
2009-05-27,945,945,960,910,945,67914
2009-05-28,925,925,955,910,945,40886
2009-05-29,940,940,950,890,945,84108
2009-06-01,975,975,980,905,940,123179
2009-06-02,1120,1120,1120,970,980,301700
2009-06-03,1285,1285,1285,1160,1275,2817930
2009-06-04,1195,1195,1475,1125,1340,2209361
2009-06-05,1330,1330,1370,1120,1220,1464943
2009-06-08,1295,1295,1365,1210,1275,414359
2009-06-09,1185,1185,1310,1135,1305,382623
2009-06-10,1145,1145,1245,1145,1230,668522
2009-06-11,1130,1130,1180,1080,1155,478996
2009-06-12,1135,1135,1150,1075,1140,292423
2009-06-15,1170,1170,1190,1090,1140,395373
2009-06-16,1250,1250,1295,1120,1145,525526
2009-06-17,1235,1235,1320,1185,1260,416031
2009-06-18,1230,1230,1265,1185,1215,339202
2009-06-19,1150,1150,1290,1150,1240,352770
2009-06-22,1150,1150,1175,1100,1145,125132
2009-06-23,1120,1120,1150,1085,1110,89312
2009-06-24,1005,1005,1135,1005,1070,159387
2009-06-25,1020,1020,1050,960,1010,122797
2009-06-26,1020,1020,1025,970,1025,110905
2009-06-29,1000,1000,1040,990,1020,55842
2009-06-30,1005,1005,1010,980,1010,48240
2009-07-01,1010,1010,1030,980,980,41344
2009-07-02,1020,1020,1070,1010,1070,20060
2009-07-03,1170,1170,1170,970,995,119625
2009-07-06,1170,1170,1260,1120,1170,156185
2009-07-07,1150,1150,1185,1115,1170,151303
2009-07-08,1125,1125,1165,1110,1165,54551
2009-07-09,1050,1050,1135,1050,1135,30541
2009-07-10,1090,1090,1100,1010,1070,26304
2009-07-13,1025,1025,1115,1025,1115,12979
2009-07-14,1060,1060,1090,1020,1020,25669
2009-07-15,1085,1085,1085,1030,1060,19445
2009-07-16,1090,1090,1125,1050,1125,27897
2009-07-17,1115,1115,1175,1070,1120,86276
2009-07-20,1100,1100,1135,1070,1130,39500
2009-07-21,1090,1090,1115,1020,1115,27167
2009-07-22,1065,1065,1090,1030,1070,58848
2009-07-23,1025,1025,1060,1020,1045,63369
2009-07-24,1035,1035,1050,995,1010,42445
2009-07-27,1040,1040,1060,1020,1020,57047
2009-07-28,1010,1010,1050,1000,1045,50644
2009-07-29,1020,1020,1045,1005,1005,21791
2009-07-30,1020,1020,1040,1005,1040,16325
2009-07-31,1020,1020,1030,980,1015,85000
2009-08-03,1005,1005,1025,985,1020,56073
2009-08-04,990,990,1020,990,1010,44337
2009-08-05,945,945,1005,940,1005,113101
2009-08-06,925,925,995,905,950,88070
2009-08-07,945,945,945,920,920,46204
2009-08-10,925,925,965,900,965,63502
2009-08-11,940,940,950,905,905,47700
2009-08-12,935,935,945,920,940,32419
2009-08-13,905,905,935,900,930,147200
2009-08-14,910,910,920,895,915,77588
2009-08-17,890,890,915,890,910,60624
2009-08-18,860,860,905,850,890,83943
2009-08-19,860,860,875,850,875,89463
2009-08-20,875,875,920,860,860,36969
2009-08-21,855,855,880,850,880,54124
2009-08-24,825,825,855,810,855,94349
2009-08-25,820,820,830,805,830,30830
2009-08-26,830,830,835,815,835,53773
2009-08-27,825,825,840,725,830,139981
2009-08-28,820,820,945,785,820,661281
2009-08-31,855,855,880,825,870,32533
2009-09-01,880,880,880,835,855,20579
2009-09-02,890,890,915,855,855,47800
2009-09-03,890,890,920,870,920,30412
2009-09-04,915,915,925,865,925,26737
2009-09-07,880,880,965,880,920,58732
2009-09-08,845,845,895,845,895,57071
2009-09-09,820,820,860,800,845,160301
2009-09-10,800,800,940,795,920,503311
2009-09-11,815,815,840,795,795,71589
2009-09-14,835,835,840,795,820,329387
2009-09-15,845,845,860,825,855,81571
2009-09-16,850,850,860,815,845,156993
2009-09-17,860,860,870,820,870,138796
2009-09-18,850,850,880,850,860,134844
2009-09-21,880,880,895,850,850,37096
2009-09-22,880,880,880,860,880,25186
2009-09-23,875,875,885,855,885,42723
2009-09-24,875,875,895,850,875,21934
2009-09-25,880,880,890,845,890,38433
2009-09-28,880,880,890,860,890,22621
2009-09-29,880,880,880,855,880,30133
2009-09-30,870,870,930,850,930,21125
2009-10-01,875,875,875,840,870,17720
2009-10-05,870,870,875,850,875,1158
2009-10-06,800,800,870,795,870,42434
2009-10-07,835,835,850,800,800,29513
2009-10-08,800,800,845,790,845,56127
2009-10-09,785,785,815,780,815,62178
2009-10-12,795,795,805,770,785,14673
2009-10-13,810,810,815,795,810,21672
2009-10-14,860,860,890,800,800,183018
2009-10-15,820,820,880,820,855,86148
2009-10-16,880,880,880,815,840,43149
2009-10-19,945,945,975,860,870,118671
2009-10-20,950,950,980,910,945,44757
2009-10-21,1000,1000,1020,920,920,53125
2009-10-22,1010,1010,1015,935,980,45362
2009-10-23,1040,1040,1040,930,1030,59954
2009-10-26,1020,1020,1040,980,1035,29547
2009-10-27,995,995,1095,970,1020,155972
2009-10-28,970,970,1010,910,975,76839
2009-10-29,970,970,1005,940,1005,5318
2009-10-30,965,965,975,940,950,7760
2009-11-02,1055,1055,1055,940,940,62330
2009-11-03,1065,1065,1120,965,1015,116016
2009-11-04,980,980,1095,980,1040,212775
2009-11-05,980,980,995,940,995,171380
2009-11-06,925,925,1020,925,1020,106892
2009-11-09,950,950,985,900,925,32487
2009-11-10,950,950,980,945,980,42930
2009-11-11,905,905,990,900,990,120855
2009-11-12,900,900,920,875,920,153062
2009-11-13,970,970,970,900,900,185380
2009-11-16,1030,1030,1035,965,965,94226
2009-11-17,1035,1035,1040,1000,1030,37798
2009-11-18,1040,1040,1065,1000,1035,54263
2009-11-19,1050,1050,1060,1005,1060,46225
2009-11-20,1080,1080,1090,1040,1060,114830
2009-11-23,1080,1080,1090,1055,1055,94426
2009-11-24,1080,1080,1085,1060,1060,42177
2009-11-25,1060,1060,1085,1020,1085,46916
2009-11-26,1025,1025,1075,1025,1035,30133
2009-11-27,1030,1030,1035,980,1005,39500
2009-11-30,1025,1025,1040,970,1040,15816
2009-12-01,1030,1030,1050,985,985,11228
2009-12-02,1040,1040,1040,990,1040,22611
2009-12-03,1040,1040,1050,1015,1045,93290
2009-12-04,1045,1045,1050,990,1050,16500
2009-12-07,1045,1045,1050,1025,1025,38948
2009-12-08,1045,1045,1050,1020,1030,20876
2009-12-09,1050,1050,1050,1020,1045,23781
2009-12-10,1045,1045,1050,1005,1050,53253
2009-12-11,995,995,1045,995,1045,76930
2009-12-14,995,995,1010,985,985,26193
2009-12-15,995,995,1025,980,985,61089
2009-12-16,1030,1030,1045,990,990,129950
2009-12-17,1025,1025,1030,995,1030,48382
2009-12-18,1000,1000,1025,970,1015,84959
2009-12-21,1000,1000,1025,995,1020,65529
2009-12-22,950,950,1020,950,1020,24733
2009-12-23,965,965,995,935,945,14375
2009-12-24,970,970,1020,925,965,3593
2009-12-28,985,985,985,920,970,28921
2009-12-29,980,980,990,930,930,15732
2009-12-30,970,970,975,915,965,21311
2010-01-04,970,970,985,915,980,24198
2010-01-05,960,960,1020,940,970,5916
2010-01-06,945,945,985,945,980,31565
2010-01-07,965,965,965,930,945,5564
2010-01-08,975,975,985,940,965,36571
2010-01-11,995,995,1000,970,1000,26598
2010-01-12,980,980,1000,975,995,30504
2010-01-13,990,990,995,955,960,35520
2010-01-14,990,990,995,950,975,63766
2010-01-15,985,985,995,945,995,60043
2010-01-18,960,960,975,950,975,70483
2010-01-19,990,990,995,940,965,51701
2010-01-20,1045,1045,1090,990,1025,175240
2010-01-21,1040,1040,1075,1000,1020,367537
2010-01-22,1195,1195,1195,1010,1080,1019971
2010-01-25,1320,1320,1350,1025,1200,1020364
2010-01-26,1290,1290,1395,1210,1320,474650
2010-01-27,1260,1260,1405,1255,1325,518602
2010-01-28,1290,1290,1330,1220,1235,235862
2010-01-29,1335,1335,1390,1225,1290,503551
2010-02-01,1370,1370,1480,1275,1335,661619
2010-02-02,1445,1445,1445,1260,1380,503621
2010-02-03,1245,1245,1475,1245,1465,628294
2010-02-04,1305,1305,1330,1245,1245,363117
2010-02-05,1300,1300,1310,1195,1280,210975
2010-02-08,1275,1275,1320,1245,1275,116704
2010-02-09,1300,1300,1350,1260,1290,155568
2010-02-10,1360,1360,1400,1305,1315,188736
2010-02-11,1400,1400,1420,1330,1360,373452
2010-02-12,1385,1385,1420,1330,1400,114600
2010-02-16,1385,1385,1415,1355,1380,67196
2010-02-17,1405,1405,1415,1365,1365,104214
2010-02-18,1400,1400,1445,1380,1380,217695
2010-02-19,1350,1350,1395,1285,1395,547159
2010-02-22,1310,1310,1395,1295,1350,360254
2010-02-23,1390,1390,1405,1305,1305,792692
2010-02-24,1595,1595,1595,1400,1400,1525635
2010-02-25,1620,1620,1730,1530,1610,1206840
2010-02-26,1655,1655,1680,1570,1610,570904
2010-03-02,1635,1635,1670,1555,1630,403467
2010-03-03,1550,1550,1690,1480,1660,1130253
2010-03-04,1630,1630,1630,1505,1565,426633
2010-03-05,1840,1840,1860,1620,1635,933385
2010-03-08,1835,1835,1920,1775,1800,889140
2010-03-09,1875,1875,2040,1795,1840,607011
2010-03-10,1965,1965,1975,1810,1810,275708
2010-03-11,2100,2100,2190,1965,1970,682336
2010-03-12,2100,2100,2200,1935,2110,631912
2010-03-15,1785,1785,2150,1785,2150,1490434
2010-03-16,2050,2050,2050,1760,1790,817666
2010-03-17,2355,2355,2355,2210,2300,1691397
2010-03-18,2400,2400,2525,2280,2400,1626759
2010-03-19,2440,2440,2480,2320,2320,485330
2010-03-22,2585,2585,2625,2380,2380,884321
2010-03-23,2660,2660,2740,2530,2555,707954
2010-03-24,2540,2540,2695,2350,2660,446731
2010-03-25,2540,2540,2640,2505,2540,168489
2010-03-26,2690,2690,2710,2415,2550,401912
2010-03-29,2800,2800,2870,2650,2650,859593
2010-03-30,2795,2795,2815,2660,2740,377088
2010-03-31,2780,2780,2840,2735,2795,224485
2010-04-01,2790,2790,2790,2705,2735,295282
2010-04-02,2805,2805,2850,2770,2780,259805
2010-04-05,2385,2385,2800,2385,2735,1371365
2010-04-06,2030,2030,2440,2030,2340,1023697
2010-04-07,2180,2180,2255,1905,1955,991281
2010-04-08,2235,2235,2300,2150,2220,288051
2010-04-09,2125,2125,2290,1950,2235,482200
2010-04-12,1810,1810,2120,1810,2085,556109
2010-04-13,1650,1650,1770,1540,1720,2419141
2010-04-14,1885,1885,1895,1650,1650,1991176
2010-04-15,1995,1995,2030,1760,1850,889218
2010-04-16,1950,1950,2020,1890,2020,358077
2010-04-19,1950,1950,2040,1800,1935,291218
2010-04-20,1885,1885,1990,1850,1925,312202
2010-04-21,1780,1780,1880,1605,1870,1954033
2010-04-22,1775,1775,1825,1620,1780,387880
2010-04-23,1730,1730,1800,1710,1800,198160
2010-04-26,1810,1810,1835,1675,1760,331514
2010-04-27,1785,1785,1850,1715,1825,185662
2010-04-28,1795,1795,1825,1715,1780,218450
2010-04-29,1760,1760,1815,1670,1795,411918
2010-04-30,1705,1705,1780,1685,1780,276259
2010-05-03,1690,1690,1760,1670,1690,174797
2010-05-04,1710,1710,1725,1660,1700,175147
2010-05-06,1700,1700,1710,1640,1685,197173
2010-05-07,1680,1680,1680,1445,1660,1191122
2010-05-10,1930,1930,1930,1670,1670,529227
2010-05-11,1815,1815,1980,1770,1960,786552
2010-05-12,1755,1755,1845,1690,1840,533777
2010-05-13,1630,1630,1860,1505,1770,1268480
2010-05-14,1670,1670,1685,1550,1600,308638
2010-05-17,1640,1640,1700,1600,1670,166775
2010-05-18,1590,1590,1665,1520,1650,240223
2010-05-19,1485,1485,1585,1465,1585,177805
2010-05-20,1340,1340,1525,1330,1470,230700
2010-05-24,1540,1540,1540,1315,1340,418863
2010-05-25,1570,1570,1700,1475,1550,676246
2010-05-26,1620,1620,1640,1540,1570,193315
2010-05-27,1605,1605,1650,1565,1630,183701
2010-05-28,1640,1640,1680,1585,1600,252262
2010-05-31,1640,1640,1685,1595,1670,208444
2010-06-01,1545,1545,1655,1520,1655,242596
2010-06-03,1610,1610,1745,1530,1545,716907
2010-06-04,1800,1800,1840,1610,1610,1558307
2010-06-07,1855,1855,1875,1680,1765,1563261
2010-06-08,1905,1905,1905,1795,1860,702008
2010-06-09,1845,1845,1920,1835,1910,371064
2010-06-10,1825,1825,1875,1750,1840,457658
2010-06-11,1740,1740,1870,1655,1855,459878
2010-06-14,1740,1740,1790,1680,1770,241328
2010-06-15,1735,1735,1765,1700,1740,164713
2010-06-16,1895,1895,1920,1710,1745,910682
2010-06-17,1900,1900,1950,1840,1930,375934
2010-06-18,1900,1900,1930,1810,1890,281370
2010-06-21,1885,1885,1935,1855,1935,155789
2010-06-22,1920,1920,1960,1840,1895,497921
2010-06-23,1950,1950,1950,1800,1880,445363
2010-06-24,2000,2000,2050,1965,1965,501205
2010-06-25,1740,1740,2000,1715,2000,1238885
2010-06-28,1695,1695,1815,1620,1760,655071
2010-06-29,1675,1675,1785,1635,1670,470260
2010-06-30,1675,1675,1675,1430,1645,364344
2010-07-01,1620,1620,1700,1605,1615,264400
2010-07-02,1510,1510,1670,1505,1610,319461
2010-07-05,1620,1620,1670,1420,1555,598609
2010-07-06,1550,1550,1715,1550,1565,273970
2010-07-07,1550,1550,1590,1450,1590,393733
2010-07-08,1535,1535,1555,1485,1555,311611
2010-07-09,1525,1525,1530,1440,1530,551259
2010-07-12,1480,1480,1525,1475,1510,245304
2010-07-13,1415,1415,1485,1395,1485,1503945
2010-07-14,1450,1450,1485,1425,1480,461212
2010-07-15,1330,1330,1470,1310,1470,850515
2010-07-16,1205,1205,1375,1170,1330,1389276
2010-07-19,1185,1185,1230,1145,1230,624106
2010-07-20,1245,1245,1285,1150,1185,763555
2010-07-21,1245,1245,1275,1225,1230,325256
2010-07-22,1220,1220,1250,1185,1230,308150
2010-07-23,1200,1200,1245,1170,1245,291156
2010-07-26,1255,1255,1265,1175,1175,282767
2010-07-27,1325,1325,1330,1255,1260,488620
2010-07-28,1395,1395,1420,1285,1330,765847
2010-07-29,1290,1290,1590,1260,1480,1909866
2010-07-30,1265,1265,1290,1210,1270,275815
2010-08-02,1265,1265,1310,1185,1280,376175
2010-08-03,1345,1345,1380,1290,1335,401178
2010-08-04,1370,1370,1385,1330,1345,234325
2010-08-05,1340,1340,1380,1335,1355,190560
2010-08-06,1420,1420,1430,1325,1340,322217
2010-08-09,1415,1415,1430,1380,1400,251353
2010-08-10,1365,1365,1420,1335,1410,379942
2010-08-11,1325,1325,1365,1315,1365,297781
2010-08-12,1315,1315,1415,1300,1365,1335562
2010-08-13,1310,1310,1345,1280,1345,396345
2010-08-16,1280,1280,1330,1270,1310,340311
2010-08-17,1240,1240,1300,1225,1290,305753
2010-08-18,1220,1220,1280,1190,1245,477835
2010-08-19,1220,1220,1240,1210,1220,181183
2010-08-20,1240,1240,1265,1195,1220,186109
2010-08-23,1180,1180,1260,1175,1260,303731
2010-08-24,1180,1180,1205,1160,1180,200482
2010-08-25,1180,1180,1205,1150,1150,389511
2010-08-26,1140,1140,1185,1120,1180,291549
2010-08-27,1150,1150,1200,1125,1125,370235
2010-08-30,1055,1055,1175,1040,1155,556868
2010-08-31,1030,1030,1090,910,1060,1432235
2010-09-01,1025,1025,1090,1010,1035,224096
2010-09-02,1050,1050,1065,1010,1020,188916
2010-09-03,1205,1205,1205,1050,1060,676026
2010-09-06,1320,1320,1360,1180,1230,1308179
2010-09-07,1315,1315,1340,1255,1320,563252
2010-09-08,1340,1340,1370,1285,1315,513719
2010-09-09,1310,1310,1365,1285,1365,414919
2010-09-10,1280,1280,1340,1275,1310,255334
2010-09-13,1240,1240,1320,1205,1280,517323
2010-09-14,1250,1250,1285,1160,1255,752590
2010-09-15,1230,1230,1275,1185,1265,340252
2010-09-16,1245,1245,1300,1210,1235,428117
2010-09-17,1190,1190,1280,1190,1230,318201
2010-09-20,1225,1225,1255,1190,1195,251958
2010-09-24,1205,1205,1230,1195,1220,92771
2010-09-27,1200,1200,1230,1165,1230,304317
2010-09-28,1170,1170,1210,1165,1205,193759
2010-09-29,1195,1195,1200,1130,1180,361250
2010-09-30,1140,1140,1210,1140,1195,268987
2010-10-01,1130,1130,1170,1120,1170,165766
2010-10-04,1115,1115,1135,1110,1120,122084
2010-10-05,1140,1140,1150,1110,1120,93147
2010-10-06,1140,1140,1180,1115,1150,176015
2010-10-07,1130,1130,1150,1115,1140,126677
2010-10-08,1090,1090,1130,1090,1120,176882
2010-10-11,1050,1050,1090,1050,1090,259936
2010-10-12,1065,1065,1085,1040,1060,175628
2010-10-13,1035,1035,1060,1020,1060,115530
2010-10-14,1035,1035,1050,1020,1035,152302
2010-10-15,1075,1075,1110,1030,1035,177809
2010-10-18,1085,1085,1110,1060,1090,99413
2010-10-19,1085,1085,1100,1070,1095,118959
2010-10-20,1100,1100,1105,1075,1080,120092
2010-10-21,1090,1090,1115,1080,1115,115055
2010-10-22,1060,1060,1090,1055,1090,192734
2010-10-25,1140,1140,1170,1060,1080,326659
2010-10-26,1175,1175,1220,1140,1140,495596
2010-10-27,1170,1170,1200,1150,1195,190831
2010-10-28,1345,1345,1345,1165,1180,1085273
2010-10-29,1500,1500,1545,1385,1385,2612673
2010-11-01,1450,1450,1510,1395,1475,1516658
2010-11-02,1590,1590,1590,1410,1465,1210831
2010-11-03,1590,1590,1815,1520,1590,2504989
2010-11-04,1405,1405,1680,1355,1555,3204566
2010-11-05,1615,1615,1615,1395,1415,2415439
2010-11-08,1680,1680,1790,1620,1710,2272269
2010-11-09,1770,1770,1820,1600,1630,1657885
2010-11-10,1515,1515,1780,1510,1770,2630804
2010-11-11,1470,1470,1625,1460,1580,862272
2010-11-12,1510,1510,1585,1425,1470,1205120
2010-11-15,1735,1735,1735,1530,1540,1910400
2010-11-16,1675,1675,1890,1650,1750,3632462
2010-11-17,1765,1765,1765,1630,1630,912281
2010-11-18,1750,1750,1820,1720,1820,944060
2010-11-19,1715,1715,1810,1660,1770,733899
2010-11-22,1630,1630,1735,1625,1715,697142
2010-11-23,1560,1560,1635,1410,1635,1707240
2010-11-24,1515,1515,1540,1430,1440,597358
2010-11-25,1705,1705,1740,1485,1505,1440303
2010-11-26,1575,1575,1755,1540,1725,985749
2010-11-29,1535,1535,1605,1495,1540,419056
2010-11-30,1535,1535,1575,1475,1535,706667
2010-12-01,1450,1450,1540,1420,1535,926541
2010-12-02,1310,1310,1445,1290,1430,1913398
2010-12-03,1315,1315,1340,1295,1315,613147
2010-12-06,1330,1330,1380,1290,1320,902536
2010-12-07,1350,1350,1365,1305,1330,391454
2010-12-08,1280,1280,1360,1255,1350,455714
2010-12-09,1310,1310,1330,1260,1265,368189
2010-12-10,1295,1295,1310,1260,1300,195668
2010-12-13,1280,1280,1310,1260,1310,158534
2010-12-14,1290,1290,1300,1260,1300,198357
2010-12-15,1310,1310,1340,1270,1300,191208
2010-12-16,1270,1270,1315,1255,1315,188508
2010-12-17,1270,1270,1285,1240,1285,209693
2010-12-20,1200,1200,1270,1125,1205,606026
2010-12-21,1190,1190,1235,1190,1200,248030
2010-12-22,1240,1240,1280,1175,1175,399770
2010-12-23,1270,1270,1300,1215,1230,336996
2010-12-24,1280,1280,1305,1250,1255,280701
2010-12-27,1250,1250,1295,1185,1255,288391
2010-12-28,1215,1215,1255,1180,1230,217055
2010-12-29,1190,1190,1270,1180,1205,209682
2010-12-30,1130,1130,1210,1070,1165,349273
2011-01-03,1295,1295,1295,1295,1295,273957
2011-01-04,1485,1485,1485,1430,1485,909181
2011-01-05,1430,1430,1585,1400,1545,3219320
2011-01-06,1350,1350,1455,1300,1450,1244709
2011-01-07,1405,1405,1425,1325,1340,845154
2011-01-10,1365,1365,1450,1350,1415,855972
2011-01-11,1420,1420,1560,1375,1390,2813696
2011-01-12,1410,1410,1475,1385,1425,624735
2011-01-13,1345,1345,1420,1315,1400,556887
2011-01-14,1340,1340,1375,1320,1360,270891
2011-01-17,1295,1295,1365,1275,1340,389308
2011-01-18,1280,1280,1320,1255,1320,260715
2011-01-19,1285,1285,1335,1265,1310,322756
2011-01-20,1285,1285,1305,1275,1285,225110
2011-01-21,1295,1295,1315,1260,1280,395384
2011-01-24,1250,1250,1295,1245,1290,216343
2011-01-25,1245,1245,1260,1220,1255,252038
2011-01-26,1250,1250,1260,1235,1235,161722
2011-01-27,1260,1260,1270,1230,1250,356669
2011-01-28,1400,1400,1445,1270,1285,3748811
2011-01-31,1430,1430,1450,1335,1350,658719
2011-02-01,1410,1410,1455,1380,1425,465276
2011-02-07,1390,1390,1460,1370,1460,419556
2011-02-08,1355,1355,1400,1285,1370,295831
2011-02-09,1310,1310,1345,1305,1320,197338
2011-02-10,1365,1365,1365,1260,1310,308253
2011-02-11,1360,1360,1410,1335,1360,357155
2011-02-14,1380,1380,1395,1330,1395,114640
2011-02-15,1420,1420,1535,1405,1490,474223
2011-02-16,1415,1415,1465,1395,1410,221615
2011-02-17,1360,1360,1430,1350,1405,216551
2011-02-18,1430,1430,1450,1360,1360,312585
2011-02-21,1485,1485,1485,1430,1430,483436
2011-02-22,1435,1435,1500,1410,1500,271969
2011-02-23,1405,1405,1465,1370,1450,271051
2011-02-24,1565,1565,1585,1445,1450,1400470
2011-02-25,1505,1505,1560,1450,1560,475828
2011-02-28,1540,1540,1560,1465,1510,418585
2011-03-02,1505,1505,1570,1480,1495,351951
2011-03-03,1580,1580,1590,1480,1505,659501
2011-03-04,1565,1565,1605,1525,1570,377929
2011-03-07,1470,1470,1575,1470,1550,519144
2011-03-08,1510,1510,1525,1450,1450,321068
2011-03-09,1485,1485,1525,1415,1520,404712
2011-03-10,1415,1415,1500,1400,1485,402211
2011-03-11,1395,1395,1425,1365,1375,204214
2011-03-14,1315,1315,1420,1200,1350,735756
2011-03-15,1225,1225,1315,1140,1280,496849
2011-03-16,1220,1220,1290,1195,1195,441746
2011-03-17,1215,1215,1250,1190,1195,181499
2011-03-18,1240,1240,1250,1215,1220,177548
2011-03-21,1270,1270,1295,1245,1245,154588
2011-03-22,1265,1265,1295,1250,1270,93913
2011-03-23,1245,1245,1270,1200,1270,189779
2011-03-24,1245,1245,1285,1240,1245,117478
2011-03-25,1260,1260,1265,1220,1245,58385
2011-03-28,1250,1250,1280,1230,1250,80350
2011-03-29,1290,1290,1295,1235,1250,153795
2011-03-30,1315,1315,1330,1285,1290,165799
2011-03-31,1290,1290,1335,1240,1300,194866
2011-04-01,1225,1225,1280,1205,1270,436643
2011-04-04,1220,1220,1250,1200,1240,171019
2011-04-05,1210,1210,1235,1195,1220,148189
2011-04-06,1110,1110,1220,1110,1200,656980
2011-04-07,1160,1160,1190,1115,1135,302221
2011-04-08,1165,1165,1205,1135,1160,405413
2011-04-11,1160,1160,1185,1135,1185,156077
2011-04-12,1155,1155,1175,1140,1160,149048
2011-04-13,1150,1150,1165,1125,1135,173425
2011-04-14,1140,1140,1155,1110,1155,99661
2011-04-15,1120,1120,1150,1115,1140,107538
2011-04-18,1075,1075,1140,1020,1120,197546
2011-04-19,1025,1025,1070,1005,1035,290093
2011-04-20,1040,1040,1070,1015,1035,254443
2011-04-21,1050,1050,1070,1040,1040,180785
2011-04-22,1025,1025,1065,990,1040,305761
2011-04-25,1015,1015,1035,975,1025,339608
2011-04-26,921,921,1010,912,1010,320372
2011-04-27,927,927,956,911,921,243659
2011-04-28,930,930,940,913,913,86145
2011-04-29,935,935,940,911,930,152045
2011-05-02,1020,1020,1075,942,944,359706
2011-05-03,999,999,1040,995,997,88566
2011-05-04,1000,1000,1020,990,999,73832
2011-05-06,992,992,1030,984,1030,48637
2011-05-09,970,970,998,940,998,86780
2011-05-11,958,958,990,940,970,146674
2011-05-12,961,961,969,936,936,80859
2011-05-13,984,984,989,950,964,31015
2011-05-16,988,988,1000,960,966,59719
2011-05-17,993,993,1005,960,973,151206
2011-05-18,983,983,995,973,995,41324
2011-05-19,964,964,983,950,983,66794
2011-05-20,974,974,974,950,955,79640
2011-05-23,967,967,983,960,977,45807
2011-05-24,988,988,998,950,950,55412
2011-05-25,987,987,990,965,965,117452
2011-05-26,983,983,992,975,976,68879
2011-05-27,975,975,987,969,983,109623
2011-05-30,1000,1000,1000,970,975,396415
2011-05-31,1000,1000,1040,983,992,323416
2011-06-01,990,990,1000,976,1000,126300
2011-06-02,975,975,990,973,990,61254
2011-06-03,980,980,995,968,970,115352
2011-06-07,1015,1015,1050,960,960,189073
2011-06-08,1020,1020,1050,1000,1000,98819
2011-06-09,1050,1050,1075,1000,1000,159377
2011-06-10,1040,1040,1065,1005,1065,116322
2011-06-13,997,997,1050,885,1050,222027
2011-06-14,996,996,1000,961,961,91213
2011-06-15,995,995,1030,989,995,139406
2011-06-16,998,998,999,977,980,82265
2011-06-17,994,994,999,980,990,96693
2011-06-20,990,990,993,968,971,66517
2011-06-21,1020,1020,1020,981,1010,119292
2011-06-22,1075,1075,1145,1000,1025,659657
2011-06-23,1085,1085,1120,1070,1100,186072
2011-06-24,1120,1120,1125,1080,1095,217887
2011-06-27,1130,1130,1175,1090,1115,598023
2011-06-28,1060,1060,1100,975,1090,703096
2011-06-29,1095,1095,1100,1035,1060,178320
2011-06-30,1075,1075,1115,1045,1095,197475
2011-07-01,1075,1075,1095,1060,1065,192351
2011-07-04,1075,1075,1130,1060,1115,295560
2011-07-05,1080,1080,1095,1075,1080,144009
2011-07-06,1090,1090,1125,1080,1085,108074
2011-07-07,1135,1135,1140,1070,1090,293753
2011-07-08,1110,1110,1145,1070,1145,197787
2011-07-11,1090,1090,1110,1070,1100,189112
2011-07-12,1090,1090,1090,1050,1050,197394
2011-07-13,1075,1075,1090,1000,1090,515279
2011-07-14,1070,1070,1080,1050,1075,61281
2011-07-15,1070,1070,1090,1055,1080,88405
2011-07-18,1095,1095,1130,1055,1070,193377
2011-07-19,1180,1180,1200,1080,1100,691770
2011-07-20,1175,1175,1245,1150,1190,489399
2011-07-21,1165,1165,1185,1145,1185,183591
2011-07-22,1165,1165,1210,1150,1200,172299
2011-07-25,1160,1160,1180,1115,1150,262199
2011-07-26,1165,1165,1175,1145,1175,86135
2011-07-27,1160,1160,1165,1120,1165,322594
2011-07-28,1155,1155,1160,1125,1150,174641
2011-07-29,1150,1150,1165,1120,1160,203820
2011-08-01,1145,1145,1160,1130,1150,167857
2011-08-02,1150,1150,1170,1130,1155,162761
2011-08-03,1110,1110,1145,1095,1145,150111
2011-08-04,1090,1090,1125,1070,1125,203634
2011-08-05,1085,1085,1100,950,950,327214
2011-08-08,956,956,1080,951,1005,194185
2011-08-09,813,813,957,813,885,529291
2011-08-10,855,855,890,830,890,372106
2011-08-11,872,872,886,755,755,284841
2011-08-12,873,873,938,866,900,268201
2011-08-16,900,900,936,865,895,158547
2011-08-17,904,904,915,886,900,219335
2011-08-18,912,912,935,882,901,233247
2011-08-19,960,960,1030,852,899,618759
2011-08-22,950,950,996,931,945,242001
2011-08-23,933,933,975,830,950,202927
2011-08-24,934,934,958,910,924,71767
2011-08-25,934,934,949,896,946,85260
2011-08-26,940,940,940,920,938,29368
2011-08-29,933,933,950,920,932,52713
2011-08-30,926,926,942,913,942,94970
2011-08-31,928,928,937,920,937,47542
2011-09-01,939,939,950,910,910,71430
2011-09-02,952,952,975,923,939,78350
2011-09-05,940,940,983,917,983,67398
2011-09-06,916,916,938,887,930,75157
2011-09-07,914,914,930,900,930,73088
2011-09-08,890,890,934,840,934,193177
2011-09-09,885,885,892,855,892,66541
2011-09-14,855,855,877,841,866,73564
2011-09-15,863,863,867,845,863,29819
2011-09-16,880,880,897,861,897,24107
2011-09-19,879,879,887,865,887,41302
2011-09-20,860,860,889,841,879,45906
2011-09-21,862,862,875,831,852,83487
2011-09-22,890,890,939,845,865,228233
2011-09-23,848,848,894,808,894,123426
2011-09-26,750,750,847,750,805,221445
2011-09-27,773,773,816,730,730,315584
2011-09-28,767,767,806,761,771,276310
2011-09-29,788,788,795,756,767,206063
2011-09-30,888,888,906,768,818,1696322
2011-10-04,820,820,840,770,830,381097
2011-10-05,872,872,872,795,805,499114
2011-10-06,895,895,930,872,900,796259
2011-10-07,900,900,930,884,919,343228
2011-10-10,883,883,910,878,900,311533
2011-10-11,890,890,910,888,910,227824
2011-10-12,915,915,915,884,905,196429
2011-10-13,1040,1040,1050,914,915,1039008
2011-10-14,1080,1080,1140,990,1000,892109
2011-10-17,1095,1095,1140,1075,1080,338579
2011-10-18,1125,1125,1125,1040,1070,281703
2011-10-19,1200,1200,1265,1115,1125,1032765
2011-10-20,1120,1120,1225,1080,1200,587010
2011-10-21,1090,1090,1130,1050,1120,334023
2011-10-24,1060,1060,1150,1060,1105,376797
2011-10-25,1100,1100,1115,1020,1075,506991
2011-10-26,1125,1125,1135,1060,1080,210645
2011-10-27,1070,1070,1155,1050,1150,372776
2011-10-28,1000,1000,1080,993,1080,498567
2011-10-31,1045,1045,1045,999,1025,189623
2011-11-01,1015,1015,1050,998,1015,261586
2011-11-02,999,999,1020,982,990,209983
2011-11-03,990,990,1020,975,995,170561
2011-11-04,1010,1010,1010,992,1010,181387
2011-11-07,1010,1010,1030,990,1010,385904
2011-11-08,1010,1010,1040,1010,1025,125421
2011-11-09,1040,1040,1045,998,1015,214856
2011-11-10,1010,1010,1030,988,1010,152251
2011-11-11,990,990,1015,986,1010,99431
2011-11-14,1005,1005,1020,988,1000,87618
2011-11-15,1015,1015,1025,992,1020,136405
2011-11-16,1015,1015,1030,995,1030,118250
2011-11-17,1020,1020,1025,992,1025,40576
2011-11-18,1010,1010,1015,985,1015,87884
2011-11-21,985,985,1020,970,992,100361
2011-11-22,1005,1005,1005,960,997,139821
2011-11-23,969,969,1005,957,1005,90402
2011-11-24,968,968,985,945,985,41527
2011-11-25,916,916,979,900,970,179474
2011-11-28,904,904,940,876,880,125762
2011-11-29,920,920,934,903,904,94636
2011-11-30,938,938,950,919,950,74522
2011-12-01,931,931,956,925,945,97293
2011-12-02,912,912,940,905,940,130431
2011-12-05,897,897,918,895,910,124200
2011-12-06,889,889,919,873,919,108622
2011-12-07,880,880,900,870,889,49517
2011-12-08,884,884,898,872,888,30457
2011-12-09,855,855,897,850,880,74720
2011-12-12,875,875,886,850,886,55307
2011-12-13,870,870,888,855,875,82977
2011-12-14,859,859,872,852,865,72620
2011-12-15,840,840,859,835,859,70306
2011-12-16,845,845,855,833,850,49464
2011-12-19,780,780,856,721,833,121703
2011-12-20,799,799,820,770,799,81888
2011-12-21,817,817,848,800,848,44425
2011-12-22,809,809,830,800,830,64573
2011-12-23,808,808,822,802,821,52923
2011-12-26,799,799,814,790,805,41160
2011-12-27,795,795,806,781,806,63264
2011-12-28,805,805,810,790,792,31625
2011-12-29,814,814,839,797,839,28060
2012-01-02,805,805,820,801,814,13190
2012-01-03,785,785,818,784,818,121979
2012-01-04,772,772,809,757,809,224691
2012-01-05,782,782,799,765,775,79201
2012-01-06,782,782,804,770,804,84649
2012-01-09,790,790,799,762,771,54360
2012-01-10,850,850,860,785,800,146669
2012-01-11,845,845,870,831,850,51132
2012-01-12,845,845,854,822,854,78761
2012-01-13,929,929,949,830,846,304922
2012-01-16,950,950,965,902,916,300349
2012-01-17,930,930,970,920,950,85541
2012-01-18,930,930,949,915,925,39819
2012-01-19,979,979,1000,915,920,235234
2012-01-20,1125,1125,1125,1010,1010,3114545
2012-01-25,960,960,1125,960,1125,2468544
2012-01-26,925,925,960,911,960,648039
2012-01-27,910,910,933,900,933,280282
2012-01-30,930,930,934,883,893,416265
2012-01-31,914,914,929,897,929,275356
2012-02-01,929,929,958,914,918,235833
2012-02-02,915,915,937,900,937,214621
2012-02-03,901,901,920,901,911,107342
2012-02-06,903,903,913,897,902,118159
2012-02-07,894,894,908,862,908,276651
2012-02-08,897,897,910,882,882,226036
2012-02-09,902,902,917,894,897,188765
2012-02-10,905,905,908,872,908,134830
2012-02-13,900,900,915,891,908,105442
2012-02-14,914,914,918,893,913,162937
2012-02-15,910,910,920,900,920,76684
2012-02-16,905,905,916,897,909,176332
2012-02-17,912,912,918,897,900,148896
2012-02-20,942,942,1045,935,1045,2065990
2012-02-21,940,940,951,921,951,396928
2012-02-22,956,956,970,920,932,238103
2012-02-23,941,941,961,932,961,215060
2012-02-24,946,946,965,943,965,167396
2012-02-27,928,928,950,920,941,212113
2012-02-28,906,906,937,890,928,217646
2012-02-29,914,914,927,900,900,144210
2012-03-02,922,922,936,906,914,140544
2012-03-05,921,921,930,910,930,59424
2012-03-06,915,915,928,902,928,161315
2012-03-07,935,935,942,897,902,206491
2012-03-08,940,940,957,932,940,158436
2012-03-09,939,939,958,933,950,189649
2012-03-12,1030,1030,1070,937,940,1307432
2012-03-13,1015,1015,1035,985,1035,438318
2012-03-14,1050,1050,1050,994,1010,515914
2012-03-15,1205,1205,1205,1105,1160,5730117
2012-03-16,1170,1170,1210,1130,1180,2442464
2012-03-19,1180,1180,1225,1135,1170,1493959
2012-03-20,1110,1110,1205,1110,1205,1119180
2012-03-21,1105,1105,1115,1070,1110,694521
2012-03-22,1040,1040,1120,1025,1120,1045091
2012-03-23,1060,1060,1065,1020,1040,531505
2012-03-26,1045,1045,1085,1030,1065,538203
2012-03-27,1105,1105,1105,1035,1050,825581
2012-03-28,1100,1100,1115,1070,1075,4076664
2012-03-29,1070,1070,1155,1045,1120,618788
2012-03-30,1020,1020,1095,986,1065,798783
2012-04-02,1000,1000,1025,995,1005,277166
2012-04-03,1030,1030,1035,975,1000,380017
2012-04-04,1010,1010,1030,988,1030,386279
2012-04-05,994,994,1000,975,1000,212361
2012-04-06,986,986,1010,979,994,160261
2012-04-09,924,924,995,900,986,290179
2012-04-10,910,910,935,890,900,208708
2012-04-12,880,880,910,870,910,180566
2012-04-13,937,937,954,879,885,99380
2012-04-16,928,928,930,900,916,74794
2012-04-17,905,905,938,890,920,236742
2012-04-18,915,915,930,895,905,215992
2012-04-19,915,915,915,891,906,87603
2012-04-20,898,898,913,889,913,52819
2012-04-23,880,880,906,880,892,75080
2012-04-24,865,865,888,842,875,162506
2012-04-25,829,829,866,810,865,339361
2012-04-26,815,815,843,811,829,100166
2012-04-27,836,836,850,816,834,102718
2012-04-30,837,837,854,826,854,66286
2012-05-02,834,834,858,834,837,65269
2012-05-03,868,868,880,834,834,146728
2012-05-04,867,867,870,854,868,64621
2012-05-07,857,857,870,847,854,65791
2012-05-08,863,863,868,852,857,143442
2012-05-09,890,890,895,858,866,118174
2012-05-10,903,903,911,885,911,46199
2012-05-11,880,880,912,871,899,59725
2012-05-14,855,855,888,820,879,121257
2012-05-15,849,849,855,801,841,120396
2012-05-16,833,833,849,813,849,58556
2012-05-17,829,829,849,800,821,93704
2012-05-18,805,805,821,795,821,59627
2012-05-21,797,797,809,765,791,56083
2012-05-22,797,797,819,787,800,78236
2012-05-23,802,802,809,775,800,61726
2012-05-24,786,786,813,780,813,85588
2012-05-25,794,794,805,782,782,37558
2012-05-29,803,803,803,784,794,79069
2012-05-30,818,818,822,787,809,120039
2012-05-31,822,822,825,806,819,41183
2012-06-01,813,813,826,804,822,50067
2012-06-04,741,741,807,730,807,224223
2012-06-05,769,769,774,741,749,115350
2012-06-07,777,777,783,769,769,49438
2012-06-08,777,777,785,763,778,76479
2012-06-11,787,787,800,777,788,71042
2012-06-12,790,790,800,780,780,85958
2012-06-13,788,788,798,775,798,54227
2012-06-14,787,787,793,777,788,70261
2012-06-15,785,785,802,782,788,25381
2012-06-18,802,802,803,783,797,57335
2012-06-19,795,795,809,790,807,54545
2012-06-20,835,835,852,795,800,266060
2012-06-21,834,834,848,819,833,76684
2012-06-22,840,840,840,819,820,56030
2012-06-25,848,848,866,835,866,100165
2012-06-26,864,864,864,839,841,131425
2012-06-27,905,905,993,860,860,2976734
2012-06-28,840,840,905,840,905,769957
2012-06-29,841,841,850,823,836,285252
2012-07-02,842,842,860,834,853,161804
2012-07-03,894,894,920,832,842,441457
2012-07-04,888,888,894,869,894,116881
2012-07-05,880,880,894,870,891,120612
2012-07-06,878,878,891,862,882,104109
2012-07-09,884,884,888,865,883,81109
2012-07-10,876,876,902,865,879,127325
2012-07-11,870,870,875,850,875,112384
2012-07-12,864,864,882,850,862,96481
2012-07-13,848,848,869,830,869,91901
2012-07-16,850,850,855,835,848,84571
2012-07-17,836,836,858,836,850,66313
2012-07-18,834,834,854,834,836,92390
2012-07-19,845,845,849,824,843,47917
2012-07-20,845,845,853,832,835,37771
2012-07-23,839,839,858,825,833,72847
2012-07-24,828,828,850,798,840,150099
2012-07-25,824,824,830,802,828,64826
2012-07-26,820,820,825,802,824,13263
2012-07-27,813,813,833,806,827,34001
2012-07-30,812,812,830,810,829,23867
2012-07-31,811,811,828,810,828,38824
2012-08-01,813,813,826,802,826,50724
2012-08-02,830,830,833,805,814,86435
2012-08-03,836,836,839,824,830,25934
2012-08-06,847,847,847,835,841,65113
2012-08-07,854,854,862,836,836,79053
2012-08-08,854,854,870,832,870,59346
2012-08-09,846,846,872,833,850,42810
2012-08-10,856,856,861,836,861,21185
2012-08-13,864,864,884,848,848,54362
2012-08-14,865,865,880,850,880,7930
2012-08-16,850,850,880,840,865,98220
2012-08-17,856,856,856,836,849,50768
2012-08-20,850,850,865,840,860,27140
2012-08-21,848,848,855,835,850,21121
2012-08-22,834,834,848,832,841,10869
2012-08-23,839,839,845,816,845,41418
2012-08-24,838,838,844,826,826,47010
2012-08-27,835,835,844,830,844,2087
2012-08-28,830,830,837,815,830,46617
2012-08-29,820,820,831,811,831,61017
2012-08-30,822,822,829,811,829,66466
2012-08-31,832,832,840,812,813,60793
2012-09-03,838,838,840,825,832,24722
2012-09-04,842,842,845,830,838,40754
2012-09-05,833,833,848,820,845,89797
2012-09-06,838,838,847,826,826,29597
2012-09-07,842,842,858,830,834,36229
2012-09-10,849,849,850,830,850,34964
2012-09-11,976,976,976,836,850,2784282
2012-09-12,1045,1045,1110,999,1080,2581538
2012-09-13,1125,1125,1190,1000,1030,2386914
2012-09-14,1130,1130,1160,1080,1140,1488183
2012-09-17,1125,1125,1200,1105,1195,1300182
2012-09-18,1100,1100,1110,1050,1110,786653
2012-09-19,1045,1045,1110,1010,1110,605628
2012-09-20,1100,1100,1150,1065,1100,1602630
2012-09-21,1010,1010,1070,954,1070,1519336
2012-09-24,973,973,1020,970,1010,524280
2012-09-25,920,920,983,895,975,595212
2012-09-26,935,935,966,888,888,278402
2012-09-27,929,929,959,901,926,141535
2012-09-28,927,927,949,902,949,152681
2012-10-02,930,930,955,906,927,239948
2012-10-04,977,977,1000,930,930,568628
2012-10-05,970,970,1000,948,1000,322988
2012-10-08,965,965,998,940,975,347417
2012-10-09,1000,1000,1105,970,985,6261672
2012-10-10,950,950,1010,940,984,1430227
2012-10-11,982,982,1020,955,960,701870
2012-10-12,975,975,991,955,982,386358
2012-10-15,920,920,978,870,970,505591
2012-10-16,930,930,950,904,950,169344
2012-10-17,920,920,950,907,917,307126
2012-10-18,900,900,928,871,893,445262
2012-10-19,913,913,922,880,922,82397
2012-10-22,916,916,920,884,910,90531
2012-10-23,915,915,940,911,940,37137
2012-10-24,939,939,940,896,906,111436
2012-10-25,957,957,980,930,939,160406
2012-10-26,934,934,978,913,978,59768
2012-10-29,900,900,945,894,945,159705
2012-10-30,887,887,909,880,909,118841
2012-10-31,905,905,916,889,915,44747
2012-11-01,886,886,909,870,909,116079
2012-11-02,904,904,930,872,872,68490
2012-11-05,946,946,946,888,909,128993
2012-11-06,965,965,999,924,999,356121
2012-11-07,957,957,974,944,965,367100
2012-11-08,968,968,968,918,935,199393
2012-11-09,960,960,972,943,967,270907
2012-11-12,945,945,955,931,952,66643
2012-11-13,910,910,949,885,949,243119
2012-11-14,909,909,919,890,906,102531
2012-11-15,898,898,909,879,909,112822
2012-11-16,845,845,912,830,912,215267
2012-11-19,859,859,872,824,824,44123
2012-11-20,858,858,892,850,887,125658
2012-11-21,858,858,867,848,848,36014
2012-11-22,845,845,870,842,870,27311
2012-11-23,851,851,860,824,850,54178
2012-11-26,853,853,879,830,830,51338
2012-11-27,851,851,870,825,825,57426
2012-11-28,850,850,870,830,870,24004
2012-11-29,849,849,867,836,836,7196
2012-11-30,857,857,865,833,841,82540
2012-12-03,874,874,883,841,841,43021
2012-12-04,860,860,875,855,855,28804
2012-12-05,864,864,903,837,900,193425
2012-12-06,864,864,877,774,842,68714
2012-12-07,863,863,880,843,860,13687
2012-12-10,849,849,868,836,836,46837
2012-12-11,836,836,859,822,849,32979
2012-12-12,826,826,854,815,854,36573
2012-12-13,826,826,826,807,826,49647
2012-12-14,820,820,842,800,842,88339
2012-12-17,812,812,826,791,811,102254
2012-12-18,790,790,820,785,803,159178
2012-12-20,796,796,812,780,790,130084
2012-12-21,780,780,805,778,782,44923
2012-12-24,781,781,795,771,780,28487
2012-12-26,791,791,800,773,781,39287
2012-12-27,820,820,824,791,791,27735
2012-12-28,821,821,829,810,829,26298
2013-01-02,841,841,844,816,821,37936
2013-01-03,851,851,868,838,851,43511
2013-01-04,853,853,868,840,845,28298
2013-01-07,853,853,870,841,850,17827
2013-01-08,853,853,867,835,835,39198
2013-01-09,840,840,864,837,853,18039
2013-01-10,843,843,875,831,836,175692
2013-01-11,844,844,850,832,843,20168
2013-01-14,840,840,845,835,845,35992
2013-01-15,838,838,840,829,840,26227
2013-01-16,848,848,883,821,821,149905
2013-01-17,895,895,910,833,853,208662
2013-01-18,899,899,920,880,882,92225
2013-01-21,894,894,930,865,899,12712
2013-01-22,858,858,915,857,894,132627
2013-01-23,875,875,885,848,848,39538
2013-01-24,894,894,898,870,898,55395
2013-01-25,876,876,898,876,898,33747
2013-01-28,895,895,916,870,870,38435
2013-01-29,895,895,927,880,883,57374
2013-01-30,895,895,910,872,910,43715
2013-01-31,894,894,920,880,920,19560
2013-02-01,888,888,901,871,881,34413
2013-02-04,891,891,905,874,905,9705
2013-02-05,878,878,888,856,888,38664
2013-02-06,873,873,882,850,870,36465
2013-02-07,873,873,894,860,894,49767
2013-02-08,878,878,890,855,890,31407
2013-02-12,873,873,895,866,878,19099
2013-02-13,867,867,889,858,889,27441
2013-02-14,870,870,880,846,846,52569
2013-02-15,875,875,883,853,883,31984
2013-02-18,875,875,885,862,885,6811
2013-02-19,878,878,880,858,880,10196
2013-02-20,885,885,910,880,910,103954
2013-02-21,885,885,900,861,893,66574
2013-02-22,895,895,915,862,915,29869
2013-02-25,896,896,919,883,883,84488
2013-02-26,870,870,903,870,880,78172
2013-02-27,876,876,895,867,867,67956
2013-02-28,862,862,887,862,868,43157
2013-03-04,869,869,900,853,862,31303
2013-03-05,870,870,879,864,870,14184
2013-03-06,857,857,874,854,874,131149
2013-03-07,869,869,870,852,860,54840
2013-03-08,858,858,870,858,870,33989
2013-03-11,880,880,950,851,858,166869
2013-03-12,920,920,925,884,900,253992
2013-03-13,939,939,943,920,930,124836
2013-03-14,930,930,945,905,939,115454
2013-03-15,973,973,976,923,930,212243
2013-03-18,955,955,984,953,966,102087
2013-03-19,947,947,967,910,934,66838
2013-03-20,925,925,960,915,960,96123
2013-03-21,927,927,934,907,908,56635
2013-03-22,938,938,979,915,915,41413
2013-03-25,915,915,960,915,931,101304
2013-03-26,936,936,944,915,940,124683
2013-03-27,936,936,944,923,944,23377
2013-03-28,930,930,956,924,927,46839
2013-03-29,949,949,974,926,930,196673
2013-04-01,944,944,953,936,940,56126
2013-04-02,952,952,957,936,938,90560
2013-04-03,980,980,1030,967,967,432635
2013-04-04,961,961,980,917,980,128700
2013-04-05,963,963,988,940,965,86708
2013-04-08,952,952,980,940,970,85876
2013-04-09,935,935,955,910,955,137918
2013-04-10,937,937,964,915,937,94960
2013-04-11,946,946,968,935,937,86317
2013-04-12,950,950,955,929,955,84574
2013-04-15,1005,1005,1070,933,959,727817
2013-04-16,1015,1015,1060,997,1025,553549
2013-04-17,997,997,1035,965,1035,331609
2013-04-18,973,973,996,969,971,134829
2013-04-19,975,975,984,951,984,97064
2013-04-22,988,988,990,966,988,48437
2013-04-23,1010,1010,1020,986,986,239885
2013-04-24,994,994,1010,985,1010,149795
2013-04-25,994,994,1050,986,996,526776
2013-04-26,1000,1000,1015,990,990,96028
2013-04-29,992,992,1020,987,990,138586
2013-04-30,994,994,1015,976,1015,110478
2013-05-02,981,981,998,978,994,159988
2013-05-03,995,995,1000,979,982,133984
2013-05-06,1020,1020,1030,990,990,217596
2013-05-07,1010,1010,1025,1000,1005,171826
2013-05-08,1075,1075,1160,1020,1020,5977893
2013-05-09,1175,1175,1190,1055,1075,2155035
2013-05-10,1200,1200,1205,1165,1195,1288405
2013-05-13,1380,1380,1380,1200,1225,2245465
2013-05-14,1350,1350,1470,1310,1435,1949960
2013-05-15,1550,1550,1550,1365,1375,4645477
2013-05-16,1320,1320,1495,1320,1470,7192046
2013-05-20,1285,1285,1375,1245,1320,6991075
2013-05-21,1290,1290,1310,1250,1285,2246926
2013-05-22,1275,1275,1295,1245,1290,1348227
2013-05-23,1245,1245,1335,1205,1255,3162121
2013-05-24,1240,1240,1240,1200,1240,917592
2013-05-27,1275,1275,1280,1225,1250,907624
2013-05-28,1285,1285,1310,1260,1280,1157898
2013-05-29,1310,1310,1345,1280,1295,1467130
2013-05-30,1335,1335,1355,1285,1330,1683939
2013-05-31,1240,1240,1345,1240,1345,877374
2013-06-03,1365,1365,1415,1150,1250,2384148
2013-06-04,1365,1365,1465,1300,1370,1943613
2013-06-05,1265,1265,1395,1230,1385,861763
2013-06-07,1185,1185,1305,1125,1265,726183
2013-06-10,1360,1360,1360,1255,1295,2881065
2013-06-11,1385,1385,1435,1320,1390,1692386
2013-06-12,1415,1415,1460,1360,1400,1382922
2013-06-13,1515,1515,1615,1405,1460,3544420
2013-06-14,1335,1335,1565,1290,1515,3002623
2013-06-17,1165,1165,1305,1150,1245,4114858
2013-06-18,1220,1220,1225,1145,1165,1479199
2013-06-19,1160,1160,1235,1125,1210,942956
2013-06-20,1150,1150,1195,1125,1135,682768
2013-06-21,1170,1170,1170,1070,1105,679135
2013-06-24,1160,1160,1190,1150,1190,265842
2013-06-25,1100,1100,1170,1065,1130,274807
2013-06-26,1110,1110,1130,1055,1105,175001
2013-06-27,1135,1135,1175,1115,1150,312410
2013-06-28,1145,1145,1170,1125,1130,149716
2013-07-01,1120,1120,1165,1110,1165,214987
2013-07-02,1090,1090,1135,1090,1125,280306
2013-07-03,1165,1165,1195,1070,1100,691776
2013-07-04,1150,1150,1175,1120,1175,282644
2013-07-05,1190,1190,1190,1110,1155,189778
2013-07-08,1150,1150,1205,1140,1200,245153
2013-07-09,1190,1190,1195,1115,1140,477920
2013-07-10,1160,1160,1235,1140,1185,724862
2013-07-11,1185,1185,1200,1155,1165,332334
2013-07-12,1250,1250,1335,1205,1205,4743396
2013-07-15,1235,1235,1270,1215,1265,487171
2013-07-16,1240,1240,1275,1225,1250,735464
2013-07-17,1245,1245,1295,1225,1260,1301052
2013-07-18,1210,1210,1250,1205,1250,686859
2013-07-19,1160,1160,1265,1155,1215,1048171
2013-07-22,1140,1140,1170,1120,1160,470324
2013-07-23,1145,1145,1190,1130,1135,299697
2013-07-24,1160,1160,1175,1135,1145,240582
2013-07-25,1160,1160,1165,1130,1155,276512
2013-07-26,1195,1195,1200,1140,1160,384976
2013-07-29,1205,1205,1220,1170,1200,518911
2013-07-30,1185,1185,1210,1145,1190,685614
2013-07-31,1150,1150,1185,1140,1170,356146
2013-08-01,1115,1115,1160,1110,1160,571869
2013-08-02,1145,1145,1145,1100,1105,416431
2013-08-05,1110,1110,1145,1110,1140,299905
2013-08-06,1120,1120,1130,1080,1110,437427
2013-08-07,1095,1095,1120,1095,1120,104865
2013-08-08,1060,1060,1110,1035,1090,597508
2013-08-09,1050,1050,1065,1020,1060,365401
2013-08-12,1025,1025,1060,1005,1060,463929
2013-08-13,1055,1055,1060,1005,1030,210833
2013-08-14,1045,1045,1065,1035,1065,127821
2013-08-16,1080,1080,1095,1020,1045,311147
2013-08-19,1165,1165,1180,1065,1070,973895
2013-08-20,1145,1145,1185,1115,1165,642068
2013-08-21,1155,1155,1165,1120,1145,504264
2013-08-22,1175,1175,1200,1135,1150,843542
2013-08-23,1175,1175,1210,1175,1190,660489
2013-08-26,1170,1170,1190,1125,1170,666128
2013-08-27,1160,1160,1205,1155,1195,703968
2013-08-28,1170,1170,1170,1100,1110,436686
2013-08-29,1100,1100,1215,1100,1170,2130640
2013-08-30,1065,1065,1135,1045,1100,565549
2013-09-02,1090,1090,1095,1055,1075,293820
2013-09-03,1115,1115,1115,1075,1075,285650
2013-09-04,1125,1125,1125,1095,1115,203752
2013-09-05,1090,1090,1140,1090,1135,209210
2013-09-06,1070,1070,1100,1055,1100,143106
2013-09-09,1070,1070,1080,1050,1075,228832
2013-09-10,1085,1085,1190,1060,1060,1011565
2013-09-11,1110,1110,1120,1080,1105,585022
2013-09-12,1200,1200,1215,1110,1110,3033612
2013-09-13,1190,1190,1230,1175,1230,1683226
2013-09-16,1185,1185,1210,1160,1200,644146
2013-09-17,1175,1175,1200,1150,1195,848144
2013-09-23,1145,1145,1190,1125,1175,740594
2013-09-24,1135,1135,1170,1110,1155,1053688
2013-09-25,1155,1155,1170,1125,1150,663369
2013-09-26,1170,1170,1180,1140,1145,698990
2013-09-27,1165,1165,1180,1155,1175,466160
2013-09-30,1180,1180,1185,1145,1165,670228
2013-10-01,1165,1165,1190,1145,1180,1195151
2013-10-02,1190,1190,1190,1135,1170,1075634
2013-10-04,1310,1310,1320,1190,1190,4301222
2013-10-07,1325,1325,1340,1270,1300,1605227
2013-10-08,1300,1300,1335,1270,1325,841212
2013-10-10,1340,1340,1370,1275,1300,1253180
2013-10-11,1375,1375,1395,1335,1350,1208180
2013-10-14,1310,1310,1380,1270,1360,1299232
2013-10-15,1270,1270,1310,1255,1310,1112070
2013-10-16,1245,1245,1290,1225,1290,736807
2013-10-17,1250,1250,1280,1215,1270,833949
2013-10-18,1265,1265,1280,1230,1230,351311
2013-10-21,1230,1230,1275,1200,1270,785889
2013-10-22,1300,1300,1305,1240,1250,816936
2013-10-23,1285,1285,1335,1270,1315,759780
2013-10-24,1295,1295,1315,1260,1285,292841
2013-10-25,1290,1290,1305,1260,1305,661793
2013-10-28,1315,1315,1320,1275,1290,578108
2013-10-29,1330,1330,1345,1285,1325,1253690
2013-10-30,1285,1285,1345,1285,1340,774020
2013-10-31,1270,1270,1280,1210,1280,1084401
2013-11-01,1275,1275,1285,1245,1250,484415
2013-11-04,1285,1285,1295,1245,1275,419216
2013-11-05,1330,1330,1350,1285,1295,970815
2013-11-06,1330,1330,1340,1305,1330,403568
2013-11-07,1300,1300,1345,1250,1340,728271
2013-11-08,1290,1290,1300,1270,1270,420661
2013-11-11,1295,1295,1360,1275,1300,960256
2013-11-12,1385,1385,1385,1295,1295,1396055
2013-11-13,1430,1430,1455,1330,1390,2730252
2013-11-14,1450,1450,1455,1410,1430,1051259
2013-11-15,1435,1435,1480,1420,1450,767157
2013-11-18,1395,1395,1440,1370,1440,727728
2013-11-19,1405,1405,1450,1365,1415,842751
2013-11-20,1380,1380,1420,1375,1395,534463
2013-11-21,1360,1360,1400,1345,1380,502915
2013-11-22,1420,1420,1440,1385,1390,748097
2013-11-25,1430,1430,1440,1385,1415,392624
2013-11-26,1400,1400,1430,1385,1420,300644
2013-11-27,1430,1430,1430,1380,1410,440322
2013-11-28,1405,1405,1435,1390,1435,271656
2013-11-29,1290,1290,1400,1255,1400,1603389
2013-12-02,1270,1270,1325,1265,1310,699211
2013-12-03,1200,1200,1285,1200,1265,803142
2013-12-04,1200,1200,1235,1185,1185,470611
2013-12-05,1225,1225,1230,1190,1205,297847
2013-12-06,1255,1255,1255,1210,1215,268080
2013-12-09,1255,1255,1275,1235,1260,284939
2013-12-10,1155,1155,1255,1125,1255,1149554
2013-12-11,1115,1115,1170,1110,1160,450209
2013-12-12,1120,1120,1135,1090,1135,276010
2013-12-13,1140,1140,1155,1115,1135,179915
2013-12-16,1140,1140,1180,1140,1145,289997
2013-12-17,1140,1140,1160,1130,1160,137123
2013-12-18,1150,1150,1160,1130,1135,118935
2013-12-19,1145,1145,1190,1145,1150,419605
2013-12-20,1150,1150,1165,1140,1145,157574
2013-12-23,1150,1150,1175,1130,1160,173477
2013-12-24,1155,1155,1175,1145,1155,130725
2013-12-26,1120,1120,1170,1120,1155,223351
2013-12-27,1135,1135,1160,1125,1130,165688
2013-12-30,1115,1115,1150,1115,1145,260605
2014-01-02,1115,1115,1125,1100,1115,163755
2014-01-03,1115,1115,1125,1095,1105,145791
2014-01-06,1150,1150,1150,1110,1115,167817
2014-01-07,1140,1140,1150,1120,1140,116399
2014-01-08,1185,1185,1220,1145,1145,601960
2014-01-09,1185,1185,1220,1185,1200,199705
2014-01-10,1200,1200,1210,1180,1210,171791
2014-01-13,1240,1240,1270,1185,1200,517283
2014-01-14,1240,1240,1255,1210,1250,234978
2014-01-15,1240,1240,1245,1220,1230,122049
2014-01-16,1210,1210,1250,1210,1245,297042
2014-01-17,1220,1220,1230,1205,1230,84529
2014-01-20,1210,1210,1240,1200,1230,143349
2014-01-21,1250,1250,1275,1210,1210,389956
2014-01-22,1230,1230,1260,1210,1245,180833
2014-01-23,1185,1185,1225,1185,1215,263161
2014-01-24,1210,1210,1210,1160,1180,201740
2014-01-27,1150,1150,1190,1145,1175,235242
2014-01-28,1175,1175,1185,1150,1150,121899
2014-01-29,1200,1200,1225,1180,1180,197124
2014-02-03,1260,1260,1270,1190,1200,725155
2014-02-04,1250,1250,1270,1240,1245,170183
2014-02-05,1290,1290,1290,1250,1270,279648
2014-02-06,1280,1280,1330,1270,1300,374625
2014-02-07,1320,1320,1335,1280,1280,394346
2014-02-10,1305,1305,1350,1295,1330,287988
2014-02-11,1300,1300,1325,1260,1325,205104
2014-02-12,1300,1300,1335,1280,1280,100379
2014-02-13,1295,1295,1325,1275,1325,114167
2014-02-14,1310,1310,1345,1290,1320,201488
2014-02-17,1300,1300,1315,1285,1315,81497
2014-02-18,1395,1395,1405,1305,1315,1317383
2014-02-19,1400,1400,1405,1360,1400,764065
2014-02-20,1400,1400,1435,1365,1415,590641
2014-02-21,1415,1415,1455,1390,1400,689559
2014-02-24,1380,1380,1435,1375,1415,301143
2014-02-25,1445,1445,1480,1385,1385,1011450
2014-02-26,1460,1460,1490,1445,1455,725921
2014-02-27,1450,1450,1495,1415,1460,574561
2014-02-28,1475,1475,1475,1440,1450,405233
2014-03-03,1405,1405,1475,1405,1475,344299
2014-03-04,1420,1420,1430,1375,1380,314406
2014-03-05,1390,1390,1435,1375,1430,468155
2014-03-06,1395,1395,1425,1370,1400,521428
2014-03-07,1545,1545,1600,1395,1395,2682018
2014-03-10,1655,1655,1720,1530,1580,3801582
2014-03-11,1700,1700,1720,1630,1685,2037972
2014-03-12,1645,1645,1695,1600,1685,1585721
2014-03-13,1790,1790,1790,1635,1650,5436560
2014-03-14,1735,1735,1840,1715,1795,2333534
2014-03-17,1570,1570,1735,1550,1725,2299097
2014-03-18,1620,1620,1620,1550,1580,1120356
2014-03-19,1580,1580,1665,1580,1640,1747275
2014-03-20,1575,1575,1615,1550,1565,964721
2014-03-21,1630,1630,1685,1605,1610,1450957
2014-03-24,1580,1580,1635,1560,1635,1331088
2014-03-25,1595,1595,1605,1570,1575,632341
2014-03-26,1560,1560,1620,1560,1605,880860
2014-03-27,1460,1460,1555,1345,1555,1595227
2014-03-28,1540,1540,1540,1470,1470,832416
2014-03-31,1550,1550,1585,1500,1555,514997
2014-04-01,1550,1550,1585,1530,1565,390968
2014-04-02,1610,1610,1610,1530,1550,655601
2014-04-03,1850,1850,1850,1605,1625,3951755
2014-04-04,1875,1875,1950,1840,1930,2601980
2014-04-07,1960,1960,2075,1840,1875,3852116
2014-04-08,2080,2080,2125,1895,1930,3528654
2014-04-09,2015,2015,2130,1935,2050,2252147
2014-04-10,2145,2145,2165,2010,2030,2512220
2014-04-11,2100,2100,2255,2090,2200,3439286
2014-04-14,2100,2100,2165,2050,2150,1791903
2014-04-15,2300,2300,2375,2120,2135,4025277
2014-04-16,2305,2305,2345,2235,2300,1306283
2014-04-17,2415,2415,2555,2285,2285,2523722
2014-04-18,2420,2420,2440,2290,2440,1180579
2014-04-21,2600,2600,2665,2390,2545,4123354
2014-04-22,2670,2670,2670,2550,2650,1389076
2014-04-23,2620,2620,2880,2600,2650,4274010
2014-04-24,2670,2670,2720,2360,2640,4631824
2014-04-25,2700,2700,2705,2585,2670,1569801
2014-04-28,2820,2820,2865,2605,2615,2309874
2014-04-29,2840,2840,2985,2690,2900,6781176
2014-04-30,2780,2780,2845,2770,2840,1370670
2014-05-02,2865,2865,2885,2720,2780,1441496
2014-05-07,2895,2895,2935,2790,2865,1604019
2014-05-08,2930,2930,3030,2880,2940,2126109
2014-05-09,2915,2915,2970,2885,2955,1040146
2014-05-12,3000,3000,3035,2865,2915,1711705
2014-05-13,3185,3185,3255,3000,3020,2676584
2014-05-14,3170,3170,3225,3125,3190,867676
2014-05-15,3120,3120,3190,3075,3190,1233550
2014-05-16,3285,3285,3310,3120,3120,1710513
2014-05-19,3340,3340,3480,3225,3290,1540818
2014-05-20,3290,3290,3425,3070,3360,3126250
2014-05-21,3275,3275,3375,3215,3305,850822
2014-05-22,3050,3050,3270,3000,3240,2656665
2014-05-23,3140,3140,3190,3075,3100,1453961
2014-05-26,3080,3080,3180,3050,3170,1135138
2014-05-27,2960,2960,3075,2820,3035,2913959
2014-05-28,3185,3185,3220,3025,3035,3160913
2014-05-29,2990,2990,3185,2985,3180,2018594
2014-05-30,3030,3030,3165,2900,2990,3598387
2014-06-02,3030,3030,3125,2915,3050,1591744
2014-06-03,2980,2980,3075,2935,3030,1040581
2014-06-05,3040,3040,3135,2980,2980,1399141
2014-06-09,2850,2850,3170,2850,3040,2030444
2014-06-10,2930,2930,2985,2780,2870,1319236
2014-06-11,2885,2885,3025,2880,2970,916305
2014-06-12,2995,2995,3010,2850,2860,1012431
2014-06-13,2920,2920,3025,2890,2940,878053
2014-06-16,2770,2770,2945,2765,2945,1571527
2014-06-17,2700,2700,2840,2635,2800,1889958
2014-06-18,2675,2675,2730,2645,2700,1002532
2014-06-19,2640,2640,2740,2580,2695,1427580
2014-06-20,2770,2770,2790,2640,2660,1934110
2014-06-23,2600,2600,2860,2600,2800,1574888
2014-06-24,2720,2720,2740,2370,2580,2592260
2014-06-25,2710,2710,2770,2650,2760,862736
2014-06-26,2800,2800,2925,2730,2740,2128868
2014-06-27,2800,2800,2850,2770,2790,421327
2014-06-30,2845,2845,2920,2815,2880,759451
2014-07-01,3100,3100,3100,2850,2860,1908497
2014-07-02,3100,3100,3150,3050,3150,1068482
2014-07-03,3125,3125,3175,3055,3095,937951
2014-07-04,3105,3105,3280,3005,3150,2375231
2014-07-07,3280,3280,3375,3145,3150,3155483
2014-07-08,3280,3280,3325,3245,3300,975732
2014-07-09,3065,3065,3275,3015,3275,2044235
2014-07-10,3120,3120,3140,2945,3040,1765892
2014-07-11,3000,3000,3160,2980,3145,1289247
2014-07-14,3045,3045,3070,2970,3030,766607
2014-07-15,2935,2935,3165,2925,3055,1539934
2014-07-16,2820,2820,2975,2665,2945,1569500
2014-07-17,2785,2785,2885,2775,2850,732487
2014-07-18,2840,2840,2885,2725,2730,601438
2014-07-21,2850,2850,2900,2785,2900,520014
2014-07-22,2755,2755,2880,2755,2855,580897
2014-07-23,2605,2605,2775,2595,2775,1184018
2014-07-24,2480,2480,2655,2430,2625,1470776
2014-07-25,2505,2505,2555,2440,2450,633814
2014-07-28,2355,2355,2540,2295,2540,1246258
2014-07-29,2330,2330,2440,2285,2385,905909
2014-07-30,2320,2320,2340,2115,2285,1702404
2014-07-31,2265,2265,2335,2165,2335,949891
2014-08-01,2395,2395,2430,2165,2175,1053217
2014-08-04,2420,2420,2480,2400,2450,912068
2014-08-05,2430,2430,2535,2405,2420,855697
2014-08-06,2280,2280,2435,2255,2435,1238188
2014-08-07,2260,2260,2390,2260,2265,826920
2014-08-08,2230,2230,2310,2110,2260,636756
2014-08-11,2165,2165,2280,2150,2250,462808
2014-08-12,2130,2130,2230,2050,2165,1021066
2014-08-13,2125,2125,2180,2115,2150,509792
2014-08-14,2235,2235,2305,2130,2130,1243799
2014-08-18,2205,2205,2270,2175,2235,420919
2014-08-19,2120,2120,2210,2115,2210,583502
2014-08-20,2150,2150,2150,1985,2120,933650
2014-08-21,2045,2045,2165,2020,2165,1145090
2014-08-22,2050,2050,2090,2015,2030,574394
2014-08-25,1970,1970,2100,1970,2055,658158
2014-08-26,2075,2075,2150,1895,1945,2420206
2014-08-27,2090,2090,2165,2015,2075,1375792
2014-08-28,2065,2065,2165,2055,2090,676504
2014-08-29,2065,2065,2090,2025,2040,543336
2014-09-01,2185,2185,2205,2065,2100,1054087
2014-09-02,2115,2115,2220,2105,2215,602755
2014-09-03,2170,2170,2175,2065,2115,450538
2014-09-04,2100,2100,2195,2040,2190,584328
2014-09-05,2050,2050,2085,2010,2060,601738
2014-09-11,1990,1990,2070,1985,2050,560049
2014-09-12,1885,1885,2000,1875,1990,859048
2014-09-15,1710,1710,1895,1710,1870,1140178
2014-09-16,1740,1740,1800,1655,1700,1678285
2014-09-17,1805,1805,1805,1715,1730,962688
2014-09-18,1780,1780,1920,1775,1870,1622382
2014-09-19,1820,1820,1850,1780,1800,540082
2014-09-22,1770,1770,1840,1755,1800,538174
2014-09-23,1695,1695,1760,1695,1750,644631
2014-09-24,1945,1945,1945,1670,1675,3351819
2014-09-25,1935,1935,2030,1865,1980,3651793
2014-09-26,2010,2010,2075,1860,1900,2653367
2014-09-29,2005,2005,2050,1965,2040,1738560
2014-09-30,2035,2035,2055,1980,2005,1477087
2014-10-01,1905,1905,2035,1800,2030,1234406
2014-10-02,1885,1885,1960,1770,1875,689344
2014-10-06,1900,1900,1950,1845,1885,530566
2014-10-07,1800,1800,1905,1765,1860,619846
2014-10-08,1825,1825,1845,1725,1780,419682
2014-10-10,1770,1770,1865,1750,1825,477191
2014-10-13,1565,1565,1740,1515,1715,1329169
2014-10-14,1600,1600,1650,1480,1480,734475
2014-10-15,1665,1665,1685,1580,1600,728158
2014-10-16,1680,1680,1720,1585,1660,888219
2014-10-17,1675,1675,1710,1635,1700,452582
2014-10-20,1710,1710,1735,1665,1675,686024
2014-10-21,1650,1650,1715,1640,1715,588511
2014-10-22,1635,1635,1680,1635,1670,732453
2014-10-23,1540,1540,1645,1540,1620,808949
2014-10-24,1580,1580,1625,1525,1545,624693
2014-10-27,1670,1670,1740,1570,1610,1296052
2014-10-28,1670,1670,1715,1630,1655,531472
2014-10-29,1650,1650,1700,1630,1700,527292
2014-10-30,1560,1560,1660,1545,1645,488621
2014-10-31,1560,1560,1595,1560,1565,282382
2014-11-03,1530,1530,1580,1525,1560,435246
2014-11-04,1410,1410,1540,1410,1520,713073
2014-11-05,1395,1395,1445,1395,1445,416912
2014-11-06,1325,1325,1420,1310,1395,797388
2014-11-07,1430,1430,1460,1330,1340,1026971
2014-11-10,1475,1475,1500,1415,1460,836060
2014-11-11,1505,1505,1620,1490,1510,1279521
2014-11-12,1620,1620,1680,1510,1560,1966263
2014-11-13,1620,1620,1655,1590,1620,716331
2014-11-14,1770,1770,1790,1620,1645,3061201
2014-11-17,1770,1770,1800,1685,1770,1295884
2014-11-18,1805,1805,1825,1720,1775,1302056
2014-11-19,1710,1710,1815,1710,1785,1193715
2014-11-20,1905,1905,1965,1670,1710,6266159
2014-11-21,1980,1980,2120,1940,1950,4643765
2014-11-24,1930,1930,2010,1885,2000,1824009
2014-11-25,1945,1945,2090,1920,2005,3486209
2014-11-26,2000,2000,2040,1885,1960,1453308
2014-11-27,1975,1975,2015,1950,1990,829213
2014-11-28,2040,2040,2105,1960,1975,1757470
2014-12-01,1945,1945,2070,1915,2040,1072981
2014-12-02,1815,1815,1945,1775,1915,1477027
2014-12-03,1940,1940,1945,1810,1820,2201724
2014-12-04,1935,1935,2000,1895,1930,1175452
2014-12-05,1860,1860,1975,1860,1935,880641
2014-12-08,1965,1965,1995,1830,1875,1748961
2014-12-09,1990,1990,2045,1940,1990,1482479
2014-12-10,1895,1895,1980,1895,1970,761746
2014-12-11,1855,1855,1965,1855,1890,1016752
2014-12-12,1775,1775,1880,1775,1880,971674
2014-12-15,1790,1790,1795,1685,1715,811789
2014-12-16,1745,1745,1805,1720,1770,682035
2014-12-17,1690,1690,1740,1645,1715,890534
2014-12-18,1600,1600,1720,1575,1710,1166520
2014-12-19,1640,1640,1685,1615,1615,781192
2014-12-22,1655,1655,1695,1615,1640,464640
2014-12-23,1645,1645,1680,1630,1680,373956
2014-12-24,1670,1670,1715,1620,1665,558174
2014-12-26,1635,1635,1700,1635,1670,526295
2014-12-29,1700,1700,1700,1620,1640,555719
2014-12-30,1700,1700,1715,1660,1715,441080
2015-01-02,1820,1820,1845,1700,1700,1032079
2015-01-05,1995,1995,2020,1805,1835,1947957
2015-01-06,1885,1885,1965,1845,1945,1116318
2015-01-07,1890,1890,1900,1810,1875,776486
2015-01-08,1850,1850,1900,1815,1890,1218529
2015-01-09,1790,1790,1910,1785,1875,1391829
2015-01-12,1780,1780,1825,1745,1790,643308
2015-01-13,1765,1765,1805,1755,1805,595015
2015-01-14,1900,1900,1900,1735,1735,2157726
2015-01-15,1860,1860,1965,1855,1935,1649004
2015-01-16,1780,1780,1870,1780,1860,1196536
2015-01-19,1670,1670,1810,1670,1790,1344593
2015-01-20,1710,1710,1735,1675,1680,660190
2015-01-21,1665,1665,1725,1645,1715,767938
2015-01-22,1605,1605,1690,1565,1690,841655
2015-01-23,1630,1630,1640,1580,1605,648979
2015-01-26,1635,1635,1650,1595,1620,452570
2015-01-27,1590,1590,1650,1590,1640,460324
2015-01-28,1615,1615,1620,1550,1590,482306
2015-01-29,1660,1660,1705,1610,1610,862970
2015-01-30,1645,1645,1680,1610,1665,485308
2015-02-02,1680,1680,1685,1615,1645,495516
2015-02-03,1705,1705,1710,1645,1680,480869
2015-02-04,1705,1705,1720,1640,1705,472596
2015-02-05,1690,1690,1710,1665,1690,312298
2015-02-06,1660,1660,1725,1650,1705,883972
2015-02-09,1550,1550,1660,1550,1650,742627
2015-02-10,1575,1575,1605,1530,1530,530699
2015-02-11,1590,1590,1645,1585,1595,460934
2015-02-12,1570,1570,1615,1555,1615,392342
2015-02-13,1540,1540,1590,1525,1550,605849
2015-02-16,1435,1435,1555,1430,1540,1054517
2015-02-17,1430,1430,1450,1405,1430,495816
2015-02-23,1455,1455,1460,1390,1430,578859
2015-02-24,1395,1395,1470,1385,1445,1205806
2015-02-25,1395,1395,1425,1385,1385,695327
2015-02-26,1450,1450,1455,1395,1405,689773
2015-02-27,1425,1425,1445,1415,1445,564619
2015-03-02,1455,1455,1470,1430,1445,538860
2015-03-03,1460,1460,1480,1445,1470,519543
2015-03-04,1450,1450,1475,1445,1460,429621
2015-03-05,1450,1450,1475,1445,1455,594760
2015-03-06,1515,1515,1520,1450,1460,942957
2015-03-09,1530,1530,1585,1510,1520,1220659
2015-03-10,1500,1500,1555,1475,1540,507603
2015-03-11,1495,1495,1510,1470,1480,301857
2015-03-12,1495,1495,1525,1485,1490,482770
2015-03-13,1495,1495,1515,1485,1505,330293
2015-03-16,1510,1510,1530,1490,1500,331891
2015-03-17,1510,1510,1530,1495,1530,318541
2015-03-18,1555,1555,1555,1485,1510,792259
2015-03-19,1515,1515,1605,1500,1570,1820773
2015-03-20,1450,1450,1510,1450,1495,902091
2015-03-23,1420,1420,1455,1410,1435,719295
2015-03-24,1450,1450,1460,1415,1425,366459
2015-03-25,1430,1430,1465,1420,1460,564129
2015-03-26,1430,1430,1440,1415,1420,488735
2015-03-27,1425,1425,1440,1415,1435,431338
2015-03-30,1440,1440,1445,1420,1440,246566
2015-03-31,1435,1435,1440,1425,1440,431121
2015-04-01,1420,1420,1440,1415,1430,462841
2015-04-02,1580,1580,1605,1400,1420,3199017
2015-04-03,1570,1570,1625,1530,1585,1481332
2015-04-06,1605,1605,1610,1545,1585,872354
2015-04-07,1605,1605,1625,1580,1620,568280
2015-04-08,1525,1525,1600,1525,1590,1144222
2015-04-09,1535,1535,1550,1520,1550,832585
2015-04-10,1575,1575,1605,1545,1550,1094424
2015-04-13,1590,1590,1610,1560,1575,951449
2015-04-14,1645,1645,1720,1585,1605,2890239
2015-04-15,1650,1650,1670,1625,1650,1003066
2015-04-16,1605,1605,1665,1605,1665,882914
2015-04-17,1615,1615,1625,1590,1590,403307
2015-04-20,1565,1565,1615,1550,1605,749287
2015-04-21,1790,1790,1790,1555,1590,4678819
2015-04-22,1730,1730,1870,1595,1855,4626258
2015-04-23,1700,1700,1760,1655,1725,1183444
2015-04-24,1805,1805,1825,1710,1735,2438663
2015-04-27,1810,1810,1890,1780,1860,1877209
2015-04-28,1760,1760,1810,1705,1810,1158008
2015-04-29,1750,1750,1805,1725,1775,787178
2015-04-30,1695,1695,1785,1675,1735,697414
2015-05-04,1645,1645,1730,1625,1695,559940
2015-05-06,1545,1545,1645,1545,1645,809156
2015-05-07,1590,1590,1595,1525,1525,450355
2015-05-08,1610,1610,1635,1570,1570,490734
2015-05-11,1620,1620,1655,1615,1630,389506
2015-05-12,1585,1585,1655,1570,1635,611346
2015-05-13,1625,1625,1660,1560,1585,743454
2015-05-14,1770,1770,1850,1630,1645,3568134
2015-05-15,1790,1790,1845,1760,1800,1901792
2015-05-18,1725,1725,1775,1695,1745,1115404
2015-05-19,1705,1705,1775,1690,1745,1160845
2015-05-20,1620,1620,1735,1620,1730,1108376
2015-05-21,1655,1655,1665,1585,1630,764318
2015-05-22,1650,1650,1685,1625,1655,433241
2015-05-26,1750,1750,1755,1620,1650,1335906
2015-05-27,1730,1730,1790,1695,1735,1357858
2015-05-28,1740,1740,1795,1725,1745,908896
2015-05-29,1670,1670,1800,1670,1785,1236204
2015-06-01,1655,1655,1705,1635,1705,389181
2015-06-02,1560,1560,1670,1525,1650,1075521
2015-06-03,1500,1500,1580,1495,1520,923790
2015-06-04,1480,1480,1525,1470,1470,722063
2015-06-05,1445,1445,1495,1430,1465,698155
2015-06-08,1480,1480,1500,1425,1425,443180
2015-06-09,1520,1520,1535,1475,1490,534739
2015-06-10,1510,1510,1530,1490,1530,310623
2015-06-11,1485,1485,1525,1455,1510,383577
2015-06-12,1480,1480,1540,1470,1495,507505
2015-06-15,1445,1445,1470,1430,1470,457817
2015-06-16,1505,1505,1565,1430,1430,950336
2015-06-17,1520,1520,1570,1495,1505,492423
2015-06-18,1585,1585,1610,1505,1530,892640
2015-06-19,1620,1620,1620,1560,1615,563820
2015-06-22,1605,1605,1670,1600,1645,272377
2015-06-23,1630,1630,1630,1585,1630,297448
2015-06-24,1585,1585,1640,1580,1630,328719
2015-06-25,1570,1570,1605,1560,1585,398769
2015-06-26,1565,1565,1640,1560,1570,404580
2015-06-29,1485,1485,1545,1485,1520,370325
2015-06-30,1525,1525,1525,1450,1460,281074
2015-07-01,1535,1535,1550,1510,1545,357456
2015-07-02,1500,1500,1550,1500,1530,334108
2015-07-03,1475,1475,1520,1470,1500,342380
2015-07-06,1450,1450,1500,1435,1440,442686
2015-07-07,1450,1450,1495,1425,1470,350423
2015-07-08,1460,1460,1475,1435,1460,213877
2015-07-09,1410,1410,1445,1395,1430,413511
2015-07-10,1415,1415,1460,1400,1415,342742
2015-07-13,1495,1495,1515,1420,1430,600705
2015-07-14,1510,1510,1520,1490,1515,328689
2015-07-15,1515,1515,1530,1490,1510,242073
2015-07-16,1525,1525,1540,1510,1530,346167
2015-07-17,1505,1505,1535,1500,1535,201653
2015-07-20,1530,1530,1555,1500,1505,346988
2015-07-21,1525,1525,1555,1525,1550,222656
2015-07-22,1540,1540,1545,1505,1510,297849
2015-07-23,1535,1535,1545,1515,1540,292987
2015-07-24,1490,1490,1535,1490,1535,214401
2015-07-27,1475,1475,1515,1475,1480,225986
2015-07-28,1440,1440,1480,1420,1470,236507
2015-07-29,1410,1410,1480,1410,1465,244125
2015-07-30,1445,1445,1465,1390,1390,279148
2015-07-31,1445,1445,1460,1400,1460,293099
2015-08-03,1445,1445,1465,1430,1440,138872
2015-08-04,1445,1445,1455,1425,1425,88021
2015-08-05,1460,1460,1465,1435,1435,133694
2015-08-06,1460,1460,1475,1445,1465,220594
2015-08-07,1490,1490,1490,1455,1460,155444
2015-08-10,1470,1470,1505,1465,1490,238621
2015-08-11,1510,1510,1590,1470,1475,906760
2015-08-12,1450,1450,1530,1395,1515,248606
2015-08-13,1460,1460,1485,1410,1450,196319
2015-08-14,1460,1460,1460,1460,1460,0
2015-08-17,1460,1460,1475,1450,1460,101972
2015-08-18,1410,1410,1470,1395,1455,278803
2015-08-19,1285,1285,1415,1285,1415,392875
2015-08-20,1275,1275,1305,1200,1200,258016
2015-08-21,1120,1120,1225,1120,1170,448550
2015-08-24,1035,1035,1155,1020,1020,605133
2015-08-25,1130,1130,1160,1040,1045,441744
2015-08-26,1240,1240,1250,1135,1170,562457
2015-08-27,1305,1305,1350,1210,1240,620712
2015-08-28,1370,1370,1375,1305,1305,313192
2015-08-31,1360,1360,1400,1355,1370,145063
2015-09-01,1350,1350,1375,1325,1360,90352
2015-09-02,1340,1340,1350,1300,1330,112670
2015-09-03,1340,1340,1375,1300,1370,241169
2015-09-04,1270,1270,1345,1270,1340,181579
2015-09-07,1245,1245,1295,1225,1280,115513
2015-09-08,1225,1225,1265,1200,1235,119114
2015-09-09,1295,1295,1300,1250,1250,100166
2015-09-10,1285,1285,1310,1270,1285,110273
2015-09-11,1295,1295,1320,1280,1300,84344
2015-09-14,1310,1310,1340,1295,1320,48698
2015-09-15,1315,1315,1345,1300,1345,80468
2015-09-16,1315,1315,1330,1290,1310,88207
2015-09-17,1320,1320,1430,1320,1335,496074
2015-09-18,1335,1335,1355,1300,1325,129248
2015-09-21,1320,1320,1345,1310,1345,94112
2015-09-22,1340,1340,1350,1305,1315,154980
2015-09-23,1320,1320,1355,1300,1320,168813
2015-09-24,1315,1315,1325,1280,1310,135295
2015-09-25,1315,1315,1335,1280,1335,118190
2015-09-30,1290,1290,1335,1280,1335,204549
2015-10-01,1310,1310,1320,1300,1305,111693
2015-10-02,1300,1300,1325,1285,1320,191292
2015-10-05,1335,1335,1340,1295,1305,198964
2015-10-06,1330,1330,1345,1320,1345,150888
2015-10-07,1345,1345,1355,1325,1335,150306
2015-10-08,1405,1405,1475,1345,1345,1660483
2015-10-12,1410,1410,1445,1395,1405,404313
2015-10-13,1425,1425,1445,1370,1415,577757
2015-10-14,1445,1445,1455,1405,1415,335008
2015-10-15,1470,1470,1495,1440,1445,467814
2015-10-16,1460,1460,1475,1430,1465,234439
2015-10-19,1445,1445,1470,1430,1470,188885
2015-10-20,1470,1470,1510,1450,1460,567430
2015-10-21,1485,1485,1485,1455,1475,273179
2015-10-22,1420,1420,1495,1415,1495,435973
2015-10-23,1415,1415,1450,1415,1430,142627
2015-10-26,1465,1465,1475,1415,1415,233764
2015-10-27,1480,1480,1490,1455,1490,133238
2015-10-28,1465,1465,1490,1440,1480,222380
2015-10-29,1455,1455,1480,1445,1465,97452
2015-10-30,1495,1495,1530,1440,1450,392742
2015-11-02,1510,1510,1530,1480,1510,369241
2015-11-03,1660,1660,1680,1515,1535,4187257
2015-11-04,1725,1725,1770,1615,1700,2591499
2015-11-05,1730,1730,1765,1665,1725,1052793
2015-11-06,1700,1700,1795,1690,1730,1004809
2015-11-09,1550,1550,1690,1535,1680,971528
2015-11-10,1490,1490,1520,1435,1520,598686
2015-11-11,1520,1520,1520,1440,1515,395952
2015-11-12,1465,1465,1520,1460,1520,280705
2015-11-13,1410,1410,1445,1395,1445,475118
2015-11-16,1370,1370,1420,1320,1350,396060
2015-11-17,1450,1450,1465,1360,1360,396679
2015-11-18,1435,1435,1480,1410,1450,232848
2015-11-19,1420,1420,1455,1345,1425,257961
2015-11-20,1435,1435,1435,1395,1420,98777
2015-11-23,1455,1455,1455,1415,1435,190832
2015-11-24,1445,1445,1465,1430,1465,133533
2015-11-25,1420,1420,1445,1420,1420,167716
2015-11-26,1425,1425,1435,1405,1435,142108
2015-11-27,1420,1420,1435,1415,1430,136478
2015-11-30,1400,1400,1420,1380,1420,158721
2015-12-01,1415,1415,1415,1375,1385,95391
2015-12-02,1430,1430,1450,1405,1420,250229
2015-12-03,1430,1430,1440,1395,1435,89486
2015-12-04,1420,1420,1430,1400,1405,90455
2015-12-07,1425,1425,1460,1415,1420,185429
2015-12-08,1370,1370,1425,1360,1420,316394
2015-12-09,1335,1335,1380,1330,1365,168549
2015-12-10,1330,1330,1375,1300,1350,217904
2015-12-11,1340,1340,1350,1320,1335,84177
2015-12-14,1280,1280,1320,1270,1320,213378
2015-12-15,1280,1280,1285,1230,1230,297473
2015-12-16,1320,1320,1320,1280,1290,141382
2015-12-17,1360,1360,1365,1320,1320,130443
2015-12-18,1355,1355,1370,1345,1345,120213
2015-12-21,1360,1360,1365,1340,1340,111512
2015-12-22,1355,1355,1365,1345,1360,72889
2015-12-23,1355,1355,1365,1340,1360,161298
2015-12-24,1345,1345,1365,1340,1355,88999
2015-12-28,1330,1330,1355,1315,1345,112886
2015-12-29,1325,1325,1340,1300,1305,93239
2015-12-30,1325,1325,1335,1315,1330,85495
2016-01-04,1320,1320,1340,1310,1325,94156
2016-01-05,1335,1335,1345,1305,1305,131867
2016-01-06,1365,1365,1375,1340,1340,182185
2016-01-07,1350,1350,1375,1345,1365,91453
2016-01-08,1335,1335,1355,1295,1355,130632
2016-01-11,1325,1325,1335,1305,1335,102486
2016-01-12,1330,1330,1340,1320,1325,74523
2016-01-13,1330,1330,1345,1310,1320,181256
2016-01-14,1305,1305,1320,1275,1310,171189
2016-01-15,1310,1310,1320,1285,1320,81281
2016-01-18,1305,1305,1305,1270,1300,72470
2016-01-19,1300,1300,1325,1295,1315,112185
2016-01-20,1245,1245,1305,1225,1305,173416
2016-01-21,1270,1270,1280,1235,1235,104587
2016-01-22,1280,1280,1285,1245,1265,105732
2016-01-25,1310,1310,1310,1275,1285,105853
2016-01-26,1315,1315,1320,1290,1310,66431
2016-01-27,1320,1320,1320,1310,1320,39769
2016-01-28,1325,1325,1325,1295,1320,61700
2016-01-29,1315,1315,1335,1300,1325,76928
2016-02-01,1320,1320,1325,1300,1320,113259
2016-02-02,1310,1310,1320,1300,1320,34235
2016-02-03,1310,1310,1315,1290,1310,84735
2016-02-04,1325,1325,1325,1310,1315,57004
2016-02-05,1305,1305,1325,1300,1310,92424
2016-02-11,1270,1270,1305,1270,1305,186042
2016-02-12,1235,1235,1290,1190,1290,273207
2016-02-15,1265,1265,1270,1195,1195,218433
2016-02-16,1295,1295,1295,1255,1255,84667
2016-02-17,1270,1270,1295,1255,1295,82527
2016-02-18,1280,1280,1285,1260,1280,45473
2016-02-19,1290,1290,1290,1260,1280,71932
2016-02-22,1300,1300,1315,1280,1290,169082
2016-02-23,1275,1275,1305,1275,1305,95015
2016-02-24,1270,1270,1290,1265,1280,85359
2016-02-25,1275,1275,1280,1255,1280,75893
2016-02-26,1270,1270,1280,1265,1280,41035
2016-02-29,1280,1280,1285,1255,1275,78415
2016-03-02,1285,1285,1290,1270,1280,74308
2016-03-03,1295,1295,1310,1265,1280,123566
2016-03-04,1295,1295,1325,1290,1295,189543
2016-03-07,1310,1310,1335,1300,1300,135729
2016-03-08,1325,1325,1325,1300,1310,136226
2016-03-09,1335,1335,1355,1315,1325,115421
2016-03-10,1335,1335,1360,1325,1350,92247
2016-03-11,1345,1345,1355,1325,1355,72089
2016-03-14,1350,1350,1360,1340,1345,90824
2016-03-15,1350,1350,1360,1335,1355,91031
2016-03-16,1385,1385,1395,1340,1355,180953
2016-03-17,1405,1405,1410,1375,1385,140457
2016-03-18,1405,1405,1410,1380,1410,124509
2016-03-21,1520,1520,1550,1400,1400,1260870
2016-03-22,1550,1550,1565,1500,1530,603769
2016-03-23,1580,1580,1620,1540,1560,666129
2016-03-24,1605,1605,1650,1550,1555,710028
2016-03-25,1565,1565,1720,1540,1625,1677581
2016-03-28,1700,1700,1700,1565,1595,1458816
2016-03-29,1635,1635,1735,1595,1735,1282500
2016-03-30,1635,1635,1675,1575,1635,719428
2016-03-31,1655,1655,1670,1615,1650,348383
2016-04-01,1650,1650,1670,1615,1655,265739
2016-04-04,1615,1615,1690,1590,1640,788180
2016-04-05,1625,1625,1650,1605,1630,354148
2016-04-06,1645,1645,1665,1595,1630,329447
2016-04-07,1650,1650,1675,1630,1650,393633
2016-04-08,1640,1640,1655,1615,1655,164982
2016-04-11,1615,1615,1660,1600,1630,220304
2016-04-12,1585,1585,1630,1585,1615,429541
2016-04-14,1610,1610,1620,1580,1585,313240
2016-04-15,1645,1645,1655,1590,1610,331996
2016-04-18,1775,1775,1780,1630,1645,2015949
2016-04-19,1775,1775,1850,1715,1790,1998233
2016-04-20,1770,1770,1795,1740,1775,396862
2016-04-21,1830,1830,1835,1745,1775,837904
2016-04-22,1810,1810,1835,1795,1830,424427
2016-04-25,1795,1795,1835,1750,1820,547160
2016-04-26,1780,1780,1810,1750,1805,361430
2016-04-27,1760,1760,1790,1755,1785,229730
2016-04-28,1770,1770,1795,1750,1755,340631
2016-04-29,1775,1775,1795,1755,1755,194010
2016-05-02,1725,1725,1795,1725,1790,387096
2016-05-03,1760,1760,1785,1730,1730,237514
2016-05-04,1760,1760,1795,1750,1770,273119
2016-05-09,1750,1750,1770,1730,1760,195194
2016-05-10,1805,1805,1805,1755,1760,462398
2016-05-11,1825,1825,1865,1785,1815,469106
2016-05-12,1800,1800,1825,1780,1825,353792
2016-05-13,1740,1740,1790,1740,1790,492498
2016-05-16,1760,1760,1795,1705,1760,524994
2016-05-17,1705,1705,1755,1695,1745,536088
2016-05-18,1735,1735,1745,1660,1685,524000
2016-05-19,1755,1755,1780,1710,1710,427332
2016-05-20,1795,1795,1820,1740,1755,541763
2016-05-23,1795,1795,1825,1770,1825,606801
2016-05-24,1795,1795,1810,1770,1770,394050
2016-05-25,2215,2215,2330,1780,1800,14399150
2016-05-26,2285,2285,2420,2170,2330,5861940
2016-05-27,2540,2540,2690,2270,2325,10671866
2016-05-30,2580,2580,2795,2455,2500,6698655
2016-05-31,2655,2655,2655,2480,2525,1033913
2016-06-01,2700,2700,2700,2580,2640,643998
2016-06-02,2875,2875,2950,2800,2800,1423950
2016-06-03,2850,2850,2950,2715,2915,2055978
2016-06-07,2700,2700,2850,2630,2850,1752260
2016-06-08,2770,2770,2825,2635,2700,1485340
2016-06-09,2700,2700,2835,2610,2745,1051894
2016-06-10,2760,2760,2790,2650,2720,773464
2016-06-13,2710,2710,2780,2650,2780,650211
2016-06-14,2610,2610,2695,2560,2695,1169536
2016-06-15,2780,2780,2780,2585,2620,1080051
2016-06-16,2600,2600,2830,2570,2815,1524921
2016-06-17,2675,2675,2715,2585,2620,868457
2016-06-20,2775,2775,2820,2630,2675,1012310
2016-06-21,2840,2840,2860,2725,2810,1486396
2016-06-22,3015,3015,3265,2865,2910,9102212
2016-06-23,3055,3055,3080,2900,3015,3370021
2016-06-24,2955,2955,3180,2665,3145,5224560
2016-06-27,2975,2975,3035,2835,2835,1687056
2016-06-28,3325,3325,3475,2955,3000,9232717
2016-06-29,3400,3400,3575,3255,3340,6125592
2016-06-30,3405,3405,3485,3250,3440,2463588
2016-07-01,3510,3510,3555,3375,3380,2727722
2016-07-04,3280,3280,3920,3190,3585,10804769
2016-07-05,3300,3300,3380,3150,3320,3420605
2016-07-06,3220,3220,3355,3120,3305,2667959
2016-07-07,3010,3010,3145,2860,2960,5663973
2016-07-08,2665,2665,3020,2610,3010,8697025
2016-07-11,2610,2610,2660,2525,2660,3140418
2016-07-12,2745,2745,2820,2555,2620,5205559
2016-07-13,2690,2690,2770,2650,2765,1828431
2016-07-14,2480,2480,2615,2450,2610,3281376
2016-07-15,2460,2460,2540,2420,2480,1602991
2016-07-18,2385,2385,2460,2350,2450,1953506
2016-07-19,2320,2320,2410,2275,2375,1351780
2016-07-20,2330,2330,2365,2285,2345,1097400
2016-07-21,2385,2385,2430,2330,2330,1563764
2016-07-22,2280,2280,2380,2235,2370,1693241
2016-07-25,2190,2190,2315,2190,2315,1141483
2016-07-26,2200,2200,2295,2180,2195,1031449
2016-07-27,2120,2120,2225,2100,2205,1058898
2016-07-28,2210,2210,2250,2090,2095,1278147
2016-07-29,2170,2170,2225,2165,2210,503073
2016-08-01,2085,2085,2190,2080,2180,507160
2016-08-02,2005,2005,2115,1995,2065,881312
2016-08-03,2075,2075,2100,1925,2005,1139760
2016-08-04,2050,2050,2075,1990,2075,557318
2016-08-05,1895,1895,2050,1875,2050,1357932
2016-08-08,1930,1930,2000,1865,1900,932791
2016-08-09,1965,1965,1975,1910,1910,351925
2016-08-10,2015,2015,2025,1940,1965,486051
2016-08-11,1955,1955,2035,1955,2010,473729
2016-08-12,1965,1965,2000,1945,1995,256615
2016-08-16,1930,1930,1980,1930,1965,279946
2016-08-17,1930,1930,1995,1910,1920,381572
2016-08-18,1920,1920,1955,1905,1945,266340
2016-08-19,1870,1870,1935,1870,1920,415473
2016-08-22,1815,1815,1890,1815,1870,398266
2016-08-23,1885,1885,1920,1815,1825,535849
2016-08-24,1850,1850,1925,1835,1885,340733
2016-08-25,1820,1820,1860,1805,1850,349558
2016-08-26,1775,1775,1830,1760,1810,503763
2016-08-29,1800,1800,1860,1770,1780,462128
2016-08-30,1825,1825,1840,1780,1795,297763
2016-08-31,1840,1840,1895,1795,1825,434612
2016-09-01,1890,1890,1890,1795,1855,357289
2016-09-02,1910,1910,1925,1860,1890,303500
2016-09-05,1880,1880,1930,1855,1925,399884
2016-09-06,1865,1865,1890,1860,1880,231282
2016-09-07,1805,1805,1860,1780,1860,353334
2016-09-08,1740,1740,1830,1700,1805,422937
2016-09-09,1735,1735,1740,1650,1705,348612
2016-09-12,1630,1630,1705,1630,1685,357161
2016-09-13,1660,1660,1700,1640,1645,196526
2016-09-19,1730,1730,1740,1650,1660,217255
2016-09-20,1750,1750,1760,1715,1730,137210
2016-09-21,1810,1810,1830,1750,1750,315553
2016-09-22,1815,1815,1875,1800,1800,187171
2016-09-23,1820,1820,1835,1800,1835,161681
2016-09-26,1815,1815,1825,1790,1820,171044
2016-09-27,1810,1810,1815,1765,1815,230406
2016-09-28,1780,1780,1810,1770,1810,155295
2016-09-29,1810,1810,1815,1765,1770,229370
2016-09-30,1780,1780,1825,1770,1800,180634
2016-10-04,1835,1835,1845,1775,1780,350480
2016-10-05,1975,1975,1995,1835,1855,2071798
2016-10-06,2025,2025,2065,1955,2000,1946565
2016-10-07,1965,1965,2065,1940,2020,1056024
2016-10-10,1930,1930,1975,1905,1965,396233
2016-10-11,1995,1995,2050,1910,1910,760694
2016-10-12,1950,1950,2020,1940,2000,317349
2016-10-13,1910,1910,1985,1895,1965,315052
2016-10-14,1925,1925,1925,1860,1910,360767
2016-10-17,1910,1910,1935,1880,1910,215814
2016-10-18,1925,1925,1925,1880,1880,177414
2016-10-19,2030,2030,2080,1915,1915,1810480
2016-10-20,1985,1985,2020,1970,2015,397776
2016-10-21,1970,1970,1990,1930,1980,336593
2016-10-24,1980,1980,2065,1970,1995,721341
2016-10-25,1940,1940,2030,1915,1990,430423
2016-10-26,1850,1850,2000,1800,1940,459011
2016-10-27,1845,1845,1870,1810,1835,173393
2016-10-28,1760,1760,1870,1750,1840,203208
2016-10-31,1700,1700,1790,1650,1780,303807
2016-11-01,1735,1735,1735,1625,1625,215636
2016-11-02,1640,1640,1760,1605,1700,329651
2016-11-03,1565,1565,1675,1490,1640,774695
2016-11-04,1585,1585,1640,1560,1570,274598
2016-11-07,1685,1685,1700,1580,1610,241241
2016-11-08,1865,1865,1870,1705,1750,1539227
2016-11-09,1740,1740,1900,1640,1885,1201005
2016-11-10,1780,1780,1830,1750,1770,341692
2016-11-11,1805,1805,1825,1765,1780,189503
2016-11-14,1910,1910,1980,1800,1805,653155
2016-11-15,1865,1865,1930,1835,1930,454557
2016-11-16,1865,1865,1910,1845,1880,293578
2016-11-17,1895,1895,1895,1810,1865,401750
2016-11-18,1840,1840,1920,1820,1900,437752
2016-11-21,1620,1620,1795,1590,1770,870411
2016-11-22,1635,1635,1670,1600,1625,437481
2016-11-23,1630,1630,1700,1590,1640,377899
2016-11-24,1640,1640,1680,1625,1630,271387
2016-11-25,1635,1635,1675,1605,1675,116994
2016-11-28,1660,1660,1695,1620,1630,219449
2016-11-29,1660,1660,1670,1615,1645,172540
2016-11-30,1635,1635,1695,1635,1660,271701
2016-12-01,1630,1630,1725,1600,1655,631209
2016-12-02,1620,1620,1675,1600,1610,194690
2016-12-05,1570,1570,1620,1550,1620,228971
2016-12-06,1555,1555,1595,1555,1580,223062
2016-12-07,1535,1535,1585,1530,1575,302740
2016-12-08,1610,1610,1620,1535,1535,256975
2016-12-09,1650,1650,1665,1595,1610,246171
2016-12-12,1685,1685,1700,1650,1650,201239
2016-12-13,1690,1690,1700,1655,1670,114394
2016-12-14,1650,1650,1695,1650,1695,132082
2016-12-15,1700,1700,1715,1630,1645,163371
2016-12-16,1760,1760,1770,1685,1700,277943
2016-12-19,1740,1740,1765,1710,1765,150308
2016-12-20,1715,1715,1745,1705,1745,118134
2016-12-21,1745,1745,1750,1680,1715,216750
2016-12-22,1730,1730,1755,1705,1745,96712
2016-12-23,1725,1725,1735,1685,1720,126216
2016-12-26,1725,1725,1725,1685,1705,130090
2016-12-27,1690,1690,1720,1660,1700,210067
2016-12-28,1700,1700,1710,1680,1700,83626
2016-12-29,1725,1725,1750,1690,1700,139717
2017-01-02,1740,1740,1740,1700,1725,131643
2017-01-03,1745,1745,1755,1735,1740,78024
2017-01-04,1800,1800,1820,1745,1760,485826
2017-01-05,1850,1850,1880,1805,1830,765256
2017-01-06,1800,1800,1850,1795,1850,280184
2017-01-09,1760,1760,1810,1760,1785,287146
2017-01-10,1700,1700,1770,1670,1765,372456
2017-01-11,1705,1705,1730,1675,1705,201237
2017-01-12,1700,1700,1735,1660,1720,313817
2017-01-13,1695,1695,1725,1675,1700,239285
2017-01-16,1715,1715,1715,1680,1700,164215
2017-01-17,1710,1710,1755,1695,1715,276279
2017-01-18,1715,1715,1715,1685,1715,88945
2017-01-19,1720,1720,1740,1700,1715,131279
2017-01-20,1675,1675,1730,1675,1720,122812
2017-01-23,1600,1600,1690,1600,1675,288547
2017-01-24,1600,1600,1615,1570,1595,101634
2017-01-25,1595,1595,1615,1560,1600,212730
2017-01-26,1615,1615,1640,1575,1585,193820
2017-01-31,1625,1625,1645,1590,1615,122306
2017-02-01,1660,1660,1665,1610,1630,79402
2017-02-02,1630,1630,1670,1625,1660,121780
2017-02-03,1610,1610,1660,1590,1620,245936
2017-02-06,1610,1610,1630,1595,1620,123531
2017-02-07,1625,1625,1635,1590,1600,144053
2017-02-08,1610,1610,1630,1600,1625,118162
2017-02-09,1625,1625,1645,1600,1610,260710
2017-02-10,1580,1580,1630,1570,1630,283488
2017-02-13,1640,1640,1685,1565,1580,474906
2017-02-14,1595,1595,1640,1590,1640,234080
2017-02-15,1615,1615,1630,1595,1600,139154
2017-02-16,1590,1590,1635,1590,1615,174271
2017-02-17,1605,1605,1620,1585,1600,169054
2017-02-20,1600,1600,1620,1590,1605,163966
2017-02-21,1610,1610,1630,1580,1610,396330
2017-02-22,1635,1635,1660,1610,1615,334401
2017-02-23,1610,1610,1650,1605,1650,154257
2017-02-24,1605,1605,1625,1590,1610,217935
2017-02-27,1605,1605,1620,1595,1605,129713
2017-02-28,1555,1555,1610,1540,1605,244463
2017-03-02,1500,1500,1570,1480,1555,433259
2017-03-03,1430,1430,1485,1365,1470,544401
2017-03-06,1400,1400,1420,1370,1405,421678
2017-03-07,1470,1470,1480,1410,1410,505581
2017-03-08,1460,1460,1490,1450,1465,114178
2017-03-09,1465,1465,1500,1465,1465,120052
2017-03-10,1465,1465,1500,1440,1470,136821
2017-03-13,1490,1490,1505,1470,1480,121858
2017-03-14,1500,1500,1515,1480,1500,86096
2017-03-15,1520,1520,1520,1470,1505,158711
2017-03-16,1505,1505,1525,1490,1505,184798
2017-03-17,1495,1495,1510,1485,1505,70062
2017-03-20,1495,1495,1505,1480,1505,52970
2017-03-21,1480,1480,1505,1455,1490,227639
2017-03-22,1445,1445,1480,1405,1480,379678
2017-03-23,1430,1430,1450,1405,1445,141297
2017-03-24,1425,1425,1440,1410,1440,98777
2017-03-27,1390,1390,1430,1380,1430,188757
2017-03-28,1445,1445,1450,1390,1390,223782
2017-03-29,1465,1465,1520,1425,1445,501366
2017-03-30,1455,1455,1465,1450,1460,92585
2017-03-31,1460,1460,1475,1445,1460,100702
2017-04-03,1470,1470,1495,1460,1460,176626
2017-04-04,1465,1465,1485,1465,1475,155866
2017-04-05,1470,1470,1480,1455,1470,102072
2017-04-06,1505,1505,1535,1465,1470,483784
2017-04-07,1530,1530,1580,1505,1520,1145833
2017-04-10,1490,1490,1550,1485,1550,239312
2017-04-11,1480,1480,1510,1465,1490,209944
2017-04-12,1465,1465,1475,1450,1475,129068
2017-04-13,1485,1485,1485,1455,1465,56849
2017-04-14,1515,1515,1585,1470,1470,1337432
2017-04-17,1545,1545,1560,1500,1515,334760
2017-04-18,1540,1540,1555,1525,1550,122829
2017-04-19,1565,1565,1580,1525,1530,287814
2017-04-20,1555,1555,1595,1555,1565,269181
2017-04-21,1575,1575,1590,1555,1565,252240
2017-04-24,1560,1560,1590,1555,1585,146422
2017-04-25,1545,1545,1575,1545,1565,164932
2017-04-26,1555,1555,1560,1540,1560,158567
2017-04-27,1550,1550,1570,1530,1565,64240
2017-04-28,1540,1540,1560,1525,1560,97343
2017-05-02,1550,1550,1560,1530,1540,94815
2017-05-04,1560,1560,1560,1535,1550,146397
2017-05-08,1565,1565,1575,1545,1560,97892
2017-05-10,1585,1585,1590,1555,1570,197427
2017-05-11,1585,1585,1595,1565,1595,110492
2017-05-12,1575,1575,1595,1565,1595,97917
2017-05-15,1580,1580,1590,1565,1565,135967
2017-05-16,1620,1620,1640,1580,1580,673468
2017-05-17,1640,1640,1650,1610,1625,349523
2017-05-18,1675,1675,1680,1615,1620,950296
2017-05-19,1675,1675,1685,1650,1685,387652
2017-05-22,1660,1660,1695,1660,1690,461722
2017-05-23,1640,1640,1690,1640,1690,421286
2017-05-24,1645,1645,1670,1630,1645,214776
2017-05-25,1635,1635,1660,1605,1660,237025
2017-05-26,1635,1635,1650,1625,1635,141681
2017-05-29,1615,1615,1650,1605,1630,247825
2017-05-30,1625,1625,1630,1600,1615,145109
2017-05-31,1645,1645,1645,1615,1635,142623
2017-06-01,1620,1620,1650,1610,1650,168213
2017-06-02,1595,1595,1630,1590,1620,219980
2017-06-05,1600,1600,1615,1585,1595,101851
2017-06-07,1600,1600,1615,1590,1600,81164
2017-06-08,1585,1585,1610,1585,1600,90478
2017-06-09,1580,1580,1600,1550,1585,226086
2017-06-12,1550,1550,1585,1545,1580,188870
2017-06-13,1560,1560,1565,1540,1550,162738
2017-06-14,1570,1570,1570,1540,1555,175774
2017-06-15,1570,1570,1595,1560,1595,84135
2017-06-16,1565,1565,1580,1540,1570,138874
2017-06-19,1555,1555,1575,1535,1570,138747
2017-06-20,1500,1500,1555,1490,1540,286596
2017-06-21,1510,1510,1515,1470,1490,124192
2017-06-22,1495,1495,1510,1485,1490,73015
2017-06-23,1500,1500,1505,1475,1485,65512
2017-06-26,1470,1470,1500,1455,1500,181177
2017-06-27,1470,1470,1485,1460,1470,124590
2017-06-28,1460,1460,1480,1445,1460,137176
2017-06-29,1460,1460,1475,1440,1460,148481
2017-06-30,1480,1480,1485,1445,1445,85025
2017-07-03,1490,1490,1505,1480,1480,153014
2017-07-04,1495,1495,1510,1480,1480,96803
2017-07-05,1475,1475,1510,1475,1495,73344
2017-07-06,1460,1460,1485,1445,1485,73851
2017-07-07,1465,1465,1470,1450,1455,110643
2017-07-10,1445,1445,1470,1435,1465,128959
2017-07-11,0,0,0,0,0,0
2017-07-12,1445,1445,1445,1415,1440,87044
2017-07-13,0,0,0,0,0,0
2017-07-14,0,0,0,0,0,0
2017-07-17,0,0,0,0,0,0
2017-07-18,1415,1415,1430,1405,1405,92367
2017-07-19,0,0,0,0,0,0
2017-07-20,1430,1430,1435,1410,1420,88727
2017-07-21,1430,1430,1445,1415,1430,99539
2017-07-24,1440,1440,1455,1425,1440,110974
2017-07-25,1440,1440,1455,1435,1450,85658
2017-07-26,1420,1420,1450,1415,1440,84680
2017-07-27,0,0,0,0,0,0
2017-07-28,1405,1405,1420,1390,1410,134312
2017-07-31,1400,1400,1405,1385,1405,63099
2017-08-01,1410,1410,1415,1385,1385,103099
2017-08-02,1405,1405,1420,1395,1400,90453
2017-08-03,1380,1380,1405,1380,1395,154105
2017-08-04,0,0,0,0,0,0
2017-08-07,1380,1380,1395,1370,1380,63329
2017-08-08,1390,1390,1400,1380,1385,48997
2017-08-09,1375,1375,1405,1370,1380,62594
2017-08-10,1375,1375,1385,1350,1375,80603
2017-08-11,1350,1350,1370,1320,1370,114915
2017-08-14,1310,1310,1350,1300,1325,146157
2017-08-16,1305,1305,1340,1290,1310,168157
2017-08-17,1315,1315,1330,1300,1320,63658
2017-08-18,1310,1310,1325,1300,1300,70114
2017-08-21,1330,1330,1350,1310,1320,61496
2017-08-22,1335,1335,1340,1310,1320,60166
2017-08-23,1325,1325,1335,1300,1335,73011
2017-08-24,1320,1320,1330,1305,1330,36080
2017-08-25,1325,1325,1330,1305,1320,76276
2017-08-28,1315,1315,1335,1315,1325,72957
2017-08-29,1340,1340,1345,1305,1305,82471
2017-08-30,1385,1385,1430,1340,1345,340794
2017-08-31,1385,1385,1405,1370,1390,114226
2017-09-01,1410,1410,1410,1365,1390,71420
2017-09-04,1385,1385,1390,1360,1360,87365
2017-09-05,1365,1365,1390,1360,1390,104139
2017-09-06,1350,1350,1385,1315,1380,106171
2017-09-07,1350,1350,1355,1335,1340,62559
2017-09-08,1325,1325,1355,1325,1350,43893
2017-09-11,1325,1325,1335,1305,1310,57455
2017-09-12,1335,1335,1335,1305,1320,59968
2017-09-13,1325,1325,1340,1305,1330,82237
2017-09-14,1320,1320,1330,1300,1325,84671
2017-09-15,1320,1320,1325,1295,1315,63482
2017-09-18,1310,1310,1325,1290,1320,58947
2017-09-19,1305,1305,1320,1285,1320,123218
2017-09-20,1290,1290,1310,1285,1295,102662
2017-09-21,1295,1295,1300,1285,1290,50027
2017-09-25,1200,1200,1300,1195,1300,359356
2017-09-26,1200,1200,1200,1200,1200,0
2017-09-27,1260,1260,1260,1205,1215,104551
2017-09-28,1315,1315,1325,1265,1265,141091
2017-09-29,1305,1305,1330,1295,1330,78268
2017-10-10,1365,1365,1390,1290,1305,376260
2017-10-11,1345,1345,1360,1330,1360,175432
2017-10-12,1375,1375,1380,1340,1345,118430
2017-10-13,1380,1380,1380,1360,1370,75495
2017-10-16,1385,1385,1400,1355,1380,156399
2017-10-17,1375,1375,1455,1365,1385,891469
2017-10-18,1360,1360,1395,1360,1370,206282
2017-10-19,1345,1345,1390,1345,1355,210823
2017-10-20,1375,1375,1400,1345,1365,154392
2017-10-23,1410,1410,1420,1365,1375,221995
2017-10-24,1410,1410,1435,1390,1410,172432
2017-10-25,1410,1410,1420,1395,1410,75539
2017-10-26,1410,1410,1430,1385,1415,131353
2017-10-27,1440,1440,1500,1410,1410,1133709
2017-10-30,1455,1455,1455,1425,1435,224549
2017-10-31,1455,1455,1485,1440,1460,217627
2017-11-01,1460,1460,1485,1455,1460,169433
2017-11-02,1445,1445,1480,1420,1455,206095
2017-11-03,1410,1410,1445,1405,1440,189968
2017-11-06,1440,1440,1455,1410,1410,123352
2017-11-07,1455,1455,1455,1425,1430,115143
2017-11-08,1455,1455,1475,1440,1450,132351
2017-11-09,1440,1440,1470,1440,1465,101520
2017-11-10,1435,1435,1460,1430,1450,123650
2017-11-13,1490,1490,1500,1415,1420,601792
2017-11-14,1480,1480,1490,1455,1480,194613
2017-11-15,1420,1420,1480,1410,1470,468450
2017-11-16,1410,1410,1440,1385,1415,398190
2017-11-17,1435,1435,1445,1400,1400,248373
2017-11-20,1480,1480,1485,1420,1420,296789
2017-11-21,1460,1460,1485,1440,1480,122701
2017-11-22,1450,1450,1460,1410,1455,192261
2017-11-23,1470,1470,1475,1435,1440,192687
2017-11-24,1495,1495,1555,1470,1535,1725988
2017-11-27,1585,1585,1600,1510,1520,1698149
2017-11-28,1525,1525,1600,1520,1600,748577
2017-11-29,1525,1525,1545,1500,1545,230327
2017-11-30,1480,1480,1545,1470,1525,321618
2017-12-01,1455,1455,1495,1435,1485,456591
2017-12-04,1435,1435,1460,1420,1445,305215
2017-12-05,1430,1430,1460,1420,1440,272160
2017-12-06,1425,1425,1440,1410,1430,155844
2017-12-07,1410,1410,1440,1385,1425,274165
2017-12-08,1400,1400,1420,1390,1400,139467
2017-12-11,1425,1425,1430,1390,1395,74890
2017-12-12,1390,1390,1425,1390,1415,93921
2017-12-13,1400,1400,1415,1390,1390,70242
2017-12-14,1410,1410,1410,1390,1405,89469
2017-12-15,1365,1365,1415,1360,1405,193565
2017-12-18,1400,1400,1415,1375,1375,176139
2017-12-19,1370,1370,1400,1335,1400,269844
2017-12-21,1345,1345,1375,1345,1360,111994
2017-12-22,1365,1365,1390,1310,1320,114298
2017-12-26,1355,1355,1380,1350,1375,80570
2017-12-27,1345,1345,1370,1340,1350,82249
2017-12-28,1350,1350,1360,1335,1345,42649
2018-01-02,1360,1360,1360,1340,1345,85192
2018-01-03,1370,1370,1370,1345,1360,111438
2018-01-04,1380,1380,1385,1360,1375,119345
2018-01-05,1380,1380,1385,1360,1380,104837
2018-01-08,1370,1370,1375,1355,1375,120543
2018-01-09,1425,1425,1425,1345,1360,349054
2018-01-10,1430,1430,1450,1410,1425,203831
2018-01-11,1415,1415,1435,1405,1425,118030
2018-01-12,1420,1420,1420,1380,1410,227838
2018-01-15,1400,1400,1415,1390,1400,123229
2018-01-16,1425,1425,1430,1395,1400,195916
2018-01-17,1465,1465,1475,1425,1425,372263
2018-01-18,1475,1475,1490,1450,1455,278681
2018-01-19,1490,1490,1505,1470,1480,249325
2018-01-22,1545,1545,1560,1490,1490,980155
2018-01-23,1600,1600,1615,1530,1540,965872
2018-01-24,1605,1605,1650,1590,1605,611807
2018-01-25,1650,1650,1650,1585,1615,546106
2018-01-26,1855,1855,1940,1615,1645,4554184
2018-01-29,1790,1790,1930,1790,1855,2122069
2018-01-30,1740,1740,1780,1710,1775,1346153
2018-01-31,1750,1750,1900,1720,1850,3717998
2018-02-01,1840,1840,1840,1735,1750,1708445
2018-02-02,1820,1820,1860,1775,1850,995880
2018-02-05,1675,1675,1795,1675,1760,873602
2018-02-06,1620,1620,1620,1550,1590,1179245
2018-02-07,1585,1585,1670,1585,1645,509548
2018-02-08,1665,1665,1680,1555,1610,451439
2018-02-09,1660,1660,1675,1585,1585,305684
2018-02-12,1665,1665,1675,1660,1585,319585
2018-02-13,1605,1605,1695,1605,1695,257322
2018-02-14,1630,1630,1650,1595,1625,200374
2018-02-19,1660,1660,1670,1620,1640,320799
2018-02-20,1670,1670,1710,1665,1700,452582
2018-02-21,1655,1655,1690,1655,1670,179994
2018-02-22,1645,1645,1690,1645,1650,296888
2018-02-23,1650,1650,1695,1640,1655,375103
2018-02-26,1750,1750,1835,1655,1670,2892907
2018-02-27,1820,1820,1870,1720,1760,1502111
2018-02-28,1780,1780,1845,1765,1820,854731
2018-03-02,1755,1755,1830,1745,1780,627384
2018-03-05,1780,1780,1890,1750,1760,2220242
2018-03-06,1790,1790,1840,1765,1815,597391
2018-03-08,1740,1740,1760,1660,1680,369079
2018-03-09,1890,1890,1995,1750,1750,7528463
2018-03-12,1910,1910,1985,1875,1905,1729119
2018-03-13,1895,1895,1920,1840,1910,890594
2018-03-14,1840,1840,1880,1795,1850,1086436
2018-03-15,1835,1835,1880,1805,1845,585776
2018-03-16,1860,1860,1950,1815,1825,1698147
2018-03-19,1840,1840,1945,1830,1880,1441292
2018-03-20,1875,1875,1885,1795,1805,560782
2018-03-21,1860,1860,1915,1845,1860,624748
2018-03-22,1820,1820,1875,1795,1860,488137
2018-03-23,1660,1660,1790,1660,1750,863127
2018-03-26,1730,1730,1735,1615,1630,625556
2018-03-27,1745,1745,1765,1705,1760,423460
2018-03-28,1900,1900,1970,1800,1810,6846528
2018-03-29,1930,1930,1955,1855,1900,1367188
2018-03-30,1895,1895,2045,1895,2045,2228569
2018-04-02,1990,1990,2075,1890,1940,4351387
2018-04-03,2075,2075,2140,1960,1960,4355259
2018-04-04,2005,2005,2105,1965,2090,1863857
2018-04-05,1920,1920,2050,1915,2025,1250
2018-04-06,1855,1855,1920,1845,1910,1107250
2018-04-09,1805,1805,1855,1775,1855,1009020
2018-04-10,1895,1895,1925,1760,1820,1683947
2018-04-11,1905,1905,1920,1855,1880,625819
2018-04-12,1810,1810,1910,1810,1890,621690
2018-04-13,1840,1840,1855,1810,1835,276563
2018-04-16,1845,1845,1880,1825,1880,260431
2018-04-17,1905,1905,1925,1840,1845,492623
2018-04-18,1895,1895,1950,1880,1920,636865
2018-04-19,1890,1890,1940,1870,1905,701533
2018-04-20,1930,1930,1940,1860,1880,510751
2018-04-23,1865,1865,1960,1820,1940,669350
2018-04-24,1815,1815,1885,1810,1860,485127
2018-04-25,1800,1800,1865,1760,1785,658715
2018-04-26,1815,1815,1835,1770,1800,388942
2018-04-27,1780,1780,1840,1780,1820,432183
2018-04-30,1720,1720,1800,1720,1770,551238
2018-05-02,1765,1765,1775,1680,1690,380109
2018-05-03,1810,1810,1815,1750,1765,236696
2018-05-04,1785,1785,1835,1760,1810,208918
2018-05-08,1700,1700,1795,1700,1780,216404
2018-05-09,1670,1670,1725,1625,1720,325391
2018-05-10,1675,1675,1690,1635,1670,191684
2018-05-11,1710,1710,1730,1675,1675,127215
2018-05-14,1715,1715,1715,1680,1705,113853
2018-05-15,1675,1675,1715,1645,1695,376911
2018-05-16,1585,1585,1675,1585,1675,379190
2018-05-17,1605,1605,1630,1585,1585,135799
2018-05-18,1600,1600,1625,1575,1600,165288
2018-05-21,1630,1630,1635,1585,1595,112436
2018-05-23,1590,1590,1645,1590,1625,122934
2018-05-24,1565,1565,1615,1550,1610,213807
2018-05-25,1475,1475,1575,1460,1545,465032
2018-05-28,1510,1510,1530,1480,1495,203467
2018-05-29,1590,1590,1685,1490,1510,1378829
2018-05-30,1520,1520,1600,1520,1590,332701
2018-05-31,1580,1580,1585,1530,1530,160915
2018-06-01,1610,1610,1630,1560,1580,290929
2018-06-04,1615,1615,1635,1600,1625,156092
2018-06-05,1615,1615,1645,1605,1635,163220
2018-06-07,1630,1630,1640,1600,1635,150980
2018-06-08,1680,1680,1720,1640,1650,597300
2018-06-11,1650,1650,1745,1640,1680,629120
2018-06-12,1615,1615,1675,1600,1660,179889
2018-06-14,1545,1545,1630,1545,1610,148346
2018-06-15,1550,1550,1585,1540,1545,107139
2018-06-18,1500,1500,1565,1475,1550,146196
2018-06-19,1405,1405,1520,1400,1500,207388
2018-06-20,1490,1490,1655,1390,1390,422038
2018-06-21,1555,1555,1585,1480,1480,162953
2018-06-22,1515,1515,1570,1490,1570,92922
2018-06-25,1545,1545,1570,1505,1520,75609
2018-06-26,1540,1540,1550,1500,1550,69422
2018-06-27,1535,1535,1560,1505,1540,95456
2018-06-28,1500,1500,1530,1450,1505,88998
2018-06-29,1465,1465,1490,1435,1480,97959
2018-07-02,1415,1415,1485,1395,1455,100138
2018-07-03,1400,1400,1460,1400,1415,89910
2018-07-04,1450,1450,1455,1390,1405,44806
2018-07-05,1470,1470,1475,1440,1460,65895
2018-07-06,1480,1480,1480,1420,1465,41089
2018-07-09,1455,1455,1495,1455,1470,28065
2018-07-10,1485,1485,1495,1455,1455,33391
2018-07-11,1475,1475,1495,1470,1490,26245
2018-07-12,1515,1515,1525,1465,1510,90335
2018-07-13,1520,1520,1575,1500,1540,78379
2018-07-16,1515,1515,1550,1495,1545,34364
2018-07-17,1515,1515,1535,1480,1535,98164
2018-07-18,1490,1490,1535,1480,1535,83747
2018-07-19,1465,1465,1520,1445,1520,39312
2018-07-20,1440,1440,1490,1435,1465,18140
2018-07-23,1410,1410,1460,1340,1445,138185
2018-07-24,1415,1415,1440,1400,1400,54864
2018-07-26,1405,1405,1425,1375,1425,32000
2018-07-27,1425,1425,1430,1390,1390,37779
2018-07-30,1430,1430,1440,1410,1410,20256
2018-07-31,1460,1460,1470,1425,1450,50719
2018-08-01,1475,1475,1495,1450,1490,62025
2018-08-02,1470,1470,1495,1460,1480,37618
2018-08-03,1470,1470,1495,1460,1495,45109
