,Adj Close,Close,High,Low,Open,Volume
2001-06-13,2447,44100,4930,4360,4750,2950000
2001-06-14,2522,45450,4670,4440,4550,1078000
2001-06-15,2420,43600,4475,4330,4360,666000
2001-06-18,2259,40700,4300,4065,4220,1060000
2001-06-19,2275,41000,4230,4070,4070,914000
2001-06-20,2053,37000,4110,3660,4030,928000
2001-06-21,2109,38000,3895,3635,3750,876000
2001-06-22,2017,36350,3820,3620,3800,456000
2001-06-25,2023,36450,3765,3600,3700,964000
2001-06-26,2042,36800,3850,3655,3710,785000
2001-06-27,1973,35550,3680,3535,3580,422000
2001-06-28,1962,35350,3650,3530,3600,387000
2001-06-29,1962,35350,3630,3475,3600,332000
2001-07-02,1928,34750,3610,3475,3550,445000
2001-07-03,1914,34500,3525,3435,3500,479000
2001-07-04,1862,33550,3470,3330,3460,412000
2001-07-05,1884,33950,3470,3285,3370,1159000
2001-07-06,1820,32800,3430,3280,3410,667000
2001-07-09,1795,32350,3375,3210,3250,1278000
2001-07-10,1776,32000,3280,3200,3270,1038000
2001-07-11,1776,32000,3220,3200,3200,1969000
2001-07-12,1795,32350,3470,3000,3000,3096000
2001-07-13,1626,29300,3345,2930,3280,1098000
2001-07-16,1498,27000,2980,2620,2980,1421000
2001-07-18,1426,25700,2735,2520,2700,639000
2001-07-19,1387,25000,2565,2460,2460,558000
2001-07-20,1387,25000,2590,2420,2420,541000
2001-07-23,1387,25000,2670,2450,2450,1011000
2001-07-24,1490,26850,2750,2560,2670,1717000
2001-07-25,1412,25450,2650,2530,2650,689000
2001-07-26,1387,25000,2635,2490,2580,536000
2001-07-27,1451,26150,2640,2505,2535,881000
2001-07-30,1407,25350,2700,2530,2580,879000
2001-07-31,1429,25750,2620,2515,2515,514000
2001-08-01,1468,26450,2660,2585,2585,551000
2001-08-02,1487,26800,2710,2625,2680,476000
2001-08-03,1543,27800,2940,2710,2710,1310000
2001-08-06,1545,27850,2820,2730,2785,405000
2001-08-07,1487,26800,2790,2660,2750,516000
2001-08-08,1459,26300,2720,2585,2690,279000
2001-08-09,1437,25900,2590,2530,2570,275000
2001-08-10,1448,26100,2630,2535,2535,152000
2001-08-13,1470,26500,2750,2630,2630,871000
2001-08-14,1448,26100,2690,2580,2650,483000
2001-08-16,1404,25300,2580,2510,2570,314000
2001-08-17,1393,25100,2565,2490,2530,253000
2001-08-20,1393,25100,2510,2420,2455,279000
2001-08-21,1398,25200,2550,2470,2490,239000
2001-08-22,1404,25300,2530,2430,2430,172000
2001-08-23,1432,25800,2610,2500,2500,276000
2001-08-24,1401,25250,2640,2480,2580,881000
2001-08-27,1393,25100,2550,2480,2550,233000
2001-08-28,1393,25100,2520,2455,2485,208000
2001-08-29,1354,24400,2480,2390,2450,251000
2001-08-30,1326,23900,2400,2250,2360,269000
2001-08-31,1243,22400,2300,2200,2280,230000
2001-09-03,1204,21700,2275,2150,2150,136000
2001-09-04,1237,22300,2295,2160,2190,282000
2001-09-05,1210,21800,2250,2170,2190,146000
2001-09-06,1293,23300,2390,2210,2220,673000
2001-09-07,1315,23700,2370,2240,2300,217000
2001-09-10,1293,23300,2380,2285,2350,166000
2001-09-11,1284,23150,2470,2310,2315,578000
2001-09-12,1132,20400,2055,2040,2040,311000
2001-09-13,1104,19900,2030,1930,2000,439000
2001-09-14,974,17550,2000,1755,1990,362000
2001-09-17,857,15450,1695,1545,1650,211000
2001-09-18,910,16400,1660,1550,1550,326000
2001-09-19,993,17900,1835,1580,1580,908000
2001-09-20,943,17000,1840,1660,1800,268000
2001-09-21,935,16850,1720,1515,1600,209000
2001-09-25,938,16900,1850,1660,1790,216000
2001-09-26,993,17900,1850,1750,1790,160000
2001-09-27,1032,18600,1860,1760,1850,234000
2001-10-04,1151,20750,2110,2015,2050,801000
2001-10-05,1151,20750,2195,2030,2075,481000
2001-10-08,1107,19950,2055,1910,2000,252000
2001-10-09,1171,21100,2140,2045,2050,381000
2001-10-10,1151,20750,2170,2035,2060,266000
2001-10-11,1221,22000,2290,2175,2200,637000
2001-10-12,1248,22500,2340,2155,2200,763000
2001-10-15,1243,22400,2330,2200,2250,354000
2001-10-16,1390,25050,2505,2300,2330,926000
2001-10-17,1393,25100,2640,2430,2550,985000
2001-10-18,1371,24700,2545,2410,2505,378000
2001-10-19,1404,25300,2630,2440,2500,628000
2001-10-22,1448,26100,2740,2560,2590,752000
2001-10-23,1404,25300,2670,2500,2640,473000
2001-10-24,1393,25100,2650,2480,2480,455000
2001-10-25,1359,24500,2560,2430,2500,212000
2001-10-26,1387,25000,2500,2415,2460,156000
2001-10-29,1498,27000,2760,2460,2500,548000
2001-10-30,1437,25900,2760,2580,2700,465000
2001-10-31,1565,28200,2820,2560,2590,441000
2001-11-01,1504,27100,3030,2600,2850,1357000
2001-11-02,1545,27850,2810,2650,2750,365000
2001-11-05,1537,27700,2880,2755,2755,233000
2001-11-06,1515,27300,2830,2710,2800,336000
2001-11-07,1509,27200,2805,2670,2705,277000
2001-11-08,1501,27050,2750,2650,2670,188000
2001-11-12,1404,25300,2630,2500,2600,258000
2001-11-13,1412,25450,2600,2480,2480,260000
2001-11-14,1429,25750,2630,2545,2585,175000
2001-11-15,1429,25750,2620,2510,2540,162000
2001-11-16,1484,26750,2695,2550,2550,241000
2001-11-19,1509,27200,2775,2680,2700,238000
2001-11-20,1526,27500,2770,2660,2750,219000
2001-11-21,1573,28350,2945,2700,2740,471000
2001-11-22,1562,28150,2940,2800,2850,277000
2001-11-23,1554,28000,2850,2750,2815,305000
2001-11-26,1562,28150,2920,2780,2800,215000
2001-11-27,1559,28100,2840,2780,2830,198000
2001-11-28,1548,27900,2905,2780,2790,244000
2001-11-29,1540,27750,2780,2650,2740,215000
2001-11-30,1548,27900,2850,2760,2790,261000
2001-12-03,1534,27650,2850,2700,2850,178000
2001-12-04,1717,30950,3095,2730,2765,1056000
2001-12-05,1720,31000,3235,3005,3085,999000
2001-12-10,1692,3050,3350,2940,3150,922000
2001-12-11,1531,2760,2990,2760,2950,432500
2001-12-12,1576,2840,2960,2680,2850,815800
2001-12-13,1498,2700,2860,2690,2750,398800
2001-12-14,1465,2640,2780,2600,2600,422200
2001-12-17,1415,2550,2740,2530,2620,266600
2001-12-18,1304,2350,2610,2350,2580,328800
2001-12-19,1237,2230,2400,2160,2300,277600
2001-12-20,1282,2310,2360,2200,2220,290100
2001-12-21,1193,2150,2260,2060,2260,363100
2001-12-24,1193,2150,2230,2100,2100,241600
2001-12-26,1198,2160,2230,2130,2160,281400
2001-12-27,1259,2190,2210,2150,2150,168300
2001-12-28,1334,2320,2350,2160,2160,315400
2002-01-02,1339,2330,2360,2250,2360,278000
2002-01-04,1368,2380,2500,2350,2500,336500
2002-01-07,1345,2340,2430,2300,2350,268300
2002-01-08,1282,2230,2330,2210,2280,299100
2002-01-09,1345,2340,2340,2230,2230,237300
2002-01-10,1403,2440,2510,2310,2350,387200
2002-01-11,1334,2320,2540,2290,2390,211300
2002-01-14,1311,2280,2360,2250,2350,198400
2002-01-15,1282,2230,2300,2200,2280,166100
2002-01-16,1259,2190,2270,2180,2190,253300
2002-01-17,1334,2320,2330,2160,2200,303800
2002-01-18,1414,2460,2490,2340,2360,497700
2002-01-21,1414,2460,2460,2370,2400,169400
2002-01-22,1414,2460,2530,2400,2460,313300
2002-01-23,1575,2740,2750,2410,2440,1143400
2002-01-24,1615,2810,2940,2670,2750,952500
2002-01-25,1805,3140,3140,2760,2820,1938600
2002-01-28,2018,3510,3510,3200,3380,2210300
2002-01-29,2156,3750,3820,3410,3740,2554500
2002-01-30,2185,3800,3920,3450,3550,1236900
2002-02-01,2064,3590,3830,3460,3720,792900
2002-02-04,1840,3200,3580,3160,3400,560100
2002-02-05,1782,3100,3310,3070,3200,380000
2002-02-06,1897,3300,3340,3040,3120,625000
2002-02-07,1782,3100,3380,3040,3230,377500
2002-02-08,1903,3310,3470,3110,3200,933400
2002-02-14,1868,3250,3550,3250,3470,555700
2002-02-15,1857,3230,3360,3140,3360,444100
2002-02-18,1817,3160,3270,3120,3240,547000
2002-02-19,1955,3400,3530,3200,3200,1474400
2002-02-20,2041,3550,3640,3340,3450,1842200
2002-02-21,1995,3470,3730,3400,3650,1107000
2002-02-22,2001,3480,3490,3360,3370,551800
2002-02-25,1983,3450,3640,3450,3550,613700
2002-02-26,2012,3500,3670,3450,3480,1074600
2002-02-27,2213,3850,3920,3500,3510,1395200
2002-02-28,2144,3730,3900,3640,3850,1199100
2002-03-04,2185,3800,3960,3750,3900,1765800
2002-03-05,2070,3600,4100,3500,3820,3828400
2002-03-06,2052,3570,3680,3530,3600,1221400
2002-03-07,2018,3510,3740,3450,3650,1024900
2002-03-08,2173,3780,3780,3470,3470,1404600
2002-03-11,2432,4230,4230,3980,4100,2223400
2002-03-12,2357,4100,4570,4060,4500,3406600
2002-03-13,2334,4060,4200,3920,4050,1269600
2002-03-14,2340,4070,4160,4000,4060,774000
2002-03-15,2449,4260,4260,3850,4000,1818200
2002-03-18,2535,4410,4600,4330,4530,2785600
2002-03-19,2616,4550,4640,4220,4400,1755800
2002-03-20,2570,4470,4840,4420,4630,2134300
2002-03-21,2627,4570,4730,4450,4530,1601000
2002-03-22,2731,4750,4970,4480,4480,2743900
2002-03-25,2714,4720,5030,4650,4950,2022400
2002-03-26,2593,4510,4780,4510,4650,950000
2002-03-27,2737,4760,4760,4560,4590,1158800
2002-03-28,2541,4420,4870,4400,4780,1215000
2002-03-29,2587,4500,4560,4340,4500,883500
2002-04-01,2277,3960,4500,3960,4500,661500
2002-04-02,2305,4010,4120,3870,4000,776100
2002-04-03,2277,3960,4080,3900,3910,798700
2002-04-04,2323,4040,4120,3970,3980,640400
2002-04-08,2380,4140,4230,4050,4050,701800
2002-04-09,2231,3880,4180,3860,4160,536900
2002-04-10,2058,3580,3880,3460,3800,474700
2002-04-11,2127,3700,3800,3610,3620,444000
2002-04-12,2259,3930,4140,3800,3800,3067400
2002-04-15,2248,3910,4060,3880,3990,747100
2002-04-16,2397,4170,4170,3930,3940,961800
2002-04-17,2374,4130,4350,4120,4250,763800
2002-04-18,2397,4170,4350,4140,4260,1007700
2002-04-19,2340,4070,4220,4030,4170,486900
2002-04-22,2190,3810,4020,3650,4000,486100
2002-04-23,2190,3810,3970,3790,3900,621300
2002-04-24,2041,3550,3900,3550,3760,443500
2002-04-25,1903,3310,3550,3210,3500,467000
2002-04-26,1943,3380,3450,3250,3320,320200
2002-04-29,1817,3160,3360,3140,3220,307700
2002-04-30,1811,3150,3330,3090,3330,314400
2002-05-02,1966,3420,3420,3160,3250,445400
2002-05-03,1920,3340,3410,3240,3370,405600
2002-05-06,1972,3430,3490,3250,3300,493700
2002-05-07,1926,3350,3430,3320,3320,328500
2002-05-08,1983,3450,3580,3390,3410,654900
2002-05-09,1966,3420,3580,3400,3580,514000
2002-05-10,1926,3350,3430,3320,3390,221800
2002-05-13,1834,3190,3310,3180,3260,416200
2002-05-14,1857,3230,3330,3200,3230,324400
2002-05-15,1909,3320,3340,3230,3260,364600
2002-05-16,1932,3360,3460,3350,3410,471900
2002-05-17,1955,3400,3440,3330,3400,255200
2002-05-20,2001,3480,3520,3360,3410,470400
2002-05-21,1857,3230,3490,3200,3480,413700
2002-05-22,1857,3230,3270,3100,3200,271000
2002-05-23,1753,3050,3250,3050,3200,336500
2002-05-24,1730,3010,3140,2990,3050,240300
2002-05-27,1673,2910,3000,2900,3000,283000
2002-05-28,1868,3250,3250,3090,3090,1210700
2002-05-29,1868,3250,3400,3050,3260,668200
2002-05-30,1840,3200,3310,3100,3310,382700
2002-05-31,1736,3020,3290,2980,3260,297800
2002-06-03,1776,3090,3130,2950,3020,158700
2002-06-04,1822,3170,3170,2880,2880,182800
2002-06-05,1840,3200,3210,3130,3130,133300
2002-06-07,1753,3050,3150,3050,3080,87400
2002-06-10,1840,3200,3200,3000,3050,209900
2002-06-11,1897,3300,3310,3160,3200,365900
2002-06-12,1891,3290,3350,3230,3250,262200
2002-06-14,1903,3310,3660,3280,3290,1041800
2002-06-17,1909,3320,3430,3300,3360,339200
2002-06-18,1799,3130,3400,3130,3400,266600
2002-06-19,1650,2870,3180,2760,3050,504400
2002-06-20,1615,2810,2870,2700,2760,551800
2002-06-21,1679,2920,2940,2730,2770,350900
2002-06-24,1679,2920,3000,2780,2830,652400
2002-06-25,1644,2860,3030,2850,3000,315500
2002-06-26,1449,2520,2840,2520,2820,363300
2002-06-27,1546,2690,2690,2560,2560,258600
2002-06-28,1696,2950,2950,2750,2790,240800
2002-07-02,1696,2950,2970,2730,2850,123800
2002-07-03,1702,2960,3010,2820,2850,243800
2002-07-04,1713,2980,3050,2920,3010,244500
2002-07-05,1725,3000,3090,2940,2940,332900
2002-07-08,1725,3000,3110,2870,3100,375500
2002-07-09,1725,3000,3020,2920,3000,264600
2002-07-10,1811,3150,3250,3110,3210,714000
2002-07-11,1771,3080,3190,2990,3080,321300
2002-07-12,1782,3100,3150,3010,3120,253000
2002-07-15,1725,3000,3080,2940,3020,172800
2002-07-16,1661,2890,3030,2830,2960,259800
2002-07-18,1633,2840,2940,2830,2890,171200
2002-07-19,1587,2760,2790,2670,2760,251900
2002-07-22,1426,2480,2650,2470,2500,189300
2002-07-23,1512,2630,2640,2400,2500,179300
2002-07-24,1443,2510,2620,2500,2580,205900
2002-07-25,1437,2500,2650,2500,2650,147000
2002-07-26,1397,2430,2570,2410,2420,175900
2002-07-29,1380,2400,2510,2390,2450,132300
2002-07-30,1431,2490,2530,2470,2520,143600
2002-07-31,1397,2430,2510,2430,2510,101000
2002-08-01,1385,2410,2520,2410,2450,43200
2002-08-02,1437,2500,2510,2360,2370,131000
2002-08-05,1351,2350,2450,2330,2370,63700
2002-08-06,1339,2330,2340,2200,2200,67400
2002-08-07,1380,2400,2410,2360,2390,80700
2002-08-08,1385,2410,2450,2360,2440,49200
2002-08-09,1391,2420,2480,2390,2430,80600
2002-08-12,1403,2440,2470,2400,2400,98000
2002-08-13,1437,2500,2500,2440,2440,85200
2002-08-14,1495,2600,2600,2480,2500,182900
2002-08-16,1489,2590,2700,2560,2700,135400
2002-08-19,1449,2520,2630,2520,2540,67000
2002-08-20,1477,2570,2590,2470,2570,146600
2002-08-21,1529,2660,2730,2530,2590,399800
2002-08-22,1552,2700,2760,2660,2750,285500
2002-08-26,1552,2700,2740,2650,2660,165900
2002-08-27,1529,2660,2750,2640,2700,119200
2002-08-28,1552,2700,2710,2610,2610,114600
2002-08-29,1564,2720,2760,2630,2630,342800
2002-08-30,1495,2600,2720,2560,2720,165300
2002-09-02,1495,2600,2620,2510,2580,141400
2002-09-03,1472,2560,2640,2540,2560,150100
2002-09-04,1449,2520,2580,2500,2520,73200
2002-09-05,1437,2500,2560,2490,2530,95000
2002-09-06,1380,2400,2490,2400,2450,67700
2002-09-09,1293,2250,2450,2250,2380,114500
2002-09-10,1311,2280,2330,2250,2250,77400
2002-09-11,1351,2350,2410,2310,2320,121500
2002-09-12,1368,2380,2420,2350,2400,51900
2002-09-13,1334,2320,2370,2250,2360,129400
2002-09-16,1316,2290,2360,2270,2300,60800
2002-09-17,1345,2340,2390,2310,2330,79700
2002-09-18,1316,2290,2340,2280,2340,35300
2002-09-19,1311,2280,2360,2250,2250,97800
2002-09-23,1236,2150,2280,2150,2220,79600
2002-09-24,1178,2050,2100,2010,2070,299800
2002-09-25,1144,1990,2040,1880,2000,224700
2002-09-26,1150,2000,2220,1980,2220,270900
2002-09-27,1138,1980,2000,1920,2000,158400
2002-09-30,1132,1970,1970,1870,1900,184200
2002-10-01,1127,1960,1990,1870,1870,92500
2002-10-02,1138,1980,2020,1950,2000,147100
2002-10-04,1121,1950,1980,1910,1910,49600
2002-10-07,1081,1880,1980,1880,1910,98400
2002-10-08,1081,1880,1920,1840,1840,80300
2002-10-09,1052,1830,1910,1830,1900,110600
2002-10-10,983,1710,1820,1700,1780,160700
2002-10-11,983,1710,1790,1710,1780,79500
2002-10-14,1069,1860,1900,1730,1730,208600
2002-10-15,1104,1920,1960,1850,1870,216900
2002-10-16,1081,1880,1950,1870,1940,140900
2002-10-17,1138,1980,1980,1870,1870,158500
2002-10-18,1207,2100,2110,1980,2000,192400
2002-10-21,1155,2010,2100,2010,2070,87300
2002-10-22,1121,1950,2140,1930,2030,450800
2002-10-23,1167,2030,2030,1910,1940,158600
2002-10-24,1178,2050,2070,1970,2010,110100
2002-10-25,1178,2050,2050,1980,1980,58200
2002-10-28,1224,2130,2140,2050,2090,160600
2002-10-29,1224,2130,2260,2070,2100,228500
2002-10-30,1190,2070,2130,2010,2130,135400
2002-10-31,1167,2030,2100,2030,2080,52600
2002-11-01,1190,2070,2070,1960,1990,99700
2002-11-04,1201,2090,2100,2040,2070,91100
2002-11-05,1196,2080,2100,2000,2100,76300
2002-11-06,1184,2060,2100,2050,2070,63400
2002-11-07,1178,2050,2090,2050,2070,43600
2002-11-08,1224,2130,2130,2040,2040,213100
2002-11-11,1207,2100,2120,2050,2100,177500
2002-11-12,1219,2120,2120,2040,2040,199100
2002-11-13,1236,2150,2260,2130,2170,522600
2002-11-14,1293,2250,2330,2160,2240,384500
2002-11-15,1288,2240,2320,2200,2310,341400
2002-11-18,1236,2150,2240,2150,2220,131000
2002-11-19,1253,2180,2190,2110,2110,163600
2002-11-20,1253,2180,2200,2120,2160,127300
2002-11-21,1242,2160,2290,2150,2260,316000
2002-11-22,1253,2180,2240,2110,2240,165100
2002-11-25,1265,2200,2210,2150,2180,115400
2002-11-26,1322,2300,2320,2200,2210,242000
2002-11-27,1374,2390,2400,2250,2260,222200
2002-11-28,1431,2490,2550,2390,2550,278700
2002-11-29,1397,2430,2500,2390,2490,90400
2002-12-03,1460,2540,2550,2430,2520,262500
2002-12-04,1385,2410,2530,2400,2480,181400
2002-12-05,1403,2440,2460,2380,2410,98400
2002-12-06,1460,2540,2720,2390,2390,621300
2002-12-09,1431,2490,2580,2480,2560,144200
2002-12-10,1443,2510,2610,2470,2490,332900
2002-12-11,1426,2480,2590,2460,2570,222400
2002-12-12,1426,2480,2510,2440,2440,87500
2002-12-13,1426,2480,2500,2400,2480,173600
2002-12-16,1391,2420,2460,2400,2400,53300
2002-12-17,1403,2440,2470,2420,2440,95700
2002-12-18,1380,2400,2480,2400,2420,90700
2002-12-20,1345,2340,2420,2300,2400,61400
2002-12-23,1270,2210,2360,2160,2350,110800
2002-12-24,1259,2190,2210,2020,2120,91000
2002-12-26,1276,2220,2240,2160,2230,43300
2002-12-27,1234,2050,2150,2000,2000,37800
2002-12-30,1204,2000,2100,1860,1950,76700
2003-01-02,1270,2110,2140,1900,2030,91600
2003-01-03,1288,2140,2220,2120,2150,61600
2003-01-06,1258,2090,2140,2080,2110,59300
2003-01-07,1234,2050,2150,2050,2110,37400
2003-01-08,1246,2070,2100,2050,2070,16900
2003-01-09,1198,1990,2050,1950,2020,33500
2003-01-10,1168,1940,2060,1900,2010,87100
2003-01-13,1210,2010,2020,1950,1960,44100
2003-01-14,1228,2040,2080,1980,2010,39000
2003-01-15,1222,2030,2100,2030,2030,52000
2003-01-16,1222,2030,2070,2000,2000,29700
2003-01-17,1210,2010,2050,1990,2040,57800
2003-01-20,1210,2010,2030,1960,2030,31800
2003-01-21,1186,1970,2020,1960,2020,25500
2003-01-22,1162,1930,2000,1900,1940,33400
2003-01-23,1180,1960,1960,1880,1910,61300
2003-01-24,1132,1880,1970,1850,1970,40700
2003-01-27,1095,1820,1840,1780,1780,37300
2003-01-28,1095,1820,1850,1800,1800,19600
2003-01-29,1089,1810,1820,1750,1800,28700
2003-01-30,1095,1820,1840,1760,1810,46700
2003-02-03,1095,1820,1850,1750,1790,31300
2003-02-04,1101,1830,1850,1760,1810,56800
2003-02-05,1083,1800,1830,1790,1810,46000
2003-02-06,1077,1790,1840,1760,1840,57100
2003-02-07,1095,1820,1830,1730,1790,111700
2003-02-10,1065,1770,1790,1770,1780,16900
2003-02-11,1053,1750,1810,1730,1790,33100
2003-02-12,1071,1780,1780,1750,1770,32900
2003-02-13,1065,1770,1800,1740,1790,31400
2003-02-14,1065,1770,1770,1740,1770,18800
2003-02-17,1083,1800,1830,1770,1790,193000
2003-02-18,1095,1820,1850,1800,1820,161200
2003-02-19,1107,1840,2020,1840,1860,541300
2003-02-20,1113,1850,1870,1820,1830,118200
2003-02-21,1113,1850,1890,1830,1860,95100
2003-02-24,1113,1850,1880,1830,1830,125700
2003-02-25,1065,1770,1840,1770,1830,126700
2003-02-26,1059,1760,1800,1750,1800,55000
2003-02-27,1041,1730,1760,1700,1760,74000
2003-02-28,1035,1720,1750,1710,1720,34400
2003-03-03,1059,1760,1760,1710,1710,48300
2003-03-04,1029,1710,1760,1700,1760,57300
2003-03-05,993,1650,1700,1630,1690,60200
2003-03-06,963,1600,1690,1540,1670,83000
2003-03-07,927,1540,1610,1520,1540,51100
2003-03-10,885,1470,1560,1460,1510,60500
2003-03-11,824,1370,1420,1350,1420,86100
2003-03-12,843,1400,1440,1360,1400,203000
2003-03-13,800,1330,1420,1320,1400,142100
2003-03-14,843,1400,1480,1350,1400,867100
2003-03-17,788,1310,1390,1240,1390,389700
2003-03-18,855,1420,1440,1340,1400,306600
2003-03-19,867,1440,1470,1380,1390,225100
2003-03-20,927,1540,1550,1440,1440,310000
2003-03-21,927,1540,1560,1510,1560,165200
2003-03-24,921,1530,1580,1500,1570,229700
2003-03-25,861,1430,1490,1400,1460,141900
2003-03-26,903,1500,1560,1440,1450,272400
2003-03-27,903,1500,1520,1470,1500,54200
2003-03-28,975,1620,1630,1520,1520,344700
2003-03-31,945,1570,1620,1550,1620,141000
2003-04-01,999,1660,1710,1560,1580,490400
2003-04-02,999,1660,1690,1630,1650,239100
2003-04-03,975,1620,1720,1620,1710,186600
2003-04-04,975,1620,1640,1570,1620,102800
2003-04-07,1053,1750,1790,1640,1640,262000
2003-04-08,1095,1820,1850,1710,1730,272400
2003-04-09,1059,1760,1810,1730,1790,158800
2003-04-10,1065,1770,1800,1720,1730,105000
2003-04-11,1107,1840,1860,1770,1770,222100
2003-04-14,1138,1890,1900,1820,1880,103600
2003-04-15,1101,1830,1920,1830,1890,299100
2003-04-16,1120,1860,1900,1820,1890,356100
2003-04-17,1113,1850,1980,1850,1850,348100
2003-04-18,1144,1900,1920,1850,1910,243500
2003-04-21,1156,1920,1940,1860,1890,235200
2003-04-22,1138,1890,1970,1870,1890,151700
2003-04-23,1113,1850,1970,1830,1900,609900
2003-04-24,1107,1840,1850,1800,1840,144800
2003-04-25,1083,1800,1840,1620,1780,273800
2003-04-28,1041,1730,1780,1670,1670,175100
2003-04-29,1071,1780,1800,1740,1780,124000
2003-04-30,1041,1730,1790,1730,1760,44300
2003-05-02,1059,1760,1770,1720,1770,20700
2003-05-06,1059,1760,1790,1760,1780,65600
2003-05-07,1071,1780,1800,1760,1760,85100
2003-05-09,1053,1750,1770,1710,1750,171800
2003-05-12,1047,1740,1780,1710,1780,125300
2003-05-13,1035,1720,1770,1720,1760,142600
2003-05-14,1017,1690,1740,1690,1700,73100
2003-05-15,1029,1710,1730,1690,1700,79900
2003-05-16,1029,1710,1730,1680,1710,207100
2003-05-19,999,1660,1730,1660,1730,43400
2003-05-20,1023,1700,1720,1660,1720,40600
2003-05-21,1011,1680,1720,1670,1680,45800
2003-05-22,975,1620,1700,1610,1660,85900
2003-05-23,981,1630,1670,1600,1660,96200
2003-05-26,1035,1720,1720,1630,1650,201800
2003-05-27,1023,1700,1760,1680,1740,53400
2003-05-28,1083,1800,1800,1700,1720,268300
2003-05-29,1059,1760,1820,1720,1820,49500
2003-05-30,1035,1720,1830,1720,1780,187300
2003-06-02,1023,1700,1750,1690,1720,212200
2003-06-03,999,1660,1720,1650,1720,106700
2003-06-04,999,1660,1700,1640,1660,62700
2003-06-05,1011,1680,1690,1660,1670,54300
2003-06-09,1023,1700,1720,1670,1670,71800
2003-06-10,1023,1700,1710,1680,1710,96500
2003-06-11,1126,1870,1900,1790,1790,1125500
2003-06-12,1126,1870,1930,1810,1910,325900
2003-06-13,1180,1960,2020,1850,1870,562000
2003-06-16,1162,1930,1970,1900,1920,203600
2003-06-17,1240,2060,2140,2000,2030,761100
2003-06-18,1210,2010,2150,1980,2100,449100
2003-06-19,1216,2020,2100,1970,2060,247500
2003-06-20,1186,1970,1980,1890,1930,276100
2003-06-23,1174,1950,2080,1940,2050,373100
2003-06-24,1138,1890,1950,1870,1900,183900
2003-06-25,1150,1910,1950,1890,1890,129400
2003-06-26,1186,1970,2010,1900,1900,166400
2003-06-27,1252,2080,2080,1980,1980,320100
2003-06-30,1294,2150,2150,2000,2080,325700
2003-07-01,1294,2150,2170,2100,2170,156100
2003-07-02,1270,2110,2190,2100,2160,206800
2003-07-03,1222,2030,2160,2020,2130,217600
2003-07-04,1264,2100,2260,1980,2010,1063900
2003-07-07,1264,2100,2130,2050,2100,287500
2003-07-08,1252,2080,2130,2070,2120,246000
2003-07-09,1306,2170,2180,2070,2090,281500
2003-07-10,1330,2210,2310,2200,2220,675600
2003-07-11,1306,2170,2230,2100,2210,207200
2003-07-14,1354,2250,2340,2190,2200,444300
2003-07-15,1294,2150,2320,2140,2260,304100
2003-07-16,1270,2110,2200,2110,2180,113000
2003-07-18,1198,1990,2060,1970,2020,205100
2003-07-21,1144,1900,2030,1890,1960,120000
2003-07-22,1144,1900,1940,1855,1855,64700
2003-07-23,1153,1915,1960,1910,1910,75800
2003-07-24,1150,1910,1950,1880,1880,133900
2003-07-25,1156,1920,2000,1910,2000,77100
2003-07-28,1192,1980,1990,1925,1940,296200
2003-07-29,1150,1910,1980,1890,1980,149300
2003-07-30,1120,1860,1930,1855,1910,182400
2003-07-31,1113,1850,1880,1835,1835,108500
2003-08-01,1147,1905,1910,1870,1870,110300
2003-08-04,1144,1900,1900,1850,1860,54100
2003-08-05,1132,1880,1930,1870,1880,69300
2003-08-06,1083,1800,1865,1800,1835,109900
2003-08-07,1132,1880,1880,1800,1810,66900
2003-08-08,1141,1895,2090,1860,1910,358800
2003-08-11,1120,1860,1905,1845,1895,51500
2003-08-12,1210,2010,2040,1900,1900,781400
2003-08-13,1210,2010,2070,1990,2070,256200
2003-08-14,1216,2020,2060,2000,2020,286100
2003-08-18,1258,2090,2105,2010,2050,278000
2003-08-19,1279,2125,2170,2100,2140,388100
2003-08-20,1228,2040,2175,2015,2150,326000
2003-08-21,1270,2110,2130,2030,2030,269100
2003-08-22,1234,2050,2165,2050,2110,173500
2003-08-25,1219,2025,2050,2015,2020,97500
2003-08-26,1219,2025,2035,1970,2025,279600
2003-08-27,1240,2060,2095,1990,2050,158100
2003-08-28,1222,2030,2080,2005,2075,89600
2003-08-29,1258,2090,2090,2000,2020,172600
2003-09-01,1273,2115,2165,2085,2130,519600
2003-09-02,1273,2115,2150,2080,2130,146000
2003-09-03,1300,2160,2225,2100,2140,757900
2003-09-04,1246,2070,2190,2060,2190,221200
2003-09-05,1240,2060,2100,2040,2080,179000
2003-09-08,1171,1945,2040,1945,2030,198500
2003-09-09,1228,2040,2040,1945,1945,149700
2003-09-15,1198,1990,2060,1985,1985,85500
2003-09-16,1201,1995,2010,1980,2010,61600
2003-09-17,1195,1985,2035,1970,2010,128400
2003-09-18,1159,1925,1980,1920,1970,154800
2003-09-19,1147,1905,1975,1900,1945,115000
2003-09-22,1065,1770,1880,1750,1865,172400
2003-09-23,1047,1740,1750,1685,1730,128000
2003-09-24,1059,1760,1820,1750,1750,47200
2003-09-25,1047,1740,1760,1700,1740,81800
2003-09-26,1026,1705,1755,1705,1710,47600
2003-09-29,1023,1700,1720,1670,1700,71500
2003-09-30,1059,1760,1765,1710,1750,104400
2003-10-01,1059,1760,1780,1710,1710,57400
2003-10-02,1071,1780,1850,1760,1795,91700
2003-10-06,1077,1790,1820,1760,1800,31700
2003-10-07,1068,1775,1810,1750,1810,59800
2003-10-08,1053,1750,1795,1715,1750,40200
2003-10-09,1047,1740,1770,1720,1745,39400
2003-10-10,1059,1760,1765,1715,1730,131300
2003-10-13,1059,1760,1765,1730,1760,57400
2003-10-14,1071,1780,1810,1760,1760,87300
2003-10-15,1059,1760,1800,1740,1800,57100
2003-10-16,1071,1780,1805,1750,1760,61600
2003-10-17,1089,1810,1810,1770,1785,96700
2003-10-20,1083,1800,1850,1785,1800,174200
2003-10-21,1059,1760,1825,1730,1810,79800
2003-10-22,1041,1730,1760,1705,1760,101000
2003-10-23,1017,1690,1700,1655,1700,129400
2003-10-24,1005,1670,1700,1660,1660,70100
2003-10-27,1023,1700,1750,1660,1660,94600
2003-10-28,1029,1710,1740,1675,1700,70200
2003-10-29,1017,1690,1745,1680,1740,80100
2003-10-30,990,1645,1690,1645,1670,116800
2003-10-31,972,1615,1670,1615,1645,72100
2003-11-03,963,1600,1640,1585,1585,75500
2003-11-04,963,1600,1615,1580,1610,136100
2003-11-05,996,1655,1655,1600,1600,105300
2003-11-06,963,1600,1660,1600,1660,115600
2003-11-07,969,1610,1630,1590,1610,100800
2003-11-10,951,1580,1620,1580,1610,65900
2003-11-11,921,1530,1600,1515,1600,122800
2003-11-12,936,1555,1555,1510,1515,64400
2003-11-13,987,1640,1650,1570,1570,230800
2003-11-14,1023,1700,1750,1640,1655,354700
2003-11-17,999,1660,1690,1630,1680,117000
2003-11-18,1023,1700,1735,1680,1700,186700
2003-11-19,993,1650,1685,1645,1680,77300
2003-11-20,996,1655,1680,1645,1680,59900
2003-11-21,1011,1680,1680,1625,1625,67500
2003-11-24,927,1540,1650,1540,1635,118800
2003-11-25,972,1615,1700,1570,1590,299300
2003-11-26,978,1625,1645,1605,1605,104100
2003-11-27,993,1650,1665,1625,1640,83000
2003-11-28,990,1645,1680,1630,1665,73500
2003-12-01,1032,1715,1750,1630,1630,260500
2003-12-02,1017,1690,1740,1685,1740,65500
2003-12-03,1047,1740,1775,1715,1730,261600
2003-12-04,1056,1755,1765,1715,1715,94200
2003-12-05,1053,1750,1750,1720,1745,78000
2003-12-08,1035,1720,1750,1705,1705,37100
2003-12-09,1038,1725,1750,1705,1750,62300
2003-12-10,1023,1700,1720,1685,1700,81400
2003-12-11,1038,1725,1745,1685,1685,100800
2003-12-12,1059,1760,1790,1725,1725,111800
2003-12-15,1065,1770,1800,1760,1780,73100
2003-12-16,1056,1755,1760,1730,1760,113400
2003-12-17,1023,1700,1755,1680,1750,89700
2003-12-18,1023,1700,1725,1685,1690,85100
2003-12-19,1020,1695,1715,1675,1685,72700
2003-12-22,1050,1745,1800,1720,1760,118500
2003-12-23,1044,1735,1760,1715,1760,62600
2003-12-24,1044,1735,1740,1700,1710,47800
2003-12-26,1038,1725,1730,1685,1685,60900
2003-12-29,1041,1655,1720,1650,1670,67300
2003-12-30,1057,1680,1700,1655,1660,111200
2004-01-02,1057,1680,1695,1660,1670,36500
2004-01-05,1026,1630,1690,1620,1665,72800
2004-01-06,1026,1630,1640,1615,1620,54700
2004-01-07,1022,1625,1640,1600,1610,71800
2004-01-08,1026,1630,1650,1605,1625,114200
2004-01-09,1029,1635,1650,1605,1625,76400
2004-01-12,1019,1620,1635,1610,1615,78800
2004-01-13,1007,1600,1630,1590,1630,86000
2004-01-14,1000,1590,1615,1575,1595,77800
2004-01-15,994,1580,1595,1570,1580,42700
2004-01-16,969,1540,1585,1535,1585,46900
2004-01-19,988,1570,1570,1535,1535,31000
2004-01-20,994,1580,1640,1535,1535,206700
2004-01-26,994,1580,1600,1555,1565,59200
2004-01-27,994,1580,1595,1570,1590,27700
2004-01-28,994,1580,1610,1565,1565,59800
2004-01-29,991,1575,1595,1550,1595,70300
2004-01-30,982,1560,1570,1540,1565,46100
2004-02-02,950,1510,1565,1510,1540,64400
2004-02-03,953,1515,1530,1500,1515,54400
2004-02-04,988,1570,1580,1490,1510,197200
2004-02-05,1013,1610,1630,1560,1580,218200
2004-02-06,1004,1595,1595,1570,1590,64300
2004-02-09,1019,1620,1635,1585,1605,127100
2004-02-10,975,1550,1610,1550,1595,84100
2004-02-11,1004,1595,1640,1580,1630,157900
2004-02-12,994,1580,1620,1560,1590,78900
2004-02-13,1010,1605,1620,1590,1615,165500
2004-02-16,1004,1595,1620,1580,1590,64800
2004-02-17,994,1580,1610,1570,1595,84100
2004-02-18,1000,1590,1605,1575,1575,55700
2004-02-19,1013,1610,1620,1585,1585,84100
2004-02-20,1041,1655,1660,1595,1595,203700
2004-02-23,1026,1630,1680,1610,1675,109400
2004-02-24,997,1585,1630,1580,1630,116600
2004-02-25,982,1560,1595,1560,1580,117500
2004-02-26,978,1555,1575,1555,1570,39100
2004-02-27,975,1550,1570,1540,1545,31400
2004-03-02,988,1570,1585,1560,1560,41400
2004-03-03,1000,1590,1590,1565,1575,65100
2004-03-04,997,1585,1600,1565,1595,55800
2004-03-05,1000,1590,1670,1575,1585,374200
2004-03-08,982,1560,1610,1560,1600,106600
2004-03-09,988,1570,1575,1540,1540,116500
2004-03-10,978,1555,1580,1545,1570,90100
2004-03-11,982,1560,1570,1545,1550,26300
2004-03-12,931,1480,1560,1410,1560,131800
2004-03-15,928,1475,1495,1470,1475,47300
2004-03-16,925,1470,1480,1430,1455,28300
2004-03-17,931,1480,1520,1450,1450,27000
2004-03-18,934,1485,1505,1470,1480,50300
2004-03-19,953,1515,1515,1480,1490,38900
2004-03-22,938,1490,1510,1480,1505,30200
2004-03-23,938,1490,1495,1460,1480,23400
2004-03-24,938,1490,1500,1480,1480,10600
2004-03-25,919,1460,1495,1430,1480,40100
2004-03-26,931,1480,1495,1460,1460,58300
2004-03-29,938,1490,1500,1480,1500,26800
2004-03-30,928,1475,1500,1460,1500,34400
2004-03-31,931,1480,1480,1460,1470,54800
2004-04-01,922,1465,1480,1460,1480,39300
2004-04-02,928,1475,1490,1470,1475,73700
2004-04-06,938,1490,1505,1475,1490,49800
2004-04-07,950,1510,1515,1485,1495,41000
2004-04-08,953,1515,1530,1500,1515,50300
2004-04-09,950,1510,1520,1490,1515,63700
2004-04-12,950,1510,1515,1485,1485,84200
2004-04-13,934,1485,1510,1475,1510,66300
2004-04-14,994,1580,1600,1470,1470,547200
2004-04-16,997,1585,1640,1520,1585,262800
2004-04-19,1026,1630,1645,1590,1600,163900
2004-04-20,1045,1660,1680,1600,1610,354000
2004-04-21,1035,1645,1660,1620,1640,70900
2004-04-22,1026,1630,1655,1620,1630,68000
2004-04-23,1073,1705,1705,1605,1640,221600
2004-04-26,1070,1700,1750,1670,1705,204600
2004-04-27,1060,1685,1690,1660,1690,82900
2004-04-28,1010,1605,1680,1605,1675,106000
2004-04-29,985,1565,1590,1545,1580,123700
2004-04-30,969,1540,1560,1500,1520,70000
2004-05-03,966,1535,1560,1510,1560,68600
2004-05-04,966,1535,1580,1530,1530,104400
2004-05-06,919,1460,1550,1455,1540,87700
2004-05-07,903,1435,1480,1430,1440,144300
2004-05-10,875,1390,1440,1370,1420,79000
2004-05-11,890,1415,1425,1350,1350,51400
2004-05-12,893,1420,1460,1410,1415,68900
2004-05-13,884,1405,1430,1385,1430,53100
2004-05-14,881,1400,1420,1380,1400,45200
2004-05-17,780,1240,1400,1240,1395,62700
2004-05-18,777,1235,1300,1220,1220,112300
2004-05-19,821,1305,1320,1250,1285,81500
2004-05-20,793,1260,1310,1250,1280,42700
2004-05-21,802,1275,1295,1265,1270,43600
2004-05-24,824,1310,1315,1280,1280,21200
2004-05-25,808,1285,1315,1270,1280,38800
2004-05-27,827,1315,1320,1285,1295,49300
2004-05-28,837,1330,1360,1300,1315,47300
2004-05-31,834,1325,1350,1300,1350,27300
2004-06-01,834,1325,1345,1320,1325,12000
2004-06-02,830,1320,1345,1310,1315,25600
2004-06-03,805,1280,1335,1265,1325,44200
2004-06-04,821,1305,1310,1280,1295,16000
2004-06-07,830,1320,1325,1305,1305,8900
2004-06-08,824,1310,1330,1290,1330,45000
2004-06-09,827,1315,1330,1300,1310,43800
2004-06-10,827,1315,1330,1305,1310,20700
2004-06-11,837,1330,1330,1290,1315,70000
2004-06-14,849,1350,1385,1330,1345,93200
2004-06-15,881,1400,1420,1320,1340,79400
2004-06-16,881,1400,1450,1380,1400,54100
2004-06-17,881,1400,1440,1395,1410,59800
2004-06-18,890,1415,1420,1380,1390,44600
2004-06-21,881,1400,1430,1390,1430,20900
2004-06-22,884,1405,1420,1380,1400,24000
2004-06-23,871,1385,1410,1385,1410,33900
2004-06-24,922,1465,1500,1385,1385,56200
2004-06-25,909,1445,1460,1430,1435,3400
2004-06-28,912,1450,1480,1420,1430,14500
2004-06-29,938,1490,1530,1480,1485,49500
2004-06-30,953,1515,1520,1495,1515,26500
2004-07-01,956,1520,1535,1500,1500,14700
2004-07-02,953,1515,1515,1485,1495,35200
2004-07-05,947,1505,1515,1490,1510,10700
2004-07-06,950,1510,1580,1495,1495,82300
2004-07-07,941,1495,1520,1480,1480,21800
2004-07-08,934,1485,1510,1480,1510,27900
2004-07-09,944,1500,1510,1480,1485,27900
2004-07-12,956,1520,1530,1485,1510,12900
2004-07-13,960,1525,1640,1520,1580,142000
2004-07-14,931,1480,1555,1480,1530,52800
2004-07-15,928,1475,1495,1420,1465,33500
2004-07-16,922,1465,1470,1420,1430,36800
2004-07-19,963,1530,1600,1480,1480,161900
2004-07-20,934,1485,1540,1460,1540,48300
2004-07-21,944,1500,1505,1455,1485,37900
2004-07-22,925,1470,1510,1470,1470,5100
2004-07-23,931,1480,1490,1460,1470,13500
2004-07-26,922,1465,1490,1465,1490,15700
2004-07-27,928,1475,1480,1440,1460,32800
2004-07-28,919,1460,1480,1450,1450,12600
2004-07-29,897,1425,1475,1300,1450,18700
2004-07-30,897,1425,1435,1395,1400,7500
2004-08-02,900,1430,1430,1400,1420,9500
2004-08-03,906,1440,1450,1400,1420,29000
2004-08-04,897,1425,1475,1400,1440,24500
2004-08-05,893,1420,1455,1400,1430,15700
2004-08-06,909,1445,1460,1400,1430,31500
2004-08-09,900,1430,1435,1415,1420,5000
2004-08-10,900,1430,1450,1405,1450,24000
2004-08-11,903,1435,1445,1410,1445,9300
2004-08-12,915,1455,1480,1425,1460,30900
2004-08-13,922,1465,1465,1425,1440,18400
2004-08-16,912,1450,1475,1440,1440,5000
2004-08-17,944,1500,1520,1450,1450,25700
2004-08-18,969,1540,1540,1480,1500,58200
2004-08-19,988,1570,1580,1505,1510,119500
2004-08-20,988,1570,1570,1535,1565,18700
2004-08-23,953,1515,1580,1515,1580,30100
2004-08-24,969,1540,1550,1500,1505,30600
2004-08-25,966,1535,1540,1500,1530,9400
2004-08-26,969,1540,1555,1520,1520,29900
2004-08-27,956,1520,1550,1510,1550,16800
2004-08-30,956,1520,1535,1515,1520,14600
2004-08-31,963,1530,1530,1505,1505,13500
2004-09-01,963,1530,1555,1515,1540,34700
2004-09-02,956,1520,1545,1430,1520,34600
2004-09-03,969,1540,1540,1485,1510,29600
2004-09-06,963,1530,1540,1510,1540,9900
2004-09-07,950,1510,1535,1505,1535,17800
2004-09-08,956,1520,1550,1500,1505,21700
2004-09-09,944,1500,1525,1500,1520,29200
2004-09-10,950,1510,1525,1500,1500,24700
2004-09-13,953,1515,1520,1500,1500,18800
2004-09-14,950,1510,1525,1500,1500,27800
2004-09-15,941,1495,1525,1490,1510,26600
2004-09-16,978,1555,1560,1490,1490,59100
2004-09-17,963,1530,1555,1520,1555,1200
2004-09-20,960,1525,1605,1500,1500,193000
2004-09-21,969,1540,1550,1520,1550,44400
2004-09-22,953,1515,1545,1505,1525,16100
2004-09-23,1000,1590,1590,1485,1485,112200
2004-09-24,988,1570,1610,1555,1590,27600
2004-09-30,1026,1630,1640,1570,1580,112600
2004-10-01,1038,1650,1650,1600,1630,119500
2004-10-04,1060,1685,1790,1615,1650,360800
2004-10-05,1057,1680,1710,1655,1710,68800
2004-10-06,1057,1680,1710,1655,1680,55700
2004-10-07,1057,1680,1695,1655,1660,23000
2004-10-08,1070,1700,1700,1620,1675,54900
2004-10-11,1070,1700,1700,1640,1700,24600
2004-10-12,1063,1690,1700,1665,1700,12100
2004-10-13,1054,1675,1700,1650,1695,36700
2004-10-14,1045,1660,1675,1630,1655,33600
2004-10-15,1032,1640,1660,1620,1620,26900
2004-10-18,1038,1650,1665,1640,1655,29300
2004-10-19,1067,1695,1695,1655,1665,34300
2004-10-20,1057,1680,1705,1660,1685,21500
2004-10-21,1045,1660,1695,1640,1660,27600
2004-10-22,1038,1650,1675,1630,1630,23500
2004-10-25,1032,1640,1645,1620,1630,11200
2004-10-26,1041,1655,1655,1620,1620,10200
2004-10-27,1041,1655,1675,1640,1655,54900
2004-10-28,1070,1700,1710,1650,1650,123200
2004-10-29,1089,1730,1735,1670,1675,163600
2004-11-01,1085,1725,1755,1705,1735,73000
2004-11-02,1107,1760,1780,1725,1725,143800
2004-11-03,1123,1785,1790,1700,1740,146000
2004-11-04,1120,1780,1860,1740,1785,267000
2004-11-05,1107,1760,1820,1730,1780,97200
2004-11-08,1107,1760,1780,1740,1780,32800
2004-11-09,1089,1730,1760,1715,1730,20700
2004-11-10,1104,1755,1755,1705,1730,55200
2004-11-11,1104,1755,1755,1730,1755,15200
2004-11-12,1101,1750,1760,1720,1740,38000
2004-11-15,1089,1730,1770,1730,1750,57200
2004-11-16,1082,1720,1745,1705,1720,71700
2004-11-17,1098,1745,1790,1705,1720,151100
2004-11-18,1079,1715,1735,1700,1720,66600
2004-11-19,1085,1725,1725,1705,1725,49800
2004-11-22,1057,1680,1715,1670,1690,37100
2004-11-23,1070,1700,1705,1670,1670,47700
2004-11-24,1076,1710,1715,1680,1680,39200
2004-11-25,1070,1700,1720,1690,1710,63000
2004-11-26,1032,1640,1700,1585,1700,80400
2004-11-29,1029,1635,1640,1600,1635,27000
2004-11-30,1019,1620,1640,1620,1635,4700
2004-12-01,1019,1620,1640,1620,1625,9900
2004-12-02,1026,1630,1650,1625,1640,40800
2004-12-03,1038,1650,1655,1620,1620,28300
2004-12-06,1063,1690,1695,1595,1650,180300
2004-12-07,1054,1675,1690,1640,1665,30900
2004-12-08,1057,1680,1685,1660,1660,9100
2004-12-09,1051,1670,1685,1655,1655,7700
2004-12-10,1041,1655,1680,1620,1655,55500
2004-12-13,1035,1645,1655,1625,1625,39200
2004-12-14,1041,1655,1655,1630,1645,18300
2004-12-15,1054,1675,1700,1645,1660,58100
2004-12-16,1057,1680,1685,1660,1675,23100
2004-12-17,1060,1685,1690,1645,1660,61000
2004-12-20,1057,1680,1685,1665,1670,18900
2004-12-21,1070,1700,1700,1670,1680,17900
2004-12-22,1089,1730,1760,1685,1700,127400
2004-12-23,1060,1685,1730,1670,1730,124000
2004-12-24,1070,1700,1700,1670,1700,37100
2004-12-27,1076,1710,1710,1670,1700,47100
2004-12-28,1070,1700,1710,1690,1705,51400
2004-12-29,1090,1630,1670,1600,1660,35400
2004-12-30,1093,1635,1650,1605,1610,33100
2005-01-03,1090,1630,1655,1625,1625,18400
2005-01-04,1093,1635,1650,1630,1635,34800
2005-01-05,1090,1630,1645,1630,1635,18700
2005-01-06,1120,1675,1710,1635,1635,149600
2005-01-07,1167,1745,1750,1680,1680,174000
2005-01-10,1237,1850,1860,1745,1755,304600
2005-01-11,1203,1800,1840,1770,1830,156100
2005-01-12,1183,1770,1815,1765,1810,83700
2005-01-13,1163,1740,1790,1730,1790,99900
2005-01-14,1183,1770,1780,1720,1720,113200
2005-01-17,1237,1850,1880,1790,1820,204600
2005-01-18,1197,1790,1875,1780,1845,103900
2005-01-19,1190,1780,1820,1760,1770,142600
2005-01-20,1193,1785,1855,1770,1815,251700
2005-01-21,1250,1870,1880,1775,1775,174500
2005-01-24,1304,1950,1950,1840,1895,576400
2005-01-25,1270,1900,1960,1850,1960,262500
2005-01-26,1230,1840,1920,1805,1900,309400
2005-01-27,1214,1815,1855,1790,1850,125700
2005-01-28,1210,1810,1840,1775,1810,161600
2005-01-31,1237,1850,1860,1810,1840,102600
2005-02-01,1250,1870,1875,1825,1840,130500
2005-02-02,1287,1925,1955,1885,1900,416000
2005-02-03,1270,1900,1925,1870,1920,86400
2005-02-04,1334,1995,2015,1885,1905,383000
2005-02-07,1344,2010,2080,1970,2000,272600
2005-02-11,1321,1975,2030,1970,1980,131700
2005-02-14,1331,1990,2110,1975,1985,640200
2005-02-15,1327,1985,2020,1970,2010,215900
2005-02-16,1314,1965,2020,1960,2000,360500
2005-02-17,1337,2000,2040,1960,1960,139700
2005-02-18,1361,2035,2035,1980,1985,270400
2005-02-21,1407,2105,2170,2075,2140,565400
2005-02-22,1374,2055,2145,2040,2115,320600
2005-02-23,1344,2010,2050,1980,2045,179400
2005-02-24,1468,2195,2240,2025,2025,462100
2005-02-25,1464,2190,2300,2155,2230,220500
2005-02-28,1451,2170,2260,2150,2260,136600
2005-03-02,1491,2230,2285,2155,2190,242300
2005-03-03,1531,2290,2365,2210,2270,336000
2005-03-04,1535,2295,2350,2250,2270,208100
2005-03-07,1504,2250,2360,2240,2330,144400
2005-03-08,1451,2170,2315,2120,2315,109400
2005-03-09,1484,2220,2220,2080,2110,113600
2005-03-10,1504,2250,2330,2185,2185,199000
2005-03-11,1504,2250,2330,2225,2225,98100
2005-03-14,1585,2370,2410,2215,2215,485300
2005-03-15,1585,2370,2480,2335,2400,356500
2005-03-16,1538,2300,2420,2250,2420,163000
2005-03-17,1504,2250,2345,2210,2250,183800
2005-03-18,1458,2180,2300,2140,2260,194400
2005-03-21,1371,2050,2160,2050,2155,120200
2005-03-22,1407,2105,2140,2050,2050,55600
2005-03-23,1414,2115,2210,2080,2080,207900
2005-03-24,1377,2060,2190,2050,2120,115300
2005-03-25,1384,2070,2110,2050,2085,79700
2005-03-28,1391,2080,2210,2070,2125,144700
2005-03-29,1391,2080,2120,2050,2090,102700
2005-03-30,1371,2050,2080,2010,2030,71000
2005-03-31,1361,2035,2100,2030,2080,101100
2005-04-01,1367,2045,2090,2030,2035,154300
2005-04-04,1367,2045,2070,2030,2030,137500
2005-04-06,1401,2095,2100,2050,2085,117700
2005-04-07,1397,2090,2100,2070,2095,42600
2005-04-08,1434,2145,2145,2095,2130,157400
2005-04-11,1498,2240,2250,2145,2185,277800
2005-04-12,1471,2200,2240,2165,2215,167800
2005-04-13,1478,2210,2225,2180,2200,91300
2005-04-14,1448,2165,2190,2115,2150,98100
2005-04-15,1384,2070,2140,2060,2090,78000
2005-04-18,1337,2000,2070,1950,2030,66100
2005-04-19,1351,2020,2050,2000,2000,58400
2005-04-20,1391,2080,2095,2040,2095,56400
2005-04-21,1364,2040,2080,2010,2080,30700
2005-04-22,1418,2120,2120,2050,2090,86400
2005-04-25,1441,2155,2160,2105,2130,23200
2005-04-26,1421,2125,2220,2090,2110,161500
2005-04-27,1371,2050,2110,2020,2095,41600
2005-04-28,1344,2010,2090,2010,2045,88200
2005-04-29,1331,1990,2030,1990,2000,37200
2005-05-02,1321,1975,2015,1970,2000,50400
2005-05-03,1334,1995,2040,1950,1970,48300
2005-05-04,1371,2050,2050,1980,1980,36600
2005-05-06,1431,2140,2175,2050,2090,124000
2005-05-09,1371,2050,2140,2045,2140,72300
2005-05-10,1431,2140,2180,2100,2120,122100
2005-05-11,1381,2065,2160,2065,2100,63400
2005-05-12,1384,2070,2100,2055,2055,37700
2005-05-13,1387,2075,2080,2040,2045,8400
2005-05-16,1404,2100,2150,2075,2075,21700
2005-05-17,1384,2070,2140,2020,2100,45700
2005-05-19,1428,2135,2145,2100,2125,64400
2005-05-20,1407,2105,2145,2085,2145,29500
2005-05-23,1407,2105,2135,2085,2135,23400
2005-05-24,1418,2120,2120,2050,2090,40800
2005-05-25,1451,2170,2245,2130,2130,271700
2005-05-26,1431,2140,2200,2130,2150,50200
2005-05-27,1464,2190,2190,2145,2165,100100
2005-05-30,1478,2210,2210,2150,2200,49900
2005-05-31,1481,2215,2215,2160,2205,63000
2005-06-01,1458,2180,2210,2180,2210,30000
2005-06-02,1458,2180,2200,2160,2170,81600
2005-06-03,1438,2150,2170,2145,2160,37500
2005-06-07,1431,2140,2150,2100,2130,26300
2005-06-08,1424,2130,2140,2115,2120,50700
2005-06-09,1461,2185,2185,2110,2115,71800
2005-06-10,1458,2180,2270,2170,2185,96500
2005-06-13,1454,2175,2205,2170,2205,35600
2005-06-14,1431,2140,2175,2130,2170,39000
2005-06-15,1431,2140,2150,2100,2140,61500
2005-06-16,1434,2145,2185,2125,2130,14100
2005-06-17,1444,2160,2190,2145,2190,49100
2005-06-20,1441,2155,2180,2140,2140,36800
2005-06-21,1421,2125,2180,2120,2140,21900
2005-06-22,1454,2175,2185,2130,2130,47700
2005-06-23,1464,2190,2190,2160,2190,43200
2005-06-24,1464,2190,2190,2145,2180,39800
2005-06-27,1438,2150,2190,2130,2190,62000
2005-06-28,1431,2140,2170,2120,2120,17600
2005-06-29,1444,2160,2165,2130,2140,97800
2005-06-30,1474,2205,2235,2150,2150,118900
2005-07-01,1504,2250,2265,2175,2185,119900
2005-07-04,1561,2335,2335,2245,2255,150400
2005-07-05,1521,2275,2360,2275,2340,70000
2005-07-06,1511,2260,2300,2220,2280,118300
2005-07-07,1535,2295,2310,2255,2260,86900
2005-07-08,1508,2255,2335,2250,2300,223700
2005-07-11,1535,2295,2355,2275,2300,145500
2005-07-12,1525,2280,2350,2270,2340,103300
2005-07-13,1504,2250,2315,2250,2280,84500
2005-07-14,1508,2255,2275,2235,2245,116800
2005-07-15,1531,2290,2290,2240,2250,102500
2005-07-18,1645,2460,2520,2400,2400,481700
2005-07-19,1581,2365,2480,2365,2425,148700
2005-07-20,1632,2440,2475,2365,2400,202300
2005-07-21,1682,2515,2630,2390,2440,291200
2005-07-22,1672,2500,2530,2415,2470,156200
2005-07-25,1826,2730,2745,2430,2435,421000
2005-07-26,1832,2740,2780,2630,2700,205300
2005-07-27,1789,2675,2800,2670,2700,133200
2005-07-28,1762,2635,2730,2620,2665,141400
2005-07-29,1795,2685,2700,2610,2700,93000
2005-08-01,1839,2750,2770,2620,2620,93800
2005-08-02,1805,2700,2750,2615,2735,74000
2005-08-03,1752,2620,2710,2620,2630,64600
2005-08-04,1759,2630,2685,2505,2600,52800
2005-08-05,1692,2530,2605,2505,2605,75100
2005-08-08,1675,2505,2590,2495,2515,29700
2005-08-09,1712,2560,2575,2450,2470,34500
2005-08-10,1725,2580,2600,2510,2510,43300
2005-08-11,1772,2650,2650,2580,2605,47300
2005-08-12,1789,2675,2680,2590,2650,52500
2005-08-16,1745,2610,2680,2540,2675,57400
2005-08-17,1702,2545,2600,2450,2550,63400
2005-08-18,1685,2520,2590,2470,2520,100800
2005-08-19,1625,2430,2470,2415,2470,45700
2005-08-22,1682,2515,2555,2435,2435,19700
2005-08-23,1665,2490,2495,2420,2495,50800
2005-08-24,1625,2430,2455,2400,2430,63500
2005-08-25,1625,2430,2500,2420,2430,66200
2005-08-26,1628,2435,2490,2420,2430,106100
2005-08-29,1625,2430,2500,2395,2500,84700
2005-08-30,1635,2445,2490,2400,2420,58900
2005-08-31,1618,2420,2430,2410,2430,26300
2005-09-01,1652,2470,2470,2400,2400,194400
2005-09-02,1652,2470,2500,2395,2440,46600
2005-09-05,1611,2410,2470,2400,2470,53400
2005-09-06,1591,2380,2430,2360,2365,68100
2005-09-07,1591,2380,2415,2365,2400,57500
2005-09-08,1608,2405,2410,2365,2390,66600
2005-09-09,1595,2385,2425,2380,2400,36700
2005-09-12,1548,2315,2400,2295,2395,145200
2005-09-13,1561,2335,2335,2300,2320,68900
2005-09-14,1561,2335,2335,2290,2325,103700
2005-09-15,1561,2335,2340,2295,2295,58700
2005-09-16,1598,2390,2390,2300,2315,61000
2005-09-20,1611,2410,2435,2365,2385,89400
2005-09-21,1615,2415,2450,2385,2450,66700
2005-09-22,1638,2450,2485,2400,2415,66700
2005-09-23,1652,2470,2480,2430,2450,72900
2005-09-26,1739,2600,2640,2480,2480,155400
2005-09-27,1769,2645,2680,2520,2600,73200
2005-09-28,1782,2665,2700,2585,2690,54900
2005-09-29,1819,2720,2730,2595,2635,98100
2005-09-30,1826,2730,2760,2610,2755,108500
2005-10-04,1839,2750,2760,2680,2690,73900
2005-10-05,1775,2655,2740,2655,2705,68600
2005-10-06,1785,2670,2680,2550,2610,77400
2005-10-07,1862,2785,2785,2625,2635,180700
2005-10-10,1839,2750,2835,2725,2755,48700
2005-10-11,1836,2745,2845,2740,2800,45100
2005-10-12,1812,2710,2810,2710,2780,78800
2005-10-13,1779,2660,2700,2610,2700,49500
2005-10-14,1802,2695,2700,2605,2650,64300
2005-10-17,1752,2620,2720,2555,2720,30100
2005-10-18,1719,2570,2670,2530,2570,65100
2005-10-19,1672,2500,2550,2425,2540,50800
2005-10-20,1678,2510,2530,2480,2480,24000
2005-10-21,1655,2475,2570,2430,2430,33200
2005-10-24,1675,2505,2550,2470,2470,38500
2005-10-25,1688,2525,2595,2500,2520,56700
2005-10-26,1685,2520,2530,2480,2530,33300
2005-10-27,1698,2540,2560,2495,2530,41300
2005-10-28,1805,2700,2700,2450,2450,54700
2005-10-31,1772,2650,2695,2590,2650,38800
2005-11-01,1725,2580,2690,2575,2650,26300
2005-11-02,1742,2605,2625,2585,2625,9600
2005-11-03,1722,2575,2620,2565,2585,25500
2005-11-04,1719,2570,2590,2525,2550,33300
2005-11-07,1698,2540,2565,2500,2565,31700
2005-11-08,1712,2560,2570,2525,2525,27600
2005-11-09,1789,2675,2685,2530,2530,107100
2005-11-10,1829,2735,2745,2610,2675,115300
2005-11-11,1846,2760,2820,2735,2790,100000
2005-11-14,1926,2880,3080,2760,2785,468700
2005-11-15,1959,2930,2960,2830,2900,105900
2005-11-16,1916,2865,2930,2845,2930,109800
2005-11-17,1869,2795,2845,2750,2795,101800
2005-11-18,1923,2875,2885,2765,2765,55400
2005-11-21,1959,2930,3070,2895,2975,160600
2005-11-22,2250,3365,3365,3240,3240,697100
2005-11-23,2300,3440,3790,3370,3450,1680200
2005-11-24,2407,3600,3680,3450,3550,716800
2005-11-25,2257,3375,3700,3365,3700,442100
2005-11-28,2130,3185,3380,3140,3255,425200
2005-11-29,2060,3080,3285,3055,3185,231700
2005-11-30,2113,3160,3230,3110,3120,215000
2005-12-01,2170,3245,3285,3050,3115,336400
2005-12-02,2197,3285,3370,3230,3350,325400
2005-12-05,2157,3225,3370,3050,3310,322600
2005-12-06,2147,3210,3300,3150,3250,284500
2005-12-07,2116,3165,3235,3120,3210,129400
2005-12-08,2020,3020,3155,2950,3130,205600
2005-12-09,2013,3010,3100,2955,2960,88900
2005-12-12,2056,3075,3130,3010,3010,86900
2005-12-13,2060,3080,3110,3010,3090,94000
2005-12-14,2046,3060,3175,3060,3100,180400
2005-12-15,1993,2980,3095,2970,3030,119200
2005-12-16,1939,2900,2980,2850,2980,137100
2005-12-19,1956,2925,2970,2810,2810,115900
2005-12-20,1916,2865,2980,2860,2930,114900
2005-12-21,1926,2880,2920,2835,2900,132700
2005-12-22,1899,2840,2935,2780,2900,147200
2005-12-23,1876,2805,2810,2700,2800,89400
2005-12-26,1939,2900,2900,2790,2835,95200
2005-12-27,1923,2875,2980,2830,2890,136000
2005-12-28,1946,2850,2870,2770,2870,92000
2005-12-29,1946,2850,2870,2775,2800,94900
2006-01-02,2035,2980,2980,2830,2830,118600
2006-01-03,2042,2990,3030,2910,2935,84900
2006-01-04,2069,3030,3030,2960,2990,135200
2006-01-05,2049,3000,3050,2950,3005,159500
2006-01-06,2110,3090,3090,2945,3000,165900
2006-01-09,2045,2995,3170,2965,3170,89800
2006-01-10,1967,2880,3050,2850,3000,104100
2006-01-11,2049,3000,3200,2800,2875,187300
2006-01-12,2110,3090,3330,2960,2970,436400
2006-01-13,2049,3000,3145,2970,3080,96200
2006-01-16,2172,3180,3180,2950,3010,124700
2006-01-17,2199,3220,3590,3130,3200,528000
2006-01-18,2151,3150,3350,3000,3350,183700
2006-01-19,2165,3170,3220,3060,3060,111700
2006-01-20,2015,2950,3275,2870,3170,368400
2006-01-23,1810,2650,2930,2600,2785,173600
2006-01-24,1701,2490,2630,2370,2550,303700
2006-01-25,1755,2570,2655,2460,2490,166400
2006-01-26,1810,2650,2730,2570,2730,59600
2006-01-27,1827,2675,2800,2640,2660,56900
2006-01-31,1864,2730,2765,2690,2705,52400
2006-02-01,1789,2620,2780,2510,2745,110000
2006-02-02,1762,2580,2680,2520,2610,49000
2006-02-03,1673,2450,2580,2415,2500,86400
2006-02-06,1625,2380,2450,2325,2400,94600
2006-02-07,1619,2370,2440,2350,2350,76200
2006-02-08,1625,2380,2425,2355,2355,63200
2006-02-09,1724,2525,2550,2380,2380,72700
2006-02-10,1844,2700,2720,2530,2530,109100
2006-02-13,1837,2690,2800,2560,2800,32200
2006-02-14,1837,2690,2725,2540,2660,28100
2006-02-15,1844,2700,2740,2600,2690,31000
2006-02-16,1878,2750,2750,2605,2605,40100
2006-02-17,1813,2655,2780,2560,2780,48200
2006-02-20,1837,2690,2710,2600,2710,21500
2006-02-21,1810,2650,2700,2610,2610,14100
2006-02-22,1817,2660,2700,2600,2610,17800
2006-02-23,1776,2600,2690,2600,2690,89900
2006-02-24,1748,2560,2640,2505,2600,24200
2006-02-27,1735,2540,2580,2520,2520,17300
2006-02-28,1765,2585,2585,2510,2550,20500
2006-03-02,1844,2700,2700,2590,2590,57600
2006-03-03,1854,2715,2730,2610,2645,48300
2006-03-06,1854,2715,2715,2630,2700,7200
2006-03-07,1741,2550,2715,2550,2715,33800
2006-03-08,1769,2590,2595,2500,2550,33800
2006-03-09,1735,2540,2640,2540,2640,16700
2006-03-10,1718,2515,2530,2495,2505,49200
2006-03-13,1759,2575,2575,2530,2530,25100
2006-03-14,1731,2535,2570,2480,2540,62500
2006-03-15,1673,2450,2535,2450,2535,40000
2006-03-16,1595,2335,2465,2300,2465,83200
2006-03-17,1537,2250,2345,2205,2290,152200
2006-03-20,1560,2285,2335,2260,2285,50000
2006-03-21,1560,2285,2300,2265,2265,55300
2006-03-22,1554,2275,2280,2230,2260,115400
2006-03-23,1554,2275,2335,2250,2275,54500
2006-03-24,1530,2240,2260,2235,2240,56200
2006-03-27,1560,2285,2355,2265,2300,56000
2006-03-28,1574,2305,2325,2280,2310,61900
2006-03-29,1701,2490,2490,2285,2305,104900
2006-03-30,1663,2435,2500,2380,2500,63000
2006-03-31,1666,2440,2485,2400,2445,41300
2006-04-03,1680,2460,2475,2420,2420,15100
2006-04-04,1649,2415,2480,2400,2445,43900
2006-04-05,1656,2425,2450,2405,2405,24800
2006-04-06,1653,2420,2450,2400,2450,33800
2006-04-07,1639,2400,2460,2385,2460,34700
2006-04-10,1636,2395,2435,2360,2360,18900
2006-04-11,1639,2400,2410,2365,2365,23600
2006-04-12,1649,2415,2435,2370,2370,36800
2006-04-13,1653,2420,2445,2415,2445,35000
2006-04-14,1683,2465,2580,2400,2465,179200
2006-04-17,1701,2490,2590,2475,2500,139400
2006-04-18,1738,2545,2600,2505,2530,72400
2006-04-19,1789,2620,2680,2550,2550,198600
2006-04-20,1854,2715,2720,2620,2680,91300
2006-04-21,1864,2730,2845,2680,2720,176500
2006-04-24,1748,2560,2735,2560,2670,34900
2006-04-25,1755,2570,2630,2530,2630,28100
2006-04-26,1810,2650,2650,2565,2570,27400
2006-04-27,1827,2675,2690,2625,2635,12600
2006-04-28,1782,2610,2660,2560,2660,25700
2006-05-02,1769,2590,2630,2545,2630,7700
2006-05-03,1830,2680,2695,2560,2650,86900
2006-05-04,1762,2580,2680,2560,2680,46300
2006-05-08,1762,2580,2630,2535,2560,57100
2006-05-09,1731,2535,2615,2535,2595,38800
2006-05-10,1673,2450,2600,2450,2600,82900
2006-05-11,1639,2400,2490,2385,2490,81400
2006-05-12,1625,2380,2395,2350,2370,37000
2006-05-15,1619,2370,2390,2345,2355,84900
2006-05-16,1632,2390,2545,2355,2355,135700
2006-05-17,1619,2370,2410,2320,2390,89900
2006-05-18,1612,2360,2390,2310,2375,31800
2006-05-19,1619,2370,2370,2300,2300,8300
2006-05-22,1605,2350,2420,2335,2335,12900
2006-05-23,1584,2320,2360,2300,2350,50100
2006-05-24,1598,2340,2375,2300,2375,7900
2006-05-25,1588,2325,2365,2260,2365,33600
2006-05-26,1598,2340,2365,2310,2365,12900
2006-05-29,1605,2350,2400,2205,2400,4400
2006-05-30,1591,2330,2380,2295,2295,12600
2006-06-01,1537,2250,2370,2250,2295,34300
2006-06-02,1537,2250,2355,2190,2355,57200
2006-06-05,1516,2220,2250,2120,2120,700
2006-06-07,1427,2090,2185,2090,2150,32700
2006-06-08,1431,2095,2140,2090,2090,21400
2006-06-09,1427,2090,2180,2025,2030,25700
2006-06-12,1455,2130,2135,2070,2090,3900
2006-06-13,1427,2090,2120,2080,2120,1200
2006-06-14,1455,2130,2130,2040,2130,1400
2006-06-15,1441,2110,2130,2055,2130,3200
2006-06-16,1444,2115,2170,2070,2110,23500
2006-06-19,1424,2085,2135,2045,2135,4700
2006-06-20,1414,2070,2130,2070,2130,500
2006-06-21,1455,2130,2270,2070,2125,37300
2006-06-22,1485,2175,2200,2110,2195,5700
2006-06-23,1516,2220,2240,2125,2240,9600
2006-06-26,1482,2170,2290,2050,2220,17800
2006-06-27,1516,2220,2220,2130,2130,4400
2006-06-28,1516,2220,2230,2195,2230,5900
2006-06-29,1523,2230,2230,2170,2230,2500
2006-06-30,1530,2240,2250,2240,2245,17700
2006-07-03,1509,2210,2260,2210,2230,30200
2006-07-04,1502,2200,2270,2105,2270,6400
2006-07-05,1441,2110,2200,2110,2200,18800
2006-07-06,1427,2090,2165,2070,2165,7900
2006-07-07,1448,2120,2180,2070,2080,3400
2006-07-10,1482,2170,2170,2100,2100,15100
2006-07-11,1458,2135,2195,2125,2195,6900
2006-07-12,1424,2085,2180,2085,2180,10300
2006-07-13,1424,2085,2115,2000,2050,8700
2006-07-14,1400,2050,2120,2040,2085,15900
2006-07-18,1407,2060,2085,2000,2085,200
2006-07-19,1400,2050,2090,2000,2090,2300
2006-07-20,1400,2050,2055,1975,2030,11000
2006-07-21,1373,2010,2090,2000,2090,11700
2006-07-24,1373,2010,2010,1980,2010,4500
2006-07-25,1393,2040,2050,2000,2050,3400
2006-07-26,1420,2080,2080,2005,2005,1500
2006-07-27,1414,2070,2100,2035,2100,3200
2006-07-28,1431,2095,2100,2050,2050,12300
2006-07-31,1444,2115,2170,2055,2170,7000
2006-08-01,1444,2115,2145,2015,2145,5800
2006-08-02,1437,2105,2140,2090,2140,6800
2006-08-03,1434,2100,2145,2060,2145,200
2006-08-04,1461,2140,2145,2100,2145,12300
2006-08-07,1458,2135,2190,2060,2160,2800
2006-08-08,1441,2110,2150,2050,2130,15600
2006-08-09,1543,2260,2400,2080,2080,434400
2006-08-10,1557,2280,2330,2245,2330,120100
2006-08-11,1533,2245,2300,2230,2300,55200
2006-08-14,1550,2270,2310,2225,2240,40800
2006-08-16,1639,2400,2415,2280,2300,126300
2006-08-17,1707,2500,2515,2365,2445,234000
2006-08-18,1707,2500,2530,2415,2495,150800
2006-08-21,1632,2390,2485,2335,2485,131400
2006-08-22,1608,2355,2405,2330,2350,20500
2006-08-23,1605,2350,2355,2310,2355,21100
2006-08-24,1612,2360,2425,2325,2425,7600
2006-08-25,1673,2450,2460,2375,2410,78200
2006-08-28,1823,2670,2700,2425,2450,253200
2006-08-29,1827,2675,2835,2595,2700,138300
2006-08-30,1820,2665,2730,2560,2615,51200
2006-08-31,1765,2585,2690,2585,2690,38600
2006-09-01,1776,2600,2625,2535,2585,37400
2006-09-04,1823,2670,2670,2590,2660,34300
2006-09-05,1823,2670,2690,2600,2625,23700
2006-09-06,1800,2635,2690,2610,2690,11200
2006-09-07,1793,2625,2660,2565,2660,19000
2006-09-08,1776,2600,2630,2575,2630,20900
2006-09-11,1776,2600,2600,2550,2550,10800
2006-09-12,1772,2595,2650,2535,2640,50400
2006-09-13,1707,2500,2595,2500,2560,28200
2006-09-14,1735,2540,2545,2480,2500,27000
2006-09-15,1704,2495,2550,2460,2490,35700
2006-09-18,1707,2500,2525,2495,2495,13300
2006-09-19,1759,2575,2580,2480,2510,41300
2006-09-20,1741,2550,2590,2525,2590,20500
2006-09-21,1741,2550,2590,2540,2590,18300
2006-09-22,1796,2630,2700,2565,2620,144900
2006-09-25,1741,2550,2680,2515,2680,78000
2006-09-26,1714,2510,2550,2465,2550,43500
2006-09-27,1697,2485,2540,2460,2460,17700
2006-09-28,1677,2455,2500,2420,2420,22200
2006-09-29,1687,2470,2495,2450,2455,23200
2006-10-02,1663,2435,2500,2400,2470,40200
2006-10-04,1639,2400,2490,2350,2400,30400
2006-10-09,1567,2295,2415,2210,2415,55100
2006-10-10,1526,2235,2300,2200,2200,112700
2006-10-11,1499,2195,2240,2165,2240,87200
2006-10-12,1526,2235,2280,2170,2200,49800
2006-10-13,1550,2270,2290,2220,2255,40300
2006-10-16,1537,2250,2300,2200,2300,80400
2006-10-17,1523,2230,2280,2200,2250,30100
2006-10-18,1550,2270,2270,2220,2235,32300
2006-10-19,1533,2245,2285,2220,2285,23400
2006-10-20,1547,2265,2365,2235,2235,115500
2006-10-23,1557,2280,2305,2265,2265,35000
2006-10-24,1571,2300,2340,2290,2290,31700
2006-10-25,1571,2300,2335,2300,2325,14300
2006-10-26,1571,2300,2340,2270,2340,14800
2006-10-27,1560,2285,2330,2265,2330,24800
2006-10-30,1564,2290,2300,2260,2300,9100
2006-10-31,1564,2290,2310,2280,2280,15100
2006-11-01,1595,2335,2335,2305,2305,38700
2006-11-02,1554,2275,2340,2275,2340,26800
2006-11-03,1547,2265,2310,2235,2280,61800
2006-11-06,1578,2310,2355,2270,2285,44500
2006-11-07,1578,2310,2335,2295,2335,67900
2006-11-08,1560,2285,2335,2280,2315,56600
2006-11-09,1591,2330,2335,2270,2305,45000
2006-11-10,1578,2310,2335,2290,2305,44400
2006-11-13,1571,2300,2320,2290,2295,7900
2006-11-14,1608,2355,2390,2305,2330,56800
2006-11-15,1605,2350,2370,2335,2350,32000
2006-11-16,1578,2310,2350,2305,2350,25700
2006-11-17,1574,2305,2330,2280,2330,17300
2006-11-20,1547,2265,2320,2260,2305,17500
2006-11-21,1550,2270,2290,2250,2265,8600
2006-11-22,1550,2270,2280,2265,2270,31000
2006-11-23,1537,2250,2280,2240,2280,27500
2006-11-24,1537,2250,2270,2230,2270,19600
2006-11-27,1502,2200,2235,2180,2235,74100
2006-11-28,1513,2215,2230,2185,2200,6800
2006-11-29,1516,2220,2230,2200,2220,13400
2006-11-30,1526,2235,2240,2210,2240,8300
2006-12-01,1523,2230,2240,2210,2240,15200
2006-12-04,1523,2230,2240,2220,2230,9900
2006-12-05,1519,2225,2230,2220,2230,17200
2006-12-06,1513,2215,2235,2190,2235,28800
2006-12-07,1506,2205,2235,2180,2215,26100
2006-12-08,1468,2150,2205,2150,2205,21900
2006-12-11,1441,2110,2180,2110,2170,17000
2006-12-12,1427,2090,2125,2030,2115,28000
2006-12-13,1427,2090,2120,2050,2050,16500
2006-12-14,1458,2135,2150,2090,2100,38900
2006-12-15,1482,2170,2170,2135,2135,20000
2006-12-18,1509,2210,2235,2165,2170,44400
2006-12-19,1509,2210,2215,2175,2195,26600
2006-12-20,1526,2235,2255,2200,2225,61900
2006-12-21,1543,2260,2280,2235,2240,45500
2006-12-22,1543,2260,2275,2250,2275,48800
2006-12-26,1564,2290,2290,2260,2290,48100
2006-12-27,1564,2230,2290,2230,2290,3900
2006-12-28,1578,2250,2275,2210,2230,43000
2007-01-02,1553,2215,2250,2210,2220,7000
2007-01-03,1508,2150,2220,2130,2205,25100
2007-01-04,1504,2145,2190,2140,2140,5700
2007-01-05,1511,2155,2170,2055,2120,24800
2007-01-08,1480,2110,2155,2075,2155,25300
2007-01-09,1487,2120,2155,2115,2155,13400
2007-01-10,1494,2130,2140,2080,2140,19000
2007-01-11,1487,2120,2145,2100,2145,1900
2007-01-12,1452,2070,2140,2055,2135,60100
2007-01-15,1459,2080,2120,2075,2080,34500
2007-01-16,1438,2050,2095,2040,2070,39600
2007-01-17,1413,2015,2040,1980,2025,190600
2007-01-18,1406,2005,2025,1995,2000,96700
2007-01-19,1406,2005,2030,1985,1990,45200
2007-01-22,1427,2035,2045,1980,2000,33800
2007-01-23,1413,2015,2030,1995,2000,22900
2007-01-24,1410,2010,2035,1990,2020,27200
2007-01-25,1431,2040,2070,2010,2020,31000
2007-01-26,1406,2005,2035,1990,2020,22300
2007-01-29,1410,2010,2015,2000,2015,7600
2007-01-30,1410,2010,2025,2000,2020,13400
2007-01-31,1417,2020,2025,2005,2010,18500
2007-02-01,1427,2035,2045,2020,2020,28000
2007-02-02,1469,2095,2095,2030,2035,35400
2007-02-05,1431,2040,2095,2040,2090,38200
2007-02-06,1403,2000,2050,1980,2050,72200
2007-02-07,1420,2025,2025,2000,2000,29200
2007-02-08,1403,2000,2025,1995,2005,39300
2007-02-09,1378,1965,2010,1955,2000,62600
2007-02-12,1374,1960,1980,1905,1970,70800
2007-02-13,1374,1960,1980,1945,1965,34000
2007-02-14,1392,1985,1990,1950,1960,39000
2007-02-15,1399,1995,2020,1990,2005,48300
2007-02-16,1396,1990,1995,1975,1995,14400
2007-02-20,1357,1935,1970,1915,1960,46800
2007-02-21,1360,1940,1945,1910,1910,60600
2007-02-22,1367,1950,1950,1925,1930,107300
2007-02-23,1403,2000,2010,1920,1950,126000
2007-02-26,1396,1990,2030,1970,2030,26800
2007-02-27,1396,1990,1995,1980,1995,17000
2007-02-28,1381,1970,1985,1960,1970,41500
2007-03-05,1406,2005,2025,1960,1970,71600
2007-03-06,1420,2025,2035,2000,2000,31200
2007-03-07,1438,2050,2050,2010,2035,42400
2007-03-08,1462,2085,2100,2015,2030,44000
2007-03-09,1434,2045,2085,2030,2055,28100
2007-03-12,1424,2030,2060,2025,2045,28900
2007-03-13,1448,2065,2065,2015,2025,48700
2007-03-14,1445,2060,2075,2030,2035,21800
2007-03-15,1445,2060,2075,2050,2060,28200
2007-03-16,1501,2140,2140,2060,2060,75800
2007-03-19,1550,2210,2215,2100,2160,107300
2007-03-20,1529,2180,2240,2155,2230,70600
2007-03-21,1539,2195,2250,2105,2200,124200
2007-03-22,1543,2200,2220,2180,2195,21700
2007-03-23,1501,2140,2210,2120,2210,62600
2007-03-26,1497,2135,2150,2115,2120,34300
2007-03-27,1564,2230,2280,2100,2110,145400
2007-03-28,1550,2210,2260,2185,2260,36800
2007-03-29,1529,2180,2215,2165,2190,18100
2007-03-30,1536,2190,2230,2170,2195,24700
2007-04-02,1543,2200,2250,2175,2190,40700
2007-04-03,1550,2210,2240,2190,2200,28000
2007-04-04,1550,2210,2250,2180,2210,65000
2007-04-05,1553,2215,2245,2205,2245,31100
2007-04-06,1560,2225,2250,2195,2250,55300
2007-04-09,1616,2305,2315,2230,2250,148500
2007-04-10,1606,2290,2325,2275,2280,41900
2007-04-11,1581,2255,2320,2250,2320,49100
2007-04-12,1581,2255,2300,2220,2270,39400
2007-04-13,1557,2220,2270,2210,2260,41100
2007-04-16,1557,2220,2250,2195,2235,60500
2007-04-17,1567,2235,2250,2215,2240,61400
2007-04-18,1546,2205,2255,2190,2250,29600
2007-04-19,1518,2165,2220,2135,2205,68300
2007-04-20,1508,2150,2200,2150,2165,23200
2007-04-23,1494,2130,2165,2130,2150,45400
2007-04-24,1459,2080,2135,2050,2135,99200
2007-04-25,1431,2040,2090,2040,2090,102600
2007-04-26,1522,2170,2210,2045,2050,146100
2007-04-27,1529,2180,2230,2150,2180,37100
2007-04-30,1525,2175,2185,2140,2180,29200
2007-05-02,1543,2200,2240,2180,2220,69000
2007-05-03,1550,2210,2225,2200,2210,27600
2007-05-04,1539,2195,2240,2170,2230,30700
2007-05-07,1525,2175,2205,2160,2185,23100
2007-05-08,1508,2150,2200,2125,2175,41500
2007-05-09,1487,2120,2150,2100,2150,30600
2007-05-10,1490,2125,2155,2120,2130,52100
2007-05-11,1508,2150,2175,2130,2130,25700
2007-05-14,1613,2300,2300,2155,2155,157800
2007-05-15,1620,2310,2335,2255,2300,130600
2007-05-16,1638,2335,2340,2255,2300,145900
2007-05-17,1659,2365,2370,2280,2345,104300
2007-05-18,1620,2310,2375,2300,2360,26900
2007-05-21,1616,2305,2310,2265,2310,23000
2007-05-22,1578,2250,2310,2225,2305,61800
2007-05-23,1571,2240,2285,2220,2255,17800
2007-05-25,1592,2270,2270,2230,2230,36900
2007-05-28,1599,2280,2315,2255,2315,19100
2007-05-29,1641,2340,2385,2270,2330,134000
2007-05-30,1659,2365,2400,2325,2360,123300
2007-05-31,1652,2355,2385,2320,2385,34400
2007-06-01,1641,2340,2385,2310,2385,46600
2007-06-04,1595,2275,2365,2255,2365,42900
2007-06-05,1567,2235,2290,2230,2280,38700
2007-06-07,1599,2280,2350,2225,2250,92800
2007-06-08,1613,2300,2320,2260,2280,67000
2007-06-11,1602,2285,2335,2270,2335,64200
2007-06-12,1599,2280,2320,2250,2250,46600
2007-06-13,1599,2280,2320,2270,2290,95100
2007-06-14,1606,2290,2405,2275,2305,196900
2007-06-15,1602,2285,2325,2285,2310,89000
2007-06-18,1687,2405,2445,2290,2295,172200
2007-06-19,1851,2640,2725,2430,2480,871500
2007-06-20,1746,2490,2645,2470,2605,280800
2007-06-21,1746,2490,2585,2425,2490,190300
2007-06-22,1697,2420,2545,2390,2545,154100
2007-06-25,1722,2455,2500,2380,2380,99800
2007-06-26,1732,2470,2485,2360,2455,92400
2007-06-27,1676,2390,2460,2390,2420,46300
2007-06-28,1697,2420,2480,2400,2400,34500
2007-06-29,1687,2405,2495,2370,2450,112700
2007-07-02,1757,2505,2515,2395,2430,151200
2007-07-03,1753,2500,2590,2440,2530,132200
2007-07-04,1788,2550,2560,2455,2510,129100
2007-07-05,1806,2575,2625,2515,2550,100300
2007-07-06,1841,2625,2630,2545,2595,110600
2007-07-09,1841,2625,2680,2610,2610,98700
2007-07-10,1816,2590,2640,2520,2630,150700
2007-07-11,1813,2585,2615,2550,2580,49200
2007-07-12,1816,2590,2615,2565,2600,86300
2007-07-13,1925,2745,2835,2600,2600,267400
2007-07-16,1946,2775,2850,2715,2755,103100
2007-07-18,1939,2765,2875,2750,2790,162700
2007-07-19,1953,2785,2835,2770,2795,119600
2007-07-20,1978,2820,2830,2770,2815,81800
2007-07-23,1957,2790,2840,2740,2810,112100
2007-07-24,1974,2815,2815,2720,2750,107500
2007-07-25,1967,2805,2830,2760,2815,97000
2007-07-26,1936,2760,2825,2760,2800,36800
2007-07-27,1901,2710,2745,2620,2620,147100
2007-07-30,1925,2745,2795,2650,2690,29100
2007-07-31,1964,2800,2800,2735,2745,21000
2007-08-01,1953,2785,2800,2750,2790,73200
2007-08-02,1929,2750,2785,2715,2760,101200
2007-08-03,1936,2760,2770,2730,2745,19600
2007-08-06,1904,2715,2770,2650,2720,30300
2007-08-07,1851,2640,2720,2635,2720,65000
2007-08-08,1894,2700,2700,2635,2640,31000
2007-08-09,1925,2745,2745,2660,2660,48900
2007-08-10,1897,2705,2750,2680,2745,27900
2007-08-14,2065,2945,3100,2840,2840,323000
2007-08-16,1873,2670,2995,2665,2975,205200
2007-08-17,1897,2705,2900,2670,2670,41500
2007-08-20,1943,2770,2880,2740,2740,37600
2007-08-21,1967,2805,2890,2730,2770,49400
2007-08-22,1967,2805,2865,2755,2840,62700
2007-08-23,2034,2900,2940,2805,2815,74800
2007-08-24,2104,3000,3000,2885,2930,84700
2007-08-27,2072,2955,3070,2950,3030,45600
2007-08-28,2104,3000,3050,2850,2850,54300
2007-08-29,2065,2945,2990,2880,2885,49800
2007-08-30,2069,2950,2995,2860,2995,37400
2007-08-31,2069,2950,2960,2870,2900,31900
2007-09-03,2055,2930,2950,2890,2950,36100
2007-09-04,2020,2880,2940,2850,2900,45500
2007-09-05,2037,2905,2990,2885,2885,56600
2007-09-06,2030,2895,2915,2850,2870,25300
2007-09-07,2020,2880,2935,2850,2865,14400
2007-09-10,1925,2745,2855,2740,2855,24100
2007-09-11,1964,2800,2820,2740,2740,19400
2007-09-12,1964,2800,2850,2730,2810,14500
2007-09-13,1932,2755,2800,2725,2750,33900
2007-09-14,1960,2795,2800,2710,2800,26400
2007-09-17,1922,2740,2795,2710,2795,9500
2007-09-18,1901,2710,2770,2685,2720,13200
2007-09-19,1876,2675,2780,2675,2730,9700
2007-09-20,1851,2640,2700,2600,2680,12000
2007-09-21,1820,2595,2645,2560,2645,9100
2007-09-27,1820,2595,2660,2595,2610,17800
2007-09-28,1806,2575,2670,2570,2595,11900
2007-10-01,1823,2600,2630,2550,2550,28900
2007-10-02,1844,2630,2640,2600,2620,23300
2007-10-04,1820,2595,2645,2585,2585,21600
2007-10-05,1823,2600,2630,2565,2630,26100
2007-10-08,1816,2590,2620,2565,2620,11900
2007-10-09,1816,2590,2595,2530,2575,25900
2007-10-10,1816,2590,2610,2540,2610,12700
2007-10-11,1809,2580,2585,2505,2560,3200
2007-10-12,1743,2485,2575,2485,2575,38800
2007-10-15,1680,2395,2520,2315,2520,24300
2007-10-16,1624,2315,2405,2235,2405,28300
2007-10-17,1655,2360,2400,2125,2250,66600
2007-10-18,1641,2340,2385,2290,2350,25700
2007-10-19,1645,2345,2400,2315,2400,4700
2007-10-22,1546,2205,2310,2170,2300,23800
2007-10-23,1543,2200,2260,2175,2185,46000
2007-10-24,1525,2175,2230,2170,2215,20500
2007-10-25,1543,2200,2225,2120,2225,21700
2007-10-26,1543,2200,2200,2180,2200,2300
2007-10-29,1511,2155,2205,2155,2200,12500
2007-10-30,1518,2165,2185,2105,2185,28400
2007-10-31,1546,2205,2235,2160,2165,21900
2007-11-01,1536,2190,2240,2190,2210,23100
2007-11-02,1571,2240,2335,2150,2150,103100
2007-11-05,1627,2320,2420,2215,2215,25200
2007-11-06,1606,2290,2340,2265,2340,12000
2007-11-07,1613,2300,2345,2230,2345,10300
2007-11-08,1631,2325,2360,2210,2350,21200
2007-11-09,1676,2390,2500,2275,2325,21000
2007-11-12,1648,2350,2425,2255,2425,18800
2007-11-13,1613,2300,2360,2290,2360,29800
2007-11-14,1616,2305,2330,2300,2330,99400
2007-11-15,1620,2310,2335,2270,2305,11300
2007-11-16,1613,2300,2335,2265,2335,15200
2007-11-19,1592,2270,2310,2255,2255,5100
2007-11-20,1529,2180,2330,2180,2330,25100
2007-11-21,1543,2200,2240,2180,2180,21200
2007-11-22,1525,2175,2240,2175,2240,9600
2007-11-23,1515,2160,2250,2125,2150,9200
2007-11-26,1543,2200,2210,2140,2210,23800
2007-11-27,1567,2235,2250,2140,2200,5200
2007-11-28,1567,2235,2270,2235,2250,5700
2007-11-29,1574,2245,2260,2210,2230,9800
2007-11-30,1578,2250,2285,2250,2260,22500
2007-12-03,1595,2275,2290,2200,2290,13400
2007-12-04,1557,2220,2275,2220,2275,5200
2007-12-05,1543,2200,2245,2180,2185,7700
2007-12-06,1557,2220,2235,2200,2200,7700
2007-12-07,1543,2200,2220,2200,2220,2700
2007-12-10,1543,2200,2220,2190,2220,7600
2007-12-11,1578,2250,2270,2195,2200,13600
2007-12-12,1571,2240,2250,2195,2250,17700
2007-12-13,1585,2260,2260,2220,2250,9900
2007-12-14,1683,2400,2475,2250,2250,31000
2007-12-17,1743,2485,2485,2380,2420,6700
2007-12-18,1743,2485,2485,2410,2485,11200
2007-12-20,1743,2485,2490,2350,2485,4100
2007-12-21,1739,2480,2485,2400,2420,6700
2007-12-24,1736,2475,2480,2430,2430,1100
2007-12-26,1746,2490,2490,2365,2480,5300
2007-12-27,1750,2445,2500,2420,2500,4100
2007-12-28,1682,2350,2500,2350,2470,13813
2008-01-02,1646,2300,2465,2300,2425,6811
2008-01-03,1750,2445,2480,2285,2330,3448
2008-01-04,1710,2390,2480,2350,2445,709
2008-01-07,1718,2400,2400,2390,2390,159
2008-01-08,1607,2245,2400,2245,2345,6111
2008-01-09,1610,2250,2285,2165,2240,1750
2008-01-10,1539,2150,2250,2140,2240,45162
2008-01-11,1539,2150,2165,2105,2140,6141
2008-01-14,1517,2120,2150,2090,2100,8376
2008-01-15,1489,2080,2145,2025,2145,9278
2008-01-16,1417,1980,2070,1980,2070,22446
2008-01-17,1403,1960,2000,1960,1960,18152
2008-01-18,1456,2035,2045,1990,1990,93
2008-01-21,1431,2000,2065,2000,2040,16434
2008-01-22,1421,1985,2000,1910,2000,981
2008-01-23,1410,1970,1970,1855,1970,99871
2008-01-24,1424,1990,1995,1945,1960,21895
2008-01-25,1449,2025,2025,1970,2010,4099
2008-01-28,1446,2020,2035,1970,2025,1413
2008-01-29,1438,2010,2020,1975,2020,571
2008-01-30,1438,2010,2010,1975,2000,50
2008-01-31,1428,1995,2030,1800,2030,1497
2008-02-01,1428,1995,2020,1930,2020,140
2008-02-04,1428,1995,2035,1935,1985,5029
2008-02-05,1424,1990,2050,1980,1985,5545
2008-02-11,1438,2010,2025,1960,2025,266
2008-02-12,1392,1945,2025,1945,2010,3656
2008-02-13,1388,1940,1990,1940,1970,3088
2008-02-14,1424,1990,1990,1925,1940,636
2008-02-15,1431,2000,2000,1970,1990,5148
2008-02-18,1424,1990,2025,1950,2000,26585
2008-02-19,1417,1980,1990,1955,1990,1286
2008-02-20,1410,1970,1980,1945,1980,2107
2008-02-21,1392,1945,1985,1940,1985,496
2008-02-22,1392,1945,1970,1940,1960,1505
2008-02-25,1392,1945,1965,1925,1965,1257
2008-02-26,1381,1930,1970,1930,1970,11793
2008-02-27,1374,1920,1930,1890,1930,52440
2008-02-28,1360,1900,1940,1900,1920,1608
2008-02-29,1367,1910,1910,1850,1900,4219
2008-03-03,1356,1895,1910,1835,1890,3523
2008-03-04,1342,1875,1920,1855,1915,3170
2008-03-05,1381,1930,1930,1900,1930,1215
2008-03-06,1403,1960,1960,1910,1935,10754
2008-03-07,1392,1945,1960,1935,1960,4192
2008-03-10,1399,1955,2000,1950,1950,16660
2008-03-11,1428,1995,2000,1950,2000,3719
2008-03-12,1395,1950,1995,1950,1955,5125
2008-03-13,1410,1970,1985,1950,1950,66
2008-03-14,1410,1970,1975,1925,1975,495
2008-03-17,1378,1925,1965,1900,1925,673
2008-03-18,1381,1930,1955,1900,1955,403
2008-03-19,1381,1930,1930,1900,1920,1870
2008-03-20,1317,1840,1900,1835,1835,2061
2008-03-21,1324,1850,1870,1845,1850,2502
2008-03-24,1338,1870,1880,1830,1880,1030
2008-03-25,1267,1770,1855,1770,1810,20231
2008-03-26,1299,1815,1820,1770,1800,7297
2008-03-27,1302,1820,1845,1815,1825,3376
2008-03-28,1302,1820,1835,1820,1820,3320
2008-03-31,1292,1805,1845,1805,1810,2044
2008-04-01,1295,1810,1850,1795,1845,4397
2008-04-02,1320,1845,1850,1800,1835,10007
2008-04-03,1295,1810,1850,1770,1825,52018
2008-04-04,1295,1810,1820,1780,1800,8255
2008-04-07,1295,1810,1815,1785,1815,29289
2008-04-08,1310,1830,1860,1810,1810,7244
2008-04-10,1324,1850,1885,1820,1855,26219
2008-04-11,1320,1845,1865,1845,1850,116641
2008-04-14,1313,1835,1870,1830,1845,75572
2008-04-15,1342,1875,1875,1835,1835,5742
2008-04-16,1338,1870,1885,1865,1875,11547
2008-04-17,1345,1880,1895,1865,1890,18310
2008-04-18,1349,1885,1885,1865,1865,8653
2008-04-21,1363,1905,1995,1855,1855,19945
2008-04-22,1345,1880,1920,1845,1845,18172
2008-04-23,1406,1965,1995,1880,1880,18906
2008-04-24,1410,1970,1990,1950,1960,5433
2008-04-25,1356,1895,1985,1860,1905,84508
2008-04-28,1356,1895,1930,1860,1930,4630
2008-04-29,1331,1860,1890,1850,1860,9777
2008-04-30,1338,1870,1910,1870,1895,2616
2008-05-02,1342,1875,1880,1865,1880,12269
2008-05-06,1410,1970,2040,1870,1885,121455
2008-05-07,1403,1960,2020,1945,2020,33445
2008-05-08,1456,2035,2250,1950,1960,234370
2008-05-09,1460,2040,2085,2000,2035,100275
2008-05-13,1417,1980,2070,1980,2040,44895
2008-05-14,1417,1980,2020,1940,1980,56776
2008-05-15,1435,2005,2040,1980,1980,48011
2008-05-16,1650,2305,2305,2010,2050,545837
2008-05-19,1682,2350,2590,2220,2490,695129
2008-05-20,1718,2400,2460,2260,2400,293913
2008-05-21,1557,2175,2475,2170,2380,217087
2008-05-22,1557,2175,2235,2095,2130,101657
2008-05-23,1664,2325,2350,2130,2200,123180
2008-05-26,1653,2310,2370,2170,2275,85977
2008-05-27,1589,2220,2325,2180,2325,59819
2008-05-28,1639,2290,2290,2195,2200,58177
2008-05-29,1721,2405,2465,2275,2390,210038
2008-05-30,1718,2400,2445,2315,2445,73164
2008-06-02,1596,2230,2400,2200,2400,89001
2008-06-03,1532,2140,2245,2095,2245,87780
2008-06-04,1539,2150,2250,2085,2170,51524
2008-06-05,1539,2150,2165,2125,2155,32191
2008-06-09,1510,2110,2190,2065,2100,94915
2008-06-10,1492,2085,2175,2075,2175,77178
2008-06-11,1528,2135,2145,2085,2085,30388
2008-06-12,1506,2105,2130,2075,2130,42951
2008-06-13,1489,2080,2115,2055,2105,14482
2008-06-16,1517,2120,2130,2060,2110,35074
2008-06-17,1496,2090,2145,2070,2135,40923
2008-06-18,1514,2115,2155,2100,2155,28798
2008-06-19,1499,2095,2135,2095,2120,21192
2008-06-20,1553,2170,2250,2100,2100,95210
2008-06-23,1553,2170,2195,2135,2170,78378
2008-06-24,1589,2220,2295,2170,2190,108808
2008-06-25,1621,2265,2280,2220,2280,18717
2008-06-26,1596,2230,2290,2190,2235,38461
2008-06-27,1549,2165,2295,2130,2190,22734
2008-06-30,1546,2160,2195,2140,2185,4690
2008-07-01,1546,2160,2170,2115,2170,21538
2008-07-02,1517,2120,2230,2080,2160,24840
2008-07-03,1510,2110,2135,2010,2135,34861
2008-07-04,1517,2120,2145,2090,2090,27563
2008-07-07,1517,2120,2175,2080,2090,20570
2008-07-08,1421,1985,2170,1955,2170,91134
2008-07-09,1428,1995,2085,1995,2080,27578
2008-07-10,1428,1995,2045,1900,1900,7983
2008-07-11,1460,2040,2045,1915,2030,19238
2008-07-14,1514,2115,2150,2015,2080,51595
2008-07-15,1442,2015,2125,2015,2115,4862
2008-07-16,1453,2030,2100,2015,2015,8000
2008-07-17,1532,2140,2140,2045,2045,29807
2008-07-18,1514,2115,2120,2090,2120,494
2008-07-21,1456,2035,2080,2000,2050,26419
2008-07-22,1449,2025,2070,2010,2035,9964
2008-07-23,1474,2060,2100,2050,2070,19453
2008-07-24,1478,2065,2120,2060,2100,9408
2008-07-25,1478,2065,2090,2045,2090,3738
2008-07-28,1503,2100,2195,2075,2100,27012
2008-07-29,1489,2080,2125,2045,2125,34
2008-07-30,1485,2075,2180,2065,2180,72000
2008-07-31,1467,2050,2200,2030,2080,30300
2008-08-01,1510,2110,2250,2060,2080,131400
2008-08-04,1499,2095,2165,2095,2130,8900
2008-08-05,1506,2105,2155,2065,2065,12400
2008-08-06,1560,2180,2220,2110,2110,62600
2008-08-07,1521,2125,2250,2125,2180,10800
2008-08-08,1503,2100,2155,2085,2125,10000
2008-08-11,1517,2120,2175,2105,2105,400
2008-08-12,1510,2110,2135,2060,2070,9100
2008-08-13,1528,2135,2140,2085,2110,12400
2008-08-14,1542,2155,2180,2080,2080,3600
2008-08-18,1514,2115,2190,2075,2155,21976
2008-08-19,1603,2240,2250,2120,2130,64378
2008-08-20,1574,2200,2240,2175,2240,17035
2008-08-21,1610,2250,2530,2200,2275,3059345
2008-08-22,1546,2160,2260,2060,2250,269249
2008-08-25,1474,2060,2170,2055,2170,126591
2008-08-26,1489,2080,2105,2030,2030,30232
2008-08-27,1517,2120,2135,2060,2060,43158
2008-08-28,1524,2130,2170,2100,2170,29984
2008-08-29,1524,2130,2320,2100,2160,90466
2008-09-01,1496,2090,2140,2090,2130,53172
2008-09-02,1442,2015,2150,1990,1990,46852
2008-09-03,1467,2050,2100,1870,2060,69615
2008-09-04,1467,2050,2100,2000,2000,17554
2008-09-05,1485,2075,2090,2030,2050,9490
2008-09-08,1510,2110,2145,2050,2075,38970
2008-09-09,1510,2110,2140,2080,2110,4910
2008-09-10,1510,2110,2185,2055,2100,28158
2008-09-11,1489,2080,2185,2040,2110,29733
2008-09-12,1517,2120,2120,2065,2080,24670
2008-09-16,1463,2045,2120,2005,2100,52314
2008-09-17,1481,2070,2095,2020,2095,38381
2008-09-18,1453,2030,2080,1995,2005,24414
2008-09-19,1514,2115,2125,2055,2075,63542
2008-09-22,1467,2050,2145,2050,2145,6644
2008-09-23,1474,2060,2090,1965,2090,4246
2008-09-24,1471,2055,2080,2045,2080,4216
2008-09-25,1446,2020,2075,2000,2055,18790
2008-09-26,1438,2010,2045,2010,2020,11662
2008-09-29,1435,2005,2045,2005,2045,9472
2008-09-30,1399,1955,2040,1905,1905,11960
2008-10-01,1446,2020,2100,1975,2100,18323
2008-10-02,1431,2000,2030,1960,1980,23073
2008-10-06,1424,1990,2050,1910,2000,27253
2008-10-07,1421,1985,1985,1805,1805,4965
2008-10-08,1331,1860,1990,1850,1915,24133
2008-10-09,1324,1850,1925,1790,1790,4702
2008-10-10,1292,1805,1915,1805,1915,21665
2008-10-13,1302,1820,1930,1740,1740,3925
2008-10-14,1353,1890,2000,1870,2000,10715
2008-10-15,1378,1925,1960,1900,1960,6439
2008-10-16,1395,1950,2070,1840,1970,35539
2008-10-17,1367,1910,2020,1885,2020,34579
2008-10-20,1374,1920,1955,1840,1900,23024
2008-10-21,1356,1895,1980,1865,1980,30624
2008-10-22,1374,1920,1930,1820,1930,1673
2008-10-23,1360,1900,1915,1710,1720,32172
2008-10-24,1288,1800,1990,1800,1800,57413
2008-10-27,1231,1720,1920,1700,1920,1708
2008-10-28,1231,1720,1885,1610,1610,32518
2008-10-29,1259,1760,1900,1725,1820,64307
2008-10-30,1363,1905,1950,1720,1760,122452
2008-10-31,1378,1925,2000,1860,2000,2703
2008-11-03,1388,1940,1980,1870,1885,799
2008-11-04,1403,1960,1985,1905,1940,822
2008-11-05,1410,1970,1980,1925,1980,7537
2008-11-06,1345,1880,2080,1875,1900,76252
2008-11-07,1410,1970,1970,1780,1880,16597
2008-11-10,1388,1940,1975,1900,1975,7462
2008-11-11,1385,1935,1940,1900,1940,9533
2008-11-12,1385,1935,1940,1930,1930,475
2008-11-13,1353,1890,1930,1880,1900,28870
2008-11-14,1353,1890,1935,1890,1890,2321
2008-11-17,1353,1890,1890,1870,1890,962
2008-11-18,1345,1880,1890,1830,1890,2273
2008-11-19,1299,1815,1880,1815,1880,805
2008-11-20,1270,1775,1800,1700,1800,10633
2008-11-21,1288,1800,1810,1765,1770,9616
2008-11-24,1252,1750,1900,1740,1900,3163
2008-11-25,1285,1795,1830,1730,1830,26
2008-11-26,1224,1710,1840,1710,1840,644
2008-11-27,1270,1775,1825,1720,1825,1156
2008-11-28,1217,1700,1835,1700,1775,75227
2008-12-01,1202,1680,1730,1675,1730,13652
2008-12-02,1217,1700,1725,1605,1700,13846
2008-12-03,1209,1690,1740,1680,1680,3199
2008-12-04,1217,1700,1720,1685,1720,11541
2008-12-05,1224,1710,1745,1670,1745,225
2008-12-08,1242,1735,1735,1690,1720,11950
2008-12-09,1238,1730,1735,1700,1700,691
2008-12-10,1245,1740,1825,1715,1750,18344
2008-12-11,1406,1965,1980,1730,1795,37404
2008-12-12,1410,1970,2060,1940,1960,65699
2008-12-15,1489,2080,2090,1975,2065,12629
2008-12-16,1485,2075,2180,1935,2180,1171
2008-12-17,1410,1970,2075,1970,2075,1881
2008-12-18,1453,2030,2045,1975,2000,887
2008-12-19,1460,2040,2070,1965,2070,11
2008-12-22,1438,2010,2100,1955,2040,4109
2008-12-23,1388,1940,2080,1935,2020,1133
2008-12-24,1431,2000,2000,1905,1970,10528
2008-12-26,1410,1970,1980,1850,1950,9335
2008-12-29,1499,2020,2020,1925,1990,8589
2008-12-30,1506,2030,2045,1960,2040,4036
2009-01-02,1506,2030,2055,1930,2055,25498
2009-01-05,1503,2025,2055,1970,2055,55907
2009-01-06,1499,2020,2040,1950,2030,3372
2009-01-07,1491,2010,2045,1955,1955,23
2009-01-08,1506,2030,2150,1880,2000,39318
2009-01-09,1510,2035,2035,2005,2010,889
2009-01-12,1514,2040,2100,1950,2020,35424
2009-01-13,1525,2055,2055,2000,2020,22200
2009-01-14,1499,2020,2075,2020,2070,10
2009-01-15,1414,1905,1965,1880,1900,4869
2009-01-16,1421,1915,2050,1820,1940,92028
2009-01-19,1425,1920,1935,1865,1915,12290
2009-01-20,1402,1890,1920,1855,1870,4667
2009-01-21,1395,1880,1920,1805,1865,17103
2009-01-22,1395,1880,1880,1850,1855,12125
2009-01-23,1391,1875,1890,1835,1880,80
2009-01-28,1417,1910,1935,1785,1785,19718
2009-01-29,1410,1900,1965,1890,1930,24369
2009-01-30,1480,1995,2050,1960,1960,37086
2009-02-02,1454,1960,2020,1920,2020,1439
2009-02-03,1406,1895,1955,1885,1885,3442
2009-02-04,1432,1930,2025,1900,1985,48849
2009-02-05,1436,1935,2025,1930,1930,6652
2009-02-06,1458,1965,2015,1920,2015,4720
2009-02-09,1458,1965,1980,1920,1965,23221
2009-02-10,1417,1910,2020,1910,2020,1019
2009-02-11,1432,1930,1940,1900,1905,2363
2009-02-12,1447,1950,1965,1945,1945,35
2009-02-13,1439,1940,2000,1930,2000,2452
2009-02-16,1484,2000,2005,1920,1960,18113
2009-02-17,1692,2280,2280,1965,2010,134069
2009-02-18,1529,2060,2280,2030,2280,43584
2009-02-19,1491,2010,2125,2010,2120,20581
2009-02-20,1451,1955,2045,1950,2045,7720
2009-02-23,1462,1970,2070,1855,1855,1860
2009-02-24,1469,1980,2000,1860,1860,13840
2009-02-25,1480,1995,2005,1980,2000,6069
2009-02-26,1491,2010,2020,1965,1995,6227
2009-02-27,1451,1955,2040,1930,2020,678
2009-03-02,1484,2000,2090,1845,2020,1140
2009-03-03,1510,2035,2035,1960,2000,11963
2009-03-04,1484,2000,2075,2000,2055,185
2009-03-05,1503,2025,2050,1980,2050,108
2009-03-06,1443,1945,2030,1940,2000,740
2009-03-09,1465,1975,2000,1935,1950,527
2009-03-10,1465,1975,1995,1920,1920,5893
2009-03-11,1469,1980,1990,1915,1970,7900
2009-03-12,1469,1980,1980,1950,1980,4982
2009-03-13,1532,2065,2085,1980,1980,26358
2009-03-16,1532,2065,2085,2035,2050,14238
2009-03-17,1536,2070,2120,2065,2065,3484
2009-03-18,1510,2035,2140,2030,2100,4418
2009-03-19,1581,2130,2130,2035,2035,10778
2009-03-20,1558,2100,2150,2035,2150,8260
2009-03-23,1581,2130,2130,2090,2090,2606
2009-03-24,1540,2075,2100,2050,2100,12307
2009-03-25,1543,2080,2085,2045,2085,1777
2009-03-26,1532,2065,2100,1990,2060,11923
2009-03-27,1532,2065,2120,2050,2050,5754
2009-03-30,1536,2070,2090,2010,2065,11177
2009-03-31,1517,2045,2060,2010,2010,5085
2009-04-01,1529,2060,2070,2035,2045,2634
2009-04-02,1547,2085,2130,2045,2060,24267
2009-04-03,1543,2080,2105,2045,2090,4779
2009-04-06,1592,2145,2145,2080,2080,44281
2009-04-07,1618,2180,2235,2120,2120,25936
2009-04-08,1625,2190,2215,2155,2155,10852
2009-04-09,1681,2265,2275,2190,2245,33432
2009-04-10,1670,2250,2440,2250,2440,16430
2009-04-13,1681,2265,2270,2165,2215,40343
2009-04-14,1725,2325,2400,2220,2245,12074
2009-04-15,1666,2245,2335,2245,2300,19106
2009-04-16,1699,2290,2380,2270,2270,25155
2009-04-17,1707,2300,2380,2270,2320,11172
2009-04-20,1744,2350,2350,2250,2325,16225
2009-04-21,1744,2350,2350,2270,2320,18931
2009-04-22,1796,2420,2430,2340,2340,10343
2009-04-23,1774,2390,2475,2325,2475,11780
2009-04-24,1759,2370,2405,2325,2390,9129
2009-04-27,1710,2305,2400,2260,2400,9045
2009-04-28,1610,2170,2310,2170,2310,21905
2009-04-29,1603,2160,2250,2100,2150,35300
2009-04-30,1632,2200,2220,2160,2165,28612
2009-05-04,1618,2180,2265,2165,2265,33501
2009-05-06,1647,2220,2220,2150,2200,16739
2009-05-07,1644,2215,2230,2180,2220,13936
2009-05-08,1774,2390,2390,2155,2180,23885
2009-05-11,1781,2400,2400,2295,2380,27642
2009-05-12,1766,2380,2455,2340,2455,13046
2009-05-13,1714,2310,2390,2305,2335,28340
2009-05-14,1688,2275,2365,2240,2300,21492
2009-05-15,1722,2320,2345,2270,2270,17521
2009-05-18,1733,2335,2345,2305,2335,30585
2009-05-19,1740,2345,2395,2330,2340,24059
2009-05-20,1744,2350,2370,2330,2345,13545
2009-05-21,1744,2350,2370,2325,2350,29581
2009-05-22,1736,2340,2390,2320,2320,15700
2009-05-25,1751,2360,2445,2280,2320,35490
2009-05-26,2011,2710,2710,2425,2425,352809
2009-05-27,1833,2470,2880,2445,2740,459223
2009-05-28,2022,2725,2800,2390,2470,291429
2009-05-29,1981,2670,2930,2640,2725,202463
2009-06-01,2018,2720,2740,2520,2630,70882
2009-06-02,2004,2700,2805,2680,2800,142099
2009-06-03,1948,2625,2700,2590,2685,71264
2009-06-04,1881,2535,2650,2515,2590,56916
2009-06-05,1974,2660,2660,2520,2555,29713
2009-06-08,1974,2660,2680,2610,2665,32640
2009-06-09,1922,2590,2755,2550,2650,24165
2009-06-10,1911,2575,2635,2495,2560,27198
2009-06-11,2004,2700,2700,2540,2575,45442
2009-06-12,2004,2700,2800,2660,2660,38182
2009-06-15,2070,2790,2790,2625,2700,45664
2009-06-16,2111,2845,2995,2705,2800,212456
2009-06-17,2226,3000,3110,2825,2880,212997
2009-06-18,2115,2850,3000,2770,2980,163427
2009-06-19,2134,2875,2980,2805,2900,94718
2009-06-22,2100,2830,2940,2810,2845,63398
2009-06-23,2011,2710,2780,2660,2735,87725
2009-06-24,1937,2610,2745,2600,2720,39728
2009-06-25,1963,2645,2675,2565,2565,41619
2009-06-26,2018,2720,2740,2630,2630,27527
2009-06-29,2078,2800,2850,2700,2700,17256
2009-06-30,1992,2685,2845,2650,2770,32274
2009-07-01,1929,2600,2675,2510,2640,109786
2009-07-02,1889,2545,2660,2540,2650,39783
2009-07-03,1929,2600,2610,2425,2515,31476
2009-07-06,1963,2645,2670,2590,2670,23058
2009-07-07,1929,2600,2735,2555,2650,92018
2009-07-08,1918,2585,2645,2520,2575,31950
2009-07-09,1885,2540,2620,2525,2585,31203
2009-07-10,1840,2480,2570,2405,2545,49630
2009-07-13,1781,2400,2525,2390,2525,15848
2009-07-14,1840,2480,2510,2400,2410,31189
2009-07-15,1889,2545,2550,2455,2455,33810
2009-07-16,1900,2560,2590,2485,2485,26004
2009-07-17,1915,2580,2620,2560,2560,18739
2009-07-20,1944,2620,2650,2555,2560,44123
2009-07-21,1922,2590,2645,2545,2610,8205
2009-07-22,1929,2600,2615,2545,2575,38347
2009-07-23,1941,2615,2630,2570,2585,27413
2009-07-24,2004,2700,2790,2615,2615,26792
2009-07-27,2004,2700,2740,2635,2700,29699
2009-07-28,2004,2700,2740,2660,2740,16273
2009-07-29,2004,2700,2735,2610,2675,31363
2009-07-30,2011,2710,2710,2650,2700,25081
2009-07-31,2000,2695,2815,2665,2740,81781
2009-08-03,1996,2690,2720,2640,2695,15822
2009-08-04,2004,2700,2705,2640,2650,32496
2009-08-05,2078,2800,2800,2700,2700,47608
2009-08-06,2033,2740,2840,2740,2840,8720
2009-08-07,2082,2805,2810,2685,2685,37799
2009-08-10,2167,2920,2950,2805,2840,27997
2009-08-11,2119,2855,2950,2855,2950,33122
2009-08-12,2126,2865,2920,2820,2840,15967
2009-08-13,2063,2780,2925,2775,2845,30131
2009-08-14,2104,2835,2835,2750,2780,18777
2009-08-17,2056,2770,2845,2750,2825,7543
2009-08-18,1996,2690,2800,2600,2600,14160
2009-08-19,1996,2690,2710,2600,2670,13377
2009-08-20,1996,2690,2725,2600,2700,31906
2009-08-21,1989,2680,2720,2620,2665,7000
2009-08-24,2011,2710,2725,2660,2680,25342
2009-08-25,1996,2690,2710,2670,2710,11810
2009-08-26,2033,2740,2740,2625,2625,6787
2009-08-27,2063,2780,2800,2715,2740,22110
2009-08-28,2056,2770,2800,2720,2800,16166
2009-08-31,2041,2750,2810,2740,2770,29071
2009-09-01,2059,2775,2830,2695,2720,38179
2009-09-02,2033,2740,2800,2650,2770,23518
2009-09-03,2026,2730,2795,2690,2795,21853
2009-09-04,2015,2715,2730,2680,2705,7818
2009-09-07,2011,2710,2720,2670,2670,34085
2009-09-08,2022,2725,2730,2700,2720,14188
2009-09-09,2063,2780,2800,2715,2725,18521
2009-09-10,2074,2795,2860,2730,2800,83388
2009-09-11,2078,2800,2870,2780,2795,43029
2009-09-14,2115,2850,2870,2810,2815,36710
2009-09-15,2111,2845,2925,2820,2880,51123
2009-09-16,2093,2820,2875,2790,2870,69132
2009-09-17,2115,2850,2870,2795,2820,80204
2009-09-18,2108,2840,2870,2800,2850,21639
2009-09-21,2108,2840,2865,2800,2840,85812
2009-09-22,2115,2850,2860,2805,2835,140551
2009-09-23,2108,2840,3000,2830,2850,159506
2009-09-24,2137,2880,2920,2810,2840,162437
2009-09-25,2193,2955,3070,2885,2895,480380
2009-09-28,2263,3050,3180,2930,2990,438546
2009-09-29,2211,2980,3135,2920,3070,257915
2009-09-30,2134,2875,2950,2715,2920,186269
2009-10-01,2000,2695,2910,2650,2870,188566
2009-10-05,2004,2700,2735,2640,2645,75152
2009-10-06,2056,2770,2850,2740,2745,58880
2009-10-07,2096,2825,2870,2800,2810,28438
2009-10-08,2108,2840,2880,2750,2825,48660
2009-10-09,2115,2850,2880,2810,2865,33064
2009-10-12,2145,2890,2905,2855,2890,15944
2009-10-13,2078,2800,2905,2715,2905,39417
2009-10-14,2137,2880,2890,2835,2850,28279
2009-10-15,2093,2820,2940,2780,2940,50044
2009-10-16,2263,3050,3150,2780,2820,104139
2009-10-19,2200,2965,3090,2850,3015,86874
2009-10-20,2278,3070,3100,2920,3000,96169
2009-10-21,2278,3070,3260,3035,3060,144149
2009-10-22,2208,2975,3105,2920,3070,98008
2009-10-23,2156,2905,2995,2860,2950,55864
2009-10-26,2167,2920,2965,2895,2965,45815
2009-10-27,2226,3000,3050,2900,2905,28825
2009-10-28,2100,2830,3045,2830,3045,71366
2009-10-29,2100,2830,2865,2640,2810,102067
2009-10-30,2152,2900,2985,2880,2930,38092
2009-11-02,2200,2965,3150,2870,2900,188026
2009-11-03,2134,2875,3045,2860,3045,76247
2009-11-04,2085,2810,2915,2800,2915,49905
2009-11-05,2085,2810,2850,2785,2850,30911
2009-11-06,2108,2840,2950,2800,2950,30187
2009-11-09,2108,2840,2910,2835,2875,27877
2009-11-10,2100,2830,2900,2805,2840,36969
2009-11-11,2104,2835,2895,2835,2880,19074
2009-11-12,2159,2910,2940,2830,2900,18379
2009-11-13,2182,2940,2975,2910,2925,18058
2009-11-16,2182,2940,3050,2915,2940,27832
2009-11-17,2085,2810,2990,2805,2990,31783
2009-11-18,2108,2840,2870,2755,2815,37962
2009-11-19,2141,2885,2935,2810,2850,31689
2009-11-20,2174,2930,2950,2860,2920,31993
2009-11-23,2230,3005,3010,2950,2955,53699
2009-11-24,2278,3070,3090,2880,3025,84180
2009-11-25,2211,2980,3080,2960,3030,60553
2009-11-26,2241,3020,3095,2980,2980,66977
2009-11-27,2163,2915,3020,2915,3005,26890
2009-11-30,2219,2990,3025,2930,2970,33557
2009-12-01,2182,2940,3045,2935,3045,41738
2009-12-02,2508,3380,3380,2940,2975,329740
2009-12-03,2460,3315,3590,3210,3340,658687
2009-12-04,2456,3310,3410,3225,3300,277971
2009-12-07,2416,3255,3415,3255,3345,163243
2009-12-08,2516,3390,3555,3160,3230,352987
2009-12-09,2549,3435,3495,3295,3350,139288
2009-12-10,2590,3490,3535,3350,3440,166244
2009-12-11,2501,3370,3500,3325,3490,125324
2009-12-14,2501,3370,3375,3220,3370,150213
2009-12-15,2438,3285,3430,3270,3345,72710
2009-12-16,2456,3310,3335,3265,3300,64086
2009-12-17,2430,3275,3310,3215,3310,56556
2009-12-18,2345,3160,3250,3105,3225,82451
2009-12-21,2471,3330,3335,3105,3180,98207
2009-12-22,2449,3300,3385,3285,3305,67475
2009-12-23,2382,3210,3345,3210,3275,40683
2009-12-24,2367,3190,3250,3150,3250,50709
2009-12-28,2315,3120,3230,3050,3230,55281
2009-12-29,2346,3040,3145,3010,3120,25623
2009-12-30,2315,3000,3100,2995,3050,20020
2010-01-04,2358,3055,3150,3020,3020,62372
2010-01-05,2335,3025,3130,2955,3080,64020
2010-01-06,2447,3170,3170,2965,3025,67127
2010-01-07,2393,3100,3165,3050,3165,33040
2010-01-08,2369,3070,3125,3010,3125,22665
2010-01-11,2323,3010,3085,2990,3085,29262
2010-01-12,2319,3005,3055,2995,3030,32023
2010-01-13,2315,3000,3035,2990,3035,28097
2010-01-14,2358,3055,3080,2960,3075,63006
2010-01-15,2327,3015,3080,3015,3070,16412
2010-01-18,2312,2995,3070,2985,3010,21453
2010-01-19,2300,2980,3045,2960,2995,38892
2010-01-20,2223,2880,3015,2860,2935,49978
2010-01-21,2238,2900,2960,2815,2850,39165
2010-01-22,2211,2865,2910,2805,2910,64753
2010-01-25,2200,2850,2895,2800,2800,47393
2010-01-26,2207,2860,2960,2810,2820,51005
2010-01-27,2099,2720,2890,2705,2890,54958
2010-01-28,2088,2705,2765,2670,2745,10777
2010-01-29,2130,2760,2760,2660,2715,22272
2010-02-01,2130,2760,2835,2670,2835,11136
2010-02-02,2111,2735,2800,2705,2800,9089
2010-02-03,2064,2675,2770,2660,2770,30606
2010-02-04,2107,2730,2730,2685,2700,11738
2010-02-05,2084,2700,2750,2605,2680,88847
2010-02-08,2041,2645,2745,2595,2745,27412
2010-02-09,2061,2670,2700,2635,2650,9153
2010-02-10,2068,2680,2720,2655,2710,20620
2010-02-11,2153,2790,2830,2640,2690,51008
2010-02-12,2196,2845,2855,2800,2835,19576
2010-02-16,2161,2800,2945,2800,2945,10222
2010-02-17,2134,2765,2880,2725,2880,10131
2010-02-18,2134,2765,2875,2720,2775,16520
2010-02-19,2157,2795,2825,2730,2825,9634
2010-02-22,2130,2760,2845,2740,2790,13230
2010-02-23,2146,2780,2795,2745,2760,23212
2010-02-24,2134,2765,2795,2700,2795,18919
2010-02-25,2134,2765,2775,2675,2765,22357
2010-02-26,2157,2795,2835,2755,2835,9448
2010-03-02,2119,2745,2800,2745,2800,8053
2010-03-03,2149,2785,2795,2745,2795,8603
2010-03-04,2161,2800,2820,2760,2760,1373
2010-03-05,2134,2765,2820,2695,2800,63279
2010-03-08,2450,3175,3175,2770,2770,573853
2010-03-09,2408,3120,3235,3050,3200,467290
2010-03-10,2431,3150,3280,3070,3165,398336
2010-03-11,2342,3035,3260,3035,3170,380169
2010-03-12,2369,3070,3135,3040,3055,155530
2010-03-15,2339,3030,3130,2995,3130,123429
2010-03-16,2292,2970,3050,2965,3030,120515
2010-03-17,2281,2955,3000,2935,3000,90766
2010-03-18,2300,2980,3025,2935,2955,158393
2010-03-19,2300,2980,3010,2960,2960,87198
2010-03-22,2265,2935,3030,2920,3005,98011
2010-03-23,2203,2855,2965,2855,2965,118117
2010-03-24,2176,2820,2900,2775,2860,75412
2010-03-25,2192,2840,2855,2810,2825,39853
2010-03-26,2180,2825,2880,2820,2820,37444
2010-03-29,2211,2865,2880,2815,2835,33452
2010-03-30,2219,2875,2895,2830,2850,38572
2010-03-31,2246,2910,3020,2895,2930,158446
2010-04-01,2200,2850,2940,2820,2925,145936
2010-04-02,2223,2880,2900,2830,2860,46353
2010-04-05,2176,2820,2880,2760,2865,36748
2010-04-06,2192,2840,2860,2800,2850,36938
2010-04-07,2207,2860,2885,2785,2805,36613
2010-04-08,2169,2810,2865,2810,2860,35480
2010-04-09,2192,2840,2850,2795,2820,14076
2010-04-12,2269,2940,2940,2865,2875,114480
2010-04-13,2265,2935,2985,2910,2910,96340
2010-04-14,2308,2990,3030,2965,2965,153516
2010-04-15,2304,2985,2990,2920,2990,162940
2010-04-16,2261,2930,2985,2900,2985,108285
2010-04-19,2423,3140,3180,2905,2930,369558
2010-04-20,2404,3115,3230,3105,3155,213344
2010-04-21,2416,3130,3160,3095,3155,67746
2010-04-22,2454,3180,3255,3120,3130,195479
2010-04-23,2435,3155,3220,3140,3200,63071
2010-04-26,2408,3120,3190,3115,3190,90127
2010-04-27,2381,3085,3150,3070,3100,60897
2010-04-28,2350,3045,3090,3035,3050,58400
2010-04-29,2350,3045,3165,3045,3080,68209
2010-04-30,2319,3005,3100,3000,3100,60314
2010-05-03,2331,3020,3080,2980,3005,99732
2010-05-04,2315,3000,3040,2995,3020,31547
2010-05-06,2354,3050,3095,2970,2970,69873
2010-05-07,2308,2990,3020,2850,3000,40015
2010-05-10,2319,3005,3085,3000,3080,36097
2010-05-11,2335,3025,3080,2990,3005,87038
2010-05-12,2346,3040,3070,2985,3020,36617
2010-05-13,2512,3255,3295,3050,3065,191053
2010-05-14,2477,3210,3250,3150,3230,73610
2010-05-17,2582,3345,3350,3185,3195,181814
2010-05-18,2427,3145,3420,3120,3380,125281
2010-05-19,2296,2975,3060,2950,3030,795682
2010-05-20,2257,2925,3050,2920,2960,54556
2010-05-24,2265,2935,2970,2850,2850,37062
2010-05-25,2161,2800,2970,2565,2880,55655
2010-05-26,2149,2785,2870,2730,2780,29144
2010-05-27,2238,2900,2925,2825,2900,24076
2010-05-28,2238,2900,2955,2835,2955,28469
2010-05-31,2281,2955,2990,2910,2925,41321
2010-06-01,2408,3120,3125,2900,2900,67960
2010-06-03,2547,3300,3300,3135,3140,75640
2010-06-04,2504,3245,3365,3200,3325,48751
2010-06-07,2501,3240,3300,3170,3210,61390
2010-06-08,2439,3160,3290,3160,3275,39583
2010-06-09,2512,3255,3255,3130,3200,50673
2010-06-10,2477,3210,3330,3175,3235,64187
2010-06-11,2431,3150,3280,3115,3275,80092
2010-06-14,2443,3165,3195,3110,3150,45729
2010-06-15,2389,3095,3185,3065,3180,53857
2010-06-16,2358,3055,3150,3040,3150,75269
2010-06-17,2331,3020,3060,2960,3055,45219
2010-06-18,2308,2990,3020,2940,2990,44389
2010-06-21,2246,2910,3000,2900,3000,67797
2010-06-22,2257,2925,2940,2890,2905,77959
2010-06-23,2288,2965,2990,2880,2925,87279
2010-06-24,2296,2975,3000,2935,3000,14153
2010-06-25,2277,2950,2990,2950,2950,8418
2010-06-28,2257,2925,2990,2875,2970,39801
2010-06-29,2284,2960,2965,2900,2960,20089
2010-06-30,2284,2960,2980,2890,2890,23012
2010-07-01,2269,2940,2975,2890,2910,18663
2010-07-02,2277,2950,2960,2890,2910,17309
2010-07-05,2281,2955,3020,2920,3020,14000
2010-07-06,2257,2925,2960,2890,2960,23598
2010-07-07,2342,3035,3040,2870,2940,132455
2010-07-08,2323,3010,3085,2975,3030,39969
2010-07-09,2284,2960,3020,2960,3000,19662
2010-07-12,2300,2980,3030,2925,3030,31445
2010-07-13,2273,2945,2990,2940,2945,17861
2010-07-14,2300,2980,3030,2935,2965,93481
2010-07-15,2643,3425,3425,2960,2960,1156261
2010-07-16,2670,3460,3795,3225,3430,885984
2010-07-19,2732,3540,3910,3430,3550,915046
2010-07-20,2701,3500,3685,3465,3555,160850
2010-07-21,2628,3405,3655,3405,3600,202554
2010-07-22,2724,3530,3615,3365,3400,182431
2010-07-23,2632,3410,3630,3395,3525,152764
2010-07-26,2686,3480,3480,3345,3430,59814
2010-07-27,2724,3530,3600,3470,3540,80013
2010-07-28,2817,3650,3790,3540,3590,432313
2010-07-29,2655,3440,3700,3440,3700,198917
2010-07-30,2620,3395,3530,3375,3450,128433
2010-08-02,2586,3350,3445,3340,3375,37229
2010-08-03,2578,3340,3450,3270,3355,47202
2010-08-04,2524,3270,3430,3205,3300,46888
2010-08-05,2528,3275,3330,3225,3265,56175
2010-08-06,2589,3355,3400,3290,3310,29440
2010-08-09,2539,3290,3425,3285,3385,47295
2010-08-10,2508,3250,3345,3200,3345,50113
2010-08-11,2466,3195,3290,3150,3250,73682
2010-08-12,2474,3205,3215,3160,3160,20611
2010-08-13,2512,3255,3295,3185,3190,9769
2010-08-16,2520,3265,3335,3210,3260,257794
2010-08-17,2551,3305,3380,3285,3380,28863
2010-08-18,2501,3240,3390,3240,3350,12501
2010-08-19,2481,3215,3285,3150,3230,34549
2010-08-20,2447,3170,3235,3125,3165,37570
2010-08-23,2504,3245,3265,3110,3110,57407
2010-08-24,2477,3210,3255,3185,3185,14749
2010-08-25,2454,3180,3240,3110,3240,25778
2010-08-26,2412,3125,3180,3120,3180,12519
2010-08-27,2439,3160,3230,3105,3110,64784
2010-08-30,2450,3175,3250,3160,3160,39433
2010-08-31,2423,3140,3195,3120,3140,17558
2010-09-01,2474,3205,3235,3145,3170,34239
2010-09-02,2508,3250,3260,3180,3180,30701
2010-09-03,2555,3310,3360,3225,3250,125991
2010-09-06,2589,3355,3365,3300,3350,73763
2010-09-07,2578,3340,3385,3295,3385,44800
2010-09-08,2559,3315,3350,3285,3315,21730
2010-09-09,2528,3275,3345,3275,3345,30895
2010-09-10,2508,3250,3320,3215,3255,34390
2010-09-13,2532,3280,3285,3220,3250,47891
2010-09-14,2539,3290,3395,3280,3280,37759
2010-09-15,2659,3445,3445,3255,3315,110002
2010-09-16,2659,3445,3450,3385,3445,28474
2010-09-17,2624,3400,3495,3370,3410,36472
2010-09-20,2616,3390,3470,3350,3470,16659
2010-09-24,2616,3390,3430,3275,3390,4764
2010-09-27,2543,3295,3405,3285,3375,58298
2010-09-28,2477,3210,3300,3170,3250,51106
2010-09-29,2477,3210,3250,3185,3200,41359
2010-09-30,2470,3200,3270,3200,3235,15897
2010-10-01,2508,3250,3250,3200,3205,12373
2010-10-04,2489,3225,3255,3200,3255,51810
2010-10-05,2497,3235,3255,3205,3215,19242
2010-10-06,2601,3370,3370,3220,3230,78363
2010-10-07,2539,3290,3370,3290,3370,51616
2010-10-08,2566,3325,3395,3290,3290,41759
2010-10-11,2570,3330,3345,3300,3325,24648
2010-10-12,2454,3180,3350,3160,3340,98914
2010-10-13,2485,3220,3245,3165,3180,44828
2010-10-14,2493,3230,3250,3190,3205,47755
2010-10-15,2477,3210,3255,3205,3255,30565
2010-10-18,2501,3240,3265,3190,3235,38155
2010-10-19,2493,3230,3260,3195,3260,50338
2010-10-20,2493,3230,3230,3180,3200,24711
2010-10-21,2539,3290,3290,3215,3230,79931
2010-10-22,2535,3285,3325,3270,3295,72715
2010-10-25,2593,3360,3395,3275,3295,83396
2010-10-26,2547,3300,3390,3295,3390,52892
2010-10-27,2520,3265,3330,3265,3325,65348
2010-10-28,2539,3290,3300,3275,3275,27570
2010-10-29,2485,3220,3300,3210,3300,52692
2010-11-01,2535,3285,3285,3215,3250,43814
2010-11-02,2643,3425,3470,3255,3280,209530
2010-11-03,2589,3355,3430,3330,3430,100951
2010-11-04,2632,3410,3455,3320,3360,96926
2010-11-05,2539,3290,3430,3270,3430,86425
2010-11-08,2532,3280,3320,3280,3295,43042
2010-11-09,2508,3250,3295,3225,3290,56449
2010-11-10,2485,3220,3265,3220,3230,33388
2010-11-11,2435,3155,3235,3145,3235,63784
2010-11-12,2385,3090,3185,3060,3180,59885
2010-11-15,2354,3050,3120,3040,3090,47579
2010-11-16,2354,3050,3095,3035,3040,14136
2010-11-17,2350,3045,3090,3015,3050,20067
2010-11-18,2381,3085,3085,3020,3020,14699
2010-11-19,2389,3095,3100,3070,3100,6658
2010-11-22,2377,3080,3130,3080,3130,14659
2010-11-23,2350,3045,3130,3005,3075,70770
2010-11-24,2319,3005,3025,2920,2950,30693
2010-11-25,2315,3000,3070,2980,3025,45157
2010-11-26,2304,2985,3020,2965,3020,32073
2010-11-29,2292,2970,3010,2925,2925,43124
2010-11-30,2315,3000,3040,2965,2965,39868
2010-12-01,2366,3065,3180,3000,3000,179125
2010-12-02,2362,3060,3115,3055,3090,21050
2010-12-03,2400,3110,3110,3060,3070,22539
2010-12-06,2339,3030,3120,3030,3120,50424
2010-12-07,2323,3010,3065,3005,3020,36844
2010-12-08,2327,3015,3070,3010,3040,38776
2010-12-09,2369,3070,3075,3005,3015,80450
2010-12-10,2377,3080,3090,3055,3055,15869
2010-12-13,2358,3055,3105,3045,3080,30315
2010-12-14,2362,3060,3070,3040,3050,20851
2010-12-15,2339,3030,3090,3025,3090,46277
2010-12-16,2346,3040,3065,3020,3030,27589
2010-12-17,2354,3050,3055,3010,3030,47035
2010-12-20,2331,3020,3055,2950,3035,108298
2010-12-21,2377,3080,3150,3030,3030,13022
2010-12-22,2331,3020,3120,3005,3120,39739
2010-12-23,2331,3020,3040,3010,3035,25287
2010-12-24,2404,3115,3120,3020,3020,56094
2010-12-27,2393,3100,3135,3080,3115,19350
2010-12-28,2404,3115,3125,3050,3120,55056
2010-12-29,2452,3055,3100,3025,3070,9290
2010-12-30,2456,3060,3060,3000,3055,41663
2011-01-03,2408,3000,3065,2990,3060,45424
2011-01-04,2408,3000,3045,2965,2995,50465
2011-01-05,2368,2950,3015,2950,3015,50285
2011-01-06,2328,2900,3000,2885,2980,87854
2011-01-07,2312,2880,2940,2850,2900,99742
2011-01-10,2324,2895,2930,2875,2895,52963
2011-01-11,2312,2880,2970,2855,2945,38682
2011-01-12,2316,2885,2915,2880,2885,36292
2011-01-13,2348,2925,2950,2895,2920,55460
2011-01-14,2328,2900,2945,2870,2925,42456
2011-01-17,2364,2945,2950,2875,2890,67415
2011-01-18,2364,2945,2975,2925,2925,67223
2011-01-19,2364,2945,2990,2940,2945,62790
2011-01-20,2348,2925,2970,2920,2945,65224
2011-01-21,2328,2900,2950,2865,2905,24999
2011-01-24,2316,2885,2920,2860,2905,15656
2011-01-25,2312,2880,2915,2855,2910,8208
2011-01-26,2316,2885,2900,2850,2895,17924
2011-01-27,2368,2950,2970,2890,2895,38937
2011-01-28,2300,2865,2965,2865,2905,27765
2011-01-31,2304,2870,2890,2835,2850,19345
2011-02-01,2328,2900,2925,2830,2870,9641
2011-02-07,2384,2970,3005,2905,2905,75586
2011-02-08,2384,2970,2980,2950,2965,6929
2011-02-09,2348,2925,2970,2900,2970,17182
2011-02-10,2336,2910,2950,2860,2930,24361
2011-02-11,2304,2870,2920,2840,2880,38617
2011-02-14,2312,2880,2940,2850,2850,26788
2011-02-15,2300,2865,2890,2845,2850,13714
2011-02-16,2268,2825,2870,2795,2870,62485
2011-02-17,2223,2770,2825,2690,2825,44945
2011-02-18,2223,2770,2810,2725,2770,16597
2011-02-21,2236,2785,2790,2740,2755,12174
2011-02-22,2147,2675,2790,2675,2755,16032
2011-02-23,2183,2720,2750,2660,2685,22349
2011-02-24,2175,2710,2745,2690,2690,10784
2011-02-25,2244,2795,2820,2735,2740,17128
2011-02-28,2236,2785,2920,2775,2815,7591
2011-03-02,2392,2980,3025,2810,2875,129807
2011-03-03,2376,2960,2980,2890,2980,64995
2011-03-04,2316,2885,2970,2840,2940,37423
2011-03-07,2324,2895,2920,2800,2900,33007
2011-03-08,2312,2880,2915,2830,2915,24855
2011-03-09,2284,2845,2885,2840,2880,18281
2011-03-10,2272,2830,2875,2810,2865,36035
2011-03-11,2244,2795,2820,2765,2800,20193
2011-03-14,2191,2730,2830,2725,2795,16524
2011-03-15,2111,2630,2735,2430,2735,50274
2011-03-16,2099,2615,2690,2575,2630,28343
2011-03-17,2119,2640,2645,2560,2600,11990
2011-03-18,2183,2720,2760,2640,2655,13582
2011-03-21,2155,2685,2785,2680,2740,26177
2011-03-22,2199,2740,2740,2695,2730,23940
2011-03-23,2248,2800,2845,2710,2710,29788
2011-03-24,2328,2900,2900,2800,2845,45580
2011-03-25,2348,2925,2940,2860,2920,28996
2011-03-28,2324,2895,2920,2865,2915,17164
2011-03-29,2312,2880,2895,2865,2890,7321
2011-03-30,2328,2900,2900,2865,2870,13215
2011-03-31,2324,2895,2935,2855,2935,11683
2011-04-01,2300,2865,2895,2850,2895,15778
2011-04-04,2304,2870,2920,2870,2890,36594
2011-04-05,2376,2960,2960,2885,2900,86303
2011-04-06,2336,2910,2960,2900,2960,14947
2011-04-07,2348,2925,2950,2915,2940,17618
2011-04-08,2332,2905,2950,2900,2935,58709
2011-04-11,2428,3025,3170,2950,2980,381118
2011-04-12,2384,2970,3085,2900,3025,122404
2011-04-13,2392,2980,2980,2910,2970,42254
2011-04-14,2460,3065,3100,2945,3020,123863
2011-04-15,2484,3095,3150,3055,3100,90632
2011-04-18,2492,3105,3125,3060,3120,122678
2011-04-19,2569,3200,3220,3100,3120,212187
2011-04-20,2448,3050,3245,3050,3215,140585
2011-04-21,2448,3050,3105,3020,3050,58876
2011-04-22,2428,3025,3070,2980,3025,64546
2011-04-25,2456,3060,3090,3025,3035,70480
2011-04-26,2529,3150,3255,3015,3035,411428
2011-04-27,2444,3045,3280,3025,3215,221499
2011-04-28,2476,3085,3130,3025,3045,68236
2011-04-29,2444,3045,3095,3005,3090,56747
2011-05-02,2432,3030,3085,3005,3010,39330
2011-05-03,2420,3015,3065,2990,3030,39480
2011-05-04,2432,3030,3045,3005,3005,9095
2011-05-06,2388,2975,3025,2965,2980,82449
2011-05-09,2392,2980,3120,2970,2980,121202
2011-05-11,2392,2980,3010,2970,3000,25282
2011-05-12,2380,2965,3005,2965,3005,24904
2011-05-13,2384,2970,3005,2970,2970,30131
2011-05-16,2464,3070,3120,2980,3020,89265
2011-05-17,2444,3045,3080,3005,3070,34602
2011-05-18,2480,3090,3110,3050,3050,33524
2011-05-19,2384,2970,3100,2920,3100,27199
2011-05-20,2348,2925,3030,2850,2970,19024
2011-05-23,2332,2905,3000,2905,2925,28961
2011-05-24,2356,2935,3000,2890,2910,36738
2011-05-25,2348,2925,3000,2910,2995,66158
2011-05-26,2364,2945,2970,2900,2925,33190
2011-05-27,2376,2960,3010,2925,2950,22268
2011-05-30,2456,3060,3060,2950,2995,37095
2011-05-31,2545,3170,3220,3080,3080,127757
2011-06-01,2649,3300,3355,3230,3280,294311
2011-06-02,2581,3215,3295,3170,3210,88834
2011-06-03,2581,3215,3330,3215,3295,83425
2011-06-07,2549,3175,3265,3125,3250,62396
2011-06-08,2625,3270,3365,3135,3150,274677
2011-06-09,2697,3360,3480,3210,3260,373362
2011-06-10,2701,3365,3450,3330,3400,261246
2011-06-13,2569,3200,3370,3140,3340,253885
2011-06-14,2545,3170,3270,3170,3245,128947
2011-06-15,2509,3125,3250,3125,3175,224185
2011-06-16,2496,3110,3130,3010,3115,102677
2011-06-17,2452,3055,3180,3030,3125,133263
2011-06-20,2525,3145,3160,3055,3095,103927
2011-06-21,2561,3190,3220,3135,3180,155085
2011-06-22,2553,3180,3225,3165,3220,107183
2011-06-23,2561,3190,3245,3170,3200,99942
2011-06-24,2577,3210,3320,3180,3200,315041
2011-06-27,2609,3250,3265,3210,3220,158532
2011-06-28,2565,3195,3255,3150,3250,152285
2011-06-29,2545,3170,3205,3135,3195,128666
2011-06-30,2517,3135,3250,3080,3195,269133
2011-07-01,2509,3125,3150,3090,3135,121687
2011-07-04,2545,3170,3205,3115,3140,154845
2011-07-05,2641,3290,3300,3180,3195,394184
2011-07-06,2569,3200,3285,3180,3265,362189
2011-07-07,2533,3155,3215,3135,3210,181845
2011-07-08,2496,3110,3175,3110,3170,80510
2011-07-11,2496,3110,3150,3095,3120,80118
2011-07-12,2384,2970,3105,2960,3095,212233
2011-07-13,2424,3020,3030,2970,2970,83969
2011-07-14,2464,3070,3100,3000,3010,66313
2011-07-15,2468,3075,3080,3000,3050,51887
2011-07-18,2589,3225,3225,3070,3100,380942
2011-07-19,2649,3300,3350,3230,3325,548069
2011-07-20,2649,3300,3345,3260,3310,232163
2011-07-21,2561,3190,3310,3100,3280,444834
2011-07-22,2577,3210,3245,3165,3245,95445
2011-07-25,2504,3120,3245,3100,3185,452527
2011-07-26,2621,3265,3285,3120,3165,587279
2011-07-27,2665,3320,3355,3230,3290,297604
2011-07-28,2657,3310,3395,3240,3250,246642
2011-07-29,2585,3220,3320,3205,3320,207593
2011-08-01,2649,3300,3310,3220,3220,128908
2011-08-02,2609,3250,3300,3210,3300,168692
2011-08-03,2521,3140,3230,3130,3205,167204
2011-08-04,2500,3115,3185,3080,3145,125240
2011-08-05,2284,2845,2985,2805,2945,288096
2011-08-08,2111,2630,2890,2500,2770,246152
2011-08-09,2007,2500,2545,2240,2530,289659
2011-08-10,2087,2600,2660,2560,2640,175461
2011-08-11,2107,2625,2650,2455,2455,115584
2011-08-12,2103,2620,2735,2620,2680,117267
2011-08-16,2223,2770,2785,2695,2700,76569
2011-08-17,2236,2785,2855,2710,2710,66536
2011-08-18,2087,2600,2800,2590,2780,253712
2011-08-19,1918,2390,2515,2360,2500,189121
2011-08-22,1894,2360,2470,2355,2360,100377
2011-08-23,1938,2415,2425,2350,2370,180714
2011-08-24,1918,2390,2465,2385,2450,271265
2011-08-25,1930,2405,2485,2390,2425,127207
2011-08-26,1967,2450,2450,2380,2385,54901
2011-08-29,2023,2520,2535,2460,2475,103998
2011-08-30,2095,2610,2800,2530,2570,552398
2011-08-31,2135,2660,2685,2600,2640,127864
2011-09-01,2179,2715,2720,2655,2675,149467
2011-09-02,2248,2800,2800,2670,2705,129540
2011-09-05,2139,2665,2815,2655,2760,167698
2011-09-06,2111,2630,2655,2575,2635,103848
2011-09-07,2151,2680,2700,2630,2630,63125
2011-09-08,2167,2700,2795,2690,2710,66798
2011-09-09,2167,2700,2730,2680,2700,28869
2011-09-14,2067,2575,2680,2560,2680,92026
2011-09-15,2067,2575,2650,2550,2600,109455
2011-09-16,2151,2680,2700,2590,2590,70755
2011-09-19,2131,2655,2725,2650,2710,27751
2011-09-20,2155,2685,2700,2630,2685,74468
2011-09-21,2155,2685,2720,2655,2720,66804
2011-09-22,2111,2630,2680,2600,2640,51274
2011-09-23,1991,2480,2550,2415,2500,178348
2011-09-26,1882,2345,2480,2210,2450,163463
2011-09-27,1926,2400,2435,2345,2345,75579
2011-09-28,1930,2405,2475,2375,2430,33411
2011-09-29,1930,2405,2445,2360,2395,40270
2011-09-30,1902,2370,2435,2340,2410,57010
2011-10-04,1842,2295,2305,2200,2270,55300
2011-10-05,1826,2275,2310,2130,2310,64132
2011-10-06,1854,2310,2360,2275,2280,82221
2011-10-07,1882,2345,2390,2320,2320,49277
2011-10-10,1955,2435,2465,2340,2350,53632
2011-10-11,1967,2450,2500,2420,2485,129862
2011-10-12,1987,2475,2510,2410,2465,165255
2011-10-13,2039,2540,2605,2485,2515,58230
2011-10-14,2023,2520,2545,2500,2540,30854
2011-10-17,2047,2550,2590,2535,2540,68756
2011-10-18,2059,2565,2570,2505,2510,61213
2011-10-19,2099,2615,2680,2550,2590,81287
2011-10-20,2047,2550,2650,2500,2615,60868
2011-10-21,2071,2580,2630,2535,2580,42445
2011-10-24,2091,2605,2640,2585,2630,50347
2011-10-25,2087,2600,2645,2575,2615,20100
2011-10-26,2099,2615,2615,2555,2590,28480
2011-10-27,2111,2630,2685,2605,2610,68205
2011-10-28,2135,2660,2665,2625,2665,61096
2011-10-31,2135,2660,2670,2620,2660,33609
2011-11-01,2135,2660,2680,2585,2585,40735
2011-11-02,2091,2605,2625,2575,2585,50494
2011-11-03,2111,2630,2655,2600,2625,42888
2011-11-04,2155,2685,2735,2640,2640,89583
2011-11-07,2163,2695,2780,2650,2700,80084
2011-11-08,2155,2685,2775,2685,2775,30111
2011-11-09,2248,2800,2810,2680,2710,102855
2011-11-10,2236,2785,2850,2670,2780,116231
2011-11-11,2268,2825,2840,2750,2780,40531
2011-11-14,2288,2850,2895,2790,2840,49001
2011-11-15,2340,2915,2960,2820,2820,68547
2011-11-16,2304,2870,2940,2835,2920,36896
2011-11-17,2304,2870,2920,2805,2870,36710
2011-11-18,2248,2800,2880,2780,2880,52004
2011-11-21,2211,2755,2830,2720,2830,40023
2011-11-22,2195,2735,2760,2705,2720,21024
2011-11-23,2183,2720,2760,2660,2730,33652
2011-11-24,2183,2720,2735,2670,2670,15639
2011-11-25,2143,2670,2745,2665,2670,58118
2011-11-28,2159,2690,2735,2670,2700,20049
2011-11-29,2187,2725,2755,2685,2720,31802
2011-11-30,2175,2710,2740,2700,2735,16061
2011-12-01,2223,2770,2795,2730,2735,81832
2011-12-02,2175,2710,2780,2670,2780,42626
2011-12-05,2183,2720,2730,2685,2715,89509
2011-12-06,2163,2695,2720,2635,2700,34209
2011-12-07,2179,2715,2760,2690,2700,188736
2011-12-08,2199,2740,2755,2700,2720,120762
2011-12-09,2175,2710,2750,2700,2750,52049
2011-12-12,2183,2720,2770,2705,2740,62905
2011-12-13,2207,2750,2750,2700,2710,43546
2011-12-14,2195,2735,2750,2710,2750,20226
2011-12-15,2167,2700,2735,2670,2735,65938
2011-12-16,2167,2700,2730,2700,2725,13964
2011-12-19,2103,2620,2715,2520,2705,258476
2011-12-20,2167,2700,2710,2620,2620,122592
2011-12-21,2211,2755,2765,2700,2715,57185
2011-12-22,2191,2730,2765,2710,2750,52704
2011-12-23,2195,2735,2790,2720,2730,53537
2011-12-26,2199,2740,2775,2720,2750,24288
2011-12-27,2244,2795,2795,2735,2740,69019
2011-12-28,2248,2680,2780,2680,2780,55703
2011-12-29,2248,2680,2725,2665,2725,17189
2012-01-02,2189,2610,2695,2595,2680,45363
2012-01-03,2168,2585,2645,2580,2630,62123
2012-01-04,2235,2665,2665,2590,2590,28165
2012-01-05,2210,2635,2670,2580,2665,60498
2012-01-06,2160,2575,2640,2560,2625,48715
2012-01-09,2160,2575,2595,2520,2550,61948
2012-01-10,2227,2655,2665,2580,2580,77172
2012-01-11,2227,2655,2685,2630,2655,16306
2012-01-12,2197,2620,2675,2620,2655,20372
2012-01-13,2210,2635,2650,2610,2625,31801
2012-01-16,2193,2615,2635,2580,2590,52956
2012-01-17,2202,2625,2635,2600,2630,33259
2012-01-18,2176,2595,2635,2570,2635,19937
2012-01-19,2181,2600,2620,2580,2595,41836
2012-01-20,2181,2600,2640,2580,2600,35128
2012-01-25,2189,2610,2630,2600,2600,17414
2012-01-26,2235,2665,2710,2610,2625,118583
2012-01-27,2265,2700,2750,2650,2700,97533
2012-01-30,2604,3105,3105,2700,2750,997092
2012-01-31,2516,3000,3150,2940,3135,558918
2012-02-01,2512,2995,3040,2930,2960,208130
2012-02-02,2508,2990,3190,2990,3055,504908
2012-02-03,2483,2960,3050,2870,3030,269443
2012-02-06,2508,2990,3015,2905,3000,122702
2012-02-07,2491,2970,2995,2880,2975,162095
2012-02-08,2491,2970,3060,2930,2970,261403
2012-02-09,2613,3115,3180,2970,3010,406246
2012-02-10,2600,3100,3150,3050,3135,125907
2012-02-13,2554,3045,3150,2945,3100,165613
2012-02-14,2525,3010,3090,3000,3050,69721
2012-02-15,2546,3035,3120,3000,3010,191951
2012-02-16,2533,3020,3060,2990,3060,102514
2012-02-17,2575,3070,3100,3000,3050,94566
2012-02-20,2688,3205,3305,3080,3125,767926
2012-02-21,2466,2940,3235,2910,3200,851752
2012-02-22,2608,3110,3145,2975,2990,683418
2012-02-23,2592,3090,3130,3020,3070,92307
2012-02-24,2617,3120,3220,3100,3100,113380
2012-02-27,2550,3040,3150,3040,3120,79392
2012-02-28,2499,2980,3070,2980,3070,86570
2012-02-29,2516,3000,3000,2860,2980,196777
2012-03-02,2491,2970,3000,2930,3000,106071
2012-03-05,2491,2970,2990,2945,2990,84677
2012-03-06,2466,2940,2995,2910,2985,59278
2012-03-07,2457,2930,2970,2890,2900,27089
2012-03-08,2516,3000,3000,2930,2935,50160
2012-03-09,2508,2990,3020,2950,2970,34093
2012-03-12,2520,3005,3015,2960,3000,92041
2012-03-13,2516,3000,3070,2990,3010,111685
2012-03-14,2504,2985,3040,2955,3030,89725
2012-03-15,2495,2975,3010,2950,2995,54922
2012-03-16,2474,2950,2980,2900,2980,80250
2012-03-19,2470,2945,2970,2935,2935,30684
2012-03-20,2466,2940,3000,2935,2935,56335
2012-03-21,2466,2940,2975,2900,2960,48115
2012-03-22,2420,2885,2945,2875,2945,66413
2012-03-23,2399,2860,2890,2825,2885,97797
2012-03-26,2348,2800,2860,2780,2860,96329
2012-03-27,2344,2795,2840,2770,2800,48601
2012-03-28,2344,2795,2835,2770,2785,35575
2012-03-29,2378,2835,2890,2760,2780,74447
2012-03-30,2378,2835,2875,2800,2835,45126
2012-04-02,2378,2835,2855,2815,2840,36872
2012-04-03,2382,2840,2860,2830,2835,43907
2012-04-04,2298,2740,2860,2720,2860,126141
2012-04-05,2286,2725,2760,2690,2730,98441
2012-04-06,2344,2795,2825,2725,2760,48514
2012-04-09,2260,2695,2790,2690,2790,71963
2012-04-10,2223,2650,2700,2650,2695,71913
2012-04-12,2235,2665,2675,2630,2650,9411
2012-04-13,2294,2735,2735,2665,2665,26765
2012-04-16,2294,2735,2735,2710,2735,15058
2012-04-17,2277,2715,2745,2670,2740,61030
2012-04-18,2298,2740,2775,2710,2730,23831
2012-04-19,2281,2720,2760,2690,2745,17383
2012-04-20,2256,2690,2725,2680,2720,21593
2012-04-23,2290,2730,3000,2690,2695,87661
2012-04-24,2302,2745,2790,2705,2740,23880
2012-04-25,2298,2740,2840,2735,2770,40283
2012-04-26,2277,2715,2770,2680,2755,39390
2012-04-27,2185,2605,2725,2595,2715,159894
2012-04-30,2214,2640,2660,2610,2640,35710
2012-05-02,2206,2630,2730,2600,2640,106311
2012-05-03,2218,2645,2670,2635,2645,15705
2012-05-04,2223,2650,2680,2640,2665,31228
2012-05-07,2189,2610,2650,2575,2650,65019
2012-05-08,2231,2660,2680,2610,2630,32623
2012-05-09,2202,2625,2665,2600,2655,58413
2012-05-10,2252,2685,2690,2615,2615,63796
2012-05-11,2223,2650,2705,2635,2685,22228
2012-05-14,2214,2640,2695,2625,2640,39521
2012-05-15,2181,2600,2645,2545,2645,61180
2012-05-16,2097,2500,2580,2435,2565,63301
2012-05-17,2147,2560,2560,2520,2520,20211
2012-05-18,2080,2480,2555,2400,2555,66025
2012-05-21,2084,2485,2530,2475,2475,19450
2012-05-22,2155,2570,2600,2500,2500,43021
2012-05-23,2160,2575,2590,2540,2590,36884
2012-05-24,2155,2570,2585,2525,2525,30311
2012-05-25,2197,2620,2655,2570,2590,42912
2012-05-29,2172,2590,2640,2580,2620,24992
2012-05-30,2093,2495,2645,2495,2635,81445
2012-05-31,1904,2270,2515,2250,2485,539963
2012-06-01,1929,2300,2325,2255,2275,89283
2012-06-04,1845,2200,2240,2165,2220,104963
2012-06-05,1853,2210,2230,2185,2230,60239
2012-06-07,1874,2235,2260,2210,2210,38571
2012-06-08,1845,2200,2245,2180,2215,46153
2012-06-11,1946,2320,2420,2205,2205,251344
2012-06-12,1946,2320,2340,2295,2300,64272
2012-06-13,1988,2370,2390,2310,2325,95219
2012-06-14,1975,2355,2395,2355,2355,51065
2012-06-15,1988,2370,2385,2340,2365,62987
2012-06-18,2000,2385,2410,2375,2385,63490
2012-06-19,2051,2445,2460,2375,2375,72224
2012-06-20,2118,2525,2565,2455,2455,73220
2012-06-21,2097,2500,2540,2460,2540,65950
2012-06-22,2059,2455,2485,2420,2485,13531
2012-06-25,2059,2455,2470,2445,2455,11898
2012-06-26,2046,2440,2455,2405,2430,52115
2012-06-27,2013,2400,2435,2400,2405,59126
2012-06-28,2034,2425,2435,2260,2400,35649
2012-06-29,2051,2445,2445,2395,2400,5454
2012-07-02,2063,2460,2470,2425,2435,18247
2012-07-03,2063,2460,2475,2435,2460,18278
2012-07-04,2046,2440,2485,2440,2485,16552
2012-07-05,2038,2430,2475,2390,2475,37969
2012-07-06,2055,2450,2465,2400,2430,36367
2012-07-09,2051,2445,2470,2415,2470,5769
2012-07-10,1988,2370,2475,2370,2425,39621
2012-07-11,2021,2410,2415,2370,2390,15457
2012-07-12,1988,2370,2425,2370,2410,27775
2012-07-13,1971,2350,2400,2330,2375,20808
2012-07-16,1996,2380,2380,2350,2350,26497
2012-07-17,2038,2430,2430,2335,2370,12476
2012-07-18,2025,2415,2435,2370,2425,24441
2012-07-19,2017,2405,2430,2380,2430,16066
2012-07-20,1996,2380,2400,2340,2400,22002
2012-07-23,1912,2280,2355,2270,2355,42845
2012-07-24,1900,2265,2300,2245,2265,10215
2012-07-25,1895,2260,2295,2235,2265,11824
2012-07-26,1887,2250,2290,2230,2275,39379
2012-07-27,1929,2300,2305,2260,2260,16550
2012-07-30,1963,2340,2340,2280,2305,7488
2012-07-31,1933,2305,2340,2300,2340,7895
2012-08-01,1933,2305,2340,2305,2305,5459
2012-08-02,1929,2300,2335,2260,2260,10624
2012-08-03,1954,2330,2340,2300,2300,929
2012-08-06,1975,2355,2360,2335,2355,7403
2012-08-07,1979,2360,2360,2340,2340,6904
2012-08-08,1988,2370,2380,2350,2360,12255
2012-08-09,1992,2375,2390,2360,2370,7237
2012-08-10,2021,2410,2415,2370,2390,16310
2012-08-13,2021,2410,2420,2370,2420,18708
2012-08-14,2021,2410,2410,2380,2410,11220
2012-08-16,2021,2410,2420,2390,2410,22899
2012-08-17,2000,2385,2425,2375,2425,20920
2012-08-20,2004,2390,2400,2365,2400,13537
2012-08-21,2013,2400,2420,2375,2395,20888
2012-08-22,2004,2390,2410,2385,2400,9551
2012-08-23,2021,2410,2415,2380,2390,11462
2012-08-24,2034,2425,2490,2380,2400,24613
2012-08-27,2004,2390,2425,2380,2425,18023
2012-08-28,2000,2385,2405,2370,2395,13720
2012-08-29,2000,2385,2390,2365,2390,30396
2012-08-30,2009,2395,2400,2370,2390,15259
2012-08-31,2034,2425,2425,2390,2420,26733
2012-09-03,2046,2440,2445,2405,2425,12687
2012-09-04,2013,2400,2440,2390,2440,24413
2012-09-05,2017,2405,2420,2390,2390,15296
2012-09-06,2013,2400,2415,2385,2405,10933
2012-09-07,2038,2430,2430,2405,2410,27812
2012-09-10,2046,2440,2480,2425,2480,14591
2012-09-11,2038,2430,2450,2425,2440,14338
2012-09-12,2067,2465,2470,2425,2440,27422
2012-09-13,2093,2495,2520,2450,2470,49374
2012-09-14,2080,2480,2520,2475,2505,29284
2012-09-17,2114,2520,2525,2480,2490,24682
2012-09-18,2084,2485,2515,2480,2500,23727
2012-09-19,2126,2535,2535,2480,2505,33819
2012-09-20,2130,2540,2545,2495,2540,19375
2012-09-21,2122,2530,2540,2505,2540,8762
2012-09-24,2126,2535,2545,2505,2520,37741
2012-09-25,2122,2530,2550,2475,2535,38158
2012-09-26,2072,2470,2525,2470,2510,22001
2012-09-27,2067,2465,2470,2420,2470,31133
2012-09-28,2072,2470,2475,2430,2470,8437
2012-10-02,2072,2470,2485,2450,2470,15039
2012-10-04,2097,2500,2505,2460,2470,19691
2012-10-05,2093,2495,2510,2480,2505,14321
2012-10-08,2101,2505,2510,2480,2495,26275
2012-10-09,2114,2520,2530,2500,2510,29615
2012-10-10,2097,2500,2520,2480,2500,10087
2012-10-11,2088,2490,2505,2470,2490,19480
2012-10-12,2097,2500,2500,2470,2490,23225
2012-10-15,2084,2485,2515,2475,2500,18320
2012-10-16,2084,2485,2510,2480,2485,16440
2012-10-17,2122,2530,2535,2490,2505,15479
2012-10-18,2155,2570,2615,2515,2530,111212
2012-10-19,2135,2545,2570,2525,2565,20050
2012-10-22,2130,2540,2560,2485,2515,17544
2012-10-23,2097,2500,2540,2490,2520,27657
2012-10-24,2093,2495,2500,2450,2500,30990
2012-10-25,2080,2480,2530,2480,2495,25808
2012-10-26,2076,2475,2500,2460,2485,5890
2012-10-29,2021,2410,2495,2400,2480,51102
2012-10-30,2034,2425,2435,2400,2420,11037
2012-10-31,2030,2420,2435,2400,2425,15153
2012-11-01,2025,2415,2425,2400,2425,16651
2012-11-02,2030,2420,2435,2400,2420,27228
2012-11-05,2013,2400,2430,2400,2420,25386
2012-11-06,2030,2420,2440,2395,2405,12289
2012-11-07,2038,2430,2435,2415,2425,5522
2012-11-08,2034,2425,2425,2400,2415,25649
2012-11-09,2030,2420,2430,2400,2415,11640
2012-11-12,2021,2410,2430,2400,2420,13057
2012-11-13,2025,2415,2420,2400,2400,13014
2012-11-14,2013,2400,2420,2380,2420,27418
2012-11-15,2004,2390,2400,2370,2380,35637
2012-11-16,1963,2340,2400,2330,2380,21065
2012-11-19,1963,2340,2370,2325,2330,5684
2012-11-20,1979,2360,2360,2340,2350,22567
2012-11-21,2004,2390,2390,2345,2345,3072
2012-11-22,2000,2385,2400,2350,2400,3447
2012-11-23,2009,2395,2400,2380,2395,4824
2012-11-26,1988,2370,2400,2370,2395,8435
2012-11-27,1992,2375,2390,2350,2370,8356
2012-11-28,2004,2390,2405,2370,2375,11546
2012-11-29,2046,2440,2470,2395,2395,28615
2012-11-30,2051,2445,2460,2420,2420,16560
2012-12-03,2030,2420,2445,2420,2445,8767
2012-12-04,2088,2490,2500,2425,2435,34120
2012-12-05,2093,2495,2510,2460,2510,5965
2012-12-06,2101,2505,2505,2470,2490,9418
2012-12-07,2105,2510,2515,2470,2510,8274
2012-12-10,2097,2500,2510,2500,2510,33290
2012-12-11,2101,2505,2520,2495,2515,16083
2012-12-12,2097,2500,2515,2485,2515,12546
2012-12-13,2097,2500,2520,2485,2520,10444
2012-12-14,2105,2510,2530,2500,2500,6152
2012-12-17,2093,2495,2510,2475,2510,7490
2012-12-18,2097,2500,2520,2480,2505,13707
2012-12-20,2088,2490,2505,2470,2500,7753
2012-12-21,2080,2480,2485,2470,2470,8694
2012-12-24,2118,2525,2530,2470,2490,14587
2012-12-26,2147,2560,2565,2500,2525,48403
2012-12-27,2173,2470,2495,2450,2495,15960
2012-12-28,2138,2430,2465,2430,2450,20147
2013-01-02,2151,2445,2460,2430,2430,5274
2013-01-03,2165,2460,2470,2440,2460,8988
2013-01-04,2143,2435,2460,2400,2425,17205
2013-01-07,2151,2445,2475,2435,2460,8374
2013-01-08,2125,2415,2455,2400,2430,29525
2013-01-09,2138,2430,2430,2385,2405,30371
2013-01-10,2129,2420,2430,2380,2430,21177
2013-01-11,2129,2420,2420,2390,2420,7718
2013-01-14,2129,2420,2430,2405,2420,1661
2013-01-15,2116,2405,2435,2390,2405,6626
2013-01-16,2107,2395,2410,2380,2405,2621
2013-01-17,2094,2380,2400,2355,2395,8934
2013-01-18,2085,2370,2390,2360,2390,12821
2013-01-21,2121,2410,2410,2360,2375,14627
2013-01-22,2129,2420,2425,2395,2410,12030
2013-01-23,2138,2430,2430,2400,2420,18532
2013-01-24,2129,2420,2450,2415,2420,15456
2013-01-25,2121,2410,2460,2380,2440,46013
2013-01-28,2116,2405,2430,2395,2430,10676
2013-01-29,2112,2400,2410,2370,2390,47277
2013-01-30,2112,2400,2420,2375,2415,10817
2013-01-31,2112,2400,2410,2385,2385,3476
2013-02-01,2129,2420,2425,2370,2390,14997
2013-02-04,2129,2420,2435,2390,2435,6156
2013-02-05,2116,2405,2415,2370,2415,6138
2013-02-06,2112,2400,2415,2380,2415,9958
2013-02-07,2107,2395,2410,2380,2380,8777
2013-02-08,2107,2395,2395,2370,2390,15496
2013-02-12,2107,2395,2395,2370,2395,7986
2013-02-13,2107,2395,2400,2375,2375,5203
2013-02-14,2112,2400,2400,2380,2380,2272
2013-02-15,2112,2400,2400,2380,2400,10033
2013-02-18,2112,2400,2400,2380,2400,13966
2013-02-19,2116,2405,2405,2390,2400,7867
2013-02-20,2112,2400,2415,2390,2405,21887
2013-02-21,2094,2380,2405,2375,2390,9973
2013-02-22,2099,2385,2390,2370,2390,13453
2013-02-25,2103,2390,2410,2375,2385,30676
2013-02-26,2107,2395,2405,2370,2380,26893
2013-02-27,2107,2395,2405,2370,2395,50787
2013-02-28,2209,2510,2535,2385,2405,83281
2013-03-04,2195,2495,2525,2485,2510,22742
2013-03-05,2200,2500,2505,2475,2505,30136
2013-03-06,2204,2505,2535,2495,2520,25062
2013-03-07,2217,2520,2545,2480,2515,23479
2013-03-08,2222,2525,2530,2495,2520,15586
2013-03-11,2204,2505,2525,2480,2525,26324
2013-03-12,2213,2515,2525,2505,2510,3698
2013-03-13,2235,2540,2550,2485,2485,43683
2013-03-14,2341,2660,2770,2550,2565,203686
2013-03-15,2328,2645,2695,2585,2695,30738
2013-03-18,2288,2600,2655,2595,2625,40313
2013-03-19,2235,2540,2645,2535,2610,64283
2013-03-20,2288,2600,2600,2525,2570,78955
2013-03-21,2288,2600,2645,2585,2615,78619
2013-03-22,2306,2620,2635,2595,2600,40454
2013-03-25,2332,2650,2655,2610,2620,29701
2013-03-26,2319,2635,2660,2620,2635,17374
2013-03-27,2341,2660,2670,2620,2625,44006
2013-03-28,2314,2630,2670,2630,2660,13063
2013-03-29,2332,2650,2660,2630,2650,29120
2013-04-01,2398,2725,2750,2675,2685,107406
2013-04-02,2376,2700,2740,2685,2740,54057
2013-04-03,2398,2725,2740,2680,2700,39721
2013-04-04,2376,2700,2710,2630,2680,31376
2013-04-05,2372,2695,2710,2635,2645,64650
2013-04-08,2394,2720,2730,2655,2695,78351
2013-04-09,2438,2770,2855,2685,2690,382990
2013-04-10,2468,2805,2830,2765,2815,76019
2013-04-11,2464,2800,2830,2790,2805,25137
2013-04-12,2482,2820,2830,2790,2800,48711
2013-04-15,2543,2890,2910,2830,2830,140872
2013-04-16,2556,2905,2920,2840,2890,134340
2013-04-17,2600,2955,2985,2905,2905,126626
2013-04-18,2605,2960,2980,2910,2970,75673
2013-04-19,2609,2965,3020,2945,2985,77331
2013-04-22,2618,2975,3000,2880,2990,69620
2013-04-23,2534,2880,2965,2875,2965,58800
2013-04-24,2534,2880,2945,2800,2895,151259
2013-04-25,2530,2875,2885,2825,2885,65014
2013-04-26,2583,2935,2945,2850,2875,91444
2013-04-29,2565,2915,2930,2870,2930,72575
2013-04-30,2539,2885,2930,2865,2930,60405
2013-05-02,2539,2885,2905,2855,2885,33048
2013-05-03,2578,2930,2935,2860,2885,79795
2013-05-06,2574,2925,2935,2905,2930,105067
2013-05-07,2583,2935,2935,2880,2925,64053
2013-05-08,2596,2950,2995,2915,2935,92312
2013-05-09,2596,2950,2960,2935,2950,55117
2013-05-10,2600,2955,2965,2935,2955,47524
2013-05-13,2631,2990,2990,2955,2970,65050
2013-05-14,2600,2955,3020,2910,2995,80632
2013-05-15,2609,2965,3005,2950,2990,104310
2013-05-16,2592,2945,2970,2920,2965,80648
2013-05-20,2592,2945,2960,2935,2945,82751
2013-05-21,2609,2965,2965,2910,2945,107710
2013-05-22,2609,2965,2975,2945,2975,22950
2013-05-23,2618,2975,2985,2945,2975,70686
2013-05-24,2724,3095,3110,2970,2980,170627
2013-05-27,2878,3270,3350,3100,3100,421819
2013-05-28,2851,3240,3290,3220,3270,112387
2013-05-29,2842,3230,3250,3215,3225,44190
2013-05-30,2895,3290,3300,3215,3220,73761
2013-05-31,2812,3195,3305,3175,3305,86672
2013-06-03,2803,3185,3240,3155,3240,81835
2013-06-04,2759,3135,3210,3110,3210,22370
2013-06-05,2754,3130,3150,3105,3140,72179
2013-06-07,2631,2990,3135,2980,3130,59243
2013-06-10,2649,3010,3030,2950,2950,39514
2013-06-11,2671,3035,3035,2995,3015,27454
2013-06-12,2671,3035,3065,3000,3000,36541
2013-06-13,2675,3040,3055,2970,3055,52829
2013-06-14,2662,3025,3090,3005,3030,19020
2013-06-17,2596,2950,3050,2940,3050,42307
2013-06-18,2622,2980,3020,2925,2925,30556
2013-06-19,2666,3030,3040,2980,3000,35161
2013-06-20,2627,2985,3035,2950,3035,37444
2013-06-21,2636,2995,2995,2800,2955,82478
2013-06-24,2596,2950,2995,2950,2995,37467
2013-06-25,2565,2915,2965,2850,2930,130135
2013-06-26,2640,3000,3035,2895,2915,56333
2013-06-27,2680,3045,3045,2965,3000,46288
2013-06-28,2680,3045,3055,3010,3045,60816
2013-07-01,2719,3090,3120,3045,3045,33789
2013-07-02,2768,3145,3200,3105,3105,44212
2013-07-03,2772,3150,3175,3120,3140,52869
2013-07-04,2772,3150,3155,3115,3115,43572
2013-07-05,2772,3150,3185,3130,3185,16764
2013-07-08,2754,3130,3185,3120,3150,45156
2013-07-09,2759,3135,3140,3120,3130,26557
2013-07-10,2706,3075,3175,3050,3175,8710
2013-07-11,2728,3100,3135,3075,3105,3351
2013-07-12,2737,3110,3115,3075,3115,12244
2013-07-15,2710,3080,3130,3080,3110,5105
2013-07-16,2710,3080,3105,3050,3090,12264
2013-07-17,2750,3125,3130,3060,3115,23048
2013-07-18,2776,3155,3160,3105,3150,4337
2013-07-19,2776,3155,3165,3115,3125,2555
2013-07-22,2781,3160,3165,3115,3165,4303
2013-07-23,2746,3120,3160,3070,3160,7907
2013-07-24,2746,3120,3130,3090,3110,16481
2013-07-25,2741,3115,3125,3090,3120,4801
2013-07-26,2724,3095,3115,3080,3115,13383
2013-07-29,2688,3055,3085,3030,3075,3184
2013-07-30,2680,3045,3060,3005,3040,4781
2013-07-31,2658,3020,3050,3010,3040,16674
2013-08-01,2662,3025,3035,3000,3010,22091
2013-08-02,2741,3115,3135,3035,3035,103030
2013-08-05,2768,3145,3160,3115,3135,27979
2013-08-06,2754,3130,3145,3115,3145,9790
2013-08-07,2746,3120,3130,3075,3130,42230
2013-08-08,2781,3160,3160,3100,3120,34063
2013-08-09,2860,3250,3300,3130,3170,118925
2013-08-12,2856,3245,3295,3200,3295,35848
2013-08-13,2772,3150,3245,3140,3220,28338
2013-08-14,2724,3095,3160,3080,3150,64507
2013-08-16,2706,3075,3095,3050,3095,22621
2013-08-19,2684,3050,3090,3020,3065,100890
2013-08-20,2680,3045,3105,3010,3085,40354
2013-08-21,2653,3015,3065,3005,3030,33645
2013-08-22,2622,2980,3000,2940,2990,16063
2013-08-23,2658,3020,3025,3005,3010,12714
2013-08-26,2640,3000,3040,2980,3030,26414
2013-08-27,2636,2995,3010,2975,2990,9569
2013-08-28,2644,3005,3020,2960,2990,5615
2013-08-29,2644,3005,3040,2995,3005,17324
2013-08-30,2622,2980,3035,2980,3000,39966
2013-09-02,2640,3000,3005,2975,2980,10875
2013-09-03,2640,3000,3025,2990,3000,13070
2013-09-04,2662,3025,3050,2990,2990,15026
2013-09-05,2662,3025,3070,2990,3070,19882
2013-09-06,2662,3025,3050,3000,3050,2884
2013-09-09,2653,3015,3030,3000,3025,37425
2013-09-10,2644,3005,3030,2610,3020,37479
2013-09-11,2618,2975,3000,2950,2985,24834
2013-09-12,2600,2955,2980,2930,2980,12708
2013-09-13,2600,2955,2955,2920,2950,8167
2013-09-16,2574,2925,2955,2900,2935,15156
2013-09-17,2552,2900,2935,2900,2910,12791
2013-09-23,2543,2890,2930,2865,2900,17232
2013-09-24,2548,2895,2920,2860,2890,5274
2013-09-25,2490,2830,2905,2800,2900,22009
2013-09-26,2570,2920,2935,2825,2860,13397
2013-09-27,2609,2965,2975,2865,2920,16889
2013-09-30,2609,2965,2980,2925,2965,10482
2013-10-01,2614,2970,2980,2930,2950,6544
2013-10-02,2614,2970,2985,2935,2980,19683
2013-10-04,2614,2970,2995,2930,2970,2935
2013-10-07,2600,2955,2970,2935,2970,4781
2013-10-08,2614,2970,2970,2920,2955,5285
2013-10-10,2600,2955,2970,2930,2970,9652
2013-10-11,2600,2955,3010,2935,2955,11871
2013-10-14,2548,2895,3015,2870,2935,11927
2013-10-15,2587,2940,2970,2915,2915,11402
2013-10-16,2605,2960,2970,2940,2950,17801
2013-10-17,2614,2970,2970,2925,2970,7836
2013-10-18,2596,2950,2975,2930,2965,10838
2013-10-21,2614,2970,2985,2935,2970,10256
2013-10-22,2631,2990,2990,2945,2970,7816
2013-10-23,2618,2975,3020,2965,2990,27905
2013-10-24,2600,2955,2995,2930,2975,19468
2013-10-25,2587,2940,2970,2915,2965,13120
2013-10-28,2614,2970,3000,2915,2955,8017
2013-10-29,2627,2985,2985,2950,2965,7719
2013-10-30,2614,2970,2995,2965,2985,6018
2013-10-31,2614,2970,2980,2950,2950,5136
2013-11-01,2662,3025,3025,2970,2970,43740
2013-11-04,2653,3015,3035,3005,3025,8071
2013-11-05,2627,2985,3020,2960,3010,13676
2013-11-06,2649,3010,3010,2975,2985,13264
2013-11-07,2649,3010,3020,2985,3010,9028
2013-11-08,2662,3025,3025,3000,3000,17598
2013-11-11,2680,3045,3045,3000,3030,48453
2013-11-12,2671,3035,3080,3025,3060,46664
2013-11-13,2662,3025,3045,3010,3010,24914
2013-11-14,2534,2880,3010,2770,3010,254557
2013-11-15,2552,2900,2920,2870,2875,30866
2013-11-18,2512,2855,2950,2845,2950,40176
2013-11-19,2530,2875,2900,2855,2880,7500
2013-11-20,2543,2890,2900,2875,2875,5668
2013-11-21,2534,2880,2890,2855,2890,5058
2013-11-22,2561,2910,2915,2850,2880,12637
2013-11-25,2574,2925,2935,2910,2910,3881
2013-11-26,2556,2905,2950,2900,2925,15536
2013-11-27,2578,2930,2930,2900,2900,66459
2013-11-28,2596,2950,2960,2930,2930,10290
2013-11-29,2618,2975,2980,2945,2950,17763
2013-12-02,2631,2990,2990,2960,2960,10803
2013-12-03,2631,2990,3000,2960,3000,6488
2013-12-04,2631,2990,3005,2955,2990,19479
2013-12-05,2605,2960,2995,2950,2955,11483
2013-12-06,2636,2995,3000,2970,2985,15054
2013-12-09,2636,2995,3010,2970,2970,18258
2013-12-10,2618,2975,3025,2965,2995,4033
2013-12-11,2614,2970,2980,2965,2980,3257
2013-12-12,2636,2995,2995,2950,2980,2352
2013-12-13,2640,3000,3000,2985,3000,674
2013-12-16,2658,3020,3050,2990,3005,9499
2013-12-17,2662,3025,3050,2985,3010,2256
2013-12-18,2666,3030,3060,3005,3060,1494
2013-12-19,2640,3000,3045,2910,3040,5502
2013-12-20,2675,3040,3040,2975,3005,2134
2013-12-23,2710,3080,3085,3005,3040,17042
2013-12-24,2710,3080,3110,3045,3080,16738
2013-12-26,2666,3030,3080,3000,3080,35039
2013-12-27,2712,2960,2980,2940,2965,10772
2013-12-30,2685,2930,2970,2920,2960,18785
2014-01-02,2731,2980,2995,2930,2930,23087
2014-01-03,2744,2995,3015,2950,2980,45136
2014-01-06,2895,3160,3280,3020,3020,113440
2014-01-07,2873,3135,3190,3095,3190,83049
2014-01-08,2932,3200,3270,3115,3145,162719
2014-01-09,2928,3195,3240,3170,3240,48872
2014-01-10,2923,3190,3205,3145,3200,51552
2014-01-13,2891,3155,3200,3125,3190,37651
2014-01-14,2905,3170,3170,3090,3170,42880
2014-01-15,2886,3150,3170,3100,3170,35465
2014-01-16,2841,3100,3160,3050,3160,36198
2014-01-17,2822,3080,3190,3070,3135,50978
2014-01-20,2850,3110,3130,3080,3080,8856
2014-01-21,2808,3065,3130,3035,3110,33181
2014-01-22,2776,3030,3095,3000,3060,22841
2014-01-23,2726,2975,3045,2970,3015,28177
2014-01-24,2698,2945,3030,2925,2990,14926
2014-01-27,2698,2945,2960,2830,2910,36797
2014-01-28,2703,2950,2970,2870,2950,4312
2014-01-29,2776,3030,3030,2950,2950,19553
2014-02-03,2767,3020,3065,2995,3030,11677
2014-02-04,2763,3015,3020,2975,2995,34812
2014-02-05,2744,2995,3025,2915,3020,12450
2014-02-06,2657,2900,2995,2900,2985,36858
2014-02-07,2676,2920,2930,2900,2900,15677
2014-02-10,2703,2950,2950,2915,2930,19495
2014-02-11,2703,2950,2980,2940,2940,10202
2014-02-12,2749,3000,3000,2950,2950,10527
2014-02-13,2717,2965,3000,2930,3000,27086
2014-02-14,2721,2970,2980,2950,2980,6627
2014-02-17,2776,3030,3145,3020,3145,58697
2014-02-18,2790,3045,3070,3015,3015,20356
2014-02-19,2818,3075,3080,3025,3070,18248
2014-02-20,2813,3070,3095,3060,3075,28242
2014-02-21,2804,3060,3085,3020,3080,18531
2014-02-24,2767,3020,3085,3000,3065,20013
2014-02-25,2740,2990,3040,2960,3000,21523
2014-02-26,2786,3040,3040,2955,3000,44722
2014-02-27,2786,3040,3065,3000,3035,35123
2014-02-28,2772,3025,3105,3025,3050,43679
2014-03-03,2749,3000,3040,2955,3005,26066
2014-03-04,2731,2980,3000,2940,2975,19799
2014-03-05,2749,3000,3010,2960,2975,48926
2014-03-06,2740,2990,3025,2965,3000,20389
2014-03-07,2753,3005,3025,2995,3010,11125
2014-03-10,2758,3010,3030,2950,3030,13444
2014-03-11,2767,3020,3025,2970,3005,33927
2014-03-12,2786,3040,3070,2995,3000,92842
2014-03-13,2841,3100,3245,3045,3060,241959
2014-03-14,2767,3020,3085,3020,3075,80072
2014-03-17,2790,3045,3065,3020,3065,43201
2014-03-18,2923,3190,3190,3055,3070,124079
2014-03-19,2891,3155,3225,3135,3200,66381
2014-03-20,2900,3165,3180,3100,3140,57367
2014-03-21,2978,3250,3300,3195,3195,272869
2014-03-24,2932,3200,3265,3160,3265,83603
2014-03-25,2909,3175,3200,3140,3190,45080
2014-03-26,2882,3145,3200,3120,3200,74537
2014-03-27,2882,3145,3165,3105,3165,64452
2014-03-28,2932,3200,3200,3115,3145,31468
2014-03-31,2955,3225,3235,3185,3210,55719
2014-04-01,2978,3250,3275,3225,3240,54130
2014-04-02,2932,3200,3270,3175,3235,65170
2014-04-03,2928,3195,3195,3135,3195,49963
2014-04-04,2895,3160,3195,3155,3165,48582
2014-04-07,2831,3090,3180,3080,3150,64988
2014-04-08,2845,3105,3125,3085,3085,20516
2014-04-09,2886,3150,3155,3085,3100,36648
2014-04-10,2868,3130,3165,3070,3150,58658
2014-04-11,2873,3135,3140,3100,3105,20474
2014-04-14,2900,3165,3170,3135,3150,16760
2014-04-15,2923,3190,3190,3130,3180,42587
2014-04-16,2932,3200,3200,3165,3190,27191
2014-04-17,2900,3165,3200,3160,3195,24862
2014-04-18,2895,3160,3185,3140,3150,21731
2014-04-21,2836,3095,3170,3090,3145,55872
2014-04-22,2877,3140,3170,3100,3100,33402
2014-04-23,2831,3090,3170,3085,3120,49853
2014-04-24,2799,3055,3120,3055,3085,59367
2014-04-25,2758,3010,3085,3010,3045,62607
2014-04-28,2776,3030,3035,2985,2990,36267
2014-04-29,2813,3070,3070,3020,3020,16401
2014-04-30,2808,3065,3095,3065,3080,12119
2014-05-02,2813,3070,3095,3065,3065,13795
2014-05-07,2822,3080,3100,3070,3070,11028
2014-05-08,2813,3070,3100,3045,3060,33644
2014-05-09,2850,3110,3125,3045,3045,17019
2014-05-12,2836,3095,3135,3095,3115,17552
2014-05-13,2813,3070,3155,3065,3125,21854
2014-05-14,2854,3115,3130,3075,3075,20128
2014-05-15,2854,3115,3120,3090,3120,30717
2014-05-16,2804,3060,3120,3060,3120,31796
2014-05-19,2740,2990,3070,2985,3065,70380
2014-05-20,2621,2860,2980,2835,2930,151054
2014-05-21,2634,2875,3000,2815,2840,92913
2014-05-22,2676,2920,2945,2870,2875,24931
2014-05-23,2657,2900,2925,2870,2920,46833
2014-05-26,2648,2890,2920,2865,2915,19443
2014-05-27,2680,2925,2925,2865,2900,23981
2014-05-28,2749,3000,3065,2875,2895,88268
2014-05-29,2767,3020,3025,2990,2995,59809
2014-05-30,2772,3025,3035,2995,2995,39487
2014-06-02,2795,3050,3050,3000,3025,55166
2014-06-03,2841,3100,3120,3035,3045,53239
2014-06-05,2854,3115,3120,3085,3100,65609
2014-06-09,2886,3150,3150,3115,3115,46278
2014-06-10,2873,3135,3160,3130,3145,56255
2014-06-11,2822,3080,3155,3065,3140,83559
2014-06-12,2895,3160,3170,3085,3085,57412
2014-06-13,2923,3190,3205,3140,3140,63028
2014-06-16,2932,3200,3240,3155,3190,72150
2014-06-17,2960,3230,3235,3165,3195,61408
2014-06-18,2946,3215,3235,3185,3220,23896
2014-06-19,2937,3205,3220,3190,3220,25483
2014-06-20,2891,3155,3210,3155,3210,17745
2014-06-23,2850,3110,3190,3110,3180,3398
2014-06-24,2831,3090,3120,3065,3115,13220
2014-06-25,2969,3240,3280,3090,3090,82745
2014-06-26,3005,3280,3285,3235,3265,27441
2014-06-27,3001,3275,3280,3250,3280,15267
2014-06-30,3005,3280,3295,3260,3260,14503
2014-07-01,3005,3280,3285,3190,3280,24504
2014-07-02,2937,3205,3290,3205,3280,25299
2014-07-03,2845,3105,3225,3095,3205,19580
2014-07-04,2868,3130,3165,3095,3105,15697
2014-07-07,2877,3140,3160,3130,3130,7021
2014-07-08,2886,3150,3165,3100,3160,10737
2014-07-09,2886,3150,3160,3145,3155,13660
2014-07-10,2992,3265,3265,3125,3150,30649
2014-07-11,2983,3255,3265,3240,3265,14889
2014-07-14,3042,3320,3325,3260,3260,30586
2014-07-15,2978,3250,3350,3250,3325,22166
2014-07-16,2978,3250,3280,3200,3255,15414
2014-07-17,3038,3315,3320,3205,3250,39824
2014-07-18,2978,3250,3345,3250,3295,5142
2014-07-21,3015,3290,3305,3245,3245,7547
2014-07-22,3051,3330,3350,3295,3295,16151
2014-07-23,3024,3300,3350,3295,3350,10793
2014-07-24,3042,3320,3320,3290,3290,22822
2014-07-25,2992,3265,3320,3265,3320,10628
2014-07-28,2891,3155,3255,3150,3240,30179
2014-07-29,2886,3150,3190,3130,3165,20015
2014-07-30,2923,3190,3195,3145,3150,16108
2014-07-31,2928,3195,3195,3160,3190,11139
2014-08-01,2973,3245,3265,3165,3195,16238
2014-08-04,2964,3235,3250,3185,3240,20466
2014-08-05,3024,3300,3345,3200,3250,26308
2014-08-06,2973,3245,3325,3230,3300,25654
2014-08-07,3005,3280,3300,3240,3280,4831
2014-08-08,2932,3200,3300,3200,3300,10253
2014-08-11,2937,3205,3220,3170,3200,2526
2014-08-12,2905,3170,3220,3160,3215,12693
2014-08-13,2950,3220,3220,3155,3180,8930
2014-08-14,2886,3150,3220,3135,3220,24263
2014-08-18,2863,3125,3155,3090,3150,18927
2014-08-19,2845,3105,3165,3090,3125,69763
2014-08-20,2863,3125,3135,3090,3090,12303
2014-08-21,2841,3100,3135,3100,3130,6461
2014-08-22,2831,3090,3125,3090,3100,6749
2014-08-25,2753,3005,3120,3005,3100,27865
2014-08-26,2822,3080,3085,3005,3015,23261
2014-08-27,2786,3040,3090,3040,3065,10347
2014-08-28,2799,3055,3065,3030,3030,8687
2014-08-29,2804,3060,3090,3035,3040,10818
2014-09-01,2804,3060,3070,3040,3040,19495
2014-09-02,2813,3070,3075,3040,3060,5346
2014-09-03,2808,3065,3080,3040,3070,8580
2014-09-04,2808,3065,3075,3050,3070,7372
2014-09-05,2808,3065,3090,3050,3065,9249
2014-09-11,2854,3115,3120,3065,3065,16917
2014-09-12,2850,3110,3130,3075,3115,9463
2014-09-15,2818,3075,3115,3050,3115,10804
2014-09-16,2804,3060,3085,3045,3075,17972
2014-09-17,2813,3070,3075,3045,3045,4214
2014-09-18,2808,3065,3090,3050,3080,10330
2014-09-19,2790,3045,3070,3020,3045,19938
2014-09-22,2758,3010,3060,2955,3045,47377
2014-09-23,2767,3020,3020,2970,3010,30475
2014-09-24,2767,3020,3020,2980,3020,10713
2014-09-25,2721,2970,3020,2965,2975,28197
2014-09-26,2717,2965,2980,2925,2980,21536
2014-09-29,2708,2955,2975,2920,2970,14712
2014-09-30,2731,2980,2980,2935,2955,19867
2014-10-01,2703,2950,2980,2930,2975,12003
2014-10-02,2685,2930,2960,2880,2960,18355
2014-10-06,2717,2965,2970,2930,2930,7486
2014-10-07,2721,2970,2970,2940,2965,8399
2014-10-08,2712,2960,2970,2940,2970,5276
2014-10-10,2685,2930,2965,2880,2960,15372
2014-10-13,2611,2850,2925,2845,2925,23835
2014-10-14,2648,2890,2890,2845,2845,16637
2014-10-15,2676,2920,2920,2885,2900,12083
2014-10-16,2648,2890,2920,2875,2920,17412
2014-10-17,2639,2880,2920,2880,2915,12926
2014-10-20,2643,2885,2900,2850,2895,7337
2014-10-21,2662,2905,2905,2865,2885,17037
2014-10-22,2676,2920,2920,2875,2905,22154
2014-10-23,2685,2930,2930,2910,2915,2786
2014-10-24,2685,2930,2930,2895,2925,3185
2014-10-27,2689,2935,2935,2910,2930,4404
2014-10-28,2689,2935,2940,2890,2940,5821
2014-10-29,2689,2935,2935,2895,2920,7544
2014-10-30,2676,2920,2935,2915,2935,3687
2014-10-31,2666,2910,2935,2905,2920,7022
2014-11-03,2653,2895,2930,2895,2910,5239
2014-11-04,2621,2860,2900,2860,2880,18828
2014-11-05,2611,2850,2890,2840,2860,14885
2014-11-06,2611,2850,2875,2830,2875,15198
2014-11-07,2625,2865,2865,2820,2850,19231
2014-11-10,2621,2860,2890,2860,2870,2178
2014-11-11,2625,2865,2880,2855,2880,6984
2014-11-12,2685,2930,2935,2875,2890,6461
2014-11-13,2689,2935,2935,2895,2925,6059
2014-11-14,2689,2935,2940,2910,2940,2614
2014-11-17,2685,2930,2940,2895,2935,7575
2014-11-18,2648,2890,2935,2885,2930,2757
2014-11-19,2671,2915,2920,2885,2890,5378
2014-11-20,2625,2865,2910,2850,2905,18401
2014-11-21,2611,2850,2880,2835,2865,12703
2014-11-24,2634,2875,2875,2850,2850,6718
2014-11-25,2639,2880,2900,2855,2875,7416
2014-11-26,2621,2860,2900,2850,2900,6786
2014-11-27,2593,2830,2885,2830,2860,24229
2014-11-28,2611,2850,2850,2830,2830,4599
2014-12-01,2433,2655,2850,2595,2850,247121
2014-12-02,2460,2685,2690,2630,2660,32157
2014-12-03,2497,2725,2750,2675,2675,8504
2014-12-04,2506,2735,2745,2715,2720,26091
2014-12-05,2520,2750,2765,2705,2735,13683
2014-12-08,2524,2755,2780,2730,2730,17990
2014-12-09,2515,2745,2760,2730,2730,25713
2014-12-10,2515,2745,2770,2710,2745,14598
2014-12-11,2515,2745,2745,2720,2740,6940
2014-12-12,2506,2735,2765,2735,2745,3654
2014-12-15,2497,2725,2735,2690,2735,15957
2014-12-16,2506,2735,2745,2695,2725,24135
2014-12-17,2497,2725,2725,2705,2720,9232
2014-12-18,2501,2730,2740,2705,2710,7339
2014-12-19,2488,2715,2735,2700,2720,20446
2014-12-22,2488,2715,2715,2690,2710,19594
2014-12-23,2488,2715,2720,2695,2700,15608
2014-12-24,2515,2745,2745,2685,2685,11912
2014-12-26,2611,2850,2895,2745,2745,33753
2014-12-29,2611,2730,2800,2720,2780,11361
2014-12-30,2626,2745,2765,2710,2730,6552
2015-01-02,2611,2730,2745,2690,2745,1899
2015-01-05,2597,2715,2740,2690,2730,9092
2015-01-06,2559,2675,2715,2635,2715,15202
2015-01-07,2559,2675,2675,2630,2675,16742
2015-01-08,2540,2655,2685,2630,2675,6666
2015-01-09,2544,2660,2685,2630,2655,10747
2015-01-12,2544,2660,2680,2645,2660,13204
2015-01-13,2535,2650,2670,2620,2640,13156
2015-01-14,2477,2590,2650,2565,2650,70268
2015-01-15,2482,2595,2595,2570,2590,8289
2015-01-16,2449,2560,2620,2515,2595,36800
2015-01-19,2477,2590,2590,2550,2560,3208
2015-01-20,2492,2605,2610,2525,2530,18901
2015-01-21,2487,2600,2625,2575,2600,22943
2015-01-22,2477,2590,2610,2570,2570,9502
2015-01-23,2497,2610,2630,2590,2590,6785
2015-01-26,2487,2600,2620,2565,2610,24792
2015-01-27,2511,2625,2630,2590,2590,14966
2015-01-28,2525,2640,2660,2615,2645,25289
2015-01-29,2516,2630,2645,2600,2640,11844
2015-01-30,2530,2645,2645,2625,2635,10461
2015-02-02,2535,2650,2655,2620,2650,13233
2015-02-03,2549,2665,2665,2635,2660,18271
2015-02-04,2544,2660,2670,2630,2665,17098
2015-02-05,2544,2660,2685,2630,2685,24426
2015-02-06,2564,2680,2685,2655,2685,11601
2015-02-09,2564,2680,2690,2650,2685,6035
2015-02-10,2564,2680,2680,2650,2660,12450
2015-02-11,2559,2675,2690,2660,2680,3751
2015-02-12,2554,2670,2675,2650,2675,11958
2015-02-13,2583,2700,2710,2650,2685,30377
2015-02-16,2592,2710,2710,2690,2705,18595
2015-02-17,2650,2770,2770,2705,2710,22694
2015-02-23,2678,2800,2810,2765,2770,20056
2015-02-24,2683,2805,2810,2785,2785,9861
2015-02-25,2674,2795,2810,2765,2810,21531
2015-02-26,2712,2835,2840,2790,2800,9490
2015-02-27,2726,2850,2855,2810,2845,2769
2015-03-02,2726,2850,2855,2835,2835,3288
2015-03-03,2741,2865,2870,2835,2835,2048
2015-03-04,2741,2865,2885,2820,2865,8571
2015-03-05,2741,2865,2885,2845,2880,24814
2015-03-06,2736,2860,2950,2840,2875,28589
2015-03-09,2755,2880,2925,2850,2860,6823
2015-03-10,2874,3005,3010,2885,2885,126628
2015-03-11,2913,3045,3070,3000,3000,77768
2015-03-12,2927,3060,3065,3005,3060,53594
2015-03-13,2865,2995,3145,2995,3065,176256
2015-03-16,2870,3000,3015,2980,3000,35185
2015-03-17,2865,2995,3095,2990,2995,47898
2015-03-18,2860,2990,3000,2950,3000,20631
2015-03-19,2788,2915,3005,2890,2990,23511
2015-03-20,2803,2930,2950,2905,2915,16069
2015-03-23,2817,2945,2965,2890,2930,12347
2015-03-24,2764,2890,2965,2890,2945,14297
2015-03-25,2774,2900,2940,2870,2890,11911
2015-03-26,2788,2915,2925,2865,2900,23990
2015-03-27,2779,2905,2945,2900,2910,15268
2015-03-30,2812,2940,2955,2905,2905,13478
2015-03-31,2827,2955,2985,2940,2955,21759
2015-04-01,2855,2985,2990,2935,2965,12607
2015-04-02,2860,2990,3010,2955,3010,40249
2015-04-03,2870,3000,3020,2990,3000,48360
2015-04-06,2870,3000,3020,2990,3020,47414
2015-04-07,2884,3015,3100,2970,3000,124402
2015-04-08,2951,3085,3095,3030,3095,60187
2015-04-09,2946,3080,3090,3040,3090,24888
2015-04-10,2989,3125,3200,3070,3095,74240
2015-04-13,3004,3140,3170,3110,3150,26908
2015-04-14,2994,3130,3155,3080,3155,25966
2015-04-15,3013,3150,3155,3100,3130,25527
2015-04-16,3061,3200,3215,3135,3160,58620
2015-04-17,3056,3195,3265,3175,3200,62629
2015-04-20,3013,3150,3190,3135,3190,18864
2015-04-21,3018,3155,3195,3120,3150,24089
2015-04-22,2956,3090,3170,3030,3155,34539
2015-04-23,2985,3120,3135,3045,3090,21718
2015-04-24,3157,3300,3390,3100,3130,289761
2015-04-27,3224,3370,3380,3260,3375,114260
2015-04-28,3377,3530,3625,3370,3375,236867
2015-04-29,3372,3525,3780,3465,3640,154063
2015-04-30,3233,3380,3565,3375,3565,91537
2015-05-04,3099,3240,3400,3225,3380,106137
2015-05-06,2970,3105,3245,3105,3240,84904
2015-05-07,3051,3190,3235,3100,3150,93093
2015-05-08,3205,3350,3390,3180,3180,75177
2015-05-11,3248,3395,3450,3310,3370,108575
2015-05-12,3348,3500,3555,3405,3405,103718
2015-05-13,3850,4025,4025,3500,3515,540707
2015-05-14,4424,4625,4625,4625,4625,50051
2015-05-15,4113,4300,4770,4190,4725,2390808
2015-05-18,3860,4035,4490,3935,4250,832612
2015-05-19,3807,3980,4320,3965,4125,720847
2015-05-20,3659,3825,4110,3710,3920,653156
2015-05-21,3702,3870,3960,3820,3900,333751
2015-05-22,3922,4100,4390,3955,3980,973255
2015-05-26,3922,4100,4430,4050,4100,444537
2015-05-27,3731,3900,4190,3835,4190,324384
2015-05-28,3736,3905,4050,3845,3940,256061
2015-05-29,4295,4490,4490,3990,4070,673311
2015-06-01,4046,4230,4715,4200,4610,1038463
2015-06-02,3908,4085,4230,4000,4200,388159
2015-06-03,4176,4365,4490,4125,4150,644136
2015-06-04,4018,4200,4670,4180,4500,474998
2015-06-05,3917,4095,4275,4050,4200,238301
2015-06-08,4286,4480,4500,4160,4185,295634
2015-06-09,4678,4890,4895,4250,4405,753833
2015-06-10,4735,4950,5360,4710,4915,729097
2015-06-11,4515,4720,5070,4715,4950,308058
2015-06-12,4334,4530,4915,4490,4745,240884
2015-06-15,4405,4605,4980,4570,4570,243388
2015-06-16,4233,4425,4655,4195,4620,330918
2015-06-17,4281,4475,4625,4310,4475,159786
2015-06-18,4511,4715,4735,4390,4520,158025
2015-06-19,4573,4780,5080,4730,4840,333473
2015-06-22,4707,4920,5320,4700,4800,506961
2015-06-23,4927,5150,5250,4855,5010,342748
2015-06-24,5501,5750,6270,5350,5350,1832697
2015-06-25,5539,5790,5910,5400,5550,767050
2015-06-26,5271,5510,5900,5510,5830,404628
2015-06-29,4841,5060,5390,4980,5200,361551
2015-06-30,5051,5280,5360,4890,5000,218948
2015-07-01,5108,5340,5390,5150,5280,156389
2015-07-02,4860,5080,5410,5080,5390,161887
2015-07-03,4793,5010,5290,4850,5080,234014
2015-07-06,4372,4570,5020,4555,5010,388506
2015-07-07,4276,4470,4715,4370,4570,297345
2015-07-08,4233,4425,4635,4365,4480,125893
2015-07-09,4195,4385,4455,4205,4405,100685
2015-07-10,4353,4550,4620,4420,4500,136329
2015-07-13,4487,4690,4690,4550,4635,105229
2015-07-14,4391,4590,4740,4535,4740,133141
2015-07-15,4348,4545,4655,4480,4610,71691
2015-07-16,4247,4440,4630,4440,4500,84153
2015-07-17,4128,4315,4510,4315,4480,90802
2015-07-20,4161,4350,4380,4255,4305,89825
2015-07-21,4324,4520,4700,4360,4395,139735
2015-07-22,4152,4340,4550,4330,4550,82409
2015-07-23,3960,4140,4370,4135,4300,121142
2015-07-24,3903,4080,4180,3995,4165,126192
2015-07-27,4018,4200,4200,3995,4080,63266
2015-07-28,3908,4085,4130,3995,4050,54861
2015-07-29,3841,4015,4130,4015,4100,55761
2015-07-30,3779,3950,4065,3780,4020,70195
2015-07-31,3803,3975,4000,3885,3900,28675
2015-08-03,3750,3920,4015,3910,3970,20852
2015-08-04,3769,3940,3945,3800,3850,36025
2015-08-05,3726,3895,3945,3860,3905,29748
2015-08-06,3884,4060,4075,3900,3900,45472
2015-08-07,3803,3975,4065,3820,4025,35723
2015-08-10,3712,3880,4035,3875,4035,42908
2015-08-11,3688,3855,3930,3820,3880,29583
2015-08-12,3525,3685,3880,3590,3810,76814
2015-08-13,3568,3730,3770,3660,3660,25274
2015-08-14,3568,3730,3730,3730,3730,0
2015-08-17,3826,4000,4190,3740,3780,102096
2015-08-18,3769,3940,4100,3895,4000,50710
2015-08-19,3554,3715,3885,3700,3800,43177
2015-08-20,3626,3790,3940,3650,3680,40333
2015-08-21,3391,3545,3710,3430,3550,93225
2015-08-24,3157,3300,3565,3295,3450,87251
2015-08-25,3367,3520,3590,3320,3320,61442
2015-08-26,3482,3640,3640,3460,3505,33312
2015-08-27,3530,3690,3740,3575,3740,30201
2015-08-28,3530,3690,3740,3600,3690,18157
2015-08-31,3530,3690,3775,3660,3730,18846
2015-09-01,3405,3560,3740,3560,3690,18056
2015-09-02,3429,3585,3615,3490,3520,34318
2015-09-03,3525,3685,3750,3620,3620,29935
2015-09-04,3444,3600,3725,3495,3685,55317
2015-09-07,3472,3630,3635,3550,3600,14702
2015-09-08,3453,3610,3775,3580,3635,28422
2015-09-09,3511,3670,3750,3610,3620,38102
2015-09-10,3664,3830,3940,3700,3780,57574
2015-09-11,3635,3800,3855,3760,3845,22920
2015-09-14,3611,3775,3860,3715,3830,34661
2015-09-15,3602,3765,3800,3745,3755,12601
2015-09-16,3683,3850,3875,3750,3790,39147
2015-09-17,3640,3805,3880,3800,3880,19515
2015-09-18,3635,3800,3860,3690,3840,16937
2015-09-21,3635,3800,3805,3705,3785,27330
2015-09-22,3635,3800,3855,3785,3815,26639
2015-09-23,3831,4005,4075,3785,3800,132705
2015-09-24,3946,4125,4170,4005,4100,105728
2015-09-25,4209,4400,4490,4125,4150,196713
2015-09-30,4190,4380,4490,4125,4150,307311
2015-10-01,4051,4235,4365,4160,4315,80323
2015-10-02,4023,4205,4325,4160,4300,53481
2015-10-05,4161,4350,4350,4165,4230,70226
2015-10-06,4176,4365,4400,4365,4400,1835424
2015-10-07,5262,5500,6210,5420,6210,5499316
2015-10-08,5443,5690,6590,5450,5490,2293510
2015-10-12,5415,5660,5870,5480,5690,926287
2015-10-13,5740,6000,6620,5610,5700,3135508
2015-10-14,5740,6000,6000,6000,6000,0
2015-10-15,5568,5820,6140,5780,5990,276123
2015-10-16,5453,5700,5860,5700,5730,161912
2015-10-19,6027,6300,6300,5810,5810,254076
2015-10-20,6046,6320,6320,6000,6300,1744023
2015-10-21,5922,6190,6440,6190,6440,2661513
2015-10-22,5883,6150,6440,6150,6440,1174451
2015-10-23,5960,6230,6590,6190,6200,570252
2015-10-26,5979,6250,6380,6040,6200,316472
2015-10-27,5730,5990,6240,5950,6160,298623
2015-10-28,5816,6080,6320,5930,5930,335276
2015-10-29,5788,6050,6230,6020,6110,225426
2015-10-30,5606,5860,6280,5690,6100,278624
2015-11-02,5367,5610,5970,5520,5860,174401
2015-11-03,5434,5680,5760,5340,5630,291191
2015-11-04,5625,5880,5890,5600,5800,129077
2015-11-05,5357,5600,5960,5560,5900,157580
2015-11-06,5089,5320,5630,5310,5610,144988
2015-11-09,4984,5210,5390,5030,5260,146117
2015-11-10,4955,5180,5290,5020,5210,76998
2015-11-11,5166,5400,5520,5100,5100,117118
2015-11-12,5271,5510,5550,5280,5430,79506
2015-11-13,5262,5500,5650,5340,5480,134877
2015-11-16,5108,5340,5420,5200,5300,112818
2015-11-17,5405,5650,5670,5330,5360,152575
2015-11-18,5271,5510,5790,5480,5650,119887
2015-11-19,5549,5800,5820,5510,5610,209325
2015-11-20,5482,5730,5960,5650,5850,155735
2015-11-23,5625,5880,5880,5570,5720,1208274
2015-11-24,5778,6040,6110,5820,5930,221828
2015-11-25,5644,5900,6040,5860,6040,153206
2015-11-26,5769,6030,6180,5780,5850,139694
2015-11-27,5759,6020,6170,5910,6060,151574
2015-11-30,5491,5740,6020,5670,6020,121557
2015-12-01,5625,5880,5890,5720,5800,98233
2015-12-02,5472,5720,5960,5720,5930,106846
2015-12-03,5290,5530,5700,5440,5660,126513
2015-12-04,5204,5440,5570,5350,5420,52909
2015-12-07,5309,5550,5580,5410,5430,66942
2015-12-08,5195,5430,5570,5280,5540,81558
2015-12-09,4888,5110,5450,5110,5400,109795
2015-12-10,4888,5110,5350,4890,5150,191728
2015-12-11,5108,5340,5410,5070,5070,117970
2015-12-14,4812,5030,5270,5030,5270,90050
2015-12-15,4879,5100,5240,4950,4950,39252
2015-12-16,5089,5320,5960,5200,5900,279618
2015-12-17,5357,5600,5600,5320,5500,135438
2015-12-18,5501,5750,6110,5610,5650,445409
2015-12-21,5711,5970,6150,5630,5700,272717
2015-12-22,5558,5810,6050,5640,6050,204999
2015-12-23,5491,5740,5900,5720,5890,99603
2015-12-24,5635,5890,5940,5720,5840,184531
2015-12-28,5491,5740,6080,5600,5890,179388
2015-12-29,5530,5670,5790,5600,5750,92663
2015-12-30,5540,5680,5770,5610,5750,88602
2016-01-04,5199,5330,5930,5330,5680,263879
2016-01-05,5130,5260,5370,5020,5290,93480
2016-01-06,5062,5190,5320,5070,5320,111039
2016-01-07,5003,5130,5270,5100,5190,51279
2016-01-08,5081,5210,5250,4900,5050,72326
2016-01-11,4838,4960,5230,4960,5230,66057
2016-01-12,4843,4965,5070,4935,4935,38741
2016-01-13,5042,5170,5190,5010,5010,45886
2016-01-14,4984,5110,5140,4965,5110,63575
2016-01-15,4877,5000,5280,4955,5260,67948
2016-01-18,5013,5140,5150,4905,5010,48879
2016-01-19,4877,5000,5200,4955,5200,63131
2016-01-20,4647,4765,5060,4750,5060,98788
2016-01-21,4613,4730,4845,4730,4800,29304
2016-01-22,4633,4750,4885,4690,4770,36636
2016-01-25,4589,4705,4840,4700,4775,52021
2016-01-26,4438,4550,4735,4450,4705,74824
2016-01-27,4482,4595,4660,4550,4600,27942
2016-01-28,4447,4560,4580,4475,4580,21323
2016-01-29,4369,4480,4640,4430,4565,43121
2016-02-01,4428,4540,4550,4440,4460,29087
2016-02-02,4389,4500,4550,4475,4505,20488
2016-02-03,4321,4430,4510,4405,4460,24968
2016-02-04,4326,4435,4520,4310,4310,53157
2016-02-05,4257,4365,4485,4360,4480,39832
2016-02-11,3940,4040,4365,4040,4365,87608
2016-02-12,3828,3925,4025,3900,3960,92544
2016-02-15,3901,4000,4025,3930,3930,26577
2016-02-16,3984,4085,4120,3995,4040,24154
2016-02-17,3901,4000,4085,3995,4085,37280
2016-02-18,4018,4120,4120,4050,4050,22594
2016-02-19,4043,4145,4155,4090,4130,24172
2016-02-22,4096,4200,4220,4145,4160,25303
2016-02-23,4252,4360,4375,4225,4285,30705
2016-02-24,4126,4230,4460,4230,4360,26554
2016-02-25,4174,4280,4350,4230,4300,10345
2016-02-26,4316,4425,4525,4300,4365,22769
2016-02-29,4243,4350,4465,4295,4465,22032
2016-03-02,4584,4700,5300,4350,4350,344196
2016-03-03,4486,4600,5000,4560,4745,86640
2016-03-04,4491,4605,4755,4605,4650,40974
2016-03-07,4569,4685,4780,4615,4670,36149
2016-03-08,4496,4610,4745,4510,4705,30500
2016-03-09,4496,4610,4640,4495,4610,10186
2016-03-10,4438,4550,4640,4495,4640,22585
2016-03-11,4472,4585,4650,4540,4605,29863
2016-03-14,4486,4600,4765,4580,4630,26032
2016-03-15,4545,4660,4765,4620,4620,43009
2016-03-16,4574,4690,4715,4605,4620,21317
2016-03-17,4521,4635,4740,4615,4735,33782
2016-03-18,4535,4650,4745,4600,4740,49664
2016-03-21,4477,4590,4720,4585,4720,45607
2016-03-22,4535,4650,4650,4560,4575,20377
2016-03-23,4501,4615,4670,4595,4670,33341
2016-03-24,4506,4620,4635,4585,4630,17491
2016-03-25,4389,4500,4625,4470,4615,46024
2016-03-28,4404,4515,4580,4480,4485,35375
2016-03-29,4438,4550,4585,4505,4560,9802
2016-03-30,4457,4570,4600,4520,4520,19419
2016-03-31,4482,4595,4650,4540,4600,18393
2016-04-01,4433,4545,4630,4545,4630,15055
2016-04-04,4457,4570,4620,4520,4620,20524
2016-04-05,4633,4750,5000,4530,4530,192687
2016-04-06,4623,4740,4800,4700,4800,33501
2016-04-07,4569,4685,4815,4685,4740,52072
2016-04-08,4667,4785,4915,4640,4640,51506
2016-04-11,4711,4830,5050,4805,4905,58987
2016-04-12,4877,5000,5060,4775,4785,131385
2016-04-14,4828,4950,5050,4850,5000,37680
2016-04-15,4730,4850,4905,4790,4870,48650
2016-04-18,4652,4770,4950,4710,4915,71925
2016-04-19,4682,4800,4845,4750,4810,38749
2016-04-20,4604,4720,4820,4715,4775,26809
2016-04-21,4608,4725,4750,4675,4720,30959
2016-04-22,4618,4735,4780,4635,4770,45111
2016-04-25,4838,4960,4960,4700,4755,104925
2016-04-26,4877,5000,5000,4855,4940,80659
2016-04-27,4916,5040,5240,4900,5030,150673
2016-04-28,4847,4970,5130,4960,5090,36952
2016-04-29,4872,4995,5010,4900,4970,33768
2016-05-02,4764,4885,5050,4885,4995,28540
2016-05-03,4716,4835,4955,4835,4880,25406
2016-05-04,4662,4780,4880,4755,4820,34302
2016-05-09,4701,4820,4885,4740,4780,22288
2016-05-10,4682,4800,4960,4780,4800,47745
2016-05-11,4594,4710,4840,4710,4840,35463
2016-05-12,4535,4650,4735,4650,4710,47342
2016-05-13,4506,4620,4680,4600,4660,41993
2016-05-16,4506,4620,4705,4610,4630,50323
2016-05-17,4506,4620,4650,4580,4580,31190
2016-05-18,4360,4470,4660,4400,4660,54534
2016-05-19,4291,4400,4470,4260,4470,50383
2016-05-20,4262,4370,4395,4305,4390,14399
2016-05-23,4238,4345,4405,4345,4370,10523
2016-05-24,4213,4320,4355,4290,4345,29525
2016-05-25,4350,4460,4465,4315,4325,13015
2016-05-26,4291,4400,4495,4400,4495,9787
2016-05-27,4301,4410,4535,4350,4400,18021
2016-05-30,4369,4480,4525,4400,4450,25225
2016-05-31,4360,4470,4530,4460,4500,16696
2016-06-01,4443,4555,4560,4505,4545,28081
2016-06-02,4462,4575,4645,4530,4645,17902
2016-06-03,4389,4500,4625,4485,4610,30806
2016-06-07,4399,4510,4535,4485,4500,17575
2016-06-08,4399,4510,4550,4480,4510,14828
2016-06-09,4394,4505,4550,4415,4545,52639
2016-06-10,4404,4515,4670,4435,4600,50237
2016-06-13,4316,4425,4490,4395,4445,18303
2016-06-14,4326,4435,4480,4350,4405,21168
2016-06-15,4189,4295,4475,4290,4475,18333
2016-06-16,4189,4295,4345,4200,4300,27718
2016-06-17,4150,4255,4350,4150,4290,38835
2016-06-20,4096,4200,4285,4160,4255,24733
2016-06-21,4087,4190,4270,4155,4175,40699
2016-06-22,4067,4170,4230,4170,4200,22156
2016-06-23,4057,4160,4225,4160,4190,27669
2016-06-24,3804,3900,4220,3840,4160,88355
2016-06-27,3779,3875,3935,3615,3800,56027
2016-06-28,3804,3900,3920,3805,3805,50463
2016-06-29,3891,3990,4020,3940,3990,33813
2016-06-30,3984,4085,4100,4020,4020,31514
2016-07-01,3984,4085,4120,4015,4090,28149
2016-07-04,3960,4060,4100,4015,4070,30615
2016-07-05,4096,4200,4200,4060,4060,30741
2016-07-06,4057,4160,4230,4100,4220,30722
2016-07-07,4116,4220,4270,4160,4160,9795
2016-07-08,4018,4120,4280,4090,4245,24521
2016-07-11,4028,4130,4215,4075,4135,61507
2016-07-12,4009,4110,4185,4050,4185,23982
2016-07-13,4018,4120,4165,4050,4115,35446
2016-07-14,4018,4120,4120,4055,4120,18467
2016-07-15,4067,4170,4250,4125,4135,27725
2016-07-18,4096,4200,4225,4150,4225,21648
2016-07-19,4106,4210,4240,4150,4240,22815
2016-07-20,4111,4215,4245,4140,4245,21387
2016-07-21,4082,4185,4250,4145,4200,17794
2016-07-22,4087,4190,4200,4150,4160,18822
2016-07-25,4111,4215,4230,4130,4230,21575
2016-07-26,4140,4245,4250,4170,4215,28825
2016-07-27,4691,4810,5340,4415,4415,4414594
2016-07-28,4764,4885,4940,4660,4795,495941
2016-07-29,4682,4800,5110,4800,5090,387375
2016-08-01,4784,4905,5070,4775,4800,288211
2016-08-02,4784,4905,5030,4720,5000,202137
2016-08-03,4647,4765,4950,4690,4950,134266
2016-08-04,4599,4715,4910,4690,4775,115144
2016-08-05,4486,4600,4700,4570,4670,87950
2016-08-08,4535,4650,4840,4605,4840,71390
2016-08-09,4545,4660,4685,4580,4685,48715
2016-08-10,4779,4900,4925,4625,4625,284114
2016-08-11,4633,4750,4900,4750,4900,68968
2016-08-12,4633,4750,4840,4735,4785,45690
2016-08-16,4491,4605,4810,4600,4750,58524
2016-08-17,4486,4600,4660,4470,4605,41682
2016-08-18,4413,4525,4610,4490,4610,54047
2016-08-19,4506,4620,4795,4575,4600,124323
2016-08-22,4652,4770,4865,4540,4670,209102
2016-08-23,4682,4800,4845,4695,4780,100489
2016-08-24,4594,4710,4800,4685,4800,98526
2016-08-25,4613,4730,4775,4560,4730,139409
2016-08-26,4350,4460,4715,4400,4715,171129
2016-08-29,4311,4420,4485,4405,4465,58974
2016-08-30,4252,4360,4475,4360,4425,26301
2016-08-31,4204,4310,4400,4265,4400,96741
2016-09-01,4126,4230,4390,4195,4310,70436
2016-09-02,4243,4350,4375,4225,4225,30433
2016-09-05,4262,4370,4400,4305,4400,25265
2016-09-06,4243,4350,4400,4270,4370,45460
2016-09-07,4243,4350,4360,4240,4350,73052
2016-09-08,4311,4420,4430,4245,4350,282780
2016-09-09,4160,4265,4435,4260,4350,171574
2016-09-12,4130,4235,4265,4090,4200,71364
2016-09-13,4033,4135,4235,4135,4200,69098
2016-09-19,4033,4135,4240,4135,4135,95459
2016-09-20,4145,4250,4300,4135,4195,268828
2016-09-21,4179,4285,4380,4180,4380,156318
2016-09-22,4091,4195,4310,4170,4290,237844
2016-09-23,4091,4195,4285,4175,4255,130700
2016-09-26,4091,4195,4260,4170,4225,123477
2016-09-27,4145,4250,4315,4185,4190,116324
2016-09-28,4145,4250,4300,4210,4250,114014
2016-09-29,4516,4630,5100,4280,4310,2256168
2016-09-30,4350,4460,4610,4440,4580,285355
2016-10-04,4438,4550,4600,4460,4460,233493
2016-10-05,4447,4560,4655,4490,4530,165358
2016-10-06,4569,4685,4755,4560,4560,274910
2016-10-07,4491,4605,4710,4520,4710,165097
2016-10-10,4384,4495,4605,4455,4560,101545
2016-10-11,4462,4575,4695,4455,4455,174696
2016-10-12,4447,4560,4670,4480,4575,104026
2016-10-13,4345,4455,4600,4440,4540,95731
2016-10-14,4340,4450,4520,4410,4470,43842
2016-10-17,4530,4645,4670,4455,4455,117488
2016-10-18,4472,4585,4690,4555,4690,68136
2016-10-19,4569,4685,4690,4570,4600,102738
2016-10-20,4589,4705,4760,4595,4710,125048
2016-10-21,4477,4590,4760,4575,4705,140190
2016-10-24,4511,4625,4650,4490,4580,139264
2016-10-25,4394,4505,4650,4440,4630,108390
2016-10-26,4155,4260,4485,4125,4440,173037
2016-10-27,4194,4300,4370,4220,4220,56262
2016-10-28,4165,4270,4340,4200,4340,37081
2016-10-31,4179,4285,4330,4140,4330,41182
2016-11-01,4140,4245,4340,4200,4250,43647
2016-11-02,4043,4145,4245,4120,4245,56619
2016-11-03,4043,4145,4180,4045,4045,36134
2016-11-04,4057,4160,4170,4055,4120,42199
2016-11-07,4077,4180,4240,4085,4135,56795
2016-11-08,4101,4205,4245,4130,4200,23880
2016-11-09,3857,3955,4240,3700,4215,225943
2016-11-10,4009,4110,4130,4000,4095,46790
2016-11-11,4038,4140,4165,4080,4095,27768
2016-11-14,4048,4150,4195,4105,4105,35056
2016-11-15,4033,4135,4195,4115,4115,35522
2016-11-16,4111,4215,4215,4125,4185,22908
2016-11-17,4106,4210,4245,4185,4245,22913
2016-11-18,4135,4240,4245,4150,4195,14071
2016-11-21,4048,4150,4390,4130,4245,37226
2016-11-22,4062,4165,4275,4105,4160,19787
2016-11-23,3965,4065,4210,4050,4190,39379
2016-11-24,3916,4015,4140,3960,4065,62539
2016-11-25,3979,4080,4080,3980,4040,15966
2016-11-28,3862,3960,4105,3960,4080,38457
2016-11-29,3794,3890,4000,3795,3960,77517
2016-11-30,3794,3890,3960,3840,3840,22161
2016-12-01,3872,3970,4015,3890,3890,19077
2016-12-02,3882,3980,4020,3940,4020,13950
2016-12-05,3872,3970,4000,3850,3925,39394
2016-12-06,3887,3985,4040,3985,4000,15300
2016-12-07,3887,3985,4100,3945,3960,11056
2016-12-08,3901,4000,4040,3955,4010,27951
2016-12-09,3930,4030,4065,4000,4015,19451
2016-12-12,3960,4060,4100,4010,4100,9603
2016-12-13,3906,4005,4110,3940,4060,45424
2016-12-14,3926,4025,4065,3965,4000,47138
2016-12-15,4013,4115,4120,4025,4045,24453
2016-12-16,4028,4130,4150,4085,4110,18908
2016-12-19,4023,4125,4145,4065,4145,15609
2016-12-20,4018,4120,4145,4070,4140,26880
2016-12-21,4033,4135,4160,4050,4155,24303
2016-12-22,4028,4130,4165,4090,4155,21578
2016-12-23,3979,4080,4155,4010,4155,103120
2016-12-26,3970,4070,4110,4030,4110,79101
2016-12-27,3970,4070,4075,4030,4075,53751
2016-12-28,4040,4040,4085,4015,4030,25030
2016-12-29,4015,4015,4075,4010,4075,31083
2017-01-02,3935,3935,4015,3905,4015,49520
2017-01-03,3980,3980,4050,3910,3910,28952
2017-01-04,4000,4000,4070,3960,4020,15620
2017-01-05,4050,4050,4085,3990,4070,29006
2017-01-06,4060,4060,4075,4030,4030,16707
2017-01-09,4040,4040,4080,4025,4075,29044
2017-01-10,4030,4030,4050,3955,4040,70574
2017-01-11,4080,4080,4080,4030,4040,22973
2017-01-12,4060,4060,4120,4005,4085,35373
2017-01-13,4170,4170,4195,4040,4060,80034
2017-01-16,4220,4220,4240,4155,4175,75701
2017-01-17,4235,4235,4250,4185,4220,41275
2017-01-18,4250,4250,4285,4220,4220,28116
2017-01-19,4245,4245,4270,4190,4250,33759
2017-01-20,4165,4165,4255,4125,4235,29803
2017-01-23,4135,4135,4180,4105,4170,27414
2017-01-24,4140,4140,4150,4005,4110,34596
2017-01-25,4155,4155,4170,4100,4160,28545
2017-01-26,4200,4200,4215,4110,4110,30436
2017-01-31,4200,4200,4240,4145,4200,33055
2017-02-01,4200,4200,4240,4170,4200,14408
2017-02-02,4100,4100,4245,4095,4215,69341
2017-02-03,4060,4060,4130,3985,4115,57347
2017-02-06,4055,4055,4190,4045,4100,64109
2017-02-07,4040,4040,4135,4040,4055,9397
2017-02-08,4030,4030,4100,4000,4055,28708
2017-02-09,4005,4005,4010,3900,3935,71219
2017-02-10,4010,4010,4070,3995,4020,9786
2017-02-13,4010,4010,4060,4005,4010,13016
2017-02-14,4010,4010,4070,3995,4010,30690
2017-02-15,4000,4000,4085,3990,3995,56910
2017-02-16,3990,3990,4080,3975,4005,66235
2017-02-17,3995,3995,4040,3960,3970,20607
2017-02-20,3995,3995,4030,3990,4010,7412
2017-02-21,4000,4000,4075,3970,3970,23457
2017-02-22,4035,4035,4130,4005,4025,29276
2017-02-23,4020,4020,4095,3985,4095,13727
2017-02-24,4040,4040,4095,4010,4095,20453
2017-02-27,4100,4100,4230,4010,4055,53083
2017-02-28,4240,4240,4265,4085,4100,78321
2017-03-02,4280,4280,4340,4185,4240,53403
2017-03-03,4200,4200,4300,4150,4280,28790
2017-03-06,4190,4190,4250,4120,4200,19961
2017-03-07,4240,4240,4260,4065,4190,45469
2017-03-08,4130,4130,4350,4130,4235,52307
2017-03-09,4145,4145,4200,4115,4190,9829
2017-03-10,4125,4125,4205,4055,4200,12918
2017-03-13,4140,4140,4235,4100,4235,19342
2017-03-14,4050,4050,4155,4050,4155,25442
2017-03-15,4055,4055,4085,4030,4085,29163
2017-03-16,4085,4085,4085,4020,4075,14078
2017-03-17,4060,4060,4180,4060,4180,22113
2017-03-20,4145,4145,4230,4060,4080,52085
2017-03-21,4175,4175,4225,4085,4200,35092
2017-03-22,4080,4080,4190,4060,4175,25260
2017-03-23,4150,4150,4150,4025,4125,40182
2017-03-24,4120,4120,4145,4070,4140,21060
2017-03-27,4050,4050,4115,4005,4095,48406
2017-03-28,4060,4060,4080,4015,4045,6123
2017-03-29,4035,4035,4050,4000,4040,18230
2017-03-30,4050,4050,4060,3925,4020,51001
2017-03-31,4020,4020,4050,3995,4050,7583
2017-04-03,4065,4065,4065,3985,4060,19419
2017-04-04,4015,4015,4080,3990,4060,30019
2017-04-05,4000,4000,4065,4000,4040,17987
2017-04-06,4000,4000,4035,3950,4030,24220
2017-04-07,4050,4050,4050,3980,4000,10274
2017-04-10,4060,4060,4075,3950,4000,57348
2017-04-11,3995,3995,4060,3955,4060,20541
2017-04-12,4000,4000,4030,3960,4030,10869
2017-04-13,4010,4010,4045,3985,4010,21810
2017-04-14,3975,3975,4050,3960,4050,13093
2017-04-17,4050,4050,4060,3990,4020,19089
2017-04-18,4065,4065,4075,4020,4070,28908
2017-04-19,4020,4020,4075,4020,4065,30576
2017-04-20,4070,4070,4110,4035,4040,36889
2017-04-21,4040,4040,4095,4015,4070,19066
2017-04-24,4015,4015,4055,3995,4040,29774
2017-04-25,4070,4070,4070,4005,4030,17714
2017-04-26,4110,4110,4125,4035,4070,23957
2017-04-27,4060,4060,4125,4040,4125,13042
2017-04-28,4060,4060,4135,4000,4075,38012
2017-05-02,4015,4015,4105,4005,4060,23944
2017-05-04,4040,4040,4055,4005,4015,6414
2017-05-08,3990,3990,4040,3955,4040,58702
2017-05-10,3970,3970,4030,3960,4000,23293
2017-05-11,3995,3995,4025,3990,3990,11024
2017-05-12,4010,4010,4015,3990,4010,18610
2017-05-15,3990,3990,4025,3980,4005,13187
2017-05-16,3985,3985,4025,3985,3985,10767
2017-05-17,3980,3980,4025,3975,3985,13607
2017-05-18,3995,3995,3995,3965,3980,25115
2017-05-19,4015,4015,4035,3990,4035,12554
2017-05-22,4015,4015,4060,4000,4030,8193
2017-05-23,4015,4015,4085,3995,4085,8691
2017-05-24,4005,4005,4025,3995,4015,11065
2017-05-25,4000,4000,4015,3970,4015,17109
2017-05-26,4140,4140,4180,3985,4000,98049
2017-05-29,4160,4160,4225,4105,4160,58196
2017-05-30,4130,4130,4180,4115,4180,16806
2017-05-31,4120,4120,4150,4105,4130,9642
2017-06-01,4115,4115,4150,4080,4085,20497
2017-06-02,4185,4185,4185,4090,4095,17492
2017-06-05,4120,4120,4220,4105,4220,18879
2017-06-07,4125,4125,4165,4100,4120,7867
2017-06-08,4060,4060,4140,4060,4140,36722
2017-06-09,4095,4095,4125,4030,4095,24126
2017-06-12,4095,4095,4110,4050,4110,8664
2017-06-13,4065,4065,4115,4050,4115,14256
2017-06-14,4070,4070,4095,4030,4075,25207
2017-06-15,4075,4075,4095,4055,4055,11201
2017-06-16,4100,4100,4130,4045,4120,18201
2017-06-19,4180,4180,4180,4050,4120,50772
2017-06-20,4115,4115,4180,4090,4180,24698
2017-06-21,4090,4090,4150,4055,4085,28115
2017-06-22,4055,4055,4095,4040,4070,12857
2017-06-23,4085,4085,4085,4050,4085,5941
2017-06-26,4060,4060,4100,4055,4080,14694
2017-06-27,4150,4150,4170,4050,4050,30064
2017-06-28,4095,4095,4150,4065,4150,21625
2017-06-29,4125,4125,4125,4075,4100,10360
2017-06-30,4065,4065,4120,4065,4070,8916
2017-07-03,3960,3960,4090,3950,4065,43287
2017-07-04,3965,3965,4020,3965,4000,13609
2017-07-05,3955,3955,4000,3950,3965,16394
2017-07-06,3990,3990,4030,3915,3955,40293
2017-07-07,3955,3955,4040,3940,3950,12190
2017-07-10,3965,3965,3990,3905,3955,20137
2017-07-11,3935,3935,3980,3930,3980,6963
2017-07-12,3995,3995,4000,3935,3955,17858
2017-07-13,4110,4110,4130,3960,3960,65483
2017-07-14,4030,4030,4120,4030,4110,17835
2017-07-17,4090,4090,4095,4025,4030,5621
2017-07-18,4000,4000,4120,3965,4120,32040
2017-07-19,4025,4025,4030,3975,4025,12455
2017-07-20,3995,3995,4040,3975,4000,16287
2017-07-21,4400,4400,4780,4030,4030,3329662
2017-07-24,4460,4460,4460,4335,4400,475373
2017-07-25,4410,4410,4510,4340,4510,259841
2017-07-26,4320,4320,4410,4250,4405,195395
2017-07-27,4270,4270,4335,4230,4320,137451
2017-07-28,4220,4220,4290,4170,4240,107477
2017-07-31,4265,4265,4265,4170,4220,54246
2017-08-01,4210,4210,4265,4190,4255,43642
2017-08-02,4265,4265,4280,4200,4225,67967
2017-08-03,4130,4130,4290,4130,4255,97196
2017-08-04,4145,4145,4195,4110,4175,38278
2017-08-07,4150,4150,4175,4090,4145,47342
2017-08-08,4145,4145,4200,4115,4200,31304
2017-08-09,4095,4095,4150,4045,4150,75774
2017-08-10,4050,4050,4150,3955,4130,120993
2017-08-11,3955,3955,4020,3940,3970,90700
2017-08-14,3965,3965,4000,3955,3960,35065
2017-08-16,3970,3970,4025,3965,3965,25967
2017-08-17,4000,4000,4000,3965,3970,22237
2017-08-18,3985,3985,4000,3950,4000,26621
2017-08-21,3930,3930,4000,3925,4000,45453
2017-08-22,3960,3960,3965,3930,3930,31336
2017-08-23,4050,4050,4075,3960,3970,52855
2017-08-24,4055,4055,4060,4010,4050,25766
2017-08-25,4200,4200,4210,4035,4035,157829
2017-08-28,4195,4195,4215,4110,4215,40554
2017-08-29,4295,4295,4300,4115,4145,81128
2017-08-30,4335,4335,4395,4240,4295,142317
2017-08-31,4355,4355,4365,4250,4335,57995
2017-09-01,4470,4470,4470,4300,4355,91418
2017-09-04,4415,4415,4495,4320,4320,81455
2017-09-05,4380,4380,4415,4130,4350,77423
2017-09-06,4385,4385,4460,4320,4380,45009
2017-09-07,4430,4430,4435,4335,4385,29201
2017-09-08,4385,4385,4555,4345,4430,56666
2017-09-11,4370,4370,4420,4200,4420,54477
2017-09-12,4740,4740,5100,4390,4390,2773701
2017-09-13,4745,4745,4810,4655,4800,321849
2017-09-14,4670,4670,4805,4625,4785,273035
2017-09-15,4670,4670,4770,4575,4635,231469
2017-09-18,4880,4880,4885,4575,4600,285357
2017-09-19,4870,4870,4905,4485,4870,296490
2017-09-20,4725,4725,4865,4680,4865,121897
2017-09-21,4725,4725,4765,4635,4700,77014
2017-09-25,4530,4530,4750,4315,4750,192444
2017-09-26,4530,4530,4530,4530,4530,0
2017-09-27,4500,4500,4550,4415,4430,32300
2017-09-28,4490,4490,4545,4420,4530,24718
2017-09-29,4500,4500,4560,4460,4485,38303
2017-10-10,4670,4670,4855,4430,4500,154658
2017-10-11,4615,4615,4720,4615,4720,65818
2017-10-12,4795,4795,4795,4650,4650,100083
2017-10-13,4760,4760,4820,4675,4795,47150
2017-10-16,4630,4630,4850,4520,4760,82718
2017-10-17,4690,4690,4750,4590,4630,64754
2017-10-18,4635,4635,4745,4600,4730,49434
2017-10-19,4710,4710,4825,4490,4690,370329
2017-10-20,4680,4680,4780,4570,4780,59724
2017-10-23,4555,4555,4700,4515,4680,63341
2017-10-24,4495,4495,4630,4400,4535,38499
2017-10-25,4400,4400,4550,4350,4485,75682
2017-10-26,4405,4405,4490,4340,4400,34601
2017-10-27,4480,4480,4485,4335,4370,48332
2017-10-30,4500,4500,4535,4415,4485,32809
2017-10-31,4540,4540,4570,4275,4525,25567
2017-11-01,4620,4620,4640,4485,4530,69448
2017-11-02,4660,4660,4685,4590,4620,47120
2017-11-03,4630,4630,4660,4585,4620,14669
2017-11-06,4660,4660,4665,4580,4605,25270
2017-11-07,4640,4640,4690,4570,4645,18088
2017-11-08,4625,4625,4685,4525,4600,35978
2017-11-09,4655,4655,4665,4565,4610,59277
2017-11-10,4565,4565,4690,4490,4650,108660
2017-11-13,4555,4555,4595,4500,4595,32534
2017-11-14,4575,4575,4680,4515,4640,37192
2017-11-15,4490,4490,4600,4480,4580,63083
2017-11-16,4510,4510,4640,4485,4560,68621
2017-11-17,4730,4730,5050,4490,4510,591616
2017-11-20,4765,4765,4790,4660,4765,110718
2017-11-21,4980,4980,5120,4770,4770,624382
2017-11-22,5360,5360,5450,4940,4985,864824
2017-11-23,5280,5280,5630,5190,5460,322923
2017-11-24,5280,5280,5450,5140,5240,270557
2017-11-27,5180,5180,5330,5040,5330,128943
2017-11-28,4825,4825,5210,4820,5210,273261
2017-11-29,4920,4920,4965,4825,4905,92570
2017-11-30,4785,4785,5010,4785,4875,82635
2017-12-01,4895,4895,4930,4790,4820,62394
2017-12-04,4745,4745,4895,4735,4895,94839
2017-12-05,4935,4935,4950,4700,4745,105940
2017-12-06,4880,4880,4985,4805,4925,43518
2017-12-07,4825,4825,4960,4710,4880,100342
2017-12-08,4780,4780,4890,4730,4830,35791
2017-12-11,4800,4800,4815,4720,4735,23265
2017-12-12,4880,4880,4920,4760,4820,34694
2017-12-13,4840,4840,4900,4735,4900,88850
2017-12-14,4730,4730,4840,4600,4840,191485
2017-12-15,4730,4730,4770,4585,4730,55731
2017-12-18,4680,4680,4745,4610,4705,36565
2017-12-19,4670,4670,4755,4575,4660,65735
2017-12-21,4475,4475,4665,4445,4630,75887
2017-12-22,4345,4345,4555,4345,4460,89842
2017-12-26,4400,4400,4430,4340,4340,49038
2017-12-27,4495,4495,4520,4340,4340,13764
2017-12-28,4510,4510,4540,4410,4480,35918
2018-01-01,4510,4510,4510,4510,4510,0
2018-01-02,4555,4555,4555,4435,4475,33100
2018-01-03,4515,4515,4600,4470,4595,42481
2018-01-04,4525,4525,4590,4450,4525,37362
2018-01-05,4585,4585,4635,4450,4550,26420
2018-01-08,4415,4415,4585,4415,4510,95717
2018-01-09,4330,4330,4420,4265,4415,98451
2018-01-10,4190,4190,4390,4150,4390,102470
2018-01-11,4125,4125,4215,4085,4175,124114
2018-01-12,4195,4195,4325,4100,4105,41562
2018-01-15,4200,4200,4275,4165,4170,47122
2018-01-16,4260,4260,4290,4155,4195,29436
2018-01-17,4215,4215,4290,4210,4245,55876
2018-01-18,4170,4170,4240,4155,4200,52414
2018-01-19,4150,4150,4200,4110,4165,65977
2018-01-22,4165,4165,4225,4135,4160,39466
2018-01-23,4445,4445,5350,4125,4160,1128937
2018-01-24,4450,4450,4540,4350,4445,189572
2018-01-25,4515,4515,4575,4430,4460,171512
2018-01-26,4525,4525,4625,4495,4545,139350
2018-01-29,4520,4520,4550,4460,4500,86722
2018-01-30,4530,4530,4545,4490,4525,88642
2018-01-31,4490,4490,4565,4435,4515,64001
2018-02-01,4520,4520,4545,4450,4490,46164
2018-02-02,4670,4670,4755,4465,4520,231165
2018-02-05,4735,4735,5160,4605,4605,845430
2018-02-06,4920,4920,4945,4515,4620,351058
2018-02-07,4730,4730,5180,4730,5060,347067
2018-02-08,4700,4700,4875,4670,4730,79140
2018-02-09,4580,4580,4725,4560,4695,89120
2018-02-12,4740,4740,4915,4560,4695,123329
2018-02-13,4615,4615,4890,4615,4720,56800
2018-02-14,4590,4590,4710,4550,4615,55691
2018-02-19,4700,4700,4790,4590,4595,93064
2018-02-20,4790,4790,4825,4710,4800,37084
2018-02-21,4780,4780,4830,4700,4830,57050
2018-02-22,4725,4725,4805,4660,4805,40738
2018-02-23,4660,4660,4795,4660,4795,34021
2018-02-26,4645,4645,4695,4610,4665,28083
2018-02-27,4590,4590,4670,4555,4650,56420
2018-02-28,4535,4535,4655,4485,4655,65663
2018-03-02,4485,4485,4510,4420,4480,39238
2018-03-05,4420,4420,4510,4400,4485,34778
2018-03-06,4435,4435,4485,4390,4440,25994
2018-03-08,4465,4465,4485,4295,4380,28836
2018-03-09,4525,4525,4540,4425,4465,48348
2018-03-12,4570,4570,4595,4545,4565,54595
2018-03-13,4610,4610,4630,4525,4530,31980
2018-03-14,4750,4750,4795,4560,4610,71935
2018-03-15,4800,4800,4820,4690,4745,79523
2018-03-16,4715,4715,4840,4700,4800,46559
2018-03-19,4820,4820,4865,4700,4755,119242
2018-03-20,4935,4935,4935,4720,4800,101009
2018-03-21,5140,5140,5720,4995,4995,2915110
2018-03-22,5130,5130,5200,5010,5140,287055
2018-03-23,5300,5300,5560,4940,4940,1276593
2018-03-26,5600,5600,5870,5230,5420,1288882
2018-03-27,5790,5790,6090,5650,5710,979807
2018-03-28,5620,5620,5940,5610,5800,455443
2018-03-29,5730,5730,5900,5480,5570,315128
2018-03-30,5700,5700,5980,5620,5980,194496
2018-04-02,5690,5690,5900,5690,5860,198516
2018-04-03,5650,5650,5720,5580,5690,140923
2018-04-04,5750,5750,5940,5590,5730,222937
2018-04-05,5950,5950,5990,5700,5750,267555
2018-04-06,5810,5810,5970,5600,5950,191936
2018-04-09,5650,5650,5800,5570,5700,104076
2018-04-10,5560,5560,5660,5470,5650,89921
2018-04-11,5580,5580,5710,5490,5570,76208
2018-04-12,5540,5540,5670,5430,5580,151485
2018-04-13,5780,5780,5830,5450,5560,125198
2018-04-16,5710,5710,5800,5660,5720,28440
2018-04-17,5740,5740,5760,5510,5710,106768
2018-04-18,6040,6040,6090,5650,5800,370090
2018-04-19,5970,5970,6160,5890,6130,171927
2018-04-20,5890,5890,6020,5700,5970,153572
2018-04-23,5900,5900,5940,5760,5840,110927
2018-04-24,5780,5780,5940,5740,5940,66775
2018-04-25,5610,5610,5790,5500,5780,169033
2018-04-26,5650,5650,5740,5500,5590,93510
2018-04-27,5670,5670,5740,5520,5700,67869
2018-04-30,5610,5610,5700,5480,5700,48167
2018-05-02,5640,5640,5750,5390,5590,128590
2018-05-03,5540,5540,5750,5400,5750,126522
2018-05-04,5430,5430,5570,5330,5540,133550
2018-05-08,5290,5290,5550,5250,5430,87047
2018-05-09,5510,5510,5510,5180,5240,146077
2018-05-10,5410,5410,5500,5270,5500,76008
2018-05-11,5440,5440,5520,5350,5360,49019
2018-05-14,5510,5510,5560,5370,5420,63613
2018-05-15,5300,5300,5590,5300,5550,93729
2018-05-16,5150,5150,5530,5060,5330,114516
2018-05-17,5200,5200,5360,5020,5020,133387
2018-05-18,5600,5600,5640,5200,5230,199071
2018-05-21,5850,5850,7000,5800,6100,3991045
2018-05-23,6150,6150,6280,5660,5800,869825
2018-05-24,6300,6300,6400,5950,6130,653517
2018-05-25,6020,6020,6450,5980,6290,692912
2018-05-28,6070,6070,6160,5850,5850,251565
2018-05-29,6160,6160,6190,5930,6020,282539
2018-05-30,6320,6320,6500,6150,6170,579999
2018-05-31,6110,6110,6420,6060,6400,241205
2018-06-01,6230,6230,6330,6030,6090,191991
2018-06-04,6600,6600,6600,6170,6230,370674
2018-06-05,6490,6490,6650,6330,6630,180458
2018-06-07,6400,6400,6600,6300,6430,212270
2018-06-08,6430,6430,6600,6360,6380,278681
2018-06-11,6280,6280,6500,6190,6450,188456
2018-06-12,6310,6310,6490,6200,6230,170462
2018-06-14,6310,6310,6390,6110,6300,114421
2018-06-15,6300,6300,6560,6210,6300,272648
2018-06-18,6040,6040,6320,5820,6320,375741
2018-06-19,5760,5760,6150,5630,6060,205856
2018-06-20,5880,5880,6070,5710,5710,149715
2018-06-21,5850,5850,6030,5820,5900,100055
2018-06-22,6050,6050,6050,5670,5850,81825
2018-06-25,6410,6410,6550,5980,6040,403963
2018-06-26,6530,6530,6640,6280,6310,430139
2018-06-27,6250,6250,6610,6200,6530,276351
2018-06-28,6160,6160,6300,5930,6160,204839
2018-06-29,6080,6080,6190,5890,6170,108337
2018-07-02,5890,5890,6080,5830,6080,113282
2018-07-03,6080,6080,6160,5680,5890,184960
2018-07-04,6050,6050,6290,5860,6170,267310
2018-07-05,5990,5990,6100,5730,6050,114407
2018-07-06,6020,6020,6120,5820,5990,87594
2018-07-09,5940,5940,6040,5870,6040,63529
2018-07-10,5910,5910,5970,5800,5950,153692
2018-07-11,5770,5770,5950,5750,5890,97587
2018-07-12,6060,6060,6070,5700,5760,130873
2018-07-13,6140,6140,6270,6000,6100,193988
2018-07-16,5920,5920,6250,5920,6180,87221
2018-07-17,5880,5880,5980,5740,5920,119757
2018-07-18,6130,6130,6220,5800,5960,236687
2018-07-19,6440,6440,6450,6080,6250,588886
2018-07-20,6200,6200,6540,5980,6480,514897
2018-07-23,5800,5800,6170,5800,6140,217570
2018-07-24,5860,5860,6010,5770,5790,116635
2018-07-26,6790,6790,6900,6130,6210,1786823
2018-07-27,7150,7150,7240,6680,6780,1018821
2018-07-30,7320,7320,7570,7030,7150,611305
2018-07-31,7210,7210,7300,7050,7290,182432
2018-08-01,7030,7030,7910,6950,7210,763428
2018-08-02,7150,7150,7190,6830,6980,245322
2018-08-03,7640,7640,7640,7160,7160,375243
