,Adj Close,Close,High,Low,Open,Volume
2002-01-18,2951,3470,3470,3470,3470,36500
2002-01-21,3299,3880,3880,3800,3880,580700
2002-01-22,3206,3770,4330,3650,4120,569600
2002-01-23,3070,3610,3930,3420,3760,325300
2002-01-24,3214,3780,3890,3400,3400,372500
2002-01-25,3597,4230,4230,4000,4000,101000
2002-01-28,4022,4730,4730,4730,4730,6400
2002-01-29,4498,5290,5290,4730,5290,598800
2002-01-30,4847,5700,5920,4920,5080,471500
2002-02-01,4286,5040,6000,5040,5600,246900
2002-02-04,3775,4440,5050,4440,4540,124300
2002-02-05,3622,4260,4650,3910,4060,268800
2002-02-06,3240,3810,4290,3750,4030,215000
2002-02-07,3053,3590,3840,3370,3520,122500
2002-02-08,2951,3470,3680,3400,3660,56500
2002-02-14,2985,3510,3800,3430,3470,79700
2002-02-15,3342,3930,3930,3520,3520,162800
2002-02-18,2959,3480,4150,3460,4140,188500
2002-02-19,2636,3100,3500,3070,3400,166900
2002-02-20,2551,3000,3140,2950,2980,107000
2002-02-21,2551,3000,3120,2920,3100,95600
2002-02-22,2619,3080,3180,3020,3020,150300
2002-02-25,2534,2980,3230,2950,3150,132400
2002-02-26,2406,2830,3080,2830,2980,149600
2002-02-27,2381,2800,2810,2710,2780,104300
2002-02-28,2661,3130,3130,2750,2800,174600
2002-03-04,2976,3500,3500,3370,3500,404700
2002-03-05,2797,3290,3700,3160,3700,545400
2002-03-06,2814,3310,3350,3120,3300,261900
2002-03-07,2831,3330,3570,3330,3550,378600
2002-03-08,3163,3720,3720,3250,3250,475900
2002-03-11,3410,4010,4080,3600,3820,630500
2002-03-12,3316,3900,4200,3850,4100,710700
2002-03-13,2925,3440,3900,3440,3800,407300
2002-03-14,2857,3360,3430,3200,3380,364100
2002-03-15,2865,3370,3420,3160,3160,389400
2002-03-18,2721,3200,3510,3170,3450,586200
2002-03-19,2934,3450,3450,3250,3250,678900
2002-03-20,3019,3550,3710,3460,3490,1048700
2002-03-21,3112,3660,3910,3460,3500,1460000
2002-03-22,3044,3580,3850,3500,3850,816500
2002-03-25,3359,3950,3980,3620,3620,917600
2002-03-26,3435,4040,4060,3800,4000,722800
2002-03-27,3563,4190,4370,4030,4030,1171200
2002-03-28,3138,3690,4350,3690,4220,1222200
2002-03-29,3240,3810,3840,3500,3700,513800
2002-04-01,3061,3600,3910,3570,3850,389700
2002-04-02,2968,3490,3630,3400,3510,277000
2002-04-03,3044,3580,3730,3400,3490,519500
2002-04-04,3002,3530,3680,3460,3530,255400
2002-04-08,3189,3750,3750,3470,3510,396800
2002-04-09,3121,3670,4080,3670,3860,1338300
2002-04-10,3495,4110,4110,3710,3800,1747500
2002-04-11,3401,4000,4450,3930,4150,2097900
2002-04-12,2993,3520,4140,3520,3960,1046700
2002-04-15,2891,3400,3610,3290,3560,669700
2002-04-16,2891,3400,3460,3280,3280,502700
2002-04-17,2857,3360,3520,3320,3450,362000
2002-04-18,2942,3460,3540,3360,3360,400900
2002-04-19,2806,3300,3510,3220,3460,251200
2002-04-22,2474,2910,3370,2910,3300,340100
2002-04-23,2296,2700,2890,2570,2750,246100
2002-04-24,2177,2560,2760,2510,2610,182200
2002-04-25,1921,2260,2600,2260,2500,328900
2002-04-26,2126,2500,2520,2100,2260,280600
2002-04-29,1956,2300,2400,2240,2310,194000
2002-04-30,1956,2300,2370,2210,2210,147800
2002-05-02,2058,2420,2530,2360,2380,133900
2002-05-03,2083,2450,2530,2370,2370,115300
2002-05-06,2083,2450,2580,2420,2580,103700
2002-05-07,2126,2500,2500,2380,2400,159300
2002-05-08,2202,2590,2760,2500,2510,376000
2002-05-09,2160,2540,2700,2500,2700,102500
2002-05-10,2066,2430,2590,2320,2500,161500
2002-05-13,1990,2340,2400,2320,2370,69100
2002-05-14,1964,2310,2400,2300,2390,86200
2002-05-15,2075,2440,2560,2330,2330,243100
2002-05-16,2024,2380,2490,2370,2400,101600
2002-05-17,2262,2660,2660,2390,2400,271000
2002-05-20,2304,2710,2790,2580,2790,284100
2002-05-21,2126,2500,2750,2400,2660,202900
2002-05-22,2143,2520,2550,2390,2480,127900
2002-05-23,2058,2420,2550,2420,2550,116400
2002-05-24,1956,2300,2500,2240,2240,98700
2002-05-27,1998,2350,2350,2250,2250,59400
2002-05-28,2117,2490,2500,2350,2400,117700
2002-05-29,2015,2370,2520,2360,2520,48100
2002-05-30,1998,2350,2440,2270,2440,50500
2002-05-31,1956,2300,2380,2280,2300,51500
2002-06-03,1998,2350,2350,2250,2350,49600
2002-06-04,1939,2280,2350,2230,2250,17000
2002-06-05,1998,2350,2360,2290,2310,22500
2002-06-07,1921,2260,2330,2230,2230,60700
2002-06-10,1870,2200,2310,2200,2260,21900
2002-06-11,1819,2140,2260,2120,2200,47100
2002-06-12,1794,2110,2190,2090,2100,53800
2002-06-14,1811,2130,2200,2100,2100,73200
2002-06-17,1870,2200,2250,2130,2200,32000
2002-06-18,2058,2420,2420,2250,2250,246400
2002-06-19,1956,2300,2560,2130,2350,408600
2002-06-20,1853,2180,2330,2140,2290,114800
2002-06-21,2041,2400,2400,2070,2100,187700
2002-06-24,1904,2240,2400,2200,2260,127300
2002-06-25,1828,2150,2300,2150,2250,112200
2002-06-26,1615,1900,2100,1900,2070,95800
2002-06-27,1585,1830,1980,1790,1870,64700
2002-06-28,1715,1980,2000,1850,1860,80200
2002-07-02,1689,1950,1980,1860,1870,51300
2002-07-03,1689,1950,1970,1860,1970,51200
2002-07-04,1706,1970,2050,1950,1950,109800
2002-07-05,1793,2070,2140,1980,1980,130600
2002-07-08,1715,1980,2140,1970,2140,116300
2002-07-09,1758,2030,2050,1960,1960,96700
2002-07-10,1819,2100,2140,1990,2070,81900
2002-07-11,1793,2070,2190,2030,2120,78400
2002-07-12,2001,2310,2310,2080,2120,246000
2002-07-15,1949,2250,2370,2240,2280,174900
2002-07-16,1715,1980,2290,1980,2250,170100
2002-07-18,1689,1950,2000,1930,1930,92200
2002-07-19,1602,1850,1950,1830,1870,85300
2002-07-22,1420,1640,1780,1630,1720,82200
2002-07-23,1516,1750,1800,1600,1650,85300
2002-07-24,1438,1660,1740,1610,1690,58400
2002-07-25,1490,1720,1840,1700,1830,46600
2002-07-26,1403,1620,1720,1580,1670,54700
2002-07-29,1481,1710,1790,1640,1790,43900
2002-07-30,1524,1760,1780,1720,1720,32900
2002-07-31,1455,1680,1820,1680,1750,39400
2002-08-01,1429,1650,1780,1650,1780,17200
2002-08-02,1472,1700,1700,1610,1620,15100
2002-08-05,1429,1650,1770,1520,1660,76300
2002-08-06,1403,1620,1650,1550,1600,33200
2002-08-07,1429,1650,1680,1630,1650,32200
2002-08-08,1455,1680,1700,1650,1650,23900
2002-08-09,1429,1650,1750,1650,1740,45700
2002-08-12,1455,1680,1700,1650,1690,7200
2002-08-13,1507,1740,1850,1660,1680,96100
2002-08-14,1472,1700,1780,1670,1710,25600
2002-08-16,1585,1830,1880,1620,1780,140000
2002-08-19,1542,1780,1860,1710,1850,82300
2002-08-20,1524,1760,1830,1690,1820,88200
2002-08-21,1490,1720,1770,1690,1750,47000
2002-08-22,1438,1660,1740,1660,1740,63700
2002-08-26,1507,1740,1810,1640,1700,302900
2002-08-27,1455,1680,1800,1640,1770,129000
2002-08-28,1420,1640,1700,1620,1650,82800
2002-08-29,1394,1610,1660,1600,1620,43800
2002-08-30,1394,1610,1650,1610,1620,43600
2002-09-02,1403,1620,1650,1590,1590,59500
2002-09-03,1403,1620,1640,1600,1620,29000
2002-09-04,1368,1580,1620,1570,1620,35500
2002-09-05,1386,1600,1640,1580,1580,24300
2002-09-06,1334,1540,1620,1530,1590,23000
2002-09-09,1247,1440,1570,1440,1490,38300
2002-09-10,1247,1440,1480,1390,1390,37200
2002-09-11,1230,1420,1470,1400,1420,27100
2002-09-12,1290,1490,1560,1360,1360,105600
2002-09-13,1273,1470,1530,1410,1450,37600
2002-09-16,1247,1440,1500,1440,1450,7400
2002-09-17,1299,1500,1550,1410,1410,21300
2002-09-18,1221,1410,1490,1410,1490,17600
2002-09-19,1238,1430,1510,1400,1410,23900
2002-09-23,1247,1440,1490,1370,1410,7000
2002-09-24,1117,1290,1410,1270,1300,56500
2002-09-25,1013,1170,1290,1160,1290,26500
2002-09-26,979,1130,1230,1130,1190,15400
2002-09-27,979,1130,1170,1010,1110,42600
2002-09-30,1091,1260,1260,1130,1130,202900
2002-10-01,1126,1300,1350,1220,1330,154500
2002-10-02,1256,1450,1450,1200,1330,138000
2002-10-04,1169,1350,1540,1350,1490,111000
2002-10-07,1100,1270,1370,1250,1290,27200
2002-10-08,1108,1280,1370,1210,1300,47400
2002-10-09,1083,1250,1360,1250,1300,22800
2002-10-10,1048,1210,1280,1150,1220,49600
2002-10-11,1091,1260,1280,1210,1220,62500
2002-10-14,1143,1320,1330,1260,1290,22700
2002-10-15,1169,1350,1420,1300,1340,34900
2002-10-16,1160,1340,1370,1300,1360,38100
2002-10-17,1143,1320,1350,1290,1350,26700
2002-10-18,1178,1360,1400,1330,1330,20100
2002-10-21,1134,1310,1400,1300,1370,33100
2002-10-22,1160,1340,1400,1300,1330,17600
2002-10-23,1152,1330,1380,1310,1340,20300
2002-10-24,1160,1340,1360,1330,1340,11900
2002-10-25,1299,1500,1500,1350,1350,67100
2002-10-28,1299,1500,1590,1400,1590,124000
2002-10-29,1377,1590,1590,1480,1500,124800
2002-10-30,1342,1550,1660,1520,1620,107600
2002-10-31,1282,1480,1650,1420,1540,62600
2002-11-01,1299,1500,1650,1450,1480,81800
2002-11-04,1342,1550,1590,1320,1510,158800
2002-11-05,1498,1730,1730,1590,1630,399900
2002-11-06,1472,1700,1750,1640,1740,216900
2002-11-07,1299,1500,1770,1500,1670,159200
2002-11-08,1247,1440,1550,1400,1500,113200
2002-11-11,1152,1330,1500,1330,1450,150900
2002-11-12,1152,1330,1340,1260,1260,78700
2002-11-13,1126,1300,1370,1300,1330,37800
2002-11-14,1134,1310,1340,1300,1300,21400
2002-11-15,1169,1350,1380,1320,1330,48300
2002-11-18,1186,1370,1410,1360,1360,22500
2002-11-19,1169,1350,1400,1340,1370,26800
2002-11-20,1134,1310,1360,1300,1360,32100
2002-11-21,1143,1320,1350,1310,1350,36900
2002-11-22,1143,1320,1340,1310,1310,18600
2002-11-25,1143,1320,1340,1300,1320,23300
2002-11-26,1134,1310,1360,1300,1360,38700
2002-11-27,1160,1340,1340,1290,1320,11300
2002-11-28,1195,1380,1400,1340,1360,33800
2002-11-29,1195,1380,1420,1370,1380,23100
2002-12-03,1238,1430,1460,1370,1410,70000
2002-12-04,1221,1410,1450,1400,1430,34700
2002-12-05,1238,1430,1450,1410,1440,39200
2002-12-06,1342,1550,1590,1400,1450,79400
2002-12-09,1290,1490,1540,1470,1540,57400
2002-12-10,1256,1450,1490,1450,1460,22500
2002-12-11,1273,1470,1490,1450,1450,14800
2002-12-12,1290,1490,1510,1450,1510,19600
2002-12-13,1221,1410,1520,1410,1490,36300
2002-12-16,1195,1380,1440,1350,1410,23000
2002-12-17,1186,1370,1410,1360,1390,63300
2002-12-18,1178,1360,1400,1360,1400,13800
2002-12-20,1134,1310,1360,1300,1360,20700
2002-12-23,1048,1210,1300,1210,1290,33600
2002-12-24,979,1130,1210,1100,1210,38900
2002-12-26,1005,1160,1170,1130,1140,26300
2002-12-27,961,1110,1130,1100,1100,10600
2002-12-30,944,1090,1090,1050,1090,4300
2003-01-02,1005,1160,1180,1030,1030,9100
2003-01-03,1022,1180,1190,1160,1160,24800
2003-01-06,1039,1200,1200,1150,1200,16400
2003-01-07,1031,1190,1240,1170,1230,9200
2003-01-08,1031,1190,1200,1160,1170,10100
2003-01-09,1039,1200,1220,1170,1220,9300
2003-01-10,1013,1170,1240,1080,1180,14500
2003-01-13,1057,1220,1220,1110,1150,8100
2003-01-14,1091,1260,1320,1210,1210,11700
2003-01-15,1117,1290,1300,1210,1230,14500
2003-01-16,1108,1280,1300,1230,1240,9300
2003-01-17,1039,1200,1280,1200,1280,1200
2003-01-20,979,1130,1190,1100,1100,19400
2003-01-21,953,1100,1220,1100,1120,22000
2003-01-22,961,1110,1120,1070,1070,5800
2003-01-23,953,1100,1130,1050,1090,4800
2003-01-24,883,1020,1110,990,1110,21800
2003-01-27,849,980,1000,940,950,4000
2003-01-28,849,980,1020,950,1020,4700
2003-01-29,857,990,1010,950,950,6600
2003-01-30,866,1000,1000,950,950,24000
2003-02-03,892,1030,1030,960,960,12300
2003-02-04,892,1030,1050,1010,1010,26800
2003-02-05,866,1000,1040,1000,1010,16000
2003-02-06,823,950,1030,950,1030,23700
2003-02-07,797,920,970,920,930,26100
2003-02-10,797,920,950,900,910,22400
2003-02-11,823,950,960,910,910,50300
2003-02-12,823,950,950,920,950,18400
2003-02-13,814,940,950,920,920,72900
2003-02-14,814,940,960,930,930,63300
2003-02-17,866,1000,1010,950,970,56800
2003-02-18,840,970,1020,960,990,8500
2003-02-19,849,980,1000,930,980,24400
2003-02-20,901,1040,1040,980,1020,138900
2003-02-21,866,1000,1040,990,1040,6200
2003-02-24,866,1000,1020,990,990,4800
2003-02-25,831,960,1000,960,980,14100
2003-02-26,849,980,990,960,960,3000
2003-02-27,805,930,960,910,950,7800
2003-02-28,797,920,950,920,920,6100
2003-03-03,814,940,1000,920,930,15400
2003-03-04,788,910,950,910,950,8300
2003-03-05,762,880,930,880,910,11800
2003-03-06,753,870,910,840,880,6800
2003-03-07,736,850,920,810,810,5000
2003-03-10,762,880,910,790,810,700
2003-03-11,675,780,850,780,830,16700
2003-03-12,658,760,810,710,780,30600
2003-03-13,649,750,820,730,750,30300
2003-03-14,693,800,810,750,750,6600
2003-03-17,615,710,830,710,830,15000
2003-03-18,675,780,790,730,730,7200
2003-03-19,658,760,780,760,780,10500
2003-03-20,710,820,820,750,790,10300
2003-03-21,719,830,880,830,880,12400
2003-03-24,701,810,880,780,830,8700
2003-03-25,667,770,810,770,790,2600
2003-03-26,701,810,850,770,850,3400
2003-03-27,701,810,880,770,830,9200
2003-03-28,719,830,860,780,780,1900
2003-03-31,684,790,820,790,820,13600
2003-04-01,719,830,840,790,840,8000
2003-04-02,710,820,900,820,900,14700
2003-04-03,719,830,880,790,840,15800
2003-04-04,710,820,830,800,820,14000
2003-04-07,693,800,850,790,850,398600
2003-04-08,684,790,810,770,810,110300
2003-04-09,658,760,800,750,800,70100
2003-04-10,649,750,770,730,760,50600
2003-04-11,667,770,790,740,740,67100
2003-04-14,675,780,780,760,770,69400
2003-04-15,675,780,790,770,780,183500
2003-04-16,684,790,830,790,800,589600
2003-04-17,745,860,870,800,800,713300
2003-04-18,753,870,910,830,910,280300
2003-04-21,762,880,890,830,870,344400
2003-04-22,779,900,950,870,870,556800
2003-04-23,753,870,920,850,920,321400
2003-04-24,675,780,870,770,860,535200
2003-04-25,606,700,760,690,750,297400
2003-04-28,589,680,700,630,630,203500
2003-04-29,615,710,730,690,690,147800
2003-04-30,623,720,720,680,700,116200
2003-05-02,615,710,730,690,710,99200
2003-05-06,632,730,740,710,710,57000
2003-05-07,641,740,740,720,730,184600
2003-05-09,623,720,740,720,730,60900
2003-05-12,632,730,750,730,740,90200
2003-05-13,658,760,810,730,730,477900
2003-05-14,667,770,790,740,770,148000
2003-05-15,658,760,790,750,770,217800
2003-05-16,623,720,770,720,750,137700
2003-05-19,563,650,700,640,690,350700
2003-05-20,563,650,660,630,660,121100
2003-05-21,571,660,680,640,660,107500
2003-05-22,580,670,690,650,650,127300
2003-05-23,589,680,700,660,670,125400
2003-05-26,589,680,700,670,680,118000
2003-05-27,606,700,710,680,690,104700
2003-05-28,597,690,750,680,710,348400
2003-05-29,580,670,710,670,700,147800
2003-05-30,571,660,690,660,660,206200
2003-06-02,597,690,700,670,680,156100
2003-06-03,589,680,710,660,710,131100
2003-06-04,589,680,700,670,680,123800
2003-06-05,658,760,760,680,680,566900
2003-06-09,667,770,780,740,760,603500
2003-06-10,745,860,860,750,770,1044200
2003-06-11,701,810,900,790,860,732000
2003-06-12,719,830,880,820,820,532000
2003-06-13,710,820,870,810,830,297300
2003-06-16,693,800,840,780,810,355300
2003-06-17,771,890,890,830,850,349400
2003-06-18,857,990,990,940,950,160000
2003-06-19,814,940,1080,920,1050,821300
2003-06-20,823,950,960,900,920,359500
2003-06-23,788,910,1010,910,980,293900
2003-06-24,736,850,950,810,810,651300
2003-06-25,753,870,880,830,830,185300
2003-06-26,736,850,870,830,860,135500
2003-06-27,710,820,870,810,850,197600
2003-06-30,719,830,860,810,810,211100
2003-07-01,753,870,910,820,830,595900
2003-07-02,753,870,910,860,890,392300
2003-07-03,840,970,970,960,970,589700
2003-07-04,935,1080,1080,1080,1080,113000
2003-07-07,1039,1200,1200,1150,1200,1557100
2003-07-08,961,1110,1230,1060,1200,1609400
2003-07-09,970,1120,1240,1050,1090,2486000
2003-07-10,909,1050,1160,1020,1140,776300
2003-07-11,875,1010,1110,1000,1030,396500
2003-07-14,918,1060,1060,1000,1020,857700
2003-07-15,1022,1180,1180,1060,1070,1632000
2003-07-16,901,1040,1200,1040,1180,914800
2003-07-18,892,1030,1090,990,1070,641500
2003-07-21,818,945,1080,910,1080,584800
2003-07-22,914,1055,1055,920,920,1097200
2003-07-23,888,1025,1180,995,1050,2313900
2003-07-24,892,1030,1080,1005,1050,519400
2003-07-25,935,1080,1090,1020,1050,437500
2003-07-28,857,990,1120,990,1110,611400
2003-07-29,840,970,1020,960,1010,385500
2003-07-30,853,985,1010,970,970,328000
2003-07-31,775,895,980,890,980,197000
2003-08-01,771,890,930,870,885,170200
2003-08-04,797,920,930,875,910,553900
2003-08-05,836,965,995,890,910,409000
2003-08-06,779,900,980,890,980,152800
2003-08-07,762,880,915,875,915,162300
2003-08-08,745,860,890,850,880,81200
2003-08-11,762,880,950,850,855,283600
2003-08-12,745,860,900,855,900,93400
2003-08-13,749,865,900,845,860,206800
2003-08-14,727,840,875,840,860,102100
2003-08-18,693,800,870,800,825,105800
2003-08-19,693,800,830,770,830,108300
2003-08-20,667,770,810,770,800,52000
2003-08-21,649,750,795,745,780,67600
2003-08-22,662,765,765,730,745,77600
2003-08-25,623,720,780,720,760,70900
2003-08-26,610,705,730,700,730,85700
2003-08-27,597,690,715,680,710,100400
2003-08-28,606,700,700,685,690,55200
2003-08-29,632,730,740,690,690,73600
2003-09-01,623,720,745,705,730,51700
2003-09-02,606,700,740,685,740,101600
2003-09-03,606,700,715,675,710,72700
2003-09-04,602,695,715,690,700,34200
2003-09-05,606,700,720,695,695,50800
2003-09-08,576,665,710,650,700,103800
2003-09-09,580,670,675,655,675,39600
2003-09-15,576,665,680,665,675,41700
2003-09-16,619,715,715,660,660,63100
2003-09-17,606,700,730,695,730,18300
2003-09-18,602,695,710,680,710,35300
2003-09-19,597,690,725,690,700,63500
2003-09-22,667,770,770,685,685,329800
2003-09-23,658,760,770,710,760,149700
2003-09-24,671,775,815,745,790,235400
2003-09-25,645,745,770,710,770,74800
2003-09-26,636,735,790,735,750,165300
2003-09-29,654,755,760,710,735,114000
2003-09-30,593,685,790,685,775,159600
2003-10-01,606,700,720,670,670,109300
2003-10-02,606,700,730,680,685,59000
2003-10-06,593,685,710,685,690,60600
2003-10-07,602,695,715,680,685,30000
2003-10-08,623,720,725,690,695,83800
2003-10-09,628,725,740,700,720,71000
2003-10-10,606,700,740,690,705,110600
2003-10-13,589,680,705,680,685,93700
2003-10-14,576,665,690,660,680,89900
2003-10-15,593,685,740,655,660,501500
2003-10-16,589,680,690,670,690,84600
2003-10-17,576,665,685,665,680,85200
2003-10-20,576,665,675,655,655,85100
2003-10-21,584,675,680,660,665,43900
2003-10-22,571,660,680,660,665,60900
2003-10-23,563,650,670,645,655,78200
2003-10-24,550,635,665,635,645,54500
2003-10-27,554,640,645,625,625,15900
2003-10-28,610,705,715,625,630,340400
2003-10-29,558,645,705,630,705,72500
2003-10-30,597,690,720,640,640,92000
2003-10-31,584,675,705,670,675,50400
2003-11-03,597,690,700,670,670,67500
2003-11-04,589,680,720,675,700,12100
2003-11-05,554,640,685,640,670,66700
2003-11-06,563,650,660,635,640,34400
2003-11-07,558,645,660,645,650,24400
2003-11-10,567,655,655,635,635,17600
2003-11-11,576,665,665,650,650,3500
2003-11-12,576,665,675,640,675,12100
2003-11-13,550,635,660,635,645,39700
2003-11-14,558,645,645,635,645,23600
2003-11-17,541,625,640,625,635,29000
2003-11-18,558,645,655,625,625,44300
2003-11-19,558,645,650,630,640,39000
2003-11-20,567,655,655,640,640,27000
2003-11-21,567,655,660,635,660,33100
2003-11-24,563,650,660,635,650,8700
2003-11-25,545,630,640,620,635,47200
2003-11-26,541,625,645,600,630,52900
2003-11-27,558,645,650,615,615,36100
2003-11-28,571,660,660,640,655,18800
2003-12-01,636,735,735,670,670,206000
2003-12-02,619,715,820,700,820,636600
2003-12-03,649,750,770,700,715,234800
2003-12-04,645,745,770,700,770,100800
2003-12-05,597,690,740,690,735,87600
2003-12-08,597,690,695,650,690,56500
2003-12-09,606,700,700,670,680,24600
2003-12-10,589,680,705,670,670,33900
2003-12-11,602,695,705,670,680,37200
2003-12-12,636,735,745,685,685,79200
2003-12-15,636,735,760,715,760,50900
2003-12-16,632,730,735,700,710,51700
2003-12-17,615,710,735,710,735,39100
2003-12-18,597,690,710,655,700,71400
2003-12-19,597,690,710,665,710,33800
2003-12-22,597,690,700,660,700,14100
2003-12-23,571,660,690,660,685,17700
2003-12-24,545,630,660,630,660,29000
2003-12-26,550,635,665,620,630,11000
2003-12-29,558,645,660,615,660,17400
2003-12-30,571,660,685,625,625,7400
2004-01-02,571,660,680,650,650,3100
2004-01-05,571,660,685,640,660,22600
2004-01-06,571,660,670,645,645,14500
2004-01-07,576,665,680,640,675,23200
2004-01-08,567,655,665,615,660,12600
2004-01-09,558,645,665,625,625,40400
2004-01-12,576,665,675,640,655,52900
2004-01-13,641,740,740,665,665,245100
2004-01-14,714,825,825,745,745,516500
2004-01-15,649,750,855,735,840,667000
2004-01-16,606,700,805,685,775,381900
2004-01-19,563,650,725,650,690,223200
2004-01-20,550,635,665,625,665,136100
2004-01-26,554,640,670,635,640,57000
2004-01-27,567,655,680,640,680,42400
2004-01-28,632,730,730,665,680,86500
2004-01-29,684,790,815,760,765,435700
2004-01-30,632,730,800,715,800,114700
2004-02-02,615,710,765,705,760,46000
2004-02-03,688,795,795,700,700,251400
2004-02-04,645,745,815,740,815,146800
2004-02-05,628,725,780,715,745,119700
2004-02-06,649,750,750,725,750,47200
2004-02-09,658,760,770,730,740,54400
2004-02-10,641,740,790,740,750,38800
2004-02-11,654,755,760,725,750,55700
2004-02-12,662,765,775,740,775,43000
2004-02-13,636,735,770,720,770,34600
2004-02-16,610,705,770,690,770,86600
2004-02-17,602,695,735,675,695,33300
2004-02-18,597,690,710,675,675,16200
2004-02-19,606,700,710,675,675,25500
2004-02-20,589,680,700,675,675,26200
2004-02-23,610,705,705,680,680,39100
2004-02-24,615,710,725,690,700,49100
2004-02-25,619,715,740,700,705,65300
2004-02-26,628,725,730,710,710,42100
2004-02-27,615,710,730,710,710,15500
2004-03-02,606,700,725,675,700,37800
2004-03-03,584,675,705,665,705,43200
2004-03-04,563,650,675,650,675,82800
2004-03-05,623,720,725,640,655,304300
2004-03-08,606,700,710,680,700,86100
2004-03-09,615,710,715,680,680,60400
2004-03-10,615,710,720,690,700,42700
2004-03-11,593,685,720,680,700,45900
2004-03-12,576,665,710,645,665,89300
2004-03-15,580,670,720,665,720,63100
2004-03-16,597,690,695,650,660,27800
2004-03-17,589,680,710,670,710,76300
2004-03-18,576,665,690,665,690,15000
2004-03-19,567,655,685,655,660,32500
2004-03-22,580,670,680,650,650,33300
2004-03-23,593,685,690,660,685,45600
2004-03-24,589,680,685,665,675,13000
2004-03-25,606,700,710,685,710,51900
2004-03-26,615,710,745,690,695,46700
2004-03-29,619,715,715,695,700,23000
2004-03-30,615,710,720,700,720,34600
2004-03-31,610,705,720,685,720,11700
2004-04-01,610,705,720,650,720,60200
2004-04-02,610,705,705,690,690,15900
2004-04-06,615,710,720,700,720,8500
2004-04-07,623,720,735,705,735,36300
2004-04-08,623,720,730,705,725,27400
2004-04-09,623,720,725,690,725,18800
2004-04-12,632,730,750,700,700,96200
2004-04-13,641,740,740,700,735,44300
2004-04-14,667,770,820,710,710,164100
2004-04-16,680,785,785,745,750,36200
2004-04-19,662,765,790,745,755,55200
2004-04-20,662,765,780,730,745,37600
2004-04-21,710,820,855,730,765,207900
2004-04-22,723,835,860,820,840,170500
2004-04-23,792,915,920,820,845,150500
2004-04-26,779,900,965,875,900,122500
2004-04-27,870,1005,1005,970,970,244400
2004-04-28,801,925,1060,885,1045,388800
2004-04-29,710,820,920,815,880,141200
2004-04-30,745,860,890,820,820,75000
2004-05-03,831,960,960,830,830,240300
2004-05-04,844,975,985,900,950,176400
2004-05-06,862,995,1050,975,1050,161800
2004-05-07,814,940,1030,920,975,129700
2004-05-10,745,860,990,830,895,211100
2004-05-11,771,890,910,830,830,73600
2004-05-12,758,875,930,860,890,48700
2004-05-13,753,870,885,800,850,64300
2004-05-14,701,810,890,810,850,21600
2004-05-17,649,750,865,720,810,46700
2004-05-18,654,755,770,720,720,31700
2004-05-19,667,770,805,740,790,71900
2004-05-20,632,730,750,705,740,51700
2004-05-21,641,740,750,710,735,10100
2004-05-24,645,745,750,680,680,55700
2004-05-25,675,780,830,770,830,249100
2004-05-27,662,765,815,760,760,48800
2004-05-28,680,785,790,760,760,14600
2004-05-31,680,785,790,770,775,15600
2004-06-01,667,770,815,770,775,12600
2004-06-02,667,770,795,745,795,30400
2004-06-03,658,760,765,730,755,19600
2004-06-04,662,765,770,730,760,11500
2004-06-07,671,775,795,730,730,17600
2004-06-08,697,805,820,775,820,21700
2004-06-09,710,820,850,780,835,68100
2004-06-10,697,805,840,755,840,32500
2004-06-11,675,780,820,760,820,8000
2004-06-14,671,775,795,730,785,6500
2004-06-15,667,770,800,750,750,6800
2004-06-16,684,790,800,760,800,34900
2004-06-17,684,790,810,770,770,19900
2004-06-18,701,810,875,770,810,43900
2004-06-21,719,830,850,795,805,36400
2004-06-22,719,830,870,800,850,27000
2004-06-23,719,830,845,795,815,50800
2004-06-24,710,820,850,795,850,34700
2004-06-25,675,780,830,780,815,20000
2004-06-28,649,750,790,750,760,14800
2004-06-29,662,765,770,720,730,43700
2004-06-30,658,760,790,740,755,17900
2004-07-01,658,760,785,755,770,23600
2004-07-02,675,780,790,755,755,1600
2004-07-05,675,780,790,755,780,13200
2004-07-06,688,795,800,755,755,33500
2004-07-07,671,775,800,765,765,3600
2004-07-08,680,785,785,755,785,6200
2004-07-09,688,795,830,780,785,79100
2004-07-12,658,760,815,760,800,11400
2004-07-13,693,800,810,750,795,20500
2004-07-14,684,790,810,775,810,2800
2004-07-15,697,805,840,775,795,68900
2004-07-16,701,810,815,775,810,54900
2004-07-19,736,850,850,780,800,57000
2004-07-20,714,825,865,800,865,44600
2004-07-21,684,790,835,780,835,12100
2004-07-22,675,780,795,765,785,15800
2004-07-23,675,780,800,770,770,11500
2004-07-26,675,780,805,780,780,10800
2004-07-27,641,740,790,740,780,14900
2004-07-28,654,755,790,740,740,37900
2004-07-29,649,750,795,715,795,15900
2004-07-30,649,750,810,750,780,18200
2004-08-02,719,830,835,760,760,127900
2004-08-03,693,800,850,790,825,30500
2004-08-04,667,770,825,770,810,49600
2004-08-05,688,795,810,770,790,83300
2004-08-06,684,790,805,775,795,23700
2004-08-09,667,770,810,755,810,31200
2004-08-10,658,760,790,760,790,37100
2004-08-11,667,770,785,755,765,31700
2004-08-12,667,770,785,760,785,19400
2004-08-13,658,760,790,740,770,58300
2004-08-16,649,750,775,750,750,4600
2004-08-17,662,765,770,740,770,10400
2004-08-18,649,750,765,720,750,20200
2004-08-19,649,750,755,730,755,15100
2004-08-20,641,740,765,700,740,28900
2004-08-23,667,770,780,715,720,37300
2004-08-24,662,765,770,740,770,6000
2004-08-25,649,750,775,735,765,8400
2004-08-26,623,720,775,720,775,7900
2004-08-27,649,750,760,700,720,47200
2004-08-30,645,745,760,730,730,21800
2004-08-31,641,740,745,730,745,9800
2004-09-01,632,730,755,730,730,8800
2004-09-02,619,715,740,710,740,21600
2004-09-03,636,735,735,685,710,59100
2004-09-06,623,720,745,700,735,30200
2004-09-07,623,720,725,665,705,69300
2004-09-08,619,715,735,700,705,11800
2004-09-09,593,685,720,680,720,24400
2004-09-10,606,700,705,670,685,27600
2004-09-13,610,705,710,680,685,18700
2004-09-14,610,705,715,680,710,19300
2004-09-15,580,670,700,670,690,36600
2004-09-16,593,685,720,670,685,11600
2004-09-17,589,680,690,670,685,2200
2004-09-20,571,660,700,650,670,119800
2004-09-21,580,670,680,655,665,24200
2004-09-22,589,680,695,665,685,10200
2004-09-23,584,675,695,660,660,9500
2004-09-24,610,705,710,660,665,27100
2004-09-30,610,705,740,650,670,115200
2004-10-01,593,685,720,680,720,18100
2004-10-04,597,690,715,680,700,30200
2004-10-05,606,700,710,670,690,14300
2004-10-06,589,680,700,680,690,5200
2004-10-07,597,690,690,660,665,18800
2004-10-08,597,690,695,670,675,27400
2004-10-11,593,685,700,665,690,58200
2004-10-12,580,670,695,655,685,25800
2004-10-13,580,670,690,650,655,37200
2004-10-14,563,650,670,650,650,4800
2004-10-15,567,655,660,650,650,2700
2004-10-18,576,665,665,650,665,5500
2004-10-19,571,660,670,650,665,20700
2004-10-20,571,660,690,640,670,35500
2004-10-21,563,650,660,640,660,8000
2004-10-22,563,650,650,640,645,3300
2004-10-25,563,650,655,635,655,13300
2004-10-26,554,640,650,640,640,7600
2004-10-27,571,660,665,645,645,19900
2004-10-28,571,660,665,650,665,7700
2004-10-29,576,665,665,645,645,14100
2004-11-01,563,650,670,650,670,30000
2004-11-02,563,650,670,650,670,900
2004-11-03,589,680,680,645,645,24900
2004-11-04,580,670,685,655,685,10500
2004-11-05,580,670,690,665,675,26900
2004-11-08,576,665,685,665,685,4000
2004-11-09,576,665,680,665,675,6800
2004-11-10,580,670,675,660,660,16200
2004-11-11,576,665,680,660,680,2800
2004-11-12,580,670,690,660,665,23200
2004-11-15,589,680,700,640,660,22600
2004-11-16,584,675,680,655,680,9800
2004-11-17,602,695,700,655,685,13200
2004-11-18,589,680,690,670,690,8800
2004-11-19,602,695,740,670,695,7200
2004-11-22,597,690,705,670,670,3000
2004-11-23,584,675,715,665,675,9000
2004-11-24,563,650,680,650,655,11400
2004-11-25,563,650,665,650,665,6800
2004-11-26,558,645,670,645,650,9600
2004-11-29,567,655,660,640,640,8300
2004-11-30,554,640,655,640,645,24300
2004-12-01,550,635,645,635,640,9200
2004-12-02,558,645,655,635,635,27300
2004-12-03,558,645,650,635,640,15800
2004-12-06,554,640,650,635,650,11000
2004-12-07,558,645,645,625,630,20100
2004-12-08,545,630,640,620,640,17300
2004-12-09,545,630,635,610,620,62100
2004-12-10,610,705,705,665,665,304800
2004-12-13,550,635,715,625,705,434800
2004-12-14,541,625,650,625,645,99600
2004-12-15,532,615,635,610,620,53700
2004-12-16,524,605,630,605,605,40600
2004-12-17,524,605,620,595,605,38800
2004-12-20,524,605,620,600,615,37100
2004-12-21,524,605,610,595,600,16700
2004-12-22,524,605,615,595,605,29400
2004-12-23,515,595,610,585,595,34000
2004-12-24,515,595,600,580,585,63300
2004-12-27,502,580,600,575,590,66700
2004-12-28,489,565,580,565,575,50500
2004-12-29,476,550,575,550,560,52400
2004-12-30,485,560,590,560,565,17100
2005-01-03,519,600,610,560,560,47900
2005-01-04,506,585,600,575,600,37900
2005-01-05,515,595,600,585,590,20200
2005-01-06,532,615,630,595,600,92700
2005-01-07,528,610,625,605,615,43300
2005-01-10,532,615,630,605,610,103700
2005-01-11,537,620,635,600,635,75600
2005-01-12,537,620,640,610,620,88400
2005-01-13,537,620,625,610,615,24800
2005-01-14,532,615,625,610,625,30300
2005-01-17,550,635,650,620,620,76000
2005-01-18,615,710,710,635,645,262100
2005-01-20,667,770,785,700,740,486000
2005-01-21,701,810,840,785,790,917300
2005-01-24,693,800,840,745,835,355800
2005-01-25,632,730,800,730,800,170100
2005-01-26,636,735,785,720,720,216900
2005-01-27,645,745,760,710,730,90500
2005-01-28,654,755,770,715,715,155700
2005-01-31,658,760,770,735,770,54100
2005-02-01,654,755,770,725,765,118800
2005-02-02,636,735,755,720,755,106600
2005-02-03,636,735,745,715,730,39900
2005-02-04,641,740,760,725,725,34900
2005-02-07,671,775,775,735,735,67600
2005-02-11,654,755,780,745,760,35200
2005-02-14,693,800,805,770,770,77200
2005-02-15,697,805,820,785,795,60300
2005-02-16,688,795,830,775,820,65700
2005-02-17,667,770,805,760,805,65900
2005-02-18,684,790,800,755,770,57100
2005-02-21,719,830,835,765,795,103000
2005-02-22,675,780,845,780,840,65600
2005-02-23,719,830,870,760,760,253000
2005-02-24,753,870,925,840,840,796200
2005-02-25,697,805,875,780,875,341600
2005-02-28,706,815,845,790,845,176500
2005-03-02,727,840,855,800,815,261700
2005-03-03,732,845,875,820,840,144900
2005-03-04,732,845,855,810,835,83900
2005-03-07,758,875,900,835,865,214800
2005-03-08,849,980,980,870,885,481300
2005-03-09,948,1095,1095,1015,1045,463900
2005-03-10,1061,1225,1225,1110,1140,924500
2005-03-11,979,1130,1330,1080,1330,1808400
2005-03-14,974,1125,1210,1085,1150,1545900
2005-03-15,957,1105,1150,1020,1150,1217700
2005-03-16,844,975,1220,975,1120,1356800
2005-03-17,745,860,955,860,950,982700
2005-03-18,680,785,855,770,815,641400
2005-03-21,684,790,825,770,810,428400
2005-03-22,688,795,810,775,790,390800
2005-03-23,628,725,795,720,785,319200
2005-03-24,619,715,745,695,735,229800
2005-03-25,667,770,780,715,725,320500
2005-03-28,680,785,820,755,765,253500
2005-03-29,619,715,780,715,775,171200
2005-03-30,619,715,740,710,730,203200
2005-03-31,641,740,740,715,725,145500
2005-04-01,641,740,760,720,735,77900
2005-04-04,649,750,760,735,735,79300
2005-04-06,710,820,845,750,750,165700
2005-04-07,675,780,810,770,805,128800
2005-04-08,693,800,810,770,785,74900
2005-04-11,667,770,810,750,800,98100
2005-04-12,662,765,800,765,765,105200
2005-04-13,671,775,800,765,775,140700
2005-04-14,641,740,770,730,770,100800
2005-04-15,632,730,750,720,735,68900
2005-04-18,615,710,735,670,735,72400
2005-04-19,619,715,740,690,695,66500
2005-04-20,641,740,755,720,720,110500
2005-04-21,645,745,745,710,725,85200
2005-04-22,688,795,835,750,785,303700
2005-04-25,688,795,820,775,775,160800
2005-04-26,667,770,810,770,800,171500
2005-04-27,701,810,835,760,760,313500
2005-04-28,762,880,930,785,810,695300
2005-04-29,658,760,880,750,850,495400
2005-05-02,680,785,815,765,770,257300
2005-05-03,649,750,805,745,790,229700
2005-05-04,667,770,785,750,750,132300
2005-05-06,710,820,865,770,775,433800
2005-05-09,719,830,855,795,840,195500
2005-05-10,823,950,950,830,855,1328300
2005-05-11,857,990,1070,865,925,1295200
2005-05-12,983,1135,1135,990,1000,2823700
2005-05-13,1130,1305,1305,1175,1205,1226000
2005-05-16,961,1110,1450,1110,1385,3716400
2005-05-17,974,1125,1245,1010,1075,4122400
2005-05-18,888,1025,1240,1025,1135,4853700
2005-05-19,892,1030,1070,990,1010,2652500
2005-05-20,875,1010,1035,935,1030,1096600
2005-05-23,866,1000,1075,975,975,2410000
2005-05-24,771,890,1000,870,970,1314300
2005-05-25,762,880,925,865,925,599000
2005-05-26,779,900,955,890,890,1119200
2005-05-27,771,890,930,890,910,445100
2005-05-30,818,945,970,895,895,764700
2005-05-31,866,1000,1045,900,950,1349800
2005-06-01,784,905,985,905,985,692100
2005-06-02,818,945,955,905,915,752500
2005-06-03,840,970,970,940,945,688100
2005-06-07,892,1030,1045,975,975,1862000
2005-06-08,797,920,1180,900,1050,4416800
2005-06-09,797,920,945,905,945,706700
2005-06-10,797,920,940,905,915,586300
2005-06-13,788,910,940,910,915,552800
2005-06-14,771,890,915,885,905,393500
2005-06-15,766,885,905,885,885,226300
2005-06-16,771,890,900,875,900,224000
2005-06-17,840,970,1005,895,895,1795200
2005-06-20,801,925,975,925,970,488400
2005-06-21,792,915,960,915,940,328300
2005-06-22,801,925,940,900,915,418600
2005-06-23,823,950,970,920,920,560800
2005-06-24,792,915,940,910,935,445600
2005-06-27,797,920,940,910,910,620100
2005-06-28,905,1045,1050,925,925,1883300
2005-06-29,888,1025,1090,980,1045,874200
2005-06-30,836,965,1090,965,1045,443200
2005-07-01,810,935,1005,915,975,835800
2005-07-04,827,955,965,940,950,392800
2005-07-05,866,1000,1000,935,955,626000
2005-07-06,879,1015,1020,965,1000,527700
2005-07-07,918,1060,1070,980,1010,823800
2005-07-08,918,1060,1190,1015,1045,1211500
2005-07-11,879,1015,1095,1015,1095,334400
2005-07-12,862,995,1040,985,1020,654500
2005-07-13,896,1035,1040,995,995,643300
2005-07-14,944,1090,1090,1015,1035,801300
2005-07-15,888,1025,1130,1020,1090,727200
2005-07-18,974,1125,1125,1030,1030,626700
2005-07-19,1026,1185,1185,1080,1130,741800
2005-07-20,940,1085,1240,1025,1170,762300
2005-07-21,970,1120,1150,1085,1115,590800
2005-07-22,918,1060,1135,1040,1100,463300
2005-07-25,970,1120,1175,1055,1065,774800
2005-07-26,966,1115,1240,1100,1150,797300
2005-07-27,1026,1185,1185,1100,1130,597100
2005-07-28,1057,1220,1250,1150,1200,766600
2005-07-29,1078,1245,1250,1165,1185,537800
2005-08-01,1048,1210,1340,1205,1260,630100
2005-08-02,983,1135,1210,1130,1190,407400
2005-08-03,992,1145,1190,1110,1125,276400
2005-08-04,866,1000,1170,995,1125,973600
2005-08-05,823,950,975,915,970,393900
2005-08-08,810,935,960,930,930,131300
2005-08-09,836,965,975,935,935,204100
2005-08-10,849,980,1040,965,965,238000
2005-08-11,853,985,995,965,975,257600
2005-08-12,840,970,1005,965,990,180400
2005-08-16,810,935,990,935,990,234400
2005-08-17,788,910,935,895,925,197500
2005-08-18,766,885,920,885,905,209100
2005-08-19,740,855,875,830,860,257400
2005-08-22,784,905,925,855,855,329200
2005-08-23,797,920,925,900,905,148900
2005-08-24,797,920,925,895,905,215700
2005-08-25,810,935,955,905,915,194100
2005-08-26,823,950,970,935,940,187000
2005-08-29,784,905,955,890,955,202900
2005-08-30,779,900,935,880,900,185000
2005-08-31,797,920,925,895,905,58500
2005-09-01,801,925,940,910,910,70000
2005-09-02,844,975,1005,940,940,237500
2005-09-05,870,1005,1020,950,985,219000
2005-09-06,875,1010,1035,990,1035,119600
2005-09-07,862,995,1030,950,1000,72400
2005-09-08,857,990,1010,965,980,166900
2005-09-09,905,1045,1125,990,1010,565100
2005-09-12,888,1025,1070,1020,1070,111800
2005-09-13,953,1100,1150,1005,1020,394600
2005-09-14,914,1055,1150,1035,1135,214000
2005-09-15,914,1055,1075,1015,1075,129900
2005-09-16,931,1075,1090,1040,1040,100600
2005-09-20,905,1045,1110,1045,1070,107700
2005-09-21,905,1045,1045,1005,1025,156200
2005-09-22,888,1025,1085,1020,1025,99100
2005-09-23,1018,1175,1175,980,1040,1753600
2005-09-26,1039,1200,1310,1185,1250,1028800
2005-09-27,1195,1380,1380,1155,1245,2194400
2005-09-28,1100,1270,1585,1205,1550,3978700
2005-09-29,1113,1285,1370,1220,1295,1533600
2005-09-30,1273,1470,1475,1255,1285,2111900
2005-10-04,1312,1515,1640,1410,1475,741700
2005-10-05,1299,1500,1635,1470,1500,1410000
2005-10-06,1351,1560,1575,1455,1455,393300
2005-10-07,1316,1520,1605,1495,1535,317200
2005-10-10,1360,1570,1570,1415,1430,509100
2005-10-11,1563,1805,1805,1515,1570,753200
2005-10-12,1329,1535,1910,1535,1810,4075600
2005-10-13,1256,1450,1520,1385,1520,979400
2005-10-14,1212,1400,1495,1400,1495,603900
2005-10-17,1152,1330,1410,1280,1350,1024200
2005-10-18,1182,1365,1445,1340,1350,934900
2005-10-19,1018,1175,1345,1165,1325,708100
2005-10-20,1018,1175,1220,1155,1190,474100
2005-10-21,1039,1200,1245,1145,1145,567300
2005-10-24,1009,1165,1270,1165,1210,437600
2005-10-25,1031,1190,1250,1175,1195,551000
2005-10-26,1061,1225,1265,1185,1195,572900
2005-10-27,1074,1240,1310,1225,1250,699300
2005-10-28,1018,1175,1240,1155,1205,233500
2005-10-31,1039,1200,1230,1185,1190,250900
2005-11-01,1039,1200,1230,1170,1190,375200
2005-11-02,1083,1250,1285,1205,1210,366700
2005-11-03,1156,1335,1350,1230,1260,687400
2005-11-04,1152,1330,1400,1290,1315,389900
2005-11-07,1139,1315,1340,1275,1340,200700
2005-11-08,1308,1510,1510,1310,1310,758600
2005-11-09,1230,1420,1700,1405,1595,3150200
2005-11-10,1225,1415,1555,1410,1440,1075800
2005-11-11,1152,1330,1440,1325,1440,707500
2005-11-14,1195,1380,1405,1320,1350,485900
2005-11-15,1169,1350,1400,1335,1400,306700
2005-11-16,1243,1435,1435,1345,1350,351500
2005-11-17,1221,1410,1500,1390,1440,749300
2005-11-18,1251,1445,1445,1380,1385,315600
2005-11-21,1238,1430,1510,1425,1450,608500
2005-11-22,1199,1385,1475,1380,1430,685900
2005-11-23,1299,1500,1500,1380,1400,715900
2005-11-24,1494,1725,1725,1500,1550,1495700
2005-11-25,1715,1980,1980,1800,1800,1572800
2005-11-28,1763,2035,2275,1950,2200,1696400
2005-11-29,1498,1730,2235,1730,2110,3671800
2005-11-30,1429,1650,1700,1600,1680,1228600
2005-12-01,1416,1635,1745,1635,1680,1107200
2005-12-02,1420,1640,1705,1625,1645,1020200
2005-12-05,1516,1750,1785,1645,1650,1333800
2005-12-06,1498,1730,1780,1665,1735,827000
2005-12-07,1481,1710,1880,1710,1755,1357900
2005-12-08,1594,1840,1925,1625,1690,2112200
2005-12-09,1624,1875,2005,1770,1850,1346200
2005-12-12,1568,1810,1835,1750,1785,646700
2005-12-13,1559,1800,1905,1790,1885,541400
2005-12-14,1568,1810,1830,1760,1770,464600
2005-12-15,1646,1900,1975,1785,1810,933600
2005-12-16,1425,1645,1850,1635,1780,609900
2005-12-19,1637,1890,1890,1680,1680,377100
2005-12-20,1880,2170,2170,2170,2170,139900
2005-12-21,1819,2100,2495,1935,2495,4416800
2005-12-22,2092,2415,2415,2050,2105,1919100
2005-12-23,2404,2775,2775,2605,2620,416800
2005-12-26,2044,2360,2850,2360,2850,575600
2005-12-27,1888,2180,2320,2010,2010,2965500
2005-12-28,1793,2070,2280,2030,2200,1076400
2005-12-29,1628,1880,2120,1880,2100,1286300
2006-01-02,1745,2015,2020,1900,1900,755100
2006-01-03,1702,1965,2075,1925,2030,532100
2006-01-04,1953,2255,2255,2040,2050,514200
2006-01-05,1823,2105,2350,2020,2300,1194800
2006-01-06,1910,2205,2275,2110,2185,965100
2006-01-09,1637,1890,2245,1890,2230,601600
2006-01-10,1698,1960,2025,1885,1930,507500
2006-01-11,1641,1895,1960,1840,1920,575900
2006-01-12,1646,1900,1965,1860,1860,399700
2006-01-13,1659,1915,2020,1900,1905,376200
2006-01-16,1702,1965,2010,1920,1920,329000
2006-01-17,1732,2000,2255,2000,2150,1478000
2006-01-18,1715,1980,2140,1860,2010,447400
2006-01-19,1633,1885,2080,1880,2000,222700
2006-01-20,1576,1820,2130,1820,1820,975400
2006-01-23,1342,1550,1800,1550,1700,361900
2006-01-24,1286,1485,1595,1320,1515,266000
2006-01-25,1325,1530,1690,1480,1480,337500
2006-01-26,1412,1630,1655,1500,1530,427300
2006-01-27,1481,1710,1740,1655,1700,226900
2006-01-31,1563,1805,1825,1710,1725,202900
2006-02-01,1403,1620,1795,1600,1760,222600
2006-02-02,1611,1860,1860,1650,1680,465500
2006-02-03,1624,1875,1985,1760,1810,714800
2006-02-06,1559,1800,1875,1710,1830,239900
2006-02-07,1594,1840,1970,1830,1900,326200
2006-02-08,1555,1795,1900,1725,1840,227500
2006-02-09,1559,1800,1860,1775,1820,149700
2006-02-10,1490,1720,1800,1690,1770,198800
2006-02-13,1490,1720,1775,1715,1720,129300
2006-02-14,1542,1780,1910,1720,1745,308600
2006-02-15,1572,1815,1890,1795,1835,164900
2006-02-16,1572,1815,1855,1795,1815,104900
2006-02-17,1672,1930,1930,1815,1815,577300
2006-02-20,1667,1925,2030,1910,1960,342200
2006-02-21,1628,1880,1945,1875,1925,181800
2006-02-22,1689,1950,1990,1890,1915,361000
2006-02-23,1672,1930,2085,1930,1965,373700
2006-02-24,1663,1920,1950,1895,1900,133000
2006-02-27,1693,1955,2030,1900,1925,244900
2006-02-28,1702,1965,1985,1915,1965,140000
2006-03-02,1680,1940,1990,1935,1970,175700
2006-03-03,1602,1850,1975,1820,1975,182200
2006-03-06,1611,1860,1875,1810,1810,57000
2006-03-07,1598,1845,1870,1820,1840,62700
2006-03-08,1572,1815,1890,1810,1840,76100
2006-03-09,1641,1895,1930,1820,1820,337200
2006-03-10,1589,1835,1910,1830,1910,127200
2006-03-13,1637,1890,1905,1790,1810,191900
2006-03-14,1724,1990,2000,1835,1910,491900
2006-03-15,1819,2100,2255,1995,2010,1584300
2006-03-16,1602,1850,2185,1820,2150,1288100
2006-03-17,1542,1780,1860,1780,1850,409200
2006-03-20,1563,1805,1930,1740,1740,623600
2006-03-21,1542,1780,1870,1780,1820,410500
2006-03-22,1472,1700,1800,1665,1800,336700
2006-03-23,1481,1710,1750,1680,1710,210800
2006-03-24,1394,1610,1710,1610,1685,236700
2006-03-27,1360,1570,1630,1570,1590,172200
2006-03-28,1325,1530,1580,1530,1540,416700
2006-03-29,1377,1590,1610,1490,1530,160900
2006-03-30,1407,1625,1680,1595,1595,294300
2006-03-31,1429,1650,1670,1615,1650,91400
2006-04-03,1438,1660,1700,1635,1635,182600
2006-04-04,1615,1865,1905,1665,1665,1446700
2006-04-05,1533,1770,1830,1700,1800,566200
2006-04-06,1529,1765,1830,1755,1810,298700
2006-04-07,1520,1755,1805,1725,1740,261100
2006-04-10,1477,1705,1745,1685,1730,294300
2006-04-11,1446,1670,1730,1655,1725,160700
2006-04-12,1472,1700,1730,1655,1655,173200
2006-04-13,1611,1860,1955,1705,1710,983900
2006-04-14,1589,1835,1990,1785,1950,436400
2006-04-17,1646,1900,1900,1805,1860,218400
2006-04-18,1693,1955,2045,1925,1945,823500
2006-04-19,1576,1820,1985,1795,1965,515100
2006-04-20,1550,1790,1845,1755,1820,197900
2006-04-21,1511,1745,1820,1745,1780,258100
2006-04-24,1472,1700,1770,1700,1745,132700
2006-04-25,1520,1755,1830,1680,1685,282200
2006-04-26,1563,1805,1805,1710,1760,187400
2006-04-27,1568,1810,1895,1780,1850,341700
2006-04-28,1472,1700,1800,1700,1780,166200
2006-05-02,1485,1715,1780,1690,1705,355200
2006-05-03,1524,1760,1760,1715,1725,288400
2006-05-04,1628,1880,1890,1745,1770,295700
2006-05-08,1663,1920,1930,1825,1880,324600
2006-05-09,1680,1940,2020,1870,1950,629000
2006-05-10,1689,1950,1985,1895,1970,303400
2006-05-11,1611,1860,1965,1830,1950,268000
2006-05-12,1507,1740,1880,1735,1830,274600
2006-05-15,1507,1740,1770,1680,1720,233700
2006-05-16,1516,1750,1800,1710,1760,212100
2006-05-17,1559,1800,1820,1740,1750,269300
2006-05-18,1516,1750,1760,1680,1740,177600
2006-05-19,1559,1800,1850,1735,1735,208500
2006-05-22,1563,1805,1840,1740,1815,199700
2006-05-23,1620,1870,1930,1805,1835,964400
2006-05-24,1377,1590,1915,1590,1915,895000
2006-05-25,1355,1565,1650,1475,1600,271200
2006-05-26,1325,1530,1610,1520,1570,280700
2006-05-29,1351,1560,1650,1540,1540,242300
2006-05-30,1338,1545,1590,1520,1575,111300
2006-06-01,1264,1460,1570,1440,1525,173800
2006-06-02,1221,1410,1500,1360,1470,121600
2006-06-05,1178,1360,1440,1350,1405,162400
2006-06-07,1039,1200,1340,1185,1305,153900
2006-06-08,1057,1220,1260,1140,1195,55700
2006-06-09,1126,1300,1400,1230,1230,122600
2006-06-12,1160,1340,1360,1265,1270,81700
2006-06-13,1152,1330,1380,1290,1300,94700
2006-06-14,1152,1330,1390,1280,1280,48200
2006-06-15,1165,1345,1390,1315,1355,88500
2006-06-16,1212,1400,1400,1350,1350,87100
2006-06-19,1139,1315,1395,1310,1390,25900
2006-06-20,1126,1300,1320,1265,1305,17200
2006-06-21,1121,1295,1330,1275,1275,13200
2006-06-22,1286,1485,1485,1310,1310,571300
2006-06-23,1329,1535,1585,1480,1480,459300
2006-06-26,1529,1765,1765,1515,1540,706000
2006-06-27,1542,1780,2000,1745,1800,674600
2006-06-28,1520,1755,1850,1720,1780,184300
2006-06-29,1520,1755,1810,1730,1810,132200
2006-06-30,1745,2015,2015,1755,1820,1042600
2006-07-03,1862,2150,2300,2030,2090,840200
2006-07-04,2140,2470,2470,2070,2120,702700
2006-07-05,2196,2535,2835,2470,2610,1635300
2006-07-06,2122,2450,2575,2400,2405,383700
2006-07-07,2135,2465,2560,2390,2450,278100
2006-07-10,1906,2200,2500,2120,2450,185700
2006-07-11,1992,2300,2335,2160,2280,90900
2006-07-12,1880,2170,2290,2075,2230,156500
2006-07-13,1875,2165,2250,2090,2200,75900
2006-07-14,2153,2485,2485,2105,2185,472900
2006-07-18,1841,2125,2650,2115,2600,908600
2006-07-19,1841,2125,2385,2110,2150,275500
2006-07-20,1888,2180,2270,2130,2160,122600
2006-07-21,2170,2505,2505,2125,2125,383500
2006-07-24,2495,2880,2880,2560,2650,959700
2006-07-25,2486,2870,3215,2780,3140,1558800
2006-07-26,2321,2680,2810,2440,2800,1737100
2006-07-27,2321,2680,2865,2555,2695,724300
2006-07-28,2321,2680,2935,2615,2630,834100
2006-07-31,2460,2840,2980,2650,2650,590000
2006-08-01,2170,2505,2985,2420,2820,755300
2006-08-02,2248,2595,2635,2475,2500,173900
2006-08-03,2200,2540,2675,2530,2650,190100
2006-08-04,2217,2560,2595,2500,2540,108500
2006-08-07,2248,2595,2685,2500,2645,195500
2006-08-08,2140,2470,2600,2400,2595,112900
2006-08-09,1992,2300,2470,2275,2470,123200
2006-08-10,2235,2580,2640,2245,2245,307600
2006-08-11,2114,2440,2600,2440,2520,82900
2006-08-14,2148,2480,2510,2390,2410,51900
2006-08-16,2153,2485,2560,2455,2555,54600
2006-08-17,2196,2535,2690,2445,2445,126300
2006-08-18,2226,2570,2635,2500,2535,79100
2006-08-21,2287,2640,2655,2545,2545,58000
2006-08-22,2425,2800,2915,2605,2640,290000
2006-08-23,2503,2890,2955,2715,2795,168000
2006-08-24,2521,2910,2950,2830,2945,125500
2006-08-25,2503,2890,2940,2850,2850,79300
2006-08-28,2529,2920,3030,2895,2900,114900
2006-08-29,2516,2905,2975,2820,2950,35500
2006-08-30,2521,2910,2970,2890,2905,67800
2006-08-31,2551,2945,3000,2850,2910,37400
2006-09-01,2681,3095,3190,2960,2995,109500
2006-09-04,2997,3460,3545,3065,3120,193000
2006-09-05,2551,2945,3500,2945,3500,1091900
2006-09-06,2512,2900,2970,2750,2850,335700
2006-09-07,2490,2875,2925,2860,2865,108300
2006-09-08,2482,2865,2910,2865,2865,62600
2006-09-11,2529,2920,2930,2850,2875,115200
2006-09-12,2421,2795,2900,2660,2900,67800
2006-09-13,2252,2600,2865,2550,2795,128100
2006-09-14,2347,2710,2755,2620,2620,63900
2006-09-15,2698,3115,3115,2680,2680,478300
2006-09-18,2295,2650,3500,2650,3135,2198800
2006-09-19,1979,2285,2475,2255,2460,4553500
2006-09-20,1949,2250,2335,2215,2315,1135100
2006-09-21,1854,2140,2295,2140,2260,1167500
2006-09-22,1776,2050,2160,2030,2100,716900
2006-09-25,1654,1910,2080,1910,2020,868600
2006-09-26,1776,2050,2100,1940,1940,1584600
2006-09-27,1732,2000,2095,1945,2060,752800
2006-09-28,1689,1950,1995,1930,1990,455300
2006-09-29,1680,1940,1985,1925,1960,338900
2006-10-02,1594,1840,1965,1830,1930,399700
2006-10-04,1615,1865,1940,1780,1840,569800
2006-10-09,1377,1590,1875,1590,1850,694000
2006-10-10,1429,1650,1685,1535,1535,388800
2006-10-11,1451,1675,1705,1600,1605,394800
2006-10-12,1494,1725,1760,1675,1675,329500
2006-10-13,1628,1880,1975,1740,1770,1034000
2006-10-16,1611,1860,1895,1840,1875,330100
2006-10-17,1546,1785,1880,1710,1865,400300
2006-10-18,1520,1755,1810,1730,1785,196200
2006-10-19,1529,1765,1830,1750,1755,237900
2006-10-20,1602,1850,1895,1750,1750,614200
2006-10-23,1615,1865,1940,1860,1875,405900
2006-10-24,1377,1590,1905,1590,1885,494300
2006-10-25,1468,1695,1710,1590,1620,486500
2006-10-26,1433,1655,1700,1635,1690,341300
2006-10-27,1468,1695,1710,1655,1690,235100
2006-10-30,1472,1700,1920,1660,1735,3090400
2006-10-31,1446,1670,1750,1620,1750,425700
2006-11-01,1420,1640,1700,1625,1700,431400
2006-11-02,1403,1620,1670,1575,1590,354900
2006-11-03,1403,1620,1640,1585,1620,286400
2006-11-06,1429,1650,1675,1620,1620,283000
2006-11-07,1429,1650,1675,1600,1670,427900
2006-11-08,1407,1625,1630,1575,1585,320500
2006-11-09,1386,1600,1640,1540,1630,229000
2006-11-10,1373,1585,1610,1555,1600,183600
2006-11-13,1334,1540,1575,1480,1500,365000
2006-11-14,1386,1600,1625,1520,1540,228500
2006-11-15,1386,1600,1650,1595,1600,174100
2006-11-16,1347,1555,1630,1545,1590,154000
2006-11-17,1329,1535,1550,1500,1505,318900
2006-11-20,1325,1530,1565,1520,1540,145700
2006-11-21,1325,1530,1560,1515,1535,107700
2006-11-22,1351,1560,1560,1510,1515,127100
2006-11-23,1368,1580,1635,1560,1560,419000
2006-11-24,1334,1540,1580,1505,1535,398000
2006-11-27,1316,1520,1535,1510,1520,129300
2006-11-28,1264,1460,1505,1440,1470,283400
2006-11-29,1234,1425,1465,1425,1450,175900
2006-11-30,1234,1425,1430,1390,1425,256400
2006-12-01,1217,1405,1435,1400,1410,114700
2006-12-04,1204,1390,1420,1375,1405,150100
2006-12-05,1195,1380,1410,1365,1390,125100
2006-12-06,1152,1330,1400,1330,1400,151400
2006-12-07,1173,1355,1385,1325,1335,102600
2006-12-08,1152,1330,1375,1315,1375,135800
2006-12-11,1126,1300,1350,1300,1345,117500
2006-12-12,1065,1230,1315,1200,1285,690000
2006-12-13,1065,1230,1265,1200,1225,70700
2006-12-14,1143,1320,1320,1230,1230,139400
2006-12-15,1113,1285,1350,1285,1350,93800
2006-12-18,1126,1300,1315,1280,1295,65700
2006-12-19,1134,1310,1325,1265,1300,136600
2006-12-20,1121,1295,1340,1275,1340,88300
2006-12-21,1117,1290,1330,1285,1330,60200
2006-12-22,1121,1295,1310,1280,1285,102300
2006-12-26,1108,1280,1310,1240,1295,96900
2006-12-27,1052,1215,1295,1215,1250,44300
2006-12-28,1039,1200,1210,1170,1185,260400
2007-01-02,1078,1245,1260,1195,1195,139200
2007-01-03,1113,1285,1310,1235,1240,634000
2007-01-04,1152,1330,1370,1290,1300,432500
2007-01-05,1152,1330,1365,1280,1340,302500
2007-01-08,1117,1290,1345,1290,1345,201500
2007-01-09,1139,1315,1320,1280,1290,187800
2007-01-10,1308,1510,1510,1290,1300,2242000
2007-01-11,1503,1735,1735,1505,1540,3454600
2007-01-12,1550,1790,1875,1655,1800,3424700
2007-01-15,1321,1525,1935,1525,1800,4047600
2007-01-16,1464,1690,1690,1450,1525,2262000
2007-01-17,1247,1440,1670,1440,1670,1549800
2007-01-18,1329,1535,1550,1440,1470,1261800
2007-01-19,1386,1600,1625,1470,1475,2149300
2007-01-22,1464,1690,1805,1610,1640,3460300
2007-01-23,1559,1800,1930,1685,1700,5454600
2007-01-24,1490,1720,1900,1710,1830,2007800
2007-01-25,1364,1575,1740,1500,1705,2141200
2007-01-26,1390,1605,1660,1565,1595,1596600
2007-01-29,1390,1605,1670,1575,1640,1202100
2007-01-30,1511,1745,1785,1635,1645,3420400
2007-01-31,1403,1620,1780,1610,1760,1238900
2007-02-01,1611,1860,1860,1625,1645,3769400
2007-02-02,1646,1900,2100,1825,1955,7939900
2007-02-05,1737,2005,2180,1885,1930,8437500
2007-02-06,1615,1865,2070,1835,2010,4074400
2007-02-07,1602,1850,1975,1795,1890,3117200
2007-02-08,1706,1970,2010,1825,1860,4062600
2007-02-09,1659,1915,2080,1915,1985,4254900
2007-02-12,1585,1830,1900,1795,1865,1501800
2007-02-13,1568,1810,1865,1785,1830,1265700
2007-02-14,1607,1855,1965,1805,1820,3218300
2007-02-15,1646,1900,1900,1820,1875,1680200
2007-02-16,1559,1800,1980,1790,1890,2339700
2007-02-20,1420,1640,1820,1630,1820,1904000
2007-02-21,1451,1675,1675,1560,1650,1499100
2007-02-22,1364,1575,1685,1575,1680,986700
2007-02-23,1334,1540,1620,1540,1575,1126000
2007-02-26,1368,1580,1580,1540,1540,697100
2007-02-27,1329,1535,1580,1530,1580,651700
2007-02-28,1290,1490,1495,1390,1410,641100
2007-03-05,1290,1490,1650,1490,1490,2083900
2007-03-06,1303,1505,1525,1460,1475,430100
2007-03-07,1273,1470,1540,1465,1535,470200
2007-03-08,1282,1480,1510,1460,1470,352400
2007-03-09,1282,1480,1500,1460,1500,338700
2007-03-12,1381,1595,1620,1480,1490,895800
2007-03-13,1403,1620,1620,1570,1590,544000
2007-03-14,1381,1595,1705,1575,1610,1464300
2007-03-15,1429,1650,1690,1600,1615,973600
2007-03-16,1420,1640,1695,1635,1670,551200
2007-03-19,1416,1635,1685,1615,1660,644400
2007-03-20,1498,1730,1730,1630,1645,1072000
2007-03-21,1416,1635,1795,1635,1755,815700
2007-03-22,1390,1605,1675,1570,1655,591700
2007-03-23,1334,1540,1610,1520,1600,660200
2007-03-26,1342,1550,1585,1530,1540,315300
2007-03-27,1338,1545,1565,1530,1555,420100
2007-03-28,1329,1535,1575,1530,1535,270400
2007-03-29,1316,1520,1550,1490,1520,364300
2007-03-30,1299,1500,1540,1500,1540,355400
2007-04-02,1334,1540,1560,1500,1510,281200
2007-04-03,1381,1595,1620,1535,1545,603300
2007-04-04,1394,1610,1630,1565,1605,509600
2007-04-05,1407,1625,1680,1595,1630,590900
2007-04-06,1399,1615,1645,1610,1630,359800
2007-04-09,1459,1685,1725,1620,1620,850800
2007-04-10,1451,1675,1715,1665,1685,450700
2007-04-11,1464,1690,1770,1675,1695,733900
2007-04-12,1438,1660,1705,1640,1700,287400
2007-04-13,1407,1625,1670,1615,1660,604800
2007-04-16,1481,1710,1745,1625,1625,726900
2007-04-17,1459,1685,1720,1655,1715,411700
2007-04-18,1425,1645,1690,1640,1660,357800
2007-04-19,1403,1620,1660,1570,1650,372000
2007-04-20,1412,1630,1640,1610,1615,166700
2007-04-23,1464,1690,1735,1640,1655,559100
2007-04-24,1459,1685,1705,1635,1705,299800
2007-04-25,1524,1760,1780,1670,1685,1163700
2007-04-26,1494,1725,1870,1725,1800,1334400
2007-04-27,1399,1615,1740,1610,1740,572600
2007-04-30,1373,1585,1645,1585,1610,352700
2007-05-02,1442,1665,1680,1590,1605,316400
2007-05-03,1498,1730,1755,1675,1680,438500
2007-05-04,1511,1745,1760,1705,1750,224300
2007-05-07,1546,1785,1790,1720,1735,324500
2007-05-08,1520,1755,1835,1740,1805,432200
2007-05-09,1468,1695,1780,1695,1755,787200
2007-05-10,1446,1670,1765,1670,1730,379500
2007-05-11,1511,1745,1750,1665,1675,235800
2007-05-14,1498,1730,1770,1715,1740,218400
2007-05-15,1520,1755,1810,1715,1755,466200
2007-05-16,1550,1790,1870,1735,1755,881200
2007-05-17,1533,1770,1925,1760,1820,1024800
2007-05-18,1533,1770,1810,1720,1770,337800
2007-05-21,1503,1735,1770,1710,1760,382900
2007-05-22,1615,1865,1865,1740,1740,626100
2007-05-23,1615,1865,1925,1825,1870,556600
2007-05-25,1659,1915,1925,1830,1845,505100
2007-05-28,1672,1930,1950,1865,1925,404800
2007-05-29,1724,1990,2005,1885,1930,642900
2007-05-30,1715,1980,2090,1950,2020,680200
2007-05-31,1784,2060,2175,1950,1990,1147800
2007-06-01,1715,1980,2150,1980,2120,446700
2007-06-04,1628,1880,2100,1860,2020,1090100
2007-06-05,1576,1820,1920,1800,1900,476800
2007-06-07,1620,1870,1880,1775,1775,438800
2007-06-08,1633,1885,1890,1820,1850,270800
2007-06-11,1654,1910,1975,1900,1910,345400
2007-06-12,1633,1885,1965,1880,1950,170000
2007-06-13,1875,2165,2165,1895,1895,1648700
2007-06-14,1949,2250,2275,2095,2200,1791700
2007-06-15,1919,2215,2330,2200,2285,1104500
2007-06-18,1897,2190,2270,2090,2250,1637000
2007-06-19,2062,2380,2380,2195,2240,1259700
2007-06-20,1828,2110,2395,2095,2395,890800
2007-06-21,1841,2125,2170,2030,2060,372400
2007-06-22,1797,2075,2160,2040,2130,397500
2007-06-25,1849,2135,2140,2030,2035,247800
2007-06-26,1572,1815,2035,1815,2035,1036200
2007-06-27,1403,1620,1810,1580,1800,739400
2007-06-28,1490,1720,1745,1650,1660,320200
2007-06-29,1477,1705,1750,1670,1690,146100
2007-07-02,1494,1725,1755,1685,1685,157000
2007-07-03,1451,1675,1760,1650,1730,407200
2007-07-04,1425,1645,1710,1620,1690,291900
2007-07-05,1425,1645,1670,1620,1645,256300
2007-07-06,1403,1620,1665,1615,1645,201100
2007-07-09,1386,1600,1650,1570,1650,218500
2007-07-10,1429,1650,1660,1600,1600,146800
2007-07-11,1407,1625,1650,1595,1650,148800
2007-07-12,1407,1625,1650,1610,1630,139500
2007-07-13,1394,1610,1645,1605,1645,124400
2007-07-16,1386,1600,1625,1580,1605,117400
2007-07-18,1412,1630,1630,1580,1590,163000
2007-07-19,1407,1625,1645,1615,1630,97500
2007-07-20,1407,1625,1650,1615,1650,163500
2007-07-23,1438,1660,1700,1625,1635,188300
2007-07-24,1490,1720,1835,1660,1690,420200
2007-07-25,1459,1685,1730,1655,1715,149100
2007-07-26,1459,1685,1740,1670,1700,241900
2007-07-27,1403,1620,1695,1600,1655,182700
2007-07-30,1360,1570,1635,1550,1620,292000
2007-07-31,1368,1580,1600,1565,1600,145800
2007-08-01,1308,1510,1580,1500,1555,245600
2007-08-02,1312,1515,1540,1490,1525,151100
2007-08-03,1381,1595,1605,1525,1555,162800
2007-08-06,1433,1655,1655,1550,1580,138400
2007-08-07,1407,1625,1750,1620,1670,585800
2007-08-08,1438,1660,1660,1630,1635,117800
2007-08-09,1446,1670,1745,1650,1675,377100
2007-08-10,1425,1645,1670,1605,1620,94700
2007-08-14,1485,1715,1720,1640,1660,260300
2007-08-16,1351,1560,1700,1510,1675,219800
2007-08-17,1316,1520,1595,1510,1520,160400
2007-08-20,1360,1570,1615,1550,1555,117900
2007-08-21,1351,1560,1605,1560,1575,106900
2007-08-22,1386,1600,1605,1560,1570,159000
2007-08-23,1386,1600,1680,1590,1645,276400
2007-08-24,1347,1555,1605,1555,1600,171300
2007-08-27,1355,1565,1590,1545,1590,100400
2007-08-28,1390,1605,1640,1555,1570,151000
2007-08-29,1407,1625,1625,1555,1590,153800
2007-08-30,1381,1595,1650,1590,1630,206300
2007-08-31,1425,1645,1665,1600,1600,184900
2007-09-03,1416,1635,1695,1635,1655,215000
2007-09-04,1420,1640,1665,1610,1650,171600
2007-09-05,1412,1630,1680,1630,1665,123000
2007-09-06,1490,1720,1725,1620,1620,334000
2007-09-07,1438,1660,1765,1660,1765,146400
2007-09-10,1420,1640,1655,1620,1630,84000
2007-09-11,1420,1640,1685,1620,1630,155300
2007-09-12,1563,1805,1885,1665,1680,1675300
2007-09-13,1529,1765,1825,1725,1800,529800
2007-09-14,1555,1795,1825,1750,1800,291600
2007-09-17,1576,1820,1885,1800,1805,455300
2007-09-18,1490,1720,1820,1695,1780,380900
2007-09-19,1481,1710,1760,1690,1750,277500
2007-09-20,1516,1750,1755,1685,1685,172100
2007-09-21,1533,1770,1780,1730,1775,210400
2007-09-27,1511,1745,1820,1725,1785,202900
2007-09-28,1563,1805,1830,1740,1745,335200
2007-10-01,1581,1825,1855,1785,1820,331300
2007-10-02,1581,1825,1865,1805,1850,291100
2007-10-04,1516,1750,1830,1735,1830,358600
2007-10-05,1485,1715,1770,1690,1760,293300
2007-10-08,1498,1730,1750,1690,1720,168600
2007-10-09,1533,1770,1810,1725,1740,379800
2007-10-10,1576,1820,1835,1745,1795,266300
2007-10-11,1594,1840,1910,1800,1820,406500
2007-10-12,1654,1910,1920,1830,1840,500500
2007-10-15,1581,1825,2025,1825,1950,684100
2007-10-16,1511,1745,1865,1745,1825,304600
2007-10-17,1511,1745,1780,1630,1740,368300
2007-10-18,1572,1815,1900,1740,1770,141200
2007-10-19,1585,1830,1850,1790,1845,152000
2007-10-22,1672,1930,1955,1720,1775,728900
2007-10-23,1676,1935,1980,1885,1965,550500
2007-10-24,1589,1835,2100,1760,1955,1114900
2007-10-25,1732,2000,2000,1840,1860,466500
2007-10-26,1698,1960,2050,1885,2040,375700
2007-10-29,1611,1860,1995,1845,1995,250000
2007-10-30,1706,1970,2020,1855,1875,723000
2007-10-31,1737,2005,2045,1920,1990,328500
2007-11-01,1719,1985,2080,1955,2045,351300
2007-11-02,1659,1915,1960,1880,1910,242500
2007-11-05,1689,1950,2015,1885,1945,372700
2007-11-06,1624,1875,2035,1845,1965,267600
2007-11-07,1568,1810,1905,1750,1900,533800
2007-11-08,1498,1730,1810,1725,1780,171500
2007-11-09,1516,1750,1810,1710,1750,162100
2007-11-12,1360,1570,1750,1495,1715,500300
2007-11-13,1373,1585,1650,1550,1550,139900
2007-11-14,1433,1655,1685,1620,1625,121700
2007-11-15,1399,1615,1680,1590,1645,82900
2007-11-16,1407,1625,1645,1580,1640,95100
2007-11-19,1420,1640,1660,1615,1660,85400
2007-11-20,1368,1580,1635,1535,1635,127100
2007-11-21,1368,1580,1740,1560,1570,85500
2007-11-22,1299,1500,1585,1350,1585,190900
2007-11-23,1212,1400,1520,1360,1485,157200
2007-11-26,1238,1430,1470,1405,1405,101800
2007-11-27,1243,1435,1485,1350,1400,63500
2007-11-28,1238,1430,1510,1410,1435,76600
2007-11-29,1238,1430,1465,1405,1440,84800
2007-11-30,1269,1465,1490,1420,1425,76500
2007-12-03,1308,1510,1535,1465,1470,133900
2007-12-04,1308,1510,1540,1480,1500,54300
2007-12-05,1308,1510,1550,1470,1510,112800
2007-12-06,1308,1510,1535,1485,1510,98600
2007-12-07,1325,1530,1565,1500,1510,113500
2007-12-10,1299,1500,1545,1475,1505,48500
2007-12-11,1290,1490,1515,1490,1510,24400
2007-12-12,1282,1480,1500,1440,1500,58700
2007-12-13,1282,1480,1520,1440,1480,43200
2007-12-14,1286,1485,1495,1455,1490,19500
2007-12-17,1260,1455,1485,1440,1485,111000
2007-12-18,1277,1475,1500,1425,1425,94300
2007-12-20,1256,1450,1490,1435,1460,38100
2007-12-21,1208,1395,1465,1390,1465,93900
2007-12-24,1225,1415,1445,1400,1400,80000
2007-12-26,1238,1430,1445,1420,1440,31300
2007-12-27,1283,1450,1450,1400,1400,26800
2007-12-28,1296,1465,1470,1410,1410,50478
2008-01-02,1340,1515,1540,1465,1470,85277
2008-01-03,1327,1500,1510,1460,1460,28749
2008-01-04,1314,1485,1510,1450,1500,56707
2008-01-07,1283,1450,1470,1420,1450,22815
2008-01-08,1243,1405,1460,1400,1440,51655
2008-01-09,1256,1420,1440,1390,1405,48756
2008-01-10,1274,1440,1460,1405,1430,26373
2008-01-11,1283,1450,1475,1420,1450,29742
2008-01-14,1234,1395,1460,1395,1460,76411
2008-01-15,1252,1415,1430,1380,1405,46997
2008-01-16,1234,1395,1415,1360,1390,46288
2008-01-17,1230,1390,1430,1360,1395,32202
2008-01-18,1203,1360,1430,1305,1390,177597
2008-01-21,1141,1290,1370,1290,1370,142913
2008-01-22,1035,1170,1260,1120,1260,131628
2008-01-23,1061,1200,1305,1165,1180,56501
2008-01-24,1150,1300,1350,1205,1205,121467
2008-01-25,1159,1310,1340,1275,1300,82031
2008-01-28,1132,1280,1320,1270,1300,13437
2008-01-29,1163,1315,1320,1270,1280,33001
2008-01-30,1150,1300,1340,1260,1310,70240
2008-01-31,1194,1350,1350,1270,1300,51575
2008-02-01,1177,1330,1380,1300,1350,59604
2008-02-04,1177,1330,1360,1310,1330,35986
2008-02-05,1190,1345,1350,1305,1350,43047
2008-02-11,1168,1320,1340,1290,1310,69693
2008-02-12,1159,1310,1335,1305,1305,30308
2008-02-13,1203,1360,1440,1320,1320,55594
2008-02-14,1238,1400,1410,1350,1350,101739
2008-02-15,1238,1400,1430,1375,1400,26119
2008-02-18,1238,1400,1460,1400,1400,73294
2008-02-19,1283,1450,1490,1400,1400,72973
2008-02-20,1265,1430,1460,1400,1450,21884
2008-02-21,1256,1420,1450,1390,1420,39894
2008-02-22,1252,1415,1430,1365,1425,39837
2008-02-25,1261,1425,1460,1400,1410,38556
2008-02-26,1256,1420,1445,1400,1405,34125
2008-02-27,1247,1410,1540,1385,1445,616454
2008-02-28,1243,1405,1460,1385,1415,160197
2008-02-29,1238,1400,1430,1350,1430,123763
2008-03-03,1225,1385,1415,1360,1400,42808
2008-03-04,1225,1385,1395,1355,1395,51018
2008-03-05,1225,1385,1440,1370,1400,46782
2008-03-06,1252,1415,1415,1375,1400,50247
2008-03-07,1256,1420,1460,1370,1400,266743
2008-03-10,1278,1445,1495,1385,1415,201724
2008-03-11,1296,1465,1475,1405,1445,132144
2008-03-12,1318,1490,1520,1445,1475,200758
2008-03-13,1305,1475,1525,1455,1490,164654
2008-03-14,1323,1495,1500,1430,1490,95547
2008-03-17,1292,1460,1485,1425,1460,42612
2008-03-18,1292,1460,1495,1440,1450,57309
2008-03-19,1278,1445,1500,1445,1490,122982
2008-03-20,1287,1455,1455,1420,1420,36381
2008-03-21,1261,1425,1460,1425,1460,77712
2008-03-24,1256,1420,1510,1420,1450,39339
2008-03-25,1256,1420,1450,1410,1430,35184
2008-03-26,1238,1400,1440,1395,1410,35847
2008-03-27,1261,1425,1455,1400,1400,31075
2008-03-28,1287,1455,1470,1410,1425,71076
2008-03-31,1340,1515,1535,1465,1465,177607
2008-04-01,1349,1525,1570,1500,1520,154965
2008-04-02,1354,1530,1565,1510,1545,45581
2008-04-03,1354,1530,1550,1505,1540,37494
2008-04-04,1362,1540,1570,1495,1530,77839
2008-04-07,1327,1500,1550,1495,1520,69129
2008-04-08,1336,1510,1520,1485,1495,63465
2008-04-10,1340,1515,1515,1490,1500,32283
2008-04-11,1340,1515,1530,1490,1530,30379
2008-04-14,1309,1480,1515,1480,1500,23752
2008-04-15,1327,1500,1500,1460,1460,54453
2008-04-16,1362,1540,1540,1480,1480,61131
2008-04-17,1389,1570,1580,1515,1535,64659
2008-04-18,1380,1560,1600,1540,1555,30108
2008-04-21,1380,1560,1595,1530,1570,36385
2008-04-22,1362,1540,1570,1510,1560,47390
2008-04-23,1362,1540,1580,1530,1535,52897
2008-04-24,1429,1615,1640,1540,1550,164958
2008-04-25,1429,1615,1635,1595,1635,114274
2008-04-28,1420,1605,1670,1570,1625,73740
2008-04-29,1420,1605,1630,1555,1630,110872
2008-04-30,1460,1650,1665,1590,1605,123261
2008-05-02,1451,1640,1690,1620,1675,114489
2008-05-06,1455,1645,1770,1635,1665,560496
2008-05-07,1407,1590,1660,1580,1630,146724
2008-05-08,1420,1605,1605,1510,1560,224403
2008-05-09,1398,1580,1640,1580,1595,69832
2008-05-13,1407,1590,1615,1570,1615,92416
2008-05-14,1411,1595,1610,1580,1590,32763
2008-05-15,1424,1610,1610,1575,1595,74728
2008-05-16,1460,1650,1670,1605,1605,110451
2008-05-19,1482,1675,1710,1665,1710,199945
2008-05-20,1535,1735,1765,1660,1705,243033
2008-05-21,1495,1690,1745,1690,1730,146831
2008-05-22,1500,1695,1715,1645,1670,82942
2008-05-23,1477,1670,1740,1660,1695,76682
2008-05-26,1477,1670,1685,1640,1655,60309
2008-05-27,1455,1645,1700,1620,1650,108131
2008-05-28,1446,1635,1690,1620,1655,112910
2008-05-29,1517,1715,1725,1630,1635,208294
2008-05-30,1517,1715,1725,1670,1725,89920
2008-06-02,1526,1725,1750,1695,1715,120367
2008-06-03,1592,1800,1840,1725,1735,415317
2008-06-04,1646,1860,1905,1790,1800,513297
2008-06-05,1619,1830,1900,1780,1900,155236
2008-06-09,1570,1775,1820,1745,1770,146920
2008-06-10,1539,1740,1820,1735,1785,151671
2008-06-11,1579,1785,1850,1730,1740,105723
2008-06-12,1694,1915,1980,1750,1760,541657
2008-06-13,1730,1955,2035,1930,1930,257534
2008-06-16,1716,1940,2030,1910,2025,169339
2008-06-17,1677,1895,1950,1860,1925,130828
2008-06-18,1725,1950,1950,1875,1910,92824
2008-06-19,1663,1880,1975,1875,1945,79329
2008-06-20,1663,1880,1945,1850,1900,62558
2008-06-23,1659,1875,1880,1800,1870,96461
2008-06-24,1668,1885,1910,1820,1875,79977
2008-06-25,1699,1920,1940,1840,1885,121174
2008-06-26,1672,1890,1950,1880,1950,144924
2008-06-27,1592,1800,1850,1775,1850,97200
2008-06-30,1473,1665,1775,1655,1755,194083
2008-07-01,1460,1650,1650,1560,1620,286584
2008-07-02,1296,1465,1665,1465,1630,183304
2008-07-03,1292,1460,1475,1380,1460,133944
2008-07-04,1261,1425,1530,1425,1460,101588
2008-07-07,1274,1440,1480,1420,1450,104709
2008-07-08,1203,1360,1495,1320,1460,88247
2008-07-09,1221,1380,1445,1360,1400,57315
2008-07-10,1283,1450,1450,1300,1350,109237
2008-07-11,1327,1500,1525,1410,1435,126377
2008-07-14,1323,1495,1540,1455,1455,67891
2008-07-15,1265,1430,1495,1400,1465,150654
2008-07-16,1256,1420,1460,1410,1415,71373
2008-07-17,1345,1520,1540,1460,1460,139849
2008-07-18,1331,1505,1545,1465,1520,32653
2008-07-21,1446,1635,1650,1460,1530,223396
2008-07-22,1336,1510,1640,1510,1595,214695
2008-07-23,1415,1600,1610,1525,1540,75954
2008-07-24,1486,1680,1685,1580,1625,247483
2008-07-25,1455,1645,1670,1635,1640,98347
2008-07-28,1415,1600,1660,1550,1660,102689
2008-07-29,1393,1575,1615,1520,1545,68800
2008-07-30,1411,1595,1650,1550,1575,51800
2008-07-31,1384,1565,1620,1530,1620,66600
2008-08-01,1371,1550,1565,1520,1550,45700
2008-08-04,1305,1475,1540,1400,1520,281500
2008-08-05,1300,1470,1490,1430,1455,34600
2008-08-06,1318,1490,1515,1440,1480,93000
2008-08-07,1300,1470,1525,1450,1485,137700
2008-08-08,1318,1490,1530,1445,1445,68200
2008-08-11,1402,1585,1635,1495,1495,451600
2008-08-12,1398,1580,1595,1515,1570,171400
2008-08-13,1402,1585,1600,1550,1580,43000
2008-08-14,1376,1555,1600,1545,1560,59700
2008-08-18,1340,1515,1585,1500,1555,81691
2008-08-19,1305,1475,1500,1440,1490,134994
2008-08-20,1305,1475,1510,1450,1450,50428
2008-08-21,1212,1370,1515,1370,1515,147313
2008-08-22,1230,1390,1400,1310,1395,83972
2008-08-25,1185,1340,1410,1315,1400,125245
2008-08-26,1177,1330,1350,1280,1320,88164
2008-08-27,1154,1305,1350,1285,1315,77144
2008-08-28,1150,1300,1325,1295,1305,77539
2008-08-29,1159,1310,1325,1250,1310,58043
2008-09-01,1066,1205,1300,1200,1300,146042
2008-09-02,1048,1185,1250,1130,1230,70582
2008-09-03,1057,1195,1215,1150,1150,54619
2008-09-04,1079,1220,1280,1170,1180,65777
2008-09-05,1066,1205,1235,1165,1190,24152
2008-09-08,1106,1250,1275,1205,1205,85575
2008-09-09,1106,1250,1290,1240,1245,77521
2008-09-10,1115,1260,1260,1205,1210,27488
2008-09-11,1101,1245,1285,1225,1230,24989
2008-09-12,1168,1320,1335,1245,1245,89497
2008-09-16,1053,1190,1255,1155,1220,39899
2008-09-17,1199,1355,1360,1220,1220,170531
2008-09-18,1199,1355,1400,1280,1280,171883
2008-09-19,1194,1350,1410,1320,1380,136855
2008-09-22,1181,1335,1400,1310,1400,71789
2008-09-23,1177,1330,1345,1270,1305,60154
2008-09-24,1177,1330,1350,1270,1305,135179
2008-09-25,1159,1310,1345,1270,1330,89209
2008-09-26,1185,1340,1355,1300,1325,97146
2008-09-29,1159,1310,1355,1290,1350,60200
2008-09-30,1123,1270,1270,1200,1200,42910
2008-10-01,1123,1270,1295,1255,1275,32547
2008-10-02,1101,1245,1290,1245,1260,29393
2008-10-06,1061,1200,1250,1100,1245,51143
2008-10-07,1057,1195,1210,1145,1195,34673
2008-10-08,955,1080,1160,1080,1125,69619
2008-10-09,991,1120,1140,1070,1140,129335
2008-10-10,955,1080,1110,1000,1110,53943
2008-10-13,1030,1165,1170,1090,1100,60940
2008-10-14,1177,1330,1330,1220,1230,157879
2008-10-15,1252,1415,1420,1265,1320,180988
2008-10-16,1079,1220,1395,1215,1360,50459
2008-10-17,1141,1290,1350,1150,1325,77196
2008-10-20,1115,1260,1300,1195,1230,34245
2008-10-21,1075,1215,1300,1160,1280,120921
2008-10-22,929,1050,1210,1035,1170,280433
2008-10-23,840,950,1035,920,1035,90728
2008-10-24,778,880,1000,835,1000,103564
2008-10-27,738,835,890,805,890,40358
2008-10-28,814,920,920,790,830,80423
2008-10-29,800,905,990,835,930,110525
2008-10-30,911,1030,1035,905,905,89933
2008-10-31,920,1040,1055,1000,1005,61453
2008-11-03,938,1060,1110,1040,1050,148553
2008-11-04,973,1100,1105,1010,1100,76807
2008-11-05,1013,1145,1175,1100,1140,178930
2008-11-06,933,1055,1115,1040,1090,30899
2008-11-07,946,1070,1100,950,950,68457
2008-11-10,982,1110,1170,1075,1110,272877
2008-11-11,933,1055,1115,1030,1080,104181
2008-11-12,920,1040,1075,1000,1005,41447
2008-11-13,889,1005,1010,950,1010,33122
2008-11-14,884,1000,1065,980,1015,75805
2008-11-17,893,1010,1045,985,985,58575
2008-11-18,884,1000,1020,990,1010,28058
2008-11-19,876,990,1040,965,995,24556
2008-11-20,809,915,970,860,970,65176
2008-11-21,836,945,945,850,850,32174
2008-11-24,814,920,965,890,965,48393
2008-11-25,831,940,990,900,930,70923
2008-11-26,831,940,950,910,920,32108
2008-11-27,823,930,960,920,930,81520
2008-11-28,889,1005,1025,930,955,143757
2008-12-01,898,1015,1065,995,995,93933
2008-12-02,915,1035,1045,960,980,33694
2008-12-03,911,1030,1070,1000,1055,18405
2008-12-04,884,1000,1085,995,1020,28868
2008-12-05,876,990,1025,970,970,21048
2008-12-08,933,1055,1055,980,980,51988
2008-12-09,889,1005,1070,1000,1060,35537
2008-12-10,898,1015,1040,985,985,44887
2008-12-11,920,1040,1055,1005,1015,34028
2008-12-12,929,1050,1115,1015,1060,65695
2008-12-15,951,1075,1095,1030,1055,132568
2008-12-16,964,1090,1090,1060,1075,16080
2008-12-17,929,1050,1120,1030,1100,30982
2008-12-18,969,1095,1160,1050,1050,209150
2008-12-19,1008,1140,1140,1065,1105,141727
2008-12-22,1026,1160,1220,1145,1150,153065
2008-12-23,1039,1175,1190,1130,1165,46756
2008-12-24,1026,1160,1185,1130,1170,43013
2008-12-26,1000,1130,1185,1070,1185,86284
2008-12-29,1009,1080,1110,1065,1100,30578
2008-12-30,981,1050,1110,1050,1060,7142
2009-01-02,1046,1120,1120,1030,1055,59005
2009-01-05,1046,1120,1185,1100,1185,16678
2009-01-06,1079,1155,1170,1130,1155,25615
2009-01-07,1121,1200,1210,1150,1150,37379
2009-01-08,1060,1135,1230,1135,1200,48146
2009-01-09,1102,1180,1240,1150,1150,26983
2009-01-12,1107,1185,1235,1150,1150,8169
2009-01-13,1098,1175,1200,1105,1105,31720
2009-01-14,1107,1185,1190,1140,1150,57546
2009-01-15,1037,1110,1170,1080,1130,32319
2009-01-16,1037,1110,1170,1035,1160,48445
2009-01-19,1028,1100,1145,1055,1095,129286
2009-01-20,1023,1095,1110,1060,1080,38527
2009-01-21,981,1050,1085,1005,1035,92105
2009-01-22,1028,1100,1120,1055,1060,40410
2009-01-23,1037,1110,1110,1060,1060,19167
2009-01-28,1004,1075,1140,1050,1140,21380
2009-01-29,1065,1140,1145,1080,1080,38834
2009-01-30,1065,1140,1160,1090,1090,16378
2009-02-02,1112,1190,1250,1075,1150,192518
2009-02-03,1168,1250,1285,1205,1235,253186
2009-02-04,1238,1325,1350,1280,1295,172659
2009-02-05,1261,1350,1485,1280,1345,391680
2009-02-06,1224,1310,1405,1300,1405,88176
2009-02-09,1214,1300,1370,1270,1325,96388
2009-02-10,1196,1280,1310,1260,1300,77871
2009-02-11,1285,1375,1400,1270,1275,113671
2009-02-12,1299,1390,1430,1315,1390,77776
2009-02-13,1271,1360,1400,1310,1385,107808
2009-02-16,1294,1385,1415,1325,1340,168066
2009-02-17,1243,1330,1430,1330,1415,117214
2009-02-18,1200,1285,1330,1260,1330,59858
2009-02-19,1238,1325,1420,1300,1300,110844
2009-02-20,1214,1300,1345,1260,1330,109877
2009-02-23,1261,1350,1350,1275,1300,61993
2009-02-24,1210,1295,1345,1275,1300,43735
2009-02-25,1177,1260,1380,1260,1370,418536
2009-02-26,1168,1250,1340,1220,1270,124336
2009-02-27,1168,1250,1300,1240,1260,34824
2009-03-02,1163,1245,1310,1200,1250,76529
2009-03-03,1158,1240,1280,1190,1200,57643
2009-03-04,1177,1260,1265,1210,1220,135430
2009-03-05,1196,1280,1295,1260,1285,83529
2009-03-06,1186,1270,1290,1250,1290,45883
2009-03-09,1205,1290,1305,1270,1290,67756
2009-03-10,1378,1475,1480,1300,1305,677742
2009-03-11,1355,1450,1520,1420,1520,236486
2009-03-12,1359,1455,1480,1425,1455,189831
2009-03-13,1345,1440,1530,1440,1500,272932
2009-03-16,1443,1545,1570,1455,1480,361414
2009-03-17,1471,1575,1610,1495,1560,174405
2009-03-18,1411,1510,1580,1485,1575,208368
2009-03-19,1345,1440,1540,1400,1510,400910
2009-03-20,1373,1470,1495,1430,1440,139900
2009-03-23,1415,1515,1525,1495,1495,35442
2009-03-24,1467,1570,1650,1570,1600,257354
2009-03-25,1504,1610,1630,1560,1595,97339
2009-03-26,1546,1655,1720,1620,1620,295653
2009-03-27,1532,1640,1755,1640,1695,265295
2009-03-30,1574,1685,1740,1645,1690,450886
2009-03-31,1654,1770,1810,1685,1685,296234
2009-04-01,1691,1810,1845,1770,1795,270204
2009-04-02,1700,1820,1875,1805,1840,278492
2009-04-03,1626,1740,1830,1720,1830,341647
2009-04-06,1831,1960,1985,1740,1740,795352
2009-04-07,1869,2000,2035,1920,1960,345095
2009-04-08,1841,1970,2025,1910,2000,316839
2009-04-09,1869,2000,2050,1955,2005,420405
2009-04-10,2014,2155,2175,1960,2060,568078
2009-04-13,2135,2285,2340,2160,2200,486272
2009-04-14,2093,2240,2320,2140,2305,239204
2009-04-15,2042,2185,2250,2090,2200,394653
2009-04-16,2135,2285,2430,2230,2270,374879
2009-04-17,2093,2240,2345,2120,2345,265369
2009-04-20,2056,2200,2290,2160,2185,144062
2009-04-21,2121,2270,2270,2070,2125,334334
2009-04-22,2243,2400,2400,2230,2275,705858
2009-04-23,2224,2380,2540,2340,2435,388006
2009-04-24,2158,2310,2430,2200,2380,205730
2009-04-27,2056,2200,2355,2165,2350,182860
2009-04-28,1911,2045,2245,2020,2180,410002
2009-04-29,2065,2210,2220,2020,2020,265441
2009-04-30,2121,2270,2310,2200,2255,301999
2009-05-04,2112,2260,2340,2220,2300,190994
2009-05-06,2074,2220,2350,2145,2290,751893
2009-05-07,2014,2155,2250,2140,2210,251682
2009-05-08,2046,2190,2205,2125,2165,109239
2009-05-11,1981,2120,2230,2115,2230,361730
2009-05-12,1976,2115,2155,2050,2100,169323
2009-05-13,1981,2120,2155,2075,2140,186006
2009-05-14,2028,2170,2210,2095,2115,263882
2009-05-15,2107,2255,2340,2190,2225,280707
2009-05-18,2046,2190,2290,2165,2290,196946
2009-05-19,2350,2515,2515,2235,2280,900076
2009-05-20,2663,2850,2880,2610,2700,1368618
2009-05-21,2710,2900,3120,2770,2900,928631
2009-05-22,2757,2950,3110,2770,2900,726818
2009-05-25,2616,2800,3000,2630,2950,446265
2009-05-26,2565,2745,2915,2700,2810,345531
2009-05-27,2420,2590,2850,2510,2850,214633
2009-05-28,2523,2700,2775,2405,2550,785175
2009-05-29,2401,2570,2755,2560,2750,331548
2009-06-01,2401,2570,2605,2505,2575,319121
2009-06-02,2401,2570,2700,2570,2700,343709
2009-06-03,2425,2595,2620,2555,2600,189945
2009-06-04,2467,2640,2790,2600,2610,584956
2009-06-05,2551,2730,2740,2600,2655,430541
2009-06-08,2579,2760,2815,2665,2745,243991
2009-06-09,2411,2580,2870,2530,2790,505112
2009-06-10,2322,2485,2635,2360,2580,534121
2009-06-11,2243,2400,2540,2315,2540,244087
2009-06-12,2373,2540,2600,2390,2390,202973
2009-06-15,2308,2470,2585,2460,2585,74489
2009-06-16,2257,2415,2480,2200,2405,91599
2009-06-17,2205,2360,2450,2340,2450,90345
2009-06-18,2205,2360,2465,2355,2400,117761
2009-06-19,2289,2450,2470,2345,2435,92073
2009-06-22,2322,2485,2520,2475,2520,80939
2009-06-23,2238,2395,2450,2360,2400,51589
2009-06-24,2243,2400,2450,2320,2450,62226
2009-06-25,2285,2445,2500,2400,2400,39185
2009-06-26,2294,2455,2500,2435,2500,79465
2009-06-29,2373,2540,2575,2455,2500,123305
2009-06-30,2359,2525,2590,2515,2545,88283
2009-07-01,2588,2770,2890,2520,2520,415050
2009-07-02,2542,2720,2795,2680,2750,168614
2009-07-03,2570,2750,2750,2635,2650,241311
2009-07-06,2607,2790,2845,2715,2810,192343
2009-07-07,2654,2840,2960,2790,2795,495229
2009-07-08,2677,2865,2950,2815,2840,298220
2009-07-09,2509,2685,2940,2670,2850,427878
2009-07-10,2504,2680,2740,2650,2695,166688
2009-07-13,2504,2680,2690,2555,2655,142293
2009-07-14,2490,2665,2715,2615,2700,83631
2009-07-15,2481,2655,2710,2630,2685,179393
2009-07-16,2429,2600,2695,2550,2695,141045
2009-07-17,2425,2595,2650,2580,2600,112969
2009-07-20,2439,2610,2655,2585,2600,128325
2009-07-21,2355,2520,2650,2430,2620,273319
2009-07-22,2373,2540,2550,2485,2520,148087
2009-07-23,2317,2480,2565,2480,2540,221729
2009-07-24,2345,2510,2565,2480,2490,144433
2009-07-27,2383,2550,2580,2515,2525,64521
2009-07-28,2420,2590,2605,2560,2595,81847
2009-07-29,2341,2505,2595,2505,2595,67339
2009-07-30,2308,2470,2525,2425,2525,116758
2009-07-31,2247,2405,2495,2395,2495,274449
2009-08-03,2275,2435,2470,2370,2435,95420
2009-08-04,2336,2500,2540,2470,2490,113846
2009-08-05,2308,2470,2530,2460,2530,88218
2009-08-06,2294,2455,2500,2435,2490,69258
2009-08-07,2294,2455,2485,2420,2455,59111
2009-08-10,2364,2530,2570,2460,2490,264569
2009-08-11,2299,2460,2530,2410,2530,318937
2009-08-12,2247,2405,2455,2380,2450,251749
2009-08-13,2299,2460,2480,2370,2430,272807
2009-08-14,2313,2475,2485,2405,2480,126583
2009-08-17,2224,2380,2450,2360,2450,140931
2009-08-18,2130,2280,2390,2260,2350,124498
2009-08-19,2121,2270,2320,2260,2320,75256
2009-08-20,2149,2300,2325,2245,2300,109173
2009-08-21,2121,2270,2360,2260,2320,101467
2009-08-24,2056,2200,2300,2150,2260,101315
2009-08-25,2126,2275,2300,2160,2165,170580
2009-08-26,2121,2270,2295,2225,2285,56761
2009-08-27,2135,2285,2310,2250,2260,69889
2009-08-28,2219,2375,2390,2280,2310,197364
2009-08-31,2229,2385,2390,2350,2375,96230
2009-09-01,2229,2385,2405,2365,2390,125620
2009-09-02,2214,2370,2380,2340,2375,61076
2009-09-03,2299,2460,2495,2365,2370,222008
2009-09-04,2285,2445,2455,2400,2435,106198
2009-09-07,2289,2450,2475,2435,2445,128180
2009-09-08,2280,2440,2550,2440,2475,193340
2009-09-09,2243,2400,2480,2350,2455,76241
2009-09-10,2238,2395,2415,2350,2410,55506
2009-09-11,2229,2385,2410,2355,2395,63917
2009-09-14,2149,2300,2435,2300,2390,325169
2009-09-15,2168,2320,2360,2305,2310,103921
2009-09-16,2177,2330,2360,2300,2325,108084
2009-09-17,2126,2275,2365,2260,2335,124939
2009-09-18,2130,2280,2335,2270,2275,82161
2009-09-21,2116,2265,2340,2205,2280,213338
2009-09-22,2168,2320,2320,2265,2265,76684
2009-09-23,2158,2310,2340,2275,2340,93593
2009-09-24,2102,2250,2310,2230,2280,43437
2009-09-25,2154,2305,2315,2210,2280,183828
2009-09-28,2317,2480,2650,2340,2350,2557566
2009-09-29,2551,2730,2850,2475,2535,4782279
2009-09-30,2495,2670,2810,2515,2730,1379283
2009-10-01,2616,2800,2915,2655,2740,2274319
2009-10-05,2392,2560,2885,2540,2750,909089
2009-10-06,2747,2940,2940,2545,2660,2748707
2009-10-07,2336,2500,3110,2500,3075,4173479
2009-10-08,2490,2665,2820,2465,2570,2075646
2009-10-09,2462,2635,2810,2515,2670,1123344
2009-10-12,2429,2600,2690,2565,2620,528200
2009-10-13,2359,2525,2620,2500,2605,607454
2009-10-14,2415,2585,2615,2515,2530,456646
2009-10-15,2471,2645,2660,2540,2590,405168
2009-10-16,2397,2565,2720,2530,2655,537513
2009-10-19,2355,2520,2570,2470,2570,334870
2009-10-20,2369,2535,2600,2500,2530,262514
2009-10-21,2462,2635,2640,2520,2545,289311
2009-10-22,2392,2560,2685,2550,2635,316757
2009-10-23,2331,2495,2615,2495,2585,184058
2009-10-26,2289,2450,2475,2390,2470,209929
2009-10-27,2285,2445,2450,2360,2400,186378
2009-10-28,2200,2355,2520,2285,2395,252624
2009-10-29,2154,2305,2355,2200,2290,211700
2009-10-30,2233,2390,2470,2325,2365,426197
2009-11-02,2191,2345,2350,2255,2300,129887
2009-11-03,2168,2320,2395,2320,2345,64828
2009-11-04,2233,2390,2450,2315,2340,278241
2009-11-05,2182,2335,2420,2330,2390,95976
2009-11-06,2182,2335,2410,2320,2355,108520
2009-11-09,2243,2400,2425,2335,2335,92221
2009-11-10,2205,2360,2445,2355,2445,91019
2009-11-11,2191,2345,2400,2325,2400,89137
2009-11-12,2219,2375,2380,2350,2350,62028
2009-11-13,2191,2345,2390,2300,2390,67051
2009-11-16,2126,2275,2400,2260,2360,138626
2009-11-17,2102,2250,2370,2250,2370,72655
2009-11-18,2088,2235,2290,2210,2255,66560
2009-11-19,2107,2255,2350,2220,2225,72168
2009-11-20,2205,2360,2400,2230,2255,204871
2009-11-23,2186,2340,2400,2325,2350,77797
2009-11-24,2200,2355,2380,2305,2365,84807
2009-11-25,2191,2345,2385,2335,2385,48164
2009-11-26,2158,2310,2370,2310,2360,43281
2009-11-27,2023,2165,2360,2135,2345,169383
2009-11-30,2046,2190,2230,2140,2140,46726
2009-12-01,2056,2200,2225,2115,2225,79034
2009-12-02,2084,2230,2285,2180,2180,68352
2009-12-03,2130,2280,2285,2235,2240,71729
2009-12-04,2130,2280,2330,2255,2280,42849
2009-12-07,2186,2340,2365,2280,2285,137109
2009-12-08,2210,2365,2380,2315,2315,123962
2009-12-09,2196,2350,2390,2300,2390,47198
2009-12-10,2214,2370,2385,2320,2335,100253
2009-12-11,2205,2360,2400,2320,2370,144932
2009-12-14,2210,2365,2380,2325,2335,99292
2009-12-15,2266,2425,2450,2350,2370,172739
2009-12-16,2387,2555,2560,2400,2410,570311
2009-12-17,2406,2575,2600,2530,2555,203645
2009-12-18,2425,2595,2600,2515,2555,169219
2009-12-21,2415,2585,2645,2560,2590,264302
2009-12-22,2364,2530,2670,2520,2585,174949
2009-12-23,2285,2445,2555,2440,2530,152859
2009-12-24,2299,2460,2475,2440,2440,79548
2009-12-28,2313,2475,2490,2420,2470,114830
2009-12-29,2303,2405,2460,2395,2440,75350
2009-12-30,2322,2425,2475,2390,2405,33405
2010-01-04,2346,2450,2465,2385,2465,90377
2010-01-05,2696,2815,2815,2460,2460,1491755
2010-01-06,2633,2750,2860,2635,2850,789764
2010-01-07,2523,2635,2790,2610,2750,499272
2010-01-08,2533,2645,2755,2595,2660,461747
2010-01-11,2557,2670,2755,2620,2645,441807
2010-01-12,2499,2610,2700,2570,2670,232312
2010-01-13,2710,2830,2925,2625,2630,1372741
2010-01-14,2720,2840,2930,2745,2855,700279
2010-01-15,2624,2740,3005,2740,2900,1037603
2010-01-18,2586,2700,2750,2635,2720,453447
2010-01-19,2739,2860,2890,2655,2710,632846
2010-01-20,2662,2780,2970,2730,2920,599396
2010-01-21,2576,2690,2765,2655,2730,330887
2010-01-22,2471,2580,2695,2510,2690,322169
2010-01-25,2404,2510,2610,2470,2510,210926
2010-01-26,2337,2440,2565,2395,2530,225747
2010-01-27,2356,2460,2500,2400,2500,154519
2010-01-28,2432,2540,2565,2460,2475,141685
2010-01-29,2284,2385,2500,2375,2480,165187
2010-02-01,2279,2380,2440,2320,2370,52353
2010-02-02,2317,2420,2450,2380,2395,70280
2010-02-03,2370,2475,2475,2400,2425,135407
2010-02-04,2370,2475,2475,2405,2405,78844
2010-02-05,2246,2345,2385,2300,2385,171113
2010-02-08,2169,2265,2380,2260,2345,102720
2010-02-09,2193,2290,2330,2235,2235,48010
2010-02-10,2198,2295,2350,2275,2350,86206
2010-02-11,2241,2340,2365,2300,2300,45918
2010-02-12,2265,2365,2380,2320,2380,56205
2010-02-16,2260,2360,2380,2325,2365,41663
2010-02-17,2289,2390,2415,2360,2390,96898
2010-02-18,2270,2370,2400,2360,2375,63971
2010-02-19,2279,2380,2415,2345,2345,110303
2010-02-22,2313,2415,2435,2380,2380,97667
2010-02-23,2303,2405,2425,2385,2400,31820
2010-02-24,2279,2380,2415,2365,2385,27120
2010-02-25,2293,2395,2430,2375,2420,78066
2010-02-26,2255,2355,2420,2335,2410,54102
2010-03-02,2274,2375,2405,2355,2400,46645
2010-03-03,2265,2365,2390,2345,2355,58396
2010-03-04,2097,2190,2390,2180,2385,337779
2010-03-05,2097,2190,2245,2160,2200,205775
2010-03-08,2116,2210,2245,2195,2210,106763
2010-03-09,2140,2235,2250,2210,2240,58674
2010-03-10,2126,2220,2270,2200,2235,63382
2010-03-11,2121,2215,2240,2210,2220,50287
2010-03-12,2126,2220,2260,2180,2230,72911
2010-03-15,2135,2230,2260,2210,2220,67453
2010-03-16,2164,2260,2275,2220,2230,58642
2010-03-17,2188,2285,2285,2230,2260,92497
2010-03-18,2164,2260,2290,2250,2255,91623
2010-03-19,2164,2260,2300,2245,2280,151802
2010-03-22,2145,2240,2255,2220,2250,48488
2010-03-23,2155,2250,2265,2230,2230,60663
2010-03-24,2126,2220,2265,2190,2260,208186
2010-03-25,2164,2260,2260,2175,2220,106426
2010-03-26,2174,2270,2270,2220,2260,115295
2010-03-29,2140,2235,2270,2230,2230,103780
2010-03-30,2183,2280,2280,2235,2235,106866
2010-03-31,2246,2345,2400,2260,2280,416137
2010-04-01,2231,2330,2350,2270,2345,124896
2010-04-02,2260,2360,2390,2330,2330,79929
2010-04-05,2202,2300,2390,2260,2390,125808
2010-04-06,2236,2335,2335,2285,2285,45709
2010-04-07,2274,2375,2390,2300,2300,72721
2010-04-08,2250,2350,2385,2335,2355,37828
2010-04-09,2260,2360,2380,2340,2345,68697
2010-04-12,2255,2355,2385,2335,2350,30484
2010-04-13,2236,2335,2360,2310,2325,51827
2010-04-14,2231,2330,2350,2315,2315,169260
2010-04-15,2241,2340,2355,2310,2315,81580
2010-04-16,2246,2345,2365,2290,2365,52181
2010-04-19,2183,2280,2350,2270,2320,35907
2010-04-20,2241,2340,2340,2280,2280,182335
2010-04-21,2274,2375,2385,2335,2355,128113
2010-04-22,2346,2450,2490,2350,2390,275230
2010-04-23,2351,2455,2485,2415,2470,93430
2010-04-26,2341,2445,2470,2405,2445,107552
2010-04-27,2356,2460,2475,2425,2475,90233
2010-04-28,2303,2405,2460,2405,2425,44306
2010-04-29,2303,2405,2435,2380,2410,70469
2010-04-30,2289,2390,2425,2370,2380,56008
2010-05-03,2293,2395,2415,2350,2355,53899
2010-05-04,2265,2365,2400,2275,2350,503779
2010-05-06,2241,2340,2350,2205,2320,60370
2010-05-07,2097,2190,2265,2170,2230,200925
2010-05-10,2092,2185,2280,2150,2215,215115
2010-05-11,2054,2145,2230,2115,2200,277611
2010-05-12,1939,2025,2185,2005,2135,319387
2010-05-13,1963,2050,2075,2000,2050,205609
2010-05-14,1920,2005,2050,2005,2040,66304
2010-05-17,1838,1920,2030,1900,2030,123680
2010-05-18,1800,1880,1980,1835,1935,99597
2010-05-19,1724,1800,1925,1795,1855,139595
2010-05-20,1709,1785,1855,1740,1855,42075
2010-05-24,1676,1750,1935,1680,1680,289144
2010-05-25,1628,1700,1765,1570,1710,122579
2010-05-26,1709,1785,1790,1710,1745,42088
2010-05-27,1714,1790,1850,1710,1800,16347
2010-05-28,1733,1810,1835,1765,1770,34335
2010-05-31,1752,1830,1830,1770,1800,6491
2010-06-01,1743,1820,2000,1770,1805,446854
2010-06-03,1791,1870,1915,1830,1840,50890
2010-06-04,1738,1815,1890,1795,1890,69547
2010-06-07,1647,1720,1755,1695,1740,105906
2010-06-08,1652,1725,1770,1720,1720,56036
2010-06-09,1685,1760,1790,1725,1735,50712
2010-06-10,1695,1770,1790,1720,1790,27492
2010-06-11,1695,1770,1790,1740,1790,39143
2010-06-14,1695,1770,1815,1755,1755,27798
2010-06-15,1690,1765,1800,1755,1760,32364
2010-06-16,1724,1800,1800,1760,1780,33055
2010-06-17,1700,1775,1825,1760,1825,33065
2010-06-18,1690,1765,1800,1750,1795,23779
2010-06-21,1680,1755,1790,1750,1770,27363
2010-06-22,1666,1740,1760,1725,1750,61099
2010-06-23,1652,1725,1745,1715,1720,59203
2010-06-24,1647,1720,1755,1715,1755,25997
2010-06-25,1657,1730,1730,1695,1725,22530
2010-06-28,1628,1700,1745,1700,1745,30785
2010-06-29,1609,1680,1750,1675,1705,66490
2010-06-30,1589,1660,1700,1635,1675,41970
2010-07-01,1575,1645,1690,1630,1650,23445
2010-07-02,1599,1670,1690,1630,1630,23375
2010-07-05,1618,1690,1690,1645,1680,13491
2010-07-06,1566,1635,1670,1630,1660,60457
2010-07-07,1604,1675,1675,1640,1640,33080
2010-07-08,1609,1680,1685,1665,1680,25696
2010-07-09,1589,1660,1690,1645,1675,29125
2010-07-12,1613,1685,1720,1660,1695,12846
2010-07-13,1637,1710,1710,1660,1670,32531
2010-07-14,1589,1660,1730,1660,1690,55170
2010-07-15,1623,1695,1695,1660,1665,59765
2010-07-16,1657,1730,1945,1730,1775,1593510
2010-07-19,1628,1700,1755,1700,1705,354319
2010-07-20,1815,1895,1945,1705,1705,944941
2010-07-21,1791,1870,1950,1820,1925,238076
2010-07-22,1810,1890,1980,1825,1870,306749
2010-07-23,1733,1810,1950,1795,1940,139615
2010-07-26,1685,1760,1800,1740,1780,121775
2010-07-27,1695,1770,1805,1740,1760,89056
2010-07-28,1666,1740,1840,1740,1750,106706
2010-07-29,1657,1730,1790,1725,1740,55570
2010-07-30,1613,1685,1750,1685,1720,134923
2010-08-02,1637,1710,1750,1670,1670,46819
2010-08-03,1685,1760,1780,1705,1710,74645
2010-08-04,1647,1720,1795,1720,1740,40288
2010-08-05,1661,1735,1755,1705,1720,59621
2010-08-06,1652,1725,1735,1700,1720,36425
2010-08-09,1671,1745,1770,1710,1725,38119
2010-08-10,1700,1775,1805,1740,1745,136907
2010-08-11,1652,1725,1800,1725,1780,79542
2010-08-12,1642,1715,1725,1645,1690,87393
2010-08-13,1566,1635,1725,1620,1685,239776
2010-08-16,1570,1640,1660,1610,1635,42268
2010-08-17,1551,1620,1640,1605,1635,52192
2010-08-18,1561,1630,1680,1620,1630,26397
2010-08-19,1589,1660,1670,1610,1625,22964
2010-08-20,1589,1660,1660,1625,1655,10811
2010-08-23,1566,1635,1665,1630,1635,43868
2010-08-24,1537,1605,1650,1600,1620,72262
2010-08-25,1498,1565,1620,1550,1605,118604
2010-08-26,1479,1545,1575,1510,1510,38863
2010-08-27,1455,1520,1560,1515,1560,27131
2010-08-30,1460,1525,1545,1520,1530,7937
2010-08-31,1455,1520,1650,1515,1525,73923
2010-09-01,1460,1525,1565,1520,1540,27501
2010-09-02,1479,1545,1560,1530,1530,14726
2010-09-03,1503,1570,1575,1545,1545,19913
2010-09-06,1513,1580,1600,1570,1595,14148
2010-09-07,1484,1550,1590,1540,1590,10626
2010-09-08,1475,1540,1560,1540,1540,23636
2010-09-09,1494,1560,1570,1515,1560,12873
2010-09-10,1498,1565,1570,1535,1535,28591
2010-09-13,1508,1575,1590,1550,1570,16711
2010-09-14,1498,1565,1590,1545,1575,15453
2010-09-15,1470,1535,1580,1535,1550,32653
2010-09-16,1470,1535,1565,1515,1550,56711
2010-09-17,1465,1530,1565,1515,1545,22643
2010-09-20,1451,1515,1540,1515,1540,20560
2010-09-24,1460,1525,1550,1510,1515,20570
2010-09-27,1465,1530,1560,1530,1530,24319
2010-09-28,1460,1525,1545,1515,1530,45748
2010-09-29,1465,1530,1540,1520,1525,41449
2010-09-30,1470,1535,1565,1530,1530,46088
2010-10-01,1489,1555,1555,1530,1540,40846
2010-10-04,1484,1550,1560,1540,1540,9892
2010-10-05,1470,1535,1570,1530,1535,42095
2010-10-06,1460,1525,1550,1525,1540,56575
2010-10-07,1460,1525,1550,1525,1540,35768
2010-10-08,1455,1520,1550,1510,1540,41231
2010-10-11,1436,1500,1535,1490,1535,55341
2010-10-12,1431,1495,1510,1480,1490,25254
2010-10-13,1446,1510,1510,1475,1475,33978
2010-10-14,1431,1495,1515,1485,1515,121018
2010-10-15,1489,1555,1555,1490,1510,94194
2010-10-18,1475,1540,1550,1520,1525,83956
2010-10-19,1465,1530,1550,1530,1550,32388
2010-10-20,1460,1525,1540,1520,1530,25524
2010-10-21,1484,1550,1550,1520,1545,46997
2010-10-22,1503,1570,1590,1535,1550,77485
2010-10-25,1542,1610,1665,1565,1565,212257
2010-10-26,1527,1595,1630,1585,1625,31692
2010-10-27,1518,1585,1615,1575,1595,62585
2010-10-28,1522,1590,1620,1575,1580,61413
2010-10-29,1551,1620,1750,1585,1590,147333
2010-11-01,1690,1765,1835,1620,1620,929441
2010-11-02,1652,1725,1815,1700,1770,254607
2010-11-03,1637,1710,1775,1695,1755,240804
2010-11-04,1637,1710,1745,1665,1745,165888
2010-11-05,1628,1700,1745,1655,1745,129505
2010-11-08,1652,1725,1820,1710,1795,374338
2010-11-09,1594,1665,1755,1635,1755,178801
2010-11-10,1532,1600,1665,1600,1665,135707
2010-11-11,1508,1575,1625,1575,1595,89880
2010-11-12,1503,1570,1610,1470,1575,89076
2010-11-15,1489,1555,1590,1500,1590,40203
2010-11-16,1484,1550,1560,1520,1520,75276
2010-11-17,1479,1545,1550,1525,1530,36497
2010-11-18,1494,1560,1580,1545,1550,40540
2010-11-19,1484,1550,1590,1545,1560,59354
2010-11-22,1489,1555,1575,1530,1555,11008
2010-11-23,1455,1520,1570,1520,1570,41493
2010-11-24,1417,1480,1510,1440,1470,34152
2010-11-25,1455,1520,1570,1470,1480,42746
2010-11-26,1388,1450,1550,1450,1540,34956
2010-11-29,1446,1510,1525,1460,1525,53717
2010-11-30,1431,1495,1530,1480,1530,9680
2010-12-01,1436,1500,1515,1485,1495,5292
2010-12-02,1446,1510,1520,1485,1520,43075
2010-12-03,1422,1485,1515,1485,1515,27636
2010-12-06,1417,1480,1515,1470,1470,30531
2010-12-07,1417,1480,1500,1465,1465,14383
2010-12-08,1393,1455,1490,1450,1475,109601
2010-12-09,1427,1490,1490,1450,1450,12504
2010-12-10,1427,1490,1535,1470,1490,61107
2010-12-13,1422,1485,1510,1480,1485,27182
2010-12-14,1431,1495,1520,1480,1480,28500
2010-12-15,1431,1495,1505,1480,1495,26301
2010-12-16,1417,1480,1495,1475,1475,23802
2010-12-17,1388,1450,1495,1450,1495,64250
2010-12-20,1321,1380,1460,1350,1450,46122
2010-12-21,1355,1415,1445,1385,1385,20273
2010-12-22,1379,1440,1445,1405,1405,33622
2010-12-23,1355,1415,1455,1410,1415,16118
2010-12-24,1345,1405,1440,1405,1410,19684
2010-12-27,1355,1415,1430,1405,1405,17824
2010-12-28,1350,1410,1425,1365,1385,37260
2010-12-29,1360,1420,1420,1350,1350,17990
2010-12-30,1340,1400,1430,1390,1420,20300
2011-01-03,1364,1425,1445,1400,1400,62188
2011-01-04,1374,1435,1450,1420,1420,43611
2011-01-05,1360,1420,1450,1415,1420,49930
2011-01-06,1384,1445,1445,1420,1420,55539
2011-01-07,1374,1435,1445,1420,1420,44881
2011-01-10,1350,1410,1430,1400,1430,44773
2011-01-11,1364,1425,1435,1395,1395,37758
2011-01-12,1364,1425,1450,1410,1450,33617
2011-01-13,1340,1400,1440,1400,1440,21939
2011-01-14,1336,1395,1425,1390,1395,46437
2011-01-17,1369,1430,1440,1395,1410,25466
2011-01-18,1350,1410,1435,1395,1435,36199
2011-01-19,1345,1405,1420,1385,1415,105129
2011-01-20,1350,1410,1410,1380,1390,66767
2011-01-21,1326,1385,1410,1385,1410,70011
2011-01-24,1316,1375,1405,1370,1405,35310
2011-01-25,1316,1375,1400,1365,1370,31918
2011-01-26,1316,1375,1395,1370,1385,29275
2011-01-27,1316,1375,1400,1365,1380,54235
2011-01-28,1326,1385,1395,1365,1380,18780
2011-01-31,1326,1385,1395,1360,1370,41130
2011-02-01,1340,1400,1420,1370,1385,66569
2011-02-07,1340,1400,1415,1375,1400,20318
2011-02-08,1326,1385,1405,1385,1385,5943
2011-02-09,1326,1385,1400,1375,1400,5789
2011-02-10,1331,1390,1400,1370,1370,23980
2011-02-11,1331,1390,1405,1370,1370,48342
2011-02-14,1336,1395,1420,1375,1400,13235
2011-02-15,1278,1335,1390,1290,1360,50260
2011-02-16,1269,1325,1350,1310,1310,38471
2011-02-17,1230,1285,1325,1275,1325,29285
2011-02-18,1240,1295,1320,1285,1285,5172
2011-02-21,1235,1290,1345,1245,1320,49972
2011-02-22,1192,1245,1290,1240,1290,46961
2011-02-23,1216,1270,1295,1210,1260,55266
2011-02-24,1240,1295,1415,1270,1270,153831
2011-02-25,1225,1280,1350,1270,1315,60721
2011-02-28,1264,1320,1335,1265,1280,51623
2011-03-02,1278,1335,1365,1280,1300,42395
2011-03-03,1288,1345,1360,1315,1325,28342
2011-03-04,1288,1345,1410,1320,1360,41422
2011-03-07,1283,1340,1355,1300,1335,19154
2011-03-08,1293,1350,1355,1325,1355,12810
2011-03-09,1288,1345,1400,1345,1350,33198
2011-03-10,1479,1545,1545,1365,1365,1647099
2011-03-11,1441,1505,1580,1455,1550,680965
2011-03-14,1460,1525,1595,1435,1505,588851
2011-03-15,1417,1480,1625,1405,1525,436150
2011-03-16,1451,1515,1560,1480,1515,200107
2011-03-17,1350,1410,1515,1410,1505,119809
2011-03-18,1312,1370,1430,1330,1410,190188
2011-03-21,1384,1445,1445,1370,1370,68487
2011-03-22,1374,1435,1455,1425,1430,46044
2011-03-23,1407,1470,1485,1430,1440,74390
2011-03-24,1417,1480,1505,1455,1470,90546
2011-03-25,1537,1605,1680,1480,1480,272074
2011-03-28,1609,1680,1755,1630,1630,457589
2011-03-29,1633,1705,1750,1665,1720,483679
2011-03-30,1628,1700,1755,1620,1680,308385
2011-03-31,1599,1670,1705,1640,1700,194184
2011-04-01,1652,1725,1725,1665,1670,210133
2011-04-04,1628,1700,1745,1695,1745,177113
2011-04-05,1695,1770,1810,1690,1730,334618
2011-04-06,1680,1755,1780,1715,1775,123106
2011-04-07,1700,1775,1775,1700,1750,196659
2011-04-08,1824,1905,1925,1750,1775,387183
2011-04-11,1800,1880,1955,1850,1905,146860
2011-04-12,1700,1775,1890,1740,1890,114553
2011-04-13,1685,1760,1785,1720,1765,76696
2011-04-14,1714,1790,1825,1730,1760,77687
2011-04-15,1781,1860,1920,1795,1795,200280
2011-04-18,1819,1900,1940,1825,1830,157351
2011-04-19,1915,2000,2035,1860,1880,440620
2011-04-20,1953,2040,2180,2025,2025,485056
2011-04-21,2054,2145,2145,2030,2095,146809
2011-04-22,2064,2155,2170,2095,2155,132676
2011-04-25,2054,2145,2190,2090,2155,194115
2011-04-26,2361,2465,2465,2065,2145,839242
2011-04-27,2710,2830,2830,2535,2575,2058813
2011-04-28,2744,2865,3040,2620,2970,2194397
2011-04-29,2519,2630,3200,2570,2840,2875708
2011-05-02,2595,2710,2805,2640,2690,1088210
2011-05-03,2499,2610,2730,2535,2710,531173
2011-05-04,2542,2655,2805,2540,2570,430167
2011-05-06,2586,2700,2700,2420,2600,464932
2011-05-09,2447,2555,2950,2555,2860,1202608
2011-05-11,2418,2525,2600,2415,2450,277819
2011-05-12,2284,2385,2500,2360,2450,221981
2011-05-13,2337,2440,2565,2340,2345,448558
2011-05-16,2279,2380,2480,2330,2420,175983
2011-05-17,2102,2195,2370,2190,2330,355320
2011-05-18,2174,2270,2440,2185,2185,460000
2011-05-19,2499,2610,2610,2220,2220,357716
2011-05-20,2619,2735,2830,2505,2560,1339055
2011-05-23,2619,2735,2780,2585,2760,348627
2011-05-24,2619,2735,2870,2660,2735,420983
2011-05-25,2495,2605,2785,2600,2680,231585
2011-05-26,2399,2505,2675,2300,2610,174444
2011-05-27,2442,2550,2630,2480,2480,138494
2011-05-30,2490,2600,2660,2555,2610,106364
2011-05-31,2418,2525,2680,2525,2680,100102
2011-06-01,2327,2430,2600,2420,2560,124861
2011-06-02,2303,2405,2515,2365,2480,84599
2011-06-03,2361,2465,2700,2400,2410,102437
2011-06-07,2514,2625,2645,2450,2500,100584
2011-06-08,2490,2600,2640,2495,2640,141232
2011-06-09,2480,2590,2660,2520,2625,91088
2011-06-10,2562,2675,2735,2565,2570,282467
2011-06-13,2384,2490,2670,2400,2610,228120
2011-06-14,2327,2430,2490,2400,2400,98231
2011-06-15,2308,2410,2475,2275,2400,189351
2011-06-16,2260,2360,2480,2350,2360,64477
2011-06-17,2088,2180,2400,2180,2325,134527
2011-06-20,1781,1860,2200,1855,2135,487622
2011-06-21,1695,1770,1910,1750,1860,225631
2011-06-22,1695,1770,1825,1745,1765,180462
2011-06-23,1637,1710,1785,1705,1780,124442
2011-06-24,1589,1660,1715,1580,1695,436711
2011-06-27,1628,1700,1820,1660,1675,622575
2011-06-28,1575,1645,1770,1645,1770,181051
2011-06-29,1388,1450,1660,1410,1605,477536
2011-06-30,1412,1475,1510,1420,1450,243360
2011-07-01,1441,1505,1555,1490,1495,176529
2011-07-04,1412,1475,1545,1460,1540,154374
2011-07-05,1503,1570,1605,1470,1480,209562
2011-07-06,1518,1585,1605,1530,1605,90872
2011-07-07,1518,1585,1660,1570,1600,179251
2011-07-08,1484,1550,1625,1550,1585,79492
2011-07-11,1479,1545,1570,1525,1550,83410
2011-07-12,1403,1465,1570,1465,1555,143897
2011-07-13,1427,1490,1500,1455,1475,84350
2011-07-14,1403,1465,1490,1415,1475,221740
2011-07-15,1379,1440,1500,1440,1465,89090
2011-07-18,1393,1455,1500,1445,1450,183284
2011-07-19,1465,1530,1540,1450,1450,204469
2011-07-20,1470,1535,1605,1525,1540,188556
2011-07-21,1494,1560,1570,1505,1530,178377
2011-07-22,1508,1575,1725,1575,1585,765650
2011-07-25,1498,1565,1685,1565,1590,216238
2011-07-26,1479,1545,1585,1490,1570,254175
2011-07-27,1470,1535,1640,1535,1640,310938
2011-07-28,1446,1510,1545,1500,1505,112776
2011-07-29,1446,1510,1545,1490,1510,123820
2011-08-01,1465,1530,1535,1500,1505,159929
2011-08-02,1479,1545,1575,1510,1515,286167
2011-08-03,1384,1445,1545,1440,1520,214923
2011-08-04,1273,1330,1475,1330,1430,268595
2011-08-05,1206,1260,1300,1140,1155,230565
2011-08-08,1029,1075,1255,1075,1175,285557
2011-08-09,953,995,1025,915,1025,219541
2011-08-10,1087,1135,1135,1020,1020,188809
2011-08-11,1087,1135,1165,1050,1080,134366
2011-08-12,1144,1195,1255,1170,1180,128364
2011-08-16,1197,1250,1275,1210,1235,62390
2011-08-17,1173,1225,1250,1205,1245,92742
2011-08-18,1111,1160,1235,1160,1230,77580
2011-08-19,1034,1080,1120,1055,1120,97284
2011-08-22,996,1040,1100,1040,1100,43430
2011-08-23,1044,1090,1095,1020,1040,92229
2011-08-24,1048,1095,1115,1050,1115,75021
2011-08-25,1053,1100,1145,1090,1105,65209
2011-08-26,1072,1120,1145,1060,1080,66006
2011-08-29,1230,1285,1285,1145,1170,396125
2011-08-30,1211,1265,1365,1225,1345,606227
2011-08-31,1202,1255,1290,1200,1275,204661
2011-09-01,1206,1260,1295,1225,1260,180575
2011-09-02,1158,1210,1270,1210,1245,58894
2011-09-05,1072,1120,1190,1120,1180,111352
2011-09-06,1044,1090,1200,1070,1135,98607
2011-09-07,1087,1135,1145,1105,1145,30856
2011-09-08,1044,1090,1190,1090,1190,55979
2011-09-09,1039,1085,1130,1060,1095,60354
2011-09-14,957,1000,1095,1000,1085,87120
2011-09-15,996,1040,1150,1035,1035,286405
2011-09-16,1024,1070,1135,1055,1070,129058
2011-09-19,1010,1055,1090,1050,1090,73095
2011-09-20,1053,1100,1115,1030,1030,65050
2011-09-21,1039,1085,1115,1080,1080,59454
2011-09-22,1024,1070,1100,1040,1080,140214
2011-09-23,986,1030,1060,999,1015,77087
2011-09-26,842,880,1040,880,1015,197120
2011-09-27,884,923,938,900,908,49477
2011-09-28,924,965,1010,923,923,121007
2011-09-29,934,976,984,932,932,22922
2011-09-30,955,998,1010,962,977,29043
2011-10-04,931,973,975,919,939,24333
2011-10-05,903,943,997,881,953,26702
2011-10-06,919,960,997,957,968,53510
2011-10-07,954,997,999,961,961,14569
2011-10-10,986,1030,1040,960,997,49446
2011-10-11,972,1015,1075,1000,1040,125737
2011-10-12,1005,1050,1050,990,991,152146
2011-10-13,1015,1060,1090,1045,1055,108988
2011-10-14,1163,1215,1215,1035,1080,691420
2011-10-17,1187,1240,1270,1185,1250,549261
2011-10-18,1245,1300,1320,1205,1240,699062
2011-10-19,1091,1140,1375,1140,1320,774898
2011-10-20,1044,1090,1225,1090,1155,252787
2011-10-21,1058,1105,1135,1090,1110,83181
2011-10-24,1139,1190,1210,1110,1130,135283
2011-10-25,1101,1150,1210,1140,1210,101151
2011-10-26,1115,1165,1165,1120,1150,56255
2011-10-27,1154,1205,1235,1165,1165,158848
2011-10-28,1101,1150,1245,1150,1230,106031
2011-10-31,1264,1320,1320,1235,1240,354419
2011-11-01,1192,1245,1355,1225,1255,627441
2011-11-02,1192,1245,1245,1180,1210,162583
2011-11-03,1158,1210,1345,1200,1250,251563
2011-11-04,1197,1250,1290,1225,1255,127518
2011-11-07,1182,1235,1285,1225,1285,95614
2011-11-08,1139,1190,1265,1190,1250,177401
2011-11-09,1125,1175,1205,1175,1205,81753
2011-11-10,1091,1140,1170,1120,1130,95091
2011-11-11,1087,1135,1180,1130,1145,49278
2011-11-14,1139,1190,1190,1145,1160,81663
2011-11-15,1154,1205,1205,1160,1195,95473
2011-11-16,1135,1185,1240,1180,1200,147032
2011-11-17,1135,1185,1185,1130,1180,44701
2011-11-18,1101,1150,1190,1130,1155,48814
2011-11-21,1111,1160,1170,1130,1135,25626
2011-11-22,1106,1155,1155,1130,1140,55261
2011-11-23,1063,1110,1150,1090,1150,102352
2011-11-24,1024,1070,1090,1045,1075,84747
2011-11-25,981,1025,1055,1000,1050,119771
2011-11-28,933,975,1045,875,1000,155463
2011-11-29,991,1035,1045,975,975,144475
2011-11-30,1058,1105,1140,1010,1035,60384
2011-12-01,1053,1100,1135,1060,1135,59276
2011-12-02,1039,1085,1115,1070,1105,65634
2011-12-05,1067,1115,1155,1070,1100,96955
2011-12-06,1063,1110,1155,1085,1100,73198
2011-12-07,1101,1150,1205,1105,1130,75374
2011-12-08,1163,1215,1215,1140,1175,127348
2011-12-09,1182,1235,1270,1180,1180,193506
2011-12-12,1182,1235,1315,1210,1240,189007
2011-12-13,1149,1200,1245,1185,1245,49475
2011-12-14,1096,1145,1220,1130,1200,60678
2011-12-15,1120,1170,1205,1115,1115,100503
2011-12-16,1182,1235,1260,1155,1170,153116
2011-12-19,1163,1215,1285,1150,1230,184753
2011-12-20,1206,1260,1260,1175,1215,178446
2011-12-21,1245,1300,1325,1270,1270,335036
2011-12-22,1187,1240,1340,1240,1320,188873
2011-12-23,1221,1275,1295,1240,1270,115345
2011-12-26,1163,1215,1310,1210,1265,165840
2011-12-27,1240,1295,1330,1160,1215,477819
2011-12-28,1182,1235,1315,1235,1265,126194
2011-12-29,1197,1250,1280,1190,1235,67300
2012-01-02,1182,1235,1270,1200,1250,73049
2012-01-03,1221,1275,1290,1215,1235,131964
2012-01-04,1249,1305,1325,1245,1285,300413
2012-01-05,1288,1345,1400,1265,1305,403178
2012-01-06,1283,1340,1370,1290,1345,117153
2012-01-09,1293,1350,1370,1305,1370,40980
2012-01-10,1302,1360,1375,1305,1365,157228
2012-01-11,1307,1365,1375,1320,1340,121796
2012-01-12,1336,1395,1410,1365,1375,115000
2012-01-13,1331,1390,1425,1370,1425,119605
2012-01-16,1336,1395,1395,1350,1395,35264
2012-01-17,1312,1370,1390,1325,1375,103686
2012-01-18,1259,1315,1375,1315,1355,51351
2012-01-19,1302,1360,1370,1280,1295,77160
2012-01-20,1312,1370,1370,1335,1345,14167
2012-01-25,1245,1300,1385,1275,1370,36454
2012-01-26,1254,1310,1325,1300,1300,19789
2012-01-27,1235,1290,1325,1270,1310,50760
2012-01-30,1178,1230,1300,1230,1290,75293
2012-01-31,1197,1250,1250,1210,1230,20091
2012-02-01,1202,1255,1280,1230,1250,30296
2012-02-02,1245,1300,1300,1260,1285,65549
2012-02-03,1221,1275,1320,1235,1300,79095
2012-02-06,1187,1240,1290,1240,1275,23544
2012-02-07,1168,1220,1295,1190,1225,160182
2012-02-08,1106,1155,1245,1140,1245,209538
2012-02-09,1125,1175,1210,1160,1160,75333
2012-02-10,1149,1200,1240,1170,1185,40394
2012-02-13,1163,1215,1215,1195,1205,40582
2012-02-14,1149,1200,1230,1190,1220,71378
2012-02-15,1178,1230,1230,1185,1200,115943
2012-02-16,1197,1250,1265,1230,1235,77772
2012-02-17,1235,1290,1320,1235,1270,148798
2012-02-20,1278,1335,1350,1280,1295,83417
2012-02-21,1245,1300,1345,1280,1335,29948
2012-02-22,1431,1495,1495,1290,1300,297979
2012-02-23,1642,1715,1715,1570,1600,1368694
2012-02-24,1776,1855,1950,1665,1715,1600447
2012-02-27,1810,1890,1895,1720,1855,441300
2012-02-28,1906,1990,2000,1730,1840,547700
2012-02-29,1949,2035,2090,1920,1940,291331
2012-03-02,1915,2000,2050,1940,2035,186442
2012-03-05,1891,1975,2000,1925,1950,74879
2012-03-06,1891,1975,1980,1830,1935,214923
2012-03-07,1824,1905,1970,1820,1905,279065
2012-03-08,1676,1750,2070,1695,1870,2091887
2012-03-09,1719,1795,1795,1650,1795,573530
2012-03-12,1714,1790,1820,1720,1755,130265
2012-03-13,1709,1785,1820,1750,1770,98935
2012-03-14,1714,1790,1810,1745,1790,128719
2012-03-15,1771,1850,1915,1775,1805,614655
2012-03-16,1767,1845,1900,1775,1870,138062
2012-03-19,1685,1760,1850,1715,1850,328330
2012-03-20,1589,1660,1740,1590,1720,268435
2012-03-21,1532,1600,1650,1570,1650,164579
2012-03-22,1465,1530,1630,1500,1600,103563
2012-03-23,1513,1580,1590,1500,1535,112760
2012-03-26,1494,1560,1605,1530,1565,125171
2012-03-27,1513,1580,1600,1550,1565,121369
2012-03-28,1427,1490,1615,1475,1565,224521
2012-03-29,1340,1400,1495,1390,1455,119550
2012-03-30,1388,1450,1450,1390,1435,59405
2012-04-02,1360,1420,1460,1400,1450,39505
2012-04-03,1312,1370,1435,1350,1435,91244
2012-04-04,1249,1305,1420,1260,1360,175587
2012-04-05,1230,1285,1320,1215,1305,68306
2012-04-06,1230,1285,1350,1245,1295,46984
2012-04-09,1187,1240,1310,1220,1285,35428
2012-04-10,1149,1200,1260,1190,1215,74151
2012-04-12,1221,1275,1345,1175,1200,191620
2012-04-13,1245,1300,1350,1270,1285,54267
2012-04-16,1254,1310,1310,1255,1300,38626
2012-04-17,1273,1330,1330,1290,1330,32831
2012-04-18,1254,1310,1350,1285,1340,57983
2012-04-19,1264,1320,1345,1280,1325,63959
2012-04-20,1312,1370,1370,1275,1305,104867
2012-04-23,1278,1335,1355,1305,1335,61483
2012-04-24,1245,1300,1360,1275,1345,48664
2012-04-25,1206,1260,1315,1240,1315,53977
2012-04-26,1202,1255,1275,1220,1270,24257
2012-04-27,1216,1270,1280,1240,1265,29668
2012-04-30,1230,1285,1330,1205,1290,75637
2012-05-02,1312,1370,1410,1285,1285,184322
2012-05-03,1393,1455,1545,1375,1385,235244
2012-05-04,1407,1470,1540,1415,1450,83524
2012-05-07,1503,1570,1590,1390,1455,203052
2012-05-08,1446,1510,1600,1470,1600,157591
2012-05-09,1412,1475,1540,1440,1510,163176
2012-05-10,1412,1475,1520,1440,1450,39485
2012-05-11,1407,1470,1510,1450,1485,27996
2012-05-14,1364,1425,1530,1410,1470,58804
2012-05-15,1369,1430,1430,1345,1420,38460
2012-05-16,1336,1395,1455,1355,1400,32210
2012-05-17,1283,1340,1410,1330,1370,68379
2012-05-18,1192,1245,1335,1200,1335,56922
2012-05-21,1206,1260,1345,1200,1345,30204
2012-05-22,1264,1320,1360,1265,1300,40477
2012-05-23,1235,1290,1335,1285,1305,20645
2012-05-24,1264,1320,1350,1275,1325,24955
2012-05-25,1273,1330,1365,1280,1335,39411
2012-05-29,1345,1405,1435,1330,1330,60838
2012-05-30,1546,1615,1615,1540,1590,237715
2012-05-31,1431,1495,1775,1435,1615,2584012
2012-06-01,1403,1465,1570,1435,1540,805885
2012-06-04,1197,1250,1390,1250,1370,543746
2012-06-05,1230,1285,1335,1255,1275,187001
2012-06-07,1249,1305,1350,1285,1285,145875
2012-06-08,1216,1270,1350,1240,1305,166685
2012-06-11,1273,1330,1335,1240,1270,95996
2012-06-12,1293,1350,1350,1290,1330,74852
2012-06-13,1297,1355,1410,1325,1345,119891
2012-06-14,1264,1320,1400,1320,1380,60688
2012-06-15,1293,1350,1400,1310,1335,103542
2012-06-18,1331,1390,1410,1365,1380,118400
2012-06-19,1398,1460,1485,1390,1395,122627
2012-06-20,1384,1445,1485,1420,1460,70885
2012-06-21,1393,1455,1460,1420,1460,65415
2012-06-22,1350,1410,1570,1400,1550,191187
2012-06-25,1307,1365,1430,1335,1380,86929
2012-06-26,1345,1405,1425,1345,1345,104711
2012-06-27,1388,1450,1495,1375,1385,173135
2012-06-28,1369,1430,1480,1425,1450,63169
2012-06-29,1412,1475,1495,1430,1430,160311
2012-07-02,1436,1500,1530,1480,1530,118690
2012-07-03,1441,1505,1545,1490,1540,117782
2012-07-04,1441,1505,1540,1500,1540,38062
2012-07-05,1403,1465,1540,1450,1530,78031
2012-07-06,1455,1520,1530,1455,1470,102501
2012-07-09,1455,1520,1580,1500,1520,103747
2012-07-10,1436,1500,1540,1485,1495,55855
2012-07-11,1542,1610,1690,1455,1505,260633
2012-07-12,1503,1570,1625,1535,1565,116693
2012-07-13,1460,1525,1630,1425,1570,74155
2012-07-16,1518,1585,1590,1535,1535,66614
2012-07-17,1431,1495,1615,1495,1560,116296
2012-07-18,1431,1495,1565,1395,1530,105012
2012-07-19,1403,1465,1640,1465,1510,170849
2012-07-20,1427,1490,1515,1465,1500,26165
2012-07-23,1388,1450,1500,1395,1500,45273
2012-07-24,1360,1420,1445,1380,1445,21885
2012-07-25,1312,1370,1435,1330,1360,35885
2012-07-26,1269,1325,1400,1315,1400,24410
2012-07-27,1288,1345,1400,1335,1350,37956
2012-07-30,1293,1350,1370,1330,1370,18290
2012-07-31,1403,1465,1495,1320,1320,140699
2012-08-01,1345,1405,1550,1390,1465,133004
2012-08-02,1321,1380,1485,1360,1480,70086
2012-08-03,1302,1360,1395,1335,1380,47631
2012-08-06,1312,1370,1415,1350,1365,42246
2012-08-07,1336,1395,1405,1350,1385,20003
2012-08-08,1293,1350,1445,1335,1370,57363
2012-08-09,1259,1315,1385,1280,1360,255452
2012-08-10,1235,1290,1325,1280,1305,80029
2012-08-13,1225,1280,1315,1265,1290,52982
2012-08-14,1235,1290,1295,1270,1280,44918
2012-08-16,1211,1265,1305,1230,1290,82781
2012-08-17,1216,1270,1270,1240,1265,32412
2012-08-20,1245,1300,1305,1270,1270,30231
2012-08-21,1245,1300,1310,1285,1295,28455
2012-08-22,1187,1240,1300,1240,1300,78190
2012-08-23,1149,1200,1260,1200,1240,172287
2012-08-24,1154,1205,1235,1185,1210,63226
2012-08-27,1120,1170,1215,1150,1185,77782
2012-08-28,1139,1190,1200,1160,1180,47920
2012-08-29,1120,1170,1220,1165,1200,78225
2012-08-30,1135,1185,1190,1160,1170,33705
2012-08-31,1144,1195,1220,1170,1190,42229
2012-09-03,1154,1205,1225,1190,1190,46753
2012-09-04,1139,1190,1230,1190,1225,24553
2012-09-05,1135,1185,1225,1185,1220,45716
2012-09-06,1168,1220,1225,1180,1200,29038
2012-09-07,1182,1235,1265,1215,1230,56301
2012-09-10,1178,1230,1245,1130,1245,42971
2012-09-11,1154,1205,1230,1200,1230,28701
2012-09-12,1149,1200,1230,1160,1205,80031
2012-09-13,1197,1250,1345,1190,1200,182001
2012-09-14,1225,1280,1285,1240,1250,36400
2012-09-17,1197,1250,1290,1225,1270,64204
2012-09-18,1206,1260,1260,1230,1240,32664
2012-09-19,1178,1230,1260,1230,1260,35219
2012-09-20,1345,1405,1410,1250,1265,1495392
2012-09-21,1245,1300,1380,1290,1375,259949
2012-09-24,1312,1370,1370,1305,1330,100439
2012-09-25,1350,1410,1440,1330,1365,157875
2012-09-26,1293,1350,1435,1325,1420,111848
2012-09-27,1230,1285,1370,1265,1365,71577
2012-09-28,1249,1305,1320,1275,1315,25732
2012-10-02,1235,1290,1310,1280,1305,20950
2012-10-04,1264,1320,1320,1290,1290,20660
2012-10-05,1269,1325,1325,1290,1315,22166
2012-10-08,1240,1295,1335,1275,1305,19455
2012-10-09,1230,1285,1290,1260,1265,27735
2012-10-10,1192,1245,1285,1240,1270,36928
2012-10-11,1182,1235,1285,1215,1250,40454
2012-10-12,1187,1240,1260,1225,1225,17008
2012-10-15,1178,1230,1270,1160,1240,25375
2012-10-16,1178,1230,1250,1190,1250,11083
2012-10-17,1182,1235,1255,1215,1220,14745
2012-10-18,1197,1250,1270,1225,1235,28306
2012-10-19,1225,1280,1290,1230,1250,13443
2012-10-22,1206,1260,1275,1220,1260,13346
2012-10-23,1192,1245,1280,1245,1280,8918
2012-10-24,1187,1240,1285,1225,1225,36738
2012-10-25,1230,1285,1310,1250,1280,68383
2012-10-26,1264,1320,1320,1260,1305,37111
2012-10-29,1249,1305,1325,1275,1315,22304
2012-10-30,1221,1275,1305,1265,1290,14176
2012-10-31,1264,1320,1340,1280,1290,49326
2012-11-01,1264,1320,1330,1280,1310,31381
2012-11-02,1293,1350,1415,1315,1335,61389
2012-11-05,1269,1325,1355,1300,1315,47860
2012-11-06,1283,1340,1365,1300,1325,46551
2012-11-07,1345,1405,1440,1350,1350,195125
2012-11-08,1336,1395,1495,1380,1380,248128
2012-11-09,1364,1425,1430,1355,1375,70103
2012-11-12,1192,1245,1445,1245,1445,209848
2012-11-13,1187,1240,1265,1185,1250,165751
2012-11-14,1187,1240,1255,1215,1240,40439
2012-11-15,1197,1250,1285,1210,1210,54201
2012-11-16,1202,1255,1275,1210,1250,34924
2012-11-19,1206,1260,1275,1235,1245,17125
2012-11-20,1225,1280,1290,1230,1285,66606
2012-11-21,1216,1270,1320,1245,1320,13542
2012-11-22,1173,1225,1270,1220,1270,43779
2012-11-23,1173,1225,1250,1220,1250,19329
2012-11-26,1197,1250,1265,1235,1235,22935
2012-11-27,1221,1275,1280,1235,1280,17313
2012-11-28,1211,1265,1285,1235,1275,43890
2012-11-29,1206,1260,1285,1240,1250,12310
2012-11-30,1206,1260,1295,1240,1260,18531
2012-12-03,1216,1270,1275,1230,1230,15455
2012-12-04,1034,1080,1270,1080,1270,430674
2012-12-05,1082,1130,1155,1035,1035,243056
2012-12-06,1096,1145,1150,1115,1145,12589
2012-12-07,1120,1170,1185,1105,1140,54525
2012-12-10,1139,1190,1200,1155,1200,12634
2012-12-11,1130,1180,1200,1150,1150,27654
2012-12-12,1158,1210,1210,1160,1185,39002
2012-12-13,1158,1210,1245,1195,1195,14967
2012-12-14,1168,1220,1220,1175,1215,13545
2012-12-17,1144,1195,1240,1190,1220,9315
2012-12-18,1144,1195,1235,1160,1170,13393
2012-12-20,1149,1200,1200,1160,1195,6699
2012-12-21,1130,1180,1210,1155,1210,10433
2012-12-24,1144,1195,1250,1170,1250,16008
2012-12-26,1144,1195,1250,1185,1195,15070
2012-12-27,1125,1175,1240,1160,1160,6418
2012-12-28,1154,1205,1265,1165,1190,11744
2013-01-02,1168,1220,1235,1200,1205,3397
2013-01-03,1168,1220,1250,1210,1250,9704
2013-01-04,1178,1230,1240,1190,1210,7096
2013-01-07,1178,1230,1235,1190,1235,18061
2013-01-08,1182,1235,1250,1210,1210,15612
2013-01-09,1173,1225,1240,1210,1235,13039
2013-01-10,1206,1260,1270,1225,1230,29465
2013-01-11,1211,1265,1275,1225,1250,34325
2013-01-14,1187,1240,1290,1240,1240,4241
2013-01-15,1202,1255,1275,1235,1240,10139
2013-01-16,1192,1245,1275,1220,1260,18680
2013-01-17,1173,1225,1275,1225,1275,13490
2013-01-18,1173,1225,1255,1210,1250,50347
2013-01-21,1182,1235,1250,1215,1240,7685
2013-01-22,1187,1240,1270,1230,1235,13036
2013-01-23,1197,1250,1330,1210,1255,35974
2013-01-24,1254,1310,1310,1250,1250,45846
2013-01-25,1254,1310,1335,1270,1300,11941
2013-01-28,1235,1290,1310,1270,1275,15278
2013-01-29,1245,1300,1315,1280,1300,4962
2013-01-30,1235,1290,1320,1250,1320,30673
2013-01-31,1245,1300,1300,1270,1280,9610
2013-02-01,1240,1295,1310,1275,1300,18586
2013-02-04,1221,1275,1310,1275,1310,21076
2013-02-05,1230,1285,1300,1260,1300,19085
2013-02-06,1283,1340,1380,1270,1295,60284
2013-02-07,1331,1390,1410,1310,1310,143668
2013-02-08,1364,1425,1445,1390,1390,124304
2013-02-12,1384,1445,1450,1400,1425,111967
2013-02-13,1384,1445,1470,1370,1430,87174
2013-02-14,1436,1500,1610,1440,1470,159911
2013-02-15,1475,1540,1630,1510,1630,31272
2013-02-18,1379,1440,1540,1360,1540,179315
2013-02-19,1360,1420,1445,1350,1415,79277
2013-02-20,1398,1460,1570,1420,1420,59007
2013-02-21,1503,1570,1570,1455,1455,165577
2013-02-22,1585,1655,1660,1515,1545,232350
2013-02-25,1628,1700,1815,1600,1655,244886
2013-02-26,1637,1710,1830,1645,1695,245074
2013-02-27,1628,1700,1750,1670,1710,67723
2013-02-28,1657,1730,1730,1630,1700,81176
2013-03-04,1714,1790,1850,1730,1730,150929
2013-03-05,1743,1820,1860,1765,1850,109387
2013-03-06,1743,1820,1850,1730,1850,170882
2013-03-07,1743,1820,1860,1800,1800,114652
2013-03-08,1743,1820,1840,1815,1820,42665
2013-03-11,2001,2090,2090,1820,2000,2866413
2013-03-12,2044,2135,2295,2025,2130,840055
2013-03-13,2351,2455,2455,2135,2195,779736
2013-03-14,2356,2460,2665,2330,2530,900448
2013-03-15,2332,2435,2500,2405,2500,276704
2013-03-18,2174,2270,2460,2235,2405,344193
2013-03-19,2480,2590,2590,2300,2300,381807
2013-03-20,2461,2570,2650,2300,2580,145025
2013-03-21,2796,2920,2955,2450,2450,558007
2013-03-22,2854,2980,3030,2775,2870,406369
2013-03-25,2854,2980,3005,2895,2895,257456
2013-03-26,2854,2980,3000,2875,2980,210468
2013-03-27,2897,3025,3110,2940,2970,244039
2013-03-28,2801,2925,3025,2820,3020,255759
2013-03-29,2772,2895,2950,2800,2900,228299
2013-04-01,2614,2730,2935,2595,2865,381126
2013-04-02,2677,2795,2930,2580,2700,313040
2013-04-03,2605,2720,2865,2600,2775,193808
2013-04-04,2566,2680,2795,2610,2795,143310
2013-04-05,2490,2600,2760,2530,2680,151954
2013-04-08,2116,2210,2650,2210,2650,440913
2013-04-09,2250,2350,2490,2210,2210,254251
2013-04-10,2475,2585,2585,2310,2430,132293
2013-04-11,2514,2625,2730,2525,2700,110561
2013-04-12,2586,2700,2745,2625,2725,71400
2013-04-15,2509,2620,2700,2460,2700,95471
2013-04-16,2394,2500,2620,2410,2620,152486
2013-04-17,2356,2460,2605,2430,2510,92237
2013-04-18,2442,2550,2570,2405,2455,58050
2013-04-19,2418,2525,2560,2420,2560,53176
2013-04-22,2384,2490,2620,2450,2620,44217
2013-04-23,2504,2615,2680,2450,2500,117663
2013-04-24,2480,2590,2655,2515,2620,110770
2013-04-25,2442,2550,2640,2515,2590,43514
2013-04-26,2389,2495,2600,2440,2515,92090
2013-04-29,2404,2510,2545,2130,2495,108277
2013-04-30,2361,2465,2510,2380,2425,90600
2013-05-02,2308,2410,2540,2400,2465,120452
2013-05-03,2298,2400,2430,2370,2370,43515
2013-05-06,2202,2300,2400,2200,2400,225531
2013-05-07,2202,2300,2440,2250,2320,110505
2013-05-08,2212,2310,2395,2270,2300,157144
2013-05-09,2241,2340,2395,2290,2310,74005
2013-05-10,2322,2425,2430,2310,2340,105127
2013-05-13,2327,2430,2510,2320,2425,71673
2013-05-14,2337,2440,2500,2380,2430,50105
2013-05-15,2298,2400,2495,2255,2445,81693
2013-05-16,2164,2260,2365,2245,2330,109769
2013-05-20,1968,2055,2280,1990,2260,275553
2013-05-21,1891,1975,2100,1915,2100,198500
2013-05-22,1973,2060,2060,1875,1950,180213
2013-05-23,2016,2105,2165,2000,2055,140805
2013-05-24,1925,2010,2150,2010,2150,32919
2013-05-27,1910,1995,2085,1945,1945,65767
2013-05-28,2001,2090,2120,1995,1995,54082
2013-05-29,2020,2110,2145,2095,2145,18008
2013-05-30,2030,2120,2170,2085,2125,33204
2013-05-31,1944,2030,2125,2010,2125,34163
2013-06-03,1958,2045,2060,2005,2030,11634
2013-06-04,1939,2025,2090,1985,2040,17500
2013-06-05,1786,1865,2025,1865,2025,129540
2013-06-07,1810,1890,1985,1755,1865,56768
2013-06-10,1886,1970,1980,1930,1930,16580
2013-06-11,1910,1995,2000,1940,1980,16603
2013-06-12,1886,1970,2075,1880,2000,38957
2013-06-13,1838,1920,1960,1855,1960,18247
2013-06-14,1781,1860,1960,1850,1960,22436
2013-06-17,1786,1865,1940,1800,1885,36110
2013-06-18,1795,1875,1960,1820,1960,9772
2013-06-19,1762,1840,1970,1790,1970,10500
2013-06-20,1594,1665,1875,1610,1760,98493
2013-06-21,1566,1635,1650,1500,1610,52810
2013-06-24,1542,1610,1700,1555,1600,36269
2013-06-25,1345,1405,1805,1405,1805,63025
2013-06-26,1412,1475,1530,1425,1490,87558
2013-06-27,1460,1525,1580,1480,1515,22309
2013-06-28,1546,1615,1675,1525,1575,26683
2013-07-01,1546,1615,1705,1565,1705,13146
2013-07-02,1489,1555,1675,1550,1675,12142
2013-07-03,1498,1565,1590,1515,1525,5952
2013-07-04,1513,1580,1600,1525,1565,10580
2013-07-05,1470,1535,1580,1520,1580,12742
2013-07-08,1417,1480,1535,1480,1535,23812
2013-07-09,1427,1490,1500,1470,1500,5920
2013-07-10,1436,1500,1550,1455,1550,3740
2013-07-11,1484,1550,1590,1470,1500,22149
2013-07-12,1455,1520,1600,1510,1600,9294
2013-07-15,1431,1495,1525,1470,1505,18432
2013-07-16,1470,1535,1585,1465,1515,45236
2013-07-17,1690,1765,1765,1600,1600,233519
2013-07-18,1776,1855,2020,1785,1835,1228447
2013-07-19,1666,1740,1935,1710,1935,349748
2013-07-22,1594,1665,1740,1630,1720,233237
2013-07-23,1613,1685,1720,1645,1645,107521
2013-07-24,1585,1655,1710,1655,1685,80171
2013-07-25,1580,1650,1680,1605,1660,75465
2013-07-26,1546,1615,1670,1610,1650,57444
2013-07-29,1566,1635,1660,1625,1650,26351
2013-07-30,1498,1565,1630,1530,1630,98600
2013-07-31,1484,1550,1585,1525,1555,36747
2013-08-01,1556,1625,1745,1580,1590,356097
2013-08-02,1585,1655,1705,1625,1650,83752
2013-08-05,1819,1900,1900,1660,1660,574754
2013-08-06,1929,2015,2175,1940,1990,1868347
2013-08-07,1987,2075,2185,1900,1970,792608
2013-08-08,1906,1990,2115,1965,2060,285059
2013-08-09,1867,1950,2090,1905,1980,192335
2013-08-12,1901,1985,2010,1910,1950,119046
2013-08-13,1838,1920,2075,1905,1955,210264
2013-08-14,1824,1905,2015,1890,1980,92655
2013-08-16,1719,1795,1905,1795,1905,97555
2013-08-19,1647,1720,1805,1700,1800,116573
2013-08-20,1709,1785,1815,1695,1745,77718
2013-08-21,1594,1665,1840,1620,1780,71730
2013-08-22,1609,1680,1745,1550,1745,41028
2013-08-23,1599,1670,1700,1650,1700,21579
2013-08-26,1613,1685,1760,1640,1735,17728
2013-08-27,1594,1665,1700,1615,1700,23312
2013-08-28,1532,1600,1650,1515,1650,101825
2013-08-29,1537,1605,1620,1560,1600,20674
2013-08-30,1551,1620,1645,1575,1645,31098
2013-09-02,1561,1630,1665,1610,1635,29703
2013-09-03,1609,1680,1680,1600,1630,32483
2013-09-04,1795,1875,1930,1680,1680,294721
2013-09-05,1757,1835,1885,1800,1825,169040
2013-09-06,1800,1880,1910,1765,1830,187211
2013-09-09,1743,1820,1910,1790,1880,55086
2013-09-10,1771,1850,1850,1760,1820,66535
2013-09-11,1757,1835,1880,1825,1825,28157
2013-09-12,1767,1845,1880,1815,1840,37129
2013-09-13,1752,1830,1875,1820,1875,15898
2013-09-16,1776,1855,1865,1830,1830,9943
2013-09-17,1781,1860,1860,1810,1835,9395
2013-09-23,1748,1825,1920,1825,1860,30638
2013-09-24,1752,1830,1850,1780,1850,37759
2013-09-25,1791,1870,1870,1780,1840,24142
2013-09-26,1810,1890,1890,1845,1870,49281
2013-09-27,1805,1885,1920,1855,1900,22441
2013-09-30,1743,1820,1905,1800,1905,76156
2013-10-01,1752,1830,1835,1750,1820,49932
2013-10-02,1738,1815,1840,1780,1840,16434
2013-10-04,1733,1810,1815,1695,1815,106232
2013-10-07,1671,1745,1805,1685,1805,166563
2013-10-08,1623,1695,1745,1685,1745,17383
2013-10-10,1652,1725,1755,1620,1695,41463
2013-10-11,1652,1725,1750,1710,1735,7072
2013-10-14,1589,1660,1730,1655,1730,69292
2013-10-15,1628,1700,1700,1645,1695,27838
2013-10-16,1489,1555,1700,1535,1700,191404
2013-10-17,1508,1575,1600,1555,1580,53930
2013-10-18,1508,1575,1625,1565,1575,51643
2013-10-21,1470,1535,1575,1500,1565,56097
2013-10-22,1460,1525,1550,1495,1545,67404
2013-10-23,1436,1500,1545,1475,1545,36939
2013-10-24,1465,1530,1535,1460,1500,25769
2013-10-25,1508,1575,1595,1545,1545,28616
2013-10-28,1494,1560,1605,1535,1590,15950
2013-10-29,1527,1595,1600,1550,1580,19187
2013-10-30,1532,1600,1600,1565,1600,15306
2013-10-31,1522,1590,1610,1575,1600,12668
2013-11-01,1522,1590,1605,1535,1590,41644
2013-11-04,1623,1695,1715,1515,1560,56023
2013-11-05,1570,1640,1700,1615,1695,35950
2013-11-06,1752,1830,1885,1650,1690,1061809
2013-11-07,1599,1670,1810,1635,1790,386168
2013-11-08,1628,1700,1700,1610,1635,82770
2013-11-11,1628,1700,1750,1650,1730,77605
2013-11-12,1623,1695,1775,1680,1745,202093
2013-11-13,1585,1655,1740,1635,1740,67090
2013-11-14,1652,1725,1735,1630,1690,116913
2013-11-15,1709,1785,1840,1700,1730,114146
2013-11-18,1752,1830,1910,1795,1800,127615
2013-11-19,1709,1785,1830,1755,1795,72966
2013-11-20,1676,1750,1830,1740,1780,67511
2013-11-21,1709,1785,1785,1740,1785,23925
2013-11-22,1714,1790,1850,1760,1850,58175
2013-11-25,1724,1800,1805,1770,1790,25046
2013-11-26,1733,1810,1845,1770,1790,30118
2013-11-27,1714,1790,1830,1760,1830,21797
2013-11-28,1709,1785,1790,1735,1790,63708
2013-11-29,1724,1800,1870,1785,1800,20142
2013-12-02,1685,1760,1840,1750,1840,44722
2013-12-03,1661,1735,1770,1680,1770,23396
2013-12-04,1647,1720,1730,1665,1730,30896
2013-12-05,1604,1675,1720,1655,1715,48966
2013-12-06,1604,1675,1700,1655,1675,17887
2013-12-09,1580,1650,1695,1650,1675,15098
2013-12-10,1556,1625,1690,1570,1690,20905
2013-12-11,1594,1665,1700,1600,1640,20931
2013-12-12,1604,1675,1695,1665,1690,9135
2013-12-13,1570,1640,1700,1610,1700,27701
2013-12-16,1585,1655,1700,1635,1675,11036
2013-12-17,1594,1665,1695,1630,1630,31405
2013-12-18,1546,1615,1680,1580,1680,9839
2013-12-19,1546,1615,1675,1580,1675,7541
2013-12-20,1522,1590,1620,1550,1595,26760
2013-12-23,1508,1575,1610,1565,1565,13537
2013-12-24,1518,1585,1610,1550,1610,20457
2013-12-26,1566,1635,1635,1560,1585,16914
2013-12-27,1518,1585,1615,1580,1595,8872
2013-12-30,1551,1620,1655,1575,1595,29875
2014-01-02,1503,1570,1620,1570,1620,20920
2014-01-03,1513,1580,1585,1540,1555,23161
2014-01-06,1513,1580,1620,1560,1620,10704
2014-01-07,1494,1560,1580,1560,1580,8642
2014-01-08,1489,1555,1600,1555,1560,21779
2014-01-09,1546,1615,1630,1555,1555,25748
2014-01-10,1561,1630,1640,1600,1640,22132
2014-01-13,1570,1640,1655,1595,1635,28611
2014-01-14,1551,1620,1660,1610,1660,23286
2014-01-15,1532,1600,1650,1600,1650,9741
2014-01-16,1566,1635,1665,1600,1650,19045
2014-01-17,1652,1725,1770,1640,1670,96597
2014-01-20,1661,1735,1790,1725,1780,16538
2014-01-21,1647,1720,1785,1700,1785,15654
2014-01-22,1642,1715,1740,1690,1740,28024
2014-01-23,1647,1720,1750,1665,1745,39857
2014-01-24,1628,1700,1720,1670,1720,4801
2014-01-27,1566,1635,1690,1635,1685,13894
2014-01-28,1561,1630,1660,1600,1610,17138
2014-01-29,1570,1640,1670,1620,1670,9988
2014-02-03,1556,1625,1640,1595,1640,12813
2014-02-04,1522,1590,1640,1590,1640,15241
2014-02-05,1546,1615,1655,1575,1620,19651
2014-02-06,1580,1650,1650,1600,1615,2890
2014-02-07,1561,1630,1650,1605,1650,9221
2014-02-10,1561,1630,1640,1600,1630,6864
2014-02-11,1561,1630,1660,1600,1645,21833
2014-02-12,1556,1625,1650,1600,1650,15908
2014-02-13,1542,1610,1625,1590,1625,9662
2014-02-14,1532,1600,1690,1600,1690,17789
2014-02-17,1537,1605,1615,1585,1600,13524
2014-02-18,1575,1645,1645,1590,1620,20937
2014-02-19,1566,1635,1650,1600,1645,9490
2014-02-20,1599,1670,1685,1600,1635,19993
2014-02-21,1580,1650,1685,1640,1670,12327
2014-02-24,1546,1615,1690,1595,1650,17228
2014-02-25,1532,1600,1625,1585,1615,35606
2014-02-26,1542,1610,1615,1590,1600,18330
2014-02-27,1532,1600,1630,1570,1610,57694
2014-02-28,1527,1595,1635,1575,1600,64091
2014-03-03,1542,1610,1620,1580,1585,29719
2014-03-04,1532,1600,1635,1595,1610,10377
2014-03-05,1551,1620,1620,1590,1610,30722
2014-03-06,1532,1600,1635,1585,1620,21123
2014-03-07,1542,1610,1625,1585,1600,51197
2014-03-10,1527,1595,1610,1580,1590,38266
2014-03-11,1594,1665,1720,1590,1610,343412
2014-03-12,1556,1625,1685,1615,1685,155860
2014-03-13,1613,1685,1685,1600,1625,110110
2014-03-14,1690,1765,1895,1660,1690,576199
2014-03-17,1652,1725,1780,1680,1780,102168
2014-03-18,1618,1690,1740,1690,1740,81269
2014-03-19,1690,1765,1780,1680,1680,124353
2014-03-20,1719,1795,1805,1725,1765,83617
2014-03-21,1685,1760,1810,1750,1800,68255
2014-03-24,1680,1755,1780,1700,1780,84392
2014-03-25,1661,1735,1780,1705,1755,43715
2014-03-26,1633,1705,1740,1690,1720,47449
2014-03-27,1647,1720,1740,1695,1695,26048
2014-03-28,1642,1715,1740,1690,1710,44088
2014-03-31,1623,1695,1735,1690,1705,22281
2014-04-01,1676,1750,1760,1695,1715,59116
2014-04-02,1680,1755,1770,1725,1750,59819
2014-04-03,1685,1760,1795,1750,1755,89550
2014-04-04,1748,1825,1845,1740,1765,92078
2014-04-07,1848,1930,1980,1790,1810,342618
2014-04-08,1834,1915,2000,1890,1910,126130
2014-04-09,1815,1895,1950,1825,1910,104826
2014-04-10,1867,1950,1950,1830,1930,81892
2014-04-11,1824,1905,1950,1885,1950,45847
2014-04-14,1858,1940,1960,1825,1905,81424
2014-04-15,1901,1985,1985,1925,1955,38966
2014-04-16,1853,1935,2005,1930,1955,97317
2014-04-17,1819,1900,1945,1890,1930,43478
2014-04-18,1819,1900,1955,1875,1875,86166
2014-04-21,1862,1945,1945,1885,1910,44595
2014-04-22,1829,1910,1985,1900,1945,19051
2014-04-23,1795,1875,1925,1865,1910,42807
2014-04-24,1781,1860,1900,1825,1880,76089
2014-04-25,1762,1840,1860,1805,1860,39965
2014-04-28,1786,1865,1870,1810,1825,45197
2014-04-29,1767,1845,1860,1800,1830,19699
2014-04-30,1891,1975,2045,1835,1835,185000
2014-05-02,2001,2090,2145,1975,1975,253315
2014-05-07,1934,2020,2090,1990,2090,110066
2014-05-08,1906,1990,2045,1890,2040,125047
2014-05-09,1891,1975,2030,1925,2000,88684
2014-05-12,1858,1940,2030,1905,2000,52205
2014-05-13,1929,2015,2015,1925,1940,82567
2014-05-14,1987,2075,2090,2000,2000,121881
2014-05-15,1762,1840,2110,1830,2055,445291
2014-05-16,1724,1800,1865,1765,1845,137218
2014-05-19,1685,1760,1830,1755,1830,51389
2014-05-20,1700,1775,1780,1720,1755,40702
2014-05-21,1704,1780,1820,1770,1775,43547
2014-05-22,1714,1790,1850,1790,1840,43022
2014-05-23,1733,1810,1840,1785,1785,12284
2014-05-26,1757,1835,1890,1810,1890,18015
2014-05-27,1733,1810,1880,1800,1880,13700
2014-05-28,1724,1800,1840,1765,1810,28287
2014-05-29,1771,1850,1850,1785,1830,40525
2014-05-30,1781,1860,1875,1835,1855,66669
2014-06-02,1824,1905,1905,1855,1890,60678
2014-06-03,1872,1955,1955,1865,1905,62801
2014-06-05,1791,1870,2005,1870,1955,66402
2014-06-09,1819,1900,1980,1825,1870,21957
2014-06-10,1858,1940,1965,1900,1910,37874
2014-06-11,1891,1975,1975,1925,1970,25587
2014-06-12,1891,1975,1990,1940,1990,17640
2014-06-13,1858,1940,1990,1910,1990,22378
2014-06-16,1882,1965,1995,1900,1980,26877
2014-06-17,1891,1975,1985,1905,1945,32898
2014-06-18,1877,1960,2010,1930,1975,26388
2014-06-19,1843,1925,1970,1920,1960,21984
2014-06-20,1929,2015,2100,1940,1995,207840
2014-06-23,1939,2025,2060,2005,2010,45465
2014-06-24,1915,2000,2050,1980,2050,42931
2014-06-25,1882,1965,2040,1935,2040,33055
2014-06-26,1843,1925,1985,1910,1910,30386
2014-06-27,1882,1965,1995,1935,1935,45942
2014-06-30,1867,1950,2000,1950,1965,32096
2014-07-01,1934,2020,2020,1960,1990,55746
2014-07-02,1944,2030,2050,2000,2020,58131
2014-07-03,1958,2045,2065,2005,2065,90589
2014-07-04,2155,2250,2300,2030,2050,441166
2014-07-07,2212,2310,2450,2250,2270,427582
2014-07-08,2217,2315,2340,2240,2340,115828
2014-07-09,2298,2400,2420,2295,2295,107168
2014-07-10,2231,2330,2400,2290,2325,66925
2014-07-11,2097,2190,2395,2180,2395,133461
2014-07-14,2083,2175,2225,2170,2170,95633
2014-07-15,2107,2200,2220,2175,2220,41701
2014-07-16,2049,2140,2200,2105,2180,76073
2014-07-17,2198,2295,2300,2150,2175,61331
2014-07-18,2222,2320,2350,2220,2220,63684
2014-07-21,2111,2205,2330,2200,2320,85352
2014-07-22,2135,2230,2250,2210,2210,28543
2014-07-23,2088,2180,2280,2180,2275,62482
2014-07-24,2145,2240,2300,2195,2230,55429
2014-07-25,2183,2280,2400,2255,2400,29877
2014-07-28,2198,2295,2375,2265,2375,49493
2014-07-29,2150,2245,2350,2160,2350,58903
2014-07-30,2049,2140,2245,2140,2245,39781
2014-07-31,2078,2170,2270,2140,2145,16779
2014-08-01,2054,2145,2340,2070,2190,50479
2014-08-04,2169,2265,2265,2085,2100,28945
2014-08-05,2490,2600,2600,2215,2220,267140
2014-08-06,2509,2620,2835,2620,2745,872157
2014-08-07,2423,2530,2730,2530,2620,335939
2014-08-08,2384,2490,2640,2475,2570,242842
2014-08-11,2461,2570,2680,2465,2520,452685
2014-08-12,2442,2550,2630,2485,2575,112237
2014-08-13,2384,2490,2590,2450,2590,117161
2014-08-14,2485,2595,2595,2450,2490,150436
2014-08-18,2471,2580,2680,2490,2595,153925
2014-08-19,2471,2580,2650,2530,2575,158980
2014-08-20,2514,2625,2650,2550,2585,123097
2014-08-21,2538,2650,2700,2625,2625,131448
2014-08-22,2490,2600,2690,2565,2660,120577
2014-08-25,2461,2570,2645,2555,2580,45244
2014-08-26,2447,2555,2630,2520,2570,42774
2014-08-27,2451,2560,2610,2500,2575,73338
2014-08-28,2605,2720,2730,2560,2585,260735
2014-08-29,2514,2625,2750,2615,2745,70558
2014-09-01,2471,2580,2675,2495,2630,107669
2014-09-02,2322,2425,2610,2425,2610,137957
2014-09-03,2274,2375,2500,2345,2435,125926
2014-09-04,2322,2425,2435,2375,2420,35046
2014-09-05,2351,2455,2460,2390,2450,37762
2014-09-11,2442,2550,2550,2435,2455,102399
2014-09-12,2490,2600,2620,2530,2565,106279
2014-09-15,2432,2540,2605,2535,2605,35583
2014-09-16,2466,2575,2585,2515,2515,62523
2014-09-17,2480,2590,2600,2500,2575,72710
2014-09-18,2480,2590,2630,2545,2610,53689
2014-09-19,2480,2590,2600,2540,2600,55636
2014-09-22,2499,2610,2635,2580,2590,45991
2014-09-23,2471,2580,2610,2520,2610,33542
2014-09-24,2471,2580,2605,2530,2580,62082
2014-09-25,2475,2585,2600,2540,2600,67996
2014-09-26,2451,2560,2600,2510,2600,18957
2014-09-29,2384,2490,2560,2425,2560,84533
2014-09-30,2361,2465,2560,2400,2440,43983
2014-10-01,2298,2400,2500,2300,2475,56887
2014-10-02,2284,2385,2405,2270,2405,55631
2014-10-06,2198,2295,2415,2270,2385,47718
2014-10-07,2073,2165,2305,2145,2305,50381
2014-10-08,2174,2270,2350,2165,2180,119198
2014-10-10,2155,2250,2325,2175,2270,73210
2014-10-13,1982,2070,2300,2055,2300,124640
2014-10-14,2078,2170,2170,2065,2070,62288
2014-10-15,2116,2210,2275,2140,2220,44186
2014-10-16,2155,2250,2255,2150,2230,12468
2014-10-17,2159,2255,2265,2175,2265,39736
2014-10-20,2145,2240,2330,2180,2255,42322
2014-10-21,2116,2210,2270,2170,2240,23107
2014-10-22,2107,2200,2245,2150,2220,49810
2014-10-23,2044,2135,2230,2130,2230,41568
2014-10-24,2088,2180,2220,2110,2145,48564
2014-10-27,2078,2170,2215,2120,2200,23101
2014-10-28,2083,2175,2300,2140,2175,76227
2014-10-29,2164,2260,2265,2160,2195,87239
2014-10-30,2231,2330,2365,2260,2295,62416
2014-10-31,2222,2320,2380,2285,2360,29951
2014-11-03,2202,2300,2360,2250,2360,35205
2014-11-04,2183,2280,2345,2205,2315,37474
2014-11-05,2198,2295,2295,2220,2285,28254
2014-11-06,2049,2140,2405,2125,2310,363200
2014-11-07,2064,2155,2200,2135,2145,108048
2014-11-10,2078,2170,2210,2145,2160,147889
2014-11-11,2111,2205,2205,2145,2180,65289
2014-11-12,2088,2180,2205,2120,2205,79388
2014-11-13,2155,2250,2260,2165,2180,103001
2014-11-14,2164,2260,2275,2210,2250,285158
2014-11-17,2116,2210,2270,2185,2270,39083
2014-11-18,2145,2240,2260,2205,2210,49291
2014-11-19,2116,2210,2250,2170,2245,50156
2014-11-20,2116,2210,2245,2160,2215,151986
2014-11-21,2116,2210,2255,2170,2215,33612
2014-11-24,2126,2220,2250,2190,2220,27611
2014-11-25,2126,2220,2250,2200,2210,20439
2014-11-26,2155,2250,2255,2205,2230,57925
2014-11-27,2135,2230,2260,2215,2260,22705
2014-11-28,2135,2230,2260,2200,2230,47409
2014-12-01,2135,2230,2280,2205,2230,124600
2014-12-02,2135,2230,2295,2210,2230,23398
2014-12-03,2145,2240,2255,2220,2220,29096
2014-12-04,2155,2250,2270,2225,2240,36648
2014-12-05,2169,2265,2270,2235,2250,49878
2014-12-08,2183,2280,2300,2255,2265,70927
2014-12-09,2179,2275,2300,2235,2270,43220
2014-12-10,2140,2235,2280,2190,2275,61829
2014-12-11,2092,2185,2220,2125,2220,77683
2014-12-12,2097,2190,2200,2140,2170,120076
2014-12-15,2059,2150,2190,2130,2140,22840
2014-12-16,1992,2080,2150,2040,2070,101437
2014-12-17,2078,2170,2205,2080,2095,80730
2014-12-18,2121,2215,2240,2120,2175,79709
2014-12-19,2116,2210,2245,2160,2220,11557
2014-12-22,2155,2250,2250,2170,2220,44093
2014-12-23,2140,2235,2260,2190,2250,53870
2014-12-24,2126,2220,2240,2180,2240,52243
2014-12-26,2111,2205,2320,2195,2220,173817
2014-12-29,2146,2170,2170,2140,2170,47225
2014-12-30,2136,2160,2175,2120,2175,47471
2015-01-02,2141,2165,2185,2130,2160,23691
2015-01-05,2181,2205,2205,2150,2170,68984
2015-01-06,2181,2205,2210,2170,2190,32316
2015-01-07,2186,2210,2220,2170,2205,116582
2015-01-08,2290,2315,2360,2255,2285,191550
2015-01-09,2285,2310,2340,2300,2310,123010
2015-01-12,2294,2320,2325,2225,2320,89104
2015-01-13,2304,2330,2350,2280,2320,57241
2015-01-14,2275,2300,2355,2300,2300,59195
2015-01-15,2319,2345,2380,2305,2305,82063
2015-01-16,2423,2450,2570,2380,2400,353500
2015-01-19,2448,2475,2515,2410,2480,126866
2015-01-20,2517,2545,2580,2470,2470,162934
2015-01-21,2497,2525,2550,2485,2545,160887
2015-01-22,2458,2485,2550,2360,2530,99968
2015-01-23,2507,2535,2535,2420,2475,81989
2015-01-26,2522,2550,2575,2480,2535,68698
2015-01-27,2507,2535,2550,2490,2550,39171
2015-01-28,2463,2490,2565,2460,2530,39772
2015-01-29,2423,2450,2500,2420,2465,59255
2015-01-30,2438,2465,2475,2410,2455,19878
2015-02-02,2418,2445,2465,2405,2465,42840
2015-02-03,2428,2455,2460,2425,2460,17919
2015-02-04,2433,2460,2470,2400,2455,46743
2015-02-05,2562,2590,2625,2460,2460,236354
2015-02-06,2571,2600,2620,2555,2620,76261
2015-02-09,2641,2670,2720,2600,2600,115746
2015-02-10,2611,2640,2700,2590,2670,73231
2015-02-11,2616,2645,2695,2600,2650,44367
2015-02-12,2631,2660,2670,2630,2650,35462
2015-02-13,2631,2660,2715,2630,2665,52674
2015-02-16,2759,2790,2810,2635,2675,132545
2015-02-17,2710,2740,2830,2740,2785,78826
2015-02-23,2720,2750,2780,2715,2740,33107
2015-02-24,2725,2755,2765,2715,2750,30344
2015-02-25,2769,2800,2800,2735,2750,25301
2015-02-26,2750,2780,2820,2715,2795,40944
2015-02-27,2730,2760,2780,2725,2770,27208
2015-03-02,2809,2840,2920,2730,2750,99067
2015-03-03,2858,2890,2900,2800,2840,50113
2015-03-04,2903,2935,2950,2845,2910,98114
2015-03-05,2893,2925,2960,2880,2930,50246
2015-03-06,2898,2930,2955,2890,2925,52049
2015-03-09,2903,2935,2975,2910,2945,46810
2015-03-10,2853,2885,2950,2855,2950,50443
2015-03-11,2477,2505,3145,2500,2845,1159986
2015-03-12,2512,2540,2600,2490,2585,482530
2015-03-13,2453,2480,2550,2475,2540,220671
2015-03-16,2403,2430,2495,2415,2495,177795
2015-03-17,2522,2550,2580,2430,2470,266400
2015-03-18,2497,2525,2560,2495,2550,117303
2015-03-19,2497,2525,2570,2425,2510,158890
2015-03-20,2487,2515,2540,2480,2525,98745
2015-03-23,2492,2520,2535,2485,2520,87795
2015-03-24,2502,2530,2555,2500,2530,72597
2015-03-25,2552,2580,2585,2510,2530,156355
2015-03-26,2537,2565,2595,2530,2580,92438
2015-03-27,2552,2580,2590,2540,2570,90061
2015-03-30,2552,2580,2590,2550,2580,85037
2015-03-31,2477,2505,2595,2485,2580,173358
2015-04-01,2477,2505,2505,2440,2490,137465
2015-04-02,2443,2470,2515,2445,2505,98432
2015-04-03,2453,2480,2500,2450,2500,88299
2015-04-06,2487,2515,2530,2480,2485,107119
2015-04-07,2487,2515,2535,2485,2515,85780
2015-04-08,2596,2625,2650,2505,2515,289032
2015-04-09,2581,2610,2645,2580,2635,116352
2015-04-10,2631,2660,2665,2580,2620,125274
2015-04-13,2621,2650,2650,2610,2650,70658
2015-04-14,2562,2590,2655,2570,2650,85108
2015-04-15,2606,2635,2640,2585,2590,84806
2015-04-16,2591,2620,2650,2600,2650,45880
2015-04-17,2596,2625,2645,2585,2635,73023
2015-04-20,2601,2630,2630,2575,2610,70394
2015-04-21,2616,2645,2650,2600,2650,75938
2015-04-22,2571,2600,2670,2410,2645,201684
2015-04-23,2532,2560,2620,2490,2610,113571
2015-04-24,2473,2500,2585,2435,2560,168227
2015-04-27,2453,2480,2515,2395,2500,121170
2015-04-28,2438,2465,2500,2440,2485,32617
2015-04-29,2384,2410,2465,2385,2465,137071
2015-04-30,2364,2390,2410,2330,2410,93823
2015-05-04,2398,2425,2425,2360,2390,37779
2015-05-06,2374,2400,2425,2360,2425,49125
2015-05-07,2359,2385,2405,2305,2400,36285
2015-05-08,2393,2420,2420,2370,2385,42430
2015-05-11,2418,2445,2470,2420,2420,51740
2015-05-12,2423,2450,2455,2400,2445,27869
2015-05-13,2463,2490,2495,2410,2440,84685
2015-05-14,2552,2580,2590,2480,2500,262030
2015-05-15,2522,2550,2600,2500,2600,171677
2015-05-18,2542,2570,2625,2535,2615,290741
2015-05-19,2527,2555,2650,2520,2600,279597
2015-05-20,2492,2520,2580,2470,2555,159130
2015-05-21,2487,2515,2540,2470,2515,138072
2015-05-22,2512,2540,2550,2480,2515,67479
2015-05-26,2497,2525,2555,2470,2540,105303
2015-05-27,2512,2540,2540,2490,2530,41953
2015-05-28,2502,2530,2550,2480,2540,109954
2015-05-29,2562,2590,2600,2495,2530,245607
2015-06-01,2487,2515,2600,2505,2590,120706
2015-06-02,2453,2480,2545,2460,2520,89729
2015-06-03,2413,2440,2480,2400,2475,98075
2015-06-04,2423,2450,2465,2400,2440,53743
2015-06-05,2433,2460,2460,2400,2450,54466
2015-06-08,2463,2490,2490,2435,2455,16111
2015-06-09,2477,2505,2520,2475,2490,19995
2015-06-10,2468,2495,2530,2450,2505,52452
2015-06-11,2388,2415,2500,2395,2500,101782
2015-06-12,2384,2410,2440,2345,2425,76084
2015-06-15,2309,2335,2405,2330,2375,39892
2015-06-16,2205,2230,2345,2150,2310,163862
2015-06-17,2230,2255,2275,2175,2230,42302
2015-06-18,2171,2195,2265,2185,2230,63201
2015-06-19,2176,2200,2235,2185,2195,46314
2015-06-22,2171,2195,2215,2170,2200,25040
2015-06-23,2131,2155,2210,2140,2210,140685
2015-06-24,2201,2225,2235,2145,2160,100857
2015-06-25,2205,2230,2230,2190,2225,23987
2015-06-26,2225,2250,2280,2215,2230,121385
2015-06-29,2146,2170,2250,2105,2250,104541
2015-06-30,2151,2175,2175,2105,2165,57858
2015-07-01,2186,2210,2250,2170,2175,109438
2015-07-02,2210,2235,2240,2200,2210,38593
2015-07-03,2215,2240,2245,2185,2230,41220
2015-07-06,2186,2210,2245,2160,2230,33061
2015-07-07,2141,2165,2250,2135,2210,47166
2015-07-08,2151,2175,2190,2140,2165,76699
2015-07-09,2176,2200,2220,2140,2175,123665
2015-07-10,2260,2285,2295,2200,2200,93018
2015-07-13,2255,2280,2300,2235,2280,77284
2015-07-14,2250,2275,2340,2270,2310,30420
2015-07-15,2235,2260,2295,2240,2275,34279
2015-07-16,2250,2275,2295,2220,2230,55289
2015-07-17,2240,2265,2300,2225,2270,26990
2015-07-20,2280,2305,2315,2230,2265,61458
2015-07-21,2294,2320,2320,2265,2315,50473
2015-07-22,2294,2320,2345,2275,2295,42906
2015-07-23,2309,2335,2360,2305,2320,34155
2015-07-24,2285,2310,2335,2280,2315,22628
2015-07-27,2205,2230,2330,2150,2310,74072
2015-07-28,2146,2170,2210,2105,2210,78578
2015-07-29,2205,2230,2230,2170,2175,62351
2015-07-30,2205,2230,2255,2185,2235,14614
2015-07-31,2205,2230,2245,2195,2240,13364
2015-08-03,2196,2220,2240,2185,2225,6345
2015-08-04,2201,2225,2235,2165,2235,16786
2015-08-05,2225,2250,2250,2200,2225,12635
2015-08-06,2245,2270,2275,2220,2250,15620
2015-08-07,2235,2260,2270,2235,2270,7744
2015-08-10,2196,2220,2260,2195,2260,18307
2015-08-11,2201,2225,2245,2170,2220,22063
2015-08-12,2171,2195,2235,2115,2225,27019
2015-08-13,2181,2205,2215,2150,2200,35913
2015-08-14,2181,2205,2205,2205,2205,0
2015-08-17,2166,2190,2210,2140,2205,82592
2015-08-18,2121,2145,2200,2100,2190,26421
2015-08-19,2047,2070,2170,2000,2145,55420
2015-08-20,2032,2055,2085,2045,2085,76082
2015-08-21,2027,2050,2070,1920,1920,240536
2015-08-24,2027,2050,2050,1980,2005,44497
2015-08-25,2087,2110,2180,2040,2180,9682
2015-08-26,2116,2140,2160,2075,2115,7124
2015-08-27,2215,2240,2240,2125,2145,88241
2015-08-28,2191,2215,2340,2205,2245,144384
2015-08-31,2260,2285,2285,2220,2230,42953
2015-09-01,2329,2355,2425,2265,2290,345717
2015-09-02,2374,2400,2410,2315,2355,110575
2015-09-03,2384,2410,2650,2375,2405,70889
2015-09-04,2260,2285,2410,2210,2410,119141
2015-09-07,2270,2295,2335,2230,2275,53785
2015-09-08,2037,2060,2330,2010,2275,363986
2015-09-09,1869,1890,2105,1875,2075,450402
2015-09-10,1914,1935,1935,1810,1895,439784
2015-09-11,1919,1940,1970,1920,1950,132634
2015-09-14,2087,2110,2280,1910,1945,904488
2015-09-15,2077,2100,2195,2040,2105,200373
2015-09-16,2215,2240,2275,2075,2100,368844
2015-09-17,2299,2325,2330,2195,2320,308772
2015-09-18,2339,2365,2365,2305,2330,149372
2015-09-21,2299,2325,2370,2240,2360,161306
2015-09-22,2290,2315,2345,2270,2345,45474
2015-09-23,2235,2260,2340,2230,2265,71084
2015-09-24,2285,2310,2445,2240,2265,200045
2015-09-25,2294,2320,2345,2240,2330,121027
2015-09-30,2497,2525,2570,2240,2330,887698
2015-10-01,2428,2455,2620,2425,2590,349698
2015-10-02,2428,2455,2455,2370,2425,123210
2015-10-05,2487,2515,2685,2420,2560,578730
2015-10-06,2433,2460,2550,2400,2490,159763
2015-10-07,2403,2430,2475,2400,2405,71809
2015-10-08,2423,2450,2450,2370,2420,83404
2015-10-12,2468,2495,2500,2410,2450,84419
2015-10-13,2438,2465,2540,2380,2490,115657
2015-10-14,2398,2425,2475,2365,2445,72052
2015-10-15,2438,2465,2470,2395,2400,59836
2015-10-16,2473,2500,2500,2405,2435,55276
2015-10-19,2458,2485,2515,2440,2500,30877
2015-10-20,2443,2470,2490,2400,2460,66514
2015-10-21,2438,2465,2495,2415,2445,72870
2015-10-22,2423,2450,2480,2375,2465,61231
2015-10-23,2423,2450,2480,2370,2405,60624
2015-10-26,2423,2450,2485,2400,2450,14823
2015-10-27,2398,2425,2460,2365,2460,61675
2015-10-28,2388,2415,2435,2340,2425,25191
2015-10-29,2379,2405,2425,2350,2415,10387
2015-10-30,2250,2275,2425,2275,2405,89347
2015-11-02,2225,2250,2290,2195,2275,75077
2015-11-03,2324,2350,2400,2235,2250,51236
2015-11-04,2374,2400,2510,2305,2375,232895
2015-11-05,2403,2430,2455,2370,2435,26894
2015-11-06,2374,2400,2480,2345,2400,44165
2015-11-09,2344,2370,2410,2295,2400,39688
2015-11-10,2265,2290,2365,2200,2360,45995
2015-11-11,2255,2280,2340,2240,2290,11941
2015-11-12,2245,2270,2290,2200,2280,25110
2015-11-13,2428,2455,2575,2230,2235,583633
2015-11-16,3155,3190,3190,2550,2620,1926007
2015-11-17,4100,4145,4145,4070,4095,1874282
2015-11-18,5321,5380,5380,4410,4500,6959560
2015-11-19,5321,5380,5380,5380,5380,0
2015-11-20,6914,6990,6990,5880,6410,2216641
2015-11-23,6034,6100,7300,6100,6730,1935606
2015-11-24,7844,7930,7930,7400,7400,1087489
2015-11-25,7498,7580,9500,7000,7930,2150726
2015-11-26,7557,7640,8100,7370,7940,1341619
2015-11-27,9229,9330,9830,7400,7770,1295697
2015-11-30,10732,10850,11650,8390,8700,8048104
2015-12-01,10732,10850,10850,10850,10850,0
2015-12-02,10040,10150,11400,10150,11400,778224
2015-12-03,9437,9540,10150,8950,9840,1020332
2015-12-04,10090,10200,11000,9280,9280,816703
2015-12-07,10485,10600,12250,9460,9920,6886215
2015-12-08,10090,10200,10900,9820,10400,2491930
2015-12-09,10090,10200,12550,9670,10000,7986627
2015-12-10,10584,10700,10750,9720,9990,2825968
2015-12-11,10188,10300,10900,9990,10600,1602593
2015-12-14,8457,8550,9660,8470,9400,1866584
2015-12-15,8111,8200,8660,7700,8310,2348742
2015-12-16,8269,8360,8650,7910,8140,1614165
2015-12-17,8655,8750,8920,8300,8500,1574490
2015-12-18,8447,8540,8680,8340,8620,665447
2015-12-21,8398,8490,8600,8220,8410,707973
2015-12-22,8210,8300,8460,8080,8410,562001
2015-12-23,8507,8600,9000,8340,8500,1935785
2015-12-24,8101,8190,8550,8090,8400,699522
2015-12-28,10090,10200,10600,8180,8190,6243941
2015-12-29,9850,9850,9970,9370,9940,2368962
2015-12-30,9390,9390,10150,9340,10050,1195958
2016-01-04,9400,9400,9710,9090,9390,792937
2016-01-05,9360,9360,9440,9020,9160,498209
2016-01-06,8760,8760,9320,8390,9320,720791
2016-01-07,8210,8210,8650,8170,8600,536512
2016-01-08,8180,8180,8620,7500,7810,811948
2016-01-11,7610,7610,8140,7470,8020,510644
2016-01-12,7280,7280,7750,7250,7650,361410
2016-01-13,8000,8000,8990,7450,7490,4532136
2016-01-14,8380,8380,8540,7680,7770,1421578
2016-01-15,7980,7980,8500,7910,8490,519141
2016-01-18,8120,8120,8500,7650,7980,643918
2016-01-19,8260,8260,8720,7930,8200,924595
2016-01-20,9580,9580,9580,8170,8480,1705051
2016-01-21,9320,9320,9590,8900,9200,1310294
2016-01-22,8860,8860,9420,8650,9320,657727
2016-01-25,8900,8900,9670,8900,8950,1068496
2016-01-26,8500,8500,8790,8260,8790,428898
2016-01-27,8230,8230,8450,7880,8320,577296
2016-01-28,8230,8230,8370,8000,8160,245834
2016-01-29,8340,8340,8490,7950,8150,309105
2016-02-01,8500,8500,8500,8250,8400,219833
2016-02-02,8330,8330,8440,8250,8370,219365
2016-02-03,8050,8050,8210,8000,8210,315570
2016-02-04,8310,8310,8680,7880,7930,728385
2016-02-05,8800,8800,8900,8170,8190,625272
2016-02-11,8090,8090,8800,8070,8800,479641
2016-02-12,8030,8030,8040,7600,8000,378584
2016-02-15,8500,8500,8800,8180,8600,873010
2016-02-16,8690,8690,8710,8380,8600,329602
2016-02-17,8350,8350,8690,8340,8610,227335
2016-02-18,8670,8670,8720,8340,8390,257889
2016-02-19,8680,8680,8800,8550,8570,166696
2016-02-22,8590,8590,8670,8520,8640,110833
2016-02-23,8320,8320,8640,8220,8530,227518
2016-02-24,8250,8250,8420,8160,8330,114586
2016-02-25,8550,8550,8700,8240,8320,784520
2016-02-26,8460,8460,8580,8300,8580,198692
2016-02-29,8400,8400,8530,8300,8460,110386
2016-03-02,9220,9220,9270,8390,8400,935421
2016-03-03,9350,9350,9760,9090,9470,1464014
2016-03-04,9260,9260,9700,9140,9240,684767
2016-03-07,9530,9530,9660,9160,9270,510895
2016-03-08,9920,9920,10450,9430,9540,1559708
2016-03-09,9920,9920,9990,9750,9760,315639
2016-03-10,9620,9620,10200,9540,9880,435434
2016-03-11,9730,9730,9740,9360,9560,291614
2016-03-14,10450,10450,10450,9510,9700,576288
2016-03-15,10500,10500,10750,10050,10400,930566
2016-03-16,13050,13050,13650,10550,10600,4890554
2016-03-17,13800,13800,13800,12350,13000,1830602
2016-03-18,13250,13250,15050,12650,13400,3018026
2016-03-21,13500,13500,13850,12700,13100,1106091
2016-03-22,14400,14400,14450,13200,13650,1406733
2016-03-23,14600,14600,14800,13950,14200,886939
2016-03-24,13200,13200,14450,13100,14250,988152
2016-03-25,13500,13500,13700,13000,13100,805881
2016-03-28,13600,13600,13750,12900,13300,559202
2016-03-29,13600,13600,14100,13150,13400,583858
2016-03-30,14100,14100,14550,13350,13600,1275614
2016-03-31,13250,13250,14800,13150,14600,869090
2016-04-01,13150,13150,13400,12700,13100,526866
2016-04-04,12800,12800,13300,12500,13300,519027
2016-04-05,12250,12250,12700,11750,12500,635637
2016-04-06,12650,12650,12750,11800,12300,511181
2016-04-07,11750,11750,12650,11750,12450,375818
2016-04-08,12150,12150,12250,11300,11600,447338
2016-04-11,12650,12650,13050,11700,12100,747673
2016-04-12,12750,12750,12850,12200,12600,310382
2016-04-14,13050,13050,14150,12500,12750,2503797
2016-04-15,12500,12500,13050,12450,12950,545906
2016-04-18,10450,10450,11700,10000,11450,1527229
2016-04-19,10950,10950,10950,10200,10500,502025
2016-04-20,10850,10850,11300,10600,10800,424647
2016-04-21,11200,11200,11600,10600,10850,1232732
2016-04-22,11500,11500,11800,11200,11550,695548
2016-04-25,11200,11200,11700,11150,11600,272900
2016-04-26,10950,10950,11250,10750,11150,329766
2016-04-27,10750,10750,11150,10700,10900,200491
2016-04-28,11400,11400,11900,10650,10650,680291
2016-04-29,11550,11550,11550,11100,11300,179691
2016-05-02,11500,11500,11950,11250,11800,493278
2016-05-03,11550,11550,11550,11200,11450,165083
2016-05-04,11150,11150,11750,11100,11650,267770
2016-05-09,10850,10850,11300,10850,11150,207579
2016-05-10,10800,10800,10950,10600,10850,143776
2016-05-11,12150,12150,12450,10800,10950,1483600
2016-05-12,12300,12300,12400,11800,11900,506587
2016-05-13,12550,12550,12900,12100,12800,786104
2016-05-16,14050,14050,14800,12000,12900,3619975
2016-05-17,12900,12900,13700,12500,13200,1467000
2016-05-18,12550,12550,13150,11650,12150,1043975
2016-05-19,12100,12100,12750,11800,12650,467315
2016-05-20,12150,12150,12750,11650,12100,591478
2016-05-23,13100,13100,13100,11800,12300,979874
2016-05-24,12100,12100,12650,11700,12450,1180106
2016-05-25,9970,9970,12600,9870,12500,1112217
2016-05-26,10700,10700,12550,10600,11550,1861782
2016-05-27,10400,10400,10650,9500,10150,665890
2016-05-30,9000,9000,10650,8940,10650,864447
2016-05-31,8920,8920,9500,8500,9000,451173
2016-06-01,8750,8750,9140,8640,9120,284099
2016-06-02,8300,8300,8810,8280,8700,351447
2016-06-03,8170,8170,8410,8060,8400,205450
2016-06-07,8330,8330,8450,8170,8170,147097
2016-06-08,7970,7970,8330,7890,8310,193432
2016-06-09,8130,8130,8750,7950,7970,576407
2016-06-10,8440,8440,8540,8240,8350,295323
2016-06-13,8740,8740,8840,8360,8460,346278
2016-06-14,9000,9000,9230,8530,8830,430450
2016-06-15,9440,9440,9500,9030,9030,503177
2016-06-16,9010,9010,9580,8930,9580,315147
2016-06-17,8680,8680,9150,8590,8880,230337
2016-06-20,8910,8910,8930,8480,8650,146942
2016-06-21,8680,8680,8990,8560,8930,141700
2016-06-22,8700,8700,8750,8590,8600,91024
2016-06-23,8340,8340,8790,8220,8790,113412
2016-06-24,7760,7760,8530,7500,8400,499657
2016-06-27,8010,8010,8010,7450,7570,183943
2016-06-28,8210,8210,8280,7820,7970,103213
2016-06-29,8510,8510,8750,8190,8300,241865
2016-06-30,8500,8500,8650,8430,8500,145549
2016-07-01,8850,8850,8930,8480,8630,261222
2016-07-04,9160,9160,9440,8910,8950,501142
2016-07-05,9150,9150,9400,9000,9400,205932
2016-07-06,9090,9090,9170,8780,9100,163105
2016-07-07,8840,8840,9270,8820,9200,172351
2016-07-08,8880,8880,8950,8660,8840,133268
2016-07-11,8960,8960,8990,8780,8780,89638
2016-07-12,9000,9000,9050,8740,8920,94688
2016-07-13,9050,9050,9110,8900,9000,91420
2016-07-14,8960,8960,9050,8840,9050,57148
2016-07-15,8900,8900,9040,8870,9040,77923
2016-07-18,9230,9230,9370,8800,8950,242977
2016-07-19,9110,9110,9270,9050,9230,84676
2016-07-20,9120,9120,9240,9020,9120,69698
2016-07-21,9150,9150,9400,9150,9270,161142
2016-07-22,9580,9580,9790,9140,9180,279427
2016-07-25,10450,10450,10600,9480,9560,762694
2016-07-26,10500,10500,10650,10150,10350,432075
2016-07-27,10800,10800,10900,10250,10550,326325
2016-07-28,10250,10250,10800,10150,10800,243725
2016-07-29,10300,10300,10400,9940,10200,157788
2016-08-01,10350,10350,10500,10150,10200,96989
2016-08-02,11500,11500,11500,10200,10200,654734
2016-08-03,11000,11000,11450,10900,11350,360459
2016-08-04,11350,11350,11850,10850,11150,471121
2016-08-05,11450,11450,11750,11150,11400,229466
2016-08-08,10850,10850,11600,10850,11450,211096
2016-08-09,11350,11350,11650,10600,10950,475366
2016-08-10,10900,10900,11950,10850,11900,501788
2016-08-11,11150,11150,11200,10750,10850,137236
2016-08-12,11100,11100,11300,10900,11050,92244
2016-08-16,11200,11200,11350,11100,11100,139981
2016-08-17,11000,11000,11200,10800,11100,122698
2016-08-18,11050,11050,11150,10900,11000,101427
2016-08-19,11200,11200,11450,10800,11000,245071
2016-08-22,10800,10800,11200,10750,11100,192735
2016-08-23,10400,10400,10900,10350,10650,136522
2016-08-24,10800,10800,10800,10350,10350,91687
2016-08-25,10500,10500,10750,10350,10750,112488
2016-08-26,10650,10650,10800,10400,10550,114083
2016-08-29,10600,10600,11200,10450,10500,500896
2016-08-30,11300,11300,11300,10550,10600,378401
2016-08-31,11450,11450,11550,11050,11250,422797
2016-09-01,11150,11150,11700,11100,11450,422823
2016-09-02,12000,12000,12150,11150,11400,891102
2016-09-05,12200,12200,12300,11800,12200,371756
2016-09-06,12300,12300,12300,11800,12200,252813
2016-09-07,12550,12550,12700,12050,12200,512189
2016-09-08,12300,12300,13250,10850,12550,1809548
2016-09-09,11550,11550,12450,11350,12300,616443
2016-09-12,10600,10600,11300,10500,11000,631601
2016-09-13,11200,11200,11200,10450,10750,513348
2016-09-19,13050,13050,13950,11200,11200,3735649
2016-09-20,12750,12750,13000,12300,12700,861767
2016-09-21,12350,12350,13200,12050,12800,688260
2016-09-22,12000,12000,12550,11900,12100,447696
2016-09-23,11850,11850,12300,11700,12050,279180
2016-09-26,12050,12050,12300,11550,11950,368507
2016-09-27,12300,12300,12350,11750,12050,346581
2016-09-28,12100,12100,12450,11950,12200,239255
2016-09-29,11350,11350,12250,11300,12150,327318
2016-09-30,11400,11400,11550,10550,11000,354110
2016-10-04,11300,11300,11550,10950,11400,160290
2016-10-05,11300,11300,11600,11200,11250,88551
2016-10-06,11200,11200,11400,11050,11350,109160
2016-10-07,10650,10650,11200,10600,11100,143116
2016-10-10,10800,10800,11050,10500,10500,88083
2016-10-11,10500,10500,10900,10200,10650,155676
2016-10-12,10550,10550,10700,10350,10400,48892
2016-10-13,10850,10850,11100,10550,10550,162945
2016-10-14,10700,10700,10900,10600,10650,64634
2016-10-17,10900,10900,10950,10650,10900,61009
2016-10-18,10650,10650,10950,10650,10950,54032
2016-10-19,10800,10800,10850,10650,10650,63821
2016-10-20,10550,10550,10850,10450,10700,92683
2016-10-21,10400,10400,10750,10400,10500,65734
2016-10-24,10100,10100,10800,9990,10500,180001
2016-10-25,10050,10050,10100,9590,10100,208661
2016-10-26,9430,9430,9810,8750,9590,412942
2016-10-27,9430,9430,9700,9300,9400,203430
2016-10-28,8890,8890,9510,8890,9400,220467
2016-10-31,8040,8040,8700,7520,8690,556064
2016-11-01,8200,8200,8310,7720,7720,288463
2016-11-02,7640,7640,8280,7570,8200,160551
2016-11-03,7960,7960,7960,7260,7260,135155
2016-11-04,7900,7900,8100,7750,7950,100344
2016-11-07,8430,8430,8600,7990,8130,310265
2016-11-08,8440,8440,8550,8210,8550,109177
2016-11-09,8080,8080,8730,7600,8400,446186
2016-11-10,8340,8340,8450,8150,8390,164407
2016-11-11,8500,8500,8570,8160,8280,126088
2016-11-14,8300,8300,8450,8180,8440,104277
2016-11-15,8180,8180,8430,8140,8290,105784
2016-11-16,8630,8630,8650,8180,8270,161579
2016-11-17,8830,8830,9100,8650,8900,244681
2016-11-18,8570,8570,8830,8350,8830,129628
2016-11-21,8250,8250,8490,8080,8410,100580
2016-11-22,8910,8910,9400,8290,8350,747240
2016-11-23,8720,8720,9050,8700,8910,291599
2016-11-24,8820,8820,8970,8520,8780,139202
2016-11-25,8850,8850,8920,8700,8920,67926
2016-11-28,9430,9430,9850,8830,8860,776577
2016-11-29,9200,9200,9530,8560,9500,418010
2016-11-30,9240,9240,9500,9150,9480,243325
2016-12-01,9400,9400,9450,8870,9000,276206
2016-12-02,9400,9400,9650,9270,9420,230219
2016-12-05,8820,8820,9210,8790,9200,234825
2016-12-06,8910,8910,9070,8800,8900,114168
2016-12-07,9280,9280,9370,8910,9150,226797
2016-12-08,9000,9000,9280,8970,9280,105632
2016-12-09,9230,9230,9490,9010,9080,301362
2016-12-12,10200,10200,10300,9290,9400,942489
2016-12-13,10050,10050,10250,9770,10100,377384
2016-12-14,9850,9850,10100,9780,9980,230889
2016-12-15,9950,9950,9950,9710,9720,122179
2016-12-16,9950,9950,10400,9820,9990,362850
2016-12-19,10350,10350,10450,10000,10400,294016
2016-12-20,10250,10250,10450,10050,10400,162432
2016-12-21,9990,9990,10500,9960,10450,282865
2016-12-22,10400,10400,10400,10050,10150,181743
2016-12-23,10350,10350,10600,10150,10550,143985
2016-12-26,9580,9580,10150,9380,9950,323229
2016-12-27,9690,9690,9890,9630,9750,100945
2016-12-28,9880,9880,9920,9740,9920,70086
2016-12-29,9930,9930,9960,9640,9790,86842
2017-01-02,10000,10000,10050,9760,9930,93541
2017-01-03,10050,10050,10150,9910,10100,101210
2017-01-04,9990,9990,10100,9970,10100,67044
2017-01-05,9990,9990,10000,9920,10000,62429
2017-01-06,10300,10300,10300,9990,9990,125264
2017-01-09,10300,10300,10500,10150,10400,118211
2017-01-10,10050,10050,10300,9950,10300,122285
2017-01-11,9600,9600,9910,9600,9810,265201
2017-01-12,9200,9200,9750,8900,9690,279965
2017-01-13,9180,9180,9720,8710,9420,261741
2017-01-16,9000,9000,9210,8870,9210,85509
2017-01-17,8820,8820,9200,8820,9150,85642
2017-01-18,8490,8490,8780,8190,8700,266842
2017-01-19,7850,7850,8580,7790,8490,439941
2017-01-20,7950,7950,8050,7610,7750,243908
2017-01-23,7430,7430,8000,7210,7950,158512
2017-01-24,7380,7380,7640,7180,7370,215741
2017-01-25,6540,6540,7520,6410,7380,309208
2017-01-26,6600,6600,6600,6200,6470,288475
2017-01-31,6170,6170,6600,6010,6600,304585
2017-02-01,6100,6100,6330,5890,5960,181312
2017-02-02,4270,4270,4270,4270,4270,73127
2017-02-03,3580,3580,3635,3330,3510,3964492
2017-02-06,3750,3750,3795,3580,3700,1230640
2017-02-07,3655,3655,3850,3555,3760,720897
2017-02-08,3820,3820,3820,3530,3640,898419
2017-02-09,3820,3820,3950,3730,3880,634361
2017-02-10,3785,3785,3895,3745,3835,379785
2017-02-13,3850,3850,4055,3700,3820,1253090
2017-02-14,4000,4000,4180,3845,3870,988879
2017-02-15,4415,4415,4580,4005,4090,2831145
2017-02-16,4340,4340,4510,4310,4510,797193
2017-02-17,4440,4440,4465,4260,4300,378105
2017-02-20,4340,4340,4490,4310,4490,263895
2017-02-21,4255,4255,4340,4170,4300,311492
2017-02-22,4295,4295,4320,4210,4215,163048
2017-02-23,4140,4140,4325,4140,4285,206480
2017-02-24,4150,4150,4200,4080,4140,157440
2017-02-27,4115,4115,4235,4110,4150,118157
2017-02-28,4265,4265,4315,4115,4135,214551
2017-03-02,4175,4175,4295,4120,4265,121375
2017-03-03,4125,4125,4175,4030,4110,139613
2017-03-06,4125,4125,4175,4020,4060,154065
2017-03-07,4025,4025,4170,3995,4145,225551
2017-03-08,3960,3960,4030,3860,4000,270812
2017-03-09,3940,3940,3990,3885,3980,147804
2017-03-10,3815,3815,3975,3640,3920,300399
2017-03-13,3850,3850,3895,3785,3855,177511
2017-03-14,3990,3990,4165,3805,3835,459451
2017-03-15,3865,3865,4090,3855,4030,209985
2017-03-16,3900,3900,3905,3830,3875,143041
2017-03-17,3805,3805,3940,3755,3940,175745
2017-03-20,3660,3660,3795,3660,3780,159936
2017-03-21,3665,3665,3785,3620,3685,103539
2017-03-22,3705,3705,3745,3600,3655,69060
2017-03-23,3590,3590,3750,3585,3750,117218
2017-03-24,3770,3770,3860,3580,3605,209604
2017-03-27,3790,3790,3860,3740,3825,152376
2017-03-28,3785,3785,3835,3760,3820,62334
2017-03-29,3785,3785,3790,3680,3780,129051
2017-03-30,3740,3740,3795,3620,3785,103889
2017-03-31,3755,3755,3800,3645,3705,177806
2017-04-03,3840,3840,3850,3770,3785,124038
2017-04-04,3760,3760,3870,3660,3855,151923
2017-04-05,3660,3660,3740,3655,3710,132902
2017-04-06,3570,3570,3690,3515,3665,149856
2017-04-07,3565,3565,3620,3515,3620,53861
2017-04-10,3390,3390,3580,3315,3580,155648
2017-04-11,3355,3355,3440,3255,3390,162970
2017-04-12,3400,3400,3400,3320,3355,84051
2017-04-13,3455,3455,3475,3385,3385,126515
2017-04-14,3340,3340,3455,3315,3455,136512
2017-04-17,3430,3430,3450,3300,3325,76527
2017-04-18,3430,3430,3500,3390,3430,74362
2017-04-19,3525,3525,3535,3400,3435,124753
2017-04-20,3575,3575,3690,3525,3555,229860
2017-04-21,3575,3575,3620,3550,3620,98296
2017-04-24,3455,3455,3630,3455,3545,104863
2017-04-25,3615,3615,3680,3420,3420,310160
2017-04-26,3730,3730,3845,3620,3660,475266
2017-04-27,3795,3795,3835,3670,3690,209845
2017-04-28,3795,3795,3850,3750,3795,182364
2017-05-02,3700,3700,3810,3700,3795,126341
2017-05-04,3930,3930,4045,3670,3700,537449
2017-05-08,4080,4080,4145,3875,3930,561253
2017-05-10,3890,3890,4170,3825,4105,345767
2017-05-11,3850,3850,3925,3825,3855,210198
2017-05-12,3735,3735,3850,3710,3850,225679
2017-05-15,3710,3710,3735,3680,3700,84481
2017-05-16,3895,3895,3920,3705,3710,246114
2017-05-17,3990,3990,4245,3925,3925,734428
2017-05-18,3995,3995,4035,3885,3960,199538
2017-05-19,4180,4180,4190,3945,4015,472700
2017-05-22,4125,4125,4255,4075,4180,321737
2017-05-23,4085,4085,4225,4050,4080,262069
2017-05-24,4180,4180,4190,4050,4050,142950
2017-05-25,4465,4465,4870,4150,4220,2484799
2017-05-26,4775,4775,4790,4500,4510,931243
2017-05-29,5010,5010,5430,4805,4985,2414428
2017-05-30,5420,5420,5420,4915,5060,948443
2017-05-31,5280,5280,5900,5150,5550,1248827
2017-06-01,5010,5010,5350,4865,5350,685969
2017-06-02,4915,4915,5080,4745,5070,677338
2017-06-05,4950,4950,5070,4810,4950,264691
2017-06-07,4960,4960,5120,4895,4950,244870
2017-06-08,5020,5020,5020,4820,4960,168557
2017-06-09,5270,5270,5270,4925,4995,430716
2017-06-12,5650,5650,6150,5190,5270,2483101
2017-06-13,5800,5800,5950,5610,5770,1092776
2017-06-14,5560,5560,5840,5490,5760,629609
2017-06-15,5200,5200,5580,5090,5560,596039
2017-06-16,5160,5160,5330,5160,5200,279835
2017-06-19,5230,5230,5390,5080,5110,354875
2017-06-20,4985,4985,5290,4985,5240,329560
2017-06-21,5040,5040,5070,4745,4970,454583
2017-06-22,5030,5030,5530,5030,5200,1021193
2017-06-23,5160,5160,5160,4890,5030,272515
2017-06-26,5190,5190,5190,5030,5170,226694
2017-06-27,5250,5250,5270,5020,5180,271215
2017-06-28,5100,5100,5350,5100,5250,297088
2017-06-29,5000,5000,5390,5000,5170,574024
2017-06-30,5160,5160,5200,4945,5000,419874
2017-07-03,5070,5070,5190,5050,5150,73513
2017-07-04,4835,4835,5150,4790,5050,286951
2017-07-05,4815,4815,4935,4795,4830,98914
2017-07-06,4800,4800,4870,4650,4740,181948
2017-07-07,4725,4725,4905,4680,4905,200765
2017-07-10,4720,4720,4835,4685,4730,142602
2017-07-11,4690,4690,4860,4680,4685,230850
2017-07-12,4735,4735,4815,4655,4660,129529
2017-07-13,4965,4965,5260,4720,4740,733381
2017-07-14,5100,5100,5100,4950,5000,398698
2017-07-17,5050,5050,5290,5020,5030,264851
2017-07-18,4880,4880,5080,4820,5010,127097
2017-07-19,4870,4870,4920,4795,4900,127649
2017-07-20,4890,4890,4950,4725,4870,261705
2017-07-21,4880,4880,4915,4770,4845,121175
2017-07-24,4600,4600,5400,4465,5150,3237650
2017-07-25,4400,4400,4480,4345,4420,969633
2017-07-26,4000,4000,4455,4000,4420,452500
2017-07-27,3900,3900,4105,3850,3965,556834
2017-07-28,3730,3730,3930,3725,3860,330770
2017-07-31,3920,3920,3975,3720,3720,418083
2017-08-01,4065,4065,4145,3900,3900,273280
2017-08-02,4075,4075,4200,4025,4195,102361
2017-08-03,4075,4075,4180,3965,4070,121130
2017-08-04,4130,4130,4210,4025,4080,160649
2017-08-07,4185,4185,4230,4105,4125,83986
2017-08-08,4185,4185,4285,4155,4220,78889
2017-08-09,4135,4135,4235,4075,4175,65370
2017-08-10,3995,3995,4200,3985,4095,58202
2017-08-11,3850,3850,4025,3700,3995,184492
2017-08-14,3730,3730,3980,3725,3725,110599
2017-08-16,3750,3750,3835,3675,3730,132702
2017-08-17,3875,3875,3910,3705,3790,143198
2017-08-18,3880,3880,3910,3815,3910,47563
2017-08-21,3800,3800,3930,3765,3910,67145
2017-08-22,3745,3745,3850,3735,3850,68352
2017-08-23,3900,3900,4130,3750,3755,210609
2017-08-24,3985,3985,4110,3815,3895,145798
2017-08-25,4030,4030,4145,3990,4000,70655
2017-08-28,3995,3995,4075,3980,4075,50790
2017-08-29,4090,4090,4340,3950,4000,628247
2017-08-30,4345,4345,4385,4040,4090,644995
2017-08-31,4255,4255,4385,4225,4345,114976
2017-09-01,4315,4315,4380,4210,4260,202697
2017-09-04,4200,4200,4260,4100,4105,202220
2017-09-05,4295,4295,4335,4155,4180,206563
2017-09-06,4200,4200,4350,4180,4255,99950
2017-09-07,4115,4115,4255,4060,4200,100416
2017-09-08,3900,3900,4140,3890,4115,96661
2017-09-11,3945,3945,4000,3800,3940,168889
2017-09-12,3940,3940,3980,3820,3950,128806
2017-09-13,3925,3925,3960,3865,3945,60840
2017-09-14,3830,3830,3930,3760,3930,126759
2017-09-15,3810,3810,3855,3775,3810,36471
2017-09-18,3810,3810,3930,3650,3810,99020
2017-09-19,3810,3810,3880,3760,3815,55948
2017-09-20,3805,3805,3870,3715,3870,57591
2017-09-21,3780,3780,3850,3720,3805,57995
2017-09-25,3075,3075,3900,2980,3775,688749
2017-09-26,3075,3075,3075,3075,3075,0
2017-09-27,3170,3170,3220,3050,3145,99311
2017-09-28,3180,3180,3245,3105,3195,48918
2017-09-29,3240,3240,3285,3160,3240,77920
2017-10-10,3220,3220,3330,3155,3240,58400
2017-10-11,3265,3265,3280,3180,3250,33824
2017-10-12,3275,3275,3350,3225,3290,49831
2017-10-13,3130,3130,3350,3110,3275,42040
2017-10-16,3145,3145,3200,3025,3135,40230
2017-10-17,3115,3115,3205,3060,3145,55043
2017-10-18,3070,3070,3140,3050,3050,55989
2017-10-19,3070,3070,3150,3005,3050,42272
2017-10-20,3110,3110,3135,3015,3040,53955
2017-10-23,3105,3105,3220,3080,3115,51720
2017-10-24,3190,3190,3195,3090,3095,61142
2017-10-25,3295,3295,3550,3160,3190,652114
2017-10-26,3215,3215,3315,3210,3275,75126
2017-10-27,3235,3235,3265,3180,3220,67999
2017-10-30,3270,3270,3300,3200,3240,47896
2017-10-31,3275,3275,3290,3225,3250,41146
2017-11-01,3325,3325,3470,3240,3245,418858
2017-11-02,3260,3260,3355,3210,3310,99509
2017-11-03,3165,3165,3260,3140,3235,123485
2017-11-06,3135,3135,3175,3085,3150,55798
2017-11-07,3115,3115,3145,3090,3135,97199
2017-11-08,3215,3215,3220,3130,3150,73668
2017-11-09,3240,3240,3250,3175,3220,58035
2017-11-10,3290,3290,3315,3220,3250,74428
2017-11-13,3290,3290,3340,3250,3340,68343
2017-11-14,3280,3280,3495,3275,3485,235845
2017-11-15,3280,3280,3405,3175,3235,255495
2017-11-16,3350,3350,3395,3260,3280,99425
2017-11-17,3325,3325,3380,3280,3360,127533
2017-11-20,3345,3345,3380,3290,3325,76888
2017-11-21,3435,3435,3600,3330,3330,271835
2017-11-22,3310,3310,3430,3305,3390,95895
2017-11-23,3370,3370,3420,3285,3335,65847
2017-11-24,3345,3345,3415,3320,3330,87043
2017-11-27,3245,3245,3385,3235,3385,69606
2017-11-28,3150,3150,3275,3130,3240,122609
2017-11-29,3040,3040,3150,3000,3130,203196
2017-11-30,3035,3035,3060,3005,3020,95285
2017-12-01,3080,3080,3080,2985,3035,124888
2017-12-04,3055,3055,3170,3020,3075,63104
2017-12-05,3085,3085,3145,3000,3070,83502
2017-12-06,3180,3180,3300,3100,3140,192772
2017-12-07,3200,3200,3440,3145,3195,469205
2017-12-08,3060,3060,3275,3015,3220,172595
2017-12-11,3015,3015,3135,3000,3060,71480
2017-12-12,3010,3010,3040,2960,2960,96576
2017-12-13,3005,3005,3025,2965,3010,48125
2017-12-14,3010,3010,3045,2975,3045,74339
2017-12-15,3000,3000,3035,2975,3015,47580
2017-12-18,3055,3055,3070,2970,2990,159819
2017-12-19,2840,2840,3005,2800,3000,189926
2017-12-21,2680,2680,2820,2675,2700,91482
2017-12-22,2700,2700,2720,2650,2660,114652
2017-12-26,2585,2585,2690,2510,2655,101090
2017-12-27,2595,2595,2670,2575,2585,48899
2017-12-28,2645,2645,2720,2600,2600,67212
2018-01-02,2710,2710,2745,2640,2685,34215
2018-01-03,2730,2730,2750,2690,2710,40883
2018-01-04,2690,2690,2760,2690,2740,71125
2018-01-05,2765,2765,2765,2650,2675,106198
2018-01-08,2740,2740,2795,2700,2750,105484
2018-01-09,2660,2660,2775,2630,2720,55277
2018-01-10,2670,2670,2700,2625,2640,58846
2018-01-11,2725,2725,2730,2655,2655,47095
2018-01-12,2740,2740,2745,2670,2725,62368
2018-01-15,2720,2720,2735,2635,2735,56854
2018-01-16,2700,2700,2705,2610,2705,79208
2018-01-17,2595,2595,2695,2595,2695,86488
2018-01-18,2600,2600,2645,2575,2595,71889
2018-01-19,2625,2625,2640,2585,2585,35223
2018-01-22,2625,2625,2650,2550,2625,44648
2018-01-23,2645,2645,2645,2600,2600,42794
2018-01-24,2690,2690,2705,2625,2645,121772
2018-01-25,3495,3495,3495,2735,2800,4385962
2018-01-26,3645,3645,4070,3505,3800,4476061
2018-01-29,3630,3630,3705,3545,3705,983361
2018-01-30,3425,3425,3645,3425,3610,697555
2018-01-31,3460,3460,3610,3370,3375,814940
2018-02-01,3510,3510,3750,3400,3375,1406085
2018-02-02,3340,3340,3610,3180,3510,537802
2018-02-05,3075,3075,3275,3065,3190,305154
2018-02-06,3120,3120,3120,2890,2925,292199
2018-02-07,2925,2925,3170,2900,3190,409327
2018-02-08,3000,3000,3025,2900,2900,98357
2018-02-09,2935,2935,2955,2860,2890,156501
2018-02-12,2895,2895,2955,2860,2890,121543
2018-02-13,2840,2840,2945,2830,2945,108622
2018-02-14,2810,2810,2850,2750,2815,115532
2018-02-19,3205,3205,3525,2810,2810,4257569
2018-02-20,3055,3055,3280,3050,3230,734986
2018-02-21,3090,3090,3240,3035,3035,616765
2018-02-22,3700,3700,4010,3090,3100,8324460
2018-02-23,3485,3485,3705,3410,3605,1627756
2018-02-26,3570,3570,3570,3400,3480,934046
2018-02-27,4640,4640,4640,3570,3610,16044519
2018-02-28,4510,4510,5320,4405,4860,12006530
2018-03-02,4450,4450,4480,4205,4420,2350653
2018-03-05,4780,4780,5470,4470,4475,15905753
2018-03-06,4340,4340,4680,4260,4630,2763559
2018-03-08,4055,4055,4345,3910,4250,2395948
2018-03-09,4095,4095,4135,3940,4095,1104367
2018-03-12,4130,4130,4190,4040,4085,1142658
2018-03-13,3955,3955,4180,3900,4120,747401
2018-03-14,3985,3985,4060,3890,3900,491919
2018-03-15,4105,4105,4110,3895,4060,716105
2018-03-16,4145,4145,4365,4060,4120,2067981
2018-03-19,3920,3920,4135,3920,4120,445104
2018-03-20,3790,3790,3935,3750,3920,495717
2018-03-21,3625,3625,3905,3600,3800,618813
2018-03-22,3630,3630,3735,3510,3660,418632
2018-03-23,3330,3330,3625,3330,3625,544882
2018-03-26,3545,3545,3545,3355,3360,338733
2018-03-27,3660,3660,3660,3445,3545,345324
2018-03-28,3530,3530,3640,3430,3640,281379
2018-03-29,3605,3605,3690,3400,3400,232038
2018-03-30,3690,3690,3750,3610,3635,240630
2018-04-02,3595,3595,3690,3510,3680,171733
2018-04-03,3645,3645,3645,3410,3520,145906
2018-04-04,3530,3530,3660,3500,3645,145771
2018-04-05,3590,3590,3645,3530,3560,100258
2018-04-06,3670,3670,3675,3560,3580,176281
2018-04-09,3840,3840,3925,3600,3680,833557
2018-04-10,3835,3835,3900,3650,3865,372126
2018-04-11,3785,3785,3910,3700,3905,349346
2018-04-12,3795,3795,3950,3750,3935,354794
2018-04-13,3630,3630,3845,3570,3795,317736
2018-04-16,3700,3700,3700,3595,3635,191153
2018-04-17,3900,3900,4030,3695,3725,917664
2018-04-18,3830,3830,3985,3775,3985,423573
2018-04-19,4110,4110,4210,3780,3830,1802524
2018-04-20,3990,3990,4145,3965,4120,398792
2018-04-23,3835,3835,4030,3780,3980,396803
2018-04-24,3810,3810,3935,3780,3840,251173
2018-04-25,3860,3860,3960,3770,3800,268247
2018-04-26,3760,3760,3950,3760,3860,230347
2018-04-27,3500,3500,3840,3500,3770,460587
2018-04-30,3430,3430,3555,3380,3500,228301
2018-05-02,3405,3405,3430,3200,3390,404208
2018-05-03,3495,3495,3550,3365,3445,265485
2018-05-04,3380,3380,3525,3360,3480,137608
2018-05-08,3205,3205,3430,3205,3385,128448
2018-05-09,3290,3290,3320,3005,3220,102483
2018-05-10,3325,3325,3375,3235,3240,67513
2018-05-11,3430,3430,3435,3310,3310,61807
2018-05-14,3335,3335,3450,3280,3450,69856
2018-05-15,3215,3215,3310,3195,3310,82698
2018-05-16,3095,3095,3200,3025,3165,108022
2018-05-17,3180,3180,3285,3050,3080,58394
2018-05-18,3175,3175,3200,3125,3170,62089
2018-05-21,3200,3200,3225,3100,3225,29724
2018-05-23,3270,3270,3330,3160,3205,93186
2018-05-24,3210,3210,3270,3160,3240,63037
2018-05-25,3075,3075,3200,3075,3200,80843
2018-05-28,3040,3040,3150,2980,3075,81437
2018-05-29,2880,2880,3090,2865,3090,180931
2018-05-30,2880,2880,2925,2825,2870,84852
2018-05-31,2965,2965,2965,2855,2900,54155
2018-06-01,2950,2950,3010,2905,2990,43254
2018-06-04,3020,3020,3135,2950,2955,116941
2018-06-05,3115,3115,3115,2985,3020,60310
2018-06-07,3200,3200,3220,3085,3140,70581
2018-06-08,3130,3130,3215,3100,3200,69935
2018-06-11,3040,3040,3165,3030,3130,18548
2018-06-12,2960,2960,3055,2960,2990,31511
2018-06-14,2910,2910,2995,2865,2970,32296
2018-06-15,2955,2955,3050,2900,2915,36240
2018-06-18,2990,2990,3000,2950,2955,47451
2018-06-19,3040,3040,3220,2990,2990,120310
2018-06-20,3145,3145,3190,2940,2940,90152
2018-06-21,3070,3070,3180,3060,3160,46338
2018-06-22,2995,2995,3100,2970,3040,42718
2018-06-25,2975,2975,3030,2905,2965,69030
2018-06-26,2925,2925,2975,2905,2975,37824
2018-06-27,2935,2935,3000,2900,2900,32906
2018-06-28,2740,2740,2990,2675,2910,147813
2018-06-29,2680,2680,2825,2675,2740,36305
2018-07-02,2610,2610,2765,2585,2700,52702
2018-07-03,2550,2550,2705,2530,2600,36200
2018-07-04,2595,2595,2865,2555,2555,201012
2018-07-05,2525,2525,2735,2515,2605,94860
2018-07-06,2570,2570,2580,2340,2480,84661
2018-07-09,2530,2530,2675,2480,2490,68792
2018-07-10,2695,2695,2760,2520,2530,96033
2018-07-11,2670,2670,2725,2590,2695,61817
2018-07-12,2765,2765,2810,2615,2670,107090
2018-07-13,2780,2780,2835,2665,2835,43013
2018-07-16,2770,2770,2820,2740,2780,33982
2018-07-17,2765,2765,2835,2725,2835,17921
2018-07-18,2650,2650,2810,2650,2765,31010
2018-07-19,2685,2685,2685,2605,2650,161290
2018-07-20,2550,2550,2700,2550,2700,54315
2018-07-23,2370,2370,2560,2335,2550,112883
2018-07-24,2340,2340,2460,2325,2340,39849
2018-07-26,2395,2395,2450,2280,2300,46249
2018-07-27,2430,2430,2465,2395,2395,20002
2018-07-30,2470,2470,2475,2385,2400,21948
2018-07-31,2465,2465,2505,2410,2480,45459
2018-08-01,2495,2495,2500,2420,2465,41241
2018-08-02,2475,2475,2520,2410,2475,36159
2018-08-03,2475,2475,2515,2440,2475,19824
