,Adj Close,Close,High,Low,Open,Volume
2006-11-10,5010,6210,6210,5400,5400,1354800
2006-11-13,5760,7140,7140,6210,7140,1871000
2006-11-14,4897,6070,8120,6070,7290,3250500
2006-11-15,4679,5800,6550,5480,6070,1638500
2006-11-16,5082,6300,6650,5760,5820,2531400
2006-11-17,4647,5760,6420,5760,6130,690500
2006-11-20,4211,5220,5740,5220,5700,459100
2006-11-21,3912,4850,5230,4800,5160,510800
2006-11-22,3912,4850,5130,4805,4945,433500
2006-11-23,3638,4510,4950,4440,4900,421200
2006-11-24,3743,4640,5070,4430,4550,778500
2006-11-27,3594,4455,4730,4450,4700,227100
2006-11-28,3255,4035,4450,4035,4320,241300
2006-11-29,3223,3995,4150,3965,4035,151200
2006-11-30,3085,3825,4090,3755,4030,174200
2006-12-01,3033,3760,3855,3630,3800,179900
2006-12-04,3118,3865,4070,3720,3760,210000
2006-12-05,3089,3830,3980,3765,3885,98200
2006-12-06,2872,3560,3895,3500,3790,142100
2006-12-07,2767,3430,3600,3330,3600,111000
2006-12-08,2904,3600,3910,3365,3500,318500
2006-12-11,2581,3200,3500,3115,3435,1002800
2006-12-12,2452,3040,3255,2975,3210,324500
2006-12-13,2392,2965,3120,2965,3025,279200
2006-12-14,2392,2965,3050,2915,2940,317500
2006-12-15,2561,3175,3350,2965,2965,1159400
2006-12-18,2626,3255,3255,3125,3210,351000
2006-12-19,2642,3275,3490,3225,3265,727800
2006-12-20,2646,3280,3300,3155,3240,238700
2006-12-21,2706,3355,3400,3260,3315,488500
2006-12-22,2501,3100,3355,3100,3285,285100
2006-12-26,2323,2880,3150,2850,3100,302300
2006-12-27,2303,2805,2940,2805,2830,39800
2006-12-28,2381,2900,2935,2780,2785,147200
2007-01-02,2397,2920,2950,2865,2875,121700
2007-01-03,2294,2795,2980,2785,2915,181600
2007-01-04,2278,2775,2865,2740,2800,120300
2007-01-05,2286,2785,2840,2665,2840,202200
2007-01-08,2315,2820,2835,2730,2775,105100
2007-01-09,2660,3240,3240,2840,2840,1473400
2007-01-10,2709,3300,3435,3115,3350,904900
2007-01-11,2688,3275,3745,3115,3355,2850700
2007-01-12,2840,3460,3670,3230,3285,1686500
2007-01-15,2627,3200,3610,3200,3530,733900
2007-01-16,2684,3270,3275,3100,3205,515400
2007-01-17,2775,3380,3430,3140,3300,663300
2007-01-18,3013,3670,3850,3465,3480,2803100
2007-01-19,2807,3420,3645,3400,3570,495300
2007-01-22,2664,3245,3380,3145,3370,568600
2007-01-23,2610,3180,3375,3160,3160,493200
2007-01-24,2750,3350,3350,3160,3185,693400
2007-01-25,2816,3430,3430,3260,3350,489900
2007-01-26,2709,3300,3380,3275,3350,297900
2007-01-29,2873,3500,3530,3300,3320,513400
2007-01-30,2849,3470,3740,3465,3495,1031100
2007-01-31,2721,3315,3540,3300,3500,367900
2007-02-01,2922,3560,3560,3325,3370,618800
2007-02-02,3000,3655,3720,3520,3615,1029100
2007-02-05,3091,3765,3795,3570,3640,820500
2007-02-06,3087,3760,3920,3700,3815,612500
2007-02-07,2996,3650,3800,3560,3750,391400
2007-02-08,3226,3930,3930,3690,3690,920000
2007-02-09,3284,4000,4040,3830,4010,794300
2007-02-12,3448,4200,4200,3870,3990,564100
2007-02-13,3169,3860,4320,3860,4150,783800
2007-02-14,3193,3890,3950,3780,3875,405200
2007-02-15,3054,3720,3940,3700,3940,440700
2007-02-16,3181,3875,3875,3640,3705,435300
2007-02-20,3390,4130,4200,3840,3880,1088300
2007-02-21,3530,4300,4310,4070,4130,931900
2007-02-22,3394,4135,4350,4080,4350,564200
2007-02-23,3308,4030,4250,3950,4090,390000
2007-02-26,3645,4440,4440,3950,3975,485800
2007-02-27,3448,4200,4500,4200,4490,497600
2007-02-28,3308,4030,4040,3730,3800,402200
2007-03-05,2873,3500,4110,3500,3930,822000
2007-03-06,2914,3550,3650,3415,3510,337900
2007-03-07,2996,3650,3710,3555,3630,326800
2007-03-08,2898,3530,3645,3520,3645,217700
2007-03-09,3046,3710,3710,3520,3580,280600
2007-03-12,3037,3700,3790,3665,3790,276800
2007-03-13,2918,3555,3745,3550,3745,208100
2007-03-14,2766,3370,3490,3355,3490,259500
2007-03-15,2746,3345,3440,3315,3400,244300
2007-03-16,2746,3345,3400,3275,3330,221500
2007-03-19,2865,3490,3530,3320,3345,244600
2007-03-20,2918,3555,3555,3450,3550,215400
2007-03-21,2857,3480,3595,3445,3585,142900
2007-03-22,3005,3660,3900,3450,3500,423100
2007-03-23,3009,3665,3745,3545,3700,271100
2007-03-26,3161,3850,4000,3700,3700,620300
2007-03-27,3152,3840,3925,3730,3915,245700
2007-03-28,3013,3670,3885,3630,3840,247600
2007-03-29,3046,3710,3730,3600,3625,131800
2007-03-30,3013,3670,3770,3615,3765,152100
2007-04-02,3226,3930,3965,3650,3650,609300
2007-04-03,3173,3865,4180,3795,3980,828900
2007-04-04,3358,4090,4125,3880,3950,496100
2007-04-05,3267,3980,4085,3920,4080,252200
2007-04-06,3234,3940,4000,3865,3950,177500
2007-04-09,3210,3910,4160,3890,3970,264500
2007-04-10,3136,3820,3940,3765,3910,191000
2007-04-11,3161,3850,3930,3825,3840,175500
2007-04-12,3189,3885,3890,3815,3830,146900
2007-04-13,3243,3950,4080,3915,3965,463300
2007-04-16,3366,4100,4100,3950,3950,352700
2007-04-17,3234,3940,4115,3850,4070,242800
2007-04-18,3185,3880,4020,3860,3940,185100
2007-04-19,3041,3705,3940,3695,3880,203700
2007-04-20,3021,3680,3760,3630,3700,247700
2007-04-23,3013,3670,3755,3635,3720,167400
2007-04-24,2927,3565,3710,3565,3650,176000
2007-04-25,2807,3420,3565,3420,3545,158100
2007-04-26,2947,3590,3760,3420,3430,468200
2007-04-27,2807,3420,3665,3410,3625,155100
2007-04-30,2824,3440,3490,3385,3420,80300
2007-05-02,2816,3430,3490,3410,3420,82100
2007-05-03,2918,3555,3600,3440,3440,130700
2007-05-04,2943,3585,3670,3510,3570,89900
2007-05-07,2968,3615,3640,3540,3610,61800
2007-05-08,2922,3560,3690,3505,3670,95500
2007-05-09,2865,3490,3560,3430,3525,58100
2007-05-10,2844,3465,3515,3400,3455,71800
2007-05-11,2762,3365,3465,3355,3465,65400
2007-05-14,2771,3375,3475,3350,3365,50200
2007-05-15,2783,3390,3440,3360,3400,35400
2007-05-16,2688,3275,3430,3270,3390,115200
2007-05-17,2680,3265,3300,3200,3275,75500
2007-05-18,2656,3235,3250,3185,3250,86500
2007-05-21,2742,3340,3350,3160,3230,97400
2007-05-22,2742,3340,3485,3280,3350,78800
2007-05-23,2717,3310,3395,3290,3355,45200
2007-05-25,2738,3335,3370,3270,3300,36700
2007-05-28,2812,3425,3445,3310,3335,55500
2007-05-29,3230,3935,3935,3540,3600,994800
2007-05-30,3366,4100,4400,3935,4010,1448100
2007-05-31,3284,4000,4220,3965,4170,563600
2007-06-01,3087,3760,4070,3750,4050,411000
2007-06-04,3083,3755,3900,3670,3810,331500
2007-06-05,3078,3750,3930,3600,3760,386700
2007-06-07,3161,3850,3925,3710,3750,250200
2007-06-08,3037,3700,3890,3575,3850,375400
2007-06-11,3083,3755,3865,3645,3710,340600
2007-06-12,3177,3870,4130,3810,3810,920200
2007-06-13,3091,3765,3870,3750,3870,275800
2007-06-14,3263,3975,4000,3715,3840,349100
2007-06-15,3312,4035,4240,3980,3980,580600
2007-06-18,3448,4200,4360,4050,4085,429700
2007-06-19,3317,4040,4230,3970,4230,360300
2007-06-20,3140,3825,4130,3825,4130,281900
2007-06-21,3202,3900,3970,3715,3800,157500
2007-06-22,3206,3905,3960,3850,3940,186000
2007-06-25,3095,3770,3895,3750,3895,121400
2007-06-26,2988,3640,3840,3610,3760,121700
2007-06-27,2873,3500,3665,3460,3665,76400
2007-06-28,2906,3540,3585,3500,3505,45300
2007-06-29,2910,3545,3620,3540,3560,39400
2007-07-02,2955,3600,3675,3550,3550,60100
2007-07-03,2959,3605,3685,3600,3620,85500
2007-07-04,2914,3550,3650,3500,3615,141300
2007-07-05,2861,3485,3590,3475,3550,84000
2007-07-06,2861,3485,3485,3400,3485,53500
2007-07-09,2906,3540,3560,3490,3490,40400
2007-07-10,2906,3540,3565,3465,3530,65200
2007-07-11,2898,3530,3540,3470,3540,53500
2007-07-12,3111,3790,3800,3495,3495,187200
2007-07-13,3041,3705,3860,3670,3800,76100
2007-07-16,2951,3595,3765,3550,3765,56500
2007-07-18,2861,3485,3655,3060,3655,76400
2007-07-19,2873,3500,3590,3445,3510,76900
2007-07-20,2824,3440,3500,3420,3500,59900
2007-07-23,2857,3480,3500,3445,3445,24400
2007-07-24,2807,3420,3500,3405,3410,75900
2007-07-25,2849,3470,3500,3440,3450,58900
2007-07-26,2849,3470,3580,3450,3500,75700
2007-07-27,2746,3345,3440,3280,3400,108700
2007-07-30,2693,3280,3360,3235,3300,45700
2007-07-31,2721,3315,3375,3250,3265,87400
2007-08-01,2680,3265,3315,3250,3270,39900
2007-08-02,2627,3200,3310,3180,3310,63900
2007-08-03,2660,3240,3300,3190,3200,45700
2007-08-06,2660,3240,3260,3180,3200,27000
2007-08-07,2717,3310,3380,3265,3270,28800
2007-08-08,2844,3465,3485,3320,3360,58100
2007-08-09,2824,3440,3470,3400,3470,31300
2007-08-10,2688,3275,3425,3240,3240,44600
2007-08-14,2545,3100,3290,3060,3235,73600
2007-08-16,2179,2655,3000,2635,3000,100700
2007-08-17,2134,2600,2690,2455,2520,103000
2007-08-20,2241,2730,2800,2650,2650,62800
2007-08-21,2298,2800,2870,2700,2790,50400
2007-08-22,2364,2880,2935,2775,2775,32400
2007-08-23,2405,2930,3000,2870,2900,34200
2007-08-24,2307,2810,2930,2795,2875,32100
2007-08-27,2335,2845,2945,2840,2850,24000
2007-08-28,2344,2855,2920,2810,2845,19200
2007-08-29,2315,2820,2855,2740,2855,29600
2007-08-30,2364,2880,2940,2830,2900,25300
2007-08-31,2368,2885,2950,2805,2950,38100
2007-09-03,2397,2920,2945,2880,2885,39100
2007-09-04,2356,2870,2950,2860,2890,22700
2007-09-05,2319,2825,2935,2825,2935,20500
2007-09-06,2319,2825,2860,2770,2800,16600
2007-09-07,2339,2850,2900,2800,2900,18500
2007-09-10,2298,2800,2845,2715,2795,13200
2007-09-11,2266,2760,2840,2675,2760,80300
2007-09-12,2245,2735,2820,2700,2820,28700
2007-09-13,2225,2710,2740,2645,2700,42800
2007-09-14,2249,2740,2750,2675,2675,33400
2007-09-17,2216,2700,2785,2690,2745,44900
2007-09-18,2200,2680,2720,2630,2700,48100
2007-09-19,2142,2610,2710,2610,2700,56000
2007-09-20,2126,2590,2665,2590,2665,32600
2007-09-21,2171,2645,2650,2590,2590,26300
2007-09-27,2151,2620,2685,2600,2685,24700
2007-09-28,2171,2645,2670,2560,2670,30200
2007-10-01,2138,2605,2660,2580,2630,40000
2007-10-02,2126,2590,2635,2455,2605,62600
2007-10-04,2110,2570,2615,2550,2565,22800
2007-10-05,2052,2500,2570,2465,2570,71300
2007-10-08,2023,2465,2550,2450,2520,45600
2007-10-09,2007,2445,2500,2445,2445,31100
2007-10-10,2126,2590,2590,2445,2445,45100
2007-10-11,2069,2520,2575,2490,2520,13800
2007-10-12,2376,2895,2895,2570,2575,530000
2007-10-15,2241,2730,3090,2710,3090,669000
2007-10-16,2479,3020,3125,2745,2770,999400
2007-10-17,2348,2860,3095,2815,3060,273500
2007-10-18,2200,2680,2970,2660,2940,399800
2007-10-19,2192,2670,2790,2510,2620,272300
2007-10-22,2019,2460,2600,2375,2430,169200
2007-10-23,2003,2440,2540,2410,2505,131800
2007-10-24,1921,2340,2520,2280,2450,140300
2007-10-25,1830,2230,2360,2230,2360,164300
2007-10-26,1826,2225,2295,2200,2205,111000
2007-10-29,1896,2310,2320,2230,2260,117400
2007-10-30,1888,2300,2345,2260,2345,72300
2007-10-31,1892,2305,2330,2265,2330,34800
2007-11-01,1826,2225,2305,2210,2305,93100
2007-11-02,1752,2135,2200,2120,2200,74400
2007-11-05,1757,2140,2215,2110,2140,40800
2007-11-06,1822,2220,2250,2130,2195,38100
2007-11-07,1769,2155,2240,2140,2240,35900
2007-11-08,1777,2165,2170,2100,2110,31200
2007-11-09,1810,2205,2240,2140,2190,19700
2007-11-12,1777,2165,2230,2150,2150,39500
2007-11-13,1806,2200,2230,2155,2210,13300
2007-11-14,1818,2215,2250,2200,2200,19200
2007-11-15,1781,2170,2240,1900,2220,72500
2007-11-16,1773,2160,2170,2070,2150,22800
2007-11-19,1732,2110,2190,2065,2190,40200
2007-11-20,1711,2085,2130,2000,2100,36200
2007-11-21,1670,2035,2130,2025,2130,28900
2007-11-22,1642,2000,2060,1920,2030,64500
2007-11-23,1584,1930,2065,1870,1980,38300
2007-11-26,1584,1930,1975,1900,1935,15400
2007-11-27,1559,1900,1930,1830,1930,28300
2007-11-28,1518,1850,1935,1835,1900,33900
2007-11-29,1564,1905,1940,1850,1880,37600
2007-11-30,1609,1960,1960,1865,1865,75000
2007-12-03,1621,1975,1975,1915,1975,22100
2007-12-04,1658,2020,2030,1960,1975,35500
2007-12-05,1625,1980,2030,1950,2020,25900
2007-12-06,1642,2000,2010,1950,1980,19200
2007-12-07,1637,1995,2020,1950,2010,23500
2007-12-10,1613,1965,2020,1945,1965,19000
2007-12-11,1576,1920,1995,1900,1995,37700
2007-12-12,1559,1900,1930,1845,1920,20400
2007-12-13,1568,1910,1930,1850,1900,17600
2007-12-14,1584,1930,1980,1900,1910,18600
2007-12-17,1584,1930,1970,1900,1900,11800
2007-12-18,1617,1970,1980,1915,1915,22700
2007-12-20,1674,2040,2040,1940,1960,36800
2007-12-21,1617,1970,2050,1970,2050,30700
2007-12-24,1609,1960,2000,1945,2000,7400
2007-12-26,1605,1955,2000,1950,1960,21200
2007-12-27,1647,1955,1975,1930,1960,23600
2007-12-28,1630,1935,1955,1915,1940,11559
2008-01-02,1630,1935,1960,1915,1955,40415
2008-01-03,1609,1910,1970,1890,1920,37172
2008-01-04,1651,1960,1970,1900,1970,21125
2008-01-07,1605,1905,1955,1875,1905,17992
2008-01-08,1600,1900,1945,1840,1840,6050
2008-01-09,1841,2185,2185,1880,1900,148282
2008-01-10,1980,2350,2500,2300,2305,530030
2008-01-11,1807,2145,2420,2145,2380,153334
2008-01-14,1765,2095,2190,2035,2145,93448
2008-01-15,2026,2405,2405,2085,2135,740884
2008-01-16,1752,2080,2590,2045,2470,1338174
2008-01-17,1937,2300,2300,2080,2130,408464
2008-01-18,2228,2645,2645,2185,2240,676719
2008-01-21,2178,2585,2880,2415,2780,1010416
2008-01-22,1912,2270,2860,2200,2600,2187297
2008-01-23,1937,2300,2490,2285,2380,393065
2008-01-24,2123,2520,2645,2355,2355,939928
2008-01-25,2131,2530,2600,2425,2600,317037
2008-01-28,2022,2400,2650,2375,2560,257777
2008-01-29,1878,2230,2505,2230,2405,231378
2008-01-30,1849,2195,2300,2125,2300,150854
2008-01-31,1853,2200,2290,2145,2145,96495
2008-02-01,1887,2240,2300,2165,2240,87059
2008-02-04,1790,2125,2270,2100,2240,148661
2008-02-05,1824,2165,2175,2085,2125,79641
2008-02-11,1735,2060,2155,2060,2115,53409
2008-02-12,1718,2040,2105,1990,2075,89153
2008-02-13,1744,2070,2085,2025,2050,80398
2008-02-14,1765,2095,2165,2060,2085,83155
2008-02-15,1794,2130,2150,2070,2115,51789
2008-02-18,1807,2145,2180,2120,2145,36182
2008-02-19,1794,2130,2170,2115,2145,54727
2008-02-20,1744,2070,2130,2020,2120,147380
2008-02-21,1702,2020,2090,2020,2070,63370
2008-02-22,1731,2055,2055,1985,2020,52161
2008-02-25,1731,2055,2080,2030,2030,28740
2008-02-26,1697,2015,2070,2010,2055,37522
2008-02-27,1685,2000,2025,1955,2010,46464
2008-02-28,1735,2060,2065,1990,2000,69103
2008-02-29,1752,2080,2090,2005,2045,72242
2008-03-03,1744,2070,2075,2015,2020,20227
2008-03-04,1718,2040,2080,2030,2060,44434
2008-03-05,1718,2040,2055,2010,2040,62167
2008-03-06,1714,2035,2050,2015,2050,29036
2008-03-07,1718,2040,2050,2010,2025,31370
2008-03-10,1600,1900,2035,1900,2035,93280
2008-03-11,1621,1925,1980,1865,1890,29302
2008-03-12,1634,1940,1950,1915,1940,54429
2008-03-13,1626,1930,1950,1910,1910,39762
2008-03-14,1626,1930,1970,1910,1920,19838
2008-03-17,1626,1930,1960,1815,1960,22464
2008-03-18,1554,1845,1930,1835,1890,21910
2008-03-19,1592,1890,1890,1850,1860,20832
2008-03-20,1575,1870,1895,1850,1895,9540
2008-03-21,1567,1860,1890,1815,1890,45344
2008-03-24,1558,1850,1865,1830,1865,46484
2008-03-25,1575,1870,1900,1850,1850,16362
2008-03-26,1563,1855,1890,1850,1870,20932
2008-03-27,1563,1855,1890,1850,1860,8080
2008-03-28,1579,1875,1900,1835,1845,27023
2008-03-31,1558,1850,1890,1850,1865,27929
2008-04-01,1575,1870,1900,1840,1845,21832
2008-04-02,1584,1880,1930,1860,1860,40852
2008-04-03,1596,1895,1915,1875,1880,15921
2008-04-04,1702,2020,2145,1885,1885,193240
2008-04-07,1685,2000,2070,1955,2020,42654
2008-04-08,1630,1935,2025,1935,1980,35179
2008-04-10,1634,1940,1970,1920,1955,8832
2008-04-11,1748,2075,2200,1920,1970,262477
2008-04-14,1739,2065,2090,2010,2045,48548
2008-04-15,1731,2055,2235,2055,2075,125920
2008-04-16,1689,2005,2110,1980,2060,38374
2008-04-17,1727,2050,2065,2015,2020,28682
2008-04-18,1748,2075,2165,2040,2040,56486
2008-04-21,1756,2085,2125,2045,2090,30868
2008-04-22,1710,2030,2090,2010,2065,41560
2008-04-23,1723,2045,2095,1955,1955,22465
2008-04-24,1672,1985,2085,1985,2070,26850
2008-04-25,1676,1990,2080,1985,2020,34441
2008-04-28,1680,1995,2030,1950,1990,14081
2008-04-29,1680,1995,2000,1970,1995,14049
2008-04-30,1693,2010,2040,1965,2000,18755
2008-05-02,1693,2010,2020,1980,2020,36733
2008-05-06,1723,2045,2045,1980,2010,41733
2008-05-07,1744,2070,2160,2040,2045,149865
2008-05-08,1739,2065,2075,2020,2050,41790
2008-05-09,1815,2155,2200,2065,2095,178920
2008-05-13,1744,2070,2190,2070,2190,56561
2008-05-14,1710,2030,2090,2030,2080,30207
2008-05-15,1744,2070,2080,2000,2030,53814
2008-05-16,1702,2020,2080,1985,2055,70863
2008-05-19,1685,2000,2030,1975,2000,34258
2008-05-20,1647,1955,2010,1925,2000,80381
2008-05-21,1626,1930,1940,1890,1920,26835
2008-05-22,1617,1920,1935,1880,1930,26008
2008-05-23,1596,1895,1935,1865,1935,15600
2008-05-26,1588,1885,1925,1850,1870,10373
2008-05-27,1596,1895,1915,1860,1900,12559
2008-05-28,1575,1870,1950,1870,1930,27421
2008-05-29,1579,1875,1930,1875,1875,16088
2008-05-30,1605,1905,1920,1875,1920,17867
2008-06-02,1600,1900,1935,1880,1935,11088
2008-06-03,1613,1915,1930,1880,1930,13590
2008-06-04,1600,1900,1945,1865,1945,16851
2008-06-05,1605,1905,1950,1880,1900,9046
2008-06-09,1554,1845,1890,1800,1890,54551
2008-06-10,1474,1750,1860,1745,1820,48422
2008-06-11,1487,1765,1790,1735,1745,18339
2008-06-12,1390,1650,1765,1650,1765,39123
2008-06-13,1432,1700,1700,1650,1690,34553
2008-06-16,1445,1715,1740,1680,1740,21260
2008-06-17,1445,1715,1720,1680,1690,18494
2008-06-18,1411,1675,1715,1670,1680,16125
2008-06-19,1407,1670,1700,1650,1700,10298
2008-06-20,1423,1690,1730,1660,1675,10663
2008-06-23,1445,1715,1730,1670,1670,4374
2008-06-24,1423,1690,1730,1670,1700,4370
2008-06-25,1415,1680,1725,1650,1675,34553
2008-06-26,1449,1720,1730,1645,1680,47554
2008-06-27,1428,1695,1705,1660,1705,8126
2008-06-30,1428,1695,1695,1650,1695,25964
2008-07-01,1449,1720,1720,1655,1685,55824
2008-07-02,1339,1590,1695,1590,1695,53554
2008-07-03,1306,1550,1580,1480,1560,34015
2008-07-04,1247,1480,1565,1480,1565,16671
2008-07-07,1242,1475,1520,1460,1520,11734
2008-07-08,1196,1420,1500,1400,1500,23975
2008-07-09,1204,1430,1455,1420,1430,5567
2008-07-10,1221,1450,1470,1385,1420,9568
2008-07-11,1238,1470,1500,1400,1400,23128
2008-07-14,1234,1465,1495,1440,1495,6844
2008-07-15,1183,1405,1500,1395,1500,10527
2008-07-16,1196,1420,1445,1390,1445,11605
2008-07-17,1276,1515,1520,1440,1440,44771
2008-07-18,1213,1440,1575,1435,1550,100273
2008-07-21,1209,1435,1490,1415,1450,21137
2008-07-22,1200,1425,1465,1410,1435,9425
2008-07-23,1221,1450,1460,1430,1460,8126
2008-07-24,1238,1470,1480,1450,1460,7398
2008-07-25,1225,1455,1475,1415,1455,6630
2008-07-28,1221,1450,1485,1450,1470,7132
2008-07-29,1179,1400,1450,1385,1445,16100
2008-07-30,1204,1430,1435,1415,1420,12000
2008-07-31,1213,1440,1450,1425,1430,3000
2008-08-01,1200,1425,1470,1405,1450,14900
2008-08-04,1179,1400,1445,1390,1445,16600
2008-08-05,1183,1405,1430,1385,1430,7400
2008-08-06,1200,1425,1430,1400,1415,14700
2008-08-07,1192,1415,1435,1400,1435,6900
2008-08-08,1221,1450,1480,1400,1420,12000
2008-08-11,1268,1505,1600,1425,1460,172300
2008-08-12,1268,1505,1580,1485,1540,40700
2008-08-13,1217,1445,1500,1420,1500,63000
2008-08-14,1225,1455,1455,1420,1425,22200
2008-08-18,1209,1435,1460,1410,1455,20409
2008-08-19,1192,1415,1515,1365,1515,44047
2008-08-20,1150,1365,1410,1350,1390,11814
2008-08-21,1074,1275,1365,1275,1365,38802
2008-08-22,1015,1205,1285,1125,1270,28146
2008-08-25,1011,1200,1235,1150,1205,25727
2008-08-26,956,1135,1180,1050,1175,48608
2008-08-27,926,1100,1135,1075,1135,30391
2008-08-28,939,1115,1115,1070,1080,11982
2008-08-29,943,1120,1130,1090,1110,11476
2008-09-01,893,1060,1155,1040,1125,9624
2008-09-02,855,1015,1060,965,1010,83327
2008-09-03,851,1010,1045,985,1020,28929
2008-09-04,867,1030,1045,985,1020,22024
2008-09-05,867,1030,1030,980,995,37459
2008-09-08,922,1095,1110,1030,1030,39247
2008-09-09,905,1075,1095,1045,1085,41859
2008-09-10,905,1075,1080,1050,1050,8207
2008-09-11,926,1100,1120,1070,1070,26691
2008-09-12,947,1125,1125,1100,1110,9190
2008-09-16,872,1035,1075,1000,1020,20552
2008-09-17,884,1050,1085,1020,1020,40164
2008-09-18,851,1010,1050,990,1040,31383
2008-09-19,859,1020,1060,1020,1060,13829
2008-09-22,905,1075,1080,1020,1045,16818
2008-09-23,901,1070,1090,1025,1040,19437
2008-09-24,909,1080,1085,1030,1070,18257
2008-09-25,893,1060,1070,1030,1065,18135
2008-09-26,888,1055,1085,1035,1060,12990
2008-09-29,846,1005,1080,995,1070,32870
2008-09-30,851,1010,1010,950,970,13838
2008-10-01,851,1010,1030,980,1010,23642
2008-10-02,851,1010,1020,975,1000,12638
2008-10-06,800,950,995,930,995,14734
2008-10-07,783,930,950,870,910,23658
2008-10-08,686,815,915,795,915,28413
2008-10-09,682,810,860,785,800,20588
2008-10-10,640,760,800,695,795,18823
2008-10-13,678,805,805,745,760,19702
2008-10-14,737,875,900,815,845,48051
2008-10-15,733,870,870,850,865,11116
2008-10-16,686,815,845,760,800,10026
2008-10-17,661,785,820,745,820,19995
2008-10-20,657,780,800,750,800,14922
2008-10-21,665,790,810,755,800,11937
2008-10-22,636,755,775,705,770,16398
2008-10-23,556,660,705,650,705,10404
2008-10-24,476,565,680,565,680,29709
2008-10-27,450,535,600,485,485,45038
2008-10-28,505,600,610,475,475,12300
2008-10-29,488,580,650,580,595,45449
2008-10-30,560,665,665,585,600,46709
2008-10-31,606,720,740,640,665,15302
2008-11-03,627,745,745,700,720,8991
2008-11-04,627,745,765,720,740,11306
2008-11-05,644,765,800,730,745,74836
2008-11-06,615,730,740,680,740,31875
2008-11-07,577,685,700,640,685,25094
2008-11-10,585,695,710,675,685,5322
2008-11-11,581,690,695,670,690,4745
2008-11-12,560,665,725,660,680,5624
2008-11-13,535,635,690,590,600,10742
2008-11-14,522,620,670,600,670,14040
2008-11-17,535,635,635,620,620,2461
2008-11-18,522,620,640,600,630,3477
2008-11-19,522,620,625,590,625,5367
2008-11-20,450,535,620,535,620,25458
2008-11-21,492,585,585,495,495,35074
2008-11-24,454,540,580,540,580,6064
2008-11-25,459,545,600,530,600,8087
2008-11-26,484,575,600,530,550,13434
2008-11-27,480,570,615,550,570,19927
2008-11-28,497,590,610,530,570,38445
2008-12-01,476,565,625,565,625,14310
2008-12-02,471,560,565,530,565,1860
2008-12-03,442,525,590,525,575,38365
2008-12-04,425,505,555,495,525,41600
2008-12-05,433,515,535,500,500,15394
2008-12-08,459,545,550,510,515,7980
2008-12-09,442,525,545,520,535,25977
2008-12-10,450,535,565,520,520,32412
2008-12-11,488,580,595,540,540,61053
2008-12-12,463,550,595,550,575,11597
2008-12-15,488,580,595,560,570,28139
2008-12-16,501,595,595,555,575,22176
2008-12-17,505,600,615,585,585,15590
2008-12-18,522,620,630,590,600,18627
2008-12-19,501,595,620,550,620,22528
2008-12-22,513,610,620,585,600,8431
2008-12-23,505,600,605,570,575,44141
2008-12-24,501,595,610,575,595,90432
2008-12-26,509,605,605,580,600,28538
2008-12-29,505,600,610,570,610,7681
2008-12-30,501,595,605,570,605,3631
2009-01-02,518,615,650,590,595,8064
2009-01-05,501,595,615,585,615,39644
2009-01-06,513,610,640,590,595,64406
2009-01-07,547,650,655,610,610,36393
2009-01-08,539,640,650,610,640,12484
2009-01-09,556,660,660,620,630,5835
2009-01-12,564,670,690,640,660,12182
2009-01-13,560,665,680,645,680,13034
2009-01-14,539,640,665,600,650,11761
2009-01-15,509,605,650,595,625,14162
2009-01-16,518,615,620,570,605,974
2009-01-19,522,620,650,585,605,13235
2009-01-20,530,630,650,605,625,16309
2009-01-21,539,640,690,600,610,16679
2009-01-22,547,650,665,630,650,24719
2009-01-23,556,660,665,630,660,12719
2009-01-28,615,730,730,665,670,23160
2009-01-29,598,710,780,695,735,59737
2009-01-30,594,705,730,670,690,21827
2009-02-02,594,705,745,680,725,2506
2009-02-03,594,705,720,680,680,25194
2009-02-04,674,800,800,700,715,60896
2009-02-05,657,780,830,760,775,43553
2009-02-06,741,880,880,780,795,32212
2009-02-09,720,855,890,830,880,67338
2009-02-10,711,845,880,820,855,19132
2009-02-11,682,810,815,780,800,7005
2009-02-12,686,815,835,800,810,7281
2009-02-13,716,850,880,815,825,13779
2009-02-16,720,855,875,825,840,19647
2009-02-17,678,805,855,780,835,32105
2009-02-18,623,740,925,740,785,274036
2009-02-19,619,735,750,700,750,26005
2009-02-20,526,625,735,625,735,133494
2009-02-23,530,630,635,595,595,22732
2009-02-24,526,625,650,590,650,2788
2009-02-25,513,610,640,575,615,25220
2009-02-26,505,600,630,580,630,23529
2009-02-27,522,620,640,600,640,43980
2009-03-02,488,580,610,580,610,39277
2009-03-03,497,590,600,560,580,9145
2009-03-04,513,610,610,580,600,1446
2009-03-05,513,610,615,595,610,4671
2009-03-06,505,600,605,580,595,5012
2009-03-09,518,615,650,595,595,3065
2009-03-10,535,635,675,605,605,121916
2009-03-11,577,685,730,635,635,277560
2009-03-12,581,690,715,660,685,25317
2009-03-13,598,710,735,690,690,36955
2009-03-16,623,740,760,675,700,20689
2009-03-17,619,735,765,710,765,38433
2009-03-18,665,790,810,715,715,101986
2009-03-19,674,800,810,765,780,35083
2009-03-20,669,795,815,770,780,31336
2009-03-23,665,790,820,770,770,818
2009-03-24,669,795,815,775,815,2173
2009-03-25,661,785,820,760,795,10040
2009-03-26,669,795,800,755,790,9777
2009-03-27,669,795,840,770,800,10999
2009-03-30,606,720,795,720,785,30672
2009-03-31,606,720,755,715,755,16765
2009-04-01,627,745,790,725,730,19873
2009-04-02,690,820,835,745,745,16763
2009-04-03,690,820,830,795,800,16829
2009-04-06,690,820,840,800,840,35394
2009-04-07,699,830,840,815,830,11004
2009-04-08,716,850,935,800,830,35335
2009-04-09,758,900,950,840,895,29427
2009-04-10,783,930,935,880,935,32424
2009-04-13,770,915,945,900,925,7358
2009-04-14,800,950,985,915,915,11853
2009-04-15,808,960,970,920,920,7095
2009-04-16,817,970,985,935,935,22099
2009-04-17,808,960,990,915,975,28005
2009-04-20,766,910,970,900,900,6970
2009-04-21,787,935,940,880,900,17737
2009-04-22,825,980,980,925,945,37471
2009-04-23,834,990,1000,940,1000,3874
2009-04-24,834,990,1000,960,990,11246
2009-04-27,935,1110,1135,990,990,77229
2009-04-28,846,1005,1130,1005,1105,16770
2009-04-29,863,1025,1050,925,1050,17134
2009-04-30,842,1000,1090,1000,1050,30962
2009-05-04,842,1000,1005,980,1000,16777
2009-05-06,859,1020,1025,985,1000,6225
2009-05-07,842,1000,1030,960,1020,10586
2009-05-08,880,1045,1050,960,1005,22027
2009-05-11,884,1050,1065,1010,1050,26493
2009-05-12,888,1055,1090,1020,1090,3224
2009-05-13,918,1090,1100,1020,1030,33238
2009-05-14,914,1085,1100,1050,1080,10030
2009-05-15,918,1090,1100,1060,1100,4457
2009-05-18,909,1080,1090,1010,1090,8179
2009-05-19,968,1150,1160,1050,1055,21027
2009-05-20,939,1115,1190,1070,1140,16252
2009-05-21,872,1035,1100,1010,1100,47206
2009-05-22,872,1035,1040,970,1035,19235
2009-05-25,851,1010,1035,970,1035,21024
2009-05-26,842,1000,1045,950,1025,22884
2009-05-27,842,1000,1000,930,955,70388
2009-05-28,851,1010,1010,940,995,18164
2009-05-29,855,1015,1020,970,1005,8187
2009-06-01,859,1020,1025,1000,1000,5198
2009-06-02,876,1040,1060,1005,1020,13297
2009-06-03,880,1045,1050,1020,1050,1724
2009-06-04,884,1050,1060,1020,1060,2302
2009-06-05,888,1055,1060,1020,1020,762
2009-06-08,876,1040,1055,1020,1035,4129
2009-06-09,859,1020,1045,980,1000,12855
2009-06-10,842,1000,1050,960,1010,4832
2009-06-11,851,1010,1020,960,1020,195
2009-06-12,851,1010,1030,970,1010,731
2009-06-15,846,1005,1010,960,960,29
2009-06-16,855,1015,1050,955,1050,535
2009-06-17,842,1000,1025,950,1005,4973
2009-06-18,825,980,1005,965,1005,5278
2009-06-19,825,980,990,960,980,7721
2009-06-22,867,1030,1030,980,980,12562
2009-06-23,876,1040,1070,990,1000,8397
2009-06-24,876,1040,1070,1010,1010,683
2009-06-25,893,1060,1085,1030,1040,30701
2009-06-26,901,1070,1145,1040,1060,22241
2009-06-29,901,1070,1080,1035,1035,11404
2009-06-30,897,1065,1085,1030,1050,8983
2009-07-01,922,1095,1100,1035,1050,16860
2009-07-02,926,1100,1100,1065,1070,18432
2009-07-03,931,1105,1115,1055,1100,26906
2009-07-06,943,1120,1145,1100,1110,11625
2009-07-07,905,1075,1140,1060,1140,8014
2009-07-08,914,1085,1095,1045,1065,5268
2009-07-09,884,1050,1140,1030,1090,19878
2009-07-10,901,1070,1080,1025,1080,3365
2009-07-13,884,1050,1060,1005,1040,6418
2009-07-14,867,1030,1050,985,1050,2888
2009-07-15,867,1030,1050,990,1040,3451
2009-07-16,842,1000,1025,970,1020,23421
2009-07-17,829,985,1000,965,995,17596
2009-07-20,893,1060,1080,975,995,15828
2009-07-21,880,1045,1050,995,1010,29999
2009-07-22,926,1100,1135,1015,1050,19937
2009-07-23,893,1060,1150,1035,1035,31906
2009-07-24,893,1060,1095,1050,1065,29120
2009-07-27,1023,1215,1215,1075,1090,136790
2009-07-28,1036,1230,1360,1200,1335,197133
2009-07-29,985,1170,1250,1170,1250,47658
2009-07-30,968,1150,1230,1120,1170,45925
2009-07-31,994,1180,1210,1130,1170,26762
2009-08-03,1011,1200,1250,1155,1195,30971
2009-08-04,1019,1210,1250,1170,1170,5971
2009-08-05,1023,1215,1215,1155,1210,23773
2009-08-06,1036,1230,1240,1180,1215,23422
2009-08-07,1011,1200,1235,1200,1235,10824
2009-08-10,1027,1220,1235,1180,1215,5895
2009-08-11,1023,1215,1230,1190,1220,6576
2009-08-12,1019,1210,1235,1180,1200,15616
2009-08-13,1044,1240,1240,1185,1195,47122
2009-08-14,1112,1320,1355,1245,1260,85686
2009-08-17,1103,1310,1355,1270,1310,21879
2009-08-18,1103,1310,1325,1275,1310,13221
2009-08-19,1120,1330,1350,1285,1310,30673
2009-08-20,1154,1370,1400,1300,1345,34190
2009-08-21,1124,1335,1395,1335,1380,43177
2009-08-24,1078,1280,1370,1280,1370,13637
2009-08-25,1057,1255,1295,1205,1290,17453
2009-08-26,1061,1260,1260,1210,1255,20403
2009-08-27,1019,1210,1265,1200,1210,15658
2009-08-28,1061,1260,1280,1230,1250,10867
2009-08-31,1023,1215,1290,1210,1225,9275
2009-09-01,1070,1270,1270,1200,1200,6611
2009-09-02,1061,1260,1260,1210,1250,11707
2009-09-03,1053,1250,1260,1215,1220,10085
2009-09-04,1032,1225,1250,1200,1200,103
2009-09-07,1053,1250,1250,1225,1225,5566
2009-09-08,1074,1275,1280,1240,1280,1555
2009-09-09,998,1185,1275,1170,1275,13632
2009-09-10,1095,1300,1335,1130,1190,64417
2009-09-11,1011,1200,1250,1185,1230,20247
2009-09-14,998,1185,1195,1150,1175,6754
2009-09-15,1006,1195,1195,1170,1195,8074
2009-09-16,1015,1205,1215,1155,1165,9944
2009-09-17,1015,1205,1210,1180,1205,3445
2009-09-18,1027,1220,1220,1175,1215,351
2009-09-21,1023,1215,1230,1190,1225,385
2009-09-22,1002,1190,1235,1135,1180,9128
2009-09-23,994,1180,1205,1140,1205,9201
2009-09-24,964,1145,1180,1145,1145,2365
2009-09-25,990,1175,1200,1145,1145,1624
2009-09-28,1011,1200,1200,1170,1180,6736
2009-09-29,1044,1240,1300,1155,1155,7146
2009-09-30,1006,1195,1265,1180,1265,3395
2009-10-01,973,1155,1210,1155,1210,958
2009-10-05,1011,1200,1205,1160,1165,873
2009-10-06,1015,1205,1215,1200,1200,820
2009-10-07,1027,1220,1235,1165,1215,3282
2009-10-08,1049,1245,1250,1200,1250,301
2009-10-09,1074,1275,1290,1170,1290,1450
2009-10-12,1065,1265,1285,1200,1285,2012
2009-10-13,1070,1270,1275,1265,1275,1001
2009-10-14,1057,1255,1275,1215,1275,3703
2009-10-15,1070,1270,1270,1215,1230,2101
2009-10-16,1027,1220,1270,1160,1270,9410
2009-10-19,1027,1220,1235,1170,1235,521
2009-10-20,1027,1220,1220,1200,1215,1314
2009-10-21,1006,1195,1265,1180,1180,10332
2009-10-22,1027,1220,1260,1170,1220,2802
2009-10-23,1044,1240,1240,1220,1220,1150
2009-10-26,1002,1190,1250,1160,1250,7239
2009-10-27,1006,1195,1245,1190,1190,11645
2009-10-28,1011,1200,1245,1190,1245,3225
2009-10-29,1002,1190,1195,1135,1150,3082
2009-10-30,1002,1190,1195,1120,1120,2520
2009-11-02,977,1160,1170,1115,1120,9502
2009-11-03,977,1160,1165,1160,1165,995
2009-11-04,1011,1200,1225,1185,1225,1587
2009-11-05,1027,1220,1220,1155,1155,1248
2009-11-06,1027,1220,1250,1200,1200,12601
2009-11-09,1049,1245,1245,1220,1240,7295
2009-11-10,1065,1265,1290,1245,1245,6928
2009-11-11,1070,1270,1300,1260,1280,13577
2009-11-12,1078,1280,1280,1250,1280,4943
2009-11-13,1095,1300,1300,1250,1280,5628
2009-11-16,1112,1320,1330,1300,1300,6040
2009-11-17,1116,1325,1345,1310,1320,3023
2009-11-18,1124,1335,1345,1250,1345,11340
2009-11-19,1129,1340,1345,1300,1335,9779
2009-11-20,1145,1360,1380,1340,1340,6961
2009-11-23,1162,1380,1385,1330,1360,2725
2009-11-24,1314,1560,1580,1365,1365,56608
2009-11-25,1259,1495,1630,1460,1550,39930
2009-11-26,1171,1390,1495,1360,1495,42803
2009-11-27,1074,1275,1415,1275,1390,7707
2009-11-30,1141,1355,1355,1275,1275,16837
2009-12-01,1183,1405,1440,1310,1310,15470
2009-12-02,1200,1425,1500,1405,1405,9069
2009-12-03,1209,1435,1480,1430,1475,12958
2009-12-04,1238,1470,1480,1380,1380,9522
2009-12-07,1221,1450,1550,1450,1500,8419
2009-12-08,1230,1460,1495,1410,1410,5774
2009-12-09,1247,1480,1495,1400,1400,10616
2009-12-10,1247,1480,1500,1405,1500,10143
2009-12-11,1259,1495,1550,1465,1470,14108
2009-12-14,1242,1475,1540,1475,1500,8463
2009-12-15,1306,1550,1550,1485,1490,8605
2009-12-16,1297,1540,1550,1520,1550,8212
2009-12-17,1297,1540,1540,1470,1470,15412
2009-12-18,1293,1535,1600,1530,1530,11950
2009-12-21,1293,1535,1600,1470,1560,26990
2009-12-22,1314,1560,1560,1530,1535,10432
2009-12-23,1297,1540,1590,1500,1590,15410
2009-12-24,1276,1515,1550,1500,1540,12749
2009-12-28,1268,1505,1550,1435,1550,12646
2009-12-29,1333,1530,1535,1505,1530,13394
2009-12-30,1333,1530,1550,1480,1550,7293
2010-01-04,1337,1535,1680,1500,1500,70873
2010-01-05,1311,1505,1585,1500,1585,30851
2010-01-06,1342,1540,1570,1500,1545,14434
2010-01-07,1342,1540,1595,1500,1595,22277
2010-01-08,1342,1540,1565,1505,1550,24730
2010-01-11,1346,1545,1555,1520,1520,8593
2010-01-12,1394,1600,1600,1520,1520,13087
2010-01-13,1420,1630,1630,1590,1590,4074
2010-01-14,1481,1700,1700,1580,1680,15939
2010-01-15,1446,1660,1740,1650,1700,23927
2010-01-18,1442,1655,1685,1615,1650,10673
2010-01-19,1433,1645,1690,1630,1690,9791
2010-01-20,1472,1690,1690,1600,1690,9825
2010-01-21,1455,1670,1700,1635,1690,13640
2010-01-22,1442,1655,1675,1600,1670,16354
2010-01-25,1438,1650,1730,1630,1655,19285
2010-01-26,1464,1680,1710,1615,1685,25003
2010-01-27,1438,1650,1700,1640,1680,11437
2010-01-28,1438,1650,1700,1615,1700,27872
2010-01-29,1451,1665,1695,1645,1695,5708
2010-02-01,1499,1720,1745,1670,1745,11330
2010-02-02,1503,1725,1850,1715,1720,55415
2010-02-03,1560,1790,1810,1735,1810,15074
2010-02-04,1686,1935,1935,1765,1845,26896
2010-02-05,1795,2060,2145,1820,1820,78790
2010-02-08,1703,1955,2255,1950,2150,127968
2010-02-09,1721,1975,2045,1915,2045,25174
2010-02-10,1621,1860,2040,1835,1950,57478
2010-02-11,1669,1915,1975,1865,1975,24009
2010-02-12,1734,1990,2070,1925,2050,13977
2010-02-16,1743,2000,2070,1990,2050,24758
2010-02-17,1756,2015,2045,1970,2000,17032
2010-02-18,1721,1975,2040,1910,1995,33260
2010-02-19,1725,1980,2000,1935,2000,16287
2010-02-22,1673,1920,2000,1900,2000,42830
2010-02-23,1669,1915,1970,1910,1910,7253
2010-02-24,1655,1900,1975,1880,1880,11149
2010-02-25,1616,1855,1940,1655,1910,14313
2010-02-26,1568,1800,1850,1755,1770,19638
2010-03-02,1564,1795,1910,1750,1760,30751
2010-03-03,1481,1700,1795,1620,1795,17730
2010-03-04,1385,1590,1690,1570,1670,39068
2010-03-05,1403,1610,1630,1590,1615,28910
2010-03-08,1403,1610,1690,1580,1595,28390
2010-03-09,1429,1640,1660,1585,1585,30237
2010-03-10,1424,1635,1670,1620,1630,7837
2010-03-11,1416,1625,1670,1610,1655,8016
2010-03-12,1416,1625,1690,1615,1690,7849
2010-03-15,1368,1570,1700,1425,1625,224301
2010-03-16,1350,1550,1585,1520,1585,53867
2010-03-17,1359,1560,1575,1540,1575,16166
2010-03-18,1407,1615,1620,1560,1590,22687
2010-03-19,1411,1620,1650,1580,1615,18752
2010-03-22,1477,1695,1780,1590,1640,41987
2010-03-23,1621,1860,1905,1655,1665,68324
2010-03-24,1564,1795,1940,1790,1865,20231
2010-03-25,1568,1800,1900,1705,1735,25019
2010-03-26,1551,1780,1870,1725,1795,28409
2010-03-29,1490,1710,1880,1710,1765,13918
2010-03-30,1560,1790,1795,1700,1750,14944
2010-03-31,1612,1850,1935,1740,1805,32241
2010-04-01,1629,1870,1890,1790,1890,6947
2010-04-02,1655,1900,1940,1830,1920,29252
2010-04-05,1904,2185,2185,2015,2015,505049
2010-04-06,2187,2510,2510,2345,2350,1750741
2010-04-07,2331,2675,2875,2530,2700,2636437
2010-04-08,2222,2550,2750,2550,2630,2057088
2010-04-09,2235,2565,2580,2435,2500,878786
2010-04-12,2004,2300,2570,2300,2530,613088
2010-04-13,1926,2210,2340,2180,2270,516319
2010-04-14,1899,2180,2250,2155,2230,472515
2010-04-15,1838,2110,2300,2055,2200,822077
2010-04-16,1712,1965,2145,1955,2135,713478
2010-04-19,1682,1930,1980,1910,1955,337192
2010-04-20,1695,1945,2005,1895,1960,412275
2010-04-21,1743,2000,2035,1925,1925,288072
2010-04-22,1708,1960,2020,1930,2020,153512
2010-04-23,1708,1960,2040,1960,2035,169905
2010-04-26,1747,2005,2005,1915,1970,231072
2010-04-27,1795,2060,2090,1995,2035,164678
2010-04-28,1852,2125,2255,2020,2050,644795
2010-04-29,1764,2025,2150,2025,2105,234666
2010-04-30,1764,2025,2095,2005,2035,128463
2010-05-03,1716,1970,2045,1970,2010,85969
2010-05-04,1743,2000,2020,1915,2020,111235
2010-05-06,1690,1940,1985,1905,1955,72518
2010-05-07,1708,1960,1970,1810,1900,114392
2010-05-10,1830,2100,2200,1930,1990,221651
2010-05-11,1777,2040,2150,2000,2150,107081
2010-05-12,2043,2345,2345,2050,2145,483824
2010-05-13,2078,2385,2530,2305,2500,719583
2010-05-14,2008,2305,2435,2275,2385,282424
2010-05-17,1847,2120,2320,2100,2290,308690
2010-05-18,1852,2125,2180,2075,2170,186104
2010-05-19,1847,2120,2130,2010,2085,152818
2010-05-20,1721,1975,2185,1850,2145,125364
2010-05-24,1699,1950,1990,1890,1940,54792
2010-05-25,1472,1690,1940,1660,1880,186516
2010-05-26,1568,1800,1815,1700,1775,57934
2010-05-27,1638,1880,1880,1770,1795,34588
2010-05-28,1651,1895,1950,1880,1950,60736
2010-05-31,1682,1930,1950,1880,1900,23018
2010-06-01,1673,1920,1965,1855,1930,71148
2010-06-03,1708,1960,1995,1895,1930,42361
2010-06-04,1695,1945,2005,1915,2005,25300
2010-06-07,1590,1825,1890,1800,1840,50293
2010-06-08,1594,1830,1850,1800,1835,34230
2010-06-09,1577,1810,1850,1795,1850,22861
2010-06-10,1586,1820,1845,1785,1785,9014
2010-06-11,1612,1850,1870,1810,1820,42551
2010-06-14,1673,1920,1920,1870,1875,38167
2010-06-15,1716,1970,1970,1900,1915,25706
2010-06-16,1974,2265,2265,1930,2010,416667
2010-06-17,1987,2280,2425,2150,2270,991368
2010-06-18,1917,2200,2390,2200,2340,410848
2010-06-21,1882,2160,2245,2105,2120,185406
2010-06-22,1830,2100,2250,2095,2140,137771
2010-06-23,1834,2105,2230,2085,2085,77006
2010-06-24,1821,2090,2170,2065,2075,59016
2010-06-25,1821,2090,2100,2050,2090,39509
2010-06-28,1878,2155,2160,2080,2090,45481
2010-06-29,1817,2085,2240,2080,2200,97076
2010-06-30,1817,2085,2085,1970,2005,69744
2010-07-01,1764,2025,2100,2005,2015,69165
2010-07-02,1795,2060,2080,2010,2010,52391
2010-07-05,1838,2110,2130,2045,2045,52930
2010-07-06,1821,2090,2140,2070,2140,47689
2010-07-07,1852,2125,2145,2090,2110,35576
2010-07-08,1838,2110,2180,2110,2160,37262
2010-07-09,1821,2090,2130,2035,2120,60938
2010-07-12,1843,2115,2115,2060,2070,40561
2010-07-13,1812,2080,2120,2060,2120,32420
2010-07-14,1786,2050,2090,2045,2080,48241
2010-07-15,1777,2040,2075,2035,2070,25183
2010-07-16,1756,2015,2060,1975,2060,54809
2010-07-19,1712,1965,2015,1950,2015,30141
2010-07-20,1743,2000,2010,1935,1965,34932
2010-07-21,1738,1995,2020,1965,2000,25936
2010-07-22,1686,1935,1995,1935,1995,20643
2010-07-23,1716,1970,1990,1905,1960,33653
2010-07-26,1764,2025,2030,1970,2010,40000
2010-07-27,1773,2035,2040,2005,2030,27777
2010-07-28,1764,2025,2065,2020,2035,25253
2010-07-29,1760,2020,2070,1985,2070,18048
2010-07-30,1760,2020,2020,1985,2000,13356
2010-08-02,1873,2150,2190,2000,2030,138924
2010-08-03,1869,2145,2270,2145,2175,154423
2010-08-04,1865,2140,2185,2100,2145,37402
2010-08-05,1917,2200,2270,2175,2180,78354
2010-08-06,1960,2250,2250,2180,2245,82093
2010-08-09,1908,2190,2270,2180,2225,26056
2010-08-10,1860,2135,2190,2100,2160,37249
2010-08-11,1873,2150,2190,2075,2130,36853
2010-08-12,1852,2125,2150,2050,2150,31504
2010-08-13,1852,2125,2230,2115,2230,20056
2010-08-16,1860,2135,2220,2105,2220,9866
2010-08-17,1838,2110,2185,2075,2150,32797
2010-08-18,1795,2060,2145,2060,2110,36021
2010-08-19,1904,2185,2185,2030,2040,74221
2010-08-20,1926,2210,2510,2210,2295,874364
2010-08-23,1878,2155,2245,2120,2200,121231
2010-08-24,1843,2115,2185,2065,2175,144683
2010-08-25,1838,2110,2160,2075,2095,59491
2010-08-26,1843,2115,2130,2055,2100,50718
2010-08-27,1764,2025,2075,2025,2030,115371
2010-08-30,1791,2055,2070,2025,2025,29457
2010-08-31,1734,1990,2045,1990,1990,71186
2010-09-01,1791,2055,2075,1995,2035,16794
2010-09-02,1743,2000,2080,2000,2080,47023
2010-09-03,1734,1990,2020,1985,2015,44671
2010-09-06,1725,1980,2010,1970,1975,45811
2010-09-07,1743,2000,2005,1960,1960,41663
2010-09-08,1804,2070,2100,1995,2000,67114
2010-09-09,1791,2055,2135,2050,2070,41749
2010-09-10,1838,2110,2140,2020,2030,42425
2010-09-13,1891,2170,2210,2090,2110,62130
2010-09-14,1847,2120,2205,2070,2170,30180
2010-09-15,1821,2090,2130,2040,2130,78713
2010-09-16,1852,2125,2125,2075,2090,17064
2010-09-17,1825,2095,2135,2065,2125,22434
2010-09-20,1804,2070,2120,2070,2105,11872
2010-09-24,1821,2090,2135,2050,2110,59235
2010-09-27,1860,2135,2160,2095,2095,37460
2010-09-28,1838,2110,2145,2080,2145,19361
2010-09-29,1856,2130,2155,2115,2120,32754
2010-09-30,1899,2180,2180,2105,2150,31082
2010-10-01,1908,2190,2220,2140,2160,32761
2010-10-04,1956,2245,2265,2190,2195,75536
2010-10-05,1939,2225,2295,2210,2245,75224
2010-10-06,1939,2225,2265,2170,2230,22709
2010-10-07,1930,2215,2225,2175,2225,24262
2010-10-08,1974,2265,2300,2200,2215,40011
2010-10-11,1974,2265,2335,2265,2295,37509
2010-10-12,1943,2230,2290,2185,2270,23072
2010-10-13,1926,2210,2270,2200,2200,10728
2010-10-14,1943,2230,2240,2185,2210,25677
2010-10-15,1939,2225,2230,2170,2230,28279
2010-10-18,1943,2230,2250,2200,2245,12813
2010-10-19,1921,2205,2260,2190,2260,18012
2010-10-20,1917,2200,2220,2125,2220,23766
2010-10-21,1917,2200,2205,2160,2205,28133
2010-10-22,1930,2215,2240,2150,2215,66017
2010-10-25,1978,2270,2330,2210,2215,59325
2010-10-26,2135,2450,2450,2250,2300,132398
2010-10-27,2117,2430,2450,2385,2450,52269
2010-10-28,2065,2370,2430,2310,2405,62015
2010-10-29,2030,2330,2400,2265,2340,23486
2010-11-01,2091,2400,2425,2285,2285,67177
2010-11-02,2109,2420,2450,2320,2450,43117
2010-11-03,2130,2445,2515,2420,2450,51499
2010-11-04,2143,2460,2480,2410,2445,14676
2010-11-05,2078,2385,2525,2345,2495,63640
2010-11-08,1982,2275,2400,2250,2400,62134
2010-11-09,1974,2265,2290,2200,2260,47208
2010-11-10,1956,2245,2260,2205,2205,28019
2010-11-11,1934,2220,2275,2220,2275,25190
2010-11-12,1882,2160,2240,2130,2240,30626
2010-11-15,1812,2080,2160,2080,2160,39197
2010-11-16,1834,2105,2125,2070,2080,10134
2010-11-17,1795,2060,2095,2055,2095,23938
2010-11-18,1852,2125,2140,2070,2070,21117
2010-11-19,1847,2120,2135,2090,2135,10789
2010-11-22,1834,2105,2140,2095,2125,20704
2010-11-23,1786,2050,2110,2015,2080,32533
2010-11-24,1782,2045,2050,1920,2050,29283
2010-11-25,1782,2045,2080,2040,2080,12378
2010-11-26,1760,2020,2100,1950,2100,14400
2010-11-29,1725,1980,2080,1980,2080,19140
2010-11-30,1760,2020,2065,1985,1995,20147
2010-12-01,1777,2040,2045,2000,2040,11171
2010-12-02,1795,2060,2100,2035,2035,27054
2010-12-03,1812,2080,2095,2050,2095,3910
2010-12-06,1856,2130,2150,2100,2100,29415
2010-12-07,1817,2085,2145,2065,2145,12690
2010-12-08,1847,2120,2125,2065,2125,13938
2010-12-09,1838,2110,2165,2085,2165,8715
2010-12-10,1847,2120,2125,2090,2125,17411
2010-12-13,1812,2080,2145,2080,2145,16955
2010-12-14,1830,2100,2115,2060,2115,36309
2010-12-15,1817,2085,2120,2050,2115,19217
2010-12-16,1812,2080,2100,2050,2100,6059
2010-12-17,1777,2040,2080,2030,2080,12560
2010-12-20,1777,2040,2060,1965,2060,26495
2010-12-21,1799,2065,2090,2030,2050,12030
2010-12-22,1825,2095,2110,2075,2085,20860
2010-12-23,1799,2065,2110,2050,2110,23399
2010-12-24,1812,2080,2090,2065,2090,14557
2010-12-27,1812,2080,2120,2050,2115,13577
2010-12-28,1821,2090,2100,2060,2100,9179
2010-12-29,1866,2090,2090,2060,2065,5348
2010-12-30,1866,2090,2120,2055,2120,17636
2011-01-03,1942,2175,2175,2095,2095,44826
2011-01-04,2044,2290,2390,2175,2185,266200
2011-01-05,2044,2290,2355,2240,2260,79267
2011-01-06,2004,2245,2320,2180,2320,60494
2011-01-07,2040,2285,2300,2215,2260,44659
2011-01-10,1973,2210,2295,2210,2295,23040
2011-01-11,1955,2190,2255,2160,2210,24725
2011-01-12,1919,2150,2225,2115,2215,36395
2011-01-13,1915,2145,2150,2085,2135,39699
2011-01-14,1928,2160,2170,2125,2165,42668
2011-01-17,1906,2135,2175,2115,2170,13892
2011-01-18,1870,2095,2165,2095,2135,49895
2011-01-19,1870,2095,2125,2070,2125,11546
2011-01-20,1812,2030,2120,1790,2120,34361
2011-01-21,1785,2000,2035,1850,2035,32130
2011-01-24,1848,2070,2070,1970,1970,7346
2011-01-25,1866,2090,2100,2015,2065,20348
2011-01-26,1852,2075,2085,2040,2040,10888
2011-01-27,1870,2095,2100,2045,2100,6549
2011-01-28,1843,2065,2110,2065,2110,13697
2011-01-31,1776,1990,2050,1990,2050,8062
2011-02-01,1808,2025,2025,1935,2025,1433
2011-02-07,1839,2060,2085,2010,2040,4152
2011-02-08,1785,2000,2080,1975,2080,26512
2011-02-09,1705,1910,2030,1910,2000,12729
2011-02-10,1732,1940,1995,1920,1925,25059
2011-02-11,1700,1905,1960,1895,1905,22742
2011-02-14,1723,1930,1955,1840,1900,15931
2011-02-15,1714,1920,1960,1900,1905,15588
2011-02-16,1727,1935,1980,1915,1980,10785
2011-02-17,1718,1925,1935,1895,1935,20276
2011-02-18,1723,1930,2000,1925,1925,8143
2011-02-21,1776,1990,2020,1980,1990,827
2011-02-22,1714,1920,2020,1900,2020,11869
2011-02-23,1665,1865,1950,1800,1905,39411
2011-02-24,1656,1855,1880,1830,1860,6927
2011-02-25,1660,1860,1920,1850,1880,9467
2011-02-28,1660,1860,1915,1840,1860,8993
2011-03-02,1634,1830,1860,1780,1860,13611
2011-03-03,1593,1785,1895,1785,1795,15930
2011-03-04,1732,1940,1960,1800,1800,31635
2011-03-07,1700,1905,1985,1875,1875,9101
2011-03-08,1696,1900,1945,1860,1945,8981
2011-03-09,1750,1960,1970,1925,1945,9913
2011-03-10,1754,1965,1965,1940,1960,9094
2011-03-11,1723,1930,1995,1905,1995,6522
2011-03-14,1700,1905,1970,1840,1840,5697
2011-03-15,1651,1850,2010,1805,2010,17391
2011-03-16,1602,1795,1940,1795,1940,41938
2011-03-17,1598,1790,1820,1750,1750,11840
2011-03-18,1580,1770,1875,1680,1875,28063
2011-03-21,1607,1800,1815,1770,1775,14526
2011-03-22,1634,1830,1895,1800,1895,29587
2011-03-23,1625,1820,1870,1805,1870,17960
2011-03-24,1687,1890,1890,1820,1865,11920
2011-03-25,1750,1960,1960,1855,1900,19075
2011-03-28,1674,1875,1970,1875,1970,33105
2011-03-29,1763,1975,1980,1855,1855,33168
2011-03-30,1834,2055,2100,1945,1995,32333
2011-03-31,1817,2035,2055,2005,2055,10085
2011-04-01,1834,2055,2060,2000,2060,19667
2011-04-04,1839,2060,2095,2000,2055,44307
2011-04-05,1839,2060,2090,2030,2080,9755
2011-04-06,1866,2090,2125,2040,2040,34226
2011-04-07,1830,2050,2130,1965,2100,66282
2011-04-08,1866,2090,2090,2045,2050,15560
2011-04-11,1892,2120,2170,2060,2060,55399
2011-04-12,1901,2130,2195,2075,2195,46869
2011-04-13,1915,2145,2185,2100,2145,25611
2011-04-14,1991,2230,2300,2155,2155,80078
2011-04-15,2022,2265,2300,2210,2250,54980
2011-04-18,2067,2315,2345,2265,2265,91774
2011-04-19,2062,2310,2330,2250,2315,54958
2011-04-20,2053,2300,2330,2250,2330,30422
2011-04-21,2071,2320,2325,2265,2300,24766
2011-04-22,2093,2345,2400,2320,2330,55969
2011-04-25,2120,2375,2400,2305,2350,20683
2011-04-26,2160,2420,2470,2335,2400,106620
2011-04-27,2169,2430,2475,2380,2400,94481
2011-04-28,2165,2425,2465,2330,2440,76885
2011-04-29,2125,2380,2500,2370,2500,40076
2011-05-02,2138,2395,2395,2310,2350,35251
2011-05-03,2102,2355,2400,2315,2400,57832
2011-05-04,2107,2360,2375,2335,2355,35761
2011-05-06,2089,2340,2355,2300,2350,46220
2011-05-09,2116,2370,2380,2330,2380,30398
2011-05-11,2093,2345,2470,2315,2380,54842
2011-05-12,2084,2335,2335,2290,2290,29480
2011-05-13,2035,2280,2380,2275,2335,16283
2011-05-16,1973,2210,2350,2200,2350,17353
2011-05-17,1901,2130,2240,2125,2240,14550
2011-05-18,1906,2135,2190,2055,2055,32787
2011-05-19,1803,2020,2150,2020,2150,25088
2011-05-20,1821,2040,2180,2030,2030,24196
2011-05-23,1714,1920,2140,1910,2140,17029
2011-05-24,1830,2050,2050,1875,1965,11654
2011-05-25,1848,2070,2075,1990,2050,13450
2011-05-26,1906,2135,2135,2035,2070,18677
2011-05-27,1875,2100,2160,2100,2135,6057
2011-05-30,1901,2130,2165,2060,2060,9620
2011-05-31,1928,2160,2190,2060,2190,11352
2011-06-01,1919,2150,2195,2100,2195,12876
2011-06-02,1839,2060,2140,2050,2140,7090
2011-06-03,1830,2050,2100,1965,2100,14081
2011-06-07,1794,2010,2100,1900,2050,29209
2011-06-08,1785,2000,2030,1940,2030,4920
2011-06-09,1794,2010,2020,1965,2000,5074
2011-06-10,1781,1995,2045,1945,2045,2486
2011-06-13,1776,1990,1995,1920,1995,13199
2011-06-14,1718,1925,1990,1900,1990,24944
2011-06-15,1767,1980,2045,1890,1930,10372
2011-06-16,1741,1950,1995,1950,1950,6013
2011-06-17,1745,1955,2005,1915,2005,9544
2011-06-20,1754,1965,2030,1960,1990,10449
2011-06-21,1785,2000,2025,1955,1970,4134
2011-06-22,1803,2020,2040,1950,2040,6389
2011-06-23,1803,2020,2020,1950,1950,4669
2011-06-24,1803,2020,2020,1980,2020,14707
2011-06-27,1763,1975,2040,1960,2040,1463
2011-06-28,1776,1990,2030,1950,2030,9938
2011-06-29,1799,2015,2040,1965,2040,217
2011-06-30,1785,2000,2020,1980,2020,9683
2011-07-01,1821,2040,2050,1975,2050,22194
2011-07-04,1834,2055,2120,2055,2100,7596
2011-07-05,1803,2020,2115,2020,2115,13663
2011-07-06,1830,2050,2080,2025,2080,7009
2011-07-07,1848,2070,2140,2070,2140,11456
2011-07-08,1848,2070,2120,2035,2095,23931
2011-07-11,1866,2090,2140,2015,2070,27890
2011-07-12,1825,2045,2200,2025,2200,12084
2011-07-13,1817,2035,2095,2035,2090,11696
2011-07-14,1839,2060,2085,2035,2085,8686
2011-07-15,1825,2045,2100,2000,2100,8206
2011-07-18,1861,2085,2100,2030,2100,11967
2011-07-19,1834,2055,2145,2045,2145,10724
2011-07-20,1866,2090,2120,2060,2120,11361
2011-07-21,1834,2055,2120,2045,2120,29459
2011-07-22,1839,2060,2145,2030,2145,9342
2011-07-25,1830,2050,2095,2050,2065,5333
2011-07-26,1852,2075,2085,2040,2050,1575
2011-07-27,1848,2070,2090,2040,2090,12915
2011-07-28,1848,2070,2095,2050,2095,7134
2011-07-29,1794,2010,2085,2010,2085,8743
2011-08-01,1830,2050,2095,2015,2095,7593
2011-08-02,1821,2040,2090,2000,2070,3876
2011-08-03,1781,1995,2125,1950,2060,11375
2011-08-04,1767,1980,2060,1920,2060,8596
2011-08-05,1714,1920,1970,1825,1825,6726
2011-08-08,1625,1820,1980,1755,1950,12234
2011-08-09,1477,1655,1750,1550,1750,26842
2011-08-10,1584,1775,1835,1660,1765,19838
2011-08-11,1598,1790,1790,1565,1565,11365
2011-08-12,1634,1830,1850,1800,1850,4357
2011-08-16,1669,1870,1945,1845,1900,10908
2011-08-17,1723,1930,1930,1840,1930,17212
2011-08-18,1687,1890,1925,1885,1925,731
2011-08-19,1593,1785,1880,1760,1880,3031
2011-08-22,1589,1780,1835,1700,1785,1544
2011-08-23,1625,1820,1875,1705,1875,2259
2011-08-24,1526,1710,1880,1700,1880,22596
2011-08-25,1549,1735,1835,1730,1835,680
2011-08-26,1571,1760,1815,1730,1815,209
2011-08-29,1584,1775,1885,1740,1885,2082
2011-08-30,1589,1780,1820,1715,1820,15577
2011-08-31,1602,1795,1890,1770,1890,2397
2011-09-01,1602,1795,1840,1760,1795,4394
2011-09-02,1602,1795,1890,1780,1890,8306
2011-09-05,1625,1820,1890,1790,1890,26652
2011-09-06,1580,1770,1820,1755,1820,5795
2011-09-07,1616,1810,1815,1770,1815,17665
2011-09-08,1634,1830,1850,1810,1850,7064
2011-09-09,1616,1810,1860,1765,1860,6775
2011-09-14,1593,1785,1800,1745,1755,15923
2011-09-15,1580,1770,1810,1725,1800,13318
2011-09-16,1593,1785,1820,1750,1820,10533
2011-09-19,1589,1780,1820,1760,1820,8044
2011-09-20,1598,1790,1800,1755,1800,4887
2011-09-21,1598,1790,1795,1755,1755,5422
2011-09-22,1517,1700,1790,1680,1790,4697
2011-09-23,1424,1595,1780,1480,1780,50398
2011-09-26,1272,1425,1690,1425,1690,13515
2011-09-27,1321,1480,1555,1430,1430,22022
2011-09-28,1384,1550,1565,1475,1565,3354
2011-09-29,1415,1585,1585,1535,1550,2382
2011-09-30,1415,1585,1690,1545,1550,8043
2011-10-04,1290,1445,1490,1410,1430,18428
2011-10-05,1339,1500,1500,1450,1500,8
2011-10-06,1379,1545,1545,1465,1500,2362
2011-10-07,1392,1560,1560,1485,1530,11892
2011-10-10,1379,1545,1580,1510,1560,7054
2011-10-11,1370,1535,1580,1485,1580,18754
2011-10-12,1406,1575,1595,1520,1570,16371
2011-10-13,1442,1615,1630,1560,1585,17401
2011-10-14,1464,1640,1650,1590,1635,9620
2011-10-17,1459,1635,1685,1620,1685,17135
2011-10-18,1459,1635,1650,1600,1600,3410
2011-10-19,1486,1665,1715,1600,1655,29546
2011-10-20,1437,1610,1670,1580,1670,34489
2011-10-21,1455,1630,1640,1610,1640,805
2011-10-24,1473,1650,1675,1630,1630,7262
2011-10-25,1415,1585,1700,1575,1680,18628
2011-10-26,1384,1550,1590,1540,1540,10113
2011-10-27,1419,1590,1600,1560,1560,18470
2011-10-28,1455,1630,1670,1615,1615,7624
2011-10-31,1446,1620,1665,1575,1620,1739
2011-11-01,1459,1635,1685,1590,1610,2941
2011-11-02,1450,1625,1630,1580,1630,276
2011-11-03,1450,1625,1645,1570,1640,9201
2011-11-04,1459,1635,1645,1625,1645,1112
2011-11-07,1464,1640,1680,1610,1610,4282
2011-11-08,1428,1600,1660,1600,1660,632
2011-11-09,1464,1640,1675,1590,1675,65
2011-11-10,1446,1620,1630,1560,1560,231
2011-11-11,1468,1645,1645,1610,1645,1129
2011-11-14,1468,1645,1660,1600,1660,4404
2011-11-15,1464,1640,1655,1600,1655,727
2011-11-16,1433,1605,1640,1605,1605,23411
2011-11-17,1459,1635,1650,1610,1650,403
2011-11-18,1455,1630,1650,1530,1650,6692
2011-11-21,1459,1635,1655,1590,1635,3054
2011-11-22,1433,1605,1660,1600,1630,3618
2011-11-23,1450,1625,1745,1625,1645,31134
2011-11-24,1468,1645,1700,1610,1625,4097
2011-11-25,1464,1640,1660,1595,1660,3016
2011-11-28,1424,1595,1625,1530,1600,11449
2011-11-29,1433,1605,1660,1555,1555,25748
2011-11-30,1446,1620,1635,1585,1635,5501
2011-12-01,1513,1695,1700,1610,1620,5710
2011-12-02,1477,1655,1695,1635,1695,8089
2011-12-05,1500,1680,1700,1645,1655,1387
2011-12-06,1500,1680,1680,1630,1680,1543
2011-12-07,1504,1685,1700,1640,1700,9403
2011-12-08,1513,1695,1700,1655,1655,13781
2011-12-09,1513,1695,1695,1660,1695,4183
2011-12-12,1513,1695,1700,1660,1660,14112
2011-12-13,1500,1680,1780,1665,1695,4723
2011-12-14,1526,1710,1890,1685,1695,75786
2011-12-15,1598,1790,1965,1750,1755,554359
2011-12-16,1593,1785,1890,1740,1850,62625
2011-12-19,1491,1670,1790,1560,1760,72997
2011-12-20,1504,1685,1700,1615,1615,18759
2011-12-21,1656,1855,1900,1655,1655,87898
2011-12-22,1602,1795,1840,1725,1840,43854
2011-12-23,1584,1775,1795,1740,1795,11043
2011-12-26,1544,1730,1830,1705,1750,36429
2011-12-27,1517,1700,1760,1665,1730,12386
2011-12-28,1536,1670,1715,1650,1700,5827
2011-12-29,1536,1670,1685,1635,1640,7645
2012-01-02,1504,1635,1680,1635,1670,7793
2012-01-03,1554,1690,1695,1600,1675,22872
2012-01-04,1577,1715,1750,1655,1655,10963
2012-01-05,1600,1740,1875,1660,1715,11053
2012-01-06,1614,1755,1800,1710,1745,10383
2012-01-09,1563,1700,1800,1695,1800,11418
2012-01-10,1563,1700,1750,1700,1700,13498
2012-01-11,1573,1710,1765,1685,1765,7996
2012-01-12,1586,1725,1750,1680,1750,9821
2012-01-13,1591,1730,1750,1685,1750,10668
2012-01-16,1600,1740,1810,1675,1810,6978
2012-01-17,1577,1715,1760,1710,1710,1297
2012-01-18,1582,1720,1750,1675,1750,2007
2012-01-19,1550,1685,1750,1680,1680,2849
2012-01-20,1559,1695,1695,1680,1685,1218
2012-01-25,1559,1695,1710,1670,1695,633
2012-01-26,1609,1750,1765,1660,1720,4628
2012-01-27,1591,1730,1800,1690,1800,3618
2012-01-30,1600,1740,1790,1695,1695,1508
2012-01-31,1591,1730,1775,1700,1700,1657
2012-02-01,1596,1735,1750,1700,1715,2165
2012-02-02,1582,1720,1745,1705,1710,8848
2012-02-03,1619,1760,1770,1710,1710,1891
2012-02-06,1637,1780,1800,1750,1750,5397
2012-02-07,1582,1720,1800,1710,1800,12513
2012-02-08,1600,1740,1745,1715,1715,11065
2012-02-09,1619,1760,1780,1725,1740,4348
2012-02-10,1605,1745,1780,1745,1770,11651
2012-02-13,1614,1755,1790,1750,1790,3652
2012-02-14,1655,1800,1825,1750,1765,16349
2012-02-15,1701,1850,1870,1790,1790,6591
2012-02-16,1697,1845,1860,1800,1800,13176
2012-02-17,1743,1895,1900,1835,1865,15233
2012-02-20,1766,1920,1950,1875,1875,24581
2012-02-21,1720,1870,1930,1845,1930,14475
2012-02-22,1734,1885,1890,1835,1835,10729
2012-02-23,1780,1935,2070,1910,1940,31945
2012-02-24,2046,2225,2225,1945,2020,1048375
2012-02-27,2350,2555,2555,2215,2450,1200020
2012-02-28,2000,2175,2605,2175,2580,733585
2012-02-29,2000,2175,2265,2055,2185,422840
2012-03-02,2000,2175,2495,2105,2175,522392
2012-03-05,2189,2380,2380,2080,2130,408869
2012-03-06,2042,2220,2380,2200,2380,192283
2012-03-07,2037,2215,2265,2120,2120,70764
2012-03-08,2010,2185,2270,2125,2220,69996
2012-03-09,1964,2135,2180,2095,2135,102948
2012-03-12,1950,2120,2160,2100,2125,38214
2012-03-13,1982,2155,2215,2120,2165,67108
2012-03-14,2060,2240,2410,2150,2170,420688
2012-03-15,2042,2220,2295,2205,2245,50545
2012-03-16,1968,2140,2240,2105,2215,74403
2012-03-19,1954,2125,2160,2095,2155,32468
2012-03-20,1959,2130,2150,2060,2125,40680
2012-03-21,1876,2040,2120,2040,2100,21627
2012-03-22,1881,2045,2095,2000,2010,25464
2012-03-23,1844,2005,2110,2005,2090,17780
2012-03-26,1830,1990,2030,1980,2000,18053
2012-03-27,1775,1930,2015,1920,2000,31835
2012-03-28,1899,2065,2145,1895,1935,48870
2012-03-29,1839,2000,2065,1900,2065,14146
2012-03-30,1858,2020,2040,1975,1975,10722
2012-04-02,1895,2060,2100,2000,2000,8135
2012-04-03,1839,2000,2075,1990,2060,24335
2012-04-04,1812,1970,1990,1945,1965,11715
2012-04-05,1807,1965,2045,1915,2045,24354
2012-04-06,1835,1995,2045,1915,1915,14407
2012-04-09,1918,2085,2165,1955,1995,70082
2012-04-10,1977,2150,2395,2085,2085,299625
2012-04-12,2060,2240,2470,2050,2150,1132628
2012-04-13,2051,2230,2290,2125,2290,379436
2012-04-16,2115,2300,2300,2155,2230,172282
2012-04-17,1968,2140,2380,2140,2280,205136
2012-04-18,1987,2160,2285,2130,2155,118842
2012-04-19,2046,2225,2370,2160,2195,139700
2012-04-20,1959,2130,2220,2080,2195,105677
2012-04-23,1872,2035,2120,1990,2090,133849
2012-04-24,1918,2085,2150,2025,2030,94141
2012-04-25,1941,2110,2165,2085,2155,29983
2012-04-26,2230,2425,2425,2120,2150,1086679
2012-04-27,2322,2525,2615,2410,2590,1575708
2012-04-30,2327,2530,2855,2400,2550,2365652
2012-05-02,2258,2455,2770,2440,2530,1654273
2012-05-03,2175,2365,2530,2365,2480,549079
2012-05-04,2253,2450,2520,2300,2340,525374
2012-05-07,2290,2490,2510,2345,2375,219195
2012-05-08,2207,2400,2740,2400,2730,544655
2012-05-09,2189,2380,2450,2310,2335,234444
2012-05-10,2019,2195,2395,2170,2395,177079
2012-05-11,2014,2190,2240,2105,2210,153414
2012-05-14,1816,1975,2190,1950,2150,370672
2012-05-15,1821,1980,1995,1900,1935,98542
2012-05-16,1757,1910,2015,1885,1965,103843
2012-05-17,1761,1915,1955,1875,1875,75339
2012-05-18,1646,1790,1850,1750,1835,122872
2012-05-21,1605,1745,1815,1700,1770,74065
2012-05-22,1665,1810,1825,1750,1765,59561
2012-05-23,1655,1800,1830,1755,1810,23681
2012-05-24,1669,1815,1815,1770,1800,36995
2012-05-25,1711,1860,1910,1815,1845,45117
2012-05-29,1761,1915,1930,1820,1860,53618
2012-05-30,1761,1915,1920,1865,1915,25692
2012-05-31,1697,1845,1890,1835,1855,29544
2012-06-01,1692,1840,1880,1805,1860,21394
2012-06-04,1563,1700,1830,1680,1805,68962
2012-06-05,1577,1715,1745,1685,1685,33901
2012-06-07,1665,1810,1960,1715,1715,310166
2012-06-08,1665,1810,1880,1785,1840,101072
2012-06-11,1803,1960,2080,1825,1825,496763
2012-06-12,1904,2070,2230,1915,1980,448434
2012-06-13,1821,1980,2085,1955,2070,94665
2012-06-14,1885,2050,2275,2045,2050,1265072
2012-06-15,1789,1945,2050,1930,2050,155989
2012-06-18,1830,1990,2030,1970,1970,87878
2012-06-19,1853,2015,2170,1975,1975,282797
2012-06-20,1890,2055,2115,2045,2060,66940
2012-06-21,1950,2120,2150,2070,2080,149433
2012-06-22,1936,2105,2150,2050,2050,91105
2012-06-25,1982,2155,2245,2100,2105,144680
2012-06-26,1950,2120,2180,2110,2180,71370
2012-06-27,1904,2070,2135,2070,2120,53606
2012-06-28,1945,2115,2140,2075,2100,32888
2012-06-29,1977,2150,2325,2115,2115,330449
2012-07-02,1982,2155,2225,2145,2190,108123
2012-07-03,2060,2240,2370,2140,2180,988276
2012-07-04,2120,2305,2325,2245,2280,421622
2012-07-05,2083,2265,2360,2260,2310,103467
2012-07-06,2092,2275,2290,2220,2250,80091
2012-07-09,2074,2255,2325,2250,2270,52767
2012-07-10,2134,2320,2320,2200,2255,188185
2012-07-11,2046,2225,2310,2225,2275,125068
2012-07-12,2000,2175,2255,2175,2235,59545
2012-07-13,1964,2135,2205,2015,2205,100117
2012-07-16,1959,2130,2155,2110,2150,33826
2012-07-17,1996,2170,2200,2115,2130,25488
2012-07-18,1982,2155,2230,2155,2230,38276
2012-07-19,2023,2200,2220,2160,2170,24418
2012-07-20,2069,2250,2285,2185,2240,66494
2012-07-23,2023,2200,2290,2150,2250,57448
2012-07-24,2000,2175,2245,2125,2210,43933
2012-07-25,1977,2150,2175,2060,2175,59634
2012-07-26,1977,2150,2250,2100,2250,16449
2012-07-27,2010,2185,2215,2155,2200,18411
2012-07-30,2014,2190,2220,2165,2220,33169
2012-07-31,2033,2210,2245,2165,2240,49124
2012-08-01,2065,2245,2265,2165,2175,25243
2012-08-02,2069,2250,2270,2215,2245,11134
2012-08-03,2051,2230,2265,2205,2250,13431
2012-08-06,2023,2200,2265,2200,2210,20666
2012-08-07,2023,2200,2240,2170,2220,8341
2012-08-08,2033,2210,2235,2180,2200,7985
2012-08-09,2000,2175,2240,2175,2240,15462
2012-08-10,1991,2165,2185,2125,2175,14703
2012-08-13,1964,2135,2195,2125,2195,12248
2012-08-14,1982,2155,2185,2120,2140,20677
2012-08-16,1996,2170,2170,2145,2155,14219
2012-08-17,2005,2180,2190,2150,2160,27865
2012-08-20,2028,2205,2215,2150,2160,29512
2012-08-21,2033,2210,2230,2180,2230,24358
2012-08-22,2042,2220,2280,2210,2280,16391
2012-08-23,2023,2200,2275,2170,2275,21107
2012-08-24,1996,2170,2185,2135,2155,40857
2012-08-27,1964,2135,2160,2110,2130,22288
2012-08-28,1982,2155,2160,2130,2135,15152
2012-08-29,1982,2155,2170,2120,2155,20290
2012-08-30,1973,2145,2180,2140,2170,9300
2012-08-31,1968,2140,2170,2120,2125,27416
2012-09-03,1918,2085,2140,2050,2140,70773
2012-09-04,1835,1995,2125,1990,2085,70121
2012-09-05,1807,1965,2000,1950,1980,44677
2012-09-06,1872,2035,2055,1975,1985,34189
2012-09-07,1885,2050,2090,2025,2090,48063
2012-09-10,1885,2050,2095,2010,2095,33700
2012-09-11,1872,2035,2060,2015,2060,14026
2012-09-12,1881,2045,2090,2030,2080,39512
2012-09-13,1895,2060,2070,2000,2045,55564
2012-09-14,1890,2055,2095,2020,2095,22045
2012-09-17,1899,2065,2070,2020,2020,15246
2012-09-18,1867,2030,2080,2000,2065,38239
2012-09-19,1885,2050,2070,2010,2010,22744
2012-09-20,1890,2055,2085,2025,2075,28787
2012-09-21,1950,2120,2120,2060,2080,50997
2012-09-24,1927,2095,2135,2070,2110,50218
2012-09-25,2037,2215,2390,2140,2140,444922
2012-09-26,2060,2240,2325,2185,2190,131855
2012-09-27,2189,2380,2380,2215,2290,409014
2012-09-28,2138,2325,2380,2265,2380,85390
2012-10-02,2079,2260,2325,2245,2325,73586
2012-10-04,2115,2300,2320,2210,2260,224447
2012-10-05,2088,2270,2310,2230,2310,36072
2012-10-08,2092,2275,2300,2230,2300,41170
2012-10-09,2120,2305,2330,2275,2330,220179
2012-10-10,2065,2245,2310,2205,2310,85764
2012-10-11,2028,2205,2265,2170,2225,56928
2012-10-12,2023,2200,2230,2170,2215,41879
2012-10-15,2019,2195,2285,2180,2200,106325
2012-10-16,2088,2270,2310,2195,2245,59138
2012-10-17,2051,2230,2300,2185,2270,32912
2012-10-18,2010,2185,2285,2150,2285,47822
2012-10-19,1968,2140,2185,2060,2185,49811
2012-10-22,2033,2210,2220,2100,2115,24488
2012-10-23,2033,2210,2265,2140,2235,35472
2012-10-24,1982,2155,2250,2150,2200,16215
2012-10-25,1904,2070,2180,2050,2180,58020
2012-10-26,1858,2020,2085,1960,2080,71697
2012-10-29,1770,1925,2050,1925,2050,13967
2012-10-30,1816,1975,1985,1860,1875,20105
2012-10-31,1793,1950,2050,1935,2050,58925
2012-11-01,1793,1950,1965,1900,1925,4268
2012-11-02,1757,1910,1995,1910,1950,28143
2012-11-05,1784,1940,1940,1860,1910,7638
2012-11-06,1839,2000,2000,1950,2000,11701
2012-11-07,1858,2020,2025,1985,2000,25624
2012-11-08,1849,2010,2070,1980,2025,13187
2012-11-09,1890,2055,2075,2010,2010,2317
2012-11-12,1913,2080,2120,2060,2120,18007
2012-11-13,1821,1980,2125,1975,2095,13815
2012-11-14,1743,1895,1990,1860,1955,32999
2012-11-15,1743,1895,1940,1800,1875,33729
2012-11-16,1766,1920,1920,1875,1895,2962
2012-11-19,1789,1945,1990,1860,1920,4638
2012-11-20,1770,1925,1990,1900,1900,6281
2012-11-21,1720,1870,1955,1870,1955,6166
2012-11-22,1784,1940,1950,1865,1875,17966
2012-11-23,1780,1935,1965,1895,1940,6233
2012-11-26,1789,1945,1965,1885,1965,20926
2012-11-27,1734,1885,1945,1865,1945,18134
2012-11-28,1738,1890,1900,1840,1870,11694
2012-11-29,1761,1915,1945,1875,1890,15731
2012-11-30,1770,1925,1940,1855,1915,2861
2012-12-03,1775,1930,1990,1915,1925,5904
2012-12-04,1766,1920,1970,1850,1900,8109
2012-12-05,1711,1860,1915,1855,1915,17002
2012-12-06,1692,1840,1875,1800,1855,33042
2012-12-07,1734,1885,1970,1825,1840,8038
2012-12-10,1738,1890,1915,1820,1880,8952
2012-12-11,1724,1875,1890,1830,1890,19889
2012-12-12,1724,1875,1885,1835,1845,13920
2012-12-13,1729,1880,1900,1850,1900,15153
2012-12-14,1752,1905,1920,1865,1880,6352
2012-12-17,1738,1890,1920,1845,1905,14530
2012-12-18,1711,1860,1890,1835,1890,13107
2012-12-20,1720,1870,1885,1800,1860,9222
2012-12-21,1724,1875,1900,1835,1835,2618
2012-12-24,1747,1900,1900,1855,1900,7566
2012-12-26,1770,1925,1975,1900,1900,22419
2012-12-27,1813,1920,1940,1865,1920,3848
2012-12-28,1813,1920,1950,1860,1930,4900
2013-01-02,1799,1905,1940,1885,1920,3810
2013-01-03,1775,1880,1950,1870,1920,6802
2013-01-04,1752,1855,1880,1840,1880,6549
2013-01-07,1742,1845,1870,1835,1850,12048
2013-01-08,1742,1845,1845,1825,1845,6730
2013-01-09,1737,1840,1895,1825,1825,1682
2013-01-10,1737,1840,1865,1840,1840,4864
2013-01-11,1761,1865,1890,1825,1825,16587
2013-01-14,1690,1790,1915,1790,1915,35355
2013-01-15,1718,1820,1860,1795,1800,18638
2013-01-16,1704,1805,1840,1795,1805,11663
2013-01-17,1695,1795,1900,1795,1900,39445
2013-01-18,1756,1860,1980,1800,1800,149771
2013-01-21,1766,1870,1875,1845,1870,14428
2013-01-22,1775,1880,1930,1860,1930,19225
2013-01-23,1752,1855,1930,1855,1880,15215
2013-01-24,1704,1805,1890,1795,1855,34957
2013-01-25,1690,1790,1810,1755,1800,49987
2013-01-28,1633,1730,1825,1670,1790,44528
2013-01-29,1648,1745,1755,1710,1750,17494
2013-01-30,1676,1775,1775,1725,1770,9006
2013-01-31,1671,1770,1775,1745,1755,13673
2013-02-01,1657,1755,1770,1740,1770,14525
2013-02-04,1643,1740,1760,1740,1755,1208
2013-02-05,1619,1715,1770,1705,1740,5187
2013-02-06,1629,1725,1785,1705,1715,4579
2013-02-07,1624,1720,1785,1715,1785,4935
2013-02-08,1638,1735,1740,1720,1720,4376
2013-02-12,1633,1730,1750,1715,1735,7014
2013-02-13,1667,1765,1765,1725,1725,5117
2013-02-14,1643,1740,1780,1730,1780,9867
2013-02-15,1662,1760,1765,1715,1735,6114
2013-02-18,1685,1785,1785,1750,1760,17489
2013-02-19,1695,1795,1800,1770,1785,9394
2013-02-20,1794,1900,1950,1790,1800,184784
2013-02-21,1775,1880,1935,1820,1855,49633
2013-02-22,1733,1835,1870,1830,1835,15067
2013-02-25,1700,1800,1860,1800,1860,31446
2013-02-26,1667,1765,1830,1760,1800,21709
2013-02-27,1700,1800,1815,1765,1765,7950
2013-02-28,1747,1850,1880,1800,1800,21355
2013-03-04,1742,1845,1865,1825,1850,4135
2013-03-05,1747,1850,1865,1825,1865,6144
2013-03-06,1742,1845,1880,1825,1880,3581
2013-03-07,1846,1955,2070,1870,1870,278539
2013-03-08,1789,1895,1975,1840,1970,101048
2013-03-11,1766,1870,1900,1820,1895,41764
2013-03-12,1775,1880,1885,1850,1850,20517
2013-03-13,1832,1940,1950,1860,1910,26644
2013-03-14,1888,2000,2045,1920,1970,56391
2013-03-15,1855,1965,2070,1965,2040,48322
2013-03-18,1827,1935,2000,1910,1965,13860
2013-03-19,1879,1990,1990,1900,1920,18635
2013-03-20,1884,1995,2000,1950,2000,12043
2013-03-21,1822,1930,1995,1915,1995,18715
2013-03-22,1813,1920,1960,1920,1930,4205
2013-03-25,1813,1920,1950,1900,1925,16335
2013-03-26,1822,1930,1985,1925,1940,26453
2013-03-27,1837,1945,1975,1915,1930,20929
2013-03-28,1879,1990,1995,1935,1935,11577
2013-03-29,1822,1930,1990,1915,1915,30159
2013-04-01,1841,1950,1965,1925,1935,14410
2013-04-02,1832,1940,1985,1935,1985,13082
2013-04-03,1846,1955,2015,1945,1970,15623
2013-04-04,1803,1910,1985,1875,1985,20908
2013-04-05,1766,1870,1930,1860,1930,43092
2013-04-08,1747,1850,1900,1825,1825,12347
2013-04-09,1709,1810,1880,1790,1880,36687
2013-04-10,1752,1855,1870,1795,1810,15867
2013-04-11,1747,1850,1890,1845,1890,6736
2013-04-12,1770,1875,1930,1840,1855,14473
2013-04-15,1761,1865,1875,1840,1875,9520
2013-04-16,1789,1895,1895,1850,1865,12162
2013-04-17,1785,1890,1905,1845,1905,9437
2013-04-18,1742,1845,1880,1830,1880,42436
2013-04-19,1733,1835,1855,1825,1840,19545
2013-04-22,1747,1850,1865,1835,1845,5275
2013-04-23,1761,1865,1885,1845,1885,8401
2013-04-24,1803,1910,1910,1855,1865,14916
2013-04-25,1827,1935,1935,1895,1895,19952
2013-04-26,1841,1950,1980,1935,1940,7572
2013-04-29,1841,1950,1975,1930,1955,5599
2013-04-30,1837,1945,1950,1910,1940,25452
2013-05-02,1888,2000,2040,1940,1945,9838
2013-05-03,1903,2015,2190,1970,2000,175389
2013-05-06,1936,2050,2075,2020,2025,60308
2013-05-07,2002,2120,2200,2005,2050,207557
2013-05-08,1964,2080,2115,2050,2105,62127
2013-05-09,1969,2085,2090,2050,2065,35338
2013-05-10,1940,2055,2090,2020,2070,28466
2013-05-13,1978,2095,2110,2040,2040,56451
2013-05-14,1964,2080,2120,2050,2120,12862
2013-05-15,1964,2080,2110,2055,2070,35707
2013-05-16,1940,2055,2135,2020,2080,14633
2013-05-20,1940,2055,2160,2050,2055,23811
2013-05-21,1917,2030,2085,2020,2085,58186
2013-05-22,2059,2180,2185,2020,2050,98847
2013-05-23,1964,2080,2200,2065,2180,86951
2013-05-24,1983,2100,2110,2065,2080,17814
2013-05-27,1992,2110,2160,2080,2140,39638
2013-05-28,2016,2135,2140,2080,2140,14324
2013-05-29,2035,2155,2175,2105,2135,16923
2013-05-30,2030,2150,2170,2125,2160,12745
2013-05-31,2011,2130,2170,2090,2150,11725
2013-06-03,1973,2090,2130,2030,2130,43653
2013-06-04,1917,2030,2120,2020,2090,14345
2013-06-05,1931,2045,2050,2010,2050,20112
2013-06-07,1874,1985,2045,1940,2045,14701
2013-06-10,1945,2060,2065,1985,1985,7170
2013-06-11,1922,2035,2065,2030,2065,870
2013-06-12,1964,2080,2080,2010,2025,11731
2013-06-13,1950,2065,2100,2030,2100,3514
2013-06-14,1898,2010,2070,2005,2070,33511
2013-06-17,1879,1990,2050,1955,2010,6801
2013-06-18,1884,1995,2015,1940,2005,5817
2013-06-19,1917,2030,2045,1995,1995,14521
2013-06-20,1903,2015,2030,1970,2030,1086
2013-06-21,1874,1985,1990,1945,1950,1051
2013-06-24,1799,1905,2080,1905,2080,12974
2013-06-25,1747,1850,1970,1780,1905,19208
2013-06-26,1780,1885,1990,1845,1855,5496
2013-06-27,1827,1935,1955,1895,1955,10766
2013-06-28,1870,1980,1985,1935,1960,9674
2013-07-01,1888,2000,2010,1925,2010,2258
2013-07-02,1870,1980,2030,1975,2030,2266
2013-07-03,1841,1950,2030,1920,2030,8278
2013-07-04,1827,1935,2005,1910,2005,15111
2013-07-05,1803,1910,1935,1910,1935,2954
2013-07-08,1803,1910,1935,1890,1890,4023
2013-07-09,1794,1900,1985,1880,1985,3455
2013-07-10,1752,1855,1970,1855,1930,19906
2013-07-11,1837,1945,1945,1880,1890,16871
2013-07-12,1822,1930,1975,1895,1975,22619
2013-07-15,1846,1955,1960,1915,1960,642
2013-07-16,1855,1965,1975,1950,1965,4408
2013-07-17,1841,1950,2020,1940,2020,6253
2013-07-18,1822,1930,1970,1905,1970,8430
2013-07-19,1822,1930,1950,1905,1950,10501
2013-07-22,1818,1925,1945,1920,1945,7380
2013-07-23,1846,1955,1960,1925,1925,3245
2013-07-24,1884,1995,2060,1930,1980,28598
2013-07-25,1898,2010,2025,1965,1995,27513
2013-07-26,1841,1950,2025,1945,2020,23159
2013-07-29,1912,2025,2140,1960,1990,44324
2013-07-30,1964,2080,2175,1995,2020,35035
2013-07-31,1945,2060,2165,2050,2120,19084
2013-08-01,1936,2050,2100,2025,2100,22103
2013-08-02,1955,2070,2070,2040,2070,5890
2013-08-05,1922,2035,2115,2035,2115,9880
2013-08-06,1903,2015,2080,2000,2080,6971
2013-08-07,1888,2000,2025,1990,2015,3009
2013-08-08,1851,1960,2075,1955,2075,19876
2013-08-09,1879,1990,1990,1960,1970,3792
2013-08-12,1851,1960,2025,1955,2025,10853
2013-08-13,1860,1970,1980,1960,1980,4921
2013-08-14,1907,2020,2040,1960,1970,9553
2013-08-16,1903,2015,2045,1980,2020,6913
2013-08-19,1917,2030,2055,2000,2055,7045
2013-08-20,1917,2030,2055,2000,2055,2996
2013-08-21,1903,2015,2035,1980,2035,7497
2013-08-22,1855,1965,2015,1930,2015,43311
2013-08-23,1860,1970,1990,1950,1970,5626
2013-08-26,1879,1990,2000,1950,2000,8027
2013-08-27,1874,1985,2050,1965,1965,17901
2013-08-28,1888,2000,2000,1965,2000,11541
2013-08-29,2172,2300,2300,2300,2300,160826
2013-08-30,2115,2240,2595,2240,2500,1578605
2013-09-02,2432,2575,2575,2270,2280,1626415
2013-09-03,2474,2620,2805,2550,2750,2543760
2013-09-04,2493,2640,2670,2575,2640,750703
2013-09-05,2394,2535,2730,2535,2640,1252869
2013-09-06,2323,2460,2575,2410,2530,537389
2013-09-09,2266,2400,2495,2400,2475,308383
2013-09-10,2205,2335,2405,2300,2390,355361
2013-09-11,2214,2345,2400,2320,2355,319002
2013-09-12,2148,2275,2390,2270,2355,221216
2013-09-13,2181,2310,2325,2260,2265,101111
2013-09-16,2186,2315,2360,2275,2295,91739
2013-09-17,2219,2350,2360,2275,2310,111067
2013-09-23,2233,2365,2385,2335,2350,106501
2013-09-24,2087,2210,2375,2210,2360,178786
2013-09-25,2077,2200,2240,2130,2205,131166
2013-09-26,2101,2225,2225,2175,2190,50679
2013-09-27,2106,2230,2240,2200,2205,52326
2013-09-30,2077,2200,2255,2180,2255,48525
2013-10-01,2021,2140,2200,2130,2200,103774
2013-10-02,2059,2180,2180,2145,2150,39652
2013-10-04,2059,2180,2210,2145,2180,15870
2013-10-07,1973,2090,2205,2090,2195,54335
2013-10-08,2030,2150,2195,2060,2090,48656
2013-10-10,2101,2225,2225,2130,2150,45337
2013-10-11,2101,2225,2285,2205,2230,57819
2013-10-14,2115,2240,2240,2190,2190,49369
2013-10-15,2129,2255,2285,2225,2225,17611
2013-10-16,2115,2240,2290,2240,2255,50369
2013-10-17,2115,2240,2285,2205,2230,62398
2013-10-18,2063,2185,2250,2150,2240,36183
2013-10-21,2195,2325,2445,2210,2215,442313
2013-10-22,2195,2325,2380,2310,2360,67247
2013-10-23,2167,2295,2380,2295,2380,28504
2013-10-24,2129,2255,2340,2230,2335,40950
2013-10-25,2134,2260,2335,2240,2285,38319
2013-10-28,2092,2215,2330,2205,2300,88595
2013-10-29,2106,2230,2285,2195,2240,29741
2013-10-30,2148,2275,2295,2235,2270,28028
2013-10-31,2167,2295,2325,2260,2295,25763
2013-11-01,2177,2305,2320,2255,2320,82349
2013-11-04,2148,2275,2435,2275,2435,85006
2013-11-05,2139,2265,2320,2250,2320,28049
2013-11-06,2139,2265,2320,2235,2320,48884
2013-11-07,2077,2200,2275,2200,2275,26551
2013-11-08,2082,2205,2215,2180,2200,8278
2013-11-11,2030,2150,2250,2120,2210,33500
2013-11-12,2068,2190,2215,2150,2150,5807
2013-11-13,2059,2180,2210,2060,2210,86712
2013-11-14,2167,2295,2305,2200,2270,99219
2013-11-15,2181,2310,2325,2260,2295,53660
2013-11-18,2181,2310,2355,2265,2355,23233
2013-11-19,2144,2270,2385,2240,2310,72895
2013-11-20,2162,2290,2330,2250,2330,11070
2013-11-21,2129,2255,2325,2235,2325,22621
2013-11-22,2077,2200,2290,2200,2290,16268
2013-11-25,2096,2220,2260,2195,2200,10276
2013-11-26,2063,2185,2225,2125,2225,17660
2013-11-27,2068,2190,2240,2160,2190,13524
2013-11-28,2144,2270,2275,2165,2230,12309
2013-11-29,2153,2280,2295,2235,2270,23628
2013-12-02,2158,2285,2340,2250,2310,50077
2013-12-03,2162,2290,2295,2220,2285,57910
2013-12-04,2210,2340,2435,2270,2310,130522
2013-12-05,2167,2295,2365,2290,2365,36918
2013-12-06,2191,2320,2340,2275,2275,53211
2013-12-09,2252,2385,2425,2315,2355,90479
2013-12-10,2361,2500,2585,2360,2400,539346
2013-12-11,2295,2430,2600,2430,2550,208669
2013-12-12,2210,2340,2450,2310,2430,161166
2013-12-13,2257,2390,2400,2310,2310,49872
2013-12-16,2219,2350,2390,2330,2365,46532
2013-12-17,2191,2320,2390,2290,2390,64251
2013-12-18,2148,2275,2365,2240,2365,56214
2013-12-19,2162,2290,2315,2265,2275,15917
2013-12-20,2172,2300,2315,2270,2270,33490
2013-12-23,2195,2325,2350,2300,2350,10349
2013-12-24,2200,2330,2360,2320,2350,37137
2013-12-26,2210,2340,2380,2315,2330,43241
2013-12-27,2258,2330,2340,2285,2300,35933
2013-12-30,2297,2370,2400,2330,2340,38312
2014-01-02,2297,2370,2415,2370,2370,40861
2014-01-03,2302,2375,2400,2360,2370,22439
2014-01-06,2311,2385,2415,2360,2380,39327
2014-01-07,2365,2440,2460,2360,2370,30354
2014-01-08,2370,2445,2460,2410,2440,22354
2014-01-09,2394,2470,2480,2430,2460,19615
2014-01-10,2413,2490,2490,2425,2485,37674
2014-01-13,2418,2495,2500,2455,2470,29372
2014-01-14,2413,2490,2520,2455,2465,27891
2014-01-15,2394,2470,2510,2425,2495,30567
2014-01-16,2370,2445,2495,2405,2470,41400
2014-01-17,2370,2445,2455,2415,2425,29726
2014-01-20,2379,2455,2505,2435,2445,33752
2014-01-21,2428,2505,2525,2430,2440,87573
2014-01-22,2433,2510,2545,2485,2530,27381
2014-01-23,2462,2540,2555,2490,2500,83004
2014-01-24,2437,2515,2545,2495,2540,46164
2014-01-27,2350,2425,2490,2360,2460,57003
2014-01-28,2316,2390,2470,2380,2425,50519
2014-01-29,2345,2420,2420,2370,2405,23683
2014-02-03,2340,2415,2420,2390,2420,47770
2014-02-04,2336,2410,2500,2365,2365,33983
2014-02-05,2331,2405,2430,2375,2420,37417
2014-02-06,2394,2470,2475,2390,2405,57793
2014-02-07,2452,2530,2550,2475,2490,66862
2014-02-10,2505,2585,2615,2530,2530,63334
2014-02-11,2481,2560,2610,2525,2585,36753
2014-02-12,2534,2615,2695,2540,2560,104255
2014-02-13,2554,2635,2650,2580,2620,36201
2014-02-14,2549,2630,2685,2570,2635,47940
2014-02-17,2568,2650,2660,2620,2630,82331
2014-02-18,2578,2660,2700,2625,2700,39163
2014-02-19,2549,2630,2660,2600,2640,29100
2014-02-20,2500,2580,2630,2540,2630,68223
2014-02-21,2525,2605,2625,2580,2580,26822
2014-02-24,2568,2650,2680,2585,2585,43220
2014-02-25,2651,2735,2760,2625,2675,123345
2014-02-26,2670,2755,2780,2695,2720,85982
2014-02-27,2675,2760,2780,2720,2760,48559
2014-02-28,2685,2770,2805,2705,2750,52158
2014-03-03,2534,2615,2795,2615,2770,126043
2014-03-04,2554,2635,2660,2575,2625,94256
2014-03-05,2593,2675,2685,2625,2675,64085
2014-03-06,2612,2695,2700,2660,2660,36313
2014-03-07,2607,2690,2710,2625,2695,63847
2014-03-10,2602,2685,2725,2645,2690,29390
2014-03-11,2520,2600,2695,2600,2695,65786
2014-03-12,2530,2610,2620,2575,2620,31189
2014-03-13,2534,2615,2645,2585,2620,29103
2014-03-14,2471,2550,2620,2545,2590,56961
2014-03-17,2384,2460,2565,2460,2550,82324
2014-03-18,2500,2580,2580,2455,2460,37226
2014-03-19,2520,2600,2600,2565,2580,17484
2014-03-20,2568,2650,2680,2590,2590,14170
2014-03-21,2568,2650,2745,2650,2650,55691
2014-03-24,2559,2640,2720,2630,2685,34207
2014-03-25,2549,2630,2710,2610,2710,12999
2014-03-26,2530,2610,2635,2605,2620,10846
2014-03-27,2520,2600,2645,2580,2645,9420
2014-03-28,2505,2585,2610,2515,2610,19030
2014-03-31,2568,2650,2790,2580,2580,39767
2014-04-01,2578,2660,2690,2640,2690,14993
2014-04-02,2597,2680,2700,2620,2680,30048
2014-04-03,2641,2725,2775,2645,2690,48544
2014-04-04,2593,2675,2750,2665,2750,14750
2014-04-07,2544,2625,2675,2600,2670,29524
2014-04-08,2544,2625,2650,2620,2650,12954
2014-04-09,2534,2615,2655,2565,2655,24263
2014-04-10,2530,2610,2665,2585,2660,36648
2014-04-11,2505,2585,2615,2570,2600,21273
2014-04-14,2559,2640,2690,2585,2585,15535
2014-04-15,2539,2620,2670,2615,2670,16653
2014-04-16,2554,2635,2690,2620,2620,38686
2014-04-17,2544,2625,2665,2625,2650,17889
2014-04-18,2549,2630,2670,2615,2670,20453
2014-04-21,2515,2595,2630,2595,2630,24775
2014-04-22,2520,2600,2610,2565,2610,40963
2014-04-23,2510,2590,2655,2590,2605,15721
2014-04-24,2462,2540,2620,2535,2600,31142
2014-04-25,2462,2540,2620,2535,2590,10059
2014-04-28,2491,2570,2595,2540,2595,14175
2014-04-29,2500,2580,2680,2550,2680,6866
2014-04-30,2481,2560,2620,2540,2580,9426
2014-05-02,2491,2570,2600,2560,2560,16445
2014-05-07,2505,2585,2595,2500,2570,26734
2014-05-08,2500,2580,2600,2560,2600,10811
2014-05-09,2486,2565,2575,2520,2540,6437
2014-05-12,2394,2470,2585,2455,2585,40926
2014-05-13,2418,2495,2515,2460,2500,23714
2014-05-14,2500,2580,2600,2490,2510,33289
2014-05-15,2549,2630,2660,2585,2585,35462
2014-05-16,2534,2615,2695,2610,2695,44839
2014-05-19,2597,2680,2680,2575,2665,39427
2014-05-20,2656,2740,2750,2640,2685,70492
2014-05-21,2699,2785,2785,2720,2775,65093
2014-05-22,3101,3200,3200,2755,2800,618701
2014-05-23,3082,3180,3380,3160,3330,663784
2014-05-26,3077,3175,3320,3130,3230,376512
2014-05-27,2937,3030,3280,3010,3170,326274
2014-05-28,2961,3055,3070,2975,3040,115093
2014-05-29,2937,3030,3070,2955,3040,96576
2014-05-30,2937,3030,3040,2930,3030,47719
2014-06-02,2830,2920,3040,2885,3040,63057
2014-06-03,2830,2920,2965,2815,2850,50890
2014-06-05,2791,2880,2975,2860,2920,26480
2014-06-09,2772,2860,2950,2835,2880,19389
2014-06-10,2869,2960,2960,2855,2870,18472
2014-06-11,2966,3060,3065,2925,2960,48852
2014-06-12,2966,3060,3095,3010,3060,25444
2014-06-13,2966,3060,3085,2990,3035,34162
2014-06-16,2932,3025,3110,3020,3050,31668
2014-06-17,2932,3025,3070,2990,3070,31691
2014-06-18,2946,3040,3080,2995,3080,32903
2014-06-19,2966,3060,3085,3000,3080,28000
2014-06-20,3029,3125,3210,3050,3100,64743
2014-06-23,2980,3075,3185,3075,3185,45510
2014-06-24,3097,3195,3210,3050,3095,63882
2014-06-25,3397,3505,3625,3205,3205,672958
2014-06-26,3368,3475,3530,3420,3490,138423
2014-06-27,3513,3625,3745,3460,3490,511649
2014-06-30,3441,3550,3645,3490,3630,134917
2014-07-01,3446,3555,3585,3465,3555,97688
2014-07-02,3538,3650,3650,3495,3570,117409
2014-07-03,3620,3735,3735,3625,3690,78932
2014-07-04,3547,3660,3780,3650,3740,98894
2014-07-07,3528,3640,3670,3555,3670,59018
2014-07-08,3533,3645,3650,3575,3635,27933
2014-07-09,3509,3620,3650,3555,3645,26108
2014-07-10,3668,3785,3805,3620,3700,132796
2014-07-11,3615,3730,3870,3670,3785,42621
2014-07-14,3596,3710,3850,3690,3850,41386
2014-07-15,3518,3630,3750,3630,3705,62601
2014-07-16,3489,3600,3690,3585,3660,27230
2014-07-17,3683,3800,3810,3605,3670,41076
2014-07-18,3838,3960,3980,3785,3785,87710
2014-07-21,3804,3925,3990,3815,3985,61124
2014-07-22,3741,3860,3950,3850,3925,33011
2014-07-23,3722,3840,3940,3800,3940,26680
2014-07-24,3683,3800,3905,3790,3840,21824
2014-07-25,3702,3820,3840,3700,3840,18694
2014-07-28,3499,3610,3815,3490,3815,87133
2014-07-29,3659,3775,3850,3490,3570,77760
2014-07-30,3586,3700,3880,3700,3880,26848
2014-07-31,3581,3695,3780,3685,3705,15056
2014-08-01,3673,3790,3795,3645,3780,14187
2014-08-04,3722,3840,3920,3775,3920,17081
2014-08-05,3722,3840,3920,3810,3890,18811
2014-08-06,3727,3845,3900,3720,3900,15038
2014-08-07,3673,3790,3885,3750,3880,30400
2014-08-08,3668,3785,3795,3700,3795,15241
2014-08-11,3659,3775,3880,3650,3880,19650
2014-08-12,3654,3770,3820,3680,3820,5379
2014-08-13,3581,3695,3875,3695,3790,14879
2014-08-14,3358,3465,3635,3260,3600,358076
2014-08-18,3164,3265,3490,3255,3465,127241
2014-08-19,3038,3135,3340,3135,3320,97570
2014-08-20,3135,3235,3295,3145,3145,95217
2014-08-21,3150,3250,3320,3230,3230,35457
2014-08-22,3155,3255,3320,3180,3320,20402
2014-08-25,3145,3245,3295,3170,3250,23149
2014-08-26,3131,3230,3290,3185,3250,16973
2014-08-27,3101,3200,3250,3135,3250,46011
2014-08-28,2985,3080,3230,3060,3200,108932
2014-08-29,2820,2910,3120,2865,3120,140978
2014-09-01,2815,2905,2955,2815,2950,61593
2014-09-02,2815,2905,2910,2855,2905,52895
2014-09-03,2743,2830,2900,2795,2865,126708
2014-09-04,2777,2865,2920,2760,2795,96561
2014-09-05,2626,2710,2900,2705,2845,200220
2014-09-11,2767,2855,2870,2710,2710,114279
2014-09-12,2757,2845,2860,2800,2855,50296
2014-09-15,2728,2815,2860,2765,2860,47544
2014-09-16,2777,2865,2865,2790,2830,37984
2014-09-17,2820,2910,2935,2845,2865,55528
2014-09-18,2869,2960,3025,2920,2930,49905
2014-09-19,2878,2970,3010,2925,2960,17279
2014-09-22,2878,2970,3020,2875,3020,38901
2014-09-23,2825,2915,2965,2885,2965,62982
2014-09-24,2903,2995,3000,2920,2960,43661
2014-09-25,2971,3065,3070,2980,3040,103013
2014-09-26,2971,3065,3090,3020,3065,30979
2014-09-29,2888,2980,3090,2940,3040,93245
2014-09-30,3092,3190,3195,2955,3025,253634
2014-10-01,2990,3085,3190,3085,3190,51740
2014-10-02,2941,3035,3090,2965,3025,22359
2014-10-06,2903,2995,3090,2950,3035,49264
2014-10-07,2864,2955,3020,2940,3020,49206
2014-10-08,2869,2960,3000,2925,2985,16836
2014-10-10,2782,2870,3000,2870,2960,32246
2014-10-13,2680,2765,2995,2605,2950,77495
2014-10-14,2782,2870,2870,2710,2785,40140
2014-10-15,2937,3030,3045,2790,2900,47287
2014-10-16,2888,2980,3055,2860,3055,150339
2014-10-17,2951,3045,3350,2995,3125,980142
2014-10-20,2878,2970,3130,2950,3045,106862
2014-10-21,2782,2870,3040,2865,2970,94970
2014-10-22,2728,2815,3030,2815,2895,69564
2014-10-23,2806,2895,2935,2815,2820,46869
2014-10-24,2820,2910,3045,2900,2935,79867
2014-10-27,2772,2860,2960,2860,2960,28376
2014-10-28,2820,2910,2925,2870,2920,19362
2014-10-29,2811,2900,2940,2815,2910,35770
2014-10-30,2772,2860,2900,2825,2900,14461
2014-10-31,2743,2830,2900,2810,2900,11349
2014-11-03,2704,2790,2915,2790,2835,27354
2014-11-04,2694,2780,2875,2730,2810,48287
2014-11-05,2534,2615,2835,2605,2780,38644
2014-11-06,2510,2590,2640,2500,2600,51864
2014-11-07,2520,2600,2640,2565,2640,24346
2014-11-10,2617,2700,2710,2550,2600,42869
2014-11-11,2593,2675,2745,2675,2745,12244
2014-11-12,2602,2685,2790,2645,2675,5232
2014-11-13,2641,2725,2745,2690,2745,3220
2014-11-14,2588,2670,2765,2670,2765,25344
2014-11-17,2471,2550,2725,2520,2725,45329
2014-11-18,2433,2510,2585,2495,2580,54862
2014-11-19,2418,2495,2550,2485,2510,29382
2014-11-20,2544,2625,2795,2495,2495,79413
2014-11-21,2568,2650,2655,2590,2650,12284
2014-11-24,2539,2620,2750,2620,2750,21811
2014-11-25,2520,2600,2690,2575,2620,19408
2014-11-26,2559,2640,2675,2545,2675,21016
2014-11-27,2437,2515,2665,2510,2665,23399
2014-11-28,2418,2495,2550,2495,2550,12276
2014-12-01,2457,2535,2595,2445,2495,44461
2014-12-02,2437,2515,2590,2490,2590,7939
2014-12-03,2423,2500,2545,2495,2500,12141
2014-12-04,2476,2555,2555,2500,2500,15764
2014-12-05,2539,2620,2620,2540,2580,13940
2014-12-08,2525,2605,2685,2605,2685,6232
2014-12-09,2510,2590,2680,2550,2680,4003
2014-12-10,2457,2535,2630,2535,2570,10697
2014-12-11,2452,2530,2545,2475,2530,6656
2014-12-12,2423,2500,2595,2485,2595,19173
2014-12-15,2433,2510,2530,2475,2485,7121
2014-12-16,2442,2520,2530,2485,2510,6421
2014-12-17,2394,2470,2700,2470,2620,23969
2014-12-18,2394,2470,2515,2445,2450,12237
2014-12-19,2437,2515,2530,2445,2530,24519
2014-12-22,2408,2485,2520,2475,2500,6341
2014-12-23,2326,2400,2485,2385,2460,44042
2014-12-24,2326,2400,2450,2390,2400,22626
2014-12-26,2336,2410,2455,2400,2400,33509
2014-12-29,2390,2405,2490,2395,2455,15685
2014-12-30,2385,2400,2470,2400,2405,31317
2015-01-02,2425,2440,2445,2375,2400,26186
2015-01-05,2435,2450,2465,2420,2420,16294
2015-01-06,2465,2480,2490,2400,2450,40967
2015-01-07,2470,2485,2490,2445,2455,23111
2015-01-08,2569,2585,2600,2460,2480,39736
2015-01-09,2599,2615,2635,2580,2600,18285
2015-01-12,2624,2640,2695,2605,2695,8359
2015-01-13,2624,2640,2690,2620,2690,10215
2015-01-14,2634,2650,2680,2620,2660,6635
2015-01-15,2589,2605,2695,2600,2660,17903
2015-01-16,2644,2660,2660,2565,2640,12689
2015-01-19,2544,2560,2690,2535,2660,28229
2015-01-20,2574,2590,2640,2515,2590,21062
2015-01-21,2569,2585,2635,2570,2635,14815
2015-01-22,2569,2585,2605,2545,2580,12130
2015-01-23,2619,2635,2640,2570,2615,7834
2015-01-26,2515,2530,2695,2530,2665,79355
2015-01-27,2485,2500,2575,2475,2530,42283
2015-01-28,2559,2575,2690,2475,2500,102642
2015-01-29,2619,2635,2645,2570,2605,14314
2015-01-30,2634,2650,2710,2605,2665,17458
2015-02-02,2664,2680,2720,2645,2720,34318
2015-02-03,2629,2645,2710,2600,2670,23134
2015-02-04,2624,2640,2695,2610,2695,13927
2015-02-05,2679,2695,2695,2615,2650,23993
2015-02-06,2703,2720,2765,2645,2695,79518
2015-02-09,2708,2725,2760,2670,2760,122593
2015-02-10,2703,2720,2785,2680,2740,58540
2015-02-11,2733,2750,2780,2705,2750,24310
2015-02-12,2758,2775,2780,2695,2725,19350
2015-02-13,2584,2600,2700,2590,2700,81084
2015-02-16,2490,2505,2590,2450,2590,49258
2015-02-17,2544,2560,2560,2470,2535,22326
2015-02-23,2584,2600,2650,2560,2560,10878
2015-02-24,2594,2610,2650,2580,2650,8989
2015-02-25,2639,2655,2660,2600,2625,13523
2015-02-26,2674,2690,2715,2660,2660,7556
2015-02-27,2788,2805,2850,2705,2740,72980
2015-03-02,2733,2750,2835,2750,2835,18017
2015-03-03,2793,2810,2860,2715,2750,25152
2015-03-04,2838,2855,2860,2815,2855,18119
2015-03-05,2853,2870,2900,2855,2870,19179
2015-03-06,2882,2900,2925,2855,2855,34796
2015-03-09,2823,2840,2930,2790,2900,28429
2015-03-10,2798,2815,2900,2815,2880,7310
2015-03-11,2927,2945,2950,2835,2950,71545
2015-03-12,2902,2920,2965,2905,2960,23055
2015-03-13,3131,3150,3200,2930,2930,60546
2015-03-16,3071,3090,3200,2985,3200,92730
2015-03-17,3146,3165,3215,3040,3090,96217
2015-03-18,3076,3095,3195,3030,3195,50322
2015-03-19,3032,3050,3160,3050,3120,36479
2015-03-20,3076,3095,3140,3000,3060,29348
2015-03-23,3076,3095,3095,3040,3095,18318
2015-03-24,3061,3080,3140,3065,3095,32596
2015-03-25,3032,3050,3100,3020,3095,26989
2015-03-26,3002,3020,3085,3020,3050,21570
2015-03-27,3032,3050,3115,3000,3115,14439
2015-03-30,3091,3110,3120,3030,3085,11319
2015-03-31,3096,3115,3190,3095,3190,4393
2015-04-01,3096,3115,3150,3100,3140,37732
2015-04-02,2987,3005,3150,2995,3140,62167
2015-04-03,3071,3090,3100,2970,3000,14781
2015-04-06,3101,3120,3155,3095,3155,8562
2015-04-07,3036,3055,3180,3055,3120,16399
2015-04-08,3230,3250,3275,2980,3090,54888
2015-04-09,3171,3190,3285,3180,3250,7989
2015-04-10,3146,3165,3245,3130,3245,33658
2015-04-13,3181,3200,3280,3135,3280,25515
2015-04-14,3071,3090,3230,3070,3200,30823
2015-04-15,3081,3100,3300,3100,3140,50260
2015-04-16,3156,3175,3190,3100,3190,26767
2015-04-17,3201,3220,3300,3115,3135,53030
2015-04-20,3181,3200,3275,3175,3275,15391
2015-04-21,3166,3185,3275,3115,3275,37470
2015-04-22,3106,3125,3200,3010,3200,46741
2015-04-23,3096,3115,3145,3060,3130,16169
2015-04-24,3051,3070,3185,3050,3185,21831
2015-04-27,3046,3065,3135,3030,3105,11716
2015-04-28,2962,2980,3075,2980,3065,29177
2015-04-29,3027,3045,3055,2975,3030,16790
2015-04-30,2892,2910,3145,2910,3090,18989
2015-05-04,2813,2830,2970,2805,2910,35641
2015-05-06,2768,2785,2860,2740,2830,30542
2015-05-07,2733,2750,2785,2680,2785,44848
2015-05-08,2858,2875,2875,2720,2720,11381
2015-05-11,2942,2960,2975,2875,2940,11381
2015-05-12,2962,2980,3000,2945,3000,7193
2015-05-13,2987,3005,3005,2905,3000,14859
2015-05-14,3141,3160,3185,3010,3070,35386
2015-05-15,3191,3210,3220,3035,3160,38492
2015-05-18,2853,2870,3150,2860,3150,122615
2015-05-19,2863,2880,2910,2845,2900,10656
2015-05-20,2887,2905,2980,2870,2880,14441
2015-05-21,2753,2770,2930,2725,2930,63012
2015-05-22,2838,2855,2875,2750,2770,20827
2015-05-26,2833,2850,2880,2775,2855,17700
2015-05-27,2783,2800,2875,2800,2875,7809
2015-05-28,2907,2925,2950,2800,2800,23678
2015-05-29,2932,2950,2960,2860,2925,14982
2015-06-01,3051,3070,3240,2950,2980,79798
2015-06-02,2882,2900,3195,2820,3195,83553
2015-06-03,2833,2850,2985,2805,2980,31536
2015-06-04,2863,2880,2945,2850,2945,6428
2015-06-05,2833,2850,2950,2835,2910,5541
2015-06-08,2833,2850,2945,2800,2910,5842
2015-06-09,2833,2850,2880,2815,2850,4306
2015-06-10,2877,2895,2995,2810,2870,10333
2015-06-11,2917,2935,2950,2905,2925,6162
2015-06-12,2902,2920,2980,2885,2980,6452
2015-06-15,2967,2985,3020,2920,3020,10005
2015-06-16,2867,2885,2985,2860,2985,14174
2015-06-17,2917,2935,2950,2860,2945,7421
2015-06-18,2848,2865,2995,2865,2995,8961
2015-06-19,2877,2895,2920,2850,2890,12553
2015-06-22,2882,2900,2950,2800,2950,12548
2015-06-23,2932,2950,2950,2890,2900,13033
2015-06-24,2957,2975,2980,2900,2950,8129
2015-06-25,2917,2935,2995,2895,2995,5213
2015-06-26,2897,2915,2945,2815,2945,15788
2015-06-29,2763,2780,2905,2780,2840,9628
2015-06-30,2833,2850,2850,2760,2820,10151
2015-07-01,2912,2930,2950,2825,2850,12574
2015-07-02,2887,2905,2950,2875,2950,1641
2015-07-03,2867,2885,2935,2825,2935,6874
2015-07-06,2872,2890,2940,2865,2940,829
2015-07-07,2897,2915,2920,2810,2920,9368
2015-07-08,2887,2905,2945,2820,2945,4720
2015-07-09,2877,2895,2920,2710,2920,22706
2015-07-10,2833,2850,3040,2800,2910,14957
2015-07-13,2843,2860,2965,2815,2850,22953
2015-07-14,2907,2925,2940,2830,2885,13275
2015-07-15,2877,2895,2950,2845,2925,26125
2015-07-16,2872,2890,2940,2845,2940,5784
2015-07-17,2877,2895,2945,2840,2890,21853
2015-07-20,2882,2900,2950,2860,2950,5910
2015-07-21,2902,2920,2990,2855,2855,12471
2015-07-22,2858,2875,2980,2870,2980,16145
2015-07-23,2897,2915,2940,2870,2875,1848
2015-07-24,2863,2880,2915,2820,2915,17010
2015-07-27,2853,2870,2885,2820,2880,11966
2015-07-28,2808,2825,2870,2720,2870,13410
2015-07-29,2843,2860,2865,2825,2825,3619
2015-07-30,2783,2800,2860,2800,2860,5031
2015-07-31,2783,2800,2800,2750,2765,2656
2015-08-03,2689,2705,2830,2690,2830,19054
2015-08-04,2684,2700,2745,2660,2705,12777
2015-08-05,2694,2710,2710,2660,2700,3233
2015-08-06,2694,2710,2730,2685,2710,6978
2015-08-07,2684,2700,2710,2665,2710,1727
2015-08-10,2768,2785,2925,2590,2730,9118
2015-08-11,2768,2785,2810,2720,2810,1863
2015-08-12,2743,2760,2785,2635,2785,1883
2015-08-13,2743,2760,2760,2710,2760,1155
2015-08-14,2743,2760,2760,2760,2760,0
2015-08-17,2783,2800,2810,2655,2785,3677
2015-08-18,2768,2785,2810,2720,2810,3798
2015-08-19,2758,2775,2785,2610,2785,2505
2015-08-20,2604,2620,2855,2620,2675,18409
2015-08-21,2415,2430,2595,2300,2300,17054
2015-08-24,2569,2585,2585,2370,2450,1161
2015-08-25,2515,2530,2595,2530,2575,4481
2015-08-26,2559,2575,2595,2475,2530,1622
2015-08-27,2554,2570,2695,2525,2630,2226
2015-08-28,2629,2645,2680,2530,2590,1219
2015-08-31,2694,2710,2725,2620,2680,4251
2015-09-01,2664,2680,2740,2580,2740,1177
2015-09-02,2624,2640,2680,2580,2680,212
2015-09-03,2554,2570,2650,2485,2650,5137
2015-09-04,2390,2405,2600,2400,2570,8623
2015-09-07,2470,2485,2540,2450,2450,12283
2015-09-08,2594,2610,2640,2510,2510,6050
2015-09-09,2624,2640,2645,2620,2645,787
2015-09-10,2664,2680,2680,2640,2640,3820
2015-09-11,2758,2775,2785,2680,2710,5926
2015-09-14,2763,2780,2780,2680,2775,2476
2015-09-15,2659,2675,2810,2655,2775,2779
2015-09-16,2723,2740,2750,2675,2675,469
2015-09-17,2604,2620,2790,2620,2775,5129
2015-09-18,2674,2690,2695,2625,2675,9182
2015-09-21,2723,2740,2740,2675,2740,205
2015-09-22,2723,2740,2760,2620,2760,4675
2015-09-23,2748,2765,2800,2655,2800,4352
2015-09-24,2698,2715,3000,2710,2780,23571
2015-09-25,2748,2765,2795,2550,2715,22967
2015-09-30,2743,2760,2795,2550,2715,24190
2015-10-01,2748,2765,2790,2700,2790,3283
2015-10-02,2753,2770,2820,2655,2765,7466
2015-10-05,2753,2770,2895,2720,2895,2170
2015-10-06,2768,2785,2830,2705,2830,14699
2015-10-07,2783,2800,2800,2750,2800,7470
2015-10-08,2634,2650,2830,2650,2830,7936
2015-10-12,2669,2685,2710,2650,2650,4398
2015-10-13,2713,2730,2740,2685,2730,16303
2015-10-14,3524,3545,3545,2745,2745,278680
2015-10-15,3449,3470,4470,3470,3950,1271474
2015-10-16,3250,3270,3480,3185,3480,374202
2015-10-19,3096,3115,3365,3115,3340,171510
2015-10-20,3240,3260,3270,3085,3180,130833
2015-10-21,3280,3300,3330,3240,3260,79711
2015-10-22,3215,3235,3395,3215,3330,60820
2015-10-23,3161,3180,3270,3130,3270,37588
2015-10-26,3280,3300,3500,3185,3185,130798
2015-10-27,3280,3300,3600,3260,3345,164420
2015-10-28,3235,3255,3385,3230,3320,54765
2015-10-29,3220,3240,3360,3240,3255,28431
2015-10-30,3240,3260,3340,3100,3340,35436
2015-11-02,3335,3355,3620,3240,3315,124058
2015-11-03,3389,3410,3465,3350,3395,47581
2015-11-04,3434,3455,3600,3370,3430,80777
2015-11-05,3454,3475,3550,3400,3550,21156
2015-11-06,3305,3325,3495,3300,3495,38822
2015-11-09,3270,3290,3325,3100,3310,43053
2015-11-10,3081,3100,3255,3080,3110,50847
2015-11-11,3146,3165,3195,3110,3190,9546
2015-11-12,3151,3170,3200,3100,3110,22970
2015-11-13,3106,3125,3295,3090,3120,27589
2015-11-16,3106,3125,3200,3090,3200,5487
2015-11-17,3071,3090,3120,3035,3120,10689
2015-11-18,3007,3025,3120,2965,3120,23279
2015-11-19,2962,2980,3085,2980,3060,17347
2015-11-20,3051,3070,3090,2920,2980,47042
2015-11-23,3017,3035,3135,3015,3135,25435
2015-11-24,3046,3065,3100,3000,3030,25093
2015-11-25,3061,3080,3150,3065,3150,16391
2015-11-26,3141,3160,3195,3080,3080,18761
2015-11-27,3379,3400,3550,3195,3265,112034
2015-11-30,3335,3355,3450,3235,3400,75073
2015-12-01,3399,3420,3470,3300,3440,24359
2015-12-02,3335,3355,3440,3310,3440,15049
2015-12-03,3355,3375,3375,3280,3305,25469
2015-12-04,3355,3375,3415,3255,3255,15845
2015-12-07,3345,3365,3450,3325,3450,12974
2015-12-08,3330,3350,3390,3190,3255,21669
2015-12-09,3230,3250,3400,3185,3400,22811
2015-12-10,3280,3300,3385,3230,3320,22276
2015-12-11,3295,3315,3370,3235,3370,12290
2015-12-14,3379,3400,3475,3270,3310,67646
2015-12-15,3379,3400,3655,3340,3470,136722
2015-12-16,3345,3365,3495,3320,3420,33904
2015-12-17,3499,3520,3550,3375,3420,46757
2015-12-18,3707,3730,3750,3515,3515,111698
2015-12-21,3727,3750,3850,3570,3775,86423
2015-12-22,3653,3675,3740,3515,3720,63611
2015-12-23,3404,3425,3700,3425,3670,48153
2015-12-24,3404,3425,3535,3300,3505,41242
2015-12-28,3370,3390,3455,3330,3425,11976
2015-12-29,3370,3370,3495,3300,3390,22330
2015-12-30,3320,3320,3440,3250,3440,25234
2016-01-04,3260,3260,3385,3200,3320,13117
2016-01-05,3255,3255,3320,3170,3170,26992
2016-01-06,3290,3290,3320,3205,3255,26974
2016-01-07,3180,3180,3290,3155,3230,25394
2016-01-08,3120,3120,3180,3080,3180,21470
2016-01-11,3095,3095,3220,3055,3100,27593
2016-01-12,3060,3060,3200,3020,3200,90047
2016-01-13,3910,3910,3920,3010,3145,492921
2016-01-14,3540,3540,4260,3370,4035,1700091
2016-01-15,3425,3425,3670,3300,3615,352900
2016-01-18,3360,3360,3615,3285,3615,174200
2016-01-19,3160,3160,3360,3150,3220,212282
2016-01-20,3200,3200,3920,3190,3200,2237759
2016-01-21,3105,3105,3295,3045,3215,292323
2016-01-22,3030,3030,3275,3020,3230,194582
2016-01-25,3000,3000,3060,3000,3035,63341
2016-01-26,3020,3020,3070,2920,3000,61706
2016-01-27,3030,3030,3090,3000,3055,47711
2016-01-28,3040,3040,3060,2985,3060,33565
2016-01-29,3045,3045,3060,3000,3010,26144
2016-02-01,3030,3030,3080,3010,3080,33365
2016-02-02,2960,2960,3030,2950,2990,44897
2016-02-03,2850,2850,3005,2840,2990,58839
2016-02-04,2805,2805,2900,2800,2890,29426
2016-02-05,2825,2825,2835,2780,2805,17541
2016-02-11,2630,2630,2825,2630,2825,59150
2016-02-12,2560,2560,2700,2450,2570,79139
2016-02-15,2600,2600,2625,2525,2595,22972
2016-02-16,2605,2605,2660,2530,2600,30554
2016-02-17,2625,2625,2655,2580,2635,12368
2016-02-18,2645,2645,2645,2580,2640,29138
2016-02-19,2650,2650,2685,2625,2670,9722
2016-02-22,2645,2645,2740,2575,2600,21673
2016-02-23,2600,2600,2790,2600,2620,26329
2016-02-24,2555,2555,2650,2520,2650,33593
2016-02-25,2550,2550,2600,2520,2520,14873
2016-02-26,2580,2580,2585,2535,2560,5276
2016-02-29,2575,2575,2630,2540,2585,6403
2016-03-02,2635,2635,2635,2565,2575,20208
2016-03-03,2640,2640,2640,2600,2640,4394
2016-03-04,2620,2620,2635,2585,2605,25112
2016-03-07,2600,2600,2620,2585,2620,23327
2016-03-08,2610,2610,2670,2570,2670,29057
2016-03-09,2605,2605,2635,2585,2635,23297
2016-03-10,2610,2610,2650,2585,2585,15767
2016-03-11,2635,2635,2680,2590,2620,32486
2016-03-14,2610,2610,2645,2595,2615,18587
2016-03-15,2620,2620,2635,2600,2635,8763
2016-03-16,2575,2575,2620,2555,2600,25105
2016-03-17,2575,2575,2600,2550,2555,35464
2016-03-18,2580,2580,2610,2550,2575,38034
2016-03-21,2560,2560,2600,2550,2600,22110
2016-03-22,2575,2575,2595,2550,2560,11471
2016-03-23,2555,2555,2585,2550,2575,16300
2016-03-24,2560,2560,2580,2540,2580,18100
2016-03-25,2580,2580,2595,2550,2580,8754
2016-03-28,2700,2700,2780,2580,2595,98494
2016-03-29,2665,2665,2735,2630,2735,28143
2016-03-30,2660,2660,2695,2650,2655,14088
2016-03-31,2710,2710,2765,2650,2675,31169
2016-04-01,2640,2640,2730,2640,2725,16813
2016-04-04,3000,3000,3325,2700,2700,1155522
2016-04-05,2870,2870,3090,2850,3090,192404
2016-04-06,2870,2870,2950,2815,2910,147833
2016-04-07,2980,2980,3060,2860,2880,187853
2016-04-08,3055,3055,3490,3000,3045,931920
2016-04-11,3000,3000,3135,3000,3070,114018
2016-04-12,2930,2930,3050,2870,3030,99544
2016-04-14,2860,2860,2955,2835,2930,78814
2016-04-15,2870,2870,3045,2835,2970,121688
2016-04-18,2870,2870,2935,2845,2935,41065
2016-04-19,2945,2945,2970,2860,2910,71456
2016-04-20,3165,3165,3290,2920,2920,532095
2016-04-21,3130,3130,3190,3065,3185,79899
2016-04-22,4065,4065,4065,3095,3130,3433691
2016-04-25,4005,4005,4550,3845,4420,7745645
2016-04-26,4495,4495,4915,3860,4040,8930643
2016-04-27,4115,4115,4540,4090,4430,2455778
2016-04-28,3915,3915,4135,3800,4065,1345130
2016-04-29,3750,3750,3930,3715,3870,687102
2016-05-02,3520,3520,3770,3485,3740,713944
2016-05-03,3530,3530,3625,3460,3515,498970
2016-05-04,3445,3445,3580,3410,3530,233765
2016-05-09,3535,3535,3550,3340,3445,436280
2016-05-10,3590,3590,3590,3450,3490,247013
2016-05-11,3575,3575,3640,3530,3600,204971
2016-05-12,3540,3540,3735,3535,3620,338807
2016-05-13,3640,3640,3715,3565,3640,427988
2016-05-16,3450,3450,3660,3420,3660,287708
2016-05-17,3325,3325,3500,3255,3455,326916
2016-05-18,3300,3300,3550,3260,3325,335026
2016-05-19,3340,3340,3400,3250,3330,111341
2016-05-20,3315,3315,3395,3185,3395,211135
2016-05-23,3360,3360,3400,3215,3340,80208
2016-05-24,3795,3795,3985,3395,3405,2639773
2016-05-25,3655,3655,3910,3630,3910,631376
2016-05-26,3500,3500,3650,3440,3625,337241
2016-05-27,3450,3450,3570,3410,3500,175447
2016-05-30,3250,3250,3445,3245,3410,238451
2016-05-31,3345,3345,3395,3220,3220,124488
2016-06-01,3340,3340,3375,3260,3375,72621
2016-06-02,3310,3310,3375,3285,3375,122833
2016-06-03,3425,3425,3670,3370,3555,285417
2016-06-07,3405,3405,3475,3385,3425,89851
2016-06-08,3360,3360,3450,3350,3400,98419
2016-06-09,3495,3495,3535,3360,3360,224705
2016-06-10,3415,3415,3535,3405,3470,108681
2016-06-13,3320,3320,3395,3265,3350,95604
2016-06-14,3240,3240,3310,3195,3275,124632
2016-06-15,3220,3220,3270,3175,3230,66893
2016-06-16,3270,3270,3540,3200,3225,537280
2016-06-17,3200,3200,3385,3175,3340,103064
2016-06-20,3260,3260,3305,3170,3195,34107
2016-06-21,3430,3430,3470,3295,3295,194199
2016-06-22,3415,3415,3570,3360,3390,337129
2016-06-23,3355,3355,3470,3335,3470,91232
2016-06-24,3280,3280,3400,2820,3400,364983
2016-06-27,3320,3320,3335,3130,3225,161975
2016-06-28,3540,3540,3590,3270,3310,732062
2016-06-29,3530,3530,3640,3485,3640,358615
2016-06-30,3650,3650,3685,3505,3530,391343
2016-07-01,3710,3710,3775,3575,3675,514144
2016-07-04,3725,3725,3815,3635,3705,339255
2016-07-05,3780,3780,3835,3680,3730,364727
2016-07-06,3740,3740,3820,3660,3820,247290
2016-07-07,3620,3620,3810,3610,3740,223379
2016-07-08,3755,3755,3805,3670,3700,246059
2016-07-11,3830,3830,3860,3750,3755,254763
2016-07-12,3930,3930,4050,3830,3870,576401
2016-07-13,3935,3935,4020,3895,3975,313283
2016-07-14,3900,3900,3955,3795,3935,274171
2016-07-15,4000,4000,4170,3855,3920,537765
2016-07-18,4050,4050,4100,3985,4090,224042
2016-07-19,4160,4160,4160,3980,4055,283989
2016-07-20,4160,4160,4220,4050,4220,229034
2016-07-21,4175,4175,4285,4115,4230,284815
2016-07-22,4000,4000,4245,3985,4180,239015
2016-07-25,3950,3950,4045,3895,4040,153509
2016-07-26,3935,3935,4000,3910,3980,100358
2016-07-27,3935,3935,4045,3760,3945,128887
2016-07-28,3990,3990,4000,3930,3935,105323
2016-07-29,3990,3990,4035,3930,4030,152606
2016-08-01,4020,4020,4095,3970,4060,122413
2016-08-02,4005,4005,4125,4000,4080,162393
2016-08-03,3895,3895,4065,3875,4065,129041
2016-08-04,3900,3900,4030,3890,3895,143062
2016-08-05,3890,3890,3975,3850,3900,70993
2016-08-08,3770,3770,3930,3750,3930,139090
2016-08-09,3880,3880,3900,3740,3830,77102
2016-08-10,3950,3950,3980,3855,3920,134005
2016-08-11,3885,3885,3995,3700,3995,174093
2016-08-12,3875,3875,3920,3825,3920,128722
2016-08-16,3870,3870,3875,3800,3875,148798
2016-08-17,4000,4000,4180,3835,3920,577040
2016-08-18,4075,4075,4140,3900,4035,187468
2016-08-19,4120,4120,4250,4060,4075,198911
2016-08-22,4070,4070,4225,4010,4160,206144
2016-08-23,3975,3975,4100,3800,4070,150905
2016-08-24,4135,4135,4195,3975,4030,249717
2016-08-25,4000,4000,4165,3975,4135,204142
2016-08-26,3850,3850,4000,3835,4000,169259
2016-08-29,3640,3640,3850,3630,3750,191748
2016-08-30,3835,3835,3900,3640,3640,167139
2016-08-31,3770,3770,3995,3770,3970,95749
2016-09-01,3775,3775,3810,3700,3810,54073
2016-09-02,3810,3810,3840,3740,3815,52643
2016-09-05,3720,3720,3845,3695,3845,88426
2016-09-06,3675,3675,3785,3645,3720,61255
2016-09-07,3535,3535,3700,3390,3700,175140
2016-09-08,3415,3415,3590,3365,3590,207990
2016-09-09,3550,3550,3615,3280,3390,100561
2016-09-12,3450,3450,3545,3350,3545,54864
2016-09-13,3505,3505,3600,3345,3360,57530
2016-09-19,3500,3500,3545,3465,3505,41555
2016-09-20,3485,3485,3535,3275,3535,50137
2016-09-21,3440,3440,3520,3400,3435,30918
2016-09-22,3510,3510,3530,3435,3440,53241
2016-09-23,3500,3500,3510,3425,3480,50975
2016-09-26,3630,3630,3885,3465,3475,250239
2016-09-27,3580,3580,3650,3545,3630,66158
2016-09-28,3550,3550,3620,3500,3620,62889
2016-09-29,3510,3510,3585,3495,3585,43139
2016-09-30,3445,3445,3510,3410,3510,48879
2016-10-04,3385,3385,3445,3375,3445,61645
2016-10-05,3385,3385,3450,3370,3415,48557
2016-10-06,3385,3385,3455,3360,3440,93496
2016-10-07,3365,3365,3440,3300,3385,49257
2016-10-10,3330,3330,3430,3300,3365,24375
2016-10-11,3330,3330,3365,3325,3350,61184
2016-10-12,3315,3315,3390,3290,3390,29707
2016-10-13,3295,3295,3375,3245,3375,41328
2016-10-14,3230,3230,3330,3200,3330,33087
2016-10-17,3625,3625,4100,3100,3230,1448887
2016-10-18,3360,3360,3520,3315,3520,503324
2016-10-19,3365,3365,3420,3250,3360,132676
2016-10-20,3240,3240,3440,3225,3375,110762
2016-10-21,3230,3230,3350,3140,3200,102322
2016-10-24,3135,3135,3310,3115,3250,58307
2016-10-25,3055,3055,3200,3050,3055,71502
2016-10-26,3015,3015,3120,2870,3055,62029
2016-10-27,2960,2960,3100,2940,3045,69513
2016-10-28,2965,2965,3035,2910,2960,25953
2016-10-31,2805,2805,3020,2805,2965,59549
2016-11-01,2820,2820,2955,2750,2750,48175
2016-11-02,2700,2700,2870,2650,2800,77865
2016-11-03,2745,2745,2850,2605,2700,34451
2016-11-04,2700,2700,2745,2615,2745,19028
2016-11-07,2800,2800,2850,2700,2700,17283
2016-11-08,2815,2815,2880,2750,2785,21772
2016-11-09,2605,2605,2855,2585,2825,90899
2016-11-10,2740,2740,2780,2640,2640,18584
2016-11-11,2700,2700,2770,2670,2770,30419
2016-11-14,2685,2685,2770,2630,2730,25573
2016-11-15,2740,2740,2760,2690,2690,41028
2016-11-16,2810,2810,2815,2745,2760,28852
2016-11-17,3000,3000,3110,2790,2820,108366
2016-11-18,2905,2905,2995,2905,2995,46099
2016-11-21,2895,2895,2975,2840,2940,26353
2016-11-22,2890,2890,2985,2855,2925,14843
2016-11-23,2825,2825,2890,2800,2840,20872
2016-11-24,2725,2725,2880,2710,2825,15559
2016-11-25,2830,2830,2840,2720,2745,18247
2016-11-28,2885,2885,3250,2840,2930,517138
2016-11-29,2990,2990,3185,2780,2900,409576
2016-11-30,2935,2935,2995,2890,2995,51190
2016-12-01,2845,2845,2955,2820,2955,32099
2016-12-02,2850,2850,2890,2830,2890,23988
2016-12-05,2740,2740,2915,2695,2915,39035
2016-12-06,2700,2700,2820,2690,2690,36907
2016-12-07,2800,2800,2800,2670,2700,29399
2016-12-08,2810,2810,2960,2800,2805,49533
2016-12-09,2830,2830,2940,2825,2830,39828
2016-12-12,2940,2940,2955,2845,2890,52921
2016-12-13,2930,2930,2990,2880,2990,28429
2016-12-14,2865,2865,2975,2860,2975,32936
2016-12-15,3120,3120,3140,2885,2915,293134
2016-12-16,3055,3055,3120,3010,3070,89843
2016-12-19,3040,3040,3110,2990,3110,54288
2016-12-20,3020,3020,3110,2980,3075,42367
2016-12-21,3050,3050,3060,2955,3040,40735
2016-12-22,2980,2980,3085,2980,3025,23411
2016-12-23,2980,2980,3000,2945,3000,21744
2016-12-26,2990,2990,3070,2980,3025,88722
2016-12-27,3015,3015,3035,2960,3025,27899
2016-12-28,3030,3030,3050,2985,3040,19622
2016-12-29,3015,3015,3050,3000,3050,11759
2017-01-02,3000,3000,3050,2970,3015,28738
2017-01-03,3070,3070,3135,3000,3000,71831
2017-01-04,3130,3130,3150,3040,3105,54865
2017-01-05,3100,3100,3170,3080,3140,44022
2017-01-06,3095,3095,3150,3065,3150,26235
2017-01-09,3040,3040,3090,3020,3090,25410
2017-01-10,3035,3035,3085,2980,3085,26111
2017-01-11,2950,2950,3070,2915,3070,52586
2017-01-12,2870,2870,2990,2850,2980,52797
2017-01-13,2875,2875,2955,2740,2820,56218
2017-01-16,2865,2865,2935,2845,2855,23316
2017-01-17,2890,2890,3000,2840,2895,24830
2017-01-18,2920,2920,2945,2850,2945,18308
2017-01-19,2900,2900,2960,2855,2960,28445
2017-01-20,2820,2820,2945,2815,2930,29517
2017-01-23,2905,2905,3000,2825,2890,25933
2017-01-24,2930,2930,2970,2865,2940,25137
2017-01-25,2900,2900,3000,2870,2970,23163
2017-01-26,2940,2940,3000,2880,2915,22863
2017-01-31,2950,2950,2995,2900,2940,10865
2017-02-01,3060,3060,3110,2935,3000,58286
2017-02-02,3065,3065,3170,3005,3110,54328
2017-02-03,3075,3075,3100,3020,3065,22738
2017-02-06,3030,3030,3170,2980,3100,42105
2017-02-07,3025,3025,3080,2945,3055,30724
2017-02-08,2995,2995,3025,2935,3025,16103
2017-02-09,2960,2960,3010,2895,3000,26075
2017-02-10,2950,2950,2990,2860,2990,96225
2017-02-13,2915,2915,3130,2870,3050,74450
2017-02-14,2910,2910,2940,2870,2910,20701
2017-02-15,2925,2925,2930,2890,2925,15259
2017-02-16,2960,2960,2975,2850,2975,34924
2017-02-17,2910,2910,2955,2880,2955,35259
2017-02-20,2945,2945,2980,2860,2915,42444
2017-02-21,2915,2915,2965,2885,2955,20466
2017-02-22,2895,2895,2965,2850,2920,48168
2017-02-23,2880,2880,2885,2845,2860,18978
2017-02-24,2840,2840,2870,2800,2870,21120
2017-02-27,2785,2785,2835,2750,2835,21631
2017-02-28,2775,2775,2845,2745,2745,15400
2017-03-02,2845,2845,2915,2745,2775,37237
2017-03-03,2810,2810,2875,2735,2795,34825
2017-03-06,2760,2760,2850,2720,2785,24717
2017-03-07,2755,2755,2795,2710,2760,19841
2017-03-08,2780,2780,2800,2715,2785,10961
2017-03-09,2775,2775,2840,2710,2780,9335
2017-03-10,2690,2690,2765,2650,2710,35635
2017-03-13,2770,2770,2790,2630,2710,37713
2017-03-14,2730,2730,2880,2580,2790,70411
2017-03-15,2700,2700,2810,2675,2735,50000
2017-03-16,2685,2685,2745,2660,2700,29943
2017-03-17,2680,2680,2705,2610,2705,47366
2017-03-20,2625,2625,2680,2580,2680,27570
2017-03-21,2520,2520,2710,2520,2620,46780
2017-03-22,2515,2515,2550,2455,2520,37848
2017-03-23,2420,2420,2505,2400,2455,53730
2017-03-24,2320,2320,2420,2300,2400,55879
2017-03-27,2130,2130,2305,2130,2305,176805
2017-03-28,2185,2185,2195,2115,2160,88380
2017-03-29,2270,2270,2305,2190,2225,91476
2017-03-30,2270,2270,2325,2240,2270,43478
2017-03-31,2280,2280,2340,2200,2290,34472
2017-04-03,2485,2485,2610,2170,2275,205759
2017-04-04,2315,2315,2455,2280,2455,97338
2017-04-05,2350,2350,2350,2275,2315,29470
2017-04-06,2320,2320,2375,2285,2375,37165
2017-04-07,2325,2325,2395,2300,2310,27261
2017-04-10,2215,2215,2350,2180,2350,78230
2017-04-11,2185,2185,2235,2170,2215,40794
2017-04-12,2200,2200,2225,2130,2180,25358
2017-04-13,2200,2200,2225,2160,2220,15413
2017-04-14,2200,2200,2270,2165,2200,35404
2017-04-17,2225,2225,2245,2185,2225,27209
2017-04-18,2245,2245,2250,2190,2250,15751
2017-04-19,2220,2220,2250,2180,2245,24715
2017-04-20,2195,2195,2220,2165,2220,34743
2017-04-21,2160,2160,2210,2160,2210,21091
2017-04-24,2165,2165,2210,2125,2160,13450
2017-04-25,2170,2170,2180,2135,2165,7700
2017-04-26,2180,2180,2195,2165,2170,17994
2017-04-27,2130,2130,2210,2130,2205,25214
2017-04-28,2160,2160,2165,2135,2155,17734
2017-05-02,2200,2200,2215,2155,2160,34754
2017-05-04,2230,2230,2245,2200,2200,20495
2017-05-08,2215,2215,2245,2200,2230,22661
2017-05-10,2185,2185,2240,2160,2200,23112
2017-05-11,2230,2230,2230,2185,2185,8907
2017-05-12,2205,2205,2230,2190,2230,8278
2017-05-15,2195,2195,2205,2165,2195,25291
2017-05-16,2210,2210,2225,2175,2195,22822
2017-05-17,2220,2220,2240,2205,2220,17720
2017-05-18,2200,2200,2235,2180,2235,25083
2017-05-19,2190,2190,2200,2165,2195,20277
2017-05-22,2195,2195,2200,2170,2190,26495
2017-05-23,2250,2250,2280,2205,2205,29716
2017-05-24,2235,2235,2290,2235,2265,19806
2017-05-25,2250,2250,2255,2200,2250,25274
2017-05-26,2240,2240,2285,2220,2285,18047
2017-05-29,2190,2190,2255,2190,2215,24572
2017-05-30,2185,2185,2195,2165,2165,12475
2017-05-31,2205,2205,2205,2175,2185,22187
2017-06-01,2210,2210,2240,2180,2240,17259
2017-06-02,2210,2210,2235,2185,2205,12674
2017-06-05,2235,2235,2250,2200,2225,34305
2017-06-07,2205,2205,2240,2180,2235,38759
2017-06-08,2225,2225,2240,2195,2220,15795
2017-06-09,2180,2180,2240,2170,2240,32907
2017-06-12,2160,2160,2200,2145,2175,43088
2017-06-13,2165,2165,2230,2140,2160,56104
2017-06-14,2185,2185,2195,2165,2190,15057
2017-06-15,2165,2165,2205,2145,2185,37495
2017-06-16,2270,2270,2585,2170,2195,904194
2017-06-19,2320,2320,2350,2270,2290,119375
2017-06-20,2460,2460,2840,2315,2350,1939265
2017-06-21,2490,2490,2550,2350,2485,315566
2017-06-22,2440,2440,2595,2440,2595,187952
2017-06-23,2475,2475,2475,2295,2440,222031
2017-06-26,2405,2405,2500,2375,2475,144805
2017-06-27,2330,2330,2420,2310,2415,97099
2017-06-28,2375,2375,2390,2310,2335,57001
2017-06-29,2390,2390,2425,2350,2375,40787
2017-06-30,2330,2330,2400,2310,2385,60242
2017-07-03,2285,2285,2375,2260,2375,54034
2017-07-04,2235,2235,2310,2165,2310,103344
2017-07-05,2375,2375,2490,2195,2235,573587
2017-07-06,2315,2315,2370,2295,2370,86337
2017-07-07,2260,2260,2345,2245,2345,49380
2017-07-10,2210,2210,2260,2195,2225,53618
2017-07-11,2230,2230,2310,2210,2230,30390
2017-07-12,2240,2240,2320,2230,2320,60550
2017-07-13,2205,2205,2280,2185,2265,70867
2017-07-14,2185,2185,2225,2180,2225,52211
2017-07-17,2280,2280,2390,2160,2180,121391
2017-07-18,2285,2285,2330,2235,2280,39266
2017-07-19,2290,2290,2325,2250,2310,16009
2017-07-20,2300,2300,2315,2215,2265,44591
2017-07-21,2280,2280,2605,2280,2370,585418
2017-07-24,2275,2275,2325,2230,2280,50355
2017-07-25,2290,2290,2390,2240,2310,161653
2017-07-26,2255,2255,2300,2230,2270,66301
2017-07-27,2240,2240,2280,2210,2210,55181
2017-07-28,2220,2220,2240,2180,2225,69976
2017-07-31,2275,2275,2280,2180,2220,28889
2017-08-01,2265,2265,2305,2235,2270,10346
2017-08-02,2215,2215,2260,2205,2235,34453
2017-08-03,2215,2215,2260,2155,2235,38852
2017-08-04,2205,2205,2250,2195,2215,8915
2017-08-07,2230,2230,2250,2175,2175,22360
2017-08-08,2175,2175,2230,2175,2230,35926
2017-08-09,2180,2180,2230,2145,2175,39781
2017-08-10,2130,2130,2180,2110,2175,47979
2017-08-11,2065,2065,2140,2030,2140,47599
2017-08-14,1985,1985,2090,1985,2090,41329
2017-08-16,1920,1920,2025,1910,1985,37742
2017-08-17,1900,1900,1920,1815,1920,77807
2017-08-18,1935,1935,2200,1835,1915,393166
2017-08-21,1930,1930,1950,1915,1920,24386
2017-08-22,1930,1930,1955,1925,1950,14012
2017-08-23,1980,1980,2020,1915,1950,67943
2017-08-24,1995,1995,2040,1970,2000,13401
2017-08-25,2010,2010,2080,1985,2015,91952
2017-08-28,1980,1980,2065,1955,1985,40192
2017-08-29,1980,1980,2005,1900,2005,14616
2017-08-30,1990,1990,1995,1945,1980,19566
2017-08-31,2065,2065,2185,1975,1990,376018
2017-09-01,2045,2045,2095,2020,2065,49761
2017-09-04,2010,2010,2025,1955,2020,33015
2017-09-05,2000,2000,2015,1985,1995,12867
2017-09-06,1990,1990,2005,1965,2000,7193
2017-09-07,2005,2005,2035,1975,1990,14354
2017-09-08,1980,1980,2005,1970,2005,15063
2017-09-11,1970,1970,2010,1945,1980,34187
2017-09-12,2015,2015,2070,1965,1970,58646
2017-09-13,2050,2050,2165,1980,2030,141700
2017-09-14,2055,2055,2100,2025,2060,17328
2017-09-15,2030,2030,2050,1980,2050,50654
2017-09-18,2020,2020,2050,2005,2045,19392
2017-09-19,2020,2020,2060,2000,2000,17055
2017-09-20,2010,2010,2085,2000,2020,29561
2017-09-21,2000,2000,2025,1955,2025,42788
2017-09-25,1720,1720,2385,1705,1920,1301976
2017-09-26,1720,1720,1720,1720,1720,0
2017-09-27,1735,1735,1755,1680,1705,13126
2017-09-28,1785,1785,1815,1735,1735,21172
2017-09-29,1800,1800,1855,1760,1770,9372
2017-10-10,1750,1750,1835,1730,1800,20702
2017-10-11,1765,1765,1775,1700,1715,17248
2017-10-12,1765,1765,1775,1710,1765,14173
2017-10-13,1765,1765,1765,1725,1735,16017
2017-10-16,1695,1695,1780,1695,1780,14405
2017-10-17,1700,1700,1735,1650,1650,10874
2017-10-18,1685,1685,1700,1640,1680,29893
2017-10-19,1695,1695,1700,1650,1685,9155
2017-10-20,1680,1680,1740,1680,1735,19755
2017-10-23,1680,1680,1700,1655,1700,14141
2017-10-24,1675,1675,1695,1655,1655,26430
2017-10-25,1670,1670,1700,1670,1695,20727
2017-10-26,1690,1690,1695,1665,1685,9683
2017-10-27,1720,1720,1780,1695,1695,11707
2017-10-30,1705,1705,1740,1680,1725,22509
2017-10-31,1700,1700,1730,1680,1720,32443
2017-11-01,1680,1680,1750,1645,1720,120862
2017-11-02,1670,1670,1705,1645,1680,41754
2017-11-03,1655,1655,1700,1640,1670,30401
2017-11-06,1680,1680,1680,1655,1665,12934
2017-11-07,1680,1680,1705,1660,1690,18602
2017-11-08,1700,1700,1725,1665,1690,20906
2017-11-09,1735,1735,1740,1700,1720,32217
2017-11-10,1735,1735,1760,1710,1750,20031
2017-11-13,1710,1710,1750,1695,1750,31226
2017-11-14,1685,1685,1720,1685,1700,22518
2017-11-15,1670,1670,1740,1650,1665,51107
2017-11-16,1720,1720,1740,1655,1670,42669
2017-11-17,1700,1700,1740,1685,1740,14558
2017-11-20,1680,1680,1725,1675,1710,26658
2017-11-21,1655,1655,1700,1655,1680,18209
2017-11-22,1640,1640,1690,1605,1655,83611
2017-11-23,1675,1675,1820,1660,1675,121273
2017-11-24,1695,1695,1695,1655,1690,55807
2017-11-27,1715,1715,1725,1690,1710,46587
2017-11-28,1680,1680,1735,1675,1735,61226
2017-11-29,1680,1680,1700,1650,1650,12330
2017-11-30,1660,1660,1690,1650,1660,20140
2017-12-01,1645,1645,1690,1645,1660,9451
2017-12-04,1660,1660,1675,1640,1650,17283
2017-12-05,1695,1695,1705,1635,1635,38595
2017-12-06,1675,1675,1720,1650,1720,25919
2017-12-07,1680,1680,1690,1615,1675,25329
2017-12-08,1660,1660,1680,1645,1680,8410
2017-12-11,1620,1620,1665,1615,1660,11849
2017-12-12,1635,1635,1690,1605,1620,12449
2017-12-13,1615,1615,1650,1605,1650,21219
2017-12-14,1625,1625,1650,1610,1615,14631
2017-12-15,1590,1590,1645,1580,1645,39876
2017-12-18,1610,1610,1630,1555,1590,41487
2017-12-19,1585,1585,1630,1550,1600,17864
2017-12-21,1525,1525,1570,1500,1570,45160
2017-12-22,1510,1510,1570,1480,1525,54765
2017-12-26,1430,1430,1545,1430,1470,42818
2017-12-27,1420,1420,1485,1420,1450,30416
2017-12-28,1425,1425,1500,1420,1420,26087
2018-01-02,1405,1405,1440,1375,1440,32927
2018-01-03,1385,1385,1430,1360,1405,79093
2018-01-04,1465,1465,1520,1385,1385,134714
2018-01-05,1440,1440,1485,1430,1470,54102
2018-01-08,1870,1870,1870,1460,1480,1247639
2018-01-09,2000,2000,2235,1935,2150,5023137
2018-01-10,1870,1870,2040,1800,2040,954318
2018-01-11,1940,1940,1940,1795,1865,572129
2018-01-12,1720,1720,1970,1695,1970,639955
2018-01-15,1750,1750,1770,1680,1715,172397
2018-01-16,1740,1740,1775,1700,1750,97446
2018-01-17,1730,1730,1810,1670,1770,255782
2018-01-18,1715,1715,1765,1660,1730,182375
2018-01-19,1805,1805,1900,1740,1790,511056
2018-01-22,1745,1745,1845,1735,1775,180791
2018-01-23,1750,1750,1775,1710,1745,91170
2018-01-24,1705,1705,1780,1695,1780,126815
2018-01-25,1755,1755,1760,1695,1740,95056
2018-01-26,1780,1780,1785,1710,1780,148159
2018-01-29,1920,1920,2085,1780,1790,1349232
2018-01-30,1920,1920,1920,1860,1910,136585
2018-01-31,1990,1990,2150,1905,1955,886672
2018-02-01,2035,2035,2035,1925,2000,178558
2018-02-02,1915,1915,2035,1910,2020,102718
2018-02-05,1805,1805,1900,1780,1895,106081
2018-02-06,1775,1775,1800,1645,1750,95203
2018-02-07,1815,1815,1835,1755,1775,56577
2018-02-08,1810,1810,1825,1750,1825,69582
2018-02-09,1785,1785,1810,1730,1755,71816
2018-02-12,1885,1885,1935,1730,1755,90176
2018-02-13,1885,1885,1950,1815,1885,137766
2018-02-14,1825,1825,1930,1810,1895,48387
2018-02-19,1825,1825,1885,1770,1790,44866
2018-02-20,1805,1805,1845,1795,1825,24946
2018-02-21,1840,1840,1870,1795,1805,26182
2018-02-22,1895,1895,1980,1820,1840,95222
2018-02-23,1985,1985,2370,1875,1875,3783340
2018-02-26,1915,1915,2015,1915,2000,338177
2018-02-27,2055,2055,2185,1910,1925,1239925
2018-02-28,2155,2155,2155,1955,1995,399503
2018-03-02,2125,2125,2200,2065,2135,254086
2018-03-05,2160,2160,2285,2040,2125,464576
2018-03-06,2035,2035,2200,2035,2140,223609
2018-03-08,2070,2070,2140,1910,1915,345782
2018-03-09,2020,2020,2100,2000,2070,111585
2018-03-12,2025,2025,2095,2000,2005,87285
2018-03-13,2125,2125,2125,2000,2050,171228
2018-03-14,2105,2105,2135,2065,2125,83617
2018-03-15,2060,2060,2185,2050,2065,119115
2018-03-16,2020,2020,2080,2010,2060,89140
2018-03-19,1980,1980,2020,1945,2010,71228
2018-03-20,1910,1910,2045,1905,1980,90214
2018-03-21,1950,1950,1970,1920,1920,33407
2018-03-22,1910,1910,1970,1910,1940,64598
2018-03-23,1875,1875,1920,1805,1920,71915
2018-03-26,1925,1925,1935,1825,1865,52378
2018-03-27,1950,1950,1970,1925,1925,23488
2018-03-28,1950,1950,1955,1885,1950,41054
2018-03-29,1915,1915,1970,1910,1950,42846
2018-03-30,1905,1905,1965,1905,1915,27384
2018-04-02,1905,1905,1940,1855,1855,21741
2018-04-03,1920,1920,1950,1855,1855,33490
2018-04-04,1880,1880,1955,1875,1915,42312
2018-04-05,1930,1930,1930,1880,1880,25259
2018-04-06,1895,1895,1940,1825,1905,22575
2018-04-09,1840,1840,1915,1840,1885,22136
2018-04-10,1810,1810,1840,1760,1840,68678
2018-04-11,1785,1785,1820,1745,1820,44819
2018-04-12,1775,1775,1800,1750,1785,11888
2018-04-13,1790,1790,1790,1745,1790,42861
2018-04-16,1830,1830,1860,1770,1770,46073
2018-04-17,1900,1900,1955,1830,1840,37347
2018-04-18,1955,1955,2000,1910,2000,89560
2018-04-19,1965,1965,1970,1915,1955,53656
2018-04-20,2000,2000,2025,1935,1965,62691
2018-04-23,1995,1995,2010,1885,2000,39714
2018-04-24,2025,2025,2040,1980,1995,60125
2018-04-25,2040,2040,2045,1950,2025,54830
2018-04-26,2180,2180,2180,2040,2040,204377
2018-04-27,2085,2085,2185,2085,2120,89345
2018-04-30,1970,1970,2110,1950,2085,126439
2018-05-02,2000,2000,2020,1940,1970,94843
2018-05-03,2000,2000,2040,1970,2000,25310
2018-05-04,2060,2060,2060,1985,2000,51244
2018-05-08,2060,2060,2145,2020,2065,59600
2018-05-09,2010,2010,2085,1980,2060,32608
2018-05-10,2100,2100,2110,2010,2010,105760
2018-05-11,2105,2105,2165,2070,2165,50984
2018-05-14,2080,2080,2170,2070,2105,61884
2018-05-15,2100,2100,2150,2050,2080,39979
2018-05-16,2550,2550,2560,1975,2075,2804785
2018-05-17,3315,3315,3315,2690,2695,4616983
2018-05-18,3120,3120,4090,3020,3500,7550358
2018-05-21,3215,3215,3280,3020,3130,1293836
2018-05-23,3190,3190,3540,3100,3220,1625539
2018-05-24,3270,3270,3450,3140,3160,742334
2018-05-25,3390,3390,3390,3080,3240,590443
2018-05-28,3835,3835,4050,3350,3410,1447451
2018-05-29,3615,3615,3810,3580,3760,528967
2018-05-30,3500,3500,3650,3310,3570,321601
2018-05-31,3515,3515,3600,3390,3425,248639
2018-06-01,3475,3475,3575,3460,3520,160764
2018-06-04,3685,3685,3720,3420,3485,338782
2018-06-05,3680,3680,4050,3620,3685,463732
2018-06-07,3700,3700,3980,3560,3680,454317
2018-06-08,3710,3710,3890,3640,3700,161315
2018-06-11,4150,4150,4200,3725,3725,566295
2018-06-12,3470,3470,4295,3425,4125,944689
2018-06-14,3640,3640,3750,3470,3470,212728
2018-06-15,3630,3630,3730,3455,3580,100580
2018-06-18,3770,3770,3770,3430,3630,98633
2018-06-19,3800,3800,3800,3540,3735,124546
2018-06-20,3625,3625,3760,3580,3760,138080
2018-06-21,3410,3410,3760,3340,3625,158447
2018-06-22,3175,3175,4430,3170,3525,3730684
2018-06-25,3165,3165,3440,2865,3180,584526
2018-06-26,3605,3605,3955,3090,3130,2367160
2018-06-27,4000,4000,4180,3630,3630,987377
2018-06-28,4715,4715,5200,4355,4360,4658390
2018-06-29,4430,4430,4660,4240,4660,944060
2018-07-02,4545,4545,4950,4405,4520,887375
2018-07-03,4825,4825,4950,4440,4610,718939
2018-07-04,4750,4750,4900,4600,4825,326063
2018-07-05,4345,4345,4750,4250,4750,376058
2018-07-06,4100,4100,4430,4005,4430,242087
2018-07-09,3960,3960,4270,3870,4270,194450
2018-07-10,4200,4200,4780,3965,3965,664816
2018-07-11,3895,3895,4320,3895,4195,280960
2018-07-12,3700,3700,3980,3605,3895,309874
2018-07-13,3755,3755,3845,3655,3700,91082
2018-07-16,3825,3825,3900,3700,3755,90232
2018-07-17,3635,3635,3770,3560,3770,130224
2018-07-18,3700,3700,3725,3490,3635,123130
2018-07-19,3770,3770,3810,3625,3630,77000
2018-07-20,3990,3990,4065,3525,3770,308642
2018-07-23,3695,3695,3980,3650,3915,119941
2018-07-24,3695,3695,3760,3600,3690,68222
2018-07-26,3770,3770,3775,3610,3730,63959
2018-07-27,3845,3845,3860,3655,3850,54698
2018-07-30,3870,3870,3910,3695,3845,70678
2018-07-31,3900,3900,3900,3750,3870,27129
2018-08-01,4130,4130,4300,3845,3910,428169
2018-08-02,3990,3990,4255,3985,4080,118552
2018-08-03,4035,4035,4095,3970,4095,108858
