,Adj Close,Close,High,Low,Open,Volume
2008-02-01,2420,4840,2875,2350,2500,6436812
2008-02-04,2475,4950,2695,2370,2580,874858
2008-02-05,2325,4650,2520,2315,2500,436594
2008-02-11,2300,4600,2350,2200,2250,290154
2008-02-12,2185,4370,2355,2170,2282,207248
2008-02-13,2230,4460,2235,2167,2167,149868
2008-02-14,2340,4680,2375,2207,2255,179114
2008-02-15,2305,4610,2427,2225,2280,230984
2008-02-18,2290,4580,2412,2282,2340,92676
2008-02-19,2337,4675,2397,2292,2310,188668
2008-02-20,2330,4660,2387,2265,2350,90760
2008-02-21,2345,4690,2445,2310,2320,156664
2008-02-22,2367,4735,2390,2307,2350,78794
2008-02-25,2355,4710,2500,2355,2427,90696
2008-02-26,2270,4540,2367,2267,2350,96778
2008-02-27,2205,4410,2297,2185,2297,75230
2008-02-28,2240,4480,2300,2165,2207,63880
2008-02-29,2152,4305,2250,2150,2225,54880
2008-03-03,2122,4245,2150,2062,2105,53008
2008-03-04,2115,4230,2165,2090,2165,138748
2008-03-05,2097,4195,2190,2050,2120,148678
2008-03-06,2195,4390,2265,2092,2137,129444
2008-03-07,2130,4260,2190,2082,2190,86196
2008-03-10,2070,4140,2125,2060,2100,101418
2008-03-11,2060,4120,2137,2012,2015,61718
2008-03-12,2100,4200,2130,2050,2100,91866
2008-03-13,2040,4080,2147,2040,2062,43454
2008-03-14,2052,4105,2082,2035,2045,31386
2008-03-17,1927,3855,2100,1825,2100,123656
2008-03-18,1750,3500,1947,1677,1912,214562
2008-03-19,1780,3560,1842,1772,1817,57344
2008-03-20,1850,3700,1855,1722,1770,64332
2008-03-21,1935,3870,1967,1832,1850,46040
2008-03-24,1930,3860,2017,1930,1935,72998
2008-03-25,1982,3965,2005,1935,1977,49924
2008-03-26,2105,4210,2135,1965,1982,126768
2008-03-27,2087,4175,2150,2052,2090,26332
2008-03-28,2167,4335,2185,2077,2110,48670
2008-03-31,2175,4350,2400,2150,2200,172524
2008-04-01,2077,4155,2197,2067,2197,94000
2008-04-02,2115,4230,2117,2045,2110,49752
2008-04-03,2215,4430,2295,2052,2117,160776
2008-04-04,2250,4500,2255,2175,2207,24618
2008-04-07,2250,4500,2270,2192,2257,27828
2008-04-08,2237,4475,2300,2182,2300,16968
2008-04-10,2210,4420,2237,2167,2167,33252
2008-04-11,2217,4435,2250,2160,2165,58534
2008-04-14,2197,4395,2212,2145,2200,34296
2008-04-15,2190,4380,2232,2170,2220,21602
2008-04-16,2192,4385,2215,2150,2215,31290
2008-04-17,2447,4895,2497,2200,2200,377260
2008-04-18,2450,4900,2575,2400,2545,190066
2008-04-21,2442,4885,2575,2375,2460,146192
2008-04-22,2690,5380,2805,2442,2495,596158
2008-04-23,2650,5300,2885,2635,2725,623208
2008-04-24,2720,5440,2975,2660,2725,744060
2008-04-25,2950,5900,3120,2690,2770,916660
2008-04-28,3390,6780,3390,2975,3050,579804
2008-04-29,3200,6400,3695,3025,3605,1367052
2008-04-30,3680,7360,3680,3175,3305,960778
2008-05-02,3500,7000,3995,3500,3715,1543912
2008-05-06,3545,7090,3680,3350,3500,487014
2008-05-07,3170,6340,3615,3120,3605,529876
2008-05-08,3140,6280,3325,3045,3125,348364
2008-05-09,3085,6170,3325,3065,3210,221536
2008-05-13,3490,6980,3530,3025,3145,695578
2008-05-14,2970,5940,3450,2970,3430,337298
2008-05-15,2760,5520,2900,2635,2860,664216
2008-05-16,2650,5300,2780,2600,2765,244178
2008-05-19,2680,5360,2685,2605,2650,147760
2008-05-20,2570,5140,2685,2485,2660,233106
2008-05-21,2545,5090,2580,2462,2485,143732
2008-05-22,2545,5090,2545,2450,2530,68558
2008-05-23,2535,5070,2665,2525,2545,64334
2008-05-26,2545,5090,2600,2457,2535,86118
2008-05-27,2685,5370,2740,2525,2545,95968
2008-05-28,2590,5180,2735,2580,2685,102570
2008-05-29,2575,5150,2650,2510,2605,105342
2008-05-30,2485,4970,2585,2480,2545,77572
2008-06-02,2425,4850,2515,2405,2500,181132
2008-06-03,2422,4845,2422,2375,2400,84208
2008-06-04,2477,4955,2500,2425,2425,27076
2008-06-05,2427,4855,2525,2407,2525,26008
2008-06-09,2320,4640,2375,2302,2375,83972
2008-06-10,2385,4770,2385,2250,2305,116492
2008-06-11,2372,4745,2395,2307,2372,13994
2008-06-12,2245,4490,2360,2230,2307,45640
2008-06-13,2160,4320,2280,2160,2270,32758
2008-06-16,2190,4380,2272,2152,2160,123204
2008-06-17,2220,4440,2272,2165,2165,19532
2008-06-18,2322,4645,2375,2200,2200,23058
2008-06-19,2350,4700,2435,2310,2395,87704
2008-06-20,2397,4795,2440,2325,2365,41456
2008-06-23,2392,4785,2437,2282,2437,24526
2008-06-24,2347,4695,2425,2265,2392,16392
2008-06-25,2230,4460,2342,2205,2342,37760
2008-06-26,2312,4625,2385,2247,2247,19350
2008-06-27,2200,4400,2350,2137,2250,63414
2008-06-30,2275,4550,2325,2170,2300,45106
2008-07-01,2200,4400,2320,2185,2240,19680
2008-07-02,2050,4100,2225,2050,2225,87228
2008-07-03,1935,3870,2040,1930,2040,48200
2008-07-04,1910,3820,2150,1900,1935,32914
2008-07-07,1900,3800,1960,1857,1925,6936
2008-07-08,1827,3655,1972,1780,1972,24264
2008-07-09,1860,3720,1950,1785,1950,25570
2008-07-10,1860,3720,1935,1760,1760,18362
2008-07-11,2050,4100,2100,1857,1897,23350
2008-07-14,2050,4100,2135,1975,2135,6504
2008-07-15,1977,3955,2072,1950,2050,5700
2008-07-16,1980,3960,2030,1865,2002,6278
2008-07-17,1970,3940,2070,1932,2022,5204
2008-07-18,2017,4035,2185,1930,2000,6476
2008-07-21,2052,4105,2095,1940,2030,10142
2008-07-22,2057,4115,2350,2000,2000,9570
2008-07-23,1957,3915,2115,1937,2075,49092
2008-07-24,1872,3745,1985,1845,1957,61728
2008-07-25,1915,3830,1947,1850,1870,25390
2008-07-28,1850,3700,1945,1850,1945,13758
2008-08-18,1675,3350,1817,1675,1720,39712
2008-08-19,1645,3290,1665,1535,1625,42016
2008-08-20,1540,3080,1700,1527,1637,38038
2008-08-21,1477,2955,1580,1412,1565,24890
2008-08-22,1397,2795,1527,1300,1472,43640
2008-08-25,1605,3210,1605,1355,1395,72548
2008-08-26,1485,2970,1750,1485,1670,98972
2008-08-27,1425,2850,1492,1380,1487,36520
2008-08-28,1447,2895,1610,1390,1435,68650
2008-08-29,1547,3095,1600,1447,1452,31536
2008-09-01,1450,2900,1570,1430,1547,22240
2008-09-02,1445,2890,1590,1365,1450,30944
2008-09-03,1570,3140,1570,1380,1550,19980
2008-09-04,1620,3240,1675,1525,1525,6092
2008-09-05,1655,3310,1657,1530,1530,13836
2008-09-08,1700,3400,1727,1625,1662,24838
2008-09-09,1635,3270,1717,1630,1717,13084
2008-09-10,1677,3355,1685,1570,1685,2270
2008-09-11,1710,3420,1725,1675,1680,11994
2008-09-12,1805,3610,1835,1650,1710,30352
2008-09-16,1685,3370,1795,1612,1795,21286
2008-09-17,1725,3450,1750,1685,1685,22978
2008-09-18,1745,3490,1745,1590,1632,22244
2008-09-19,1625,3250,1750,1625,1750,79860
2008-09-22,1490,2980,1700,1450,1642,49266
2008-09-23,1445,2890,1587,1445,1500,35678
2008-09-24,1515,3030,1517,1455,1515,36250
2008-09-25,1580,3160,1595,1500,1522,28960
2008-09-26,1600,3200,1727,1560,1727,21966
2008-09-29,1647,3295,1650,1540,1632,34934
2008-09-30,1582,3165,1615,1442,1450,51248
2008-10-01,1530,3060,1670,1530,1670,33000
2008-10-02,1380,2760,1562,1380,1537,52008
2008-10-06,1352,2705,1392,1280,1392,46380
2008-10-07,1400,2800,1410,1270,1270,21552
2008-10-08,1345,2690,1365,1270,1365,15132
2008-10-09,1345,2690,1375,1272,1375,13676
2008-10-10,1155,2310,1420,1145,1420,33178
2008-10-13,1292,2585,1312,1100,1247,15774
2008-10-14,1305,2610,1470,1305,1470,10896
2008-10-15,1332,2665,1360,1215,1360,1908
2008-10-16,1275,2550,1340,1212,1340,6086
2008-10-17,1230,2460,1320,1185,1320,5724
2008-10-20,1047,2095,1185,1047,1162,63000
2008-10-21,1020,2040,1090,1000,1087,28420
2008-10-22,1000,2000,1145,910,957,116562
2008-10-23,980,1960,990,850,902,68974
2008-10-24,897,1795,1000,835,995,7896
2008-10-27,765,1530,887,765,765,22332
2008-10-28,810,1620,810,652,667,25158
2008-10-29,690,1380,900,690,782,39632
2008-10-30,780,1560,787,690,690,102362
2008-10-31,787,1575,810,712,747,70848
2008-11-03,830,1660,847,775,800,48284
2008-11-04,830,1660,885,807,812,40168
2008-11-05,942,1885,945,860,875,39366
2008-11-06,932,1865,995,880,892,13008
2008-11-07,922,1845,922,855,855,16936
2008-11-10,947,1895,1025,882,922,16650
2008-11-11,877,1755,957,862,957,4944
2008-11-12,840,1680,895,840,875,24726
2008-11-13,755,1510,875,737,875,20996
2008-11-14,840,1680,865,777,805,20586
2008-11-17,827,1655,885,820,825,11056
2008-11-18,847,1695,895,757,895,8708
2008-11-19,825,1650,885,825,832,12664
2008-11-20,835,1670,855,750,850,4522
2008-11-21,845,1690,947,750,947,6274
2008-11-24,840,1680,882,802,882,1950
2008-11-25,845,1690,890,777,805,15876
2008-11-26,800,1600,867,800,867,19416
2008-11-27,772,1545,835,772,835,4356
2008-11-28,770,1540,852,750,852,11148
2008-12-01,810,1620,812,767,805,588
2008-12-02,797,1595,805,745,745,6964
2008-12-03,795,1590,835,760,762,17226
2008-12-04,820,1640,830,795,795,1772
2008-12-05,892,1785,900,702,825,10354
2008-12-08,915,1830,920,810,810,5068
2008-12-09,972,1945,995,830,927,20292
2008-12-10,975,1950,1010,920,920,446
2008-12-11,1007,2015,1025,897,1025,7450
2008-12-12,985,1970,1090,952,1010,2260
2008-12-15,955,1910,1032,927,1007,15484
2008-12-16,987,1975,1022,942,967,7494
2008-12-17,1095,2190,1135,950,950,98352
2008-12-18,1045,2090,1115,1035,1115,11208
2008-12-19,1065,2130,1092,962,1092,8216
2008-12-22,1067,2135,1092,1020,1092,15366
2008-12-23,1075,2150,1097,1020,1097,4086
2008-12-24,952,1905,1092,952,1087,5312
2008-12-26,972,1945,1050,952,1050,3524
2008-12-29,917,1835,1050,877,1050,6922
2008-12-30,950,1900,1037,862,1037,1374
2009-01-02,925,1850,1035,865,865,5318
2009-01-05,910,1820,1042,890,955,12400
2009-01-06,950,1900,970,912,925,2340
2009-01-07,950,1900,1025,935,1025,1792
2009-01-08,1010,2020,1037,950,990,3570
2009-01-09,1015,2030,1100,952,1090,17080
2009-01-12,940,1880,997,927,977,27952
2009-01-13,972,1945,1042,925,1042,3096
2009-01-14,960,1920,1012,955,1012,5490
2009-01-15,952,1905,1017,880,880,18596
2009-01-16,962,1925,1022,930,1022,12582
2009-01-19,1000,2000,1020,950,1000,16852
2009-01-20,1000,2000,1025,970,1020,9164
2009-01-21,960,1920,1015,932,1015,4208
2009-01-22,962,1925,962,942,960,10896
2009-01-23,1010,2020,1015,960,962,16232
2009-01-28,1025,2050,1090,1025,1047,13144
2009-01-29,1025,2050,1050,992,1050,5764
2009-01-30,1045,2090,1062,1020,1062,19548
2009-02-02,1200,2400,1200,1117,1145,30888
2009-02-03,1380,2760,1380,1380,1380,5462
2009-02-04,1585,3170,1585,1540,1585,149534
2009-02-05,1460,2920,1640,1420,1612,183350
2009-02-06,1455,2910,1500,1400,1460,70988
2009-02-09,1370,2740,1475,1300,1455,80938
2009-02-10,1405,2810,1470,1327,1355,77408
2009-02-11,1420,2840,1447,1350,1350,10698
2009-02-12,1395,2790,1495,1372,1495,20674
2009-02-13,1400,2800,1435,1360,1360,8324
2009-02-16,1395,2790,1425,1350,1400,15998
2009-02-17,1255,2510,1495,1252,1447,83868
2009-02-18,1325,2650,1375,1255,1315,12646
2009-02-19,1522,3045,1522,1202,1202,202114
2009-02-20,1295,2590,1737,1295,1540,958420
2009-02-23,1102,2205,1192,1102,1130,217710
2009-02-24,1065,2130,1105,1025,1037,122898
2009-02-25,1067,2135,1120,1037,1077,77192
2009-02-26,1100,2200,1107,1012,1050,86094
2009-02-27,1095,2190,1110,1050,1082,35750
2009-03-02,995,1990,1087,990,1087,31632
2009-03-03,950,1900,995,905,937,40588
2009-03-04,980,1960,990,935,950,11282
2009-03-05,990,1980,1022,965,970,46378
2009-03-06,972,1945,997,955,970,70316
2009-03-09,1012,2025,1037,970,970,45254
2009-03-10,1042,2085,1045,980,980,28558
2009-03-11,1072,2145,1112,1020,1025,54030
2009-03-12,1050,2100,1082,1005,1082,27148
2009-03-13,1072,2145,1072,1027,1047,45540
2009-03-16,1070,2140,1142,1052,1110,56246
2009-03-17,1120,2240,1135,1060,1097,23532
2009-03-18,1105,2210,1155,1100,1135,32452
2009-03-19,1102,2205,1145,1092,1145,33194
2009-03-20,1125,2250,1200,1105,1125,82858
2009-03-23,1132,2265,1195,1127,1127,1010
2009-03-24,1160,2320,1225,1132,1187,222632
2009-03-25,1140,2280,1185,1080,1185,37620
2009-03-26,1150,2300,1200,1125,1150,49458
2009-03-27,1100,2200,1170,1090,1167,133310
2009-03-30,1082,2165,1122,1067,1077,37202
2009-03-31,1097,2195,1122,1082,1090,46646
2009-04-01,1125,2250,1150,1092,1117,21106
2009-04-02,1135,2270,1142,1102,1127,70336
2009-04-03,1130,2260,1175,1120,1147,97492
2009-04-06,1172,2345,1180,1130,1165,99350
2009-04-07,1197,2395,1222,1160,1172,80642
2009-04-08,1175,2350,1260,1165,1197,46592
2009-04-09,1237,2475,1265,1182,1182,48630
2009-04-10,1405,2810,1422,1225,1247,184214
2009-04-13,1615,3230,1615,1425,1487,378958
2009-04-14,1625,3250,1825,1392,1825,329824
2009-04-15,1450,2900,1665,1450,1665,171704
2009-04-16,1410,2820,1542,1400,1490,66156
2009-04-17,1427,2855,1450,1327,1435,76430
2009-04-20,1450,2900,1457,1350,1427,44344
2009-04-21,1450,2900,1525,1377,1500,36520
2009-04-22,1455,2910,1495,1427,1442,40956
2009-04-23,1517,3035,1547,1455,1490,66430
2009-04-24,1475,2950,1547,1450,1517,48148
2009-04-27,1470,2940,1515,1425,1475,86314
2009-04-28,1365,2730,1472,1335,1437,47188
2009-04-29,1375,2750,1400,1305,1305,27450
2009-04-30,1375,2750,1465,1375,1445,13992
2009-05-04,1395,2790,1437,1370,1400,31802
2009-05-06,1445,2890,1475,1407,1407,58240
2009-05-07,1420,2840,1490,1355,1490,51418
2009-05-08,1447,2895,1450,1390,1420,19988
2009-05-11,1475,2950,1485,1435,1485,34046
2009-05-12,1522,3045,1522,1450,1475,28428
2009-05-13,1550,3100,1650,1515,1525,74938
2009-05-14,1525,3050,1550,1480,1535,53454
2009-05-15,1627,3255,1640,1510,1535,68342
2009-05-18,1625,3250,1632,1552,1600,78296
2009-05-19,1630,3260,1700,1620,1657,85036
2009-05-20,1645,3290,1650,1560,1610,88150
2009-05-21,1700,3400,1750,1655,1750,96966
2009-05-22,1612,3225,1695,1600,1650,56110
2009-05-25,1620,3240,1745,1455,1527,43480
2009-05-26,1567,3135,1637,1505,1525,91234
2009-05-27,1540,3080,1620,1502,1600,38112
2009-05-28,1472,2945,1570,1430,1507,30804
2009-05-29,1472,2945,1500,1420,1472,14168
2009-06-01,1472,2945,1490,1420,1490,12590
2009-06-02,1485,2970,1575,1455,1500,9942
2009-06-03,1495,2990,1495,1462,1485,12388
2009-06-04,1415,2830,1560,1400,1560,26920
2009-06-05,1500,3000,1500,1400,1467,11596
2009-06-08,1480,2960,1525,1432,1525,9656
2009-06-09,1440,2880,1475,1435,1475,11458
2009-06-10,1445,2890,1475,1372,1475,10930
2009-06-11,1445,2890,1447,1442,1445,690
2009-06-12,1460,2920,1465,1420,1432,8872
2009-06-15,1465,2930,1475,1435,1450,13930
2009-06-16,1465,2930,1465,1405,1405,1796
2009-06-17,1467,2935,1470,1425,1465,13914
2009-06-18,1440,2880,1472,1405,1445,12142
2009-06-19,1432,2865,1467,1250,1467,9242
2009-06-22,1447,2895,1460,1400,1460,1736
2009-06-23,1420,2840,1442,1350,1407,12462
2009-06-24,1420,2840,1445,1350,1445,9308
2009-06-25,1412,2825,1442,1305,1400,12114
2009-06-26,1410,2820,1425,1367,1422,6966
2009-06-29,1437,2875,1460,1382,1460,3850
2009-06-30,1395,2790,1425,1365,1390,6712
2009-07-01,1375,2750,1440,1350,1440,11832
2009-07-02,1380,2760,1400,1367,1400,6962
2009-07-03,1387,2775,1395,1337,1385,12324
2009-07-06,1400,2800,1425,1355,1387,12034
2009-07-07,1400,2800,1420,1385,1385,17334
2009-07-08,1400,2800,1417,1350,1397,20526
2009-07-09,1375,2750,1415,1375,1385,26998
2009-07-10,1387,2775,1405,1347,1405,34888
2009-07-13,1387,2775,1425,1370,1387,25806
2009-07-14,1412,2825,1412,1375,1375,24846
2009-07-15,1430,2860,1430,1400,1400,22424
2009-07-16,1500,3000,1517,1420,1430,37518
2009-07-17,1522,3045,1597,1480,1500,43762
2009-07-20,1622,3245,1622,1502,1502,76126
2009-07-21,1622,3245,1652,1555,1652,77724
2009-07-22,1672,3345,1725,1600,1600,61306
2009-07-23,1680,3360,1720,1647,1700,62088
2009-07-24,1645,3290,1705,1607,1695,12618
2009-07-27,1645,3290,1655,1605,1610,7500
2009-07-28,1677,3355,1697,1630,1642,12078
2009-07-29,1645,3290,1685,1635,1685,10818
2009-07-30,1597,3195,1665,1507,1607,63938
2009-07-31,1575,3150,1625,1565,1565,31870
2009-08-03,1590,3180,1595,1530,1572,15884
2009-08-04,1617,3235,1625,1545,1590,25936
2009-08-05,1677,3355,1860,1590,1590,345906
2009-08-06,1650,3300,1695,1620,1635,64352
2009-08-07,1660,3320,1700,1630,1630,55794
2009-08-10,1642,3285,1662,1635,1650,26842
2009-08-11,1700,3400,1700,1627,1642,124782
2009-08-12,1655,3310,1745,1625,1685,46676
2009-08-13,1665,3330,1682,1640,1650,18718
2009-08-14,1575,3150,1682,1420,1682,77712
2009-08-17,1555,3110,1570,1505,1505,19932
2009-08-18,1555,3110,1575,1457,1575,10784
2009-08-19,1512,3025,1550,1480,1490,26546
2009-08-20,1492,2985,1550,1480,1480,16652
2009-08-21,1570,3140,1585,1475,1505,35676
2009-08-24,1575,3150,1670,1550,1570,43758
2009-08-25,1572,3145,1590,1527,1590,132
2009-08-26,1550,3100,1562,1532,1562,5428
2009-08-27,1570,3140,1615,1507,1615,9632
2009-08-28,1570,3140,1570,1532,1570,4556
2009-08-31,1567,3135,1575,1525,1565,8608
2009-09-01,1525,3050,1567,1500,1500,1464
2009-09-02,1540,3080,1550,1475,1550,19698
2009-09-03,1537,3075,1545,1505,1540,7922
2009-09-04,1515,3030,1530,1487,1530,23190
2009-09-07,1525,3050,1535,1450,1450,9662
2009-09-08,1520,3040,1547,1480,1525,26260
2009-09-09,1520,3040,1520,1482,1520,15556
2009-09-10,1512,3025,1512,1450,1490,35510
2009-09-11,1535,3070,1535,1490,1515,29730
2009-09-14,1505,3010,1535,1505,1535,11720
2009-09-15,1515,3030,1532,1490,1510,12716
2009-09-16,1500,3000,1522,1485,1495,26012
2009-09-17,1487,2975,1530,1487,1530,14752
2009-09-18,1500,3000,1500,1477,1485,5038
2009-09-21,1470,2940,1705,1470,1500,159244
2009-09-22,1472,2945,1490,1435,1462,13052
2009-09-23,1472,2945,1487,1442,1457,9934
2009-09-24,1512,3025,1517,1450,1457,5772
2009-09-25,1497,2995,1512,1457,1512,4032
2009-09-28,1422,2845,1497,1355,1497,48666
2009-09-29,1445,2890,1445,1405,1437,2938
2009-09-30,1457,2915,1467,1290,1290,6020
2009-10-01,1465,2930,1500,1350,1402,6640
2009-10-05,1465,2930,1495,1417,1435,4830
2009-10-06,1427,2855,1465,1387,1417,26362
2009-10-07,1587,3175,1637,1462,1600,256564
2009-10-08,1547,3095,1585,1485,1585,56528
2009-10-09,1550,3100,1592,1497,1592,24646
2009-10-12,1567,3135,1592,1510,1515,16798
2009-10-13,1567,3135,1587,1510,1587,13648
2009-10-14,1547,3095,1575,1515,1542,61460
2009-10-15,1547,3095,1585,1530,1585,23910
2009-10-16,1545,3090,1560,1525,1560,17352
2009-10-19,1505,3010,1545,1485,1545,17460
2009-10-20,1530,3060,1542,1502,1542,2870
2009-10-21,1512,3025,1530,1445,1525,31322
2009-10-22,1500,3000,1525,1452,1525,15150
2009-10-23,1527,3055,1527,1462,1512,28252
2009-10-26,1532,3065,1532,1480,1505,24206
2009-10-27,1535,3070,1545,1505,1522,22250
2009-10-28,1550,3100,1550,1500,1550,53048
2009-10-29,1547,3095,1560,1490,1550,16494
2009-10-30,1570,3140,1590,1520,1550,18214
2009-11-02,1560,3120,1567,1527,1527,20534
2009-11-03,1612,3225,1612,1542,1567,37726
2009-11-04,1672,3345,1675,1592,1625,38390
2009-11-05,1697,3395,1735,1640,1695,50842
2009-11-06,1655,3310,1680,1600,1680,21988
2009-11-09,1640,3280,1670,1550,1650,33894
2009-11-10,1585,3170,1675,1550,1675,29858
2009-11-11,1672,3345,1672,1552,1587,62380
2009-11-12,1650,3300,1670,1625,1670,8908
2009-11-13,1670,3340,1707,1602,1660,29940
2009-11-16,1600,3200,1670,1540,1655,85310
2009-11-17,1577,3155,1600,1510,1560,47524
2009-11-18,1550,3100,1592,1550,1592,21230
2009-11-19,1600,3200,1600,1532,1557,50982
2009-11-20,1600,3200,1635,1575,1605,24354
2009-11-23,1595,3190,1610,1550,1600,20122
2009-11-24,1545,3090,1557,1510,1552,34370
2009-11-25,1525,3050,1547,1480,1542,32904
2009-11-26,1425,2850,1620,1297,1620,89854
2009-11-27,1432,2865,1515,1402,1425,28572
2009-11-30,1515,3030,1545,1412,1412,21400
2009-12-01,1530,3060,1550,1500,1545,8398
2009-12-02,1480,2960,1535,1450,1450,25104
2009-12-03,1470,2940,1512,1417,1512,31394
2009-12-04,1485,2970,1490,1430,1455,9418
2009-12-07,1515,3030,1515,1440,1500,15326
2009-12-08,1515,3030,1515,1455,1455,17340
2009-12-09,1515,3030,1522,1470,1470,26626
2009-12-10,1500,3000,1507,1472,1482,3820
2009-12-11,1460,2920,1507,1450,1507,42634
2009-12-14,1565,3130,1565,1437,1460,49230
2009-12-15,1550,3100,1575,1525,1565,20638
2009-12-16,1590,3180,1627,1510,1572,50372
2009-12-17,1595,3190,1607,1557,1590,21006
2009-12-18,1595,3190,1600,1565,1565,19214
2009-12-21,1650,3300,1677,1582,1600,75898
2009-12-22,1650,3300,1685,1622,1660,27090
2009-12-23,1612,3225,1635,1575,1605,33760
2009-12-24,1557,3115,1605,1550,1600,32228
2009-12-28,1555,3110,1587,1505,1585,17640
2009-12-29,1592,3185,1595,1530,1565,14054
2009-12-30,1595,3190,1597,1530,1555,20218
2010-01-04,1642,3285,1647,1595,1610,55610
2010-01-05,1650,3300,1667,1625,1642,66670
2010-01-06,1662,3325,1685,1645,1650,82470
2010-01-07,1665,3330,1685,1650,1685,75266
2010-01-08,1642,3285,1682,1617,1682,25620
2010-01-11,1630,3260,1650,1630,1642,33128
2010-01-12,1632,3265,1635,1610,1632,15838
2010-01-13,1642,3285,1645,1612,1632,27008
2010-01-14,1675,3350,1680,1625,1642,42082
2010-01-15,1720,3440,1720,1665,1685,78678
2010-01-18,1815,3630,1820,1700,1737,121768
2010-01-19,2085,4170,2085,1847,1847,713890
2010-01-20,2050,4100,2310,1955,2185,656104
2010-01-21,2135,4270,2150,2000,2020,244090
2010-01-22,1995,3990,2150,1965,2150,164426
2010-01-25,1872,3745,1980,1807,1980,255602
2010-01-26,1757,3515,1900,1725,1900,129144
2010-01-27,1802,3605,1862,1760,1775,128822
2010-01-28,1750,3500,1810,1650,1780,85308
2010-01-29,1642,3285,1707,1605,1700,116118
2010-02-01,1615,3230,1642,1560,1592,64146
2010-02-02,1590,3180,1667,1590,1667,79560
2010-02-03,1735,3470,1827,1627,1627,672388
2010-02-04,1692,3385,1740,1630,1732,169836
2010-02-05,1622,3245,1645,1585,1605,90300
2010-02-08,1635,3270,1690,1587,1615,54700
2010-02-09,1675,3350,1675,1582,1590,46682
2010-02-10,1655,3310,1725,1650,1720,43834
2010-02-11,1697,3395,1715,1655,1715,28720
2010-02-12,1710,3420,1762,1675,1762,34330
2010-02-16,1775,3550,1785,1717,1785,43726
2010-02-17,1760,3520,1780,1760,1780,69058
2010-02-18,1700,3400,1800,1677,1800,38798
2010-02-19,1670,3340,1710,1650,1685,78990
2010-02-22,1670,3340,1720,1637,1650,76172
2010-02-23,1662,3325,1675,1640,1675,28924
2010-02-24,1672,3345,1685,1630,1667,18588
2010-02-25,1627,3255,1672,1625,1672,26112
2010-02-26,1627,3255,1655,1535,1617,18938
2010-03-02,1692,3385,1800,1620,1620,46988
2010-03-03,1662,3325,1697,1647,1662,17988
2010-03-04,1657,3315,1675,1635,1675,9312
2010-03-05,1655,3310,1682,1637,1637,6898
2010-03-08,1725,3450,1750,1672,1680,40042
2010-03-09,1715,3430,1725,1660,1725,19290
2010-03-10,1712,3425,1747,1680,1747,13858
2010-03-11,1715,3430,1730,1690,1700,29628
2010-03-12,1760,3520,1760,1700,1730,72956
2010-03-15,1712,3425,1760,1702,1760,36934
2010-03-16,1745,3490,1747,1702,1720,27740
2010-03-17,1800,3600,1820,1725,1760,75812
2010-03-18,1767,3535,1840,1767,1840,43340
2010-03-19,1767,3535,1810,1742,1805,38874
2010-03-22,1762,3525,1775,1705,1735,23486
2010-03-23,1760,3520,1782,1740,1770,19338
2010-03-24,1760,3520,1782,1725,1782,38238
2010-03-25,1742,3485,1767,1722,1742,27304
2010-03-26,1745,3490,1765,1690,1742,22158
2010-03-29,1735,3470,1745,1700,1745,17884
2010-03-30,1700,3400,1730,1700,1730,15888
2010-03-31,1665,3330,1700,1640,1667,25352
2010-04-01,1662,3325,1705,1632,1705,28942
2010-04-02,1680,3360,1695,1657,1665,19610
2010-04-05,1622,3245,1710,1590,1680,39850
2010-04-06,1630,3260,1645,1610,1637,21882
2010-04-07,1695,3390,1695,1600,1600,57512
2010-04-08,1740,3480,1765,1660,1695,38856
2010-04-09,1725,3450,1750,1710,1710,18350
2010-04-12,1700,3400,1775,1655,1760,71862
2010-04-13,1680,3360,1727,1670,1700,51394
2010-04-14,1692,3385,1722,1662,1690,23768
2010-04-15,1710,3420,1750,1672,1672,25692
2010-04-16,1715,3430,1732,1685,1710,20140
2010-04-19,1782,3565,1787,1665,1725,128166
2010-04-20,1862,3725,1890,1782,1825,444230
2010-04-21,1852,3705,1930,1790,1875,230732
2010-04-22,1777,3555,1865,1750,1852,130108
2010-04-23,1772,3545,1777,1712,1760,92984
2010-04-26,1747,3495,1772,1700,1700,113366
2010-04-27,1745,3490,1787,1725,1732,46036
2010-04-28,1700,3400,1735,1690,1722,86992
2010-04-29,1665,3330,1737,1665,1737,57118
2010-04-30,1697,3395,1697,1657,1692,27674
2010-05-03,1690,3380,1735,1665,1735,19336
2010-05-04,1690,3380,1722,1667,1677,14890
2010-05-06,1607,3215,1695,1592,1695,65760
2010-05-07,1522,3045,1567,1462,1550,75698
2010-05-10,1550,3100,1585,1512,1512,46964
2010-05-11,1570,3140,1585,1550,1555,47572
2010-05-12,1570,3140,1640,1555,1555,11750
2010-05-13,1570,3140,1620,1540,1595,21222
2010-05-14,1555,3110,1580,1550,1550,20280
2010-05-17,1500,3000,1575,1480,1575,65398
2010-05-18,1520,3040,1577,1492,1520,55222
2010-05-19,1490,2980,1515,1452,1515,33404
2010-05-20,1465,2930,1525,1457,1492,20594
2010-05-24,1475,2950,1532,1360,1532,25680
2010-05-25,1360,2720,1520,1257,1475,74268
2010-05-26,1327,2655,1390,1300,1365,34096
2010-05-27,1347,2695,1370,1325,1347,33964
2010-05-28,1370,2740,1390,1345,1370,79102
2010-05-31,1400,2800,1415,1370,1370,18212
2010-06-01,1525,3050,1605,1470,1475,192132
2010-06-03,1575,3150,1635,1545,1575,137542
2010-06-04,1572,3145,1635,1532,1552,43334
2010-06-07,1522,3045,1535,1452,1452,19942
2010-06-08,1535,3070,1540,1467,1522,32144
2010-06-09,1517,3035,1550,1477,1540,11636
2010-06-10,1545,3090,1595,1477,1522,23948
2010-06-11,1525,3050,1592,1510,1592,15328
2010-06-14,1527,3055,1545,1500,1502,12178
2010-06-15,1515,3030,1550,1500,1550,7774
2010-06-16,1530,3060,1585,1510,1547,39268
2010-06-17,1535,3070,1557,1515,1557,9972
2010-06-18,1540,3080,1550,1520,1550,4094
2010-06-21,1540,3080,1570,1500,1540,25994
2010-06-22,1535,3070,1550,1502,1550,26546
2010-06-23,1540,3080,1625,1510,1545,6364
2010-06-24,1525,3050,1592,1325,1592,22376
2010-06-25,1520,3040,1522,1470,1500,3864
2010-06-28,1490,2980,1522,1450,1522,14612
2010-06-29,1445,2890,1490,1420,1490,39140
2010-06-30,1415,2830,1467,1400,1400,11054
2010-07-01,1425,2850,1475,1400,1445,21156
2010-07-02,1422,2845,1450,1395,1445,13430
2010-07-05,1407,2815,1490,1217,1490,44484
2010-07-06,1410,2820,1415,1355,1407,11940
2010-07-07,1437,2875,1460,1410,1420,9556
2010-07-08,1470,2940,1475,1435,1435,12248
2010-07-09,1475,2950,1475,1430,1470,27718
2010-07-12,1425,2850,1482,1405,1475,7990
2010-07-13,1480,2960,1505,1415,1450,11138
2010-07-14,1472,2945,1492,1440,1440,4688
2010-07-15,1435,2870,1510,1427,1510,7324
2010-07-16,1500,3000,1620,1430,1430,96120
2010-07-19,1472,2945,1500,1435,1500,27732
2010-07-20,1452,2905,1500,1335,1500,12520
2010-07-21,1455,2910,1495,1437,1465,9058
2010-07-22,1472,2945,1477,1432,1477,17214
2010-07-23,1467,2935,1487,1432,1487,7730
2010-07-26,1452,2905,1545,1447,1465,36550
2010-07-27,1465,2930,1492,1425,1492,37844
2010-07-28,1472,2945,1490,1435,1465,43236
2010-07-29,1400,2800,1500,1362,1500,157466
2010-07-30,1427,2855,1442,1412,1442,6626
2010-08-02,1452,2905,1460,1430,1455,16356
2010-08-03,1462,2925,1472,1425,1472,31210
2010-08-04,1460,2920,1465,1435,1460,54116
2010-08-05,1470,2940,1515,1425,1470,60616
2010-08-06,1460,2920,1492,1450,1472,20186
2010-08-09,1460,2920,1542,1455,1465,13394
2010-08-10,1450,2900,1495,1445,1495,30896
2010-08-11,1452,2905,1472,1445,1472,18512
2010-08-12,1465,2930,1517,1412,1517,10562
2010-08-13,1462,2925,1475,1445,1472,25354
2010-08-16,1452,2905,1472,1425,1432,26170
2010-08-17,1445,2890,1495,1435,1495,15132
2010-08-18,1445,2890,1470,1325,1470,32798
2010-08-19,1447,2895,1467,1430,1467,1908
2010-08-20,1447,2895,1497,1435,1447,19260
2010-08-23,1427,2855,1467,1422,1467,17476
2010-08-24,1445,2890,1500,1425,1500,28514
2010-08-25,1437,2875,1540,1350,1362,8996
2010-08-26,1410,2820,1412,1390,1410,19102
2010-08-27,1445,2890,1450,1387,1445,17038
2010-08-30,1425,2850,1447,1397,1447,3994
2010-08-31,1395,2790,1517,1367,1372,22666
2010-09-01,1382,2765,1400,1355,1392,31154
2010-09-02,1375,2750,1387,1350,1385,68568
2010-09-03,1370,2740,1380,1345,1375,42984
2010-09-06,1360,2720,1375,1345,1372,14830
2010-09-07,1350,2700,1500,1350,1350,24008
2010-09-08,1362,2725,1385,1347,1350,1682
2010-09-09,1357,2715,1390,1337,1390,10762
2010-09-10,1370,2740,1377,1345,1377,4104
2010-09-13,1352,2705,1372,1342,1372,13406
2010-09-14,1350,2700,1375,1345,1375,3788
2010-09-15,1340,2680,1370,1340,1370,10572
2010-09-16,1350,2700,1355,1320,1355,20862
2010-09-17,1330,2660,1350,1330,1337,9694
2010-09-20,1337,2675,1337,1317,1327,26176
2010-09-24,1327,2655,1380,1315,1380,12090
2010-09-27,1337,2675,1362,1330,1330,2352
2010-09-28,1345,2690,1370,1330,1370,1952
2010-09-29,1352,2705,1397,1340,1365,34942
2010-09-30,1352,2705,1355,1330,1355,9472
2010-10-01,1347,2695,1347,1302,1345,13560
2010-10-04,1350,2700,1372,1345,1355,16892
2010-10-05,1372,2745,1390,1345,1390,20608
2010-10-06,1365,2730,1420,1345,1420,9310
2010-10-07,1372,2745,1395,1330,1395,27290
2010-10-08,1357,2715,1392,1332,1392,15890
2010-10-11,1347,2695,1367,1332,1355,20860
2010-10-12,1350,2700,1387,1335,1370,15396
2010-10-13,1387,2775,1490,1335,1370,38446
2010-10-14,1395,2790,1425,1367,1387,15586
2010-10-15,1375,2750,1400,1355,1400,8932
2010-10-18,1405,2810,1417,1370,1375,5528
2010-10-19,1425,2850,1445,1372,1372,11972
2010-10-20,1445,2890,1445,1422,1425,14824
2010-10-21,1470,2940,1470,1405,1460,30260
2010-10-22,1417,2835,1482,1415,1482,50124
2010-10-25,1422,2845,1455,1395,1402,5262
2010-10-26,1410,2820,1455,1395,1445,4604
2010-10-27,1402,2805,1482,1375,1410,14178
2010-10-28,1385,2770,1450,1385,1405,5738
2010-10-29,1390,2780,1420,1375,1400,2842
2010-11-01,1435,2870,1447,1375,1375,3642
2010-11-02,1397,2795,1482,1367,1430,13270
2010-11-03,1395,2790,1437,1375,1377,24470
2010-11-04,1405,2810,1412,1382,1410,8218
2010-11-05,1400,2800,1407,1382,1407,14972
2010-11-08,1400,2800,1435,1395,1435,13748
2010-11-09,1392,2785,1417,1387,1417,10350
2010-11-10,1412,2825,1420,1390,1392,2934
2010-11-11,1412,2825,1495,1392,1495,12144
2010-11-12,1392,2785,1415,1372,1415,18380
2010-11-15,1395,2790,1415,1380,1415,2454
2010-11-16,1390,2780,1400,1365,1367,4116
2010-11-17,1322,2645,1400,1295,1400,41670
2010-11-18,1330,2660,1375,1327,1327,24496
2010-11-19,1362,2725,1372,1310,1310,33716
2010-11-22,1322,2645,1362,1322,1362,27818
2010-11-23,1297,2595,1347,1290,1347,78420
2010-11-24,1325,2650,1325,1250,1295,37046
2010-11-25,1330,2660,1350,1317,1350,262
2010-11-26,1317,2635,1372,1302,1372,14242
2010-11-29,1275,2550,1335,1272,1272,37142
2010-11-30,1465,2930,1465,1277,1300,835734
2010-12-01,1682,3365,1682,1462,1465,2772894
2010-12-02,1432,2865,1597,1432,1537,4334700
2010-12-03,1332,2665,1432,1320,1402,1036774
2010-12-06,1262,2525,1347,1250,1347,579712
2010-12-07,1250,2500,1285,1217,1272,403764
2010-12-08,1242,2485,1285,1220,1262,529296
2010-12-09,1250,2500,1270,1227,1242,114522
2010-12-10,1237,2475,1285,1232,1260,136892
2010-12-13,1200,2400,1250,1175,1247,200482
2010-12-14,1185,2370,1210,1170,1200,193312
2010-12-15,1322,2645,1357,1180,1185,548540
2010-12-16,1352,2705,1395,1277,1300,296324
2010-12-17,1400,2800,1410,1347,1352,223594
2010-12-20,1390,2780,1410,1300,1400,192448
2010-12-21,1430,2860,1440,1375,1385,156626
2010-12-22,1642,3285,1642,1450,1455,1535288
2010-12-23,1490,2980,1642,1455,1642,710826
2010-12-24,1500,3000,1572,1485,1500,205932
2010-12-27,1450,2900,1540,1430,1475,156618
2010-12-28,1470,2940,1490,1427,1490,58132
2010-12-29,1550,3100,1575,1452,1462,114048
2010-12-30,1535,3070,1570,1490,1550,83240
2011-01-03,1532,3065,1567,1502,1540,124304
2011-01-04,1490,2980,1562,1485,1562,162210
2011-01-05,1495,2990,1535,1435,1452,237006
2011-01-06,1530,1530,1715,1455,1715,532914
2011-01-07,1420,1420,1535,1405,1500,122358
2011-01-10,1370,1370,1460,1365,1430,64391
2011-01-11,1430,1430,1470,1380,1390,56117
2011-01-12,1420,1420,1445,1390,1430,31864
2011-01-13,1440,1440,1470,1405,1420,68930
2011-01-14,1440,1440,1460,1400,1455,29568
2011-01-17,1480,1480,1520,1440,1450,101257
2011-01-18,1440,1440,1510,1420,1510,60265
2011-01-19,1420,1420,1465,1405,1440,42885
2011-01-20,1395,1395,1445,1390,1420,48742
2011-01-21,1415,1415,1500,1400,1420,44424
2011-01-24,1400,1400,1465,1390,1465,25964
2011-01-25,1405,1405,1455,1380,1380,30229
2011-01-26,1410,1410,1440,1400,1440,38051
2011-01-27,1430,1430,1455,1405,1455,18696
2011-01-28,1430,1430,1445,1400,1410,28535
2011-01-31,1395,1395,1400,1330,1400,142743
2011-02-01,1390,1390,1410,1365,1390,58648
2011-02-07,1365,1365,1395,1340,1390,120434
2011-02-08,1435,1435,1560,1360,1385,388243
2011-02-09,1435,1435,1445,1405,1445,59355
2011-02-10,1455,1455,1455,1380,1440,66435
2011-02-11,1450,1450,1545,1450,1460,92356
2011-02-14,1510,1510,1520,1450,1460,96812
2011-02-15,1485,1485,1520,1465,1470,105092
2011-02-16,1480,1480,1530,1465,1495,114766
2011-02-17,1465,1465,1510,1420,1480,65269
2011-02-18,1475,1475,1485,1430,1450,24041
2011-02-21,1570,1570,1605,1445,1455,200569
2011-02-22,1560,1560,1565,1490,1540,56155
2011-02-23,1595,1595,1740,1545,1560,273114
2011-02-24,1550,1550,1670,1520,1630,100700
2011-02-25,1545,1545,1600,1510,1540,42708
2011-02-28,1565,1565,1650,1495,1545,98427
2011-03-02,1535,1535,1555,1495,1515,24778
2011-03-03,1525,1525,1580,1505,1580,16414
2011-03-04,1515,1515,1535,1495,1530,50788
2011-03-07,1475,1475,1525,1465,1515,28226
2011-03-08,1490,1490,1495,1455,1470,27058
2011-03-09,1460,1460,1510,1450,1485,40255
2011-03-10,1435,1435,1475,1435,1445,19876
2011-03-11,1390,1390,1420,1380,1420,40594
2011-03-14,1385,1385,1415,1365,1375,46749
2011-03-15,1350,1350,1450,1325,1380,117024
2011-03-16,1335,1335,1390,1315,1385,44367
2011-03-17,1330,1330,1345,1315,1320,21959
2011-03-18,1360,1360,1380,1330,1365,60433
2011-03-21,1395,1395,1450,1360,1365,63476
2011-03-22,1400,1400,1420,1380,1390,60950
2011-03-23,1380,1380,1410,1375,1400,39250
2011-03-24,1400,1400,1415,1370,1415,55556
2011-03-25,1415,1415,1445,1385,1385,18733
2011-03-28,1460,1460,1570,1410,1420,239671
2011-03-29,1640,1640,1675,1465,1500,1491106
2011-03-30,1535,1535,1600,1495,1550,379026
2011-03-31,1605,1605,1630,1525,1535,220255
2011-04-01,1590,1590,1630,1515,1630,74674
2011-04-04,1580,1580,1585,1515,1585,146887
2011-04-05,1625,1625,1645,1580,1600,122090
2011-04-06,1715,1715,1850,1630,1630,852799
2011-04-07,1790,1790,1870,1665,1730,527550
2011-04-08,1870,1870,2000,1790,1790,903571
2011-04-11,1950,1950,2045,1830,1900,497727
2011-04-12,1900,1900,2045,1895,1910,237468
2011-04-13,1840,1840,1950,1780,1910,220839
2011-04-14,1795,1795,1910,1745,1910,205247
2011-04-15,1800,1800,1825,1730,1825,110364
2011-04-18,1810,1810,1865,1760,1800,71507
2011-04-19,1800,1800,1850,1755,1760,63281
2011-04-20,1920,1920,1945,1790,1790,142493
2011-04-21,1835,1835,1995,1820,1910,183170
2011-04-22,1830,1830,1890,1730,1850,99675
2011-04-25,1780,1780,1845,1765,1830,88667
2011-04-26,1680,1680,1770,1625,1770,136580
2011-04-27,1695,1695,1740,1640,1700,59477
2011-04-28,1755,1755,1800,1655,1675,65462
2011-04-29,1765,1765,1840,1695,1840,26680
2011-05-02,1780,1780,1780,1695,1710,33129
2011-05-03,1760,1760,1840,1715,1780,37257
2011-05-04,1700,1700,1750,1650,1725,49097
2011-05-06,1625,1625,1735,1600,1735,119801
2011-05-09,1640,1640,1680,1600,1600,45780
2011-05-11,1615,1615,1660,1600,1625,34168
2011-05-12,1615,1615,1635,1575,1575,27948
2011-05-13,1590,1590,1665,1580,1585,39328
2011-05-16,1565,1565,1600,1555,1585,46027
2011-05-17,1460,1460,1555,1450,1555,200459
2011-05-18,1415,1415,1500,1385,1465,202366
2011-05-19,1395,1395,1490,1395,1420,161227
2011-05-20,1485,1485,1485,1365,1420,103419
2011-05-23,1460,1460,1485,1425,1440,15088
2011-05-24,1440,1440,1460,1375,1450,17378
2011-05-25,1410,1410,1450,1395,1400,37109
2011-05-26,1425,1425,1460,1400,1410,30304
2011-05-27,1380,1380,1430,1365,1400,36687
2011-05-30,1365,1365,1400,1365,1370,9760
2011-05-31,1360,1360,1390,1355,1360,13560
2011-06-01,1360,1360,1400,1355,1355,28805
2011-06-02,1270,1270,1350,1170,1350,56957
2011-06-03,1245,1245,1315,1220,1255,72059
2011-06-07,1260,1260,1265,1220,1220,56721
2011-06-08,1220,1220,1295,1190,1295,79696
2011-06-09,1255,1255,1330,1220,1250,44959
2011-06-10,1255,1255,1280,1240,1275,15180
2011-06-13,1265,1265,1275,1230,1230,37136
2011-06-14,1265,1265,1265,1220,1240,56567
2011-06-15,1295,1295,1315,1240,1255,39409
2011-06-16,1285,1285,1300,1270,1295,24310
2011-06-17,1285,1285,1295,1270,1270,55249
2011-06-20,1360,1360,1435,1275,1275,172287
2011-06-21,1365,1365,1410,1330,1375,85323
2011-06-22,1365,1365,1390,1340,1375,49600
2011-06-23,1420,1420,1560,1360,1365,676735
2011-06-24,1400,1400,1470,1345,1430,236459
2011-06-27,1350,1350,1420,1345,1415,49426
2011-06-28,1400,1400,1410,1305,1350,84610
2011-06-29,1400,1400,1400,1350,1400,49113
2011-06-30,1440,1440,1505,1350,1410,305398
2011-07-01,1540,1540,1580,1410,1475,352543
2011-07-04,1500,1500,1555,1480,1555,125897
2011-07-05,1505,1505,1545,1450,1520,145017
2011-07-06,1425,1425,1515,1410,1490,111448
2011-07-07,1425,1425,1450,1395,1425,84746
2011-07-08,1330,1330,1435,1300,1425,198824
2011-07-11,1300,1300,1350,1270,1335,153270
2011-07-12,1280,1280,1300,1270,1275,65832
2011-07-13,1300,1300,1355,1265,1285,56269
2011-07-14,1300,1300,1350,1285,1310,22225
2011-07-15,1315,1315,1330,1285,1285,32069
2011-07-18,1320,1320,1330,1305,1330,29356
2011-07-19,1330,1330,1335,1315,1320,27247
2011-07-20,1345,1345,1395,1320,1395,30157
2011-07-21,1340,1340,1355,1305,1355,23486
2011-07-22,1345,1345,1345,1320,1320,16359
2011-07-25,1375,1375,1390,1320,1350,53172
2011-07-26,1380,1380,1385,1335,1365,46703
2011-07-27,1340,1340,1385,1335,1385,43823
2011-07-28,1340,1340,1380,1310,1325,74777
2011-07-29,1290,1290,1340,1275,1340,83304
2011-08-01,1310,1310,1330,1280,1290,26502
2011-08-02,1270,1270,1340,1265,1320,63699
2011-08-03,1300,1300,1300,1240,1250,23864
2011-08-04,1240,1240,1305,1240,1275,33285
2011-08-05,1190,1190,1240,1180,1210,71376
2011-08-08,1060,1060,1195,1015,1130,126340
2011-08-09,910,910,1065,905,1015,168184
2011-08-10,1015,1015,1045,930,930,110840
2011-08-11,1035,1035,1100,932,932,49826
2011-08-12,1095,1095,1150,1040,1040,23832
2011-08-16,1155,1155,1200,1105,1170,30418
2011-08-17,1140,1140,1180,1080,1160,71765
2011-08-18,1115,1115,1190,1080,1180,19307
2011-08-19,980,980,1135,951,951,56685
2011-08-22,995,995,1080,953,968,63757
2011-08-23,1040,1040,1105,1010,1105,33754
2011-08-24,1040,1040,1090,1035,1050,21944
2011-08-25,1090,1090,1160,1050,1070,11739
2011-08-26,1090,1090,1120,1030,1065,11697
2011-08-29,1090,1090,1155,1070,1155,36901
2011-08-30,1190,1190,1220,1070,1105,89968
2011-08-31,1175,1175,1230,1130,1230,46196
2011-09-01,1165,1165,1230,1120,1230,32219
2011-09-02,1125,1125,1225,1120,1185,34407
2011-09-05,1065,1065,1180,1055,1170,39023
2011-09-06,1120,1120,1175,985,1150,51456
2011-09-07,1125,1125,1145,1090,1145,4440
2011-09-08,1120,1120,1165,1100,1130,4921
2011-09-09,1110,1110,1130,1020,1020,5016
2011-09-14,1120,1120,1135,1060,1060,2175
2011-09-15,1130,1130,1160,1075,1120,16153
2011-09-16,1090,1090,1170,1090,1170,8179
2011-09-19,1060,1060,1135,1060,1135,9158
2011-09-20,1085,1085,1135,1040,1135,1870
2011-09-21,1090,1090,1130,1055,1125,12549
2011-09-22,1100,1100,1100,1040,1090,13338
2011-09-23,1010,1010,1150,986,1100,18605
2011-09-26,976,976,1090,905,1090,32686
2011-09-27,954,954,1015,954,974,18015
2011-09-28,953,953,997,929,961,27919
2011-09-29,960,960,988,944,988,3377
2011-09-30,1020,1020,1100,970,995,126598
2011-10-04,1015,1015,1065,974,974,33177
2011-10-05,1000,1000,1050,999,1050,52563
2011-10-06,1035,1035,1095,976,1000,23605
2011-10-07,1030,1030,1070,1000,1010,32714
2011-10-10,1075,1075,1085,1015,1080,30966
2011-10-11,1060,1060,1120,1060,1115,7805
2011-10-12,1070,1070,1100,1070,1100,2111
2011-10-13,1080,1080,1110,1050,1110,21904
2011-10-14,1120,1120,1135,1065,1095,33101
2011-10-17,1120,1120,1145,1020,1120,20580
2011-10-18,1060,1060,1125,1050,1125,10545
2011-10-19,1075,1075,1090,1060,1060,11837
2011-10-20,1040,1040,1080,1040,1080,18655
2011-10-21,1100,1100,1120,1040,1050,24152
2011-10-24,1100,1100,1140,1060,1110,85034
2011-10-25,1095,1095,1140,1085,1130,43206
2011-10-26,1145,1145,1230,1105,1125,74406
2011-10-27,1190,1190,1210,1145,1210,8171
2011-10-28,1190,1190,1240,1155,1240,13979
2011-10-31,1190,1190,1230,1155,1200,25916
2011-11-01,1190,1190,1230,1170,1190,16160
2011-11-02,1180,1180,1190,1140,1190,48570
2011-11-03,1175,1175,1210,1150,1200,15486
2011-11-04,1130,1130,1220,1105,1195,90095
2011-11-07,1135,1135,1170,1100,1130,71975
2011-11-08,1070,1070,1155,1060,1150,139683
2011-11-09,1070,1070,1120,1055,1085,66182
2011-11-10,1070,1070,1090,1030,1060,20350
2011-11-11,1080,1080,1160,1050,1070,21582
2011-11-14,1120,1120,1135,1075,1085,41166
2011-11-15,1115,1115,1160,1090,1120,9651
2011-11-16,1080,1080,1160,1020,1115,21473
2011-11-17,1090,1090,1090,1040,1080,17629
2011-11-18,1080,1080,1130,1040,1070,33145
2011-11-21,1080,1080,1130,1045,1070,36311
2011-11-22,1055,1055,1090,1040,1075,25494
2011-11-23,1030,1030,1080,1020,1050,17956
2011-11-24,1040,1040,1055,1015,1040,11043
2011-11-25,1020,1020,1070,1000,1070,179480
2011-11-28,1085,1085,1170,1015,1020,1031016
2011-11-29,1060,1060,1095,1035,1080,294509
2011-11-30,1050,1050,1080,1035,1060,39747
2011-12-01,1055,1055,1130,1035,1060,113629
2011-12-02,1035,1035,1070,1010,1065,123154
2011-12-05,1030,1030,1070,1025,1045,54676
2011-12-06,1035,1035,1100,1020,1030,66384
2011-12-07,1050,1050,1070,1030,1045,48176
2011-12-08,1055,1055,1095,1040,1055,21972
2011-12-09,1070,1070,1165,1070,1080,224707
2011-12-12,1060,1060,1090,1040,1070,150082
2011-12-13,1215,1215,1215,1055,1060,643821
2011-12-14,1160,1160,1260,1160,1215,398047
2011-12-15,1125,1125,1180,1080,1160,180984
2011-12-16,1145,1145,1170,1100,1125,106848
2011-12-19,1095,1095,1230,1050,1130,167847
2011-12-20,1135,1135,1160,1095,1115,73083
2011-12-21,1200,1200,1295,1140,1140,409882
2011-12-22,1220,1220,1235,1175,1190,100135
2011-12-23,1175,1175,1270,1175,1240,78704
2011-12-26,1185,1185,1195,1150,1170,37003
2011-12-27,1135,1135,1200,1120,1200,161545
2011-12-28,1125,1125,1195,1105,1140,186588
2011-12-29,1195,1195,1205,1120,1145,99212
2012-01-02,1180,1180,1235,1165,1195,70402
2012-01-03,1175,1175,1225,1150,1200,80915
2012-01-04,1200,1200,1220,1160,1185,100032
2012-01-05,1245,1245,1275,1190,1220,137882
2012-01-06,1285,1285,1305,1230,1260,142470
2012-01-09,1255,1255,1335,1225,1335,103864
2012-01-10,1290,1290,1330,1250,1260,60130
2012-01-11,1285,1285,1350,1270,1280,85386
2012-01-12,1380,1380,1435,1290,1295,204142
2012-01-13,1360,1360,1450,1325,1450,103599
2012-01-16,1300,1300,1395,1290,1395,58684
2012-01-17,1270,1270,1315,1250,1315,100497
2012-01-18,1240,1240,1295,1220,1260,48748
2012-01-19,1230,1230,1285,1195,1265,109215
2012-01-20,1270,1270,1300,1240,1240,48812
2012-01-25,1255,1255,1290,1235,1270,36502
2012-01-26,1225,1225,1270,1215,1270,39943
2012-01-27,1230,1230,1250,1210,1250,39470
2012-01-30,1245,1245,1245,1205,1235,26795
2012-01-31,1245,1245,1300,1215,1250,26835
2012-02-01,1250,1250,1265,1215,1255,61978
2012-02-02,1250,1250,1265,1240,1245,13178
2012-02-03,1250,1250,1290,1220,1260,34843
2012-02-06,1245,1245,1260,1200,1260,31019
2012-02-07,1240,1240,1265,1215,1225,54771
2012-02-08,1245,1245,1270,1230,1245,45160
2012-02-09,1290,1290,1330,1240,1250,44809
2012-02-10,1310,1310,1350,1260,1290,49361
2012-02-13,1260,1260,1330,1250,1305,97411
2012-02-14,1280,1280,1285,1250,1255,27310
2012-02-15,1365,1365,1380,1280,1290,233644
2012-02-16,1360,1360,1405,1325,1405,63368
2012-02-17,1440,1440,1490,1335,1365,162948
2012-02-20,1480,1480,1550,1420,1445,176925
2012-02-21,1510,1510,1580,1460,1470,161880
2012-02-22,1525,1525,1550,1460,1500,92679
2012-02-23,1545,1545,1545,1460,1485,57887
2012-02-24,1565,1565,1565,1470,1565,34169
2012-02-27,1480,1480,1600,1440,1595,56689
2012-02-28,1400,1400,1455,1370,1450,161861
2012-02-29,1440,1440,1455,1370,1385,132902
2012-03-02,1470,1470,1510,1410,1440,22576
2012-03-05,1440,1440,1470,1395,1395,27944
2012-03-06,1420,1420,1450,1350,1450,67108
2012-03-07,1390,1390,1400,1350,1370,32010
2012-03-08,1435,1435,1435,1370,1420,33081
2012-03-09,1435,1435,1465,1400,1440,29443
2012-03-12,1400,1400,1435,1385,1435,71912
2012-03-13,1425,1425,1480,1400,1410,49463
2012-03-14,1430,1430,1470,1420,1455,60151
2012-03-15,1470,1470,1470,1415,1440,22851
2012-03-16,1470,1470,1530,1430,1430,137455
2012-03-19,1570,1570,1690,1500,1540,1267041
2012-03-20,1560,1560,1580,1500,1570,196330
2012-03-21,1535,1535,1560,1465,1560,169050
2012-03-22,1500,1500,1550,1455,1535,56062
2012-03-23,1500,1500,1515,1460,1500,37389
2012-03-26,1435,1435,1585,1425,1540,459461
2012-03-27,1365,1365,1470,1365,1435,171741
2012-03-28,1410,1410,1415,1360,1380,98476
2012-03-29,1345,1345,1420,1310,1420,93394
2012-03-30,1365,1365,1375,1300,1345,62130
2012-04-02,1365,1365,1415,1350,1415,36774
2012-04-03,1365,1365,1380,1325,1380,35212
2012-04-04,1355,1355,1425,1350,1370,89092
2012-04-05,1375,1375,1390,1310,1380,61984
2012-04-06,1375,1375,1430,1350,1430,13175
2012-04-09,1340,1340,1410,1310,1350,55946
2012-04-10,1310,1310,1380,1275,1380,57482
2012-04-12,1305,1305,1385,1270,1310,14134
2012-04-13,1315,1315,1340,1295,1310,55305
2012-04-16,1315,1315,1400,1285,1295,50157
2012-04-17,1335,1335,1350,1290,1315,58842
2012-04-18,1365,1365,1400,1320,1345,39647
2012-04-19,1355,1355,1395,1325,1370,20205
2012-04-20,1330,1330,1385,1315,1375,45336
2012-04-23,1390,1390,1410,1335,1380,71304
2012-04-24,1385,1385,1430,1330,1380,39051
2012-04-25,1365,1365,1400,1320,1400,41951
2012-04-26,1365,1365,1390,1325,1390,57383
2012-04-27,1395,1395,1395,1315,1365,38479
2012-04-30,1370,1370,1400,1320,1335,61345
2012-05-02,1520,1520,1575,1370,1370,448293
2012-05-03,1515,1515,1585,1485,1520,204058
2012-05-04,1510,1510,1535,1460,1530,87988
2012-05-07,1500,1500,1540,1430,1455,62352
2012-05-08,1725,1725,1725,1550,1550,1481903
2012-05-09,1640,1640,1950,1585,1900,3173802
2012-05-10,1885,1885,1885,1625,1655,3871376
2012-05-11,2165,2165,2165,1965,1980,1211516
2012-05-14,1845,1845,2145,1845,2110,3432315
2012-05-15,1645,1645,1770,1570,1750,2811668
2012-05-16,1535,1535,1680,1520,1640,1451931
2012-05-17,1595,1595,1645,1525,1525,1915762
2012-05-18,1410,1410,1540,1400,1530,796712
2012-05-21,1420,1420,1515,1360,1430,554186
2012-05-22,1510,1510,1555,1470,1470,765154
2012-05-23,1510,1510,1515,1450,1510,272752
2012-05-24,1500,1500,1560,1495,1525,357258
2012-05-25,1600,1600,1640,1510,1510,681569
2012-05-29,1590,1590,1640,1555,1600,281165
2012-05-30,1535,1535,1620,1500,1620,355457
2012-05-31,1550,1550,1585,1450,1480,185869
2012-06-01,1470,1470,1570,1470,1550,303829
2012-06-04,1375,1375,1440,1360,1375,281881
2012-06-05,1400,1400,1435,1390,1410,176001
2012-06-07,1520,1520,1545,1400,1400,324710
2012-06-08,1595,1595,1700,1480,1545,1421842
2012-06-11,1590,1590,1640,1535,1640,406227
2012-06-12,1670,1670,1810,1555,1565,1358410
2012-06-13,1700,1700,1830,1665,1715,881759
2012-06-14,1695,1695,1740,1655,1680,291495
2012-06-15,1945,1945,1945,1805,1805,377712
2012-06-18,1990,1990,2235,1940,2235,5008654
2012-06-19,2285,2285,2285,1830,2145,3291448
2012-06-20,2325,2325,2480,2220,2450,2382483
2012-06-21,2130,2130,2350,2020,2350,2127258
2012-06-22,2145,2145,2380,2025,2080,2374670
2012-06-25,2310,2310,2370,2050,2240,1427995
2012-06-26,2400,2400,2425,2200,2245,883815
2012-06-27,2250,2250,2395,2245,2380,645466
2012-06-28,2150,2150,2400,2140,2250,663725
2012-06-29,2195,2195,2270,2050,2105,394291
2012-07-02,2520,2520,2520,2190,2250,996239
2012-07-03,2605,2605,2895,2600,2600,2800297
2012-07-04,2610,2610,2820,2450,2670,1215785
2012-07-05,2485,2485,2645,2400,2620,676401
2012-07-06,2285,2285,2490,2255,2435,932585
2012-07-09,2410,2410,2455,2245,2290,679554
2012-07-10,2770,2770,2770,2320,2430,853109
2012-07-11,2735,2735,2950,2555,2695,955682
2012-07-12,2590,2590,2780,2370,2735,405782
2012-07-13,2410,2410,2615,2370,2550,379171
2012-07-16,2500,2500,2570,2340,2340,316261
2012-07-17,2155,2155,2520,2145,2460,970600
2012-07-18,2080,2080,2235,2010,2130,584243
2012-07-19,2135,2135,2265,2080,2080,540741
2012-07-20,2455,2455,2455,2180,2215,885636
2012-07-23,2500,2500,2795,2500,2540,1619187
2012-07-24,2250,2250,2450,2150,2445,797619
2012-07-25,2170,2170,2520,2070,2150,970177
2012-07-26,2220,2220,2350,2140,2175,421960
2012-07-27,2490,2490,2550,2250,2275,665503
2012-07-30,2445,2445,2570,2365,2535,432129
2012-07-31,2690,2690,2770,2365,2415,935129
2012-08-01,2620,2620,2725,2560,2620,266518
2012-08-02,2630,2630,2850,2520,2660,666553
2012-08-03,2530,2530,2685,2515,2570,235058
2012-08-06,2585,2585,2725,2550,2550,346669
2012-08-07,2480,2480,2630,2460,2630,314690
2012-08-08,2430,2430,2525,2405,2480,231671
2012-08-09,2495,2495,2570,2430,2440,240614
2012-08-10,2435,2435,2490,2310,2450,273625
2012-08-13,2275,2275,2450,2270,2435,370133
2012-08-14,2485,2485,2610,2240,2240,807731
2012-08-16,2560,2560,2590,2430,2485,446267
2012-08-17,2495,2495,2555,2470,2530,179093
2012-08-20,2400,2400,2510,2385,2500,206383
2012-08-21,2760,2760,2760,2290,2405,2058070
2012-08-22,2845,2845,3145,2780,2900,2454165
2012-08-23,2845,2845,2845,2640,2795,971228
2012-08-24,3270,3270,3270,2850,2870,2382938
2012-08-27,3275,3275,3460,3160,3350,1600906
2012-08-28,3280,3280,3510,3180,3280,1582678
2012-08-29,3330,3330,3560,3270,3400,1162480
2012-08-30,3110,3110,3405,3110,3330,620432
2012-08-31,3225,3225,3330,3050,3100,602550
2012-09-03,3050,3050,3350,3020,3165,480401
2012-09-04,2900,2900,3075,2800,3040,666780
2012-09-05,2900,2900,2960,2810,2945,545742
2012-09-06,2750,2750,3095,2700,2875,714125
2012-09-07,2750,2750,2830,2645,2790,555918
2012-09-10,3050,3050,3050,2800,2800,445435
2012-09-11,2920,2920,3075,2905,3075,345505
2012-09-12,2850,2850,3150,2820,3005,446558
2012-09-13,2700,2700,2865,2640,2850,540689
2012-09-14,2710,2710,2900,2690,2800,372352
2012-09-17,2805,2805,2865,2730,2770,363784
2012-09-18,2795,2795,2860,2675,2860,337313
2012-09-19,3210,3210,3210,2905,2950,571325
2012-09-20,3270,3270,3690,3270,3435,2004107
2012-09-21,2945,2945,3300,2780,3220,741600
2012-09-24,2935,2935,3035,2850,2950,320485
2012-09-25,2765,2765,3015,2760,2995,406587
2012-09-26,2810,2810,2875,2680,2760,253623
2012-09-27,2740,2740,2850,2615,2850,274682
2012-09-28,2800,2800,2895,2690,2690,202465
2012-10-02,2970,2970,2985,2800,2800,297709
2012-10-04,3010,3010,3220,2880,2970,474919
2012-10-05,3210,3210,3230,2930,2970,454458
2012-10-08,3190,3190,3295,3115,3250,257560
2012-10-09,3105,3105,3380,3090,3250,358213
2012-10-10,3150,3150,3250,3000,3020,351739
2012-10-11,3060,3060,3300,3000,3145,213749
2012-10-12,3155,3155,3200,2970,3060,285655
2012-10-15,3090,3090,3270,2830,3270,427976
2012-10-16,3100,3100,3220,2860,3000,317478
2012-10-17,3025,3025,3145,3000,3145,259676
2012-10-18,2805,2805,3300,2775,3120,854785
2012-10-19,2645,2645,2795,2520,2750,485937
2012-10-22,2640,2640,2740,2540,2645,164482
2012-10-23,2710,2710,2730,2565,2620,179740
2012-10-24,2630,2630,2715,2595,2650,162382
2012-10-25,2500,2500,2710,2490,2655,180079
2012-10-26,2350,2350,2590,2350,2495,194994
2012-10-29,2350,2350,2440,2300,2310,86135
2012-10-30,2300,2300,2390,2285,2390,120403
2012-10-31,2305,2305,2365,2255,2365,108645
2012-11-01,2470,2470,2650,2350,2350,816859
2012-11-02,2370,2370,2495,2365,2475,190973
2012-11-05,2270,2270,2395,2270,2365,153213
2012-11-06,2190,2190,2315,2130,2275,341718
2012-11-07,2140,2140,2205,2050,2170,202127
2012-11-08,2085,2085,2135,2055,2080,183648
2012-11-09,2155,2155,2210,2095,2095,160076
2012-11-12,2070,2070,2180,2065,2155,178958
2012-11-13,1900,1900,2085,1870,2050,302553
2012-11-14,1835,1835,1950,1795,1915,423825
2012-11-15,1750,1750,1820,1650,1795,270524
2012-11-16,1640,1640,1795,1600,1795,227704
2012-11-19,1725,1725,1760,1625,1630,190586
2012-11-20,1725,1725,1780,1670,1735,185929
2012-11-21,1735,1735,1800,1705,1770,137495
2012-11-22,1840,1840,1975,1755,1785,590310
2012-11-23,1755,1755,1910,1755,1865,172670
2012-11-26,1720,1720,1785,1670,1780,174242
2012-11-27,1700,1700,1750,1655,1725,201181
2012-11-28,1735,1735,1765,1680,1700,122368
2012-11-29,1740,1740,1780,1700,1780,100770
2012-11-30,1680,1680,1765,1670,1730,177647
2012-12-03,1685,1685,1750,1650,1680,140903
2012-12-04,1620,1620,1700,1575,1700,130263
2012-12-05,1525,1525,1650,1495,1620,257455
2012-12-06,1575,1575,1575,1450,1485,240923
2012-12-07,1615,1615,1740,1530,1565,492481
2012-12-10,1650,1650,1695,1615,1635,125737
2012-12-11,1590,1590,1660,1570,1660,107538
2012-12-12,1675,1675,1675,1575,1600,126718
2012-12-13,1710,1710,1815,1690,1710,274739
2012-12-14,1750,1750,1770,1670,1710,118014
2012-12-17,1730,1730,1765,1705,1740,126746
2012-12-18,1745,1745,1770,1720,1730,99428
2012-12-20,1735,1735,1795,1735,1745,86860
2012-12-21,1720,1720,1755,1720,1720,88126
2012-12-24,1670,1670,1760,1670,1760,96793
2012-12-26,1625,1625,1685,1605,1670,168835
2012-12-27,1595,1595,1640,1555,1610,79790
2012-12-28,1745,1745,1765,1600,1625,191851
2013-01-02,1765,1765,1765,1705,1745,112986
2013-01-03,1725,1725,1795,1710,1780,62178
2013-01-04,1745,1745,1750,1705,1725,76346
2013-01-07,1740,1740,1775,1710,1735,36034
2013-01-08,1730,1730,1760,1690,1745,88806
2013-01-09,1830,1830,1855,1715,1715,296806
2013-01-10,1830,1830,1860,1800,1835,118429
2013-01-11,1925,1925,2085,1835,1860,863018
2013-01-14,1870,1870,1970,1845,1905,231692
2013-01-15,1855,1855,1865,1800,1850,209730
2013-01-16,1895,1895,1930,1805,1830,179358
2013-01-17,1870,1870,1965,1810,1885,181463
2013-01-18,1890,1890,1890,1815,1850,87836
2013-01-21,1885,1885,1925,1860,1910,51115
2013-01-22,1970,1970,2050,1865,1885,438520
2013-01-23,2000,2000,2030,1955,1955,190174
2013-01-24,1885,1885,2010,1880,2010,137725
2013-01-25,1830,1830,1920,1745,1885,124677
2013-01-28,1805,1805,1875,1805,1830,70969
2013-01-29,1810,1810,1870,1800,1845,83519
2013-01-30,1820,1820,1855,1745,1810,120592
2013-01-31,1790,1790,1820,1770,1790,56437
2013-02-01,1780,1780,1845,1765,1775,47557
2013-02-04,1815,1815,1845,1750,1800,100145
2013-02-05,1790,1790,1825,1780,1800,50219
2013-02-06,1845,1845,1875,1790,1800,50145
2013-02-07,1875,1875,1875,1795,1820,79214
2013-02-08,1895,1895,1950,1870,1880,140823
2013-02-12,1925,1925,1960,1875,1895,117783
2013-02-13,1940,1940,1955,1895,1955,71034
2013-02-14,1935,1935,1950,1880,1925,143758
2013-02-15,1895,1895,1935,1890,1935,101100
2013-02-18,2175,2175,2175,2040,2040,667233
2013-02-19,2340,2340,2480,2205,2255,3284336
2013-02-20,2350,2350,2365,2255,2300,1140186
2013-02-21,2200,2200,2340,2085,2300,731970
2013-02-22,2265,2265,2265,2130,2200,446143
2013-02-25,2200,2200,2360,2170,2350,558981
2013-02-26,2220,2220,2220,2125,2135,219096
2013-02-27,2170,2170,2250,2145,2250,165090
2013-02-28,2160,2160,2225,2150,2200,163120
2013-03-04,2160,2160,2205,2055,2160,342303
2013-03-05,2235,2235,2235,2110,2155,158239
2013-03-06,2170,2170,2310,2170,2290,272708
2013-03-07,2295,2295,2295,2130,2180,274603
2013-03-08,2315,2315,2335,2230,2265,279195
2013-03-11,2285,2285,2375,2180,2325,248727
2013-03-12,2355,2355,2355,2205,2285,361932
2013-03-13,2335,2335,2415,2305,2365,288092
2013-03-14,2270,2270,2470,2250,2325,545770
2013-03-15,2225,2225,2310,2200,2270,252058
2013-03-18,2260,2260,2420,2230,2275,416685
2013-03-19,2350,2350,2360,2230,2240,197959
2013-03-20,2335,2335,2365,2290,2330,106769
2013-03-21,2340,2340,2445,2330,2375,299444
2013-03-22,2410,2410,2415,2325,2380,173676
2013-03-25,2420,2420,2440,2365,2395,141677
2013-03-26,2355,2355,2435,2355,2410,130717
2013-03-27,2320,2320,2365,2245,2360,111109
2013-03-28,2300,2300,2340,2270,2300,109796
2013-03-29,2285,2285,2375,2240,2340,87574
2013-04-01,2170,2170,2310,2150,2280,184076
2013-04-02,2270,2270,2285,2165,2165,201439
2013-04-03,2265,2265,2360,2185,2360,117497
2013-04-04,2215,2215,2265,2025,2240,147152
2013-04-05,2120,2120,2230,2065,2210,133918
2013-04-08,2000,2000,2145,2000,2145,107073
2013-04-09,1965,1965,2030,1900,1960,150674
2013-04-10,2030,2030,2090,1935,1935,141054
2013-04-11,2085,2085,2085,2000,2055,103273
2013-04-12,2115,2115,2140,2035,2100,64394
2013-04-15,2110,2110,2140,2060,2140,29727
2013-04-16,2145,2145,2160,2050,2105,71331
2013-04-17,2145,2145,2185,2100,2160,29294
2013-04-18,2100,2100,2180,2075,2115,82498
2013-04-19,2035,2035,2150,2030,2095,57942
2013-04-22,2060,2060,2090,2035,2090,14973
2013-04-23,2015,2015,2090,2015,2055,89981
2013-04-24,2095,2095,2095,2015,2015,40432
2013-04-25,2100,2100,2140,2060,2115,81173
2013-04-26,2080,2080,2140,2020,2105,32292
2013-04-29,2130,2130,2180,2095,2165,73529
2013-04-30,2150,2150,2210,2125,2145,78547
2013-05-02,2270,2270,2310,2150,2150,190662
2013-05-03,2300,2300,2325,2230,2275,118211
2013-05-06,2235,2235,2315,2220,2235,90339
2013-05-07,2275,2275,2280,2220,2230,48628
2013-05-08,2300,2300,2310,2230,2305,72303
2013-05-09,2300,2300,2335,2280,2310,63028
2013-05-10,2260,2260,2350,2230,2350,66110
2013-05-13,2220,2220,2295,2200,2275,53864
2013-05-14,2140,2140,2270,2120,2260,102300
2013-05-15,2125,2125,2190,2090,2180,96464
2013-05-16,2145,2145,2195,2085,2100,127946
2013-05-20,2195,2195,2200,2135,2145,39882
2013-05-21,2215,2215,2250,2180,2235,39746
2013-05-22,2470,2470,2530,2220,2255,725593
2013-05-23,2385,2385,2475,2240,2475,407603
2013-05-24,2470,2470,2480,2330,2330,163267
2013-05-27,2540,2540,2565,2435,2500,233640
2013-05-28,2525,2525,2600,2510,2535,111289
2013-05-29,2510,2510,2580,2475,2550,66319
2013-05-30,2470,2470,2530,2385,2520,86746
2013-05-31,2400,2400,2485,2345,2485,59624
2013-06-03,2350,2350,2485,2345,2485,83367
2013-06-04,2330,2330,2430,2290,2350,76621
2013-06-05,2300,2300,2360,2260,2360,55997
2013-06-07,2305,2305,2360,2220,2300,59174
2013-06-10,2390,2390,2395,2315,2375,31797
2013-06-11,2400,2400,2415,2300,2365,35181
2013-06-12,2360,2360,2415,2320,2400,23229
2013-06-13,2325,2325,2350,2230,2270,75018
2013-06-14,2245,2245,2340,2235,2330,19168
2013-06-17,2155,2155,2250,2145,2215,46434
2013-06-18,2215,2215,2230,2140,2140,21043
2013-06-19,2190,2190,2260,2190,2210,24911
2013-06-20,2140,2140,2340,2075,2190,43139
2013-06-21,2045,2045,2110,1990,2050,82019
2013-06-24,1920,1920,2080,1920,2060,46659
2013-06-25,1795,1795,1965,1735,1920,145811
2013-06-26,1840,1840,1910,1765,1795,63697
2013-06-27,1970,1970,1970,1840,1840,33096
2013-06-28,2000,2000,2045,1910,1960,25109
2013-07-01,2030,2030,2040,1950,1950,15557
2013-07-02,2030,2030,2070,1985,1985,24778
2013-07-03,2000,2000,2045,1965,1985,24040
2013-07-04,2025,2025,2060,1975,2060,16727
2013-07-05,1930,1930,2095,1930,2095,28058
2013-07-08,1925,1925,2000,1880,1925,38157
2013-07-09,1935,1935,1935,1895,1905,8192
2013-07-10,1905,1905,2030,1870,1905,50722
2013-07-11,1950,1950,1950,1885,1885,10798
2013-07-12,2000,2000,2030,1915,1915,19395
2013-07-15,2070,2070,2125,1965,2100,8445
2013-07-16,2005,2005,2075,1990,2035,18673
2013-07-17,2010,2010,2065,1960,2065,22026
2013-07-18,1970,1970,2050,1950,1980,18229
2013-07-19,1970,1970,2060,1965,2000,22627
2013-07-22,1950,1950,2005,1930,1970,35308
2013-07-23,2015,2015,2015,1940,1940,37586
2013-07-24,2020,2020,2065,1985,2065,36974
2013-07-25,2200,2200,2200,2005,2020,74164
2013-07-26,2075,2075,2175,2060,2125,60591
2013-07-29,1995,1995,2135,1950,2060,53168
2013-07-30,2000,2000,2025,1950,1985,48511
2013-07-31,1935,1935,2010,1910,2000,114685
2013-08-01,1955,1955,1975,1925,1930,6981
2013-08-02,1955,1955,1995,1930,1955,35214
2013-08-05,2005,2005,2020,1950,1960,14478
2013-08-06,1955,1955,2015,1935,1990,23853
2013-08-07,1895,1895,1955,1880,1900,45920
2013-08-08,1930,1930,1965,1880,1880,11657
2013-08-09,1920,1920,1945,1905,1910,14180
2013-08-12,1920,1920,1940,1890,1920,20953
2013-08-13,1905,1905,1985,1855,1920,32353
2013-08-14,1880,1880,1935,1870,1905,22640
2013-08-16,1900,1900,1925,1800,1880,35935
2013-08-19,1960,1960,1980,1875,1875,27785
2013-08-20,1905,1905,1990,1885,1935,20383
2013-08-21,1890,1890,2000,1790,1905,29357
2013-08-22,1785,1785,1880,1760,1850,56539
2013-08-23,1815,1815,1845,1760,1845,18921
2013-08-26,1845,1845,1850,1795,1800,13276
2013-08-27,1820,1820,1895,1800,1885,9757
2013-08-28,1800,1800,1820,1765,1820,9005
2013-08-29,1785,1785,1855,1780,1855,21604
2013-08-30,1785,1785,1825,1785,1820,4337
2013-09-02,1765,1765,1865,1745,1785,30620
2013-09-03,1795,1795,1815,1745,1775,16268
2013-09-04,1760,1760,1810,1740,1795,28835
2013-09-05,1775,1775,1795,1750,1750,3436
2013-09-06,1730,1730,1790,1710,1790,16080
2013-09-09,1725,1725,1805,1720,1720,12685
2013-09-10,1695,1695,1725,1685,1685,79946
2013-09-11,1735,1735,1740,1690,1690,11847
2013-09-12,1740,1740,1755,1710,1755,6548
2013-09-13,1730,1730,1755,1710,1710,5454
2013-09-16,1740,1740,1770,1705,1730,10772
2013-09-17,1730,1730,1765,1720,1750,19987
2013-09-23,1690,1690,1790,1690,1730,24146
2013-09-24,1685,1685,1720,1665,1720,16049
2013-09-25,1695,1695,1705,1640,1665,22729
2013-09-26,1715,1715,1720,1680,1705,2133
2013-09-27,1670,1670,1715,1670,1715,11539
2013-09-30,1635,1635,1700,1605,1700,31631
2013-10-01,1600,1600,1660,1555,1640,24534
2013-10-02,1640,1640,1650,1610,1625,17139
2013-10-04,1660,1660,1715,1620,1640,21742
2013-10-07,1680,1680,1700,1645,1700,14997
2013-10-08,1680,1680,1695,1615,1690,12608
2013-10-10,1660,1660,1720,1630,1680,16480
2013-10-11,1705,1705,1710,1620,1620,10431
2013-10-14,1650,1650,1725,1645,1700,14941
2013-10-15,1630,1630,1685,1615,1635,22124
2013-10-16,1575,1575,1630,1560,1630,42286
2013-10-17,1590,1590,1630,1565,1575,17560
2013-10-18,1675,1675,1675,1565,1595,15279
2013-10-21,1620,1620,1695,1585,1695,26904
2013-10-22,1600,1600,1645,1585,1620,17013
2013-10-23,1600,1600,1650,1575,1585,22892
2013-10-24,1560,1560,1615,1560,1615,14921
2013-10-25,1595,1595,1640,1540,1560,54870
2013-10-28,1590,1590,1620,1565,1620,23796
2013-10-29,1540,1540,1590,1540,1585,33569
2013-10-30,1540,1540,1560,1485,1540,56882
2013-10-31,1500,1500,1540,1495,1515,9223
2013-11-01,1530,1530,1550,1500,1535,15319
2013-11-04,1530,1530,1560,1510,1525,15272
2013-11-05,1505,1505,1580,1470,1580,27078
2013-11-06,1490,1490,1510,1460,1470,44357
2013-11-07,1555,1555,1700,1445,1510,267466
2013-11-08,1785,1785,1785,1580,1580,380486
2013-11-11,1660,1660,1900,1660,1725,798098
2013-11-12,1650,1650,1700,1585,1640,165360
2013-11-13,1700,1700,1895,1650,1650,1147731
2013-11-14,1740,1740,1745,1655,1700,216716
2013-11-15,1650,1650,1830,1640,1755,185924
2013-11-18,1625,1625,1685,1620,1685,69770
2013-11-19,1710,1710,1780,1600,1600,260670
2013-11-20,1675,1675,1730,1610,1700,73577
2013-11-21,1660,1660,1740,1620,1645,116281
2013-11-22,1720,1720,1780,1665,1680,134299
2013-11-25,1725,1725,1785,1710,1735,85815
2013-11-26,1760,1760,1830,1695,1725,274554
2013-11-27,1795,1795,1820,1715,1760,102371
2013-11-28,1820,1820,2040,1795,1805,638982
2013-11-29,1845,1845,1890,1790,1850,109779
2013-12-02,1785,1785,1865,1755,1845,72433
2013-12-03,1715,1715,1790,1675,1735,58174
2013-12-04,1855,1855,1950,1710,1725,369195
2013-12-05,2130,2130,2130,2060,2110,248662
2013-12-06,2220,2220,2445,2110,2380,4899697
2013-12-09,2550,2550,2550,2190,2275,2118341
2013-12-10,2565,2565,2590,2365,2550,1842755
2013-12-11,2240,2240,2480,2185,2450,1481566
2013-12-12,2135,2135,2305,2075,2160,1329410
2013-12-13,2060,2060,2185,2020,2130,622898
2013-12-16,2155,2155,2155,2035,2095,817908
2013-12-17,1945,1945,2155,1945,2145,516281
2013-12-18,1890,1890,1975,1850,1955,461634
2013-12-19,1850,1850,1940,1850,1910,305922
2013-12-20,1915,1915,1930,1820,1850,250193
2013-12-23,1835,1835,1930,1800,1930,299267
2013-12-24,1910,1910,1915,1790,1850,348604
2013-12-26,1870,1870,1915,1855,1910,137840
2013-12-27,1840,1840,1905,1815,1870,208672
2013-12-30,1850,1850,1885,1825,1845,114152
2014-01-02,1910,1910,2025,1850,1850,435193
2014-01-03,1920,1920,1945,1850,1875,287041
2014-01-06,1980,1980,1995,1905,1910,206197
2014-01-07,1980,1980,2040,1950,1980,219689
2014-01-08,2275,2275,2275,2275,2275,265074
2014-01-09,2615,2615,2615,2515,2615,3542616
2014-01-10,2460,2460,2730,2455,2670,3410906
2014-01-13,2350,2350,2490,2350,2430,1900327
2014-01-14,2285,2285,2375,2205,2300,1686241
2014-01-15,2320,2320,2370,2230,2350,1248333
2014-01-16,2390,2390,2390,2230,2295,1209826
2014-01-17,2290,2290,2380,2275,2365,739268
2014-01-20,2225,2225,2290,2160,2270,453948
2014-01-21,2290,2290,2290,2170,2235,548208
2014-01-22,2200,2200,2350,2185,2340,658663
2014-01-23,2090,2090,2245,2060,2175,319550
2014-01-24,2065,2065,2120,1990,2100,296615
2014-01-27,2125,2125,2125,1970,2005,274084
2014-01-28,2065,2065,2140,2020,2115,210590
2014-01-29,2100,2100,2140,2030,2050,184082
2014-02-03,2170,2170,2320,2070,2100,1213365
2014-02-04,2080,2080,2210,2055,2100,729101
2014-02-05,2130,2130,2215,2065,2170,477789
2014-02-06,2175,2175,2200,2100,2150,326712
2014-02-07,2220,2220,2235,2130,2135,433721
2014-02-10,2165,2165,2220,2155,2210,201698
2014-02-11,2125,2125,2180,2075,2150,374850
2014-02-12,2110,2110,2135,2065,2110,183765
2014-02-13,2060,2060,2130,2060,2100,155418
2014-02-14,2065,2065,2110,2045,2050,120755
2014-02-17,2040,2040,2100,2025,2080,140106
2014-02-18,1990,1990,2045,1960,2030,183595
2014-02-19,1920,1920,1990,1915,1985,185645
2014-02-20,1940,1940,1945,1875,1910,162529
2014-02-21,1955,1955,1955,1910,1940,69925
2014-02-24,1925,1925,1950,1880,1950,123884
2014-02-25,1910,1910,2010,1890,1905,199607
2014-02-26,1900,1900,1930,1880,1930,78956
2014-02-27,1965,1965,1965,1890,1900,88074
2014-02-28,1960,1960,1980,1930,1980,35449
2014-03-03,1950,1950,1950,1915,1930,46035
2014-03-04,1960,1960,1995,1930,1950,73353
2014-03-05,1990,1990,1990,1950,1965,59325
2014-03-06,1945,1945,1990,1885,1970,239851
2014-03-07,1930,1930,1960,1905,1930,87717
2014-03-10,1980,1980,1980,1915,1925,161837
2014-03-11,2005,2005,2015,1975,1980,102850
2014-03-12,1990,1990,2015,1960,2010,71539
2014-03-13,1975,1975,1995,1945,1990,121290
2014-03-14,2020,2020,2040,1945,1945,173336
2014-03-17,2025,2025,2150,2000,2000,454884
2014-03-18,2075,2075,2085,2015,2030,195594
2014-03-19,2010,2010,2110,1990,2080,177992
2014-03-20,2030,2030,2035,1970,1990,138874
2014-03-21,2030,2030,2050,2000,2030,63232
2014-03-24,2105,2105,2105,2030,2050,190936
2014-03-25,2140,2140,2155,2095,2105,246440
2014-03-26,2100,2100,2165,2080,2150,190681
2014-03-27,2140,2140,2150,2070,2100,157553
2014-03-28,2105,2105,2180,2085,2145,101147
2014-03-31,2200,2200,2230,2075,2140,456126
2014-04-01,2140,2140,2230,2140,2175,280942
2014-04-02,2210,2210,2230,2115,2140,265743
2014-04-03,2170,2170,2235,2170,2235,150687
2014-04-04,2250,2250,2300,2180,2180,349739
2014-04-07,2350,2350,2400,2200,2220,821073
2014-04-08,2340,2340,2380,2265,2350,233698
2014-04-09,2510,2510,2580,2310,2340,648915
2014-04-10,2475,2475,2585,2410,2495,832508
2014-04-11,2360,2360,2430,2340,2405,378121
2014-04-14,2445,2445,2600,2430,2450,453756
2014-04-15,2430,2430,2485,2400,2450,206539
2014-04-16,2450,2450,2475,2380,2440,195898
2014-04-17,2455,2455,2500,2410,2475,206200
2014-04-18,2610,2610,2820,2475,2500,2765519
2014-04-21,2585,2585,2650,2515,2630,612703
2014-04-22,2640,2640,2640,2505,2580,333808
2014-04-23,2755,2755,2990,2590,2635,938271
2014-04-24,2950,2950,3060,2715,2750,975911
2014-04-25,3000,3000,3065,2820,2945,489712
2014-04-28,3000,3000,3050,2900,2950,207167
2014-04-29,2785,2785,3050,2785,3000,350224
2014-04-30,2730,2730,2895,2675,2800,362015
2014-05-02,2870,2870,2890,2630,2730,490325
2014-05-07,2890,2890,2950,2800,2870,165242
2014-05-08,2770,2770,2940,2770,2915,165457
2014-05-09,2835,2835,2835,2740,2775,157864
2014-05-12,2835,2835,2865,2755,2780,125340
2014-05-13,2820,2820,2945,2785,2945,155416
2014-05-14,2800,2800,2840,2760,2815,111468
2014-05-15,2565,2565,2760,2530,2760,438069
2014-05-16,2465,2465,2565,2440,2565,215951
2014-05-19,2445,2445,2505,2380,2445,239962
2014-05-20,2540,2540,2565,2410,2480,342551
2014-05-21,2500,2500,2575,2490,2540,167746
2014-05-22,2440,2440,2525,2425,2505,142046
2014-05-23,2560,2560,2615,2450,2515,258301
2014-05-26,2485,2485,2590,2475,2535,94366
2014-05-27,2445,2445,2520,2390,2520,90366
2014-05-28,2455,2455,2525,2430,2515,95550
2014-05-29,2495,2495,2540,2445,2505,210257
2014-05-30,2465,2465,2545,2460,2500,137914
2014-06-02,2395,2395,2515,2360,2510,109120
2014-06-03,2365,2365,2415,2305,2350,104465
2014-06-05,2310,2310,2390,2260,2365,68771
2014-06-09,2410,2410,2500,2310,2310,287860
2014-06-10,2410,2410,2420,2355,2385,93057
2014-06-11,2450,2450,2495,2415,2420,152744
2014-06-12,2430,2430,2460,2405,2440,46629
2014-06-13,2420,2420,2500,2420,2450,119726
2014-06-16,2415,2415,2440,2355,2420,79296
2014-06-17,2415,2415,2450,2365,2415,91475
2014-06-18,2370,2370,2430,2310,2425,79376
2014-06-19,2395,2395,2445,2320,2350,130869
2014-06-20,2395,2395,2410,2360,2405,41545
2014-06-23,2370,2370,2420,2330,2405,43693
2014-06-24,2375,2375,2395,2280,2280,50646
2014-06-25,2375,2375,2500,2330,2390,105999
2014-06-26,2375,2375,2430,2335,2380,36966
2014-06-27,2355,2355,2445,2355,2400,38139
2014-06-30,2400,2400,2410,2335,2335,15927
2014-07-01,2390,2390,2415,2335,2335,43042
2014-07-02,2365,2365,2425,2340,2400,60789
2014-07-03,2400,2400,2405,2340,2350,34619
2014-07-04,2385,2385,2410,2355,2400,31065
2014-07-07,2445,2445,2450,2370,2395,57844
2014-07-08,2425,2425,2450,2365,2450,64561
2014-07-09,2385,2385,2420,2360,2415,57116
2014-07-10,2380,2380,2410,2330,2385,56301
2014-07-11,2380,2380,2415,2380,2380,60495
2014-07-14,2395,2395,2425,2375,2410,42585
2014-07-15,2415,2415,2430,2345,2370,89394
2014-07-16,2435,2435,2440,2380,2420,56776
2014-07-17,2350,2350,2800,2350,2540,1940267
2014-07-18,2370,2370,2405,2345,2375,221240
2014-07-21,2425,2425,2425,2375,2380,165957
2014-07-22,2550,2550,2640,2400,2410,633011
2014-07-23,2505,2505,2580,2500,2580,221296
2014-07-24,2510,2510,2545,2460,2510,135897
2014-07-25,2530,2530,2810,2470,2570,614928
2014-07-28,2450,2450,2565,2435,2565,195452
2014-07-29,2370,2370,2450,2345,2445,118970
2014-07-30,2300,2300,2395,2230,2350,128389
2014-07-31,2205,2205,2330,2205,2330,67790
2014-08-01,2250,2250,2290,2160,2190,56013
2014-08-04,2275,2275,2285,2220,2260,76475
2014-08-05,2325,2325,2375,2180,2250,128911
2014-08-06,2310,2310,2360,2290,2325,63725
2014-08-07,2255,2255,2350,2250,2350,51438
2014-08-08,2180,2180,2305,2120,2305,154400
2014-08-11,2225,2225,2290,2145,2210,48229
2014-08-12,2265,2265,2280,2195,2230,93095
2014-08-13,2270,2270,2315,2250,2290,33014
2014-08-14,2290,2290,2310,2205,2300,82251
2014-08-18,2290,2290,2355,2270,2290,84492
2014-08-19,2310,2310,2350,2280,2300,97619
2014-08-20,2500,2500,2545,2360,2400,318075
2014-08-21,2500,2500,2560,2425,2560,96464
2014-08-22,2520,2520,2545,2465,2480,75269
2014-08-25,2440,2440,2555,2405,2520,66113
2014-08-26,2430,2430,2545,2385,2545,53410
2014-08-27,2395,2395,2455,2325,2420,96176
2014-08-28,2340,2340,2435,2340,2395,84617
2014-08-29,2360,2360,2390,2310,2380,64770
2014-09-01,2335,2335,2400,2305,2340,35110
2014-09-02,2300,2300,2350,2265,2330,42245
2014-09-03,2395,2395,2425,2290,2290,96649
2014-09-04,2350,2350,2460,2320,2460,60780
2014-09-05,2330,2330,2380,2315,2380,24545
2014-09-11,2355,2355,2400,2330,2330,24990
2014-09-12,2325,2325,2390,2295,2390,44145
2014-09-15,2310,2310,2335,2275,2325,25536
2014-09-16,2295,2295,2330,2265,2265,14640
2014-09-17,2400,2400,2500,2345,2350,126201
2014-09-18,2375,2375,2435,2355,2435,31979
2014-09-19,2360,2360,2385,2330,2380,16345
2014-09-22,2345,2345,2375,2310,2370,26176
2014-09-23,2320,2320,2375,2280,2375,32528
2014-09-24,2340,2340,2350,2280,2350,31803
2014-09-25,2280,2280,2350,2270,2350,42283
2014-09-26,2300,2300,2315,2230,2315,31400
2014-09-29,2275,2275,2300,2240,2300,23581
2014-09-30,2270,2270,2300,2260,2295,25380
2014-10-01,2240,2240,2290,2200,2290,65781
2014-10-02,2220,2220,2260,2205,2240,14294
2014-10-06,2240,2240,2250,2220,2220,34033
2014-10-07,2270,2270,2300,2210,2260,35701
2014-10-08,2270,2270,2295,2230,2270,10766
2014-10-10,2165,2165,2275,2145,2270,54746
2014-10-13,2025,2025,2140,2005,2095,79369
2014-10-14,2050,2050,2070,1960,2025,51762
2014-10-15,2055,2055,2100,2040,2100,27912
2014-10-16,2155,2155,2315,2010,2090,87427
2014-10-17,2155,2155,2240,2095,2190,31328
2014-10-20,2195,2195,2200,2120,2180,25489
2014-10-21,2140,2140,2220,2130,2220,14357
2014-10-22,2145,2145,2170,2095,2150,31087
2014-10-23,2145,2145,2185,2120,2140,29931
2014-10-24,2140,2140,2230,2140,2165,14646
2014-10-27,2135,2135,2185,2120,2130,21055
2014-10-28,2145,2145,2155,2115,2155,14838
2014-10-29,2165,2165,2230,2130,2155,21531
2014-10-30,2145,2145,2165,2055,2165,26395
2014-10-31,2130,2130,2155,2100,2145,11752
2014-11-03,2200,2200,2225,2110,2145,19499
2014-11-04,2215,2215,2225,2140,2175,19240
2014-11-05,2160,2160,2230,2160,2230,10420
2014-11-06,2155,2155,2195,2105,2195,7428
2014-11-07,2175,2175,2200,2105,2150,8314
2014-11-10,2130,2130,2225,2105,2225,18009
2014-11-11,2140,2140,2155,2115,2130,9961
2014-11-12,2160,2160,2200,2130,2140,15649
2014-11-13,2140,2140,2190,2130,2190,20169
2014-11-14,2195,2195,2235,2115,2130,35929
2014-11-17,2035,2035,2195,2000,2175,103284
2014-11-18,2070,2070,2090,2035,2060,10786
2014-11-19,2065,2065,2075,2030,2075,7668
2014-11-20,2070,2070,2075,2030,2070,29370
2014-11-21,2130,2130,2150,2050,2050,12373
2014-11-24,2090,2090,2170,2045,2150,28457
2014-11-25,2070,2070,2090,2050,2090,13412
2014-11-26,2090,2090,2115,2075,2080,15994
2014-11-27,2060,2060,2110,2055,2085,15446
2014-11-28,2040,2040,2120,2000,2120,33930
2014-12-01,2015,2015,2045,1990,2045,23901
2014-12-02,2030,2030,2035,1985,2015,8693
2014-12-03,2010,2010,2025,1980,2025,30797
2014-12-04,2000,2000,2030,1980,2030,25815
2014-12-05,2010,2010,2090,1990,2020,25121
2014-12-08,2030,2030,2045,2020,2030,8547
2014-12-09,2045,2045,2055,1970,2040,70683
2014-12-10,2215,2215,2330,2065,2065,322657
2014-12-11,2105,2105,2260,2100,2210,96951
2014-12-12,2030,2030,2220,2005,2170,100027
2014-12-15,2050,2050,2090,2010,2030,31465
2014-12-16,2055,2055,2060,1990,2060,70111
2014-12-17,1995,1995,2090,1980,2055,40796
2014-12-18,2140,2140,2170,2000,2000,208641
2014-12-19,2370,2370,2370,2105,2135,221486
2014-12-22,2270,2270,2400,2260,2325,159619
2014-12-23,2155,2155,2280,2150,2245,105785
2014-12-24,2100,2100,2190,2055,2175,53747
2014-12-26,2075,2075,2155,2070,2100,43304
2014-12-29,2125,2125,2200,2050,2100,81047
2014-12-30,2325,2325,2400,2100,2125,208520
2015-01-02,2320,2320,2400,2230,2325,78590
2015-01-05,2465,2465,2530,2270,2320,257467
2015-01-06,2480,2480,2500,2400,2460,109315
2015-01-07,2435,2435,2500,2390,2480,78848
2015-01-08,2365,2365,2480,2345,2400,104195
2015-01-09,2400,2400,2440,2340,2385,44240
2015-01-12,2430,2430,2470,2400,2430,41418
2015-01-13,2335,2335,2480,2335,2450,74123
2015-01-14,2305,2305,2385,2240,2355,70386
2015-01-15,2280,2280,2380,2255,2350,22599
2015-01-16,2305,2305,2340,2255,2280,31535
2015-01-19,2310,2310,2400,2290,2315,11677
2015-01-20,2295,2295,2335,2270,2335,18509
2015-01-21,2270,2270,2335,2200,2285,69830
2015-01-22,2215,2215,2275,2200,2275,35755
2015-01-23,2230,2230,2285,2205,2220,31770
2015-01-26,2275,2275,2300,2215,2245,36510
2015-01-27,2185,2185,2310,2185,2310,50188
2015-01-28,2210,2210,2230,2155,2170,29968
2015-01-29,2205,2205,2215,2170,2185,27175
2015-01-30,2190,2190,2270,2170,2225,47770
2015-02-02,2200,2200,2200,2165,2170,18911
2015-02-03,2180,2180,2235,2145,2220,49534
2015-02-04,2175,2175,2195,2160,2195,36490
2015-02-05,2135,2135,2185,2105,2185,37277
2015-02-06,2145,2145,2160,2125,2135,28107
2015-02-09,2115,2115,2155,2095,2155,30800
2015-02-10,2115,2115,2125,2075,2115,31318
2015-02-11,2130,2130,2130,2080,2105,24166
2015-02-12,2120,2120,2140,2100,2125,12531
2015-02-13,2075,2075,2125,2020,2125,49468
2015-02-16,2065,2065,2105,2050,2100,15766
2015-02-17,2065,2065,2105,2045,2050,25741
2015-02-23,2040,2040,2100,1985,2065,65109
2015-02-24,2120,2120,2135,2060,2060,54770
2015-02-25,2130,2130,2150,2100,2125,13463
2015-02-26,2160,2160,2160,2080,2150,36919
2015-02-27,2480,2480,2480,2150,2170,302190
2015-03-02,2850,2850,2850,2680,2850,1575549
2015-03-03,3275,3275,3275,2920,2950,1127756
2015-03-04,3765,3765,3765,3440,3740,1511007
2015-03-05,4325,4325,4325,3835,3980,1026432
2015-03-06,4970,4970,4970,4600,4960,2808981
2015-03-09,4970,4970,4970,4970,4970,0
2015-03-10,5710,5710,5710,5710,5710,41234
2015-03-11,6560,6560,6560,6560,6560,11996
2015-03-12,5580,5580,7540,5580,7540,1474074
2015-03-13,4900,4900,5540,4750,5350,5112300
2015-03-16,4350,4350,5120,4265,4900,2775701
2015-03-17,4400,4400,4650,4300,4360,2136952
2015-03-18,4150,4150,4490,3995,4410,1330176
2015-03-19,4245,4245,4245,3975,4150,770282
2015-03-20,4150,4150,4245,4050,4245,402617
2015-03-23,4210,4210,4305,4090,4150,672163
2015-03-24,4040,4040,4360,3950,4190,605007
2015-03-25,3915,3915,4090,3805,4080,556347
2015-03-26,3920,3920,4140,3830,3900,614420
2015-03-27,3750,3750,3955,3700,3950,358703
2015-03-30,3795,3795,3845,3610,3755,281673
2015-03-31,4005,4005,4350,3800,3810,1664584
2015-04-01,3815,3815,4105,3760,4100,395497
2015-04-02,4000,4000,4000,3750,3900,441122
2015-04-03,4010,4010,4070,3855,3970,271854
2015-04-06,4000,4000,4055,3890,4045,243235
2015-04-07,3900,3900,4000,3845,3940,285668
2015-04-08,4485,4485,4485,3850,3915,1341601
2015-04-09,4400,4400,4655,4320,4615,1196514
2015-04-10,4645,4645,4790,4400,4435,1130117
2015-04-13,4645,4645,4780,4485,4730,368582
2015-04-14,4430,4430,4735,4410,4695,475714
2015-04-15,4490,4490,4665,4410,4455,387614
2015-04-16,4375,4375,4520,4345,4520,274078
2015-04-17,4645,4645,4765,4335,4380,435054
2015-04-20,4860,4860,5080,4530,4670,837700
2015-04-21,5190,5190,5350,4880,5000,685066
2015-04-22,5000,5000,5450,4430,5270,730308
2015-04-23,4600,4600,5050,4450,5000,231005
2015-04-24,4890,4890,4935,4540,4540,237373
2015-04-27,5010,5010,5150,4855,4930,204748
2015-04-28,4715,4715,4995,4700,4995,206100
2015-04-29,4810,4810,4960,4595,4720,241768
2015-04-30,4720,4720,4915,4660,4810,101767
2015-05-04,4310,4310,4810,4280,4720,147132
2015-05-06,4145,4145,4310,3975,4310,152929
2015-05-07,4320,4320,4380,3935,4000,135281
2015-05-08,4370,4370,4490,4245,4290,83855
2015-05-11,4300,4300,4470,4250,4410,89052
2015-05-12,4240,4240,4300,4155,4285,78162
2015-05-13,4875,4875,4875,4200,4210,643711
2015-05-14,5080,5080,5190,4885,5090,526560
2015-05-15,4670,4670,5100,4650,5030,514776
2015-05-18,4700,4700,4745,4540,4745,234272
2015-05-19,4480,4480,4700,4400,4700,304202
2015-05-20,4600,4600,4750,4320,4520,274672
2015-05-21,4460,4460,4600,4385,4600,139810
2015-05-22,4440,4440,4640,4380,4380,110940
2015-05-26,4590,4590,4740,4440,4440,169898
2015-05-27,4810,4810,4840,4530,4590,221079
2015-05-28,4915,4915,4920,4680,4825,292785
2015-05-29,4720,4720,4985,4650,4940,275756
2015-06-01,4660,4660,4755,4400,4730,234082
2015-06-02,4255,4255,4635,4130,4505,310372
2015-06-03,4240,4240,4345,4030,4220,202882
2015-06-04,4120,4120,4320,4110,4320,79438
2015-06-05,4240,4240,4295,3915,4100,131838
2015-06-08,4550,4550,4700,4240,4355,370563
2015-06-09,4510,4510,4695,4330,4470,175497
2015-06-10,4420,4420,4580,4270,4570,103481
2015-06-11,4150,4150,4420,4150,4420,110328
2015-06-12,4140,4140,4340,4100,4200,96474
2015-06-15,4155,4155,4285,3985,4035,56579
2015-06-16,3980,3980,4190,3900,4190,85439
2015-06-17,4025,4025,4150,3905,4000,61726
2015-06-18,3905,3905,4180,3855,4060,118023
2015-06-19,4270,4270,4450,3900,3965,206833
2015-06-22,4170,4170,4295,4085,4270,71046
2015-06-23,4230,4230,4350,4100,4225,57599
2015-06-24,4510,4510,4520,4160,4270,228574
2015-06-25,4360,4360,4670,4335,4635,228489
2015-06-26,4245,4245,4380,4220,4350,114212
2015-06-29,3985,3985,4135,3960,4075,169917
2015-06-30,3990,3990,4025,3800,3920,75831
2015-07-01,4120,4120,4190,3990,4085,70977
2015-07-02,3905,3905,4190,3905,4190,138931
2015-07-03,3900,3900,4005,3870,3905,109317
2015-07-06,3800,3800,3930,3750,3900,135922
2015-07-07,3650,3650,3850,3595,3805,110454
2015-07-08,3685,3685,3765,3630,3655,53732
2015-07-09,3625,3625,3660,3300,3585,92328
2015-07-10,3660,3660,3700,3600,3600,31695
2015-07-13,3820,3820,3940,3660,3700,66353
2015-07-14,3835,3835,3920,3745,3920,32155
2015-07-15,3835,3835,3910,3800,3910,49056
2015-07-16,3805,3805,3850,3700,3840,57526
2015-07-17,3680,3680,3920,3675,3805,59617
2015-07-20,3680,3680,3750,3630,3680,30612
2015-07-21,3895,3895,4065,3680,3680,174210
2015-07-22,3970,3970,4090,3895,3990,96119
2015-07-23,3915,3915,4025,3860,3970,43526
2015-07-24,3780,3780,3985,3730,3985,55119
2015-07-27,3590,3590,3815,3550,3755,106335
2015-07-28,3555,3555,3690,3430,3550,57845
2015-07-29,3510,3510,3640,3500,3620,50322
2015-07-30,3485,3485,3650,3415,3500,48903
2015-07-31,3485,3485,3570,3315,3570,21127
2015-08-03,3520,3520,3700,3495,3580,24454
2015-08-04,3575,3575,3630,3495,3630,10053
2015-08-05,3700,3700,3740,3535,3535,46906
2015-08-06,3730,3730,3755,3655,3730,33948
2015-08-07,3755,3755,3755,3640,3720,16118
2015-08-10,3630,3630,3775,3560,3740,36673
2015-08-11,3490,3490,3630,3400,3500,108809
2015-08-12,3390,3390,3490,3240,3415,65275
2015-08-13,3485,3485,3515,3390,3460,21297
2015-08-14,3485,3485,3485,3485,3485,0
2015-08-17,3430,3430,3550,3390,3450,31955
2015-08-18,3165,3165,3505,3165,3505,75554
2015-08-19,2945,2945,3150,2870,3150,117261
2015-08-20,2900,2900,3010,2775,2775,35108
2015-08-21,2605,2605,2805,2570,2730,61784
2015-08-24,2610,2610,2760,2450,2450,43310
2015-08-25,2765,2765,2780,2610,2690,23400
2015-08-26,2865,2865,2870,2700,2820,46689
2015-08-27,2915,2915,3010,2870,2980,41076
2015-08-28,2995,2995,3035,2920,3000,15889
2015-08-31,3170,3170,3200,2935,2995,37464
2015-09-01,3135,3135,3235,3055,3160,22323
2015-09-02,3195,3195,3195,2960,2960,32246
2015-09-03,3260,3260,3310,3170,3310,23375
2015-09-04,3130,3130,3330,3020,3260,33965
2015-09-07,3035,3035,3185,2950,3065,31251
2015-09-08,3000,3000,3095,2915,3090,10157
2015-09-09,3030,3030,3100,2920,3100,12583
2015-09-10,3060,3060,3130,3040,3040,17951
2015-09-11,3050,3050,3145,3015,3145,28219
2015-09-14,3045,3045,3140,3005,3140,26385
2015-09-15,3150,3150,3240,3020,3020,39518
2015-09-16,3155,3155,3250,3140,3245,19168
2015-09-17,3170,3170,3260,3100,3200,48971
2015-09-18,3270,3270,3385,3185,3185,46366
2015-09-21,3395,3395,3540,3210,3240,74975
2015-09-22,3600,3600,3640,3360,3475,108544
2015-09-23,3765,3765,3840,3600,3635,155647
2015-09-24,3800,3800,3815,3670,3805,42607
2015-09-25,3800,3800,3865,3730,3860,52558
2015-09-30,3750,3750,3865,3650,3860,85639
2015-10-01,3605,3605,3800,3595,3800,44346
2015-10-02,3690,3690,3755,3570,3690,16083
2015-10-05,3880,3880,3925,3690,3690,63395
2015-10-06,3820,3820,3965,3760,3950,46768
2015-10-07,3725,3725,3885,3720,3780,32038
2015-10-08,3825,3825,3890,3735,3750,25802
2015-10-12,3840,3840,3920,3725,3825,18561
2015-10-13,3760,3760,3855,3705,3855,22422
2015-10-14,3845,3845,3860,3700,3700,32065
2015-10-15,4050,4050,4050,3765,3810,83698
2015-10-16,3975,3975,4115,3940,4100,39357
2015-10-19,4250,4250,5160,3775,3925,2547191
2015-10-20,3950,3950,4155,3905,4050,676636
2015-10-21,3985,3985,3990,3760,3920,283549
2015-10-22,3830,3830,4045,3820,3990,106046
2015-10-23,3905,3905,3965,3840,3965,68065
2015-10-26,3960,3960,3965,3850,3950,63794
2015-10-27,4610,4610,4725,3960,3960,761507
2015-10-28,4410,4410,4615,4330,4610,134527
2015-10-29,4525,4525,4600,4075,4415,159937
2015-10-30,4400,4400,4535,4400,4410,70314
2015-11-02,4400,4400,4440,4290,4440,56782
2015-11-03,5010,5010,5300,4320,4320,480132
2015-11-04,4870,4870,4960,4550,4900,256152
2015-11-05,4780,4780,4900,4505,4865,95398
2015-11-06,4640,4640,4700,4525,4655,76852
2015-11-09,4440,4440,4695,4430,4695,67178
2015-11-10,4415,4415,4440,4180,4400,76678
2015-11-11,4515,4515,4630,4370,4370,28236
2015-11-12,4500,4500,4570,4400,4515,42090
2015-11-13,4115,4115,4500,4090,4500,85714
2015-11-16,3980,3980,4155,3910,3980,45778
2015-11-17,3995,3995,4050,3885,3920,65001
2015-11-18,4180,4180,4500,3995,4110,128616
2015-11-19,4235,4235,4285,4120,4140,31537
2015-11-20,4240,4240,4280,4150,4280,30213
2015-11-23,4280,4280,4420,4205,4280,51460
2015-11-24,4335,4335,5050,4210,4400,963892
2015-11-25,4190,4190,4460,4100,4335,112448
2015-11-26,4170,4170,4295,4140,4295,48637
2015-11-27,4120,4120,4330,4090,4330,45205
2015-11-30,4170,4170,4195,3980,4040,62626
2015-12-01,4170,4170,4275,4140,4230,27667
2015-12-02,4195,4195,4250,4080,4250,23358
2015-12-03,4165,4165,4225,4050,4145,31914
2015-12-04,4070,4070,4145,4030,4050,14371
2015-12-07,4100,4100,4150,4040,4070,30121
2015-12-08,3990,3990,4230,3915,4145,37279
2015-12-09,4000,4000,4180,3925,3990,29591
2015-12-10,4000,4000,4080,3860,3915,69523
2015-12-11,4035,4035,4100,3980,4100,14576
2015-12-14,3875,3875,4050,3860,4030,46718
2015-12-15,3920,3920,3980,3865,3865,15147
2015-12-16,4040,4040,4075,3925,3970,30619
2015-12-17,4005,4005,4090,3955,4090,25445
2015-12-18,4100,4100,4100,4000,4005,44917
2015-12-21,4140,4140,4150,4020,4100,32100
2015-12-22,4370,4370,4385,4130,4220,109077
2015-12-23,4300,4300,4900,4190,4590,250908
2015-12-24,4160,4160,4500,4155,4380,81654
2015-12-28,3935,3935,4255,3900,4160,110940
2015-12-29,4010,4010,4050,3915,3980,19209
2015-12-30,4040,4040,4100,4010,4085,24473
2016-01-04,3950,3950,4175,3930,4040,31178
2016-01-05,4070,4070,4070,3860,3860,12903
2016-01-06,4175,4175,4175,4060,4070,68850
2016-01-07,4075,4075,4590,4065,4325,329258
2016-01-08,4020,4020,4075,3915,3970,41017
2016-01-11,4010,4010,4200,3990,4200,18549
2016-01-12,3990,3990,4060,3940,3945,37896
2016-01-13,4020,4020,4080,3960,4075,13439
2016-01-14,4080,4080,4080,3970,4050,29698
2016-01-15,4100,4100,4245,4020,4175,41976
2016-01-18,4170,4170,4175,3925,3955,47144
2016-01-19,4200,4200,4600,4170,4270,267338
2016-01-20,4070,4070,4195,3925,4115,93920
2016-01-21,4050,4050,4130,3990,4130,12916
2016-01-22,4150,4150,4180,4025,4180,49897
2016-01-25,4140,4140,4245,4105,4245,28825
2016-01-26,4165,4165,4190,4070,4185,18849
2016-01-27,4110,4110,4210,4100,4210,25124
2016-01-28,4125,4125,4165,4010,4165,33582
2016-01-29,4295,4295,4440,4045,4125,96946
2016-02-01,4390,4390,4465,4235,4300,82253
2016-02-02,4280,4280,4750,4280,4390,242428
2016-02-03,4295,4295,4350,4155,4300,42958
2016-02-04,4430,4430,4480,4295,4375,105489
2016-02-05,4395,4395,4500,4360,4430,42829
2016-02-11,4155,4155,4395,4140,4395,47934
2016-02-12,3710,3710,4145,3700,4015,114905
2016-02-15,3820,3820,3835,3505,3760,76673
2016-02-16,3990,3990,4010,3820,3820,30961
2016-02-17,4070,4070,4095,3920,3980,12556
2016-02-18,4120,4120,4130,3995,4130,15874
2016-02-19,4115,4115,4140,4045,4050,10676
2016-02-22,4080,4080,4200,4040,4200,14147
2016-02-23,4045,4045,4180,3930,4145,71765
2016-02-24,4120,4120,4125,3930,4050,36781
2016-02-25,4210,4210,4650,4155,4280,385304
2016-02-26,4190,4190,4310,4090,4310,64930
2016-02-29,4215,4215,4220,4080,4220,39600
2016-03-02,4160,4160,4290,4160,4215,36323
2016-03-03,4055,4055,4220,4055,4160,62042
2016-03-04,4135,4135,4155,3995,4100,34972
2016-03-07,4135,4135,4190,3950,4115,67668
2016-03-08,4170,4170,4245,4035,4135,43952
2016-03-09,4260,4260,4290,4175,4200,42713
2016-03-10,4220,4220,4385,4200,4330,28157
2016-03-11,4160,4160,4235,4130,4155,29659
2016-03-14,4080,4080,4250,3965,4250,57860
2016-03-15,4215,4215,4225,4070,4100,40418
2016-03-16,4110,4110,4250,4110,4180,26223
2016-03-17,4250,4250,4280,4125,4125,38672
2016-03-18,4285,4285,4315,4210,4250,29914
2016-03-21,4445,4445,4475,4255,4345,107477
2016-03-22,4270,4270,4530,4235,4450,87261
2016-03-23,4370,4370,4395,4240,4395,59601
2016-03-24,4340,4340,4370,4235,4370,51987
2016-03-25,4335,4335,4470,4285,4395,70140
2016-03-28,4165,4165,4380,4165,4380,47048
2016-03-29,4275,4275,4310,4150,4250,41963
2016-03-30,4310,4310,4360,4235,4360,27861
2016-03-31,4345,4345,4350,4285,4345,31270
2016-04-01,4290,4290,4490,4290,4370,116740
2016-04-04,4395,4395,4395,4220,4270,68878
2016-04-05,4550,4550,5040,4400,4600,1138816
2016-04-06,4630,4630,4835,4550,4555,193889
2016-04-07,4615,4615,4750,4470,4530,127988
2016-04-08,5300,5300,5990,4550,4600,1621077
2016-04-11,5450,5450,5650,5170,5300,651126
2016-04-12,5110,5110,5510,5010,5510,333786
2016-04-14,4800,4800,5230,4700,5110,337694
2016-04-15,5300,5300,5460,4830,4850,685367
2016-04-18,5220,5220,5290,4990,5210,267896
2016-04-19,5170,5170,5450,5100,5230,234446
2016-04-20,5630,5630,5700,5150,5210,546532
2016-04-21,5470,5470,5690,5420,5530,320226
2016-04-22,5270,5270,5530,5120,5500,241411
2016-04-25,5020,5020,5330,5000,5260,134941
2016-04-26,5130,5130,5220,4980,5000,138553
2016-04-27,5070,5070,5260,5070,5210,63112
2016-04-28,5220,5220,5390,5070,5070,123231
2016-04-29,5340,5340,5340,5140,5220,86455
2016-05-02,5340,5340,5430,5250,5270,93344
2016-05-03,5280,5280,5390,5070,5340,116444
2016-05-04,5140,5140,5270,4995,5240,93738
2016-05-09,4910,4910,5140,4910,5140,64885
2016-05-10,5040,5040,5050,4910,4910,40902
2016-05-11,4945,4945,5080,4935,5020,45593
2016-05-12,5140,5140,5150,4910,5060,112599
2016-05-13,5140,5140,5220,5010,5190,63196
2016-05-16,4900,4900,5190,4820,5110,85591
2016-05-17,4760,4760,4930,4670,4830,128207
2016-05-18,4730,4730,4830,4680,4825,33548
2016-05-19,4925,4925,4980,4660,4770,61510
2016-05-20,4905,4905,5030,4840,4925,56579
2016-05-23,4815,4815,4950,4750,4905,40260
2016-05-24,4700,4700,4850,4615,4850,62542
2016-05-25,4780,4780,4840,4675,4745,37934
2016-05-26,4600,4600,4845,4600,4750,29240
2016-05-27,4695,4695,4745,4600,4645,30308
2016-05-30,4810,4810,4840,4600,4700,33108
2016-05-31,4810,4810,4840,4750,4840,50635
2016-06-01,4845,4845,4890,4770,4815,37285
2016-06-02,4870,4870,4925,4805,4850,27896
2016-06-03,5080,5080,5100,4870,4890,78582
2016-06-07,5070,5070,5150,5010,5080,44889
2016-06-08,4980,4980,5100,4915,5010,42845
2016-06-09,5160,5160,5260,4915,4995,176197
2016-06-10,5080,5080,5240,5010,5200,65861
2016-06-13,4860,4860,5060,4850,5060,57175
2016-06-14,4800,4800,4930,4670,4850,53746
2016-06-15,4940,4940,4995,4800,4850,51319
2016-06-16,4810,4810,4995,4750,4980,52294
2016-06-17,4730,4730,4890,4615,4810,52551
2016-06-20,4825,4825,4855,4690,4690,42430
2016-06-21,4790,4790,4895,4760,4850,22457
2016-06-22,4955,4955,4955,4750,4790,52584
2016-06-23,4820,4820,4960,4760,4960,43487
2016-06-24,4330,4330,4890,4250,4850,159699
2016-06-27,4225,4225,4435,4200,4200,134744
2016-06-28,4390,4390,4410,4050,4220,77252
2016-06-29,4600,4600,4685,4455,4540,87138
2016-06-30,4575,4575,4740,4545,4580,26635
2016-07-01,4650,4650,4720,4545,4600,34487
2016-07-04,4550,4550,4740,4495,4740,55682
2016-07-05,4710,4710,4730,4440,4440,55815
2016-07-06,4890,4890,4980,4665,4710,178427
2016-07-07,4930,4930,5040,4880,4890,76962
2016-07-08,4920,4920,5000,4845,5000,45851
2016-07-11,4970,4970,5000,4865,5000,35025
2016-07-12,4980,4980,5010,4870,5000,30509
2016-07-13,5100,5100,5100,4920,4920,74093
2016-07-14,5090,5090,5150,5030,5100,50016
2016-07-15,5000,5000,5100,4965,5100,35976
2016-07-18,5000,5000,5020,4920,5000,16771
2016-07-19,4920,4920,5060,4890,5060,28869
2016-07-20,4940,4940,5010,4850,4850,17359
2016-07-21,4970,4970,5020,4910,4910,20804
2016-07-22,5000,5000,5010,4910,5010,21189
2016-07-25,4980,4980,5040,4910,5030,18147
2016-07-26,4975,4975,5010,4905,5010,20667
2016-07-27,5190,5190,5220,4960,4995,188152
2016-07-28,5290,5290,5290,5100,5220,126322
2016-07-29,5020,5020,5740,5010,5350,480878
2016-08-01,5020,5020,5090,4980,5020,52624
2016-08-02,4955,4955,5120,4910,5020,70640
2016-08-03,4765,4765,4995,4765,4905,57595
2016-08-04,4810,4810,4845,4725,4845,21561
2016-08-05,4920,4920,4980,4810,4850,32277
2016-08-08,4825,4825,4920,4710,4920,31804
2016-08-09,4835,4835,4940,4755,4850,32829
2016-08-10,4840,4840,4900,4800,4850,26501
2016-08-11,4890,4890,4950,4820,4950,31479
2016-08-12,4905,4905,5180,4815,4900,86106
2016-08-16,5110,5110,5150,4850,4905,78565
2016-08-17,4885,4885,5400,4850,5150,255437
2016-08-18,4875,4875,4960,4825,4900,37542
2016-08-19,4800,4800,4920,4800,4920,38316
2016-08-22,4635,4635,4850,4610,4765,71950
2016-08-23,4700,4700,4750,4605,4645,33747
2016-08-24,4845,4845,4920,4730,4765,84493
2016-08-25,4840,4840,4900,4750,4900,42223
2016-08-26,4820,4820,4920,4710,4920,18877
2016-08-29,4755,4755,4890,4625,4890,33537
2016-08-30,4775,4775,4800,4635,4800,15862
2016-08-31,4780,4780,4800,4605,4795,37841
2016-09-01,4745,4745,4780,4650,4780,19490
2016-09-02,4940,4940,4950,4610,4800,58987
2016-09-05,4865,4865,5260,4855,5100,131486
2016-09-06,4865,4865,4935,4750,4935,28572
2016-09-07,4840,4840,4940,4750,4940,24205
2016-09-08,4670,4670,4845,4665,4795,40583
2016-09-09,4615,4615,4730,4605,4670,19081
2016-09-12,4460,4460,4685,4460,4460,22617
2016-09-13,4545,4545,4640,4465,4465,9496
2016-09-19,4520,4520,4620,4450,4545,24151
2016-09-20,4580,4580,4680,4525,4680,15984
2016-09-21,4630,4630,4690,4535,4580,15306
2016-09-22,4695,4695,4700,4600,4700,15543
2016-09-23,4630,4630,4700,4535,4700,24189
2016-09-26,4510,4510,4680,4505,4650,44301
2016-09-27,4545,4545,4550,4500,4540,29721
2016-09-28,4495,4495,4625,4460,4625,52758
2016-09-29,4630,4630,4700,4460,4620,129925
2016-09-30,4585,4585,4700,4525,4700,20162
2016-10-04,4540,4540,4640,4505,4585,26223
2016-10-05,4930,4930,4980,4260,4595,106036
2016-10-06,4680,4680,5180,4665,5160,315797
2016-10-07,4660,4660,4745,4645,4745,29029
2016-10-10,4640,4640,4685,4530,4665,21904
2016-10-11,4720,4720,4890,4595,4630,34630
2016-10-12,4690,4690,4775,4690,4720,25437
2016-10-13,4720,4720,4785,4610,4785,24137
2016-10-14,4640,4640,4725,4615,4620,19672
2016-10-17,4690,4690,4730,4620,4690,29646
2016-10-18,4600,4600,4690,4560,4630,26743
2016-10-19,4605,4605,4695,4505,4605,10152
2016-10-20,4500,4500,4685,4420,4685,29418
2016-10-21,4395,4395,4490,4355,4415,20046
2016-10-24,4360,4360,4435,4345,4435,21589
2016-10-25,4230,4230,4435,4200,4435,21852
2016-10-26,4260,4260,4295,4100,4250,21705
2016-10-27,4120,4120,4395,4010,4270,39231
2016-10-28,4120,4120,4195,4035,4195,16079
2016-10-31,3885,3885,4120,3775,4120,45008
2016-11-01,3970,3970,4000,3750,3750,21774
2016-11-02,3700,3700,4000,3655,4000,40718
2016-11-03,3800,3800,3940,3685,3700,12627
2016-11-04,3750,3750,3900,3635,3900,32294
2016-11-07,3870,3870,3935,3645,3645,24760
2016-11-08,3915,3915,3990,3830,3940,10273
2016-11-09,3835,3835,4020,3555,3915,53698
2016-11-10,3980,3980,3985,3855,3985,11880
2016-11-11,4120,4120,4200,3910,4000,18484
2016-11-14,4050,4050,4130,4005,4045,5772
2016-11-15,3915,3915,4045,3850,3990,36491
2016-11-16,4180,4180,4350,3850,3915,122724
2016-11-17,4395,4395,4600,4180,4335,209533
2016-11-18,4200,4200,4390,4170,4310,48382
2016-11-21,4470,4470,4600,4145,4200,179113
2016-11-22,4650,4650,4665,4320,4570,139915
2016-11-23,4745,4745,5000,4405,4825,269913
2016-11-24,4625,4625,4975,4530,4750,195146
2016-11-25,4485,4485,4725,4455,4625,39798
2016-11-28,4345,4345,4595,4330,4495,54037
2016-11-29,4480,4480,4530,4270,4445,183009
2016-11-30,5410,5410,5820,4520,4560,6041330
2016-12-01,5380,5380,5800,5220,5720,2143103
2016-12-02,5490,5490,5520,5120,5410,1429254
2016-12-05,5040,5040,5450,5040,5430,653751
2016-12-06,4990,4990,5220,4855,5200,693967
2016-12-07,4850,4850,5110,4795,5000,494982
2016-12-08,4900,4900,4940,4705,4860,362620
2016-12-09,4775,4775,4955,4720,4900,290247
2016-12-12,4880,4880,4905,4760,4775,261020
2016-12-13,4675,4675,4900,4665,4880,387630
2016-12-14,4665,4665,4730,4520,4730,303957
2016-12-15,4765,4765,4935,4670,4700,504513
2016-12-16,4685,4685,4795,4550,4795,157284
2016-12-19,4550,4550,4675,4515,4635,133245
2016-12-20,4580,4580,4615,4500,4550,71645
2016-12-21,4690,4690,4690,4520,4550,107242
2016-12-22,4795,4795,4795,4585,4700,169729
2016-12-23,4650,4650,5000,4645,4810,415940
2016-12-26,4520,4520,4645,4515,4645,98590
2016-12-27,4340,4340,4520,4120,4520,137882
2016-12-28,4350,4350,4385,4270,4270,43157
2016-12-29,4305,4305,4375,4235,4375,108435
2017-01-02,4325,4325,4340,4270,4305,24329
2017-01-03,4485,4485,4495,4350,4405,89735
2017-01-04,4420,4420,4540,4400,4540,30907
2017-01-05,4390,4390,4455,4320,4445,34436
2017-01-06,4360,4360,4435,4330,4435,52459
2017-01-09,4295,4295,4415,4200,4360,72445
2017-01-10,4240,4240,4295,4175,4280,52785
2017-01-11,4325,4325,4375,4245,4245,42744
2017-01-12,4260,4260,4385,4250,4260,23651
2017-01-13,4230,4230,4330,4150,4330,97633
2017-01-16,4180,4180,4320,4010,4260,63343
2017-01-17,4185,4185,4240,4150,4180,28641
2017-01-18,4205,4205,4210,4115,4160,61369
2017-01-19,4160,4160,4245,4100,4200,34048
2017-01-20,4060,4060,4145,4025,4140,49560
2017-01-23,4010,4010,4150,3950,4150,37532
2017-01-24,4220,4220,4220,3920,3920,124065
2017-01-25,4045,4045,4595,4000,4400,494396
2017-01-26,4165,4165,4230,4020,4025,60956
2017-01-31,4285,4285,4295,4125,4165,45870
2017-02-01,4280,4280,4290,4120,4120,26723
2017-02-02,4220,4220,4300,4175,4280,67201
2017-02-03,4190,4190,4230,4035,4135,46388
2017-02-06,4205,4205,4270,4145,4250,35906
2017-02-07,4190,4190,4275,4155,4275,27535
2017-02-08,4150,4150,4210,4080,4190,18897
2017-02-09,4140,4140,4255,4080,4150,26158
2017-02-10,4095,4095,4170,4055,4110,39559
2017-02-13,3990,3990,4130,3940,4095,96920
2017-02-14,4000,4000,4025,3960,4010,31939
2017-02-15,3975,3975,4020,3975,4010,24782
2017-02-16,3950,3950,3985,3930,3970,27751
2017-02-17,3950,3950,3975,3860,3950,28430
2017-02-20,4020,4020,4030,3955,4000,24550
2017-02-21,4035,4035,4090,4020,4020,16861
2017-02-22,4040,4040,4110,4010,4110,22197
2017-02-23,4005,4005,4035,3995,4000,19096
2017-02-24,3980,3980,4030,3940,4030,25728
2017-02-27,3880,3880,3990,3800,3885,61564
2017-02-28,3870,3870,3970,3860,3970,16151
2017-03-02,3890,3890,3950,3870,3870,5024
2017-03-03,3775,3775,3890,3740,3890,29182
2017-03-06,3770,3770,3865,3630,3775,16195
2017-03-07,3835,3835,3835,3740,3740,18841
2017-03-08,3845,3845,3930,3825,3930,8836
2017-03-09,3835,3835,3945,3805,3945,14709
2017-03-10,3815,3815,3840,3740,3810,28432
2017-03-13,4080,4080,4095,3810,3850,94611
2017-03-14,4150,4150,4600,4115,4400,656244
2017-03-15,4050,4050,4190,4045,4130,73823
2017-03-16,4100,4100,4180,4020,4020,26355
2017-03-17,4130,4130,4175,4040,4175,36234
2017-03-20,4100,4100,4195,4095,4195,19766
2017-03-21,4075,4075,4130,4020,4070,24378
2017-03-22,4000,4000,4120,3990,4075,23144
2017-03-23,3980,3980,4065,3970,3975,20473
2017-03-24,3955,3955,4045,3930,4000,24544
2017-03-27,3925,3925,4010,3810,4000,48946
2017-03-28,3955,3955,3990,3840,3930,32907
2017-03-29,4045,4045,4090,3890,3960,51140
2017-03-30,3995,3995,4090,3985,4045,22725
2017-03-31,4155,4155,4195,3970,3995,62406
2017-04-03,4165,4165,4210,4100,4160,35951
2017-04-04,4045,4045,4180,4040,4160,32637
2017-04-05,4170,4170,4195,4030,4045,34683
2017-04-06,4100,4100,4200,4080,4160,32355
2017-04-07,4150,4150,4190,4060,4100,18901
2017-04-10,3990,3990,4130,3950,4045,28128
2017-04-11,3985,3985,4010,3930,3990,27235
2017-04-12,3925,3925,4080,3910,4080,31257
2017-04-13,3880,3880,4055,3865,4055,20542
2017-04-14,3880,3880,3965,3850,3880,24993
2017-04-17,3945,3945,4000,3830,4000,27635
2017-04-18,3970,3970,4000,3900,3945,11092
2017-04-19,3940,3940,4010,3895,3990,36735
2017-04-20,3935,3935,3940,3880,3940,33688
2017-04-21,4055,4055,4150,3925,3945,55056
2017-04-24,4060,4060,4100,4000,4005,25324
2017-04-25,4280,4280,4350,4000,4125,253506
2017-04-26,4240,4240,4400,4185,4400,64529
2017-04-27,4320,4320,4395,4160,4245,188438
2017-04-28,4180,4180,4320,4095,4320,81342
2017-05-02,4050,4050,4235,3995,4180,44904
2017-05-04,4215,4215,4215,4005,4050,56566
2017-05-08,4370,4370,4370,4100,4215,111923
2017-05-10,4125,4125,4530,4080,4530,196342
2017-05-11,4060,4060,4175,4025,4125,32715
2017-05-12,4035,4035,4060,3965,4010,26082
2017-05-15,4000,4000,4155,4000,4155,8962
2017-05-16,4000,4000,4060,3945,4060,9388
2017-05-17,3985,3985,4025,3915,4025,13057
2017-05-18,3900,3900,3985,3820,3985,16956
2017-05-19,3885,3885,3930,3870,3930,26094
2017-05-22,3925,3925,4000,3890,3980,16217
2017-05-23,3920,3920,4010,3900,3990,14821
2017-05-24,3870,3870,3955,3845,3880,17618
2017-05-25,3850,3850,3990,3835,3880,34209
2017-05-26,3830,3830,3880,3830,3850,16485
2017-05-29,3725,3725,3915,3655,3835,48516
2017-05-30,3710,3710,3750,3620,3725,30003
2017-05-31,3720,3720,3735,3650,3665,19614
2017-06-01,3790,3790,3835,3675,3675,25472
2017-06-02,3725,3725,3865,3710,3865,19596
2017-06-05,3695,3695,3810,3675,3740,37671
2017-06-07,3715,3715,3775,3680,3695,19511
2017-06-08,3690,3690,3785,3690,3785,8712
2017-06-09,3575,3575,3785,3545,3690,100008
2017-06-12,3575,3575,3635,3515,3575,32882
2017-06-13,3605,3605,3670,3575,3590,22654
2017-06-14,3650,3650,3680,3605,3680,17934
2017-06-15,3630,3630,3680,3605,3650,18558
2017-06-16,3640,3640,3670,3580,3640,12965
2017-06-19,3600,3600,3680,3580,3640,18474
2017-06-20,3575,3575,3635,3560,3635,21042
2017-06-21,3500,3500,3600,3500,3590,13935
2017-06-22,3530,3530,3620,3445,3500,32572
2017-06-23,3620,3620,3650,3500,3550,19080
2017-06-26,3505,3505,3670,3505,3620,22614
2017-06-27,3530,3530,3540,3470,3470,30448
2017-06-28,3510,3510,3545,3510,3530,9197
2017-06-29,3535,3535,3550,3500,3535,12097
2017-06-30,3510,3510,3590,3505,3560,14814
2017-07-03,3530,3530,3590,3500,3590,11322
2017-07-04,3530,3530,3550,3490,3550,12612
2017-07-05,3570,3570,3570,3515,3565,7975
2017-07-06,3620,3620,3630,3560,3570,7252
2017-07-07,3630,3630,3675,3565,3630,15889
2017-07-10,3665,3665,3680,3590,3680,9309
2017-07-11,3725,3725,3725,3630,3685,13460
2017-07-12,3710,3710,3750,3650,3660,8959
2017-07-13,3685,3685,3785,3635,3710,6495
2017-07-14,3630,3630,3700,3550,3700,25192
2017-07-17,3585,3585,3690,3500,3690,9896
2017-07-18,3480,3480,3580,3420,3420,24179
2017-07-19,3470,3470,3525,3440,3525,18923
2017-07-20,3545,3545,3560,3470,3525,15930
2017-07-21,3530,3530,3675,3530,3580,9589
2017-07-24,3535,3535,3685,3480,3545,39421
2017-07-25,3545,3545,3580,3480,3535,17903
2017-07-26,3510,3510,3565,3480,3495,6252
2017-07-27,3470,3470,3590,3465,3590,6978
2017-07-28,3430,3430,3550,3365,3550,15812
2017-07-31,3450,3450,3480,3310,3480,11786
2017-08-01,3505,3505,3565,3400,3400,5595
2017-08-02,3465,3465,3570,3390,3570,5828
2017-08-03,3370,3370,3500,3335,3500,9661
2017-08-04,3440,3440,3440,3270,3370,7751
2017-08-07,3450,3450,3525,3390,3440,8322
2017-08-08,3445,3445,3500,3310,3500,7182
2017-08-09,3390,3390,3550,3285,3445,10061
2017-08-10,3340,3340,3500,3305,3450,2754
2017-08-11,3210,3210,3420,3175,3340,23149
2017-08-14,3225,3225,3300,3160,3230,5117
2017-08-16,3140,3140,3260,3020,3225,27915
2017-08-17,3080,3080,3230,3030,3135,18366
2017-08-18,3105,3105,3150,3065,3150,12170
2017-08-21,3165,3165,3200,3125,3170,10897
2017-08-22,3175,3175,3220,3160,3165,3717
2017-08-23,3185,3185,3195,3160,3195,2791
2017-08-24,3165,3165,3345,3150,3185,8008
2017-08-25,3225,3225,3240,3155,3200,4789
2017-08-28,3280,3280,3320,3230,3270,3188
2017-08-29,3340,3340,3350,3260,3305,4271
2017-08-30,3295,3295,3390,3250,3390,5202
2017-08-31,3200,3200,3290,3200,3260,3363
2017-09-01,3245,3245,3310,3160,3160,5335
2017-09-04,3155,3155,3290,3155,3285,4436
2017-09-05,3165,3165,3220,3100,3220,7888
2017-09-06,3180,3180,3195,3150,3170,5407
2017-09-07,3155,3155,3290,3130,3250,7795
2017-09-08,3155,3155,3210,3105,3210,3259
2017-09-11,3170,3170,3220,3110,3155,3466
2017-09-12,3175,3175,3230,3125,3230,7786
2017-09-13,3155,3155,3190,3075,3190,8422
2017-09-14,3120,3120,3155,3070,3155,3172
2017-09-15,3120,3120,3200,3030,3200,7750
2017-09-18,3125,3125,3160,3035,3100,2004
2017-09-19,3050,3050,3125,2995,3125,16510
2017-09-20,3035,3035,3065,2965,3000,11411
2017-09-21,2940,2940,3050,2870,3050,22933
2017-09-25,2765,2765,2975,2650,2975,89859
2017-09-26,2765,2765,2765,2765,2765,0
2017-09-27,2710,2710,2850,2710,2760,5233
2017-09-28,2790,2790,2830,2710,2710,11127
2017-09-29,2810,2810,2830,2735,2830,6031
2017-10-10,2800,2800,2850,2745,2810,3313
2017-10-11,2800,2800,2855,2740,2770,10729
2017-10-12,2810,2810,2920,2750,2750,17101
2017-10-13,2775,2775,2880,2700,2820,15725
2017-10-16,2780,2780,2870,2650,2780,15267
2017-10-17,2745,2745,2870,2725,2870,9138
2017-10-18,2780,2780,2800,2690,2800,8160
2017-10-19,2815,2815,2860,2765,2845,2866
2017-10-20,2725,2725,2995,2695,2815,26602
2017-10-23,2785,2785,2830,2725,2725,3948
2017-10-24,2715,2715,2840,2715,2785,6892
2017-10-25,2770,2770,2850,2740,2745,8435
2017-10-26,2730,2730,2830,2650,2830,5963
2017-10-27,2725,2725,2770,2645,2770,6952
2017-10-30,2685,2685,2780,2685,2690,3760
2017-10-31,2705,2705,2750,2600,2700,7690
2017-11-01,2715,2715,2755,2650,2710,10615
2017-11-02,2675,2675,2715,2615,2690,9619
2017-11-03,2600,2600,2710,2600,2675,17991
2017-11-06,2580,2580,2680,2540,2555,15121
2017-11-07,2575,2575,2635,2530,2635,18853
2017-11-08,2620,2620,2645,2575,2575,5462
2017-11-09,2575,2575,2675,2565,2675,11649
2017-11-10,2595,2595,2625,2590,2620,9853
2017-11-13,2770,2770,2895,2605,2650,43302
2017-11-14,2820,2820,2820,2650,2770,9973
2017-11-15,2760,2760,3070,2725,2830,38957
2017-11-16,2830,2830,2890,2760,2890,19348
2017-11-17,2830,2830,2915,2750,2830,51439
2017-11-20,2970,2970,3055,2805,2870,46871
2017-11-21,3150,3150,3200,2905,2920,50682
2017-11-22,2900,2900,3450,2875,3215,342842
2017-11-23,2805,2805,2950,2760,2900,43233
2017-11-24,2820,2820,2875,2755,2775,22062
2017-11-27,2880,2880,2885,2800,2830,27132
2017-11-28,2870,2870,2975,2870,2880,41710
2017-11-29,2880,2880,2950,2815,2815,24597
2017-11-30,2845,2845,2920,2840,2880,12988
2017-12-01,2780,2780,2990,2670,2875,22774
2017-12-04,2915,2915,3115,2775,2845,63236
2017-12-05,2980,2980,3060,2860,2895,38100
2017-12-06,3135,3135,3160,2915,2980,39893
2017-12-07,3000,3000,3190,2990,3190,30094
2017-12-08,3010,3010,3090,3000,3000,8680
2017-12-11,2950,2950,3055,2875,3010,12016
2017-12-12,2940,2940,3030,2940,3005,12093
2017-12-13,2960,2960,3030,2920,2970,13959
2017-12-14,3010,3010,3015,2910,2960,5528
2017-12-15,3020,3020,3060,2970,2985,4214
2017-12-18,2960,2960,3080,2880,3020,12518
2017-12-19,2815,2815,2995,2810,2940,18214
2017-12-21,2755,2755,2870,2745,2755,8246
2017-12-22,2785,2785,2810,2715,2810,6459
2017-12-26,2780,2780,2835,2735,2745,4774
2017-12-27,2955,2955,2990,2780,2785,15960
2017-12-28,2960,2960,3000,2875,3000,4867
2018-01-01,2960,2960,2960,2960,2960,0
2018-01-02,3065,3065,3065,2880,3000,20803
2018-01-03,3140,3140,3170,3000,3065,32013
2018-01-04,3120,3120,3195,3115,3140,12092
2018-01-05,3130,3130,3190,3070,3120,23832
2018-01-08,3095,3095,3185,3015,3185,16468
2018-01-09,2950,2950,3075,2945,2980,38342
2018-01-10,3070,3070,3085,2950,2960,39575
2018-01-11,3370,3370,3370,2975,3115,149283
2018-01-12,3370,3370,3445,3250,3400,72842
2018-01-15,3770,3770,4220,3270,3395,819103
2018-01-16,3880,3880,4155,3715,3810,169493
2018-01-17,4160,4160,4350,3885,3885,467803
2018-01-18,4160,4160,4255,4120,4160,75788
2018-01-19,4160,4160,4280,4120,4160,58282
2018-01-22,4105,4105,4260,3805,4140,91745
2018-01-23,4105,4105,4170,4005,4110,48037
2018-01-24,4450,4450,4500,4070,4105,209479
2018-01-25,5090,5090,5480,4650,4650,741127
2018-01-26,5260,5260,5330,4990,5190,190256
2018-01-29,5200,5200,5700,4965,5610,412891
2018-01-30,5020,5020,5350,4915,5190,260617
2018-01-31,4730,4730,5120,4650,5120,176289
2018-02-01,6140,6140,6140,4760,4890,4444668
2018-02-02,5700,5700,6490,5570,6430,1591966
2018-02-05,5270,5270,5400,5000,5400,616696
2018-02-06,4660,4660,5030,4500,4840,756411
2018-02-07,4815,4815,5140,4720,4800,619578
2018-02-08,4970,4970,4990,4710,4875,190976
2018-02-09,4655,4655,4945,4605,4710,250774
2018-02-12,4300,4300,4945,4300,4710,294955
2018-02-13,4250,4250,4415,4125,4335,299462
2018-02-14,4365,4365,4635,4215,4220,325819
2018-02-19,4370,4370,4540,4200,4425,272351
2018-02-20,4615,4615,5190,4320,4370,1539361
2018-02-21,4890,4890,5100,4600,4650,853718
2018-02-22,4830,4830,4910,4720,4780,192209
2018-02-23,4675,4675,5080,4660,4965,288936
2018-02-26,4480,4480,4735,4465,4675,198060
2018-02-27,4800,4800,4800,4480,4480,254147
2018-02-28,4565,4565,4835,4485,4830,243454
2018-03-02,4570,4570,4900,4400,4510,386905
2018-03-05,4300,4300,4600,4300,4570,111326
2018-03-06,4380,4380,4450,4295,4330,123035
2018-03-08,4425,4425,4450,4135,4250,114462
2018-03-09,4660,4660,4700,4425,4425,185037
2018-03-12,4625,4625,4750,4555,4675,146776
2018-03-13,4980,4980,5130,4550,4625,998842
2018-03-14,4965,4965,5150,4905,5000,366380
2018-03-15,4850,4850,5040,4700,5040,262427
2018-03-16,4650,4650,4905,4600,4900,196864
2018-03-19,4530,4530,4695,4420,4650,156703
2018-03-20,4640,4640,4640,4480,4530,70160
2018-03-21,4470,4470,4660,4420,4660,109387
2018-03-22,4330,4330,4620,4330,4470,173721
2018-03-23,4310,4310,4495,4120,4300,122585
2018-03-26,4310,4310,4350,4120,4260,129456
2018-03-27,4455,4455,4495,4275,4350,93941
2018-03-28,4555,4555,4630,4390,4390,130671
2018-03-29,4600,4600,4640,4505,4570,71789
2018-03-30,4715,4715,4780,4585,4600,151513
2018-04-02,4660,4660,4800,4660,4720,123546
2018-04-03,4375,4375,4700,4350,4700,167709
2018-04-04,4320,4320,4520,4285,4450,98579
2018-04-05,4420,4420,4435,4250,4370,81685
2018-04-06,4355,4355,4475,4250,4415,52428
2018-04-09,4250,4250,4430,4200,4355,56426
2018-04-10,4090,4090,4300,4025,4210,196816
2018-04-11,4365,4365,4390,4040,4150,172894
2018-04-12,4345,4345,4500,4280,4330,91124
2018-04-13,4470,4470,4480,4325,4345,94987
2018-04-16,4660,4660,4745,4400,4480,291720
2018-04-17,4775,4775,4800,4610,4670,172556
2018-04-18,4875,4875,5070,4780,5070,445595
2018-04-19,4650,4650,4965,4600,4945,275555
2018-04-20,4980,4980,5020,4640,4650,372878
2018-04-23,4900,4900,5070,4850,5020,204968
2018-04-24,4825,4825,4970,4730,4900,93683
2018-04-25,4815,4815,5330,4730,4780,591771
2018-04-26,5500,5500,6170,5000,5070,4891549
2018-04-27,5060,5060,5730,4945,5400,1294213
2018-04-30,5710,5710,5930,5000,5000,1568206
2018-05-02,5800,5800,6140,5360,6100,798438
2018-05-03,5950,5950,5950,5500,5650,511450
2018-05-04,5940,5940,6060,5690,6030,467484
2018-05-08,5550,5550,6340,5500,6060,760882
2018-05-09,5380,5380,5720,5290,5490,283287
2018-05-10,5460,5460,5560,5270,5560,245777
2018-05-11,5580,5580,5620,5340,5440,236180
2018-05-14,6800,6800,6950,5610,5730,2739317
2018-05-15,6700,6700,6860,6500,6800,663880
2018-05-16,5660,5660,6000,5420,5560,934058
2018-05-17,6200,6200,6670,5510,5650,1462382
2018-05-18,6050,6050,6150,5910,6150,307978
2018-05-21,5750,5750,6040,5690,6040,232600
2018-05-23,5500,5500,5680,5400,5610,285188
2018-05-24,5270,5270,5720,5180,5600,292968
2018-05-25,4600,4600,4860,4555,4560,425114
2018-05-28,5470,5470,5660,5100,5200,716193
2018-05-29,5230,5230,5530,5160,5530,303814
2018-05-30,4950,4950,5280,4880,5110,206394
2018-05-31,4890,4890,5000,4660,4960,202631
2018-06-01,5090,5090,5460,4720,4960,324062
2018-06-04,5080,5080,5200,4900,5120,119793
2018-06-05,5100,5100,5110,4880,5070,114236
2018-06-07,5210,5210,5260,5070,5110,137775
2018-06-08,5040,5040,5290,5000,5180,122086
2018-06-11,4855,4855,5070,4790,5000,172057
2018-06-12,4870,4870,4940,4750,4790,106074
2018-06-14,4740,4740,4820,4690,4800,82594
2018-06-15,4825,4825,4940,4700,4700,62314
2018-06-18,4805,4805,4975,4730,4825,130552
2018-06-19,4555,4555,4805,4555,4805,98163
2018-06-20,4540,4540,4555,4440,4440,93333
2018-06-21,4255,4255,4600,4110,4530,65933
2018-06-22,4295,4295,4540,4140,4355,80269
2018-06-25,4350,4350,4375,4110,4370,61490
2018-06-26,4350,4350,4430,4200,4350,37664
2018-06-27,4215,4215,4410,4110,4400,85035
2018-06-28,3925,3925,4210,3910,4210,81362
2018-06-29,3980,3980,4075,3700,4065,58978
2018-07-02,3710,3710,3980,3710,3950,46250
2018-07-03,3730,3730,3805,3560,3640,102709
2018-07-04,3820,3820,3960,3660,3760,40847
2018-07-05,3855,3855,3945,3720,3820,37576
2018-07-06,3845,3845,3990,3720,3855,41810
2018-07-09,3650,3650,3805,3640,3730,56403
2018-07-10,3800,3800,3900,3640,3640,64625
2018-07-11,3925,3925,4090,3725,3765,131360
2018-07-12,3935,3935,4085,3925,3950,70289
2018-07-13,3975,3975,4225,3975,4075,52601
2018-07-16,4020,4020,4090,4005,4050,34552
2018-07-17,3960,3960,4080,3955,4020,46037
2018-07-18,3915,3915,4130,3875,3960,50512
2018-07-19,3800,3800,3970,3670,3970,47840
2018-07-20,3785,3785,3900,3660,3725,23946
2018-07-23,3595,3595,3785,3585,3785,31746
2018-07-24,3635,3635,3700,3525,3525,28238
2018-07-26,3635,3635,3650,3480,3535,19045
2018-07-27,3765,3765,3780,3630,3720,48197
2018-07-30,3820,3820,4095,3805,3990,64824
2018-07-31,3935,3935,3940,3750,3810,33638
2018-08-01,3970,3970,3990,3870,3935,36702
2018-08-02,3830,3830,3970,3700,3970,37686
2018-08-03,3940,3940,3985,3830,3830,24759
