,Adj Close,Close,High,Low,Open,Volume
2000-01-04,187,14300,1430,1255,1255,61000
2000-01-05,200,15300,1640,1260,1260,386000
2000-01-06,174,13250,1550,1310,1490,161000
2000-01-07,199,15200,1520,1350,1450,130000
2000-01-10,194,14800,1680,1440,1590,115000
2000-01-11,190,14500,1480,1420,1460,40000
2000-01-12,180,13750,1490,1370,1410,57000
2000-01-13,183,14000,1445,1350,1350,22000
2000-01-14,181,13800,1400,1325,1400,80000
2000-01-17,183,14000,1400,1330,1330,61000
2000-01-18,177,13500,1450,1350,1450,31000
2000-01-19,175,13400,1395,1300,1370,57000
2000-01-20,166,12700,1380,1230,1300,50000
2000-01-21,157,12000,1320,1200,1220,31000
2000-01-24,170,12950,1295,1230,1285,42000
2000-01-25,171,13050,1305,1240,1240,29000
2000-01-26,173,13200,1320,1250,1260,23000
2000-01-27,179,13700,1490,1250,1250,80000
2000-01-28,179,13700,1380,1285,1300,94000
2000-01-31,179,13700,1395,1325,1370,22000
2000-02-01,179,13700,1370,1325,1350,63000
2000-02-02,183,14000,1450,1320,1390,151000
2000-02-03,177,13500,1395,1320,1360,57000
2000-02-04,177,13500,1350,1350,1350,0
2000-02-07,182,13900,1390,1305,1305,34000
2000-02-08,181,13800,1450,1345,1440,33000
2000-02-09,182,13900,1420,1350,1380,53000
2000-02-10,177,13500,1395,1330,1350,19000
2000-02-11,181,13800,1390,1270,1320,118000
2000-02-14,168,12800,1330,1270,1330,47000
2000-02-15,167,12750,1310,1190,1260,35000
2000-02-16,164,12500,1285,1205,1205,22000
2000-02-17,159,12150,1300,1150,1150,107000
2000-02-18,181,13850,1395,1250,1280,367000
2000-02-21,165,12600,1380,1260,1345,146000
2000-02-22,173,13200,1330,1235,1280,160000
2000-02-23,172,13100,1380,1260,1280,68000
2000-02-24,176,13450,1380,1305,1320,56000
2000-02-25,177,13500,1375,1300,1360,87000
2000-02-28,187,14250,1450,1320,1360,117000
2000-02-29,178,13600,1490,1360,1490,69000
2000-03-01,178,13600,1360,1360,1360,0
2000-03-02,186,14200,1470,1370,1400,129000
2000-03-03,178,13600,1450,1360,1360,79000
2000-03-06,204,15600,1560,1370,1370,251000
2000-03-07,202,15400,1580,1450,1490,50000
2000-03-08,194,14800,1560,1420,1460,55000
2000-03-09,207,15800,1650,1440,1480,170000
2000-03-10,204,15600,1695,1540,1580,255000
2000-03-13,228,17400,1790,1620,1650,224000
2000-03-14,208,15900,1740,1550,1740,76000
2000-03-15,183,14000,1560,1360,1500,158000
2000-03-16,187,14300,1485,1400,1460,57000
2000-03-17,183,14000,1475,1370,1440,26000
2000-03-20,174,13250,1410,1310,1405,40000
2000-03-21,180,13750,1430,1320,1350,43000
2000-03-22,176,13450,1390,1310,1380,72000
2000-03-23,179,13700,1430,1350,1430,38000
2000-03-24,183,14000,1460,1370,1375,105000
2000-03-27,189,14400,1490,1400,1450,80000
2000-03-28,203,15500,1650,1455,1495,320000
2000-03-29,190,14500,1650,1380,1650,200000
2000-03-30,182,13900,1480,1370,1480,48000
2000-03-31,179,13700,1430,1340,1350,57000
2000-04-03,168,12800,1370,1280,1350,140000
2000-04-04,164,12500,1330,1200,1320,121000
2000-04-05,164,12500,1250,1250,1250,0
2000-04-06,165,12600,1275,1230,1270,44000
2000-04-07,172,13150,1330,1240,1240,59000
2000-04-10,174,13300,1450,1315,1410,109000
2000-04-11,168,12800,1400,1235,1380,124000
2000-04-12,168,12850,1310,1250,1250,29000
2000-04-13,168,12850,1285,1285,1285,0
2000-04-14,168,12800,1305,1240,1250,25000
2000-04-17,152,11600,1200,1110,1200,89000
2000-04-18,156,11950,1230,1160,1180,36000
2000-04-19,164,12500,1270,1205,1220,20000
2000-04-20,161,12300,1260,1205,1220,27000
2000-04-21,164,12500,1250,1200,1220,13000
2000-04-24,164,12500,1315,1225,1270,47000
2000-04-25,160,12200,1250,1215,1240,20000
2000-04-26,160,12200,1250,1200,1250,37000
2000-04-27,156,11900,1200,1150,1150,17000
2000-04-28,158,12100,1230,1170,1200,32000
2000-05-01,158,12100,1210,1210,1210,0
2000-05-02,159,12150,1250,1170,1250,24000
2000-05-03,160,12200,1220,1200,1200,13000
2000-05-04,166,12700,1320,1190,1190,114000
2000-05-05,166,12700,1270,1270,1270,0
2000-05-08,160,12200,1340,1220,1340,73000
2000-05-09,160,12200,1220,1220,1220,0
2000-05-10,166,12700,1280,1230,1240,20000
2000-05-11,166,12700,1270,1270,1270,0
2000-05-12,191,14600,1460,1250,1270,549000
2000-05-15,219,16750,1675,1470,1470,628000
2000-05-16,187,14250,1770,1425,1770,352000
2000-05-17,170,13000,1550,1300,1350,358000
2000-05-18,145,11050,1280,1105,1210,247000
2000-05-19,147,11200,1140,1000,1120,140000
2000-05-22,133,10200,1160,1020,1070,124000
2000-05-23,131,10000,1050,973,973,116000
2000-05-24,129,9850,1075,950,1000,75000
2000-05-25,144,11000,1130,1005,1005,141000
2000-05-26,131,10000,1100,990,1100,51000
2000-05-29,135,10300,1085,985,985,109000
2000-05-30,135,10300,1030,1030,1030,0
2000-05-31,145,11050,1150,1080,1100,135000
2000-06-01,145,11050,1140,1050,1050,133000
2000-06-02,143,10900,1190,1085,1130,292000
2000-06-05,148,11300,1150,1100,1105,89000
2000-06-06,148,11300,1130,1130,1130,0
2000-06-07,148,11300,1160,1100,1150,226000
2000-06-08,135,10300,1160,1005,1150,415000
2000-06-09,134,10250,1080,1010,1040,187000
2000-06-12,154,11750,1175,1035,1070,609000
2000-06-13,137,10500,1170,1040,1125,138000
2000-06-14,137,10450,1110,1035,1080,150000
2000-06-15,135,10350,1070,1010,1050,118000
2000-06-16,130,9950,1030,995,1030,52000
2000-06-19,126,9620,1025,962,980,76000
2000-06-20,130,9910,1000,980,999,49000
2000-06-21,134,10250,1030,992,1010,70000
2000-06-22,135,10350,1055,1005,1005,66000
2000-06-23,133,10200,1025,995,1015,34000
2000-06-26,136,10400,1075,1020,1020,87000
2000-06-27,135,10350,1050,1000,1050,213000
2000-06-28,133,10200,1085,1010,1085,154000
2000-06-29,133,10200,1070,1000,1070,109000
2000-06-30,135,10300,1050,1000,1050,122000
2000-07-03,148,11300,1130,1040,1060,347000
2000-07-04,149,11400,1150,1095,1140,220000
2000-07-05,160,12250,1225,1100,1150,392000
2000-07-06,164,12500,1250,1170,1230,274000
2000-07-07,154,11800,1240,1180,1180,113000
2000-07-10,151,11500,1250,1150,1250,106000
2000-07-11,149,11400,1175,1120,1170,103000
2000-07-12,154,11800,1200,1130,1140,264000
2000-07-13,144,11000,1170,1100,1130,126000
2000-07-14,140,10700,1145,1060,1120,99000
2000-07-17,140,10700,1070,1070,1070,0
2000-07-18,135,10350,1080,1020,1050,54000
2000-07-19,135,10350,1080,1020,1050,54000
2000-07-20,135,10300,1040,1005,1020,54000
2000-07-21,137,10500,1050,1030,1045,21000
2000-07-24,133,10200,1050,1000,1010,118000
2000-07-25,133,10200,1020,1000,1020,28000
2000-07-26,137,10500,1050,1000,1020,51000
2000-07-27,132,10100,1060,1005,1020,53000
2000-07-28,135,10300,1040,1005,1010,56000
2000-07-31,133,10150,1035,1010,1015,25000
2000-08-01,136,10400,1045,1020,1030,25000
2000-08-02,137,10450,1060,1035,1045,41000
2000-08-03,133,10200,1055,1005,1045,109000
2000-08-04,135,10300,1035,1000,1035,73000
2000-08-07,130,9930,1005,990,1005,31000
2000-08-08,131,10000,1015,995,1000,36000
2000-08-09,133,10200,1020,1000,1000,23000
2000-08-10,135,10300,1030,1000,1025,35000
2000-08-11,134,10250,1040,1005,1040,48000
2000-08-14,141,10800,1090,1030,1035,181000
2000-08-15,141,10800,1080,1080,1080,0
2000-08-16,139,10600,1070,1040,1055,44000
2000-08-17,134,10250,1050,1015,1030,89000
2000-08-18,132,10100,1045,1000,1025,77000
2000-08-21,132,10100,1020,1000,1010,51000
2000-08-22,133,10150,1025,1000,1020,50000
2000-08-23,133,10150,1035,1000,1015,55000
2000-08-24,133,10200,1050,1005,1015,60000
2000-08-25,132,10100,1020,1000,1015,46000
2000-08-28,133,10150,1015,995,1000,53000
2000-08-29,131,10050,1015,1000,1015,39000
2000-08-30,131,10000,1030,998,1005,97000
2000-08-31,128,9810,1015,981,1000,98000
2000-09-01,134,10250,1045,990,990,126000
2000-09-04,141,10750,1090,1005,1030,290000
2000-09-05,162,12350,1235,1090,1090,1897000
2000-09-06,161,12300,1385,1120,1250,2268000
2000-09-07,152,11600,1365,1160,1290,1217000
2000-09-08,144,11000,1285,1075,1210,1446000
2000-09-11,144,11000,1100,1100,1100,0
2000-09-12,144,11000,1100,1100,1100,0
2000-09-13,144,11000,1100,1100,1100,0
2000-09-14,144,11000,1160,1060,1130,485000
2000-09-15,166,12650,1265,1110,1130,736000
2000-09-18,190,14500,1450,1300,1450,3473000
2000-09-19,174,13250,1600,1260,1275,4569000
2000-09-20,177,13500,1445,1310,1365,2378000
2000-09-21,169,12900,1410,1250,1390,1506000
2000-09-22,149,11400,1370,1130,1300,1474000
2000-09-25,156,11900,1230,1140,1140,954000
2000-09-26,159,12150,1335,1180,1200,1392000
2000-09-27,155,11850,1290,1170,1290,795000
2000-09-28,152,11600,1225,1160,1190,440000
2000-09-29,161,12300,1270,1180,1190,1110000
2000-10-02,160,12200,1280,1215,1260,917000
2000-10-03,160,12200,1220,1220,1220,0
2000-10-04,164,12500,1310,1215,1250,992000
2000-10-05,164,12500,1285,1220,1280,549000
2000-10-06,166,12700,1335,1240,1265,1064000
2000-10-09,157,12000,1290,1200,1260,559000
2000-10-10,157,12000,1255,1140,1175,835000
2000-10-11,145,11100,1250,1110,1220,591000
2000-10-12,151,11550,1180,1120,1140,483000
2000-10-13,140,10700,1110,1040,1060,306000
2000-10-16,140,10700,1070,1070,1070,0
2000-10-17,143,10950,1170,1095,1120,616000
2000-10-18,138,10550,1100,1035,1100,297000
2000-10-19,147,11200,1125,1050,1080,342000
2000-10-20,147,11200,1150,1100,1130,275000
2000-10-23,144,11000,1150,1085,1125,284000
2000-10-24,144,11000,1125,1080,1080,201000
2000-10-25,143,10900,1135,1070,1105,265000
2000-10-26,139,10600,1095,1055,1070,129000
2000-10-27,139,10600,1060,1060,1060,0
2000-10-30,130,9900,1055,990,1045,209000
2000-10-31,131,10000,1005,931,1000,159000
2000-11-01,135,10350,1040,1005,1030,71000
2000-11-02,135,10300,1055,1010,1050,139000
2000-11-03,135,10350,1045,1010,1010,90000
2000-11-06,137,10500,1070,1020,1035,159000
2000-11-07,140,10700,1100,1055,1065,226000
2000-11-08,135,10300,1065,1030,1065,141000
2000-11-09,139,10650,1070,1035,1070,59000
2000-11-10,143,10900,1150,1045,1050,347000
2000-11-13,143,10900,1130,1070,1130,177000
2000-11-14,147,11250,1145,1080,1100,243000
2000-11-15,152,11600,1180,1120,1150,479000
2000-11-16,161,12300,1250,1175,1195,647000
2000-11-17,164,12500,1270,1200,1245,378000
2000-11-20,162,12350,1320,1235,1290,416000
2000-11-21,162,12350,1300,1200,1225,589000
2000-11-22,168,12800,1330,1235,1250,1145000
2000-11-23,161,12300,1255,1200,1240,406000
2000-11-24,183,13950,1400,1190,1230,753000
2000-11-27,196,15000,1540,1400,1400,999000
2000-11-28,186,14200,1550,1355,1510,759000
2000-11-29,181,13800,1450,1335,1450,402000
2000-11-30,166,12700,1410,1250,1400,316000
2000-12-01,165,12600,1290,1210,1230,229000
2000-12-04,163,12450,1285,1240,1285,146000
2000-12-05,173,13200,1360,1230,1230,498000
2000-12-06,170,13000,1385,1290,1350,457000
2000-12-07,196,14950,1495,1300,1340,763000
2000-12-08,225,17150,1715,1605,1650,412000
2000-12-11,258,19700,1970,1970,1970,579000
2000-12-12,219,16750,1920,1675,1710,2317000
2000-12-13,236,18000,1885,1585,1645,2676000
2000-12-14,236,18000,2050,1780,1840,2353000
2000-12-15,216,16500,1825,1600,1800,1261000
2000-12-18,236,18000,1810,1655,1670,1384000
2000-12-19,239,18200,2070,1730,1845,3861000
2000-12-20,203,15500,1850,1550,1850,1561000
2000-12-21,193,14700,1590,1340,1475,1703000
2000-12-22,170,13000,1535,1280,1470,638000
2000-12-26,160,12200,1330,1210,1250,378000
2001-01-02,183,14000,1400,1250,1250,400000
2001-01-03,186,14200,1470,1300,1370,541000
2001-01-04,193,14700,1525,1430,1470,638000
2001-01-05,181,13800,1460,1365,1450,338000
2001-01-08,186,14200,1460,1350,1350,251000
2001-01-09,185,14150,1500,1400,1430,424000
2001-01-10,177,13550,1485,1350,1430,426000
2001-01-11,179,13700,1400,1340,1355,213000
2001-01-12,182,13900,1440,1370,1400,344000
2001-01-15,185,14100,1495,1370,1400,540000
2001-01-16,189,14400,1465,1380,1410,422000
2001-01-17,200,15300,1620,1450,1460,1343000
2001-01-18,191,14600,1530,1450,1530,224000
2001-01-19,188,14350,1530,1430,1475,231000
2001-01-22,189,14450,1490,1430,1440,216000
2001-01-26,190,14500,1510,1430,1475,216000
2001-01-29,190,14500,1470,1420,1470,161000
2001-01-30,191,14600,1495,1450,1470,311000
2001-01-31,206,15750,1670,1490,1500,1348000
2001-02-01,209,15950,1715,1550,1620,656000
2001-02-02,213,16250,1660,1570,1595,323000
2001-02-05,212,16200,1680,1605,1625,346000
2001-02-06,216,16450,1745,1610,1635,707000
2001-02-07,216,16500,1685,1620,1665,292000
2001-02-08,219,16700,1680,1550,1630,311000
2001-02-09,212,16200,1710,1610,1650,207000
2001-02-12,214,16350,1680,1600,1600,126000
2001-02-13,216,16450,1700,1610,1700,261000
2001-02-14,217,16600,1675,1620,1665,110000
2001-02-15,213,16250,1680,1610,1680,157000
2001-02-16,208,15900,1630,1570,1630,155000
2001-02-19,205,15650,1610,1555,1600,152000
2001-02-20,208,15850,1650,1570,1570,287000
2001-02-21,210,16000,1610,1570,1585,106000
2001-02-22,212,16200,1680,1600,1600,346000
2001-02-23,231,17600,1810,1630,1660,784000
2001-02-26,229,17500,1800,1690,1750,383000
2001-02-27,229,17500,1830,1705,1765,533000
2001-02-28,221,16850,1770,1665,1720,225000
2001-03-02,204,15550,1720,1555,1710,232000
2001-03-05,206,15700,1630,1540,1585,335000
2001-03-06,202,15400,1590,1535,1570,198000
2001-03-07,202,15450,1570,1535,1535,171000
2001-03-08,199,15200,1550,1510,1530,151000
2001-03-09,206,15750,1585,1535,1535,215000
2001-03-12,199,15200,1550,1460,1540,115000
2001-03-13,190,14500,1465,1370,1370,96000
2001-03-15,190,14500,1450,1395,1420,29000
2001-03-16,192,14650,1475,1450,1450,92000
2001-03-19,193,14750,1475,1440,1465,39000
2001-03-20,190,14500,1490,1450,1490,44000
2001-03-21,193,14700,1470,1430,1450,77000
2001-03-22,188,14350,1470,1430,1470,51000
2001-03-23,190,14500,1455,1435,1440,17000
2001-03-26,190,14500,1465,1450,1450,48000
2001-03-27,191,14550,1500,1440,1475,96000
2001-03-28,185,14150,1470,1410,1460,64000
2001-03-29,186,14200,1440,1400,1420,52000
2001-03-30,183,14000,1420,1380,1420,91000
2001-04-02,185,14150,1420,1380,1420,39000
2001-04-03,181,13850,1425,1350,1390,41000
2001-04-04,176,13450,1380,1330,1350,40000
2001-04-06,179,13650,1390,1340,1360,30000
2001-04-09,177,13550,1380,1320,1365,65000
2001-04-10,175,13400,1360,1315,1360,28000
2001-04-11,178,13600,1365,1335,1340,22000
2001-04-12,182,13900,1390,1330,1370,18000
2001-04-13,181,13800,1420,1375,1400,41000
2001-04-16,178,13600,1405,1360,1400,16000
2001-04-17,183,14000,1420,1370,1390,35000
2001-04-18,191,14600,1475,1410,1450,125000
2001-04-19,189,14400,1490,1420,1490,131000
2001-04-20,186,14200,1460,1420,1445,33000
2001-04-23,182,13900,1445,1375,1445,52000
2001-04-24,182,13900,1430,1380,1400,42000
2001-04-25,182,13900,1400,1375,1380,33000
2001-04-26,182,13900,1400,1375,1380,33000
2001-04-27,182,13900,1390,1380,1390,12000
2001-04-30,182,13900,1435,1380,1385,32000
2001-05-02,183,14000,1420,1380,1400,39000
2001-05-03,187,14300,1430,1380,1395,92000
2001-05-04,186,14200,1495,1410,1410,123000
2001-05-07,190,14500,1460,1430,1450,49000
2001-05-08,196,14950,1500,1445,1445,61000
2001-05-09,204,15600,1690,1485,1490,776000
2001-05-10,206,15700,1615,1530,1565,119000
2001-05-11,202,15400,1575,1480,1540,180000
2001-05-14,208,15900,1600,1510,1510,143000
2001-05-15,210,16000,1625,1565,1595,115000
2001-05-16,217,16600,1730,1610,1610,207000
2001-05-17,216,16500,1700,1640,1670,126000
2001-05-18,223,17000,1720,1630,1690,137000
2001-05-21,227,17300,1770,1680,1700,181000
2001-05-22,236,18000,1800,1750,1755,250000
2001-05-23,245,18700,1930,1830,1840,344000
2001-05-24,254,19400,1950,1840,1910,276000
2001-05-25,252,19200,1985,1910,1975,149000
2001-05-28,244,18600,1920,1860,1920,94000
2001-05-29,246,18750,1935,1870,1900,122000
2001-05-30,249,19000,1915,1865,1880,47000
2001-05-31,286,21850,2185,1865,1880,764000
2001-06-01,275,21000,2220,2050,2210,205000
2001-06-04,277,21100,2150,2080,2110,96000
2001-06-05,257,19600,2105,1950,2100,196000
2001-06-07,252,19200,1990,1920,1965,107000
2001-06-08,258,19650,1965,1880,1920,84000
2001-06-11,284,21700,2180,1950,1950,130000
2001-06-12,284,21700,2240,2110,2220,102000
2001-06-13,293,22350,2235,2130,2190,72000
2001-06-14,284,21700,2260,2130,2230,110000
2001-06-15,288,22000,2280,2150,2150,184000
2001-06-18,288,22000,2270,2180,2270,10000
2001-06-19,282,21500,2200,2150,2150,129000
2001-06-20,275,21000,2180,2095,2130,221000
2001-06-21,273,20800,2120,2060,2100,116000
2001-06-22,262,20000,2140,1970,2090,523000
2001-06-25,267,20400,2070,1980,2030,136000
2001-06-26,269,20500,2170,2050,2065,238000
2001-06-27,271,20650,2090,2000,2050,116000
2001-06-28,282,21500,2200,2075,2075,121000
2001-06-29,283,21600,2200,2150,2200,78000
2001-07-02,284,21650,2190,2125,2180,136000
2001-07-03,287,21900,2225,2145,2145,92000
2001-07-04,315,24000,2450,2210,2210,332000
2001-07-05,307,23400,2440,2340,2400,39000
2001-07-06,300,22850,2360,2280,2340,33000
2001-07-09,295,22500,2300,2180,2300,153000
2001-07-10,296,22600,2500,2260,2500,39000
2001-07-11,291,22200,2300,2150,2230,37000
2001-07-12,289,22050,2280,2175,2175,37000
2001-07-13,294,22450,2280,2210,2245,10000
2001-07-16,294,22400,2240,2155,2180,19000
2001-07-18,281,21450,2290,2145,2230,25000
2001-07-19,279,21300,2145,2060,2135,39000
2001-07-20,279,21250,2160,2050,2050,7000
2001-07-23,279,21300,2215,2125,2125,35000
2001-07-24,274,20900,2100,2065,2100,5000
2001-07-25,280,21350,2150,2010,2010,6000
2001-07-26,286,21850,2240,2125,2200,12000
2001-07-27,288,22000,2210,2120,2210,27000
2001-07-30,281,21450,2195,2115,2150,20000
2001-07-31,285,21750,2200,2105,2105,24000
2001-08-01,294,22400,2240,2180,2200,29000
2001-08-02,302,23000,2370,2200,2200,118000
2001-08-03,312,23800,2380,2280,2300,54000
2001-08-06,315,24050,2600,2350,2350,93000
2001-08-07,314,23950,2465,2355,2420,21000
2001-08-08,313,23850,2430,2330,2385,22000
2001-08-09,304,23150,2360,2300,2340,31000
2001-08-10,315,24000,2420,2295,2295,55000
2001-08-13,344,26200,2625,2385,2400,201000
2001-08-14,348,26500,2690,2545,2620,80000
2001-08-16,357,27250,2900,2570,2630,81000
2001-08-17,367,27950,2885,2750,2845,33000
2001-08-20,359,27350,2775,2715,2775,20000
2001-08-21,354,27000,2795,2600,2735,37000
2001-08-22,352,26850,2685,2600,2620,65000
2001-08-23,349,26600,2780,2640,2700,71000
2001-08-24,367,28000,2890,2680,2680,442000
2001-08-27,400,30500,3110,2900,2900,184000
2001-08-28,400,30500,3085,2905,3010,51000
2001-08-29,387,29500,3030,2900,3030,79000
2001-08-30,393,30000,3000,2765,2860,98000
2001-08-31,368,28050,2950,2800,2950,54000
2001-09-03,367,28000,2830,2750,2750,19000
2001-09-04,365,27800,2840,2760,2800,22000
2001-09-05,377,28750,2930,2800,2800,39000
2001-09-06,372,28350,2960,2785,2900,70000
2001-09-07,367,28000,2835,2750,2835,45000
2001-09-10,366,27900,2795,2720,2795,26000
2001-09-11,367,28000,2830,2740,2760,60000
2001-09-12,312,23800,2570,2380,2405,181000
2001-09-13,332,25350,2590,2450,2450,42000
2001-09-14,307,23400,2530,2260,2530,74000
2001-09-17,295,22500,2400,2210,2300,69000
2001-09-18,316,24100,2440,2300,2300,41000
2001-09-19,313,23900,2470,2380,2465,51000
2001-09-20,317,24200,2440,2370,2440,33000
2001-09-21,317,24200,2420,2270,2360,26000
2001-09-25,300,22900,2485,2250,2370,209000
2001-09-26,300,22850,2370,2280,2300,81000
2001-09-27,298,22750,2335,2275,2290,30000
2001-10-04,327,24950,2535,2395,2400,108000
2001-10-05,318,24250,2500,2410,2430,77000
2001-10-08,311,23750,2420,2370,2415,81000
2001-10-09,315,24000,2420,2360,2410,202000
2001-10-10,321,24500,2450,2380,2400,64000
2001-10-11,330,25150,2515,2435,2480,97000
2001-10-12,334,25500,2585,2500,2530,45000
2001-10-15,344,26200,2790,2545,2545,210000
2001-10-16,354,27000,2700,2560,2655,241000
2001-10-17,354,27000,2700,2630,2650,82000
2001-10-18,352,26850,2700,2615,2630,83000
2001-10-19,349,26600,2730,2650,2710,54000
2001-10-22,356,27150,2720,2610,2610,163000
2001-10-23,354,27000,2750,2650,2750,60000
2001-10-24,353,26900,2730,2610,2625,47000
2001-10-25,361,27500,2750,2635,2635,117000
2001-10-26,365,27800,2785,2690,2785,53000
2001-10-29,357,27250,2795,2695,2770,221000
2001-10-30,350,26700,2745,2650,2700,45000
2001-10-31,352,26850,2690,2625,2670,27000
2001-11-01,354,27000,2750,2650,2715,136000
2001-11-02,365,27800,2780,2650,2650,122000
2001-11-05,393,30000,3000,2800,2800,148000
2001-11-06,405,30900,3160,3050,3090,161000
2001-11-07,409,31200,3180,3050,3080,116000
2001-11-08,420,32000,3300,3155,3155,156000
2001-11-12,417,31800,3205,3120,3205,157000
2001-11-13,479,36550,3655,3200,3210,188000
2001-11-14,501,38200,4190,3795,3900,472000
2001-11-15,457,34800,3900,3450,3820,283000
2001-11-16,420,32000,3460,3150,3445,226000
2001-11-19,420,32000,3305,3135,3230,263000
2001-11-20,412,31400,3300,3130,3300,299000
2001-11-21,412,31400,3245,3070,3180,87000
2001-11-22,420,32000,3240,3085,3240,97000
2001-11-23,418,31850,3220,3120,3120,85000
2001-11-26,413,31500,3260,3120,3260,134000
2001-11-27,417,31800,3330,3120,3155,492000
2001-11-28,390,29700,3240,2815,3240,96000
2001-11-29,393,30000,3010,2945,2970,36000
2001-11-30,405,30900,3095,2940,3000,46000
2001-12-03,404,30800,3080,3020,3070,23000
2001-12-04,404,30800,3150,3040,3080,64000
2001-12-05,411,31300,3130,3005,3080,81000
2001-12-06,402,30650,3130,3035,3100,30000
2001-12-07,395,30100,3080,3000,3070,70000
2001-12-10,375,28600,3000,2800,2990,97000
2001-12-11,370,28250,2920,2820,2900,30000
2001-12-12,368,28050,2880,2795,2850,148000
2001-12-13,367,28000,2880,2795,2820,291000
2001-12-14,367,27950,2830,2770,2830,126000
2001-12-17,357,27200,2820,2720,2820,57000
2001-12-18,365,27850,2860,2725,2725,165000
2001-12-19,367,28000,2805,2690,2770,94000
2001-12-20,387,29500,2995,2800,2800,169000
2001-12-21,399,30450,3120,2965,2980,238000
2001-12-24,376,28700,3080,2870,3080,106000
2001-12-26,369,28150,3000,2760,3000,136000
2001-12-27,474,27150,2835,2715,2795,60000
2001-12-28,483,27650,2790,2745,2755,42000
2002-01-02,489,28000,2800,2735,2735,63000
2002-01-04,494,28300,2970,2765,2800,263000
2002-01-07,490,28050,2900,2780,2850,188000
2002-01-08,496,28400,2915,2810,2835,94000
2002-01-09,486,27850,2870,2785,2850,76000
2002-01-10,485,27750,2810,2750,2790,80000
2002-01-11,498,28500,2900,2775,2775,110000
2002-01-14,495,28350,3035,2830,2850,172000
2002-01-15,476,27250,2880,2715,2870,80000
2002-01-16,469,26850,2730,2680,2725,80000
2002-01-17,454,26000,2650,2570,2600,85000
2002-01-18,461,26400,2700,2610,2610,58000
2002-01-21,458,26250,2695,2620,2650,57000
2002-01-22,445,25500,2635,2550,2635,102000
2002-01-23,442,25300,2575,2500,2550,118000
2002-01-24,456,26100,2650,2500,2550,184000
2002-01-25,450,25800,2635,2530,2575,69000
2002-01-28,454,26000,2670,2585,2585,92000
2002-01-29,455,26050,2640,2600,2640,79000
2002-01-30,457,26200,2640,2525,2600,103000
2002-02-01,466,26700,2690,2650,2660,67000
2002-02-04,473,27100,2750,2675,2695,83000
2002-02-05,459,26300,2680,2625,2680,43000
2002-02-06,454,26000,2645,2600,2645,25000
2002-02-07,443,25350,2595,2530,2560,43000
2002-02-08,430,24650,2540,2450,2505,91000
2002-02-14,436,25000,2580,2480,2480,93000
2002-02-15,436,25000,2535,2470,2535,188000
2002-02-18,445,25500,2585,2510,2510,49000
2002-02-19,444,25450,2590,2520,2590,106000
2002-02-20,449,25700,2570,2480,2500,120000
2002-02-21,452,25900,2630,2555,2580,145000
2002-02-22,471,27000,2800,2590,2630,294000
2002-02-25,482,27600,2810,2750,2780,203000
2002-02-26,489,28000,2820,2760,2795,96000
2002-02-27,510,29200,3010,2745,2810,202000
2002-02-28,499,28550,2950,2850,2950,73000
2002-03-04,492,28200,2920,2820,2855,171000
2002-03-05,476,27250,2820,2720,2785,111000
2002-03-06,480,27500,2810,2675,2730,205000
2002-03-07,487,27900,2875,2780,2800,188000
2002-03-08,489,28000,2850,2770,2790,136000
2002-03-11,475,27200,2830,2700,2830,109000
2002-03-12,478,27400,2790,2700,2700,96000
2002-03-13,482,27600,2850,2700,2700,281000
2002-03-14,487,27900,2860,2755,2860,142000
2002-03-15,529,30300,3030,2800,2800,462000
2002-03-18,529,30300,3110,2970,3070,278000
2002-03-19,564,32300,3370,3180,3230,403000
2002-03-20,594,34000,3500,3200,3290,523000
2002-03-21,596,34100,3640,3400,3400,463000
2002-03-22,595,34050,3460,3320,3460,258000
2002-03-25,632,36200,3745,3400,3435,418000
2002-03-26,615,35200,3690,3480,3690,314000
2002-03-27,597,34200,3615,3400,3600,320000
2002-03-28,601,34400,3490,3370,3490,204000
2002-03-29,574,32850,3440,3240,3440,294000
2002-04-01,578,33100,3430,3300,3400,241000
2002-04-02,576,33000,3345,3250,3295,173000
2002-04-03,594,34000,3445,3235,3235,197000
2002-04-04,599,34300,3500,3330,3400,187000
2002-04-08,688,39400,3940,3430,3450,291000
2002-04-09,641,36700,3940,3610,3925,976000
2002-04-10,629,36000,3620,3395,3620,174000
2002-04-11,611,35000,3770,3500,3550,203000
2002-04-12,599,34300,3520,3395,3490,159000
2002-04-15,620,35500,3640,3485,3485,186000
2002-04-16,623,35700,3595,3480,3550,99000
2002-04-17,615,35200,3670,3515,3670,137000
2002-04-18,601,34400,3520,3400,3450,189000
2002-04-19,580,33200,3460,3310,3400,153000
2002-04-22,554,31700,3300,3145,3280,117000
2002-04-23,557,31900,3250,3080,3080,119000
2002-04-24,534,30600,3215,3060,3190,62000
2002-04-25,515,29500,3095,2950,3060,103000
2002-04-26,526,30150,3025,2950,3000,32000
2002-04-29,511,29250,3000,2920,3000,34000
2002-04-30,541,31000,3200,2900,2925,186000
2002-05-02,541,31000,3180,3100,3180,58000
2002-05-03,554,31700,3215,3090,3100,76000
2002-05-06,561,32100,3270,3110,3110,68000
2002-05-07,580,33200,3325,3150,3200,191000
2002-05-08,563,32250,3345,3205,3345,63000
2002-05-09,554,31700,3295,3170,3225,42000
2002-05-10,536,30700,3240,3065,3170,59000
2002-05-13,536,30700,3130,3060,3110,41000
2002-05-14,545,31200,3150,3030,3080,59000
2002-05-15,568,32500,3255,3120,3120,98000
2002-05-16,569,32600,3260,3180,3260,60000
2002-05-17,578,33100,3330,3250,3270,70000
2002-05-20,582,33300,3330,3230,3260,19000
2002-05-21,564,32300,3310,3230,3280,48000
2002-05-22,564,32300,3265,3170,3230,29000
2002-05-23,554,31700,3230,3170,3230,23000
2002-05-24,552,31600,3200,3120,3135,43000
2002-05-27,524,30000,3150,2985,3100,78000
2002-05-28,503,28800,3030,2870,3030,77000
2002-05-29,485,27800,2910,2770,2900,69000
2002-05-30,471,26950,2800,2650,2800,89000
2002-05-31,462,26450,2745,2625,2695,47000
2002-06-03,468,26800,2750,2660,2695,88000
2002-06-04,479,27450,2745,2695,2720,21000
2002-06-05,479,27450,2810,2745,2790,31000
2002-06-07,471,27000,2730,2650,2650,26000
2002-06-10,472,27050,2775,2680,2695,24000
2002-06-11,478,27400,2770,2685,2685,19000
2002-06-12,480,27500,2765,2710,2735,16000
2002-06-14,488,27950,2830,2720,2720,16000
2002-06-17,477,27300,2805,2730,2805,13000
2002-06-18,478,27400,2775,2725,2740,15000
2002-06-19,457,26150,2760,2615,2750,25000
2002-06-20,452,25900,2600,2580,2580,48000
2002-06-21,454,26000,2650,2550,2590,6000
2002-06-24,444,25450,2600,2545,2600,17000
2002-06-25,419,24000,2570,2400,2550,150000
2002-06-26,382,21900,2400,2050,2400,119000
2002-06-27,395,22600,2280,2200,2200,197000
2002-06-28,417,23900,2450,2300,2310,44000
2002-07-02,424,24300,2430,2305,2370,32000
2002-07-03,428,24500,2470,2350,2400,66000
2002-07-04,436,25000,2530,2460,2480,23000
2002-07-05,445,25500,2590,2500,2500,36000
2002-07-08,436,25000,2650,2500,2610,36000
2002-07-09,442,25300,2590,2470,2500,29000
2002-07-10,463,26500,2730,2590,2590,48000
2002-07-11,466,26700,2710,2620,2660,53000
2002-07-12,461,26400,2730,2640,2670,50000
2002-07-15,450,25800,2605,2540,2600,17000
2002-07-16,452,25900,2670,2585,2670,35000
2002-07-18,462,26450,2670,2620,2670,18000
2002-07-19,470,26900,2700,2600,2670,58000
2002-07-22,459,26300,2690,2600,2600,58000
2002-07-23,452,25900,2690,2540,2540,24000
2002-07-24,450,25800,2580,2470,2580,18000
2002-07-25,457,26200,2700,2600,2600,39000
2002-07-26,457,26200,2620,2565,2600,7000
2002-07-29,463,26500,2650,2600,2620,25000
2002-07-30,469,26850,2870,2680,2685,11000
2002-07-31,471,27000,2750,2680,2680,45000
2002-08-01,473,27100,2770,2660,2660,6000
2002-08-02,454,26000,2690,2600,2690,15000
2002-08-05,442,25300,2550,2530,2535,62000
2002-08-06,428,24500,2530,2450,2520,15000
2002-08-07,435,24900,2600,2485,2500,17000
2002-08-08,436,25000,2650,2500,2500,23000
2002-08-09,443,25350,2600,2510,2560,3000
2002-08-12,440,25200,2590,2515,2590,1000
2002-08-13,445,25500,2550,2500,2500,5000
2002-08-14,449,25700,2600,2540,2550,46000
2002-08-16,446,25550,2700,2555,2600,43000
2002-08-19,436,25000,2770,2500,2770,93000
2002-08-20,450,25800,2580,2540,2540,21000
2002-08-21,439,25150,2610,2500,2580,101000
2002-08-22,449,25700,2590,2505,2530,149000
2002-08-26,454,26000,2650,2535,2600,38000
2002-08-27,443,25350,2585,2495,2495,41000
2002-08-28,449,25700,2575,2515,2515,33000
2002-08-29,436,25000,2595,2480,2570,40000
2002-08-30,434,24850,2545,2480,2485,38000
2002-09-02,436,25000,2540,2490,2490,13000
2002-09-03,438,25100,2530,2475,2510,25000
2002-09-04,427,24450,2480,2445,2480,36000
2002-09-05,435,24900,2495,2445,2480,19000
2002-09-06,425,24350,2490,2435,2450,31000
2002-09-09,419,24000,2450,2400,2435,29000
2002-09-10,416,23850,2440,2380,2380,26000
2002-09-11,421,24100,2435,2385,2385,31000
2002-09-12,421,24100,2420,2380,2410,21000
2002-09-13,419,24000,2410,2360,2360,9000
2002-09-16,421,24100,2410,2400,2400,7000
2002-09-17,431,24700,2490,2385,2385,21000
2002-09-18,429,24550,2460,2400,2460,14000
2002-09-19,436,25000,2540,2455,2455,74000
2002-09-23,436,25000,2530,2475,2505,14000
2002-09-24,439,25150,2570,2440,2475,43000
2002-09-25,412,23600,2570,2350,2540,42000
2002-09-26,409,23450,2435,2345,2430,18000
2002-09-27,410,23500,2400,2320,2390,21000
2002-09-30,402,23000,2380,2235,2330,41000
2002-10-01,417,23900,2500,2225,2225,36000
2002-10-02,428,24500,2500,2355,2355,112000
2002-10-04,436,25000,2520,2350,2350,94000
2002-10-07,429,24550,2515,2400,2430,122000
2002-10-08,419,24000,2480,2300,2405,82000
2002-10-09,410,23500,2420,2350,2420,7000
2002-10-10,417,23900,2390,2170,2300,111000
2002-10-11,400,22900,2400,2290,2400,44000
2002-10-14,400,22900,2380,2260,2380,44000
2002-10-15,400,22900,2320,2270,2290,51000
2002-10-16,396,22700,2320,2270,2300,21000
2002-10-17,396,22700,2280,2235,2255,28000
2002-10-18,408,23350,2335,2280,2280,25000
2002-10-21,401,22950,2370,2295,2370,20000
2002-10-22,396,22700,2305,2250,2305,25000
2002-10-23,393,22500,2275,2250,2250,16000
2002-10-24,395,22650,2300,2255,2260,28000
2002-10-25,395,22600,2260,2205,2205,24000
2002-10-28,411,23550,2355,2250,2255,52000
2002-10-29,419,24000,2400,2330,2355,34000
2002-10-30,410,23500,2380,2350,2350,12000
2002-10-31,410,23500,2425,2330,2425,7000
2002-11-01,398,22800,2340,2265,2315,129000
2002-11-04,405,23200,2350,2275,2275,11000
2002-11-05,402,23000,2380,2285,2380,7000
2002-11-06,409,23400,2345,2275,2275,8000
2002-11-07,411,23550,2380,2290,2380,9000
2002-11-08,415,23750,2530,2310,2310,129000
2002-11-11,409,23400,2400,2340,2400,21000
2002-11-12,407,23300,2360,2300,2310,8000
2002-11-13,407,23300,2380,2305,2305,30000
2002-11-14,406,23250,2345,2285,2330,13000
2002-11-15,404,23150,2330,2285,2310,11000
2002-11-18,405,23200,2325,2285,2325,4000
2002-11-19,407,23300,2330,2275,2275,9000
2002-11-20,405,23200,2325,2295,2300,10000
2002-11-21,403,23100,2350,2310,2310,6000
2002-11-22,405,23200,2350,2315,2350,67000
2002-11-25,405,23200,2320,2270,2305,100000
2002-11-26,404,23150,2320,2290,2320,25000
2002-11-27,402,23050,2325,2300,2315,22000
2002-11-28,406,23250,2350,2310,2325,38000
2002-11-29,404,23150,2330,2300,2330,44000
2002-12-03,413,23650,2450,2325,2375,198000
2002-12-04,415,23750,2440,2370,2395,60000
2002-12-05,417,23900,2390,2350,2385,34000
2002-12-06,414,23700,2400,2360,2390,37000
2002-12-09,413,23650,2370,2335,2335,37000
2002-12-10,424,24300,2435,2335,2390,104000
2002-12-11,425,24350,2460,2390,2450,23000
2002-12-12,423,24250,2425,2390,2400,28000
2002-12-13,417,23900,2410,2380,2400,22000
2002-12-16,410,23500,2360,2325,2360,26000
2002-12-17,395,22600,2365,2250,2360,110000
2002-12-18,397,22750,2310,2260,2260,70000
2002-12-20,399,22850,2285,2260,2275,28000
2002-12-23,393,22500,2300,2240,2300,36000
2002-12-24,386,22100,2250,2200,2220,54000
2002-12-26,409,23400,2340,2165,2170,46000
2002-12-27,659,21600,2250,2160,2225,21000
2002-12-30,659,21600,2160,2010,2110,71000
2003-01-02,650,21300,2150,2060,2060,6000
2003-01-03,647,21200,2155,2110,2110,24000
2003-01-06,657,21550,2165,2130,2130,9000
2003-01-07,660,21650,2200,2130,2180,67000
2003-01-08,663,21750,2180,2130,2175,8000
2003-01-09,659,21600,2160,2120,2125,14000
2003-01-10,656,21500,2200,2100,2200,35000
2003-01-13,660,21650,2165,2075,2075,2000
2003-01-14,654,21450,2150,2120,2150,13000
2003-01-15,662,21700,2170,2120,2140,13000
2003-01-16,662,21700,2175,2145,2175,10000
2003-01-17,662,21700,2180,2130,2180,13000
2003-01-20,654,21450,2240,2135,2170,94000
2003-01-21,650,21300,2145,2130,2140,32000
2003-01-22,640,21000,2160,2065,2160,17000
2003-01-23,640,21000,2145,2065,2145,4000
2003-01-24,636,20850,2085,2035,2085,14000
2003-01-27,622,20400,2090,2030,2030,13000
2003-01-28,636,20850,2085,2020,2045,8000
2003-01-29,637,20900,2100,2035,2100,9000
2003-01-30,634,20800,2080,2080,2080,2000
2003-02-03,624,20450,2125,2040,2125,32000
2003-02-04,630,20650,2065,2045,2045,14000
2003-02-05,622,20400,2055,2040,2045,8000
2003-02-06,624,20450,2055,2020,2040,22000
2003-02-07,611,20050,2045,2005,2035,18000
2003-02-10,610,20000,2030,1975,1975,12000
2003-02-11,590,19350,2010,1935,2010,44000
2003-02-12,592,19400,1970,1935,1935,22000
2003-02-13,610,20000,2000,1990,2000,14000
2003-02-14,619,20300,2060,2000,2020,18000
2003-02-17,631,20700,2130,2030,2030,72000
2003-02-18,631,20700,2100,2070,2075,13000
2003-02-19,647,21200,2125,2070,2080,35000
2003-02-20,663,21750,2240,2090,2090,34000
2003-02-21,674,22100,2210,2150,2150,6000
2003-02-24,682,22350,2240,2180,2190,30000
2003-02-25,682,22350,2240,2180,2235,25000
2003-02-26,680,22300,2230,2185,2185,16000
2003-02-27,683,22400,2250,2220,2245,22000
2003-02-28,677,22200,2250,2185,2240,24000
2003-03-03,666,21850,2220,2185,2190,15000
2003-03-04,676,22150,2215,2145,2170,10000
2003-03-05,671,22000,2210,2130,2210,20000
2003-03-06,647,21200,2195,2095,2195,21000
2003-03-07,637,20900,2120,2070,2120,20000
2003-03-10,622,20400,2100,2040,2090,27000
2003-03-11,631,20700,2070,2005,2005,47000
2003-03-12,637,20900,2090,2070,2090,21000
2003-03-13,624,20450,2100,2045,2100,57000
2003-03-14,628,20600,2100,2045,2100,72000
2003-03-17,628,20600,2100,2050,2100,59000
2003-03-18,634,20800,2095,2050,2095,31000
2003-03-19,644,21100,2110,2070,2095,37000
2003-03-20,656,21500,2150,2090,2090,37000
2003-03-21,656,21500,2150,2100,2105,15000
2003-03-24,656,21500,2200,2120,2200,23000
2003-03-25,653,21400,2150,2090,2090,31000
2003-03-26,662,21700,2170,2130,2150,7000
2003-03-27,662,21700,2170,2170,2170,6000
2003-03-28,666,21850,2185,2170,2170,7000
2003-03-31,665,21800,2195,2170,2180,8000
2003-04-01,668,21900,2190,2170,2170,6000
2003-04-02,669,21950,2195,2180,2190,6000
2003-04-03,688,22550,2330,2180,2210,122000
2003-04-04,671,22000,2280,2170,2280,26000
2003-04-07,711,23300,2330,2260,2295,97000
2003-04-08,708,23200,2325,2285,2300,45000
2003-04-09,709,23250,2340,2270,2320,67000
2003-04-10,709,23250,2325,2300,2310,41000
2003-04-11,714,23400,2385,2335,2360,31000
2003-04-14,718,23550,2375,2285,2375,54000
2003-04-15,727,23850,2415,2380,2390,60000
2003-04-16,741,24300,2450,2410,2410,49000
2003-04-17,741,24300,2430,2400,2430,79000
2003-04-18,756,24800,2480,2410,2430,72000
2003-04-21,769,25200,2530,2490,2520,43000
2003-04-22,770,25250,2530,2480,2520,21000
2003-04-23,772,25300,2560,2505,2530,40000
2003-04-24,790,25900,2650,2525,2560,79000
2003-04-25,756,24800,2625,2400,2625,67000
2003-04-28,763,25000,2500,2435,2435,16000
2003-04-29,778,25500,2550,2470,2470,50000
2003-04-30,782,25650,2570,2500,2500,30000
2003-05-02,776,25450,2545,2505,2545,2000
2003-05-06,781,25600,2580,2500,2520,18000
2003-05-07,769,25200,2540,2500,2535,19000
2003-05-09,760,24900,2520,2455,2520,22000
2003-05-12,756,24800,2490,2460,2480,30000
2003-05-13,756,24800,2490,2455,2490,14000
2003-05-14,750,24600,2480,2410,2480,13000
2003-05-15,753,24700,2470,2400,2425,22000
2003-05-16,744,24400,2460,2415,2460,12000
2003-05-19,723,23700,2440,2320,2380,14000
2003-05-20,723,23700,2390,2345,2390,12000
2003-05-21,731,23950,2400,2350,2370,23000
2003-05-22,738,24200,2420,2360,2370,9000
2003-05-23,750,24600,2465,2390,2390,19000
2003-05-26,750,24600,2470,2425,2470,22000
2003-05-27,752,24650,2470,2445,2450,46000
2003-05-28,756,24800,2480,2440,2480,33000
2003-05-29,755,24750,2485,2435,2475,31000
2003-05-30,747,24500,2460,2420,2450,55000
2003-06-02,744,24400,2485,2415,2485,32000
2003-06-03,746,24450,2445,2415,2445,22000
2003-06-04,743,24350,2455,2415,2455,22000
2003-06-05,743,24350,2460,2370,2460,95000
2003-06-09,749,24550,2465,2410,2410,13000
2003-06-10,761,24950,2500,2470,2470,33000
2003-06-11,760,24900,2520,2480,2490,6000
2003-06-12,756,24800,2490,2430,2445,9000
2003-06-13,758,24850,2490,2440,2450,22000
2003-06-16,761,24950,2495,2490,2495,1000
2003-06-17,760,24900,2495,2455,2490,18000
2003-06-18,760,24900,2490,2490,2490,2000
2003-06-19,753,24700,2480,2410,2440,35000
2003-06-20,747,24500,2470,2390,2415,26000
2003-06-23,740,24250,2435,2350,2395,52000
2003-06-24,740,24250,2430,2385,2425,9000
2003-06-25,740,24250,2425,2400,2425,3000
2003-06-26,726,23800,2425,2375,2425,1000
2003-06-27,746,24450,2445,2410,2430,42000
2003-06-30,763,25000,2630,2445,2445,88000
2003-07-01,779,25550,2560,2470,2470,25000
2003-07-02,769,25200,2650,2520,2610,46000
2003-07-03,764,25050,2560,2500,2530,46000
2003-07-04,776,25450,2545,2500,2530,12000
2003-07-07,761,24950,2545,2460,2500,15000
2003-07-08,778,25500,2570,2495,2495,68000
2003-07-09,781,25600,2560,2500,2560,26000
2003-07-10,789,25850,2590,2540,2560,16000
2003-07-11,814,26700,2685,2580,2600,76000
2003-07-14,816,26750,2700,2650,2680,29000
2003-07-15,787,25800,2700,2550,2680,22000
2003-07-16,793,26000,2630,2495,2530,21000
2003-07-18,784,25700,2600,2480,2600,26000
2003-07-21,784,25700,2570,2440,2520,29000
2003-07-22,769,25200,2520,2500,2500,2000
2003-07-23,760,24900,2545,2490,2545,1000
2003-07-24,772,25300,2535,2490,2535,15000
2003-07-25,776,25450,2545,2455,2455,7000
2003-07-28,770,25250,2545,2525,2545,2000
2003-07-29,763,25000,2500,2430,2495,18000
2003-07-30,763,25000,2500,2495,2500,8000
2003-07-31,776,25450,2545,2500,2500,4000
2003-08-01,775,25400,2550,2480,2505,4000
2003-08-04,776,25450,2545,2545,2545,1000
2003-08-05,775,25400,2545,2540,2545,1000
2003-08-06,763,25000,2500,2450,2500,10000
2003-08-07,755,24750,2490,2475,2490,1000
2003-08-08,753,24700,2520,2455,2455,4000
2003-08-11,775,25400,2540,2500,2530,12000
2003-08-12,772,25300,2545,2500,2505,2000
2003-08-13,772,25300,2550,2510,2545,10000
2003-08-14,769,25200,2545,2495,2500,21000
2003-08-18,750,24600,2535,2430,2535,29000
2003-08-19,749,24550,2470,2425,2460,38000
2003-08-20,744,24400,2455,2400,2420,64000
2003-08-21,740,24250,2440,2420,2435,35000
2003-08-22,734,24050,2430,2400,2410,73000
2003-08-25,744,24400,2455,2400,2400,14000
2003-08-26,734,24050,2445,2405,2445,9000
2003-08-27,747,24500,2450,2400,2410,16000
2003-08-28,749,24550,2460,2420,2450,17000
2003-08-29,749,24550,2460,2425,2455,29000
2003-09-01,756,24800,2500,2430,2500,4000
2003-09-02,747,24500,2450,2300,2300,88000
2003-09-03,753,24700,2480,2435,2480,7000
2003-09-04,729,23900,2470,2385,2470,134000
2003-09-05,729,23900,2410,2390,2410,10000
2003-09-08,737,24150,2420,2380,2395,25000
2003-09-09,746,24450,2445,2400,2435,21000
2003-09-15,737,24150,2450,2415,2450,4000
2003-09-16,738,24200,2445,2415,2445,16000
2003-09-17,740,24250,2435,2415,2415,16000
2003-09-18,746,24450,2450,2390,2390,16000
2003-09-19,746,24450,2450,2405,2450,14000
2003-09-22,737,24150,2440,2380,2400,15000
2003-09-23,741,24300,2430,2410,2410,2000
2003-09-24,737,24150,2430,2400,2405,16000
2003-09-25,729,23900,2415,2360,2415,49000
2003-09-26,727,23850,2410,2355,2355,31000
2003-09-29,732,24000,2410,2375,2385,27000
2003-09-30,740,24250,2425,2385,2410,23000
2003-10-01,741,24300,2430,2415,2415,5000
2003-10-02,737,24150,2445,2415,2445,5000
2003-10-06,743,24350,2440,2400,2400,7000
2003-10-07,741,24300,2435,2400,2400,9000
2003-10-08,741,24300,2435,2425,2435,7000
2003-10-09,741,24300,2430,2405,2420,13000
2003-10-10,743,24350,2435,2415,2430,28000
2003-10-13,744,24400,2440,2420,2420,40000
2003-10-14,744,24400,2450,2435,2445,8000
2003-10-15,744,24400,2450,2410,2450,15000
2003-10-16,743,24350,2450,2400,2450,17000
2003-10-17,744,24400,2440,2405,2435,8000
2003-10-20,743,24350,2440,2415,2440,10000
2003-10-21,743,24350,2440,2400,2440,11000
2003-10-22,744,24400,2445,2420,2445,8000
2003-10-23,744,24400,2440,2400,2400,8000
2003-10-24,744,24400,2440,2430,2440,7000
2003-10-27,744,24400,2440,2405,2440,19000
2003-10-28,747,24500,2450,2410,2410,16000
2003-10-29,747,24500,2450,2420,2420,21000
2003-10-30,749,24550,2490,2415,2415,27000
2003-10-31,741,24300,2455,2420,2455,22000
2003-11-03,741,24300,2450,2415,2450,8000
2003-11-04,747,24500,2450,2425,2450,3000
2003-11-05,747,24500,2450,2410,2450,7000
2003-11-06,734,24050,2420,2405,2420,13000
2003-11-07,731,23950,2440,2385,2440,61000
2003-11-10,731,23950,2420,2375,2420,5000
2003-11-11,729,23900,2400,2370,2380,26000
2003-11-12,734,24050,2410,2370,2410,15000
2003-11-13,734,24050,2410,2395,2410,6000
2003-11-14,737,24150,2415,2400,2415,22000
2003-11-17,740,24250,2425,2400,2415,9000
2003-11-18,738,24200,2425,2400,2425,18000
2003-11-19,737,24150,2420,2370,2380,17000
2003-11-20,735,24100,2420,2390,2420,25000
2003-11-21,738,24200,2430,2350,2430,10000
2003-11-24,735,24100,2420,2380,2420,9000
2003-11-25,732,24000,2430,2390,2430,7000
2003-11-26,726,23800,2445,2380,2445,30000
2003-11-27,726,23800,2390,2370,2380,59000
2003-11-28,726,23800,2380,2370,2380,12000
2003-12-01,731,23950,2395,2375,2385,64000
2003-12-02,732,24000,2405,2395,2400,6000
2003-12-03,731,23950,2400,2385,2400,12000
2003-12-04,737,24150,2420,2400,2420,21000
2003-12-05,767,25150,2560,2460,2470,168000
2003-12-08,769,25200,2520,2460,2500,31000
2003-12-09,763,25000,2515,2450,2485,30000
2003-12-10,764,25050,2515,2500,2515,7000
2003-12-11,753,24700,2515,2470,2515,24000
2003-12-12,763,25000,2510,2450,2510,13000
2003-12-15,766,25100,2545,2490,2545,13000
2003-12-16,767,25150,2520,2490,2510,71000
2003-12-17,775,25400,2580,2510,2510,17000
2003-12-18,760,24900,2540,2480,2540,17000
2003-12-19,763,25000,2500,2480,2490,18000
2003-12-22,764,25050,2530,2480,2530,27000
2003-12-23,761,24950,2510,2490,2510,9000
2003-12-24,764,25050,2510,2475,2475,19000
2003-12-26,764,25050,2510,2485,2505,16000
2003-12-29,1252,24650,2470,2440,2465,7000
2003-12-30,1257,24750,2475,2445,2450,17000
2004-01-02,1259,24800,2485,2470,2475,10000
2004-01-05,1259,24800,2485,2440,2485,37000
2004-01-06,1257,24750,2485,2465,2480,17000
2004-01-07,1259,24800,2485,2470,2480,27000
2004-01-08,1259,24800,2485,2470,2485,21000
2004-01-09,1254,24700,2480,2445,2470,30000
2004-01-12,1254,24700,2475,2450,2470,12000
2004-01-13,1252,24650,2475,2450,2450,8000
2004-01-14,1254,24700,2475,2440,2445,26000
2004-01-15,1249,24600,2460,2450,2450,7000
2004-01-16,1254,24700,2470,2460,2465,38000
2004-01-19,1257,24750,2475,2440,2455,12000
2004-01-20,1257,24750,2475,2430,2470,37000
2004-01-26,1257,24750,2495,2450,2470,22000
2004-01-27,1257,24750,2485,2460,2475,8000
2004-01-28,1259,24800,2480,2425,2470,30000
2004-01-29,1254,24700,2470,2420,2470,28000
2004-01-30,1254,24700,2485,2445,2470,10000
2004-02-02,1254,24700,2475,2470,2475,6000
2004-02-03,1257,24750,2475,2460,2470,7000
2004-02-04,1303,25650,2610,2470,2470,348000
2004-02-05,1265,24900,2690,2460,2635,338000
2004-02-06,1249,24600,2490,2405,2490,95000
2004-02-09,1231,24250,2470,2425,2440,115000
2004-02-10,1224,24100,2435,2405,2405,59000
2004-02-11,1229,24200,2430,2390,2410,70000
2004-02-12,1229,24200,2425,2400,2410,48000
2004-02-13,1226,24150,2420,2400,2415,32000
2004-02-16,1226,24150,2465,2400,2465,28000
2004-02-17,1221,24050,2425,2385,2410,48000
2004-02-18,1224,24100,2420,2400,2410,30000
2004-02-19,1219,24000,2410,2385,2390,51000
2004-02-20,1234,24300,2430,2400,2400,13000
2004-02-23,1226,24150,2450,2400,2450,14000
2004-02-24,1224,24100,2420,2390,2390,20000
2004-02-25,1214,23900,2410,2380,2400,52000
2004-02-26,1224,24100,2410,2375,2390,55000
2004-02-27,1178,23200,2385,2300,2380,121000
2004-03-02,1176,23150,2345,2315,2320,13000
2004-03-03,1176,23150,2330,2315,2325,37000
2004-03-04,1171,23050,2315,2285,2315,53000
2004-03-05,1168,23000,2305,2295,2305,22000
2004-03-08,1168,23000,2320,2300,2300,2000
2004-03-09,1178,23200,2320,2290,2290,1000
2004-03-10,1176,23150,2315,2280,2290,9000
2004-03-11,1178,23200,2320,2300,2310,7000
2004-03-12,1176,23150,2320,2250,2290,20000
2004-03-15,1165,22950,2340,2295,2340,3000
2004-03-16,1186,23350,2335,2335,2335,1000
2004-03-17,1183,23300,2330,2305,2325,8000
2004-03-18,1181,23250,2325,2305,2310,4000
2004-03-19,1178,23200,2320,2305,2320,4000
2004-03-22,1168,23000,2330,2300,2330,5000
2004-03-23,1176,23150,2320,2280,2320,16000
2004-03-24,1178,23200,2340,2300,2340,1000
2004-03-25,1171,23050,2315,2285,2300,8000
2004-03-26,1168,23000,2320,2275,2320,6000
2004-03-29,1171,23050,2330,2270,2330,7000
2004-03-30,1168,23000,2300,2270,2270,8000
2004-03-31,1178,23200,2320,2300,2320,1000
2004-04-01,1173,23100,2310,2270,2275,10000
2004-04-02,1173,23100,2310,2280,2290,2000
2004-04-06,1171,23050,2310,2295,2310,10000
2004-04-07,1163,22900,2310,2260,2310,11000
2004-04-08,1173,23100,2310,2285,2285,6000
2004-04-09,1186,23350,2350,2275,2350,37000
2004-04-12,1160,22850,2355,2275,2350,39000
2004-04-13,1168,23000,2300,2280,2280,2000
2004-04-14,1168,23000,2300,2280,2295,7000
2004-04-16,1173,23100,2310,2300,2305,1000
2004-04-19,1176,23150,2315,2300,2300,4000
2004-04-20,1173,23100,2315,2285,2315,2000
2004-04-21,1188,23400,2350,2310,2310,8000
2004-04-22,1231,24250,2680,2320,2340,344000
2004-04-23,1231,24250,2570,2395,2520,263000
2004-04-26,1249,24600,2460,2370,2370,122000
2004-04-27,1237,24350,2450,2415,2415,9000
2004-04-28,1204,23700,2410,2370,2405,8000
2004-04-29,1191,23450,2370,2320,2370,6000
2004-04-30,1193,23500,2350,2350,2350,1000
2004-05-03,1193,23500,2350,2320,2350,1000
2004-05-04,1193,23500,2350,2330,2330,400
2004-05-06,1176,23150,2330,2315,2330,113000
2004-05-07,1168,23000,2300,2300,2300,41000
2004-05-10,1163,22900,2290,2250,2280,14000
2004-05-11,1132,22300,2285,2230,2285,20000
2004-05-12,1155,22750,2285,2240,2250,3000
2004-05-13,1153,22700,2280,2250,2280,8000
2004-05-14,1137,22400,2275,2230,2230,7000
2004-05-17,1132,22300,2260,2130,2260,8000
2004-05-18,1132,22300,2230,2220,2230,5000
2004-05-19,1132,22300,2245,2195,2200,16000
2004-05-20,1130,22250,2225,2110,2160,18000
2004-05-21,1089,21450,2230,2120,2225,83000
2004-05-24,1092,21500,2155,2115,2155,12000
2004-05-25,1092,21500,2150,2085,2110,7000
2004-05-27,1102,21700,2170,2150,2170,5000
2004-05-28,1092,21500,2180,2140,2150,12000
2004-05-31,1092,21500,2170,2145,2170,6000
2004-06-01,1087,21400,2150,2095,2100,53000
2004-06-02,1087,21400,2140,2090,2140,8000
2004-06-03,1082,21300,2150,2100,2150,36000
2004-06-04,1089,21450,2145,2140,2145,5000
2004-06-07,1092,21500,2150,2150,2150,4000
2004-06-08,1102,21700,2170,2160,2165,6000
2004-06-09,1160,22850,2370,2110,2230,201000
2004-06-10,1143,22500,2300,2185,2300,65000
2004-06-11,1117,22000,2250,2200,2250,47000
2004-06-14,1117,22000,2220,2150,2150,13000
2004-06-15,1115,21950,2200,2165,2165,29000
2004-06-16,1112,21900,2190,2165,2170,22000
2004-06-17,1092,21500,2185,2150,2185,16000
2004-06-18,1097,21600,2170,2125,2170,5000
2004-06-21,1107,21800,2180,2140,2180,29000
2004-06-22,1112,21900,2200,2150,2175,9000
2004-06-23,1102,21700,2180,2140,2180,9000
2004-06-24,1087,21400,2175,2110,2175,39000
2004-06-25,1107,21800,2180,2150,2150,22000
2004-06-28,1112,21900,2200,2155,2200,12000
2004-06-29,1127,22200,2220,2185,2190,13000
2004-06-30,1137,22400,2250,2185,2250,13000
2004-07-01,1158,22800,2280,2250,2260,9000
2004-07-02,1158,22800,2280,2230,2275,12000
2004-07-05,1186,23350,2335,2300,2300,6000
2004-07-06,1186,23350,2335,2260,2265,6000
2004-07-07,1173,23100,2320,2240,2320,4000
2004-07-08,1171,23050,2305,2300,2305,7000
2004-07-09,1168,23000,2305,2275,2305,2000
2004-07-12,1155,22750,2310,2275,2310,45000
2004-07-13,1165,22950,2295,2295,2295,8000
2004-07-14,1168,23000,2300,2290,2295,9000
2004-07-15,1168,23000,2300,2295,2295,4000
2004-07-16,1165,22950,2300,2235,2300,16000
2004-07-19,1165,22950,2300,2295,2295,22000
2004-07-20,1165,22950,2295,2295,2295,1000
2004-07-21,1168,23000,2300,2255,2300,20000
2004-07-22,1168,23000,2300,2260,2300,9000
2004-07-23,1168,23000,2300,2250,2300,7000
2004-07-26,1165,22950,2300,2250,2300,16000
2004-07-27,1163,22900,2375,2255,2290,22000
2004-07-28,1163,22900,2290,2260,2260,12000
2004-07-29,1127,22200,2270,2220,2255,12000
2004-07-30,1143,22500,2250,2195,2245,2000
2004-08-02,1140,22450,2260,2245,2260,4000
2004-08-03,1140,22450,2245,2200,2245,2000
2004-08-04,1132,22300,2240,2175,2175,7000
2004-08-05,1130,22250,2235,2185,2235,3000
2004-08-06,1125,22150,2220,2215,2220,2000
2004-08-09,1125,22150,2215,2210,2215,2000
2004-08-10,1125,22150,2220,2180,2180,6000
2004-08-11,1120,22050,2215,2165,2215,14000
2004-08-12,1132,22300,2230,2185,2220,11000
2004-08-13,1163,22900,2290,2245,2250,2000
2004-08-16,1168,23000,2300,2270,2300,5000
2004-08-17,1171,23050,2315,2270,2270,7000
2004-08-18,1173,23100,2310,2300,2305,7000
2004-08-19,1183,23300,2370,2300,2315,21000
2004-08-20,1188,23400,2350,2300,2330,12000
2004-08-23,1186,23350,2345,2295,2345,7000
2004-08-24,1186,23350,2335,2330,2330,3000
2004-08-25,1191,23450,2345,2345,2345,1000
2004-08-26,1191,23450,2350,2330,2350,4000
2004-08-27,1193,23500,2360,2350,2360,1000
2004-08-30,1193,23500,2350,2345,2345,1000
2004-08-31,1193,23500,2350,2300,2300,2000
2004-09-01,1193,23500,2350,2330,2350,1000
2004-09-02,1193,23500,2355,2330,2345,8000
2004-09-03,1191,23450,2355,2320,2350,3000
2004-09-06,1188,23400,2360,2250,2360,16000
2004-09-07,1193,23500,2350,2330,2330,12000
2004-09-08,1191,23450,2355,2315,2340,8000
2004-09-09,1193,23500,2350,2330,2350,2000
2004-09-10,1193,23500,2350,2345,2350,2000
2004-09-13,1198,23600,2360,2315,2350,2000
2004-09-14,1204,23700,2370,2300,2330,3000
2004-09-15,1204,23700,2380,2295,2380,9000
2004-09-16,1193,23500,2370,2320,2370,5000
2004-09-17,1193,23500,2365,2325,2365,1000
2004-09-20,1198,23600,2360,2360,2360,1000
2004-09-21,1198,23600,2360,2340,2360,9000
2004-09-22,1193,23500,2355,2300,2355,9000
2004-09-23,1198,23600,2425,2350,2350,35000
2004-09-24,1204,23700,2380,2350,2370,16000
2004-09-30,1211,23850,2400,2370,2370,13000
2004-10-01,1247,24550,2470,2390,2390,13000
2004-10-04,1267,24950,2500,2440,2460,6000
2004-10-05,1265,24900,2500,2450,2455,11000
2004-10-06,1270,25000,2500,2495,2495,5000
2004-10-07,1234,24300,2500,2425,2500,9000
2004-10-08,1237,24350,2460,2395,2420,6000
2004-10-11,1249,24600,2470,2420,2420,9000
2004-10-12,1239,24400,2440,2440,2440,100
2004-10-13,1239,24400,2450,2420,2450,1000
2004-10-14,1239,24400,2440,2425,2440,4000
2004-10-15,1239,24400,2440,2440,2440,3000
2004-10-18,1249,24600,2460,2420,2420,3000
2004-10-19,1254,24700,2500,2450,2500,53000
2004-10-20,1254,24700,2470,2440,2470,500
2004-10-21,1244,24500,2490,2400,2450,2000
2004-10-22,1239,24400,2445,2390,2390,4000
2004-10-25,1239,24400,2440,2420,2440,400
2004-10-26,1229,24200,2420,2390,2420,500
2004-10-27,1229,24200,2420,2400,2400,35000
2004-10-28,1234,24300,2440,2420,2420,7000
2004-10-29,1249,24600,2460,2420,2420,24000
2004-11-01,1229,24200,2450,2420,2420,2000
2004-11-02,1249,24600,2490,2430,2430,11000
2004-11-03,1244,24500,2450,2400,2440,3000
2004-11-04,1254,24700,2470,2430,2450,4000
2004-11-05,1259,24800,2480,2475,2480,700
2004-11-08,1254,24700,2470,2440,2450,17000
2004-11-09,1244,24500,2450,2450,2450,200
2004-11-10,1244,24500,2455,2430,2455,5000
2004-11-11,1254,24700,2470,2435,2450,17000
2004-11-12,1252,24650,2470,2440,2470,3000
2004-11-15,1254,24700,2470,2435,2435,6000
2004-11-16,1272,25050,2520,2475,2500,13000
2004-11-17,1270,25000,2530,2490,2530,4000
2004-11-18,1318,25950,2640,2540,2555,79000
2004-11-19,1331,26200,2670,2565,2565,36000
2004-11-22,1338,26350,2680,2620,2645,31000
2004-11-23,1341,26400,2655,2600,2615,8000
2004-11-24,1333,26250,2650,2600,2600,27000
2004-11-25,1336,26300,2670,2615,2615,15000
2004-11-26,1348,26550,2710,2630,2650,57000
2004-11-29,1417,27900,2815,2710,2710,77000
2004-11-30,1417,27900,2825,2765,2790,20000
2004-12-01,1407,27700,2790,2730,2750,43000
2004-12-02,1376,27100,2825,2710,2740,31000
2004-12-03,1371,27000,2710,2660,2700,8000
2004-12-06,1422,28000,2800,2730,2730,23000
2004-12-07,1493,29400,2945,2800,2800,94000
2004-12-08,1513,29800,3010,2855,2870,123000
2004-12-09,1592,31350,3275,2905,2995,252000
2004-12-10,1508,29700,3240,2810,3130,138000
2004-12-13,1549,30500,3150,2925,2925,172000
2004-12-14,1513,29800,3040,2920,3000,145000
2004-12-15,1493,29400,2975,2845,2845,45000
2004-12-16,1483,29200,2935,2860,2900,17000
2004-12-17,1564,30800,3140,2870,2870,201000
2004-12-20,1788,35200,3540,3050,3200,907000
2004-12-21,1676,33000,3570,3100,3455,412000
2004-12-22,1651,32500,3445,3180,3320,224000
2004-12-23,1610,31700,3340,3000,3285,208000
2004-12-24,1610,31700,3170,3075,3075,49000
2004-12-27,1559,30700,3100,2990,3055,179000
2004-12-28,1519,29900,3065,2930,3005,77000
2004-12-29,2399,29850,3035,2905,2980,39000
2004-12-30,2395,29800,2990,2915,2985,55000
2005-01-03,2511,31250,3125,2980,3010,102000
2005-01-04,2459,30600,3145,3020,3070,16000
2005-01-05,2515,31300,3170,3060,3070,104000
2005-01-06,2491,31000,3150,2970,3130,113000
2005-01-07,2387,29700,3090,2950,3020,11000
2005-01-10,2435,30300,3030,2960,2960,37000
2005-01-11,2362,29400,3005,2935,2965,35000
2005-01-12,2383,29650,3030,2960,2960,28000
2005-01-13,2419,30100,3030,2930,3000,25000
2005-01-14,2411,30000,3050,2975,3050,49000
2005-01-17,2379,29600,3020,2925,3020,38000
2005-01-18,2399,29850,3000,2950,3000,14000
2005-01-19,2411,30000,3030,2980,2980,42000
2005-01-20,2419,30100,3025,2970,3000,45000
2005-01-21,2387,29700,3030,2970,3030,22000
2005-01-24,2692,33500,3350,2900,3025,224000
2005-01-25,2571,32000,3370,3160,3250,169000
2005-01-26,2547,31700,3335,2900,3250,200000
2005-01-27,2475,30800,3170,3060,3170,19000
2005-01-28,2612,32500,3330,3100,3120,56000
2005-01-31,2652,33000,3300,3200,3300,52000
2005-02-01,2624,32650,3330,3250,3255,19000
2005-02-02,2652,33000,3350,3265,3265,45000
2005-02-03,2796,34800,3580,3300,3580,58000
2005-02-04,3094,38500,3990,3400,3400,205000
2005-02-07,3082,38350,4085,3815,3950,94000
2005-02-11,3234,40250,4065,3800,3810,106000
2005-02-14,3375,42000,4375,4110,4350,100000
2005-02-15,3335,41500,4195,4060,4110,75000
2005-02-16,3347,41650,4195,4080,4080,37000
2005-02-17,3455,43000,4530,4110,4110,83000
2005-02-18,3411,42450,4450,4200,4295,81000
2005-02-21,3922,48800,4880,4400,4500,210000
2005-02-22,3608,44900,5100,4490,5020,116000
2005-02-23,3596,44750,4475,4260,4455,44000
2005-02-24,3576,44500,4560,4355,4355,82000
2005-02-25,3447,42900,4500,4250,4500,68000
2005-02-28,3451,42950,4350,4205,4250,50000
2005-03-02,3532,43950,4430,4290,4305,43000
2005-03-03,3447,42900,4455,4200,4375,31000
2005-03-04,3488,43400,4390,4230,4250,27000
2005-03-07,3504,43600,4425,4325,4400,20000
2005-03-08,3367,41900,4440,4190,4440,40000
2005-03-09,3391,42200,4220,4110,4215,29000
2005-03-10,3580,44550,4650,4240,4240,82000
2005-03-11,3544,44100,4495,4350,4495,34000
2005-03-14,3668,45650,4570,4405,4440,54000
2005-03-15,3777,47000,4840,4600,4605,49000
2005-03-16,3697,46000,4800,4600,4700,72000
2005-03-17,3616,45000,4720,4455,4580,43000
2005-03-18,3681,45800,4600,4460,4550,24000
2005-03-21,3419,42550,4560,4255,4560,25000
2005-03-22,3415,42500,4330,4250,4300,16000
2005-03-23,3303,41100,4245,3990,4245,48000
2005-03-24,3295,41000,4475,4020,4020,18000
2005-03-25,3415,42500,4290,4245,4290,4000
2005-03-28,3600,44800,4480,4315,4395,12000
2005-03-29,3455,43000,4550,4300,4550,7000
2005-03-30,3455,43000,4330,4150,4300,20000
2005-03-31,3536,44000,4400,4300,4300,18000
2005-04-01,3600,44800,4480,4325,4400,69000
2005-04-04,3600,44800,4500,4400,4500,12000
2005-04-06,3536,44000,4500,4400,4430,12000
2005-04-07,3536,44000,4400,4350,4400,7000
2005-04-08,3576,44500,4450,4350,4400,63000
2005-04-11,3536,44000,4450,4385,4450,11000
2005-04-12,3568,44400,4500,4400,4410,13000
2005-04-13,3504,43600,4500,4325,4325,49000
2005-04-14,3488,43400,4400,4290,4300,24000
2005-04-15,3468,43150,4410,4250,4300,11000
2005-04-18,3439,42800,4400,4100,4315,60000
2005-04-19,3411,42450,4280,4075,4280,22000
2005-04-20,3411,42450,4300,4150,4200,20000
2005-04-21,3399,42300,4245,4110,4235,10000
2005-04-22,3443,42850,4300,4195,4230,3000
2005-04-25,3443,42850,4285,4240,4250,3000
2005-04-26,3476,43250,4370,4260,4260,10000
2005-04-27,3451,42950,4310,4250,4250,5000
2005-04-28,3435,42750,4280,4230,4230,3000
2005-04-29,3371,41950,4225,4085,4100,13000
2005-05-02,3415,42500,4290,4180,4195,17000
2005-05-03,3415,42500,4260,4180,4250,9000
2005-05-04,3496,43500,4850,4235,4360,166000
2005-05-06,3455,43000,4380,4230,4350,22000
2005-05-09,3355,41750,4285,4000,4285,36000
2005-05-10,3399,42300,4230,4035,4035,18000
2005-05-11,3339,41550,4250,4100,4100,22000
2005-05-12,3375,42000,4230,4150,4230,5000
2005-05-13,3375,42000,4200,4155,4155,18000
2005-05-16,3423,42600,4265,4210,4265,9000
2005-05-17,3423,42600,4290,4250,4290,15000
2005-05-18,3476,43250,4420,4225,4420,12000
2005-05-19,3468,43150,4330,4250,4300,5000
2005-05-20,3443,42850,4335,4285,4315,20000
2005-05-23,3480,43300,4330,4275,4300,16000
2005-05-24,3419,42550,4335,4255,4335,14000
2005-05-25,3415,42500,4295,4200,4230,26000
2005-05-26,3926,48850,4885,4885,4885,78000
2005-05-27,4508,56100,5610,5610,5610,43000
2005-05-30,4508,56100,6450,5610,6300,1722000
2005-05-31,4669,58100,5880,5430,5700,668000
2005-06-01,4267,53100,5750,5310,5750,306000
2005-06-02,4637,57700,6100,5330,5370,447000
2005-06-03,4717,58700,6130,5730,5810,312000
2005-06-07,4717,58700,5900,5700,5900,143000
2005-06-08,4573,56900,5950,5690,5800,152000
2005-06-09,4629,57600,6000,5680,5680,157000
2005-06-10,4661,58000,5930,5700,5880,71000
2005-06-13,4854,60400,6070,5770,5800,144000
2005-06-14,4822,60000,6050,5950,6010,69000
2005-06-15,5127,63800,6540,5950,5950,219000
2005-06-16,5143,64000,6450,6260,6380,125000
2005-06-17,5320,66200,7110,6400,6400,320000
2005-06-20,5143,64000,6700,6380,6530,83000
2005-06-21,5087,63300,6450,6250,6280,26000
2005-06-22,5063,63000,6350,6180,6240,129000
2005-06-23,5111,63600,6620,6200,6210,112000
2005-06-24,5256,65400,6690,6250,6300,137000
2005-06-27,5433,67600,6800,6360,6370,74000
2005-06-28,5384,67000,6800,6500,6800,48000
2005-06-29,6188,77000,7700,6990,7090,351000
2005-06-30,6220,77400,8640,7680,8190,483000
2005-07-01,6590,82000,8500,7210,7560,296000
2005-07-04,6871,85500,8890,7800,8090,831000
2005-07-05,6413,79800,9000,7850,8550,456000
2005-07-06,6277,78100,8300,7510,7980,240000
2005-07-07,6212,77300,7880,7580,7780,75000
2005-07-08,5786,72000,7650,7070,7470,171000
2005-07-11,5778,71900,7460,7100,7460,69000
2005-07-12,5955,74100,7440,7170,7280,80000
2005-07-13,5746,71500,7600,7150,7410,48000
2005-07-14,5537,68900,7320,6860,7130,112000
2005-07-15,5617,69900,7250,6700,6700,238000
2005-07-18,5786,72000,7320,7120,7320,107000
2005-07-19,5626,70000,7210,7000,7100,68000
2005-07-20,5376,66900,7070,6520,7010,108000
2005-07-21,5055,62900,6770,6210,6630,157000
2005-07-22,5031,62600,6380,6110,6200,33000
2005-07-25,5465,68000,7070,6300,6310,195000
2005-07-26,5457,67900,6900,6530,6750,34000
2005-07-27,5400,67200,7000,6720,6790,76000
2005-07-28,5473,68100,6990,6720,6720,78000
2005-07-29,5248,65300,6810,6500,6810,62000
2005-08-01,5200,64700,6580,6450,6490,39000
2005-08-02,5183,64500,6600,6430,6440,66000
2005-08-03,5159,64200,6540,6380,6530,39000
2005-08-04,5127,63800,6700,6350,6700,38000
2005-08-05,5264,65500,6810,6410,6490,78000
2005-08-08,5240,65200,6640,6430,6540,26000
2005-08-09,5224,65000,6610,6500,6610,22000
2005-08-10,5272,65600,6640,6460,6460,35000
2005-08-11,5336,66400,6720,6470,6470,54000
2005-08-12,5425,67500,6840,6650,6740,53000
2005-08-16,5690,70800,7200,6810,6810,80000
2005-08-17,5682,70700,7140,6930,7140,27000
2005-08-18,5553,69100,7140,6910,7010,45000
2005-08-19,5441,67700,6970,6660,6760,25000
2005-08-22,5489,68300,6880,6660,6730,29000
2005-08-23,5489,68300,6900,6800,6900,14000
2005-08-24,5392,67100,6800,6700,6800,28000
2005-08-25,5441,67700,6890,6600,6650,8000
2005-08-26,5400,67200,6900,6700,6720,22000
2005-08-29,5103,63500,6740,6340,6740,35000
2005-08-30,5063,63000,6470,6300,6470,9000
2005-08-31,5047,62800,6380,6100,6100,15000
2005-09-01,5063,63000,6370,6280,6280,15000
2005-09-02,5200,64700,6580,6300,6300,11000
2005-09-05,5304,66000,6600,6360,6480,10000
2005-09-06,5288,65800,6580,6490,6580,9000
2005-09-07,5328,66300,6700,6550,6600,29000
2005-09-08,5368,66800,6700,6600,6650,9000
2005-09-09,5256,65400,6600,6480,6600,43000
2005-09-12,5224,65000,6590,6410,6590,16000
2005-09-13,5103,63500,6500,6350,6500,23000
2005-09-14,5063,63000,6450,6250,6300,41000
2005-09-15,5135,63900,6450,6350,6350,9000
2005-09-16,5256,65400,6580,6330,6330,31000
2005-09-20,5505,68500,6950,6650,6750,70000
2005-09-21,5569,69300,6940,6850,6940,100000
2005-09-22,5907,73500,7380,6980,7090,161000
2005-09-23,5867,73000,7600,7200,7350,45000
2005-09-26,5931,73800,7490,7220,7230,34000
2005-09-27,5786,72000,7390,7170,7380,10000
2005-09-28,5786,72000,7460,7200,7200,36000
2005-09-29,5722,71200,7270,7100,7200,17900
2005-09-30,5810,72300,7350,7100,7200,49700
2005-10-04,6076,75600,7750,7450,7750,50600
2005-10-05,5971,74300,7680,7310,7560,37400
2005-10-06,5923,73700,7550,7330,7430,27900
2005-10-07,6011,74800,7540,7290,7290,40300
2005-10-10,6453,80300,8100,7600,7670,93500
2005-10-11,6429,80000,8050,7900,8030,22600
2005-10-12,6397,79600,8300,7900,8100,70800
2005-10-13,6397,79600,8100,7760,7970,38100
2005-10-14,6574,81800,8490,7980,7980,86500
2005-10-17,5947,74000,8280,7400,8030,97000
2005-10-18,5931,73800,7450,7300,7400,63800
2005-10-19,5601,69700,7210,6840,7210,69440
2005-10-20,5481,68200,7070,6800,7000,54760
2005-10-21,5690,70800,7200,6690,6690,20000
2005-10-24,5746,71500,7200,6960,6960,20700
2005-10-25,5786,72000,7340,7110,7110,15600
2005-10-26,5867,73000,7300,7150,7230,24300
2005-10-27,6148,76500,7770,7260,7280,60680
2005-10-28,6027,75000,7670,7010,7610,40800
2005-10-31,6019,74900,7690,7480,7690,13700
2005-11-01,6027,75000,7640,7410,7410,12000
2005-11-02,6309,78500,7940,7600,7630,38100
2005-11-03,6429,80000,8150,7850,7860,33900
2005-11-04,6405,79700,8000,7840,8000,18080
2005-11-07,6485,80700,8070,7800,7990,51500
2005-11-08,6670,83000,8300,8010,8290,101500
2005-11-09,6952,86500,8750,8310,8310,87800
2005-11-10,7072,88000,8900,8650,8650,21600
2005-11-11,6895,85800,8990,8580,8880,14000
2005-11-14,6743,83900,8550,8200,8370,5500
2005-11-15,6485,80700,8380,7980,8200,26800
2005-11-16,6678,83100,8350,8140,8350,25000
2005-11-17,6743,83900,8410,8220,8310,41600
2005-11-18,6719,83600,8380,8200,8300,21600
2005-11-21,7072,88000,8850,8360,8400,40800
2005-11-22,6944,86400,8800,8400,8800,13000
2005-11-23,7916,98500,9850,8440,8640,51400
2005-11-24,7458,92800,9900,9190,9900,16500
2005-11-25,7595,94500,9450,9010,9280,800
2005-11-28,7217,89800,9350,8700,9110,16400
2005-11-29,6992,87000,9070,8560,8850,15900
2005-11-30,7217,89800,8980,8700,8800,24800
2005-12-01,7273,90500,9150,8910,8980,6600
2005-12-02,7201,89600,9040,8760,9040,27600
2005-12-05,7193,89500,9550,8790,8960,26600
2005-12-06,6670,83000,9040,8110,8570,19730
2005-12-07,6582,81900,8300,8000,8300,24700
2005-12-08,6405,79700,8250,7910,8190,12800
2005-12-09,6389,79500,8000,7880,7880,4000
2005-12-12,6405,79700,8140,7860,7900,7480
2005-12-13,6429,80000,8000,7790,7970,4400
2005-12-14,6614,82300,8230,8010,8010,10100
2005-12-15,6477,80600,8440,8050,8230,3300
2005-12-16,6027,75000,7750,7120,7750,35300
2005-12-19,6092,75800,7590,7210,7210,41900
2005-12-20,6285,78200,7830,7600,7600,7100
2005-12-21,6598,82100,8470,7750,7750,11630
2005-12-22,6421,79900,8400,7710,8400,10000
2005-12-23,6485,80700,8230,7900,8230,10700
2005-12-26,6662,82900,8300,8150,8150,12000
2005-12-27,6711,83500,8450,8350,8400,3900
2005-12-28,7782,83500,8500,8350,8350,24100
2005-12-29,7782,83500,8350,8120,8300,4600
2006-01-02,7689,82500,8400,8030,8350,6000
2006-01-03,7438,79800,8250,7900,8010,19210
2006-01-04,7242,77700,7990,7730,7980,31360
2006-01-05,7260,77900,7850,7760,7770,4800
2006-01-06,7233,77600,7830,7700,7760,18780
2006-01-09,7111,76300,7940,7620,7760,22400
2006-01-10,7186,77100,7770,7670,7760,6400
2006-01-11,7102,76200,7990,7580,7800,17400
2006-01-12,7093,76100,7640,7550,7570,11240
2006-01-13,7074,75900,7630,7520,7520,3300
2006-01-16,7083,76000,7750,7550,7560,1500
2006-01-17,6990,75000,7680,7500,7550,7700
2006-01-18,6757,72500,7500,7250,7500,11510
2006-01-19,6776,72700,7340,7090,7090,3600
2006-01-20,6366,68300,7760,6830,7270,6600
2006-01-23,5853,62800,6900,6200,6900,7500
2006-01-24,5918,63500,6380,6100,6100,13000
2006-01-25,6198,66500,6730,6390,6450,38900
2006-01-26,6375,68400,7000,6600,6600,7500
2006-01-27,6617,71000,7100,6900,6900,3700
2006-01-31,6897,74000,7400,7290,7400,6000
2006-02-01,6794,72900,7390,6650,7140,5500
2006-02-02,6496,69700,7400,6970,7240,10400
2006-02-03,6962,74700,7470,6960,6970,25700
2006-02-06,6888,73900,7390,7250,7260,1100
2006-02-07,6944,74500,7450,7200,7200,4900
2006-02-08,6878,73800,7500,7330,7500,3100
2006-02-09,6888,73900,7440,7260,7260,3700
2006-02-10,6990,75000,7800,7400,7800,3900
2006-02-13,7102,76200,7680,7550,7680,2700
2006-02-14,7111,76300,7630,7410,7410,200
2006-02-15,7093,76100,7700,7400,7600,2300
2006-02-16,7102,76200,7650,7540,7610,500
2006-02-17,6878,73800,7620,7360,7610,2800
2006-02-20,7083,76000,7630,7400,7400,7000
2006-02-21,7093,76100,7660,7500,7660,2300
2006-02-22,6981,74900,7600,7100,7600,4700
2006-02-23,7456,80000,8100,7480,7520,57400
2006-02-24,7149,76700,8130,7500,8060,64700
2006-02-27,7130,76500,7830,7500,7700,12400
2006-02-28,7027,75400,7790,7520,7580,16540
2006-03-02,6990,75000,7700,7460,7550,18700
2006-03-03,6972,74800,7620,7400,7470,18600
2006-03-06,6897,74000,7440,7330,7410,7600
2006-03-07,6841,73400,7430,7200,7430,14060
2006-03-08,6841,73400,7390,7250,7310,8600
2006-03-09,6934,74400,7460,7310,7310,3600
2006-03-10,6934,74400,7460,7310,7330,10800
2006-03-13,6990,75000,7590,7320,7590,16400
2006-03-14,6897,74000,7490,7350,7400,15940
2006-03-15,6972,74800,7560,7380,7400,11300
2006-03-16,7037,75500,7700,7400,7400,79500
2006-03-17,6953,74600,7600,7460,7500,13900
2006-03-20,6897,74000,7590,7280,7380,13600
2006-03-21,6860,73600,7510,7360,7490,15600
2006-03-22,6850,73500,7500,7310,7310,50200
2006-03-23,6860,73600,7490,7280,7330,10900
2006-03-24,6785,72800,7410,7250,7410,17800
2006-03-27,7139,76600,7660,7170,7230,5610
2006-03-28,6552,70300,7300,7030,7300,25100
2006-03-29,6459,69300,7050,6900,7010,16100
2006-03-30,6776,72700,7270,6890,6900,10810
2006-03-31,6776,72700,7300,6930,7000,32500
2006-04-03,7037,75500,7770,7210,7210,35800
2006-04-04,7158,76800,7780,7550,7780,8000
2006-04-05,7149,76700,7700,7560,7700,14000
2006-04-06,6990,75000,7650,7500,7570,50100
2006-04-07,6981,74900,7500,7450,7450,17800
2006-04-10,7223,77500,7750,7330,7450,50910
2006-04-11,6822,73200,7390,7280,7390,36100
2006-04-12,6701,71900,7300,7190,7300,77200
2006-04-13,6711,72000,7200,7140,7140,103500
2006-04-14,7065,75800,7700,7210,7210,106900
2006-04-26,6524,7000,7250,7000,7230,83080
2006-04-27,6450,6920,7130,6800,7000,29660
2006-04-28,6328,6790,6970,6760,6810,14650
2006-05-02,6384,6850,6950,6700,6720,16510
2006-05-03,6412,6880,6950,6750,6850,16180
2006-05-04,6431,6900,6950,6840,6850,17200
2006-05-08,6366,6830,7100,6800,6850,32190
2006-05-09,6319,6780,6890,6730,6890,13530
2006-05-10,6105,6550,6800,6550,6740,23590
2006-05-11,6058,6500,6750,6460,6500,14500
2006-05-12,5657,6070,6500,6040,6500,91436
2006-05-15,5312,5700,6100,5680,6100,42280
2006-05-16,5462,5860,5900,5700,5700,30770
2006-05-17,5592,6000,6080,5870,6000,17330
2006-05-18,5098,5470,5950,5400,5950,69800
2006-05-19,5294,5680,5680,5290,5290,9300
2006-05-22,5294,5680,5680,5290,5290,9350
2006-05-23,5154,5530,5590,5410,5450,9510
2006-05-24,5210,5590,5590,5400,5400,15850
2006-05-25,5089,5460,5650,5460,5600,5000
2006-05-26,5135,5510,5670,5450,5480,14505
2006-05-29,5210,5590,5680,5450,5680,2600
2006-05-30,5173,5550,5660,5400,5500,5660
2006-05-31,5210,5590,5680,5450,5680,2620
2006-06-01,5145,5520,5550,5370,5550,9640
2006-06-02,4986,5350,5520,5300,5520,13640
2006-06-05,4818,5170,5350,5100,5350,4690
2006-06-07,4287,4600,5100,4500,4770,37340
2006-06-08,4054,4350,4600,4340,4600,31200
2006-06-09,4380,4700,4700,4350,4350,10740
2006-06-12,4348,4665,4720,4540,4560,16910
2006-06-13,4324,4640,4650,4510,4515,6300
2006-06-14,4324,4640,4720,4495,4720,12600
2006-06-15,4287,4600,4800,4550,4700,17620
2006-06-16,4613,4950,5190,4600,4600,26420
2006-06-19,4623,4960,5170,4810,4810,6600
2006-06-20,4613,4950,4960,4815,4815,4380
2006-06-21,4688,5030,5050,4980,4990,3910
2006-06-22,4790,5140,5150,5100,5130,7950
2006-06-23,4809,5160,5180,5050,5050,3680
2006-06-26,4707,5050,5140,4990,5140,3600
2006-06-27,4548,4880,5050,4850,5050,12901
2006-06-28,4604,4940,4990,4800,4930,2950
2006-06-29,4660,5000,5040,4940,4940,5010
2006-06-30,4781,5130,5140,5010,5140,12540
2006-07-03,4837,5190,5340,5100,5110,4860
2006-07-04,4893,5250,5250,5050,5100,6000
2006-07-05,4753,5100,5240,5100,5240,3800
2006-07-06,4735,5080,5190,4950,5190,10700
2006-07-07,4735,5080,5240,4975,5240,5700
2006-07-10,4679,5020,5080,4950,5080,1200
2006-07-11,4753,5100,5100,4970,5100,6700
2006-07-12,4669,5010,5180,4990,5180,5000
2006-07-13,4623,4960,5070,4950,5000,700
2006-07-14,4660,5000,5000,4880,5000,3100
2006-07-18,4525,4855,5200,4855,4855,4800
2006-07-19,4562,4895,4995,4850,4995,2900
2006-07-20,4604,4940,5080,4805,4980,3100
2006-07-21,4669,5010,5040,4900,4910,200
2006-07-24,4632,4970,5020,4910,4910,2860
2006-07-25,4604,4940,5000,4870,5000,7120
2006-07-26,4613,4950,5080,4910,5080,5200
2006-07-27,4604,4940,4990,4800,4850,3300
2006-07-28,4567,4900,4950,4825,4830,5680
2006-07-31,4567,4900,5000,4835,4900,1690
2006-08-01,4567,4900,4920,4810,4910,2660
2006-08-02,4567,4900,4940,4800,4940,1220
2006-08-03,4436,4760,4940,4750,4820,10490
2006-08-04,4222,4530,4820,4420,4820,29220
2006-08-07,4241,4550,4610,4400,4530,19380
2006-08-08,4124,4425,4600,4385,4510,24350
2006-08-09,4157,4460,4480,4350,4370,3850
2006-08-10,4166,4470,4480,4380,4475,6590
2006-08-11,4166,4470,4470,4400,4400,2520
2006-08-14,4031,4325,4470,4300,4470,8440
2006-08-16,4082,4380,4400,4300,4300,1050
2006-08-17,4282,4595,4595,4300,4400,12190
2006-08-18,4194,4500,4620,4470,4595,2110
2006-08-21,4185,4490,4500,4330,4500,4700
2006-08-22,4073,4370,4490,4335,4335,3400
2006-08-23,4059,4355,4410,4300,4410,19080
2006-08-24,4119,4420,4450,4360,4450,6160
2006-08-25,4143,4445,4445,4320,4400,7990
2006-08-28,4282,4595,4600,4350,4450,14220
2006-08-29,4418,4740,4760,4520,4680,10020
2006-08-30,4930,5290,5290,4740,4740,57550
2006-08-31,4846,5200,5700,5200,5500,52800
2006-09-01,4753,5100,5300,5000,5240,34660
2006-09-04,4800,5150,5460,5100,5460,19640
2006-09-05,4753,5100,5250,5100,5110,22150
2006-09-06,4753,5100,5120,5000,5000,9090
2006-09-07,4660,5000,5030,4920,4920,4200
2006-09-08,4660,5000,5100,4860,5000,9060
2006-09-11,4632,4970,5010,4925,4925,5740
2006-09-12,4655,4995,5190,4895,5190,1050
2006-09-13,4660,5000,5160,4975,5160,5910
2006-09-14,4646,4985,5020,4900,5000,6090
2006-09-15,4595,4930,5000,4900,4930,6720
2006-09-18,4637,4975,5000,4900,4950,9650
2006-09-19,4576,4910,5150,4900,5150,13290
2006-09-20,4599,4935,4965,4900,4940,3960
2006-09-21,4618,4955,5040,4890,4890,4710
2006-09-22,4632,4970,5000,4910,4910,8940
2006-09-25,4809,5160,5200,4970,4970,15900
2006-09-26,4809,5160,5200,5080,5170,5700
2006-09-27,4781,5130,5220,5070,5220,3270
2006-09-28,4800,5150,5240,5070,5130,5200
2006-09-29,4977,5340,5500,5150,5150,16680
2006-10-02,4949,5310,5380,5210,5380,12650
2006-10-04,4893,5250,5300,5220,5250,10760
2006-10-09,4446,4770,5390,4700,5280,17390
2006-10-10,4623,4960,5100,4685,4685,6910
2006-10-11,4599,4935,4980,4800,4800,3720
2006-10-12,4660,5000,5080,4870,4870,3150
2006-10-13,4753,5100,5170,4880,4890,4730
2006-10-16,4716,5060,5170,4950,5100,4030
2006-10-17,4697,5040,5180,4960,5160,7891
2006-10-18,4679,5020,5130,4930,4960,11001
2006-10-19,4716,5060,5240,5030,5240,10880
2006-10-20,4735,5080,5140,4960,4960,22600
2006-10-23,4707,5050,5130,5000,5000,10700
2006-10-24,4744,5090,5090,5030,5090,14450
2006-10-25,4772,5120,5130,5050,5130,11510
2006-10-26,4790,5140,5180,5050,5180,10110
2006-10-27,4772,5120,5150,5070,5070,9220
2006-10-30,4762,5110,5120,5060,5110,8950
2006-10-31,4762,5110,5110,5050,5060,3530
2006-11-01,4912,5270,5390,5100,5110,19570
2006-11-02,5173,5550,5560,5210,5340,12550
2006-11-03,5303,5690,5690,5500,5560,19370
2006-11-06,5191,5570,5680,5410,5620,7100
2006-11-07,5201,5580,5640,5410,5410,42760
2006-11-08,5135,5510,5600,5470,5470,3420
2006-11-09,5107,5480,5590,5410,5580,29540
2006-11-10,5163,5540,6010,5410,5480,70270
2006-11-13,5210,5590,5900,5540,5580,57390
2006-11-14,5061,5430,5690,5350,5690,32180
2006-11-15,4977,5340,5480,5290,5480,55460
2006-11-16,4958,5320,5490,5250,5400,50060
2006-11-17,4977,5340,5500,5250,5300,32910
2006-11-20,4995,5360,5460,5340,5360,15280
2006-11-21,4986,5350,5400,5270,5310,8530
2006-11-22,5079,5450,5480,5310,5350,10480
2006-11-23,5126,5500,5580,5350,5350,32800
2006-11-24,5173,5550,5630,5550,5610,9190
2006-11-27,5219,5600,5680,5550,5600,14410
2006-11-28,5238,5620,5680,5530,5580,14884
2006-11-29,5946,6380,6460,5620,5650,109230
2006-11-30,5760,6180,6380,6030,6380,30200
2006-12-01,5685,6100,6150,6050,6090,47460
2006-12-04,5853,6280,6400,6110,6120,20580
2006-12-05,5676,6090,6350,5970,6300,16040
2006-12-06,5713,6130,6150,5970,6000,9860
2006-12-07,5611,6020,6300,6020,6100,8670
2006-12-08,5629,6040,6200,6000,6000,20310
2006-12-11,5685,6100,6190,6000,6000,19380
2006-12-12,5704,6120,6190,6080,6130,13273
2006-12-13,5750,6170,6280,6120,6180,15030
2006-12-14,5760,6180,6230,6170,6170,5410
2006-12-15,5825,6250,6300,6110,6110,20580
2006-12-18,5881,6310,6340,6290,6340,10730
2006-12-19,5937,6370,6400,6260,6320,18410
2006-12-20,5946,6380,6480,6300,6300,12550
2006-12-21,5965,6400,6590,6330,6330,25870
2006-12-22,6002,6440,6470,6000,6420,16310
2006-12-26,6524,7000,7000,6450,6450,53530
2006-12-27,6430,6800,6990,6030,6800,33010
2006-12-28,6335,6700,6800,6520,6520,15700
2007-01-02,6259,6620,6810,6550,6700,7060
2007-01-03,6146,6500,6680,6440,6540,20060
2007-01-04,5862,6200,6490,6080,6490,15550
2007-01-05,5891,6230,6250,5990,6250,27050
2007-01-08,5824,6160,6220,6050,6220,8180
2007-01-09,5862,6200,6230,6160,6200,21970
2007-01-10,5909,6250,6260,6200,6260,12720
2007-01-11,6042,6390,6420,6230,6230,5280
2007-01-12,6089,6440,6460,6350,6460,14630
2007-01-15,6127,6480,6480,6400,6480,4870
2007-01-16,6089,6440,6630,6310,6420,10290
2007-01-17,6004,6350,6480,6210,6400,15970
2007-01-18,5957,6300,6350,6200,6340,2930
2007-01-19,5834,6170,6330,6170,6330,4470
2007-01-22,5919,6260,6360,6110,6360,3230
2007-01-23,5919,6260,6260,6100,6100,1730
2007-01-24,6051,6400,6450,6230,6260,4660
2007-01-25,6051,6400,6440,6350,6400,34070
2007-01-26,6004,6350,6350,6300,6350,2720
2007-01-29,5985,6330,6390,6300,6390,3400
2007-01-30,5985,6330,6330,6200,6330,7140
2007-01-31,6061,6410,6420,6220,6220,16920
2007-02-01,6051,6400,6460,6330,6460,14120
2007-02-02,6051,6400,6460,6300,6300,5130
2007-02-05,6004,6350,6460,6260,6260,17030
2007-02-06,6288,6650,6790,6400,6400,17960
2007-02-07,6203,6560,6730,6560,6650,9850
2007-02-08,6335,6700,6720,6640,6720,33470
2007-02-09,6401,6770,6770,6650,6750,15990
2007-02-12,6411,6780,6790,6710,6790,4330
2007-02-13,6552,6930,6940,6720,6790,15700
2007-02-14,6647,7030,7070,6890,6930,26075
2007-02-15,6713,7100,7100,7010,7010,34100
2007-02-16,6704,7090,7150,6970,7090,3580
2007-02-20,6685,7070,7150,7050,7050,5150
2007-02-21,6685,7070,7130,7040,7120,18930
2007-02-22,6723,7110,7150,7060,7070,17600
2007-02-23,6723,7110,7140,7020,7100,11600
2007-02-26,6704,7090,7100,7040,7100,15800
2007-02-27,6619,7000,7100,6800,7100,6580
2007-02-28,6420,6790,6800,6560,6560,10000
2007-03-05,6524,6900,6940,6590,6590,8857
2007-03-06,6496,6870,6900,6770,6900,2900
2007-03-07,6240,6600,6900,6500,6870,9510
2007-03-08,6477,6850,7080,6600,6600,7450
2007-03-09,6552,6930,7050,6850,7050,3700
2007-03-12,6505,6880,6900,6720,6900,11290
2007-03-13,6411,6780,6990,6700,6990,4040
2007-03-14,6363,6730,6770,6500,6600,4770
2007-03-15,6448,6820,6890,6730,6730,730
2007-03-16,6467,6840,6870,6650,6870,5540
2007-03-19,6382,6750,6840,6650,6840,3030
2007-03-20,6146,6500,6800,6500,6800,35440
2007-03-21,6155,6510,6620,6500,6610,8200
2007-03-22,6165,6520,6770,6500,6560,10660
2007-03-23,6155,6510,6580,6500,6530,24100
2007-03-26,6203,6560,6600,6500,6550,10960
2007-03-27,6222,6580,6600,6500,6500,14880
2007-03-28,6335,6700,6780,6530,6600,32440
2007-03-29,6392,6760,6780,6640,6700,35630
2007-03-30,6430,6800,6820,6650,6800,4080
2007-04-02,6203,6560,6810,6540,6810,42030
2007-04-03,6212,6570,6680,6420,6680,16480
2007-04-04,6212,6570,6570,6500,6560,33390
2007-04-05,6571,6950,6950,6500,6740,73600
2007-04-06,6524,6900,6930,6660,6660,6230
2007-04-09,6250,6610,6980,6610,6700,4500
2007-04-10,6326,6690,6730,6570,6730,3090
2007-04-11,6344,6710,6720,6530,6720,10689
2007-04-12,6326,6690,6720,6550,6700,2720
2007-04-13,6382,6750,6750,6580,6610,4300
2007-04-16,6363,6730,6780,6620,6620,2840
2007-04-17,6401,6770,6800,6660,6750,16000
2007-04-18,6335,6700,6810,6690,6700,81670
2007-04-19,6354,6720,6740,6650,6710,40539
2007-04-20,6552,6930,6930,6700,6700,45320
2007-04-23,6552,6930,7100,6930,6930,18039
2007-04-24,6619,7000,7040,6890,6890,77370
2007-04-25,6619,7000,7200,6950,6990,47130
2007-04-26,6571,6950,7250,6900,7250,12300
2007-04-27,6751,7140,7150,6940,6940,19260
2007-04-30,6779,7170,7220,6910,6910,65030
2007-05-02,6694,7080,7170,7020,7160,10510
2007-05-03,6694,7080,7180,7030,7150,4400
2007-05-04,6694,7080,7160,7010,7160,19690
2007-05-07,6666,7050,7130,7030,7050,13750
2007-05-08,6675,7060,7090,6950,7070,24290
2007-05-09,6657,7040,7100,7030,7060,19580
2007-05-10,6761,7150,7150,7010,7010,18580
2007-05-11,6742,7130,7160,7060,7160,3430
2007-05-14,6666,7050,7130,7040,7130,13600
2007-05-15,6628,7010,7090,7010,7090,15410
2007-05-16,6628,7010,7130,7000,7000,3630
2007-05-17,6742,7130,7130,7010,7090,11500
2007-05-18,6694,7080,7150,7050,7140,5160
2007-05-21,6997,7400,7500,7010,7010,40160
2007-05-22,7309,7730,7770,7300,7400,49880
2007-05-23,7612,8050,8250,7790,7950,45630
2007-05-25,7876,8330,8450,7950,8000,41650
2007-05-28,8018,8480,8550,8200,8330,15070
2007-05-29,7848,8300,8500,8290,8500,19370
2007-05-30,7791,8240,8300,8030,8300,20890
2007-05-31,7857,8310,8410,8240,8240,18240
2007-06-01,7857,8310,8590,8310,8470,16433
2007-06-04,8084,8550,8690,8330,8330,43961
2007-06-05,7914,8370,8550,8210,8550,7830
2007-06-07,7943,8400,8700,8400,8400,4150
2007-06-08,7999,8460,8550,8370,8400,33860
2007-06-11,8084,8550,8580,8400,8500,7560
2007-06-12,8037,8500,8690,8440,8690,10680
2007-06-13,8122,8590,8790,8450,8600,11980
2007-06-14,8160,8630,8700,8590,8600,63180
2007-06-15,8160,8630,8740,8500,8700,40850
2007-06-18,8226,8700,8700,8530,8630,28180
2007-06-19,8198,8670,8750,8600,8660,24610
2007-06-20,8198,8670,8690,8480,8670,39911
2007-06-21,8207,8680,8700,8670,8670,5800
2007-06-22,8122,8590,8680,8410,8680,12280
2007-06-25,8396,8880,8950,8400,8500,112530
2007-06-26,8415,8900,9500,8880,8970,27790
2007-06-27,8463,8950,9050,8700,9050,1860
2007-06-28,8614,9110,9160,8600,9000,27660
2007-06-29,8690,9190,9400,8900,9110,7200
2007-07-02,8756,9260,9370,9120,9190,10751
2007-07-03,8756,9260,9300,9100,9260,8861
2007-07-04,8794,9300,9660,9170,9190,3260
2007-07-05,8850,9360,9360,9000,9290,9030
2007-07-06,8907,9420,9490,9200,9200,5400
2007-07-09,8860,9370,9540,9190,9300,6386
2007-07-10,8794,9300,9370,9160,9370,4110
2007-07-11,9172,9700,9900,9100,9300,11550
2007-07-12,9039,9560,9700,9480,9700,4440
2007-07-13,9257,9790,9790,9400,9700,38740
2007-07-16,9455,10000,10200,9650,9650,5567
2007-07-18,9455,10000,10400,10000,10050,13549
2007-07-19,9645,10200,10400,9900,9900,26840
2007-07-20,10259,10850,11400,10050,10250,45390
2007-07-23,11725,12400,12450,10650,10750,61173
2007-07-24,11819,12500,13000,12000,12800,46880
2007-07-25,11819,12500,12700,12000,12500,19434
2007-07-26,11819,12500,12800,12200,12650,20120
2007-07-27,12529,13250,14000,12200,12500,59060
2007-07-30,11961,12650,14300,12400,13650,45290
2007-07-31,11819,12500,13150,12400,12700,17752
2007-08-01,11110,11750,12600,11750,12300,16578
2007-08-02,10779,11400,11950,11200,11750,18220
2007-08-03,11158,11800,11800,11200,11400,7750
2007-08-06,10732,11350,11550,11200,11550,7060
2007-08-07,10827,11450,11800,11250,11800,4461
2007-08-08,11347,12000,12000,11200,11450,18828
2007-08-09,11347,12000,12250,11450,11900,17453
2007-08-10,11441,12100,13550,11250,11800,32512
2007-08-13,11441,12100,12600,11650,12600,8520
2007-08-14,11441,12100,12100,11300,12100,23590
2007-08-16,10496,11100,11500,10300,11500,35421
2007-08-17,10023,10600,11100,10400,11000,18010
2007-08-20,10259,10850,11000,10450,10600,10499
2007-08-21,9834,10400,10900,10400,10850,10400
2007-08-22,9834,10400,10750,10250,10750,8890
2007-08-23,9881,10450,10900,10300,10450,15660
2007-08-24,10212,10800,10800,10300,10500,10160
2007-08-27,10543,11150,11350,10750,10900,15664
2007-08-28,9928,10500,11200,10500,11200,19800
2007-08-29,10165,10750,10750,10000,10350,9210
2007-08-30,10259,10850,11000,10600,10750,5890
2007-08-31,10117,10700,10900,10650,10700,5323
2007-09-03,10023,10600,10850,10600,10600,7523
2007-09-04,9881,10450,10600,10400,10500,4721
2007-09-05,9928,10500,10600,10350,10450,4340
2007-09-06,9928,10500,10550,10300,10300,4370
2007-09-07,10070,10650,10650,10250,10450,4601
2007-09-10,9976,10550,10550,10200,10300,5300
2007-09-11,9739,10300,10500,10300,10500,3900
2007-09-12,9645,10200,10300,10100,10250,10170
2007-09-13,9597,10150,10600,10000,10600,14130
2007-09-14,9503,10050,10400,10050,10150,12240
2007-09-17,9645,10200,10500,10050,10050,9960
2007-09-18,9692,10250,10400,10200,10200,3660
2007-09-19,9786,10350,10500,10250,10400,10779
2007-09-20,10023,10600,11000,10400,10400,9700
2007-09-21,10165,10750,10900,10500,10900,4410
2007-09-27,9976,10550,10750,10500,10600,7410
2007-09-28,9928,10500,10700,10400,10400,3930
2007-10-01,9881,10450,10800,10350,10400,3490
2007-10-02,9881,10450,10700,10300,10300,4300
2007-10-04,9881,10450,10550,10400,10450,6480
2007-10-05,10023,10600,10700,10200,10650,16900
2007-10-08,9786,10350,10600,10300,10600,8020
2007-10-09,9786,10350,10450,10200,10250,8370
2007-10-10,9550,10100,10350,10100,10350,8890
2007-10-11,9645,10200,10200,9950,10050,12321
2007-10-12,9834,10400,10400,9900,9900,8080
2007-10-15,9834,10400,10400,10100,10200,8220
2007-10-16,9503,10050,10400,10000,10400,538710
2007-10-17,9834,10400,10400,9810,10050,3150
2007-10-18,9645,10200,10400,10150,10400,3140
2007-10-19,9455,10000,10300,10000,10200,1709
2007-10-22,9257,9790,10000,9600,9750,2080
2007-10-23,9238,9770,9990,9740,9750,5150
2007-10-24,9210,9740,10000,9740,9790,2080
2007-10-25,9058,9580,9790,9510,9740,1820
2007-10-26,9106,9630,10300,9600,9790,23700
2007-10-29,9143,9670,9880,9350,9350,12970
2007-10-30,9200,9730,9770,9310,9310,3640
2007-10-31,9455,10000,10000,9690,9730,2031
2007-11-01,9455,10000,10000,9880,9920,16210
2007-11-02,9645,10200,10200,9860,10000,1330
2007-11-05,9550,10100,10700,10050,10700,5950
2007-11-06,9503,10050,10400,10050,10300,3619
2007-11-07,9503,10050,10500,10050,10200,1900
2007-11-08,9455,10000,10050,9870,9890,7400
2007-11-09,9427,9970,10200,9940,10000,14090
2007-11-12,9172,9700,9950,9650,9950,4330
2007-11-13,9181,9710,10000,9690,10000,6070
2007-11-14,9418,9960,10000,9780,9970,2060
2007-11-15,9361,9900,9950,9850,9910,4400
2007-11-16,9361,9900,9950,9850,9910,4460
2007-11-19,9219,9750,9900,9700,9800,2571
2007-11-20,9238,9770,10100,9420,9420,840
2007-11-21,9011,9530,9800,9530,9800,4220
2007-11-22,9361,9900,10000,9400,9630,2740
2007-11-23,9030,9550,9850,9470,9510,7980
2007-11-26,9503,10050,10050,9500,9500,14300
2007-11-27,9881,10450,10500,9850,10050,10600
2007-11-28,10070,10650,10800,10450,10450,11970
2007-11-29,10354,10950,10950,10550,10800,22233
2007-11-30,10732,11350,11400,10700,10950,21400
2007-12-03,10590,11200,11500,11200,11500,11990
2007-12-04,10590,11200,11300,10550,11200,3480
2007-12-05,10590,11200,11350,10600,10800,6033
2007-12-06,11063,11700,11900,11200,11500,162180
2007-12-07,11205,11850,12000,11500,11700,149270
2007-12-10,11063,11700,12000,11600,11900,29825
2007-12-11,11063,11700,11850,11550,11750,31631
2007-12-12,10968,11600,11700,11300,11500,10900
2007-12-13,11016,11650,11700,11100,11700,207110
2007-12-14,10968,11600,11650,11350,11650,8900
2007-12-17,10874,11500,11600,11150,11600,26740
2007-12-18,10968,11600,11700,11250,11250,108500
2007-12-20,11347,12000,12000,11350,11600,222900
2007-12-21,11063,11700,12100,11600,11900,71280
2007-12-24,11347,12000,12000,11500,11700,18480
2007-12-26,11252,11900,12000,11700,12000,4500
2007-12-27,11400,11950,12000,11600,11900,5960
2007-12-28,11638,12200,12300,11600,12000,30620
2008-01-02,11638,12200,12200,11700,12000,14180
2008-01-03,11543,12100,12100,11850,12100,13790
2008-01-04,11448,12000,12050,11600,11900,15480
2008-01-07,11161,11700,11700,11450,11700,17081
2008-01-08,10971,11500,11500,11200,11500,23640
2008-01-09,11066,11600,11600,11200,11500,1229
2008-01-10,10923,11450,11600,11200,11600,9580
2008-01-11,10875,11400,11600,11250,11300,2880
2008-01-14,10923,11450,11450,11000,11200,5210
2008-01-15,10780,11300,11300,11000,11150,4219
2008-01-16,10398,10900,11200,10300,10300,21472
2008-01-17,10255,10750,10900,10500,10650,5260
2008-01-18,9635,10100,10500,10100,10300,8144
2008-01-21,9587,10050,10050,9720,10050,3040
2008-01-22,9425,9880,9900,9600,9900,6670
2008-01-23,10017,10500,10500,9800,9800,7040
2008-01-24,10160,10650,10700,10150,10150,4080
2008-01-25,11352,11900,12000,10400,10650,4930
2008-01-28,10494,11000,11500,10900,11500,5680
2008-01-29,10112,10600,10950,10600,10750,3420
2008-01-30,10017,10500,10600,10200,10600,1560
2008-01-31,10017,10500,10700,10100,10650,3100
2008-02-01,10637,11150,11400,10500,10500,18770
2008-02-04,10541,11050,11400,11000,11000,5070
2008-02-05,10732,11250,11250,10500,10700,13150
2008-02-11,10589,11100,11200,10300,10650,19350
2008-02-12,10732,11250,11400,10850,10850,9860
2008-02-13,10684,11200,11400,11000,11400,7530
2008-02-14,10828,11350,11350,11200,11200,130
2008-02-15,10732,11250,11400,11100,11300,12930
2008-02-18,10780,11300,11550,11200,11200,2510
2008-02-19,10780,11300,11300,11100,11200,5590
2008-02-20,10637,11150,11400,11150,11400,4050
2008-02-21,10732,11250,11250,11000,11000,480
2008-02-22,10684,11200,11250,11050,11250,5850
2008-02-25,11829,12400,12700,11700,11900,154216
2008-02-26,11066,11600,12850,11400,12400,190877
2008-02-27,10112,10600,13300,9900,13300,1514106
2008-02-28,10398,10900,10900,10200,10700,241225
2008-02-29,10398,10900,11000,10550,10750,80256
2008-03-03,10398,10900,10900,10600,10700,75289
2008-03-04,10494,11000,11050,10800,10900,62200
2008-03-05,10494,11000,11100,10900,10900,42910
2008-03-06,10494,11000,11150,10850,11000,84280
2008-03-07,10446,10950,11050,10850,10850,21530
2008-03-10,10160,10650,10950,10650,10950,33035
2008-03-11,10303,10800,10800,10450,10450,31436
2008-03-12,10303,10800,10900,10750,10850,25220
2008-03-13,10494,11000,11000,10700,10750,19499
2008-03-14,10446,10950,11100,10700,11100,21700
2008-03-17,10351,10850,10950,10600,10950,19310
2008-03-18,10351,10850,10900,10650,10650,15310
2008-03-19,10351,10850,11000,10800,11000,3530
2008-03-20,10351,10850,10950,10800,10800,10030
2008-03-21,10351,10850,11000,10850,10850,4915
2008-03-24,10351,10850,11000,10800,10850,20010
2008-03-25,10351,10850,10900,10700,10800,9640
2008-03-26,10398,10900,10900,10750,10750,12350
2008-03-27,10398,10900,11000,10700,11000,5370
2008-03-28,10398,10900,10900,10750,10850,31566
2008-03-31,10446,10950,10950,10700,10800,6481
2008-04-01,10494,11000,11050,10800,10800,8180
2008-04-02,10494,11000,11000,10800,11000,4150
2008-04-03,10446,10950,10950,10800,10950,11720
2008-04-04,10446,10950,11000,10850,10850,13070
2008-04-07,10446,10950,11000,10850,10900,11770
2008-04-08,10398,10900,10950,10800,10900,10050
2008-04-10,10351,10850,10900,10750,10900,8670
2008-04-11,10398,10900,10900,10800,10850,7310
2008-04-14,10351,10850,10850,10750,10750,4410
2008-04-15,10351,10850,10850,10750,10800,5710
2008-04-16,10351,10850,10850,10750,10750,6720
2008-04-17,10303,10800,10850,10700,10800,6790
2008-04-18,10303,10800,10800,10650,10750,15104
2008-04-21,10303,10800,10800,10550,10800,11577
2008-04-22,10398,10900,10900,10750,10800,4401
2008-04-23,10351,10850,10950,10650,10950,18088
2008-04-24,10398,10900,10900,10750,10850,10290
2008-04-25,10398,10900,10900,10700,10750,39170
2008-04-28,10351,10850,10900,10700,10900,21130
2008-04-29,10303,10800,10900,10700,10850,13750
2008-04-30,10303,10800,10800,10450,10700,68370
2008-05-02,10303,10800,10850,10750,10850,3580
2008-05-06,10303,10800,10800,10650,10800,17390
2008-05-07,10255,10750,10800,10650,10800,1780
2008-05-08,10351,10850,10900,10650,10650,6070
2008-05-09,10351,10850,10850,10700,10800,11390
2008-05-13,10351,10850,10850,10750,10800,6320
2008-05-14,10351,10850,10850,10700,10850,10020
2008-05-15,10351,10850,10900,10650,10800,11780
2008-05-16,10398,10900,10900,10750,10850,11380
2008-05-19,10971,11500,11600,10800,10900,36040
2008-05-20,10828,11350,11700,11100,11400,11080
2008-05-21,10303,10800,11300,10800,11050,116150
2008-05-22,10303,10800,10900,10700,10750,14210
2008-05-23,10494,11000,11100,10800,11100,3000
2008-05-26,10446,10950,11300,10800,11300,7710
2008-05-27,10446,10950,11100,10750,10950,11510
2008-05-28,10351,10850,11150,10800,11000,14500
2008-05-29,10351,10850,10900,10700,10800,27770
2008-05-30,10351,10850,10900,10750,10900,4270
2008-06-02,10303,10800,10850,10650,10750,10790
2008-06-03,10351,10850,12000,10450,10800,81990
2008-06-04,10446,10950,10950,10700,10850,11750
2008-06-05,10446,10950,10950,10750,10900,6010
2008-06-09,10351,10850,10850,10650,10800,6080
2008-06-10,10351,10850,10850,10700,10750,11680
2008-06-11,10351,10850,10850,10700,10800,10240
2008-06-12,10351,10850,10900,10750,10800,2980
2008-06-13,10351,10850,10850,10650,10800,5750
2008-06-16,10351,10850,10900,10700,10800,5850
2008-06-17,10398,10900,10950,10800,10800,302690
2008-06-18,10351,10850,11000,10700,11000,48310
2008-06-19,10351,10850,10850,10750,10850,4797
2008-06-20,10398,10900,10900,10750,10800,5090
2008-06-23,10398,10900,10900,10800,10900,2090
2008-06-24,10351,10850,10900,10700,10800,14640
2008-06-25,10351,10850,10850,10700,10800,2080
2008-06-26,10398,10900,10900,10800,10850,2700
2008-06-27,10446,10950,10950,10700,10750,6470
2008-06-30,10351,10850,10900,10700,10900,8720
2008-07-01,10351,10850,10850,10700,10800,8210
2008-07-02,10303,10800,10800,10350,10800,18730
2008-07-03,10207,10700,10750,10450,10750,30440
2008-07-04,10207,10700,10750,10650,10700,13590
2008-07-07,10207,10700,10700,10600,10700,4200
2008-07-08,10160,10650,10700,10350,10700,9070
2008-07-09,10064,10550,10650,10500,10650,10610
2008-07-10,10064,10550,10650,10400,10550,9320
2008-07-11,10207,10700,10700,10450,10550,5070
2008-07-14,10351,10850,10850,10600,10700,4950
2008-07-15,10017,10500,10700,10450,10700,7990
2008-07-16,10017,10500,10600,10350,10500,3540
2008-07-17,10017,10500,10600,10400,10400,720
2008-07-18,10017,10500,10500,10400,10500,1630
2008-07-21,10207,10700,10700,10350,10400,7050
2008-07-22,10207,10700,10700,10650,10700,470
2008-07-23,10160,10650,10700,10500,10700,7580
2008-07-24,10017,10500,10650,10500,10650,5230
2008-07-25,10064,10550,10550,10400,10500,620
2008-07-28,9969,10450,10600,10450,10600,150
2008-07-29,9969,10450,10500,10300,10400,2190
2008-07-30,10112,10600,10600,10400,10400,1550
2008-07-31,10255,10750,10750,10400,10400,4390
2008-08-01,10255,10750,10750,10500,10500,10180
2008-08-04,10207,10700,10750,10550,10550,3460
2008-08-05,10207,10700,10700,10700,10700,430
2008-08-06,10255,10750,10750,10550,10700,2600
2008-08-07,10207,10700,10700,10550,10600,1500
2008-08-08,10255,10750,10750,10600,10600,2980
2008-08-11,10207,10700,10700,10600,10700,11270
2008-08-12,10207,10700,10700,10600,10700,640
2008-08-13,10207,10700,10700,10600,10700,610
2008-08-14,10160,10650,10650,10600,10600,1280
2008-08-18,10207,10700,10700,10400,10650,5570
2008-08-19,10207,10700,10700,10450,10700,3120
2008-08-20,10207,10700,10700,10500,10500,2250
2008-08-21,10112,10600,10650,10450,10650,1500
2008-08-22,10112,10600,10600,10500,10500,60
2008-08-25,10112,10600,10650,10450,10600,3400
2008-08-26,10112,10600,10600,10450,10600,2400
2008-08-27,10112,10600,10600,10500,10600,1060
2008-08-28,10112,10600,10600,10500,10550,53020
2008-08-29,10112,10600,10600,10500,10500,830
2008-09-01,10064,10550,10600,10250,10500,5450
2008-09-02,9969,10450,10550,10100,10550,7490
2008-09-03,10207,10700,10800,10300,10450,6790
2008-09-04,10112,10600,10700,10450,10700,2520
2008-09-05,10207,10700,10700,10500,10500,3520
2008-09-08,10207,10700,10700,10550,10600,1990
2008-09-09,10112,10600,10700,10450,10700,3340
2008-09-10,9874,10350,10550,10350,10450,11410
2008-09-11,10160,10650,10650,10200,10400,4500
2008-09-12,10255,10750,10750,10350,10350,4980
2008-09-16,10064,10550,10550,10250,10350,950
2008-09-17,10160,10650,10650,10650,10650,530
2008-09-18,9969,10450,10550,10250,10300,3770
2008-09-19,10017,10500,10500,10350,10400,6970
2008-09-22,10017,10500,10500,10400,10450,8110
2008-09-23,9874,10350,10500,10300,10300,770
2008-09-24,10017,10500,10500,10400,10500,410
2008-09-25,10064,10550,10550,10550,10550,260
2008-09-26,10017,10500,10500,10300,10350,1790
2008-09-29,9969,10450,10500,10450,10500,0
2008-09-30,10017,10500,10500,10250,10450,3550
2008-10-01,10017,10500,10500,10300,10350,780
2008-10-02,10017,10500,10500,10500,10500,250
2008-10-06,9921,10400,10400,9920,10050,1130
2008-10-07,9921,10400,10400,9980,10000,2510
2008-10-08,9530,9990,10200,9990,10100,3360
2008-10-09,9635,10100,10100,9840,9840,1180
2008-10-10,9492,9950,9990,9420,9960,4380
2008-10-13,9492,9950,9950,9900,9950,490
2008-10-14,9492,9950,10100,9900,10100,2760
2008-10-15,9540,10000,10000,9910,10000,12020
2008-10-16,9253,9700,9990,9510,9990,11580
2008-10-17,9511,9970,10000,9630,9900,23450
2008-10-20,9339,9790,9900,8480,9900,21090
2008-10-21,9339,9790,9800,9600,9800,12545
2008-10-22,9253,9700,9800,9650,9780,29440
2008-10-23,8967,9400,9700,8830,9700,31650
2008-10-24,8175,8570,9400,8570,9400,24140
2008-10-27,7164,7510,8500,7510,8500,2430
2008-10-28,6410,6720,7870,6720,7500,24691
2008-10-29,5456,5720,6810,5720,6720,61286
2008-10-30,5237,5490,6060,4870,5610,1677859
2008-10-31,6019,6310,6310,5400,5600,679244
2008-11-03,6010,6300,6920,6300,6620,267728
2008-11-04,5724,6000,6310,5360,6300,215050
2008-11-05,6582,6900,6900,6200,6350,291110
2008-11-06,6487,6800,7290,6350,6670,293785
2008-11-07,6487,6800,6900,6300,6590,127454
2008-11-10,6401,6710,6900,6630,6890,206478
2008-11-11,6363,6670,6670,6390,6460,96670
2008-11-12,6029,6320,6550,6310,6510,42772
2008-11-13,6010,6300,6300,5950,5990,52590
2008-11-14,6048,6340,6800,6200,6500,24221
2008-11-17,5962,6250,6300,6130,6300,20681
2008-11-18,5771,6050,6220,6050,6110,14571
2008-11-19,5533,5800,6160,5700,6160,25071
2008-11-20,5189,5440,5680,5300,5440,41011
2008-11-21,5285,5540,5590,5000,5060,25179
2008-11-24,5247,5500,5650,5190,5650,29860
2008-11-25,5247,5500,5830,5470,5510,31669
2008-11-26,5418,5680,5680,5400,5590,32220
2008-11-27,5456,5720,5790,5620,5680,12630
2008-11-28,5294,5550,5790,5550,5790,23325
2008-12-01,5294,5550,5770,5540,5770,9370
2008-12-02,5056,5300,5370,5010,5060,6373
2008-12-03,5161,5410,5540,5300,5540,7285
2008-12-04,5161,5410,5450,5300,5410,19771
2008-12-05,5456,5720,5720,5340,5430,15120
2008-12-08,5456,5720,5790,5560,5790,21630
2008-12-09,5495,5760,5840,5660,5730,45640
2008-12-10,5819,6100,6280,5660,5760,58392
2008-12-11,5771,6050,6400,6020,6400,10904
2008-12-12,5580,5850,6170,5800,6100,25799
2008-12-15,5657,5930,5990,5800,5900,26710
2008-12-16,5695,5970,6000,5750,5850,11060
2008-12-17,5714,5990,6100,5900,6100,8850
2008-12-18,5895,6180,6300,6050,6300,123381
2008-12-19,5800,6080,6170,6060,6150,17040
2008-12-22,5790,6070,6200,6050,6200,38180
2008-12-23,5752,6030,6250,5900,6100,12070
2008-12-24,5666,5940,6030,5800,6030,5420
2008-12-26,5762,6040,6080,5830,5860,3150
2008-12-29,5752,5970,6040,5800,6040,4470
2008-12-30,5733,5950,6000,5730,5890,15140
2009-01-02,5877,6100,6150,5870,5900,3621
2009-01-05,5781,6000,6140,5900,6140,6151
2009-01-06,5675,5890,5990,5800,5990,6830
2009-01-07,5636,5850,5900,5800,5900,15940
2009-01-08,5627,5840,5880,5670,5840,6260
2009-01-09,5646,5860,5940,5800,5860,37300
2009-01-12,5530,5740,5850,5670,5800,9480
2009-01-13,5530,5740,5740,5590,5710,7980
2009-01-14,5511,5720,5730,5650,5690,10100
2009-01-15,5396,5600,5700,5500,5620,13660
2009-01-16,5492,5700,5730,5200,5200,3920
2009-01-19,5482,5690,5720,5640,5700,5280
2009-01-20,5405,5610,5700,5610,5700,1030
2009-01-21,5376,5580,5640,5410,5640,5740
2009-01-22,5357,5560,5700,5500,5510,9290
2009-01-23,5299,5500,5500,5420,5490,3050
2009-01-28,5213,5410,5550,5410,5490,8890
2009-01-29,5164,5360,5470,5320,5410,7340
2009-01-30,5241,5440,5600,5360,5360,8910
2009-02-02,5251,5450,5500,5380,5440,5480
2009-02-03,5251,5450,5460,5370,5370,5050
2009-02-04,5386,5590,5620,5450,5500,9191
2009-02-05,5299,5500,5600,5500,5550,8010
2009-02-06,5685,5900,5940,5500,5550,7410
2009-02-09,5656,5870,5980,5800,5850,15131
2009-02-10,5714,5930,6040,5810,5810,15370
2009-02-11,5588,5800,5890,5790,5850,5089
2009-02-12,5608,5820,5900,5750,5780,4950
2009-02-13,5906,6130,6400,5860,5860,133200
2009-02-16,6041,6270,6550,6120,6180,239534
2009-02-17,5646,5860,6300,5840,6300,47040
2009-02-18,5781,6000,6090,5620,5620,44503
2009-02-19,5839,6060,6150,5920,6000,50690
2009-02-20,5858,6080,6120,5740,5910,39720
2009-02-23,5791,6010,6040,5860,6000,17640
2009-02-24,5771,5990,6030,5730,5800,14531
2009-02-25,5771,5990,6100,5940,5990,54199
2009-02-26,5887,6110,6240,5990,6040,62320
2009-02-27,5897,6120,6290,6070,6110,56380
2009-03-02,5656,5870,6120,5650,6070,53050
2009-03-03,5810,6030,6070,5460,5670,19810
2009-03-04,5829,6050,6150,5830,6020,30000
2009-03-05,5829,6050,6100,5900,6050,21890
2009-03-06,5800,6020,6230,5760,5760,5775
2009-03-09,6022,6250,6470,6000,6000,147820
2009-03-10,6166,6400,6620,6210,6270,152830
2009-03-11,6205,6440,6550,6320,6540,99821
2009-03-12,6793,7050,7200,6440,6440,382175
2009-03-13,6966,7230,7800,6950,7390,233697
2009-03-16,7275,7550,7600,7090,7490,165768
2009-03-17,7082,7350,7550,7330,7500,45290
2009-03-18,7130,7400,7580,7250,7420,83400
2009-03-19,6947,7210,7500,6920,7400,59490
2009-03-20,7130,7400,7410,7070,7200,45660
2009-03-23,6986,7250,7450,7250,7450,1050
2009-03-24,7149,7420,7420,7150,7330,45000
2009-03-25,7149,7420,7800,7400,7440,65680
2009-03-26,7159,7430,7560,7350,7420,19660
2009-03-27,7371,7650,7700,7270,7450,99080
2009-03-30,6957,7220,7750,7220,7650,20400
2009-03-31,6995,7260,7370,7130,7220,22020
2009-04-01,6995,7260,7320,7170,7320,24860
2009-04-02,7207,7480,7500,7210,7390,62010
2009-04-03,7226,7500,7550,7310,7550,19398
2009-04-06,7467,7750,7750,7500,7500,37740
2009-04-07,7487,7770,7980,7700,7920,34040
2009-04-08,7323,7600,7770,7500,7770,26760
2009-04-09,7429,7710,7840,7620,7640,29805
2009-04-10,7419,7700,7880,7570,7800,25210
2009-04-13,7756,8050,8160,7690,7840,44639
2009-04-14,7458,7740,8100,7740,8090,23400
2009-04-15,7140,7410,7740,7320,7740,31801
2009-04-16,7332,7610,7980,7330,7380,61990
2009-04-17,7525,7810,7830,7460,7630,33016
2009-04-20,8363,8680,8790,7850,7950,101872
2009-04-21,8469,8790,8820,8310,8600,42600
2009-04-22,8421,8740,8900,8640,8900,19450
2009-04-23,8614,8940,9170,8620,8620,87722
2009-04-24,8662,8990,9170,8320,9170,28650
2009-04-27,9028,9370,9490,8900,8990,48870
2009-04-28,8209,8520,9500,8520,9500,38230
2009-04-29,8450,8770,8850,8300,8530,24331
2009-04-30,8942,9280,9290,8810,9000,37720
2009-05-04,8816,9150,9270,9070,9110,6040
2009-05-06,8836,9170,9260,9000,9260,9190
2009-05-07,8797,9130,9220,8940,9170,13279
2009-05-08,8672,9000,9050,8800,8920,16610
2009-05-11,8797,9130,9150,8850,8850,13900
2009-05-12,8672,9000,9100,8900,9100,16100
2009-05-13,8604,8930,9000,8900,9000,5010
2009-05-14,8498,8820,8980,8790,8980,13670
2009-05-15,8479,8800,8990,8660,8780,14870
2009-05-18,8662,8990,9050,8600,8800,14790
2009-05-19,8864,9200,9300,8990,8990,30570
2009-05-20,9539,9900,10200,9200,9200,85930
2009-05-21,9443,9800,10000,9700,9890,10750
2009-05-22,9443,9800,10200,9530,9990,9300
2009-05-25,9558,9920,10100,9010,10100,22150
2009-05-26,9520,9880,10000,9700,9700,13990
2009-05-27,9067,9410,9880,9370,9880,4850
2009-05-28,9288,9640,9710,8870,9400,11710
2009-05-29,9250,9600,9880,9410,9640,3940
2009-06-01,8990,9330,9800,9260,9380,14330
2009-06-02,8961,9300,9630,9280,9350,11610
2009-06-03,8999,9340,9460,9230,9340,1980
2009-06-04,9115,9460,9460,9200,9340,5500
2009-06-05,9231,9580,9590,9420,9460,8856
2009-06-08,9288,9640,9840,9500,9700,5940
2009-06-09,9211,9560,9780,9400,9780,8130
2009-06-10,9443,9800,9800,9500,9600,4370
2009-06-11,9491,9850,9930,9570,9800,1340
2009-06-12,9578,9940,9950,9650,9800,6030
2009-06-15,9394,9750,9940,9720,9940,3630
2009-06-16,9173,9520,9740,9520,9530,2010
2009-06-17,9154,9500,9590,9350,9500,6436
2009-06-18,9096,9440,9550,9430,9550,2952
2009-06-19,8942,9280,9440,8580,9440,8900
2009-06-22,8720,9050,9370,9000,9320,5450
2009-06-23,8441,8760,9000,8500,8850,6460
2009-06-24,8450,8770,8890,8670,8670,1359
2009-06-25,8450,8770,8930,8690,8770,772
2009-06-26,8383,8700,9000,8010,9000,6150
2009-06-29,8248,8560,8700,8500,8620,2630
2009-06-30,8238,8550,8700,8370,8560,6660
2009-07-01,8286,8600,8640,8500,8560,450
2009-07-02,8238,8550,8700,8410,8410,2010
2009-07-03,8142,8450,8700,8450,8700,641
2009-07-06,8180,8490,8500,8350,8370,1580
2009-07-07,8518,8840,8840,8410,8590,6810
2009-07-08,8190,8500,8780,8450,8700,4316
2009-07-09,8672,9000,9080,8370,8490,21690
2009-07-10,8479,8800,9030,8720,8780,880
2009-07-13,8373,8690,8710,8620,8620,320
2009-07-14,8720,9050,9050,8510,8600,8180
2009-07-15,8672,9000,9050,8930,9050,4250
2009-07-16,8701,9030,9050,8500,8940,4010
2009-07-17,8653,8980,9080,8910,8910,1540
2009-07-20,8691,9020,9140,8960,8960,7690
2009-07-21,8701,9030,9140,8920,8920,4210
2009-07-22,8749,9080,9100,8670,8950,12200
2009-07-23,8826,9160,9160,9010,9010,2360
2009-07-24,8739,9070,9220,9060,9060,2680
2009-07-27,8537,8860,9100,8860,9070,4720
2009-07-28,8479,8800,8920,8770,8860,4790
2009-07-29,8479,8800,9190,8620,8900,3890
2009-07-30,8479,8800,8860,8600,8680,2280
2009-07-31,8855,9190,9190,8770,8800,22494
2009-08-03,9269,9620,10400,9600,10400,20850
2009-08-04,8980,9320,9800,9300,9620,5760
2009-08-05,9500,9860,10100,9320,9330,32270
2009-08-06,9472,9830,9980,9620,9980,2770
2009-08-07,10117,10500,10500,9860,9860,34160
2009-08-10,9828,10200,10600,10150,10600,7690
2009-08-11,10503,10900,10900,9900,10200,54781
2009-08-12,10310,10700,11400,10550,10900,3390
2009-08-13,10406,10800,10850,10300,10650,6670
2009-08-14,10599,11000,11150,10450,10500,13030
2009-08-17,9973,10350,11200,10250,11100,14292
2009-08-18,9732,10100,10550,9990,10550,4850
2009-08-19,9491,9850,10450,9850,10000,8595
2009-08-20,9626,9990,10100,9800,9880,7800
2009-08-21,9780,10150,10750,10100,10750,4820
2009-08-24,10165,10550,10700,10150,10250,18820
2009-08-25,9635,10000,10550,10000,10350,12780
2009-08-26,9828,10200,10500,10000,10000,2920
2009-08-27,9924,10300,10500,10200,10400,6570
2009-08-28,10551,10950,11050,10200,10250,15190
2009-08-31,10262,10650,11300,10650,10950,6721
2009-09-01,10406,10800,10850,10350,10450,3320
2009-09-02,10021,10400,10950,10400,10600,4230
2009-09-03,9635,10000,10550,10000,10200,4210
2009-09-04,9597,9960,10100,9900,9970,7082
2009-09-07,9828,10200,10200,10000,10150,4681
2009-09-08,10117,10500,10500,10100,10200,6531
2009-09-09,10069,10450,10550,10250,10550,1350
2009-09-10,9684,10050,10500,9900,10500,16040
2009-09-11,9780,10150,10200,9900,10200,6220
2009-09-14,10262,10650,10650,10150,10150,8960
2009-09-15,10117,10500,10650,10250,10650,11240
2009-09-16,10165,10550,10700,10350,10350,7227
2009-09-17,10214,10600,10900,10400,10550,20020
2009-09-18,10599,11000,11050,10400,10600,21538
2009-09-21,10406,10800,11200,10750,11150,4071
2009-09-22,10406,10800,10900,10700,10900,2690
2009-09-23,10214,10600,10900,10400,10850,3470
2009-09-24,9780,10150,10700,10100,10700,3270
2009-09-25,9635,10000,10150,10000,10150,3220
2009-09-28,9828,10200,10250,9980,10100,4940
2009-09-29,9684,10050,10350,10000,10350,7910
2009-09-30,9684,10050,10200,10000,10000,11840
2009-10-01,9635,10000,10300,9940,10300,3310
2009-10-05,9732,10100,10400,9940,10400,4110
2009-10-06,9549,9910,10100,9910,10100,2990
2009-10-07,8884,9220,10200,9220,10200,33350
2009-10-08,9048,9390,9390,9150,9350,4930
2009-10-09,9154,9500,9640,9380,9640,5972
2009-10-12,9163,9510,9570,9400,9500,3820
2009-10-13,9192,9540,9600,9490,9590,5440
2009-10-14,9202,9550,9620,9520,9620,9660
2009-10-15,9202,9550,9600,9500,9600,6620
2009-10-16,9269,9620,9700,9560,9560,1380
2009-10-19,9134,9480,9610,9410,9410,1712
2009-10-20,9134,9480,9770,9480,9770,3430
2009-10-21,9192,9540,9620,9480,9520,1860
2009-10-22,9086,9430,9740,9400,9740,4900
2009-10-23,9105,9450,9530,9420,9530,4491
2009-10-26,9288,9640,9650,9490,9520,2060
2009-10-27,9173,9520,9760,9500,9760,3880
2009-10-28,9240,9590,9690,9300,9690,3350
2009-10-29,8999,9340,9690,9150,9690,1060
2009-10-30,9231,9580,9620,9300,9340,800
2009-11-02,9202,9550,9570,9300,9560,1150
2009-11-03,9154,9500,9570,9490,9570,4510
2009-11-04,9019,9360,9490,9360,9490,751
2009-11-05,9231,9580,10100,9320,9500,23369
2009-11-06,9423,9780,9800,9630,9650,3650
2009-11-09,9568,9930,9940,9710,9900,3150
2009-11-10,9500,9860,9950,9800,9950,8170
2009-11-11,9684,10050,10200,9810,9960,6960
2009-11-12,9732,10100,10150,9970,10000,4380
2009-11-13,9606,9970,10050,9900,10050,4330
2009-11-16,9568,9930,9960,9880,9960,1420
2009-11-17,9462,9820,9980,9710,9980,1660
2009-11-18,9510,9870,9960,9850,9860,1110
2009-11-19,9780,10150,10150,9850,9850,1420
2009-11-20,9780,10150,10200,9900,9900,830
2009-11-23,9973,10350,10450,10100,10450,2120
2009-11-24,9597,9960,10400,9960,10200,2840
2009-11-25,9635,10000,10150,9920,10150,1480
2009-11-26,9635,10000,10050,9960,9960,1370
2009-11-27,9443,9800,9900,9800,9800,3850
2009-11-30,9423,9780,9980,9780,9800,3520
2009-12-01,10165,10550,11200,9700,9710,128750
2009-12-02,10021,10400,10950,10150,10750,54681
2009-12-03,9924,10300,10700,10300,10400,19079
2009-12-04,9684,10050,10300,10000,10250,32190
2009-12-07,9732,10100,10200,9960,10150,16430
2009-12-08,9876,10250,10550,10000,10150,29590
2009-12-09,9635,10000,10300,10000,10300,19659
2009-12-10,9394,9750,10100,9700,10050,65882
2009-12-11,9366,9720,9840,9660,9750,23580
2009-12-14,9549,9910,9910,9770,9820,18440
2009-12-15,9597,9960,10100,9900,9960,16249
2009-12-16,9578,9940,10350,9940,9980,23588
2009-12-17,9491,9850,10000,9850,10000,33321
2009-12-18,9529,9890,10000,9820,9850,24023
2009-12-21,9462,9820,9970,9820,9890,27559
2009-12-22,9414,9770,9960,9760,9870,20840
2009-12-23,9337,9690,9800,9680,9770,20310
2009-12-24,9337,9690,9810,9690,9810,14260
2009-12-28,9298,9650,9740,9640,9710,30350
2009-12-29,9318,9570,9670,9570,9640,6929
2009-12-30,9288,9540,9650,9520,9570,6190
2010-01-04,9279,9530,9710,9520,9710,25731
2010-01-05,9279,9530,9750,9510,9530,18861
2010-01-06,9220,9470,9600,9420,9530,33210
2010-01-07,9201,9450,9540,9440,9470,35751
2010-01-08,9191,9440,9500,9390,9460,19589
2010-01-11,9133,9380,9540,9380,9460,22970
2010-01-12,8987,9230,9450,9210,9450,21620
2010-01-13,8860,9100,9230,9090,9230,14340
2010-01-14,8909,9150,9270,9100,9270,21820
2010-01-15,8938,9180,9260,9140,9170,24440
2010-01-18,8938,9180,9400,9150,9390,20400
2010-01-19,8840,9080,9290,9080,9200,23180
2010-01-20,8811,9050,9170,9020,9170,37720
2010-01-21,8724,8960,9100,8950,9010,21230
2010-01-22,8636,8870,9100,8830,9100,26620
2010-01-25,8831,9070,9170,8830,8890,12020
2010-01-26,8802,9040,9210,9030,9070,18910
2010-01-27,8840,9080,9200,9020,9050,14790
2010-01-28,8967,9210,9210,9080,9190,13651
2010-01-29,8714,8950,9190,8910,9170,12241
2010-02-01,8733,8970,9050,8940,8950,8050
2010-02-02,8840,9080,9220,9000,9000,6640
2010-02-03,8938,9180,9280,9160,9280,11180
2010-02-04,8938,9180,9300,9150,9150,10980
2010-02-05,8840,9080,9280,8900,8900,9780
2010-02-08,8850,9090,9340,9080,9340,11180
2010-02-09,8821,9060,9150,9060,9100,12841
2010-02-10,8831,9070,9200,9040,9040,2260
2010-02-11,8879,9120,9150,9000,9060,17509
2010-02-12,8850,9090,9190,9070,9190,2071
2010-02-16,8938,9180,9200,9080,9090,2740
2010-02-17,8899,9140,9210,9110,9130,11010
2010-02-18,8840,9080,9180,9010,9010,260
2010-02-19,8860,9100,9150,9070,9080,3995
2010-02-22,8928,9170,9250,9050,9210,6040
2010-02-23,8899,9140,9170,9080,9150,1140
2010-02-24,8831,9070,9180,9000,9100,13520
2010-02-25,8743,8980,9070,8920,9070,3510
2010-02-26,8733,8970,8990,8910,8960,2360
2010-03-02,8811,9050,9200,9000,9010,12050
2010-03-03,8763,9000,9140,8980,9070,18521
2010-03-04,8782,9020,9100,8990,9000,6025
2010-03-05,8782,9020,9180,9000,9180,4131
2010-03-08,8840,9080,9090,9040,9050,1600
2010-03-09,8811,9050,9100,9050,9090,5010
2010-03-10,8831,9070,9150,9020,9150,2970
2010-03-11,8763,9000,9100,8970,9100,17280
2010-03-12,8763,9000,9030,8980,9000,7344
2010-03-15,8763,9000,9040,8990,9000,12760
2010-03-16,8860,9100,9100,9000,9000,27421
2010-03-17,9113,9360,9370,9020,9070,57284
2010-03-18,9064,9310,9400,9240,9400,12822
2010-03-19,9064,9310,9480,9310,9310,40421
2010-03-22,9152,9400,9450,9300,9450,3663
2010-03-23,9181,9430,9450,9310,9390,41786
2010-03-24,9230,9480,9500,9430,9500,47868
2010-03-25,9464,9720,9780,9430,9490,23721
2010-03-26,9347,9600,9720,9480,9720,29552
2010-03-29,9347,9600,9600,9450,9600,71595
2010-03-30,9347,9600,9740,9480,9700,84428
2010-03-31,9181,9430,9700,9410,9500,16450
2010-04-01,9152,9400,9530,9400,9450,82771
2010-04-02,9298,9550,9580,9410,9410,37929
2010-04-05,9045,9290,9560,9290,9550,32450
2010-04-06,9230,9480,9500,9050,9300,82670
2010-04-07,9658,9920,9970,9490,9560,32170
2010-04-08,9619,9880,9960,9610,9920,13191
2010-04-09,9542,9800,9950,9720,9950,41471
2010-04-12,9727,9990,10100,9810,9830,26490
2010-04-13,9707,9970,10000,9830,9990,12071
2010-04-14,10028,10300,10300,9870,10000,17613
2010-04-15,9931,10200,10600,10200,10300,50630
2010-04-16,9980,10250,10400,10200,10350,14171
2010-04-19,9727,9990,10250,9910,10150,28620
2010-04-20,9931,10200,10200,9950,10000,11161
2010-04-21,10369,10650,10700,10250,10250,15882
2010-04-22,10223,10500,10750,10400,10700,23351
2010-04-23,10272,10550,10700,10300,10650,14511
2010-04-26,10174,10450,10800,10450,10600,27221
2010-04-27,10369,10650,10950,10550,10700,54181
2010-04-28,11099,11400,11450,10350,10600,177520
2010-04-29,10710,11000,11400,10850,11300,46124
2010-04-30,10613,10900,11150,10800,11050,17620
2010-05-03,10856,11150,11300,10750,10750,24335
2010-05-04,10710,11000,11350,10900,11250,11612
2010-05-06,10564,10850,11000,10700,10950,44141
2010-05-07,10710,11000,11100,10450,10550,51520
2010-05-10,11489,11800,11850,10900,11200,68382
2010-05-11,11684,12000,12000,11550,11800,55810
2010-05-12,11830,12150,12250,11600,12100,110820
2010-05-13,11830,12150,12350,11900,12200,49065
2010-05-14,12073,12400,12600,11950,12150,40480
2010-05-17,12073,12400,12600,11900,12300,44847
2010-05-18,12170,12500,12600,12150,12550,94590
2010-05-19,12755,13100,13100,12000,12200,61850
2010-05-20,12755,13100,13450,12900,12900,56460
2010-05-24,12901,13250,13550,12800,13050,51173
2010-05-25,12170,12500,13250,12050,13200,65614
2010-05-26,12219,12550,12700,12250,12600,42790
2010-05-27,12657,13000,13150,12400,12550,29510
2010-05-28,12852,13200,13350,13000,13350,28001
2010-05-31,12755,13100,13200,12950,13200,16020
2010-06-01,12706,13050,13300,12900,13150,16310
2010-06-03,12852,13200,13400,13000,13400,19390
2010-06-04,12657,13000,13200,12700,13200,16791
2010-06-07,12609,12950,13100,12650,12850,16380
2010-06-08,12657,13000,13250,12900,12950,18460
2010-06-09,12657,13000,13100,12750,13100,16430
2010-06-10,12657,13000,13000,12850,13000,8873
2010-06-11,12657,13000,13100,12850,13000,22780
2010-06-14,12609,12950,13000,12800,13000,20831
2010-06-15,12414,12750,12950,12750,12950,13060
2010-06-16,11927,12250,12750,12200,12700,24840
2010-06-17,12122,12450,12650,12300,12300,18820
2010-06-18,12365,12700,12700,12200,12450,16460
2010-06-21,12170,12500,12700,12500,12700,7710
2010-06-22,11878,12200,12400,12100,12350,18250
2010-06-23,11148,11450,12200,11200,12200,84244
2010-06-24,11197,11500,11650,11400,11450,21330
2010-06-25,11294,11600,11650,11100,11400,13130
2010-06-28,11294,11600,11800,11500,11700,16550
2010-06-29,10905,11200,11550,11150,11500,29471
2010-06-30,11002,11300,11450,10950,11200,35540
2010-07-01,11294,11600,11900,11200,11300,14172
2010-07-02,11294,11600,11850,11400,11850,8838
2010-07-05,10953,11250,11600,11200,11500,17897
2010-07-06,10320,10600,11400,10600,11250,24404
2010-07-07,10126,10400,10600,10200,10600,20485
2010-07-08,10467,10750,10900,10400,10550,7560
2010-07-09,10661,10950,11150,10500,10650,14241
2010-07-12,10564,10850,11000,10800,10950,5166
2010-07-13,10515,10800,11000,10700,11000,5130
2010-07-14,10515,10800,10900,10600,10800,15650
2010-07-15,10613,10900,10900,10650,10850,4940
2010-07-16,11002,11300,11400,10650,10750,21170
2010-07-19,11051,11350,11400,10800,11100,10310
2010-07-20,11051,11350,11450,11250,11400,10150
2010-07-21,11148,11450,11850,11350,11350,27247
2010-07-22,11830,12150,12450,11200,11200,44839
2010-07-23,11927,12250,12300,12000,12100,13661
2010-07-26,12073,12400,12450,12250,12450,15820
2010-07-27,12073,12400,12600,12100,12300,18840
2010-07-28,11927,12250,12450,12100,12300,20500
2010-07-29,11878,12200,12400,12000,12200,19220
2010-07-30,11976,12300,12400,12000,12400,10230
2010-08-02,12170,12500,12500,12100,12300,18200
2010-08-03,11976,12300,12550,12200,12350,12950
2010-08-04,11781,12100,12500,11900,12300,17150
2010-08-05,11586,11900,12300,11800,12050,12624
2010-08-06,11586,11900,11950,11800,11800,3870
2010-08-09,11538,11850,12000,11800,12000,6050
2010-08-10,11538,11850,12200,11800,12000,8200
2010-08-11,11635,11950,11950,11800,11950,4440
2010-08-12,11586,11900,12000,11700,11950,9930
2010-08-13,11586,11900,12000,11700,11900,6510
2010-08-16,11489,11800,12200,11750,11950,14750
2010-08-17,11635,11950,12100,11850,11950,16570
2010-08-18,11684,12000,12300,11900,11950,11820
2010-08-19,11684,12000,12250,11950,12050,8937
2010-08-20,11732,12050,12100,12000,12100,4053
2010-08-23,11830,12150,12250,12000,12250,11510
2010-08-24,11927,12250,12250,11900,12200,12950
2010-08-25,11878,12200,12300,12050,12200,9390
2010-08-26,11927,12250,12350,12050,12300,26071
2010-08-27,11976,12300,12350,12150,12300,5885
2010-08-30,12414,12750,12950,12400,12450,30670
2010-08-31,12609,12950,12950,12600,12750,21005
2010-09-01,12511,12850,13300,12850,13100,17190
2010-09-02,12219,12550,13050,12550,12900,18730
2010-09-03,12365,12700,12800,12400,12550,14910
2010-09-06,12560,12900,13150,12550,12800,27670
2010-09-07,12219,12550,13000,12550,13000,11500
2010-09-08,12511,12850,12850,12300,12500,14683
2010-09-09,12463,12800,12950,12450,12450,11960
2010-09-10,12609,12950,13000,12700,12850,11195
2010-09-13,12609,12950,13000,12850,13000,9113
2010-09-14,12657,13000,13000,12750,12950,10530
2010-09-15,13047,13400,13450,12900,13050,16250
2010-09-16,13485,13850,13900,13300,13500,21131
2010-09-17,13972,14350,14400,13800,13850,31573
2010-09-20,13923,14300,14500,13950,14350,27562
2010-09-24,13631,14000,14250,13650,14250,11981
2010-09-27,13728,14100,14350,14000,14000,21144
2010-09-28,13826,14200,14400,13900,13900,9340
2010-09-29,14166,14550,14650,14100,14400,18320
2010-09-30,14410,14800,14900,14500,14700,11020
2010-10-01,14264,14650,14850,14400,14850,13052
2010-10-04,13631,14000,14850,14000,14800,11561
2010-10-05,13777,14150,14200,13900,13900,7280
2010-10-06,13436,13800,14250,13800,14150,8265
2010-10-07,13534,13900,14200,13750,13950,25760
2010-10-08,13144,13500,14100,13500,13950,9458
2010-10-11,12901,13250,13750,13250,13550,16613
2010-10-12,12901,13250,13450,13100,13400,12895
2010-10-13,13826,14200,14500,13250,13300,15320
2010-10-14,14069,14450,14500,14200,14300,16680
2010-10-15,14215,14600,14700,14400,14700,4510
2010-10-18,14994,15400,15550,14300,14300,13420
2010-10-19,14897,15300,15400,14900,15300,17054
2010-10-20,14799,15200,15300,14750,15000,13470
2010-10-21,14945,15350,15500,14950,14950,14140
2010-10-22,14945,15350,15600,15350,15550,9059
2010-10-25,14410,14800,15800,14800,15400,12040
2010-10-26,15286,15700,15800,14400,14900,18349
2010-10-27,15432,15850,15850,15300,15700,5941
2010-10-28,15335,15750,15900,15200,15900,7360
2010-10-29,14994,15400,15950,15100,15950,5250
2010-11-01,14994,15400,15500,15000,15500,7360
2010-11-02,14945,15350,15350,14950,15300,19770
2010-11-03,15091,15500,15700,15200,15400,6499
2010-11-04,14994,15400,15500,15100,15500,6430
2010-11-05,14994,15400,15500,14900,15000,26400
2010-11-08,14945,15350,15350,15050,15350,9890
2010-11-09,14848,15250,15350,15000,15350,3852
2010-11-10,14945,15350,15400,15050,15400,2415
2010-11-11,14605,15000,15400,15000,15150,2237
2010-11-12,14605,15000,15200,14650,15150,5910
2010-11-15,14605,15000,15100,14550,14900,4560
2010-11-16,14507,14900,15100,14400,15100,4621
2010-11-17,14361,14750,14900,12700,14900,5670
2010-11-18,14653,15050,15200,14800,15200,3174
2010-11-19,14313,14700,15300,14500,15250,8340
2010-11-22,13874,14250,14700,13850,14700,5360
2010-11-23,13631,14000,14200,13700,14200,1850
2010-11-24,13095,13450,14000,13200,13800,10968
2010-11-25,13534,13900,14150,13650,13650,4246
2010-11-26,13728,14100,14200,13800,14000,3991
2010-11-29,13534,13900,14050,13650,14050,1920
2010-11-30,14166,14550,14800,13800,13850,10420
2010-12-01,14507,14900,14950,14500,14750,4852
2010-12-02,15530,15950,16100,14800,14900,16728
2010-12-03,16016,16450,16500,15200,15700,32035
2010-12-06,15724,16150,16550,15750,16500,8650
2010-12-07,15968,16400,16400,15600,16200,9412
2010-12-08,15822,16250,16350,15950,16300,3590
2010-12-09,15481,15900,16400,15800,16400,3513
2010-12-10,15870,16300,16300,15800,16200,3390
2010-12-13,15870,16300,16350,15900,16150,3551
2010-12-14,15676,16100,16300,16050,16300,2078
2010-12-15,15627,16050,16200,15750,15850,3662
2010-12-16,15578,16000,16100,15700,15850,6650
2010-12-17,15578,16000,16050,15850,15850,3190
2010-12-20,15676,16100,16100,15600,15850,1370
2010-12-21,15481,15900,16000,15750,16000,2400
2010-12-22,15530,15950,16100,15700,16100,2020
2010-12-23,15530,15950,16050,15700,16050,2901
2010-12-24,15481,15900,15900,15750,15800,1920
2010-12-27,15286,15700,15900,15500,15650,4480
2010-12-28,15140,15550,15750,15400,15700,4530
2010-12-29,15238,15550,15800,15350,15550,1520
2010-12-30,15238,15550,15650,15350,15650,1870
2011-01-03,14209,14500,15600,14500,15600,23760
2011-01-04,13866,14150,14750,14100,14450,25517
2011-01-05,13523,13800,14450,13350,14100,25540
2011-01-06,13621,13900,14100,13800,13850,6750
2011-01-07,13670,13950,14250,13750,13950,4180
2011-01-10,13180,13450,14000,13400,13800,14685
2011-01-11,12837,13100,13600,13050,13350,9740
2011-01-12,12984,13250,13450,13150,13150,6100
2011-01-13,13180,13450,13600,13250,13600,3810
2011-01-14,14356,14650,14950,13350,13400,17890
2011-01-17,14111,14400,14650,13950,14650,14470
2011-01-18,13817,14100,14400,13850,14150,6140
2011-01-19,14062,14350,14400,13950,14000,6110
2011-01-20,13670,13950,14600,13850,14350,14640
2011-01-21,13327,13600,14000,13400,13900,24490
2011-01-24,12886,13150,13850,13000,13600,12060
2011-01-25,12935,13200,13450,13000,13150,7064
2011-01-26,12249,12500,13500,11950,13500,46950
2011-01-27,11612,11850,12500,11400,12350,54074
2011-01-28,10828,11050,12350,10800,11950,89069
2011-01-31,10975,11200,11300,11000,11100,17976
2011-02-01,11416,11650,11900,11250,11250,25991
2011-02-07,11710,11950,11950,11550,11550,22140
2011-02-08,11955,12200,12200,11850,11900,20920
2011-02-09,11661,11900,12300,11750,12200,16540
2011-02-10,11612,11850,12100,11600,11800,7450
2011-02-11,11563,11800,11850,11300,11750,17452
2011-02-14,11661,11900,12300,11500,11800,16860
2011-02-15,11955,12200,12250,11750,11900,9783
2011-02-16,12102,12350,12350,12050,12200,16392
2011-02-17,11808,12050,12200,11800,12200,13140
2011-02-18,11955,12200,12200,11900,12000,14720
2011-02-21,11955,12200,12200,12000,12000,3960
2011-02-22,11955,12200,12250,11800,12250,3181
2011-02-23,11955,12200,12200,12100,12200,13287
2011-02-24,11955,12200,12400,12000,12200,9540
2011-02-25,12445,12700,12700,12200,12300,4666
2011-02-28,12396,12650,12800,12400,12700,4680
2011-03-02,12249,12500,12700,12350,12650,3610
2011-03-03,12739,13000,13000,12300,12400,9880
2011-03-04,12788,13050,13050,12700,13050,6723
2011-03-07,12690,12950,13100,12850,13050,4860
2011-03-08,12641,12900,12950,12600,12900,19010
2011-03-09,13523,13800,14250,12700,12900,14090
2011-03-10,13425,13700,13800,13400,13800,4310
2011-03-11,13376,13650,13700,13100,13300,6480
2011-03-14,13180,13450,13800,13050,13600,5231
2011-03-15,11661,11900,13450,11450,13450,37320
2011-03-16,11563,11800,12300,11550,12250,20037
2011-03-17,9848,10050,11700,10050,11700,364805
2011-03-18,10142,10350,10600,10000,10000,226553
2011-03-21,10779,11000,11200,10450,10500,56691
2011-03-22,10583,10800,11500,10800,11100,28463
2011-03-23,10534,10750,10950,10500,10800,37330
2011-03-24,10485,10700,10950,10650,10700,10372
2011-03-25,10436,10650,10800,10550,10750,23828
2011-03-28,10534,10750,10800,10550,10600,16096
2011-03-29,10632,10850,10900,10700,10850,22908
2011-03-30,11367,11600,11600,10800,10900,34265
2011-03-31,11416,11650,11850,11450,11800,17703
2011-04-01,11710,11950,11950,11600,11600,10790
2011-04-04,11759,12000,12000,11750,11900,19630
2011-04-05,12053,12300,12300,12000,12000,12140
2011-04-06,12053,12300,12450,12100,12150,18951
2011-04-07,11955,12200,12300,12100,12150,13397
2011-04-08,11906,12150,12350,12150,12200,12335
2011-04-11,11710,11950,12100,11900,11900,27640
2011-04-12,11612,11850,12050,11850,11850,11664
2011-04-13,11661,11900,12000,11750,11750,5600
2011-04-14,11612,11850,12000,11800,11850,15790
2011-04-15,11759,12000,12000,11850,12000,5430
2011-04-18,11710,11950,12150,11850,11900,11494
2011-04-19,11661,11900,11950,11700,11700,3746
2011-04-20,11661,11900,12250,11700,11950,23369
2011-04-21,11759,12000,12000,11750,12000,8750
2011-04-22,11808,12050,12050,11850,12050,8710
2011-04-25,12151,12400,12600,12050,12100,17357
2011-04-26,12347,12600,12750,12300,12500,16378
2011-04-27,12298,12550,12850,12300,12600,7590
2011-04-28,12347,12600,12700,12500,12700,10190
2011-04-29,12249,12500,12700,12100,12600,8200
2011-05-02,12347,12600,12750,12350,12500,10290
2011-05-03,12347,12600,12700,12400,12600,18240
2011-05-04,12396,12650,12650,12550,12650,4671
2011-05-06,12396,12650,12800,12500,12650,15691
2011-05-09,12543,12800,13000,12700,12800,11212
2011-05-11,12592,12850,13050,12600,12850,11610
2011-05-12,12347,12600,12850,12550,12850,2940
2011-05-13,12396,12650,12950,12200,12700,31430
2011-05-16,12053,12300,12650,12200,12650,2980
2011-05-17,12053,12300,12500,12200,12400,9010
2011-05-18,12445,12700,12800,12350,12400,7500
2011-05-19,12200,12450,12800,12450,12800,6969
2011-05-20,12347,12600,12800,12300,12800,3727
2011-05-23,11759,12000,12400,11950,12400,9861
2011-05-24,11759,12000,12150,11700,12150,8084
2011-05-25,11661,11900,12100,11600,11900,7290
2011-05-26,11710,11950,12150,11800,12050,1930
2011-05-27,11563,11800,11950,11600,11850,9737
2011-05-30,11073,11300,11850,11000,11650,17585
2011-05-31,11465,11700,11700,11300,11300,7710
2011-06-01,11269,11500,11600,11450,11550,1620
2011-06-02,11367,11600,11600,11300,11300,2034
2011-06-03,11465,11700,11800,11500,11600,3890
2011-06-07,11514,11750,11800,11600,11800,660
2011-06-08,11465,11700,11750,11550,11700,2150
2011-06-09,11465,11700,11700,11500,11550,500
2011-06-10,11269,11500,11700,11000,11550,6430
2011-06-13,11171,11400,11700,11150,11450,1245
2011-06-14,11514,11750,11750,10900,11050,14390
2011-06-15,10338,10550,11500,10550,11500,54960
2011-06-16,10387,10600,10750,10400,10700,16172
2011-06-17,10191,10400,10600,10300,10600,7621
2011-06-20,10436,10650,10650,10350,10350,4501
2011-06-21,10534,10750,10750,10550,10550,2300
2011-06-22,10632,10850,10900,10650,10750,17920
2011-06-23,10534,10750,10900,10700,10800,32910
2011-06-24,10583,10800,10900,10650,10650,12540
2011-06-27,10583,10800,10800,10650,10750,10140
2011-06-28,10583,10800,10800,10700,10800,22751
2011-06-29,10534,10750,10850,10700,10850,24630
2011-06-30,10583,10800,10850,10750,10800,18560
2011-07-01,10828,11050,11250,10800,11000,50020
2011-07-04,11367,11600,11750,11300,11400,20310
2011-07-05,11661,11900,11900,11350,11600,31900
2011-07-06,11857,12100,12100,11750,11900,11750
2011-07-07,11857,12100,12150,11650,12050,8970
2011-07-08,12641,12900,13000,11800,11850,14050
2011-07-11,12151,12400,13000,11500,13000,5880
2011-07-12,11710,11950,12100,11800,12100,23547
2011-07-13,12298,12550,12600,11850,11900,5684
2011-07-14,12396,12650,12700,12000,12500,5493
2011-07-15,12151,12400,12650,12350,12600,3564
2011-07-18,12102,12350,12600,12100,12600,4527
2011-07-19,12249,12500,12650,12300,12650,6809
2011-07-20,12249,12500,12600,12400,12500,10040
2011-07-21,12347,12600,12600,12450,12500,14460
2011-07-22,12347,12600,13100,12350,12700,56030
2011-07-25,12494,12750,12900,12700,12900,24613
2011-07-26,12837,13100,13200,12750,12850,56748
2011-07-27,13425,13700,13800,13350,13350,30480
2011-07-28,13768,14050,14300,13700,13700,28570
2011-07-29,13915,14200,14400,13800,14400,26496
2011-08-01,13621,13900,14200,13900,14200,10270
2011-08-02,13033,13300,13850,13300,13850,9938
2011-08-03,12445,12700,13150,12600,13150,12180
2011-08-04,12298,12550,13000,12400,12900,17530
2011-08-05,11857,12100,12200,11400,11800,35330
2011-08-08,11171,11400,12600,10800,11500,24165
2011-08-09,10877,11100,11300,10050,10950,20360
2011-08-10,11122,11350,11650,11100,11300,16716
2011-08-11,11416,11650,11650,10600,10600,21820
2011-08-12,11563,11800,12000,11500,11900,21590
2011-08-16,12690,12950,12950,11500,11850,47030
2011-08-17,11367,11600,12750,11250,12750,178850
2011-08-18,10583,10800,11650,10800,11600,42771
2011-08-19,9358,9550,10300,9550,10300,114884
2011-08-22,9143,9330,9690,9250,9520,20958
2011-08-23,9437,9630,9700,9380,9380,11646
2011-08-24,9466,9660,9970,9620,9640,18260
2011-08-25,9593,9790,9900,9650,9870,8050
2011-08-26,9662,9860,9990,9650,9650,6280
2011-08-29,9290,9480,9980,9190,9980,89698
2011-08-30,9535,9730,9830,9410,9540,39572
2011-08-31,9799,10000,10100,9700,9730,43030
2011-09-01,9897,10100,10350,9960,10250,33860
2011-09-02,10093,10300,10300,9880,10000,16900
2011-09-05,9721,9920,10150,9860,10000,14730
2011-09-06,9535,9730,9940,9620,9860,13935
2011-09-07,9701,9900,9930,9650,9840,12521
2011-09-08,9780,9980,10200,9840,9900,20531
2011-09-09,9995,10200,10250,9900,9900,24300
2011-09-14,9603,9800,10300,9800,10100,21430
2011-09-15,9789,9990,10150,9900,10000,27826
2011-09-16,10044,10250,10250,10050,10100,19850
2011-09-19,10142,10350,10500,10200,10350,15030
2011-09-20,10338,10550,10650,10200,10450,8550
2011-09-21,10387,10600,10700,10400,10550,26032
2011-09-22,10338,10550,10550,10250,10500,11740
2011-09-23,10142,10350,10400,10050,10200,19180
2011-09-26,10289,10500,10900,9900,10350,41270
2011-09-27,10485,10700,10900,10550,10900,12220
2011-09-28,10534,10750,10950,10700,10700,15410
2011-09-29,11367,11600,11650,10400,10850,55890
2011-09-30,11416,11650,11800,11150,11600,16920
2011-10-04,11122,11350,11450,11050,11250,8650
2011-10-05,11367,11600,11650,11050,11050,22709
2011-10-06,11465,11700,11850,11450,11800,23600
2011-10-07,11661,11900,11950,11500,11650,18570
2011-10-10,11612,11850,11950,11500,11900,6201
2011-10-11,11563,11800,12000,11650,11650,9700
2011-10-12,11661,11900,11900,11600,11650,10350
2011-10-13,13131,13400,13600,11700,12000,48330
2011-10-14,12494,12750,13000,12400,13000,7060
2011-10-17,12347,12600,12750,12300,12500,15780
2011-10-18,12298,12550,12600,12200,12200,4930
2011-10-19,12249,12500,12650,12250,12300,10711
2011-10-20,12102,12350,12650,12000,12500,2560
2011-10-21,12102,12350,12350,11850,12100,8240
2011-10-24,11906,12150,12350,11850,12050,9980
2011-10-25,11612,11850,12150,11800,12150,10203
2011-10-26,11416,11650,11850,11550,11650,4680
2011-10-27,11563,11800,11850,11500,11600,11470
2011-10-28,11612,11850,11950,11600,11750,4870
2011-10-31,11612,11850,12100,11500,12100,5350
2011-11-01,11661,11900,12500,11400,11600,9874
2011-11-02,11955,12200,12200,11500,11500,5240
2011-11-03,11612,11850,12000,11700,12000,5580
2011-11-04,11563,11800,12000,11650,11750,4860
2011-11-07,11514,11750,11900,11600,11900,2660
2011-11-08,11416,11650,11700,11250,11500,4640
2011-11-09,11416,11650,11700,11500,11550,6040
2011-11-10,11318,11550,11650,11300,11500,650
2011-11-11,11367,11600,11650,11300,11650,6090
2011-11-14,11416,11650,11700,11500,11650,2690
2011-11-15,11661,11900,12100,11700,11800,15711
2011-11-16,11857,12100,12200,11850,11900,16220
2011-11-17,11955,12200,12200,11750,12200,12381
2011-11-18,11906,12150,12200,11800,12150,8350
2011-11-21,11857,12100,12150,11850,11950,5061
2011-11-22,11710,11950,12000,11750,11750,8480
2011-11-23,11416,11650,11850,11200,11650,5810
2011-11-24,10975,11200,11500,11200,11500,3158
2011-11-25,11367,11600,11700,11200,11600,5060
2011-11-28,11367,11600,11900,11300,11350,6385
2011-11-29,11269,11500,11850,11350,11850,2560
2011-11-30,11122,11350,11700,11200,11200,2390
2011-12-01,11318,11550,11600,11350,11350,8261
2011-12-02,12347,12600,12750,11350,11400,23720
2011-12-05,12053,12300,12600,12200,12600,991
2011-12-06,12004,12250,12550,11950,12350,13910
2011-12-07,12249,12500,12500,11850,12000,20250
2011-12-08,13327,13600,13800,12250,12250,96470
2011-12-09,13033,13300,13350,12800,12900,24430
2011-12-12,13376,13650,13650,13200,13300,6351
2011-12-13,12935,13200,13650,13200,13200,39600
2011-12-14,13131,13400,13800,13150,13500,10780
2011-12-15,13229,13500,13600,12800,13100,22520
2011-12-16,13180,13450,13600,12950,13450,10180
2011-12-19,12739,13000,13500,12650,13500,1221
2011-12-20,13327,13600,13600,12800,12800,8121
2011-12-21,12935,13200,13700,13200,13600,5260
2011-12-22,12886,13150,13350,13000,13300,1330
2011-12-23,13474,13750,13800,12900,13250,22770
2011-12-26,13082,13350,13800,13300,13800,4110
2011-12-27,12739,13000,13450,12750,13400,9900
2011-12-28,12828,13000,13000,12650,12950,2520
2011-12-29,12927,13100,13200,12850,13100,3570
2012-01-02,13815,14000,14000,13100,13100,10780
2012-01-03,13766,13950,14000,13550,13700,5234
2012-01-04,13815,14000,14100,13750,13950,5551
2012-01-05,13173,13350,13650,13350,13600,18450
2012-01-06,13519,13700,13800,13200,13350,28626
2012-01-09,13519,13700,13950,13300,13700,28162
2012-01-10,13963,14150,14500,13600,13600,53960
2012-01-11,14259,14450,14500,14000,14000,38160
2012-01-12,14111,14300,14550,14050,14450,37820
2012-01-13,13815,14000,14400,13800,14300,63400
2012-01-16,13223,13400,13900,13400,13650,10720
2012-01-17,13173,13350,13400,13200,13350,14712
2012-01-18,12828,13000,13350,13000,13200,13682
2012-01-19,12680,12850,13150,12800,12900,16240
2012-01-20,12532,12700,12800,12500,12800,20870
2012-01-25,12779,12950,13100,12700,12700,14771
2012-01-26,12828,13000,13100,12850,12850,53795
2012-01-27,13124,13300,13450,13000,13000,5788
2012-01-30,13272,13450,13650,13200,13300,7040
2012-01-31,13617,13800,13800,13400,13450,7970
2012-02-01,13568,13750,13950,13600,13950,17830
2012-02-02,13617,13800,13900,13600,13800,12920
2012-02-03,13519,13700,13900,13550,13700,14930
2012-02-06,13617,13800,13900,13550,13900,10480
2012-02-07,13519,13700,13900,13600,13650,5494
2012-02-08,13469,13650,13850,13300,13700,61890
2012-02-09,13371,13550,13700,13300,13500,11360
2012-02-10,13321,13500,13550,13300,13550,12570
2012-02-13,13075,13250,13450,13250,13450,7200
2012-02-14,13420,13600,13600,13250,13250,9920
2012-02-15,13321,13500,13750,13400,13400,7500
2012-02-16,13272,13450,13500,13300,13300,5570
2012-02-17,13371,13550,13700,13200,13350,8381
2012-02-20,13272,13450,13650,13300,13450,10290
2012-02-21,13173,13350,13500,13250,13450,7752
2012-02-22,13075,13250,13350,13150,13300,15079
2012-02-23,13075,13250,13300,13000,13300,14841
2012-02-24,13321,13500,13500,13200,13200,5680
2012-02-27,13420,13600,13600,13300,13400,10290
2012-02-28,13371,13550,13800,13400,13600,12890
2012-02-29,13371,13550,13700,13400,13700,5830
2012-03-02,13371,13550,13700,13350,13550,2390
2012-03-05,13124,13300,13550,13200,13250,13906
2012-03-06,13223,13400,13500,13300,13400,7606
2012-03-07,13371,13550,13650,13200,13400,6628
2012-03-08,13420,13600,13700,13400,13400,11241
2012-03-09,13667,13850,13850,13450,13600,15380
2012-03-12,14407,14600,14700,13600,14350,45411
2012-03-13,14308,14500,15100,14000,15000,63050
2012-03-14,14900,15100,15200,14150,14200,35360
2012-03-15,14654,14850,15200,14700,14750,34280
2012-03-16,14604,14800,15000,14400,14850,12920
2012-03-19,14555,14750,14950,14300,14650,16180
2012-03-20,14210,14400,14950,14300,14450,12361
2012-03-21,15394,15600,16400,14150,14200,13791
2012-03-22,15542,15750,15750,15000,15150,16004
2012-03-23,15196,15400,15700,15250,15700,12900
2012-03-26,15048,15250,15400,15000,15400,13420
2012-03-27,15048,15250,15300,14450,15250,35450
2012-03-28,15788,16000,16150,15100,15100,42360
2012-03-29,15788,16000,16100,15600,16000,4020
2012-03-30,15788,16000,16000,15600,15700,25680
2012-04-02,15788,16000,16200,15850,16200,34774
2012-04-03,15887,16100,16350,15700,15800,35370
2012-04-04,15887,16100,16250,15550,16000,8850
2012-04-05,15591,15800,16050,15550,15550,15850
2012-04-06,16627,16850,17000,15600,16100,81859
2012-04-09,16726,16950,17000,16500,16850,30880
2012-04-10,17022,17250,17350,16550,16550,7400
2012-04-12,16677,16900,17650,16900,17250,7810
2012-04-13,17121,17350,17800,16600,16600,34618
2012-04-16,16529,16750,17350,16750,17350,10302
2012-04-17,16529,16750,16950,16350,16700,10224
2012-04-18,16381,16600,16950,16600,16700,14190
2012-04-19,16430,16650,16900,16500,16500,1780
2012-04-20,16331,16550,17000,16550,16550,3180
2012-04-23,16726,16950,17000,16100,16550,22770
2012-04-24,16627,16850,16850,16050,16300,32610
2012-04-25,16627,16850,16900,16450,16900,4550
2012-04-26,16677,16900,16900,16550,16800,990
2012-04-27,16627,16850,16900,16500,16900,5660
2012-04-30,16381,16600,16900,16450,16900,4510
2012-05-02,16282,16500,16600,16050,16600,3050
2012-05-03,16183,16400,16800,16150,16800,6840
2012-05-04,15986,16200,16700,16200,16250,16471
2012-05-07,15295,15500,16200,15500,16150,5816
2012-05-08,15986,16200,16300,15500,15500,37870
2012-05-09,16430,16650,16650,16000,16000,3370
2012-05-10,16677,16900,16900,16350,16600,8240
2012-05-11,16627,16850,16950,16650,16950,1020
2012-05-14,16627,16850,16850,16500,16500,2320
2012-05-15,16479,16700,16850,15750,16700,2200
2012-05-16,16381,16600,16900,16400,16500,5410
2012-05-17,16578,16800,16900,16500,16500,7710
2012-05-18,16331,16550,16900,16300,16700,10420
2012-05-21,16430,16650,16750,16500,16750,790
2012-05-22,16381,16600,16800,16250,16250,1230
2012-05-23,16381,16600,16750,16350,16750,2130
2012-05-24,16282,16500,16600,16250,16350,7480
2012-05-25,15690,15900,18800,15800,16500,15850
2012-05-29,13716,13900,16000,13900,15900,17800
2012-05-30,14062,14250,14400,14000,14000,13600
2012-05-31,13716,13900,14450,13900,14200,6180
2012-06-01,15690,15900,15950,13900,14250,30160
2012-06-04,15690,15900,15900,14550,15150,9740
2012-06-05,16479,16700,16850,15750,15750,32300
2012-06-07,16775,17000,17100,16450,16700,18062
2012-06-08,16578,16800,17000,16650,16800,9240
2012-06-11,16775,17000,17000,16500,16600,11640
2012-06-12,17170,17400,17450,16750,16750,16920
2012-06-13,17367,17600,17650,17300,17500,28150
2012-06-14,17367,17600,17800,17250,17500,28660
2012-06-15,18305,18550,18650,17600,18350,107220
2012-06-18,18404,18650,18900,18000,18600,50600
2012-06-19,18354,18600,19500,18350,19500,61830
2012-06-20,18996,19250,19250,18300,18500,19381
2012-06-21,18601,18850,19350,18850,19300,11387
2012-06-22,18996,19250,19450,18350,18450,22830
2012-06-25,19292,19550,19700,19200,19300,1980
2012-06-26,19489,19750,19900,19550,19550,8340
2012-06-27,19538,19800,19900,19450,19850,8520
2012-06-28,19637,19900,20400,19600,19600,8510
2012-06-29,19785,20050,20300,19900,19900,1308
2012-07-02,19884,20150,20250,19850,19850,13356
2012-07-03,19884,20150,20250,19850,19900,11790
2012-07-04,19834,20100,20300,19950,20000,2460
2012-07-05,19637,19900,20250,19350,20250,111693
2012-07-06,20673,20950,21000,19950,20000,60240
2012-07-09,20920,21200,21400,20750,21000,5040
2012-07-10,20525,20800,21200,20150,20150,8500
2012-07-11,20476,20750,21700,20600,20800,5720
2012-07-12,20525,20800,21100,20600,20600,10540
2012-07-13,20920,21200,21200,20800,20800,8480
2012-07-16,21019,21300,21550,20900,20900,49460
2012-07-17,20920,21200,21700,21200,21200,16050
2012-07-18,20821,21100,21650,21100,21100,14330
2012-07-19,21117,21400,21800,21000,21000,8040
2012-07-20,21167,21450,21800,21200,21200,8640
2012-07-23,20821,21100,21350,20100,21200,8910
2012-07-24,20624,20900,21200,20650,20850,7590
2012-07-25,20426,20700,20750,20150,20650,5150
2012-07-26,20180,20450,20650,20100,20550,9470
2012-07-27,20723,21000,21200,20100,20100,30290
2012-07-30,20278,20550,20900,20550,20650,4826
2012-07-31,20624,20900,20900,17500,20500,12287
2012-08-01,20673,20950,21000,20400,20600,7670
2012-08-02,20426,20700,21000,20550,20750,5460
2012-08-03,20426,20700,20700,20150,20500,8179
2012-08-06,20278,20550,20900,20500,20500,5860
2012-08-07,20278,20550,20600,20050,20400,5980
2012-08-08,20426,20700,20700,20250,20400,12490
2012-08-09,20525,20800,20800,20400,20400,4540
2012-08-10,20377,20650,20700,20150,20600,3450
2012-08-13,20278,20550,20700,20400,20550,1535
2012-08-14,19933,20200,20400,20200,20350,3480
2012-08-16,19193,19450,20200,19400,20200,11570
2012-08-17,20130,20400,20400,18100,19600,86330
2012-08-20,17121,17350,20100,17350,20000,136888
2012-08-21,15344,15550,17600,15450,17250,337206
2012-08-22,15295,15500,15750,15250,15600,92868
2012-08-23,14999,15200,15600,15100,15200,105166
2012-08-24,14604,14800,15200,14650,15050,75377
2012-08-27,14654,14850,15050,14700,15050,25173
2012-08-28,14604,14800,14900,14650,14900,19293
2012-08-29,14555,14750,15150,14750,14800,22332
2012-08-30,14259,14450,14750,14400,14700,33220
2012-08-31,14308,14500,14700,14350,14350,13041
2012-09-03,14407,14600,14700,14300,14650,11015
2012-09-04,14654,14850,14950,14500,14700,24423
2012-09-05,14604,14800,14900,14600,14900,15480
2012-09-06,14703,14900,14900,14500,14750,18730
2012-09-07,14851,15050,15100,14700,14950,18210
2012-09-10,14752,14950,15050,14800,14950,8470
2012-09-11,14506,14700,14950,14500,14950,9960
2012-09-12,14456,14650,14750,14500,14700,6682
2012-09-13,14160,14350,14700,14350,14700,13206
2012-09-14,14407,14600,14700,14400,14500,12470
2012-09-17,14456,14650,14700,14500,14600,4970
2012-09-18,14456,14650,14850,14600,14750,11929
2012-09-19,14802,15000,15200,14600,14700,38905
2012-09-20,14654,14850,15100,14850,15100,16330
2012-09-21,14604,14800,14900,14650,14850,17691
2012-09-24,14802,15000,15000,14600,14700,22020
2012-09-25,14604,14800,15000,14800,15000,7055
2012-09-26,14456,14650,14750,14600,14700,6810
2012-09-27,14358,14550,14650,14500,14600,6522
2012-09-28,13272,13450,14500,13400,14500,114574
2012-10-02,13371,13550,13850,13400,13450,198989
2012-10-04,13469,13650,13850,13550,13550,20561
2012-10-05,13766,13950,14050,13700,13850,19601
2012-10-08,13864,14050,14200,13900,14000,16234
2012-10-09,13864,14050,14100,13800,13950,5730
2012-10-10,13864,14050,14050,13800,14050,7670
2012-10-11,13914,14100,14100,13800,14100,8270
2012-10-12,13667,13850,14100,13700,14100,17790
2012-10-15,13420,13600,14050,13600,13950,13620
2012-10-16,13321,13500,13700,13500,13700,5910
2012-10-17,13272,13450,13650,13400,13550,17110
2012-10-18,13963,14150,14600,13500,13500,40872
2012-10-19,15196,15400,16050,14150,14150,214376
2012-10-22,16035,16250,16250,14850,15000,79735
2012-10-23,16282,16500,17000,15950,16300,76870
2012-10-24,17269,17500,17600,16150,16600,79480
2012-10-25,17515,17750,18950,17650,17950,130480
2012-10-26,16874,17100,18200,16850,17800,33740
2012-10-29,17071,17300,17700,16750,17000,36065
2012-10-30,16775,17000,17700,16650,17200,18410
2012-10-31,17022,17250,18500,16850,17000,33284
2012-11-01,14506,14700,17350,14700,16900,82362
2012-11-02,14802,15000,15300,14100,14700,49085
2012-11-05,14703,14900,15150,14700,14900,11970
2012-11-06,15246,15450,15650,14950,15100,19191
2012-11-07,15246,15450,15900,15300,15450,12370
2012-11-08,15640,15850,15850,15050,15300,9911
2012-11-09,15739,15950,16050,15500,15850,8870
2012-11-12,15048,15250,15700,15000,15600,5228
2012-11-13,14555,14750,15600,14750,15100,5087
2012-11-14,14604,14800,15050,14600,14750,3140
2012-11-15,14506,14700,14900,14300,14500,3980
2012-11-16,14950,15150,15350,14500,14500,2270
2012-11-19,14654,14850,15150,14800,14800,7150
2012-11-20,14999,15200,16000,14750,14750,2460
2012-11-21,14802,15000,15200,14600,14750,2040
2012-11-22,14752,14950,15250,14700,15250,4430
2012-11-23,14506,14700,14950,14600,14950,1200
2012-11-26,14259,14450,14900,14000,14450,4300
2012-11-27,13914,14100,14450,14100,14100,1751
2012-11-28,13420,13600,14150,13600,13950,6845
2012-11-29,13815,14000,14250,13850,13850,915
2012-11-30,13716,13900,14400,13850,13850,1233
2012-12-03,13617,13800,14450,13600,14450,2087
2012-12-04,13667,13850,14400,13850,13900,850
2012-12-05,13716,13900,14150,13800,14150,1470
2012-12-06,13617,13800,13900,13700,13700,480
2012-12-07,13568,13750,13950,13550,13900,1160
2012-12-10,13469,13650,13800,13450,13750,1560
2012-12-11,13420,13600,13600,13200,13550,20190
2012-12-12,13667,13850,13850,13500,13600,6820
2012-12-13,13766,13950,14100,13550,14100,11590
2012-12-14,13963,14150,14250,13850,13900,7380
2012-12-17,13716,13900,14100,13700,14000,8050
2012-12-18,13075,13250,13900,13000,13700,17420
2012-12-20,12384,12550,13300,12500,13250,39035
2012-12-21,12433,12600,12900,12450,12550,29520
2012-12-24,12483,12650,13150,12600,12800,54749
2012-12-26,12483,12650,13050,12500,12650,19021
2012-12-27,12542,12650,12650,12500,12650,3565
2012-12-28,12592,12700,12700,12450,12450,4040
2013-01-02,12641,12750,12900,12600,12700,9645
2013-01-03,13038,13150,13150,12750,12800,15641
2013-01-04,12988,13100,13250,12950,13200,6930
2013-01-07,12840,12950,13100,12900,13100,5190
2013-01-08,12889,13000,13100,12900,13050,6920
2013-01-09,13236,13350,13650,13000,13100,19995
2013-01-10,13831,13950,14000,13400,13400,18845
2013-01-11,13980,14100,14300,13750,13850,11940
2013-01-14,14079,14200,14350,14000,14350,8780
2013-01-15,14178,14300,14500,14000,14500,4930
2013-01-16,13831,13950,14350,13800,14200,9380
2013-01-17,13881,14000,14000,13850,13900,1460
2013-01-18,13881,14000,14000,13650,14000,1500
2013-01-21,13881,14000,14000,13700,13800,2740
2013-01-22,14277,14400,14400,13700,13800,6040
2013-01-23,14277,14400,14500,13800,14400,6650
2013-01-24,14327,14450,14450,14000,14400,4530
2013-01-25,14327,14450,14450,14050,14300,2833
2013-01-28,13633,13750,14300,13750,14200,9140
2013-01-29,13484,13600,13850,13350,13750,10320
2013-01-30,13484,13600,13600,13350,13600,7380
2013-01-31,13583,13700,13700,13450,13550,3700
2013-02-01,13583,13700,13700,13400,13700,5075
2013-02-04,13682,13800,13900,13550,13700,7440
2013-02-05,13732,13850,13900,13500,13800,8301
2013-02-06,14327,14450,14550,13700,13750,9181
2013-02-07,13831,13950,14450,13950,14450,4165
2013-02-08,14029,14150,14250,13800,13850,6820
2013-02-12,14129,14250,14250,13900,14150,1463
2013-02-13,13831,13950,14700,13950,14050,14850
2013-02-14,13831,13950,14000,13800,13850,4965
2013-02-15,13881,14000,14050,13550,13750,10230
2013-02-18,13831,13950,14000,13700,13800,9130
2013-02-19,13583,13700,13900,13600,13900,13367
2013-02-20,13534,13650,13750,13600,13700,9480
2013-02-21,13732,13850,13850,13600,13750,8720
2013-02-22,13682,13800,13900,13750,13850,6060
2013-02-25,13633,13750,13900,13750,13900,5710
2013-02-26,13782,13900,13900,13700,13750,9060
2013-02-27,13782,13900,13900,13650,13800,30414
2013-02-28,13782,13900,14100,13850,14000,4500
2013-03-04,13881,14000,14000,13750,13900,12133
2013-03-05,13583,13700,14000,13700,14000,20337
2013-03-06,13682,13800,13850,13700,13850,32833
2013-03-07,13534,13650,13750,13650,13750,13220
2013-03-08,13583,13700,13750,13650,13650,6130
2013-03-11,13682,13800,13800,13600,13650,10710
2013-03-12,13782,13900,13900,13750,13800,7622
2013-03-13,14178,14300,14550,13750,13950,14100
2013-03-14,14277,14400,14500,14100,14300,14770
2013-03-15,14922,15050,15400,14300,14400,33213
2013-03-18,14674,14800,15050,14650,15050,9890
2013-03-19,15071,15200,15200,14600,14800,22950
2013-03-20,14723,14850,15300,14850,15050,16860
2013-03-21,14872,15000,15200,14800,15000,33851
2013-03-22,14872,15000,15050,14800,15000,5450
2013-03-25,14773,14900,15100,14800,15000,7700
2013-03-26,14971,15100,15100,14650,14750,12750
2013-03-27,14971,15100,15100,14850,14900,3820
2013-03-28,17202,17350,17350,15100,15100,95579
2013-03-29,16409,16550,17150,16400,17000,52553
2013-04-01,16012,16150,16600,15950,16600,15169
2013-04-02,16062,16200,16500,16000,16150,14429
2013-04-03,16161,16300,16300,16050,16100,18240
2013-04-04,16459,16600,16700,16000,16250,10220
2013-04-05,17004,17150,18100,16550,16550,29271
2013-04-08,17153,17300,17300,16550,17150,28597
2013-04-09,17004,17150,17450,16700,17000,18360
2013-04-10,17202,17350,17400,16850,17150,18401
2013-04-11,16954,17100,17550,17000,17350,7109
2013-04-12,17252,17400,17700,17100,17250,20800
2013-04-15,17252,17400,17550,17000,17550,8480
2013-04-16,17153,17300,17800,17200,17250,15251
2013-04-17,17202,17350,17600,17250,17450,12830
2013-04-18,17202,17350,17500,17050,17200,14290
2013-04-19,17252,17400,17400,16900,17350,9830
2013-04-22,17252,17400,17400,17200,17300,11740
2013-04-23,16954,17100,17400,17000,17400,3820
2013-04-24,17004,17150,17150,17050,17100,8820
2013-04-25,16607,16750,17150,16450,17000,18720
2013-04-26,16707,16850,16850,16550,16550,6170
2013-04-29,16558,16700,16850,16500,16850,4970
2013-04-30,16558,16700,17000,16600,16600,3710
2013-05-02,16508,16650,16750,16150,16700,3680
2013-05-03,16409,16550,16650,16200,16400,13141
2013-05-06,16062,16200,16500,16150,16500,8500
2013-05-07,15963,16100,16400,15850,16150,16800
2013-05-08,16012,16150,16500,16000,16500,10095
2013-05-09,16062,16200,16200,15950,16000,3862
2013-05-10,16260,16400,17100,15900,16200,5470
2013-05-13,16260,16400,16400,16250,16350,1973
2013-05-14,15715,15850,16250,15650,16250,7540
2013-05-15,15665,15800,15950,15650,15700,8700
2013-05-16,15566,15700,16300,15350,16300,26485
2013-05-20,14773,14900,15750,14900,15700,22441
2013-05-21,14476,14600,15000,14450,15000,10920
2013-05-22,14426,14550,15500,14200,14850,123161
2013-05-23,13980,14100,14950,14050,14600,51491
2013-05-24,13930,14050,14300,14050,14250,8311
2013-05-27,13980,14100,14350,13950,14050,16391
2013-05-28,13930,14050,14200,14000,14000,78234
2013-05-29,13633,13750,14250,13700,14200,79632
2013-05-30,13881,14000,14000,13800,13900,4504
2013-05-31,13881,14000,14050,13550,14000,11975
2013-06-03,13831,13950,14000,13800,14000,4141
2013-06-04,13782,13900,14000,13650,14000,44010
2013-06-05,14277,14400,14700,13300,13800,46480
2013-06-07,13881,14000,14400,13750,14400,12851
2013-06-10,13831,13950,13950,13700,13700,3730
2013-06-11,13385,13500,13850,13500,13700,7859
2013-06-12,13682,13800,13800,13400,13500,14781
2013-06-13,13682,13800,13900,13450,13600,4500
2013-06-14,13435,13550,13800,13500,13800,4850
2013-06-17,13484,13600,13800,13300,13800,2820
2013-06-18,13385,13500,13550,13250,13550,5490
2013-06-19,13385,13500,13550,13300,13550,960
2013-06-20,13236,13350,13500,13200,13500,4231
2013-06-21,13335,13450,13600,13200,13250,25020
2013-06-24,13286,13400,13450,13100,13450,4570
2013-06-25,13087,13200,13200,12700,13200,6410
2013-06-26,13534,13650,13650,13000,13200,38590
2013-06-27,13534,13650,13800,13500,13650,47950
2013-06-28,13335,13450,13800,13150,13650,6750
2013-07-01,13633,13750,13750,13300,13350,4400
2013-07-02,13682,13800,13900,13550,13750,4060
2013-07-03,13633,13750,13850,13600,13800,2583
2013-07-04,13286,13400,13800,13100,13800,9590
2013-07-05,13335,13450,13550,13250,13400,7140
2013-07-08,13286,13400,13450,13200,13450,9040
2013-07-09,13385,13500,13650,13300,13450,5510
2013-07-10,13335,13450,13500,13350,13400,1190
2013-07-11,13435,13550,13550,13350,13450,9190
2013-07-12,13435,13550,13600,13400,13550,8300
2013-07-15,13435,13550,13600,13450,13600,2550
2013-07-16,13484,13600,13600,13500,13500,9280
2013-07-17,13534,13650,13650,13550,13600,8520
2013-07-18,13682,13800,13900,13700,13700,11220
2013-07-19,13732,13850,13850,13650,13650,28060
2013-07-22,13732,13850,14000,13750,13950,15400
2013-07-23,13782,13900,13900,13700,13850,10470
2013-07-24,13782,13900,13950,13800,13950,1930
2013-07-25,13782,13900,13900,13750,13900,7550
2013-07-26,13782,13900,13900,13750,13900,13100
2013-07-29,13732,13850,13900,13750,13900,6905
2013-07-30,13633,13750,13900,13700,13900,5800
2013-07-31,13435,13550,13850,13450,13750,17880
2013-08-01,13682,13800,13800,13550,13550,2840
2013-08-02,13782,13900,13900,13750,13900,2840
2013-08-05,13782,13900,13900,13800,13800,9150
2013-08-06,13682,13800,13900,13750,13800,5950
2013-08-07,13682,13800,13850,13600,13800,3030
2013-08-08,13682,13800,13850,13550,13700,9611
2013-08-09,13732,13850,13850,13600,13750,2040
2013-08-12,13682,13800,13800,13700,13800,2650
2013-08-13,13682,13800,13850,13700,13800,3794
2013-08-14,13782,13900,13900,13800,13850,17750
2013-08-16,13732,13850,13900,13700,13900,3022
2013-08-19,13732,13850,13900,13750,13750,6741
2013-08-20,13682,13800,13850,13700,13750,5350
2013-08-21,13633,13750,13800,13600,13700,2360
2013-08-22,13583,13700,13750,13550,13600,5510
2013-08-23,13633,13750,13750,13600,13600,2320
2013-08-26,13633,13750,13800,13600,13600,380
2013-08-27,13583,13700,13750,13600,13600,550
2013-08-28,13335,13450,13600,13000,13600,11300
2013-08-29,13236,13350,13500,13350,13450,5420
2013-08-30,13633,13750,13750,13400,13450,2580
2013-09-02,13682,13800,13800,13500,13700,2730
2013-09-03,13633,13750,13800,13600,13800,1640
2013-09-04,13583,13700,13750,13600,13600,16968
2013-09-05,13583,13700,13700,13350,13700,18320
2013-09-06,13385,13500,13650,13350,13650,7611
2013-09-09,13385,13500,13550,13300,13550,3070
2013-09-10,13335,13450,13500,13350,13500,15617
2013-09-11,13187,13300,13400,13200,13400,14182
2013-09-12,13236,13350,13500,13200,13300,12551
2013-09-13,13335,13450,13450,13250,13300,8011
2013-09-16,13286,13400,13450,13300,13450,5022
2013-09-17,13335,13450,13450,13250,13350,8532
2013-09-23,13187,13300,13450,13200,13450,6195
2013-09-24,13087,13200,13300,13100,13250,11739
2013-09-25,12889,13000,13250,12800,13250,10285
2013-09-26,12939,13050,13050,12900,13000,19230
2013-09-27,13087,13200,13600,12900,13000,31440
2013-09-30,13187,13300,13300,13000,13200,5550
2013-10-01,13236,13350,13350,13000,13250,10560
2013-10-02,13286,13400,13600,13200,13350,24730
2013-10-04,13286,13400,13400,13250,13400,3190
2013-10-07,13286,13400,13600,13300,13450,8670
2013-10-08,13335,13450,13750,13200,13200,7210
2013-10-10,13137,13250,13650,13250,13450,1610
2013-10-11,13187,13300,13500,13150,13250,11110
2013-10-14,13385,13500,13550,13250,13400,15710
2013-10-15,12988,13100,13700,13100,13500,52371
2013-10-16,13187,13300,13450,13100,13200,3370
2013-10-17,13137,13250,13400,13100,13400,7210
2013-10-18,13137,13250,13350,13100,13350,20480
2013-10-21,13137,13250,13250,13100,13250,9090
2013-10-22,12889,13000,13250,13000,13250,19100
2013-10-23,12889,13000,13150,12950,13000,8940
2013-10-24,12988,13100,13100,12950,12950,11090
2013-10-25,12641,12750,13050,12750,13050,21800
2013-10-28,12691,12800,12900,12700,12800,10531
2013-10-29,12790,12900,12900,12750,12800,5350
2013-10-30,12790,12900,12900,12800,12800,2422
2013-10-31,12790,12900,12900,12800,12900,4732
2013-11-01,12790,12900,12900,12800,12900,6340
2013-11-04,12790,12900,12900,12850,12900,1327
2013-11-05,12740,12850,12900,12750,12800,1972
2013-11-06,12641,12750,12800,12750,12800,902
2013-11-07,12542,12650,12750,12500,12750,3859
2013-11-08,12641,12750,12900,12300,12850,8070
2013-11-11,12493,12600,12750,12500,12750,3030
2013-11-12,12443,12550,12600,12550,12600,4480
2013-11-13,12740,12850,12850,12400,12400,4501
2013-11-14,12790,12900,12900,12700,12700,1520
2013-11-15,12840,12950,12950,12700,12800,3040
2013-11-18,12939,13050,13300,12800,12900,8530
2013-11-19,12790,12900,13000,12800,12900,5300
2013-11-20,12889,13000,13000,12750,12950,5730
2013-11-21,12641,12750,12900,12750,12800,5560
2013-11-22,12592,12700,12900,12700,12750,4810
2013-11-25,12641,12750,12750,12550,12700,4690
2013-11-26,12740,12850,12900,12650,12750,5410
2013-11-27,12840,12950,13000,12700,12700,3520
2013-11-28,12889,13000,13050,12900,12950,6970
2013-11-29,12889,13000,13000,12850,13000,5380
2013-12-02,12840,12950,13000,12850,13000,7740
2013-12-03,12889,13000,13000,12750,12800,7880
2013-12-04,12790,12900,13000,12800,13000,3000
2013-12-05,12889,13000,13000,12850,13000,1570
2013-12-06,12840,12950,13000,12900,12900,5380
2013-12-09,12790,12900,13000,12850,12850,5050
2013-12-10,12790,12900,13000,12900,12950,3641
2013-12-11,12840,12950,13000,12850,12850,2520
2013-12-12,12889,13000,13000,12950,12950,1580
2013-12-13,13038,13150,13150,12900,12900,2520
2013-12-16,13038,13150,13150,13050,13150,1870
2013-12-17,12988,13100,13200,13000,13050,1340
2013-12-18,12988,13100,13150,13050,13150,3450
2013-12-19,13137,13250,13250,13100,13100,1842
2013-12-20,13087,13200,13300,13150,13250,3160
2013-12-23,12939,13050,13200,13050,13200,4940
2013-12-24,12840,12950,13050,12900,13000,10660
2013-12-26,12840,12950,12950,12900,12950,2710
2013-12-27,12879,12950,13000,12950,12950,1980
2013-12-30,12979,13050,13050,12900,12950,1020
2014-01-02,13029,13100,13150,12950,13050,1900
2014-01-03,13078,13150,13200,13050,13050,560
2014-01-06,13178,13250,13300,13100,13250,3750
2014-01-07,13675,13750,14050,13250,13250,20501
2014-01-08,13725,13800,14250,13700,14250,3923
2014-01-09,14073,14150,14200,13800,13800,17206
2014-01-10,14371,14450,14450,14000,14050,20240
2014-01-13,13924,14000,14450,14000,14450,11401
2014-01-14,14023,14100,14200,14000,14050,6320
2014-01-15,14023,14100,14250,14050,14100,1868
2014-01-16,14023,14100,14200,14100,14100,2050
2014-01-17,14023,14100,14400,14100,14400,12040
2014-01-20,14073,14150,14200,14050,14150,6800
2014-01-21,14073,14150,14200,14100,14150,2840
2014-01-22,14073,14150,14200,14100,14100,4592
2014-01-23,14073,14150,14350,14000,14000,6940
2014-01-24,14123,14200,14200,14000,14150,5270
2014-01-27,14123,14200,14200,13700,14000,34420
2014-01-28,14123,14200,14300,14200,14200,5561
2014-01-29,14620,14700,14700,14250,14400,19062
2014-02-03,14968,15050,15200,14500,14700,32935
2014-02-04,15117,15200,15200,14900,14950,8378
2014-02-05,15416,15500,15550,15050,15100,16011
2014-02-06,15465,15550,15600,15450,15500,35740
2014-02-07,15664,15750,15750,15400,15600,14310
2014-02-10,15664,15750,15900,15550,15800,12605
2014-02-11,15764,15850,15850,15650,15750,25810
2014-02-12,15813,15900,15950,15800,15850,12240
2014-02-13,15863,15950,15950,15800,15800,9760
2014-02-14,16211,16300,17650,15950,15950,42620
2014-02-17,16410,16500,16500,16300,16500,17950
2014-02-18,16758,16850,17000,16500,16500,29620
2014-02-19,16659,16750,16900,16300,16900,28060
2014-02-20,16709,16800,16950,16550,16650,3791
2014-02-21,16709,16800,16900,16650,16900,5461
2014-02-24,16709,16800,16800,16500,16550,21950
2014-02-25,16709,16800,16900,16650,16900,3520
2014-02-26,16709,16800,16800,16600,16700,30410
2014-02-27,16709,16800,16800,16600,16800,21010
2014-02-28,16709,16800,16800,16650,16700,7001
2014-03-03,16709,16800,16850,16700,16800,11480
2014-03-04,16709,16800,16850,16750,16800,6510
2014-03-05,17106,17200,17200,16800,16800,3270
2014-03-06,17156,17250,17350,17100,17200,61740
2014-03-07,17156,17250,17250,17100,17250,3300
2014-03-10,16907,17000,17200,17000,17200,2390
2014-03-11,17106,17200,17200,16450,16900,54240
2014-03-12,17106,17200,17200,16700,17100,8800
2014-03-13,17106,17200,17250,16800,17100,64350
2014-03-14,17057,17150,17150,16850,17000,42854
2014-03-17,17156,17250,17250,17000,17000,53562
2014-03-18,17156,17250,17250,17150,17200,4160
2014-03-19,17156,17250,17250,17200,17200,8392
2014-03-20,17156,17250,17250,17200,17200,16060
2014-03-21,17156,17250,17250,17100,17200,15290
2014-03-24,17156,17250,17250,17200,17250,8686
2014-03-25,17305,17400,17450,17200,17250,58180
2014-03-26,17206,17300,17400,16950,17350,144710
2014-03-27,17106,17200,17300,17150,17200,48840
2014-03-28,17902,18000,18000,17000,17150,155879
2014-03-31,16808,16900,17700,16900,17700,45402
2014-04-01,16858,16950,17000,16800,17000,13160
2014-04-02,16858,16950,17000,16800,17000,3610
2014-04-03,16460,16550,16950,16150,16850,55470
2014-04-04,16808,16900,16900,16300,16450,17660
2014-04-07,16609,16700,17000,16600,16900,13820
2014-04-08,16758,16850,16850,16500,16600,5460
2014-04-09,16709,16800,16850,16600,16750,3740
2014-04-10,16758,16850,16950,16650,16800,9910
2014-04-11,17007,17100,17200,16350,16750,72440
2014-04-14,17703,17800,17800,17000,17000,170610
2014-04-15,17604,17700,17850,17550,17800,11070
2014-04-16,18001,18100,18700,17600,17600,50490
2014-04-17,18051,18150,18450,17900,17900,37170
2014-04-18,18001,18100,18100,17850,18000,58120
2014-04-21,18001,18100,18100,17550,17950,65850
2014-04-22,18001,18100,18150,17900,18100,19640
2014-04-23,17952,18050,18150,17800,17900,29020
2014-04-24,17703,17800,18050,17700,17800,16440
2014-04-25,18300,18400,18600,17800,17800,75080
2014-04-28,18847,18950,19250,18400,18500,22730
2014-04-29,18499,18600,19500,18450,19250,47100
2014-04-30,18648,18750,18800,18400,18400,7710
2014-05-02,18847,18950,19000,18700,18750,9620
2014-05-07,18847,18950,19100,18750,18950,5030
2014-05-08,18847,18950,19200,18800,19100,9730
2014-05-09,18996,19100,19100,18850,18850,16390
2014-05-12,18996,19100,19200,18650,18950,30693
2014-05-13,19195,19300,19700,19000,19000,25830
2014-05-14,19394,19500,19500,19200,19300,15367
2014-05-15,19245,19350,19500,19000,19500,33030
2014-05-16,19643,19750,19900,19250,19250,12850
2014-05-19,19593,19700,19700,19450,19550,53150
2014-05-20,19444,19550,19650,19400,19550,58700
2014-05-21,20140,20250,20300,19400,19400,30870
2014-05-22,21284,21400,22200,20250,20250,39710
2014-05-23,21681,21800,21850,21000,21800,58740
2014-05-26,21632,21750,21900,21400,21900,90383
2014-05-27,21980,22100,22100,21400,21750,114560
2014-05-28,22278,22400,22450,21550,21650,93070
2014-05-29,23472,23600,23750,22250,22450,45653
2014-05-30,24019,24150,24400,23650,23800,64243
2014-06-02,24068,24200,24300,23900,24150,45570
2014-06-03,24267,24400,24450,24050,24400,15266
2014-06-05,24317,24450,24600,24200,24400,49442
2014-06-09,24814,24950,25150,24450,24450,29344
2014-06-10,25013,25150,25150,24750,24750,35601
2014-06-11,25013,25150,25150,24900,25100,29651
2014-06-12,25113,25250,25400,24900,25150,57847
2014-06-13,25212,25350,25400,25000,25300,21991
2014-06-16,25560,25700,25900,25350,25350,25016
2014-06-17,25560,25700,26000,25700,25800,39751
2014-06-18,25560,25700,25850,25550,25700,21854
2014-06-19,25560,25700,25800,25500,25700,15954
2014-06-20,25560,25700,25800,25450,25800,63021
2014-06-23,25660,25800,25900,25300,25900,15783
2014-06-24,25759,25900,25900,25550,25600,5582
2014-06-25,26008,26150,26450,25550,25600,73211
2014-06-26,26008,26150,26300,25950,26000,15866
2014-06-27,26555,26700,26750,26000,26050,12472
2014-06-30,26356,26500,26750,25600,26250,65783
2014-07-01,26306,26450,26550,26200,26300,70550
2014-07-02,26605,26750,26750,26200,26300,34336
2014-07-03,26505,26650,28900,26500,26500,22341
2014-07-04,26306,26450,26800,26350,26700,14127
2014-07-07,26306,26450,26700,25950,26400,30300
2014-07-08,26704,26850,26900,25700,26200,153341
2014-07-09,27201,27350,27450,26650,26850,13862
2014-07-10,28246,28400,28450,27150,27150,27805
2014-07-11,29688,29850,30650,28500,28500,58815
2014-07-14,29688,29850,30400,29300,29850,53156
2014-07-15,29787,29950,30150,29400,29850,31594
2014-07-16,29539,29700,29950,29500,29950,26037
2014-07-17,28793,28950,29850,28900,29500,35609
2014-07-18,29290,29450,29800,28800,28950,8231
2014-07-21,28892,29050,29700,28800,29300,15999
2014-07-22,28196,28350,28800,27600,28800,36487
2014-07-23,27152,27300,28600,27000,28000,30905
2014-07-24,26008,26150,27650,25400,27350,78635
2014-07-25,27251,27400,27400,26150,26500,20235
2014-07-28,27798,27950,28500,26300,27400,34448
2014-07-29,27947,28100,28100,27200,27350,21965
2014-07-30,28445,28600,28650,27700,28150,18417
2014-07-31,28793,28950,28950,28000,28150,14307
2014-08-01,29141,29300,29350,28000,28400,31770
2014-08-04,29091,29250,29700,28800,29700,5657
2014-08-05,28992,29150,29150,28650,28700,13057
2014-08-06,28892,29050,29300,28550,28550,10329
2014-08-07,28892,29050,29500,28650,29500,6217
2014-08-08,28842,29000,29200,28650,28650,21867
2014-08-11,28942,29100,29250,28650,29250,43249
2014-08-12,29091,29250,29300,28700,29100,42044
2014-08-13,29837,30000,33600,28650,29000,127774
2014-08-14,30185,30350,30750,30000,30000,61889
2014-08-18,30583,30750,31100,30350,30350,23760
2014-08-19,30583,30750,30800,30250,30500,12009
2014-08-20,30583,30750,30950,30450,30950,8899
2014-08-21,30533,30700,30900,30350,30750,15834
2014-08-22,28395,28550,30800,28550,30800,38624
2014-08-25,29787,29950,30250,28400,29000,50261
2014-08-26,29837,30000,30300,29550,30000,33534
2014-08-27,29588,29750,30000,29400,30000,7881
2014-08-28,29439,29600,29750,29050,29450,11795
2014-08-29,29340,29500,30000,29000,29600,18128
2014-09-01,27599,27750,29600,27750,29200,19889
2014-09-02,23472,23600,27400,23600,27400,288775
2014-09-03,19991,20100,23350,20100,23350,349390
2014-09-04,19593,19700,20300,18600,19700,766842
2014-09-05,18996,19100,20200,18950,19700,245550
2014-09-11,19096,19200,19650,19000,19100,105954
2014-09-12,17156,17250,19350,17000,19350,393371
2014-09-15,17106,17200,17700,17000,17400,152446
2014-09-16,17454,17550,18150,17150,17300,237647
2014-09-17,18250,18350,18900,17650,17800,223062
2014-09-18,18101,18200,18850,18100,18200,93770
2014-09-19,18996,19100,19500,18200,18200,136323
2014-09-22,19593,19700,20000,19000,19250,178921
2014-09-23,19493,19600,19800,19400,19750,78732
2014-09-24,19841,19950,20250,19450,19550,68819
2014-09-25,19792,19900,20250,19650,20000,56701
2014-09-26,19792,19900,20150,19500,19700,67187
2014-09-29,19792,19900,20000,19750,19750,58260
2014-09-30,20637,20750,21000,19800,19850,57029
2014-10-01,20836,20950,21350,20750,21350,62143
2014-10-02,21035,21150,21700,20550,20900,29611
2014-10-06,20936,21050,21400,20650,21150,31162
2014-10-07,20985,21100,21150,20900,21000,27463
2014-10-08,21134,21250,21300,20950,21100,19461
2014-10-10,21035,21150,21350,20750,21250,16978
2014-10-13,20985,21100,21250,20250,21000,58870
2014-10-14,21035,21150,21150,20350,20350,28764
2014-10-15,21383,21500,21500,20750,20750,23080
2014-10-16,21781,21900,21900,21050,21600,31065
2014-10-17,21980,22100,22450,21500,22200,41409
2014-10-20,21980,22100,22200,21700,22100,19923
2014-10-21,22228,22350,22350,21900,21900,27892
2014-10-22,22726,22850,23550,22250,22500,38949
2014-10-23,23372,23500,23550,22650,22650,72461
2014-10-24,23472,23600,24250,23550,23750,29503
2014-10-27,23173,23300,24000,22600,23600,22035
2014-10-28,23671,23800,23950,22800,22800,61631
2014-10-29,23621,23750,23950,23450,23600,27918
2014-10-30,23571,23700,23850,23150,23600,10328
2014-10-31,23820,23950,23950,23200,23550,47525
2014-11-03,23422,23550,23950,23200,23800,28876
2014-11-04,22825,22950,23550,22200,23250,17856
2014-11-05,21880,22000,23000,21700,23000,43396
2014-11-06,20190,20300,22400,19150,22350,45012
2014-11-07,20438,20550,20600,18950,20300,60621
2014-11-10,20438,20550,21150,20300,21150,13466
2014-11-11,20786,20900,21000,20350,20550,6314
2014-11-12,21134,21250,21250,20700,20950,9754
2014-11-13,23223,23350,23400,21200,21300,47727
2014-11-14,22527,22650,23800,22650,23100,15500
2014-11-17,22527,22650,22800,22050,22350,16196
2014-11-18,22626,22750,23000,22500,22650,18798
2014-11-19,22825,22950,23200,22750,22750,16579
2014-11-20,23223,23350,24700,23000,23000,39193
2014-11-21,22875,23000,23750,22600,23350,15036
2014-11-24,22676,22800,23050,22000,22700,30236
2014-11-25,22278,22400,22800,22000,22250,30430
2014-11-26,22328,22450,23000,22150,22200,8996
2014-11-27,22378,22500,22600,22200,22200,7618
2014-11-28,22278,22400,22650,22150,22250,17013
2014-12-01,21333,21450,22450,21450,22400,11684
2014-12-02,22030,22150,22200,21150,21150,11237
2014-12-03,22129,22250,22300,21900,22200,4622
2014-12-04,22179,22300,22950,21700,22200,8545
2014-12-05,21980,22100,22650,21400,22000,23899
2014-12-08,21085,21200,21950,20950,21700,19755
2014-12-09,20538,20650,21250,20450,21150,16107
2014-12-10,19841,19950,20700,19800,20400,15808
2014-12-11,19891,20000,20050,19100,19350,24298
2014-12-12,19692,19800,20100,19350,19850,13730
2014-12-15,19941,20050,20200,19700,19700,6481
2014-12-16,20786,20900,21200,19950,19950,17560
2014-12-17,20886,21000,21600,20600,20750,10577
2014-12-18,20836,20950,21300,20300,20750,6671
2014-12-19,21134,21250,21300,20750,20750,12235
2014-12-22,21632,21750,21800,21100,21100,42975
2014-12-23,21831,21950,22000,21600,21600,13790
2014-12-24,21632,21750,22000,21750,21800,24181
2014-12-26,21731,21850,21950,21600,21750,15129
2014-12-29,21791,21850,21950,21300,21600,3475
2014-12-30,21592,21650,21950,21400,21700,4251
2015-01-02,21741,21800,21900,21400,21650,2100
2015-01-05,21641,21700,21950,21400,21650,5357
2015-01-06,21342,21400,21800,21050,21550,12010
2015-01-07,21641,21700,21850,20450,21300,10036
2015-01-08,21641,21700,21850,21250,21700,4333
2015-01-09,21841,21900,21950,21050,21600,20221
2015-01-12,22539,22600,22800,21700,21850,62060
2015-01-13,22639,22700,22800,22350,22350,19683
2015-01-14,22589,22650,23000,22350,22850,6804
2015-01-15,22589,22650,23000,21950,22500,23164
2015-01-16,22489,22550,22850,22000,22450,3936
2015-01-19,22489,22550,22600,21750,22300,11016
2015-01-20,22639,22700,22800,22100,22300,6322
2015-01-21,22040,22100,22650,21800,22350,16073
2015-01-22,21691,21750,22600,21700,22050,4890
2015-01-23,21791,21850,21950,21000,21750,16773
2015-01-26,21841,21900,22100,21550,21550,1499
2015-01-27,21841,21900,22100,20800,21700,12702
2015-01-28,21592,21650,21900,21350,21600,4797
2015-01-29,21093,21150,21650,21000,21450,31875
2015-01-30,21193,21250,21400,20900,21400,5767
2015-02-02,20096,20150,21250,20050,21000,11706
2015-02-03,20046,20100,20350,19450,20200,22978
2015-02-04,20943,21000,21000,19600,19950,23077
2015-02-05,21492,21550,21600,20850,21300,11664
2015-02-06,21592,21650,21850,21400,21400,9711
2015-02-09,21492,21550,22000,20950,21600,3467
2015-02-10,21392,21450,21950,21100,21600,8958
2015-02-11,21542,21600,21750,20450,21500,20038
2015-02-12,20744,20800,21850,20800,21750,12776
2015-02-13,20744,20800,21100,20650,20800,6694
2015-02-16,21143,21200,21250,20600,20900,7292
2015-02-17,21442,21500,21500,20850,21050,8654
2015-02-23,21592,21650,21900,21300,21500,9265
2015-02-24,22190,22250,22350,21500,21650,35336
2015-02-25,22290,22350,22950,22000,22000,17829
2015-02-26,22290,22350,22650,22000,22350,18867
2015-02-27,24783,24850,24950,22500,22500,140395
2015-03-02,25631,25700,26150,24600,24850,108737
2015-03-03,25631,25700,26000,25400,25700,46961
2015-03-04,26778,26850,27550,26000,26100,99627
2015-03-05,26678,26750,27000,25900,26850,108361
2015-03-06,27476,27550,27650,25900,26750,130758
2015-03-09,28772,28850,28850,27350,27550,71894
2015-03-10,28722,28800,29500,28500,29500,49527
2015-03-11,28274,28350,29350,28350,28650,37033
2015-03-12,28174,28250,28600,27900,28350,31496
2015-03-13,28324,28400,28650,27900,28300,29599
2015-03-16,27974,28050,28700,27850,28400,21513
2015-03-17,27974,28050,28250,27000,28050,158314
2015-03-18,27974,28050,28350,27450,28350,29700
2015-03-19,27925,28000,28400,27750,28000,75570
2015-03-20,28972,29050,29500,27850,27950,51618
2015-03-23,28772,28850,29350,28750,28750,19534
2015-03-24,28573,28650,29000,28300,28850,25352
2015-03-25,27875,27950,28600,27900,28450,19406
2015-03-26,27526,27600,28100,27450,28100,27550
2015-03-27,27825,27900,28100,27550,27800,59933
2015-03-30,27825,27900,28100,27600,28000,54402
2015-03-31,27775,27850,28800,27550,27850,23599
2015-04-01,28573,28650,28750,27850,27850,38577
2015-04-02,28922,29000,29250,28500,28700,36048
2015-04-03,28922,29000,29200,28500,29200,47701
2015-04-06,28722,28800,29250,28650,29000,23142
2015-04-07,28822,28900,28950,28350,28600,43961
2015-04-08,29421,29500,29700,28350,28900,41097
2015-04-09,29421,29500,29950,29100,29500,32888
2015-04-10,29819,29900,30050,29150,29550,67036
2015-04-13,29371,29450,30100,29300,30100,41524
2015-04-14,29869,29950,30100,28700,29200,93691
2015-04-15,29919,30000,30200,29250,29750,35836
2015-04-16,29770,29850,30100,29600,30100,30377
2015-04-17,33759,33850,34150,29750,29850,168092
2015-04-20,33559,33650,33850,32550,33000,66943
2015-04-21,33709,33800,34850,33400,34050,66350
2015-04-22,33909,34000,34500,33200,33950,59734
2015-04-23,33909,34000,34500,31150,34000,86346
2015-04-24,33859,33950,34350,33550,34000,22700
2015-04-27,34008,34100,34450,33650,34450,40668
2015-04-28,34108,34200,34600,33700,34100,28540
2015-04-29,33859,33950,34200,33200,34200,23923
2015-04-30,33709,33800,34050,33300,33800,39483
2015-05-04,33759,33850,34100,33550,33800,14396
2015-05-06,33510,33600,34100,33250,33850,33263
2015-05-07,33410,33500,33600,32700,33200,19119
2015-05-08,33410,33500,33700,32750,33700,22129
2015-05-11,33310,33400,33600,33100,33500,15718
2015-05-12,33859,33950,34600,33400,33700,39287
2015-05-13,33559,33650,34300,33150,34300,45786
2015-05-14,33659,33750,34000,33300,33700,26272
2015-05-15,33360,33450,33750,33150,33750,46960
2015-05-18,33260,33350,33750,32950,33500,15474
2015-05-19,32911,33000,33400,32650,33300,22262
2015-05-20,33360,33450,33600,32500,33100,37038
2015-05-21,33360,33450,34850,33250,33550,89621
2015-05-22,33111,33200,34700,32800,33950,53925
2015-05-26,35704,35800,36500,33200,33200,153244
2015-05-27,35704,35800,36300,34950,35900,88622
2015-05-28,38097,38200,39850,36300,36300,170583
2015-05-29,38297,38400,39100,37550,38450,74043
2015-06-01,38546,38650,39050,37950,38500,44669
2015-06-02,38895,39000,39600,38000,38650,68108
2015-06-03,38795,38900,39350,37000,39000,50071
2015-06-04,38646,38750,39100,38200,38900,20365
2015-06-05,38297,38400,38900,37650,38650,31236
2015-06-08,40192,40300,41600,38900,41000,71207
2015-06-09,40391,40500,40900,39350,40900,60714
2015-06-10,40092,40200,40550,39900,40000,59938
2015-06-11,39494,39600,40200,39300,40150,34718
2015-06-12,39892,40000,40000,39300,39450,21050
2015-06-15,39743,39850,40400,39250,39900,20368
2015-06-16,39344,39450,39900,38100,39850,35768
2015-06-17,39892,40000,40000,38950,39400,14270
2015-06-18,39793,39900,40800,39500,39550,29516
2015-06-19,40192,40300,40500,39700,39900,22062
2015-06-22,40341,40450,40700,39700,40600,49571
2015-06-23,40441,40550,40950,40050,40050,20183
2015-06-24,40640,40750,42450,39850,40750,64641
2015-06-25,40940,41050,41200,40400,40800,34676
2015-06-26,40790,40900,41550,40800,41050,37209
2015-06-29,40790,40900,41200,39900,40700,31838
2015-06-30,41388,41500,41550,39500,40800,43159
2015-07-01,41688,41800,42000,40950,41750,33953
2015-07-02,41388,41500,41800,41050,41800,41129
2015-07-03,40491,40600,41500,40200,41150,41521
2015-07-06,39892,40000,41000,39600,40450,28721
2015-07-07,33909,34000,40300,34000,40000,93426
2015-07-08,33410,33500,33950,28600,33550,218541
2015-07-09,31465,31550,32600,30150,32600,73882
2015-07-10,31515,31600,32450,30700,31800,35827
2015-07-13,33260,33350,33500,31050,32300,40793
2015-07-14,35105,35200,36000,32800,33550,37975
2015-07-15,34956,35050,35900,34500,35100,21691
2015-07-16,34307,34400,35600,33400,34600,46592
2015-07-17,33659,33750,34400,32950,34400,56638
2015-07-20,31166,31250,33700,31250,33700,71249
2015-07-21,31615,31700,32250,31300,31900,32675
2015-07-22,30917,31000,32000,30700,32000,25023
2015-07-23,30518,30600,31300,30000,31300,36628
2015-07-24,28523,28600,31000,28250,30650,115488
2015-07-27,25681,25750,28600,25750,28600,76285
2015-07-28,26080,26150,27200,24900,25100,46639
2015-07-29,25980,26050,26950,25450,26900,87523
2015-07-30,24384,24450,26400,23750,25500,86265
2015-07-31,25431,25500,25750,23600,25000,40813
2015-08-03,23437,23500,24600,23050,24500,63239
2015-08-04,23137,23200,23600,22500,23100,65658
2015-08-05,23586,23650,23950,23050,23300,47399
2015-08-06,23686,23750,24150,23200,23650,51235
2015-08-07,24534,24600,24650,23250,23500,44943
2015-08-10,24334,24400,24600,23600,24600,46034
2015-08-11,22988,23050,24750,22800,24750,59576
2015-08-12,20544,20600,23000,19400,22950,96600
2015-08-13,21442,21500,21800,20400,20650,58717
2015-08-14,21442,21500,21500,21500,21500,0
2015-08-17,20495,20550,22000,20450,21550,45881
2015-08-18,20644,20700,20950,19850,20700,51478
2015-08-19,19198,19250,20700,19000,20700,57475
2015-08-20,19397,19450,20200,18700,18700,41021
2015-08-21,18500,18550,19250,18000,18000,68924
2015-08-24,18151,18200,19200,18100,18150,51573
2015-08-25,19248,19300,19300,18050,18200,79700
2015-08-26,20594,20650,21100,19450,19550,78233
2015-08-27,20195,20250,21250,20200,21050,73128
2015-08-28,20694,20750,21100,20450,20750,100589
2015-08-31,21941,22000,22050,20750,20800,107912
2015-09-01,23187,23250,25350,22200,22200,248567
2015-09-02,22838,22900,23200,22250,22600,72379
2015-09-03,22639,22700,23850,22300,23200,83716
2015-09-04,21841,21900,23200,21300,22700,79213
2015-09-07,20295,20350,22000,20100,22000,92100
2015-09-08,19248,19300,20700,19200,20350,93130
2015-09-09,21392,21450,21450,19600,19800,53631
2015-09-10,21043,21100,21400,20700,21100,41076
2015-09-11,21592,21650,22100,21100,21200,45973
2015-09-14,20744,20800,21650,20750,21650,33597
2015-09-15,21093,21150,21400,20500,21150,37092
2015-09-16,21492,21550,22000,21150,21300,35786
2015-09-17,20993,21050,21800,21050,21800,35735
2015-09-18,21442,21500,21700,21000,21300,67712
2015-09-21,20893,20950,21250,20700,21000,58788
2015-09-22,21143,21200,21400,20750,20950,37829
2015-09-23,21043,21100,21650,20900,20900,47191
2015-09-24,20943,21000,21600,20950,20950,45421
2015-09-25,20993,21050,21350,20400,21000,26258
2015-09-30,20345,20400,21350,20300,21000,62749
2015-10-01,20345,20400,20850,20350,20550,33085
2015-10-02,21342,21400,22400,20800,20900,66059
2015-10-05,21741,21800,22000,21400,21800,29213
2015-10-06,21941,22000,22750,21900,22000,36175
2015-10-07,21941,22000,22500,21500,22500,34121
2015-10-08,22639,22700,22750,21750,22500,36996
2015-10-12,22788,22850,23000,22450,22700,44531
2015-10-13,22938,23000,23000,22450,22800,40524
2015-10-14,22938,23000,23100,22650,22650,24100
2015-10-15,22439,22500,23000,22250,23000,35274
2015-10-16,22988,23050,23300,22400,22750,25016
2015-10-19,22838,22900,23350,22350,23350,22745
2015-10-20,23885,23950,24400,22500,22600,37740
2015-10-21,23536,23600,23900,23250,23850,27312
2015-10-22,23536,23600,23800,23200,23350,37104
2015-10-23,24434,24500,24650,23550,23700,43975
2015-10-26,24633,24700,25000,24050,25000,35845
2015-10-27,24234,24300,24700,24100,24300,35367
2015-10-28,24234,24300,24400,23400,24300,33863
2015-10-29,24234,24300,24500,23750,24100,23259
2015-10-30,24334,24400,24400,23750,24050,33779
2015-11-02,23736,23800,24450,23650,24400,27252
2015-11-03,24135,24200,24250,23600,23600,22622
2015-11-04,24234,24300,24450,23800,24450,26221
2015-11-05,25481,25550,25600,24000,24300,49224
2015-11-06,28074,28150,28150,26000,26200,112764
2015-11-09,29221,29300,30200,28150,30000,155658
2015-11-10,29869,29950,30000,25750,28200,73637
2015-11-11,29869,29950,30450,29200,29300,44541
2015-11-12,29919,30000,30150,29600,29600,13425
2015-11-13,29720,29800,30050,27600,30000,24101
2015-11-16,29670,29750,29750,28300,28800,26142
2015-11-17,29919,30000,30750,28700,29800,115548
2015-11-18,29969,30050,30450,29500,29750,23558
2015-11-19,29869,29950,31100,29750,30050,34895
2015-11-20,29819,29900,30450,29550,29950,29050
2015-11-23,28722,28800,29750,28400,29750,78075
2015-11-24,28922,29000,29100,28300,28800,55659
2015-11-25,28623,28700,29050,28300,28600,28838
2015-11-26,28922,29000,29450,28700,28750,30177
2015-11-27,28423,28500,29000,28000,28900,41799
2015-11-30,28722,28800,28800,28000,28500,30440
2015-12-01,28722,28800,29200,28700,28800,57596
2015-12-02,28772,28850,29000,28550,29000,26719
2015-12-03,28822,28900,29100,28350,28800,20363
2015-12-04,28722,28800,28900,28300,28400,17349
2015-12-07,28274,28350,28950,27750,28950,25774
2015-12-08,25930,26000,28050,25950,28000,49614
2015-12-09,26129,26200,26750,25900,26000,24394
2015-12-10,25531,25600,26200,25050,25900,28554
2015-12-11,27925,28000,28750,23600,25550,104245
2015-12-14,27875,27950,28100,26850,27900,30698
2015-12-15,28623,28700,33500,28000,30500,157718
2015-12-16,28673,28750,29150,28000,28700,63776
2015-12-17,29121,29200,29250,28450,28750,53507
2015-12-18,29470,29550,29600,28650,28700,55935
2015-12-21,31465,31550,31900,29550,29950,98889
2015-12-22,33559,33650,33800,31550,31550,98907
2015-12-23,33909,34000,34350,33300,33900,62108
2015-12-24,34108,34200,34550,33600,34000,49060
2015-12-28,34307,34400,34500,33700,34200,74214
2015-12-29,36765,36800,37000,34000,34000,82727
2015-12-30,38414,38450,38700,37000,37000,61724
2016-01-04,41411,41450,41500,38450,38450,171387
2016-01-05,41161,41200,41700,39150,41000,161975
2016-01-06,44958,45000,45400,40800,41300,160457
2016-01-07,45607,45650,47900,43000,45650,132995
2016-01-08,49753,49800,50000,43200,43200,168356
2016-01-11,55248,55300,57300,50300,51300,419664
2016-01-12,39662,39700,54600,39400,54000,972040
2016-01-13,38464,38500,41150,37500,40500,431112
2016-01-14,34467,34500,38300,34500,37800,554640
2016-01-15,34467,34500,36800,34500,35150,359225
2016-01-18,36166,36200,36200,34500,34500,193692
2016-01-19,38314,38350,38750,36600,36700,276360
2016-01-20,40462,40500,41900,38700,39200,354158
2016-01-21,39163,39200,42200,37700,41000,216732
2016-01-22,40062,40100,40100,37800,39250,130821
2016-01-25,40212,40250,40750,39400,40050,77944
2016-01-26,40412,40450,40850,39850,40200,80659
2016-01-27,39762,39800,40850,38500,40600,89132
2016-01-28,39912,39950,40100,38900,39150,50974
2016-01-29,38364,38400,40000,38150,39900,50396
2016-02-01,38514,38550,39000,37400,38400,105451
2016-02-02,38164,38200,39100,37750,38450,45531
2016-02-03,37115,37150,38400,36850,37850,43866
2016-02-04,38064,38100,39400,36650,37200,63887
2016-02-05,38314,38350,39350,37650,38300,41417
2016-02-11,36915,36950,38350,35900,38350,48681
2016-02-12,36266,36300,37150,33000,36500,85960
2016-02-15,36615,36650,36650,35150,36100,37913
2016-02-16,38464,38500,38900,36650,36900,52734
2016-02-17,38663,38700,39150,37450,38500,48881
2016-02-18,38913,38950,39100,38600,39000,38934
2016-02-19,39612,39650,39900,38100,38900,49299
2016-02-22,43559,43600,46500,39050,39650,223662
2016-02-23,43309,43350,45500,42000,44300,90990
2016-02-24,43759,43800,44600,42400,42800,72331
2016-02-25,43908,43950,44500,43150,43750,47809
2016-02-26,44058,44100,45800,43700,43950,71235
2016-02-29,44208,44250,44300,43100,44150,41886
2016-03-02,44158,44200,44900,43750,44250,47730
2016-03-03,44708,44750,45000,44000,44200,45764
2016-03-04,44858,44900,45100,44300,44750,40417
2016-03-07,45357,45400,45400,44550,44950,40214
2016-03-08,45757,45800,45800,44950,45550,31405
2016-03-09,46506,46550,50600,45600,46050,119769
2016-03-10,46606,46650,46750,46050,46700,28327
2016-03-11,46806,46850,47300,46350,46650,44000
2016-03-14,47355,47400,47400,46250,47000,36843
2016-03-15,47255,47300,47500,46850,47300,30554
2016-03-16,49953,50000,50000,47000,47200,74643
2016-03-17,50053,50100,52200,49600,50400,74942
2016-03-18,51851,51900,52000,49600,50100,61956
2016-03-21,51851,51900,52900,51200,52500,42582
2016-03-22,51851,51900,52300,51500,51900,40234
2016-03-23,52051,52100,52200,51100,51700,67493
2016-03-24,48704,48750,52000,47700,51700,102800
2016-03-25,51252,51300,51400,47500,47600,91407
2016-03-28,51152,51200,51800,50600,51500,36260
2016-03-29,52950,53000,53100,51200,51200,96238
2016-03-30,53250,53300,53800,52400,53600,30710
2016-03-31,53250,53300,53500,52700,53000,44221
2016-04-01,56047,56100,56200,53100,53300,95574
2016-04-04,56746,56800,57700,56100,56800,55232
2016-04-05,56846,56900,57100,55900,57100,36630
2016-04-06,58944,59000,59800,56500,56500,86599
2016-04-07,60643,60700,60700,58500,59100,68041
2016-04-08,60943,61000,62300,58800,60300,103048
2016-04-11,62141,62200,64600,60700,61600,79406
2016-04-12,63240,63300,63300,61700,62500,44621
2016-04-14,66138,66200,66400,63300,63300,106391
2016-04-15,70933,71000,71000,66400,66400,117498
2016-04-18,70733,70800,71300,65500,71000,157323
2016-04-19,70933,71000,71300,69900,70400,89568
2016-04-20,71233,71300,73100,70000,71000,108531
2016-04-21,71133,71200,71400,69700,71400,62552
2016-04-22,71832,71900,72000,70000,70600,77670
2016-04-25,73231,73300,74000,72000,72200,58830
2016-04-26,73631,73700,73800,72600,73700,56737
2016-04-27,73930,74000,74300,72900,73700,36722
2016-04-28,79825,79900,81300,73500,74000,105933
2016-04-29,83422,83500,83900,79000,80500,148525
2016-05-02,83322,83400,84100,82100,83500,114505
2016-05-03,86119,86200,87100,83300,83400,131592
2016-05-04,86519,86600,87300,82400,86000,237321
2016-05-09,86419,86500,87600,85500,86600,77588
2016-05-10,87018,87100,87100,86000,86500,102879
2016-05-11,87018,87100,87700,86500,86500,51238
2016-05-12,87018,87100,87700,86100,86500,105972
2016-05-13,95510,95600,95800,86400,87100,218311
2016-05-16,95410,95500,95900,90600,95000,155321
2016-05-17,99906,100000,104000,95000,95500,210627
2016-05-18,99906,100000,101500,98200,100000,103965
2016-05-19,99806,99900,101500,98900,101500,145121
2016-05-20,102903,103000,105000,98900,99900,130266
2016-05-23,106900,107000,107000,102000,103500,119064
2016-05-24,114393,114500,116500,107500,108000,182248
2016-05-25,117390,117500,119000,110000,116000,241692
2016-05-26,118888,119000,119500,115500,117500,137428
2016-05-27,124383,124500,126500,118500,118500,202650
2016-05-30,99407,99500,124000,87500,124000,1307964
2016-05-31,104402,104500,104500,90600,95000,446047
2016-06-01,109897,110000,111000,102500,104500,250044
2016-06-02,119888,120000,122000,110000,111500,329235
2016-06-03,119888,120000,125500,109000,121000,403833
2016-06-07,122885,123000,124000,117500,120000,194291
2016-06-08,125382,125500,126500,121000,123500,158254
2016-06-09,128380,128500,128500,116000,123000,415936
2016-06-10,134874,135000,137000,128000,129000,231290
2016-06-13,134374,134500,137500,131000,135500,133834
2016-06-14,136872,137000,137000,131500,134000,158017
2016-06-15,136872,137000,139000,133500,135500,118155
2016-06-16,126881,127000,137000,123500,136000,277661
2016-06-17,111895,112000,129500,110000,128000,284199
2016-06-20,111395,111500,115500,109500,110000,166376
2016-06-21,109897,110000,116500,106000,113000,167583
2016-06-22,100406,100500,111500,99700,111000,299893
2016-06-23,100406,100500,103000,95000,99500,265635
2016-06-24,94811,94900,103000,91600,103000,308163
2016-06-27,96210,96300,98800,91100,92000,198768
2016-06-28,101904,102000,103000,94600,95000,186537
2016-06-29,103403,103500,107000,100500,104000,185151
2016-06-30,99906,100000,104000,99000,103000,125259
2016-07-01,96709,96800,101500,96500,100000,144004
2016-07-04,96609,96700,97800,94200,96800,106384
2016-07-05,96709,96800,97500,95700,96700,67956
2016-07-06,91914,92000,97600,92000,96500,127892
2016-07-07,94311,94400,95400,91900,91900,94368
2016-07-08,92613,92700,95300,91300,95300,77346
2016-07-11,85919,86000,93800,85000,93700,237657
2016-07-12,86419,86500,87600,81800,86000,292238
2016-07-13,82722,82800,87700,82500,87600,138496
2016-07-14,75429,75500,83400,75500,82600,335345
2016-07-15,77627,77700,79100,74700,75800,277868
2016-07-18,75229,75300,77900,75100,77400,108512
2016-07-19,69435,69500,75900,68200,75000,305602
2016-07-20,72632,72700,73000,69300,70000,188622
2016-07-21,67337,67400,73000,66600,73000,257999
2016-07-22,68635,68700,70700,64700,67400,260005
2016-07-25,69235,69300,69900,67800,69000,101213
2016-07-26,70534,70600,72400,68300,68500,172281
2016-07-27,70534,70600,71100,69700,71000,105380
2016-07-28,71732,71800,72400,69700,70800,89928
2016-07-29,71433,71500,72300,71100,72300,61002
2016-08-01,66837,66900,71300,66200,71100,142376
2016-08-02,67337,67400,68300,64600,66100,114386
2016-08-03,70833,70900,72300,66900,67200,135283
2016-08-04,68236,68300,72000,67800,71500,121014
2016-08-05,68935,69000,69500,67100,68400,58659
2016-08-08,68236,68300,69100,67900,69000,44308
2016-08-09,68935,69000,70500,68000,69000,58106
2016-08-10,70833,70900,71400,68300,69000,100028
2016-08-11,72332,72400,73700,70200,71400,158957
2016-08-12,71633,71700,72700,70900,72500,81969
2016-08-16,73731,73800,74200,71400,71700,107505
2016-08-17,80225,80300,80400,73800,74400,388549
2016-08-18,82323,82400,84700,80500,81000,347793
2016-08-19,84021,84100,84400,80700,82500,137710
2016-08-22,85020,85100,85500,83600,85300,112374
2016-08-23,89116,89200,89400,84900,85000,201132
2016-08-24,89916,90000,90400,86000,90200,161612
2016-08-25,92113,92200,93200,89000,89000,128316
2016-08-26,93712,93800,93900,91800,92600,122146
2016-08-29,93612,93700,94300,92100,94300,148473
2016-08-30,94911,95000,96000,92800,93700,121311
2016-08-31,95211,95300,96600,93200,95500,150845
2016-09-01,95211,95300,96000,94400,95200,68512
2016-09-02,95510,95600,95900,94700,94700,80241
2016-09-05,95410,95500,95900,94400,95600,65651
2016-09-06,95410,95500,96700,95000,95000,81744
2016-09-07,94311,94400,95500,89400,95200,171555
2016-09-08,91314,91400,94500,90900,94300,137459
2016-09-09,82922,83000,90200,81000,90000,268370
2016-09-12,84221,84300,89400,80000,80000,148903
2016-09-13,87318,87400,87400,85000,87400,180605
2016-09-19,94511,94600,94600,87400,87400,141589
2016-09-20,94411,94500,96500,91800,94700,85152
2016-09-21,94811,94900,95000,93700,94600,47998
2016-09-22,94711,94800,95200,94000,95000,39228
2016-09-23,99507,99600,99600,94100,94700,119726
2016-09-26,101405,101500,108000,100000,100500,157249
2016-09-27,101405,101500,104000,99900,101500,95335
2016-09-28,103403,103500,105000,102000,102500,77065
2016-09-29,102903,103000,106000,102000,103000,52070
2016-09-30,104402,104500,104500,98100,103000,159043
2016-10-04,102903,103000,104500,93400,104500,148129
2016-10-05,101904,102000,103500,99500,103500,80601
2016-10-06,99906,100000,102000,98000,101500,81922
2016-10-07,91514,91600,99500,90900,98600,159221
2016-10-10,96709,96800,97700,91500,91500,78718
2016-10-11,97109,97200,98700,95500,98400,39861
2016-10-12,99606,99700,101500,96100,97700,62511
2016-10-13,99407,99500,101000,98100,101000,30958
2016-10-14,99407,99500,100000,98500,99800,28915
2016-10-17,93612,93700,100000,93700,99800,80137
2016-10-18,94411,94500,97000,92400,93700,40014
2016-10-19,88217,88300,94600,88300,94600,71634
2016-10-20,73031,73100,89800,69900,88700,672388
2016-10-21,73031,73100,76900,71400,74000,253301
2016-10-24,69934,70000,73800,69300,71400,219575
2016-10-25,70034,70100,70500,66200,69200,150226
2016-10-26,71033,71100,72000,68500,69500,97942
2016-10-27,71033,71100,72000,70400,72000,60259
2016-10-28,71033,71100,71600,68600,71400,63525
2016-10-31,67636,67700,71000,67100,69700,68616
2016-11-01,70733,70800,71800,65500,66000,85238
2016-11-02,68535,68600,71200,66600,69800,68720
2016-11-03,67736,67800,69400,66900,67100,45727
2016-11-04,62141,62200,68100,60700,67800,182391
2016-11-07,62541,62600,64000,62000,62800,82095
2016-11-08,62541,62600,64000,62100,63000,67820
2016-11-09,55448,55500,63300,54000,63000,297490
2016-11-10,62241,62300,62300,56800,56800,353032
2016-11-11,62042,62100,62700,60100,62300,111216
2016-11-14,62042,62100,62900,61200,62000,64559
2016-11-15,57146,57200,62000,56700,61000,217434
2016-11-16,57446,57500,58300,56500,57500,103971
2016-11-17,57845,57900,58600,56400,57600,55383
2016-11-18,56547,56600,58500,54500,58400,152757
2016-11-21,53949,54000,56500,54000,55700,83826
2016-11-22,54349,54400,54900,52600,54100,86588
2016-11-23,55248,55300,55400,53400,54400,109317
2016-11-24,53749,53800,55400,52900,54800,69361
2016-11-25,53749,53800,54500,53000,53300,67332
2016-11-28,54349,54400,55300,54100,54100,57911
2016-11-29,55747,55800,56700,54100,54100,73296
2016-11-30,56846,56900,56900,54600,55700,68893
2016-12-01,56946,57000,57400,55500,56500,69950
2016-12-02,57945,58000,58500,56200,56200,89505
2016-12-05,64439,64500,64600,58500,58900,324066
2016-12-06,71633,71700,75600,64600,65000,423892
2016-12-07,73930,74000,74900,70000,72500,248505
2016-12-08,75529,75600,75800,72500,74300,149257
2016-12-09,81823,81900,86700,75200,75200,411391
2016-12-12,83621,83700,84100,78900,82300,198022
2016-12-13,87817,87900,88800,82800,83100,169601
2016-12-14,87518,87600,90300,87300,88300,114102
2016-12-15,90315,90400,91800,86200,87800,137492
2016-12-16,87917,88000,91700,88000,90500,96645
2016-12-19,77327,77400,87900,75700,87900,442086
2016-12-20,77727,77800,80600,75400,77600,184738
2016-12-21,78326,78400,79000,77500,77800,87121
2016-12-22,74530,74600,78800,73800,78800,110102
2016-12-23,76928,77000,79000,74600,75300,189395
2016-12-26,74430,74500,78600,73900,77500,121904
2016-12-27,74930,75000,75300,73100,74600,122052
2016-12-28,78700,78700,78700,74600,75300,99034
2016-12-29,80700,80700,81000,77200,78400,130112
2017-01-02,80900,80900,81600,79000,80700,54469
2017-01-03,82000,82000,82100,80300,81400,75982
2017-01-04,82600,82600,82900,81500,81500,62705
2017-01-05,82600,82600,83300,82000,82600,37806
2017-01-06,83400,83400,83500,81900,82900,44217
2017-01-09,84800,84800,85600,83200,83300,55295
2017-01-10,87600,87600,88300,84500,84500,70624
2017-01-11,87600,87600,89600,84500,87200,99990
2017-01-12,86000,86000,88000,83000,87100,111058
2017-01-13,87000,87000,87400,84500,86000,73886
2017-01-16,88200,88200,88900,86800,88000,66787
2017-01-17,89200,89200,90500,87100,89800,72684
2017-01-18,89800,89800,89800,87900,89600,47313
2017-01-19,90300,90300,90800,89200,89300,57714
2017-01-20,89700,89700,90600,89400,90300,27669
2017-01-23,90200,90200,90500,88400,89600,56593
2017-01-24,89600,89600,90600,89200,90000,32243
2017-01-25,82000,82000,89900,80700,89000,124289
2017-01-26,74200,74200,83500,74100,83300,191682
2017-01-31,60000,60000,74200,59100,74200,861410
2017-02-01,62000,62000,63500,59800,60700,495916
2017-02-02,60200,60200,62900,59300,60000,252974
2017-02-03,60200,60200,60800,57300,60100,172542
2017-02-06,60300,60300,60700,59200,59500,88009
2017-02-07,62300,62300,63000,60200,60800,159426
2017-02-08,63600,63600,64400,61700,62300,292306
2017-02-09,69200,69200,69200,64400,65000,267696
2017-02-10,74900,74900,75000,70500,71300,394746
2017-02-13,68300,68300,77600,65000,77500,545081
2017-02-14,71600,71600,72000,67400,72000,239066
2017-02-15,71900,71900,73600,70100,72000,143695
2017-02-16,71900,71900,72500,70500,72000,74688
2017-02-17,72800,72800,74900,71500,72100,213113
2017-02-20,71500,71500,73300,71200,72600,58492
2017-02-21,69600,69600,72100,69300,71100,144312
2017-02-22,68700,68700,70000,65600,69600,109033
2017-02-23,67500,67500,70400,67500,68700,84207
2017-02-24,68200,68200,69300,67100,67500,96922
2017-02-27,70300,70300,70800,68800,69000,84620
2017-02-28,69300,69300,71200,69100,71000,54481
2017-03-02,67600,67600,70100,67500,69300,57773
2017-03-03,69900,69900,69900,66100,68100,73946
2017-03-06,70000,70000,70500,69000,69800,67747
2017-03-07,69700,69700,70300,69200,70200,30123
2017-03-08,70200,70200,70400,69200,69300,50121
2017-03-09,70200,70200,70400,69500,70200,139233
2017-03-10,71400,71400,71800,68700,70500,141864
2017-03-13,71700,71700,72300,70500,71900,184186
2017-03-14,68300,68300,71000,67700,70700,126502
2017-03-15,68800,68800,69200,67400,67700,368185
2017-03-16,69100,69100,70000,68300,69300,45333
2017-03-17,68500,68500,69100,67700,69000,43915
2017-03-20,66400,66400,68400,66300,67900,38307
2017-03-21,63800,63800,66800,63500,66400,86241
2017-03-22,65600,65600,67200,63600,63800,98629
2017-03-23,64000,64000,66300,64000,65800,40403
2017-03-24,63800,63800,65000,62900,64400,45493
2017-03-27,65500,65500,65800,63900,64800,47556
2017-03-28,65300,65300,66100,64700,65100,21705
2017-03-29,64800,64800,65300,63500,65300,34807
2017-03-30,64700,64700,65000,63000,64400,48973
2017-03-31,64900,64900,65400,63900,64700,30262
2017-04-03,68700,68700,69000,64900,65700,100507
2017-04-04,68900,68900,69900,68000,68600,56287
2017-04-05,69300,69300,69800,68700,69500,55463
2017-04-06,68000,68000,69300,67500,68400,41072
2017-04-07,69000,69000,69100,67700,68000,24434
2017-04-10,66200,66200,68700,65900,68700,42578
2017-04-11,66800,66800,67300,65700,66000,24311
2017-04-12,67100,67100,67200,65300,66900,26690
2017-04-13,68900,68900,69200,66700,66700,70939
2017-04-14,68400,68400,69000,67800,69000,31164
2017-04-17,68700,68700,68700,67800,68400,25564
2017-04-18,67100,67100,68500,66900,68200,43410
2017-04-19,67000,67000,67700,66700,66800,81406
2017-04-20,66000,66000,67200,65600,67000,64205
2017-04-21,66000,66000,66200,63900,65800,87767
2017-04-24,64400,64400,66300,64300,66300,45924
2017-04-25,64700,64700,65100,63400,64500,64674
2017-04-26,65200,65200,66000,64300,64300,59473
2017-04-27,65200,65200,66000,64600,65700,44121
2017-04-28,68800,68800,69200,65300,66000,283584
2017-05-02,69300,69300,70000,68700,68800,134201
2017-05-04,69100,69100,69800,68500,69300,79247
2017-05-08,69600,69600,70500,68700,69100,146383
2017-05-10,70200,70200,71100,69300,69700,129813
2017-05-11,74500,74500,77800,70300,71000,588016
2017-05-12,74200,74200,75200,72800,75100,146670
2017-05-15,77600,77600,77800,73700,75000,207705
2017-05-16,77600,77600,78100,76800,77300,105285
2017-05-17,81300,81300,81300,77400,77800,194756
2017-05-18,81600,81600,82400,79700,80700,135191
2017-05-19,81600,81600,83100,80100,81600,195781
2017-05-22,80800,80800,81900,77900,81200,148911
2017-05-23,80000,80000,81000,79200,80900,129652
2017-05-24,72100,72100,79600,71900,79100,597580
2017-05-25,67400,67400,72300,67400,72300,428118
2017-05-26,70100,70100,70800,65000,66400,381123
2017-05-29,68600,68600,71200,68000,70200,367663
2017-05-30,68600,68600,68600,68600,68600,0
2017-05-31,68600,68600,68600,68600,68600,0
2017-06-01,68600,68600,68600,68600,68600,0
2017-06-02,68600,68600,68600,68600,68600,0
2017-06-05,68600,68600,68600,68600,68600,0
2017-06-07,68600,68600,68600,68600,68600,0
2017-06-08,68600,68600,68600,68600,68600,0
2017-06-09,68600,68600,68600,68600,68600,0
2017-06-12,68600,68600,68600,68600,68600,0
2017-06-13,68600,68600,68600,68600,68600,0
2017-06-14,68600,68600,68600,68600,68600,0
2017-06-15,68600,68600,68600,68600,68600,0
2017-07-03,47500,47500,47500,47500,47500,0
2017-07-04,47500,47500,47500,47500,47500,0
2017-07-05,47500,47500,47500,47500,47500,0
2017-07-06,47500,47500,47500,47500,47500,0
2017-07-07,47500,47500,47500,47500,47500,0
2017-07-10,47500,47500,47500,47500,47500,0
2017-07-11,47500,47500,47500,47500,47500,0
2017-07-12,47500,47500,47500,47500,47500,0
2017-07-13,47500,47500,47500,47500,47500,0
2017-07-14,47500,47500,47500,47500,47500,0
2017-07-17,61700,61700,61700,44200,47500,450826
2017-07-18,61800,61800,70000,60100,69600,925224
2017-07-19,63500,63500,65400,62000,64000,300169
2017-07-20,60400,60400,64000,60100,63500,139567
2017-07-21,59700,59700,61100,59500,60200,88140
2017-07-24,59100,59100,60300,59100,59300,65143
2017-07-25,60000,60000,63500,59600,59600,129818
2017-07-26,58200,58200,60200,57700,60100,72806
2017-07-27,54400,54400,58600,54300,58600,131873
2017-07-28,50800,50800,54200,50500,54200,90952
2017-07-31,48850,48850,49900,48350,49800,71017
2017-08-01,48200,48200,49850,47900,48850,49236
2017-08-02,47900,47900,49000,47750,47750,36813
2017-08-03,46250,46250,48300,45300,47950,51448
2017-08-04,44550,44550,46500,44300,46100,52004
2017-08-07,44850,44850,46150,44350,44500,36450
2017-08-08,44800,44800,45600,44800,44850,20130
2017-08-09,44150,44150,45450,43700,45450,27079
2017-08-10,44450,44450,45050,44000,44100,23120
2017-08-11,43250,43250,44700,42100,44700,41581
2017-08-14,42600,42600,43750,42450,43250,18789
2017-08-16,40000,40000,43000,40000,42600,62232
2017-08-17,39800,39800,40600,38050,40050,70198
2017-08-18,38850,38850,40100,38300,39450,55061
2017-08-21,38850,38850,39250,38400,38800,37165
2017-08-22,40100,40100,40800,38850,38850,70935
2017-08-23,39600,39600,40350,39250,40150,31312
2017-08-24,39650,39650,40350,39650,40000,18508
2017-08-25,39950,39950,40050,39350,39450,16129
2017-08-28,41200,41200,41550,39950,39950,33708
2017-08-29,40400,40400,41500,40300,40800,31442
2017-08-30,39800,39800,40800,39600,40300,21198
2017-08-31,40050,40050,40150,39350,39950,11999
2017-09-01,40550,40550,41100,39900,39900,20217
2017-09-04,39250,39250,39800,38850,39300,40270
2017-09-05,38500,38500,39550,38150,39450,32302
2017-09-06,37650,37650,38850,37200,38400,38746
2017-09-07,37400,37400,38100,37150,37550,34240
2017-09-08,36350,36350,37550,36300,37200,25932
2017-09-11,38050,38050,38350,36300,36350,54143
2017-09-12,38250,38250,38900,37750,38250,24905
2017-09-13,37000,37000,38450,36700,38000,24895
2017-09-14,37300,37300,37900,36600,36750,88988
2017-09-15,37000,37000,37400,36650,37300,24027
2017-09-18,36500,36500,37150,36500,37000,19003
2017-09-19,36400,36400,36700,35000,36550,27284
2017-09-20,36600,36600,37250,36200,36700,19263
2017-09-21,33350,33350,36800,33350,36800,44313
2017-09-25,30550,30550,33500,30050,32850,77862
2017-09-26,30550,30550,30550,30550,30550,0
2017-09-27,33850,33850,37300,30450,30450,162240
2017-09-28,32550,32550,33800,32550,33400,33741
2017-09-29,32400,32400,33800,32250,32550,16036
2017-10-10,31900,31900,33150,31300,32400,15278
2017-10-11,32200,32200,32550,31750,31750,8358
2017-10-12,32300,32300,32850,31950,32650,14002
2017-10-13,31750,31750,32900,31750,32900,10515
2017-10-16,31550,31550,32400,31550,31750,11056
2017-10-17,41000,41000,41000,31650,31650,315526
2017-10-18,43150,43150,49300,41000,42700,1121732
2017-10-19,40350,40350,43700,38800,43600,208288
2017-10-20,38650,38650,39700,37500,39000,107154
2017-10-23,38750,38750,40200,38000,38000,90434
2017-10-24,38700,38700,39600,38200,38750,45071
2017-10-25,39350,39350,42300,39250,39500,148964
2017-10-26,38200,38200,40200,38200,40000,35175
2017-10-27,39300,39300,39750,38300,38550,28107
2017-10-30,40050,40050,41900,37900,39500,75635
2017-10-31,40000,40000,40650,39200,40100,34556
2017-11-01,39500,39500,40900,39350,40000,35878
2017-11-02,38850,38850,39700,38300,39600,24693
2017-11-03,40000,40000,40450,38850,38850,25673
2017-11-06,40600,40600,41250,39450,40250,43657
2017-11-07,44150,44150,45450,40050,40650,161672
2017-11-08,43600,43600,45200,43250,45000,72301
2017-11-09,44350,44350,46300,42700,44000,110110
2017-11-10,46000,46000,52700,44000,44350,441085
2017-11-13,47150,47150,48500,46150,46400,97624
2017-11-14,46800,46800,47600,46050,47250,55866
2017-11-15,43800,43800,47600,43800,47600,79932
2017-11-16,45000,45000,46200,40650,44000,48409
2017-11-17,45700,45700,45800,44000,45800,25754
2017-11-20,45000,45000,46200,44700,45200,19194
2017-11-21,43150,43150,45100,43150,45100,39467
2017-11-22,43200,43200,44000,42150,44000,17168
2017-11-23,43500,43500,43600,42050,42600,23264
2017-11-24,43100,43100,44300,42400,43000,19011
2017-11-27,41950,41950,43700,41700,43500,16900
2017-11-28,40900,40900,42900,40800,41350,20604
2017-11-29,40900,40900,42000,40700,42000,14995
2017-11-30,40300,40300,41750,40300,41400,39291
2017-12-01,42400,42400,44300,40400,41000,95162
2017-12-04,41200,41200,42600,41150,42300,19126
2017-12-05,40100,40100,42050,40100,42050,20559
2017-12-06,40000,40000,41150,39100,41150,20748
2017-12-07,38750,38750,40350,38250,40350,19497
2017-12-08,38200,38200,39500,38000,38550,11449
2017-12-11,37300,37300,38350,37000,37850,14242
2017-12-12,36200,36200,38000,36000,38000,14420
2017-12-13,36950,36950,37700,35800,35800,18755
2017-12-14,35000,35000,37400,34950,37000,39043
2017-12-15,35450,35450,35500,34750,35500,16745
2017-12-18,34500,34500,35700,34400,35700,19276
2017-12-19,33950,33950,35250,33050,34200,27989
2017-12-21,34200,34200,34700,33850,33950,6772
2017-12-22,34200,34200,34550,33800,34200,9756
2017-12-26,34700,34700,35500,34200,34200,11250
2017-12-27,35200,35200,35200,34650,35100,9044
2017-12-28,35800,35800,35850,34950,35200,10321
2018-01-02,36500,36500,36750,35200,35800,12443
2018-01-03,36550,36550,36600,36100,36550,7996
2018-01-04,36250,36250,36600,36100,36450,7527
2018-01-05,36400,36400,36800,36000,36000,9395
2018-01-08,36300,36300,36900,36050,36900,7485
2018-01-09,35150,35150,36350,35100,36350,10193
2018-01-10,34450,34450,35400,34200,34850,11654
2018-01-11,34850,34850,35100,34300,35000,7972
2018-01-12,34950,34950,35700,34250,34600,26881
2018-01-15,34800,34800,35100,34350,35100,10449
2018-01-16,34300,34300,35000,34300,35000,18538
2018-01-17,34150,34150,34700,33850,34700,13603
2018-01-18,34150,34150,34500,33900,34150,8468
2018-01-19,35750,35750,36550,34350,35250,28290
2018-01-22,37250,37250,39100,35500,35750,96296
2018-01-23,36900,36900,37650,36450,36900,13540
2018-01-24,37700,37700,38300,36950,36950,19058
2018-01-25,37000,37000,38000,37000,38000,20726
2018-01-26,37650,37650,37650,36850,37100,10418
2018-01-29,37600,37600,38100,37350,37800,19649
2018-01-30,37900,37900,37950,37100,37100,14942
2018-01-31,37600,37600,37950,36900,37700,11403
2018-02-01,37000,37000,37800,37000,37600,9003
2018-02-02,36500,36500,37050,35550,37000,14626
2018-02-05,35050,35050,36100,35000,35700,14337
2018-02-06,34150,34150,34600,32900,34500,22366
2018-02-07,34000,34000,35550,33750,34250,12377
2018-02-08,34450,34450,34950,33550,33550,4676
2018-02-09,33800,33800,34150,33100,33100,9255
2018-02-12,33250,33250,34500,33250,33850,5903
2018-02-13,33050,33050,33500,33050,33200,8630
2018-02-14,33250,33250,33450,33000,33000,5388
2018-02-15,33250,33250,33250,33250,33250,0
2018-02-16,33250,33250,33250,33250,33250,0
2018-02-19,33400,33400,33900,33200,33200,7190
2018-02-20,33550,33550,34500,33300,33850,7431
2018-02-21,33600,33600,34300,33350,34300,4649
2018-02-22,33500,33500,33600,33150,33600,6221
2018-02-23,33550,33550,34000,33200,33200,4636
2018-02-26,33600,33600,34550,33200,33900,10178
2018-02-27,32200,32200,33900,31350,33450,38916
2018-02-28,31850,31850,32850,31500,32850,5553
2018-03-02,31300,31300,31550,31200,31500,7400
2018-03-05,31000,31000,31350,30750,30950,8686
2018-03-06,31000,31000,31200,30700,30750,6608
2018-03-07,30950,30950,31300,29050,31300,9221
2018-03-08,31000,31000,31200,30400,30400,7790
2018-03-09,31000,31000,31450,30950,31000,5770
2018-03-12,31500,31500,31600,30950,31000,7293
2018-03-13,31500,31500,31800,31050,31100,3991
2018-03-14,31300,31300,31800,30850,31550,7041
2018-03-15,31100,31100,31750,31050,31300,5086
2018-03-16,30600,30600,31450,30600,31250,46747
2018-03-19,30550,30550,30900,30300,30900,7458
2018-03-20,31350,31350,31450,30200,30300,8446
2018-03-21,32650,32650,33500,30800,30800,23501
2018-03-22,32250,32250,33350,31900,32250,8881
2018-03-23,30600,30600,32100,30250,32100,13190
2018-03-26,30750,30750,31450,29850,29850,8139
2018-03-27,31100,31100,31150,30600,31100,3163
2018-03-28,31150,31150,32050,31000,31150,8528
2018-03-29,31700,31700,31950,31000,31500,7674
2018-03-30,31900,31900,31950,31200,31700,7280
2018-04-02,31700,31700,32100,31500,32100,3563
2018-04-03,31250,31250,31550,31100,31550,4716
2018-04-04,31300,31300,31600,30750,31600,6132
2018-04-05,31550,31550,31900,30700,31550,8926
2018-04-06,31600,31600,31700,30950,31650,2704
2018-04-09,31700,31700,31750,31050,31050,5230
2018-04-10,31900,31900,31900,31400,31800,5107
2018-04-11,32750,32750,34000,31900,31950,28996
2018-04-12,32450,32450,32750,32100,32700,10227
2018-04-13,33250,33250,35200,32200,32600,27995
2018-04-16,33300,33300,33750,33100,33250,9389
2018-04-17,33050,33050,33500,32700,33250,7859
2018-04-18,32100,32100,33250,31850,33000,8386
2018-04-19,30900,30900,32600,30700,32600,15278
2018-04-20,31050,31050,31850,31000,31850,7004
2018-04-23,31050,31050,31400,30400,30750,15106
2018-04-24,31200,31200,31350,30450,30450,5146
2018-04-25,30950,30950,31100,30700,30750,5643
2018-04-26,31050,31050,31550,30800,31500,3844
2018-04-27,31100,31100,31200,30700,31050,3661
2018-04-30,30350,30350,31100,30200,31100,9182
2018-05-02,30150,30150,30300,29600,30100,9508
2018-05-03,29950,29950,30150,29600,30150,8203
2018-05-04,29450,29450,30000,29350,30000,8455
2018-05-08,29450,29450,29900,29200,29200,4932
2018-05-09,29650,29650,29700,29050,29200,6012
2018-05-10,29450,29450,29800,29050,29800,4278
2018-05-11,29550,29550,29950,29400,29950,3518
2018-05-14,29500,29500,29700,29200,29550,4364
2018-05-15,29300,29300,29450,29000,29250,5837
2018-05-16,29300,29300,29450,28750,29100,6167
2018-05-17,29300,29300,29400,28750,29350,3249
2018-05-18,29300,29300,29500,29000,29250,3431
2018-05-21,30150,30150,30750,29100,29300,11868
2018-05-23,30050,30050,30600,29850,30450,6464
2018-05-24,29500,29500,30350,29500,29900,4513
2018-05-25,29200,29200,29800,28950,29500,4756
2018-05-28,29000,29000,29400,28650,29400,6687
2018-05-29,29000,29000,29150,28550,28550,4376
2018-05-30,28250,28250,29100,28200,28850,6669
2018-05-31,28350,28350,29100,28300,29100,4810
2018-06-01,28550,28550,28600,28150,28350,2464
2018-06-04,28700,28700,28750,28500,28600,2207
2018-06-05,28700,28700,28800,28500,28600,2225
2018-06-07,29300,29300,30100,28350,28600,15679
2018-06-08,29250,29250,30200,28900,30200,4495
2018-06-11,28950,28950,29650,28650,29650,2836
2018-06-12,29250,29250,29250,28650,28650,4839
2018-06-14,29100,29100,29250,28450,29100,5584
2018-06-15,28800,28800,29100,28400,29100,4718
2018-06-18,28250,28250,28800,27950,28350,8373
2018-06-19,27500,27500,28450,26950,28000,9057
2018-06-20,27750,27750,27800,26800,26800,4067
2018-06-21,27650,27650,27800,27000,27250,3149
2018-06-22,27550,27550,27700,26500,27700,4408
2018-06-25,27600,27600,27700,26950,27000,2539
2018-06-26,27700,27700,29250,27300,27600,2948
2018-06-27,27700,27700,28400,27450,27800,2375
2018-06-28,27700,27700,27950,26900,27700,4186
2018-06-29,27500,27500,27850,26950,27300,5606
2018-07-02,27500,27500,27500,25300,27000,9563
2018-07-03,26800,26800,27500,25950,26850,8438
2018-07-04,25750,25750,26750,25450,26750,14010
2018-07-05,25100,25100,25900,24000,25750,23321
2018-07-06,25100,25100,25200,23900,24700,10786
2018-07-09,24750,24750,25650,24450,25650,8004
2018-07-10,24750,24750,24950,24350,24350,4528
2018-07-11,24750,24750,24850,24250,24250,2859
2018-07-12,25750,25750,26800,24550,24650,14880
2018-07-13,25650,25650,26250,25350,26000,5361
2018-07-16,25100,25100,25950,24950,25650,4026
2018-07-17,25150,25150,25150,24600,24700,3506
2018-07-18,24900,24900,25450,24400,25150,8090
2018-07-19,24250,24250,24900,23850,24900,8775
2018-07-20,24100,24100,24300,23600,24000,3225
2018-07-23,24550,24550,29000,23600,23600,40473
2018-07-24,24550,24550,24750,24200,24750,2714
2018-07-25,23350,23350,24500,23350,24150,10613
2018-07-26,23450,23450,23600,23200,23500,5627
2018-07-27,23900,23900,23900,23250,23250,2631
2018-07-30,23900,23900,24000,23350,23350,2727
2018-07-31,23950,23950,23950,23350,23350,3928
2018-08-01,24450,24450,24600,23950,23950,4834
2018-08-02,24650,24650,24900,24200,24300,2131
2018-08-03,24700,24700,24850,24350,24500,2373
2018-08-06,24750,24900,24100,24500,4216,24500
2018-08-07,24050,24650,24000,24300,3212,24300
2018-08-08,24300,24400,23850,24250,3677,24250
2018-08-09,24250,24500,24250,24450,2258,24450
2018-08-10,24400,24650,23900,23900,4564,23900
2018-08-13,23800,24200,23200,23500,13576,23500
