,Adj Close,Close,High,Low,Open,Volume
2000-01-04,30794.0,41499.0,42312.0,39871.0,40278.0,27405.0
2000-01-05,30794.0,41499.0,41499.0,39057.0,40644.0,25439.0
2000-01-06,30733.0,41417.0,43940.0,39627.0,41499.0,22735.0
2000-01-07,30190.0,40685.0,41499.0,39953.0,39953.0,21138.0
2000-01-10,30794.0,41499.0,42231.0,40766.0,41499.0,19786.0
2000-01-11,30794.0,41499.0,41905.0,40115.0,41580.0,19540.0
2000-01-12,30190.0,40685.0,41336.0,40359.0,41336.0,16714.0
2000-01-13,30250.0,40766.0,41499.0,40359.0,40685.0,26914.0
2000-01-14,30190.0,40685.0,41254.0,40278.0,40685.0,9586.0
2000-01-17,30794.0,41499.0,41499.0,40278.0,40685.0,22735.0
2000-01-18,30009.0,40441.0,40848.0,40115.0,40848.0,29372.0
2000-01-19,28379.0,38244.0,39871.0,37430.0,39871.0,26299.0
2000-01-20,27473.0,37023.0,38244.0,36616.0,36616.0,16222.0
2000-01-21,26869.0,36209.0,36942.0,34582.0,36616.0,42644.0
2000-01-24,26869.0,36209.0,36535.0,35070.0,35070.0,28020.0
2000-01-25,26567.0,35803.0,37023.0,34663.0,34989.0,39695.0
2000-01-26,29284.0,39464.0,39464.0,34826.0,34826.0,29618.0
2000-01-27,28982.0,39057.0,39302.0,36616.0,36616.0,12658.0
2000-01-28,29586.0,39871.0,40197.0,37511.0,38651.0,34902.0
2000-01-31,29405.0,39627.0,40034.0,38162.0,38162.0,14624.0
2000-02-01,28892.0,38935.0,40685.0,38813.0,39627.0,19049.0
2000-02-02,30190.0,40685.0,40685.0,37837.0,37837.0,21138.0
2000-02-03,31398.0,42312.0,43045.0,39871.0,40685.0,82339.0
2000-02-04,31398.0,42312.0,42312.0,42312.0,42312.0,0.0
2000-02-07,32001.0,43126.0,44753.0,40929.0,44672.0,63291.0
2000-02-08,32605.0,43940.0,43940.0,42719.0,43940.0,55548.0
2000-02-09,32001.0,43126.0,44672.0,42150.0,43940.0,15730.0
2000-02-10,29345.0,39546.0,42312.0,39546.0,42312.0,19172.0
2000-02-11,29284.0,39464.0,40685.0,39057.0,40685.0,14502.0
2000-02-14,28077.0,37837.0,40115.0,37430.0,38488.0,34902.0
2000-02-15,27835.0,37511.0,39342.0,37023.0,37023.0,19417.0
2000-02-16,28379.0,38244.0,38569.0,36616.0,37023.0,43873.0
2000-02-17,28016.0,37756.0,39098.0,37430.0,37430.0,23104.0
2000-02-18,27654.0,37267.0,38895.0,36209.0,37756.0,19294.0
2000-02-21,26869.0,36209.0,37186.0,35436.0,36616.0,10077.0
2000-02-22,27111.0,36535.0,36616.0,34989.0,36616.0,11798.0
2000-02-23,28167.0,37959.0,38000.0,35803.0,36535.0,14010.0
2000-02-24,27473.0,37023.0,37959.0,36209.0,37959.0,14747.0
2000-02-25,27020.0,36413.0,37349.0,36291.0,37023.0,42399.0
2000-02-28,26265.0,35396.0,37023.0,35314.0,36942.0,12904.0
2000-02-29,25963.0,34989.0,36332.0,34989.0,36291.0,35394.0
2000-03-01,25963.0,34989.0,34989.0,34989.0,34989.0,0.0
2000-03-02,25360.0,34175.0,35681.0,33361.0,34989.0,62799.0
2000-03-03,24152.0,32548.0,34826.0,31978.0,34216.0,111342.0
2000-03-06,25178.0,33931.0,34989.0,31327.0,33117.0,93277.0
2000-03-07,26809.0,36128.0,36128.0,33606.0,34257.0,84674.0
2000-03-08,26929.0,36291.0,36860.0,34989.0,35803.0,55917.0
2000-03-09,24152.0,32548.0,38244.0,32548.0,36291.0,176845.0
2000-03-10,27775.0,37430.0,37430.0,35721.0,36616.0,56040.0
2000-03-13,30190.0,40685.0,41987.0,39179.0,41987.0,98807.0
2000-03-14,29284.0,39464.0,40278.0,38244.0,38244.0,21384.0
2000-03-15,27775.0,37430.0,39464.0,36616.0,39464.0,32198.0
2000-03-16,27775.0,37430.0,39871.0,37023.0,37430.0,35639.0
2000-03-17,27352.0,36860.0,38651.0,36779.0,38244.0,41047.0
2000-03-20,27775.0,37430.0,37430.0,36616.0,37430.0,28757.0
2000-03-21,28379.0,38244.0,38244.0,36128.0,37023.0,11429.0
2000-03-22,27956.0,37674.0,38162.0,36982.0,37023.0,32813.0
2000-03-23,27775.0,37430.0,37511.0,36047.0,36616.0,37852.0
2000-03-24,27292.0,36779.0,37023.0,36494.0,36494.0,57638.0
2000-03-27,28379.0,38244.0,38244.0,36209.0,36616.0,32813.0
2000-03-28,29405.0,39627.0,41010.0,37430.0,38162.0,57515.0
2000-03-29,29586.0,39871.0,41499.0,38651.0,38651.0,143049.0
2000-03-30,28379.0,38244.0,41417.0,38244.0,39871.0,42276.0
2000-03-31,30492.0,41092.0,41092.0,38081.0,38081.0,55917.0
2000-04-03,28922.0,38976.0,40644.0,38976.0,40644.0,31338.0
2000-04-04,29284.0,39464.0,39871.0,38651.0,38976.0,38220.0
2000-04-05,29284.0,39464.0,39464.0,39464.0,39464.0,0.0
2000-04-06,29284.0,39464.0,39871.0,38732.0,39871.0,22490.0
2000-04-07,28862.0,38895.0,39871.0,38244.0,38651.0,15239.0
2000-04-10,28711.0,38691.0,40522.0,38244.0,39464.0,34902.0
2000-04-11,28379.0,38244.0,39871.0,37837.0,38651.0,16468.0
2000-04-12,29284.0,39464.0,41336.0,37918.0,38406.0,62553.0
2000-04-13,29284.0,39464.0,39464.0,39464.0,39464.0,0.0
2000-04-14,29284.0,39464.0,39830.0,38244.0,39057.0,27651.0
2000-04-17,28016.0,37756.0,38244.0,35070.0,36616.0,41784.0
2000-04-18,27352.0,36860.0,39302.0,36616.0,39302.0,40187.0
2000-04-19,28439.0,38325.0,38895.0,36616.0,37430.0,136904.0
2000-04-20,27956.0,37674.0,38651.0,37349.0,38244.0,30724.0
2000-04-21,28982.0,39057.0,40359.0,38244.0,39057.0,87870.0
2000-04-24,28741.0,38732.0,40197.0,38244.0,39057.0,35025.0
2000-04-25,29586.0,39871.0,39993.0,38244.0,38244.0,62922.0
2000-04-26,28952.0,39017.0,40563.0,39017.0,40319.0,28143.0
2000-04-27,28862.0,38895.0,39546.0,38325.0,38976.0,35025.0
2000-04-28,29556.0,39830.0,40197.0,38406.0,38406.0,25316.0
2000-05-01,29556.0,39830.0,39830.0,39830.0,39830.0,0.0
2000-05-02,30250.0,40766.0,41905.0,39464.0,40359.0,89713.0
2000-05-03,30492.0,41092.0,41417.0,39871.0,41092.0,33673.0
2000-05-04,30250.0,40766.0,41580.0,40522.0,41417.0,26545.0
2000-05-05,30250.0,40766.0,40766.0,40766.0,40766.0,0.0
2000-05-08,29466.0,39708.0,41336.0,39708.0,40766.0,52599.0
2000-05-09,29466.0,39708.0,39708.0,39708.0,39708.0,0.0
2000-05-10,29345.0,39546.0,39871.0,38732.0,39302.0,72139.0
2000-05-11,29345.0,39546.0,39546.0,39546.0,39546.0,0.0
2000-05-12,28439.0,38325.0,39464.0,38081.0,39302.0,28634.0
2000-05-15,27231.0,36698.0,38081.0,36128.0,38081.0,29863.0
2000-05-16,27171.0,36616.0,37267.0,35965.0,37023.0,24087.0
2000-05-17,25661.0,34582.0,36860.0,33850.0,35884.0,29249.0
2000-05-18,25058.0,33768.0,34989.0,33361.0,33768.0,22613.0
2000-05-19,24182.0,32588.0,33606.0,31734.0,32711.0,94260.0
2000-05-22,24212.0,32629.0,34175.0,32507.0,34175.0,61079.0
2000-05-23,24937.0,33606.0,33768.0,32629.0,32792.0,42276.0
2000-05-24,24756.0,33361.0,34419.0,32955.0,33606.0,29495.0
2000-05-25,25239.0,34012.0,35396.0,33361.0,33361.0,28757.0
2000-05-26,24454.0,32955.0,34175.0,32792.0,32792.0,18188.0
2000-05-29,24786.0,33402.0,33768.0,32629.0,32629.0,20646.0
2000-05-30,24786.0,33402.0,33402.0,33402.0,33402.0,0.0
2000-05-31,22069.0,29741.0,36209.0,29741.0,35396.0,58006.0
2000-06-01,25360.0,34175.0,34175.0,33768.0,34175.0,57515.0
2000-06-02,25963.0,34989.0,36616.0,34257.0,34908.0,68698.0
2000-06-05,27050.0,36454.0,36616.0,35233.0,36616.0,39818.0
2000-06-06,27050.0,36454.0,36454.0,36454.0,36454.0,0.0
2000-06-07,29767.0,40115.0,40278.0,36209.0,37267.0,64028.0
2000-06-08,28620.0,38569.0,40685.0,37511.0,40685.0,66240.0
2000-06-09,28982.0,39057.0,39464.0,38000.0,38569.0,46577.0
2000-06-12,28379.0,38244.0,39871.0,38244.0,39871.0,41907.0
2000-06-13,29888.0,40278.0,40278.0,38406.0,38651.0,31092.0
2000-06-14,29586.0,39871.0,39871.0,38895.0,39424.0,23842.0
2000-06-15,29224.0,39383.0,40278.0,38854.0,40278.0,17082.0
2000-06-16,29224.0,39383.0,40034.0,38813.0,38813.0,20523.0
2000-06-19,29556.0,39830.0,40278.0,39057.0,39830.0,40801.0
2000-06-20,29586.0,39871.0,40115.0,39627.0,39627.0,24210.0
2000-06-21,29888.0,40278.0,40603.0,39586.0,40237.0,45102.0
2000-06-22,29858.0,40237.0,40441.0,39505.0,40278.0,43505.0
2000-06-23,29858.0,40237.0,40237.0,39627.0,40197.0,42276.0
2000-06-26,29828.0,40197.0,40278.0,39546.0,40197.0,43628.0
2000-06-27,29767.0,40115.0,40156.0,39708.0,40156.0,51861.0
2000-06-28,29526.0,39790.0,40115.0,39627.0,39871.0,67961.0
2000-06-29,30574.0,40150.0,41900.0,39650.0,40600.0,60200.0
2000-06-30,30917.0,40600.0,40900.0,40200.0,40600.0,18900.0
2000-07-03,31374.0,41200.0,41300.0,40200.0,40200.0,27800.0
2000-07-04,30689.0,40300.0,41500.0,40000.0,40700.0,19600.0
2000-07-05,31222.0,41000.0,41250.0,39500.0,40000.0,26500.0
2000-07-06,31450.0,41300.0,41700.0,40500.0,40850.0,42200.0
2000-07-07,31374.0,41200.0,41900.0,40800.0,41800.0,34200.0
2000-07-10,30993.0,40700.0,41600.0,40600.0,41200.0,22600.0
2000-07-11,30460.0,40000.0,41000.0,39600.0,40700.0,20200.0
2000-07-12,30460.0,40000.0,40900.0,39500.0,40200.0,30400.0
2000-07-13,30689.0,40300.0,40500.0,40000.0,40000.0,23900.0
2000-07-14,30498.0,40050.0,40400.0,39500.0,39600.0,14500.0
2000-07-17,30498.0,40050.0,40050.0,40050.0,40050.0,0.0
2000-07-18,29737.0,39050.0,40050.0,39050.0,39200.0,6300.0
2000-07-19,29737.0,39050.0,40050.0,39050.0,39200.0,6300.0
2000-07-20,28937.0,38000.0,38800.0,37400.0,37400.0,13600.0
2000-07-21,28633.0,37600.0,38800.0,37250.0,38700.0,10200.0
2000-07-24,27566.0,36200.0,38750.0,35450.0,37600.0,18400.0
2000-07-25,27795.0,36500.0,37000.0,36000.0,37000.0,10800.0
2000-07-26,28176.0,37000.0,37300.0,35800.0,35800.0,13700.0
2000-07-27,28480.0,37400.0,37400.0,36300.0,36300.0,5400.0
2000-07-28,28556.0,37500.0,37500.0,36550.0,36550.0,16300.0
2000-07-31,28176.0,37000.0,37400.0,36500.0,37400.0,11600.0
2000-08-01,28252.0,37100.0,37500.0,36100.0,37000.0,12800.0
2000-08-02,28556.0,37500.0,37950.0,37000.0,37100.0,12900.0
2000-08-03,28176.0,37000.0,37900.0,37000.0,37100.0,7500.0
2000-08-04,27643.0,36300.0,37500.0,36150.0,36500.0,11300.0
2000-08-07,28176.0,37000.0,38000.0,36100.0,36600.0,66400.0
2000-08-08,29242.0,38400.0,39400.0,37300.0,37500.0,76800.0
2000-08-09,31679.0,41600.0,42400.0,38600.0,38950.0,188300.0
2000-08-10,31717.0,41650.0,42300.0,41000.0,42000.0,118300.0
2000-08-11,31831.0,41800.0,43500.0,40100.0,40100.0,109600.0
2000-08-14,31983.0,42000.0,43300.0,41800.0,42100.0,44500.0
2000-08-15,31983.0,42000.0,42000.0,42000.0,42000.0,0.0
2000-08-16,32516.0,42700.0,43100.0,41800.0,41800.0,107400.0
2000-08-17,32592.0,42800.0,43100.0,42000.0,42700.0,28600.0
2000-08-18,31983.0,42000.0,42400.0,40600.0,42300.0,28500.0
2000-08-21,31222.0,41000.0,41700.0,40500.0,41600.0,8400.0
2000-08-22,31831.0,41800.0,42000.0,40900.0,41000.0,16200.0
2000-08-23,32136.0,42200.0,42500.0,41500.0,42000.0,45500.0
2000-08-24,31755.0,41700.0,42500.0,41100.0,42500.0,13000.0
2000-08-25,31869.0,41850.0,42000.0,41000.0,41800.0,10400.0
2000-08-28,31907.0,41900.0,42500.0,41200.0,42000.0,38100.0
2000-08-29,31793.0,41750.0,42400.0,40800.0,42200.0,13600.0
2000-08-30,31374.0,41200.0,41200.0,40700.0,41000.0,28300.0
2000-08-31,30460.0,40000.0,41100.0,39450.0,40500.0,19500.0
2000-09-01,31222.0,41000.0,42400.0,39100.0,39100.0,52100.0
2000-09-04,31146.0,40900.0,42100.0,40600.0,41500.0,23400.0
2000-09-05,31298.0,41100.0,41800.0,40500.0,40500.0,28900.0
2000-09-06,31641.0,41550.0,42100.0,40800.0,40800.0,85200.0
2000-09-07,31602.0,41500.0,42000.0,40800.0,40900.0,22700.0
2000-09-08,31222.0,41000.0,42000.0,40900.0,42000.0,14300.0
2000-09-11,31222.0,41000.0,41000.0,41000.0,41000.0,0.0
2000-09-12,31222.0,41000.0,41000.0,41000.0,41000.0,0.0
2000-09-13,31222.0,41000.0,41000.0,41000.0,41000.0,0.0
2000-09-14,30460.0,40000.0,40950.0,39500.0,40500.0,24000.0
2000-09-15,30384.0,39900.0,40400.0,39200.0,39200.0,28700.0
2000-09-18,28404.0,37300.0,40200.0,36200.0,39850.0,32400.0
2000-09-19,30079.0,39500.0,39500.0,36000.0,36000.0,14000.0
2000-09-20,30689.0,40300.0,41500.0,39000.0,41500.0,31500.0
2000-09-21,30689.0,40300.0,41000.0,39300.0,40050.0,14900.0
2000-09-22,30460.0,40000.0,40200.0,39400.0,39500.0,20400.0
2000-09-25,31222.0,41000.0,42800.0,39500.0,39500.0,30900.0
2000-09-26,31831.0,41800.0,41800.0,40150.0,41000.0,23600.0
2000-09-27,31831.0,41800.0,42200.0,41000.0,41200.0,27600.0
2000-09-28,31793.0,41750.0,43000.0,41150.0,43000.0,29000.0
2000-09-29,31907.0,41900.0,41900.0,40550.0,41750.0,19400.0
2000-10-02,31526.0,41400.0,41800.0,40700.0,41000.0,6400.0
2000-10-03,31526.0,41400.0,41400.0,41400.0,41400.0,0.0
2000-10-04,31602.0,41500.0,41500.0,40800.0,41400.0,8900.0
2000-10-05,31298.0,41100.0,41600.0,41000.0,41600.0,11400.0
2000-10-06,31679.0,41600.0,42500.0,40600.0,41000.0,17000.0
2000-10-09,30841.0,40500.0,41200.0,40500.0,41000.0,11100.0
2000-10-10,31222.0,41000.0,41100.0,40150.0,41100.0,6600.0
2000-10-11,31755.0,41700.0,41700.0,40200.0,40550.0,18800.0
2000-10-12,31222.0,41000.0,42200.0,41000.0,42100.0,108600.0
2000-10-13,31222.0,41000.0,41700.0,40500.0,40900.0,55500.0
2000-10-16,31222.0,41000.0,41000.0,41000.0,41000.0,0.0
2000-10-17,32440.0,42600.0,44300.0,42000.0,42000.0,156900.0
2000-10-18,32745.0,43000.0,43400.0,41700.0,42700.0,88600.0
2000-10-19,33506.0,44000.0,44900.0,42500.0,42500.0,80500.0
2000-10-20,33125.0,43500.0,44700.0,43200.0,43200.0,63000.0
2000-10-23,33125.0,43500.0,44600.0,43150.0,44100.0,33000.0
2000-10-24,33278.0,43700.0,45600.0,43600.0,45000.0,101700.0
2000-10-25,33125.0,43500.0,43900.0,42800.0,43700.0,34400.0
2000-10-26,33125.0,43500.0,43500.0,42600.0,43000.0,24700.0
2000-10-27,33125.0,43500.0,43500.0,43500.0,43500.0,0.0
2000-10-30,32745.0,43000.0,43200.0,42000.0,42700.0,24600.0
2000-10-31,32707.0,42950.0,43000.0,41800.0,42200.0,21100.0
2000-11-01,34268.0,45000.0,45000.0,42500.0,43400.0,124800.0
2000-11-02,34230.0,44950.0,45300.0,44600.0,44800.0,50900.0
2000-11-03,33506.0,44000.0,45500.0,43900.0,45000.0,34600.0
2000-11-06,33811.0,44400.0,45200.0,44000.0,45200.0,38100.0
2000-11-07,33354.0,43800.0,44800.0,43600.0,44800.0,21700.0
2000-11-08,33354.0,43800.0,44500.0,43600.0,43800.0,14600.0
2000-11-09,33735.0,44300.0,44400.0,43650.0,43800.0,33000.0
2000-11-10,34344.0,45100.0,45500.0,43850.0,44300.0,53200.0
2000-11-13,34154.0,44850.0,45200.0,44200.0,45200.0,30600.0
2000-11-14,35105.0,46100.0,46800.0,44600.0,45000.0,70900.0
2000-11-15,35334.0,46400.0,47500.0,46200.0,46500.0,110300.0
2000-11-16,35791.0,47000.0,48000.0,46500.0,48000.0,82100.0
2000-11-17,35791.0,47000.0,47700.0,46500.0,47600.0,65200.0
2000-11-20,35791.0,47000.0,47350.0,46800.0,47000.0,53600.0
2000-11-21,35524.0,46650.0,47700.0,46150.0,47000.0,69400.0
2000-11-22,36172.0,47500.0,47700.0,46500.0,47000.0,94500.0
2000-11-23,35410.0,46500.0,47700.0,46200.0,47700.0,27800.0
2000-11-24,35753.0,46950.0,47000.0,46200.0,46500.0,15400.0
2000-11-27,36552.0,48000.0,48300.0,47300.0,47500.0,53100.0
2000-11-28,36552.0,48000.0,49400.0,47800.0,48000.0,50500.0
2000-11-29,36552.0,48000.0,49000.0,47350.0,48000.0,30000.0
2000-11-30,36324.0,47700.0,48700.0,46500.0,48500.0,24700.0
2000-12-01,36324.0,47700.0,47900.0,43500.0,43500.0,18900.0
2000-12-04,34877.0,45800.0,48600.0,45500.0,48200.0,46400.0
2000-12-05,34192.0,44900.0,46000.0,44400.0,45600.0,39100.0
2000-12-06,33582.0,44100.0,45900.0,44000.0,45000.0,100500.0
2000-12-07,33735.0,44300.0,44600.0,43500.0,44200.0,24700.0
2000-12-08,33735.0,44300.0,45200.0,44000.0,44500.0,27800.0
2000-12-11,34268.0,45000.0,45150.0,43800.0,45000.0,29200.0
2000-12-12,33887.0,44500.0,44900.0,44000.0,44600.0,12100.0
2000-12-13,33887.0,44500.0,44800.0,43800.0,44500.0,40500.0
2000-12-14,33506.0,44000.0,44700.0,43600.0,43900.0,33200.0
2000-12-15,33506.0,44000.0,44000.0,43300.0,43750.0,33700.0
2000-12-18,34039.0,44700.0,45350.0,43200.0,43200.0,25000.0
2000-12-19,34115.0,44800.0,45000.0,44000.0,44100.0,16700.0
2000-12-20,34192.0,44900.0,45300.0,43700.0,44300.0,29400.0
2000-12-21,34268.0,45000.0,45500.0,44700.0,44900.0,46900.0
2000-12-22,34268.0,45000.0,45800.0,44250.0,45100.0,49600.0
2000-12-26,34268.0,45000.0,45700.0,44600.0,45700.0,29100.0
2001-01-02,34268.0,45000.0,45400.0,44950.0,45000.0,32900.0
2001-01-03,34192.0,44900.0,45400.0,44500.0,45400.0,45600.0
2001-01-04,34192.0,44900.0,46000.0,44700.0,45100.0,84700.0
2001-01-05,33468.0,43950.0,44800.0,43600.0,44600.0,66200.0
2001-01-08,33506.0,44000.0,44400.0,43300.0,43500.0,49300.0
2001-01-09,33125.0,43500.0,43800.0,43200.0,43500.0,53500.0
2001-01-10,32440.0,42600.0,43800.0,42200.0,43000.0,61300.0
2001-01-11,31793.0,41750.0,43400.0,41200.0,42300.0,66800.0
2001-01-12,32669.0,42900.0,43450.0,41350.0,42400.0,103100.0
2001-01-15,32516.0,42700.0,43700.0,42500.0,43200.0,98300.0
2001-01-16,31793.0,41750.0,43050.0,41700.0,43050.0,45600.0
2001-01-17,32745.0,43000.0,43200.0,41750.0,41900.0,54800.0
2001-01-18,33125.0,43500.0,43700.0,42700.0,43700.0,70500.0
2001-01-19,32326.0,42450.0,43350.0,42400.0,43000.0,33100.0
2001-01-22,32288.0,42400.0,42800.0,42000.0,42450.0,27600.0
2001-01-26,32364.0,42500.0,44800.0,41600.0,42500.0,99300.0
2001-01-29,32440.0,42600.0,43300.0,42550.0,42550.0,45800.0
2001-01-30,32745.0,43000.0,43400.0,42700.0,42900.0,37800.0
2001-01-31,33506.0,44000.0,45200.0,43400.0,43750.0,91000.0
2001-02-01,33582.0,44100.0,45000.0,43850.0,45000.0,57500.0
2001-02-02,33125.0,43500.0,44400.0,43100.0,43100.0,37200.0
2001-02-05,32745.0,43000.0,43500.0,42700.0,42700.0,22300.0
2001-02-06,32973.0,43300.0,43800.0,42800.0,42800.0,12600.0
2001-02-07,33125.0,43500.0,44000.0,43100.0,43300.0,21100.0
2001-02-08,34192.0,44900.0,45100.0,43350.0,43500.0,63600.0
2001-02-09,34420.0,45200.0,45500.0,44000.0,44800.0,27800.0
2001-02-12,34496.0,45300.0,45700.0,44300.0,44300.0,28100.0
2001-02-13,33887.0,44500.0,45600.0,44000.0,44800.0,27500.0
2001-02-14,33887.0,44500.0,45000.0,44100.0,44900.0,25300.0
2001-02-15,33544.0,44050.0,44900.0,44000.0,44500.0,23300.0
2001-02-16,33506.0,44000.0,44300.0,43700.0,44100.0,13200.0
2001-02-19,33887.0,44500.0,44700.0,43500.0,44100.0,19600.0
2001-02-20,35029.0,46000.0,46800.0,44400.0,44500.0,85400.0
2001-02-21,35182.0,46200.0,46750.0,45500.0,46000.0,59000.0
2001-02-22,35410.0,46500.0,46750.0,45800.0,46500.0,95700.0
2001-02-23,37276.0,48950.0,49500.0,46600.0,46600.0,179600.0
2001-02-26,37580.0,49350.0,49400.0,48600.0,49400.0,33900.0
2001-02-27,37314.0,49000.0,49700.0,47000.0,49300.0,39300.0
2001-02-28,37314.0,49000.0,49500.0,48500.0,49000.0,9200.0
2001-03-02,37771.0,49600.0,50500.0,49000.0,49500.0,81800.0
2001-03-05,37923.0,49800.0,50100.0,48900.0,49700.0,24000.0
2001-03-06,37923.0,49800.0,49800.0,48400.0,49500.0,33200.0
2001-03-07,37238.0,48900.0,49300.0,48100.0,49300.0,46000.0
2001-03-08,36857.0,48400.0,48900.0,47700.0,48900.0,19200.0
2001-03-09,36552.0,48000.0,48900.0,47600.0,48900.0,14900.0
2001-03-12,36019.0,47300.0,48300.0,47300.0,47900.0,22700.0
2001-03-13,36705.0,48200.0,49000.0,47300.0,47600.0,53000.0
2001-03-15,37238.0,48900.0,48900.0,47150.0,48000.0,13900.0
2001-03-16,37314.0,49000.0,49400.0,48400.0,48900.0,18700.0
2001-03-19,36552.0,48000.0,49000.0,47800.0,48700.0,27000.0
2001-03-20,36248.0,47600.0,48000.0,46900.0,48000.0,44700.0
2001-03-21,35410.0,46500.0,47300.0,46300.0,46500.0,15400.0
2001-03-22,35334.0,46400.0,46500.0,45650.0,46100.0,39500.0
2001-03-23,35258.0,46300.0,47300.0,45700.0,46350.0,23200.0
2001-03-26,35639.0,46800.0,47100.0,45500.0,45700.0,35600.0
2001-03-27,35639.0,46800.0,46800.0,45800.0,46800.0,28800.0
2001-03-28,36019.0,47300.0,47600.0,46300.0,47000.0,35100.0
2001-03-29,35029.0,46000.0,47000.0,46000.0,46500.0,41700.0
2001-03-30,33506.0,44000.0,46100.0,43800.0,46100.0,48000.0
2001-04-02,31488.0,41350.0,43500.0,40900.0,42900.0,128500.0
2001-04-03,30689.0,40300.0,41300.0,39600.0,41300.0,91900.0
2001-04-04,30460.0,40000.0,40300.0,39000.0,39300.0,108100.0
2001-04-06,30460.0,40000.0,40900.0,39900.0,40600.0,72400.0
2001-04-09,30917.0,40600.0,41700.0,40200.0,40400.0,41600.0
2001-04-10,30917.0,40600.0,41400.0,40100.0,41000.0,12200.0
2001-04-11,31374.0,41200.0,41250.0,40400.0,40800.0,44400.0
2001-04-12,30841.0,40500.0,41500.0,40500.0,41500.0,27300.0
2001-04-13,31146.0,40900.0,41000.0,40000.0,40500.0,14200.0
2001-04-16,31450.0,41300.0,41500.0,40400.0,40500.0,32100.0
2001-04-17,30917.0,40600.0,41000.0,40400.0,40500.0,63800.0
2001-04-18,30841.0,40500.0,40850.0,40250.0,40500.0,52100.0
2001-04-19,30917.0,40600.0,41600.0,40550.0,41300.0,93600.0
2001-04-20,30689.0,40300.0,41100.0,40200.0,40600.0,62600.0
2001-04-23,30803.0,40450.0,40700.0,39900.0,40500.0,65000.0
2001-04-24,30460.0,40000.0,40350.0,40000.0,40300.0,48300.0
2001-04-25,30536.0,40100.0,40300.0,39900.0,40000.0,64100.0
2001-04-26,30536.0,40100.0,40300.0,39900.0,40000.0,64100.0
2001-04-27,30612.0,40200.0,40300.0,40000.0,40200.0,45100.0
2001-04-30,30917.0,40600.0,41000.0,40000.0,40000.0,160700.0
2001-05-02,31069.0,40800.0,40850.0,40350.0,40800.0,71200.0
2001-05-03,30841.0,40500.0,41200.0,40500.0,41000.0,83000.0
2001-05-04,32364.0,42500.0,42500.0,40350.0,40700.0,89500.0
2001-05-07,32364.0,42500.0,42900.0,41600.0,42500.0,53200.0
2001-05-08,33049.0,43400.0,44100.0,42600.0,43400.0,124300.0
2001-05-09,33506.0,44000.0,45500.0,43600.0,44000.0,275400.0
2001-05-10,35258.0,46300.0,46300.0,43700.0,44200.0,182800.0
2001-05-11,35486.0,46600.0,49500.0,45000.0,47200.0,257300.0
2001-05-14,35791.0,47000.0,47850.0,45550.0,47850.0,55500.0
2001-05-15,35715.0,46900.0,47100.0,46400.0,47100.0,28800.0
2001-05-16,35105.0,46100.0,48700.0,46000.0,46500.0,63200.0
2001-05-17,35448.0,46550.0,47100.0,46200.0,46800.0,51900.0
2001-05-18,35448.0,46550.0,46550.0,45050.0,46300.0,44600.0
2001-05-21,35410.0,46500.0,47100.0,46000.0,46850.0,47400.0
2001-05-22,34649.0,45500.0,47300.0,45300.0,47300.0,70700.0
2001-05-23,34953.0,45900.0,46350.0,45600.0,45800.0,56200.0
2001-05-24,35029.0,46000.0,46000.0,45000.0,45800.0,26700.0
2001-05-25,34953.0,45900.0,46500.0,45500.0,46000.0,90000.0
2001-05-28,35029.0,46000.0,46600.0,45900.0,46000.0,111100.0
2001-05-29,36552.0,48000.0,48300.0,46050.0,46400.0,74500.0
2001-05-30,37085.0,48700.0,49500.0,48200.0,49000.0,88000.0
2001-05-31,38075.0,50000.0,51000.0,47800.0,47800.0,89200.0
2001-06-01,37923.0,49800.0,51200.0,48500.0,50800.0,33900.0
2001-06-04,39598.0,52000.0,52700.0,48500.0,49700.0,78300.0
2001-06-05,38228.0,50200.0,52800.0,50200.0,52800.0,26300.0
2001-06-07,38304.0,50300.0,51000.0,49100.0,49350.0,37100.0
2001-06-08,38228.0,50200.0,51700.0,50000.0,50700.0,39800.0
2001-06-11,39218.0,51500.0,52100.0,50300.0,51100.0,38800.0
2001-06-12,42111.0,55300.0,56600.0,51600.0,52000.0,88200.0
2001-06-13,41959.0,55100.0,57300.0,54000.0,55600.0,80200.0
2001-06-14,42035.0,55200.0,56300.0,54300.0,55300.0,44400.0
2001-06-15,41807.0,54900.0,55200.0,54200.0,54500.0,25300.0
2001-06-18,41426.0,54400.0,55400.0,53800.0,55200.0,24100.0
2001-06-19,40969.0,53800.0,55000.0,53600.0,54400.0,27900.0
2001-06-20,40436.0,53100.0,53900.0,52500.0,53900.0,12100.0
2001-06-21,40741.0,53500.0,53900.0,52100.0,52100.0,25000.0
2001-06-22,41121.0,54000.0,54200.0,52800.0,53100.0,13900.0
2001-06-25,41121.0,54000.0,55500.0,54000.0,54000.0,38700.0
2001-06-26,41121.0,54000.0,54500.0,53500.0,54000.0,36700.0
2001-06-27,40284.0,52900.0,54800.0,52200.0,54000.0,50500.0
2001-06-28,40635.0,52100.0,52700.0,51000.0,51000.0,25600.0
2001-06-29,39933.0,51200.0,52500.0,50600.0,52100.0,33100.0
2001-07-02,39543.0,50700.0,51400.0,49600.0,50800.0,41100.0
2001-07-03,38958.0,49950.0,50500.0,49600.0,50100.0,35300.0
2001-07-04,39387.0,50500.0,51000.0,49600.0,49600.0,41100.0
2001-07-05,39855.0,51100.0,51200.0,50000.0,51000.0,59200.0
2001-07-06,39855.0,51100.0,51500.0,50100.0,50100.0,86800.0
2001-07-09,39855.0,51100.0,51600.0,50300.0,51000.0,68100.0
2001-07-10,40167.0,51500.0,51500.0,50800.0,51300.0,37400.0
2001-07-11,39855.0,51100.0,51500.0,50500.0,51000.0,24800.0
2001-07-12,39387.0,50500.0,51700.0,44000.0,51700.0,26300.0
2001-07-13,39387.0,50500.0,51100.0,50200.0,51000.0,18900.0
2001-07-16,39777.0,51000.0,51500.0,49900.0,51000.0,15100.0
2001-07-18,38217.0,49000.0,51400.0,49000.0,51100.0,18900.0
2001-07-19,37905.0,48600.0,50000.0,48500.0,48500.0,20500.0
2001-07-20,36657.0,47000.0,48000.0,45800.0,48000.0,46800.0
2001-07-23,35097.0,45000.0,47000.0,44600.0,45200.0,37900.0
2001-07-24,34473.0,44200.0,45050.0,43200.0,44100.0,54300.0
2001-07-25,34863.0,44700.0,44800.0,43350.0,44000.0,29100.0
2001-07-26,34785.0,44600.0,45000.0,44100.0,44600.0,25400.0
2001-07-27,35331.0,45300.0,46000.0,44400.0,46000.0,48200.0
2001-07-30,35097.0,45000.0,45900.0,44700.0,45800.0,17000.0
2001-07-31,36150.0,46350.0,46600.0,45000.0,45400.0,54200.0
2001-08-01,36969.0,47400.0,47700.0,46000.0,47000.0,60300.0
2001-08-02,37827.0,48500.0,48500.0,47100.0,47500.0,28600.0
2001-08-03,37827.0,48500.0,48800.0,47800.0,48500.0,46600.0
2001-08-06,38373.0,49200.0,49800.0,48000.0,48500.0,24800.0
2001-08-07,38997.0,50000.0,50400.0,48600.0,49450.0,47400.0
2001-08-08,38763.0,49700.0,50800.0,49200.0,50000.0,21100.0
2001-08-09,38685.0,49600.0,50600.0,49400.0,49600.0,50600.0
2001-08-10,38997.0,50000.0,50500.0,49350.0,50500.0,14000.0
2001-08-13,38607.0,49500.0,51000.0,49300.0,51000.0,10200.0
2001-08-14,39777.0,51000.0,51300.0,49000.0,49550.0,17200.0
2001-08-16,39855.0,51100.0,51200.0,49200.0,50000.0,31800.0
2001-08-17,39777.0,51000.0,51000.0,50000.0,50000.0,12800.0
2001-08-20,38529.0,49400.0,51000.0,49000.0,51000.0,17000.0
2001-08-21,38529.0,49400.0,50000.0,49300.0,49500.0,13300.0
2001-08-22,39855.0,51100.0,51100.0,48800.0,48900.0,16000.0
2001-08-23,40479.0,51900.0,52400.0,50700.0,51100.0,17000.0
2001-08-24,40557.0,52000.0,52400.0,51400.0,51900.0,26400.0
2001-08-27,42039.0,53900.0,54300.0,51500.0,54000.0,50400.0
2001-08-28,42117.0,54000.0,54300.0,53000.0,54000.0,28300.0
2001-08-29,42117.0,54000.0,54500.0,52900.0,53700.0,30500.0
2001-08-30,41415.0,53100.0,54000.0,53000.0,53300.0,9700.0
2001-08-31,40557.0,52000.0,52800.0,51000.0,51900.0,25100.0
2001-09-03,40557.0,52000.0,52500.0,51000.0,52500.0,6200.0
2001-09-04,40635.0,52100.0,52400.0,51300.0,52000.0,13500.0
2001-09-05,40557.0,52000.0,53000.0,51700.0,52700.0,17500.0
2001-09-06,40557.0,52000.0,52700.0,51900.0,51900.0,18100.0
2001-09-07,40557.0,52000.0,52400.0,51500.0,52000.0,14100.0
2001-09-10,40557.0,52000.0,52100.0,51300.0,52000.0,11900.0
2001-09-11,39933.0,51200.0,52000.0,51200.0,51700.0,37300.0
2001-09-12,37047.0,47500.0,52900.0,45100.0,48600.0,67800.0
2001-09-13,38217.0,49000.0,51900.0,48000.0,50000.0,73600.0
2001-09-14,37827.0,48500.0,49900.0,48050.0,49900.0,29500.0
2001-09-17,37086.0,47550.0,49000.0,46900.0,48000.0,20300.0
2001-09-18,38061.0,48800.0,49500.0,47600.0,47600.0,29200.0
2001-09-19,40167.0,51500.0,51500.0,49000.0,49000.0,68200.0
2001-09-20,40479.0,51900.0,51900.0,50100.0,51500.0,50800.0
2001-09-21,42819.0,54900.0,56500.0,51000.0,52000.0,123600.0
2001-09-25,43677.0,56000.0,57300.0,55700.0,56000.0,124900.0
2001-09-26,43989.0,56400.0,57500.0,55300.0,55300.0,31200.0
2001-09-27,45626.0,58500.0,58500.0,56900.0,57000.0,109300.0
2001-10-04,46952.0,60200.0,62800.0,58100.0,62800.0,75800.0
2001-10-05,46016.0,59000.0,60800.0,58500.0,60600.0,43100.0
2001-10-08,46016.0,59000.0,59400.0,57500.0,58900.0,46900.0
2001-10-09,46016.0,59000.0,59500.0,58500.0,59100.0,36500.0
2001-10-10,46016.0,59000.0,59500.0,57700.0,59000.0,30100.0
2001-10-11,47966.0,61500.0,62000.0,58500.0,59400.0,68400.0
2001-10-12,48356.0,62000.0,63500.0,60500.0,61500.0,116800.0
2001-10-15,49136.0,63000.0,64400.0,62000.0,62000.0,50000.0
2001-10-16,48512.0,62200.0,62900.0,61800.0,62500.0,33400.0
2001-10-17,46718.0,59900.0,62200.0,59700.0,62200.0,135000.0
2001-10-18,46094.0,59100.0,60000.0,58500.0,60000.0,31600.0
2001-10-19,47186.0,60500.0,61100.0,58600.0,59100.0,34300.0
2001-10-22,46094.0,59100.0,60400.0,58700.0,59200.0,58300.0
2001-10-23,46328.0,59400.0,60400.0,59100.0,60400.0,18300.0
2001-10-24,46172.0,59200.0,59200.0,58300.0,58500.0,25600.0
2001-10-25,45548.0,58400.0,59400.0,58400.0,58800.0,42800.0
2001-10-26,46016.0,59000.0,59100.0,58400.0,58900.0,34000.0
2001-10-29,45236.0,58000.0,58700.0,57600.0,58500.0,56900.0
2001-10-30,45314.0,58100.0,58500.0,57500.0,57500.0,14700.0
2001-10-31,45626.0,58500.0,58500.0,57700.0,57800.0,33900.0
2001-11-01,45860.0,58800.0,59200.0,57900.0,58100.0,11400.0
2001-11-02,46484.0,59600.0,60000.0,59000.0,59400.0,20700.0
2001-11-05,46640.0,59800.0,59900.0,59200.0,59500.0,16800.0
2001-11-06,46640.0,59800.0,61000.0,59300.0,61000.0,42900.0
2001-11-07,45626.0,58500.0,59800.0,57900.0,59800.0,58700.0
2001-11-08,45392.0,58200.0,58800.0,57500.0,58500.0,62600.0
2001-11-12,44768.0,57400.0,57700.0,57200.0,57400.0,33100.0
2001-11-13,43677.0,56000.0,57800.0,55800.0,57000.0,66900.0
2001-11-14,43521.0,55800.0,56700.0,55300.0,56100.0,123800.0
2001-11-15,43911.0,56300.0,56700.0,55600.0,56000.0,88500.0
2001-11-16,45236.0,58000.0,58200.0,56600.0,57000.0,84700.0
2001-11-19,46718.0,59900.0,60000.0,57900.0,58000.0,125400.0
2001-11-20,46406.0,59500.0,61300.0,59300.0,60000.0,86700.0
2001-11-21,46796.0,60000.0,60800.0,58600.0,58600.0,57100.0
2001-11-22,48122.0,61700.0,62400.0,59700.0,60500.0,97100.0
2001-11-23,48200.0,61800.0,63500.0,60700.0,62200.0,85100.0
2001-11-26,49370.0,63300.0,63800.0,61600.0,62900.0,137700.0
2001-11-27,49370.0,63300.0,64300.0,63000.0,63000.0,60900.0
2001-11-28,47342.0,60700.0,64900.0,60500.0,63300.0,77400.0
2001-11-29,47810.0,61300.0,63000.0,60100.0,60100.0,35200.0
2001-11-30,48356.0,62000.0,63900.0,61300.0,63900.0,66600.0
2001-12-03,50618.0,64900.0,66900.0,62200.0,62200.0,121200.0
2001-12-04,49916.0,64000.0,65600.0,63400.0,65500.0,59900.0
2001-12-05,50150.0,64300.0,64800.0,63400.0,64500.0,74100.0
2001-12-06,48746.0,62500.0,65300.0,60900.0,64300.0,105500.0
2001-12-07,49136.0,63000.0,64100.0,61600.0,62900.0,77700.0
2001-12-10,48434.0,62100.0,63800.0,59200.0,63000.0,78600.0
2001-12-11,48746.0,62500.0,63500.0,60200.0,60200.0,70300.0
2001-12-12,52568.0,67400.0,68000.0,62600.0,63400.0,143900.0
2001-12-13,52568.0,67400.0,68500.0,66200.0,67600.0,154900.0
2001-12-14,54596.0,70000.0,70800.0,66100.0,67400.0,158100.0
2001-12-17,56546.0,72500.0,74600.0,70000.0,71300.0,237700.0
2001-12-18,56156.0,72000.0,77700.0,71200.0,73600.0,229000.0
2001-12-19,57638.0,73900.0,77000.0,72000.0,72500.0,204700.0
2001-12-20,56936.0,73000.0,76000.0,72700.0,74900.0,148300.0
2001-12-21,55376.0,71000.0,75000.0,70700.0,73100.0,86500.0
2001-12-24,55454.0,71100.0,72200.0,69400.0,71000.0,80900.0
2001-12-26,55142.0,70700.0,71900.0,70000.0,70800.0,72100.0
2001-12-27,55969.0,71000.0,72400.0,69500.0,69700.0,68200.0
2001-12-28,56837.0,72100.0,73400.0,70100.0,70100.0,108300.0
2002-01-02,60069.0,76200.0,76400.0,71600.0,73500.0,120900.0
2002-01-04,60226.0,76400.0,79000.0,75500.0,78900.0,104300.0
2002-01-07,59911.0,76000.0,77400.0,75200.0,77200.0,63500.0
2002-01-08,59202.0,75100.0,76000.0,74800.0,75000.0,56000.0
2002-01-09,59911.0,76000.0,76100.0,74100.0,74100.0,46100.0
2002-01-10,58334.0,74000.0,75800.0,73900.0,75100.0,66100.0
2002-01-11,58334.0,74000.0,74700.0,73500.0,74700.0,34700.0
2002-01-14,58571.0,74300.0,75900.0,74000.0,74000.0,28600.0
2002-01-15,57152.0,72500.0,74500.0,72400.0,74500.0,33300.0
2002-01-16,57152.0,72500.0,74400.0,71000.0,72500.0,42000.0
2002-01-17,56994.0,72300.0,74500.0,72000.0,72500.0,53100.0
2002-01-18,59123.0,75000.0,76000.0,72600.0,73800.0,72700.0
2002-01-21,59359.0,75300.0,76800.0,73800.0,75900.0,31400.0
2002-01-22,61488.0,78000.0,82000.0,75000.0,75800.0,84800.0
2002-01-23,63853.0,81000.0,82500.0,78500.0,79500.0,120600.0
2002-01-24,63853.0,81000.0,83000.0,80400.0,83000.0,76300.0
2002-01-25,63064.0,80000.0,81400.0,79500.0,81000.0,110400.0
2002-01-28,63064.0,80000.0,82300.0,79300.0,80000.0,69700.0
2002-01-29,61882.0,78500.0,80000.0,78400.0,80000.0,63900.0
2002-01-30,60305.0,76500.0,78300.0,76500.0,77000.0,67100.0
2002-02-01,63537.0,80600.0,82200.0,79100.0,80800.0,74500.0
2002-02-04,62749.0,79600.0,80500.0,78900.0,80500.0,35900.0
2002-02-05,62749.0,79600.0,79900.0,77000.0,78800.0,21300.0
2002-02-06,62434.0,79200.0,79900.0,78700.0,79600.0,36900.0
2002-02-07,63143.0,80100.0,82400.0,78100.0,78700.0,83200.0
2002-02-08,62670.0,79500.0,80500.0,78600.0,80500.0,56600.0
2002-02-14,64247.0,81500.0,81900.0,79600.0,79600.0,48800.0
2002-02-15,64247.0,81500.0,82500.0,81000.0,81000.0,76100.0
2002-02-18,63458.0,80500.0,82300.0,79600.0,82000.0,57000.0
2002-02-19,61961.0,78600.0,80700.0,78500.0,80500.0,44300.0
2002-02-20,62197.0,78900.0,79600.0,78100.0,78600.0,37800.0
2002-02-21,61645.0,78200.0,80000.0,78200.0,79000.0,33000.0
2002-02-22,62670.0,79500.0,80000.0,78000.0,78900.0,39200.0
2002-02-25,63301.0,80300.0,80900.0,79700.0,79700.0,27800.0
2002-02-26,62907.0,79800.0,81800.0,79800.0,80500.0,49000.0
2002-02-27,63695.0,80800.0,81000.0,79700.0,79900.0,35500.0
2002-02-28,63064.0,80000.0,81800.0,79900.0,81800.0,42800.0
2002-03-04,64247.0,81500.0,81500.0,80000.0,80400.0,64800.0
2002-03-05,63853.0,81000.0,82500.0,80200.0,81700.0,79000.0
2002-03-06,64168.0,81400.0,82000.0,80800.0,82000.0,59800.0
2002-03-07,65429.0,83000.0,84000.0,80800.0,82000.0,71200.0
2002-03-08,68425.0,86800.0,89400.0,83000.0,83000.0,111200.0
2002-03-11,67400.0,85500.0,87000.0,84300.0,86800.0,61400.0
2002-03-12,70317.0,89200.0,89900.0,84700.0,85000.0,91000.0
2002-03-13,70474.0,89400.0,89500.0,86000.0,86000.0,45800.0
2002-03-14,71736.0,91000.0,91500.0,88000.0,89400.0,67500.0
2002-03-15,78515.0,99600.0,99900.0,91500.0,91500.0,123000.0
2002-03-18,78200.0,99200.0,102000.0,97200.0,101500.0,64700.0
2002-03-19,81195.0,103000.0,104500.0,98100.0,99200.0,64400.0
2002-03-20,78042.0,99000.0,106000.0,99000.0,103000.0,86500.0
2002-03-21,76466.0,97000.0,100000.0,96000.0,98000.0,36300.0
2002-03-22,74495.0,94500.0,97000.0,94000.0,95100.0,54500.0
2002-03-25,72130.0,91500.0,94400.0,91500.0,94400.0,62200.0
2002-03-26,74101.0,94000.0,95100.0,91200.0,91200.0,76400.0
2002-03-27,74889.0,95000.0,96000.0,94000.0,94200.0,51500.0
2002-03-28,74889.0,95000.0,97000.0,95000.0,96400.0,53600.0
2002-03-29,74101.0,94000.0,96400.0,93100.0,96400.0,53100.0
2002-04-01,74022.0,93900.0,95700.0,92400.0,94100.0,74000.0
2002-04-02,74574.0,94600.0,96000.0,90800.0,91000.0,32100.0
2002-04-03,75914.0,96300.0,96800.0,94700.0,95000.0,120200.0
2002-04-04,76781.0,97400.0,99500.0,96300.0,98100.0,40900.0
2002-04-08,74889.0,95000.0,97800.0,95000.0,95900.0,37600.0
2002-04-09,74889.0,95000.0,97400.0,95000.0,95000.0,44700.0
2002-04-10,72918.0,92500.0,95700.0,92500.0,95000.0,57800.0
2002-04-11,72760.0,92300.0,94800.0,90300.0,92500.0,78800.0
2002-04-12,74179.0,94100.0,94600.0,92000.0,92300.0,37300.0
2002-04-15,77017.0,97700.0,97700.0,94100.0,95000.0,30800.0
2002-04-16,77490.0,98300.0,99000.0,96000.0,99000.0,27100.0
2002-04-17,77254.0,98000.0,99400.0,97600.0,98700.0,38900.0
2002-04-18,77254.0,98000.0,99600.0,97000.0,99400.0,33800.0
2002-04-19,75677.0,96000.0,98000.0,95900.0,98000.0,20800.0
2002-04-22,74889.0,95000.0,98900.0,93100.0,95000.0,42000.0
2002-04-23,74101.0,94000.0,95800.0,92000.0,92000.0,31800.0
2002-04-24,74101.0,94000.0,95000.0,92100.0,92500.0,23100.0
2002-04-25,74101.0,94000.0,95200.0,92000.0,95200.0,30500.0
2002-04-26,74101.0,94000.0,95900.0,94000.0,94500.0,21400.0
2002-04-29,71736.0,91000.0,94000.0,90200.0,93000.0,21900.0
2002-04-30,71736.0,91000.0,93000.0,90500.0,90500.0,22700.0
2002-05-02,72839.0,92400.0,93800.0,91500.0,93800.0,20700.0
2002-05-03,71814.0,91100.0,92300.0,90700.0,91500.0,20500.0
2002-05-06,72760.0,92300.0,92300.0,89100.0,91600.0,12000.0
2002-05-07,72445.0,91900.0,92500.0,91000.0,91300.0,10900.0
2002-05-08,74258.0,94200.0,94200.0,92000.0,92000.0,16700.0
2002-05-09,73076.0,92700.0,98800.0,92700.0,95000.0,46400.0
2002-05-10,72760.0,92300.0,93300.0,90900.0,92700.0,25200.0
2002-05-13,72366.0,91800.0,92200.0,90800.0,90800.0,13100.0
2002-05-14,71736.0,91000.0,92700.0,87200.0,87200.0,20400.0
2002-05-15,72445.0,91900.0,92700.0,90500.0,91100.0,31700.0
2002-05-16,72524.0,92000.0,92500.0,91100.0,92500.0,22300.0
2002-05-17,72130.0,91500.0,92300.0,91000.0,91200.0,72300.0
2002-05-20,71499.0,90700.0,92000.0,90700.0,91100.0,38200.0
2002-05-21,70553.0,89500.0,91600.0,89100.0,91600.0,23800.0
2002-05-22,72287.0,91700.0,91700.0,88500.0,89500.0,20000.0
2002-05-23,71736.0,91000.0,91800.0,89700.0,90600.0,31500.0
2002-05-24,71578.0,90800.0,91500.0,89600.0,91000.0,32200.0
2002-05-27,70947.0,90000.0,91500.0,89300.0,90000.0,17800.0
2002-05-28,70947.0,90000.0,90700.0,89000.0,90700.0,22800.0
2002-05-29,70159.0,89000.0,89800.0,88300.0,88500.0,28700.0
2002-05-30,70159.0,89000.0,89500.0,88000.0,88800.0,9100.0
2002-05-31,70159.0,89000.0,90800.0,88300.0,89000.0,15500.0
2002-06-03,69765.0,88500.0,90500.0,87500.0,89000.0,17000.0
2002-06-04,70159.0,89000.0,89000.0,86800.0,88500.0,13600.0
2002-06-05,69292.0,87900.0,88500.0,87200.0,88500.0,11800.0
2002-06-07,67242.0,85300.0,86200.0,84900.0,86200.0,22600.0
2002-06-10,67400.0,85500.0,86900.0,85500.0,85500.0,8900.0
2002-06-11,67479.0,85600.0,86500.0,83400.0,85500.0,20300.0
2002-06-12,66217.0,84000.0,85000.0,83200.0,85000.0,48700.0
2002-06-14,65272.0,82800.0,84500.0,82800.0,83500.0,13800.0
2002-06-17,62749.0,79600.0,83000.0,79500.0,82000.0,22000.0
2002-06-18,61488.0,78000.0,80700.0,77500.0,79500.0,56200.0
2002-06-19,60384.0,76600.0,79000.0,75500.0,79000.0,39400.0
2002-06-20,60148.0,76300.0,77000.0,65200.0,65500.0,32900.0
2002-06-21,60148.0,76300.0,76300.0,74000.0,76300.0,24500.0
2002-06-24,60699.0,77000.0,78000.0,74900.0,76400.0,23400.0
2002-06-25,61488.0,78000.0,78400.0,76000.0,77800.0,31400.0
2002-06-26,55181.0,70000.0,77000.0,66400.0,77000.0,27800.0
2002-06-27,55969.0,71000.0,74000.0,69500.0,71900.0,41300.0
2002-06-28,59517.0,75500.0,76500.0,71500.0,72000.0,21000.0
2002-07-02,62276.0,79000.0,79500.0,73600.0,75000.0,25900.0
2002-07-03,63695.0,80800.0,80800.0,78100.0,79000.0,34100.0
2002-07-04,67400.0,85500.0,85600.0,81000.0,82300.0,54000.0
2002-07-05,68425.0,86800.0,87000.0,83700.0,84800.0,26900.0
2002-07-08,65823.0,83500.0,86800.0,82300.0,86800.0,20100.0
2002-07-09,65350.0,82900.0,85200.0,81900.0,85200.0,22300.0
2002-07-10,66139.0,83900.0,85000.0,82800.0,84500.0,13600.0
2002-07-11,61566.0,78100.0,83900.0,78100.0,82100.0,19000.0
2002-07-12,66217.0,84000.0,84400.0,81500.0,83000.0,21900.0
2002-07-15,65429.0,83000.0,85200.0,81500.0,84500.0,21700.0
2002-07-16,64641.0,82000.0,85000.0,82000.0,85000.0,14900.0
2002-07-18,64326.0,81600.0,83600.0,81600.0,83000.0,14800.0
2002-07-19,64168.0,81400.0,81800.0,79100.0,81800.0,19000.0
2002-07-22,63537.0,80600.0,81200.0,75000.0,76600.0,25300.0
2002-07-23,64326.0,81600.0,81600.0,79800.0,80600.0,16800.0
2002-07-24,62276.0,79000.0,81000.0,77500.0,81000.0,13900.0
2002-07-25,62985.0,79900.0,81200.0,79900.0,80300.0,13600.0
2002-07-26,61488.0,78000.0,82100.0,76900.0,80500.0,19600.0
2002-07-29,60699.0,77000.0,78500.0,75800.0,77300.0,25500.0
2002-07-30,62118.0,78800.0,79900.0,77200.0,78800.0,14900.0
2002-07-31,62828.0,79700.0,80000.0,77000.0,78500.0,25600.0
2002-08-01,61251.0,77700.0,79500.0,77500.0,79000.0,16800.0
2002-08-02,61251.0,77700.0,79000.0,75300.0,76900.0,11300.0
2002-08-05,61251.0,77700.0,78600.0,77000.0,78200.0,11400.0
2002-08-06,62276.0,79000.0,80000.0,76500.0,76500.0,25900.0
2002-08-07,62118.0,78800.0,79700.0,77500.0,79500.0,9900.0
2002-08-08,60936.0,77300.0,78800.0,77200.0,78800.0,17200.0
2002-08-09,60699.0,77000.0,79200.0,77000.0,78000.0,17700.0
2002-08-12,60699.0,77000.0,78600.0,77000.0,77000.0,19700.0
2002-08-13,61566.0,78100.0,78100.0,76700.0,77000.0,10900.0
2002-08-14,62434.0,79200.0,79200.0,77000.0,77500.0,10800.0
2002-08-16,63458.0,80500.0,81000.0,79700.0,80000.0,17900.0
2002-08-19,63064.0,80000.0,81800.0,79000.0,80500.0,10300.0
2002-08-20,63774.0,80900.0,81600.0,80200.0,80200.0,14600.0
2002-08-21,62985.0,79900.0,80900.0,79500.0,80000.0,21500.0
2002-08-22,62197.0,78900.0,79900.0,78000.0,79900.0,46400.0
2002-08-26,60936.0,77300.0,78200.0,77100.0,77800.0,19200.0
2002-08-27,61015.0,77400.0,77500.0,76600.0,77200.0,36900.0
2002-08-28,61015.0,77400.0,78000.0,76600.0,76600.0,14400.0
2002-08-29,60620.0,76900.0,77500.0,76400.0,77500.0,26000.0
2002-08-30,61330.0,77800.0,77800.0,76100.0,76500.0,17300.0
2002-09-02,61803.0,78400.0,78500.0,77300.0,78500.0,26800.0
2002-09-03,60384.0,76600.0,78500.0,76500.0,78400.0,31400.0
2002-09-04,59123.0,75000.0,75900.0,74500.0,75100.0,42000.0
2002-09-05,59123.0,75000.0,76000.0,74500.0,75000.0,17800.0
2002-09-06,57546.0,73000.0,74600.0,73000.0,74000.0,20400.0
2002-09-09,57546.0,73000.0,74000.0,72800.0,73000.0,18100.0
2002-09-10,57861.0,73400.0,73900.0,72600.0,73300.0,19700.0
2002-09-11,58571.0,74300.0,75000.0,73400.0,74000.0,17400.0
2002-09-12,59517.0,75500.0,75900.0,74000.0,75500.0,28200.0
2002-09-13,58729.0,74500.0,74800.0,73600.0,74800.0,16200.0
2002-09-16,58571.0,74300.0,75900.0,73400.0,75900.0,13500.0
2002-09-17,59123.0,75000.0,75300.0,74100.0,74500.0,18100.0
2002-09-18,57783.0,73300.0,74800.0,72900.0,74100.0,21300.0
2002-09-19,58098.0,73700.0,74500.0,72700.0,72700.0,13200.0
2002-09-23,57231.0,72600.0,74100.0,71800.0,73700.0,18400.0
2002-09-24,56915.0,72200.0,73100.0,72100.0,72100.0,21100.0
2002-09-25,56837.0,72100.0,72900.0,71900.0,72500.0,30600.0
2002-09-26,56837.0,72100.0,73000.0,72000.0,72200.0,18500.0
2002-09-27,58098.0,73700.0,73700.0,72900.0,73000.0,25100.0
2002-09-30,56758.0,72000.0,73400.0,71000.0,73400.0,28300.0
2002-10-01,56600.0,71800.0,72000.0,69000.0,69000.0,18900.0
2002-10-02,56364.0,71500.0,73000.0,70500.0,72200.0,17000.0
2002-10-04,55575.0,70500.0,71500.0,69500.0,69500.0,25100.0
2002-10-07,55891.0,70900.0,70900.0,66000.0,69600.0,15600.0
2002-10-08,55181.0,70000.0,71400.0,69000.0,69000.0,14400.0
2002-10-09,54393.0,69000.0,71000.0,68000.0,71000.0,13000.0
2002-10-10,49663.0,63000.0,69900.0,63000.0,66500.0,45300.0
2002-10-11,48875.0,62000.0,65900.0,60000.0,65900.0,53100.0
2002-10-14,49348.0,62600.0,63500.0,62500.0,63000.0,35200.0
2002-10-15,52816.0,67000.0,67500.0,63200.0,63800.0,85700.0
2002-10-16,54629.0,69300.0,69600.0,66000.0,68900.0,45300.0
2002-10-17,54708.0,69400.0,70100.0,67000.0,68900.0,17500.0
2002-10-18,55969.0,71000.0,71300.0,69900.0,70000.0,15900.0
2002-10-21,55418.0,70300.0,71900.0,69400.0,70400.0,8500.0
2002-10-22,55339.0,70200.0,71300.0,69300.0,70900.0,26400.0
2002-10-23,58729.0,74500.0,74500.0,70000.0,70200.0,202500.0
2002-10-24,57310.0,72700.0,73900.0,72000.0,73900.0,66100.0
2002-10-25,56442.0,71600.0,73200.0,71000.0,71300.0,30200.0
2002-10-28,56758.0,72000.0,72600.0,70200.0,70700.0,31700.0
2002-10-29,56206.0,71300.0,72800.0,71100.0,71300.0,13000.0
2002-10-30,55496.0,70400.0,72000.0,70200.0,70900.0,19000.0
2002-10-31,55181.0,70000.0,71000.0,69500.0,70400.0,25500.0
2002-11-01,54393.0,69000.0,70200.0,68200.0,69000.0,25700.0
2002-11-04,55339.0,70200.0,71000.0,69700.0,70100.0,20200.0
2002-11-05,54787.0,69500.0,70700.0,69100.0,70200.0,22100.0
2002-11-06,54866.0,69600.0,70400.0,69200.0,70400.0,51500.0
2002-11-07,54235.0,68800.0,69500.0,68300.0,69200.0,59000.0
2002-11-08,53762.0,68200.0,69300.0,68000.0,69300.0,20100.0
2002-11-11,53210.0,67500.0,68700.0,67500.0,68700.0,25500.0
2002-11-12,54314.0,68900.0,69200.0,66000.0,66000.0,19000.0
2002-11-13,54629.0,69300.0,69700.0,67700.0,69500.0,33700.0
2002-11-14,54945.0,69700.0,70400.0,69300.0,69600.0,32200.0
2002-11-15,55102.0,69900.0,70200.0,69200.0,70000.0,19800.0
2002-11-18,55339.0,70200.0,70700.0,69900.0,69900.0,34700.0
2002-11-19,55733.0,70700.0,71000.0,69500.0,70200.0,19400.0
2002-11-20,55969.0,71000.0,71300.0,70000.0,70500.0,40400.0
2002-11-21,56915.0,72200.0,72500.0,70600.0,71100.0,85400.0
2002-11-22,57073.0,72400.0,73000.0,71400.0,71500.0,57600.0
2002-11-25,58334.0,74000.0,74200.0,72400.0,73000.0,13500.0
2002-11-26,58256.0,73900.0,74300.0,72300.0,74300.0,36200.0
2002-11-27,58886.0,74700.0,75400.0,72500.0,72500.0,29200.0
2002-11-28,59517.0,75500.0,75900.0,74800.0,74800.0,19500.0
2002-11-29,61961.0,78600.0,78600.0,74200.0,76000.0,23800.0
2002-12-03,60148.0,76300.0,77200.0,76000.0,76500.0,31400.0
2002-12-04,59280.0,75200.0,77000.0,74400.0,77000.0,18600.0
2002-12-05,61251.0,77700.0,78400.0,75300.0,75300.0,33900.0
2002-12-06,60305.0,76500.0,76800.0,75400.0,75500.0,26700.0
2002-12-09,59675.0,75700.0,77900.0,75700.0,76500.0,20800.0
2002-12-10,59517.0,75500.0,76900.0,74500.0,75000.0,25600.0
2002-12-11,59517.0,75500.0,76000.0,75000.0,75000.0,15500.0
2002-12-12,61724.0,78300.0,78300.0,75000.0,75500.0,43600.0
2002-12-13,61409.0,77900.0,77900.0,76000.0,77100.0,21100.0
2002-12-16,60542.0,76800.0,77400.0,76100.0,76300.0,16700.0
2002-12-17,61015.0,77400.0,78000.0,77100.0,77100.0,14100.0
2002-12-18,60542.0,76800.0,78000.0,76100.0,77900.0,21700.0
2002-12-20,60148.0,76300.0,77500.0,76100.0,76100.0,18500.0
2002-12-23,58729.0,74500.0,76900.0,73000.0,75600.0,35400.0
2002-12-24,58256.0,73900.0,75000.0,73200.0,74300.0,26500.0
2002-12-26,57388.0,72800.0,73900.0,72200.0,72200.0,22500.0
2002-12-27,57952.0,72000.0,72900.0,70300.0,71200.0,13300.0
2002-12-30,57952.0,72000.0,72000.0,66700.0,70200.0,21600.0
2003-01-02,57147.0,71000.0,72500.0,70600.0,72500.0,20100.0
2003-01-03,57227.0,71100.0,73000.0,70900.0,72000.0,58600.0
2003-01-06,56745.0,70500.0,71600.0,70100.0,71400.0,19100.0
2003-01-07,55779.0,69300.0,71400.0,69300.0,71000.0,35400.0
2003-01-08,55215.0,68600.0,71000.0,68600.0,68800.0,19200.0
2003-01-09,55215.0,68600.0,70200.0,68600.0,69100.0,35000.0
2003-01-10,56584.0,70300.0,71800.0,69400.0,69900.0,51700.0
2003-01-13,57630.0,71600.0,72000.0,70000.0,70000.0,21700.0
2003-01-14,57952.0,72000.0,72300.0,70500.0,71900.0,28100.0
2003-01-15,57066.0,70900.0,73100.0,70500.0,72500.0,21700.0
2003-01-16,57469.0,71400.0,71400.0,70200.0,71200.0,23000.0
2003-01-17,57469.0,71400.0,71800.0,70500.0,71100.0,24500.0
2003-01-20,57871.0,71900.0,72000.0,69700.0,69700.0,12100.0
2003-01-21,57227.0,71100.0,72000.0,70900.0,71900.0,45500.0
2003-01-22,58596.0,72800.0,73000.0,71100.0,71100.0,45800.0
2003-01-23,59562.0,74000.0,74300.0,72200.0,73500.0,29400.0
2003-01-24,58274.0,72400.0,74900.0,71200.0,74900.0,22400.0
2003-01-27,58596.0,72800.0,72800.0,69600.0,72000.0,24500.0
2003-01-28,57227.0,71100.0,72500.0,70700.0,72000.0,14400.0
2003-01-29,57791.0,71800.0,73000.0,70300.0,71900.0,18900.0
2003-01-30,57791.0,71800.0,71900.0,70500.0,71800.0,14600.0
2003-02-03,57388.0,71300.0,72800.0,70100.0,71000.0,8700.0
2003-02-04,57952.0,72000.0,72100.0,70800.0,71200.0,11300.0
2003-02-05,57308.0,71200.0,72300.0,71000.0,71200.0,3600.0
2003-02-06,57227.0,71100.0,71700.0,70500.0,70900.0,25900.0
2003-02-07,56745.0,70500.0,71300.0,69700.0,70400.0,15700.0
2003-02-10,56101.0,69700.0,71100.0,69700.0,70500.0,10100.0
2003-02-11,56905.0,70700.0,71500.0,67700.0,70700.0,15700.0
2003-02-12,56423.0,70100.0,70700.0,70100.0,70700.0,6100.0
2003-02-13,55859.0,69400.0,70800.0,68900.0,70500.0,23300.0
2003-02-14,57388.0,71300.0,71600.0,68900.0,70000.0,12400.0
2003-02-17,59159.0,73500.0,73500.0,72000.0,73500.0,17700.0
2003-02-18,59159.0,73500.0,74500.0,73300.0,74300.0,14700.0
2003-02-19,59723.0,74200.0,74800.0,72000.0,73600.0,31300.0
2003-02-20,59803.0,74300.0,75000.0,72700.0,74900.0,32500.0
2003-02-21,59803.0,74300.0,74800.0,73100.0,73100.0,20100.0
2003-02-24,60206.0,74800.0,75400.0,74500.0,75000.0,20700.0
2003-02-25,58676.0,72900.0,74700.0,72200.0,74000.0,25500.0
2003-02-26,59079.0,73400.0,73700.0,72500.0,72500.0,9300.0
2003-02-27,57388.0,71300.0,73400.0,70500.0,73400.0,22500.0
2003-02-28,57549.0,71500.0,71600.0,70100.0,71600.0,6300.0
2003-03-03,58757.0,73000.0,74000.0,71700.0,71700.0,29500.0
2003-03-04,57308.0,71200.0,72600.0,71100.0,72200.0,8700.0
2003-03-05,56584.0,70300.0,71700.0,70200.0,71500.0,7800.0
2003-03-06,57147.0,71000.0,71200.0,69500.0,70800.0,9900.0
2003-03-07,54732.0,68000.0,71000.0,67000.0,71000.0,32700.0
2003-03-10,55779.0,69300.0,69400.0,67900.0,69400.0,7800.0
2003-03-11,57147.0,71000.0,71000.0,67500.0,68100.0,16100.0
2003-03-12,57066.0,70900.0,72300.0,69800.0,71000.0,31900.0
2003-03-13,59562.0,74000.0,74000.0,70000.0,70300.0,47800.0
2003-03-14,58757.0,73000.0,73800.0,71900.0,73800.0,19000.0
2003-03-17,57147.0,71000.0,73200.0,70100.0,73200.0,18500.0
2003-03-18,57388.0,71300.0,73200.0,71100.0,72900.0,14500.0
2003-03-19,58113.0,72200.0,72200.0,70800.0,71600.0,18900.0
2003-03-20,58515.0,72700.0,73200.0,71700.0,72000.0,29200.0
2003-03-21,59240.0,73600.0,73600.0,71100.0,72600.0,23000.0
2003-03-24,59562.0,74000.0,74100.0,72500.0,73600.0,18300.0
2003-03-25,60447.0,75100.0,78000.0,71000.0,71000.0,146900.0
2003-03-26,62459.0,77600.0,78000.0,73400.0,75500.0,98900.0
2003-03-27,61976.0,77000.0,77700.0,76000.0,77300.0,22300.0
2003-03-28,61976.0,77000.0,77500.0,76100.0,76500.0,62600.0
2003-03-31,60608.0,75300.0,76000.0,74200.0,76000.0,39700.0
2003-04-01,60688.0,75400.0,75400.0,73500.0,74500.0,40000.0
2003-04-02,61735.0,76700.0,76700.0,73900.0,74000.0,68200.0
2003-04-03,63184.0,78500.0,78900.0,76700.0,76700.0,76800.0
2003-04-04,64391.0,80000.0,81000.0,77100.0,78000.0,37600.0
2003-04-07,66403.0,82500.0,82600.0,80000.0,80000.0,58300.0
2003-04-08,66403.0,82500.0,85000.0,80400.0,80400.0,74300.0
2003-04-09,65276.0,81100.0,83000.0,81100.0,82500.0,30300.0
2003-04-10,68415.0,85000.0,85900.0,81100.0,81100.0,56900.0
2003-04-11,66001.0,82000.0,86100.0,82000.0,85900.0,37300.0
2003-04-14,68415.0,85000.0,86800.0,81700.0,82000.0,51200.0
2003-04-15,68657.0,85300.0,85900.0,83400.0,85000.0,33100.0
2003-04-16,67933.0,84400.0,86000.0,84100.0,85300.0,26500.0
2003-04-17,69220.0,86000.0,86000.0,83400.0,84000.0,29100.0
2003-04-18,69864.0,86800.0,87900.0,85500.0,86400.0,28800.0
2003-04-21,69945.0,86900.0,87600.0,86200.0,86800.0,56100.0
2003-04-22,68013.0,84500.0,87100.0,84500.0,86200.0,52000.0
2003-04-23,67369.0,83700.0,85500.0,83700.0,84500.0,57300.0
2003-04-24,67611.0,84000.0,85500.0,82100.0,82100.0,77000.0
2003-04-25,66725.0,82900.0,84900.0,81900.0,83000.0,78500.0
2003-04-28,68013.0,84500.0,84800.0,82900.0,82900.0,58800.0
2003-04-29,71635.0,89000.0,89900.0,84500.0,84500.0,86100.0
2003-04-30,72842.0,90500.0,91500.0,89700.0,90000.0,77700.0
2003-05-02,72440.0,90000.0,91800.0,88100.0,90600.0,96300.0
2003-05-06,70911.0,88100.0,91500.0,88100.0,90000.0,65700.0
2003-05-07,71635.0,89000.0,90100.0,87700.0,89000.0,43600.0
2003-05-09,71233.0,88500.0,90500.0,88200.0,88200.0,18900.0
2003-05-12,71394.0,88700.0,91500.0,88600.0,89200.0,24500.0
2003-05-13,70911.0,88100.0,90400.0,88000.0,88800.0,24800.0
2003-05-14,73164.0,90900.0,90900.0,88000.0,88000.0,18800.0
2003-05-15,77672.0,96500.0,97700.0,90600.0,90900.0,56500.0
2003-05-16,78718.0,97800.0,99500.0,96000.0,97500.0,50900.0
2003-05-19,78316.0,97300.0,98000.0,94100.0,96100.0,42300.0
2003-05-20,78235.0,97200.0,97200.0,94000.0,94900.0,39900.0
2003-05-21,84111.0,104500.0,105500.0,96800.0,98500.0,71000.0
2003-05-22,79684.0,99000.0,104500.0,99000.0,103000.0,66100.0
2003-05-23,89343.0,111000.0,112000.0,101500.0,101500.0,64800.0
2003-05-26,85318.0,106000.0,114500.0,106000.0,110000.0,53500.0
2003-05-27,84513.0,105000.0,110500.0,102000.0,110500.0,45900.0
2003-05-28,82099.0,102000.0,108500.0,101000.0,106000.0,69000.0
2003-05-29,81294.0,101000.0,101500.0,98500.0,99000.0,65100.0
2003-05-30,79684.0,99000.0,101500.0,98200.0,101500.0,50000.0
2003-06-02,79684.0,99000.0,100500.0,97000.0,99500.0,52800.0
2003-06-03,78074.0,97000.0,98700.0,97000.0,98000.0,39500.0
2003-06-04,81294.0,101000.0,101000.0,97100.0,97100.0,38200.0
2003-06-05,77672.0,96500.0,102500.0,96500.0,102000.0,45100.0
2003-06-09,80247.0,99700.0,99700.0,94900.0,94900.0,50200.0
2003-06-10,80247.0,99700.0,99700.0,97500.0,99000.0,39500.0
2003-06-11,79684.0,99000.0,100500.0,98600.0,98600.0,40200.0
2003-06-12,81696.0,101500.0,102500.0,99100.0,99100.0,87200.0
2003-06-13,84916.0,105500.0,109000.0,102500.0,102500.0,112700.0
2003-06-16,95782.0,119000.0,119000.0,106500.0,106500.0,153500.0
2003-07-18,120734.0,150000.0,157500.0,139000.0,141000.0,176200.0
2003-07-21,109465.0,136000.0,148000.0,132000.0,148000.0,69000.0
2003-07-22,107855.0,134000.0,141000.0,116500.0,137500.0,743100.0
2003-07-23,112282.0,139500.0,140000.0,131000.0,131000.0,34800.0
2003-07-24,111880.0,139000.0,141500.0,135500.0,137000.0,32000.0
2003-07-25,111075.0,138000.0,138000.0,134500.0,137000.0,27000.0
2003-07-28,109063.0,135500.0,139000.0,135500.0,136000.0,25700.0
2003-07-29,110270.0,137000.0,138000.0,133000.0,137000.0,45200.0
2003-07-30,110270.0,137000.0,139500.0,135000.0,137000.0,38700.0
2003-07-31,111880.0,139000.0,140000.0,135500.0,135500.0,29600.0
2003-08-01,115904.0,144000.0,145000.0,135000.0,138000.0,44200.0
2003-08-04,113087.0,140500.0,146000.0,140000.0,141000.0,10300.0
2003-08-05,112685.0,140000.0,143500.0,138000.0,141000.0,21200.0
2003-08-06,111880.0,139000.0,140500.0,137000.0,138000.0,12000.0
2003-08-07,111880.0,139000.0,139000.0,137500.0,138500.0,6400.0
2003-08-08,109465.0,136000.0,138000.0,134000.0,137000.0,16500.0
2003-08-11,111075.0,138000.0,138000.0,132500.0,133500.0,11000.0
2003-08-12,109867.0,136500.0,138500.0,133500.0,134500.0,17500.0
2003-08-13,109063.0,135500.0,137000.0,134000.0,137000.0,13700.0
2003-08-14,110270.0,137000.0,137000.0,132000.0,134000.0,30600.0
2003-08-18,108660.0,135000.0,137500.0,133000.0,136000.0,19000.0
2003-08-19,103831.0,129000.0,135500.0,129000.0,134000.0,39600.0
2003-08-20,101416.0,126000.0,130500.0,126000.0,130000.0,33400.0
2003-08-21,107855.0,134000.0,134000.0,128500.0,128500.0,38300.0
2003-08-22,106245.0,132000.0,134000.0,131000.0,131000.0,32900.0
2003-08-25,107050.0,133000.0,134000.0,131500.0,134000.0,16300.0
2003-08-26,105441.0,131000.0,134000.0,131000.0,133500.0,12100.0
2003-08-27,103026.0,128000.0,133000.0,128000.0,133000.0,21100.0
2003-08-28,103831.0,129000.0,130000.0,128000.0,128000.0,11400.0
2003-08-29,104636.0,130000.0,132500.0,129000.0,131500.0,28000.0
2003-09-01,106648.0,132500.0,133000.0,131000.0,133000.0,13500.0
2003-09-02,108660.0,135000.0,137000.0,132500.0,132500.0,27900.0
2003-09-03,107855.0,134000.0,136500.0,131000.0,135000.0,29000.0
2003-09-04,105038.0,130500.0,133500.0,130000.0,132500.0,11600.0
2003-09-05,106245.0,132000.0,133000.0,130000.0,130500.0,14800.0
2003-09-08,106245.0,132000.0,132000.0,127500.0,131500.0,16900.0
2003-09-09,107855.0,134000.0,134000.0,128500.0,129000.0,45700.0
2003-09-15,112685.0,140000.0,141500.0,134500.0,135000.0,108100.0
2003-09-16,113892.0,141500.0,142000.0,139500.0,140000.0,29400.0
2003-09-17,112685.0,140000.0,142000.0,137500.0,142000.0,24500.0
2003-09-18,110270.0,137000.0,143500.0,137000.0,139000.0,20600.0
2003-09-19,107050.0,133000.0,138500.0,132000.0,137500.0,24100.0
2003-09-22,105441.0,131000.0,134500.0,130000.0,134500.0,12400.0
2003-09-23,108258.0,134500.0,134500.0,130000.0,131500.0,14400.0
2003-09-24,109465.0,136000.0,136000.0,130500.0,134500.0,33100.0
2003-09-25,106245.0,132000.0,135000.0,131000.0,132000.0,25200.0
2003-09-26,104233.0,129500.0,133000.0,129000.0,130000.0,13300.0
2003-09-29,104233.0,129500.0,132500.0,126500.0,129000.0,37300.0
2003-09-30,103026.0,128000.0,129500.0,126500.0,128000.0,38500.0
2003-10-01,102221.0,127000.0,127500.0,125000.0,125500.0,8300.0
2003-10-02,101416.0,126000.0,129500.0,125500.0,128000.0,24100.0
2003-10-06,108660.0,135000.0,136500.0,127000.0,128500.0,43400.0
2003-10-07,109063.0,135500.0,136500.0,133000.0,136000.0,16700.0
2003-10-08,111880.0,139000.0,141000.0,134500.0,134500.0,30700.0
2003-10-09,112685.0,140000.0,141000.0,136500.0,140000.0,30800.0
2003-10-10,118721.0,147500.0,149500.0,140000.0,140000.0,75700.0
2003-10-13,116307.0,144500.0,146500.0,143500.0,145500.0,13800.0
2003-10-14,118721.0,147500.0,150500.0,145000.0,145500.0,43900.0
2003-10-15,120734.0,150000.0,151500.0,146000.0,149000.0,62200.0
2003-10-16,124758.0,155000.0,157500.0,148000.0,150500.0,51100.0
2003-10-17,119929.0,149000.0,158500.0,146500.0,155000.0,38400.0
2003-10-20,119929.0,149000.0,151000.0,147000.0,151000.0,30000.0
2003-10-21,121136.0,150500.0,151500.0,148000.0,149000.0,20500.0
2003-10-22,119526.0,148500.0,150500.0,148000.0,149000.0,18000.0
2003-10-23,118319.0,147000.0,149000.0,145000.0,148000.0,23900.0
2003-10-24,125160.0,155500.0,156000.0,148000.0,148000.0,23200.0
2003-10-27,129185.0,160500.0,162000.0,155500.0,155500.0,22400.0
2003-10-28,132002.0,164000.0,170000.0,160500.0,163000.0,39400.0
2003-10-29,129185.0,160500.0,168000.0,158500.0,165000.0,43300.0
2003-10-30,136027.0,169000.0,171000.0,160500.0,160500.0,54600.0
2003-10-31,139246.0,173000.0,183500.0,167000.0,167000.0,42200.0
2003-11-03,143271.0,178000.0,181500.0,172000.0,172500.0,39200.0
2003-11-04,146490.0,182000.0,189500.0,179000.0,186500.0,84000.0
2003-11-05,154539.0,192000.0,199000.0,180000.0,182000.0,45800.0
2003-11-06,152929.0,190000.0,196500.0,187000.0,194500.0,25700.0
2003-11-07,152929.0,190000.0,194500.0,187000.0,192000.0,38900.0
2003-11-10,150917.0,187500.0,192000.0,185000.0,189000.0,65200.0
2003-11-11,159368.0,198000.0,198000.0,185500.0,185500.0,34100.0
2003-11-12,158966.0,197500.0,201000.0,193500.0,199500.0,11800.0
2003-11-13,159771.0,198500.0,200500.0,193500.0,200000.0,25000.0
2003-11-14,159771.0,198500.0,205000.0,194500.0,195000.0,56600.0
2003-11-17,158564.0,197000.0,199500.0,193500.0,197000.0,18900.0
2003-11-18,157759.0,196000.0,200000.0,191000.0,200000.0,29600.0
2003-11-19,154942.0,192500.0,195000.0,188000.0,194500.0,25100.0
2003-11-20,154942.0,192500.0,194500.0,191000.0,194000.0,48300.0
2003-11-21,155746.0,193500.0,194000.0,188000.0,188500.0,21000.0
2003-11-24,156149.0,194000.0,198000.0,190000.0,198000.0,13000.0
2003-11-25,160173.0,199000.0,199500.0,194500.0,197000.0,18400.0
2003-11-26,165003.0,205000.0,216500.0,198000.0,198000.0,31800.0
2003-11-27,172247.0,214000.0,219000.0,206000.0,209500.0,21200.0
2003-11-28,180296.0,224000.0,228000.0,215500.0,220000.0,20400.0
2003-12-01,173454.0,215500.0,228500.0,215000.0,223000.0,30500.0
2003-12-02,168222.0,209000.0,218500.0,208000.0,218500.0,46300.0
2003-12-03,169027.0,210000.0,215000.0,208000.0,208000.0,24900.0
2003-12-04,169027.0,210000.0,213500.0,207000.0,211000.0,17000.0
2003-12-05,162588.0,202000.0,208000.0,202000.0,207500.0,20000.0
2003-12-08,161381.0,200500.0,206000.0,194000.0,200500.0,20100.0
2003-12-09,171039.0,212500.0,213000.0,203000.0,203000.0,22500.0
2003-12-10,173052.0,215000.0,215000.0,207000.0,212500.0,20200.0
2003-12-11,166613.0,207000.0,217000.0,207000.0,215000.0,41400.0
2003-12-12,173857.0,216000.0,218000.0,209000.0,211500.0,31700.0
2003-12-15,176271.0,219000.0,226000.0,219000.0,220000.0,33500.0
2003-12-16,174661.0,217000.0,219000.0,210500.0,216000.0,22600.0
2003-12-17,174661.0,217000.0,221000.0,216000.0,218000.0,20500.0
2003-12-18,178283.0,221500.0,223500.0,215000.0,215000.0,23900.0
2003-12-19,191967.0,238500.0,244000.0,225500.0,227500.0,30700.0
2003-12-22,185125.0,230000.0,238500.0,229500.0,238500.0,14400.0
2003-12-23,181101.0,225000.0,235000.0,223000.0,230500.0,17700.0
2003-12-24,181101.0,225000.0,231500.0,220000.0,223500.0,21800.0
2003-12-26,182710.0,227000.0,231000.0,224500.0,224500.0,14700.0
2003-12-29,188012.0,230500.0,232000.0,224500.0,225500.0,12500.0
2003-12-30,194946.0,239000.0,244500.0,233000.0,236000.0,21200.0
2004-01-02,196169.0,240500.0,244500.0,237000.0,238000.0,15200.0
2004-01-05,191275.0,234500.0,242500.0,234500.0,238500.0,16700.0
2004-01-06,186381.0,228500.0,237500.0,228500.0,235000.0,20900.0
2004-01-07,189236.0,232000.0,235500.0,228500.0,229000.0,17300.0
2004-01-08,183526.0,225000.0,234500.0,225000.0,232000.0,44200.0
2004-01-09,185157.0,227000.0,231000.0,225000.0,226000.0,12700.0
2004-01-12,176593.0,216500.0,227000.0,215500.0,227000.0,41600.0
2004-01-13,178632.0,219000.0,224500.0,212000.0,215000.0,30500.0
2004-01-14,177001.0,217000.0,221000.0,216500.0,221000.0,21900.0
2004-01-15,172922.0,212000.0,217500.0,212000.0,216000.0,21900.0
2004-01-16,175369.0,215000.0,215500.0,210000.0,210500.0,15800.0
2004-01-19,173738.0,213000.0,216500.0,212500.0,213500.0,15500.0
2004-01-20,174961.0,214500.0,216500.0,210500.0,211000.0,20700.0
2004-01-26,171699.0,210500.0,216000.0,209500.0,212500.0,22800.0
2004-01-27,173738.0,213000.0,213000.0,209500.0,212500.0,27000.0
2004-01-28,176185.0,216000.0,216000.0,213500.0,214500.0,19800.0
2004-01-29,177816.0,218000.0,222500.0,214000.0,217500.0,16700.0
2004-01-30,174961.0,214500.0,221500.0,214500.0,220000.0,10300.0
2004-02-02,175777.0,215500.0,218000.0,212000.0,217500.0,8400.0
2004-02-03,177816.0,218000.0,218000.0,211000.0,211000.0,16000.0
2004-02-04,174146.0,213500.0,218500.0,213000.0,216000.0,6000.0
2004-02-05,178224.0,218500.0,218500.0,215000.0,216000.0,12200.0
2004-02-06,186789.0,229000.0,231500.0,216000.0,216000.0,26700.0
2004-02-09,183526.0,225000.0,232000.0,225000.0,231000.0,7900.0
2004-02-10,182303.0,223500.0,224000.0,220500.0,223000.0,15400.0
2004-02-11,179448.0,220000.0,223500.0,218500.0,221000.0,19400.0
2004-02-12,179448.0,220000.0,222500.0,218000.0,221000.0,21500.0
2004-02-13,181079.0,222000.0,222000.0,217500.0,218500.0,11000.0
2004-02-16,177408.0,217500.0,221500.0,216500.0,221500.0,12700.0
2004-02-17,179448.0,220000.0,220500.0,215000.0,215000.0,10200.0
2004-02-18,175369.0,215000.0,220000.0,214500.0,218000.0,25800.0
2004-02-19,177001.0,217000.0,217500.0,215000.0,215500.0,17600.0
2004-02-20,175369.0,215000.0,218000.0,213500.0,217000.0,12500.0
2004-02-23,173330.0,212500.0,215000.0,211500.0,213000.0,22600.0
2004-02-24,171291.0,210000.0,214500.0,209000.0,213500.0,19000.0
2004-02-25,172107.0,211000.0,213000.0,209500.0,210000.0,11700.0
2004-02-26,164766.0,202000.0,210500.0,201000.0,208500.0,20500.0
2004-02-27,163134.0,200000.0,202000.0,198000.0,202000.0,26000.0
2004-03-02,163542.0,200500.0,203500.0,198500.0,201000.0,23300.0
2004-03-03,161503.0,198000.0,202000.0,198000.0,198000.0,23900.0
2004-03-04,159872.0,196000.0,200000.0,195000.0,199500.0,30500.0
2004-03-05,159056.0,195000.0,197500.0,192000.0,196000.0,90700.0
2004-03-08,164358.0,201500.0,203000.0,196000.0,197000.0,60600.0
2004-03-09,171291.0,210000.0,210500.0,202500.0,204500.0,77300.0
2004-03-10,166805.0,204500.0,210000.0,204500.0,207500.0,32500.0
2004-03-11,172514.0,211500.0,213500.0,201000.0,203500.0,64200.0
2004-03-12,175369.0,215000.0,216500.0,203500.0,214000.0,80800.0
2004-03-15,180263.0,221000.0,221000.0,214500.0,219000.0,27800.0
2004-03-16,181487.0,222500.0,223000.0,219000.0,220500.0,17500.0
2004-03-17,180671.0,221500.0,222500.0,217000.0,221500.0,13500.0
2004-03-18,181079.0,222000.0,223000.0,220000.0,222000.0,13000.0
2004-03-19,181895.0,223000.0,224000.0,220000.0,223000.0,9700.0
2004-03-22,178632.0,219000.0,222000.0,216000.0,216000.0,13300.0
2004-03-23,181487.0,222500.0,226000.0,216500.0,219000.0,13400.0
2004-03-24,183526.0,225000.0,225000.0,218500.0,220000.0,9400.0
2004-03-25,181895.0,223000.0,226500.0,216000.0,221500.0,10500.0
2004-03-26,188420.0,231000.0,232000.0,221000.0,221000.0,21200.0
2004-03-29,184750.0,226500.0,235000.0,226000.0,231000.0,15200.0
2004-03-30,181079.0,222000.0,226000.0,222000.0,225000.0,12900.0
2004-03-31,181079.0,222000.0,224500.0,220000.0,221000.0,15700.0
2004-04-01,180671.0,221500.0,222000.0,219500.0,222000.0,14000.0
2004-04-02,179448.0,220000.0,222500.0,220000.0,220500.0,10800.0
2004-04-06,179448.0,220000.0,226000.0,218500.0,222000.0,29700.0
2004-04-07,177001.0,217000.0,220500.0,217000.0,219000.0,29900.0
2004-04-08,174554.0,214000.0,219000.0,214000.0,217000.0,40600.0
2004-04-09,179856.0,220500.0,221000.0,213000.0,213500.0,24200.0
2004-04-12,179856.0,220500.0,225000.0,220000.0,222000.0,16000.0
2004-04-13,179448.0,220000.0,223500.0,218500.0,223500.0,17800.0
2004-04-14,179448.0,220000.0,221500.0,217000.0,218000.0,13800.0
2004-04-16,178632.0,219000.0,222500.0,217000.0,221500.0,13700.0
2004-04-19,178224.0,218500.0,220500.0,217500.0,217500.0,20100.0
2004-04-20,185157.0,227000.0,227500.0,218500.0,221000.0,25100.0
2004-04-21,187604.0,230000.0,232500.0,224500.0,224500.0,21500.0
2004-04-22,185973.0,228000.0,231000.0,226000.0,228000.0,30600.0
2004-04-23,187604.0,230000.0,234500.0,229000.0,230000.0,21300.0
2004-04-26,183526.0,225000.0,230000.0,220000.0,227500.0,16800.0
2004-04-27,183118.0,224500.0,225000.0,220000.0,223500.0,14200.0
2004-04-28,179448.0,220000.0,224500.0,218000.0,224500.0,13900.0
2004-04-29,178224.0,218500.0,221500.0,218000.0,221500.0,42500.0
2004-04-30,183934.0,225500.0,226000.0,218500.0,219000.0,21400.0
2004-05-03,185973.0,228000.0,233000.0,226500.0,231000.0,15300.0
2004-05-04,191275.0,234500.0,234500.0,226000.0,228000.0,21900.0
2004-05-06,185973.0,228000.0,236000.0,220000.0,235500.0,20400.0
2004-05-07,183526.0,225000.0,228000.0,222500.0,228000.0,21600.0
2004-05-10,176185.0,216000.0,225000.0,205500.0,225000.0,19800.0
2004-05-11,176185.0,216000.0,224000.0,212000.0,224000.0,16800.0
2004-05-12,176185.0,216000.0,219500.0,213000.0,214000.0,19500.0
2004-05-13,169660.0,208000.0,217000.0,207500.0,216500.0,21400.0
2004-05-14,163134.0,200000.0,212000.0,189500.0,207000.0,40100.0
2004-05-17,169660.0,208000.0,210000.0,197500.0,198500.0,37700.0
2004-05-18,164766.0,202000.0,208000.0,199500.0,207000.0,23500.0
2004-05-19,169252.0,207500.0,208000.0,199000.0,199000.0,21700.0
2004-05-20,165581.0,203000.0,205000.0,199000.0,204000.0,17600.0
2004-05-21,169660.0,208000.0,208000.0,200500.0,204000.0,12900.0
2004-05-24,168028.0,206000.0,211500.0,205500.0,207500.0,12300.0
2004-05-25,164358.0,201500.0,205500.0,201000.0,205000.0,20700.0
2004-05-27,173738.0,213000.0,213000.0,202500.0,204500.0,36300.0
2004-05-28,178632.0,219000.0,219000.0,208000.0,212000.0,13900.0
2004-05-31,181895.0,223000.0,223000.0,214000.0,217000.0,16800.0
2004-06-01,187197.0,229500.0,232000.0,220000.0,223000.0,18700.0
2004-06-02,188420.0,231000.0,232500.0,225000.0,230000.0,23200.0
2004-06-03,183526.0,225000.0,231000.0,225000.0,231000.0,18000.0
2004-06-04,190459.0,233500.0,235500.0,220000.0,226000.0,25300.0
2004-06-07,191683.0,235000.0,239500.0,230000.0,230000.0,18800.0
2004-06-08,187604.0,230000.0,237500.0,226500.0,233500.0,13300.0
2004-06-09,183934.0,225500.0,234000.0,225500.0,230000.0,33200.0
2004-06-10,177816.0,218000.0,227000.0,218000.0,222500.0,28700.0
2004-06-11,168028.0,206000.0,218500.0,205000.0,218500.0,24500.0
2004-06-14,178632.0,219000.0,219000.0,204500.0,205000.0,35900.0
2004-06-15,188012.0,230500.0,232500.0,216000.0,222500.0,27300.0
2004-06-16,185157.0,227000.0,234000.0,223000.0,231000.0,12000.0
2004-06-17,190867.0,234000.0,234500.0,227500.0,234000.0,20900.0
2004-06-18,193314.0,237000.0,237000.0,227000.0,229500.0,21900.0
2004-06-21,188012.0,230500.0,243500.0,230000.0,237500.0,21900.0
2004-06-22,194130.0,238000.0,242500.0,226000.0,230500.0,15000.0
2004-06-23,197393.0,242000.0,245000.0,236000.0,243500.0,18100.0
2004-06-24,207181.0,254000.0,257500.0,245500.0,245500.0,29400.0
2004-06-25,207181.0,254000.0,258500.0,253000.0,258000.0,25200.0
2004-06-28,203918.0,250000.0,258000.0,246500.0,254000.0,12300.0
2004-06-29,209220.0,256500.0,258500.0,250000.0,253000.0,14000.0
2004-06-30,214114.0,262500.0,262500.0,255000.0,257000.0,13900.0
2004-07-01,213298.0,261500.0,262500.0,251000.0,260500.0,18700.0
2004-07-02,205957.0,252500.0,256500.0,252500.0,253000.0,11000.0
2004-07-05,209628.0,257000.0,257000.0,242500.0,250000.0,16400.0
2004-07-06,205141.0,251500.0,259000.0,249500.0,253000.0,10800.0
2004-07-07,205141.0,251500.0,253000.0,243000.0,250500.0,8400.0
2004-07-08,198616.0,243500.0,254000.0,243500.0,254000.0,19000.0
2004-07-09,198208.0,243000.0,247500.0,240500.0,240500.0,8400.0
2004-07-12,196577.0,241000.0,249000.0,238000.0,243500.0,9700.0
2004-07-13,196577.0,241000.0,245500.0,235000.0,244500.0,9400.0
2004-07-14,194946.0,239000.0,242000.0,236000.0,241000.0,10600.0
2004-07-15,194946.0,239000.0,239000.0,232500.0,236000.0,11200.0
2004-07-16,197393.0,242000.0,242000.0,231500.0,237500.0,18200.0
2004-07-19,205549.0,252000.0,252000.0,238000.0,238000.0,17600.0
2004-07-20,201063.0,246500.0,251500.0,246500.0,251500.0,13200.0
2004-07-21,203510.0,249500.0,253000.0,247500.0,253000.0,10100.0
2004-07-22,197800.0,242500.0,245000.0,241000.0,245000.0,9100.0
2004-07-23,191683.0,235000.0,240000.0,233500.0,239500.0,15500.0
2004-07-26,190459.0,233500.0,236000.0,228000.0,228500.0,8300.0
2004-07-27,186381.0,228500.0,233500.0,227500.0,233500.0,21600.0
2004-07-28,192091.0,235500.0,237500.0,231000.0,231000.0,16400.0
2004-07-29,191683.0,235000.0,237000.0,230000.0,237000.0,9000.0
2004-07-30,188012.0,230500.0,234000.0,230000.0,232000.0,20900.0
2004-08-02,178632.0,219000.0,228500.0,219000.0,228500.0,29700.0
2004-08-03,179856.0,220500.0,223500.0,218500.0,223000.0,16700.0
2004-08-04,181487.0,222500.0,223000.0,215500.0,216000.0,14500.0
2004-08-05,185157.0,227000.0,227000.0,219000.0,220500.0,19600.0
2004-08-06,179856.0,220500.0,225000.0,220500.0,221000.0,15600.0
2004-08-09,180671.0,221500.0,224000.0,218000.0,224000.0,10500.0
2004-08-10,183526.0,225000.0,225000.0,219000.0,221000.0,13400.0
2004-08-11,192091.0,235500.0,239500.0,225000.0,226000.0,31200.0
2004-08-12,192906.0,236500.0,240000.0,233500.0,240000.0,21500.0
2004-08-13,203102.0,249000.0,249000.0,235000.0,237000.0,27400.0
2004-08-16,200655.0,246000.0,249000.0,244500.0,248000.0,12900.0
2004-08-17,197393.0,242000.0,249000.0,239000.0,249000.0,8400.0
2004-08-18,197393.0,242000.0,244500.0,239000.0,244500.0,7400.0
2004-08-19,195761.0,240000.0,249500.0,240000.0,240500.0,14800.0
2004-08-20,197393.0,242000.0,244000.0,238000.0,240000.0,8800.0
2004-08-23,191683.0,235000.0,243000.0,235000.0,241500.0,15500.0
2004-08-24,190051.0,233000.0,237000.0,231000.0,235000.0,28700.0
2004-08-25,194130.0,238000.0,241500.0,232000.0,233000.0,32100.0
2004-08-26,193314.0,237000.0,242500.0,237000.0,239500.0,26400.0
2004-08-27,198616.0,243500.0,245500.0,239000.0,239000.0,24900.0
2004-08-30,193722.0,237500.0,246000.0,235500.0,240500.0,18600.0
2004-08-31,196577.0,241000.0,242000.0,237000.0,238000.0,11100.0
2004-09-01,203102.0,249000.0,249000.0,241000.0,241000.0,21900.0
2004-09-02,199024.0,244000.0,249000.0,242000.0,246500.0,12700.0
2004-09-03,195761.0,240000.0,247000.0,239000.0,246500.0,15100.0
2004-09-06,196169.0,240500.0,244500.0,240500.0,242500.0,17800.0
2004-09-07,194538.0,238500.0,243000.0,237000.0,240500.0,8800.0
2004-09-08,194538.0,238500.0,242500.0,236000.0,242500.0,13700.0
2004-09-09,193314.0,237000.0,239500.0,234500.0,236500.0,21100.0
2004-09-10,189644.0,232500.0,236500.0,231500.0,235500.0,38800.0
2004-09-13,190459.0,233500.0,235500.0,232500.0,233000.0,32000.0
2004-09-14,190867.0,234000.0,240500.0,233000.0,234000.0,28000.0
2004-09-15,192906.0,236500.0,237000.0,233500.0,233500.0,21000.0
2004-09-16,192498.0,236000.0,237500.0,235000.0,236000.0,19100.0
2004-09-17,189236.0,232000.0,236000.0,232000.0,236000.0,23600.0
2004-09-20,194130.0,238000.0,240000.0,231500.0,231500.0,17300.0
2004-09-21,198208.0,243000.0,244000.0,237000.0,238000.0,19100.0
2004-09-22,196985.0,241500.0,248000.0,241500.0,245500.0,17300.0
2004-09-23,192091.0,235500.0,241000.0,235500.0,239000.0,11500.0
2004-09-24,195761.0,240000.0,241000.0,232000.0,235000.0,33600.0
2004-09-30,200655.0,246000.0,246500.0,242500.0,243000.0,15100.0
2004-10-01,202694.0,248500.0,249000.0,244000.0,244000.0,12000.0
2004-10-04,206365.0,253000.0,254000.0,248500.0,250000.0,20400.0
2004-10-05,203102.0,249000.0,255000.0,249000.0,254000.0,9800.0
2004-10-06,202287.0,248000.0,252000.0,247000.0,250500.0,13300.0
2004-10-07,203102.0,249000.0,251500.0,246000.0,248000.0,11000.0
2004-10-08,196985.0,241500.0,250000.0,240500.0,250000.0,23600.0
2004-10-11,195761.0,240000.0,240500.0,237500.0,238000.0,14900.0
2004-10-12,190867.0,234000.0,238500.0,233500.0,238500.0,33300.0
2004-10-13,188828.0,231500.0,237000.0,230500.0,235500.0,26400.0
2004-10-14,184342.0,226000.0,231500.0,224000.0,228500.0,25700.0
2004-10-15,180263.0,221000.0,225500.0,220000.0,222500.0,29000.0
2004-10-18,182303.0,223500.0,224500.0,221500.0,224000.0,17800.0
2004-10-19,179448.0,220000.0,226500.0,218500.0,225000.0,37100.0
2004-10-20,177816.0,218000.0,222500.0,205500.0,222000.0,42200.0
2004-10-21,174554.0,214000.0,215500.0,210000.0,212500.0,33700.0
2004-10-22,175369.0,215000.0,216000.0,212000.0,212500.0,32400.0
2004-10-25,175369.0,215000.0,219000.0,205500.0,209000.0,27500.0
2004-10-26,179448.0,220000.0,220500.0,214500.0,215000.0,18900.0
2004-10-27,184342.0,226000.0,226000.0,216500.0,220000.0,27000.0
2004-10-28,189236.0,232000.0,232000.0,224000.0,226000.0,32300.0
2004-10-29,191683.0,235000.0,236000.0,226000.0,229000.0,21800.0
2004-11-01,188012.0,230500.0,236500.0,230500.0,230500.0,11900.0
2004-11-02,184750.0,226500.0,234000.0,226500.0,232000.0,20600.0
2004-11-03,184750.0,226500.0,228500.0,221000.0,227000.0,31200.0
2004-11-04,182710.0,224000.0,227000.0,223500.0,227000.0,7900.0
2004-11-05,185973.0,228000.0,231500.0,225000.0,226500.0,25200.0
2004-11-08,187604.0,230000.0,235000.0,228500.0,228500.0,31000.0
2004-11-09,193722.0,237500.0,237500.0,231000.0,233000.0,29700.0
2004-11-10,194130.0,238000.0,239000.0,235500.0,237500.0,16500.0
2004-11-11,191275.0,234500.0,238000.0,232000.0,238000.0,17200.0
2004-11-12,189236.0,232000.0,234000.0,230000.0,232000.0,24300.0
2004-11-15,187197.0,229500.0,232000.0,228500.0,230500.0,18400.0
2004-11-16,185973.0,228000.0,231500.0,227500.0,231000.0,14300.0
2004-11-17,185973.0,228000.0,230500.0,227500.0,230500.0,17500.0
2004-11-18,183526.0,225000.0,229500.0,224000.0,226000.0,17800.0
2004-11-19,181079.0,222000.0,226000.0,220500.0,225000.0,21800.0
2004-11-22,178224.0,218500.0,220000.0,217000.0,220000.0,18500.0
2004-11-23,178632.0,219000.0,221500.0,218000.0,218000.0,15000.0
2004-11-24,180671.0,221500.0,224000.0,217500.0,217500.0,20500.0
2004-11-25,181079.0,222000.0,224000.0,221000.0,221500.0,9600.0
2004-11-26,177816.0,218000.0,226000.0,218000.0,225000.0,21300.0
2004-11-29,180671.0,221500.0,221500.0,216500.0,216500.0,15800.0
2004-11-30,182710.0,224000.0,224000.0,218500.0,219000.0,22500.0
2004-12-01,181079.0,222000.0,225500.0,222000.0,222000.0,7700.0
2004-12-02,179856.0,220500.0,227000.0,219000.0,225000.0,24300.0
2004-12-03,177001.0,217000.0,223500.0,215500.0,220000.0,33900.0
2004-12-06,177816.0,218000.0,219500.0,215000.0,217500.0,21600.0
2004-12-07,178224.0,218500.0,220000.0,216500.0,216500.0,14300.0
2004-12-08,178224.0,218500.0,218500.0,214500.0,215000.0,26200.0
2004-12-09,178224.0,218500.0,219500.0,215000.0,216000.0,36900.0
2004-12-10,179448.0,220000.0,221000.0,215500.0,218500.0,12800.0
2004-12-13,180263.0,221000.0,222000.0,219000.0,219000.0,10300.0
2004-12-14,183934.0,225500.0,225500.0,222000.0,222000.0,21600.0
2004-12-15,183934.0,225500.0,226000.0,221000.0,225500.0,18600.0
2004-12-16,181079.0,222000.0,226000.0,222000.0,225500.0,24900.0
2004-12-17,181895.0,223000.0,224500.0,220000.0,222000.0,22300.0
2004-12-20,183934.0,225500.0,225500.0,220000.0,220000.0,19900.0
2004-12-21,190051.0,233000.0,237000.0,223000.0,223000.0,69300.0
2004-12-22,190051.0,233000.0,237000.0,229000.0,236000.0,22300.0
2004-12-23,194538.0,238500.0,238500.0,229000.0,232000.0,57600.0
2004-12-24,195353.0,239500.0,244000.0,236500.0,243000.0,17700.0
2004-12-27,195761.0,240000.0,241500.0,236500.0,239500.0,7000.0
2004-12-28,195761.0,240000.0,240000.0,236500.0,240000.0,12800.0
2004-12-29,202397.0,244000.0,244000.0,233000.0,233000.0,17300.0
2004-12-30,206959.0,249500.0,249500.0,241500.0,245000.0,23300.0
2005-01-03,200323.0,241500.0,249500.0,241500.0,247500.0,7900.0
2005-01-04,200738.0,242000.0,242500.0,235500.0,241500.0,16000.0
2005-01-05,199909.0,241000.0,243500.0,240500.0,243000.0,12500.0
2005-01-06,199079.0,240000.0,243500.0,239000.0,243000.0,15500.0
2005-01-07,194517.0,234500.0,241500.0,233500.0,238500.0,15500.0
2005-01-10,194102.0,234000.0,234000.0,231000.0,231000.0,8800.0
2005-01-11,195346.0,235500.0,237000.0,233000.0,234000.0,15500.0
2005-01-12,198250.0,239000.0,239000.0,234000.0,234000.0,13600.0
2005-01-13,202812.0,244500.0,244500.0,239500.0,241000.0,11600.0
2005-01-14,205300.0,247500.0,250000.0,242000.0,244500.0,24200.0
2005-01-17,204056.0,246000.0,247000.0,241000.0,245000.0,11800.0
2005-01-18,197835.0,238500.0,247500.0,238500.0,243000.0,28000.0
2005-01-19,196176.0,236500.0,240000.0,236500.0,237000.0,21300.0
2005-01-20,196176.0,236500.0,239000.0,235000.0,235500.0,15000.0
2005-01-21,197835.0,238500.0,238500.0,234000.0,234000.0,14700.0
2005-01-24,198250.0,239000.0,239000.0,234500.0,237000.0,18100.0
2005-01-25,199079.0,240000.0,241500.0,235500.0,237500.0,29300.0
2005-01-26,199909.0,241000.0,242500.0,237500.0,238000.0,13000.0
2005-01-27,197005.0,237500.0,243000.0,236500.0,239000.0,9600.0
2005-01-28,196591.0,237000.0,241000.0,236000.0,237500.0,17500.0
2005-01-31,201153.0,242500.0,242500.0,236000.0,237000.0,21800.0
2005-02-01,199909.0,241000.0,244000.0,241000.0,242500.0,10500.0
2005-02-02,209033.0,252000.0,252000.0,242000.0,243000.0,34500.0
2005-02-03,212766.0,256500.0,260000.0,250000.0,252500.0,27600.0
2005-02-04,220646.0,266000.0,268500.0,254000.0,254000.0,32400.0
2005-02-07,231015.0,278500.0,279500.0,266000.0,266000.0,31000.0
2005-02-11,230185.0,277500.0,279500.0,273000.0,278000.0,31000.0
2005-02-14,230600.0,278000.0,288000.0,274000.0,274000.0,28600.0
2005-02-15,223964.0,270000.0,279500.0,267500.0,275000.0,20200.0
2005-02-16,218158.0,263000.0,270500.0,261500.0,270500.0,30000.0
2005-02-17,229771.0,277000.0,281000.0,264000.0,268000.0,34900.0
2005-02-18,227282.0,274000.0,283500.0,274000.0,277500.0,21000.0
2005-02-21,230185.0,277500.0,277500.0,267000.0,270000.0,30300.0
2005-02-22,227282.0,274000.0,278500.0,271000.0,273500.0,16500.0
2005-02-23,229771.0,277000.0,277500.0,270500.0,270500.0,10000.0
2005-02-24,236407.0,285000.0,291000.0,278000.0,279500.0,34300.0
2005-02-25,236407.0,285000.0,293500.0,280500.0,289500.0,21400.0
2005-02-28,236407.0,285000.0,287500.0,282000.0,285000.0,22400.0
2005-03-02,246361.0,297000.0,300500.0,285000.0,295000.0,29700.0
2005-03-03,256315.0,309000.0,316500.0,298000.0,298000.0,36300.0
2005-03-04,264195.0,318500.0,324000.0,310000.0,321000.0,31900.0
2005-03-07,261292.0,315000.0,326000.0,310000.0,321000.0,21000.0
2005-03-08,254656.0,307000.0,316000.0,303000.0,315000.0,11100.0
2005-03-09,258803.0,312000.0,314500.0,307500.0,313000.0,21700.0
2005-03-10,257144.0,310000.0,320500.0,309000.0,315000.0,27600.0
2005-03-11,270416.0,326000.0,326000.0,310000.0,310000.0,15700.0
2005-03-14,265439.0,320000.0,325000.0,313500.0,325000.0,28400.0
2005-03-15,253411.0,305500.0,318500.0,304000.0,316000.0,40900.0
2005-03-16,252167.0,304000.0,308500.0,300000.0,305500.0,20800.0
2005-03-17,252997.0,305000.0,310000.0,296500.0,310000.0,18300.0
2005-03-18,257974.0,311000.0,314000.0,301000.0,301000.0,27900.0
2005-03-21,254241.0,306500.0,313000.0,305000.0,311000.0,15800.0
2005-03-22,252997.0,305000.0,308000.0,297000.0,308000.0,23900.0
2005-03-23,236407.0,285000.0,304000.0,285000.0,304000.0,36200.0
2005-03-24,239310.0,288500.0,292500.0,283500.0,289000.0,20100.0
2005-03-25,240554.0,290000.0,292000.0,286000.0,286000.0,6700.0
2005-03-28,245946.0,296500.0,296500.0,288500.0,288500.0,7100.0
2005-03-29,241384.0,291000.0,300000.0,290000.0,300000.0,13400.0
2005-03-30,241384.0,291000.0,295500.0,290000.0,292500.0,6600.0
2005-03-31,240554.0,290000.0,295500.0,285000.0,292500.0,29700.0
2005-04-01,241384.0,291000.0,293000.0,287500.0,287500.0,27800.0
2005-04-04,239725.0,289000.0,293000.0,287500.0,293000.0,13400.0
2005-04-06,244702.0,295000.0,296000.0,288000.0,289000.0,29600.0
2005-04-07,241384.0,291000.0,299500.0,290500.0,299000.0,8700.0
2005-04-08,250508.0,302000.0,304500.0,292500.0,294000.0,20900.0
2005-04-11,253826.0,306000.0,309000.0,300500.0,301000.0,15900.0
2005-04-12,252997.0,305000.0,311500.0,305000.0,309000.0,9400.0
2005-04-13,253411.0,305500.0,309500.0,299000.0,309000.0,12600.0
2005-04-14,241798.0,291500.0,302000.0,291500.0,300000.0,17500.0
2005-04-15,246361.0,297000.0,299000.0,288500.0,295000.0,13000.0
2005-04-18,236821.0,285500.0,297000.0,284000.0,297000.0,19100.0
2005-04-19,239310.0,288500.0,293500.0,284000.0,289000.0,13400.0
2005-04-20,243872.0,294000.0,298500.0,289500.0,289500.0,15700.0
2005-04-21,243872.0,294000.0,298000.0,286500.0,288000.0,9600.0
2005-04-22,244702.0,295000.0,304000.0,291000.0,304000.0,14200.0
2005-04-25,247190.0,298000.0,299000.0,293000.0,298000.0,6800.0
2005-04-26,253411.0,305500.0,306000.0,300000.0,303500.0,222000.0
2005-04-27,250093.0,301500.0,307500.0,300000.0,303000.0,16600.0
2005-04-28,249264.0,300500.0,310000.0,300500.0,306000.0,13000.0
2005-04-29,252997.0,305000.0,305500.0,300500.0,304500.0,10800.0
2005-05-02,255900.0,308500.0,311000.0,305500.0,311000.0,17900.0
2005-05-03,255485.0,308000.0,309000.0,303000.0,309000.0,18700.0
2005-05-04,265439.0,320000.0,321000.0,308500.0,309000.0,16600.0
2005-05-06,266683.0,321500.0,329500.0,321000.0,325000.0,7100.0
2005-05-09,268342.0,323500.0,324000.0,315000.0,321500.0,9800.0
2005-05-10,266269.0,321000.0,328000.0,321000.0,327500.0,4300.0
2005-05-11,261292.0,315000.0,320000.0,311500.0,320000.0,8400.0
2005-05-12,252997.0,305000.0,314000.0,304500.0,311500.0,13200.0
2005-05-13,247605.0,298500.0,307500.0,296000.0,306000.0,30600.0
2005-05-16,248434.0,299500.0,302500.0,299000.0,300000.0,10800.0
2005-05-17,250093.0,301500.0,304500.0,300000.0,301000.0,26200.0
2005-05-18,250923.0,302500.0,306000.0,301000.0,302000.0,13800.0
2005-05-19,252997.0,305000.0,306000.0,304000.0,306000.0,20900.0
2005-05-20,252997.0,305000.0,312000.0,304000.0,307000.0,8400.0
2005-05-23,252582.0,304500.0,307000.0,303000.0,307000.0,4000.0
2005-05-24,245531.0,296000.0,305000.0,296000.0,304500.0,32900.0
2005-05-25,245946.0,296500.0,298000.0,295000.0,296500.0,21100.0
2005-05-26,248849.0,300000.0,301000.0,296500.0,296500.0,11600.0
2005-05-27,251338.0,303000.0,305500.0,298000.0,298000.0,30000.0
2005-05-30,252167.0,304000.0,304500.0,301000.0,303500.0,8200.0
2005-05-31,252582.0,304500.0,305500.0,301500.0,302000.0,20100.0
2005-06-01,252582.0,304500.0,306000.0,303000.0,305000.0,13100.0
2005-06-02,250093.0,301500.0,307000.0,301500.0,307000.0,16400.0
2005-06-03,250923.0,302500.0,303500.0,301000.0,301500.0,6400.0
2005-06-07,250093.0,301500.0,304000.0,301500.0,303500.0,18200.0
2005-06-08,250508.0,302000.0,303500.0,301000.0,301500.0,34300.0
2005-06-09,248849.0,300000.0,302500.0,299000.0,302000.0,35600.0
2005-06-10,251338.0,303000.0,307500.0,301500.0,303000.0,59600.0
2005-06-13,251338.0,303000.0,305000.0,301500.0,302500.0,12800.0
2005-06-14,252582.0,304500.0,305000.0,301500.0,302000.0,10500.0
2005-06-15,250508.0,302000.0,304500.0,302000.0,303500.0,14900.0
2005-06-16,251338.0,303000.0,305000.0,302500.0,303000.0,11900.0
2005-06-17,252167.0,304000.0,305000.0,301500.0,302500.0,14100.0
2005-06-20,252582.0,304500.0,305000.0,301500.0,304000.0,8800.0
2005-06-21,250093.0,301500.0,306000.0,301500.0,304500.0,13400.0
2005-06-22,250923.0,302500.0,303000.0,299500.0,299500.0,19500.0
2005-06-23,256315.0,309000.0,310000.0,302000.0,303500.0,20000.0
2005-06-24,257974.0,311000.0,313500.0,307500.0,310000.0,17400.0
2005-06-27,250093.0,301500.0,311000.0,301000.0,310000.0,13000.0
2005-06-28,252582.0,304500.0,305500.0,302000.0,302000.0,17100.0
2005-06-29,250508.0,302000.0,304000.0,300500.0,302500.0,32000.0
2005-06-30,248849.0,300000.0,302500.0,299000.0,301500.0,37900.0
2005-07-01,250093.0,301500.0,303000.0,299000.0,301500.0,25400.0
2005-07-04,250093.0,301500.0,304500.0,300500.0,303000.0,41000.0
2005-07-05,248849.0,300000.0,303000.0,296500.0,298000.0,20600.0
2005-07-06,248434.0,299500.0,303000.0,298000.0,301500.0,26700.0
2005-07-07,241798.0,291500.0,298500.0,287000.0,298000.0,72700.0
2005-07-08,238480.0,287500.0,294000.0,287500.0,294000.0,44700.0
2005-07-11,239725.0,289000.0,293000.0,288000.0,288000.0,50600.0
2005-07-12,238895.0,288000.0,291000.0,287500.0,290000.0,31400.0
2005-07-13,240554.0,290000.0,293000.0,288000.0,290000.0,44000.0
2005-07-14,240554.0,290000.0,292500.0,290000.0,292000.0,39900.0
2005-07-15,242628.0,292500.0,293500.0,290500.0,291000.0,15100.0
2005-07-18,244702.0,295000.0,296000.0,293500.0,293500.0,11800.0
2005-07-19,248849.0,300000.0,300000.0,293500.0,293500.0,12800.0
2005-07-20,252167.0,304000.0,307000.0,299000.0,302000.0,32800.0
2005-07-21,252167.0,304000.0,307000.0,302000.0,304000.0,22600.0
2005-07-22,257144.0,310000.0,310000.0,304000.0,308000.0,23600.0
2005-07-25,255070.0,307500.0,312500.0,306000.0,312000.0,9900.0
2005-07-26,255485.0,308000.0,309000.0,304000.0,307500.0,21100.0
2005-07-27,251338.0,303000.0,309500.0,301000.0,308000.0,25700.0
2005-07-28,249679.0,301000.0,304000.0,298000.0,304000.0,23900.0
2005-07-29,246361.0,297000.0,301500.0,297000.0,301000.0,15500.0
2005-08-01,248434.0,299500.0,301000.0,297000.0,297000.0,12800.0
2005-08-02,249679.0,301000.0,301000.0,295500.0,296000.0,12000.0
2005-08-03,252167.0,304000.0,305000.0,300000.0,300500.0,31600.0
2005-08-04,246361.0,297000.0,302000.0,296000.0,301500.0,37700.0
2005-08-05,244702.0,295000.0,300000.0,295000.0,300000.0,18700.0
2005-08-08,240554.0,290000.0,296000.0,289000.0,295000.0,18400.0
2005-08-09,239725.0,289000.0,290000.0,287000.0,288000.0,27300.0
2005-08-10,228526.0,275500.0,285000.0,274000.0,283000.0,88600.0
2005-08-11,231430.0,279000.0,279000.0,271000.0,276000.0,28400.0
2005-08-12,231844.0,279500.0,283000.0,279000.0,279500.0,22400.0
2005-08-16,235577.0,284000.0,286000.0,277500.0,277500.0,24800.0
2005-08-17,238895.0,288000.0,289000.0,281000.0,281000.0,13100.0
2005-08-18,229356.0,276500.0,290000.0,276000.0,284500.0,27700.0
2005-08-19,234748.0,283000.0,286000.0,278000.0,278000.0,25800.0
2005-08-22,236407.0,285000.0,285500.0,280000.0,280000.0,13200.0
2005-08-23,235162.0,283500.0,286000.0,282000.0,285000.0,17900.0
2005-08-24,235162.0,283500.0,285500.0,278500.0,285000.0,20400.0
2005-08-25,235992.0,284500.0,287000.0,280000.0,285000.0,20100.0
2005-08-26,236407.0,285000.0,286000.0,280500.0,283000.0,13900.0
2005-08-29,231015.0,278500.0,284000.0,278500.0,284000.0,10200.0
2005-08-30,229771.0,277000.0,278500.0,275500.0,276500.0,9400.0
2005-08-31,226453.0,273000.0,278000.0,272500.0,277000.0,24700.0
2005-09-01,220646.0,266000.0,273000.0,266000.0,270500.0,80500.0
2005-09-02,223135.0,269000.0,269000.0,265500.0,268000.0,45800.0
2005-09-05,219402.0,264500.0,270000.0,264500.0,269000.0,25400.0
2005-09-06,221476.0,267000.0,268000.0,262000.0,262000.0,25700.0
2005-09-07,220646.0,266000.0,269000.0,266000.0,267000.0,23200.0
2005-09-08,218987.0,264000.0,266500.0,264000.0,265500.0,40000.0
2005-09-09,216084.0,260500.0,264000.0,260500.0,262500.0,32600.0
2005-09-12,217328.0,262000.0,265000.0,261000.0,261000.0,32700.0
2005-09-13,216913.0,261500.0,264500.0,261000.0,262000.0,23900.0
2005-09-14,216084.0,260500.0,262000.0,260000.0,260500.0,40900.0
2005-09-15,219817.0,265000.0,266500.0,260500.0,260500.0,57900.0
2005-09-16,216499.0,261000.0,265000.0,258000.0,264000.0,23400.0
2005-09-20,213595.0,257500.0,262500.0,257000.0,262500.0,39900.0
2005-09-21,211522.0,255000.0,260000.0,252500.0,258000.0,45800.0
2005-09-22,215669.0,260000.0,261000.0,255000.0,258500.0,56300.0
2005-09-23,208618.0,251500.0,262000.0,251500.0,260000.0,46900.0
2005-09-26,211522.0,255000.0,256000.0,251000.0,251000.0,18100.0
2005-09-27,221061.0,266500.0,272500.0,258000.0,259000.0,104500.0
2005-09-28,227697.0,274500.0,274500.0,268000.0,270000.0,54500.0
2005-09-29,228941.0,276000.0,276500.0,271000.0,276000.0,31731.0
2005-09-30,224379.0,270500.0,277000.0,270500.0,270500.0,18224.0
2005-10-04,237651.0,286500.0,286500.0,273500.0,274500.0,48695.0
2005-10-05,233503.0,281500.0,289000.0,280000.0,287000.0,31990.0
2005-10-06,227697.0,274500.0,283000.0,274000.0,283000.0,16581.0
2005-10-07,235577.0,284000.0,285000.0,274000.0,274500.0,27970.0
2005-10-10,234748.0,283000.0,285000.0,279000.0,279000.0,12791.0
2005-10-11,234748.0,283000.0,283000.0,278500.0,283000.0,12788.0
2005-10-12,231844.0,279500.0,285500.0,271000.0,283000.0,30978.0
2005-10-13,224794.0,271000.0,275500.0,270000.0,275500.0,26503.0
2005-10-14,218987.0,264000.0,273500.0,262500.0,271000.0,25012.0
2005-10-17,218987.0,264000.0,266500.0,261000.0,263000.0,16100.0
2005-10-18,223135.0,269000.0,269000.0,261000.0,261000.0,15578.0
2005-10-19,226038.0,272500.0,273000.0,266500.0,272000.0,16829.0
2005-10-20,224794.0,271000.0,276000.0,271000.0,276000.0,11560.0
2005-10-21,229771.0,277000.0,277000.0,267500.0,267500.0,27730.0
2005-10-24,224794.0,271000.0,277000.0,268000.0,275000.0,13464.0
2005-10-25,221890.0,267500.0,275000.0,266500.0,274000.0,11693.0
2005-10-26,219817.0,265000.0,271000.0,264500.0,266500.0,12453.0
2005-10-27,214010.0,258000.0,265000.0,258000.0,264000.0,28797.0
2005-10-28,211522.0,255000.0,257000.0,255000.0,256500.0,13432.0
2005-10-31,211107.0,254500.0,259500.0,254500.0,259500.0,10891.0
2005-11-01,213595.0,257500.0,260500.0,255500.0,260500.0,15294.0
2005-11-02,214010.0,258000.0,261500.0,256500.0,258000.0,17272.0
2005-11-03,214010.0,258000.0,261000.0,256500.0,260000.0,23475.0
2005-11-04,218987.0,264000.0,264000.0,259000.0,261000.0,37457.0
2005-11-07,210277.0,253500.0,264000.0,252000.0,264000.0,33989.0
2005-11-08,212766.0,256500.0,256500.0,253500.0,253500.0,22203.0
2005-11-09,210692.0,254000.0,256500.0,252000.0,252500.0,27130.0
2005-11-10,211936.0,255500.0,255000.0,252000.0,252000.0,11001.0
2005-11-11,214840.0,259000.0,260500.0,253500.0,253500.0,19027.0
2005-11-14,210277.0,253500.0,261000.0,253500.0,260500.0,27675.0
2005-11-15,210692.0,254000.0,255000.0,251000.0,253500.0,18771.0
2005-11-16,211107.0,254500.0,254500.0,251000.0,252000.0,17921.0
2005-11-17,211936.0,255500.0,257000.0,253000.0,253000.0,13154.0
2005-11-18,211107.0,254500.0,256500.0,254000.0,255500.0,17792.0
2005-11-21,208618.0,251500.0,253000.0,250000.0,252000.0,32823.0
2005-11-22,206959.0,249500.0,252500.0,249000.0,251000.0,39188.0
2005-11-23,209863.0,253000.0,255500.0,248000.0,249000.0,56200.0
2005-11-24,221476.0,267000.0,268500.0,253000.0,255500.0,92340.0
2005-11-25,220646.0,266000.0,271500.0,263000.0,265000.0,36581.0
2005-11-28,220646.0,266000.0,269000.0,263000.0,269000.0,23223.0
2005-11-29,220646.0,266000.0,269000.0,261500.0,264500.0,37007.0
2005-11-30,225208.0,271500.0,272500.0,266000.0,266000.0,18796.0
2005-12-01,227697.0,274500.0,274500.0,266500.0,270500.0,22341.0
2005-12-02,230185.0,277500.0,277500.0,270500.0,271500.0,24347.0
2005-12-05,235162.0,283500.0,284000.0,275000.0,277500.0,27376.0
2005-12-06,230600.0,278000.0,283500.0,277500.0,282000.0,11331.0
2005-12-07,234333.0,282500.0,284000.0,274000.0,281000.0,25306.0
2005-12-08,235992.0,284500.0,284500.0,280000.0,280000.0,25416.0
2005-12-09,238895.0,288000.0,288500.0,283000.0,284500.0,16155.0
2005-12-12,248849.0,300000.0,300000.0,288000.0,288500.0,45603.0
2005-12-13,244702.0,295000.0,300000.0,292500.0,300000.0,11128.0
2005-12-14,239310.0,288500.0,295000.0,286000.0,295000.0,13531.0
2005-12-15,234748.0,283000.0,293000.0,282000.0,293000.0,14195.0
2005-12-16,232259.0,280000.0,284000.0,279500.0,280000.0,15163.0
2005-12-19,240554.0,290000.0,296000.0,280000.0,285000.0,12893.0
2005-12-20,240554.0,290000.0,292000.0,284500.0,287000.0,9123.0
2005-12-21,240554.0,290000.0,290000.0,284500.0,284500.0,4136.0
2005-12-22,233503.0,281500.0,290500.0,281000.0,290000.0,8900.0
2005-12-23,233503.0,281500.0,281500.0,273500.0,280000.0,17323.0
2005-12-26,232259.0,280000.0,281500.0,278000.0,278500.0,5200.0
2005-12-27,232259.0,280000.0,281500.0,278000.0,278000.0,7204.0
2005-12-28,233942.0,278000.0,280000.0,276000.0,278000.0,5122.0
2005-12-29,235625.0,280000.0,284000.0,276500.0,278000.0,6935.0
2006-01-02,244882.0,291000.0,291000.0,278000.0,280000.0,14237.0
2006-01-03,244882.0,291000.0,293000.0,285000.0,293000.0,11001.0
2006-01-04,253297.0,301000.0,301000.0,285500.0,292000.0,53987.0
2006-01-05,254139.0,302000.0,302500.0,295000.0,301000.0,23211.0
2006-01-06,254980.0,303000.0,306000.0,297000.0,302000.0,14623.0
2006-01-09,265078.0,315000.0,316500.0,298000.0,301000.0,44349.0
2006-01-10,268865.0,319500.0,325500.0,311000.0,311000.0,36367.0
2006-01-11,271811.0,323000.0,325000.0,302000.0,320000.0,21295.0
2006-01-12,271811.0,323000.0,324000.0,313000.0,320000.0,11683.0
2006-01-13,267603.0,318000.0,319000.0,306500.0,316500.0,14185.0
2006-01-16,258767.0,307500.0,314500.0,306500.0,312000.0,6979.0
2006-01-17,251614.0,299000.0,309000.0,298500.0,307000.0,17997.0
2006-01-18,239833.0,285000.0,298000.0,284500.0,298000.0,24217.0
2006-01-19,238991.0,284000.0,289000.0,284000.0,285500.0,8924.0
2006-01-20,240254.0,285500.0,290000.0,283500.0,289500.0,14562.0
2006-01-23,243199.0,289000.0,289000.0,282500.0,283000.0,23170.0
2006-01-24,243199.0,289000.0,292000.0,285000.0,290000.0,34107.0
2006-01-25,245723.0,292000.0,292000.0,280500.0,289000.0,28777.0
2006-01-26,245723.0,292000.0,295000.0,280500.0,286500.0,34335.0
2006-01-27,250773.0,298000.0,298000.0,287000.0,290000.0,20076.0
2006-01-31,249090.0,296000.0,297500.0,291500.0,295000.0,11215.0
2006-02-01,239833.0,285000.0,295000.0,285000.0,295000.0,9407.0
2006-02-02,238570.0,283500.0,291500.0,282500.0,286000.0,9211.0
2006-02-03,237308.0,282000.0,284000.0,279500.0,284000.0,15513.0
2006-02-06,240674.0,286000.0,290000.0,276000.0,278500.0,13452.0
2006-02-07,240674.0,286000.0,286000.0,279000.0,283000.0,15565.0
2006-02-08,235625.0,280000.0,285500.0,279000.0,281000.0,15300.0
2006-02-09,231418.0,275000.0,280000.0,268000.0,280000.0,31536.0
2006-02-10,231418.0,275000.0,275000.0,268000.0,268000.0,19101.0
2006-02-13,226368.0,269000.0,274000.0,268500.0,272000.0,18947.0
2006-02-14,231418.0,275000.0,276000.0,267000.0,267000.0,13771.0
2006-02-15,226789.0,269500.0,279000.0,268000.0,275500.0,19083.0
2006-02-16,225106.0,267500.0,270500.0,265500.0,268500.0,14934.0
2006-02-17,225527.0,268000.0,271000.0,267000.0,267000.0,7143.0
2006-02-20,233101.0,277000.0,281500.0,269000.0,269000.0,14196.0
2006-02-21,228052.0,271000.0,282000.0,270000.0,282000.0,11700.0
2006-02-22,228893.0,272000.0,276000.0,268500.0,271500.0,18436.0
2006-02-23,235625.0,280000.0,280000.0,273500.0,274500.0,14516.0
2006-02-24,237308.0,282000.0,286500.0,281000.0,282000.0,10289.0
2006-02-27,236887.0,281500.0,287000.0,277500.0,280000.0,5294.0
2006-02-28,241095.0,286500.0,289000.0,282500.0,289000.0,6215.0
2006-03-02,247406.0,294000.0,293000.0,287000.0,292000.0,15052.0
2006-03-03,239833.0,285000.0,292000.0,277000.0,290000.0,16431.0
2006-03-06,239412.0,284500.0,288000.0,279000.0,288000.0,15370.0
2006-03-07,235204.0,279500.0,284000.0,271500.0,284000.0,24384.0
2006-03-08,228893.0,272000.0,281000.0,270500.0,281000.0,15361.0
2006-03-09,223844.0,266000.0,273500.0,265000.0,270000.0,35981.0
2006-03-10,221319.0,263000.0,268500.0,260500.0,266500.0,31362.0
2006-03-13,222161.0,264000.0,266500.0,262500.0,266000.0,19243.0
2006-03-14,218795.0,260000.0,264500.0,260000.0,264000.0,20275.0
2006-03-15,218795.0,260000.0,265500.0,259500.0,259500.0,16649.0
2006-03-16,218374.0,259500.0,264000.0,259500.0,261500.0,11556.0
2006-03-17,220478.0,262000.0,264000.0,258500.0,258500.0,15770.0
2006-03-20,222161.0,264000.0,265000.0,262000.0,262000.0,9452.0
2006-03-21,219216.0,260500.0,264000.0,260500.0,263000.0,9455.0
2006-03-22,216270.0,257000.0,261000.0,257000.0,260500.0,17322.0
2006-03-23,216691.0,257500.0,260500.0,257000.0,260000.0,10137.0
2006-03-24,217112.0,258000.0,260000.0,257000.0,257000.0,7469.0
2006-03-27,219636.0,261000.0,263000.0,258000.0,258000.0,8230.0
2006-03-28,220057.0,261500.0,264000.0,261500.0,263500.0,15474.0
2006-03-29,221319.0,263000.0,263500.0,260500.0,260500.0,8069.0
2006-03-30,222161.0,264000.0,267000.0,263000.0,263500.0,9123.0
2006-03-31,228893.0,272000.0,272000.0,261500.0,263500.0,13917.0
2006-04-03,232259.0,276000.0,277500.0,268000.0,270000.0,11072.0
2006-04-04,227210.0,270000.0,274000.0,270000.0,271000.0,7971.0
2006-04-05,227631.0,270500.0,270000.0,267000.0,268500.0,4750.0
2006-04-06,229314.0,272500.0,272500.0,268500.0,268500.0,6840.0
2006-04-07,227210.0,270000.0,275000.0,269000.0,275000.0,6809.0
2006-04-10,223844.0,266000.0,269500.0,266000.0,267000.0,10216.0
2006-04-11,222582.0,264500.0,268000.0,264500.0,268000.0,6507.0
2006-04-12,223844.0,266000.0,269500.0,264000.0,265000.0,6003.0
2006-04-13,228052.0,271000.0,271000.0,265000.0,265500.0,7568.0
2006-04-14,227210.0,270000.0,270500.0,268000.0,268000.0,7277.0
2006-04-17,223002.0,265000.0,270000.0,264500.0,270000.0,10215.0
2006-04-18,218374.0,259500.0,268000.0,259500.0,263500.0,26812.0
2006-04-19,217953.0,259000.0,260000.0,259000.0,260000.0,14541.0
2006-04-20,217112.0,258000.0,261500.0,258000.0,260000.0,27347.0
2006-04-21,217112.0,258000.0,260000.0,257500.0,257500.0,18934.0
2006-04-24,212904.0,253000.0,259500.0,253000.0,259000.0,22776.0
2006-04-25,214166.0,254500.0,255500.0,251500.0,255000.0,30031.0
2006-04-26,221740.0,263500.0,263500.0,252500.0,253500.0,34394.0
2006-04-27,222582.0,264500.0,266000.0,258000.0,263000.0,41990.0
2006-04-28,221740.0,263500.0,265000.0,262500.0,264500.0,52217.0
2006-05-02,219636.0,261000.0,265500.0,258500.0,265000.0,21985.0
2006-05-03,213325.0,253500.0,259500.0,253500.0,258500.0,28042.0
2006-05-04,217112.0,258000.0,258000.0,254000.0,256000.0,18347.0
2006-05-08,223002.0,265000.0,265500.0,254000.0,256000.0,49235.0
2006-05-09,225527.0,268000.0,271000.0,263500.0,265000.0,53307.0
2006-05-10,236467.0,281000.0,281000.0,270000.0,271000.0,59066.0
2006-05-11,245303.0,291500.0,292500.0,281500.0,281500.0,76631.0
2006-05-12,243620.0,289500.0,291000.0,283000.0,283000.0,16535.0
2006-05-15,243199.0,289000.0,290000.0,282500.0,290000.0,14408.0
2006-05-16,243199.0,289000.0,288000.0,280000.0,280000.0,10053.0
2006-05-17,236467.0,281000.0,285000.0,281000.0,281500.0,11056.0
2006-05-18,233942.0,278000.0,279500.0,270000.0,279500.0,10600.0
2006-05-19,238991.0,284000.0,284000.0,272000.0,278000.0,9600.0
2006-05-22,238991.0,284000.0,284000.0,272000.0,278000.0,9678.0
2006-05-23,234784.0,279000.0,282000.0,272500.0,280000.0,16042.0
2006-05-24,234784.0,279000.0,282000.0,268000.0,282000.0,19740.0
2006-05-25,228052.0,271000.0,275000.0,269000.0,275000.0,27192.0
2006-05-26,234784.0,279000.0,282500.0,271000.0,271000.0,27389.0
2006-05-29,238150.0,283000.0,290500.0,280000.0,290500.0,12800.0
2006-05-30,235625.0,280000.0,282500.0,273000.0,282500.0,14422.0
2006-05-31,238150.0,283000.0,290500.0,280000.0,290500.0,37869.0
2006-06-01,228893.0,272000.0,285000.0,271000.0,285000.0,7792.0
2006-06-02,228893.0,272000.0,279500.0,269000.0,272000.0,36006.0
2006-06-05,227210.0,270000.0,272000.0,267500.0,270000.0,24533.0
2006-06-07,227210.0,270000.0,271000.0,265500.0,265500.0,33417.0
2006-06-08,220478.0,262000.0,269500.0,258500.0,265000.0,22882.0
2006-06-09,225527.0,268000.0,270000.0,264000.0,269000.0,8060.0
2006-06-12,230576.0,274000.0,274000.0,260000.0,270000.0,8296.0
2006-06-13,223002.0,265000.0,275000.0,260000.0,275000.0,20955.0
2006-06-14,221740.0,263500.0,269500.0,260000.0,269500.0,14845.0
2006-06-15,221740.0,263500.0,265000.0,261000.0,263500.0,24012.0
2006-06-16,233101.0,277000.0,277500.0,269000.0,272000.0,24585.0
2006-06-19,226368.0,269000.0,279500.0,266500.0,279500.0,10829.0
2006-06-20,219636.0,261000.0,268500.0,260500.0,268500.0,12402.0
2006-06-21,217112.0,258000.0,261500.0,256500.0,260000.0,21211.0
2006-06-22,215429.0,256000.0,260000.0,254500.0,258500.0,19370.0
2006-06-23,203647.0,242000.0,255000.0,242000.0,254000.0,36929.0
2006-06-26,203647.0,242000.0,243500.0,239500.0,241500.0,27548.0
2006-06-27,202385.0,240500.0,243500.0,240500.0,242000.0,18812.0
2006-06-28,205751.0,244500.0,244500.0,238000.0,239000.0,11083.0
2006-06-29,205330.0,244000.0,247500.0,242500.0,244500.0,52267.0
2006-06-30,208697.0,248000.0,250000.0,243000.0,246000.0,46148.0
2006-07-03,206593.0,245500.0,248500.0,246000.0,248000.0,22661.0
2006-07-04,209959.0,249500.0,256000.0,246500.0,247000.0,25200.0
2006-07-05,206593.0,245500.0,247000.0,244000.0,245000.0,6400.0
2006-07-06,201964.0,240000.0,245000.0,239000.0,239000.0,11700.0
2006-07-07,202806.0,241000.0,244500.0,239000.0,241000.0,17200.0
2006-07-10,207014.0,246000.0,248000.0,239500.0,241000.0,26100.0
2006-07-11,206172.0,245000.0,246000.0,243000.0,246000.0,13700.0
2006-07-12,207855.0,247000.0,250000.0,245000.0,248000.0,10100.0
2006-07-13,209117.0,248500.0,249000.0,242000.0,242000.0,11900.0
2006-07-14,202806.0,241000.0,243500.0,240000.0,243500.0,17200.0
2006-07-18,201964.0,240000.0,244000.0,237000.0,244000.0,16000.0
2006-07-19,209538.0,249000.0,249000.0,230500.0,238500.0,21500.0
2006-07-20,200702.0,238500.0,245000.0,233000.0,240500.0,51100.0
2006-07-21,193549.0,230000.0,240500.0,228500.0,240000.0,41743.0
2006-07-24,191025.0,227000.0,230000.0,226500.0,230000.0,27821.0
2006-07-25,185555.0,220500.0,231000.0,220000.0,227500.0,36729.0
2006-07-26,182609.0,217000.0,222500.0,216000.0,222000.0,39400.0
2006-07-27,186396.0,221500.0,222000.0,217000.0,217500.0,35700.0
2006-07-28,191025.0,227000.0,228500.0,221500.0,221500.0,26432.0
2006-07-31,192287.0,228500.0,232000.0,228000.0,229000.0,14821.0
2006-08-01,192708.0,229000.0,229000.0,223500.0,225000.0,25423.0
2006-08-02,190604.0,226500.0,229000.0,224000.0,229000.0,23179.0
2006-08-03,198178.0,235500.0,237500.0,228500.0,228500.0,29711.0
2006-08-04,202806.0,241000.0,241000.0,236000.0,236000.0,25596.0
2006-08-07,202806.0,241000.0,242500.0,238500.0,241000.0,21654.0
2006-08-08,206172.0,245000.0,245000.0,238500.0,238500.0,16031.0
2006-08-09,205330.0,244000.0,244000.0,236500.0,244000.0,14702.0
2006-08-10,202806.0,241000.0,244500.0,237000.0,244500.0,15067.0
2006-08-11,201123.0,239000.0,245000.0,236000.0,241000.0,11495.0
2006-08-14,199440.0,237000.0,242000.0,237000.0,239000.0,7142.0
2006-08-16,201964.0,240000.0,242000.0,238000.0,238000.0,5370.0
2006-08-17,199861.0,237500.0,242500.0,237500.0,241500.0,8336.0
2006-08-18,193970.0,230500.0,235000.0,230500.0,234000.0,12864.0
2006-08-21,193970.0,230500.0,233500.0,230500.0,231000.0,6600.0
2006-08-22,196074.0,233000.0,233500.0,230000.0,230000.0,8800.0
2006-08-23,191866.0,228000.0,233000.0,228000.0,230500.0,6860.0
2006-08-24,189342.0,225000.0,231000.0,225000.0,231000.0,7593.0
2006-08-25,190604.0,226500.0,231000.0,225000.0,225000.0,8239.0
2006-08-28,193970.0,230500.0,230500.0,226500.0,226500.0,7997.0
2006-08-29,193549.0,230000.0,232500.0,230000.0,231000.0,8051.0
2006-08-30,198598.0,236000.0,233500.0,229000.0,230000.0,4119.0
2006-08-31,200702.0,238500.0,235500.0,231000.0,231000.0,31798.0
2006-09-01,195232.0,232000.0,235500.0,231500.0,233500.0,11726.0
2006-09-04,194811.0,231500.0,234500.0,231500.0,232000.0,4283.0
2006-09-05,196074.0,233000.0,233000.0,229500.0,230500.0,6067.0
2006-09-06,201123.0,239000.0,238500.0,231500.0,232000.0,15748.0
2006-09-07,206172.0,245000.0,245000.0,236000.0,238000.0,24883.0
2006-09-08,206593.0,245500.0,245500.0,240000.0,240000.0,8839.0
2006-09-11,205330.0,244000.0,245500.0,241500.0,245500.0,8524.0
2006-09-12,207014.0,246000.0,247000.0,242500.0,242500.0,11722.0
2006-09-13,210380.0,250000.0,252000.0,246500.0,246500.0,16988.0
2006-09-14,210800.0,250500.0,251500.0,244000.0,251000.0,23779.0
2006-09-15,215429.0,256000.0,256000.0,248000.0,251000.0,15445.0
2006-09-18,225948.0,268500.0,268500.0,253000.0,253000.0,28142.0
2006-09-19,219636.0,261000.0,266000.0,256000.0,265000.0,19755.0
2006-09-20,225527.0,268000.0,268000.0,257000.0,258500.0,11759.0
2006-09-21,223844.0,266000.0,269500.0,264500.0,264500.0,9578.0
2006-09-22,226368.0,269000.0,269000.0,261500.0,269000.0,10340.0
2006-09-25,228893.0,272000.0,272500.0,266000.0,266500.0,8338.0
2006-09-26,225106.0,267500.0,272500.0,265000.0,272000.0,13455.0
2006-09-27,227210.0,270000.0,272500.0,264500.0,264500.0,8176.0
2006-09-28,224685.0,267000.0,271500.0,264000.0,268500.0,12252.0
2006-09-29,227210.0,270000.0,272000.0,267000.0,272000.0,10633.0
2006-10-02,228052.0,271000.0,271500.0,269500.0,270000.0,8069.0
2006-10-04,224265.0,266500.0,270000.0,263000.0,268000.0,6629.0
2006-10-09,213746.0,254000.0,268000.0,253000.0,260500.0,23698.0
2006-10-10,220478.0,262000.0,262000.0,254000.0,254000.0,9328.0
2006-10-11,229314.0,272500.0,274000.0,258000.0,258000.0,13119.0
2006-10-12,229314.0,272500.0,279000.0,268500.0,279000.0,19341.0
2006-10-13,220057.0,261500.0,275000.0,261500.0,274000.0,39134.0
2006-10-16,218795.0,260000.0,262000.0,256500.0,262000.0,19486.0
2006-10-17,215849.0,256500.0,262500.0,255000.0,260000.0,11999.0
2006-10-18,210380.0,250000.0,257000.0,248000.0,255500.0,19416.0
2006-10-19,210380.0,250000.0,251000.0,246000.0,246000.0,26220.0
2006-10-20,209538.0,249000.0,250000.0,248500.0,248500.0,8668.0
2006-10-23,213746.0,254000.0,256500.0,250000.0,250000.0,21743.0
2006-10-24,210800.0,250500.0,255500.0,250000.0,254000.0,26018.0
2006-10-25,209959.0,249500.0,250000.0,247000.0,249500.0,20723.0
2006-10-26,212063.0,252000.0,252000.0,249500.0,250000.0,22468.0
2006-10-27,214166.0,254500.0,255000.0,251500.0,252000.0,11851.0
2006-10-30,215008.0,255500.0,257000.0,253500.0,254000.0,4289.0
2006-10-31,215429.0,256000.0,257500.0,254500.0,256500.0,7466.0
2006-11-01,215429.0,256000.0,258000.0,253500.0,256000.0,9495.0
2006-11-02,217953.0,259000.0,263500.0,255000.0,256000.0,15476.0
2006-11-03,228472.0,271500.0,276500.0,259000.0,261000.0,27922.0
2006-11-06,230997.0,274500.0,278500.0,269500.0,269500.0,22275.0
2006-11-07,235625.0,280000.0,282500.0,274500.0,274500.0,41000.0
2006-11-08,232259.0,276000.0,281000.0,271500.0,281000.0,10256.0
2006-11-09,234784.0,279000.0,279000.0,271000.0,273500.0,12197.0
2006-11-10,233101.0,277000.0,281000.0,273000.0,274500.0,10743.0
2006-11-13,235204.0,279500.0,281500.0,274000.0,274000.0,15205.0
2006-11-14,235625.0,280000.0,280000.0,275500.0,280000.0,10283.0
2006-11-15,231418.0,275000.0,279000.0,268000.0,277000.0,23011.0
2006-11-16,224265.0,266500.0,274500.0,266500.0,272000.0,14020.0
2006-11-17,225527.0,268000.0,268500.0,264500.0,267000.0,12338.0
2006-11-20,222161.0,264000.0,267000.0,262500.0,267000.0,14775.0
2006-11-21,227210.0,270000.0,270000.0,261000.0,261000.0,12769.0
2006-11-22,225527.0,268000.0,270000.0,264500.0,268000.0,13886.0
2006-11-23,223844.0,266000.0,268000.0,264500.0,266500.0,7249.0
2006-11-24,225527.0,268000.0,269500.0,263000.0,263000.0,12988.0
2006-11-27,234784.0,279000.0,279500.0,274000.0,274000.0,31008.0
2006-11-28,232259.0,276000.0,278000.0,271500.0,276500.0,45770.0
2006-11-29,230576.0,274000.0,277000.0,274000.0,274500.0,13359.0
2006-11-30,229735.0,273000.0,276000.0,268500.0,273500.0,59321.0
2006-12-01,226789.0,269500.0,271000.0,268000.0,271000.0,29031.0
2006-12-04,225527.0,268000.0,270000.0,267500.0,268500.0,31466.0
2006-12-05,224685.0,267000.0,272000.0,267000.0,270000.0,21362.0
2006-12-06,226368.0,269000.0,270000.0,267000.0,268500.0,36100.0
2006-12-07,222161.0,264000.0,269000.0,264000.0,268000.0,16135.0
2006-12-08,229735.0,273000.0,273000.0,263000.0,264500.0,59054.0
2006-12-11,238991.0,284000.0,287000.0,273500.0,275000.0,60179.0
2006-12-12,237308.0,282000.0,284000.0,276500.0,280500.0,21170.0
2006-12-13,235625.0,280000.0,286000.0,277000.0,278500.0,23729.0
2006-12-14,237729.0,282500.0,284500.0,275000.0,284500.0,38244.0
2006-12-15,234784.0,279000.0,280000.0,274000.0,279000.0,24043.0
2006-12-18,228052.0,271000.0,278000.0,270000.0,277000.0,73346.0
2006-12-19,228052.0,271000.0,273000.0,269500.0,269500.0,14534.0
2006-12-20,230576.0,274000.0,274000.0,269000.0,269000.0,25053.0
2006-12-21,229314.0,272500.0,276500.0,269500.0,272000.0,39245.0
2006-12-22,237308.0,282000.0,280500.0,271000.0,271000.0,15808.0
2006-12-26,234784.0,279000.0,279000.0,274000.0,276000.0,12531.0
2006-12-27,238199.0,279000.0,279000.0,273000.0,278500.0,7254.0
2006-12-28,243321.0,285000.0,285000.0,276000.0,279500.0,14513.0
2007-01-02,233930.0,274000.0,284000.0,273000.0,280500.0,23740.0
2007-01-03,233930.0,274000.0,282000.0,274000.0,276000.0,31508.0
2007-01-04,230942.0,270500.0,275500.0,269000.0,274500.0,47937.0
2007-01-05,232222.0,272000.0,282500.0,269000.0,270000.0,24434.0
2007-01-08,232222.0,272000.0,272000.0,264000.0,270500.0,12686.0
2007-01-09,230088.0,269500.0,274000.0,269000.0,274000.0,20053.0
2007-01-10,224539.0,263000.0,268500.0,260500.0,268000.0,24699.0
2007-01-11,222831.0,261000.0,264000.0,259500.0,261500.0,29856.0
2007-01-12,223258.0,261500.0,264000.0,259500.0,261000.0,16959.0
2007-01-15,222831.0,261000.0,264500.0,260000.0,260000.0,41724.0
2007-01-16,220270.0,258000.0,261500.0,258000.0,261000.0,11074.0
2007-01-17,213440.0,250000.0,258500.0,250000.0,258500.0,20022.0
2007-01-18,212159.0,248500.0,250500.0,245500.0,250000.0,20932.0
2007-01-19,201914.0,236500.0,248000.0,234000.0,246000.0,44784.0
2007-01-22,204902.0,240000.0,241500.0,231500.0,232500.0,76286.0
2007-01-23,210878.0,247000.0,248000.0,236000.0,236000.0,21493.0
2007-01-24,218562.0,256000.0,257000.0,247000.0,247000.0,24670.0
2007-01-25,217708.0,255000.0,256000.0,248500.0,256000.0,15780.0
2007-01-26,216855.0,254000.0,254000.0,247000.0,250000.0,15168.0
2007-01-29,213440.0,250000.0,254000.0,249000.0,251500.0,13468.0
2007-01-30,215147.0,252000.0,254000.0,250000.0,250000.0,12967.0
2007-01-31,218562.0,256000.0,256000.0,251000.0,251500.0,11430.0
2007-02-01,221977.0,260000.0,260000.0,255500.0,256000.0,9659.0
2007-02-02,222404.0,260500.0,262500.0,255500.0,260000.0,20524.0
2007-02-05,222404.0,260500.0,261500.0,254000.0,258000.0,9539.0
2007-02-06,218562.0,256000.0,261000.0,254500.0,260500.0,12143.0
2007-02-07,221124.0,259000.0,259500.0,251500.0,254500.0,10656.0
2007-02-08,218989.0,256500.0,261000.0,254500.0,256000.0,16443.0
2007-02-09,223685.0,262000.0,267000.0,258500.0,260500.0,19879.0
2007-02-12,229661.0,269000.0,270500.0,255000.0,255000.0,19415.0
2007-02-13,232222.0,272000.0,272000.0,266500.0,266500.0,20200.0
2007-02-14,233503.0,273500.0,273500.0,269500.0,270500.0,9489.0
2007-02-15,233076.0,273000.0,274000.0,271500.0,272000.0,12724.0
2007-02-16,225819.0,264500.0,272500.0,261000.0,270000.0,17413.0
2007-02-20,225819.0,264500.0,266000.0,259000.0,261500.0,11109.0
2007-02-21,219843.0,257500.0,262500.0,254500.0,262500.0,34174.0
2007-02-22,218989.0,256500.0,258500.0,255000.0,258500.0,15322.0
2007-02-23,218989.0,256500.0,258500.0,254000.0,255500.0,18715.0
2007-02-26,216428.0,253500.0,262500.0,251500.0,257500.0,44839.0
2007-02-27,223685.0,262000.0,262000.0,253000.0,254500.0,24881.0
2007-02-28,221124.0,259000.0,259500.0,250500.0,259500.0,26500.0
2007-03-05,214293.0,251000.0,259000.0,247000.0,259000.0,45169.0
2007-03-06,210878.0,247000.0,251500.0,246500.0,249000.0,18841.0
2007-03-07,211305.0,247500.0,249000.0,243000.0,247000.0,19353.0
2007-03-08,215147.0,252000.0,255000.0,245000.0,249000.0,19559.0
2007-03-09,219843.0,257500.0,257500.0,252500.0,255000.0,10028.0
2007-03-12,219843.0,257500.0,259000.0,255500.0,259000.0,8205.0
2007-03-13,215574.0,252500.0,257000.0,250500.0,254500.0,16667.0
2007-03-14,209598.0,245500.0,250500.0,244000.0,247500.0,23128.0
2007-03-15,213440.0,250000.0,251000.0,247000.0,247000.0,17900.0
2007-03-16,210878.0,247000.0,250000.0,246000.0,250000.0,11322.0
2007-03-19,210878.0,247000.0,249000.0,244000.0,244000.0,11623.0
2007-03-20,210025.0,246000.0,248000.0,245000.0,247000.0,13286.0
2007-03-21,207463.0,243000.0,247000.0,243000.0,247000.0,16448.0
2007-03-22,213440.0,250000.0,251500.0,244000.0,244000.0,35121.0
2007-03-23,210025.0,246000.0,249500.0,244500.0,247500.0,17378.0
2007-03-26,213013.0,249500.0,250000.0,246000.0,248000.0,14658.0
2007-03-27,209171.0,245000.0,250000.0,245000.0,249500.0,29260.0
2007-03-28,207890.0,243500.0,246000.0,243500.0,245000.0,14146.0
2007-03-29,210025.0,246000.0,246000.0,243000.0,244500.0,10677.0
2007-03-30,209171.0,245000.0,246000.0,243000.0,244500.0,24638.0
2007-04-02,203621.0,238500.0,245000.0,238000.0,244000.0,53209.0
2007-04-03,201487.0,236000.0,240000.0,234000.0,239500.0,51629.0
2007-04-04,201060.0,235500.0,238500.0,234500.0,238000.0,43844.0
2007-04-05,201060.0,235500.0,238000.0,234500.0,235500.0,36775.0
2007-04-06,204048.0,239000.0,239000.0,234000.0,235000.0,32480.0
2007-04-09,204475.0,239500.0,240500.0,237000.0,239000.0,21273.0
2007-04-10,212159.0,248500.0,249500.0,240000.0,240500.0,77769.0
2007-04-11,211305.0,247500.0,249500.0,245000.0,247500.0,38054.0
2007-04-12,214293.0,251000.0,254000.0,247000.0,248000.0,73293.0
2007-04-13,213440.0,250000.0,251000.0,246000.0,251000.0,37328.0
2007-04-16,220270.0,258000.0,259500.0,251500.0,251500.0,41347.0
2007-04-17,221977.0,260000.0,260000.0,255000.0,258500.0,15100.0
2007-04-18,224965.0,263500.0,264000.0,255000.0,260000.0,38265.0
2007-04-19,219416.0,257000.0,263000.0,252500.0,260500.0,43950.0
2007-04-20,221124.0,259000.0,262500.0,255000.0,260000.0,26881.0
2007-04-23,221977.0,260000.0,267500.0,255500.0,260000.0,26824.0
2007-04-24,217708.0,255000.0,260500.0,253500.0,260500.0,19876.0
2007-04-25,217282.0,254500.0,255500.0,248500.0,254000.0,26902.0
2007-04-26,217708.0,255000.0,255000.0,250500.0,252500.0,16096.0
2007-04-27,214293.0,251000.0,255000.0,251000.0,253500.0,11422.0
2007-04-30,213013.0,249500.0,252000.0,247000.0,250000.0,12868.0
2007-05-02,216855.0,254000.0,256000.0,250000.0,251500.0,15727.0
2007-05-03,217708.0,255000.0,256000.0,252000.0,254500.0,14154.0
2007-05-04,213440.0,250000.0,256000.0,250000.0,255000.0,26526.0
2007-05-07,209171.0,245000.0,249500.0,242500.0,248500.0,94689.0
2007-05-08,204902.0,240000.0,249500.0,238500.0,246500.0,93945.0
2007-05-09,204475.0,239500.0,244000.0,239000.0,241000.0,48516.0
2007-05-10,217708.0,255000.0,257500.0,241000.0,241000.0,67284.0
2007-05-11,214293.0,251000.0,256000.0,250500.0,255000.0,29550.0
2007-05-14,218562.0,256000.0,257000.0,249000.0,251000.0,27201.0
2007-05-15,217708.0,255000.0,257500.0,254500.0,256500.0,17953.0
2007-05-16,215147.0,252000.0,256000.0,248000.0,252500.0,27400.0
2007-05-17,213440.0,250000.0,252500.0,250000.0,252500.0,23122.0
2007-05-18,211732.0,248000.0,251000.0,247000.0,250000.0,10325.0
2007-05-21,212586.0,249000.0,250000.0,245500.0,245500.0,18503.0
2007-05-22,209171.0,245000.0,248500.0,244000.0,247500.0,34989.0
2007-05-23,214293.0,251000.0,252000.0,246500.0,246500.0,26277.0
2007-05-25,213013.0,249500.0,251000.0,248500.0,249000.0,10835.0
2007-05-28,214293.0,251000.0,255000.0,249000.0,249000.0,18339.0
2007-05-29,216855.0,254000.0,256000.0,250500.0,251000.0,25707.0
2007-05-30,216855.0,254000.0,261000.0,253000.0,255000.0,39237.0
2007-05-31,221124.0,259000.0,259500.0,253500.0,259500.0,44025.0
2007-06-01,216001.0,253000.0,260000.0,252000.0,257000.0,51205.0
2007-06-04,213440.0,250000.0,253000.0,247500.0,251000.0,39764.0
2007-06-05,211732.0,248000.0,252500.0,246000.0,248500.0,45325.0
2007-06-07,225819.0,264500.0,264500.0,248500.0,250000.0,77030.0
2007-06-08,226673.0,265500.0,268000.0,259500.0,263500.0,50218.0
2007-06-11,223685.0,262000.0,273000.0,260000.0,268000.0,48249.0
2007-06-12,219843.0,257500.0,267000.0,255500.0,262000.0,43517.0
2007-06-13,223685.0,262000.0,263500.0,257500.0,258000.0,26907.0
2007-06-14,227954.0,267000.0,267500.0,264500.0,264500.0,32664.0
2007-06-15,230088.0,269500.0,272000.0,266500.0,270000.0,35158.0
2007-06-18,236064.0,276500.0,277000.0,271500.0,271500.0,28766.0
2007-06-19,231369.0,271000.0,274500.0,269500.0,274000.0,26342.0
2007-06-20,226246.0,265000.0,271000.0,265000.0,271000.0,34070.0
2007-06-21,222404.0,260500.0,262000.0,259000.0,262000.0,37754.0
2007-06-22,224112.0,262500.0,264500.0,258500.0,261000.0,18738.0
2007-06-25,224539.0,263000.0,268500.0,260000.0,262000.0,12932.0
2007-06-26,221124.0,259000.0,264000.0,257000.0,264000.0,24860.0
2007-06-27,221977.0,260000.0,263000.0,257500.0,260000.0,10000.0
2007-06-28,223685.0,262000.0,262500.0,260500.0,260500.0,14586.0
2007-06-29,224539.0,263000.0,265500.0,261000.0,265000.0,18200.0
2007-07-02,224539.0,263000.0,264000.0,259500.0,260500.0,15476.0
2007-07-03,224539.0,263000.0,267500.0,262000.0,263000.0,27907.0
2007-07-04,225392.0,264000.0,265000.0,260000.0,263000.0,34860.0
2007-07-05,224112.0,262500.0,265000.0,260000.0,264000.0,37696.0
2007-07-06,218989.0,256500.0,263500.0,255000.0,262500.0,49819.0
2007-07-09,221550.0,259500.0,262000.0,255500.0,256000.0,25643.0
2007-07-10,222831.0,261000.0,262500.0,258500.0,260500.0,29029.0
2007-07-11,222404.0,260500.0,263500.0,259000.0,260500.0,26364.0
2007-07-12,221977.0,260000.0,263000.0,259000.0,261000.0,24313.0
2007-07-13,225392.0,264000.0,266500.0,261000.0,261500.0,22872.0
2007-07-16,229234.0,268500.0,271000.0,265000.0,266500.0,20008.0
2007-07-18,222404.0,260500.0,270000.0,260500.0,269500.0,26345.0
2007-07-19,224539.0,263000.0,265000.0,261000.0,262000.0,13146.0
2007-07-20,223685.0,262000.0,264500.0,259500.0,262500.0,30790.0
2007-07-23,223685.0,262000.0,265000.0,261000.0,261000.0,21738.0
2007-07-24,223685.0,262000.0,265000.0,260000.0,264000.0,17201.0
2007-07-25,223685.0,262000.0,262000.0,257500.0,261500.0,29654.0
2007-07-26,220270.0,258000.0,264000.0,258000.0,264000.0,22514.0
2007-07-27,209171.0,245000.0,257500.0,245000.0,256000.0,25932.0
2007-07-30,208317.0,244000.0,248000.0,244000.0,248000.0,19629.0
2007-07-31,214720.0,251500.0,251500.0,240500.0,247000.0,17922.0
2007-08-01,203195.0,238000.0,248000.0,238000.0,248000.0,23346.0
2007-08-02,199779.0,234000.0,243000.0,233000.0,239500.0,21138.0
2007-08-03,202768.0,237500.0,241000.0,236000.0,236000.0,19325.0
2007-08-06,202768.0,237500.0,238500.0,235000.0,237500.0,13290.0
2007-08-07,202768.0,237500.0,243000.0,236500.0,243000.0,10953.0
2007-08-08,205329.0,240500.0,242500.0,239000.0,240500.0,18488.0
2007-08-09,204902.0,240000.0,242500.0,239500.0,240500.0,14320.0
2007-08-10,198926.0,233000.0,238000.0,232000.0,238000.0,23353.0
2007-08-13,200633.0,235000.0,238500.0,231500.0,233000.0,14868.0
2007-08-14,203195.0,238000.0,238500.0,233500.0,235000.0,22284.0
2007-08-16,195511.0,229000.0,234500.0,226000.0,232500.0,29185.0
2007-08-17,184412.0,216000.0,230500.0,216000.0,230500.0,20790.0
2007-08-20,189961.0,222500.0,226500.0,220000.0,220000.0,37777.0
2007-08-21,189961.0,222500.0,226000.0,220500.0,223000.0,46943.0
2007-08-22,187400.0,219500.0,225000.0,218500.0,221000.0,55335.0
2007-08-23,188681.0,221000.0,227000.0,219500.0,221000.0,37142.0
2007-08-24,187400.0,219500.0,223500.0,218000.0,223000.0,20111.0
2007-08-27,193803.0,227000.0,230000.0,222000.0,222000.0,41462.0
2007-08-28,201487.0,236000.0,236000.0,227500.0,227500.0,22181.0
2007-08-29,199353.0,233500.0,233500.0,227500.0,230000.0,12086.0
2007-08-30,201487.0,236000.0,238000.0,232000.0,237500.0,15260.0
2007-08-31,204902.0,240000.0,240000.0,235000.0,235500.0,13316.0
2007-09-03,199353.0,233500.0,237500.0,232000.0,237500.0,14800.0
2007-09-04,195511.0,229000.0,233000.0,228500.0,233000.0,17914.0
2007-09-05,192096.0,225000.0,231000.0,225000.0,230000.0,17786.0
2007-09-06,196364.0,230000.0,230000.0,222500.0,225000.0,18056.0
2007-09-07,194230.0,227500.0,230000.0,226000.0,230000.0,16159.0
2007-09-10,192522.0,225500.0,230500.0,222000.0,225500.0,13900.0
2007-09-11,192949.0,226000.0,228500.0,222500.0,226000.0,7955.0
2007-09-12,191242.0,224000.0,227000.0,223500.0,226000.0,13960.0
2007-09-13,193376.0,226500.0,226500.0,222500.0,226000.0,20610.0
2007-09-14,195938.0,229500.0,230000.0,226000.0,226500.0,10840.0
2007-09-17,198926.0,233000.0,234000.0,228000.0,229500.0,12852.0
2007-09-18,192949.0,226000.0,234000.0,225500.0,234000.0,10120.0
2007-09-19,199779.0,234000.0,234000.0,228500.0,230000.0,32644.0
2007-09-20,197645.0,231500.0,235000.0,228000.0,234500.0,11998.0
2007-09-21,192096.0,225000.0,231000.0,224500.0,230000.0,13580.0
2007-09-27,194230.0,227500.0,230000.0,225500.0,225500.0,11661.0
2007-09-28,192522.0,225500.0,228000.0,225500.0,226500.0,11316.0
2007-10-01,195084.0,228500.0,231000.0,227000.0,228000.0,17150.0
2007-10-02,193376.0,226500.0,232000.0,226000.0,230500.0,23723.0
2007-10-04,194230.0,227500.0,228500.0,226000.0,226500.0,13726.0
2007-10-05,187400.0,219500.0,227500.0,219000.0,227500.0,50156.0
2007-10-08,174594.0,204500.0,220000.0,204500.0,219500.0,102253.0
2007-10-09,168190.0,197000.0,206000.0,195500.0,205500.0,73258.0
2007-10-10,171178.0,200500.0,201500.0,198000.0,198500.0,34322.0
2007-10-11,176728.0,207000.0,208500.0,203000.0,203500.0,37200.0
2007-10-12,174167.0,204000.0,207500.0,200500.0,207500.0,35953.0
2007-10-15,175020.0,205000.0,207500.0,204500.0,207000.0,15705.0
2007-10-16,168617.0,197500.0,205500.0,197500.0,205000.0,30101.0
2007-10-17,171178.0,200500.0,203500.0,196500.0,200000.0,26966.0
2007-10-18,171178.0,200500.0,204000.0,200500.0,204000.0,13312.0
2007-10-19,170752.0,200000.0,201500.0,200000.0,201500.0,12245.0
2007-10-22,168190.0,197000.0,202000.0,193000.0,202000.0,23299.0
2007-10-23,169044.0,198000.0,198500.0,194000.0,197500.0,20616.0
2007-10-24,168617.0,197500.0,200500.0,194500.0,197500.0,20734.0
2007-10-25,169044.0,198000.0,201500.0,194500.0,197500.0,14900.0
2007-10-26,169471.0,198500.0,200500.0,195000.0,197000.0,42758.0
2007-10-29,167763.0,196500.0,200000.0,196500.0,200000.0,12611.0
2007-10-30,170325.0,199500.0,201000.0,196000.0,196500.0,16243.0
2007-10-31,169898.0,199000.0,200500.0,198500.0,199500.0,15768.0
2007-11-01,163922.0,192000.0,200000.0,191500.0,199500.0,34578.0
2007-11-02,159653.0,187000.0,191500.0,187000.0,190500.0,29200.0
2007-11-05,155384.0,182000.0,187000.0,180500.0,185000.0,17540.0
2007-11-06,158799.0,186000.0,189000.0,179000.0,179500.0,27037.0
2007-11-07,162214.0,190000.0,191500.0,184000.0,186000.0,34200.0
2007-11-08,154957.0,181500.0,189500.0,179500.0,189500.0,38300.0
2007-11-09,156238.0,183000.0,186000.0,182000.0,183500.0,14692.0
2007-11-12,153250.0,179500.0,183000.0,178500.0,182000.0,32376.0
2007-11-13,153676.0,180000.0,182000.0,177500.0,181500.0,28833.0
2007-11-14,158372.0,185500.0,186000.0,181000.0,185000.0,32489.0
2007-11-15,161360.0,189000.0,190000.0,187000.0,187000.0,18709.0
2007-11-16,157945.0,185000.0,190000.0,185000.0,189500.0,13483.0
2007-11-19,158372.0,185500.0,190000.0,185500.0,190000.0,11000.0
2007-11-20,155811.0,182500.0,185500.0,181000.0,184500.0,19000.0
2007-11-21,149834.0,175500.0,188000.0,175500.0,188000.0,30422.0
2007-11-22,150688.0,176500.0,179500.0,174000.0,174000.0,14000.0
2007-11-23,150688.0,176500.0,178500.0,175500.0,177000.0,23595.0
2007-11-26,152396.0,178500.0,178500.0,174500.0,174500.0,17200.0
2007-11-27,151969.0,178000.0,181500.0,175000.0,177500.0,17894.0
2007-11-28,151115.0,177000.0,180000.0,177000.0,180000.0,14628.0
2007-11-29,155384.0,182000.0,182000.0,180000.0,181000.0,19887.0
2007-11-30,151969.0,178000.0,186000.0,178000.0,182000.0,42576.0
2007-12-03,154103.0,180500.0,182000.0,179500.0,180000.0,28585.0
2007-12-04,154530.0,181000.0,182500.0,180000.0,181000.0,8032.0
2007-12-05,158799.0,186000.0,186500.0,180000.0,181000.0,23858.0
2007-12-06,169044.0,198000.0,198500.0,186500.0,187000.0,33285.0
2007-12-07,167763.0,196500.0,200000.0,194000.0,200000.0,17146.0
2007-12-10,162641.0,190500.0,198000.0,189500.0,197000.0,23648.0
2007-12-11,166910.0,195500.0,196500.0,191500.0,193000.0,11020.0
2007-12-12,176728.0,207000.0,207000.0,193500.0,195500.0,38567.0
2007-12-13,175020.0,205000.0,207000.0,200500.0,207000.0,40800.0
2007-12-14,176728.0,207000.0,207000.0,200000.0,202000.0,16013.0
2007-12-17,166483.0,195000.0,206000.0,195000.0,203000.0,10242.0
2007-12-18,172032.0,201500.0,202000.0,190000.0,197500.0,7700.0
2007-12-20,177582.0,208000.0,209000.0,203000.0,207000.0,37923.0
2007-12-21,175020.0,205000.0,206500.0,202500.0,205000.0,10441.0
2007-12-24,173740.0,203500.0,209500.0,201000.0,203500.0,7601.0
2007-12-26,173313.0,203000.0,204500.0,198000.0,204000.0,11100.0
2007-12-27,172877.0,198500.0,204500.0,198500.0,203000.0,12794.0
2007-12-28,169394.0,194500.0,200500.0,194500.0,200500.0,16011.0
2008-01-02,165475.0,190000.0,204500.0,190000.0,204000.0,27996.0
2008-01-03,168958.0,194000.0,196500.0,189000.0,194000.0,15776.0
2008-01-04,172877.0,198500.0,200500.0,191500.0,194000.0,12785.0
2008-01-07,175490.0,201500.0,202000.0,191000.0,198000.0,21245.0
2008-01-08,176797.0,203000.0,203000.0,194000.0,202000.0,9259.0
2008-01-09,173313.0,199000.0,201000.0,197500.0,199000.0,6758.0
2008-01-10,175926.0,202000.0,204500.0,197000.0,201500.0,17452.0
2008-01-11,169394.0,194500.0,201000.0,193500.0,200000.0,13749.0
2008-01-14,172007.0,197500.0,200000.0,194000.0,195000.0,34880.0
2008-01-15,168087.0,193000.0,199000.0,191000.0,197500.0,30651.0
2008-01-16,164604.0,189000.0,193000.0,185500.0,192000.0,21912.0
2008-01-17,159378.0,183000.0,191000.0,183000.0,187000.0,23849.0
2008-01-18,155024.0,178000.0,182000.0,176000.0,180500.0,24116.0
2008-01-21,154153.0,177000.0,177500.0,175500.0,177500.0,14099.0
2008-01-22,155024.0,178000.0,178000.0,174000.0,175000.0,23323.0
2008-01-23,159814.0,183500.0,186000.0,178000.0,186000.0,15750.0
2008-01-24,159378.0,183000.0,185000.0,179000.0,181000.0,20637.0
2008-01-25,158072.0,181500.0,183000.0,178500.0,180500.0,28969.0
2008-01-28,158507.0,182000.0,184500.0,179000.0,181500.0,14665.0
2008-01-29,159378.0,183000.0,183000.0,179500.0,181500.0,13335.0
2008-01-30,158943.0,182500.0,186000.0,177500.0,182000.0,30300.0
2008-01-31,166781.0,191500.0,191500.0,180500.0,184500.0,34602.0
2008-02-01,162862.0,187000.0,192000.0,185500.0,187500.0,38768.0
2008-02-04,165039.0,189500.0,190000.0,187500.0,188000.0,31938.0
2008-02-05,165039.0,189500.0,194000.0,188500.0,190500.0,6148.0
2008-02-11,164168.0,188500.0,191000.0,185500.0,189500.0,10427.0
2008-02-12,165910.0,190500.0,192000.0,186000.0,187000.0,10902.0
2008-02-13,165039.0,189500.0,192500.0,188000.0,191000.0,16750.0
2008-02-14,169394.0,194500.0,194500.0,188000.0,189500.0,14871.0
2008-02-15,165910.0,190500.0,191500.0,187000.0,191500.0,12433.0
2008-02-18,168087.0,193000.0,195500.0,190000.0,190500.0,16653.0
2008-02-19,172007.0,197500.0,200000.0,194000.0,194000.0,32464.0
2008-02-20,172442.0,198000.0,201000.0,192000.0,198500.0,31185.0
2008-02-21,173313.0,199000.0,200500.0,197000.0,197500.0,14923.0
2008-02-22,172007.0,197500.0,199000.0,193000.0,199000.0,12117.0
2008-02-25,174184.0,200000.0,200000.0,196000.0,200000.0,17798.0
2008-02-26,173313.0,199000.0,199000.0,196000.0,198000.0,14826.0
2008-02-27,172007.0,197500.0,200500.0,195500.0,199500.0,18358.0
2008-02-28,170700.0,196000.0,196000.0,192000.0,195000.0,17316.0
2008-02-29,167216.0,192000.0,196000.0,187500.0,196000.0,27340.0
2008-03-03,165475.0,190000.0,190500.0,185500.0,190000.0,14961.0
2008-03-04,171571.0,197000.0,197500.0,188500.0,192500.0,17948.0
2008-03-05,173313.0,199000.0,199500.0,194500.0,199000.0,15515.0
2008-03-06,175055.0,201000.0,201000.0,196500.0,199500.0,14639.0
2008-03-07,169829.0,195000.0,198000.0,195000.0,198000.0,6912.0
2008-03-10,175055.0,201000.0,201000.0,194500.0,198500.0,12559.0
2008-03-11,170700.0,196000.0,201500.0,194000.0,201500.0,19363.0
2008-03-12,172442.0,198000.0,200500.0,196000.0,200500.0,9909.0
2008-03-13,167652.0,192500.0,199000.0,190000.0,197500.0,16123.0
2008-03-14,167216.0,192000.0,196500.0,188500.0,191500.0,7463.0
2008-03-17,167216.0,192000.0,194000.0,181500.0,192500.0,10997.0
2008-03-18,159814.0,183500.0,187000.0,183000.0,183000.0,29315.0
2008-03-19,165475.0,190000.0,191000.0,185000.0,185500.0,16879.0
2008-03-20,156330.0,179500.0,191000.0,179500.0,190000.0,18184.0
2008-03-21,157636.0,181000.0,182000.0,178500.0,178500.0,12134.0
2008-03-24,155894.0,179000.0,182000.0,177500.0,182000.0,9079.0
2008-03-25,155894.0,179000.0,181500.0,179000.0,179500.0,13431.0
2008-03-26,153282.0,176000.0,180500.0,175000.0,178500.0,15279.0
2008-03-27,158072.0,181500.0,181500.0,177500.0,179000.0,13696.0
2008-03-28,156330.0,179500.0,182000.0,178500.0,179500.0,9666.0
2008-03-31,157201.0,180500.0,181000.0,178000.0,181000.0,9711.0
2008-04-01,158072.0,181500.0,182000.0,178500.0,182000.0,9083.0
2008-04-02,155459.0,178500.0,183000.0,178000.0,183000.0,20877.0
2008-04-03,158072.0,181500.0,181500.0,179000.0,179500.0,8890.0
2008-04-04,157201.0,180500.0,182000.0,180500.0,182000.0,6687.0
2008-04-07,158507.0,182000.0,183500.0,181000.0,182000.0,12235.0
2008-04-08,157201.0,180500.0,183000.0,180500.0,183000.0,13568.0
2008-04-10,160685.0,184500.0,184500.0,180000.0,180500.0,13467.0
2008-04-11,160249.0,184000.0,184500.0,181500.0,183000.0,7456.0
2008-04-14,158943.0,182500.0,182500.0,180000.0,182000.0,6140.0
2008-04-15,158507.0,182000.0,183500.0,180500.0,183500.0,6320.0
2008-04-16,161556.0,185500.0,189500.0,182000.0,183500.0,12529.0
2008-04-17,161991.0,186000.0,188500.0,183500.0,186000.0,8363.0
2008-04-18,161556.0,185500.0,189500.0,185000.0,188000.0,7079.0
2008-04-21,161991.0,186000.0,188000.0,184500.0,186000.0,9431.0
2008-04-22,162426.0,186500.0,188000.0,185000.0,186500.0,8330.0
2008-04-23,163733.0,188000.0,190500.0,187000.0,189000.0,13069.0
2008-04-24,163733.0,188000.0,188000.0,185000.0,188000.0,8024.0
2008-04-25,164604.0,189000.0,189500.0,187000.0,188000.0,5649.0
2008-04-28,161556.0,185500.0,187500.0,185500.0,186500.0,8542.0
2008-04-29,161120.0,185000.0,188000.0,184500.0,184500.0,10674.0
2008-04-30,160685.0,184500.0,188000.0,184500.0,185000.0,6946.0
2008-05-02,158943.0,182500.0,185500.0,182500.0,184500.0,12666.0
2008-05-06,159814.0,183500.0,188000.0,182500.0,182500.0,34314.0
2008-05-07,157636.0,181000.0,184500.0,181000.0,184000.0,9920.0
2008-05-08,158072.0,181500.0,183500.0,181500.0,181500.0,9578.0
2008-05-09,158072.0,181500.0,182500.0,180000.0,182000.0,8805.0
2008-05-13,161556.0,185500.0,185500.0,181500.0,182000.0,12348.0
2008-05-14,158507.0,182000.0,186500.0,181500.0,185500.0,15875.0
2008-05-15,158943.0,182500.0,185000.0,181500.0,181500.0,15036.0
2008-05-16,163733.0,188000.0,189000.0,183000.0,184500.0,15819.0
2008-05-19,167216.0,192000.0,192000.0,190000.0,190000.0,13121.0
2008-05-20,166346.0,191000.0,192500.0,188000.0,192000.0,6754.0
2008-05-21,160249.0,184000.0,188500.0,184000.0,187000.0,9874.0
2008-05-22,159378.0,183000.0,184000.0,181500.0,183000.0,11013.0
2008-05-23,159378.0,183000.0,185000.0,182000.0,183500.0,7557.0
2008-05-26,159378.0,183000.0,185000.0,182500.0,183000.0,9568.0
2008-05-27,158507.0,182000.0,184500.0,182000.0,183000.0,6127.0
2008-05-28,157636.0,181000.0,185000.0,181000.0,183000.0,17921.0
2008-05-29,158507.0,182000.0,185000.0,181500.0,181500.0,10784.0
2008-05-30,157201.0,180500.0,185500.0,180500.0,183000.0,44124.0
2008-06-02,159814.0,183500.0,185000.0,181000.0,181500.0,13047.0
2008-06-03,164168.0,188500.0,188500.0,183000.0,183500.0,13660.0
2008-06-04,170700.0,196000.0,196000.0,189000.0,189000.0,27594.0
2008-06-05,172442.0,198000.0,198500.0,189000.0,196500.0,18271.0
2008-06-09,170700.0,196000.0,197500.0,193000.0,194000.0,12983.0
2008-06-10,168523.0,193500.0,195000.0,189000.0,195000.0,24716.0
2008-06-11,166346.0,191000.0,192500.0,188000.0,191500.0,12739.0
2008-06-12,163733.0,188000.0,191500.0,187000.0,187500.0,17020.0
2008-06-13,174184.0,200000.0,200000.0,188000.0,188000.0,27974.0
2008-06-16,173748.0,199500.0,200000.0,195500.0,200000.0,9853.0
2008-06-17,182893.0,210000.0,212500.0,198000.0,200500.0,39774.0
2008-06-18,190731.0,219000.0,219000.0,211000.0,213000.0,36344.0
2008-06-19,187683.0,215500.0,220000.0,211500.0,220000.0,22571.0
2008-06-20,187248.0,215000.0,217000.0,210000.0,213500.0,14462.0
2008-06-23,190731.0,219000.0,221000.0,208000.0,210000.0,23727.0
2008-06-24,188119.0,216000.0,220500.0,214000.0,215500.0,18957.0
2008-06-25,189860.0,218000.0,219000.0,211500.0,211500.0,9106.0
2008-06-26,188554.0,216500.0,218500.0,212500.0,214000.0,19988.0
2008-06-27,187248.0,215000.0,218000.0,208000.0,210000.0,23429.0
2008-06-30,194650.0,223500.0,227500.0,218500.0,219000.0,34987.0
2008-07-01,195957.0,225000.0,228000.0,222000.0,224500.0,25310.0
2008-07-02,197699.0,227000.0,229000.0,216500.0,216500.0,36006.0
2008-07-03,191167.0,219500.0,229000.0,210500.0,224500.0,44142.0
2008-07-04,188554.0,216500.0,223500.0,213000.0,215500.0,12145.0
2008-07-07,187248.0,215000.0,220000.0,210000.0,216500.0,36619.0
2008-07-08,182022.0,209000.0,215000.0,207000.0,212000.0,34620.0
2008-07-09,187248.0,215000.0,219500.0,202500.0,210000.0,21551.0
2008-07-10,187683.0,215500.0,219500.0,212000.0,218500.0,25686.0
2008-07-11,187248.0,215000.0,219500.0,214500.0,215500.0,21517.0
2008-07-14,188119.0,216000.0,219500.0,214000.0,217500.0,9619.0
2008-07-15,187683.0,215500.0,218500.0,215000.0,215500.0,15815.0
2008-07-16,190296.0,218500.0,220000.0,217000.0,218000.0,20744.0
2008-07-17,189860.0,218000.0,221000.0,215500.0,219000.0,15329.0
2008-07-18,174184.0,200000.0,214500.0,200000.0,213000.0,67225.0
2008-07-21,187683.0,215500.0,221000.0,201000.0,201000.0,30121.0
2008-07-22,189425.0,217500.0,218500.0,212500.0,215000.0,5178.0
2008-07-23,189425.0,217500.0,217500.0,212500.0,216000.0,11304.0
2008-07-24,185941.0,213500.0,217000.0,213500.0,216000.0,15902.0
2008-07-25,185941.0,213500.0,218500.0,213000.0,214000.0,8610.0
2008-07-28,190296.0,218500.0,219000.0,213000.0,216500.0,12264.0
2008-07-29,187683.0,215500.0,218500.0,209500.0,213000.0,11173.0
2008-07-30,197699.0,227000.0,227500.0,215500.0,215500.0,18445.0
2008-07-31,197263.0,226500.0,228000.0,222500.0,227000.0,18737.0
2008-08-01,200311.0,230000.0,231000.0,220500.0,226000.0,18394.0
2008-08-04,200311.0,230000.0,236000.0,224000.0,232000.0,28046.0
2008-08-05,194650.0,223500.0,235000.0,222500.0,230000.0,16784.0
2008-08-06,187248.0,215000.0,221000.0,211500.0,220500.0,55125.0
2008-08-07,195957.0,225000.0,231000.0,214000.0,215000.0,30095.0
2008-08-08,196828.0,226000.0,229000.0,220000.0,226000.0,10730.0
2008-08-11,197699.0,227000.0,230000.0,225500.0,225500.0,10877.0
2008-08-12,199441.0,229000.0,230000.0,221000.0,224000.0,15297.0
2008-08-13,196828.0,226000.0,230000.0,221500.0,230000.0,14137.0
2008-08-14,199005.0,228500.0,232000.0,223000.0,223000.0,13950.0
2008-08-18,195521.0,224500.0,229500.0,223500.0,228500.0,14708.0
2008-08-19,192038.0,220500.0,225000.0,217000.0,225000.0,22802.0
2008-08-20,195521.0,224500.0,225000.0,217500.0,218000.0,23265.0
2008-08-21,193780.0,222500.0,223000.0,218000.0,223000.0,10847.0
2008-08-22,193780.0,222500.0,222500.0,215000.0,217500.0,12824.0
2008-08-25,190731.0,219000.0,225000.0,218000.0,221500.0,6143.0
2008-08-26,195086.0,224000.0,224000.0,217000.0,218500.0,11993.0
2008-08-27,194215.0,223000.0,224000.0,220000.0,220000.0,11799.0
2008-08-28,188990.0,217000.0,223000.0,216000.0,223000.0,12062.0
2008-08-29,191167.0,219500.0,221500.0,217000.0,219000.0,13308.0
2008-09-01,193344.0,222000.0,223000.0,216500.0,221000.0,17349.0
2008-09-02,196828.0,226000.0,226000.0,218500.0,222000.0,21391.0
2008-09-03,192909.0,221500.0,228000.0,219500.0,227500.0,16064.0
2008-09-04,190731.0,219000.0,223000.0,216000.0,218000.0,10369.0
2008-09-05,187248.0,215000.0,219000.0,213500.0,215000.0,14723.0
2008-09-08,187248.0,215000.0,219000.0,211500.0,215000.0,17048.0
2008-09-09,182893.0,210000.0,214500.0,209500.0,212500.0,32359.0
2008-09-10,185506.0,213000.0,215000.0,206500.0,207000.0,16690.0
2008-09-11,182458.0,209500.0,217000.0,207000.0,217000.0,26135.0
2008-09-12,189425.0,217500.0,219500.0,210000.0,212000.0,17166.0
2008-09-16,188554.0,216500.0,225000.0,210500.0,215000.0,15586.0
2008-09-17,186377.0,214000.0,217000.0,212500.0,215000.0,15515.0
2008-09-18,186812.0,214500.0,215000.0,211000.0,215000.0,9523.0
2008-09-19,189860.0,218000.0,219500.0,212500.0,214000.0,22265.0
2008-09-22,188119.0,216000.0,222000.0,214000.0,220000.0,14208.0
2008-09-23,186377.0,214000.0,216500.0,211500.0,213500.0,16460.0
2008-09-24,199441.0,229000.0,229000.0,213000.0,213000.0,18173.0
2008-09-25,197263.0,226500.0,230000.0,220000.0,227000.0,11236.0
2008-09-26,195086.0,224000.0,226000.0,220000.0,225000.0,8540.0
2008-09-29,194215.0,223000.0,224500.0,218500.0,222000.0,22283.0
2008-09-30,192473.0,221000.0,224500.0,218000.0,223000.0,16318.0
2008-10-01,192473.0,221000.0,221000.0,216000.0,219000.0,10047.0
2008-10-02,199005.0,228500.0,228500.0,223000.0,223500.0,15913.0
2008-10-06,200311.0,230000.0,230000.0,218000.0,221000.0,36606.0
2008-10-07,198134.0,227500.0,230000.0,226500.0,230000.0,24323.0
2008-10-08,191602.0,220000.0,227000.0,215000.0,227000.0,21278.0
2008-10-09,191167.0,219500.0,222500.0,215000.0,215000.0,26612.0
2008-10-10,172007.0,197500.0,213500.0,191000.0,213000.0,38634.0
2008-10-13,175926.0,202000.0,203500.0,192500.0,192500.0,17933.0
2008-10-14,175926.0,202000.0,212500.0,200500.0,205000.0,23585.0
2008-10-15,174184.0,200000.0,203000.0,195500.0,200500.0,26896.0
2008-10-16,175926.0,202000.0,202000.0,191000.0,195000.0,23715.0
2008-10-17,175490.0,201500.0,203500.0,192000.0,200500.0,25828.0
2008-10-20,177232.0,203500.0,205000.0,196000.0,205000.0,13786.0
2008-10-21,168958.0,194000.0,204000.0,192000.0,201500.0,28881.0
2008-10-22,169829.0,195000.0,198500.0,187500.0,197000.0,23079.0
2008-10-23,169829.0,195000.0,195000.0,181000.0,185000.0,35610.0
2008-10-24,159378.0,183000.0,198000.0,183000.0,198000.0,30522.0
2008-10-27,158507.0,182000.0,192000.0,171500.0,189000.0,40667.0
2008-10-28,149363.0,171500.0,181500.0,169000.0,171500.0,36793.0
2008-10-29,142395.0,163500.0,178500.0,156000.0,176500.0,57390.0
2008-10-30,157636.0,181000.0,188000.0,164000.0,166000.0,44756.0
2008-10-31,181151.0,208000.0,208000.0,172000.0,177500.0,57710.0
2008-11-03,185506.0,213000.0,219500.0,195500.0,208000.0,48618.0
2008-11-04,187248.0,215000.0,217000.0,200500.0,208500.0,28723.0
2008-11-05,179845.0,206500.0,221000.0,205500.0,212000.0,32674.0
2008-11-06,186377.0,214000.0,214000.0,202500.0,205000.0,18282.0
2008-11-07,189860.0,218000.0,220000.0,202000.0,214000.0,21609.0
2008-11-10,186377.0,214000.0,226500.0,211000.0,218000.0,15523.0
2008-11-11,174619.0,200500.0,217500.0,200500.0,215500.0,36067.0
2008-11-12,182893.0,210000.0,211500.0,197000.0,197000.0,27115.0
2008-11-13,193344.0,222000.0,226000.0,205500.0,210000.0,39265.0
2008-11-14,199441.0,229000.0,229000.0,218000.0,226000.0,48133.0
2008-11-17,203795.0,234000.0,240000.0,219000.0,225000.0,39588.0
2008-11-18,210327.0,241500.0,241500.0,234500.0,239500.0,45156.0
2008-11-19,215988.0,248000.0,253500.0,234000.0,240500.0,58075.0
2008-11-20,209021.0,240000.0,250000.0,237000.0,250000.0,43106.0
2008-11-21,196828.0,226000.0,245000.0,223000.0,245000.0,62494.0
2008-11-24,199441.0,229000.0,236000.0,224000.0,225000.0,28543.0
2008-11-25,201618.0,231500.0,233000.0,223000.0,230000.0,28220.0
2008-11-26,202053.0,232000.0,237000.0,224000.0,224000.0,22773.0
2008-11-27,192038.0,220500.0,236000.0,218500.0,235000.0,41876.0
2008-11-28,196392.0,225500.0,229000.0,221000.0,222000.0,22577.0
2008-12-01,199441.0,229000.0,230000.0,218500.0,222000.0,22082.0
2008-12-02,200311.0,230000.0,230000.0,223000.0,226500.0,20593.0
2008-12-03,199876.0,229500.0,230000.0,220000.0,230000.0,30259.0
2008-12-04,193780.0,222500.0,230000.0,222000.0,230000.0,16297.0
2008-12-05,210763.0,242000.0,242000.0,225000.0,225000.0,30429.0
2008-12-08,210763.0,242000.0,243000.0,235500.0,238000.0,27442.0
2008-12-09,205537.0,236000.0,244000.0,233000.0,244000.0,28060.0
2008-12-10,202924.0,233000.0,244000.0,231500.0,240000.0,41124.0
2008-12-11,200311.0,230000.0,238000.0,230000.0,234500.0,45831.0
2008-12-12,194215.0,223000.0,234000.0,223000.0,233000.0,25137.0
2008-12-15,197263.0,226500.0,235500.0,225500.0,226000.0,23108.0
2008-12-16,200311.0,230000.0,230000.0,223000.0,227000.0,24852.0
2008-12-17,197263.0,226500.0,234000.0,225500.0,231500.0,19935.0
2008-12-18,202053.0,232000.0,232000.0,227000.0,229500.0,24396.0
2008-12-19,206843.0,237500.0,239500.0,230000.0,230500.0,26318.0
2008-12-22,199441.0,229000.0,237500.0,227000.0,236000.0,19656.0
2008-12-23,205537.0,236000.0,236000.0,226500.0,226500.0,15891.0
2008-12-24,209021.0,240000.0,240000.0,230500.0,235000.0,12069.0
2008-12-26,209021.0,240000.0,240000.0,232000.0,236000.0,10057.0
2008-12-29,212563.0,240000.0,240000.0,232500.0,237500.0,8647.0
2008-12-30,216549.0,244500.0,245000.0,236500.0,237500.0,20186.0
2009-01-02,208135.0,235000.0,244500.0,234500.0,244500.0,166077.0
2009-01-05,201935.0,228000.0,236000.0,228000.0,236000.0,24904.0
2009-01-06,197950.0,223500.0,232000.0,223500.0,231000.0,43276.0
2009-01-07,196621.0,222000.0,225500.0,220000.0,224000.0,34767.0
2009-01-08,194850.0,220000.0,226000.0,218500.0,223000.0,36923.0
2009-01-09,194407.0,219500.0,223000.0,218500.0,220500.0,30434.0
2009-01-12,197064.0,222500.0,224500.0,219500.0,220500.0,32643.0
2009-01-13,193964.0,219000.0,224000.0,218500.0,222500.0,23304.0
2009-01-14,193964.0,219000.0,220500.0,214000.0,218000.0,21766.0
2009-01-15,185550.0,209500.0,216500.0,207000.0,216000.0,25678.0
2009-01-16,189536.0,214000.0,216000.0,208500.0,209500.0,20636.0
2009-01-19,184222.0,208000.0,217000.0,208000.0,213500.0,31695.0
2009-01-20,185550.0,209500.0,211500.0,202500.0,209000.0,23454.0
2009-01-21,178465.0,201500.0,207000.0,201500.0,205000.0,26375.0
2009-01-22,173151.0,195500.0,204500.0,195500.0,203000.0,39541.0
2009-01-23,180679.0,204000.0,208500.0,196500.0,197500.0,32012.0
2009-01-28,185993.0,210000.0,211500.0,207000.0,211000.0,21756.0
2009-01-29,180679.0,204000.0,210000.0,204000.0,207500.0,32668.0
2009-01-30,177579.0,200500.0,206500.0,200000.0,204000.0,31333.0
2009-02-02,175808.0,198500.0,203500.0,197000.0,200500.0,30892.0
2009-02-03,182893.0,206500.0,209500.0,198000.0,200000.0,47518.0
2009-02-04,188207.0,212500.0,213000.0,207000.0,207000.0,26562.0
2009-02-05,187321.0,211500.0,212000.0,206500.0,210000.0,17843.0
2009-02-06,185550.0,209500.0,213500.0,203500.0,208500.0,40681.0
2009-02-09,177579.0,200500.0,209000.0,200500.0,209000.0,39687.0
2009-02-10,184222.0,208000.0,208500.0,202500.0,203000.0,32407.0
2009-02-11,190421.0,215000.0,216000.0,204000.0,206000.0,32871.0
2009-02-12,194850.0,220000.0,220000.0,209500.0,215000.0,39105.0
2009-02-13,194850.0,220000.0,222000.0,213000.0,220000.0,25210.0
2009-02-16,194850.0,220000.0,221000.0,216000.0,218000.0,15338.0
2009-02-17,194850.0,220000.0,220000.0,213500.0,217000.0,23865.0
2009-02-18,187764.0,212000.0,218000.0,210000.0,218000.0,20075.0
2009-02-19,184222.0,208000.0,211000.0,205000.0,209000.0,21725.0
2009-02-20,182007.0,205500.0,211000.0,204000.0,210500.0,17428.0
2009-02-23,183336.0,207000.0,210000.0,202000.0,203500.0,12604.0
2009-02-24,186879.0,211000.0,214000.0,202500.0,206000.0,17191.0
2009-02-25,185993.0,210000.0,212500.0,209000.0,211000.0,25244.0
2009-02-26,191750.0,216500.0,219500.0,209000.0,209500.0,16583.0
2009-02-27,201050.0,227000.0,229000.0,212500.0,212500.0,44561.0
2009-03-02,194850.0,220000.0,227000.0,209000.0,224500.0,24440.0
2009-03-03,201050.0,227000.0,227000.0,215000.0,227000.0,27500.0
2009-03-04,208135.0,235000.0,235000.0,221000.0,229500.0,19820.0
2009-03-05,210792.0,238000.0,239500.0,228000.0,231000.0,19862.0
2009-03-06,206806.0,233500.0,239000.0,229000.0,239000.0,30409.0
2009-03-09,203264.0,229500.0,234000.0,225000.0,231000.0,26460.0
2009-03-10,203707.0,230000.0,232000.0,224500.0,227500.0,28197.0
2009-03-11,203707.0,230000.0,231500.0,225000.0,228000.0,37591.0
2009-03-12,203707.0,230000.0,232000.0,224000.0,228000.0,37038.0
2009-03-13,201935.0,228000.0,233000.0,226000.0,227000.0,20914.0
2009-03-16,197064.0,222500.0,228000.0,221000.0,225500.0,29061.0
2009-03-17,196621.0,222000.0,226000.0,219000.0,224500.0,29032.0
2009-03-18,196621.0,222000.0,224500.0,219000.0,224000.0,23837.0
2009-03-19,203264.0,229500.0,230000.0,222000.0,222000.0,26578.0
2009-03-20,205478.0,232000.0,234500.0,228000.0,228000.0,23623.0
2009-03-23,208578.0,235500.0,235500.0,232000.0,234000.0,1566.0
2009-03-24,205921.0,232500.0,236000.0,225000.0,235000.0,50522.0
2009-03-25,197507.0,223000.0,232000.0,223000.0,230000.0,35278.0
2009-03-26,196621.0,222000.0,225500.0,221500.0,223500.0,28600.0
2009-03-27,198393.0,224000.0,226500.0,222000.0,222500.0,23823.0
2009-03-30,189536.0,214000.0,226000.0,214000.0,225500.0,28243.0
2009-03-31,190421.0,215000.0,220500.0,213500.0,213500.0,12640.0
2009-04-01,188650.0,213000.0,218000.0,210000.0,216000.0,22358.0
2009-04-02,189536.0,214000.0,217000.0,213000.0,214000.0,51317.0
2009-04-03,189536.0,214000.0,217500.0,214000.0,214500.0,35242.0
2009-04-06,190864.0,215500.0,216500.0,214000.0,214000.0,28190.0
2009-04-07,189093.0,213500.0,216500.0,213500.0,215000.0,26294.0
2009-04-08,187764.0,212000.0,215500.0,211000.0,212500.0,19364.0
2009-04-09,185993.0,210000.0,212000.0,208000.0,211000.0,47999.0
2009-04-10,186436.0,210500.0,213000.0,208000.0,211000.0,39525.0
2009-04-13,191307.0,216000.0,216000.0,209000.0,211000.0,42298.0
2009-04-14,189536.0,214000.0,218000.0,213500.0,217500.0,28192.0
2009-04-15,184222.0,208000.0,213000.0,207000.0,211000.0,37664.0
2009-04-16,182893.0,206500.0,212500.0,206500.0,211000.0,28553.0
2009-04-17,182007.0,205500.0,208500.0,205000.0,206500.0,27694.0
2009-04-20,180679.0,204000.0,206500.0,202000.0,206500.0,40924.0
2009-04-21,185107.0,209000.0,211500.0,203000.0,204000.0,40181.0
2009-04-22,186436.0,210500.0,215500.0,210000.0,212000.0,37430.0
2009-04-23,190864.0,215500.0,216000.0,212000.0,213500.0,33112.0
2009-04-24,188650.0,213000.0,219000.0,213000.0,219000.0,32016.0
2009-04-27,192193.0,217000.0,217500.0,213000.0,215000.0,29303.0
2009-04-28,192636.0,217500.0,222000.0,215500.0,217000.0,38764.0
2009-04-29,190864.0,215500.0,217500.0,213000.0,217500.0,20711.0
2009-04-30,191307.0,216000.0,217500.0,214000.0,217000.0,41481.0
2009-05-04,188650.0,213000.0,218000.0,212500.0,218000.0,30523.0
2009-05-06,183336.0,207000.0,212000.0,206500.0,210500.0,56130.0
2009-05-07,180679.0,204000.0,210000.0,204000.0,208000.0,56008.0
2009-05-08,187764.0,212000.0,213500.0,206000.0,206500.0,68316.0
2009-05-11,188207.0,212500.0,213500.0,209500.0,213500.0,36136.0
2009-05-12,193964.0,219000.0,221000.0,211500.0,212000.0,95917.0
2009-05-13,193521.0,218500.0,221500.0,218000.0,220000.0,41790.0
2009-05-14,188207.0,212500.0,217500.0,212500.0,217500.0,25154.0
2009-05-15,191307.0,216000.0,218500.0,210000.0,213000.0,34980.0
2009-05-18,195735.0,221000.0,222500.0,214000.0,214000.0,56281.0
2009-05-19,197507.0,223000.0,224500.0,218000.0,223500.0,54167.0
2009-05-20,193521.0,218500.0,222500.0,218000.0,221000.0,27501.0
2009-05-21,189093.0,213500.0,217500.0,213000.0,217500.0,41481.0
2009-05-22,187764.0,212000.0,215000.0,210500.0,214000.0,40992.0
2009-05-25,184222.0,208000.0,212500.0,204000.0,210000.0,35244.0
2009-05-26,189536.0,214000.0,215000.0,208000.0,209000.0,40272.0
2009-05-27,185550.0,209500.0,214500.0,207500.0,212500.0,55136.0
2009-05-28,188650.0,213000.0,213000.0,205500.0,209500.0,24211.0
2009-05-29,187764.0,212000.0,214000.0,208500.0,210500.0,22073.0
2009-06-01,187764.0,212000.0,216000.0,209500.0,210000.0,30117.0
2009-06-02,184664.0,208500.0,215000.0,208500.0,213000.0,36815.0
2009-06-03,183779.0,207500.0,210000.0,206500.0,210000.0,38704.0
2009-06-04,184664.0,208500.0,209500.0,207000.0,209500.0,29870.0
2009-06-05,184222.0,208000.0,209500.0,206500.0,206500.0,26434.0
2009-06-08,185107.0,209000.0,210500.0,206500.0,206500.0,16403.0
2009-06-09,187764.0,212000.0,214000.0,210000.0,211500.0,36032.0
2009-06-10,196621.0,222000.0,224000.0,211500.0,212000.0,64109.0
2009-06-11,199278.0,225000.0,227000.0,220000.0,220500.0,37536.0
2009-06-12,199278.0,225000.0,226000.0,219000.0,224000.0,32343.0
2009-06-15,198835.0,224500.0,226500.0,219500.0,225500.0,16057.0
2009-06-16,197950.0,223500.0,225500.0,219500.0,219500.0,16428.0
2009-06-17,191307.0,216000.0,224500.0,216000.0,223000.0,16822.0
2009-06-18,192193.0,217000.0,220500.0,216000.0,219000.0,22377.0
2009-06-19,201050.0,227000.0,227000.0,217500.0,220000.0,15763.0
2009-06-22,201935.0,228000.0,230500.0,223500.0,224000.0,21514.0
2009-06-23,201935.0,228000.0,233000.0,222000.0,226000.0,24604.0
2009-06-24,204149.0,230500.0,232500.0,226000.0,229500.0,19392.0
2009-06-25,208135.0,235000.0,237000.0,230500.0,233000.0,26839.0
2009-06-26,199278.0,225000.0,236000.0,225000.0,231500.0,26177.0
2009-06-29,201935.0,228000.0,229000.0,225000.0,226500.0,13217.0
2009-06-30,202821.0,229000.0,233000.0,226000.0,230000.0,18685.0
2009-07-01,205035.0,231500.0,233500.0,227000.0,227000.0,8636.0
2009-07-02,200164.0,226000.0,232500.0,226000.0,232500.0,11676.0
2009-07-03,200164.0,226000.0,229000.0,225000.0,226000.0,6811.0
2009-07-06,199278.0,225000.0,228000.0,225000.0,226500.0,11003.0
2009-07-07,201050.0,227000.0,228000.0,224500.0,228000.0,20836.0
2009-07-08,199721.0,225500.0,228500.0,224500.0,227000.0,17652.0
2009-07-09,199721.0,225500.0,227000.0,224000.0,225500.0,11526.0
2009-07-10,199278.0,225000.0,226000.0,222500.0,224500.0,23952.0
2009-07-13,199721.0,225500.0,229000.0,223500.0,225000.0,11046.0
2009-07-14,199278.0,225000.0,227500.0,223000.0,225000.0,18205.0
2009-07-15,201050.0,227000.0,231000.0,225000.0,225000.0,8853.0
2009-07-16,204149.0,230500.0,232500.0,228000.0,228500.0,27240.0
2009-07-17,210792.0,238000.0,238000.0,232000.0,232000.0,24352.0
2009-07-20,206364.0,233000.0,239500.0,233000.0,236000.0,14366.0
2009-07-21,206364.0,233000.0,237000.0,230000.0,237000.0,17776.0
2009-07-22,211678.0,239000.0,240000.0,231000.0,233000.0,22754.0
2009-07-23,213006.0,240500.0,245000.0,236500.0,237500.0,22932.0
2009-07-24,224963.0,254000.0,260000.0,239500.0,240000.0,30561.0
2009-07-27,220977.0,249500.0,253500.0,248000.0,251500.0,29121.0
2009-07-28,225406.0,254500.0,258500.0,245500.0,246000.0,29452.0
2009-07-29,220535.0,249000.0,258000.0,248000.0,257000.0,12893.0
2009-07-30,220977.0,249500.0,251500.0,247500.0,249500.0,12665.0
2009-07-31,217435.0,245500.0,251000.0,243000.0,247500.0,25576.0
2009-08-03,213892.0,241500.0,248000.0,240500.0,246000.0,20705.0
2009-08-04,216106.0,244000.0,244500.0,240500.0,241500.0,12230.0
2009-08-05,208135.0,235000.0,243000.0,235000.0,241000.0,22009.0
2009-08-06,208135.0,235000.0,237500.0,231000.0,233500.0,19808.0
2009-08-07,213006.0,240500.0,243500.0,236000.0,241000.0,48608.0
2009-08-10,220092.0,248500.0,251500.0,240000.0,240500.0,26157.0
2009-08-11,224077.0,253000.0,254000.0,247500.0,247500.0,34148.0
2009-08-12,224520.0,253500.0,255000.0,248000.0,253000.0,13331.0
2009-08-13,222306.0,251000.0,253500.0,247500.0,253500.0,36754.0
2009-08-14,222306.0,251000.0,252000.0,245500.0,250000.0,16509.0
2009-08-17,215220.0,243000.0,254500.0,243000.0,254500.0,17267.0
2009-08-18,212121.0,239500.0,246000.0,237000.0,244500.0,19211.0
2009-08-19,208135.0,235000.0,240000.0,234500.0,239000.0,28725.0
2009-08-20,214778.0,242500.0,246000.0,235000.0,235000.0,15112.0
2009-08-21,218763.0,247000.0,254000.0,240000.0,240000.0,18427.0
2009-08-24,213892.0,241500.0,253000.0,241000.0,246000.0,12440.0
2009-08-25,216992.0,245000.0,246500.0,240000.0,240500.0,9450.0
2009-08-26,213006.0,240500.0,246500.0,240500.0,243000.0,9357.0
2009-08-27,215663.0,243500.0,245000.0,238000.0,241500.0,8314.0
2009-08-28,210349.0,237500.0,247500.0,237500.0,243000.0,26779.0
2009-08-31,209906.0,237000.0,243500.0,237000.0,240000.0,14449.0
2009-09-01,216106.0,244000.0,245000.0,237000.0,239000.0,38823.0
2009-09-02,215663.0,243500.0,244000.0,240000.0,244000.0,9473.0
2009-09-03,215663.0,243500.0,244500.0,239000.0,244500.0,13004.0
2009-09-04,211678.0,239000.0,243000.0,237500.0,241500.0,16795.0
2009-09-07,212121.0,239500.0,242000.0,239000.0,239000.0,10885.0
2009-09-08,213006.0,240500.0,242500.0,238500.0,238500.0,5034.0
2009-09-09,210792.0,238000.0,241000.0,236000.0,239000.0,12110.0
2009-09-10,210792.0,238000.0,239500.0,236000.0,238500.0,26330.0
2009-09-11,217435.0,245500.0,246000.0,238500.0,239000.0,34951.0
2009-09-14,221420.0,250000.0,251000.0,248000.0,250000.0,27682.0
2009-09-15,220092.0,248500.0,254000.0,246000.0,254000.0,15451.0
2009-09-16,220977.0,249500.0,252500.0,246000.0,249000.0,15972.0
2009-09-17,226292.0,255500.0,258500.0,249500.0,250500.0,24541.0
2009-09-18,228949.0,258500.0,259500.0,254000.0,256000.0,24676.0
2009-09-21,225849.0,255000.0,260000.0,254500.0,260000.0,10974.0
2009-09-22,224077.0,253000.0,257000.0,252500.0,253500.0,12310.0
2009-09-23,219649.0,248000.0,252000.0,247500.0,251000.0,16676.0
2009-09-24,220535.0,249000.0,253500.0,246500.0,250500.0,18461.0
2009-09-25,225849.0,255000.0,256000.0,247500.0,247500.0,11054.0
2009-09-28,225849.0,255000.0,255500.0,250500.0,255000.0,19328.0
2009-09-29,225849.0,255000.0,257000.0,253000.0,253000.0,7987.0
2009-09-30,225406.0,254500.0,256000.0,252500.0,256000.0,16902.0
2009-10-01,224520.0,253500.0,255500.0,250500.0,255000.0,15019.0
2009-10-05,225849.0,255000.0,257500.0,245500.0,254500.0,13902.0
2009-10-06,226292.0,255500.0,258000.0,250500.0,252500.0,11647.0
2009-10-07,232934.0,263000.0,264000.0,254000.0,254000.0,21862.0
2009-10-08,227620.0,257000.0,264000.0,256500.0,261500.0,22541.0
2009-10-09,225406.0,254500.0,260000.0,254000.0,258000.0,10678.0
2009-10-12,220535.0,249000.0,257000.0,248500.0,255500.0,22108.0
2009-10-13,218320.0,246500.0,250000.0,241000.0,249000.0,32047.0
2009-10-14,216992.0,245000.0,247000.0,243000.0,245000.0,24827.0
2009-10-15,216549.0,244500.0,247000.0,241500.0,245000.0,54037.0
2009-10-16,221420.0,250000.0,251000.0,246500.0,246500.0,52320.0
2009-10-19,216992.0,245000.0,250500.0,242500.0,250000.0,34505.0
2009-10-20,219206.0,247500.0,248500.0,244000.0,246000.0,20406.0
2009-10-21,216992.0,245000.0,246000.0,243500.0,244500.0,14262.0
2009-10-22,211678.0,239000.0,244500.0,239000.0,244500.0,21734.0
2009-10-23,214335.0,242000.0,244000.0,238500.0,240000.0,15022.0
2009-10-26,214335.0,242000.0,244500.0,238500.0,243000.0,9434.0
2009-10-27,213449.0,241000.0,242500.0,239000.0,240000.0,9362.0
2009-10-28,213892.0,241500.0,245000.0,240000.0,241000.0,17833.0
2009-10-29,208135.0,235000.0,242000.0,233000.0,241500.0,24414.0
2009-10-30,212563.0,240000.0,241000.0,235000.0,237000.0,15976.0
2009-11-02,211235.0,238500.0,241500.0,237000.0,237000.0,15707.0
2009-11-03,206364.0,233000.0,239000.0,233000.0,238000.0,13503.0
2009-11-04,206806.0,233500.0,235000.0,231000.0,234500.0,6173.0
2009-11-05,204592.0,231000.0,234500.0,231000.0,233500.0,13253.0
2009-11-06,204592.0,231000.0,234000.0,226500.0,232000.0,16704.0
2009-11-09,208135.0,235000.0,238500.0,232000.0,233000.0,11429.0
2009-11-10,213006.0,240500.0,243500.0,235000.0,235000.0,25277.0
2009-11-11,212563.0,240000.0,240500.0,237500.0,240000.0,13178.0
2009-11-12,210792.0,238000.0,242000.0,238000.0,240000.0,7950.0
2009-11-13,210792.0,238000.0,242500.0,235500.0,240000.0,27828.0
2009-11-16,211678.0,239000.0,242000.0,236500.0,238000.0,22684.0
2009-11-17,210349.0,237500.0,241500.0,237500.0,239000.0,12836.0
2009-11-18,210349.0,237500.0,245000.0,234500.0,238000.0,37558.0
2009-11-19,210349.0,237500.0,239500.0,236000.0,236500.0,31543.0
2009-11-20,211235.0,238500.0,239000.0,237000.0,238500.0,18232.0
2009-11-23,215663.0,243500.0,244000.0,238500.0,238500.0,21595.0
2009-11-24,213449.0,241000.0,243500.0,241000.0,243500.0,9670.0
2009-11-25,213449.0,241000.0,242500.0,240000.0,240000.0,5346.0
2009-11-26,213449.0,241000.0,242500.0,238000.0,240000.0,17888.0
2009-11-27,208578.0,235500.0,240500.0,234500.0,240000.0,8514.0
2009-11-30,211678.0,239000.0,240000.0,234500.0,236000.0,17090.0
2009-12-01,213006.0,240500.0,241500.0,236500.0,237000.0,13054.0
2009-12-02,211235.0,238500.0,242500.0,238000.0,240000.0,18188.0
2009-12-03,211235.0,238500.0,240000.0,235000.0,240000.0,18440.0
2009-12-04,214335.0,242000.0,242500.0,238000.0,238500.0,26581.0
2009-12-07,216106.0,244000.0,245500.0,241500.0,241500.0,14839.0
2009-12-08,212563.0,240000.0,245500.0,238500.0,245000.0,33217.0
2009-12-09,216549.0,244500.0,248000.0,240000.0,240000.0,49437.0
2009-12-10,218320.0,246500.0,247500.0,243000.0,247500.0,34232.0
2009-12-11,223192.0,252000.0,253500.0,246500.0,246500.0,39295.0
2009-12-14,222306.0,251000.0,255500.0,251000.0,254000.0,20968.0
2009-12-15,217435.0,245500.0,251000.0,244500.0,250000.0,25663.0
2009-12-16,216106.0,244000.0,255000.0,244000.0,247500.0,32534.0
2009-12-17,216992.0,245000.0,247000.0,243500.0,244500.0,9503.0
2009-12-18,216106.0,244000.0,248500.0,244000.0,245500.0,11485.0
2009-12-21,214778.0,242500.0,246500.0,241000.0,243500.0,27490.0
2009-12-22,217878.0,246000.0,248500.0,244000.0,245500.0,23779.0
2009-12-23,221420.0,250000.0,251000.0,245500.0,248500.0,6962.0
2009-12-24,224963.0,254000.0,256000.0,250000.0,250000.0,20282.0
2009-12-28,227177.0,256500.0,259000.0,252000.0,254000.0,18108.0
2009-12-29,221329.0,246000.0,252500.0,246000.0,251500.0,7221.0
2009-12-30,224028.0,249000.0,254500.0,247500.0,248000.0,14002.0
2010-01-04,224928.0,250000.0,252500.0,250000.0,251500.0,7493.0
2010-01-05,228977.0,254500.0,256500.0,252500.0,253500.0,24579.0
2010-01-06,227627.0,253000.0,256500.0,247500.0,255500.0,24557.0
2010-01-07,225828.0,251000.0,256500.0,248500.0,250000.0,24902.0
2010-01-08,232126.0,258000.0,261000.0,250500.0,250500.0,14710.0
2010-01-11,236624.0,263000.0,263000.0,254500.0,256000.0,8939.0
2010-01-12,233925.0,260000.0,264500.0,257500.0,262500.0,11006.0
2010-01-13,233925.0,260000.0,260000.0,256000.0,258000.0,15073.0
2010-01-14,227177.0,252500.0,263000.0,252500.0,263000.0,18431.0
2010-01-15,229876.0,255500.0,258000.0,252000.0,254000.0,14548.0
2010-01-18,224478.0,249500.0,255000.0,249000.0,254000.0,16891.0
2010-01-19,224028.0,249000.0,253000.0,248000.0,248500.0,17541.0
2010-01-20,223128.0,248000.0,250000.0,247000.0,249000.0,11396.0
2010-01-21,207383.0,230500.0,240000.0,228500.0,240000.0,76164.0
2010-01-22,210532.0,234000.0,235000.0,230000.0,232000.0,58038.0
2010-01-25,218180.0,242500.0,243000.0,233000.0,234000.0,39883.0
2010-01-26,219080.0,243500.0,243500.0,236000.0,242500.0,13499.0
2010-01-27,213681.0,237500.0,242500.0,235500.0,240500.0,16406.0
2010-01-28,211432.0,235000.0,240000.0,233000.0,233500.0,25804.0
2010-01-29,204684.0,227500.0,240000.0,227000.0,236500.0,31497.0
2010-02-01,195237.0,217000.0,227500.0,215000.0,227500.0,58838.0
2010-02-02,198836.0,221000.0,223500.0,218500.0,219500.0,71272.0
2010-02-03,202435.0,225000.0,226000.0,220000.0,221000.0,47516.0
2010-02-04,201086.0,223500.0,224500.0,221500.0,223500.0,33901.0
2010-02-05,197936.0,220000.0,223000.0,215000.0,222000.0,17828.0
2010-02-08,200636.0,223000.0,223000.0,218500.0,221000.0,11287.0
2010-02-09,200186.0,222500.0,223000.0,222000.0,223000.0,6002.0
2010-02-10,200186.0,222500.0,222500.0,219500.0,220500.0,8228.0
2010-02-11,202435.0,225000.0,227500.0,220000.0,223500.0,9259.0
2010-02-12,199286.0,221500.0,223500.0,221500.0,223000.0,18797.0
2010-02-16,200636.0,223000.0,224000.0,222500.0,222500.0,2940.0
2010-02-17,203335.0,226000.0,227500.0,223000.0,226000.0,5250.0
2010-02-18,201985.0,224500.0,228500.0,224000.0,228500.0,5020.0
2010-02-19,201086.0,223500.0,226000.0,222500.0,226000.0,4851.0
2010-02-22,205584.0,228500.0,231000.0,224000.0,225500.0,5196.0
2010-02-23,206484.0,229500.0,230500.0,227500.0,230000.0,2409.0
2010-02-24,203335.0,226000.0,229500.0,225000.0,229500.0,2756.0
2010-02-25,200186.0,222500.0,226000.0,222000.0,225500.0,6400.0
2010-02-26,197037.0,219000.0,227000.0,219000.0,221000.0,21140.0
2010-03-02,199736.0,222000.0,223000.0,220000.0,220000.0,8985.0
2010-03-03,199286.0,221500.0,224500.0,221000.0,221000.0,4447.0
2010-03-04,197936.0,220000.0,222000.0,217000.0,219500.0,10886.0
2010-03-05,204684.0,227500.0,228500.0,220500.0,220500.0,11784.0
2010-03-08,206034.0,229000.0,230000.0,227500.0,227500.0,3708.0
2010-03-09,201985.0,224500.0,230000.0,224500.0,228500.0,9839.0
2010-03-10,201086.0,223500.0,226500.0,222000.0,226000.0,28946.0
2010-03-11,205134.0,228000.0,228000.0,222500.0,223000.0,15654.0
2010-03-12,205134.0,228000.0,228500.0,225000.0,226000.0,11178.0
2010-03-15,201985.0,224500.0,229000.0,223000.0,226500.0,7086.0
2010-03-16,198836.0,221000.0,226500.0,221000.0,223500.0,14802.0
2010-03-17,205134.0,228000.0,229000.0,223000.0,223000.0,12322.0
2010-03-18,203335.0,226000.0,228500.0,222500.0,222500.0,8776.0
2010-03-19,206034.0,229000.0,229000.0,225500.0,225500.0,7831.0
2010-03-22,204234.0,227000.0,229000.0,226500.0,228500.0,9624.0
2010-03-23,206934.0,230000.0,230000.0,227500.0,228000.0,12999.0
2010-03-24,207833.0,231000.0,233000.0,230000.0,232000.0,8499.0
2010-03-25,206934.0,230000.0,233500.0,230000.0,232000.0,4575.0
2010-03-26,205134.0,228000.0,230500.0,227000.0,228500.0,7300.0
2010-03-29,206034.0,229000.0,229000.0,226000.0,228000.0,6792.0
2010-03-30,206034.0,229000.0,230500.0,227500.0,227500.0,7062.0
2010-03-31,204234.0,227000.0,230500.0,226000.0,230500.0,10067.0
2010-04-01,205134.0,228000.0,229000.0,226500.0,226500.0,4231.0
2010-04-02,201985.0,224500.0,227000.0,223500.0,226500.0,7202.0
2010-04-05,203785.0,226500.0,227500.0,224000.0,224500.0,4847.0
2010-04-06,207383.0,230500.0,230500.0,227000.0,229000.0,5516.0
2010-04-07,209183.0,232500.0,236500.0,230000.0,230500.0,11488.0
2010-04-08,209183.0,232500.0,235000.0,229000.0,235000.0,5641.0
2010-04-09,209183.0,232500.0,233500.0,230000.0,232500.0,5250.0
2010-04-12,206934.0,230000.0,232500.0,227500.0,230000.0,8384.0
2010-04-13,201086.0,223500.0,230000.0,222000.0,228500.0,24758.0
2010-04-14,202885.0,225500.0,226000.0,223500.0,224500.0,10254.0
2010-04-15,201985.0,224500.0,225500.0,223500.0,225500.0,12659.0
2010-04-16,200186.0,222500.0,224500.0,222000.0,224500.0,9802.0
2010-04-19,198836.0,221000.0,224500.0,220500.0,222500.0,7236.0
2010-04-20,199286.0,221500.0,223000.0,220000.0,223000.0,7237.0
2010-04-21,200636.0,223000.0,225000.0,221500.0,221500.0,7992.0
2010-04-22,194788.0,216500.0,223000.0,215500.0,223000.0,41071.0
2010-04-23,196587.0,218500.0,219500.0,217000.0,217500.0,5339.0
2010-04-26,197487.0,219500.0,220500.0,218000.0,218500.0,4518.0
2010-04-27,194788.0,216500.0,220000.0,216500.0,219000.0,10561.0
2010-04-28,193438.0,215000.0,216500.0,214500.0,216000.0,9126.0
2010-04-29,193438.0,215000.0,215500.0,214000.0,214500.0,8046.0
2010-04-30,192088.0,213500.0,216500.0,213500.0,214500.0,7329.0
2010-05-03,196137.0,218000.0,218500.0,215000.0,215000.0,5759.0
2010-05-04,197487.0,219500.0,220000.0,216000.0,216500.0,8833.0
2010-05-06,204234.0,227000.0,227000.0,215000.0,215000.0,23058.0
2010-05-07,197487.0,219500.0,225000.0,219000.0,224500.0,13960.0
2010-05-10,197037.0,219000.0,222000.0,217000.0,222000.0,5332.0
2010-05-11,197037.0,219000.0,222500.0,217500.0,219500.0,7929.0
2010-05-12,200636.0,223000.0,223000.0,220000.0,221000.0,7937.0
2010-05-13,201535.0,224000.0,224500.0,221500.0,222000.0,5084.0
2010-05-14,197487.0,219500.0,222000.0,219000.0,220000.0,9174.0
2010-05-17,198836.0,221000.0,223000.0,215000.0,221000.0,16269.0
2010-05-18,205584.0,228500.0,229000.0,221000.0,221000.0,35782.0
2010-05-19,204684.0,227500.0,229000.0,224000.0,228000.0,11176.0
2010-05-20,204234.0,227000.0,228000.0,222500.0,225000.0,9735.0
2010-05-24,205134.0,228000.0,228500.0,226000.0,228500.0,6669.0
2010-05-25,201086.0,223500.0,227000.0,223000.0,227000.0,10944.0
2010-05-26,204684.0,227500.0,230500.0,222500.0,223500.0,14810.0
2010-05-27,205134.0,228000.0,230000.0,225000.0,227000.0,8793.0
2010-05-28,202885.0,225500.0,227000.0,224500.0,227000.0,7628.0
2010-05-31,205134.0,228000.0,233000.0,225500.0,232000.0,7355.0
2010-06-01,206934.0,230000.0,230000.0,226500.0,226500.0,7402.0
2010-06-03,206934.0,230000.0,233500.0,227000.0,233500.0,7227.0
2010-06-04,201985.0,224500.0,229000.0,223500.0,228500.0,9075.0
2010-06-07,201985.0,224500.0,228000.0,224000.0,224000.0,5363.0
2010-06-08,199736.0,222000.0,227000.0,220000.0,227000.0,13165.0
2010-06-09,199736.0,222000.0,222500.0,220500.0,222500.0,9505.0
2010-06-10,201985.0,224500.0,227000.0,221000.0,222000.0,14592.0
2010-06-11,204234.0,227000.0,228000.0,225000.0,225000.0,6006.0
2010-06-14,203785.0,226500.0,229000.0,225000.0,227000.0,8065.0
2010-06-15,202885.0,225500.0,228000.0,225000.0,225500.0,2566.0
2010-06-16,202435.0,225000.0,226500.0,223000.0,224000.0,5094.0
2010-06-17,202885.0,225500.0,227000.0,224000.0,224000.0,2393.0
2010-06-18,204234.0,227000.0,227500.0,224500.0,227000.0,3324.0
2010-06-21,206484.0,229500.0,231000.0,227000.0,227000.0,10189.0
2010-06-22,207383.0,230500.0,230500.0,226500.0,226500.0,2646.0
2010-06-23,208733.0,232000.0,232000.0,229500.0,230000.0,5498.0
2010-06-24,206484.0,229500.0,231500.0,227000.0,230500.0,4140.0
2010-06-25,207383.0,230500.0,232000.0,225000.0,232000.0,9128.0
2010-06-28,206034.0,229000.0,230500.0,227000.0,230500.0,1881.0
2010-06-29,205584.0,228500.0,230000.0,226500.0,227500.0,9559.0
2010-06-30,206034.0,229000.0,229500.0,228000.0,229000.0,5637.0
2010-07-01,204684.0,227500.0,228500.0,225000.0,226000.0,3894.0
2010-07-02,205134.0,228000.0,229500.0,226000.0,229500.0,2437.0
2010-07-05,202435.0,225000.0,229000.0,225000.0,229000.0,2837.0
2010-07-06,198836.0,221000.0,226000.0,219500.0,226000.0,4895.0
2010-07-07,195687.0,217500.0,221000.0,217000.0,221000.0,9089.0
2010-07-08,199736.0,222000.0,224000.0,218000.0,218000.0,6982.0
2010-07-09,199286.0,221500.0,223000.0,220000.0,220000.0,24014.0
2010-07-12,200186.0,222500.0,223000.0,219000.0,221500.0,25961.0
2010-07-13,201985.0,224500.0,224500.0,221000.0,221000.0,14800.0
2010-07-14,202885.0,225500.0,227000.0,224000.0,224000.0,14019.0
2010-07-15,201985.0,224500.0,227000.0,224000.0,224500.0,11333.0
2010-07-16,201985.0,224500.0,227000.0,223500.0,223500.0,18272.0
2010-07-19,200636.0,223000.0,224000.0,220500.0,221000.0,6836.0
2010-07-20,199286.0,221500.0,224000.0,220500.0,223000.0,4133.0
2010-07-21,199286.0,221500.0,223500.0,221000.0,221000.0,15185.0
2010-07-22,199736.0,222000.0,223000.0,220000.0,220500.0,13533.0
2010-07-23,200636.0,223000.0,223000.0,220500.0,220500.0,31593.0
2010-07-26,201086.0,223500.0,223500.0,221500.0,222000.0,5102.0
2010-07-27,201985.0,224500.0,224500.0,221500.0,222000.0,4945.0
2010-07-28,204234.0,227000.0,227500.0,224000.0,224500.0,8307.0
2010-07-29,203335.0,226000.0,226500.0,224500.0,226500.0,4356.0
2010-07-30,201985.0,224500.0,228000.0,222500.0,224500.0,9445.0
2010-08-02,204234.0,227000.0,227000.0,222500.0,222500.0,7446.0
2010-08-03,203335.0,226000.0,226000.0,222000.0,224500.0,6614.0
2010-08-04,201985.0,224500.0,226000.0,224500.0,224500.0,6176.0
2010-08-05,201985.0,224500.0,227000.0,222500.0,222500.0,6021.0
2010-08-06,201535.0,224000.0,227000.0,224000.0,225000.0,7167.0
2010-08-09,202885.0,225500.0,226000.0,224000.0,224000.0,1803.0
2010-08-10,204234.0,227000.0,227000.0,225000.0,225500.0,2172.0
2010-08-11,201985.0,224500.0,227000.0,224500.0,227000.0,2742.0
2010-08-12,202435.0,225000.0,227000.0,225000.0,226500.0,5883.0
2010-08-13,200186.0,222500.0,224500.0,219000.0,224500.0,8825.0
2010-08-16,199736.0,222000.0,224000.0,220500.0,222500.0,30569.0
2010-08-17,200186.0,222500.0,223000.0,221500.0,222000.0,6072.0
2010-08-18,200186.0,222500.0,223500.0,222000.0,222500.0,18365.0
2010-08-19,199736.0,222000.0,224000.0,221000.0,222000.0,31505.0
2010-08-20,201086.0,223500.0,224500.0,222000.0,224000.0,8562.0
2010-08-23,202435.0,225000.0,226500.0,223000.0,224000.0,2149.0
2010-08-24,199736.0,222000.0,225500.0,222000.0,223500.0,2662.0
2010-08-25,198386.0,220500.0,224500.0,220000.0,224500.0,5247.0
2010-08-26,195687.0,217500.0,220500.0,217000.0,220500.0,9167.0
2010-08-27,194338.0,216000.0,218500.0,216000.0,216500.0,5714.0
2010-08-30,194788.0,216500.0,219500.0,216000.0,216000.0,4318.0
2010-08-31,191639.0,213000.0,216500.0,213000.0,216500.0,6322.0
2010-09-01,199286.0,221500.0,222500.0,213000.0,213000.0,9154.0
2010-09-02,197936.0,220000.0,222000.0,217500.0,219500.0,9559.0
2010-09-03,196137.0,218000.0,221000.0,218000.0,218500.0,9166.0
2010-09-06,195237.0,217000.0,219500.0,217000.0,217000.0,9779.0
2010-09-07,197487.0,219500.0,221000.0,216000.0,216500.0,7260.0
2010-09-08,197936.0,220000.0,220500.0,218000.0,218000.0,5199.0
2010-09-09,197936.0,220000.0,222000.0,217500.0,219000.0,7165.0
2010-09-10,198836.0,221000.0,222000.0,218000.0,218000.0,7334.0
2010-09-13,198386.0,220500.0,222000.0,219000.0,220000.0,4449.0
2010-09-14,198836.0,221000.0,222500.0,219000.0,220000.0,15199.0
2010-09-15,200186.0,222500.0,222500.0,220500.0,221000.0,5900.0
2010-09-16,199736.0,222000.0,225000.0,220000.0,220000.0,8908.0
2010-09-17,199736.0,222000.0,224500.0,221500.0,224000.0,7082.0
2010-09-20,197487.0,219500.0,220500.0,219000.0,220500.0,13697.0
2010-09-24,198836.0,221000.0,224500.0,218000.0,220000.0,18338.0
2010-09-27,198836.0,221000.0,222500.0,220000.0,220000.0,4925.0
2010-09-28,195237.0,217000.0,222000.0,217000.0,220500.0,19020.0
2010-09-29,194338.0,216000.0,219000.0,216000.0,216000.0,11673.0
2010-09-30,196137.0,218000.0,220000.0,216000.0,217000.0,14865.0
2010-10-01,192988.0,214500.0,218000.0,214500.0,217000.0,22964.0
2010-10-04,193438.0,215000.0,216500.0,214500.0,215000.0,19227.0
2010-10-05,195237.0,217000.0,217500.0,214000.0,215500.0,14804.0
2010-10-06,195687.0,217500.0,218000.0,216000.0,217000.0,16116.0
2010-10-07,192988.0,214500.0,217500.0,213500.0,217000.0,24246.0
2010-10-08,192088.0,213500.0,215000.0,213500.0,214000.0,13844.0
2010-10-11,190289.0,211500.0,215000.0,211500.0,215000.0,18416.0
2010-10-12,189839.0,211000.0,213000.0,211000.0,211500.0,8115.0
2010-10-13,192088.0,213500.0,214000.0,211000.0,211000.0,10452.0
2010-10-14,192538.0,214000.0,214000.0,211500.0,212000.0,11284.0
2010-10-15,191189.0,212500.0,214000.0,212500.0,214000.0,9774.0
2010-10-18,191639.0,213000.0,214000.0,212000.0,214000.0,9638.0
2010-10-19,188939.0,210000.0,212000.0,210000.0,211500.0,19811.0
2010-10-20,190739.0,212000.0,212500.0,208500.0,210000.0,13776.0
2010-10-21,188040.0,209000.0,212500.0,208500.0,211000.0,18641.0
2010-10-22,188490.0,209500.0,211000.0,208500.0,209000.0,10155.0
2010-10-25,188939.0,210000.0,211500.0,209500.0,209500.0,6800.0
2010-10-26,187590.0,208500.0,211000.0,208500.0,211000.0,11083.0
2010-10-27,186690.0,207500.0,210500.0,207500.0,209000.0,12662.0
2010-10-28,188939.0,210000.0,210000.0,207500.0,207500.0,6422.0
2010-10-29,186240.0,207000.0,210000.0,207000.0,210000.0,9073.0
2010-11-01,187140.0,208000.0,209500.0,206500.0,207000.0,5606.0
2010-11-02,187140.0,208000.0,208500.0,206000.0,208500.0,5781.0
2010-11-03,188939.0,210000.0,210500.0,206500.0,208000.0,7678.0
2010-11-04,186690.0,207500.0,210000.0,207500.0,208000.0,3609.0
2010-11-05,184891.0,205500.0,209000.0,205500.0,207500.0,10985.0
2010-11-08,181742.0,202000.0,205000.0,201500.0,205000.0,16282.0
2010-11-09,179942.0,200000.0,203000.0,199500.0,201500.0,24567.0
2010-11-10,179942.0,200000.0,202500.0,199000.0,202000.0,18110.0
2010-11-11,175444.0,195000.0,202500.0,195000.0,201000.0,33505.0
2010-11-12,179942.0,200000.0,200500.0,197500.0,197500.0,41759.0
2010-11-15,178143.0,198000.0,200500.0,198000.0,200500.0,4960.0
2010-11-16,178593.0,198500.0,200500.0,195500.0,198000.0,17029.0
2010-11-17,177693.0,197500.0,199000.0,196000.0,198500.0,7661.0
2010-11-18,179043.0,199000.0,201000.0,197000.0,197500.0,7244.0
2010-11-19,179043.0,199000.0,201000.0,198500.0,200000.0,5668.0
2010-11-22,182641.0,203000.0,203000.0,199000.0,199000.0,8161.0
2010-11-23,179492.0,199500.0,203000.0,199500.0,201500.0,9867.0
2010-11-24,180842.0,201000.0,207000.0,199500.0,200500.0,20313.0
2010-11-25,183541.0,204000.0,204500.0,201000.0,203000.0,7747.0
2010-11-26,183991.0,204500.0,207000.0,203000.0,206000.0,7097.0
2010-11-29,182641.0,203000.0,206500.0,203000.0,205000.0,4944.0
2010-11-30,183991.0,204500.0,204500.0,201500.0,202000.0,3489.0
2010-12-01,182641.0,203000.0,206000.0,202000.0,206000.0,5638.0
2010-12-02,181742.0,202000.0,203000.0,200500.0,202000.0,5778.0
2010-12-03,181742.0,202000.0,202000.0,200500.0,202000.0,5312.0
2010-12-06,181292.0,201500.0,202500.0,200500.0,200500.0,5006.0
2010-12-07,179043.0,199000.0,204000.0,199000.0,201500.0,9520.0
2010-12-08,177693.0,197500.0,199500.0,197500.0,199000.0,7648.0
2010-12-09,180842.0,201000.0,201000.0,197500.0,199000.0,11090.0
2010-12-10,180392.0,200500.0,202000.0,199500.0,201000.0,3908.0
2010-12-13,180842.0,201000.0,202000.0,200500.0,202000.0,4403.0
2010-12-14,180842.0,201000.0,202000.0,199500.0,200000.0,5899.0
2010-12-15,180842.0,201000.0,201000.0,200000.0,201000.0,3532.0
2010-12-16,179942.0,200000.0,201000.0,200000.0,201000.0,2458.0
2010-12-17,179043.0,199000.0,200500.0,199000.0,200500.0,6168.0
2010-12-20,181292.0,201500.0,202000.0,200000.0,200000.0,13895.0
2010-12-21,182641.0,203000.0,203000.0,201000.0,202000.0,13237.0
2010-12-22,181742.0,202000.0,203000.0,201500.0,203000.0,4143.0
2010-12-23,182192.0,202500.0,203500.0,202000.0,202000.0,5738.0
2010-12-24,182641.0,203000.0,203500.0,202000.0,202500.0,3894.0
2010-12-27,183541.0,204000.0,204000.0,203000.0,203000.0,7575.0
2010-12-28,183991.0,204500.0,205000.0,203000.0,203000.0,13020.0
2010-12-29,183991.0,200500.0,205000.0,199500.0,204000.0,16244.0
2010-12-30,186744.0,203500.0,203500.0,201500.0,201500.0,5671.0
2011-01-03,193168.0,210500.0,210500.0,203500.0,204000.0,16369.0
2011-01-04,188120.0,205000.0,208000.0,205000.0,207000.0,12832.0
2011-01-05,187662.0,204500.0,207000.0,204500.0,206000.0,6772.0
2011-01-06,189038.0,206000.0,207500.0,205000.0,205500.0,7082.0
2011-01-07,192709.0,210000.0,211500.0,205000.0,206500.0,16451.0
2011-01-10,192250.0,209500.0,211500.0,208500.0,211000.0,13232.0
2011-01-11,193168.0,210500.0,211000.0,209000.0,209500.0,9500.0
2011-01-12,190873.0,208000.0,211500.0,208000.0,210500.0,11067.0
2011-01-13,190873.0,208000.0,215000.0,208000.0,215000.0,23890.0
2011-01-14,190873.0,208000.0,213000.0,208000.0,213000.0,8183.0
2011-01-17,191791.0,209000.0,212500.0,209000.0,212500.0,9631.0
2011-01-18,188120.0,205000.0,211000.0,205000.0,211000.0,10047.0
2011-01-19,188579.0,205500.0,209000.0,204500.0,207000.0,4051.0
2011-01-20,189497.0,206500.0,208500.0,205500.0,208000.0,5740.0
2011-01-21,186744.0,203500.0,207500.0,203500.0,207500.0,3463.0
2011-01-24,189956.0,207000.0,208500.0,203500.0,203500.0,5109.0
2011-01-25,189956.0,207000.0,208500.0,204500.0,205000.0,9534.0
2011-01-26,189956.0,207000.0,209000.0,205000.0,207000.0,9801.0
2011-01-27,189956.0,207000.0,208500.0,205000.0,205000.0,8266.0
2011-01-28,188120.0,205000.0,207000.0,204500.0,206000.0,7550.0
2011-01-31,187662.0,204500.0,207000.0,203500.0,203500.0,7428.0
2011-02-01,188120.0,205000.0,206000.0,203500.0,204500.0,3769.0
2011-02-07,188579.0,205500.0,207000.0,204500.0,207000.0,7782.0
2011-02-08,187203.0,204000.0,207000.0,204000.0,206000.0,6393.0
2011-02-09,187203.0,204000.0,208000.0,204000.0,205500.0,13688.0
2011-02-10,185367.0,202000.0,206500.0,202000.0,204000.0,6870.0
2011-02-11,183532.0,200000.0,203000.0,200000.0,200500.0,8137.0
2011-02-14,185367.0,202000.0,202500.0,200000.0,200000.0,5267.0
2011-02-15,183532.0,200000.0,203500.0,199500.0,201000.0,8738.0
2011-02-16,186285.0,203000.0,204000.0,200500.0,200500.0,9002.0
2011-02-17,187662.0,204500.0,204500.0,201500.0,202000.0,9564.0
2011-02-18,191332.0,208500.0,209000.0,202500.0,205000.0,9109.0
2011-02-21,190873.0,208000.0,208000.0,205000.0,207500.0,6884.0
2011-02-22,188579.0,205500.0,209000.0,203500.0,204500.0,5770.0
2011-02-23,193626.0,211000.0,211000.0,205000.0,205000.0,9472.0
2011-02-24,193168.0,210500.0,211000.0,208000.0,211000.0,4524.0
2011-02-25,194085.0,211500.0,212000.0,206000.0,208500.0,7652.0
2011-02-28,190415.0,207500.0,211000.0,206000.0,210000.0,6281.0
2011-03-02,193626.0,211000.0,212000.0,208500.0,210000.0,10368.0
2011-03-03,196379.0,214000.0,214500.0,210000.0,211000.0,10977.0
2011-03-04,198215.0,216000.0,216000.0,212500.0,213500.0,11691.0
2011-03-07,197756.0,215500.0,217000.0,214000.0,217000.0,6115.0
2011-03-08,197756.0,215500.0,218000.0,213000.0,213000.0,8440.0
2011-03-09,205556.0,224000.0,225000.0,215000.0,215500.0,18473.0
2011-03-10,200509.0,218500.0,226000.0,218000.0,222500.0,17807.0
2011-03-11,202803.0,221000.0,224000.0,217000.0,218500.0,11929.0
2011-03-14,205556.0,224000.0,225500.0,210500.0,223000.0,14956.0
2011-03-15,200050.0,218000.0,224000.0,215500.0,222000.0,12697.0
2011-03-16,206474.0,225000.0,225500.0,217000.0,217000.0,15901.0
2011-03-17,202344.0,220500.0,225000.0,218500.0,224500.0,13812.0
2011-03-18,200050.0,218000.0,223500.0,218000.0,218500.0,9480.0
2011-03-21,205556.0,224000.0,224000.0,215500.0,215500.0,13058.0
2011-03-22,207850.0,226500.0,227000.0,223500.0,225000.0,11490.0
2011-03-23,207850.0,226500.0,228500.0,224000.0,224500.0,10591.0
2011-03-24,238592.0,260000.0,260000.0,233500.0,233500.0,61038.0
2011-03-25,220239.0,240000.0,276000.0,240000.0,270000.0,283497.0
2011-03-28,224827.0,245000.0,251000.0,241000.0,243000.0,65936.0
2011-03-29,217486.0,237000.0,248000.0,236000.0,248000.0,43241.0
2011-03-30,216568.0,236000.0,239500.0,229000.0,235500.0,67227.0
2011-03-31,222992.0,243000.0,243000.0,236000.0,243000.0,40314.0
2011-04-01,218862.0,238500.0,244500.0,238500.0,244500.0,20979.0
2011-04-04,228039.0,248500.0,249500.0,238500.0,239000.0,43572.0
2011-04-05,228498.0,249000.0,250000.0,244000.0,248000.0,27209.0
2011-04-06,228498.0,249000.0,250000.0,246500.0,250000.0,17949.0
2011-04-07,221615.0,241500.0,248500.0,241500.0,248500.0,19217.0
2011-04-08,222992.0,243000.0,243500.0,238500.0,240000.0,30327.0
2011-04-11,224827.0,245000.0,247000.0,244000.0,244500.0,13096.0
2011-04-12,228498.0,249000.0,250000.0,241000.0,245500.0,23617.0
2011-04-13,228498.0,249000.0,249000.0,243500.0,247000.0,12188.0
2011-04-14,228498.0,249000.0,249500.0,244500.0,249000.0,11273.0
2011-04-15,228039.0,248500.0,248500.0,245000.0,246500.0,10105.0
2011-04-18,222533.0,242500.0,250000.0,241000.0,250000.0,12693.0
2011-04-19,217027.0,236500.0,243000.0,235500.0,242500.0,10723.0
2011-04-20,222074.0,242000.0,243500.0,237000.0,238500.0,22651.0
2011-04-21,219321.0,239000.0,244000.0,239000.0,239500.0,17095.0
2011-04-22,219321.0,239000.0,242500.0,237500.0,237500.0,10872.0
2011-04-25,217486.0,237000.0,239500.0,236500.0,237000.0,6953.0
2011-04-26,217486.0,237000.0,238000.0,229500.0,237000.0,19498.0
2011-04-27,223909.0,244000.0,249500.0,236000.0,237000.0,21708.0
2011-04-28,224368.0,244500.0,250000.0,240000.0,244000.0,18780.0
2011-04-29,228956.0,249500.0,249500.0,244000.0,244500.0,17045.0
2011-05-02,228498.0,249000.0,255000.0,248500.0,254000.0,20419.0
2011-05-03,231709.0,252500.0,256500.0,248500.0,254500.0,24804.0
2011-05-04,230333.0,251000.0,256000.0,250000.0,253000.0,13164.0
2011-05-06,233086.0,254000.0,256000.0,249000.0,251000.0,21886.0
2011-05-09,235380.0,256500.0,260500.0,254000.0,254000.0,22726.0
2011-05-11,226203.0,246500.0,256500.0,246500.0,256500.0,12716.0
2011-05-12,220239.0,240000.0,249500.0,236000.0,246000.0,17601.0
2011-05-13,215191.0,234500.0,243000.0,232000.0,240000.0,13667.0
2011-05-16,221156.0,241000.0,245500.0,233500.0,235500.0,13247.0
2011-05-17,222992.0,243000.0,244500.0,239000.0,239000.0,18532.0
2011-05-18,223450.0,243500.0,246000.0,240000.0,243000.0,15412.0
2011-05-19,228956.0,249500.0,250000.0,244000.0,244000.0,15098.0
2011-05-20,229415.0,250000.0,250000.0,248000.0,248000.0,25894.0
2011-05-23,228039.0,248500.0,254000.0,242500.0,254000.0,5931.0
2011-05-24,229415.0,250000.0,251000.0,244000.0,249500.0,11521.0
2011-05-25,229415.0,250000.0,255000.0,244500.0,255000.0,8272.0
2011-05-26,229874.0,250500.0,253000.0,247000.0,253000.0,7596.0
2011-05-27,225286.0,245500.0,252000.0,243500.0,247500.0,5937.0
2011-05-30,227580.0,248000.0,250000.0,242500.0,245500.0,2690.0
2011-05-31,230792.0,251500.0,253500.0,248000.0,248000.0,10241.0
2011-06-01,228956.0,249500.0,257500.0,247000.0,257000.0,10965.0
2011-06-02,228039.0,248500.0,252500.0,243500.0,252500.0,8815.0
2011-06-03,230333.0,251000.0,251000.0,245500.0,248500.0,4570.0
2011-06-07,237674.0,259000.0,259000.0,250000.0,258000.0,10198.0
2011-06-08,237215.0,258500.0,265000.0,257000.0,260000.0,11566.0
2011-06-09,232627.0,253500.0,257500.0,253000.0,257500.0,9745.0
2011-06-10,232168.0,253000.0,259000.0,251500.0,253500.0,8095.0
2011-06-13,234004.0,255000.0,262000.0,254000.0,256000.0,11064.0
2011-06-14,229874.0,250500.0,257000.0,249500.0,257000.0,8213.0
2011-06-15,232627.0,253500.0,254500.0,249500.0,250500.0,12257.0
2011-06-16,232627.0,253500.0,254500.0,251000.0,254500.0,5481.0
2011-06-17,235380.0,256500.0,258000.0,253500.0,253500.0,14733.0
2011-06-20,242721.0,264500.0,268000.0,251500.0,255000.0,17962.0
2011-06-21,247769.0,270000.0,270000.0,263000.0,264500.0,31514.0
2011-06-22,236298.0,257500.0,266000.0,257000.0,266000.0,22169.0
2011-06-23,229415.0,250000.0,259500.0,248000.0,258000.0,23752.0
2011-06-24,229874.0,250500.0,253000.0,248500.0,251000.0,23946.0
2011-06-27,224827.0,245000.0,253500.0,245000.0,249500.0,11880.0
2011-06-28,223909.0,244000.0,248000.0,244000.0,246000.0,13264.0
2011-06-29,225286.0,245500.0,247500.0,245000.0,246500.0,9614.0
2011-06-30,223450.0,243500.0,247500.0,243500.0,245500.0,15477.0
2011-07-01,223909.0,244000.0,246000.0,244000.0,244500.0,13159.0
2011-07-04,228039.0,248500.0,250500.0,244000.0,245500.0,10463.0
2011-07-05,228498.0,249000.0,251000.0,248500.0,249000.0,7534.0
2011-07-06,228956.0,249500.0,253000.0,249500.0,250500.0,16591.0
2011-07-07,236757.0,258000.0,258500.0,249500.0,249500.0,14115.0
2011-07-08,228498.0,249000.0,258000.0,249000.0,255500.0,13191.0
2011-07-11,233086.0,254000.0,259500.0,248500.0,250000.0,14013.0
2011-07-12,228498.0,249000.0,254000.0,249000.0,252000.0,7496.0
2011-07-13,229874.0,250500.0,254000.0,248500.0,249000.0,7745.0
2011-07-14,227121.0,247500.0,250500.0,245000.0,249000.0,16946.0
2011-07-15,231251.0,252000.0,255000.0,246000.0,247500.0,5728.0
2011-07-18,232627.0,253500.0,257500.0,251500.0,256000.0,7619.0
2011-07-19,230333.0,251000.0,257000.0,251000.0,253500.0,10999.0
2011-07-20,231709.0,252500.0,256500.0,250500.0,250500.0,6638.0
2011-07-21,228956.0,249500.0,255500.0,249500.0,255500.0,4110.0
2011-07-22,238592.0,260000.0,260000.0,249500.0,249500.0,8996.0
2011-07-25,234921.0,256000.0,259500.0,254500.0,259500.0,8261.0
2011-07-26,235839.0,257000.0,259500.0,252000.0,257500.0,7581.0
2011-07-27,237674.0,259000.0,262500.0,252000.0,254000.0,11418.0
2011-07-28,238592.0,260000.0,260500.0,253500.0,256000.0,11446.0
2011-07-29,232168.0,253000.0,260500.0,253000.0,260000.0,6093.0
2011-08-01,237215.0,258500.0,260000.0,250500.0,250500.0,8539.0
2011-08-02,233086.0,254000.0,257500.0,252500.0,253000.0,6919.0
2011-08-03,222992.0,243000.0,250000.0,242500.0,250000.0,12919.0
2011-08-04,222992.0,243000.0,247000.0,238000.0,239000.0,8079.0
2011-08-05,224827.0,245000.0,254500.0,235000.0,235000.0,15512.0
2011-08-08,224827.0,245000.0,255500.0,242000.0,249000.0,21534.0
2011-08-09,219321.0,239000.0,246000.0,216500.0,245000.0,29597.0
2011-08-10,219321.0,239000.0,239500.0,225000.0,238000.0,34594.0
2011-08-11,222992.0,243000.0,243000.0,227000.0,235500.0,19902.0
2011-08-12,211980.0,231000.0,243000.0,231000.0,241000.0,18734.0
2011-08-16,210144.0,229000.0,237500.0,226500.0,231500.0,19852.0
2011-08-17,217944.0,237500.0,239000.0,228000.0,229000.0,16975.0
2011-08-18,242721.0,264500.0,273000.0,232000.0,235000.0,41011.0
2011-08-19,240427.0,262000.0,267000.0,247000.0,254500.0,46703.0
2011-08-22,236757.0,258000.0,264000.0,250500.0,254500.0,25050.0
2011-08-23,223450.0,243500.0,267000.0,243000.0,260000.0,19886.0
2011-08-24,213815.0,233000.0,243000.0,231000.0,243000.0,24310.0
2011-08-25,217486.0,237000.0,240000.0,230000.0,230000.0,20229.0
2011-08-26,228956.0,249500.0,249500.0,234000.0,237000.0,16518.0
2011-08-29,218403.0,238000.0,246000.0,237000.0,245000.0,19635.0
2011-08-30,221615.0,241500.0,241500.0,233000.0,235500.0,18038.0
2011-08-31,219321.0,239000.0,239500.0,234500.0,235000.0,13868.0
2011-09-01,217486.0,237000.0,239500.0,235000.0,237000.0,16871.0
2011-09-02,217944.0,237500.0,240000.0,235500.0,238000.0,11274.0
2011-09-05,216109.0,235500.0,238500.0,234000.0,236000.0,7456.0
2011-09-06,211521.0,230500.0,236000.0,230500.0,235500.0,4955.0
2011-09-07,217486.0,237000.0,238000.0,233500.0,236000.0,7326.0
2011-09-08,213356.0,232500.0,240000.0,230000.0,237000.0,23298.0
2011-09-09,207850.0,226500.0,232500.0,226500.0,231000.0,15377.0
2011-09-14,204180.0,222500.0,225000.0,218000.0,223000.0,16093.0
2011-09-15,210603.0,229500.0,230000.0,223500.0,225500.0,8050.0
2011-09-16,224827.0,245000.0,245000.0,231500.0,234000.0,15435.0
2011-09-19,216568.0,236000.0,238500.0,233500.0,238500.0,7696.0
2011-09-20,215191.0,234500.0,244500.0,231000.0,231000.0,13706.0
2011-09-21,215191.0,234500.0,239500.0,233000.0,233000.0,5000.0
2011-09-22,208768.0,227500.0,233000.0,227500.0,229000.0,8908.0
2011-09-23,200968.0,219000.0,227000.0,216000.0,220000.0,10503.0
2011-09-26,200968.0,219000.0,224500.0,206500.0,220500.0,10678.0
2011-09-27,197756.0,215500.0,224000.0,215000.0,220000.0,8359.0
2011-09-28,198215.0,216000.0,219000.0,216000.0,218000.0,10429.0
2011-09-29,194085.0,211500.0,218000.0,210500.0,218000.0,9877.0
2011-09-30,195921.0,213500.0,214500.0,210500.0,213000.0,21697.0
2011-10-04,200050.0,218000.0,225500.0,204500.0,209000.0,14860.0
2011-10-05,215191.0,234500.0,234500.0,217000.0,217000.0,15953.0
2011-10-06,208768.0,227500.0,235000.0,226500.0,235000.0,6967.0
2011-10-07,207850.0,226500.0,233000.0,226500.0,229000.0,4392.0
2011-10-10,204638.0,223000.0,231000.0,223000.0,225000.0,5007.0
2011-10-11,208768.0,227500.0,230000.0,223000.0,223000.0,7393.0
2011-10-12,200050.0,218000.0,227500.0,217500.0,227500.0,9244.0
2011-10-13,205556.0,224000.0,229000.0,219000.0,219000.0,13055.0
2011-10-14,206015.0,224500.0,229500.0,223000.0,227500.0,10249.0
2011-10-17,206474.0,225000.0,228000.0,225000.0,225000.0,6907.0
2011-10-18,205556.0,224000.0,228000.0,224000.0,228000.0,3455.0
2011-10-19,204638.0,223000.0,225000.0,221000.0,224500.0,4544.0
2011-10-20,203721.0,222000.0,225500.0,221000.0,223500.0,6329.0
2011-10-21,200509.0,218500.0,223000.0,217000.0,220000.0,7664.0
2011-10-24,202344.0,220500.0,222000.0,218500.0,218500.0,7954.0
2011-10-25,200509.0,218500.0,220500.0,218500.0,219500.0,7138.0
2011-10-26,200050.0,218000.0,220000.0,216000.0,219000.0,4850.0
2011-10-27,201885.0,220000.0,222000.0,218000.0,218000.0,8634.0
2011-10-28,201885.0,220000.0,224500.0,218500.0,220000.0,12656.0
2011-10-31,200509.0,218500.0,224500.0,218000.0,220000.0,10231.0
2011-11-01,198215.0,216000.0,220500.0,215500.0,220000.0,8082.0
2011-11-02,197297.0,215000.0,219000.0,213500.0,217000.0,12595.0
2011-11-03,196838.0,214500.0,217000.0,214000.0,216000.0,6770.0
2011-11-04,199591.0,217500.0,217500.0,215000.0,215000.0,6718.0
2011-11-07,200968.0,219000.0,219000.0,216000.0,218000.0,5638.0
2011-11-08,201885.0,220000.0,220000.0,219000.0,220000.0,4941.0
2011-11-09,205556.0,224000.0,224500.0,219000.0,219000.0,10829.0
2011-11-10,198215.0,216000.0,228000.0,216000.0,223000.0,13722.0
2011-11-11,200509.0,218500.0,218500.0,214500.0,218000.0,5715.0
2011-11-14,202803.0,221000.0,223500.0,217000.0,217000.0,3993.0
2011-11-15,210144.0,229000.0,229500.0,221000.0,222000.0,9925.0
2011-11-16,201885.0,220000.0,230000.0,220000.0,229000.0,8059.0
2011-11-17,206015.0,224500.0,228000.0,219000.0,220500.0,7773.0
2011-11-18,198674.0,216500.0,222000.0,215000.0,220000.0,12287.0
2011-11-21,194544.0,212000.0,217500.0,211500.0,217500.0,9626.0
2011-11-22,195921.0,213500.0,218000.0,209500.0,210000.0,6278.0
2011-11-23,205556.0,224000.0,231000.0,211500.0,216000.0,11166.0
2011-11-24,197297.0,215000.0,226500.0,214500.0,225000.0,8512.0
2011-11-25,200050.0,218000.0,226000.0,215000.0,215000.0,21133.0
2011-11-28,219321.0,239000.0,245000.0,223500.0,225000.0,65983.0
2011-11-29,210603.0,229500.0,235500.0,227500.0,234500.0,37198.0
2011-11-30,215191.0,234500.0,237500.0,230500.0,232000.0,11940.0
2011-12-01,217486.0,237000.0,238000.0,233000.0,233000.0,35586.0
2011-12-02,226662.0,247000.0,250000.0,234000.0,237500.0,32694.0
2011-12-05,226662.0,247000.0,251000.0,243500.0,251000.0,10446.0
2011-12-06,228498.0,249000.0,252000.0,243500.0,243500.0,6618.0
2011-12-07,243180.0,265000.0,265000.0,249000.0,249000.0,22439.0
2011-12-08,234921.0,256000.0,270500.0,256000.0,265000.0,18487.0
2011-12-09,234004.0,255000.0,265500.0,248500.0,254000.0,19229.0
2011-12-12,232168.0,253000.0,265000.0,250000.0,255500.0,12854.0
2011-12-13,218862.0,238500.0,247000.0,238500.0,247000.0,10057.0
2011-12-14,226662.0,247000.0,248500.0,237500.0,245500.0,12660.0
2011-12-15,218862.0,238500.0,252500.0,237000.0,247000.0,8406.0
2011-12-16,221615.0,241500.0,246000.0,229000.0,240000.0,8118.0
2011-12-19,227580.0,248000.0,277500.0,237500.0,241500.0,117515.0
2011-12-20,222074.0,242000.0,249500.0,232000.0,240000.0,37178.0
2011-12-21,220697.0,240500.0,249000.0,239500.0,248500.0,21321.0
2011-12-22,220697.0,240500.0,243000.0,238500.0,238500.0,7874.0
2011-12-23,217944.0,237500.0,243500.0,236000.0,243000.0,11692.0
2011-12-26,219321.0,239000.0,239500.0,232500.0,239500.0,3834.0
2011-12-27,217944.0,237500.0,240000.0,233000.0,239000.0,6171.0
2011-12-28,219345.0,235000.0,237000.0,230500.0,235000.0,5286.0
2011-12-29,217011.0,232500.0,237500.0,230000.0,232000.0,5918.0
2012-01-02,221678.0,237500.0,242500.0,232500.0,232500.0,9898.0
2012-01-03,226812.0,243000.0,244000.0,239500.0,239500.0,23873.0
2012-01-04,225412.0,241500.0,245500.0,239000.0,241000.0,14292.0
2012-01-05,226812.0,243000.0,243500.0,240000.0,240500.0,9800.0
2012-01-06,217478.0,233000.0,239500.0,233000.0,236000.0,11100.0
2012-01-09,214211.0,229500.0,236500.0,228000.0,233500.0,7315.0
2012-01-10,211877.0,227000.0,231500.0,226000.0,226000.0,13675.0
2012-01-11,203944.0,218500.0,225500.0,217000.0,224000.0,24338.0
2012-01-12,203944.0,218500.0,220000.0,214000.0,214000.0,20155.0
2012-01-13,204877.0,219500.0,220000.0,215500.0,215500.0,12244.0
2012-01-16,198810.0,213000.0,219000.0,213000.0,218500.0,14594.0
2012-01-17,200677.0,215000.0,218000.0,214000.0,214000.0,12353.0
2012-01-18,202544.0,217000.0,219000.0,214500.0,218500.0,17837.0
2012-01-19,210011.0,225000.0,235500.0,218500.0,218500.0,34364.0
2012-01-20,209077.0,224000.0,230000.0,222000.0,226000.0,19628.0
2012-01-25,207211.0,222000.0,229000.0,220500.0,224000.0,23870.0
2012-01-26,206277.0,221000.0,223500.0,218000.0,221500.0,26809.0
2012-01-27,209544.0,224500.0,228000.0,219500.0,220000.0,18253.0
2012-01-30,207211.0,222000.0,226000.0,221000.0,222500.0,7234.0
2012-01-31,220745.0,236500.0,238000.0,226000.0,228000.0,26551.0
2012-02-01,215611.0,231000.0,243000.0,230000.0,240500.0,24045.0
2012-02-02,211411.0,226500.0,234000.0,225500.0,229500.0,17346.0
2012-02-03,212811.0,228000.0,231000.0,226000.0,226500.0,10332.0
2012-02-06,216544.0,232000.0,232000.0,227000.0,228500.0,17353.0
2012-02-07,212811.0,228000.0,239000.0,226500.0,238000.0,21449.0
2012-02-08,219811.0,235500.0,235500.0,227000.0,227000.0,12789.0
2012-02-09,214678.0,230000.0,237500.0,228500.0,237500.0,12798.0
2012-02-10,211411.0,226500.0,234000.0,226500.0,231500.0,11502.0
2012-02-13,222611.0,238500.0,240000.0,226500.0,229000.0,19058.0
2012-02-14,215144.0,230500.0,238500.0,228500.0,238500.0,14213.0
2012-02-15,215144.0,230500.0,233500.0,227500.0,230000.0,11284.0
2012-02-16,214211.0,229500.0,229500.0,226000.0,227500.0,15942.0
2012-02-17,224945.0,241000.0,241000.0,227000.0,228000.0,25910.0
2012-02-20,218878.0,234500.0,238000.0,234500.0,236500.0,8371.0
2012-02-21,222145.0,238000.0,240000.0,234500.0,239000.0,9737.0
2012-02-22,219345.0,235000.0,241000.0,234500.0,236500.0,7538.0
2012-02-23,220278.0,236000.0,240000.0,231000.0,235500.0,15280.0
2012-02-24,232412.0,249000.0,251000.0,235000.0,239000.0,18285.0
2012-02-27,232412.0,249000.0,251500.0,241000.0,245000.0,11483.0
2012-02-28,226345.0,242500.0,246500.0,240000.0,245500.0,11752.0
2012-02-29,226345.0,242500.0,246500.0,239000.0,241000.0,14039.0
2012-03-02,222145.0,238000.0,242500.0,238000.0,242500.0,9972.0
2012-03-05,234745.0,251500.0,252500.0,235000.0,236500.0,20995.0
2012-03-06,233345.0,250000.0,253000.0,246500.0,253000.0,11024.0
2012-03-07,228212.0,244500.0,250000.0,244500.0,250000.0,9939.0
2012-03-08,224945.0,241000.0,244500.0,240000.0,241500.0,8803.0
2012-03-09,224478.0,240500.0,247500.0,240500.0,244500.0,10561.0
2012-03-12,222611.0,238500.0,244500.0,238500.0,244000.0,7618.0
2012-03-13,220278.0,236000.0,242500.0,234500.0,239500.0,15416.0
2012-03-14,220745.0,236500.0,241500.0,236000.0,236000.0,14359.0
2012-03-15,220278.0,236000.0,239000.0,236000.0,238000.0,10205.0
2012-03-16,218411.0,234000.0,240000.0,234000.0,236500.0,8989.0
2012-03-19,218878.0,234500.0,237000.0,234000.0,234000.0,4614.0
2012-03-20,216078.0,231500.0,235500.0,231000.0,233000.0,5970.0
2012-03-21,216544.0,232000.0,234000.0,230500.0,231000.0,4945.0
2012-03-22,211877.0,227000.0,236000.0,226000.0,232000.0,17329.0
2012-03-23,211877.0,227000.0,232000.0,226500.0,227000.0,8195.0
2012-03-26,217478.0,233000.0,233500.0,227000.0,227500.0,4298.0
2012-03-27,211877.0,227000.0,235500.0,227000.0,233000.0,7723.0
2012-03-28,214678.0,230000.0,230000.0,225500.0,229500.0,3204.0
2012-03-29,211877.0,227000.0,229000.0,226500.0,229000.0,5240.0
2012-03-30,212344.0,227500.0,230500.0,227000.0,229000.0,9031.0
2012-04-02,211411.0,226500.0,229500.0,226500.0,227500.0,4738.0
2012-04-03,212811.0,228000.0,229500.0,226000.0,226500.0,4848.0
2012-04-04,217478.0,233000.0,233000.0,226500.0,226500.0,10826.0
2012-04-05,212811.0,228000.0,233500.0,227000.0,233500.0,5343.0
2012-04-06,216078.0,231500.0,231500.0,225000.0,227500.0,4422.0
2012-04-09,216544.0,232000.0,232000.0,227000.0,232000.0,3858.0
2012-04-10,212811.0,228000.0,231000.0,227500.0,228000.0,8592.0
2012-04-12,212811.0,228000.0,232000.0,225500.0,228000.0,6223.0
2012-04-13,211411.0,226500.0,230000.0,225500.0,226500.0,11046.0
2012-04-16,207677.0,222500.0,225500.0,219500.0,225500.0,14843.0
2012-04-17,217011.0,232500.0,233000.0,223000.0,223500.0,13362.0
2012-04-18,209077.0,224000.0,229500.0,224000.0,229500.0,17007.0
2012-04-19,210944.0,226000.0,230000.0,225500.0,225500.0,12508.0
2012-04-20,209077.0,224000.0,228500.0,223500.0,227500.0,8363.0
2012-04-23,210011.0,225000.0,228500.0,223000.0,223000.0,4629.0
2012-04-24,210011.0,225000.0,229500.0,223500.0,223500.0,7100.0
2012-04-25,212811.0,228000.0,229500.0,225000.0,225500.0,8008.0
2012-04-26,216078.0,231500.0,232500.0,226000.0,226000.0,6374.0
2012-04-27,210011.0,225000.0,231000.0,225000.0,231000.0,6725.0
2012-04-30,211411.0,226500.0,232500.0,226000.0,228000.0,6632.0
2012-05-02,214678.0,230000.0,231500.0,226500.0,226500.0,9440.0
2012-05-03,222611.0,238500.0,239000.0,230000.0,232500.0,10429.0
2012-05-04,222145.0,238000.0,240000.0,234000.0,239500.0,11419.0
2012-05-07,221678.0,237500.0,238000.0,231500.0,236500.0,6498.0
2012-05-08,226812.0,243000.0,243000.0,233500.0,237500.0,12643.0
2012-05-09,227745.0,244000.0,245000.0,235000.0,242500.0,10681.0
2012-05-10,221211.0,237000.0,243500.0,236000.0,243000.0,10473.0
2012-05-11,226812.0,243000.0,243500.0,235000.0,235500.0,8468.0
2012-05-14,217944.0,233500.0,242000.0,233500.0,239000.0,8124.0
2012-05-15,219811.0,235500.0,237000.0,227500.0,233000.0,10690.0
2012-05-16,215144.0,230500.0,235500.0,228500.0,235500.0,7701.0
2012-05-17,203010.0,217500.0,229500.0,217000.0,227500.0,24341.0
2012-05-18,202077.0,216500.0,220000.0,210500.0,215500.0,16130.0
2012-05-21,195543.0,209500.0,219500.0,207500.0,215000.0,12116.0
2012-05-22,204877.0,219500.0,220000.0,211000.0,214000.0,27464.0
2012-05-23,204410.0,219000.0,222000.0,215000.0,220000.0,10263.0
2012-05-24,205810.0,220500.0,222500.0,217000.0,220000.0,6515.0
2012-05-25,206744.0,221500.0,222000.0,217000.0,217500.0,6048.0
2012-05-29,204410.0,219000.0,222000.0,219000.0,221500.0,4157.0
2012-05-30,198810.0,213000.0,220000.0,213000.0,219500.0,12574.0
2012-05-31,196477.0,210500.0,213000.0,210000.0,211000.0,12889.0
2012-06-01,199277.0,213500.0,215000.0,210500.0,210500.0,10691.0
2012-06-04,198343.0,212500.0,213500.0,207000.0,209500.0,16653.0
2012-06-05,201610.0,216000.0,216000.0,211500.0,213500.0,13061.0
2012-06-07,201144.0,215500.0,218500.0,213500.0,216000.0,10103.0
2012-06-08,195077.0,209000.0,215000.0,209000.0,213000.0,16762.0
2012-06-11,195077.0,209000.0,212000.0,208500.0,210000.0,16494.0
2012-06-12,190410.0,204000.0,209000.0,203500.0,209000.0,17738.0
2012-06-13,190410.0,204000.0,206500.0,203000.0,204000.0,14580.0
2012-06-14,191343.0,205000.0,208500.0,204000.0,205000.0,23475.0
2012-06-15,192743.0,206500.0,208000.0,205000.0,206500.0,21530.0
2012-06-18,191343.0,205000.0,208500.0,204500.0,208000.0,18036.0
2012-06-19,192276.0,206000.0,206500.0,204500.0,205000.0,11120.0
2012-06-20,198810.0,213000.0,214000.0,206000.0,207500.0,45674.0
2012-06-21,199277.0,213500.0,215500.0,212000.0,213000.0,20558.0
2012-06-22,196010.0,210000.0,213500.0,210000.0,213500.0,15530.0
2012-06-25,196943.0,211000.0,212500.0,210500.0,210500.0,20523.0
2012-06-26,193210.0,207000.0,211000.0,207000.0,209500.0,12395.0
2012-06-27,192276.0,206000.0,208000.0,204500.0,207000.0,13591.0
2012-06-28,190876.0,204500.0,209500.0,204000.0,206000.0,23144.0
2012-06-29,192743.0,206500.0,207500.0,204000.0,204000.0,20947.0
2012-07-02,198810.0,213000.0,213000.0,207000.0,209000.0,29629.0
2012-07-03,203010.0,217500.0,218000.0,211500.0,211500.0,28740.0
2012-07-04,196943.0,211000.0,216000.0,211000.0,213500.0,25309.0
2012-07-05,196943.0,211000.0,213000.0,208000.0,211000.0,15299.0
2012-07-06,197410.0,211500.0,214000.0,210000.0,210000.0,10223.0
2012-07-09,199277.0,213500.0,213500.0,210000.0,213000.0,34476.0
2012-07-10,201610.0,216000.0,217000.0,213000.0,214500.0,22077.0
2012-07-11,203010.0,217500.0,218000.0,214000.0,217000.0,6544.0
2012-07-12,198343.0,212500.0,217000.0,212500.0,215500.0,18543.0
2012-07-13,197410.0,211500.0,217000.0,211000.0,213500.0,17013.0
2012-07-16,206277.0,221000.0,223000.0,211500.0,212500.0,17005.0
2012-07-17,217944.0,233500.0,236000.0,220000.0,222500.0,47164.0
2012-07-18,208611.0,223500.0,232500.0,220000.0,231000.0,34312.0
2012-07-19,211877.0,227000.0,232000.0,224500.0,228000.0,12686.0
2012-07-20,205344.0,220000.0,228000.0,220000.0,228000.0,9099.0
2012-07-23,204410.0,219000.0,222500.0,216500.0,217000.0,28337.0
2012-07-24,201144.0,215500.0,219500.0,214000.0,217000.0,11490.0
2012-07-25,211877.0,227000.0,229000.0,211000.0,212000.0,14209.0
2012-07-26,206744.0,221500.0,230500.0,221500.0,223000.0,12707.0
2012-07-27,213278.0,228500.0,232500.0,220000.0,228000.0,15788.0
2012-07-30,205810.0,220500.0,232000.0,220500.0,227500.0,14238.0
2012-07-31,206277.0,221000.0,227000.0,220500.0,224000.0,16423.0
2012-08-01,216078.0,231500.0,232000.0,224000.0,224000.0,12791.0
2012-08-02,218411.0,234000.0,238000.0,228000.0,233000.0,16178.0
2012-08-03,214678.0,230000.0,233000.0,227000.0,233000.0,18106.0
2012-08-06,217011.0,232500.0,233000.0,227500.0,230500.0,8378.0
2012-08-07,218411.0,234000.0,235000.0,229000.0,230500.0,7763.0
2012-08-08,217478.0,233000.0,236000.0,231000.0,234000.0,17610.0
2012-08-09,214678.0,230000.0,234500.0,227000.0,233000.0,29019.0
2012-08-10,214678.0,230000.0,232500.0,229000.0,232000.0,9933.0
2012-08-13,223078.0,239000.0,239000.0,230000.0,231500.0,24649.0
2012-08-14,224011.0,240000.0,240500.0,235000.0,239500.0,8241.0
2012-08-16,219811.0,235500.0,240000.0,233000.0,240000.0,9003.0
2012-08-17,220278.0,236000.0,239500.0,235000.0,235500.0,10546.0
2012-08-20,233345.0,250000.0,252500.0,236000.0,239000.0,19673.0
2012-08-21,224945.0,241000.0,249500.0,241000.0,249000.0,12247.0
2012-08-22,223078.0,239000.0,244500.0,239000.0,241500.0,7291.0
2012-08-23,223078.0,239000.0,245000.0,238500.0,240000.0,7474.0
2012-08-24,228678.0,245000.0,247000.0,238000.0,238500.0,13647.0
2012-08-27,239879.0,257000.0,257000.0,245500.0,249000.0,15153.0
2012-08-28,233345.0,250000.0,257000.0,249000.0,254500.0,13495.0
2012-08-29,226345.0,242500.0,250000.0,241000.0,250000.0,29620.0
2012-08-30,234279.0,251000.0,253000.0,242500.0,244000.0,17176.0
2012-08-31,233345.0,250000.0,251500.0,246000.0,248000.0,12026.0
2012-09-03,230545.0,247000.0,251000.0,242000.0,246500.0,8047.0
2012-09-04,228678.0,245000.0,251000.0,245000.0,245500.0,11537.0
2012-09-05,228212.0,244500.0,249500.0,244500.0,246000.0,14570.0
2012-09-06,234279.0,251000.0,254000.0,244500.0,244500.0,19468.0
2012-09-07,229145.0,245500.0,254500.0,245000.0,248000.0,19840.0
2012-09-10,226345.0,242500.0,247000.0,242500.0,245500.0,8952.0
2012-09-11,222611.0,238500.0,245500.0,238000.0,244500.0,11758.0
2012-09-12,224945.0,241000.0,247000.0,239000.0,240500.0,14289.0
2012-09-13,226812.0,243000.0,246500.0,241000.0,241000.0,10710.0
2012-09-14,235679.0,252500.0,255000.0,245500.0,248500.0,20553.0
2012-09-17,230545.0,247000.0,249500.0,243500.0,247000.0,14263.0
2012-09-18,234279.0,251000.0,252000.0,242500.0,248000.0,11849.0
2012-09-19,241746.0,259000.0,259000.0,248500.0,251000.0,22936.0
2012-09-20,247346.0,265000.0,266500.0,253000.0,254500.0,15288.0
2012-09-21,249680.0,267500.0,270000.0,264000.0,265000.0,22158.0
2012-09-24,249680.0,267500.0,270000.0,264000.0,265000.0,17714.0
2012-09-25,250146.0,268000.0,271500.0,262500.0,262500.0,18991.0
2012-09-26,246879.0,264500.0,269500.0,259500.0,264500.0,8527.0
2012-09-27,250613.0,268500.0,270000.0,262500.0,262500.0,22926.0
2012-09-28,247813.0,265500.0,272000.0,263500.0,268500.0,22268.0
2012-10-02,261813.0,280500.0,294000.0,263500.0,265500.0,33519.0
2012-10-04,244546.0,262000.0,280500.0,262000.0,280500.0,56512.0
2012-10-05,246879.0,264500.0,269000.0,261500.0,261500.0,38692.0
2012-10-08,256680.0,275000.0,278000.0,267000.0,267000.0,36034.0
2012-10-09,255746.0,274000.0,278000.0,267500.0,275000.0,19288.0
2012-10-10,251080.0,269000.0,274000.0,266000.0,272000.0,18354.0
2012-10-11,253413.0,271500.0,278500.0,264000.0,266000.0,22881.0
2012-10-12,266014.0,285000.0,288000.0,274000.0,274000.0,93329.0
2012-10-15,261347.0,280000.0,296000.0,279500.0,286000.0,94937.0
2012-10-16,261813.0,280500.0,288000.0,278000.0,284000.0,43337.0
2012-10-17,259947.0,278500.0,284500.0,276500.0,280500.0,55819.0
2012-10-18,253413.0,271500.0,281000.0,271000.0,277500.0,32852.0
2012-10-19,252013.0,270000.0,275500.0,260000.0,271000.0,45962.0
2012-10-22,255280.0,273500.0,275500.0,263000.0,263000.0,48768.0
2012-10-23,238946.0,256000.0,272000.0,253000.0,272000.0,220330.0
2012-10-24,248279.0,266000.0,269000.0,249000.0,250000.0,224851.0
2012-10-25,236145.0,253000.0,264000.0,250500.0,262000.0,94121.0
2012-10-26,231012.0,247500.0,260500.0,240000.0,247000.0,107871.0
2012-10-29,229612.0,246000.0,251500.0,239000.0,251500.0,92838.0
2012-10-30,238946.0,256000.0,258500.0,244500.0,247500.0,57384.0
2012-10-31,240812.0,258000.0,261500.0,250500.0,255000.0,38079.0
2012-11-01,246879.0,264500.0,268500.0,257500.0,260500.0,67769.0
2012-11-02,234279.0,251000.0,266000.0,251000.0,266000.0,54378.0
2012-11-05,227278.0,243500.0,251500.0,241500.0,251000.0,60931.0
2012-11-06,234745.0,251500.0,252000.0,243500.0,247000.0,27263.0
2012-11-07,229145.0,245500.0,253500.0,245000.0,252500.0,24978.0
2012-11-08,230078.0,246500.0,248000.0,243000.0,243000.0,18956.0
2012-11-09,229612.0,246000.0,247500.0,243500.0,244500.0,21558.0
2012-11-12,238012.0,255000.0,255000.0,243500.0,248000.0,26638.0
2012-11-13,241746.0,259000.0,265000.0,257500.0,260000.0,62279.0
2012-11-14,239412.0,256500.0,263000.0,253000.0,262500.0,38588.0
2012-11-15,234745.0,251500.0,255500.0,245000.0,252500.0,20850.0
2012-11-16,238012.0,255000.0,255000.0,247500.0,254000.0,19093.0
2012-11-19,238946.0,256000.0,258000.0,252000.0,258000.0,14561.0
2012-11-20,237079.0,254000.0,256000.0,250500.0,254500.0,19005.0
2012-11-21,233345.0,250000.0,257000.0,249000.0,254000.0,15999.0
2012-11-22,238946.0,256000.0,257000.0,250000.0,252500.0,25663.0
2012-11-23,246413.0,264000.0,265500.0,253000.0,258500.0,23441.0
2012-11-26,240812.0,258000.0,265500.0,258000.0,265500.0,17087.0
2012-11-27,237079.0,254000.0,260000.0,253000.0,260000.0,26234.0
2012-11-28,232412.0,249000.0,254000.0,248000.0,253000.0,34061.0
2012-11-29,235679.0,252500.0,257000.0,249000.0,249500.0,30135.0
2012-11-30,237546.0,254500.0,257000.0,251000.0,251000.0,30689.0
2012-12-03,237546.0,254500.0,257000.0,250500.0,256500.0,25794.0
2012-12-04,236145.0,253000.0,257500.0,251500.0,251500.0,21527.0
2012-12-05,241746.0,259000.0,262000.0,254500.0,255000.0,39524.0
2012-12-06,255280.0,273500.0,274500.0,257500.0,258000.0,50263.0
2012-12-07,245479.0,263000.0,272500.0,262500.0,272000.0,32913.0
2012-12-10,240346.0,257500.0,262000.0,257000.0,261500.0,17860.0
2012-12-11,235679.0,252500.0,260000.0,252000.0,257500.0,27270.0
2012-12-12,235212.0,252000.0,256000.0,252000.0,253500.0,20192.0
2012-12-13,241746.0,259000.0,260500.0,252500.0,252500.0,23247.0
2012-12-14,241746.0,259000.0,265000.0,257500.0,265000.0,10323.0
2012-12-17,241746.0,259000.0,262000.0,257500.0,258000.0,13716.0
2012-12-18,240812.0,258000.0,264000.0,257500.0,262000.0,14872.0
2012-12-20,241746.0,259000.0,260500.0,254500.0,258000.0,16994.0
2012-12-21,249213.0,267000.0,270500.0,259500.0,260000.0,29473.0
2012-12-24,248746.0,266500.0,272500.0,264500.0,269500.0,22744.0
2012-12-26,249213.0,267000.0,270000.0,265000.0,266500.0,18652.0
2012-12-27,254898.0,269000.0,269500.0,264500.0,266000.0,13127.0
2012-12-28,257267.0,271500.0,273000.0,268000.0,270000.0,19843.0
2013-01-02,257741.0,272000.0,274000.0,268500.0,271500.0,12662.0
2013-01-03,265322.0,280000.0,284000.0,271000.0,271000.0,29920.0
2013-01-04,278114.0,293500.0,294000.0,278500.0,281000.0,37379.0
2013-01-07,269586.0,284500.0,292000.0,281500.0,292000.0,30240.0
2013-01-08,273850.0,289000.0,291000.0,280000.0,284500.0,21662.0
2013-01-09,273850.0,289000.0,289500.0,284000.0,286000.0,43914.0
2013-01-10,273850.0,289000.0,292500.0,284500.0,285000.0,26831.0
2013-01-11,278114.0,293500.0,298000.0,283000.0,287500.0,18958.0
2013-01-14,277640.0,293000.0,300000.0,293000.0,295000.0,14406.0
2013-01-15,267217.0,282000.0,293000.0,281500.0,289000.0,33100.0
2013-01-16,266269.0,281000.0,289000.0,278500.0,284000.0,27132.0
2013-01-17,268638.0,283500.0,287000.0,282000.0,283000.0,18081.0
2013-01-18,278588.0,294000.0,297000.0,287500.0,288000.0,47680.0
2013-01-21,276219.0,291500.0,298000.0,291000.0,298000.0,16087.0
2013-01-22,267691.0,282500.0,294500.0,282500.0,290500.0,18293.0
2013-01-23,273376.0,288500.0,291500.0,284000.0,284000.0,28425.0
2013-01-24,267217.0,282000.0,290000.0,281500.0,289000.0,20786.0
2013-01-25,263900.0,278500.0,286000.0,275000.0,283500.0,17933.0
2013-01-28,262953.0,277500.0,285000.0,276500.0,280000.0,17391.0
2013-01-29,268638.0,283500.0,284000.0,277500.0,278000.0,20143.0
2013-01-30,264848.0,279500.0,283500.0,277500.0,281000.0,14801.0
2013-01-31,264374.0,279000.0,283000.0,277500.0,279000.0,22169.0
2013-02-01,269586.0,284500.0,287500.0,279000.0,279000.0,24295.0
2013-02-04,265322.0,280000.0,286500.0,278000.0,284500.0,18254.0
2013-02-05,261531.0,276000.0,281000.0,271000.0,280500.0,15114.0
2013-02-06,260110.0,274500.0,280500.0,270000.0,278500.0,18170.0
2013-02-07,258689.0,273000.0,276500.0,271000.0,273500.0,12920.0
2013-02-08,259636.0,274000.0,275000.0,270000.0,274500.0,13090.0
2013-02-12,262005.0,276500.0,277500.0,272000.0,274000.0,7146.0
2013-02-13,260584.0,275000.0,278000.0,273000.0,273500.0,27472.0
2013-02-14,260110.0,274500.0,276000.0,273000.0,273500.0,14606.0
2013-02-15,261531.0,276000.0,277000.0,272500.0,274500.0,20409.0
2013-02-18,262479.0,277000.0,278500.0,274500.0,277000.0,12217.0
2013-02-19,256793.0,271000.0,278500.0,270500.0,278500.0,24778.0
2013-02-20,257267.0,271500.0,274000.0,270500.0,270500.0,23392.0
2013-02-21,257267.0,271500.0,273000.0,269500.0,272500.0,17324.0
2013-02-22,261058.0,275500.0,277000.0,270000.0,270500.0,14984.0
2013-02-25,262953.0,277500.0,278500.0,273000.0,274000.0,10533.0
2013-02-26,263427.0,278000.0,278500.0,275000.0,277500.0,11256.0
2013-02-27,269112.0,284000.0,285000.0,277000.0,278500.0,14838.0
2013-02-28,272902.0,288000.0,291000.0,285000.0,285000.0,25540.0
2013-03-04,276693.0,292000.0,299500.0,288000.0,288000.0,36563.0
2013-03-05,273850.0,289000.0,296500.0,289000.0,294500.0,13596.0
2013-03-06,274797.0,290000.0,294000.0,287500.0,291500.0,15771.0
2013-03-07,276693.0,292000.0,294000.0,290000.0,291000.0,7698.0
2013-03-08,276693.0,292000.0,292000.0,286500.0,290500.0,13245.0
2013-03-11,280483.0,296000.0,300000.0,289000.0,292000.0,15924.0
2013-03-12,276219.0,291500.0,299500.0,289000.0,296000.0,12953.0
2013-03-13,272429.0,287500.0,291500.0,287000.0,290000.0,11428.0
2013-03-14,275745.0,291000.0,291000.0,284000.0,287500.0,15261.0
2013-03-15,270060.0,285000.0,292500.0,285000.0,292500.0,16786.0
2013-03-18,281431.0,297000.0,298500.0,284500.0,285000.0,24249.0
2013-03-19,277640.0,293000.0,297500.0,291000.0,297500.0,18964.0
2013-03-20,274797.0,290000.0,292500.0,287000.0,291500.0,9146.0
2013-03-21,269112.0,284000.0,290500.0,281500.0,290500.0,23171.0
2013-03-22,265795.0,280500.0,285500.0,280000.0,282000.0,14220.0
2013-03-25,272902.0,288000.0,289500.0,282000.0,283500.0,25355.0
2013-03-26,274797.0,290000.0,290000.0,285000.0,289500.0,11209.0
2013-03-27,280009.0,295500.0,295500.0,290000.0,290000.0,20034.0
2013-03-28,290906.0,307000.0,312000.0,292000.0,295500.0,41321.0
2013-03-29,295644.0,312000.0,323000.0,309000.0,310000.0,36679.0
2013-04-01,290433.0,306500.0,323000.0,304500.0,313000.0,26691.0
2013-04-02,301803.0,318500.0,322500.0,305000.0,306500.0,32923.0
2013-04-03,298487.0,315000.0,319500.0,308500.0,319500.0,20519.0
2013-04-04,305120.0,322000.0,324000.0,310500.0,311500.0,20081.0
2013-04-05,303225.0,320000.0,321000.0,316000.0,318500.0,16882.0
2013-04-08,298013.0,314500.0,319000.0,307000.0,319000.0,14693.0
2013-04-09,292801.0,309000.0,316000.0,300000.0,314000.0,24478.0
2013-04-10,289485.0,305500.0,313500.0,304500.0,307000.0,12800.0
2013-04-11,298961.0,315500.0,315500.0,308500.0,308500.0,12199.0
2013-04-12,310332.0,327500.0,346000.0,315500.0,317500.0,31530.0
2013-04-15,307489.0,324500.0,334000.0,320000.0,331500.0,15728.0
2013-04-16,325019.0,343000.0,343000.0,320000.0,320000.0,25048.0
2013-04-17,339233.0,358000.0,362000.0,334000.0,340000.0,37466.0
2013-04-18,325019.0,343000.0,354500.0,343000.0,354500.0,38144.0
2013-04-19,312701.0,330000.0,352500.0,330000.0,346000.0,31600.0
2013-04-22,329757.0,348000.0,348500.0,328000.0,331500.0,36059.0
2013-04-23,322650.0,340500.0,348500.0,336000.0,344500.0,29533.0
2013-04-24,322650.0,340500.0,344500.0,338000.0,343000.0,16360.0
2013-04-25,317439.0,335000.0,352000.0,331500.0,343000.0,20766.0
2013-04-26,322650.0,340500.0,344500.0,336000.0,336500.0,17744.0
2013-04-29,317912.0,335500.0,344000.0,335500.0,341000.0,14979.0
2013-04-30,317912.0,335500.0,340500.0,331500.0,337000.0,28495.0
2013-05-02,320281.0,338000.0,344500.0,335000.0,335500.0,18261.0
2013-05-03,317439.0,335000.0,342000.0,330000.0,342000.0,21265.0
2013-05-06,311753.0,329000.0,341000.0,329000.0,335000.0,19455.0
2013-05-07,312701.0,330000.0,333500.0,326500.0,329000.0,15438.0
2013-05-08,306541.0,323500.0,331500.0,322000.0,331500.0,23203.0
2013-05-09,307489.0,324500.0,330000.0,324000.0,324000.0,17028.0
2013-05-10,299435.0,316000.0,327500.0,312000.0,327000.0,26838.0
2013-05-13,297066.0,313500.0,318500.0,308000.0,315000.0,21097.0
2013-05-14,289485.0,305500.0,314500.0,300000.0,313500.0,43979.0
2013-05-15,283799.0,299500.0,308000.0,293500.0,305500.0,34756.0
2013-05-16,288537.0,304500.0,304500.0,296500.0,300000.0,24907.0
2013-05-20,286168.0,302000.0,306500.0,295000.0,304500.0,18186.0
2013-05-21,295644.0,312000.0,312000.0,304000.0,304000.0,32392.0
2013-05-22,286168.0,302000.0,312000.0,302000.0,312000.0,23678.0
2013-05-23,284273.0,300000.0,305500.0,295500.0,303500.0,21428.0
2013-05-24,284747.0,300500.0,303000.0,295500.0,298500.0,14042.0
2013-05-27,290906.0,307000.0,307500.0,299500.0,299500.0,12688.0
2013-05-28,288064.0,304000.0,308500.0,300000.0,308500.0,19134.0
2013-05-29,291380.0,307500.0,309000.0,304500.0,306500.0,13986.0
2013-05-30,285221.0,301000.0,307500.0,299000.0,307500.0,20734.0
2013-05-31,277166.0,292500.0,301000.0,289000.0,300000.0,36058.0
2013-06-03,265795.0,280500.0,291000.0,280000.0,290000.0,50104.0
2013-06-04,262479.0,277000.0,286000.0,274500.0,283500.0,28810.0
2013-06-05,256320.0,270500.0,281000.0,270000.0,275500.0,29589.0
2013-06-07,263900.0,278500.0,279500.0,270500.0,270500.0,23716.0
2013-06-10,260584.0,275000.0,279000.0,271500.0,279000.0,14649.0
2013-06-11,267217.0,282000.0,284000.0,274000.0,276000.0,13543.0
2013-06-12,265322.0,280000.0,282500.0,276000.0,282500.0,8690.0
2013-06-13,255846.0,270000.0,281000.0,270000.0,281000.0,22193.0
2013-06-14,259162.0,273500.0,275000.0,269500.0,272000.0,9388.0
2013-06-17,255846.0,270000.0,275500.0,270000.0,275500.0,14690.0
2013-06-18,257267.0,271500.0,273500.0,266500.0,272500.0,22137.0
2013-06-19,255846.0,270000.0,271000.0,266000.0,270500.0,20613.0
2013-06-20,245896.0,259500.0,267500.0,257000.0,267000.0,24854.0
2013-06-21,242106.0,255500.0,259500.0,250000.0,250000.0,26269.0
2013-06-24,249687.0,263500.0,264500.0,253500.0,253500.0,14420.0
2013-06-25,239737.0,253000.0,263500.0,250500.0,263500.0,17893.0
2013-06-26,244949.0,258500.0,260500.0,254000.0,255000.0,9510.0
2013-06-27,250160.0,264000.0,266500.0,261500.0,262000.0,12812.0
2013-06-28,251582.0,265500.0,271000.0,262000.0,265500.0,20045.0
2013-07-01,251108.0,265000.0,268000.0,258500.0,264000.0,11268.0
2013-07-02,249213.0,263000.0,269500.0,261500.0,265000.0,23781.0
2013-07-03,244475.0,258000.0,265500.0,258000.0,263000.0,16707.0
2013-07-04,250160.0,264000.0,264500.0,256000.0,259000.0,14583.0
2013-07-05,251108.0,265000.0,266000.0,259500.0,264500.0,16234.0
2013-07-08,245422.0,259000.0,266500.0,256000.0,266000.0,19082.0
2013-07-09,249213.0,263000.0,263000.0,255000.0,258500.0,20569.0
2013-07-10,240211.0,253500.0,262000.0,253500.0,260500.0,13538.0
2013-07-11,243054.0,256500.0,257000.0,253500.0,253500.0,20015.0
2013-07-12,242106.0,255500.0,258000.0,254500.0,256000.0,14824.0
2013-07-15,241632.0,255000.0,257000.0,253500.0,256000.0,16407.0
2013-07-16,241632.0,255000.0,257000.0,254000.0,255500.0,12784.0
2013-07-17,237368.0,250500.0,256000.0,246500.0,255000.0,28259.0
2013-07-18,242106.0,255500.0,258000.0,250500.0,252500.0,25789.0
2013-07-19,238789.0,252000.0,256500.0,251500.0,256000.0,18687.0
2013-07-22,243527.0,257000.0,260000.0,251500.0,251500.0,15600.0
2013-07-23,245422.0,259000.0,263500.0,257000.0,259500.0,19410.0
2013-07-24,255372.0,269500.0,270000.0,258500.0,258500.0,23176.0
2013-07-25,251582.0,265500.0,269500.0,263000.0,269500.0,16165.0
2013-07-26,249687.0,263500.0,264500.0,256000.0,260500.0,24924.0
2013-07-29,246370.0,260000.0,264000.0,259500.0,264000.0,9456.0
2013-07-30,249213.0,263000.0,264000.0,259500.0,261500.0,10734.0
2013-07-31,246844.0,260500.0,265000.0,260500.0,263000.0,12150.0
2013-08-01,245422.0,259000.0,262500.0,256500.0,262500.0,12464.0
2013-08-02,241632.0,255000.0,261500.0,254500.0,261000.0,29144.0
2013-08-05,247791.0,261500.0,261500.0,256000.0,256000.0,13608.0
2013-08-06,247791.0,261500.0,264000.0,260500.0,262000.0,12563.0
2013-08-07,244001.0,257500.0,262500.0,257500.0,260500.0,12329.0
2013-08-08,242106.0,255500.0,260000.0,255500.0,259000.0,9086.0
2013-08-09,240211.0,253500.0,256500.0,251000.0,256000.0,18947.0
2013-08-12,240685.0,254000.0,255000.0,251000.0,253500.0,14878.0
2013-08-13,240211.0,253500.0,255000.0,252000.0,255000.0,12233.0
2013-08-14,242106.0,255500.0,255500.0,252000.0,252500.0,12901.0
2013-08-16,238789.0,252000.0,255500.0,251000.0,255500.0,14792.0
2013-08-19,238789.0,252000.0,253500.0,250500.0,252500.0,12324.0
2013-08-20,234999.0,248000.0,252000.0,248000.0,252000.0,27239.0
2013-08-21,227418.0,240000.0,249000.0,238000.0,247000.0,29557.0
2013-08-22,225523.0,238000.0,239500.0,229500.0,236000.0,30581.0
2013-08-23,226945.0,239500.0,240000.0,234500.0,238000.0,20678.0
2013-08-26,225523.0,238000.0,240000.0,236500.0,238500.0,11887.0
2013-08-27,223154.0,235500.0,237000.0,233000.0,236500.0,20379.0
2013-08-28,220785.0,233000.0,235000.0,230000.0,231500.0,37514.0
2013-08-29,226471.0,239000.0,240000.0,234500.0,236000.0,24606.0
2013-08-30,226471.0,239000.0,240500.0,237000.0,239500.0,14295.0
2013-09-02,227892.0,240500.0,242000.0,238000.0,238000.0,13501.0
2013-09-03,238316.0,251500.0,254500.0,241000.0,241000.0,44495.0
2013-09-04,238789.0,252000.0,256000.0,250000.0,252500.0,16054.0
2013-09-05,236894.0,250000.0,253500.0,249000.0,252500.0,17385.0
2013-09-06,237842.0,251000.0,253000.0,249000.0,250500.0,8837.0
2013-09-09,241158.0,254500.0,255500.0,249000.0,250500.0,13429.0
2013-09-10,241158.0,254500.0,255000.0,251000.0,255000.0,12719.0
2013-09-11,241158.0,254500.0,255500.0,252000.0,255000.0,11341.0
2013-09-12,244949.0,258500.0,262000.0,254500.0,254500.0,26953.0
2013-09-13,244001.0,257500.0,261500.0,257000.0,257000.0,12140.0
2013-09-16,241632.0,255000.0,260000.0,254500.0,260000.0,8584.0
2013-09-17,238316.0,251500.0,254500.0,250500.0,254500.0,13943.0
2013-09-23,241632.0,255000.0,256000.0,251500.0,251500.0,11311.0
2013-09-24,247791.0,261500.0,261500.0,254000.0,255000.0,16903.0
2013-09-25,245422.0,259000.0,262500.0,258500.0,262000.0,12824.0
2013-09-26,247791.0,261500.0,262000.0,258000.0,259000.0,11208.0
2013-09-27,244475.0,258000.0,263000.0,258000.0,263000.0,10882.0
2013-09-30,243054.0,256500.0,260500.0,256000.0,257500.0,9933.0
2013-10-01,236894.0,250000.0,259500.0,250000.0,255500.0,16551.0
2013-10-02,235947.0,249000.0,252000.0,247000.0,250000.0,14353.0
2013-10-04,235473.0,248500.0,253000.0,248000.0,249000.0,12285.0
2013-10-07,237368.0,250500.0,250500.0,247500.0,248500.0,7811.0
2013-10-08,235947.0,249000.0,251000.0,248000.0,250000.0,8811.0
2013-10-10,234999.0,248000.0,252000.0,248000.0,249000.0,5882.0
2013-10-11,234999.0,248000.0,249000.0,246000.0,247500.0,12721.0
2013-10-14,231209.0,244000.0,248500.0,244000.0,247000.0,13107.0
2013-10-15,228366.0,241000.0,246500.0,239000.0,246000.0,21245.0
2013-10-16,225523.0,238000.0,242000.0,235500.0,242000.0,23076.0
2013-10-17,226945.0,239500.0,239500.0,235000.0,238000.0,22799.0
2013-10-18,232630.0,245500.0,248500.0,238000.0,240000.0,18785.0
2013-10-21,234999.0,248000.0,248000.0,243500.0,245500.0,21752.0
2013-10-22,239263.0,252500.0,252500.0,247000.0,248000.0,17296.0
2013-10-23,242106.0,255500.0,258500.0,251000.0,251500.0,21724.0
2013-10-24,242106.0,255500.0,260000.0,255500.0,256000.0,28275.0
2013-10-25,241632.0,255000.0,259500.0,255000.0,256000.0,25300.0
2013-10-28,242580.0,256000.0,256500.0,251500.0,255000.0,9064.0
2013-10-29,242580.0,256000.0,257000.0,253500.0,256000.0,11320.0
2013-10-30,243527.0,257000.0,258500.0,254500.0,256000.0,13731.0
2013-10-31,243527.0,257000.0,257500.0,253500.0,256500.0,14020.0
2013-11-01,248739.0,262500.0,263000.0,252500.0,258000.0,29458.0
2013-11-04,249213.0,263000.0,266000.0,257000.0,262500.0,25185.0
2013-11-05,249213.0,263000.0,265500.0,260500.0,260500.0,27390.0
2013-11-06,250160.0,264000.0,264000.0,258000.0,263500.0,22214.0
2013-11-07,244949.0,258500.0,265500.0,258500.0,261500.0,14683.0
2013-11-08,242106.0,255500.0,262000.0,247500.0,260500.0,56603.0
2013-11-11,236894.0,250000.0,255000.0,245000.0,251000.0,31352.0
2013-11-12,234999.0,248000.0,251500.0,243000.0,249000.0,18137.0
2013-11-13,236894.0,250000.0,250500.0,245500.0,248000.0,16384.0
2013-11-14,236421.0,249500.0,252500.0,247000.0,248000.0,15268.0
2013-11-15,230261.0,243000.0,249500.0,240500.0,248500.0,37884.0
2013-11-18,232156.0,245000.0,246000.0,241000.0,243000.0,12824.0
2013-11-19,233104.0,246000.0,246500.0,243500.0,245500.0,12396.0
2013-11-20,231209.0,244000.0,246000.0,241000.0,246000.0,21232.0
2013-11-21,228366.0,241000.0,244500.0,237500.0,244500.0,23345.0
2013-11-22,228366.0,241000.0,242000.0,238500.0,242000.0,10644.0
2013-11-25,228366.0,241000.0,243500.0,239000.0,241500.0,13976.0
2013-11-26,225997.0,238500.0,241000.0,238000.0,239000.0,20662.0
2013-11-27,228366.0,241000.0,241000.0,238000.0,240000.0,15697.0
2013-11-28,233104.0,246000.0,246500.0,241000.0,241500.0,22589.0
2013-11-29,234999.0,248000.0,248500.0,245000.0,246500.0,17192.0
2013-12-02,234999.0,248000.0,249000.0,245000.0,248000.0,9789.0
2013-12-03,234052.0,247000.0,248000.0,245000.0,248000.0,9303.0
2013-12-04,231683.0,244500.0,247000.0,242500.0,245500.0,10273.0
2013-12-05,227418.0,240000.0,244000.0,240000.0,243000.0,10056.0
2013-12-06,226945.0,239500.0,241000.0,238000.0,240500.0,12925.0
2013-12-09,226471.0,239000.0,242000.0,238000.0,242000.0,11079.0
2013-12-10,230261.0,243000.0,243000.0,239000.0,240500.0,10365.0
2013-12-11,228366.0,241000.0,244500.0,239500.0,243000.0,6945.0
2013-12-12,226471.0,239000.0,240500.0,238000.0,240000.0,12083.0
2013-12-13,227418.0,240000.0,241500.0,237000.0,238500.0,7180.0
2013-12-16,228366.0,241000.0,242000.0,238500.0,241500.0,5693.0
2013-12-17,226471.0,239000.0,242000.0,238000.0,242000.0,9479.0
2013-12-18,228366.0,241000.0,242000.0,239000.0,239500.0,9074.0
2013-12-19,226471.0,239000.0,243000.0,238500.0,242500.0,8121.0
2013-12-20,225997.0,238500.0,240500.0,237000.0,239000.0,12367.0
2013-12-23,225523.0,238000.0,239500.0,237000.0,238500.0,20307.0
2013-12-24,228366.0,241000.0,241500.0,237000.0,238500.0,25430.0
2013-12-26,232156.0,245000.0,245500.0,241000.0,241000.0,24556.0
2013-12-27,240344.0,249500.0,251000.0,243500.0,245000.0,27261.0
2013-12-30,241789.0,251000.0,251000.0,247000.0,250500.0,10192.0
2014-01-02,241789.0,251000.0,256000.0,249000.0,251000.0,23071.0
2014-01-03,249496.0,259000.0,260500.0,251500.0,251500.0,47507.0
2014-01-06,252867.0,262500.0,262500.0,256000.0,257500.0,34170.0
2014-01-07,251423.0,261000.0,264500.0,259000.0,259000.0,27989.0
2014-01-08,254794.0,264500.0,268500.0,260000.0,261000.0,28517.0
2014-01-09,254794.0,264500.0,268500.0,264500.0,265000.0,22401.0
2014-01-10,252867.0,262500.0,267000.0,261000.0,265000.0,15762.0
2014-01-13,257202.0,267000.0,273500.0,262000.0,262000.0,39618.0
2014-01-14,255276.0,265000.0,269000.0,265000.0,269000.0,21920.0
2014-01-15,258166.0,268000.0,270000.0,265500.0,266000.0,21226.0
2014-01-16,259611.0,269500.0,271500.0,267000.0,268000.0,18132.0
2014-01-17,262982.0,273000.0,273000.0,267000.0,268000.0,15868.0
2014-01-20,258647.0,268500.0,273000.0,267000.0,270000.0,10154.0
2014-01-21,262019.0,272000.0,272000.0,265000.0,270000.0,19192.0
2014-01-22,258647.0,268500.0,273500.0,268500.0,273500.0,9368.0
2014-01-23,258647.0,268500.0,270000.0,267000.0,270000.0,7380.0
2014-01-24,260574.0,270500.0,270500.0,264500.0,267000.0,16057.0
2014-01-27,259129.0,269000.0,270000.0,263500.0,268500.0,16205.0
2014-01-28,260574.0,270500.0,270500.0,266000.0,269500.0,15977.0
2014-01-29,263464.0,273500.0,274000.0,267500.0,271000.0,14790.0
2014-02-03,258647.0,268500.0,274000.0,268000.0,273500.0,9558.0
2014-02-04,261056.0,271000.0,272000.0,260000.0,266000.0,14940.0
2014-02-05,257684.0,267500.0,272500.0,264500.0,269000.0,12882.0
2014-02-06,268280.0,278500.0,278500.0,267500.0,268000.0,24753.0
2014-02-07,279840.0,290500.0,291500.0,278500.0,278500.0,33191.0
2014-02-10,276950.0,287500.0,297000.0,287500.0,288000.0,30233.0
2014-02-11,287065.0,298000.0,301000.0,289000.0,289000.0,47681.0
2014-02-12,284175.0,295000.0,299500.0,294000.0,298500.0,14762.0
2014-02-13,283693.0,294500.0,300000.0,293500.0,300000.0,13921.0
2014-02-14,283693.0,294500.0,297000.0,293000.0,295000.0,12736.0
2014-02-17,283212.0,294000.0,299500.0,293500.0,298500.0,13668.0
2014-02-18,285620.0,296500.0,300000.0,294000.0,297500.0,42517.0
2014-02-19,277432.0,288000.0,295000.0,286000.0,294500.0,25810.0
2014-02-20,279840.0,290500.0,290500.0,285500.0,286500.0,15339.0
2014-02-21,280803.0,291500.0,293000.0,287500.0,287500.0,10511.0
2014-02-24,278395.0,289000.0,291500.0,285000.0,288000.0,21304.0
2014-02-25,287547.0,298500.0,300000.0,287000.0,289000.0,24106.0
2014-02-26,287547.0,298500.0,299500.0,295500.0,298500.0,17942.0
2014-02-27,281767.0,292500.0,297500.0,290000.0,296000.0,18492.0
2014-02-28,288028.0,299000.0,299000.0,290000.0,292500.0,27825.0
2014-03-03,287065.0,298000.0,299500.0,294000.0,295500.0,16908.0
2014-03-04,290918.0,302000.0,302000.0,295000.0,295000.0,15477.0
2014-03-05,284657.0,295500.0,303500.0,295500.0,300500.0,23419.0
2014-03-06,284657.0,295500.0,298000.0,294500.0,298000.0,12012.0
2014-03-07,284175.0,295000.0,297500.0,293500.0,297500.0,6824.0
2014-03-10,292845.0,304000.0,310000.0,301000.0,305000.0,65081.0
2014-03-11,294771.0,306000.0,318000.0,302000.0,307000.0,49791.0
2014-03-12,298625.0,310000.0,313500.0,306000.0,310000.0,30831.0
2014-03-13,299106.0,310500.0,317000.0,308000.0,317000.0,27849.0
2014-03-14,302478.0,314000.0,314500.0,308500.0,310000.0,41501.0
2014-03-17,295253.0,306500.0,314000.0,305500.0,314000.0,29481.0
2014-03-18,300551.0,312000.0,312500.0,307000.0,310000.0,23407.0
2014-03-19,291881.0,303000.0,312000.0,300000.0,312000.0,25185.0
2014-03-20,295735.0,307000.0,308000.0,301000.0,303000.0,18442.0
2014-03-21,293808.0,305000.0,307500.0,298000.0,306000.0,19198.0
2014-03-24,297180.0,308500.0,308500.0,302500.0,303000.0,11307.0
2014-03-25,304404.0,316000.0,316000.0,306000.0,310000.0,19051.0
2014-03-26,294290.0,305500.0,318000.0,305500.0,318000.0,24537.0
2014-03-27,297661.0,309000.0,309000.0,299000.0,307500.0,15561.0
2014-03-28,297661.0,309000.0,312500.0,304500.0,310000.0,12482.0
2014-03-31,287547.0,298500.0,308000.0,294000.0,306000.0,35353.0
2014-04-01,285620.0,296500.0,298500.0,292500.0,298500.0,24227.0
2014-04-02,288991.0,300000.0,300000.0,294000.0,296000.0,25925.0
2014-04-03,283212.0,294000.0,300000.0,293000.0,297000.0,28116.0
2014-04-04,284175.0,295000.0,297000.0,293500.0,294500.0,16799.0
2014-04-07,285138.0,296000.0,296500.0,294000.0,294000.0,13075.0
2014-04-08,282248.0,293000.0,296500.0,291000.0,294000.0,7160.0
2014-04-09,280803.0,291500.0,294500.0,287000.0,293000.0,18591.0
2014-04-10,284175.0,295000.0,301000.0,292000.0,293500.0,24181.0
2014-04-11,283212.0,294000.0,297000.0,290000.0,292000.0,10896.0
2014-04-14,285138.0,296000.0,298000.0,292500.0,293000.0,7819.0
2014-04-15,285138.0,296000.0,299500.0,293000.0,296000.0,10860.0
2014-04-16,288028.0,299000.0,300500.0,294000.0,294500.0,19607.0
2014-04-17,288510.0,299500.0,301000.0,296500.0,298000.0,17135.0
2014-04-18,286583.0,297500.0,302000.0,297500.0,301000.0,7453.0
2014-04-21,289955.0,301000.0,301500.0,297500.0,300000.0,7696.0
2014-04-22,295735.0,307000.0,310000.0,299000.0,301000.0,21382.0
2014-04-23,294290.0,305500.0,310000.0,305000.0,307000.0,10031.0
2014-04-24,288028.0,299000.0,305000.0,296500.0,304000.0,15548.0
2014-04-25,291400.0,302500.0,303000.0,296000.0,297000.0,10896.0
2014-04-28,287547.0,298500.0,302500.0,298500.0,302500.0,3731.0
2014-04-29,294290.0,305500.0,306500.0,298500.0,298500.0,6603.0
2014-04-30,296216.0,307500.0,309000.0,302500.0,305500.0,11833.0
2014-05-02,288991.0,300000.0,307500.0,300000.0,307500.0,12306.0
2014-05-07,284657.0,295500.0,301500.0,295500.0,300000.0,8167.0
2014-05-08,282730.0,293500.0,298000.0,291000.0,295000.0,16993.0
2014-05-09,299588.0,311000.0,312000.0,293500.0,293500.0,23368.0
2014-05-12,291881.0,303000.0,309000.0,300000.0,308000.0,16974.0
2014-05-13,293808.0,305000.0,309000.0,301000.0,302500.0,9773.0
2014-05-14,295253.0,306500.0,308500.0,303500.0,304000.0,10314.0
2014-05-15,294771.0,306000.0,310000.0,302500.0,307500.0,9813.0
2014-05-16,293326.0,304500.0,309000.0,303000.0,308500.0,7004.0
2014-05-19,297180.0,308500.0,309500.0,304500.0,304500.0,13213.0
2014-05-20,297180.0,308500.0,308500.0,303000.0,306000.0,11241.0
2014-05-21,294771.0,306000.0,308500.0,305500.0,305500.0,7870.0
2014-05-22,299106.0,310500.0,312000.0,306500.0,308500.0,16029.0
2014-05-23,302959.0,314500.0,314500.0,306500.0,311000.0,13709.0
2014-05-26,298625.0,310000.0,315000.0,310000.0,315000.0,6349.0
2014-05-27,297180.0,308500.0,314000.0,308500.0,310500.0,5608.0
2014-05-28,296216.0,307500.0,308500.0,304000.0,306000.0,9215.0
2014-05-29,294771.0,306000.0,309000.0,304500.0,308000.0,4953.0
2014-05-30,299106.0,310500.0,310500.0,301500.0,306000.0,12139.0
2014-06-02,297661.0,309000.0,311000.0,306500.0,310500.0,5277.0
2014-06-03,298143.0,309500.0,309500.0,306000.0,306500.0,9298.0
2014-06-05,296216.0,307500.0,311000.0,305000.0,309500.0,10386.0
2014-06-09,294771.0,306000.0,309000.0,304500.0,307500.0,6596.0
2014-06-10,294771.0,306000.0,308500.0,305000.0,308000.0,3544.0
2014-06-11,294290.0,305500.0,310500.0,305000.0,306000.0,9827.0
2014-06-12,296698.0,308000.0,308000.0,304500.0,304500.0,9873.0
2014-06-13,294290.0,305500.0,307000.0,301500.0,306000.0,12075.0
2014-06-16,286102.0,297000.0,304500.0,297000.0,302500.0,14950.0
2014-06-17,286102.0,297000.0,299500.0,294000.0,297000.0,10548.0
2014-06-18,284657.0,295500.0,299000.0,294000.0,295000.0,9578.0
2014-06-19,289955.0,301000.0,303000.0,296000.0,298500.0,9190.0
2014-06-20,286102.0,297000.0,301000.0,295500.0,300000.0,10296.0
2014-06-23,277913.0,288500.0,297000.0,284000.0,295000.0,21469.0
2014-06-24,275505.0,286000.0,289000.0,282000.0,288000.0,17485.0
2014-06-25,275024.0,285500.0,289000.0,282000.0,287500.0,13210.0
2014-06-26,275987.0,286500.0,291000.0,285000.0,285000.0,11113.0
2014-06-27,274060.0,284500.0,286500.0,283500.0,286500.0,7411.0
2014-06-30,275024.0,285500.0,289000.0,284000.0,287000.0,8595.0
2014-07-01,282248.0,293000.0,293000.0,285000.0,285000.0,8993.0
2014-07-02,279358.0,290000.0,295000.0,289500.0,293000.0,10909.0
2014-07-03,280322.0,291000.0,295000.0,286000.0,293000.0,22399.0
2014-07-04,269725.0,280000.0,293000.0,279500.0,293000.0,28711.0
2014-07-07,271652.0,282000.0,287000.0,281000.0,283000.0,21242.0
2014-07-08,271170.0,281500.0,286000.0,277000.0,282500.0,24532.0
2014-07-09,277913.0,288500.0,290000.0,280000.0,280000.0,31447.0
2014-07-10,271652.0,282000.0,289500.0,281500.0,289500.0,21506.0
2014-07-11,275505.0,286000.0,286500.0,281000.0,283000.0,15657.0
2014-07-14,271652.0,282000.0,288000.0,281500.0,288000.0,19542.0
2014-07-15,268280.0,278500.0,285500.0,278000.0,283500.0,18965.0
2014-07-16,261056.0,271000.0,278500.0,269500.0,278500.0,26687.0
2014-07-17,258166.0,268000.0,273500.0,263000.0,271000.0,36233.0
2014-07-18,252867.0,262500.0,267500.0,262000.0,267500.0,26482.0
2014-07-21,250459.0,260000.0,263000.0,260000.0,262500.0,31041.0
2014-07-22,250459.0,260000.0,262000.0,256000.0,260000.0,39458.0
2014-07-23,252386.0,262000.0,264000.0,258000.0,260500.0,43072.0
2014-07-24,249014.0,258500.0,263000.0,257500.0,262000.0,30960.0
2014-07-25,247569.0,257000.0,260000.0,255000.0,260000.0,33295.0
2014-07-28,249014.0,258500.0,260500.0,257000.0,258000.0,17542.0
2014-07-29,249014.0,258500.0,261000.0,257500.0,259500.0,17984.0
2014-07-30,249014.0,258500.0,260500.0,257000.0,260500.0,11165.0
2014-07-31,251423.0,261000.0,263000.0,259000.0,259500.0,22917.0
2014-08-01,252867.0,262500.0,263500.0,260000.0,260000.0,21618.0
2014-08-04,255276.0,265000.0,266500.0,262500.0,263500.0,19453.0
2014-08-05,252386.0,262000.0,265500.0,261500.0,265000.0,29485.0
2014-08-06,249496.0,259000.0,262500.0,259000.0,261500.0,17044.0
2014-08-07,244679.0,254000.0,259500.0,253500.0,259000.0,25058.0
2014-08-08,248533.0,258000.0,260000.0,255000.0,255500.0,22005.0
2014-08-11,252867.0,262500.0,264000.0,258000.0,258500.0,15549.0
2014-08-12,253831.0,263500.0,264500.0,260500.0,262500.0,11209.0
2014-08-13,254794.0,264500.0,266000.0,261500.0,264500.0,21278.0
2014-08-14,261537.0,271500.0,271500.0,263000.0,265000.0,21589.0
2014-08-18,246606.0,256000.0,271500.0,256000.0,271500.0,51064.0
2014-08-19,246606.0,256000.0,259000.0,255500.0,255500.0,20385.0
2014-08-20,244679.0,254000.0,257500.0,254000.0,256000.0,35556.0
2014-08-21,239381.0,248500.0,254500.0,248000.0,254500.0,21367.0
2014-08-22,237936.0,247000.0,250000.0,246500.0,249000.0,21086.0
2014-08-25,241308.0,250500.0,254000.0,246000.0,246000.0,21191.0
2014-08-26,239863.0,249000.0,253500.0,249000.0,251500.0,12134.0
2014-08-27,244198.0,253500.0,255000.0,249000.0,249000.0,15368.0
2014-08-28,243234.0,252500.0,255000.0,250000.0,252500.0,14061.0
2014-08-29,242753.0,252000.0,252500.0,249000.0,252000.0,12998.0
2014-09-01,241308.0,250500.0,252500.0,248500.0,251000.0,10105.0
2014-09-02,240826.0,250000.0,251000.0,248500.0,249500.0,16791.0
2014-09-03,241789.0,251000.0,253000.0,248000.0,248500.0,18988.0
2014-09-04,241308.0,250500.0,252000.0,249000.0,252000.0,10737.0
2014-09-05,248533.0,258000.0,258000.0,249500.0,249500.0,22767.0
2014-09-11,248533.0,258000.0,260500.0,256000.0,258000.0,20147.0
2014-09-12,249496.0,259000.0,259500.0,253500.0,258000.0,23157.0
2014-09-15,247569.0,257000.0,260000.0,256000.0,260000.0,19658.0
2014-09-16,249014.0,258500.0,260000.0,255500.0,256000.0,21108.0
2014-09-17,249014.0,258500.0,260500.0,257000.0,259500.0,16606.0
2014-09-18,249978.0,259500.0,262500.0,258000.0,258000.0,26562.0
2014-09-19,253349.0,263000.0,264500.0,261000.0,261000.0,23939.0
2014-09-22,254312.0,264000.0,265000.0,262000.0,263000.0,26563.0
2014-09-23,258647.0,268500.0,270000.0,264000.0,265000.0,21224.0
2014-09-24,257202.0,267000.0,271500.0,264000.0,268500.0,30699.0
2014-09-25,261056.0,271000.0,271500.0,267000.0,267500.0,14646.0
2014-09-26,261537.0,271500.0,274000.0,268500.0,269500.0,18641.0
2014-09-29,263946.0,274000.0,277500.0,270500.0,271000.0,18081.0
2014-09-30,262019.0,272000.0,275000.0,270000.0,272000.0,24258.0
2014-10-01,261537.0,271500.0,273000.0,266000.0,271000.0,15204.0
2014-10-02,261537.0,271500.0,272000.0,265000.0,268000.0,36114.0
2014-10-06,265391.0,275500.0,276500.0,268500.0,271500.0,19360.0
2014-10-07,262501.0,272500.0,276000.0,268500.0,275500.0,17520.0
2014-10-08,263464.0,273500.0,277000.0,269000.0,272000.0,35197.0
2014-10-10,269244.0,279500.0,281000.0,273500.0,273500.0,28583.0
2014-10-13,266835.0,277000.0,283500.0,273500.0,278000.0,22035.0
2014-10-14,261537.0,271500.0,279000.0,266500.0,279000.0,27350.0
2014-10-15,259611.0,269500.0,274000.0,260000.0,270000.0,35308.0
2014-10-16,257684.0,267500.0,270500.0,262000.0,263500.0,11132.0
2014-10-17,258647.0,268500.0,271000.0,262500.0,271000.0,21117.0
2014-10-20,259611.0,269500.0,270500.0,266500.0,270000.0,11674.0
2014-10-21,255276.0,265000.0,270000.0,261000.0,267500.0,16803.0
2014-10-22,254794.0,264500.0,267500.0,262000.0,265500.0,19119.0
2014-10-23,256721.0,266500.0,269500.0,263000.0,265500.0,16855.0
2014-10-24,255276.0,265000.0,268000.0,263500.0,265500.0,17180.0
2014-10-27,254794.0,264500.0,265000.0,258500.0,263000.0,18523.0
2014-10-28,253349.0,263000.0,264500.0,260500.0,264000.0,9993.0
2014-10-29,265391.0,275500.0,280000.0,263500.0,264000.0,47034.0
2014-10-30,259611.0,269500.0,276000.0,267500.0,275500.0,24468.0
2014-10-31,257202.0,267000.0,271500.0,266000.0,269500.0,15953.0
2014-11-03,255276.0,265000.0,270500.0,264000.0,264500.0,24696.0
2014-11-04,249014.0,258500.0,266000.0,258000.0,265000.0,32417.0
2014-11-05,255757.0,265500.0,266500.0,257500.0,259000.0,13688.0
2014-11-06,252867.0,262500.0,265500.0,257000.0,262500.0,29758.0
2014-11-07,250941.0,260500.0,262500.0,257500.0,260000.0,11255.0
2014-11-10,246606.0,256000.0,262000.0,255500.0,261000.0,13913.0
2014-11-11,250459.0,260000.0,260500.0,256000.0,256500.0,11240.0
2014-11-12,250941.0,260500.0,262000.0,258000.0,259000.0,10448.0
2014-11-13,248533.0,258000.0,262500.0,258000.0,261500.0,13030.0
2014-11-14,240826.0,250000.0,256000.0,245000.0,247500.0,80085.0
2014-11-17,242753.0,252000.0,252000.0,248500.0,248500.0,16450.0
2014-11-18,249978.0,259500.0,260000.0,253500.0,254000.0,24485.0
2014-11-19,252386.0,262000.0,262000.0,258500.0,260000.0,16980.0
2014-11-20,250459.0,260000.0,265000.0,259500.0,263000.0,8856.0
2014-11-21,250459.0,260000.0,263000.0,260000.0,261500.0,10672.0
2014-11-24,250459.0,260000.0,264500.0,258500.0,261000.0,7429.0
2014-11-25,259611.0,269500.0,270500.0,260500.0,260500.0,15117.0
2014-11-26,256721.0,266500.0,271500.0,265500.0,267500.0,13433.0
2014-11-27,257202.0,267000.0,269000.0,264500.0,264500.0,10600.0
2014-11-28,255757.0,265500.0,268000.0,264000.0,265000.0,10086.0
2014-12-01,253349.0,263000.0,265500.0,261000.0,263500.0,10795.0
2014-12-02,250459.0,260000.0,264000.0,258500.0,260500.0,9995.0
2014-12-03,245643.0,255000.0,260000.0,252500.0,260000.0,26432.0
2014-12-04,247088.0,256500.0,258000.0,253500.0,255500.0,16567.0
2014-12-05,249014.0,258500.0,259000.0,255500.0,256000.0,11857.0
2014-12-08,244198.0,253500.0,259000.0,252500.0,255500.0,19015.0
2014-12-09,245643.0,255000.0,256500.0,252000.0,252000.0,8567.0
2014-12-10,243716.0,253000.0,257000.0,250500.0,252000.0,14950.0
2014-12-11,239863.0,249000.0,251500.0,244000.0,250000.0,17223.0
2014-12-12,246124.0,255500.0,256500.0,247000.0,248500.0,16005.0
2014-12-15,243716.0,253000.0,256500.0,248500.0,255500.0,11591.0
2014-12-16,241308.0,250500.0,255000.0,249500.0,252500.0,8644.0
2014-12-17,248533.0,258000.0,258000.0,252000.0,253000.0,9267.0
2014-12-18,246124.0,255500.0,262000.0,251000.0,261000.0,13231.0
2014-12-19,243234.0,252500.0,258000.0,250500.0,258000.0,15511.0
2014-12-22,241308.0,250500.0,253500.0,250000.0,253500.0,9310.0
2014-12-23,242271.0,251500.0,252500.0,249000.0,250000.0,8958.0
2014-12-24,241308.0,250500.0,252000.0,249000.0,252000.0,6223.0
2014-12-26,242271.0,251500.0,253000.0,250000.0,250500.0,7192.0
2014-12-29,244229.0,249500.0,251000.0,249000.0,249000.0,3282.0
2014-12-30,247165.0,252500.0,252500.0,248500.0,248500.0,7396.0
2015-01-02,243250.0,248500.0,253000.0,247000.0,252500.0,12213.0
2015-01-05,236887.0,242000.0,249500.0,241000.0,248500.0,15599.0
2015-01-06,237866.0,243000.0,243500.0,238000.0,240000.0,10376.0
2015-01-07,234440.0,239500.0,244000.0,238000.0,243500.0,7220.0
2015-01-08,228077.0,233000.0,239000.0,233000.0,238000.0,18629.0
2015-01-09,233951.0,239000.0,239000.0,233000.0,234000.0,12393.0
2015-01-12,235419.0,240500.0,242000.0,237500.0,238000.0,6091.0
2015-01-13,234930.0,240000.0,242000.0,236000.0,242000.0,14536.0
2015-01-14,232972.0,238000.0,242000.0,238000.0,238000.0,7065.0
2015-01-15,236887.0,242000.0,242000.0,237500.0,238000.0,7940.0
2015-01-16,237377.0,242500.0,242500.0,240000.0,240000.0,5972.0
2015-01-19,235419.0,240500.0,243500.0,239000.0,243000.0,6022.0
2015-01-20,238356.0,243500.0,244500.0,238500.0,240000.0,15327.0
2015-01-21,236398.0,241500.0,244000.0,240000.0,242000.0,8672.0
2015-01-22,233951.0,239000.0,242000.0,238000.0,241000.0,13443.0
2015-01-23,231993.0,237000.0,240000.0,236500.0,238000.0,10934.0
2015-01-26,223672.0,228500.0,236500.0,227000.0,236500.0,31741.0
2015-01-27,229056.0,234000.0,234000.0,228000.0,229000.0,31032.0
2015-01-28,229056.0,234000.0,234000.0,230000.0,231000.0,17854.0
2015-01-29,230035.0,235000.0,236000.0,231000.0,231500.0,14910.0
2015-01-30,226609.0,231500.0,239000.0,231500.0,239000.0,18097.0
2015-02-02,231014.0,236000.0,236000.0,230500.0,231000.0,14986.0
2015-02-03,240803.0,246000.0,246000.0,235000.0,235000.0,33131.0
2015-02-04,243739.0,249000.0,251500.0,244500.0,246500.0,22154.0
2015-02-05,258423.0,264000.0,268000.0,251000.0,252500.0,43729.0
2015-02-06,254018.0,259500.0,264500.0,257000.0,260500.0,20020.0
2015-02-09,259401.0,265000.0,269500.0,258000.0,258000.0,22208.0
2015-02-10,255486.0,261000.0,265500.0,254000.0,264500.0,17856.0
2015-02-11,254996.0,260500.0,262000.0,248000.0,255500.0,44093.0
2015-02-12,255486.0,261000.0,263000.0,255000.0,259500.0,14418.0
2015-02-13,249123.0,254500.0,261500.0,253500.0,261500.0,13802.0
2015-02-16,247655.0,253000.0,256500.0,251000.0,254500.0,9249.0
2015-02-17,249123.0,254500.0,256000.0,253500.0,255500.0,3702.0
2015-02-23,254018.0,259500.0,260000.0,254000.0,254500.0,8736.0
2015-02-24,255975.0,261500.0,262500.0,258000.0,261000.0,11635.0
2015-02-25,256465.0,262000.0,263000.0,256500.0,263000.0,12554.0
2015-02-26,251081.0,256500.0,261500.0,255000.0,261500.0,12824.0
2015-02-27,248144.0,253500.0,257500.0,252000.0,254500.0,11852.0
2015-03-02,245697.0,251000.0,254500.0,250500.0,253500.0,8073.0
2015-03-03,244718.0,250000.0,253000.0,249000.0,250000.0,12635.0
2015-03-04,243739.0,249000.0,250500.0,243500.0,248000.0,33173.0
2015-03-05,248144.0,253500.0,254500.0,245500.0,245500.0,12998.0
2015-03-06,243250.0,248500.0,254000.0,247000.0,251500.0,14600.0
2015-03-09,236887.0,242000.0,246500.0,241500.0,245500.0,22056.0
2015-03-10,235419.0,240500.0,242500.0,239500.0,242000.0,14509.0
2015-03-11,233461.0,238500.0,241500.0,234000.0,240500.0,29894.0
2015-03-12,232972.0,238000.0,242500.0,237500.0,237500.0,21240.0
2015-03-13,233951.0,239000.0,243000.0,238500.0,242000.0,8758.0
2015-03-16,231993.0,237000.0,240500.0,237000.0,240000.0,14462.0
2015-03-17,233461.0,238500.0,240000.0,237000.0,238000.0,12334.0
2015-03-18,231993.0,237000.0,240500.0,236500.0,240500.0,18646.0
2015-03-19,234930.0,240000.0,243500.0,236500.0,239000.0,86757.0
2015-03-20,235908.0,241000.0,243500.0,238500.0,240000.0,18274.0
2015-03-23,234440.0,239500.0,242000.0,238500.0,242000.0,10784.0
2015-03-24,231993.0,237000.0,243000.0,237000.0,239500.0,21683.0
2015-03-25,234930.0,240000.0,241500.0,237500.0,237500.0,13072.0
2015-03-26,235908.0,241000.0,242000.0,239000.0,241500.0,14065.0
2015-03-27,241782.0,247000.0,249000.0,240500.0,243000.0,28533.0
2015-03-30,238356.0,243500.0,248000.0,242500.0,248000.0,10253.0
2015-03-31,238356.0,243500.0,245500.0,241000.0,244000.0,14929.0
2015-04-01,241782.0,247000.0,248000.0,242000.0,245000.0,37796.0
2015-04-02,247165.0,252500.0,253500.0,247000.0,247500.0,25460.0
2015-04-03,251081.0,256500.0,259500.0,251500.0,254000.0,28121.0
2015-04-06,253039.0,258500.0,260000.0,253000.0,258500.0,18856.0
2015-04-07,245697.0,251000.0,258500.0,250500.0,258500.0,21885.0
2015-04-08,236398.0,241500.0,251000.0,241500.0,251000.0,47501.0
2015-04-09,233461.0,238500.0,244000.0,236000.0,241500.0,46484.0
2015-04-10,235908.0,241000.0,241500.0,238000.0,238000.0,24989.0
2015-04-13,232972.0,238000.0,242500.0,237500.0,238500.0,29840.0
2015-04-14,233951.0,239000.0,240500.0,238500.0,238500.0,19029.0
2015-04-15,234930.0,240000.0,243500.0,239500.0,239500.0,37504.0
2015-04-16,239824.0,245000.0,247500.0,240000.0,240500.0,40786.0
2015-04-17,244718.0,250000.0,252000.0,244000.0,247000.0,32903.0
2015-04-20,239334.0,244500.0,248000.0,243500.0,247000.0,22658.0
2015-04-21,242271.0,247500.0,253000.0,245000.0,246000.0,27333.0
2015-04-22,239824.0,245000.0,250000.0,242000.0,247000.0,26741.0
2015-04-23,240313.0,245500.0,247500.0,243000.0,247000.0,21602.0
2015-04-24,242761.0,248000.0,248000.0,244000.0,245000.0,26299.0
2015-04-27,243250.0,248500.0,249500.0,245000.0,249000.0,16881.0
2015-04-28,246676.0,252000.0,255000.0,247000.0,250000.0,29423.0
2015-04-29,243250.0,248500.0,253500.0,247500.0,252500.0,17023.0
2015-04-30,239824.0,245000.0,251500.0,244500.0,248500.0,12187.0
2015-05-04,238356.0,243500.0,246500.0,241500.0,245000.0,12284.0
2015-05-06,243250.0,248500.0,249500.0,243000.0,243500.0,15930.0
2015-05-07,243250.0,248500.0,248500.0,244000.0,248500.0,20838.0
2015-05-08,246187.0,251500.0,251500.0,246000.0,249500.0,12471.0
2015-05-11,243739.0,249000.0,253500.0,248500.0,251500.0,15788.0
2015-05-12,249613.0,255000.0,256000.0,248500.0,249000.0,19116.0
2015-05-13,254507.0,260000.0,260500.0,255000.0,255000.0,46598.0
2015-05-14,250592.0,256000.0,260500.0,254000.0,258500.0,20125.0
2015-05-15,250102.0,255500.0,259500.0,254500.0,256500.0,15599.0
2015-05-18,263317.0,269000.0,275000.0,254500.0,254500.0,87083.0
2015-05-19,270169.0,276000.0,281500.0,269500.0,270000.0,56259.0
2015-05-20,269190.0,275000.0,279500.0,271500.0,275500.0,21650.0
2015-05-21,266254.0,272000.0,277500.0,271500.0,273000.0,32784.0
2015-05-22,276042.0,282000.0,285500.0,273000.0,276000.0,52977.0
2015-05-26,281916.0,288000.0,294000.0,282000.0,282000.0,64060.0
2015-05-27,278979.0,285000.0,289500.0,279000.0,288000.0,59925.0
2015-05-28,272127.0,278000.0,284500.0,275000.0,282000.0,42823.0
2015-05-29,275063.0,281000.0,281500.0,273000.0,275000.0,20981.0
2015-06-01,271637.0,277500.0,283000.0,274000.0,282000.0,13524.0
2015-06-02,261359.0,267000.0,277500.0,262000.0,276500.0,44539.0
2015-06-03,269680.0,275500.0,277500.0,263000.0,268000.0,24990.0
2015-06-04,265275.0,271000.0,280500.0,270500.0,280000.0,15587.0
2015-06-05,257933.0,263500.0,273500.0,261000.0,270000.0,18063.0
2015-06-08,257933.0,263500.0,267000.0,261000.0,262000.0,18405.0
2015-06-09,274085.0,280000.0,282500.0,266500.0,266500.0,58734.0
2015-06-10,274085.0,280000.0,285500.0,276500.0,279500.0,44386.0
2015-06-11,271637.0,277500.0,284500.0,276500.0,280000.0,34575.0
2015-06-12,271637.0,277500.0,283500.0,275000.0,282000.0,54828.0
2015-06-15,263317.0,269000.0,278000.0,267000.0,277500.0,29516.0
2015-06-16,257933.0,263500.0,269000.0,258000.0,267000.0,36710.0
2015-06-17,265764.0,271500.0,273500.0,263000.0,264500.0,24769.0
2015-06-18,266743.0,272500.0,277000.0,269500.0,276000.0,20959.0
2015-06-19,261849.0,267500.0,276000.0,266500.0,270000.0,48846.0
2015-06-22,259891.0,265500.0,270500.0,265000.0,268000.0,22620.0
2015-06-23,263806.0,269500.0,270500.0,265000.0,266000.0,24588.0
2015-06-24,262828.0,268500.0,271000.0,268000.0,269500.0,14552.0
2015-06-25,267722.0,273500.0,275000.0,268500.0,269000.0,24072.0
2015-06-26,283384.0,289500.0,290000.0,272500.0,277000.0,60201.0
2015-06-29,283873.0,290000.0,291000.0,284000.0,288000.0,49900.0
2015-06-30,284363.0,290500.0,291000.0,284000.0,287500.0,42525.0
2015-07-01,281426.0,287500.0,295000.0,282500.0,292500.0,41885.0
2015-07-02,277021.0,283000.0,287000.0,278000.0,286000.0,31126.0
2015-07-03,278000.0,284000.0,288500.0,281000.0,283500.0,12710.0
2015-07-06,276042.0,282000.0,284000.0,279000.0,280000.0,13575.0
2015-07-07,287299.0,293500.0,294000.0,278500.0,282000.0,49348.0
2015-07-08,285831.0,292000.0,295000.0,287000.0,295000.0,40152.0
2015-07-09,284852.0,291000.0,291000.0,280500.0,289000.0,32396.0
2015-07-10,284852.0,291000.0,295000.0,287000.0,291000.0,33638.0
2015-07-13,285831.0,292000.0,292000.0,287000.0,291000.0,22381.0
2015-07-14,310792.0,317500.0,318500.0,292000.0,293500.0,76431.0
2015-07-15,297088.0,303500.0,315500.0,303500.0,315000.0,60620.0
2015-07-16,299046.0,305500.0,307500.0,301500.0,305000.0,41938.0
2015-07-17,306877.0,313500.0,321000.0,308500.0,309000.0,80188.0
2015-07-20,309814.0,316500.0,317000.0,311500.0,314500.0,48511.0
2015-07-21,310792.0,317500.0,317500.0,312500.0,316000.0,27051.0
2015-07-22,317155.0,324000.0,328000.0,315000.0,317000.0,39249.0
2015-07-23,307366.0,314000.0,329000.0,311500.0,326000.0,34354.0
2015-07-24,306877.0,313500.0,322000.0,308500.0,314000.0,16998.0
2015-07-27,299046.0,305500.0,309500.0,297000.0,308000.0,29905.0
2015-07-28,303451.0,310000.0,319000.0,295500.0,306500.0,39310.0
2015-07-29,311771.0,318500.0,319000.0,303500.0,308000.0,34538.0
2015-07-30,317645.0,324500.0,330500.0,316500.0,318500.0,27059.0
2015-07-31,303940.0,310500.0,324000.0,309500.0,323000.0,18935.0
2015-08-03,308835.0,315500.0,316500.0,308500.0,312000.0,11020.0
2015-08-04,316176.0,323000.0,324500.0,312000.0,319000.0,13045.0
2015-08-05,319113.0,326000.0,340000.0,322000.0,323000.0,41678.0
2015-08-06,322049.0,329000.0,334000.0,325000.0,327000.0,23965.0
2015-08-07,318134.0,325000.0,332500.0,322500.0,330000.0,12382.0
2015-08-10,330370.0,337500.0,346000.0,325000.0,329000.0,42659.0
2015-08-11,323028.0,330000.0,345000.0,328000.0,338000.0,35904.0
2015-08-12,327433.0,334500.0,337000.0,323000.0,329000.0,39519.0
2015-08-13,324497.0,331500.0,336500.0,324500.0,330000.0,23520.0
2015-08-14,324497.0,331500.0,331500.0,331500.0,331500.0,0.0
2015-08-17,325476.0,332500.0,334500.0,325500.0,331500.0,11160.0
2015-08-18,354842.0,362500.0,368000.0,342000.0,342000.0,100061.0
2015-08-19,354352.0,362000.0,379000.0,345500.0,368500.0,72346.0
2015-08-20,355331.0,363000.0,389500.0,352000.0,354500.0,83455.0
2015-08-21,357289.0,365000.0,375000.0,351000.0,360000.0,67421.0
2015-08-24,335264.0,342500.0,365000.0,335500.0,364500.0,57678.0
2015-08-25,340159.0,347500.0,347500.0,327000.0,340500.0,66694.0
2015-08-26,359247.0,367000.0,367000.0,340500.0,347500.0,37784.0
2015-08-27,345542.0,353000.0,373000.0,352500.0,367000.0,41453.0
2015-08-28,350437.0,358000.0,365000.0,353000.0,357500.0,31967.0
2015-08-31,360226.0,368000.0,370000.0,352500.0,354500.0,40907.0
2015-09-01,351905.0,359500.0,376000.0,359500.0,370000.0,30753.0
2015-09-02,356800.0,364500.0,371000.0,352500.0,352500.0,34991.0
2015-09-03,363162.0,371000.0,375000.0,362500.0,364500.0,33974.0
2015-09-04,348969.0,356500.0,374500.0,354500.0,371000.0,25507.0
2015-09-07,355821.0,363500.0,368500.0,356000.0,356000.0,18831.0
2015-09-08,332328.0,339500.0,368500.0,337000.0,365000.0,37039.0
2015-09-09,347500.0,355000.0,357500.0,344000.0,344000.0,27979.0
2015-09-10,371483.0,379500.0,381500.0,355000.0,355000.0,30359.0
2015-09-11,360715.0,368500.0,372500.0,366500.0,371000.0,17460.0
2015-09-14,358268.0,366000.0,381000.0,366000.0,374500.0,21458.0
2015-09-15,374419.0,382500.0,387500.0,367000.0,367500.0,26086.0
2015-09-16,361204.0,369000.0,385500.0,369000.0,383000.0,30025.0
2015-09-17,362673.0,370500.0,378500.0,366500.0,374500.0,21548.0
2015-09-18,363162.0,371000.0,374000.0,362000.0,369500.0,34313.0
2015-09-21,359736.0,367500.0,370000.0,362500.0,365500.0,9572.0
2015-09-22,362673.0,370500.0,372000.0,365000.0,369000.0,15393.0
2015-09-23,351905.0,359500.0,367000.0,355000.0,365000.0,16654.0
2015-09-24,348969.0,356500.0,364000.0,355000.0,364000.0,14548.0
2015-09-25,347500.0,355000.0,366500.0,353500.0,360000.0,20694.0
2015-09-30,358268.0,366000.0,367500.0,350500.0,360000.0,39634.0
2015-10-01,348969.0,356500.0,362500.0,355500.0,362000.0,24415.0
2015-10-02,348479.0,356000.0,362000.0,355000.0,355500.0,14146.0
2015-10-05,350437.0,358000.0,361000.0,356000.0,359500.0,14871.0
2015-10-06,348479.0,356000.0,361000.0,355500.0,358000.0,28681.0
2015-10-07,338201.0,345500.0,356000.0,345000.0,353000.0,25537.0
2015-10-08,349458.0,357000.0,357000.0,346500.0,348000.0,21933.0
2015-10-12,341627.0,349000.0,357000.0,346500.0,357000.0,28466.0
2015-10-13,342116.0,349500.0,351000.0,345500.0,349000.0,14555.0
2015-10-14,339669.0,347000.0,350500.0,341000.0,350000.0,19469.0
2015-10-15,346521.0,354000.0,356500.0,346000.0,349000.0,19291.0
2015-10-16,346032.0,353500.0,360500.0,342000.0,351500.0,32297.0
2015-10-19,358757.0,366500.0,367500.0,355500.0,356000.0,25211.0
2015-10-20,363652.0,371500.0,378500.0,362000.0,367000.0,26238.0
2015-10-21,361204.0,369000.0,372000.0,365000.0,369500.0,10437.0
2015-10-22,356310.0,364000.0,370000.0,360000.0,366000.0,18507.0
2015-10-23,361694.0,369500.0,373000.0,361500.0,365500.0,18155.0
2015-10-26,373930.0,382000.0,383000.0,367000.0,369500.0,21980.0
2015-10-27,368546.0,376500.0,385000.0,376500.0,382000.0,19015.0
2015-10-28,366588.0,374500.0,384000.0,369000.0,376500.0,15635.0
2015-10-29,362673.0,370500.0,376000.0,361000.0,368500.0,23673.0
2015-10-30,361204.0,369000.0,376500.0,365500.0,367500.0,10697.0
2015-11-02,357778.0,365500.0,370000.0,363500.0,369500.0,13017.0
2015-11-03,356800.0,364500.0,368000.0,361500.0,363000.0,18148.0
2015-11-04,354352.0,362000.0,367500.0,361000.0,365500.0,17237.0
2015-11-05,353863.0,361500.0,362500.0,356500.0,361000.0,8043.0
2015-11-06,347011.0,354500.0,361500.0,353000.0,358000.0,20293.0
2015-11-09,346521.0,354000.0,357500.0,347000.0,351500.0,16875.0
2015-11-10,347011.0,354500.0,365500.0,349000.0,349000.0,19709.0
2015-11-11,360715.0,368500.0,383000.0,352000.0,352000.0,40977.0
2015-11-12,356800.0,364500.0,373000.0,356000.0,367500.0,26212.0
2015-11-13,362673.0,370500.0,375000.0,359500.0,360000.0,26689.0
2015-11-16,384208.0,392500.0,400000.0,374500.0,374500.0,83632.0
2015-11-17,390571.0,399000.0,405500.0,392000.0,404000.0,31991.0
2015-11-18,381271.0,389500.0,399000.0,388000.0,399000.0,21480.0
2015-11-19,394486.0,403000.0,405000.0,389500.0,389500.0,23126.0
2015-11-20,392039.0,400500.0,405000.0,399000.0,405000.0,13077.0
2015-11-23,379803.0,388000.0,400000.0,386500.0,400000.0,28144.0
2015-11-24,382740.0,391000.0,396500.0,385500.0,388000.0,33670.0
2015-11-25,388613.0,397000.0,403000.0,389000.0,394000.0,19104.0
2015-11-26,390571.0,399000.0,402000.0,394000.0,397000.0,8721.0
2015-11-27,400849.0,409500.0,416500.0,394000.0,402000.0,24246.0
2015-11-30,406722.0,415500.0,428500.0,407500.0,412500.0,24968.0
2015-12-01,400849.0,409500.0,424500.0,409500.0,419500.0,15422.0
2015-12-02,393507.0,402000.0,413000.0,399500.0,406000.0,15361.0
2015-12-03,395955.0,404500.0,409000.0,397000.0,401000.0,25828.0
2015-12-04,395955.0,404500.0,411500.0,398500.0,404500.0,19545.0
2015-12-07,394486.0,403000.0,411000.0,402000.0,408500.0,11793.0
2015-12-08,397423.0,406000.0,409000.0,399500.0,401500.0,17451.0
2015-12-09,390081.0,398500.0,407500.0,398500.0,407000.0,16000.0
2015-12-10,391550.0,400000.0,409500.0,399500.0,400000.0,24363.0
2015-12-11,392528.0,401000.0,407000.0,400000.0,401500.0,11947.0
2015-12-14,392528.0,401000.0,419500.0,388000.0,400000.0,26749.0
2015-12-15,394486.0,403000.0,407000.0,396500.0,404500.0,10764.0
2015-12-16,394976.0,403500.0,408500.0,401500.0,402000.0,16061.0
2015-12-17,404275.0,413000.0,414500.0,405500.0,409000.0,14790.0
2015-12-18,409659.0,418500.0,419000.0,414000.0,417000.0,18163.0
2015-12-21,419937.0,429000.0,431000.0,418000.0,423500.0,14189.0
2015-12-22,420916.0,430000.0,432000.0,420500.0,428000.0,14527.0
2015-12-23,421405.0,430500.0,442500.0,425500.0,428000.0,16649.0
2015-12-24,409659.0,418500.0,433000.0,417000.0,432000.0,21423.0
2015-12-28,428747.0,438000.0,445000.0,416500.0,418500.0,27833.0
2015-12-29,431217.0,436500.0,440000.0,428500.0,440000.0,13273.0
2015-12-30,434180.0,439500.0,453000.0,436000.0,439500.0,13769.0
2016-01-04,435662.0,441000.0,454000.0,432500.0,439500.0,13174.0
2016-01-05,447517.0,453000.0,454000.0,436500.0,444500.0,24683.0
2016-01-06,452456.0,458000.0,460000.0,448500.0,455000.0,21611.0
2016-01-07,451962.0,457500.0,468000.0,450500.0,460000.0,22945.0
2016-01-08,451468.0,457000.0,466000.0,450000.0,459500.0,16532.0
2016-01-11,449987.0,455500.0,461500.0,452500.0,452500.0,12740.0
2016-01-12,460854.0,466500.0,480000.0,453000.0,458000.0,23346.0
2016-01-13,460854.0,466500.0,472000.0,453500.0,472000.0,32520.0
2016-01-14,455420.0,461000.0,467500.0,457000.0,466500.0,21362.0
2016-01-15,457396.0,463000.0,467000.0,457000.0,466000.0,13689.0
2016-01-18,467769.0,473500.0,475000.0,457000.0,457000.0,16915.0
2016-01-19,482093.0,488000.0,499000.0,474500.0,478000.0,27528.0
2016-01-20,493948.0,500000.0,518000.0,486000.0,495000.0,44968.0
2016-01-21,527537.0,534000.0,534000.0,500000.0,509000.0,37349.0
2016-01-22,484563.0,490500.0,540000.0,490000.0,540000.0,66941.0
2016-01-25,453444.0,459000.0,483500.0,454000.0,481500.0,99790.0
2016-01-26,456408.0,462000.0,469000.0,458000.0,465000.0,45338.0
2016-01-27,438132.0,443500.0,467000.0,442000.0,466500.0,70399.0
2016-01-28,448999.0,454500.0,456500.0,443500.0,443500.0,44391.0
2016-01-29,462829.0,468500.0,468500.0,452000.0,456000.0,46758.0
2016-02-01,463323.0,469000.0,477500.0,461500.0,470500.0,32642.0
2016-02-02,466781.0,472500.0,476500.0,469000.0,469000.0,32797.0
2016-02-03,464311.0,470000.0,477500.0,463500.0,474500.0,23002.0
2016-02-04,465793.0,471500.0,472000.0,458000.0,471000.0,33116.0
2016-02-05,449987.0,455500.0,469500.0,447000.0,469500.0,32760.0
2016-02-11,452950.0,458500.0,463500.0,433000.0,455500.0,26212.0
2016-02-12,413928.0,419000.0,454000.0,412000.0,453500.0,65902.0
2016-02-15,431217.0,436500.0,444500.0,422500.0,423500.0,39760.0
2016-02-16,420844.0,426000.0,437500.0,422500.0,436500.0,42675.0
2016-02-17,417880.0,423000.0,431000.0,416500.0,428000.0,30386.0
2016-02-18,407507.0,412500.0,424000.0,410000.0,422500.0,46974.0
2016-02-19,415410.0,420500.0,426500.0,406000.0,412500.0,41411.0
2016-02-22,413434.0,418500.0,425000.0,417000.0,419500.0,21582.0
2016-02-23,406025.0,411000.0,420000.0,405000.0,418000.0,40228.0
2016-02-24,411459.0,416500.0,416500.0,405500.0,412500.0,23050.0
2016-02-25,409977.0,415000.0,416500.0,410500.0,411500.0,20062.0
2016-02-26,408001.0,413000.0,424500.0,411000.0,413000.0,37350.0
2016-02-29,401086.0,406000.0,416000.0,401000.0,413500.0,43050.0
2016-03-02,405037.0,410000.0,412000.0,406000.0,406000.0,31736.0
2016-03-03,398616.0,403500.0,410500.0,403500.0,410000.0,37304.0
2016-03-04,385279.0,390000.0,404000.0,389000.0,401500.0,57085.0
2016-03-07,383798.0,388500.0,395000.0,388000.0,388500.0,31970.0
2016-03-08,374413.0,379000.0,392000.0,377500.0,388500.0,48464.0
2016-03-09,395158.0,400000.0,400000.0,377000.0,381500.0,71314.0
2016-03-10,396640.0,401500.0,403500.0,394000.0,401500.0,38783.0
2016-03-11,394170.0,399000.0,403000.0,395500.0,403000.0,27583.0
2016-03-14,396146.0,401000.0,403500.0,391500.0,399500.0,25749.0
2016-03-15,412447.0,417500.0,424000.0,399000.0,401000.0,57317.0
2016-03-16,422819.0,428000.0,435000.0,420500.0,424000.0,59410.0
2016-03-17,420350.0,425500.0,435000.0,418000.0,432500.0,32491.0
2016-03-18,430723.0,436000.0,438000.0,419500.0,421500.0,36493.0
2016-03-21,407507.0,412500.0,437000.0,411500.0,436500.0,50665.0
2016-03-22,405037.0,410000.0,420000.0,410000.0,414500.0,25973.0
2016-03-23,405531.0,410500.0,416500.0,410500.0,411000.0,13261.0
2016-03-24,409977.0,415000.0,420000.0,409000.0,410500.0,25045.0
2016-03-25,416398.0,421500.0,422000.0,414000.0,414000.0,23060.0
2016-03-28,408989.0,414000.0,421500.0,413500.0,421000.0,13575.0
2016-03-29,408001.0,413000.0,416000.0,401500.0,413000.0,27981.0
2016-03-30,399110.0,404000.0,414500.0,402500.0,414000.0,22332.0
2016-03-31,395158.0,400000.0,409000.0,398000.0,404000.0,25094.0
2016-04-01,392689.0,397500.0,401000.0,395500.0,400000.0,24801.0
2016-04-04,389725.0,394500.0,400500.0,393500.0,397500.0,22543.0
2016-04-05,391207.0,396000.0,402500.0,392500.0,394000.0,20215.0
2016-04-06,388737.0,393500.0,399500.0,392000.0,396500.0,21308.0
2016-04-07,394664.0,399500.0,399500.0,385000.0,392500.0,35760.0
2016-04-08,399604.0,404500.0,408000.0,395500.0,396000.0,29865.0
2016-04-11,394170.0,399000.0,406500.0,398500.0,402000.0,17132.0
2016-04-12,392689.0,397500.0,404500.0,396000.0,396000.0,16873.0
2016-04-14,378858.0,383500.0,397500.0,377500.0,397500.0,57588.0
2016-04-15,376388.0,381000.0,382500.0,378000.0,380000.0,31913.0
2016-04-18,376882.0,381500.0,384000.0,378000.0,378500.0,25443.0
2016-04-19,373919.0,378500.0,384000.0,377000.0,384000.0,26706.0
2016-04-20,377376.0,382000.0,384000.0,378000.0,378500.0,24483.0
2016-04-21,375400.0,380000.0,383000.0,377000.0,381500.0,25252.0
2016-04-22,369967.0,374500.0,381000.0,373000.0,378000.0,29222.0
2016-04-25,369473.0,374000.0,377000.0,372500.0,373000.0,20656.0
2016-04-26,367003.0,371500.0,375000.0,370500.0,371500.0,19131.0
2016-04-27,370461.0,375000.0,377500.0,372000.0,372000.0,16522.0
2016-04-28,371449.0,376000.0,381500.0,374000.0,376000.0,31610.0
2016-04-29,368979.0,373500.0,376500.0,372000.0,376000.0,17854.0
2016-05-02,374413.0,379000.0,384500.0,374000.0,374000.0,31070.0
2016-05-03,369967.0,374500.0,380000.0,372000.0,379000.0,33249.0
2016-05-04,379352.0,384000.0,385000.0,371500.0,371500.0,47303.0
2016-05-09,399110.0,404000.0,404000.0,383000.0,384000.0,65275.0
2016-05-10,402074.0,407000.0,409000.0,397000.0,405000.0,40166.0
2016-05-11,405531.0,410500.0,413000.0,401000.0,406000.0,27674.0
2016-05-12,402074.0,407000.0,411500.0,400500.0,410500.0,25441.0
2016-05-13,399110.0,404000.0,410000.0,402000.0,407000.0,18630.0
2016-05-16,412447.0,417500.0,420000.0,402000.0,402000.0,27886.0
2016-05-17,406025.0,411000.0,423500.0,409000.0,414000.0,35924.0
2016-05-18,393677.0,398500.0,410500.0,396500.0,410500.0,34160.0
2016-05-19,388737.0,393500.0,402500.0,389000.0,395000.0,23608.0
2016-05-20,395652.0,400500.0,406500.0,395000.0,395000.0,18639.0
2016-05-23,392689.0,397500.0,404000.0,392500.0,400500.0,16591.0
2016-05-24,384785.0,389500.0,399500.0,388500.0,397000.0,15434.0
2016-05-25,383304.0,388000.0,390500.0,383500.0,390500.0,16934.0
2016-05-26,382316.0,387000.0,394000.0,385000.0,386000.0,14957.0
2016-05-27,382316.0,387000.0,388000.0,382000.0,387000.0,13774.0
2016-05-30,380340.0,385000.0,388500.0,378000.0,388500.0,16299.0
2016-05-31,376388.0,381000.0,385000.0,380000.0,383000.0,20976.0
2016-06-01,378364.0,383000.0,384500.0,379500.0,379500.0,17299.0
2016-06-02,372931.0,377500.0,383500.0,377500.0,381000.0,24517.0
2016-06-03,375894.0,380500.0,382500.0,376000.0,380000.0,15801.0
2016-06-07,372931.0,377500.0,382000.0,377000.0,380500.0,16011.0
2016-06-08,375400.0,380000.0,381500.0,377500.0,377500.0,18504.0
2016-06-09,381328.0,386000.0,386000.0,380000.0,380000.0,27942.0
2016-06-10,376882.0,381500.0,385500.0,378500.0,384000.0,19928.0
2016-06-13,373919.0,378500.0,382000.0,377500.0,381500.0,13404.0
2016-06-14,370955.0,375500.0,381500.0,375500.0,378000.0,13349.0
2016-06-15,370955.0,375500.0,378500.0,373500.0,374500.0,12976.0
2016-06-16,371943.0,376500.0,380500.0,375000.0,376000.0,15081.0
2016-06-17,371449.0,376000.0,380000.0,375500.0,376500.0,8831.0
2016-06-20,365027.0,369500.0,379500.0,368000.0,379500.0,18769.0
2016-06-21,368485.0,373000.0,375000.0,368500.0,370500.0,13755.0
2016-06-22,362064.0,366500.0,373000.0,366000.0,371000.0,14940.0
2016-06-23,360088.0,364500.0,370000.0,363000.0,364000.0,16656.0
2016-06-24,350209.0,354500.0,366500.0,345000.0,364500.0,44348.0
2016-06-27,363546.0,368000.0,369000.0,348000.0,354500.0,33053.0
2016-06-28,374906.0,379500.0,384000.0,363500.0,366500.0,40651.0
2016-06-29,373919.0,378500.0,382000.0,378000.0,379500.0,17927.0
2016-06-30,369473.0,374000.0,384000.0,374000.0,377000.0,26778.0
2016-07-01,370955.0,375500.0,380500.0,374000.0,374000.0,17318.0
2016-07-04,360582.0,365000.0,379000.0,363000.0,374000.0,26417.0
2016-07-05,354161.0,358500.0,365500.0,354000.0,365000.0,28088.0
2016-07-06,345270.0,349500.0,358000.0,345000.0,357000.0,36606.0
2016-07-07,337366.0,341500.0,351500.0,338000.0,351000.0,59951.0
2016-07-08,330945.0,335000.0,342000.0,330000.0,341500.0,43655.0
2016-07-11,332427.0,336500.0,342000.0,334000.0,335000.0,26819.0
2016-07-12,326500.0,330500.0,335000.0,330000.0,335000.0,30575.0
2016-07-13,323042.0,327000.0,335000.0,326500.0,331000.0,42106.0
2016-07-14,317608.0,321500.0,330500.0,320500.0,327000.0,47858.0
2016-07-15,319090.0,323000.0,326000.0,321000.0,321500.0,21807.0
2016-07-18,318102.0,322000.0,326000.0,319500.0,323500.0,28617.0
2016-07-19,318102.0,322000.0,323000.0,319500.0,323000.0,17163.0
2016-07-20,330945.0,335000.0,335500.0,322000.0,323000.0,52686.0
2016-07-21,325018.0,329000.0,337500.0,329000.0,337000.0,35223.0
2016-07-22,337366.0,341500.0,345000.0,328500.0,329500.0,64683.0
2016-07-25,336378.0,340500.0,348000.0,336500.0,345000.0,29878.0
2016-07-26,335391.0,339500.0,346000.0,339000.0,340000.0,21085.0
2016-07-27,331933.0,336000.0,342000.0,334000.0,338000.0,23988.0
2016-07-28,336378.0,340500.0,346000.0,335000.0,336000.0,27222.0
2016-07-29,332427.0,336500.0,344500.0,336000.0,340000.0,24838.0
2016-08-01,332427.0,336500.0,342500.0,335000.0,342500.0,14135.0
2016-08-02,335391.0,339500.0,342000.0,335000.0,335000.0,23111.0
2016-08-03,329957.0,334000.0,339000.0,330500.0,339000.0,14243.0
2016-08-04,335885.0,340000.0,341500.0,333500.0,334000.0,12616.0
2016-08-05,326006.0,330000.0,339500.0,330000.0,338000.0,20646.0
2016-08-08,329463.0,333500.0,336500.0,329000.0,329000.0,17303.0
2016-08-09,336378.0,340500.0,341500.0,332000.0,334000.0,23499.0
2016-08-10,354655.0,359000.0,360500.0,341000.0,341500.0,57183.0
2016-08-11,354161.0,358500.0,363500.0,352000.0,358500.0,30169.0
2016-08-12,353173.0,357500.0,362500.0,354000.0,356000.0,18762.0
2016-08-16,349221.0,353500.0,360500.0,352500.0,357500.0,17762.0
2016-08-17,326006.0,330000.0,338000.0,325500.0,336500.0,91386.0
2016-08-18,319584.0,323500.0,332000.0,321500.0,332000.0,45788.0
2016-08-19,305754.0,309500.0,323500.0,307000.0,323500.0,73528.0
2016-08-22,306742.0,310500.0,311500.0,307000.0,310000.0,28505.0
2016-08-23,307729.0,311500.0,314500.0,308000.0,310500.0,36829.0
2016-08-24,304272.0,308000.0,314000.0,306500.0,312000.0,34029.0
2016-08-25,300320.0,304000.0,310000.0,302000.0,307000.0,34660.0
2016-08-26,300320.0,304000.0,306500.0,301500.0,306500.0,26462.0
2016-08-29,298838.0,302500.0,304000.0,300500.0,302000.0,13446.0
2016-08-30,296863.0,300500.0,303500.0,297000.0,300500.0,28416.0
2016-08-31,296369.0,300000.0,304000.0,299500.0,300500.0,15402.0
2016-09-01,297357.0,301000.0,302500.0,299000.0,299500.0,10145.0
2016-09-02,307236.0,311000.0,312500.0,301500.0,303500.0,33452.0
2016-09-05,305754.0,309500.0,313500.0,307000.0,312000.0,26813.0
2016-09-06,302296.0,306000.0,312000.0,305500.0,310000.0,17326.0
2016-09-07,299826.0,303500.0,308500.0,303000.0,307000.0,13588.0
2016-09-08,297357.0,301000.0,305000.0,300000.0,303000.0,20433.0
2016-09-09,292417.0,296000.0,301000.0,295000.0,301000.0,23006.0
2016-09-12,292911.0,296500.0,298500.0,296000.0,296500.0,23100.0
2016-09-13,299826.0,303500.0,306000.0,297000.0,297000.0,21910.0
2016-09-19,300814.0,304500.0,307000.0,303000.0,303500.0,14782.0
2016-09-20,308223.0,312000.0,312500.0,305000.0,305000.0,24863.0
2016-09-21,313657.0,317500.0,318000.0,308500.0,312000.0,27700.0
2016-09-22,310199.0,314000.0,321000.0,314000.0,320500.0,16970.0
2016-09-23,311187.0,315000.0,318500.0,313000.0,318000.0,19434.0
2016-09-26,309211.0,313000.0,317000.0,310000.0,315500.0,18447.0
2016-09-27,308223.0,312000.0,313500.0,308000.0,308000.0,31584.0
2016-09-28,311681.0,315500.0,317500.0,312000.0,312000.0,13774.0
2016-09-29,317608.0,321500.0,322500.0,314000.0,315500.0,20861.0
2016-09-30,310199.0,314000.0,320500.0,312500.0,320500.0,15934.0
2016-10-04,305754.0,309500.0,314000.0,308000.0,314000.0,19744.0
2016-10-05,309705.0,313500.0,313500.0,307000.0,310000.0,14752.0
2016-10-06,305260.0,309000.0,312500.0,307500.0,312500.0,18895.0
2016-10-07,295875.0,299500.0,305500.0,297500.0,305000.0,42808.0
2016-10-10,296863.0,300500.0,300500.0,297000.0,300000.0,25335.0
2016-10-11,290935.0,294500.0,303000.0,292000.0,302000.0,36027.0
2016-10-12,291429.0,295000.0,295500.0,292000.0,294500.0,17969.0
2016-10-13,284020.0,287500.0,294500.0,285000.0,294500.0,45177.0
2016-10-14,281550.0,285000.0,287500.0,283000.0,287500.0,43863.0
2016-10-17,281056.0,284500.0,285500.0,282000.0,284500.0,22676.0
2016-10-18,280068.0,283500.0,285500.0,282500.0,284500.0,14152.0
2016-10-19,281550.0,285000.0,286000.0,283000.0,283000.0,17605.0
2016-10-20,288465.0,292000.0,292000.0,285000.0,285000.0,17532.0
2016-10-21,287478.0,291000.0,291500.0,287500.0,291000.0,9951.0
2016-10-24,288465.0,292000.0,293000.0,289000.0,290500.0,11754.0
2016-10-25,290935.0,294500.0,294500.0,286500.0,287000.0,13332.0
2016-10-26,290441.0,294000.0,294500.0,288000.0,294000.0,14063.0
2016-10-27,290441.0,294000.0,295500.0,290500.0,292000.0,11863.0
2016-10-28,297850.0,301500.0,304000.0,292500.0,292500.0,34989.0
2016-10-31,284514.0,288000.0,300000.0,288000.0,300000.0,24132.0
2016-11-01,288465.0,292000.0,293000.0,288000.0,290000.0,17648.0
2016-11-02,281550.0,285000.0,293000.0,284000.0,292000.0,18598.0
2016-11-03,297850.0,301500.0,302500.0,285500.0,285500.0,28365.0
2016-11-04,301308.0,305000.0,306000.0,295000.0,301500.0,25781.0
2016-11-07,300814.0,304500.0,311000.0,301000.0,307500.0,16376.0
2016-11-08,299332.0,303000.0,307000.0,302000.0,306000.0,12210.0
2016-11-09,300320.0,304000.0,304500.0,291000.0,303000.0,27170.0
2016-11-10,302790.0,306500.0,306500.0,301000.0,304000.0,16378.0
2016-11-11,297357.0,301000.0,308000.0,298000.0,307000.0,11501.0
2016-11-14,298344.0,302000.0,304500.0,296500.0,299000.0,10510.0
2016-11-15,328475.0,332500.0,335000.0,303000.0,303500.0,123367.0
2016-11-16,332427.0,336500.0,337000.0,324500.0,334000.0,54558.0
2016-11-17,331439.0,335500.0,337500.0,330000.0,335000.0,21964.0
2016-11-18,326993.0,331000.0,335500.0,327000.0,334500.0,18664.0
2016-11-21,314645.0,318500.0,327000.0,317500.0,326000.0,20849.0
2016-11-22,322548.0,326500.0,330000.0,319500.0,320000.0,26786.0
2016-11-23,314151.0,318000.0,326000.0,317000.0,325500.0,17449.0
2016-11-24,314645.0,318500.0,324000.0,312000.0,318000.0,21090.0
2016-11-25,314151.0,318000.0,321500.0,312000.0,314500.0,20390.0
2016-11-28,304272.0,308000.0,318000.0,307500.0,317000.0,24550.0
2016-11-29,326006.0,330000.0,331000.0,309000.0,309000.0,44376.0
2016-11-30,321560.0,325500.0,331500.0,323500.0,330000.0,25035.0
2016-12-01,326993.0,331000.0,332000.0,322500.0,323000.0,21253.0
2016-12-02,321560.0,325500.0,333000.0,325000.0,331500.0,20026.0
2016-12-05,317608.0,321500.0,324000.0,318500.0,322000.0,19490.0
2016-12-06,328475.0,332500.0,335000.0,323500.0,324000.0,27678.0
2016-12-07,332427.0,336500.0,337000.0,327000.0,329500.0,20126.0
2016-12-08,334897.0,339000.0,339000.0,331000.0,338000.0,27572.0
2016-12-09,333415.0,337500.0,339000.0,331500.0,334500.0,17732.0
2016-12-12,330451.0,334500.0,339500.0,334500.0,338000.0,12565.0
2016-12-13,333415.0,337500.0,338500.0,329000.0,334500.0,17810.0
2016-12-14,332921.0,337000.0,344000.0,335500.0,339000.0,13903.0
2016-12-15,333909.0,338000.0,338000.0,329500.0,335500.0,10268.0
2016-12-16,337366.0,341500.0,361500.0,341000.0,341500.0,120854.0
2016-12-19,341812.0,346000.0,352500.0,342000.0,349000.0,36683.0
2016-12-20,344776.0,349000.0,351000.0,345500.0,348500.0,20825.0
2016-12-21,336872.0,341000.0,348500.0,341000.0,347000.0,24719.0
2016-12-22,339836.0,344000.0,349500.0,340000.0,341000.0,18272.0
2016-12-23,331933.0,336000.0,344500.0,330500.0,344000.0,40407.0
2016-12-26,326993.0,331000.0,337000.0,328500.0,336000.0,21163.0
2016-12-27,326500.0,330500.0,334000.0,330000.0,330500.0,14624.0
2016-12-28,336000.0,336000.0,337000.0,329000.0,329500.0,19714.0
2016-12-29,332500.0,332500.0,336000.0,329000.0,336000.0,10985.0
2017-01-02,325500.0,325500.0,334500.0,325500.0,332500.0,13173.0
2017-01-03,319500.0,319500.0,326500.0,318000.0,326000.0,37223.0
2017-01-04,321000.0,321000.0,322500.0,316500.0,322000.0,23936.0
2017-01-05,326000.0,326000.0,327000.0,318000.0,320000.0,28484.0
2017-01-06,326000.0,326000.0,329500.0,321500.0,325500.0,20815.0
2017-01-09,320500.0,320500.0,326000.0,318500.0,326000.0,17461.0
2017-01-10,317500.0,317500.0,320500.0,315000.0,319000.0,16292.0
2017-01-11,320500.0,320500.0,321500.0,314500.0,317000.0,15054.0
2017-01-12,321500.0,321500.0,322000.0,318000.0,319500.0,14197.0
2017-01-13,329000.0,329000.0,330500.0,321000.0,321000.0,19797.0
2017-01-16,330500.0,330500.0,332000.0,326500.0,329500.0,18065.0
2017-01-17,323500.0,323500.0,332000.0,322000.0,332000.0,23052.0
2017-01-18,324000.0,324000.0,325000.0,320500.0,322500.0,16612.0
2017-01-19,321000.0,321000.0,326000.0,319500.0,322500.0,14143.0
2017-01-20,323500.0,323500.0,328500.0,320500.0,321000.0,13373.0
2017-01-23,321000.0,321000.0,326500.0,321000.0,322000.0,4625.0
2017-01-24,322000.0,322000.0,323500.0,318500.0,320000.0,9922.0
2017-01-25,315000.0,315000.0,322500.0,314000.0,320500.0,19092.0
2017-01-26,315500.0,315500.0,320000.0,314000.0,315500.0,10020.0
2017-01-31,318000.0,318000.0,323500.0,315500.0,315500.0,14391.0
2017-02-01,326000.0,326000.0,327500.0,317000.0,317000.0,15655.0
2017-02-02,345500.0,345500.0,348500.0,325000.0,325000.0,61483.0
2017-02-03,340500.0,340500.0,348500.0,340000.0,348500.0,22187.0
2017-02-06,357000.0,357000.0,359500.0,341000.0,341000.0,46100.0
2017-02-07,351000.0,351000.0,364500.0,350000.0,357000.0,23146.0
2017-02-08,350500.0,350500.0,353000.0,343000.0,350500.0,15943.0
2017-02-09,346500.0,346500.0,354000.0,346000.0,349500.0,12933.0
2017-02-10,342000.0,342000.0,352000.0,337500.0,346500.0,32909.0
2017-02-13,346500.0,346500.0,346500.0,339500.0,339500.0,18841.0
2017-02-14,345000.0,345000.0,347000.0,338000.0,346500.0,21474.0
2017-02-15,343500.0,343500.0,345000.0,339500.0,345000.0,11944.0
2017-02-16,342000.0,342000.0,344000.0,338000.0,343000.0,14939.0
2017-02-17,347500.0,347500.0,350500.0,340000.0,341000.0,16915.0
2017-02-20,342500.0,342500.0,350000.0,340500.0,350000.0,11004.0
2017-02-21,340000.0,340000.0,343500.0,340000.0,343500.0,12522.0
2017-02-22,339000.0,339000.0,342000.0,338000.0,340000.0,11960.0
2017-02-23,316000.0,316000.0,339500.0,316000.0,339500.0,177474.0
2017-02-24,322500.0,322500.0,322500.0,312000.0,317500.0,73691.0
2017-02-27,318000.0,318000.0,323500.0,317000.0,322500.0,32674.0
2017-02-28,315000.0,315000.0,319000.0,314500.0,319000.0,29590.0
2017-03-02,307000.0,307000.0,316000.0,306000.0,315000.0,54066.0
2017-03-03,305000.0,305000.0,306500.0,298500.0,306000.0,24158.0
2017-03-06,304000.0,304000.0,305000.0,300000.0,305000.0,20487.0
2017-03-07,307000.0,307000.0,311500.0,304000.0,304000.0,19190.0
2017-03-08,303000.0,303000.0,307500.0,301000.0,307500.0,11681.0
2017-03-09,304500.0,304500.0,305000.0,301500.0,304000.0,18672.0
2017-03-10,303000.0,303000.0,304000.0,301000.0,302500.0,16693.0
2017-03-13,303000.0,303000.0,306000.0,303000.0,304000.0,11699.0
2017-03-14,300500.0,300500.0,303500.0,300000.0,303500.0,22596.0
2017-03-15,299000.0,299000.0,301500.0,298000.0,300500.0,17981.0
2017-03-16,297500.0,297500.0,302000.0,296500.0,301500.0,19423.0
2017-03-17,296500.0,296500.0,298000.0,294000.0,298000.0,31250.0
2017-03-20,293500.0,293500.0,297000.0,292500.0,296500.0,21037.0
2017-03-21,290500.0,290500.0,296500.0,289500.0,293500.0,37922.0
2017-03-22,292000.0,292000.0,296500.0,290500.0,290500.0,33629.0
2017-03-23,293000.0,293000.0,294000.0,291000.0,292500.0,19967.0
2017-03-24,302500.0,302500.0,304000.0,293000.0,293000.0,46547.0
2017-03-27,300000.0,300000.0,303500.0,298500.0,303500.0,23810.0
2017-03-28,300000.0,300000.0,301000.0,297500.0,301000.0,16703.0
2017-03-29,296500.0,296500.0,301000.0,295000.0,301000.0,23333.0
2017-03-30,302000.0,302000.0,302500.0,295500.0,297000.0,28744.0
2017-03-31,299000.0,299000.0,303000.0,298500.0,303000.0,19222.0
2017-04-03,310000.0,310000.0,313000.0,301000.0,301000.0,75508.0
2017-04-04,314500.0,314500.0,314500.0,308000.0,310500.0,30887.0
2017-04-05,312000.0,312000.0,314500.0,309500.0,314000.0,21599.0
2017-04-06,318500.0,318500.0,319500.0,313000.0,314000.0,44553.0
2017-04-07,318000.0,318000.0,321500.0,316500.0,319000.0,16906.0
2017-04-10,316000.0,316000.0,320500.0,310500.0,318000.0,24749.0
2017-04-11,317000.0,317000.0,317500.0,312500.0,313000.0,12107.0
2017-04-12,313500.0,313500.0,317500.0,311500.0,316500.0,17480.0
2017-04-13,320000.0,320000.0,320000.0,315000.0,315500.0,25581.0
2017-04-14,317500.0,317500.0,320000.0,317000.0,319500.0,11031.0
2017-04-17,319500.0,319500.0,321000.0,316000.0,316000.0,12155.0
2017-04-18,320500.0,320500.0,321000.0,315500.0,320000.0,22504.0
2017-04-19,327000.0,327000.0,328500.0,321500.0,322000.0,30946.0
2017-04-20,328500.0,328500.0,329000.0,324000.0,327000.0,21123.0
2017-04-21,323000.0,323000.0,330000.0,319500.0,330000.0,24398.0
2017-04-24,323500.0,323500.0,324500.0,318500.0,323500.0,17339.0
2017-04-25,319500.0,319500.0,324500.0,317500.0,323000.0,24069.0
2017-04-26,320500.0,320500.0,321500.0,317000.0,319500.0,17088.0
2017-04-27,315000.0,315000.0,322500.0,314000.0,320500.0,19626.0
2017-04-28,317000.0,317000.0,319000.0,311500.0,311500.0,15893.0
2017-05-02,325000.0,325000.0,327000.0,317000.0,317000.0,32994.0
2017-05-04,320500.0,320500.0,326500.0,320000.0,325000.0,20126.0
2017-05-08,333500.0,333500.0,334000.0,320500.0,320500.0,48888.0
2017-05-10,339000.0,339000.0,347000.0,332000.0,335000.0,43033.0
2017-05-11,338500.0,338500.0,344000.0,333000.0,340000.0,29114.0
2017-05-12,329500.0,329500.0,338500.0,329500.0,338500.0,20471.0
2017-05-15,331500.0,331500.0,334000.0,325500.0,330000.0,14408.0
2017-05-16,340000.0,340000.0,344500.0,333500.0,334500.0,35691.0
2017-05-17,339500.0,339500.0,341500.0,335500.0,339500.0,18210.0
2017-05-18,336000.0,336000.0,339500.0,334000.0,335000.0,10898.0
2017-05-19,335500.0,335500.0,341000.0,334500.0,334500.0,13863.0
2017-05-22,344000.0,344000.0,344500.0,338000.0,338500.0,23581.0
2017-05-23,343000.0,343000.0,346000.0,340500.0,342500.0,19512.0
2017-05-24,339500.0,339500.0,346500.0,339000.0,346000.0,11777.0
2017-05-25,337000.0,337000.0,340500.0,335000.0,339500.0,25769.0
2017-05-26,337500.0,337500.0,340000.0,335000.0,337000.0,15072.0
2017-05-29,340500.0,340500.0,341000.0,336000.0,340000.0,12218.0
2017-05-30,348500.0,348500.0,349500.0,339500.0,341500.0,32991.0
2017-05-31,347000.0,347000.0,351000.0,345000.0,349000.0,14698.0
2017-06-01,354000.0,354000.0,355000.0,345500.0,347000.0,26145.0
2017-06-02,353000.0,353000.0,357000.0,351000.0,357000.0,15195.0
2017-06-05,352500.0,352500.0,356000.0,351500.0,354000.0,10056.0
2017-06-07,349000.0,349000.0,352500.0,346000.0,352500.0,18837.0
2017-06-08,361500.0,361500.0,364500.0,349000.0,351000.0,44791.0
2017-06-09,367000.0,367000.0,369500.0,361500.0,361500.0,26112.0
2017-06-12,360500.0,360500.0,368000.0,358000.0,367000.0,15738.0
2017-06-13,364000.0,364000.0,367000.0,359500.0,359500.0,12367.0
2017-06-14,354000.0,354000.0,362500.0,351500.0,356000.0,29336.0
2017-06-15,356000.0,356000.0,366500.0,353500.0,354000.0,23465.0
2017-06-16,355500.0,355500.0,362500.0,350000.0,359000.0,14742.0
2017-06-19,358000.0,358000.0,362000.0,353500.0,354500.0,17849.0
2017-06-20,349000.0,349000.0,354000.0,346000.0,354000.0,34886.0
2017-06-21,355000.0,355000.0,356500.0,344500.0,348000.0,24428.0
2017-06-22,345500.0,345500.0,352000.0,344500.0,352000.0,16818.0
2017-06-23,350000.0,350000.0,352500.0,347500.0,347500.0,12063.0
2017-06-26,350000.0,350000.0,353500.0,344000.0,353500.0,8920.0
2017-06-27,349500.0,349500.0,351500.0,345500.0,346000.0,11207.0
2017-06-28,345500.0,345500.0,349000.0,345000.0,349000.0,8629.0
2017-06-29,335000.0,335000.0,346000.0,332500.0,345500.0,34810.0
2017-06-30,337500.0,337500.0,342500.0,333500.0,335000.0,21648.0
2017-07-03,335500.0,335500.0,339500.0,334000.0,335500.0,14915.0
2017-07-04,335500.0,335500.0,340000.0,333500.0,333500.0,11678.0
2017-07-05,330000.0,330000.0,335500.0,330000.0,333500.0,16984.0
2017-07-06,331000.0,331000.0,334500.0,330000.0,330500.0,10493.0
2017-07-07,322000.0,322000.0,332500.0,320000.0,330500.0,30420.0
2017-07-10,317500.0,317500.0,323000.0,316000.0,322000.0,24447.0
2017-07-11,317000.0,317000.0,323000.0,315500.0,318000.0,14185.0
2017-07-12,314000.0,314000.0,317500.0,314000.0,315500.0,8978.0
2017-07-13,314500.0,314500.0,317000.0,312500.0,314000.0,17509.0
2017-07-14,318000.0,318000.0,318500.0,313500.0,314500.0,11378.0
2017-07-17,323500.0,323500.0,325000.0,318500.0,320000.0,20050.0
2017-07-18,322000.0,322000.0,324500.0,318000.0,324500.0,11726.0
2017-07-19,325000.0,325000.0,325500.0,322000.0,323500.0,14652.0
2017-07-20,318500.0,318500.0,326000.0,318000.0,326000.0,17145.0
2017-07-21,320000.0,320000.0,320500.0,318000.0,318500.0,9606.0
2017-07-24,324500.0,324500.0,326000.0,320000.0,322000.0,14552.0
2017-07-25,324000.0,324000.0,326500.0,322000.0,326500.0,9447.0
2017-07-26,325500.0,325500.0,327000.0,323000.0,326500.0,11915.0
2017-07-27,325500.0,325500.0,326000.0,322500.0,325500.0,11379.0
2017-07-28,318500.0,318500.0,326500.0,318000.0,324500.0,18513.0
2017-07-31,319500.0,319500.0,323500.0,318000.0,320500.0,14852.0
2017-08-01,325000.0,325000.0,325500.0,318000.0,319500.0,12525.0
2017-08-02,322500.0,322500.0,326500.0,321000.0,326500.0,9409.0
2017-08-03,317500.0,317500.0,323000.0,315000.0,322500.0,11930.0
2017-08-04,315500.0,315500.0,319500.0,315000.0,315500.0,10289.0
2017-08-07,314500.0,314500.0,317000.0,314000.0,315500.0,11373.0
2017-08-08,316000.0,316000.0,318500.0,314000.0,314000.0,10344.0
2017-08-09,315500.0,315500.0,322000.0,314500.0,316000.0,20103.0
2017-08-10,324000.0,324000.0,329000.0,315000.0,315000.0,29029.0
2017-08-11,324000.0,324000.0,325500.0,320000.0,322500.0,10766.0
2017-08-14,319500.0,319500.0,325000.0,317500.0,324000.0,10045.0
2017-08-16,333500.0,333500.0,333500.0,319000.0,319500.0,34203.0
2017-08-17,335500.0,335500.0,338500.0,328500.0,334500.0,21754.0
2017-08-18,339000.0,339000.0,346000.0,331000.0,332500.0,28702.0
2017-08-21,333500.0,333500.0,342000.0,333000.0,339500.0,11628.0
2017-08-22,332000.0,332000.0,339500.0,332000.0,333500.0,8338.0
2017-08-23,327500.0,327500.0,332500.0,326000.0,332000.0,11546.0
2017-08-24,327500.0,327500.0,331000.0,326000.0,327500.0,11491.0
2017-08-25,323000.0,323000.0,329500.0,320000.0,327500.0,22225.0
2017-08-28,331000.0,331000.0,332500.0,321000.0,321000.0,14162.0
2017-08-29,329500.0,329500.0,333500.0,328500.0,333500.0,15432.0
2017-08-30,333500.0,333500.0,334000.0,325500.0,325500.0,14371.0
2017-08-31,332500.0,332500.0,335500.0,331000.0,331000.0,14128.0
2017-09-01,329000.0,329000.0,334000.0,328500.0,331000.0,10878.0
2017-09-04,328500.0,328500.0,330500.0,324000.0,328500.0,8051.0
2017-09-05,327000.0,327000.0,331500.0,325500.0,331500.0,8672.0
2017-09-06,329500.0,329500.0,333500.0,325500.0,329000.0,13179.0
2017-09-07,345000.0,345000.0,346000.0,331500.0,334500.0,29948.0
2017-09-08,339000.0,339000.0,344500.0,335500.0,344000.0,33561.0
2017-09-11,340500.0,340500.0,348000.0,339000.0,340000.0,18853.0
2017-09-12,341000.0,341000.0,344000.0,337000.0,341000.0,10416.0
2017-09-13,338500.0,338500.0,342000.0,334000.0,340000.0,11942.0
2017-09-14,337000.0,337000.0,345000.0,335500.0,335500.0,19615.0
2017-09-15,353500.0,353500.0,353500.0,339000.0,341000.0,46914.0
2017-09-18,350500.0,350500.0,355000.0,349000.0,352500.0,11199.0
2017-09-19,350000.0,350000.0,354500.0,346000.0,346000.0,11143.0
2017-09-20,347000.0,347000.0,352000.0,345000.0,350000.0,6134.0
2017-09-21,341000.0,341000.0,347500.0,340000.0,345500.0,8655.0
2017-09-25,335500.0,335500.0,346000.0,334500.0,339500.0,16479.0
2017-09-26,335500.0,335500.0,335500.0,335500.0,335500.0,0.0
2017-09-27,340000.0,340000.0,347500.0,337000.0,341000.0,9470.0
2017-09-28,342000.0,342000.0,345000.0,331000.0,339000.0,9628.0
2017-09-29,343000.0,343000.0,346500.0,340000.0,344500.0,7746.0
2017-10-10,344500.0,344500.0,352500.0,342000.0,343000.0,15977.0
2017-10-11,336500.0,336500.0,347000.0,336000.0,342500.0,14020.0
2017-10-12,343500.0,343500.0,344000.0,334000.0,336500.0,12646.0
2017-10-13,345500.0,345500.0,349000.0,339000.0,344000.0,16327.0
2017-10-16,343000.0,343000.0,347500.0,340000.0,346000.0,9124.0
2017-10-17,340000.0,340000.0,342500.0,335500.0,342500.0,16680.0
2017-10-18,346500.0,346500.0,347500.0,337000.0,340000.0,14724.0
2017-10-19,347500.0,347500.0,349500.0,343500.0,346500.0,11504.0
2017-10-20,343000.0,343000.0,348000.0,343000.0,345500.0,12042.0
2017-10-23,338000.0,338000.0,346000.0,337500.0,341500.0,12332.0
2017-10-24,339000.0,339000.0,341000.0,336000.0,337500.0,11868.0
2017-10-25,342500.0,342500.0,344000.0,337000.0,338000.0,10311.0
2017-10-26,350500.0,350500.0,352500.0,339000.0,340000.0,22560.0
2017-10-27,348000.0,348000.0,352000.0,344000.0,347500.0,14799.0
2017-10-30,344000.0,344000.0,351500.0,343000.0,351500.0,8518.0
2017-10-31,347500.0,347500.0,350000.0,343000.0,345000.0,8666.0
2017-11-01,339500.0,339500.0,346500.0,338500.0,344000.0,21404.0
2017-11-02,337000.0,337000.0,341000.0,336000.0,339500.0,13573.0
2017-11-03,338500.0,338500.0,341000.0,337000.0,337000.0,9504.0
2017-11-06,337500.0,337500.0,339500.0,335000.0,337500.0,14199.0
2017-11-07,334000.0,334000.0,340500.0,333500.0,337500.0,15786.0
2017-11-08,334000.0,334000.0,334000.0,330000.0,334000.0,16944.0
2017-11-09,347000.0,347000.0,347500.0,333000.0,335500.0,38760.0
2017-11-10,339500.0,339500.0,347500.0,339500.0,347000.0,18106.0
2017-11-13,342500.0,342500.0,347000.0,340000.0,341000.0,16844.0
2017-11-14,339000.0,339000.0,342500.0,334000.0,342000.0,27431.0
2017-11-15,347500.0,347500.0,350000.0,337000.0,340500.0,38545.0
2017-11-16,341000.0,341000.0,348000.0,340500.0,347500.0,12627.0
2017-11-17,342500.0,342500.0,346500.0,340000.0,343500.0,21564.0
2017-11-20,362000.0,362000.0,363000.0,342000.0,342500.0,75814.0
2017-11-21,367500.0,367500.0,371000.0,360000.0,361500.0,34887.0
2017-11-22,363000.0,363000.0,367500.0,358500.0,363000.0,24629.0
2017-11-23,365000.0,365000.0,365500.0,358000.0,360500.0,22364.0
2017-11-24,367000.0,367000.0,372500.0,361500.0,367000.0,25574.0
2017-11-27,376000.0,376000.0,377500.0,359000.0,367000.0,45264.0
2017-11-28,373500.0,373500.0,380000.0,371000.0,377000.0,25345.0
2017-11-29,368500.0,368500.0,375000.0,365000.0,372500.0,30096.0
2017-11-30,365500.0,365500.0,376000.0,362500.0,375000.0,27605.0
2017-12-01,359000.0,359000.0,367500.0,357000.0,365500.0,21211.0
2017-12-04,352500.0,352500.0,364000.0,350000.0,361000.0,34517.0
2017-12-05,354000.0,354000.0,357500.0,352000.0,353000.0,16022.0
2017-12-06,352000.0,352000.0,356000.0,352000.0,354000.0,12771.0
2017-12-07,351500.0,351500.0,353500.0,348000.0,352000.0,10345.0
2017-12-08,347500.0,347500.0,361000.0,345000.0,349000.0,15800.0
2017-12-11,349000.0,349000.0,350500.0,343000.0,347500.0,10318.0
2017-12-12,349000.0,349000.0,351000.0,346500.0,348000.0,7761.0
2017-12-13,357500.0,357500.0,358000.0,349500.0,349500.0,17655.0
2017-12-14,359000.0,359000.0,359000.0,353500.0,357500.0,19967.0
2017-12-15,364000.0,364000.0,367000.0,354500.0,358500.0,27904.0
2017-12-18,366500.0,366500.0,369000.0,360500.0,362000.0,18664.0
2017-12-19,358000.0,358000.0,367000.0,356000.0,367000.0,11207.0
2017-12-21,353500.0,353500.0,358000.0,351500.0,358000.0,10994.0
2017-12-22,356000.0,356000.0,358500.0,351000.0,356500.0,8708.0
2017-12-26,353000.0,353000.0,362000.0,352000.0,356000.0,13547.0
2017-12-27,353500.0,353500.0,354500.0,345000.0,349000.0,5747.0
2017-12-28,354000.0,354000.0,355500.0,350000.0,353000.0,5431.0
2018-01-02,358500.0,358500.0,358500.0,351000.0,353000.0,8146.0
2018-01-03,348500.0,348500.0,355000.0,347000.0,354000.0,19547.0
2018-01-04,338500.0,338500.0,348500.0,337500.0,348500.0,26003.0
2018-01-05,338000.0,338000.0,342500.0,335000.0,342000.0,21983.0
2018-01-08,337500.0,337500.0,337500.0,333500.0,337500.0,21647.0
2018-01-09,336000.0,336000.0,337000.0,333000.0,336500.0,28467.0
2018-01-10,336000.0,336000.0,338000.0,334500.0,336000.0,20341.0
2018-01-11,330500.0,330500.0,338000.0,330000.0,337500.0,30711.0
2018-01-12,322500.0,322500.0,333000.0,320500.0,333000.0,40529.0
2018-01-15,322000.0,322000.0,324000.0,318000.0,322500.0,17022.0
2018-01-16,321000.0,321000.0,322500.0,320000.0,321000.0,23994.0
2018-01-17,317500.0,317500.0,322000.0,316000.0,321000.0,30426.0
2018-01-18,318000.0,318000.0,322000.0,316500.0,317500.0,45017.0
2018-01-19,320500.0,320500.0,321500.0,317000.0,317000.0,21876.0
2018-01-22,327500.0,327500.0,328000.0,319500.0,321500.0,26826.0
2018-01-23,328000.0,328000.0,330000.0,325000.0,328500.0,23998.0
2018-01-24,328500.0,328500.0,329000.0,326000.0,327500.0,14179.0
2018-01-25,324000.0,324000.0,328500.0,323000.0,326500.0,24872.0
2018-01-26,322000.0,322000.0,326500.0,321000.0,324000.0,27454.0
2018-01-29,325500.0,325500.0,326500.0,323000.0,324000.0,19296.0
2018-01-30,326500.0,326500.0,328500.0,325500.0,326500.0,17748.0
2018-01-31,323500.0,323500.0,327000.0,319000.0,327000.0,19513.0
2018-02-01,327000.0,327000.0,327000.0,320000.0,323000.0,30014.0
2018-02-02,317000.0,317000.0,324000.0,315500.0,323500.0,70464.0
2018-02-05,305000.0,305000.0,315000.0,303000.0,315000.0,48709.0
2018-02-06,305000.0,305000.0,310000.0,299000.0,300500.0,35921.0
2018-02-07,304000.0,304000.0,306000.0,303000.0,303500.0,23031.0
2018-02-08,303500.0,303500.0,305000.0,301500.0,304000.0,19857.0
2018-02-09,295500.0,295500.0,301000.0,294000.0,300000.0,26612.0
2018-02-12,297500.0,297500.0,299500.0,294000.0,296500.0,13444.0
2018-02-13,296000.0,296000.0,299500.0,295500.0,295500.0,13514.0
2018-02-14,295000.0,295000.0,297500.0,292000.0,296500.0,18361.0
2018-02-15,295000.0,295000.0,295000.0,295000.0,295000.0,0.0
2018-02-16,295000.0,295000.0,295000.0,295000.0,295000.0,0.0
2018-02-19,299000.0,299000.0,304000.0,296000.0,299000.0,18015.0
2018-02-20,295500.0,295500.0,299500.0,294000.0,299500.0,14168.0
2018-02-21,302500.0,302500.0,302500.0,296000.0,297500.0,20099.0
2018-02-22,304000.0,304000.0,304000.0,299500.0,303000.0,32045.0
2018-02-23,314500.0,314500.0,316000.0,301000.0,304000.0,41167.0
2018-02-26,317500.0,317500.0,318500.0,311000.0,315000.0,25596.0
2018-02-27,315500.0,315500.0,317500.0,310500.0,316500.0,29118.0
2018-02-28,309000.0,309000.0,313500.0,308000.0,312500.0,19316.0
2018-03-02,302500.0,302500.0,307000.0,299000.0,304000.0,22990.0
2018-03-05,301000.0,301000.0,304000.0,300000.0,302500.0,10321.0
2018-03-06,305000.0,305000.0,306000.0,301000.0,301500.0,15937.0
2018-03-07,307000.0,307000.0,309500.0,302000.0,303500.0,21307.0
2018-03-08,309000.0,309000.0,315000.0,307000.0,310000.0,43794.0
2018-03-09,313000.0,313000.0,315000.0,309500.0,312500.0,17204.0
2018-03-12,317500.0,317500.0,317500.0,313000.0,315000.0,18985.0
2018-03-13,317500.0,317500.0,318000.0,314500.0,316000.0,19728.0
2018-03-14,312500.0,312500.0,316500.0,312000.0,316000.0,7544.0
2018-03-15,313500.0,313500.0,315000.0,309500.0,312000.0,12565.0
2018-03-16,311000.0,311000.0,314500.0,309500.0,313000.0,12860.0
2018-03-19,306000.0,306000.0,311000.0,305000.0,310000.0,15571.0
2018-03-20,304500.0,304500.0,307000.0,302500.0,302500.0,7966.0
2018-03-21,305500.0,305500.0,308500.0,303500.0,303500.0,8012.0
2018-03-22,309000.0,309000.0,310000.0,305500.0,308500.0,9765.0
2018-03-23,303000.0,303000.0,307000.0,301500.0,307000.0,13350.0
2018-03-26,299000.0,299000.0,303500.0,298000.0,302500.0,13225.0
2018-03-27,299500.0,299500.0,302500.0,297000.0,300000.0,13603.0
2018-03-28,301000.0,301000.0,301500.0,298000.0,298000.0,13395.0
2018-03-29,300000.0,300000.0,303000.0,299000.0,301000.0,13109.0
2018-03-30,306000.0,306000.0,307000.0,301500.0,302500.0,8687.0
2018-04-02,314500.0,314500.0,315500.0,303000.0,303000.0,31156.0
2018-04-03,317500.0,317500.0,320500.0,310500.0,313500.0,34614.0
2018-04-04,316000.0,316000.0,320500.0,314000.0,317000.0,22782.0
2018-04-05,316000.0,316000.0,319500.0,315500.0,316500.0,16222.0
2018-04-06,313500.0,313500.0,315500.0,311500.0,315500.0,12687.0
2018-04-09,314000.0,314000.0,315000.0,311000.0,313500.0,11817.0
2018-04-10,311500.0,311500.0,314500.0,311000.0,311500.0,14081.0
2018-04-11,309500.0,309500.0,313000.0,308500.0,311500.0,11818.0
2018-04-12,309000.0,309000.0,310500.0,308000.0,309000.0,8810.0
2018-04-13,306000.0,306000.0,310000.0,303000.0,308500.0,19432.0
2018-04-16,307000.0,307000.0,308000.0,303000.0,306500.0,13049.0
2018-04-17,313000.0,313000.0,316000.0,308000.0,308000.0,18274.0
2018-04-18,315500.0,315500.0,316500.0,311000.0,311000.0,25125.0
2018-04-19,312000.0,312000.0,316500.0,311500.0,316500.0,28693.0
2018-04-20,315500.0,315500.0,316500.0,312000.0,312500.0,19897.0
2018-04-23,329000.0,329000.0,329000.0,312500.0,314500.0,70688.0
2018-04-24,326000.0,326000.0,329500.0,323000.0,329000.0,18585.0
2018-04-25,327500.0,327500.0,334500.0,323500.0,325500.0,35356.0
2018-04-26,321500.0,321500.0,329000.0,321500.0,329000.0,21139.0
2018-04-27,323000.0,323000.0,324000.0,319000.0,321500.0,14578.0
2018-04-30,324000.0,324000.0,325000.0,321000.0,323500.0,31786.0
2018-05-02,327000.0,327000.0,331500.0,321500.0,328000.0,36260.0
2018-05-03,328000.0,328000.0,330000.0,324000.0,326500.0,33180.0
2018-05-04,326500.0,326500.0,328500.0,325000.0,327500.0,15303.0
2018-05-08,319500.0,319500.0,326000.0,318000.0,326000.0,14363.0
2018-05-09,316000.0,316000.0,320000.0,313500.0,319000.0,23974.0
2018-05-10,316500.0,316500.0,317500.0,311000.0,315000.0,24948.0
2018-05-11,320000.0,320000.0,321000.0,315500.0,315500.0,16239.0
2018-05-14,321500.0,321500.0,324000.0,317500.0,319500.0,13561.0
2018-05-15,320500.0,320500.0,322500.0,320000.0,320000.0,10625.0
2018-05-16,319000.0,319000.0,322500.0,317500.0,320000.0,10820.0
2018-05-17,320000.0,320000.0,323000.0,317500.0,318000.0,17657.0
2018-05-18,322000.0,322000.0,322500.0,318500.0,320000.0,10314.0
2018-05-21,322000.0,322000.0,323000.0,319500.0,323000.0,11417.0
2018-05-23,316500.0,316500.0,320500.0,315000.0,320000.0,12643.0
2018-05-24,316500.0,316500.0,320000.0,310000.0,315500.0,13268.0
2018-05-25,316500.0,316500.0,319000.0,313500.0,316500.0,10779.0
2018-05-28,324000.0,324000.0,324000.0,316500.0,319000.0,23579.0
2018-05-29,326500.0,326500.0,329000.0,323000.0,326000.0,24131.0
2018-05-30,327000.0,327000.0,327000.0,321500.0,322500.0,18839.0
2018-05-31,326000.0,326000.0,329000.0,324500.0,327000.0,17629.0
2018-06-01,334500.0,334500.0,337000.0,327500.0,327500.0,52578.0
2018-06-04,348500.0,348500.0,349000.0,336500.0,337000.0,66310.0
2018-06-05,346500.0,346500.0,354500.0,346500.0,348500.0,41441.0
2018-06-07,356000.0,356000.0,356000.0,343000.0,345500.0,36128.0
2018-06-08,350500.0,350500.0,356000.0,347500.0,356000.0,23063.0
2018-06-11,353500.0,353500.0,358500.0,348000.0,353500.0,39948.0
2018-06-12,354500.0,354500.0,357000.0,349000.0,351000.0,25870.0
2018-06-14,351000.0,351000.0,357500.0,349000.0,356500.0,28023.0
2018-06-15,348500.0,348500.0,353000.0,346500.0,352000.0,16407.0
2018-06-18,350000.0,350000.0,359500.0,348500.0,350500.0,22799.0
2018-06-19,340500.0,340500.0,350000.0,337000.0,346000.0,20439.0
2018-06-20,345500.0,345500.0,348500.0,335000.0,339000.0,16451.0
2018-06-21,339500.0,339500.0,348000.0,331000.0,341000.0,13096.0
2018-06-22,350500.0,350500.0,353000.0,335500.0,335500.0,36911.0
2018-06-25,344000.0,344000.0,349500.0,338000.0,349500.0,13532.0
2018-06-26,341000.0,341000.0,355000.0,338500.0,344000.0,22405.0
2018-06-27,341500.0,341500.0,344000.0,335000.0,338000.0,12977.0
2018-06-28,334000.0,334000.0,341500.0,330000.0,341500.0,17184.0
2018-06-29,325000.0,325000.0,329000.0,310000.0,328500.0,86373.0
2018-07-02,311500.0,311500.0,320000.0,310000.0,319000.0,30964.0
2018-07-03,304500.0,304500.0,313500.0,300500.0,313000.0,29101.0
2018-07-04,307000.0,307000.0,309500.0,299000.0,304500.0,15825.0
2018-07-05,303500.0,303500.0,309000.0,301000.0,306000.0,6588.0
2018-07-06,306500.0,306500.0,307000.0,301500.0,302000.0,11784.0
2018-07-09,301000.0,301000.0,309000.0,300500.0,305500.0,13022.0
2018-07-10,300500.0,300500.0,303500.0,299000.0,302000.0,17715.0
2018-07-11,294000.0,294000.0,300000.0,292000.0,300000.0,31400.0
2018-07-12,299000.0,299000.0,301500.0,294500.0,297500.0,35864.0
2018-07-13,298500.0,298500.0,301500.0,298000.0,299000.0,10426.0
2018-07-16,299500.0,299500.0,299500.0,295000.0,298000.0,21937.0
2018-07-17,296500.0,296500.0,298500.0,295000.0,298000.0,13847.0
2018-07-18,296000.0,296000.0,298000.0,294000.0,296500.0,10262.0
2018-07-19,291500.0,291500.0,295500.0,291500.0,294500.0,20083.0
2018-07-20,291000.0,291000.0,294000.0,290000.0,290000.0,12351.0
2018-07-23,293500.0,293500.0,296500.0,291000.0,291000.0,11957.0
2018-07-24,292500.0,292500.0,293000.0,289500.0,290500.0,13804.0
2018-07-25,294500.0,294500.0,294500.0,292500.0,294000.0,9681.0
2018-07-26,291000.0,291000.0,295500.0,290000.0,294500.0,16057.0
2018-07-27,293000.0,293000.0,294000.0,291500.0,293000.0,8200.0
2018-07-30,291500.0,291500.0,294500.0,291500.0,294500.0,10096.0
2018-07-31,294000.0,294000.0,295500.0,291500.0,293500.0,15385.0
2018-08-01,296000.0,296000.0,297500.0,293000.0,296000.0,21585.0
2018-08-02,292500.0,292500.0,296500.0,292000.0,295000.0,11187.0
2018-08-03,294500.0,294500.0,295500.0,292500.0,292500.0,15375.0
