,Adj Close,Close,High,Low,Open,Volume
2008-05-20,2188,4616,3118,2308,2713,10238027
2008-05-21,1860,3925,2149,1962,2079,5662569
2008-05-22,1857,3918,2209,1814,1920,6224995
2008-05-23,1700,3587,2043,1762,1984,2782619
2008-05-26,1635,3450,1885,1712,1793,1655780
2008-05-27,1600,3376,1793,1665,1735,1117190
2008-05-28,1623,3425,1857,1691,1691,2548511
2008-05-29,1590,3354,1790,1677,1744,1045397
2008-05-30,1550,3270,1700,1633,1684,839383
2008-06-02,1479,3122,1647,1557,1633,747442
2008-06-03,1444,3048,1636,1520,1561,842788
2008-06-04,1491,3146,1606,1520,1525,846761
2008-06-05,1453,3065,1598,1532,1562,580020
2008-06-09,1359,2868,1506,1434,1462,583709
2008-06-10,1252,2643,1450,1310,1437,591938
2008-06-11,1257,2653,1363,1305,1349,532347
2008-06-12,1202,2537,1351,1266,1310,415719
2008-06-13,1152,2431,1296,1215,1282,427069
2008-06-16,1264,2667,1390,1228,1233,1505100
2008-06-17,1182,2495,1365,1245,1365,589668
2008-06-18,1239,2614,1354,1252,1258,707999
2008-06-19,1297,2738,1467,1305,1317,1678481
2008-06-20,1289,2720,1432,1347,1376,640178
2008-06-23,1212,2558,1374,1238,1367,374005
2008-06-24,1393,2939,1469,1279,1286,1348461
2008-06-25,1458,3076,1615,1473,1540,3306452
2008-06-26,1408,2970,1608,1462,1538,1519856
2008-06-27,1282,2706,1450,1353,1416,822357
2008-06-30,1224,2583,1363,1291,1339,381950
2008-07-01,1254,2646,1374,1254,1268,938134
2008-07-02,1109,2339,1363,1131,1349,902663
2008-07-03,1028,2170,1147,1074,1145,512767
2008-07-04,1012,2135,1134,1062,1080,310157
2008-07-07,1028,2170,1106,1036,1053,311576
2008-07-08,935,1973,1110,955,1108,543981
2008-07-09,968,2043,1074,993,1018,360668
2008-07-10,980,2068,1050,969,981,278092
2008-07-11,1002,2114,1071,1011,1023,196367
2008-07-14,1102,2325,1215,1036,1036,2172520
2008-07-15,1038,2191,1191,1066,1168,816114
2008-07-16,1119,2361,1251,1127,1150,1723033
2008-07-17,1085,2290,1229,1145,1229,652380
2008-07-18,1119,2361,1261,1145,1178,1275816
2008-07-21,1137,2399,1236,1166,1166,484674
2008-07-22,1129,2382,1303,1185,1199,1091651
2008-07-23,1057,2230,1212,1099,1191,829735
2008-07-24,1045,2206,1131,1095,1118,481269
2008-07-25,1028,2170,1120,1085,1087,155788
2008-07-28,1075,2269,1150,1103,1103,556183
2008-07-29,1033,2181,1148,1088,1148,302212
2008-07-30,1002,2114,1127,1039,1110,508794
2008-07-31,970,2047,1060,1023,1060,233540
2008-08-01,995,2100,1067,1011,1013,123439
2008-08-04,988,2086,1066,1025,1046,151815
2008-08-05,993,2096,1071,1021,1030,156923
2008-08-06,1000,2110,1085,1050,1066,174233
2008-08-07,960,2026,1083,1004,1076,241486
2008-08-08,988,2086,1069,1006,1013,262484
2008-08-11,1002,2114,1078,1050,1067,61577
2008-08-12,1005,2121,1071,1050,1071,254255
2008-08-13,988,2086,1076,1043,1057,120317
2008-08-14,1018,2149,1198,1057,1198,1069518
2008-08-18,975,2058,1067,1013,1051,325197
2008-08-19,958,2022,1043,990,990,196934
2008-08-20,962,2029,1039,995,997,110385
2008-08-21,883,1864,1029,919,992,189273
2008-08-22,806,1702,946,831,921,264755
2008-08-25,801,1691,886,845,851,265322
2008-08-26,769,1624,845,803,817,94494
2008-08-27,775,1635,842,794,812,169693
2008-08-28,835,1762,930,819,819,706296
2008-08-29,831,1754,903,845,886,119182
2008-09-01,768,1621,877,747,854,519861
2008-09-02,741,1564,814,722,794,316116
2008-09-03,748,1578,803,732,757,179057
2008-09-04,741,1564,803,761,771,235243
2008-09-05,795,1677,845,757,759,289442
2008-09-08,831,1754,877,821,859,652096
2008-09-09,768,1621,919,810,898,760495
2008-09-10,753,1589,824,777,789,171679
2008-09-11,775,1635,838,794,799,106980
2008-09-12,771,1628,844,799,817,156639
2008-09-16,676,1427,759,713,725,282064
2008-09-17,708,1494,771,732,732,233824
2008-09-18,694,1465,740,704,718,163734
2008-09-19,718,1515,780,748,757,186435
2008-09-22,709,1497,799,748,775,89103
2008-09-23,708,1494,778,729,740,226730
2008-09-24,728,1536,775,729,755,217082
2008-09-25,748,1578,799,759,764,275254
2008-09-26,763,1610,852,789,791,340237
2008-09-29,751,1585,838,782,838,197502
2008-09-30,734,1550,785,706,708,154653
2008-10-01,724,1529,814,764,799,94211
2008-10-02,703,1483,796,741,782,144721
2008-10-06,668,1409,764,701,729,274970
2008-10-07,663,1399,732,641,671,120601
2008-10-08,571,1205,703,597,669,181043
2008-10-09,567,1198,634,584,599,175936
2008-10-10,514,1085,563,509,556,395287
2008-10-13,562,1187,613,563,563,258795
2008-10-14,597,1261,650,616,616,341939
2008-10-15,589,1243,634,611,625,85130
2008-10-16,531,1120,613,533,613,224460
2008-10-17,557,1177,613,563,567,226446
2008-10-20,567,1198,609,579,588,116344
2008-10-21,557,1177,609,581,599,73496
2008-10-22,524,1106,606,547,565,190691
2008-10-23,455,962,542,481,510,150680
2008-10-24,389,821,482,410,468,366059
2008-10-27,374,789,412,380,387,210271
2008-10-28,412,870,451,357,366,269295
2008-10-29,434,916,472,392,440,258512
2008-10-30,455,962,505,447,447,174517
2008-10-31,474,1000,502,461,482,83427
2008-11-03,472,997,512,481,503,87400
2008-11-04,467,986,507,484,495,68672
2008-11-05,476,1004,556,502,505,287456
2008-11-06,440,930,528,465,482,163734
2008-11-07,489,1032,516,426,449,97332
2008-11-10,504,1064,577,491,505,272416
2008-11-11,516,1088,546,496,525,99035
2008-11-12,487,1029,539,507,539,74631
2008-11-13,439,926,510,458,510,122020
2008-11-14,457,965,493,472,489,19864
2008-11-17,464,979,528,461,461,64131
2008-11-18,442,933,495,461,489,72077
2008-11-19,417,881,473,431,473,93927
2008-11-20,400,845,482,405,438,47105
2008-11-21,420,888,458,368,458,78887
2008-11-24,410,866,489,415,422,53632
2008-11-25,407,859,454,429,451,43133
2008-11-26,415,877,456,414,414,22701
2008-11-27,437,923,465,429,440,35187
2008-11-28,444,937,486,451,468,56753
2008-12-01,432,912,468,452,452,57321
2008-12-02,407,859,444,415,415,80306
2008-12-03,410,866,456,426,435,30363
2008-12-04,410,866,452,417,428,17310
2008-12-05,410,866,444,412,419,40295
2008-12-08,434,916,470,429,429,26107
2008-12-09,477,1007,507,454,468,114642
2008-12-10,509,1074,577,503,503,278092
2008-12-11,471,993,537,496,537,81725
2008-12-12,472,997,526,475,482,56186
2008-12-15,479,1011,532,479,498,117196
2008-12-16,486,1025,530,491,516,59024
2008-12-17,501,1057,542,498,528,181611
2008-12-18,514,1085,551,516,539,103007
2008-12-19,501,1057,555,512,555,144139
2008-12-22,497,1050,539,514,514,47171
2008-12-23,477,1007,528,498,525,90164
2008-12-24,469,990,518,495,518,15837
2008-12-26,464,979,509,472,509,45811
2008-12-29,457,965,503,481,493,8896
2008-12-30,474,1000,507,466,475,29798
2009-01-02,501,1057,546,482,486,89117
2009-01-05,497,1050,546,502,514,37015
2009-01-06,497,1050,535,514,514,124659
2009-01-07,521,1099,555,528,533,91818
2009-01-08,527,1113,560,518,532,47298
2009-01-09,539,1138,606,549,562,156055
2009-01-12,514,1085,577,542,562,68291
2009-01-13,511,1078,563,519,532,31126
2009-01-14,536,1131,574,539,539,77585
2009-01-15,501,1057,560,518,539,136137
2009-01-16,531,1120,560,528,553,53198
2009-01-19,597,1261,643,539,556,1115471
2009-01-20,582,1229,651,609,651,202388
2009-01-21,584,1233,706,523,636,1106175
2009-01-22,671,1416,708,609,613,433653
2009-01-23,756,1596,814,732,732,754613
2009-01-28,714,1508,916,754,803,265592
2009-01-29,771,1628,845,697,761,387654
2009-01-30,771,1628,866,762,796,192533
2009-02-02,734,1550,831,754,812,236713
2009-02-03,714,1508,782,729,782,269468
2009-02-04,821,1733,866,754,754,2658808
2009-02-05,699,1476,909,738,881,1711796
2009-02-06,694,1465,762,690,722,1004612
2009-02-09,674,1423,759,704,738,262990
2009-02-10,656,1384,727,671,713,282626
2009-02-11,626,1321,688,634,688,488664
2009-02-12,597,1261,680,621,667,250053
2009-02-13,686,1448,724,630,641,1097409
2009-02-16,668,1409,757,690,729,426896
2009-02-17,614,1296,722,606,703,257084
2009-02-18,644,1360,703,621,621,314059
2009-02-19,648,1367,715,671,690,187110
2009-02-20,618,1303,694,620,651,117536
2009-02-23,651,1374,703,634,651,188960
2009-02-24,639,1349,683,655,669,102925
2009-02-25,618,1303,699,651,673,66472
2009-02-26,709,1497,748,637,671,1051419
2009-02-27,699,1476,858,653,858,887904
2009-03-02,653,1377,736,681,736,108197
2009-03-03,648,1367,750,651,651,56350
2009-03-04,691,1458,729,685,685,68816
2009-03-05,704,1487,771,725,732,148873
2009-03-06,728,1536,799,704,725,158183
2009-03-09,728,1536,798,764,768,100576
2009-03-10,728,1536,794,740,768,267476
2009-03-11,778,1642,859,727,785,457790
2009-03-12,709,1497,805,748,805,405145
2009-03-13,734,1550,782,752,752,76926
2009-03-16,716,1511,796,740,796,368344
2009-03-17,663,1399,769,699,761,133549
2009-03-18,761,1606,803,727,727,654347
2009-03-19,875,1846,923,829,842,835084
2009-03-20,876,1850,965,898,947,571756
2009-03-23,891,1881,999,923,949,102494
2009-03-24,1157,2442,1221,1060,1124,1373489
2009-03-25,985,2079,1148,1039,1134,7517000
2009-03-26,948,2001,1000,935,974,2499272
2009-03-27,863,1821,1029,891,1004,1593984
2009-03-30,835,1762,930,866,916,652480
2009-03-31,868,1832,942,882,882,592684
2009-04-01,885,1867,933,898,925,440409
2009-04-02,873,1843,960,919,951,458760
2009-04-03,845,1783,942,866,932,515866
2009-04-06,855,1804,909,875,882,304820
2009-04-07,898,1895,958,888,912,405143
2009-04-08,911,1924,993,923,933,712871
2009-04-09,918,1938,1007,969,979,489731
2009-04-10,913,1927,995,953,990,467917
2009-04-13,1050,2216,1108,983,1004,1113774
2009-04-14,1002,2114,1118,979,1085,728941
2009-04-15,913,1927,1099,898,1064,605352
2009-04-16,868,1832,1004,916,1000,312209
2009-04-17,841,1776,956,870,947,237439
2009-04-20,861,1818,925,866,902,203762
2009-04-21,878,1853,951,879,898,186917
2009-04-22,921,1945,1002,926,937,240334
2009-04-23,925,1952,993,958,979,156463
2009-04-24,916,1934,990,955,976,140314
2009-04-27,1053,2223,1111,1111,1111,58902
2009-04-28,1210,2554,1277,1252,1277,1237516
2009-04-29,1052,2220,1229,1087,1229,1280220
2009-04-30,1015,2142,1152,1036,1145,479237
2009-05-04,985,2079,1074,1007,1071,417719
2009-05-06,945,1994,1057,986,1057,462900
2009-05-07,968,2043,1050,997,1007,341462
2009-05-08,955,2015,1027,986,1014,204250
2009-05-11,985,2079,1057,1014,1021,297164
2009-05-12,970,2047,1053,1009,1039,166568
2009-05-13,982,2072,1051,995,1051,232584
2009-05-14,937,1976,1032,983,1032,227539
2009-05-15,977,2061,1051,972,1004,319817
2009-05-18,1045,2206,1162,1060,1108,821173
2009-05-19,1027,2167,1103,1057,1103,404785
2009-05-20,1008,2128,1088,1050,1083,220756
2009-05-21,982,2072,1085,995,1050,257686
2009-05-22,962,2029,1037,995,1021,132763
2009-05-25,1048,2213,1147,988,1127,1232122
2009-05-26,1115,2354,1268,1092,1124,1730817
2009-05-27,1209,2551,1353,1215,1215,1837848
2009-05-28,1028,2170,1303,1085,1303,1434930
2009-05-29,1015,2142,1117,1023,1071,349527
2009-06-01,1002,2114,1090,1025,1071,234437
2009-06-02,1015,2142,1097,1064,1064,133575
2009-06-03,1090,2301,1155,1071,1099,305895
2009-06-04,1037,2188,1233,1074,1148,259201
2009-06-05,1035,2184,1120,1081,1103,90825
2009-06-08,1022,2156,1111,1076,1092,140053
2009-06-09,942,1987,1099,993,1099,231798
2009-06-10,932,1966,1036,951,1004,167513
2009-06-11,933,1969,999,958,970,129298
2009-06-12,938,1980,1021,963,1021,160022
2009-06-15,938,1980,1009,969,986,49452
2009-06-16,940,1984,1011,970,979,38357
2009-06-17,935,1973,1014,979,992,87573
2009-06-18,918,1938,1007,969,1004,87673
2009-06-19,918,1938,990,944,969,81631
2009-06-22,895,1888,984,939,984,115170
2009-06-23,885,1867,937,900,930,117599
2009-06-24,876,1850,940,881,918,68856
2009-06-25,895,1888,949,923,949,65448
2009-06-26,893,1885,976,926,976,53385
2009-06-29,868,1832,942,916,942,69256
2009-06-30,853,1800,921,881,921,80590
2009-07-01,871,1839,926,902,903,33484
2009-07-02,885,1867,935,918,933,13541
2009-07-03,890,1878,965,916,951,31407
2009-07-06,903,1906,963,940,951,44106
2009-07-07,913,1927,972,947,972,44685
2009-07-08,901,1902,970,947,962,43751
2009-07-09,898,1895,977,944,958,25329
2009-07-10,886,1871,951,926,944,44191
2009-07-13,870,1836,960,916,926,53445
2009-07-14,861,1818,944,909,919,28686
2009-07-15,895,1888,944,905,944,14498
2009-07-16,898,1895,958,919,951,34217
2009-07-17,888,1874,951,919,951,16041
2009-07-20,923,1948,986,919,946,98155
2009-07-21,933,1969,1013,960,1013,50607
2009-07-22,935,1973,995,951,990,73640
2009-07-23,952,2008,1004,962,1004,77860
2009-07-24,940,1984,1025,992,1014,40786
2009-07-27,950,2005,1004,983,1004,14730
2009-07-28,923,1948,1016,969,986,19455
2009-07-29,915,1931,990,949,990,19384
2009-07-30,908,1917,979,953,979,8144
2009-07-31,915,1931,969,935,969,33797
2009-08-03,895,1888,976,916,940,71884
2009-08-04,911,1924,965,939,951,42247
2009-08-05,920,1941,988,944,944,97939
2009-08-06,913,1927,992,958,992,95173
2009-08-07,937,1976,990,965,986,46223
2009-08-10,903,1906,1004,840,988,111546
2009-08-11,927,1955,990,958,958,82565
2009-08-12,927,1955,997,962,962,39498
2009-08-13,935,1973,999,974,999,33133
2009-08-14,945,1994,1020,981,990,56929
2009-08-17,967,2040,1092,1006,1074,321409
2009-08-18,921,1945,1007,958,988,135402
2009-08-19,915,1931,986,963,986,138680
2009-08-20,916,1934,1000,958,979,121773
2009-08-21,1010,2132,1111,969,969,608317
2009-08-24,1017,2146,1138,1046,1094,499217
2009-08-25,1002,2114,1081,1011,1081,221670
2009-08-26,972,2050,1064,1021,1064,72074
2009-08-27,1018,2149,1088,1025,1025,273251
2009-08-28,1170,2470,1235,1081,1081,847856
2009-08-31,1346,2840,1420,1236,1339,2382195
2009-09-01,1352,2854,1631,1349,1515,3936832
2009-09-02,1401,2956,1610,1427,1427,1693490
2009-09-03,1217,2569,1561,1258,1513,1147426
2009-09-04,1164,2456,1300,1171,1266,970628
2009-09-07,1164,2456,1236,1171,1236,814984
2009-09-08,1165,2459,1259,1199,1240,820555
2009-09-09,1112,2347,1217,1161,1215,396019
2009-09-10,1142,2410,1205,1152,1164,499660
2009-09-11,1182,2495,1265,1178,1208,930239
2009-09-14,1134,2392,1277,1196,1277,402379
2009-09-15,1045,2206,1208,1088,1196,512035
2009-09-16,1048,2213,1145,1092,1104,175794
2009-09-17,1205,2544,1272,1076,1106,2123127
2009-09-18,1092,2304,1270,1143,1270,721290
2009-09-21,1048,2213,1152,1092,1152,306085
2009-09-22,1053,2223,1131,1092,1122,219184
2009-09-23,1042,2198,1131,1092,1124,225376
2009-09-24,1005,2121,1094,1057,1094,359445
2009-09-25,1027,2167,1092,1039,1060,210090
2009-09-28,1015,2142,1092,1071,1074,163830
2009-09-29,1018,2149,1094,1057,1094,257047
2009-09-30,1012,2135,1080,1057,1080,96560
2009-10-01,1012,2135,1081,1034,1053,63794
2009-10-05,1008,2128,1073,1043,1064,140916
2009-10-06,1003,2117,1069,1021,1069,88391
2009-10-07,1042,2198,1110,1076,1110,274630
2009-10-08,1048,2213,1115,1074,1115,368469
2009-10-09,1047,2209,1113,1094,1113,109798
2009-10-12,1077,2273,1180,1104,1104,380974
2009-10-13,1065,2248,1154,1110,1154,167596
2009-10-14,1165,2459,1280,1145,1152,1323387
2009-10-15,1165,2459,1273,1208,1256,380636
2009-10-16,1144,2413,1235,1173,1222,165516
2009-10-19,1199,2530,1286,1199,1233,348894
2009-10-20,1194,2519,1303,1242,1293,342510
2009-10-21,1202,2537,1303,1154,1251,551708
2009-10-22,1150,2428,1310,1199,1252,190064
2009-10-23,1114,2350,1233,1169,1215,139872
2009-10-26,1281,2702,1351,1162,1184,1358563
2009-10-27,1157,2442,1374,1221,1374,770512
2009-10-28,1107,2336,1256,1162,1221,461118
2009-10-29,1070,2258,1178,1110,1145,203262
2009-10-30,1040,2195,1159,1092,1141,163682
2009-11-02,1102,2325,1162,1057,1097,191622
2009-11-03,1052,2220,1198,1097,1136,123569
2009-11-04,1060,2237,1125,1092,1099,78481
2009-11-05,1073,2265,1138,1094,1094,55119
2009-11-06,1092,2304,1162,1110,1162,63005
2009-11-09,1078,2276,1180,1127,1180,69812
2009-11-10,1068,2255,1154,1113,1138,73757
2009-11-11,1068,2255,1134,1106,1127,93243
2009-11-12,1035,2184,1143,1092,1127,110984
2009-11-13,1045,2206,1115,1085,1092,44645
2009-11-16,978,2065,1099,1029,1053,125731
2009-11-17,995,2100,1078,1032,1034,109875
2009-11-18,970,2047,1057,1021,1044,114931
2009-11-19,975,2058,1039,1021,1037,30721
2009-11-20,975,2058,1036,986,1021,90893
2009-11-23,968,2043,1055,1018,1029,33198
2009-11-24,958,2022,1044,1002,1021,67630
2009-11-25,977,2061,1039,1000,1000,39449
2009-11-26,963,2033,1057,1006,1057,30902
2009-11-27,916,1934,1004,967,993,198228
2009-11-30,1053,2223,1111,962,962,682153
2009-12-01,962,2029,1067,983,1064,612763
2009-12-02,952,2008,1029,999,1025,132996
2009-12-03,968,2043,1021,993,1006,93166
2009-12-04,957,2019,1036,1006,1025,61027
2009-12-07,950,2005,1020,993,1020,62332
2009-12-08,972,2050,1027,997,1020,83703
2009-12-09,963,2033,1025,1002,1025,62363
2009-12-10,1107,2336,1168,1004,1029,1175102
2009-12-11,1272,2685,1342,1203,1206,2270042
2009-12-14,1082,2283,1288,1141,1249,3639924
2009-12-15,1109,2339,1275,1162,1222,1634537
2009-12-16,1109,2339,1182,1108,1169,472520
2009-12-17,1119,2361,1217,1173,1173,344788
2009-12-18,1082,2283,1191,1127,1180,207150
2009-12-21,1092,2304,1180,1120,1180,251412
2009-12-22,1052,2220,1177,1110,1140,179406
2009-12-23,1047,2209,1127,1067,1110,136534
2009-12-24,1048,2213,1125,1076,1092,123115
2009-12-28,1008,2128,1136,1060,1088,198853
2009-12-29,1017,2146,1087,1046,1057,74895
2009-12-30,1008,2128,1092,1060,1092,41535
2010-01-04,1002,2114,1088,1046,1046,118680
2010-01-05,1013,2139,1090,1055,1058,153992
2010-01-06,1038,2191,1111,1053,1074,178376
2010-01-07,1087,2294,1198,1095,1127,238923
2010-01-08,1078,2276,1203,1134,1147,293841
2010-01-11,1052,2220,1159,1088,1159,211789
2010-01-12,1017,2146,1132,944,1081,142235
2010-01-13,1010,2132,1088,1066,1066,48692
2010-01-14,1030,2174,1110,1051,1110,84580
2010-01-15,1068,2255,1127,1076,1076,149531
2010-01-18,1027,2167,1127,1081,1127,137854
2010-01-19,1097,2315,1177,1078,1103,247155
2010-01-20,1047,2209,1143,1103,1143,203909
2010-01-21,1073,2265,1138,1088,1103,106194
2010-01-22,1090,2301,1154,1104,1127,129142
2010-01-25,1048,2213,1154,1094,1127,129917
2010-01-26,1072,2262,1154,1092,1129,186639
2010-01-27,1169,2466,1300,1111,1141,699466
2010-01-28,1152,2431,1259,1184,1205,305013
2010-01-29,1269,2678,1395,1162,1162,2223725
2010-02-01,1209,2551,1339,1252,1339,681157
2010-02-02,1105,2332,1370,1166,1289,645400
2010-02-03,1170,2470,1243,1177,1185,452821
2010-02-04,1149,2424,1258,1206,1236,176407
2010-02-05,1075,2269,1173,1113,1117,174168
2010-02-08,1030,2174,1145,1085,1117,201574
2010-02-09,1022,2156,1099,1051,1064,217805
2010-02-10,1035,2184,1118,1074,1081,122227
2010-02-11,1055,2227,1120,1095,1103,137698
2010-02-12,1052,2220,1127,1092,1127,113717
2010-02-16,1053,2223,1143,1092,1110,82798
2010-02-17,1055,2227,1138,1106,1111,114960
2010-02-18,1075,2269,1141,1103,1125,128345
2010-02-19,1047,2209,1169,1094,1127,195081
2010-02-22,1043,2202,1124,1092,1095,108058
2010-02-23,1050,2216,1134,1094,1110,81330
2010-02-24,1052,2220,1161,1108,1134,127959
2010-02-25,1052,2220,1129,1108,1127,75076
2010-02-26,1045,2206,1118,1099,1118,48553
2010-03-02,1052,2220,1117,1095,1117,50204
2010-03-03,1050,2216,1122,1099,1099,60431
2010-03-04,1048,2213,1120,1099,1120,129415
2010-03-05,1065,2248,1131,1110,1120,124869
2010-03-08,1057,2230,1141,1111,1122,96302
2010-03-09,1089,2297,1150,1103,1122,220470
2010-03-10,1082,2283,1161,1125,1161,109526
2010-03-11,1065,2248,1162,1124,1159,93172
2010-03-12,1065,2248,1143,1120,1143,45110
2010-03-15,1072,2262,1194,1110,1110,285186
2010-03-16,1109,2339,1175,1122,1131,187842
2010-03-17,1135,2396,1233,1155,1175,193325
2010-03-18,1104,2329,1224,1164,1203,96538
2010-03-19,1102,2325,1178,1138,1166,67029
2010-03-22,1102,2325,1191,1148,1168,27429
2010-03-23,1102,2325,1178,1152,1154,99435
2010-03-24,1129,2382,1212,1152,1175,164480
2010-03-25,1169,2466,1266,1173,1194,217002
2010-03-26,1202,2537,1303,1226,1266,280231
2010-03-29,1149,2424,1251,1201,1251,169622
2010-03-30,1130,2385,1228,1182,1208,75388
2010-03-31,1112,2347,1205,1169,1192,101821
2010-04-01,1145,2417,1229,1175,1187,104554
2010-04-02,1162,2452,1243,1208,1208,57190
2010-04-05,1135,2396,1247,1177,1226,64920
2010-04-06,1115,2354,1198,1169,1191,73365
2010-04-07,1175,2480,1247,1171,1180,158328
2010-04-08,1152,2431,1268,1208,1233,101271
2010-04-09,1172,2473,1258,1208,1215,199037
2010-04-12,1190,2512,1421,1256,1319,2407101
2010-04-13,1124,2371,1265,1180,1247,412566
2010-04-14,1112,2347,1203,1164,1198,138714
2010-04-15,1115,2354,1191,1159,1173,105363
2010-04-16,1110,2343,1185,1162,1168,103030
2010-04-19,1102,2325,1177,1157,1173,88961
2010-04-20,1147,2421,1265,1162,1173,228458
2010-04-21,1149,2424,1242,1194,1228,114974
2010-04-22,1212,2558,1332,1236,1236,324584
2010-04-23,1205,2544,1388,1243,1337,796608
2010-04-26,1205,2544,1462,1272,1462,4373149
2010-04-27,1125,2375,1266,1185,1252,564245
2010-04-28,1174,2477,1247,1201,1205,301281
2010-04-29,1152,2431,1263,1198,1263,135269
2010-04-30,1150,2428,1265,1201,1214,217581
2010-05-03,1192,2516,1300,1236,1263,480795
2010-05-04,1145,2417,1265,1206,1235,166131
2010-05-06,1117,2357,1205,1168,1173,234020
2010-05-07,1112,2347,1187,1143,1162,216429
2010-05-10,1119,2361,1205,1168,1205,91007
2010-05-11,1110,2343,1208,1166,1208,127304
2010-05-12,1095,2311,1198,1155,1198,133178
2010-05-13,1119,2361,1196,1147,1147,74392
2010-05-14,1115,2354,1214,1148,1180,324601
2010-05-17,1085,2290,1187,1141,1187,39807
2010-05-18,1095,2311,1182,1127,1178,46365
2010-05-19,1073,2265,1169,986,1169,132332
2010-05-20,1035,2184,1140,1074,1104,69449
2010-05-24,1027,2167,1152,1043,1043,50851
2010-05-25,1023,2160,1117,1002,1117,56969
2010-05-26,977,2061,1078,1030,1078,266171
2010-05-27,1005,2121,1074,1032,1032,71685
2010-05-28,1018,2149,1092,1053,1092,74449
2010-05-31,1032,2177,1090,1058,1074,11439
2010-06-01,1028,2170,1097,1067,1071,51614
2010-06-03,1032,2177,1110,1074,1110,38555
2010-06-04,1035,2184,1106,1076,1106,50187
2010-06-07,1012,2135,1081,1057,1057,23167
2010-06-08,1018,2149,1078,1057,1057,17023
2010-06-09,1005,2121,1097,1060,1090,19325
2010-06-10,1022,2156,1087,1060,1087,20221
2010-06-11,1012,2135,1110,1062,1110,40133
2010-06-14,1028,2170,1110,1066,1074,17287
2010-06-15,1023,2160,1097,1058,1097,28933
2010-06-16,1020,2153,1090,1067,1090,31223
2010-06-17,1017,2146,1085,1064,1085,12849
2010-06-18,1023,2160,1083,1062,1071,14659
2010-06-21,1013,2139,1088,1009,1088,69798
2010-06-22,1023,2160,1085,1057,1085,20119
2010-06-23,1030,2174,1088,1066,1088,8062
2010-06-24,1043,2202,1108,1083,1085,36024
2010-06-25,1057,2230,1122,1092,1106,23334
2010-06-28,1052,2220,1127,1087,1127,4563
2010-06-29,1035,2184,1120,1057,1120,27608
2010-06-30,1020,2153,1092,1039,1092,79398
2010-07-01,1015,2142,1085,1058,1058,16047
2010-07-02,1018,2149,1081,1057,1081,2477
2010-07-05,1020,2153,1092,1057,1092,30346
2010-07-06,1013,2139,1088,1046,1085,10060
2010-07-07,1000,2110,1081,1050,1074,6339
2010-07-08,1000,2110,1066,1046,1046,10891
2010-07-09,1008,2128,1071,1050,1071,12619
2010-07-12,1015,2142,1092,1051,1074,16768
2010-07-13,1008,2128,1078,1050,1071,10812
2010-07-14,1012,2135,1081,1053,1074,28638
2010-07-15,1032,2177,1162,1074,1074,52182
2010-07-16,1035,2184,1131,1066,1094,5502
2010-07-19,1045,2206,1120,1074,1092,8726
2010-07-20,1027,2167,1108,1073,1108,8757
2010-07-21,1030,2174,1094,1064,1092,10451
2010-07-22,1015,2142,1101,1057,1085,20911
2010-07-23,1043,2202,1115,1051,1092,80476
2010-07-26,1035,2184,1122,1071,1122,39949
2010-07-27,1035,2184,1099,1074,1092,1893
2010-07-28,1035,2184,1117,1085,1099,4974
2010-07-29,1045,2206,1147,1092,1108,57843
2010-07-30,1027,2167,1115,1064,1092,37043
2010-08-02,1022,2156,1081,1067,1080,23249
2010-08-03,1027,2167,1085,1060,1085,24279
2010-08-04,1038,2191,1108,1064,1085,23292
2010-08-05,1042,2198,1117,1080,1117,21050
2010-08-06,1038,2191,1113,1081,1113,33740
2010-08-09,1045,2206,1110,1080,1110,27086
2010-08-10,1045,2206,1113,1088,1108,18924
2010-08-11,1047,2209,1110,1087,1110,12315
2010-08-12,1052,2220,1122,1071,1071,26941
2010-08-13,1055,2227,1120,1088,1120,20454
2010-08-16,1052,2220,1113,1092,1113,21546
2010-08-17,1047,2209,1118,1081,1092,18697
2010-08-18,1038,2191,1111,1092,1095,15108
2010-08-19,1052,2220,1110,1092,1092,15156
2010-08-20,1045,2206,1113,1088,1113,16558
2010-08-23,1025,2163,1110,1081,1108,23099
2010-08-24,1027,2167,1110,1083,1083,21129
2010-08-25,1013,2139,1099,1060,1099,16904
2010-08-26,1018,2149,1083,1046,1083,45377
2010-08-27,1045,2206,1127,1076,1092,421397
2010-08-30,1018,2149,1138,1064,1138,239113
2010-08-31,1033,2181,1106,1071,1092,16243
2010-09-01,1035,2184,1106,1058,1106,31685
2010-09-02,1038,2191,1103,1078,1103,5045
2010-09-03,1023,2160,1095,1078,1081,34881
2010-09-06,1037,2188,1108,1076,1080,29007
2010-09-07,1035,2184,1106,1078,1078,16510
2010-09-08,1038,2191,1099,1067,1067,19012
2010-09-09,1032,2177,1106,1081,1083,12616
2010-09-10,1033,2181,1106,1081,1085,3902
2010-09-13,1030,2174,1097,1081,1097,8533
2010-09-14,1027,2167,1095,1069,1076,9662
2010-09-15,1018,2149,1095,1064,1083,18459
2010-09-16,1010,2132,1087,1064,1064,25031
2010-09-17,1032,2177,1092,1064,1085,25939
2010-09-20,1032,2177,1095,1069,1071,3720
2010-09-24,1023,2160,1094,1060,1069,12029
2010-09-27,1017,2146,1094,1057,1067,24861
2010-09-28,1002,2114,1087,1057,1087,4705
2010-09-29,1023,2160,1099,1055,1057,20919
2010-09-30,1018,2149,1088,1057,1069,20360
2010-10-01,1027,2167,1085,1073,1085,4152
2010-10-04,1027,2167,1106,1074,1090,15051
2010-10-05,1027,2167,1092,1057,1092,12083
2010-10-06,1028,2170,1088,1039,1088,47849
2010-10-07,1028,2170,1088,1066,1066,19001
2010-10-08,1027,2167,1088,1051,1088,43978
2010-10-11,1035,2184,1110,1067,1071,118291
2010-10-12,1042,2198,1103,1088,1095,34980
2010-10-13,1048,2213,1110,1074,1074,25644
2010-10-14,1048,2213,1113,1095,1113,3632
2010-10-15,1058,2234,1117,1094,1113,13405
2010-10-18,1058,2234,1145,1115,1118,304158
2010-10-19,1040,2195,1125,1081,1125,81841
2010-10-20,1027,2167,1103,1064,1103,18933
2010-10-21,1043,2202,1110,1078,1078,9211
2010-10-22,1038,2191,1108,1080,1106,26297
2010-10-25,1043,2202,1103,1081,1081,20567
2010-10-26,1038,2191,1103,1060,1092,28283
2010-10-27,1025,2163,1099,1076,1099,27347
2010-10-28,1023,2160,1099,1071,1081,18570
2010-10-29,1020,2153,1090,1067,1090,25814
2010-11-01,1020,2153,1095,1069,1074,46526
2010-11-02,1028,2170,1092,1071,1081,10641
2010-11-03,1022,2156,1092,1064,1080,43382
2010-11-04,1018,2149,1085,1066,1078,69719
2010-11-05,1015,2142,1083,1064,1067,21407
2010-11-08,1017,2146,1078,1057,1071,18930
2010-11-09,1027,2167,1087,1060,1076,16260
2010-11-10,1022,2156,1092,1076,1085,44588
2010-11-11,1015,2142,1095,1071,1095,27250
2010-11-12,1030,2174,1092,1067,1092,37755
2010-11-15,1017,2146,1092,1057,1092,20074
2010-11-16,975,2058,1076,1009,1071,31773
2010-11-17,953,2012,1055,1006,1055,31790
2010-11-18,985,2079,1048,1006,1006,49946
2010-11-19,995,2100,1064,1029,1064,10965
2010-11-22,1000,2110,1062,1037,1043,10690
2010-11-23,985,2079,1069,1036,1069,3056
2010-11-24,948,2001,1020,918,918,66214
2010-11-25,948,2001,1039,986,1004,17071
2010-11-26,920,1941,1034,969,1034,40511
2010-11-29,982,2072,1053,986,986,14078
2010-11-30,1000,2110,1066,1011,1066,11351
2010-12-01,998,2107,1064,1030,1064,17707
2010-12-02,1005,2121,1071,1032,1032,20831
2010-12-03,992,2093,1074,1046,1074,7199
2010-12-06,992,2093,1085,1043,1071,19205
2010-12-07,1003,2117,1071,1029,1071,12937
2010-12-08,1003,2117,1083,1043,1057,20020
2010-12-09,987,2082,1078,1023,1078,42293
2010-12-10,990,2089,1053,1023,1053,20681
2010-12-13,1000,2110,1058,1037,1046,3715
2010-12-14,985,2079,1074,1023,1034,10908
2010-12-15,990,2089,1064,1034,1064,18958
2010-12-16,988,2086,1050,1025,1050,9095
2010-12-17,988,2086,1046,1032,1043,1669
2010-12-20,960,2026,1043,1013,1043,17182
2010-12-21,962,2029,1057,1014,1057,8439
2010-12-22,995,2100,1087,1007,1062,51694
2010-12-23,982,2072,1085,1006,1085,24977
2010-12-24,968,2043,1048,1020,1048,25848
2010-12-27,955,2015,1021,993,1021,21206
2010-12-28,957,2019,1021,1000,1021,49614
2010-12-29,937,1976,1009,970,1009,12960
2010-12-30,948,2001,1004,976,988,14642
2011-01-03,953,2012,1006,988,1000,11183
2011-01-04,958,2022,1011,988,990,33221
2011-01-05,945,1994,1007,993,1007,33907
2011-01-06,945,1994,1020,995,1007,8360
2011-01-07,975,2058,1046,1002,1002,7934
2011-01-10,1120,2364,1182,1057,1057,628206
2011-01-11,1057,2230,1358,1110,1358,2905711
2011-01-12,1035,2184,1143,1087,1115,489827
2011-01-13,983,2075,1117,1029,1117,346145
2011-01-14,977,2061,1050,1011,1039,76668
2011-01-17,955,2015,1044,997,1006,166384
2011-01-18,945,1994,1016,992,1007,71149
2011-01-19,930,1962,1020,979,997,103501
2011-01-20,921,1945,997,965,997,70825
2011-01-21,916,1934,995,944,974,91770
2011-01-24,905,1910,993,955,969,41274
2011-01-25,901,1902,983,949,983,19759
2011-01-26,915,1931,967,933,967,27202
2011-01-27,908,1917,974,946,947,16280
2011-01-28,898,1895,960,932,960,52091
2011-01-31,885,1867,958,926,937,32389
2011-02-01,901,1902,981,926,928,40147
2011-02-07,908,1917,981,944,981,17035
2011-02-08,901,1902,967,949,967,21924
2011-02-09,896,1892,960,946,951,15616
2011-02-10,901,1902,956,928,946,25499
2011-02-11,890,1878,953,925,951,24742
2011-02-14,871,1839,944,907,939,32667
2011-02-15,873,1843,937,907,937,32017
2011-02-16,868,1832,939,914,921,33734
2011-02-17,863,1821,951,886,916,18138
2011-02-18,876,1850,932,902,902,12148
2011-02-21,883,1864,949,909,949,24719
2011-02-22,880,1857,932,884,923,41512
2011-02-23,868,1832,928,905,907,16257
2011-02-24,868,1832,930,902,912,15074
2011-02-25,871,1839,933,909,933,19691
2011-02-28,878,1853,942,886,902,13014
2011-03-02,876,1850,937,898,937,14228
2011-03-03,881,1860,940,918,940,4708
2011-03-04,881,1860,946,916,919,12338
2011-03-07,883,1864,962,912,916,2233
2011-03-08,881,1860,962,916,932,5797
2011-03-09,893,1885,960,921,921,9625
2011-03-10,871,1839,958,918,926,13252
2011-03-11,875,1846,925,914,919,8212
2011-03-14,868,1832,926,884,926,38731
2011-03-15,870,1836,926,849,926,23590
2011-03-16,858,1811,916,881,881,14106
2011-03-17,841,1776,905,863,863,10570
2011-03-18,846,1786,912,873,912,16881
2011-03-21,838,1769,898,875,893,25071
2011-03-22,838,1769,898,879,881,16782
2011-03-23,831,1754,912,877,881,17506
2011-03-24,838,1769,905,866,873,15499
2011-03-25,820,1730,891,815,877,28865
2011-03-28,836,1765,882,849,849,14072
2011-03-29,840,1772,898,873,898,6754
2011-03-30,836,1765,893,870,893,9251
2011-03-31,826,1744,902,865,895,16785
2011-04-01,836,1765,884,872,879,16424
2011-04-04,841,1776,893,881,882,14781
2011-04-05,878,1853,933,898,898,44185
2011-04-06,878,1853,944,923,944,39029
2011-04-07,913,1927,976,916,976,27281
2011-04-08,916,1934,986,942,974,23419
2011-04-11,883,1864,997,919,997,53263
2011-04-12,886,1871,969,921,969,35465
2011-04-13,886,1871,946,919,946,38490
2011-04-14,881,1860,940,928,930,7665
2011-04-15,886,1871,935,912,912,9878
2011-04-18,891,1881,947,930,947,2611
2011-04-19,895,1888,962,926,962,10428
2011-04-20,883,1864,951,932,951,25023
2011-04-21,883,1864,956,923,923,35661
2011-04-22,885,1867,962,912,928,73127
2011-04-25,876,1850,946,923,946,5023
2011-04-26,860,1814,951,907,951,5284
2011-04-27,865,1825,937,895,905,9191
2011-04-28,868,1832,930,912,930,24197
2011-04-29,866,1828,925,902,919,11890
2011-05-02,853,1800,919,865,919,23814
2011-05-03,865,1825,914,896,900,1623
2011-05-04,861,1818,914,891,914,695
2011-05-06,858,1811,912,882,912,25170
2011-05-09,858,1811,914,889,914,3998
2011-05-11,861,1818,916,895,902,11214
2011-05-12,866,1828,933,893,912,4708
2011-05-13,866,1828,926,888,926,23363
2011-05-16,863,1821,925,898,925,15687
2011-05-17,868,1832,946,909,946,1371
2011-05-18,875,1846,930,902,923,10148
2011-05-19,868,1832,930,907,928,12645
2011-05-20,850,1793,937,891,937,12179
2011-05-23,830,1751,912,875,912,16748
2011-05-24,835,1762,891,849,863,7123
2011-05-25,845,1783,903,868,903,5922
2011-05-26,851,1797,962,882,916,1620
2011-05-27,851,1797,940,898,940,1640
2011-05-30,855,1804,951,884,900,22157
2011-05-31,855,1804,903,898,903,1249
2011-06-01,855,1804,910,891,902,4143
2011-06-02,845,1783,893,858,891,17174
2011-06-03,846,1786,905,879,905,1862
2011-06-07,835,1762,896,875,896,3147
2011-06-08,820,1730,923,852,923,13587
2011-06-09,846,1786,912,845,905,7764
2011-06-10,845,1783,893,866,866,417
2011-06-13,828,1747,910,833,893,16666
2011-06-14,828,1747,888,849,881,2770
2011-06-15,821,1733,881,849,881,5247
2011-06-16,845,1783,909,856,863,2279
2011-06-17,840,1772,898,873,898,162
2011-06-20,835,1762,881,852,881,18263
2011-06-21,835,1762,888,870,881,9055
2011-06-22,835,1762,916,859,916,5519
2011-06-23,835,1762,895,851,851,6583
2011-06-24,835,1762,888,877,879,10874
2011-06-27,878,1853,981,888,891,59143
2011-06-28,880,1857,944,895,944,59554
2011-06-29,858,1811,944,891,933,14520
2011-06-30,836,1765,914,877,914,60352
2011-07-01,838,1769,909,881,898,25531
2011-07-04,840,1772,905,882,905,10891
2011-07-05,855,1804,909,884,884,5437
2011-07-06,868,1832,923,898,902,19154
2011-07-07,880,1857,932,909,916,21856
2011-07-08,1012,2135,1067,916,930,357501
2011-07-11,1162,2452,1226,1226,1226,240711
2011-07-12,1336,2819,1409,1409,1409,257028
2011-07-13,1536,3242,1621,1568,1621,4851212
2011-07-14,1419,2995,1691,1377,1612,8326446
2011-07-15,1249,2635,1622,1317,1476,3839284
2011-07-18,1292,2727,1465,1282,1314,2559342
2011-07-19,1291,2724,1480,1317,1370,1563286
2011-07-20,1237,2611,1446,1305,1391,1296875
2011-07-21,1214,2561,1342,1256,1305,810384
2011-07-22,1261,2660,1388,1268,1310,962316
2011-07-25,1217,2569,1339,1277,1337,388576
2011-07-26,1311,2766,1476,1275,1286,1774701
2011-07-27,1393,2939,1469,1340,1383,766049
2011-07-28,1336,2819,1465,1397,1399,502480
2011-07-29,1326,2798,1511,1397,1411,753932
2011-08-01,1302,2748,1430,1344,1399,560582
2011-08-02,1306,2755,1476,1339,1409,488777
2011-08-03,1354,2857,1474,1335,1356,961442
2011-08-04,1262,2664,1473,1328,1439,567741
2011-08-05,1102,2325,1332,1132,1321,718623
2011-08-08,957,2019,1191,1000,1087,444527
2011-08-09,865,1825,979,859,951,351329
2011-08-10,935,1973,1044,951,951,349587
2011-08-11,958,2022,1018,891,916,291403
2011-08-12,1032,2177,1141,1025,1046,504319
2011-08-16,1040,2195,1159,1088,1110,340015
2011-08-17,1109,2339,1185,1066,1101,614194
2011-08-18,1018,2149,1177,1044,1177,375628
2011-08-19,900,1899,1002,916,988,446416
2011-08-22,930,1962,1034,925,967,189817
2011-08-23,960,2026,1034,1000,1004,151200
2011-08-24,920,1941,1046,970,1014,176741
2011-08-25,965,2036,1037,990,990,229863
2011-08-26,972,2050,1169,1004,1027,1956425
2011-08-29,985,2079,1069,1021,1055,277936
2011-08-30,1052,2220,1122,1025,1041,334158
2011-08-31,1048,2213,1134,1074,1134,230115
2011-09-01,985,2079,1134,1032,1113,274624
2011-09-02,975,2058,1055,986,1029,218129
2011-09-05,1047,2209,1155,1007,1029,703731
2011-09-06,960,2026,1122,962,1101,425747
2011-09-07,1055,2227,1132,1027,1036,325501
2011-09-08,1018,2149,1152,1055,1152,221926
2011-09-09,1053,2223,1134,1064,1074,193983
2011-09-14,1005,2121,1122,1023,1111,298980
2011-09-15,992,2093,1092,1032,1085,174738
2011-09-16,1100,2322,1180,1050,1073,515815
2011-09-19,1264,2667,1333,1129,1136,777751
2011-09-20,1225,2586,1332,1251,1303,429612
2011-09-21,1279,2699,1356,1277,1300,466192
2011-09-22,1336,2819,1444,1316,1349,519149
2011-09-23,1536,3242,1621,1198,1339,2125301
2011-09-26,1767,3728,1864,1800,1864,1823083
2011-09-27,1636,3453,1917,1587,1832,6538351
2011-09-28,1419,2995,1860,1487,1709,2992013
2011-09-29,1311,2766,1476,1339,1413,1221634
2011-09-30,1362,2875,1494,1353,1414,901039
2011-10-04,1187,2505,1356,1226,1296,588033
2011-10-05,1085,2290,1314,1110,1298,772774
2011-10-06,1115,2354,1222,1148,1198,379745
2011-10-07,1125,2375,1224,1177,1187,335591
2011-10-10,1169,2466,1300,1182,1182,428488
2011-10-11,1139,2403,1268,1169,1266,592381
2011-10-12,1140,2406,1236,1185,1187,258673
2011-10-13,1219,2572,1302,1206,1206,657704
2011-10-14,1299,2741,1458,1205,1286,889626
2011-10-17,1292,2727,1423,1335,1370,494379
2011-10-18,1282,2706,1423,1300,1328,339493
2011-10-19,1237,2611,1393,1286,1374,288131
2011-10-20,1189,2509,1328,1236,1305,302686
2011-10-21,1237,2611,1346,1256,1289,212490
2011-10-24,1287,2717,1362,1307,1335,211367
2011-10-25,1289,2720,1379,1342,1358,185762
2011-10-26,1291,2724,1374,1347,1374,160104
2011-10-27,1369,2889,1504,1363,1363,719128
2011-10-28,1403,2960,1480,1402,1474,284093
2011-10-31,1302,2748,1635,1346,1483,2082634
2011-11-01,1207,2547,1372,1266,1372,545854
2011-11-02,1197,2526,1279,1192,1222,326111
2011-11-03,1152,2431,1286,1215,1284,158836
2011-11-04,1185,2502,1272,1222,1228,126225
2011-11-07,1177,2484,1263,1235,1251,139718
2011-11-08,1182,2495,1298,1243,1265,198464
2011-11-09,1279,2699,1370,1256,1256,319016
2011-11-10,1220,2576,1317,1251,1286,240200
2011-11-11,1319,2783,1436,1293,1314,343511
2011-11-14,1302,2748,1423,1374,1402,319516
2011-11-15,1329,2805,1418,1339,1346,334490
2011-11-16,1249,2635,1480,1317,1423,499489
2011-11-17,1287,2717,1370,1289,1317,121415
2011-11-18,1312,2769,1402,1293,1356,135533
2011-11-21,1314,2773,1460,1377,1397,237226
2011-11-22,1291,2724,1391,1347,1386,105740
2011-11-23,1222,2579,1372,1217,1349,233699
2011-11-24,1220,2576,1289,1233,1270,58263
2011-11-25,1155,2438,1314,1215,1284,102931
2011-11-28,1155,2438,1251,1180,1212,66209
2011-11-29,1187,2505,1275,1198,1231,56072
2011-11-30,1187,2505,1289,1228,1254,59310
2011-12-01,1177,2484,1300,1233,1300,97803
2011-12-02,1169,2466,1247,1215,1229,62718
2011-12-05,1195,2523,1268,1240,1240,48306
2011-12-06,1162,2452,1303,1198,1280,112088
2011-12-07,1204,2540,1286,1210,1210,108444
2011-12-08,1175,2480,1282,1222,1261,64642
2011-12-09,1256,2650,1425,1222,1233,492480
2011-12-12,1259,2657,1388,1307,1339,316570
2011-12-13,1254,2646,1404,1289,1325,237093
2011-12-14,1297,2738,1372,1305,1305,88626
2011-12-15,1254,2646,1393,1310,1393,56526
2011-12-16,1259,2657,1351,1275,1351,75539
2011-12-19,1269,2678,1374,1228,1328,273767
2011-12-20,1366,2882,1441,1326,1326,423931
2011-12-21,1346,2840,1513,1400,1480,330103
2011-12-22,1413,2981,1524,1397,1441,379453
2011-12-23,1336,2819,1515,1409,1515,183742
2011-12-26,1262,2664,1409,1332,1395,213098
2011-12-27,1267,2674,1367,1312,1328,155805
2011-12-28,1357,2734,1370,1314,1342,69029
2011-12-29,1377,2776,1391,1342,1372,50774
2012-01-02,1346,2713,1413,1335,1388,117863
2012-01-03,1398,2819,1428,1347,1347,212848
2012-01-04,1379,2780,1430,1370,1409,115255
2012-01-05,1503,3030,1592,1399,1399,804442
2012-01-06,1596,3217,1652,1464,1511,404652
2012-01-09,1558,3139,1744,1569,1631,361201
2012-01-10,1591,3206,1680,1552,1554,237703
2012-01-11,1622,3270,1656,1566,1606,116739
2012-01-12,1598,3220,1725,1515,1628,292047
2012-01-13,1516,3055,1629,1488,1610,156662
2012-01-16,1419,2861,1550,1430,1511,136671
2012-01-17,1381,2783,1455,1391,1416,157865
2012-01-18,1379,2780,1409,1365,1365,75649
2012-01-19,1388,2798,1439,1367,1439,74228
2012-01-20,1330,2681,1418,1332,1370,141239
2012-01-25,1364,2748,1402,1330,1340,50774
2012-01-26,1388,2798,1399,1362,1367,47006
2012-01-27,1336,2692,1407,1346,1404,134017
2012-01-30,1336,2692,1365,1323,1337,60902
2012-01-31,1332,2685,1365,1326,1346,67991
2012-02-01,1316,2653,1362,1303,1342,146208
2012-02-02,1302,2625,1349,1303,1326,93254
2012-02-03,1325,2671,1335,1298,1307,91231
2012-02-06,1311,2643,1353,1316,1353,44327
2012-02-07,1332,2685,1363,1337,1339,82829
2012-02-08,1329,2678,1367,1330,1335,92258
2012-02-09,1311,2643,1353,1321,1339,93047
2012-02-10,1322,2664,1339,1321,1339,41356
2012-02-13,1388,2798,1402,1325,1346,112624
2012-02-14,1386,2794,1404,1370,1399,89321
2012-02-15,1374,2769,1427,1384,1399,89696
2012-02-16,1381,2783,1420,1376,1402,82091
2012-02-17,1398,2819,1423,1384,1386,60874
2012-02-20,1369,2759,1434,1362,1406,115005
2012-02-21,1381,2783,1427,1377,1377,83379
2012-02-22,1426,2875,1437,1374,1409,183662
2012-02-23,1398,2819,1448,1399,1448,76223
2012-02-24,1398,2819,1441,1386,1441,60675
2012-02-27,1337,2695,1409,1347,1409,66560
2012-02-28,1280,2579,1372,1270,1372,164128
2012-02-29,1297,2614,1310,1272,1289,34773
2012-03-02,1309,2639,1328,1303,1307,66484
2012-03-05,1266,2551,1321,1275,1319,71424
2012-03-06,1252,2523,1295,1235,1268,50894
2012-03-07,1273,2565,1317,1198,1221,41836
2012-03-08,1283,2586,1300,1236,1300,22100
2012-03-09,1266,2551,1303,1268,1303,31226
2012-03-12,1304,2628,1314,1275,1275,45187
2012-03-13,1269,2558,1312,1268,1312,37006
2012-03-14,1301,2621,1374,1251,1302,48663
2012-03-15,1299,2618,1332,1289,1289,13695
2012-03-16,1299,2618,1332,1282,1332,16104
2012-03-19,1313,2646,1330,1303,1310,60547
2012-03-20,1290,2600,1328,1284,1328,7795
2012-03-21,1259,2537,1312,1251,1310,32026
2012-03-22,1234,2487,1293,1243,1293,44549
2012-03-23,1259,2537,1279,1219,1279,13842
2012-03-26,1266,2551,1284,1259,1284,3263
2012-03-27,1259,2537,1296,1243,1296,29796
2012-03-28,1273,2565,1307,1251,1296,96728
2012-03-29,1239,2498,1303,1242,1256,30687
2012-03-30,1241,2502,1268,1236,1254,15945
2012-04-02,1231,2480,1259,1226,1226,66600
2012-04-03,1218,2456,1268,1228,1243,27735
2012-04-04,1208,2435,1273,1180,1254,18016
2012-04-05,1180,2378,1251,1161,1198,25420
2012-04-06,1196,2410,1214,1187,1212,8397
2012-04-09,1189,2396,1214,1150,1205,51725
2012-04-10,1189,2396,1215,1173,1198,21660
2012-04-12,1171,2361,1224,1162,1198,17199
2012-04-13,1161,2339,1215,1166,1166,42747
2012-04-16,1141,2301,1191,1150,1191,17491
2012-04-17,1103,2223,1173,1111,1150,35091
2012-04-18,1152,2322,1265,1118,1118,49097
2012-04-19,1131,2280,1178,1127,1161,13635
2012-04-20,1119,2255,1191,1110,1110,12375
2012-04-23,1110,2237,1177,1118,1124,6992
2012-04-24,1127,2273,1143,1095,1118,28675
2012-04-25,1108,2234,1194,1094,1194,28496
2012-04-26,1077,2170,1127,1085,1103,56680
2012-04-27,1089,2195,1127,1085,1095,24007
2012-04-30,1087,2191,1140,1078,1140,24935
2012-05-02,1066,2149,1095,1057,1095,26535
2012-05-03,1094,2206,1125,1062,1074,22869
2012-05-04,1064,2146,1103,1058,1103,22874
2012-05-07,1029,2075,1066,1029,1057,33916
2012-05-08,1057,2132,1088,1037,1039,20689
2012-05-09,1049,2114,1092,1050,1066,16084
2012-05-10,1059,2135,1092,1043,1092,19989
2012-05-11,1061,2139,1099,1048,1064,10650
2012-05-14,1049,2114,1074,1041,1074,5329
2012-05-15,1042,2100,1057,1030,1057,24534
2012-05-16,1024,2065,1083,1029,1083,11410
2012-05-17,1024,2065,1057,1018,1055,14021
2012-05-18,991,1998,1044,979,1044,37020
2012-05-21,956,1927,1055,958,1055,24273
2012-05-22,981,1976,1044,965,1004,24918
2012-05-23,954,1924,986,962,986,6095
2012-05-24,1021,2058,1057,951,981,20993
2012-05-25,996,2008,1032,1000,1032,7429
2012-05-29,1014,2043,1062,1004,1004,15803
2012-05-30,1028,2072,1067,1023,1023,13973
2012-05-31,1047,2110,1106,1020,1036,11257
2012-06-01,1014,2043,1071,1021,1071,6958
2012-06-04,961,1938,1013,955,955,30513
2012-06-05,974,1962,984,958,984,6737
2012-06-07,991,1998,1004,981,981,9889
2012-06-08,967,1948,1021,974,1021,3726
2012-06-11,963,1941,1000,963,963,12239
2012-06-12,998,2012,1034,963,970,36694
2012-06-13,1147,2311,1155,993,993,228273
2012-06-14,1089,2195,1162,1097,1162,187788
2012-06-15,1075,2167,1113,1057,1099,52917
2012-06-18,1092,2202,1127,1073,1097,44690
2012-06-19,1089,2195,1122,1080,1101,23289
2012-06-20,1091,2198,1120,1088,1108,19935
2012-06-21,1066,2149,1115,1064,1099,19472
2012-06-22,1045,2107,1085,1051,1074,9594
2012-06-25,1101,2220,1162,1053,1092,40721
2012-06-26,1112,2241,1247,1060,1129,195967
2012-06-27,1077,2170,1143,1078,1127,39305
2012-06-28,1071,2160,1104,1062,1085,28913
2012-06-29,1068,2153,1113,1066,1087,33221
2012-07-02,1106,2230,1150,1076,1076,15420
2012-07-03,1101,2220,1155,1106,1115,14361
2012-07-04,1152,2322,1169,1110,1120,51509
2012-07-05,1147,2311,1162,1136,1162,22880
2012-07-06,1131,2280,1150,1113,1150,10309
2012-07-09,1105,2227,1191,1113,1169,19069
2012-07-10,1131,2280,1152,1103,1152,3300
2012-07-11,1119,2255,1155,1104,1155,4912
2012-07-12,1087,2191,1140,1080,1092,7744
2012-07-13,1066,2149,1095,1029,1092,17886
2012-07-16,1063,2142,1155,1071,1074,3899
2012-07-17,1068,2153,1104,1064,1104,1180
2012-07-18,1080,2177,1115,1071,1092,5959
2012-07-19,1091,2198,1159,1092,1127,29072
2012-07-20,1154,2325,1169,1081,1095,44313
2012-07-23,1131,2280,1173,1138,1162,13502
2012-07-24,1110,2237,1140,1088,1140,7191
2012-07-25,1070,2156,1115,1076,1083,15099
2012-07-26,1063,2142,1127,1021,1078,23990
2012-07-27,1087,2191,1132,1057,1078,6901
2012-07-30,1091,2198,1117,1099,1099,2693
2012-07-31,1092,2202,1115,1073,1103,8993
2012-08-01,1073,2163,1106,1071,1103,7182
2012-08-02,1070,2156,1106,1025,1106,17979
2012-08-03,1089,2195,1106,1078,1078,959
2012-08-06,1077,2170,1110,1067,1092,24072
2012-08-07,1094,2206,1103,1057,1088,12233
2012-08-08,1096,2209,1106,1099,1106,363
2012-08-09,1094,2206,1106,1073,1078,5445
2012-08-10,1087,2191,1099,1073,1081,18170
2012-08-13,1133,2283,1205,1095,1095,130204
2012-08-14,1129,2276,1148,1110,1118,19424
2012-08-16,1185,2389,1226,1110,1138,87023
2012-08-17,1239,2498,1256,1175,1215,77517
2012-08-20,1206,2431,1270,1198,1249,26010
2012-08-21,1190,2399,1314,1184,1226,173918
2012-08-22,1194,2406,1231,1178,1194,22937
2012-08-23,1239,2498,1369,1198,1198,141401
2012-08-24,1234,2487,1266,1189,1236,46589
2012-08-27,1215,2449,1273,1224,1233,24920
2012-08-28,1218,2456,1272,1208,1229,9376
2012-08-29,1224,2466,1266,1214,1221,42344
2012-08-30,1238,2495,1277,1219,1222,17369
2012-08-31,1267,2554,1288,1217,1226,59520
2012-09-03,1304,2628,1317,1259,1259,32945
2012-09-04,1269,2558,1346,1231,1300,69163
2012-09-05,1278,2576,1321,1254,1286,29929
2012-09-06,1262,2544,1319,1256,1288,30045
2012-09-07,1255,2530,1302,1235,1272,39364
2012-09-10,1255,2530,1279,1221,1254,19265
2012-09-11,1267,2554,1280,1221,1265,25258
2012-09-12,1294,2607,1316,1240,1277,64299
2012-09-13,1311,2643,1330,1296,1328,75888
2012-09-14,1276,2572,1339,1273,1330,19685
2012-09-17,1271,2561,1317,1249,1275,28286
2012-09-18,1250,2519,1335,1258,1310,99920
2012-09-19,1225,2470,1273,1233,1265,39969
2012-09-20,1238,2495,1280,1235,1268,13303
2012-09-21,1290,2600,1310,1236,1249,51890
2012-09-24,1294,2607,1326,1286,1293,62775
2012-09-25,1346,2713,1356,1265,1312,160274
2012-09-26,1547,3118,1559,1559,1559,291744
2012-09-27,1545,3115,1580,1420,1495,1196884
2012-09-28,1568,3161,1673,1557,1603,503048
2012-10-02,1470,2963,1580,1473,1580,219704
2012-10-04,1454,2931,1543,1453,1481,155340
2012-10-05,1465,2953,1492,1413,1492,141710
2012-10-08,1537,3097,1571,1444,1480,139202
2012-10-09,1500,3023,1561,1497,1561,90635
2012-10-10,1538,3101,1647,1473,1487,269437
2012-10-11,1482,2988,1550,1483,1550,69023
2012-10-12,1477,2977,1562,1451,1494,57398
2012-10-15,1470,2963,1548,1430,1462,126288
2012-10-16,1507,3037,1585,1488,1497,145172
2012-10-17,1475,2974,1585,1473,1518,49009
2012-10-18,1287,2593,1508,1296,1462,240152
2012-10-19,1344,2709,1354,1251,1296,166861
2012-10-22,1395,2812,1421,1332,1339,188455
2012-10-23,1432,2886,1480,1411,1480,66753
2012-10-24,1388,2798,1471,1391,1443,27080
2012-10-25,1364,2748,1444,1374,1404,40976
2012-10-26,1308,2635,1430,1305,1354,59500
2012-10-29,1355,2731,1384,1316,1316,63359
2012-10-30,1460,2942,1471,1351,1391,107806
2012-10-31,1467,2956,1529,1428,1480,91623
2012-11-01,1475,2974,1550,1450,1480,140340
2012-11-02,1486,2995,1515,1428,1464,76075
2012-11-05,1489,3002,1529,1465,1513,50082
2012-11-06,1437,2896,1518,1437,1501,52940
2012-11-07,1467,2956,1508,1448,1458,19015
2012-11-08,1433,2889,1474,1420,1451,23652
2012-11-09,1458,2939,1471,1437,1444,10443
2012-11-12,1468,2960,1480,1455,1476,17128
2012-11-13,1467,2956,1511,1455,1480,30207
2012-11-14,1486,2995,1513,1462,1478,67701
2012-11-15,1416,2854,1483,1339,1483,87551
2012-11-16,1430,2882,1480,1349,1427,40933
2012-11-19,1402,2826,1462,1397,1441,71663
2012-11-20,1435,2893,1478,1416,1462,25556
2012-11-21,1482,2988,1529,1434,1476,96835
2012-11-22,1614,3252,1626,1481,1501,165623
2012-11-23,1589,3203,1647,1564,1631,110110
2012-11-26,1601,3228,1615,1561,1601,74307
2012-11-27,1619,3263,1853,1599,1615,277907
2012-11-28,1566,3157,1638,1504,1638,104753
2012-11-29,1600,3224,1638,1543,1584,50894
2012-11-30,1617,3259,1649,1555,1555,40238
2012-12-03,1566,3157,1656,1541,1599,93339
2012-12-04,1468,2960,1580,1399,1568,179497
2012-12-05,1454,2931,1513,1436,1451,44620
2012-12-06,1545,3115,1614,1473,1508,177159
2012-12-07,1561,3146,1614,1502,1614,133078
2012-12-10,1703,3432,1716,1578,1617,249746
2012-12-11,1731,3488,1818,1679,1716,175036
2012-12-12,1725,3478,1779,1675,1779,75908
2012-12-13,1719,3464,1804,1675,1675,29268
2012-12-14,1722,3471,1776,1691,1737,39971
2012-12-17,1682,3390,1779,1691,1762,34429
2012-12-18,1664,3354,1758,1677,1758,37097
2012-12-20,1670,3365,1721,1658,1677,37474
2012-12-21,1699,3425,1740,1666,1695,41092
2012-12-24,1698,3421,1762,1686,1712,26949
2012-12-26,1692,3411,1717,1642,1710,82082
2012-12-27,1725,3477,1758,1686,1758,14531
2012-12-28,1745,3516,1871,1758,1795,37376
2013-01-02,1770,3567,1828,1693,1758,7038
2013-01-03,1714,3454,1834,1684,1783,22579
2013-01-04,1638,3301,1734,1621,1734,52959
2013-01-07,1597,3219,1650,1576,1650,28709
2013-01-08,1617,3258,1680,1602,1613,20832
2013-01-09,1597,3219,1641,1582,1641,16611
2013-01-10,1578,3180,1621,1586,1619,12826
2013-01-11,1661,3348,1715,1602,1621,52470
2013-01-14,1586,3196,1674,1598,1674,39518
2013-01-15,1549,3122,1629,1543,1598,81773
2013-01-16,1535,3094,1582,1543,1563,26277
2013-01-17,1510,3043,1619,1459,1619,88053
2013-01-18,1518,3059,1582,1488,1521,41597
2013-01-21,1477,2977,1557,1484,1551,43739
2013-01-22,1481,2985,1529,1473,1529,23977
2013-01-23,1471,2965,1531,1479,1531,15908
2013-01-24,1463,2950,1514,1457,1480,48765
2013-01-25,1465,2954,1490,1453,1490,32716
2013-01-28,1493,3008,1504,1457,1484,28483
2013-01-29,1495,3012,1545,1486,1545,7908
2013-01-30,1504,3032,1541,1490,1506,12194
2013-01-31,1504,3032,1545,1492,1516,19368
2013-02-01,1527,3079,1539,1465,1500,37136
2013-02-04,1508,3040,1578,1484,1539,65274
2013-02-05,1512,3047,1543,1492,1529,14738
2013-02-06,1500,3024,1551,1504,1508,19810
2013-02-07,1514,3051,1543,1502,1512,2534
2013-02-08,1518,3059,1578,1523,1539,27421
2013-02-12,1500,3024,1535,1512,1529,17351
2013-02-13,1506,3036,1557,1516,1518,7237
2013-02-14,1539,3102,1551,1480,1518,72475
2013-02-15,1564,3153,1588,1516,1516,53451
2013-02-18,1553,3129,1582,1551,1576,37402
2013-02-19,1574,3172,1590,1555,1576,24560
2013-02-20,1551,3126,1621,1563,1576,38042
2013-02-21,1539,3102,1582,1521,1535,47099
2013-02-22,1551,3126,1576,1520,1576,29668
2013-02-25,1549,3122,1570,1531,1531,24553
2013-02-26,1553,3129,1564,1535,1535,25809
2013-02-27,1570,3165,1582,1533,1543,27603
2013-02-28,1667,3360,1680,1563,1566,74617
2013-03-04,1725,3477,1775,1676,1680,123699
2013-03-05,1733,3493,1775,1699,1707,44143
2013-03-06,1752,3532,1775,1725,1725,20606
2013-03-07,1760,3548,1785,1672,1766,54999
2013-03-08,1764,3555,1789,1719,1721,43605
2013-03-11,1764,3555,1777,1719,1758,24632
2013-03-12,1762,3551,1797,1727,1787,35209
2013-03-13,1892,3813,1947,1758,1758,129614
2013-03-14,1861,3751,1928,1811,1906,37154
2013-03-15,1832,3692,1881,1793,1846,45054
2013-03-18,1832,3692,1953,1836,1846,106461
2013-03-19,1834,3696,1887,1797,1840,32084
2013-03-20,1814,3657,1871,1781,1813,27360
2013-03-21,1778,3583,1859,1742,1859,68703
2013-03-22,1793,3614,1807,1768,1807,4691
2013-03-25,1772,3571,1797,1744,1797,23457
2013-03-26,1741,3508,1809,1705,1797,32023
2013-03-27,1774,3575,1807,1750,1807,9126
2013-03-28,1752,3532,1805,1719,1750,19524
2013-03-29,1717,3462,1762,1713,1721,14416
2013-04-01,1723,3473,1738,1691,1731,42858
2013-04-02,1737,3501,1754,1699,1699,5364
2013-04-03,1876,3782,1951,1719,1768,408848
2013-04-04,1801,3630,1914,1760,1914,309399
2013-04-05,2070,4173,2086,1781,1828,1164393
2013-04-08,2067,4165,2305,1996,2125,1691597
2013-04-09,1884,3798,2168,1781,2141,870502
2013-04-10,1791,3610,1899,1762,1899,303004
2013-04-11,1857,3743,1875,1738,1811,364885
2013-04-12,1780,3587,1875,1768,1875,204912
2013-04-15,2043,4118,2059,1899,1899,570889
2013-04-16,2067,4165,2215,1953,2074,954581
2013-04-17,2024,4079,2102,1977,2102,452461
2013-04-18,2094,4220,2184,2004,2035,324859
2013-04-19,1973,3977,2141,1942,2141,404004
2013-04-22,2012,4056,2028,1906,1949,230478
2013-04-23,1981,3993,2039,1957,2012,142839
2013-04-24,2008,4048,2039,1938,1961,249239
2013-04-25,2070,4173,2184,2055,2059,624649
2013-04-26,2016,4063,2070,1992,2059,262441
2013-04-29,2086,4204,2145,2047,2067,320168
2013-04-30,2132,4298,2172,2035,2133,196584
2013-05-02,2051,4134,2188,2035,2149,170947
2013-05-03,2012,4056,2113,2012,2113,141542
2013-05-06,1993,4016,2070,2008,2016,192103
2013-05-07,2047,4126,2063,1973,2020,89983
2013-05-08,2055,4141,2117,2035,2102,88616
2013-05-09,2039,4110,2340,2055,2110,730631
2013-05-10,2094,4220,2188,2047,2059,231000
2013-05-13,2229,4493,2426,2113,2129,1246330
2013-05-14,2078,4188,2340,2000,2285,771151
2013-05-15,2063,4157,2160,2070,2098,208581
2013-05-16,2067,4165,2102,2004,2063,278395
2013-05-20,2001,4032,2082,2016,2082,90952
2013-05-21,2016,4063,2059,1953,2016,167072
2013-05-22,1985,4001,2047,1961,2024,66909
2013-05-23,1942,3915,2020,1928,1977,140380
2013-05-24,1880,3790,1969,1895,1930,103981
2013-05-27,1954,3938,2043,1865,1887,63232
2013-05-28,1942,3915,2012,1932,2012,81297
2013-05-29,1919,3868,1973,1897,1953,66200
2013-05-30,1892,3813,1973,1906,1973,83746
2013-05-31,1834,3696,1953,1844,1920,75605
2013-06-03,1814,3657,1852,1807,1807,50515
2013-06-04,1822,3673,1889,1809,1836,40688
2013-06-05,1803,3634,1875,1723,1856,94279
2013-06-07,1741,3508,1832,1633,1817,356979
2013-06-10,1749,3524,1789,1746,1789,15166
2013-06-11,1764,3555,1787,1719,1787,7496
2013-06-12,1741,3508,1795,1697,1793,62727
2013-06-13,1733,3493,1774,1709,1746,3493
2013-06-14,1727,3481,1844,1699,1746,43117
2013-06-17,1686,3399,1766,1699,1719,13162
2013-06-18,1719,3465,1738,1645,1731,37361
2013-06-19,1731,3489,1758,1690,1758,9766
2013-06-20,1683,3391,1738,1654,1686,56780
2013-06-21,1683,3391,1697,1611,1660,42938
2013-06-24,1628,3282,1756,1629,1756,22508
2013-06-25,1551,3126,1674,1504,1641,54891
2013-06-26,1493,3008,1582,1473,1512,131246
2013-06-27,1576,3176,1590,1500,1500,30989
2013-06-28,1582,3188,1625,1531,1602,54551
2013-07-01,1613,3251,1641,1572,1633,39227
2013-07-02,1570,3165,1637,1582,1637,30267
2013-07-03,1578,3180,1611,1504,1574,72926
2013-07-04,1566,3157,1623,1559,1606,15296
2013-07-05,1562,3149,1613,1543,1600,28878
2013-07-08,1555,3133,1613,1512,1531,49381
2013-07-09,1560,3145,1590,1551,1590,12072
2013-07-10,1527,3079,1594,1498,1594,73650
2013-07-11,1582,3188,1609,1525,1525,24849
2013-07-12,1588,3200,1621,1568,1621,21195
2013-07-15,1580,3184,1621,1557,1621,32309
2013-07-16,1535,3094,1602,1508,1592,53261
2013-07-17,1545,3114,1602,1531,1602,91119
2013-07-18,1588,3200,1602,1547,1588,136275
2013-07-19,1597,3219,1621,1574,1590,42743
2013-07-22,1665,3356,1738,1621,1641,121698
2013-07-23,1671,3368,1711,1660,1711,68148
2013-07-24,1661,3348,1711,1652,1711,47705
2013-07-25,1685,3395,1697,1639,1648,97304
2013-07-26,1723,3473,1736,1682,1719,45041
2013-07-29,1698,3423,1752,1625,1752,63465
2013-07-30,1706,3438,1727,1684,1727,13689
2013-07-31,1716,3458,1746,1701,1746,20778
2013-08-01,1706,3438,1734,1684,1734,52875
2013-08-02,1772,3571,1789,1688,1719,69386
2013-08-05,1791,3610,1836,1766,1793,18615
2013-08-06,1828,3684,1871,1760,1760,35076
2013-08-07,1768,3563,1842,1781,1824,28680
2013-08-08,1799,3626,1836,1762,1781,23324
2013-08-09,1752,3532,1832,1736,1832,56649
2013-08-12,1741,3508,1766,1676,1766,110351
2013-08-13,1719,3465,1832,1699,1723,92726
2013-08-14,1760,3548,1811,1711,1732,23114
2013-08-16,1758,3544,1774,1711,1774,27787
2013-08-19,1737,3501,1793,1717,1793,19265
2013-08-20,1723,3473,1775,1709,1775,48319
2013-08-21,1675,3376,1781,1652,1781,52593
2013-08-22,1685,3395,1703,1619,1703,13996
2013-08-23,1685,3395,1738,1666,1738,17013
2013-08-26,1673,3372,1779,1664,1779,47316
2013-08-27,1650,3325,1748,1641,1678,55700
2013-08-28,1657,3340,1715,1611,1715,27104
2013-08-29,1665,3356,1695,1639,1695,18958
2013-08-30,1653,3333,1688,1629,1688,4248
2013-09-02,1702,3430,1715,1633,1652,16251
2013-09-03,1679,3383,1715,1643,1680,18480
2013-09-04,1628,3282,1676,1641,1676,8468
2013-09-05,1640,3305,1652,1641,1652,3683
2013-09-06,1624,3274,1680,1629,1680,31629
2013-09-09,1621,3266,1658,1606,1658,18861
2013-09-10,1597,3219,1688,1607,1680,17901
2013-09-11,1632,3290,1650,1606,1606,9377
2013-09-12,1593,3212,1662,1606,1639,15685
2013-09-13,1551,3126,1641,1563,1641,44353
2013-09-16,1551,3126,1570,1537,1547,32757
2013-09-17,1576,3176,1590,1551,1563,35442
2013-09-23,1564,3153,1602,1551,1588,42001
2013-09-24,1566,3157,1588,1547,1566,73420
2013-09-25,1576,3176,1594,1553,1570,11283
2013-09-26,1576,3176,1600,1563,1596,12783
2013-09-27,1576,3176,1598,1563,1598,23135
2013-09-30,1574,3172,1588,1563,1588,11358
2013-10-01,1551,3126,1633,1543,1633,27519
2013-10-02,1551,3126,1602,1535,1602,100785
2013-10-04,1551,3126,1582,1543,1563,30631
2013-10-07,1483,2989,1549,1494,1549,105007
2013-10-08,1508,3040,1543,1494,1496,21817
2013-10-10,1508,3040,1555,1500,1520,5446
2013-10-11,1510,3043,1553,1520,1549,14057
2013-10-14,1508,3040,1555,1508,1555,41571
2013-10-15,1504,3032,1547,1500,1547,14075
2013-10-16,1518,3059,1535,1508,1516,27877
2013-10-17,1512,3047,1574,1502,1574,71846
2013-10-18,1512,3047,1539,1502,1520,25691
2013-10-21,1473,2969,1523,1473,1523,26293
2013-10-22,1510,3043,1523,1467,1486,39462
2013-10-23,1485,2993,1551,1479,1520,61512
2013-10-24,1479,2981,1504,1482,1496,44105
2013-10-25,1473,2969,1514,1467,1496,61929
2013-10-28,1487,2997,1518,1471,1484,31273
2013-10-29,1493,3008,1520,1494,1520,6897
2013-10-30,1506,3036,1521,1484,1521,11255
2013-10-31,1512,3047,1529,1502,1518,23862
2013-11-01,1547,3118,1621,1533,1551,29405
2013-11-04,1522,3067,1574,1523,1574,28056
2013-11-05,1529,3083,1574,1518,1574,4215
2013-11-06,1508,3040,1621,1516,1621,6321
2013-11-07,1535,3094,1555,1484,1523,32852
2013-11-08,1496,3016,1563,1490,1527,31836
2013-11-11,1491,3004,1531,1484,1508,13070
2013-11-12,1477,2977,1488,1471,1488,17295
2013-11-13,1473,2969,1563,1469,1563,9771
2013-11-14,1473,2969,1523,1469,1484,9781
2013-11-15,1436,2895,1520,1447,1512,9794
2013-11-18,1411,2844,1475,1414,1475,17720
2013-11-19,1382,2786,1414,1332,1406,44240
2013-11-20,1357,2735,1393,1344,1393,11445
2013-11-21,1353,2727,1367,1338,1363,23631
2013-11-22,1353,2727,1387,1336,1387,35705
2013-11-25,1357,2735,1377,1348,1363,19537
2013-11-26,1357,2735,1367,1348,1355,40332
2013-11-27,1363,2747,1375,1352,1367,16921
2013-11-28,1357,2735,1406,1348,1406,23043
2013-11-29,1357,2735,1406,1363,1373,10933
2013-12-02,1357,2735,1426,1353,1367,30398
2013-12-03,1361,2743,1406,1357,1367,3905
2013-12-04,1365,2750,1406,1357,1406,3875
2013-12-05,1361,2743,1406,1344,1353,25909
2013-12-06,1374,2770,1389,1350,1363,30715
2013-12-09,1386,2793,1396,1361,1385,6296
2013-12-10,1396,2813,1441,1391,1441,34349
2013-12-11,1405,2832,1434,1387,1434,6718
2013-12-12,1425,2872,1441,1363,1441,29824
2013-12-13,1413,2848,1445,1394,1445,7416
2013-12-16,1463,2950,1475,1398,1445,15143
2013-12-17,1520,3063,1563,1459,1482,86947
2013-12-18,1527,3079,1545,1471,1518,8732
2013-12-19,1526,3075,1553,1508,1553,6649
2013-12-20,1526,3075,1543,1496,1537,15306
2013-12-23,1508,3040,1531,1500,1521,5686
2013-12-24,1475,2973,1582,1486,1582,27537
2013-12-26,1531,3086,1563,1486,1486,29341
2013-12-27,1643,3311,1655,1519,1645,22086
2013-12-30,1641,3307,1671,1597,1671,989
2014-01-02,1639,3303,1688,1590,1653,2934
2014-01-03,1626,3277,1645,1562,1642,10240
2014-01-06,1669,3363,1722,1619,1638,4271
2014-01-07,1632,3290,1701,1638,1681,4812
2014-01-08,1641,3307,1662,1634,1662,1037
2014-01-09,1645,3316,1705,1593,1705,6632
2014-01-10,1641,3307,1701,1623,1701,3116
2014-01-13,1641,3307,1718,1621,1718,4890
2014-01-14,1636,3298,1688,1619,1688,18
2014-01-15,1632,3290,1653,1580,1653,14927
2014-01-16,1531,3086,1640,1543,1632,12469
2014-01-17,1626,3277,1718,1584,1584,42227
2014-01-20,1832,3692,1850,1701,1751,422069
2014-01-21,1757,3541,1835,1696,1768,243414
2014-01-22,1757,3541,1837,1733,1805,158912
2014-01-23,1677,3380,1774,1660,1774,85585
2014-01-24,1654,3333,1746,1614,1690,85620
2014-01-27,1800,3627,1883,1742,1742,455620
2014-01-28,1671,3367,1800,1636,1800,164719
2014-01-29,1639,3303,1757,1634,1718,92416
2014-02-03,1615,3255,1651,1580,1651,69141
2014-02-04,1581,3186,1634,1564,1601,34682
2014-02-05,1553,3129,1619,1564,1619,16214
2014-02-06,1583,3190,1595,1521,1554,52566
2014-02-07,1572,3168,1662,1567,1662,9254
2014-02-10,1544,3112,1593,1549,1588,11649
2014-02-11,1572,3168,1597,1549,1597,13324
2014-02-12,1621,3268,1636,1571,1584,7993
2014-02-13,1598,3220,1645,1586,1634,11033
2014-02-14,1561,3147,1619,1571,1610,3095
2014-02-17,1546,3116,1610,1558,1610,8399
2014-02-18,1538,3099,1564,1528,1554,39845
2014-02-19,1555,3134,1569,1532,1558,7422
2014-02-20,1568,3160,1580,1532,1567,8958
2014-02-21,1566,3155,1586,1536,1586,9536
2014-02-24,1572,3168,1662,1534,1577,19291
2014-02-25,1572,3168,1638,1569,1601,11585
2014-02-26,1563,3151,1590,1521,1586,24574
2014-02-27,1563,3151,1580,1558,1580,2596
2014-02-28,1581,3186,1645,1562,1580,37362
2014-03-03,1550,3125,1629,1562,1593,9859
2014-03-04,1527,3077,1621,1538,1621,19820
2014-03-05,1555,3134,1584,1519,1584,12689
2014-03-06,1542,3108,1571,1536,1567,20668
2014-03-07,1624,3272,1722,1580,1722,47745
2014-03-10,1608,3242,1647,1606,1642,2342
2014-03-11,1602,3229,1645,1588,1593,10487
2014-03-12,1606,3238,1621,1567,1621,11037
2014-03-13,1608,3242,1645,1567,1645,7752
2014-03-14,1617,3259,1645,1588,1588,36639
2014-03-17,1604,3233,1623,1595,1623,14093
2014-03-18,1578,3181,1636,1560,1636,17491
2014-03-19,1593,3212,1636,1584,1588,21167
2014-03-20,1593,3212,1612,1582,1612,1716
2014-03-21,1576,3177,1634,1588,1610,8531
2014-03-24,1617,3259,1629,1575,1601,13444
2014-03-25,1619,3264,1638,1595,1629,10469
2014-03-26,1613,3251,1638,1623,1634,17094
2014-03-27,1740,3506,1861,1608,1625,147205
2014-03-28,1772,3571,1794,1725,1755,32391
2014-03-31,1767,3562,1837,1727,1785,61548
2014-04-01,1800,3627,1813,1731,1783,22887
2014-04-02,1778,3584,1837,1759,1798,14008
2014-04-03,1761,3549,1818,1733,1796,16881
2014-04-04,1716,3458,1796,1720,1774,9351
2014-04-07,1718,3463,1753,1673,1703,12483
2014-04-08,1742,3510,1833,1716,1716,8429
2014-04-09,1767,3562,1787,1731,1755,14613
2014-04-10,1776,3580,1805,1742,1800,730
2014-04-11,1761,3549,1796,1733,1796,5696
2014-04-14,1746,3519,1774,1716,1774,15874
2014-04-15,1731,3489,1757,1701,1757,8884
2014-04-16,1701,3428,1740,1688,1701,48792
2014-04-17,1664,3354,1714,1645,1701,61538
2014-04-18,1666,3359,1703,1662,1668,21559
2014-04-21,1718,3463,1757,1679,1679,45216
2014-04-22,1740,3506,1761,1712,1761,56960
2014-04-23,1722,3471,1796,1731,1774,55426
2014-04-24,1703,3432,1764,1699,1764,32968
2014-04-25,1692,3411,1764,1666,1748,55498
2014-04-28,1651,3329,1705,1653,1705,18559
2014-04-29,1714,3454,1731,1658,1699,69111
2014-04-30,1714,3454,1740,1681,1740,11395
2014-05-02,1737,3502,1785,1727,1727,41499
2014-05-07,1830,3688,1844,1714,1751,80494
2014-05-08,1821,3671,1861,1774,1833,15653
2014-05-09,1866,3761,1880,1796,1848,110808
2014-05-12,1864,3757,2017,1865,1865,37193
2014-05-13,1886,3800,1924,1874,1924,11760
2014-05-14,1933,3896,1948,1841,1932,67036
2014-05-15,1941,3913,1974,1898,1930,30231
2014-05-16,1926,3883,1982,1893,1952,78478
2014-05-19,1924,3878,1963,1896,1963,59827
2014-05-20,1937,3904,1969,1902,1939,60859
2014-05-21,1918,3865,1952,1915,1952,11959
2014-05-22,1918,3865,1956,1861,1956,29739
2014-05-23,1918,3865,1939,1891,1939,7313
2014-05-26,1883,3796,1945,1852,1945,41806
2014-05-27,1888,3805,1902,1833,1852,51679
2014-05-28,1868,3766,1904,1863,1904,10055
2014-05-29,1856,3740,1891,1820,1891,22931
2014-05-30,1864,3757,1939,1865,1883,7993
2014-06-02,1864,3757,1887,1829,1887,19330
2014-06-03,1864,3757,1885,1844,1885,6078
2014-06-05,1810,3649,1900,1746,1878,50527
2014-06-09,1789,3606,1857,1774,1824,18935
2014-06-10,1817,3662,1844,1770,1824,22675
2014-06-11,1808,3645,1837,1783,1837,11795
2014-06-12,1800,3627,1822,1783,1822,10557
2014-06-13,1780,3588,1818,1764,1818,15641
2014-06-16,1804,3636,1818,1796,1800,5542
2014-06-17,1817,3662,1839,1792,1818,6055
2014-06-18,1804,3636,1857,1774,1835,30700
2014-06-19,1821,3671,1857,1796,1829,10423
2014-06-20,1866,3761,1880,1826,1850,30783
2014-06-23,1825,3679,1893,1839,1865,36022
2014-06-24,1823,3675,1887,1833,1887,13728
2014-06-25,1843,3714,1876,1813,1839,6269
2014-06-26,1813,3653,1859,1798,1859,22462
2014-06-27,1815,3658,1837,1805,1837,4149
2014-06-30,1813,3653,1833,1807,1833,11090
2014-07-01,1832,3692,1852,1811,1829,10617
2014-07-02,1813,3653,1861,1818,1859,11686
2014-07-03,1804,3636,1848,1805,1848,63144
2014-07-04,1772,3571,1861,1785,1861,16704
2014-07-07,1909,3848,1924,1766,1809,69584
2014-07-08,1984,4000,2017,1926,1948,56644
2014-07-09,1967,3965,2034,1941,2012,43851
2014-07-10,1963,3956,2095,1865,1974,76801
2014-07-11,1954,3939,2041,1887,2030,122368
2014-07-14,1898,3826,2030,1902,1958,92502
2014-07-15,1907,3844,1941,1878,1906,58434
2014-07-16,1916,3861,1948,1880,1948,68743
2014-07-17,1890,3809,1939,1831,1939,140011
2014-07-18,1883,3796,1909,1831,1909,85440
2014-07-21,1847,3722,1948,1857,1878,44625
2014-07-22,1804,3636,1865,1807,1865,68297
2014-07-23,1802,3632,1846,1787,1809,52375
2014-07-24,1787,3601,1948,1757,1883,233948
2014-07-25,1810,3649,1857,1787,1787,33795
2014-07-28,1798,3623,1833,1774,1833,38759
2014-07-29,1789,3606,1813,1770,1792,24966
2014-07-30,1819,3666,1833,1774,1807,9104
2014-07-31,1802,3632,1848,1774,1833,30194
2014-08-01,1813,3653,1826,1772,1805,87676
2014-08-04,1802,3632,1844,1811,1844,4498
2014-08-05,1795,3619,1826,1787,1826,15147
2014-08-06,1772,3571,1809,1785,1796,27045
2014-08-07,1755,3536,1809,1768,1809,99450
2014-08-08,1838,3705,1852,1744,1792,13176
2014-08-11,1840,3709,1865,1774,1813,35172
2014-08-12,1836,3701,1859,1818,1818,24692
2014-08-13,1834,3696,1861,1805,1861,26117
2014-08-14,1821,3671,1848,1818,1848,19531
2014-08-18,1860,3748,1900,1809,1835,35823
2014-08-19,1860,3748,1874,1839,1852,19718
2014-08-20,1838,3705,1891,1818,1891,59695
2014-08-21,1828,3683,1852,1809,1852,14539
2014-08-22,1836,3701,1859,1822,1841,29720
2014-08-25,1916,3861,1945,1850,1852,35819
2014-08-26,2068,4168,2093,1911,1913,105144
2014-08-27,2111,4255,2153,2028,2047,153583
2014-08-28,2124,4281,2186,2116,2145,78642
2014-08-29,2148,4329,2168,2069,2140,61917
2014-09-01,2165,4363,2186,2099,2164,46399
2014-09-02,2161,4354,2190,2114,2190,69993
2014-09-03,2199,4432,2216,2138,2177,68584
2014-09-04,2436,4909,2545,2216,2216,1064875
2014-09-05,2440,4917,2484,2350,2424,157360
2014-09-11,2491,5021,2545,2406,2458,102084
2014-09-12,2453,4943,2510,2316,2510,161132
2014-09-15,2375,4787,2450,2294,2406,260757
2014-09-16,2358,4753,2398,2290,2398,95729
2014-09-17,2363,4761,2406,2341,2376,66660
2014-09-18,2341,4718,2398,2354,2398,64918
2014-09-19,2371,4779,2424,2294,2359,60693
2014-09-22,2401,4839,2424,2380,2424,90289
2014-09-23,2487,5012,2779,2385,2445,739655
2014-09-24,2560,5160,2614,2519,2571,349034
2014-09-25,2595,5229,2614,2519,2580,184387
2014-09-26,2650,5342,2705,2580,2632,183393
2014-09-29,2659,5359,2692,2575,2671,131871
2014-09-30,2552,5142,2675,2532,2675,341677
2014-10-01,2534,5108,2597,2489,2597,221439
2014-10-02,2650,5342,2696,2484,2575,351427
2014-10-06,2560,5160,2787,2580,2671,423284
2014-10-07,2977,3000,3000,2675,2727,420211
2014-10-08,3419,3445,3445,3069,3445,1805323
2014-10-10,3321,3346,3714,3294,3445,1198546
2014-10-13,2977,3000,3307,2956,3229,818701
2014-10-14,2891,2913,3008,2857,2857,331247
2014-10-15,3101,3125,3168,2857,2926,282540
2014-10-16,3097,3121,3138,2935,3064,163459
2014-10-17,3063,3086,3186,2917,3077,168225
2014-10-20,3007,3030,3168,3004,3125,81618
2014-10-21,2994,3017,3030,2891,3030,100395
2014-10-22,2960,2982,3038,2913,3038,79532
2014-10-23,2990,3012,3030,2900,2952,71195
2014-10-24,2981,3004,3047,2943,3047,46334
2014-10-27,3033,3056,3190,2900,3004,340188
2014-10-28,2998,3021,3060,2969,3021,52369
2014-10-29,2792,2813,2995,2805,2961,311107
2014-10-30,2827,2848,2922,2761,2774,91452
2014-10-31,2818,2839,2857,2770,2805,76543
2014-11-03,2749,2770,2852,2640,2835,118301
2014-11-04,2680,2701,2770,2536,2770,107072
2014-11-05,2655,2675,2675,2445,2536,225424
2014-11-06,2646,2666,2701,2549,2597,63243
2014-11-07,2676,2696,2701,2597,2666,81846
2014-11-10,2646,2666,2705,2580,2645,142164
2014-11-11,2569,2588,2675,2467,2675,150246
2014-11-12,2440,2458,2584,2411,2549,163353
2014-11-13,2474,2493,2506,2428,2471,90194
2014-11-14,2474,2493,2541,2432,2515,53838
2014-11-17,2466,2484,2536,2424,2445,66831
2014-11-18,2461,2480,2528,2402,2502,117336
2014-11-19,2436,2454,2506,2411,2506,44988
2014-11-20,2397,2415,2450,2350,2432,120259
2014-11-21,2354,2372,2398,2341,2398,70450
2014-11-24,2380,2398,2398,2316,2341,152587
2014-11-25,2474,2493,2493,2415,2445,47837
2014-11-26,2448,2467,2502,2432,2493,23781
2014-11-27,2479,2497,2502,2441,2450,39171
2014-11-28,2448,2467,2519,2424,2519,62157
2014-12-01,2457,2476,2497,2411,2467,28213
2014-12-02,2474,2493,2493,2411,2476,38323
2014-12-03,2479,2497,2497,2458,2493,15864
2014-12-04,2470,2489,2510,2458,2510,17625
2014-12-05,2521,2541,2549,2476,2510,41173
2014-12-08,2530,2549,2562,2484,2484,28071
2014-12-09,2534,2554,2588,2515,2549,35920
2014-12-10,2521,2541,2554,2502,2506,16838
2014-12-11,2513,2532,2597,2502,2597,40680
2014-12-12,2496,2515,2528,2489,2510,10055
2014-12-15,2448,2467,2515,2467,2515,19282
2014-12-16,2341,2359,2454,2337,2419,42986
2014-12-17,2341,2359,2428,2311,2311,40944
2014-12-18,2225,2242,2380,2134,2316,106516
2014-12-19,2358,2376,2484,2233,2242,97125
2014-12-22,2680,2701,2714,2415,2502,419386
2014-12-23,2603,2623,2675,2510,2640,228131
2014-12-24,2629,2649,2679,2571,2597,75372
2014-12-26,2633,2653,2658,2536,2649,147966
2014-12-29,2948,2948,2982,2701,2779,1396662
2014-12-30,2753,2753,3064,2744,3064,679043
2015-01-02,2826,2826,2826,2623,2753,331840
2015-01-05,2987,2987,3051,2874,2969,874427
2015-01-06,3229,3229,3316,2917,2995,1669479
2015-01-07,2896,2896,3290,2857,3255,1030527
2015-01-08,2857,2857,2978,2757,2874,412267
2015-01-09,2787,2787,2883,2722,2883,327974
2015-01-12,2636,2636,2770,2606,2731,363341
2015-01-13,2636,2636,2683,2632,2632,130395
2015-01-14,2692,2692,2718,2623,2679,142767
2015-01-15,2683,2683,2718,2640,2714,77472
2015-01-16,2666,2666,2831,2653,2683,299185
2015-01-19,2523,2523,2688,2510,2683,236430
2015-01-20,2597,2597,2675,2484,2523,99048
2015-01-21,2588,2588,2597,2528,2597,66738
2015-01-22,2584,2584,2606,2532,2558,85671
2015-01-23,2562,2562,2584,2515,2580,114176
2015-01-26,2489,2489,2597,2424,2571,176892
2015-01-27,2484,2484,2493,2437,2441,79179
2015-01-28,2476,2476,2489,2424,2484,102741
2015-01-29,2437,2437,2467,2393,2450,131427
2015-01-30,2441,2441,2484,2402,2445,84996
2015-02-02,2493,2493,2528,2424,2441,86005
2015-02-03,2536,2536,2536,2441,2528,92051
2015-02-04,2510,2510,2567,2497,2515,63710
2015-02-05,2536,2536,2571,2502,2502,40321
2015-02-06,2571,2571,2571,2510,2519,77397
2015-02-09,2666,2666,2683,2597,2632,215209
2015-02-10,2636,2636,2683,2580,2666,93731
2015-02-11,2632,2632,2761,2562,2619,168213
2015-02-12,2640,2640,2683,2575,2675,56780
2015-02-13,2653,2653,2761,2597,2640,203831
2015-02-16,2662,2662,2683,2623,2675,93488
2015-02-17,2688,2688,2718,2623,2623,75686
2015-02-23,2666,2666,2761,2666,2688,76400
2015-02-24,2658,2658,2696,2645,2666,56694
2015-02-25,2701,2701,2701,2614,2658,97103
2015-02-26,2709,2709,2822,2675,2683,467827
2015-02-27,2748,2748,2770,2692,2709,136028
2015-03-02,2735,2735,2796,2692,2796,81826
2015-03-03,2688,2688,2740,2666,2740,92563
2015-03-04,2679,2679,2696,2658,2692,66874
2015-03-05,2714,2714,2714,2636,2679,66689
2015-03-06,2727,2727,2770,2688,2735,61693
2015-03-09,2701,2701,2748,2675,2748,56645
2015-03-10,2645,2645,2727,2623,2727,55290
2015-03-11,2541,2541,2636,2541,2636,69504
2015-03-12,2541,2541,2597,2484,2541,59619
2015-03-13,2545,2545,2610,2510,2541,71519
2015-03-16,2584,2584,2588,2541,2554,50899
2015-03-17,2606,2606,2636,2575,2597,45895
2015-03-18,2597,2597,2623,2541,2623,32648
2015-03-19,2619,2619,2632,2575,2632,26667
2015-03-20,2662,2662,2679,2606,2627,76996
2015-03-23,2731,2731,2805,2683,2727,205567
2015-03-24,3073,3073,3116,2731,2744,644521
2015-03-25,3160,3160,3160,2978,3064,242953
2015-03-26,3212,3212,3445,3030,3134,352951
2015-03-27,3242,3242,3333,3116,3207,139330
2015-03-30,3363,3363,3398,3242,3281,215606
2015-03-31,3437,3437,3536,3341,3367,195764
2015-04-01,3480,3480,3541,3406,3437,141326
2015-04-02,3493,3493,3614,3411,3432,110367
2015-04-03,3502,3502,3549,3290,3458,307948
2015-04-06,3844,3844,3874,3489,3489,390549
2015-04-07,3839,3839,3874,3718,3874,222423
2015-04-08,3831,3831,3874,3748,3874,83234
2015-04-09,3835,3835,3974,3731,3826,126909
2015-04-10,3982,3982,4086,3766,3800,180190
2015-04-13,4103,4103,4151,3943,4069,216639
2015-04-14,3943,3943,4103,3662,4103,342410
2015-04-15,3965,3965,4004,3878,3917,136813
2015-04-16,3969,3969,4099,3852,3965,101657
2015-04-17,3965,3965,4021,3917,4021,64604
2015-04-20,3948,3948,4008,3679,3917,215160
2015-04-21,3939,3939,4004,3809,4004,129435
2015-04-22,4099,4099,4285,3818,3995,317147
2015-04-23,4155,4155,4242,3995,4242,172433
2015-04-24,4216,4216,4246,4095,4164,194499
2015-04-27,4246,4246,4251,4155,4238,122884
2015-04-28,4233,4233,4264,4112,4207,1085897
2015-04-29,4562,4562,4675,4199,4277,456079
2015-04-30,4900,4900,4900,4484,4580,328104
2015-05-04,4675,4675,4917,4510,4900,233864
2015-05-06,4701,4701,4848,4303,4675,253501
2015-05-07,4727,4727,5090,4588,4761,302869
2015-05-08,4822,4822,4848,4675,4727,196075
2015-05-11,5541,5541,5541,4822,4865,669119
2015-05-12,5636,5636,5731,5393,5714,347995
2015-05-13,5974,5974,5974,5428,5636,260996
2015-05-14,6025,6025,6103,5722,5896,260888
2015-05-15,6493,6493,6926,6025,6181,383134
2015-05-18,6502,6502,6735,6199,6441,254583
2015-05-19,6813,6813,6883,6536,6675,171367
2015-05-20,7012,7012,7151,6805,6961,259759
2015-05-21,6952,6952,7177,6796,7099,159254
2015-05-22,6580,6580,6952,6164,6952,659152
2015-05-26,6398,6398,6614,6190,6580,325242
2015-05-27,6450,6450,6926,6112,6242,378401
2015-05-28,6666,6666,6969,6450,6753,404446
2015-05-29,6753,6753,6813,6441,6666,243424
2015-06-01,6666,6666,6926,6372,6900,215681
2015-06-02,6424,6424,6683,6363,6658,237951
2015-06-03,6580,6580,6753,6259,6363,273804
2015-06-04,6571,6571,6658,6406,6536,142719
2015-06-05,6675,6675,6709,6424,6562,199526
2015-06-08,6502,6502,6683,6415,6683,140201
2015-06-09,6043,6043,6406,6000,6398,386050
2015-06-10,6147,6147,6216,5930,6069,167388
2015-06-11,6285,6285,6363,6043,6147,207018
2015-06-12,6320,6320,6528,6242,6320,169363
2015-06-15,6493,6493,6528,6294,6294,175660
2015-06-16,6528,6528,6528,6233,6415,158683
2015-06-17,6502,6502,6580,6320,6528,278467
2015-06-18,7757,7757,7757,6502,6502,1034700
2015-06-19,7653,7653,7956,7445,7956,387854
2015-06-22,8398,8398,8467,7385,7705,492052
2015-06-23,8277,8277,8554,7974,8554,277602
2015-06-24,8354,8354,8484,7974,8190,275990
2015-06-25,7272,7272,8311,7012,8311,1045504
2015-06-26,7134,7134,7515,6900,7272,457754
2015-06-29,6467,6467,6995,6277,6917,479379
2015-06-30,6701,6701,6709,6025,6320,265388
2015-07-01,6666,6666,6787,6545,6666,210656
2015-07-02,6961,6961,7064,6640,6744,377949
2015-07-03,6883,6883,7004,6761,7004,140587
2015-07-06,6796,6796,6883,6519,6796,152279
2015-07-07,5835,5835,6796,5835,6796,332460
2015-07-08,5567,5567,6000,5281,5800,336695
2015-07-09,5523,5523,5627,5281,5549,168419
2015-07-10,5627,5627,5844,5324,5541,210121
2015-07-13,5696,5696,5913,5515,5627,197595
2015-07-14,5904,5904,5913,5714,5800,356849
2015-07-15,6259,6259,6623,5870,5974,337524
2015-07-16,6380,6380,6424,6060,6398,188561
2015-07-17,6380,6380,6510,6147,6493,159135
2015-07-20,6173,6173,6372,6008,6303,125956
2015-07-21,5974,5974,6268,5818,6181,116097
2015-07-22,5740,5740,6147,5506,5870,194754
2015-07-23,5809,5809,6406,5714,5740,330374
2015-07-24,5610,5610,5974,5497,5887,144421
2015-07-27,5402,5402,5627,5194,5627,154499
2015-07-28,5333,5333,5454,5142,5281,87951
2015-07-29,5229,5229,5541,5203,5541,92259
2015-07-30,4761,4761,5341,4675,5229,170195
2015-07-31,4848,4848,4891,4519,4805,80108
2015-08-03,4787,4787,5004,4787,4935,64914
2015-08-04,5246,5246,5367,4692,4692,79256
2015-08-05,5367,5367,5428,5012,5151,69075
2015-08-06,5376,5376,5489,5272,5316,39899
2015-08-07,5393,5393,5428,5238,5428,39662
2015-08-10,5402,5402,5541,5229,5419,68832
2015-08-11,5393,5393,5471,5281,5367,51208
2015-08-12,5047,5047,5376,4787,5376,112928
2015-08-13,5367,5367,5367,5012,5142,81625
2015-08-14,5367,5367,5367,5367,5367,0
2015-08-17,5411,5411,5523,5341,5367,80894
2015-08-18,5376,5376,5480,5125,5480,66523
2015-08-19,5021,5021,5627,4779,5160,614408
2015-08-20,4796,4796,4995,4658,4995,196142
2015-08-21,4329,4329,4493,4112,4337,184242
2015-08-24,4064,4064,4389,4064,4277,77010
2015-08-25,4467,4467,4528,3991,4073,157564
2015-08-26,4484,4484,4588,4389,4493,66935
2015-08-27,4675,4675,4683,4484,4493,95051
2015-08-28,4675,4675,4744,4588,4744,66565
2015-08-31,4588,4588,4727,4458,4727,45162
2015-09-01,4415,4415,4580,4320,4580,109846
2015-09-02,4424,4424,4441,4155,4207,82872
2015-09-03,4458,4458,4545,4363,4502,71831
2015-09-04,4272,4272,4528,4207,4458,58929
2015-09-07,4277,4277,4303,4164,4242,39739
2015-09-08,4272,4272,4324,4138,4285,33309
2015-09-09,4259,4259,4363,4207,4251,31270
2015-09-10,4160,4160,4233,4112,4233,46490
2015-09-11,4233,4233,4415,4164,4168,78935
2015-09-14,4164,4164,4324,4112,4225,38925
2015-09-15,4086,4086,4225,4064,4155,51193
2015-09-16,4116,4116,4177,4086,4177,35993
2015-09-17,4177,4177,4229,4108,4186,96021
2015-09-18,4398,4398,4398,4199,4242,110485
2015-09-21,4649,4649,4649,4285,4337,87628
2015-09-22,4761,4761,5151,4718,4935,226409
2015-09-23,4588,4588,4796,4467,4632,84671
2015-09-24,4701,4701,5004,4502,4718,120587
2015-09-25,4528,4528,4744,4476,4744,50374
2015-09-30,4519,4519,4744,4458,4744,66478
2015-10-01,4484,4484,4519,4389,4510,68830
2015-10-02,4528,4528,4528,4372,4484,48492
2015-10-05,4528,4528,4632,4476,4614,63907
2015-10-06,4458,4458,4588,4424,4588,42529
2015-10-07,4441,4441,4502,4389,4424,32192
2015-10-08,4441,4441,4502,4389,4432,60744
2015-10-12,4432,4432,4493,4398,4441,52698
2015-10-13,4398,4398,4476,4363,4476,32279
2015-10-14,4337,4337,4415,4268,4372,47531
2015-10-15,4372,4372,4372,4264,4294,56002
2015-10-16,4372,4372,4450,4320,4380,92172
2015-10-19,4406,4406,4424,4337,4380,64470
2015-10-20,4389,4389,4389,4324,4380,82857
2015-10-21,4432,4432,4476,4337,4372,97057
2015-10-22,4372,4372,4380,4307,4372,72963
2015-10-23,4346,4346,4372,4320,4372,50699
2015-10-26,4354,4354,4398,4316,4329,69313
2015-10-27,4562,4562,4571,4324,4354,185144
2015-10-28,4554,4554,4727,4502,4623,145222
2015-10-29,4415,4415,4571,4329,4571,85967
2015-10-30,4320,4320,4372,4285,4363,64165
2015-11-02,4320,4320,4354,4233,4294,37222
2015-11-03,4320,4320,4324,4264,4316,50890
2015-11-04,4354,4354,4354,4268,4268,24693
2015-11-05,4337,4337,4337,4285,4320,22871
2015-11-06,4307,4307,4354,4268,4337,59133
2015-11-09,4190,4190,4294,4168,4285,51431
2015-11-10,4086,4086,4129,4012,4077,49562
2015-11-11,4103,4103,4151,4069,4090,23794
2015-11-12,4043,4043,4082,3965,4051,57854
2015-11-13,4004,4004,4004,3900,3982,39270
2015-11-16,3913,3913,3948,3883,3948,26373
2015-11-17,3969,3969,3969,3883,3913,20085
2015-11-18,3982,3982,3995,3913,3913,23079
2015-11-19,3982,3982,4008,3922,4000,20901
2015-11-20,3982,3982,4000,3935,3974,34912
2015-11-23,4034,4034,4034,3943,3943,43249
2015-11-24,4155,4155,4285,4004,4112,91105
2015-11-25,4190,4190,4251,4025,4173,30740
2015-11-26,4203,4203,4220,4112,4168,48977
2015-11-27,4181,4181,4225,4147,4225,21583
2015-11-30,4160,4160,4199,4090,4199,22864
2015-12-01,4056,4056,4129,4017,4129,41633
2015-12-02,3965,3965,4051,3965,4017,59979
2015-12-03,3904,3904,3956,3887,3956,27201
2015-12-04,3961,3961,3961,3852,3891,26503
2015-12-07,3952,3952,3956,3896,3913,35076
2015-12-08,3926,3926,4025,3887,3952,21850
2015-12-09,3896,3896,4017,3848,3935,29541
2015-12-10,3826,3826,3956,3722,3883,29876
2015-12-11,3848,3848,3896,3809,3865,40292
2015-12-14,3848,3848,3891,3753,3809,53845
2015-12-15,3865,3865,3887,3826,3887,33649
2015-12-16,4008,4008,4008,3844,3861,39745
2015-12-17,4298,4298,5151,3991,4008,1219775
2015-12-18,4354,4354,4380,4199,4298,144623
2015-12-21,4298,4298,4354,4233,4354,90440
2015-12-22,4290,4290,4311,4225,4311,48452
2015-12-23,4450,4450,4476,4285,4303,98623
2015-12-24,4545,4545,4588,4398,4493,95401
2015-12-28,4606,4606,4614,4484,4545,100537
2015-12-29,4742,4742,4809,4695,4809,48475
2015-12-30,4761,4761,4780,4709,4747,36399
2016-01-04,4761,4761,4790,4700,4761,34151
2016-01-05,4771,4771,4809,4647,4666,38447
2016-01-06,4676,4676,4790,4628,4771,39754
2016-01-07,4680,4680,4752,4619,4695,60807
2016-01-08,4709,4709,4709,4404,4666,37762
2016-01-11,5095,5095,5314,4633,4838,146567
2016-01-12,5485,5485,5904,5066,5219,694013
2016-01-13,5190,5190,5561,5057,5561,223969
2016-01-14,5161,5161,5571,4980,5200,172056
2016-01-15,5161,5161,5228,5009,5171,81440
2016-01-18,5076,5076,5161,4961,5161,34070
2016-01-19,5085,5085,5095,4980,5076,42728
2016-01-20,5076,5076,5285,4942,5095,81300
2016-01-21,4990,4990,5085,4857,5076,56994
2016-01-22,4876,4876,5009,4809,4961,35315
2016-01-25,5000,5000,5209,4866,4876,86557
2016-01-26,4895,4895,5142,4819,5142,42731
2016-01-27,4876,4876,4923,4809,4923,30596
2016-01-28,4914,4914,4914,4728,4809,40008
2016-01-29,5219,5219,5266,4809,4857,210648
2016-02-01,6780,6780,6780,5333,5333,3250251
2016-02-02,6857,6857,8314,6238,7095,9257257
2016-02-03,6457,6457,7790,6342,7047,6311404
2016-02-04,5923,5923,6733,5752,6390,2073358
2016-02-05,5990,5990,6285,5676,6085,2153048
2016-02-11,5304,5304,5990,5304,5990,1065135
2016-02-12,4838,4838,5276,4752,5190,777870
2016-02-15,4933,4933,5057,4733,4733,435882
2016-02-16,5200,5200,5200,4895,4980,403980
2016-02-17,5657,5657,5790,5047,5409,1028089
2016-02-18,5542,5542,5676,5390,5628,560130
2016-02-19,5238,5238,5552,5161,5542,321360
2016-02-22,4952,4952,5200,4942,5200,340914
2016-02-23,4904,4904,5009,4790,4961,203379
2016-02-24,4914,4914,4971,4847,4857,123873
2016-02-25,4895,4895,5028,4876,4914,122327
2016-02-26,5180,5180,5485,5000,5000,1036457
2016-02-29,5047,5047,5266,5028,5219,324222
2016-03-02,5190,5190,5276,5047,5047,206650
2016-03-03,5095,5095,5228,4933,5200,178879
2016-03-04,5095,5095,5247,5076,5190,112008
2016-03-07,5228,5228,5228,5066,5066,113208
2016-03-08,5161,5161,5257,5047,5228,217995
2016-03-09,5228,5228,5352,5142,5161,156319
2016-03-10,5295,5295,5371,5152,5152,127152
2016-03-11,5476,5476,5780,5342,5342,913268
2016-03-14,5504,5504,5523,5295,5476,172555
2016-03-15,5314,5314,5495,5314,5495,200293
2016-03-16,5580,5580,5600,5228,5276,244417
2016-03-17,5695,5695,5790,5523,5580,353788
2016-03-18,5876,5876,5904,5638,5780,254310
2016-03-21,5809,5809,5942,5685,5876,135941
2016-03-22,6247,6247,7095,5771,5809,1986358
2016-03-23,5838,5838,6123,5809,6057,492868
2016-03-24,5857,5857,5971,5657,5838,193866
2016-03-25,5809,5809,6038,5761,5809,108780
2016-03-28,5800,5800,5961,5780,5961,83007
2016-03-29,5809,5809,5866,5723,5752,66369
2016-03-30,5819,5819,5895,5780,5876,45615
2016-03-31,6323,6323,6514,5876,5885,958674
2016-04-01,6380,6380,6809,6228,6228,296353
2016-04-04,6314,6314,6476,6276,6476,167532
2016-04-05,6504,6504,6600,6247,6247,202794
2016-04-06,6752,6752,7076,6361,6504,637616
2016-04-07,6723,6723,6857,6533,6695,195685
2016-04-08,6723,6723,6780,6580,6714,90383
2016-04-11,6847,6847,6904,6657,6666,162254
2016-04-12,6838,6838,6952,6771,6942,146725
2016-04-14,6533,6533,6904,6533,6838,227640
2016-04-15,6561,6561,6771,6485,6533,93384
2016-04-18,6647,6647,6800,6190,6390,216533
2016-04-19,6504,6504,6638,6485,6523,127686
2016-04-20,6457,6457,6780,6390,6571,203277
2016-04-21,6304,6304,6476,6266,6361,212871
2016-04-22,6428,6428,6447,6304,6352,86223
2016-04-25,6314,6314,6466,6295,6428,114699
2016-04-26,6400,6400,6628,6314,6371,163151
2016-04-27,6361,6361,6533,6314,6419,135572
2016-04-28,6095,6095,6600,6057,6533,295546
2016-04-29,6238,6238,6457,5971,5971,99895
2016-05-02,6200,6200,6428,6200,6323,108402
2016-05-03,6190,6190,6323,6114,6200,51874
2016-05-04,6028,6028,6190,6000,6190,113434
2016-05-09,6142,6142,6142,6019,6028,61193
2016-05-10,6542,6542,6619,6142,6142,225783
2016-05-11,6771,6771,6847,6552,6571,283783
2016-05-12,6847,6847,6847,6666,6676,117433
2016-05-13,6685,6685,6857,6685,6847,131767
2016-05-16,7361,7361,7514,6657,6685,517807
2016-05-17,7533,7533,7742,6828,7219,630736
2016-05-18,7904,7904,8857,7409,7561,1131868
2016-05-19,8142,8142,8657,7761,7876,349133
2016-05-20,8095,8095,8409,7933,8238,227266
2016-05-23,8476,8476,8571,8123,8123,277116
2016-05-24,8685,8685,8742,8323,8542,233036
2016-05-25,8104,8104,8838,8047,8628,347826
2016-05-26,8361,8361,8466,7857,8095,167399
2016-05-27,8266,8266,8380,7847,8371,92556
2016-05-30,8095,8095,8380,7904,8380,107341
2016-05-31,8285,8285,8285,7952,8009,81609
2016-06-01,8666,8666,9428,8209,8285,412434
2016-06-02,8638,8638,8723,8533,8695,73722
2016-06-03,9114,9114,9476,8676,8676,434310
2016-06-07,9133,9133,9228,8866,9114,139610
2016-06-08,9219,9219,9409,8952,9085,119250
2016-06-09,9133,9133,9428,8942,9219,123293
2016-06-10,9019,9019,9219,8533,9133,112736
2016-06-13,8542,8542,9095,8504,9019,130026
2016-06-14,8428,8428,8666,8333,8476,75322
2016-06-15,8704,8704,8704,8428,8428,66452
2016-06-16,8285,8285,8761,7895,8761,200436
2016-06-17,8161,8161,8457,7990,8333,93205
2016-06-20,8180,8180,8257,8028,8028,44992
2016-06-21,8123,8123,8352,8038,8142,51171
2016-06-22,7866,7866,8209,7714,8047,94567
2016-06-23,7780,7780,7895,7628,7866,67844
2016-06-24,7238,7238,8180,6857,7866,261583
2016-06-27,7342,7342,7419,6676,6676,158541
2016-06-28,7733,7733,7809,7161,7295,72793
2016-06-29,8133,8133,8133,7619,7742,97290
2016-06-30,8285,8285,8380,8142,8228,70301
2016-07-01,8152,8152,8428,8057,8428,77129
2016-07-04,8133,8133,8333,7961,8333,41888
2016-07-05,7990,7990,8133,7914,8133,54738
2016-07-06,7809,7809,8038,7619,8038,99765
2016-07-07,7942,7942,7961,7714,7828,48280
2016-07-08,7761,7761,7942,7676,7942,49327
2016-07-11,7638,7638,7761,7476,7761,99879
2016-07-12,7514,7514,7761,7428,7542,63081
2016-07-13,7600,7600,7742,7485,7580,27388
2016-07-14,7571,7571,7714,7561,7561,50536
2016-07-15,7952,7952,7952,7571,7580,98579
2016-07-18,7980,7980,7980,7819,7952,44998
2016-07-19,8419,8419,8742,7876,7914,308609
2016-07-20,8666,8666,8742,8400,8419,161980
2016-07-21,8619,8619,8876,8552,8590,119909
2016-07-22,8952,8952,9038,8323,8466,213110
2016-07-25,8914,8914,9038,8752,8952,64843
2016-07-26,8809,8809,8933,8704,8876,62593
2016-07-27,8800,8800,9028,8628,8761,118831
2016-07-28,8961,8961,8990,8800,8933,105877
2016-07-29,8923,8923,9038,8542,8895,195988
2016-08-01,9009,9009,9009,8800,8857,70013
2016-08-02,8952,8952,9171,8857,8885,69383
2016-08-03,8885,8885,9047,8809,9047,40097
2016-08-04,8885,8885,8952,8800,8800,29470
2016-08-05,8714,8714,8904,8685,8885,51630
2016-08-08,8790,8790,8800,8609,8714,53768
2016-08-09,8723,8723,8933,8676,8790,40624
2016-08-10,8695,8695,8876,8638,8876,26330
2016-08-11,8571,8571,8838,8466,8838,64354
2016-08-12,8685,8685,8685,8523,8571,34037
2016-08-16,8571,8571,8761,8504,8685,45941
2016-08-17,8571,8571,8571,8428,8476,43206
2016-08-18,8438,8438,8733,8342,8571,65714
2016-08-19,8276,8276,8447,7914,8361,58303
2016-08-22,8190,8190,8266,8123,8200,35168
2016-08-23,8133,8133,8323,8104,8104,52386
2016-08-24,8152,8152,8428,8076,8133,25134
2016-08-25,8380,8380,8380,8104,8152,32203
2016-08-26,8466,8466,8466,8285,8323,17495
2016-08-29,8257,8257,8609,8047,8609,41449
2016-08-30,8257,8257,8304,8114,8123,24740
2016-08-31,8209,8209,8333,8104,8228,69161
2016-09-01,8200,8200,8428,7990,8428,33461
2016-09-02,8228,8228,8323,8066,8104,28142
2016-09-05,8085,8085,8285,7990,8285,54198
2016-09-06,8047,8047,8171,7942,8114,20877
2016-09-07,7980,7980,8076,7742,8047,62207
2016-09-08,7800,7800,8000,7714,8000,48244
2016-09-09,8209,8209,8571,7685,7800,100673
2016-09-12,8523,8523,8885,8209,8209,490686
2016-09-13,8247,8247,8428,7619,8285,127580
2016-09-19,8095,8095,8266,7980,8247,70181
2016-09-20,8085,8085,8114,7952,8066,32608
2016-09-21,8038,8038,8085,7904,8019,51101
2016-09-22,8266,8266,8761,8123,8266,79041
2016-09-23,8304,8304,8314,8085,8266,27714
2016-09-26,8247,8247,8457,8180,8361,54837
2016-09-27,8076,8076,8371,7961,8257,71145
2016-09-28,7933,7933,8142,7895,8038,49110
2016-09-29,7914,7914,8085,7914,7933,30785
2016-09-30,7857,7857,8038,7857,7914,31023
2016-10-04,7838,7838,8028,7809,7857,26494
2016-10-05,7838,7838,7885,7780,7790,18097
2016-10-06,7800,7800,7904,7733,7904,39641
2016-10-07,7800,7800,7895,7704,7895,41596
2016-10-10,7752,7752,7809,7685,7809,17266
2016-10-11,7752,7752,7809,7666,7714,18592
2016-10-12,7800,7800,7809,7704,7800,4815
2016-10-13,7761,7761,7800,7714,7800,12712
2016-10-14,7790,7790,7800,7609,7619,33560
2016-10-17,7714,7714,7809,7676,7676,24281
2016-10-18,7609,7609,7809,7609,7704,30158
2016-10-19,7590,7590,7723,7580,7619,22913
2016-10-20,7419,7419,7714,7380,7714,28539
2016-10-21,7447,7447,7695,7161,7228,33224
2016-10-24,7380,7380,7504,7361,7361,16339
2016-10-25,7276,7276,7600,7276,7523,24360
2016-10-26,7285,7285,7352,7171,7352,40183
2016-10-27,7142,7142,7457,6761,7457,34248
2016-10-28,7142,7142,7285,7057,7285,22896
2016-10-31,6761,6761,7142,6761,7019,42164
2016-11-01,7019,7019,7323,6571,6571,23601
2016-11-02,6685,6685,7047,6666,7047,28346
2016-11-03,6761,6761,7238,6609,6657,42697
2016-11-04,6761,6761,6942,6619,6838,24880
2016-11-07,6971,6971,7114,6695,6695,12849
2016-11-08,7000,7000,7228,6866,6961,8313
2016-11-09,6657,6657,7133,6571,6990,40396
2016-11-10,7028,7028,7133,6752,7000,43170
2016-11-11,6971,6971,7142,6952,7142,11797
2016-11-14,6895,6895,6990,6780,6971,22073
2016-11-15,6780,6780,7190,6733,6895,11413
2016-11-16,6714,6714,6847,6685,6847,16980
2016-11-17,6704,6704,6819,6685,6780,21737
2016-11-18,6895,6895,6933,6676,6685,18305
2016-11-21,6866,6866,7571,6857,7571,77382
2016-11-22,6990,6990,7028,6809,6895,13788
2016-11-23,6980,6980,7066,6857,7066,11455
2016-11-24,6885,6885,7142,6819,7114,15151
2016-11-25,6828,6828,6971,6809,6885,4930
2016-11-28,6600,6600,6933,6600,6933,20069
2016-11-29,6723,6723,6838,6580,6580,23047
2016-11-30,6828,6828,6857,6695,6847,5415
2016-12-01,6752,6752,6857,6695,6828,11073
2016-12-02,6657,6657,6742,6619,6695,11640
2016-12-05,6390,6390,7047,6333,6752,28131
2016-12-06,6428,6428,6523,6295,6295,18085
2016-12-07,6476,6476,6476,6257,6457,14616
2016-12-08,6409,6409,6476,6304,6476,18254
2016-12-09,6419,6419,6447,6342,6428,8559
2016-12-12,6609,6609,6609,6333,6352,28695
2016-12-13,6819,6819,6828,6590,6657,13587
2016-12-14,6866,6866,6914,6761,6819,13025
2016-12-15,6952,6952,6980,6847,6952,22028
2016-12-16,7066,7066,7333,6952,6952,21873
2016-12-19,7047,7047,7180,6819,7066,22871
2016-12-20,7047,7047,7219,6952,7047,12714
2016-12-21,6980,6980,7047,6838,7047,17610
2016-12-22,7238,7238,7352,6733,6980,93616
2016-12-23,6933,6933,7152,6895,7152,65433
2016-12-26,6819,6819,7028,6800,6933,41541
2016-12-27,6809,6809,6980,6780,6819,47796
2016-12-28,7050,7050,7190,7000,7000,23362
2016-12-29,7230,7230,7300,7010,7170,11500
2017-01-02,7210,7210,7300,7100,7230,22417
2017-01-03,7050,7050,7250,7030,7210,24580
2017-01-04,7070,7070,7140,7020,7020,29417
2017-01-05,7100,7100,7140,7040,7070,31324
2017-01-06,7100,7100,7550,7080,7190,35036
2017-01-09,7010,7010,7210,6960,7100,16441
2017-01-10,7040,7040,7150,6950,7150,9757
2017-01-11,7090,7090,7100,6950,6960,17710
2017-01-12,7030,7030,7080,6770,7060,17962
2017-01-13,6950,6950,7000,6810,7000,16574
2017-01-16,6710,6710,6950,6680,6910,22289
2017-01-17,6670,6670,6780,6600,6780,16198
2017-01-18,6760,6760,7000,6690,7000,11470
2017-01-19,6500,6500,6870,6500,6870,25631
2017-01-20,6210,6210,6440,6210,6390,67679
2017-01-23,6060,6060,6390,6020,6300,29856
2017-01-24,6030,6030,6180,5960,6180,20716
2017-01-25,6040,6040,6140,6010,6140,10328
2017-01-26,6090,6090,6090,5980,5980,11974
2017-01-31,6240,6240,6320,5980,6090,10625
2017-02-01,6370,6370,6380,6170,6260,7631
2017-02-02,6350,6350,6450,6250,6380,10952
2017-02-03,6170,6170,6370,6100,6360,24859
2017-02-06,6410,6410,6490,6170,6170,29048
2017-02-07,6300,6300,6500,6200,6500,25211
2017-02-08,6290,6290,6390,6260,6260,13429
2017-02-09,6190,6190,6410,6150,6410,18749
2017-02-10,6210,6210,6300,6180,6220,22404
2017-02-13,6320,6320,6400,6210,6400,26211
2017-02-14,6380,6380,6420,6220,6260,11140
2017-02-15,6540,6540,6560,6380,6380,8390
2017-02-16,6710,6710,6710,6500,6540,12156
2017-02-17,6830,6830,6840,6630,6710,15174
2017-02-20,6830,6830,6950,6730,6830,6719
2017-02-21,6860,6860,6910,6750,6830,12128
2017-02-22,6810,6810,6940,6750,6940,9553
2017-02-23,6780,6780,6900,6650,6810,16076
2017-02-24,6740,6740,6790,6660,6780,9030
2017-02-27,6640,6640,6860,6620,6860,7132
2017-02-28,6600,6600,6680,6570,6570,3454
2017-03-02,6480,6480,6790,6470,6600,7878
2017-03-03,6330,6330,6670,6320,6670,9500
2017-03-06,6290,6290,6500,6250,6500,4022
2017-03-07,6240,6240,6300,6180,6300,8330
2017-03-08,6250,6250,6390,6180,6250,5421
2017-03-09,6800,6800,7370,6220,6390,112451
2017-03-10,6930,6930,6980,6750,6810,18302
2017-03-13,6910,6910,7010,6860,6940,12548
2017-03-14,6720,6720,6910,6510,6910,7356
2017-03-15,6490,6490,6650,6490,6530,25616
2017-03-16,6470,6470,6650,6460,6650,5711
2017-03-17,6540,6540,6650,6460,6650,3605
2017-03-20,6490,6490,6650,6470,6650,4258
2017-03-21,6510,6510,6580,6360,6580,7237
2017-03-22,6500,6500,6600,6400,6510,5731
2017-03-23,6400,6400,6640,6380,6410,6048
2017-03-24,6340,6340,6490,6290,6430,11347
2017-03-27,6230,6230,6330,6200,6230,13695
2017-03-28,6290,6290,6400,6220,6260,6140
2017-03-29,6480,6480,6500,6270,6320,3324
2017-03-30,6330,6330,6480,6300,6480,10635
2017-03-31,6430,6430,6460,6290,6390,12530
2017-04-03,6330,6330,6430,6280,6420,7237
2017-04-04,6330,6330,6500,6310,6330,11872
2017-04-05,6290,6290,6450,6280,6450,12708
2017-04-06,6250,6250,6400,6250,6320,13411
2017-04-07,6390,6390,6400,6250,6330,6145
2017-04-10,6490,6490,6500,6350,6500,16379
2017-04-11,6570,6570,6650,6450,6650,8296
2017-04-12,6570,6570,6600,6510,6600,8625
2017-04-13,6610,6610,6660,6550,6570,6244
2017-04-14,6550,6550,6600,6490,6600,6214
2017-04-17,6650,6650,6690,6550,6680,11010
2017-04-18,6650,6650,6700,6560,6700,7139
2017-04-19,6800,6800,7030,6590,6680,31062
2017-04-20,6900,6900,6950,6710,6950,17277
2017-04-21,6800,6800,6950,6720,6850,41439
2017-04-24,6800,6800,7050,6790,6830,44128
2017-04-25,6810,6810,6940,6660,6660,33525
2017-04-26,7320,7320,8520,6820,6940,721169
2017-04-27,7130,7130,7360,7100,7360,89043
2017-04-28,7120,7120,7220,7050,7190,48484
2017-05-02,7150,7150,7240,7060,7120,33612
2017-05-04,7170,7170,7290,7150,7150,26395
2017-05-08,7370,7370,7370,7160,7170,36025
2017-05-10,7440,7440,7440,7280,7370,32932
2017-05-11,7480,7480,7580,7320,7450,37720
2017-05-12,7480,7480,7540,7330,7480,24450
2017-05-15,7490,7490,7550,7370,7480,17372
2017-05-16,7390,7390,7480,7360,7480,13756
2017-05-17,7400,7400,7420,7310,7390,19904
2017-05-18,7300,7300,7410,7270,7300,29418
2017-05-19,7320,7320,7400,7210,7400,19394
2017-05-22,7250,7250,7390,7210,7390,13978
2017-05-23,7130,7130,7550,7130,7200,62689
2017-05-24,7120,7120,7340,7120,7340,17145
2017-05-25,7110,7110,7290,7060,7290,19560
2017-05-26,7030,7030,7250,6950,7250,32387
2017-05-29,7040,7040,7150,6960,7020,19630
2017-05-30,7140,7140,7210,7050,7100,16725
2017-05-31,7360,7360,7390,7100,7170,50782
2017-06-01,7440,7440,7500,7300,7360,36584
2017-06-02,7450,7450,7530,7350,7530,12247
2017-06-05,7650,7650,7740,7450,7550,52015
2017-06-07,7700,7700,7800,7620,7650,28042
2017-06-08,7540,7540,7700,7500,7700,37332
2017-06-09,7550,7550,7610,7450,7540,23638
2017-06-12,7490,7490,7720,7480,7550,21922
2017-06-13,7450,7450,7590,7310,7590,32284
2017-06-14,7300,7300,7530,7240,7450,23873
2017-06-15,7290,7290,7410,7200,7300,28359
2017-06-16,7220,7220,7290,7180,7250,20738
2017-06-19,7270,7270,7310,7200,7200,27160
2017-06-20,7120,7120,7380,7110,7380,21097
2017-06-21,7540,7540,7820,7130,7130,105753
2017-06-22,7500,7500,7630,7400,7500,35207
2017-06-23,7530,7530,7580,7390,7580,30282
2017-06-26,7650,7650,7670,7500,7580,81493
2017-06-27,7560,7560,7690,7500,7690,10740
2017-06-28,7270,7270,7550,7220,7550,24208
2017-06-29,7490,7490,7520,7200,7200,17579
2017-06-30,7490,7490,7500,7400,7490,9539
2017-07-03,7196,7196,7254,7138,7254,10408
2017-07-04,7177,7177,7313,7119,7313,7002
2017-07-05,7080,7080,7225,7070,7090,8932
2017-07-06,7099,7099,7138,7041,7041,13548
2017-07-07,7109,7109,7196,7080,7196,10270
2017-07-10,7351,7351,7351,7070,7157,43407
2017-07-11,7322,7322,7439,7187,7439,47456
2017-07-12,7410,7410,8040,7322,7468,142630
2017-07-13,7410,7410,7478,7303,7410,25841
2017-07-14,7468,7468,7555,7332,7410,28444
2017-07-17,7322,7322,7468,7274,7468,26847
2017-07-18,7293,7293,7410,7177,7410,19457
2017-07-19,7245,7245,7419,7080,7419,56374
2017-07-20,7245,7245,7264,7177,7235,7279
2017-07-21,7138,7138,7245,7128,7245,12403
2017-07-24,7157,7157,7206,7128,7128,34586
2017-07-25,7031,7031,7187,6983,7099,20901
2017-07-26,7070,7070,7138,7022,7128,19427
2017-07-27,6983,6983,7099,6954,7051,14294
2017-07-28,6876,6876,6983,6857,6983,21691
2017-07-31,6857,6857,7070,6857,7070,7578
2017-08-01,6818,6818,6886,6808,6886,18965
2017-08-02,6896,6896,7070,6828,7070,14248
2017-08-03,6799,6799,7070,6799,7070,11325
2017-08-04,6605,6605,6934,6605,6934,19918
2017-08-07,6469,6469,6721,6449,6721,28357
2017-08-08,6459,6459,6527,6382,6440,25458
2017-08-09,6498,6498,6634,6411,6459,14452
2017-08-10,6479,6479,6537,6178,6469,48825
2017-08-11,6323,6323,6479,6275,6479,19340
2017-08-14,6246,6246,6537,6110,6333,20861
2017-08-16,6304,6304,7099,6246,6246,302065
2017-08-17,6314,6314,6682,6158,6343,66899
2017-08-18,6285,6285,6420,6207,6217,28936
2017-08-21,6255,6255,6527,6207,6391,15454
2017-08-22,6382,6382,7090,6226,6294,395234
2017-08-23,6362,6362,6391,6304,6382,12499
2017-08-24,6333,6333,6391,6304,6362,12814
2017-08-25,6343,6343,6362,6275,6314,29334
2017-08-28,6343,6343,6420,6294,6343,17767
2017-08-29,6294,6294,6382,6207,6304,30516
2017-08-30,6265,6265,6401,6255,6401,11660
2017-08-31,6382,6382,6430,6265,6314,18258
2017-09-01,6382,6382,6440,6304,6382,5172
2017-09-04,6246,6246,6304,6081,6081,20100
2017-09-05,6207,6207,6382,6061,6246,17787
2017-09-06,6061,6061,6255,6052,6207,20314
2017-09-07,6120,6120,6246,6052,6091,7819
2017-09-08,6120,6120,6197,6061,6158,9978
2017-09-11,6139,6139,6207,5974,6207,9313
2017-09-12,6168,6168,6178,6032,6139,7398
2017-09-13,6158,6158,6168,6032,6168,7056
2017-09-14,6071,6071,6139,6042,6139,16738
2017-09-15,5916,5916,6100,5916,6071,42435
2017-09-18,5829,5829,5955,5829,5955,13021
2017-09-19,5964,5964,5964,5809,5829,15954
2017-09-20,5838,5838,6003,5838,5964,5165
2017-09-21,5916,5916,5935,5819,5838,7787
2017-09-25,5489,5489,5955,5450,5935,50440
2017-09-26,5489,5489,5489,5489,5489,0
2017-09-27,5654,5654,5897,5567,5703,15211
2017-09-28,5654,5654,5732,5586,5586,6929
2017-09-29,5819,5819,5819,5635,5703,7767
2017-10-10,5625,5625,5916,5557,5819,16513
2017-10-11,5674,5674,5674,5596,5664,8357
2017-10-12,5741,5741,5819,5654,5703,10290
2017-10-13,5703,5703,5867,5635,5867,8930
2017-10-16,5732,5732,5819,5664,5819,2298
2017-10-17,5674,5674,5848,5625,5848,17231
2017-10-18,5625,5625,5761,5625,5674,11989
2017-10-19,5683,5683,5683,5567,5644,17750
2017-10-20,5635,5635,5964,5606,5741,13447
2017-10-23,5577,5577,5819,5528,5703,12781
2017-10-24,5528,5528,5654,5518,5654,11294
2017-10-25,5431,5431,5664,5373,5664,37950
2017-10-26,5353,5353,5470,5324,5470,20832
2017-10-27,5353,5353,5460,5286,5286,31038
2017-10-30,5402,5402,5528,5344,5363,26817
2017-10-31,5547,5547,5615,5402,5402,27971
2017-11-01,5470,5470,5625,5392,5547,36917
2017-11-02,5470,5470,5509,5353,5470,23212
2017-11-03,5392,5392,5615,5344,5499,24681
2017-11-06,5421,5421,5509,5363,5421,28333
2017-11-07,5480,5480,5528,5344,5421,11867
2017-11-08,5460,5460,5528,5431,5489,18859
2017-11-09,5509,5509,5528,5421,5421,22490
2017-11-10,5450,5450,5596,5450,5509,25252
2017-11-13,5528,5528,5625,5450,5470,21628
2017-11-14,5741,5741,5790,5509,5557,64997
2017-11-15,5945,5945,6110,5741,5994,76551
2017-11-16,5994,5994,5994,5790,5906,19603
2017-11-17,5945,5945,6023,5877,6023,21762
2017-11-20,6023,6023,6391,5984,6391,67498
2017-11-21,5596,5596,6120,5547,6023,111659
2017-11-22,5276,5276,5596,5227,5596,128241
2017-11-23,5169,5169,5276,4830,5276,245256
2017-11-24,5198,5198,5266,5140,5169,29176
2017-11-27,5072,5072,5286,5062,5286,37918
2017-11-28,4917,4917,5092,4917,5014,45323
2017-11-29,4995,4995,5101,4742,4946,39117
2017-11-30,4946,4946,5082,4927,5033,25706
2017-12-01,5004,5004,5014,4936,5014,24904
2017-12-04,5208,5208,5208,5004,5043,69873
2017-12-05,5247,5247,5334,5062,5082,134163
2017-12-06,5014,5014,5227,4985,5189,56144
2017-12-07,4985,4985,5062,4946,5014,27486
2017-12-08,4917,4917,5033,4917,5033,10695
2017-12-11,5053,5053,5101,4917,4927,11014
2017-12-12,5334,5334,6556,5053,5053,709679
2017-12-13,5353,5353,5383,5198,5286,73980
2017-12-14,5344,5344,5353,5237,5353,30346
2017-12-15,5324,5324,5412,5227,5344,33967
2017-12-18,5159,5159,5363,5159,5324,32037
2017-12-19,5150,5150,5237,5072,5159,19097
2017-12-21,5024,5024,5101,4975,5033,42390
2017-12-22,4840,4840,5000,4840,4945,28237
2017-12-26,4800,4800,4850,4750,4750,18718
2017-12-27,4940,4940,4965,4805,4940,3079
2017-12-28,4950,4950,4995,4925,4970,7146
2018-01-01,4950,4950,4950,4950,4950,0
2018-01-02,4900,4900,4995,4890,4955,9988
2018-01-03,4870,4870,4970,4830,4930,21007
2018-01-04,4795,4795,4870,4780,4870,21238
2018-01-05,4835,4835,4845,4735,4845,16471
2018-01-08,4815,4815,4880,4780,4840,12314
2018-01-09,4790,4790,4840,4700,4840,17633
2018-01-10,4795,4795,4850,4700,4790,21535
2018-01-11,4830,4830,4900,4730,4890,14997
2018-01-12,4765,4765,4835,4760,4800,11943
2018-01-15,4720,4720,4795,4675,4765,26610
2018-01-16,4750,4750,4780,4695,4780,30308
2018-01-17,4730,4730,4800,4705,4800,10293
2018-01-18,4780,4780,4790,4705,4780,17476
2018-01-19,4780,4780,4850,4750,4850,24515
2018-01-22,4790,4790,4850,4730,4850,15664
2018-01-23,4720,4720,4800,4700,4800,37495
2018-01-24,4730,4730,4750,4685,4750,51245
2018-01-25,4695,4695,4750,4680,4750,54715
2018-01-26,4765,4765,4770,4700,4745,31104
2018-01-29,4890,4890,5100,4770,4795,71612
2018-01-30,4990,4990,5030,4865,4900,56156
2018-01-31,5170,5170,5250,4890,4985,75293
2018-02-01,5270,5270,5450,5200,5200,76278
2018-02-02,5330,5330,5380,5230,5380,27792
2018-02-05,5120,5120,5410,5080,5410,81250
2018-02-06,4680,4680,4680,4480,4510,30087
2018-02-07,5010,5010,5050,4700,4700,91545
2018-02-08,4990,4990,5110,4950,5030,27092
2018-02-09,4840,4840,4960,4780,4960,21219
2018-02-12,4735,4735,4960,4720,4960,13222
2018-02-13,4535,4535,5080,4500,4750,62704
2018-02-14,4055,4055,4350,4050,4300,292903
2018-02-19,4075,4075,4180,3895,4095,129858
2018-02-20,4030,4030,4135,4030,4085,88043
2018-02-21,4040,4040,4080,4020,4030,28797
2018-02-22,4010,4010,4065,4010,4065,40266
2018-02-23,4015,4015,4050,4000,4015,22922
2018-02-26,4035,4035,4070,3990,4010,69870
2018-02-27,3955,3955,4050,3940,4035,84493
2018-02-28,3900,3900,3955,3870,3940,91745
2018-03-02,3960,3960,3990,3885,3920,63424
2018-03-05,4175,4175,4370,3960,3960,264268
2018-03-06,4250,4250,4260,4085,4175,59963
2018-03-08,4100,4100,4180,4020,4020,50606
2018-03-09,4150,4150,4160,4060,4100,29476
2018-03-12,4135,4135,4180,4060,4140,49664
2018-03-13,4015,4015,4130,3985,4125,111422
2018-03-14,4020,4020,4045,3990,4040,18726
2018-03-15,4045,4045,4045,3950,4020,35640
2018-03-16,4015,4015,4045,3985,4045,21759
2018-03-19,4010,4010,4050,3965,4010,36991
2018-03-20,3990,3990,4050,3950,4000,35533
2018-03-21,3975,3975,4020,3950,3990,37446
2018-03-22,3920,3920,4020,3920,3980,33629
2018-03-23,3750,3750,3940,3700,3890,128026
2018-03-26,3785,3785,3840,3750,3750,29227
2018-03-27,4015,4015,4045,3780,3850,84992
2018-03-28,3950,3950,4105,3950,4080,41394
2018-03-29,4030,4030,4030,3900,3960,23232
2018-03-30,3995,3995,4095,3970,4030,16759
2018-04-02,4010,4010,4080,3915,4080,44511
2018-04-03,4030,4030,4090,3945,4010,34826
2018-04-04,3905,3905,4045,3875,3970,65251
2018-04-05,4085,4085,4085,3910,3945,65833
2018-04-06,4020,4020,4140,4020,4090,73466
2018-04-09,3945,3945,4085,3875,4085,73499
2018-04-10,3940,3940,3985,3860,3945,26699
2018-04-11,4010,4010,4075,3890,3995,51230
2018-04-12,4000,4000,4100,3945,4010,41275
2018-04-13,3965,3965,4100,3950,3980,52868
2018-04-16,4600,4600,4840,4000,4030,3345762
2018-04-17,5980,5980,5980,4445,4515,3569289
2018-04-18,7080,7080,7770,5610,6400,11663545
2018-04-19,6320,6320,6940,5910,6940,2220989
2018-04-20,6050,6050,6470,5970,6370,1182413
2018-04-23,5910,5910,6670,5910,5920,1360400
2018-04-24,5660,5660,6150,5660,6000,829961
2018-04-25,5430,5430,5780,5350,5540,506679
2018-04-26,5540,5540,6210,5470,5600,2239039
2018-04-27,5540,5540,5650,5410,5540,301884
2018-04-30,5200,5200,5520,5190,5460,461398
2018-05-02,5630,5630,5990,5110,5250,1532120
2018-05-03,5810,5810,6050,5400,5660,1064996
2018-05-04,5800,5800,6040,5580,6040,581832
2018-05-08,5380,5380,5910,5310,5710,453590
2018-05-09,5320,5320,5470,5030,5420,330313
2018-05-10,5320,5320,5500,5260,5400,237370
2018-05-11,5370,5370,5840,5360,5490,733798
2018-05-14,5440,5440,5470,5200,5410,230775
2018-05-15,5250,5250,5610,5240,5440,339151
2018-05-16,5070,5070,5230,4995,5070,312885
2018-05-17,4935,4935,5130,4860,5100,218896
2018-05-18,5130,5130,5210,4925,4930,218661
2018-05-21,5120,5120,5190,5010,5130,60650
2018-05-23,5150,5150,5180,5050,5180,90132
2018-05-24,4825,4825,5200,4825,5160,481479
2018-05-25,4645,4645,4770,4500,4750,193219
2018-05-28,4830,4830,4940,4660,4700,151347
2018-05-29,4715,4715,4910,4700,4890,108594
2018-05-30,4430,4430,4780,4385,4780,243467
2018-05-31,4450,4450,4565,4400,4430,134653
2018-06-01,4485,4485,4580,4425,4550,119215
2018-06-04,4585,4585,4605,4480,4495,66375
2018-06-05,4605,4605,4715,4510,4585,106717
2018-06-07,4680,4680,4725,4520,4605,97015
2018-06-08,4820,4820,4910,4650,4700,202720
2018-06-11,5450,5450,5980,4790,4935,5611361
2018-06-12,5220,5220,5360,4990,5360,1035614
2018-06-14,5020,5020,5190,4940,5130,414215
2018-06-15,5250,5250,5320,4950,4950,734510
2018-06-18,5070,5070,5320,4990,5250,307942
2018-06-19,4670,4670,5050,4610,5040,279496
2018-06-20,4795,4795,4820,4575,4670,120674
2018-06-21,4835,4835,5130,4790,4880,360027
2018-06-22,4630,4630,4820,4515,4740,179141
2018-06-25,4900,4900,4975,4595,4630,163962
2018-06-26,4900,4900,4940,4725,4800,81332
2018-06-27,4720,4720,5100,4720,4900,128387
2018-06-28,4380,4380,4725,4380,4700,211415
2018-06-29,4335,4335,4485,4150,4410,186920
2018-07-02,4160,4160,4395,4060,4395,112401
2018-07-03,4170,4170,4250,4070,4070,66708
2018-07-04,4280,4280,4295,4120,4120,51948
2018-07-05,4185,4185,4450,4120,4280,66872
2018-07-06,4155,4155,4240,4060,4200,70837
2018-07-09,4160,4160,4290,4065,4065,71772
2018-07-10,4245,4245,4265,4175,4175,42480
2018-07-11,4190,4190,4275,4140,4275,63249
2018-07-12,4275,4275,4290,4150,4155,21027
2018-07-13,4320,4320,4395,4260,4325,47614
2018-07-16,4250,4250,4400,4200,4400,51037
2018-07-17,4200,4200,4295,4200,4220,49774
2018-07-18,4115,4115,4300,4075,4300,45878
2018-07-19,3995,3995,4195,3950,4195,93783
2018-07-20,3965,3965,4020,3910,4000,36715
2018-07-23,3720,3720,3960,3720,3910,106481
2018-07-24,3870,3870,4045,3715,3715,81744
2018-07-26,3990,3990,4020,3900,3980,44563
2018-07-27,4025,4025,4030,3925,4000,17633
2018-07-30,4110,4110,4150,3970,4025,35088
2018-07-31,4080,4080,4200,4040,4195,21756
2018-08-01,4185,4185,4230,4000,4090,42058
2018-08-02,4170,4170,4200,4115,4195,26737
2018-08-03,4125,4125,4230,4050,4200,19115
