,Adj Close,Close,High,Low,Open,Volume
2000-02-11,1864200,20000,41200,21925,16767,21000
2000-02-14,2129600,20000,46100,23050,18761,21250
2000-02-15,2506600,22250,45050,25700,18334,23400
2000-02-16,1207000,20350,45800,23050,18639,22350
2000-02-17,1854800,22050,51200,25600,20837,22900
2000-02-18,418600,28000,57300,28650,23319,28400
2000-02-21,2108600,28000,64100,32050,26087,28650
2000-02-22,2686600,28250,58500,34950,23808,32950
2000-02-23,2145000,25750,58900,31000,23970,28000
2000-02-24,2380600,29750,65900,32950,26819,31000
2000-02-25,2085000,29550,61800,34450,25151,32950
2000-02-28,1318600,27550,60000,31750,24418,29500
2000-02-29,1894400,29200,62500,33200,25436,30250
2000-03-01,0,31250,62500,31250,25436,31250
2000-03-02,2100200,30650,62200,33500,25313,33050
2000-03-03,1331800,18525,37400,23000,15220,23000
2000-03-06,1157600,17800,36900,19500,15017,18700
2000-03-07,609800,17400,37500,18900,15261,18450
2000-03-08,626400,17750,36800,18650,14976,18050
2000-03-09,1050200,18050,37050,19850,15078,18050
2000-03-10,683800,17850,36850,19300,14997,19250
2000-03-13,533000,17250,35000,18750,14244,18250
2000-03-14,540400,16500,35000,17750,14244,16750
2000-03-15,358400,16800,34000,17500,13837,17000
2000-03-16,405400,14975,31000,16500,12616,16250
2000-03-17,517400,13650,31000,16200,12616,15500
2000-03-20,292000,14100,28500,15600,11598,15250
2000-03-21,467600,12550,29600,14800,12046,12700
2000-03-22,805600,14750,29600,15950,12046,15175
2000-03-23,449800,13250,27600,15750,11232,14500
2000-03-24,828800,13050,27650,14300,11252,13750
2000-03-27,1097400,13325,29900,15450,12168,13575
2000-03-28,631200,14900,30000,15950,12209,15450
2000-03-29,550200,13300,28600,14650,11639,14500
2000-03-30,1211200,12750,26000,14600,10581,13250
2000-03-31,583000,12000,24300,12950,9889,12950
2000-04-03,849600,10700,21400,12650,8709,12150
2000-04-04,711800,9425,19600,10200,7976,9425
2000-04-05,0,9800,19600,9800,7976,9800
2000-04-06,865400,9350,18800,10225,7651,9750
2000-04-07,603800,9675,21050,10525,8566,9675
2000-04-10,149600,11050,23550,11775,9584,11500
2000-04-11,1636000,10800,24800,12800,10093,11475
2000-04-12,732800,11425,25600,12950,10418,11650
2000-04-13,0,12800,25600,12800,10418,12800
2000-04-14,513400,11275,22550,12200,9177,11950
2000-04-17,16400,9925,19850,9925,8078,9925
2000-04-18,817200,8800,19100,11000,7773,10550
2000-04-19,724400,9100,19100,10400,7773,10050
2000-04-20,581200,8675,19350,9700,7874,9350
2000-04-21,1380200,9300,21650,10825,8811,9750
2000-04-24,1020600,9900,19950,11150,8119,10500
2000-04-25,1077800,9250,19600,10075,7976,9750
2000-04-26,951400,9400,18800,10400,7651,10250
2000-04-27,807800,8275,16900,9500,6877,9150
2000-04-28,1699000,8300,17550,9450,7142,8600
2000-05-01,0,8775,17550,8775,7142,8775
2000-05-02,1341400,8900,19250,9775,7834,8900
2000-05-03,731800,9000,18650,9550,7590,9350
2000-05-04,1205600,9125,19050,9850,7752,9300
2000-05-05,0,9525,19050,9525,7752,9525
2000-05-08,1851000,9750,21300,10650,8668,9750
2000-05-09,0,10650,21300,10650,8668,10650
2000-05-10,2364400,11100,23650,12200,9624,11450
2000-05-11,0,11825,23650,11825,9624,11825
2000-05-12,1651000,10900,22200,12450,9034,11750
2000-05-15,943400,9775,19550,11000,7956,10900
2000-05-16,980400,8750,18500,9750,7529,9575
2000-05-17,1221000,8150,16400,9700,6674,9400
2000-05-18,559600,7225,14450,7700,5880,7550
2000-05-19,2134800,6375,13350,7000,5433,6650
2000-05-22,1643800,5875,11750,7075,4781,6400
2000-05-23,1419800,5225,11200,6050,4558,5725
2000-05-24,2358400,5325,12500,6250,5087,5750
2000-05-25,1516600,6600,14000,7000,5697,6750
2000-05-26,1386800,6175,12350,7300,5026,6800
2000-05-29,1097800,5450,12250,6450,4985,5450
2000-05-30,0,6125,12250,6125,4985,6125
2000-05-31,1149400,6950,15000,7500,6104,7100
2000-06-01,2693000,6850,14450,8200,5880,7250
2000-06-02,1340800,6850,13950,7850,5677,7500
2000-06-05,1413200,7250,15500,7750,6308,7400
2000-06-06,0,7750,15500,7750,6308,7750
2000-06-07,2009400,7500,17350,8675,7061,7750
2000-06-08,2612600,7725,15750,9200,6409,8925
2000-06-09,1208000,7100,15350,7900,6247,7700
2000-06-12,853800,7575,16300,8375,6633,7650
2000-06-13,1066200,7175,14500,8400,5901,7850
2000-06-14,655000,6900,14500,7500,5901,7325
2000-06-15,837200,6400,13000,7350,5290,7250
2000-06-16,770200,6125,13200,6900,5372,6350
2000-06-19,455400,6300,12800,6700,5209,6400
2000-06-20,927000,6400,13100,6900,5331,6550
2000-06-21,976000,6600,13600,7150,5534,6650
2000-06-22,672800,6575,13600,7075,5534,7000
2000-06-23,424800,6400,13250,6825,5392,6800
2000-06-26,488000,6550,13600,6900,5534,6625
2000-06-27,773800,6800,14100,7250,5738,6850
2000-06-28,878800,6775,14100,7350,5738,6950
2000-06-29,1389000,6725,13900,7350,5656,7000
2000-06-30,532200,6500,13000,6850,5290,6750
2000-07-03,618200,6450,13100,6800,5331,6675
2000-07-04,425400,6125,12350,6600,5026,6500
2000-07-05,766000,5500,11300,6350,4598,6150
2000-07-06,948800,5000,11600,5800,4720,5500
2000-07-07,643800,5450,11200,5950,4558,5800
2000-07-10,560200,5350,10900,5700,4436,5525
2000-07-11,992400,4890,10100,5600,4110,5600
2000-07-12,1350800,4805,10300,5200,4191,5000
2000-07-13,787200,4860,9870,5100,4016,5000
2000-07-14,464400,4700,9790,5000,3984,4900
2000-07-17,0,4895,9790,4895,3984,4895
2000-07-18,399000,4755,9600,5000,3906,4755
2000-07-19,399000,4755,9600,5000,3906,4755
2000-07-20,921800,3905,8900,4450,3622,4050
2000-07-21,427600,4300,8950,4650,3642,4500
2000-07-24,219600,4130,8510,4450,3463,4250
2000-07-25,399400,3900,8200,4200,3337,4200
2000-07-26,429000,3900,7980,4190,3247,4115
2000-07-27,393400,3925,8490,4250,3455,4025
2000-07-28,287400,3940,8110,4200,3300,4200
2000-07-31,654000,3840,8250,4250,3357,3950
2000-08-01,933800,4175,9240,4620,3760,4250
2000-08-02,695200,4500,9030,4725,3674,4600
2000-08-03,1253600,4510,10100,5050,4110,4590
2000-08-04,916200,4825,9800,5300,3988,5250
2000-08-07,358600,4450,8970,4910,3650,4805
2000-08-08,288600,4275,8730,4575,3552,4400
2000-08-09,335800,4150,9020,4570,3670,4150
2000-08-10,130000,4410,8930,4555,3634,4555
2000-08-11,603800,4425,9050,4800,3683,4425
2000-08-14,282000,4495,9200,4725,3744,4500
2000-08-15,0,4600,9200,4600,3744,4600
2000-08-16,269400,4525,9200,4665,3744,4600
2000-08-17,213000,4430,8950,4650,3642,4550
2000-08-18,342400,4355,9010,4600,3666,4400
2000-08-21,203200,4325,8810,4450,3585,4450
2000-08-22,240400,4400,8950,4545,3642,4400
2000-08-23,799000,4405,9090,4750,3699,4460
2000-08-24,359200,4205,9100,4625,3703,4505
2000-08-25,241800,4475,9040,4600,3679,4505
2000-08-28,810800,4510,10100,5050,4110,4520
2000-08-29,988600,4800,9990,5175,4065,5125
2000-08-30,437800,4895,9990,5175,4065,5000
2000-08-31,474600,4625,9710,5150,3951,4950
2000-09-01,392600,4775,9800,5000,3988,4800
2000-09-04,202400,4655,9500,4940,3866,4800
2000-09-05,193000,4545,9200,4795,3744,4650
2000-09-06,129200,4505,9020,4635,3670,4505
2000-09-07,457800,4400,8860,4700,3605,4400
2000-09-08,193200,4355,8850,4550,3601,4500
2000-09-11,0,4425,8850,4425,3601,4425
2000-09-12,0,4425,8850,4425,3601,4425
2000-09-13,0,4425,8850,4425,3601,4425
2000-09-14,199800,4100,8950,4500,3642,4130
2000-09-15,179400,4320,8640,4500,3516,4365
2000-09-18,466000,3805,8000,4150,3255,4105
2000-09-19,245800,3525,7750,3900,3154,3755
2000-09-20,125800,3900,7880,4050,3206,3930
2000-09-21,126000,3500,7190,3905,2926,3900
2000-09-22,139800,3165,6330,3500,2576,3500
2000-09-25,1374000,2790,6500,3450,2645,2900
2000-09-26,1069600,3100,6440,3315,2620,3225
2000-09-27,778000,3235,7090,3590,2885,3250
2000-09-28,677800,3350,6900,3595,2808,3550
2000-09-29,738800,3385,7240,3695,2946,3405
2000-10-02,753200,3455,7380,3905,3003,3600
2000-10-03,0,3690,7380,3690,3003,3690
2000-10-04,436800,3510,7120,3695,2897,3600
2000-10-05,826200,3600,7250,3820,2950,3635
2000-10-06,400800,3510,7170,3720,2918,3625
2000-10-09,1407800,3615,7850,4015,3194,3630
2000-10-10,601600,3650,7600,3990,3093,3900
2000-10-11,782000,3345,6690,3715,2722,3715
2000-10-12,515400,3100,6500,3380,2645,3195
2000-10-13,1218400,2860,6050,3205,2462,2870
2000-10-16,0,3025,6050,3025,2462,3025
2000-10-17,553400,2980,5980,3500,2433,3445
2000-10-18,1098800,2655,6390,3230,2600,2950
2000-10-19,717800,3100,6220,3375,2531,3105
2000-10-20,0,3110,6220,3110,2531,3110
2000-10-23,1124800,3125,6480,3330,2637,3200
2000-10-24,421600,3045,6260,3250,2547,3200
2000-10-25,326800,3055,6330,3235,2576,3100
2000-10-26,172200,3025,6180,3125,2515,3025
2000-10-27,0,3090,6180,3090,2515,3090
2000-10-30,192200,2700,5550,3020,2258,2955
2000-10-31,317000,2500,5850,2925,2380,2600
2000-11-01,444000,2945,6500,3275,2645,3000
2000-11-02,634000,3155,6700,3395,2726,3200
2000-11-03,422800,3205,6710,3450,2730,3380
2000-11-06,621600,3325,6860,3645,2791,3355
2000-11-07,450000,3450,7020,3670,2856,3550
2000-11-08,408000,3275,6900,3595,2808,3510
2000-11-09,185000,3305,6950,3475,2828,3360
2000-11-10,135600,3400,7020,3545,2856,3400
2000-11-13,170800,3315,6690,3500,2722,3500
2000-11-14,161200,3300,6830,3445,2779,3340
2000-11-15,427600,3450,7060,3700,2873,3450
2000-11-16,152200,3415,6950,3555,2828,3555
2000-11-17,308400,3250,6630,3440,2698,3400
2000-11-20,568400,3275,6970,3550,2836,3315
2000-11-21,289200,3285,6890,3640,2804,3550
2000-11-22,157800,3335,6690,3475,2722,3450
2000-11-23,329600,2980,5990,3325,2437,3325
2000-11-24,316000,2855,5780,3085,2352,3000
2000-11-27,214600,2925,6040,3025,2458,2990
2000-11-28,154200,2850,5820,3000,2368,3000
2000-11-29,217800,2675,5380,2795,2189,2795
2000-11-30,500800,2695,5500,2850,2238,2750
2000-12-01,227400,2600,5500,2840,2238,2625
2000-12-04,140200,2625,5330,2850,2169,2765
2000-12-05,252200,2560,5540,2795,2254,2600
2000-12-06,283800,2650,5310,2875,2161,2805
2000-12-07,85600,2615,5290,2695,2152,2625
2000-12-08,159400,2555,5230,2650,2128,2555
2000-12-11,137000,2635,5340,2725,2173,2675
2000-12-12,110000,2620,5290,2725,2152,2725
2000-12-13,72800,2560,5270,2660,2144,2625
2000-12-14,107200,2565,5210,2625,2120,2600
2000-12-15,92800,2550,5200,2640,2116,2575
2000-12-18,161200,2480,5070,2570,2063,2550
2000-12-19,211400,2475,5000,2575,2034,2500
2000-12-20,569200,2275,4670,2800,1900,2450
2000-12-21,609600,2055,4130,2450,1680,2155
2000-12-22,479800,1820,4620,2310,1880,2055
2000-12-26,361000,2035,4070,2150,1656,2040
2001-01-02,661000,1900,4300,2175,1749,2000
2001-01-03,608600,2030,4500,2335,1831,2100
2001-01-04,523400,2405,5040,2520,2051,2490
2001-01-05,690400,2425,5370,2795,2185,2515
2001-01-08,786600,2600,5600,2830,2279,2680
2001-01-09,802400,2705,6030,3085,2454,2800
2001-01-10,1352000,2655,5310,3325,2161,3250
2001-01-11,483000,2610,5810,2915,2364,2750
2001-01-12,786000,3010,6250,3235,2543,3150
2001-01-15,1474000,3150,7000,3500,2848,3150
2001-01-16,1109200,3100,6700,3520,2726,3500
2001-01-17,726400,2950,5980,3315,2433,3250
2001-01-18,1140400,2800,5700,3100,2319,2950
2001-01-19,647200,2880,5800,3040,2360,2925
2001-01-22,903000,2825,6140,3175,2498,2825
2001-01-26,2173200,2900,6350,3400,2584,3005
2001-01-29,680400,3175,7110,3555,2893,3235
2001-01-30,779000,3825,7960,3980,3239,3980
2001-01-31,1871600,3505,8000,4340,3255,3980
2001-02-01,755000,3750,7510,3975,3056,3900
2001-02-02,553800,3510,7170,3840,2918,3750
2001-02-05,525000,3155,6310,3420,2568,3300
2001-02-06,659000,3050,6540,3325,2661,3155
2001-02-07,510600,3150,6320,3310,2572,3235
2001-02-08,363400,3110,6600,3390,2686,3110
2001-02-09,429000,3200,6600,3410,2686,3260
2001-02-12,857400,3200,7000,3500,2848,3200
2001-02-13,1444200,3545,7170,3825,2918,3600
2001-02-14,592000,3465,7090,3620,2885,3595
2001-02-15,2054200,3600,7940,3970,3231,3665
2001-02-16,1425000,3740,7600,4150,3093,3990
2001-02-19,1572000,3605,8100,4140,3296,3745
2001-02-20,881400,3800,7800,4195,3174,4150
2001-02-21,632200,3615,7280,3780,2962,3705
2001-02-22,595800,3245,6570,3550,2673,3550
2001-02-23,395400,3275,6650,3445,2706,3285
2001-02-26,416400,3260,6830,3550,2779,3260
2001-02-27,326600,3210,6500,3545,2645,3450
2001-02-28,286600,3075,6300,3185,2563,3160
2001-03-02,373200,2800,5610,3145,2283,3050
2001-03-05,451800,2475,5800,2900,2360,2475
2001-03-06,322600,2795,5610,2945,2283,2900
2001-03-07,234600,2775,5620,2950,2287,2810
2001-03-08,778200,2900,6130,3145,2494,2925
2001-03-09,267600,2880,5850,3030,2380,2995
2001-03-12,290000,2575,5150,2840,2095,2715
2001-03-13,486400,2355,4860,2625,1977,2425
2001-03-15,330800,2380,5050,2565,2055,2380
2001-03-16,226200,2505,5100,2585,2075,2530
2001-03-19,184600,2495,5090,2600,2071,2495
2001-03-20,229200,2545,5140,2665,2091,2625
2001-03-21,801600,2425,5190,2745,2112,2430
2001-03-22,234000,2475,5000,2625,2034,2595
2001-03-23,198400,2470,4980,2575,2026,2550
2001-03-26,192000,2505,5140,2575,2091,2505
2001-03-27,171400,2490,5030,2595,2047,2575
2001-03-28,149400,2430,4900,2560,1994,2555
2001-03-29,229600,2325,4740,2455,1929,2400
2001-03-30,205000,2225,4550,2400,1851,2370
2001-04-02,159600,2255,4600,2315,1872,2255
2001-04-03,167600,2100,4300,2230,1749,2230
2001-04-04,147800,2035,4200,2140,1709,2035
2001-04-06,236800,2135,4300,2275,1749,2180
2001-04-09,152800,2020,4050,2115,1648,2075
2001-04-10,234800,1975,4040,2075,1644,2050
2001-04-11,316800,2035,4160,2125,1693,2110
2001-04-12,534800,2100,4490,2300,1827,2105
2001-04-13,306600,2175,4590,2300,1868,2300
2001-04-16,451200,2305,4710,2400,1916,2325
2001-04-17,533400,2355,4840,2445,1969,2355
2001-04-18,673800,2470,5090,2550,2071,2490
2001-04-19,756600,2660,5410,2815,2201,2705
2001-04-20,697200,2500,5070,2750,2063,2735
2001-04-23,553800,2460,5090,2580,2071,2500
2001-04-24,463000,2420,4940,2505,2010,2455
2001-04-25,366000,2420,4990,2600,2030,2420
2001-04-26,366000,2420,4990,2600,2030,2420
2001-04-27,204800,2385,4860,2490,1977,2450
2001-04-30,611600,2445,5140,2575,2091,2455
2001-05-02,1016400,2585,5280,2775,2148,2650
2001-05-03,369600,2525,5110,2650,2079,2650
2001-05-04,450000,2495,5050,2575,2055,2520
2001-05-07,1367400,2575,5650,2825,2299,2625
2001-05-08,1759200,2785,5900,3100,2401,2820
2001-05-09,775000,2685,5500,2955,2238,2955
2001-05-10,716800,2675,5620,2890,2287,2750
2001-05-11,738800,2735,5600,2860,2279,2845
2001-05-14,435000,2735,5690,2845,2315,2785
2001-05-15,383400,2780,5630,2925,2291,2865
2001-05-16,1407000,2750,5540,2925,2254,2800
2001-05-17,1502000,2740,5500,2850,2238,2800
2001-05-18,581800,2665,5330,2785,2169,2750
2001-05-21,1055800,2680,5420,2810,2205,2680
2001-05-22,636000,2625,5320,2775,2165,2725
2001-05-23,556800,2540,5120,2650,2083,2650
2001-05-24,390000,2500,5200,2645,2116,2500
2001-05-25,347800,2550,5200,2635,2116,2610
2001-05-28,1037600,2610,5530,2790,2250,2610
2001-05-29,1490400,2750,5600,2885,2279,2830
2001-05-30,349400,2700,5490,2785,2234,2735
2001-05-31,423600,2580,5260,2655,2140,2655
2001-06-01,247800,2565,5200,2665,2116,2655
2001-06-04,275400,2545,5130,2630,2087,2605
2001-06-05,265200,2495,5030,2560,2047,2510
2001-06-07,234400,2425,4900,2535,1994,2500
2001-06-08,361800,2450,5060,2560,2059,2460
2001-06-11,310400,2455,5170,2615,2104,2485
2001-06-12,327000,2515,5090,2620,2071,2620
2001-06-13,217000,2510,5120,2560,2083,2530
2001-06-14,175600,2515,5060,2560,2059,2545
2001-06-15,261400,2455,5080,2600,2067,2455
2001-06-18,232400,2490,5020,2535,2043,2535
2001-06-19,151800,2480,5000,2530,2034,2490
2001-06-20,210000,2405,4850,2510,1973,2510
2001-06-21,148200,2325,4900,2460,1994,2325
2001-06-22,116000,2390,4850,2455,1973,2400
2001-06-25,133400,2375,4770,2450,1941,2375
2001-06-26,199600,2265,4530,2385,1843,2385
2001-06-27,150400,2175,4490,2300,1827,2275
2001-06-28,185200,2225,4480,2285,1823,2250
2001-06-29,80600,2250,4570,2340,1859,2255
2001-07-02,135200,2290,4650,2335,1892,2290
2001-07-03,82400,2250,4550,2325,1851,2325
2001-07-04,111200,2210,4480,2295,1823,2260
2001-07-05,72400,2210,4450,2270,1811,2225
2001-07-06,131400,2140,4290,2205,1745,2205
2001-07-09,141000,2005,4100,2105,1668,2105
2001-07-10,103400,2035,4100,2125,1668,2050
2001-07-11,108600,1920,3910,2000,1591,2000
2001-07-12,202600,1980,4170,2085,1697,2025
2001-07-13,266000,2000,4080,2200,1660,2100
2001-07-16,76400,2000,4020,2075,1636,2040
2001-07-18,106400,1965,3930,2050,1599,2010
2001-07-19,105400,1895,3840,1970,1562,1920
2001-07-20,104600,1895,3830,1945,1558,1925
2001-07-23,98600,1770,3550,1915,1444,1900
2001-07-24,174800,1645,3540,1790,1440,1775
2001-07-25,112200,1680,3530,1800,1436,1680
2001-07-26,148000,1775,3680,1865,1497,1775
2001-07-27,168200,1855,3750,1900,1526,1865
2001-07-30,147600,1825,3660,1890,1489,1875
2001-07-31,62600,1815,3680,1860,1497,1815
2001-08-01,185000,1855,3940,1975,1603,1870
2001-08-02,113000,1885,3800,1970,1546,1960
2001-08-03,76400,1915,3890,1955,1583,1950
2001-08-06,603600,1875,4280,2140,1741,1950
2001-08-07,589800,2065,4300,2235,1749,2115
2001-08-08,223600,2025,4150,2180,1688,2160
2001-08-09,172800,1975,4060,2115,1652,2030
2001-08-10,80600,1985,4050,2050,1648,1985
2001-08-13,117000,2025,4050,2090,1648,2050
2001-08-14,156000,2000,4020,2090,1636,2050
2001-08-16,188000,1915,3850,2010,1566,2005
2001-08-17,131600,1895,3790,1960,1542,1925
2001-08-20,103800,1790,3670,1845,1493,1800
2001-08-21,141600,1795,3620,1865,1473,1835
2001-08-22,169200,1755,3640,1875,1481,1780
2001-08-23,92000,1800,3610,1850,1469,1850
2001-08-24,156000,1740,3500,1815,1424,1750
2001-08-27,698200,1775,3900,1950,1587,1805
2001-08-28,299800,1810,3640,1925,1481,1925
2001-08-29,149800,1725,3470,1815,1412,1750
2001-08-30,107200,1630,3350,1740,1363,1630
2001-08-31,194400,1535,3110,1645,1265,1605
2001-09-03,116200,1505,3050,1575,1241,1560
2001-09-04,107200,1525,3200,1600,1302,1525
2001-09-05,100400,1550,3110,1615,1265,1585
2001-09-06,103000,1560,3170,1620,1290,1560
2001-09-07,181400,1560,3300,1670,1343,1585
2001-09-10,87600,1600,3310,1670,1347,1625
2001-09-11,90600,1590,3190,1700,1298,1700
2001-09-12,10400,1405,2810,1405,1143,1405
2001-09-13,287200,1240,2650,1395,1078,1240
2001-09-14,347800,1170,2340,1345,952,1250
2001-09-17,629800,1030,2160,1085,879,1075
2001-09-18,396000,1150,2410,1205,980,1150
2001-09-19,640800,1205,2530,1340,1029,1205
2001-09-20,251600,1120,2330,1310,948,1295
2001-09-21,253000,1055,2330,1200,948,1055
2001-09-25,410800,1190,2440,1350,993,1325
2001-09-26,240400,1200,2490,1300,1013,1250
2001-09-27,95800,1225,2520,1290,1025,1255
2001-10-04,421600,1315,2850,1425,1159,1395
2001-10-05,232800,1330,2690,1405,1094,1405
2001-10-08,603200,1255,2740,1450,1115,1305
2001-10-09,480000,1390,2800,1470,1139,1415
2001-10-10,651800,1365,2970,1495,1208,1365
2001-10-11,780600,1455,2930,1600,1192,1510
2001-10-12,238000,1425,2860,1525,1163,1475
2001-10-15,200800,1395,2870,1450,1168,1430
2001-10-16,453800,1415,2980,1525,1212,1425
2001-10-17,535600,1485,2980,1620,1212,1535
2001-10-18,160200,1450,2910,1490,1184,1475
2001-10-19,269600,1425,2950,1510,1200,1455
2001-10-22,234000,1470,3010,1520,1224,1470
2001-10-23,1210200,1505,3170,1675,1290,1510
2001-10-24,364800,1540,3110,1610,1265,1585
2001-10-25,278200,1485,3000,1575,1220,1540
2001-10-26,225400,1485,3030,1545,1233,1525
2001-10-29,238400,1470,3030,1525,1233,1500
2001-10-30,2177200,1420,3390,1695,1379,1420
2001-10-31,1545800,1645,3420,1740,1391,1705
2001-11-01,1382000,1700,3470,1815,1412,1750
2001-11-02,615000,1590,3260,1790,1326,1790
2001-11-05,253600,1590,3250,1655,1322,1655
2001-11-06,492600,1635,3300,1675,1343,1650
2001-11-07,295600,1550,3180,1650,1294,1650
2001-11-08,605000,1555,3240,1675,1318,1555
2001-11-12,325600,1565,3220,1620,1310,1600
2001-11-13,282400,1535,3130,1605,1273,1605
2001-11-14,880800,1590,3500,1750,1424,1595
2001-11-15,1480200,1680,3540,1850,1440,1825
2001-11-16,492400,1640,3310,1750,1347,1750
2001-11-19,413800,1620,3260,1675,1326,1675
2001-11-20,303800,1605,3210,1675,1306,1650
2001-11-21,339800,1550,3180,1615,1294,1550
2001-11-22,237400,1550,3160,1605,1286,1555
2001-11-23,180400,1570,3180,1620,1294,1600
2001-11-26,330400,1590,3210,1625,1306,1600
2001-11-27,283200,1595,3190,1640,1298,1605
2001-11-28,298600,1500,3000,1615,1220,1595
2001-11-29,184600,1435,3010,1515,1224,1435
2001-11-30,566600,1535,3220,1665,1310,1555
2001-12-03,353800,1545,3150,1640,1281,1635
2001-12-04,316600,1540,3120,1600,1269,1550
2001-12-05,960600,1565,3180,1665,1294,1565
2001-12-06,349600,1555,3110,1650,1265,1590
2001-12-07,298600,1545,3100,1575,1261,1560
2001-12-10,253000,1525,3170,1590,1290,1525
2001-12-11,867200,1570,3170,1680,1290,1625
2001-12-12,328600,1560,3230,1640,1314,1585
2001-12-13,383400,1610,3300,1660,1343,1660
2001-12-14,1336800,1615,3420,1800,1391,1615
2001-12-17,421600,1600,3280,1740,1334,1680
2001-12-18,435800,1510,3050,1655,1241,1640
2001-12-19,274800,1440,2880,1550,1172,1510
2001-12-20,185200,1425,2920,1485,1188,1425
2001-12-21,116400,1395,2820,1455,1147,1425
2001-12-24,88000,1390,2820,1440,1147,1425
2001-12-26,137200,1375,2800,1425,1139,1390
2001-12-27,72000,1380,2880,1440,1215,1380
2001-12-28,156600,1440,2990,1525,1261,1445
2002-01-02,169200,1485,3050,1550,1287,1525
2002-01-04,179200,1505,3010,1535,1270,1520
2002-01-07,170800,1485,3030,1535,1278,1505
2002-01-08,221000,1475,2950,1530,1245,1500
2002-01-09,146200,1455,2960,1495,1249,1455
2002-01-10,238000,1455,2980,1510,1257,1455
2002-01-11,185600,1480,2960,1520,1249,1480
2002-01-14,90800,1470,3000,1500,1266,1480
2002-01-15,142400,1435,2930,1510,1236,1490
2002-01-16,181400,1420,2870,1450,1211,1440
2002-01-17,113800,1375,2770,1425,1169,1425
2002-01-18,93600,1375,2780,1430,1173,1390
2002-01-21,115600,1370,2760,1395,1164,1395
2002-01-22,181800,1355,2730,1400,1152,1365
2002-01-23,167800,1355,2750,1400,1160,1355
2002-01-24,255000,1385,2770,1435,1169,1385
2002-01-25,762800,1430,3000,1550,1266,1450
2002-01-28,583400,1510,3250,1630,1371,1535
2002-01-29,1734000,1575,3300,1760,1392,1635
2002-01-30,388400,1535,3090,1625,1304,1625
2002-02-01,274000,1540,3080,1615,1299,1565
2002-02-04,239200,1475,3080,1570,1299,1540
2002-02-05,212400,1475,2950,1540,1245,1500
2002-02-06,112800,1455,2910,1500,1228,1475
2002-02-07,89400,1420,2840,1460,1198,1440
2002-02-08,176000,1350,2800,1420,1181,1350
2002-02-14,114800,1400,2900,1470,1223,1470
2002-02-15,119400,1415,2860,1465,1207,1450
2002-02-18,162400,1420,2860,1450,1207,1430
2002-02-19,169200,1430,2920,1480,1232,1480
2002-02-20,276000,1435,3020,1580,1274,1465
2002-02-21,211400,1515,3040,1575,1283,1515
2002-02-22,1273800,1520,3200,1675,1350,1550
2002-02-25,959400,1625,3310,1785,1396,1785
2002-02-26,951000,1560,3140,1730,1325,1660
2002-02-27,454000,1540,3150,1600,1329,1550
2002-02-28,325400,1560,3150,1640,1329,1575
2002-03-04,298200,1600,3260,1660,1375,1600
2002-03-05,382400,1575,3170,1665,1337,1650
2002-03-06,261400,1570,3200,1605,1350,1585
2002-03-07,703800,1620,3270,1760,1380,1625
2002-03-08,419600,1635,3420,1715,1443,1675
2002-03-11,867200,1760,3590,1895,1515,1770
2002-03-12,970800,1765,3630,1900,1532,1825
2002-03-13,361000,1780,3610,1845,1523,1800
2002-03-14,1781000,1770,4040,2020,1705,1790
2002-03-15,1378000,2030,4060,2195,1713,2050
2002-03-18,980600,1950,4120,2080,1738,2075
2002-03-19,436400,2000,4030,2075,1700,2060
2002-03-20,1227000,1955,3990,2165,1683,2035
2002-03-21,511800,1920,3990,2000,1683,1955
2002-03-22,473000,1915,3900,1990,1645,1975
2002-03-25,665600,1855,3710,1985,1565,1950
2002-03-26,819000,1850,3750,1980,1582,1855
2002-03-27,614600,1885,4000,2000,1688,1885
2002-03-28,1431800,1945,3890,2130,1641,2045
2002-03-29,362000,1900,3850,1990,1624,1975
2002-04-01,474200,1710,3600,2025,1519,1885
2002-04-02,311800,1735,3630,1840,1532,1750
2002-04-03,208400,1760,3530,1840,1489,1805
2002-04-04,215200,1730,3580,1815,1510,1730
2002-04-08,207400,1725,3450,1800,1456,1790
2002-04-09,249000,1670,3390,1735,1430,1730
2002-04-10,203600,1595,3200,1695,1350,1670
2002-04-11,233600,1600,3340,1670,1409,1600
2002-04-12,565000,1630,3470,1785,1464,1630
2002-04-15,180600,1685,3420,1750,1443,1740
2002-04-16,157400,1710,3490,1745,1472,1725
2002-04-17,273000,1730,3520,1775,1485,1745
2002-04-22,289600,1600,1650,1820,1392,1790
2002-04-23,100800,1520,1550,1640,1308,1610
2002-04-24,186400,1450,1490,1590,1257,1550
2002-04-25,175200,1380,1380,1530,1164,1430
2002-04-26,138500,1360,1470,1480,1240,1400
2002-04-29,112600,1370,1390,1450,1173,1450
2002-04-30,164500,1340,1380,1430,1164,1350
2002-05-02,125500,1400,1460,1470,1232,1450
2002-05-03,102500,1410,1410,1490,1190,1490
2002-05-06,76300,1400,1440,1470,1215,1440
2002-05-07,116200,1390,1430,1430,1207,1400
2002-05-08,109700,1410,1410,1480,1190,1470
2002-05-09,583900,1440,1570,1570,1325,1470
2002-05-10,239900,1490,1490,1570,1257,1570
2002-05-13,480100,1530,1660,1660,1401,1540
2002-05-14,248700,1580,1660,1660,1401,1660
2002-05-15,279000,1620,1630,1740,1375,1650
2002-05-16,154700,1580,1630,1670,1375,1620
2002-05-17,74400,1580,1600,1680,1350,1620
2002-05-20,91000,1550,1580,1620,1333,1590
2002-05-21,477900,1570,1570,1700,1325,1580
2002-05-22,155900,1540,1580,1610,1333,1590
2002-05-23,414200,1560,1560,1680,1316,1600
2002-05-24,137800,1540,1570,1630,1325,1630
2002-05-27,87800,1530,1540,1600,1299,1560
2002-05-28,112300,1480,1500,1570,1266,1510
2002-05-29,96200,1430,1460,1530,1232,1480
2002-05-30,66500,1430,1460,1490,1232,1430
2002-05-31,107600,1450,1480,1560,1249,1450
2002-06-03,38000,1420,1450,1510,1223,1450
2002-06-04,67100,1380,1430,1480,1207,1410
2002-06-05,41700,1430,1450,1480,1223,1450
2002-06-07,64700,1410,1470,1500,1240,1450
2002-06-10,91100,1440,1510,1520,1274,1460
2002-06-11,397200,1500,1590,1610,1342,1510
2002-06-12,377300,1460,1500,1630,1266,1600
2002-06-14,133400,1500,1500,1570,1266,1530
2002-06-17,103500,1470,1490,1540,1257,1510
2002-06-18,111000,1500,1520,1530,1283,1500
2002-06-19,106300,1410,1470,1550,1240,1500
2002-06-20,269500,1420,1570,1580,1325,1420
2002-06-21,744200,1560,1700,1750,1434,1570
2002-06-24,463100,1670,1730,1780,1460,1780
2002-06-25,396800,1680,1700,1750,1434,1730
2002-06-26,466600,1500,1570,1720,1325,1680
2002-06-27,360400,1570,1690,1740,1426,1740
2002-06-28,1165800,1710,1890,1890,1595,1740
2002-07-02,984100,1760,1900,1970,1603,1800
2002-07-03,700300,1850,2000,2020,1688,1940
2002-07-04,476300,1970,2030,2090,1713,2000
2002-07-05,1158300,1970,2000,2120,1688,2000
2002-07-08,577300,1890,1920,2050,1620,2000
2002-07-09,651500,1870,1950,2020,1645,1870
2002-07-10,745700,1880,2170,2180,1831,1930
2002-07-11,805800,2120,2230,2330,1882,2150
2002-07-12,652300,2230,2270,2370,1916,2250
2002-07-15,272300,2190,2300,2350,1941,2300
2002-07-16,300500,2250,2250,2380,1899,2250
2002-07-18,262100,2140,2220,2270,1873,2200
2002-07-19,293700,2110,2290,2290,1932,2200
2002-07-22,1167800,2240,2560,2560,2160,2250
2002-07-23,1081600,2470,2560,2640,2160,2580
2002-07-24,858400,2500,2670,2720,2253,2500
2002-07-25,672400,2540,2600,2800,2194,2700
2002-07-26,566200,2350,2580,2630,2177,2600
2002-07-29,590800,2500,2600,2700,2194,2500
2002-07-30,794500,2630,2910,2910,2456,2680
2002-07-31,812800,2890,3000,3070,2532,2890
2002-08-01,426700,2960,3000,3110,2532,3010
2002-08-02,469900,2950,3150,3150,2658,3000
2002-08-05,1000600,3150,3500,3510,2954,3150
2002-08-06,1241200,3080,3080,3810,2599,3500
2002-08-07,3225400,2720,2740,3140,2312,2720
2002-08-08,1049300,2700,2840,2860,2397,2810
2002-08-09,1155800,2840,2950,3030,2490,2860
2002-08-12,1146100,3000,3300,3300,2785,3000
2002-08-13,1548100,2910,3000,3480,2532,3400
2002-08-14,1795500,2640,2730,2990,2304,2910
2002-08-16,1404600,2410,2410,2820,2034,2750
2002-08-19,2035800,2180,2240,2490,1890,2310
2002-08-20,1300900,2320,2500,2500,2110,2350
2002-08-21,2083600,2240,2420,2680,2042,2580
2002-08-22,720700,2300,2500,2510,2110,2300
2002-08-26,330500,2400,2400,2500,2025,2420
2002-08-27,411400,2330,2420,2440,2042,2350
2002-08-28,1077500,2430,2710,2710,2287,2430
2002-08-29,828700,2630,2710,2880,2287,2710
2002-08-30,364300,2690,2780,2790,2346,2750
2002-09-02,460800,2750,2840,2870,2397,2850
2002-09-03,277000,2760,2820,2870,2380,2840
2002-09-04,613500,2750,2900,3000,2447,2750
2002-09-05,595600,2780,2810,3000,2371,2980
2002-09-06,529100,2550,2690,2860,2270,2850
2002-09-09,348700,2500,2500,2760,2110,2700
2002-09-10,348700,2450,2590,2630,2186,2470
2002-09-11,687000,2280,2360,2600,1992,2430
2002-09-12,466800,2230,2280,2350,1924,2310
2002-09-13,287400,2170,2240,2360,1890,2240
2002-09-16,333500,2180,2210,2310,1865,2180
2002-09-17,307300,2220,2270,2290,1916,2230
2002-09-18,536400,2230,2230,2420,1882,2300
2002-09-19,694800,1990,2010,2300,1696,2210
2002-09-23,299400,1790,1840,2060,1553,2030
2002-09-24,517500,1620,1620,1780,1367,1750
2002-09-25,478300,1550,1610,1680,1359,1550
2002-09-26,310800,1610,1620,1680,1367,1620
2002-09-27,229000,1540,1600,1680,1350,1620
2002-09-30,290200,1420,1430,1580,1207,1560
2002-10-01,330200,1330,1500,1500,1266,1360
2002-10-02,503600,1520,1680,1680,1418,1540
2002-10-04,583000,1620,1750,1820,1477,1620
2002-10-07,266900,1670,1710,1790,1443,1750
2002-10-08,625600,1680,1790,1870,1510,1680
2002-10-09,210500,1700,1730,1840,1460,1820
2002-10-10,286400,1540,1610,1700,1359,1660
2002-10-11,176500,1580,1610,1700,1359,1630
2002-10-14,272100,1600,1650,1670,1392,1620
2002-10-15,364900,1590,1610,1660,1359,1630
2002-10-16,275000,1610,1610,1700,1359,1630
2002-10-17,178200,1570,1630,1650,1375,1600
2002-10-18,530600,1650,1790,1800,1510,1650
2002-10-21,550900,1790,1790,1920,1510,1820
2002-10-22,447000,1760,1830,1900,1544,1800
2002-10-23,436400,1800,1860,1880,1570,1800
2002-10-24,375300,1810,1940,1940,1637,1870
2002-10-25,261800,1880,1900,1960,1603,1940
2002-10-28,471900,1930,1990,2040,1679,1940
2002-10-29,220100,1850,1900,2000,1603,2000
2002-10-30,223600,1830,1880,1940,1586,1910
2002-10-31,226100,1780,1780,1900,1502,1870
2002-11-01,200400,1710,1720,1830,1451,1780
2002-11-04,286400,1690,1750,1770,1477,1690
2002-11-05,174500,1690,1720,1750,1451,1750
2002-11-06,209200,1690,1720,1740,1451,1710
2002-11-07,164100,1680,1720,1780,1451,1710
2002-11-08,198700,1650,1680,1740,1418,1650
2002-11-11,356100,1730,1850,1860,1561,1800
2002-11-12,240800,1700,1820,1900,1536,1870
2002-11-13,232900,1730,1800,1830,1519,1790
2002-11-14,171600,1680,1720,1800,1451,1770
2002-11-15,229800,1700,1720,1760,1451,1740
2002-11-18,199400,1670,1700,1740,1434,1710
2002-11-19,291500,1680,1800,1810,1519,1700
2002-11-20,161000,1770,1800,1860,1519,1780
2002-11-21,156500,1770,1790,1860,1510,1820
2002-11-22,259900,1790,1850,1900,1561,1790
2002-11-25,149000,1810,1860,1880,1570,1850
2002-11-26,243100,1760,1850,1900,1561,1900
2002-11-27,730400,1820,1950,1980,1645,1820
2002-11-28,819500,1960,2080,2180,1755,1970
2002-11-29,331800,1970,2020,2120,1705,2070
2002-12-03,548700,2070,2250,2270,1899,2100
2002-12-04,539400,2130,2300,2300,1941,2150
2002-12-05,529700,2240,2260,2420,1907,2300
2002-12-06,250400,2170,2170,2320,1831,2210
2002-12-09,339000,2000,2000,2190,1688,2170
2002-12-10,298500,1970,2070,2090,1747,1970
2002-12-11,228500,2030,2050,2190,1730,2190
2002-12-12,217200,2010,2050,2100,1730,2010
2002-12-13,203000,2010,2080,2100,1755,2080
2002-12-16,429000,2100,2220,2240,1873,2100
2002-12-17,379500,2180,2210,2310,1865,2280
2002-12-18,162800,2100,2160,2230,1823,2200
2002-12-20,255600,2080,2150,2180,1814,2110
2002-12-23,435400,1900,2080,2170,1755,2150
2002-12-24,277300,1840,1840,2050,1553,2050
2002-12-26,250600,1680,1690,1820,1426,1760
2002-12-27,203700,1600,1660,1750,1401,1620
2002-12-30,203200,1520,1570,1650,1325,1580
2003-01-02,170700,1550,1660,1690,1401,1550
2003-01-03,179900,1660,1670,1740,1409,1700
2003-01-06,147300,1660,1690,1710,1426,1710
2003-01-07,212700,1680,1700,1770,1434,1740
2003-01-08,118300,1660,1660,1740,1401,1710
2003-01-09,199900,1590,1620,1640,1367,1620
2003-01-10,197200,1500,1550,1640,1308,1630
2003-01-13,160000,1510,1610,1640,1359,1510
2003-01-14,103100,1590,1630,1650,1375,1600
2003-01-15,269700,1630,1690,1770,1426,1630
2003-01-16,78700,1680,1730,1740,1460,1720
2003-01-17,184200,1530,1560,1710,1316,1680
2003-01-20,90500,1530,1530,1610,1291,1550
2003-01-21,50200,1530,1540,1570,1299,1530
2003-01-22,73100,1520,1540,1590,1299,1520
2003-01-23,64400,1540,1550,1570,1308,1560
2003-01-24,102500,1540,1550,1580,1308,1550
2003-01-27,194800,1520,1590,1650,1342,1540
2003-01-28,213500,1550,1700,1700,1434,1590
2003-01-29,237400,1640,1640,1750,1384,1740
2003-01-30,85200,1610,1620,1690,1367,1650
2003-02-03,72800,1570,1620,1640,1367,1600
2003-02-04,88300,1580,1580,1630,1333,1620
2003-02-05,128900,1540,1560,1630,1316,1580
2003-02-06,76800,1550,1570,1590,1325,1570
2003-02-07,25900,1520,1540,1570,1299,1570
2003-02-10,49800,1510,1540,1560,1299,1530
2003-02-11,100000,1500,1530,1560,1291,1520
2003-02-12,51000,1510,1510,1540,1274,1510
2003-02-13,62800,1500,1520,1540,1283,1510
2003-02-14,73400,1480,1500,1550,1266,1500
2003-02-17,71000,1530,1580,1580,1333,1530
2003-02-18,129600,1520,1540,1560,1299,1540
2003-02-19,71300,1520,1540,1580,1299,1580
2003-02-20,71800,1520,1530,1570,1291,1520
2003-02-21,66400,1500,1500,1540,1266,1520
2003-02-24,80400,1510,1540,1560,1299,1510
2003-02-25,75900,1490,1490,1560,1257,1540
2003-02-26,32400,1470,1480,1510,1249,1490
2003-02-27,77100,1440,1470,1560,1240,1450
2003-02-28,46500,1440,1440,1470,1215,1450
2003-03-03,76900,1380,1410,1440,1190,1420
2003-03-04,40000,1400,1410,1430,1190,1410
2003-03-05,83100,1360,1400,1410,1181,1410
2003-03-06,57900,1310,1380,1400,1164,1390
2003-03-07,48300,1220,1270,1370,1072,1370
2003-03-10,192700,1120,1120,1200,945,1200
2003-03-11,179900,990,990,1090,835,990
2003-03-12,156300,990,1040,1100,877,1000
2003-03-13,86200,1000,1050,1070,886,1030
2003-03-14,78100,1070,1080,1130,911,1070
2003-03-17,75500,1000,1030,1090,869,1090
2003-03-18,87000,1050,1090,1100,920,1060
2003-03-19,174700,1080,1120,1190,945,1080
2003-03-20,100200,1120,1200,1200,1012,1150
2003-03-21,80400,1160,1190,1220,1004,1210
2003-03-24,58000,1120,1120,1190,945,1190
2003-03-25,71800,1050,1070,1090,903,1060
2003-03-26,78200,1070,1100,1140,928,1070
2003-03-27,18900,1070,1070,1100,903,1070
2003-03-28,66300,1050,1070,1090,903,1070
2003-03-31,89900,1040,1060,1080,894,1070
2003-04-01,35400,1040,1090,1090,920,1040
2003-04-02,120400,1080,1220,1220,1029,1080
2003-04-03,126300,1200,1260,1300,1063,1290
2003-04-04,42400,1200,1260,1270,1063,1260
2003-04-07,140500,1260,1300,1320,1097,1260
2003-04-08,106700,1250,1260,1300,1063,1300
2003-04-09,71700,1180,1210,1260,1021,1250
2003-04-10,68600,1190,1250,1250,1055,1190
2003-04-11,70000,1220,1250,1270,1055,1220
2003-04-14,39200,1250,1280,1280,1080,1260
2003-04-15,66200,1290,1370,1370,1156,1320
2003-04-16,95800,1360,1370,1410,1156,1380
2003-04-17,43400,1330,1350,1370,1139,1370
2003-04-18,227800,1370,1510,1510,1274,1370
2003-04-21,207900,1520,1690,1690,1426,1520
2003-04-22,1168700,1490,1510,1830,1274,1720
2003-04-23,361500,1430,1460,1560,1232,1510
2003-04-24,148100,1440,1500,1500,1266,1460
2003-04-25,105700,1390,1440,1490,1215,1460
2003-04-28,87400,1370,1430,1440,1207,1370
2003-04-29,156000,1450,1500,1500,1266,1450
2003-04-30,318900,1510,1530,1650,1291,1550
2003-05-02,59700,1510,1560,1560,1316,1550
2003-05-06,130900,1560,1610,1620,1359,1580
2003-05-07,472600,1600,1630,1730,1375,1620
2003-05-09,122900,1550,1600,1650,1350,1610
2003-05-12,96600,1600,1630,1650,1375,1600
2003-05-13,114300,1570,1600,1620,1350,1610
2003-05-14,34500,1570,1590,1600,1342,1580
2003-05-15,107800,1550,1570,1590,1325,1590
2003-05-16,132100,1500,1540,1570,1299,1560
2003-05-19,78500,1490,1500,1520,1266,1500
2003-05-20,163300,1460,1520,1540,1283,1540
2003-05-21,96000,1500,1520,1530,1283,1520
2003-05-22,121900,1470,1490,1520,1257,1510
2003-05-23,372000,1410,1550,1600,1308,1410
2003-05-26,298100,1520,1610,1620,1359,1520
2003-05-27,265700,1570,1600,1670,1350,1650
2003-05-28,419900,1620,1790,1790,1510,1650
2003-05-29,799200,1830,2000,2000,1688,1880
2003-05-30,529400,1910,1990,2100,1679,2100
2003-06-02,664600,1990,2220,2220,1873,2000
2003-06-03,712700,2070,2230,2370,1882,2250
2003-06-04,550200,2230,2410,2430,2034,2300
2003-06-05,405600,2350,2410,2460,2034,2350
2003-06-09,341200,2370,2460,2540,2076,2490
2003-06-10,416500,2250,2290,2470,1932,2430
2003-06-11,316500,2230,2330,2350,1966,2280
2003-06-12,512100,2340,2600,2600,2194,2350
2003-06-13,487800,2560,2650,2760,2236,2700
2003-06-16,645800,2620,2960,2960,2498,2620
2003-06-17,1049700,2880,3040,3290,2566,3290
2003-06-18,575500,2980,3030,3150,2557,3040
2003-06-19,597400,3030,3200,3200,2701,3060
2003-06-20,811200,3200,3580,3580,3021,3200
2003-06-23,1175600,3160,3160,3750,2667,3650
2003-06-24,1276100,2790,3000,3220,2532,2960
2003-06-25,1012700,3030,3160,3300,2667,3090
2003-06-26,857900,2790,2790,3200,2355,3080
2003-06-27,2371700,2460,2910,3070,2456,2770
2003-06-30,2560500,3100,3250,3250,2743,3100
2003-07-01,2412300,2870,2940,3390,2481,3260
2003-07-02,3049600,2590,2600,2990,2194,2990
2003-07-03,1467800,2460,2550,2710,2152,2620
2003-07-04,866700,2500,2500,2660,2110,2560
2003-07-07,1368800,2380,2400,2550,2025,2500
2003-07-08,1541800,2400,2610,2640,2203,2460
2003-07-09,838800,2460,2510,2660,2118,2640
2003-07-10,628000,2400,2470,2580,2084,2400
2003-07-11,716200,2430,2490,2550,2101,2430
2003-07-14,681200,2400,2460,2570,2076,2490
2003-07-15,610500,2360,2360,2550,1992,2490
2003-07-16,497300,2210,2270,2400,1916,2330
2003-07-18,786700,2000,2010,2200,1696,2150
2003-07-21,705000,1865,1885,2050,1591,2000
2003-07-22,1054700,1790,1950,1980,1645,1835
2003-07-23,725700,1810,1810,2000,1527,1970
2003-07-24,543600,1700,1700,1835,1434,1790
2003-07-25,752000,1650,1715,1740,1447,1660
2003-07-28,941600,1745,1745,1840,1472,1760
2003-07-29,1005600,1685,1830,1835,1544,1755
2003-07-30,840100,1805,1835,1915,1548,1870
2003-07-31,1984800,1850,2055,2055,1734,1870
2003-08-01,3101800,2000,2000,2280,1688,2100
2003-08-04,839700,1830,1910,1990,1612,1990
2003-08-05,557500,1860,1900,1980,1603,1980
2003-08-06,481100,1795,1825,1875,1540,1850
2003-08-07,495300,1790,1845,1865,1557,1790
2003-08-08,649100,1830,1845,1925,1557,1845
2003-08-11,459100,1800,1860,1900,1570,1825
2003-08-12,2230500,1910,2020,2080,1705,1915
2003-08-13,1059600,1900,1925,2050,1624,2030
2003-08-14,780700,1810,1815,1985,1532,1965
2003-08-18,545400,1715,1780,1850,1502,1800
2003-08-19,373300,1750,1755,1835,1481,1765
2003-08-20,593800,1670,1670,1780,1409,1750
2003-08-21,621700,1590,1620,1710,1367,1670
2003-08-22,310500,1620,1665,1680,1405,1620
2003-08-25,474700,1545,1550,1650,1308,1630
2003-08-26,310700,1515,1530,1550,1291,1530
2003-08-27,335600,1460,1490,1545,1257,1510
2003-08-28,475400,1385,1400,1490,1181,1475
2003-08-29,575300,1390,1525,1545,1287,1405
2003-09-01,351800,1470,1545,1580,1304,1530
2003-09-02,188200,1480,1515,1570,1278,1545
2003-09-03,330000,1510,1530,1585,1291,1525
2003-09-04,560600,1530,1595,1615,1346,1530
2003-09-05,437400,1495,1495,1620,1261,1600
2003-09-08,173100,1415,1470,1500,1240,1460
2003-09-09,237400,1405,1435,1475,1211,1440
2003-09-15,169100,1400,1425,1480,1202,1400
2003-09-16,167300,1420,1435,1455,1211,1450
2003-09-17,263500,1450,1490,1490,1257,1450
2003-09-18,1139500,1510,1600,1660,1350,1510
2003-09-19,456500,1525,1605,1640,1354,1640
2003-09-22,757400,1520,1540,1680,1299,1650
2003-09-23,348900,1415,1440,1540,1215,1515
2003-09-24,267900,1425,1430,1480,1207,1430
2003-09-25,331700,1300,1355,1400,1143,1395
2003-09-26,169900,1310,1320,1355,1114,1310
2003-09-29,192400,1305,1365,1365,1152,1310
2003-09-30,140200,1365,1365,1420,1152,1380
2003-10-01,113900,1340,1370,1400,1156,1340
2003-10-02,111700,1375,1410,1415,1190,1375
2003-10-06,136600,1380,1400,1435,1181,1435
2003-10-07,138200,1400,1400,1435,1181,1410
2003-10-08,136800,1345,1350,1410,1139,1400
2003-10-09,122000,1320,1355,1365,1143,1340
2003-10-10,228000,1335,1355,1405,1143,1345
2003-10-13,107400,1350,1370,1380,1156,1360
2003-10-14,406600,1385,1420,1435,1198,1385
2003-10-15,931100,1440,1590,1590,1342,1450
2003-10-16,1539100,1520,1610,1690,1359,1630
2003-10-17,1445200,1555,1695,1740,1430,1615
2003-10-20,1950300,1660,1715,1875,1447,1670
2003-10-21,712200,1660,1720,1780,1451,1750
2003-10-22,659500,1620,1640,1735,1384,1735
2003-10-23,449000,1535,1590,1640,1342,1590
2003-10-24,2494500,1600,1725,1780,1456,1625
2003-10-27,1214200,1755,1820,1880,1536,1755
2003-10-28,813900,1815,1900,1930,1603,1880
2003-10-29,1166600,1860,1950,2030,1645,1940
2003-10-30,936000,1910,2000,2055,1688,1990
2003-10-31,631000,1760,1760,2050,1485,2020
2003-11-03,1144700,1720,1790,1950,1510,1815
2003-11-04,745100,1690,1710,1835,1443,1830
2003-11-05,808000,1720,1830,1830,1544,1735
2003-11-06,1009900,1615,1615,1845,1363,1840
2003-11-07,537700,1445,1510,1645,1274,1585
2003-11-10,391000,1380,1400,1545,1181,1510
2003-11-11,318000,1370,1485,1510,1253,1380
2003-11-12,167500,1455,1470,1500,1240,1465
2003-11-13,226100,1470,1550,1570,1308,1495
2003-11-14,152300,1485,1495,1580,1261,1525
2003-11-17,145200,1460,1515,1530,1278,1530
2003-11-18,397100,1505,1585,1610,1337,1505
2003-11-19,271400,1550,1600,1635,1350,1600
2003-11-20,412000,1580,1650,1660,1392,1630
2003-11-21,597200,1630,1635,1725,1380,1650
2003-11-24,408300,1515,1515,1605,1278,1605
2003-11-25,498900,1440,1480,1600,1249,1530
2003-11-26,192000,1470,1505,1560,1270,1470
2003-11-27,108800,1475,1475,1520,1245,1510
2003-11-28,181000,1445,1500,1510,1266,1445
2003-12-01,128900,1500,1505,1530,1270,1505
2003-12-02,352300,1505,1600,1650,1350,1520
2003-12-03,165400,1570,1600,1630,1350,1600
2003-12-04,479600,1620,1670,1750,1409,1620
2003-12-05,148900,1590,1610,1675,1359,1645
2003-12-08,220900,1615,1680,1690,1418,1630
2003-12-09,321600,1645,1695,1710,1430,1665
2003-12-10,133900,1635,1645,1670,1388,1635
2003-12-11,120700,1615,1645,1700,1388,1650
2003-12-12,325800,1640,1640,1710,1384,1650
2003-12-15,357000,1640,1700,1740,1434,1660
2003-12-16,157400,1635,1690,1705,1426,1660
2003-12-17,616600,1670,1735,1770,1464,1695
2003-12-18,259500,1610,1680,1740,1418,1740
2003-12-19,171500,1600,1620,1730,1367,1730
2003-12-22,307900,1525,1565,1640,1321,1620
2003-12-23,122700,1520,1535,1590,1295,1520
2003-12-24,146400,1440,1480,1560,1249,1535
2003-12-26,225100,1420,1470,1490,1240,1445
2003-12-29,81000,1450,1510,1610,1274,1470
2003-12-30,145300,1525,1570,1580,1325,1525
2004-01-02,144000,1550,1585,1630,1337,1605
2004-01-05,45100,1550,1560,1580,1316,1560
2004-01-06,781900,1565,1745,1745,1472,1565
2004-01-07,1062100,1700,1765,1845,1489,1735
2004-01-08,558600,1710,1760,1820,1485,1775
2004-01-09,819000,1560,1615,1850,1363,1785
2004-01-12,357800,1530,1570,1630,1325,1590
2004-01-13,197400,1545,1555,1595,1312,1565
2004-01-14,139900,1545,1555,1585,1312,1555
2004-01-15,151700,1520,1545,1580,1304,1555
2004-01-16,115200,1500,1510,1560,1274,1545
2004-01-19,63000,1510,1510,1545,1274,1520
2004-01-20,51600,1510,1515,1550,1278,1550
2004-01-26,62900,1505,1545,1545,1304,1505
2004-01-27,115300,1525,1600,1660,1350,1530
2004-01-28,91700,1560,1580,1615,1333,1565
2004-01-29,85100,1540,1600,1610,1350,1580
2004-01-30,207400,1605,1630,1660,1375,1610
2004-02-02,179700,1505,1505,1680,1270,1630
2004-02-03,123100,1515,1550,1560,1308,1520
2004-02-04,64300,1530,1590,1600,1342,1530
2004-02-05,116200,1550,1560,1640,1316,1635
2004-02-06,68200,1530,1530,1590,1291,1550
2004-02-09,155700,1525,1550,1700,1308,1530
2004-02-10,70600,1525,1545,1580,1304,1535
2004-02-11,110900,1505,1505,1560,1270,1535
2004-02-12,105000,1470,1480,1535,1249,1535
2004-02-13,39600,1460,1500,1515,1266,1460
2004-02-16,94500,1410,1475,1510,1245,1490
2004-02-17,35300,1465,1510,1510,1274,1465
2004-02-18,68700,1500,1510,1530,1274,1525
2004-02-19,41500,1485,1485,1520,1253,1495
2004-02-20,49200,1470,1485,1510,1253,1500
2004-02-23,121800,1455,1465,1515,1236,1455
2004-02-24,109500,1420,1420,1475,1198,1460
2004-02-25,52200,1410,1430,1450,1207,1420
2004-02-26,52300,1405,1405,1430,1185,1430
2004-02-27,56100,1400,1400,1450,1181,1405
2004-03-02,63800,1390,1400,1450,1181,1420
2004-03-03,87700,1360,1360,1415,1147,1400
2004-03-04,214700,1355,1360,1390,1147,1355
2004-03-05,70500,1320,1320,1370,1114,1340
2004-03-08,68600,1310,1325,1345,1118,1310
2004-03-09,109800,1300,1340,1365,1131,1305
2004-03-10,61300,1325,1325,1370,1118,1340
2004-03-11,61400,1300,1300,1345,1097,1325
2004-03-12,265500,1145,1170,1300,987,1300
2004-03-15,73400,1175,1190,1220,1004,1220
2004-03-16,67500,1120,1180,1190,996,1190
2004-03-17,188900,1200,1270,1320,1072,1200
2004-03-18,61100,1250,1265,1300,1067,1295
2004-03-19,36700,1250,1260,1280,1063,1255
2004-03-22,26200,1225,1230,1275,1038,1240
2004-03-23,41500,1200,1200,1235,1012,1210
2004-03-24,52300,1185,1220,1230,1029,1200
2004-03-25,60300,1190,1220,1240,1029,1200
2004-03-26,156300,1225,1300,1350,1097,1225
2004-03-29,49600,1270,1300,1365,1097,1365
2004-03-30,278400,1280,1370,1435,1156,1310
2004-03-31,114400,1345,1395,1420,1177,1400
2004-04-01,50600,1360,1400,1400,1181,1365
2004-04-02,144000,1380,1455,1475,1228,1400
2004-04-06,30700,1425,1450,1455,1223,1450
2004-04-07,39100,1415,1415,1480,1194,1425
2004-04-08,33700,1395,1450,1460,1223,1410
2004-04-09,98800,1420,1525,1540,1287,1460
2004-04-12,56400,1490,1500,1535,1266,1500
2004-04-13,134000,1495,1520,1570,1283,1510
2004-04-14,33400,1490,1530,1530,1291,1490
2004-04-16,27300,1475,1500,1540,1266,1540
2004-04-19,56700,1490,1510,1570,1274,1550
2004-04-20,55800,1510,1525,1565,1287,1515
2004-04-21,95000,1500,1530,1565,1291,1520
2004-04-22,56100,1505,1550,1560,1308,1505
2004-04-23,168400,1535,1600,1670,1350,1550
2004-04-26,512300,1560,1770,1785,1494,1610
2004-04-27,255300,1650,1760,1760,1485,1750
2004-04-28,121300,1700,1760,1780,1485,1700
2004-04-29,176800,1620,1700,1770,1434,1730
2004-04-30,164800,1610,1700,1700,1434,1660
2004-05-03,100200,1630,1690,1725,1426,1665
2004-05-04,106800,1665,1680,1735,1418,1685
2004-05-06,53000,1640,1685,1720,1422,1670
2004-05-07,124200,1650,1710,1720,1443,1670
2004-05-10,172700,1605,1680,1790,1418,1710
2004-05-11,51800,1635,1700,1700,1434,1635
2004-05-12,357200,1725,1780,1830,1502,1750
2004-05-13,328100,1750,1765,1850,1489,1830
2004-05-14,143200,1670,1670,1800,1409,1730
2004-05-17,145300,1470,1480,1705,1249,1520
2004-05-18,87200,1450,1500,1540,1266,1540
2004-05-19,73200,1475,1575,1615,1329,1475
2004-05-20,25700,1540,1565,1585,1321,1550
2004-05-21,24400,1550,1565,1600,1321,1600
2004-05-24,26800,1555,1585,1600,1337,1565
2004-05-25,48100,1540,1600,1640,1350,1585
2004-05-27,52600,1575,1590,1610,1342,1605
2004-05-28,40400,1560,1590,1600,1342,1560
2004-05-31,25100,1550,1575,1590,1329,1590
2004-06-01,60100,1490,1560,1580,1316,1550
2004-06-02,63800,1570,1610,1630,1359,1580
2004-06-03,159500,1580,1580,1670,1333,1585
2004-06-04,54000,1555,1600,1600,1350,1555
2004-06-07,116000,1580,1640,1710,1384,1580
2004-06-08,76100,1630,1650,1675,1392,1640
2004-06-09,67800,1625,1650,1680,1392,1680
2004-06-10,68900,1630,1670,1670,1409,1635
2004-06-11,127600,1650,1660,1715,1401,1655
2004-06-14,47200,1590,1605,1655,1354,1630
2004-06-15,61600,1550,1590,1610,1342,1600
2004-06-16,37900,1545,1545,1610,1304,1575
2004-06-17,34600,1540,1580,1585,1333,1540
2004-06-18,83900,1560,1650,1660,1392,1560
2004-06-21,31300,1630,1665,1700,1405,1630
2004-06-22,36300,1630,1655,1665,1396,1665
2004-06-23,39800,1625,1655,1655,1396,1655
2004-06-24,161700,1650,1705,1715,1439,1670
2004-06-25,122000,1695,1715,1750,1447,1750
2004-06-28,80000,1685,1695,1725,1430,1710
2004-06-29,60200,1680,1700,1705,1434,1680
2004-06-30,83400,1695,1720,1735,1451,1705
2004-07-01,66800,1680,1740,1745,1468,1745
2004-07-02,47800,1690,1710,1745,1443,1710
2004-07-05,46500,1680,1685,1710,1422,1695
2004-07-06,24100,1680,1680,1710,1418,1680
2004-07-07,31600,1620,1645,1675,1388,1675
2004-07-08,57700,1570,1630,1670,1375,1625
2004-07-09,12600,1580,1595,1640,1346,1640
2004-07-12,63800,1555,1615,1655,1363,1555
2004-07-13,29800,1580,1600,1640,1350,1640
2004-07-14,99100,1580,1670,1670,1409,1580
2004-07-15,143800,1580,1655,1700,1396,1650
2004-07-16,49400,1605,1695,1695,1430,1605
2004-07-19,56800,1550,1550,1695,1308,1675
2004-07-20,63100,1580,1600,1630,1350,1585
2004-07-21,35800,1585,1620,1650,1367,1600
2004-07-22,76200,1580,1620,1640,1367,1620
2004-07-23,36400,1550,1605,1650,1354,1650
2004-07-26,86100,1600,1635,1645,1380,1610
2004-07-27,262300,1560,1600,1660,1350,1635
2004-07-28,98800,1550,1570,1605,1325,1580
2004-07-29,56700,1400,1520,1590,1283,1570
2004-07-30,115000,1475,1490,1520,1257,1485
2004-08-02,87600,1465,1465,1535,1236,1490
2004-08-03,55200,1400,1450,1490,1223,1455
2004-08-04,68100,1325,1370,1435,1156,1420
2004-08-05,90100,1345,1425,1435,1202,1380
2004-08-06,97500,1360,1400,1420,1181,1415
2004-08-09,57400,1405,1435,1445,1211,1405
2004-08-10,40700,1410,1415,1445,1194,1410
2004-08-11,42800,1415,1460,1460,1232,1415
2004-08-12,204200,1450,1540,1540,1299,1450
2004-08-13,92900,1520,1520,1600,1283,1555
2004-08-16,60100,1480,1500,1520,1266,1520
2004-08-17,76500,1475,1500,1520,1266,1520
2004-08-18,50700,1485,1510,1530,1274,1500
2004-08-19,18100,1490,1520,1535,1283,1535
2004-08-20,30300,1480,1480,1530,1249,1510
2004-08-23,158000,1450,1470,1505,1240,1470
2004-08-24,30000,1460,1475,1490,1245,1475
2004-08-25,54500,1445,1450,1485,1223,1460
2004-08-26,79600,1430,1485,1495,1253,1450
2004-08-27,64200,1470,1495,1505,1261,1470
2004-08-30,40900,1480,1500,1510,1266,1480
2004-08-31,25200,1480,1485,1510,1253,1510
2004-09-01,48800,1475,1490,1500,1257,1485
2004-09-02,43100,1475,1490,1495,1257,1485
2004-09-03,66500,1430,1430,1490,1207,1490
2004-09-06,345400,1450,1540,1570,1299,1450
2004-09-07,80500,1500,1535,1600,1295,1600
2004-09-08,90600,1500,1520,1540,1283,1540
2004-09-09,115100,1460,1475,1555,1245,1500
2004-09-10,84100,1430,1470,1505,1240,1430
2004-09-13,51300,1470,1480,1530,1249,1490
2004-09-14,67500,1480,1530,1535,1291,1480
2004-09-15,114300,1500,1535,1550,1295,1530
2004-09-16,83000,1510,1585,1585,1337,1510
2004-09-17,406200,1570,1650,1725,1392,1575
2004-09-20,480000,1600,1640,1700,1384,1650
2004-09-21,208400,1550,1575,1660,1329,1660
2004-09-22,119900,1500,1520,1590,1283,1545
2004-09-23,78500,1480,1490,1535,1257,1500
2004-09-24,176400,1470,1500,1555,1266,1470
2004-09-30,156800,1450,1480,1510,1249,1460
2004-10-01,112100,1470,1500,1510,1266,1480
2004-10-04,74600,1475,1495,1500,1261,1500
2004-10-05,71000,1475,1500,1505,1266,1500
2004-10-06,55900,1480,1495,1500,1261,1500
2004-10-07,96800,1475,1480,1495,1249,1485
2004-10-08,45900,1475,1485,1500,1253,1485
2004-10-11,169200,1490,1550,1590,1308,1490
2004-10-12,77600,1520,1540,1555,1299,1555
2004-10-13,45800,1515,1545,1545,1304,1520
2004-10-14,43900,1510,1535,1545,1295,1515
2004-10-15,49800,1480,1500,1535,1266,1505
2004-10-18,52600,1465,1470,1505,1240,1495
2004-10-19,64900,1450,1470,1480,1240,1470
2004-10-20,61100,1430,1460,1480,1232,1480
2004-10-21,114400,1400,1410,1465,1190,1430
2004-10-22,54100,1380,1410,1435,1190,1410
2004-10-25,97000,1320,1345,1390,1135,1390
2004-10-26,101800,1340,1360,1375,1147,1355
2004-10-27,79800,1365,1380,1385,1164,1370
2004-10-28,141400,1370,1485,1485,1253,1370
2004-10-29,150600,1415,1430,1495,1207,1480
2004-11-01,52400,1420,1445,1460,1219,1420
2004-11-02,50800,1425,1435,1455,1211,1440
2004-11-03,28600,1420,1440,1445,1215,1425
2004-11-04,53600,1420,1440,1450,1215,1430
2004-11-05,90900,1430,1445,1480,1219,1455
2004-11-08,42800,1420,1450,1455,1223,1445
2004-11-09,122000,1445,1510,1510,1274,1445
2004-11-10,360500,1470,1470,1570,1240,1520
2004-11-11,99400,1450,1465,1490,1236,1475
2004-11-12,65600,1450,1470,1485,1240,1465
2004-11-15,138200,1295,1455,1475,1228,1465
2004-11-16,93300,1430,1460,1470,1232,1450
2004-11-17,57400,1445,1495,1505,1261,1460
2004-11-18,93900,1480,1500,1515,1266,1500
2004-11-19,190400,1500,1530,1575,1291,1500
2004-11-22,78700,1490,1520,1525,1283,1510
2004-11-23,44500,1495,1535,1535,1295,1495
2004-11-24,36900,1500,1500,1540,1266,1520
2004-11-25,47500,1460,1485,1520,1253,1495
2004-11-26,36500,1460,1475,1500,1245,1485
2004-11-29,26200,1450,1450,1490,1223,1470
2004-11-30,24100,1430,1460,1475,1232,1465
2004-12-01,669400,1450,1635,1635,1380,1450
2004-12-02,787500,1610,1660,1730,1401,1700
2004-12-03,348600,1610,1700,1725,1434,1685
2004-12-06,457900,1670,1745,1800,1472,1690
2004-12-07,216200,1710,1720,1790,1451,1790
2004-12-08,314200,1710,1775,1830,1498,1710
2004-12-09,144500,1735,1755,1790,1481,1790
2004-12-10,122300,1620,1630,1760,1375,1740
2004-12-13,134700,1615,1665,1680,1405,1625
2004-12-14,55400,1650,1665,1690,1405,1690
2004-12-15,130900,1640,1740,1745,1468,1640
2004-12-16,317400,1785,1800,1870,1519,1870
2004-12-17,262600,1790,1910,1970,1612,1805
2004-12-20,140200,1850,1875,1930,1582,1900
2004-12-21,247300,1850,1890,1925,1595,1855
2004-12-22,117700,1875,1900,1915,1603,1880
2004-12-23,205300,1750,1770,1890,1494,1880
2004-12-24,155000,1620,1710,1770,1443,1760
2004-12-27,141800,1635,1635,1745,1380,1690
2004-12-28,232000,1560,1560,1645,1316,1635
2004-12-29,95100,1540,1600,1620,1395,1570
2004-12-30,72600,1575,1615,1630,1408,1600
2005-01-03,163700,1600,1620,1655,1412,1610
2005-01-04,199200,1620,1655,1690,1443,1635
2005-01-05,176400,1590,1630,1665,1421,1630
2005-01-06,445800,1640,1640,1750,1430,1670
2005-01-07,231300,1630,1670,1715,1456,1650
2005-01-10,920100,1680,1760,1825,1534,1690
2005-01-11,287800,1705,1740,1800,1517,1800
2005-01-12,1257500,1800,1945,1945,1696,1800
2005-01-13,2542400,1970,2135,2175,1861,2040
2005-01-14,934200,1990,2030,2165,1770,2135
2005-01-17,2199000,1990,2065,2200,1800,2025
2005-01-18,503100,1950,2010,2070,1752,2065
2005-01-19,1051100,1990,1990,2130,1735,2005
2005-01-20,782800,1860,1890,1980,1648,1955
2005-01-21,647800,1875,1930,2000,1683,1875
2005-01-24,1093400,1960,2160,2160,1883,1965
2005-01-25,2321400,2170,2260,2415,1970,2400
2005-01-26,1608300,1990,2185,2360,1905,2310
2005-01-27,659600,2185,2260,2300,1970,2200
2005-01-28,688700,2165,2350,2395,2049,2260
2005-01-31,1566700,2310,2510,2630,2188,2350
2005-02-01,787900,2490,2490,2730,2171,2520
2005-02-02,781500,2415,2415,2640,2105,2530
2005-02-03,491100,2290,2315,2530,2018,2450
2005-02-04,258100,2260,2335,2365,2036,2280
2005-02-07,505200,2365,2615,2615,2280,2415
2005-02-11,475200,2520,2620,2690,2284,2585
2005-02-14,588100,2630,2700,2850,2354,2660
2005-02-15,261700,2625,2680,2720,2337,2700
2005-02-16,376300,2550,2650,2700,2310,2640
2005-02-17,490400,2600,2800,2900,2441,2600
2005-02-18,399300,2745,2790,2875,2433,2860
2005-02-21,665700,2835,2905,3050,2533,2850
2005-02-22,355400,2870,2930,2975,2555,2900
2005-02-23,760900,2705,2890,3060,2520,2870
2005-02-24,1804700,2680,2700,3145,2354,2890
2005-02-25,328600,2640,2680,2770,2337,2690
2005-02-28,548700,2450,2500,2730,2180,2700
2005-03-02,377100,2435,2475,2575,2158,2460
2005-03-03,876100,2475,2655,2720,2315,2475
2005-03-04,408000,2670,2750,2755,2398,2680
2005-03-07,527700,2760,2760,2890,2406,2850
2005-03-08,404900,2565,2610,2815,2276,2800
2005-03-09,232900,2500,2540,2635,2215,2570
2005-03-10,240600,2400,2465,2590,2149,2540
2005-03-11,263000,2425,2490,2510,2171,2465
2005-03-14,283100,2485,2650,2655,2310,2485
2005-03-15,245100,2560,2625,2715,2289,2685
2005-03-16,163500,2510,2560,2630,2232,2600
2005-03-17,185000,2410,2520,2560,2197,2560
2005-03-18,364800,2460,2530,2660,2206,2470
2005-03-21,166400,2450,2460,2590,2145,2505
2005-03-22,217500,2430,2470,2555,2153,2435
2005-03-23,178700,2350,2430,2490,2119,2465
2005-03-24,179900,2300,2350,2430,2049,2355
2005-03-25,202000,2235,2330,2390,2031,2350
2005-03-28,310100,2300,2320,2450,2023,2380
2005-03-29,146900,2210,2210,2315,1927,2315
2005-03-30,125900,2185,2210,2230,1927,2210
2005-03-31,100500,2165,2210,2265,1927,2265
2005-04-01,97500,2180,2260,2270,1970,2180
2005-04-04,172300,2250,2375,2380,2071,2250
2005-04-06,103700,2275,2370,2410,2066,2410
2005-04-07,148700,2370,2450,2490,2136,2370
2005-04-08,75200,2410,2450,2530,2136,2450
2005-04-11,82700,2400,2460,2485,2145,2430
2005-04-12,81400,2425,2435,2490,2123,2440
2005-04-13,125700,2400,2430,2480,2119,2450
2005-04-14,102000,2300,2370,2435,2066,2435
2005-04-15,66800,2250,2250,2370,1962,2370
2005-04-18,107500,2000,2100,2300,1831,2250
2005-04-19,332900,2110,2150,2295,1874,2110
2005-04-20,115800,2165,2190,2220,1909,2190
2005-04-21,80700,2100,2200,2200,1918,2190
2005-04-22,100900,2115,2165,2250,1887,2220
2005-04-25,86100,2060,2125,2135,1853,2120
2005-04-26,131200,2050,2120,2170,1848,2125
2005-04-27,119200,2060,2120,2130,1848,2080
2005-04-28,82500,2095,2100,2150,1831,2120
2005-04-29,231100,1950,1950,2125,1700,2080
2005-05-02,167500,1850,1880,1970,1639,1930
2005-05-03,206000,1810,1840,1960,1604,1880
2005-05-04,536300,1790,2000,2065,1744,1810
2005-05-06,267500,1950,2000,2080,1744,1970
2005-05-09,125700,1970,1995,2045,1739,1970
2005-05-10,242700,1970,2095,2095,1826,2000
2005-05-11,280300,2070,2140,2165,1866,2085
2005-05-12,199700,2120,2150,2210,1874,2140
2005-05-13,364500,2000,2050,2200,1787,2170
2005-05-16,162900,1950,2000,2095,1744,2055
2005-05-17,163300,1930,1940,2030,1691,2000
2005-05-18,162300,1880,1960,1960,1709,1950
2005-05-19,310400,2015,2135,2175,1861,2015
2005-05-20,186900,2065,2095,2190,1826,2135
2005-05-23,151300,2085,2095,2145,1826,2100
2005-05-24,157600,2080,2155,2185,1879,2110
2005-05-25,765700,2180,2325,2450,2027,2200
2005-05-26,735900,2250,2300,2430,2005,2345
2005-05-27,1241600,2250,2280,2500,1988,2440
2005-05-30,254100,2270,2295,2340,2001,2270
2005-05-31,269400,2235,2310,2330,2014,2320
2005-06-01,263000,2250,2380,2380,2075,2270
2005-06-02,190800,2335,2375,2440,2071,2440
2005-06-03,165600,2340,2410,2460,2101,2340
2005-06-07,135200,2330,2350,2410,2049,2410
2005-06-08,168600,2330,2355,2395,2053,2330
2005-06-09,268400,2250,2295,2375,2001,2330
2005-06-10,501300,2285,2380,2480,2075,2285
2005-06-13,225200,2300,2320,2440,2023,2440
2005-06-14,171700,2235,2260,2320,1970,2320
2005-06-15,169800,2235,2250,2285,1962,2280
2005-06-16,184200,2250,2255,2330,1966,2250
2005-06-17,173100,2215,2215,2295,1931,2255
2005-06-20,241800,2090,2110,2215,1840,2200
2005-06-21,148800,2095,2130,2185,1857,2110
2005-06-22,173200,2100,2140,2175,1866,2100
2005-06-23,276800,2130,2150,2210,1874,2155
2005-06-24,175800,2080,2080,2140,1813,2135
2005-06-27,132400,2020,2045,2065,1783,2030
2005-06-28,191300,2030,2150,2150,1874,2050
2005-06-29,194700,2105,2140,2175,1866,2150
2005-06-30,956200,2155,2360,2360,2058,2175
2005-07-01,867300,2290,2305,2430,2010,2360
2005-07-04,432400,2275,2445,2445,2132,2320
2005-07-05,255000,2350,2390,2455,2084,2450
2005-07-06,286400,2290,2325,2435,2027,2390
2005-07-07,187400,2290,2290,2360,1996,2305
2005-07-08,230600,2280,2315,2335,2018,2290
2005-07-11,392800,2305,2315,2385,2018,2320
2005-07-12,226700,2250,2285,2345,1992,2315
2005-07-13,615000,2325,2435,2475,2123,2330
2005-07-14,589300,2400,2530,2585,2206,2435
2005-07-15,333700,2420,2430,2545,2119,2540
2005-07-18,336900,2315,2370,2465,2066,2425
2005-07-19,270300,2335,2400,2410,2092,2350
2005-07-20,351100,2260,2300,2450,2005,2380
2005-07-21,312600,2240,2240,2350,1953,2315
2005-07-22,225100,2210,2235,2275,1949,2230
2005-07-25,161900,2235,2245,2285,1957,2235
2005-07-26,219400,2225,2310,2325,2014,2225
2005-07-27,180400,2280,2300,2340,2005,2325
2005-07-28,466600,2290,2355,2430,2053,2300
2005-07-29,181900,2290,2300,2385,2005,2365
2005-08-01,298600,2260,2270,2330,1979,2270
2005-08-02,213400,2225,2240,2285,1953,2250
2005-08-03,223200,2175,2175,2260,1896,2240
2005-08-04,208700,2060,2090,2215,1822,2190
2005-08-05,206900,2040,2065,2100,1800,2050
2005-08-08,99300,2030,2080,2095,1813,2040
2005-08-09,178300,2055,2105,2140,1835,2055
2005-08-10,173400,2115,2190,2190,1909,2145
2005-08-11,135200,2130,2180,2190,1901,2160
2005-08-12,869000,2180,2205,2355,1922,2190
2005-08-16,216300,2120,2120,2240,1848,2240
2005-08-17,262200,2060,2075,2115,1809,2060
2005-08-18,254400,2065,2100,2130,1831,2080
2005-08-19,137400,2050,2070,2120,1805,2100
2005-08-22,158400,2065,2125,2135,1853,2070
2005-08-23,102600,2090,2100,2135,1831,2125
2005-08-24,218800,2080,2210,2210,1927,2095
2005-08-25,653700,2165,2300,2340,2005,2210
2005-08-26,292700,2150,2220,2315,1935,2300
2005-08-29,342600,2100,2100,2210,1831,2210
2005-08-30,614600,2105,2255,2270,1966,2175
2005-08-31,625700,2215,2335,2360,2036,2240
2005-09-01,460200,2330,2380,2415,2075,2400
2005-09-02,1012600,2355,2550,2590,2223,2395
2005-09-05,885700,2540,2630,2680,2293,2570
2005-09-06,472500,2555,2600,2670,2267,2670
2005-09-07,664000,2530,2700,2700,2354,2630
2005-09-08,547400,2600,2630,2850,2293,2780
2005-09-09,292300,2535,2535,2680,2210,2680
2005-09-12,334500,2450,2480,2600,2162,2560
2005-09-13,310700,2470,2470,2575,2153,2525
2005-09-14,236400,2445,2470,2500,2153,2445
2005-09-15,757600,2455,2500,2650,2180,2480
2005-09-16,319500,2460,2500,2570,2180,2525
2005-09-20,1178600,2535,2650,2865,2310,2545
2005-09-21,393900,2560,2600,2640,2267,2600
2005-09-22,288300,2535,2540,2640,2215,2640
2005-09-23,348800,2410,2470,2550,2153,2550
2005-09-26,378000,2445,2515,2525,2193,2450
2005-09-27,285100,2460,2480,2550,2162,2520
2005-09-28,779400,2500,2630,2710,2293,2500
2005-09-29,255500,2565,2575,2640,2245,2640
2005-09-30,354900,2555,2575,2625,2245,2625
2005-10-04,464600,2440,2610,2610,2276,2550
2005-10-05,396200,2540,2620,2700,2284,2570
2005-10-06,301000,2500,2510,2600,2188,2600
2005-10-07,282200,2505,2650,2670,2310,2505
2005-10-10,422700,2700,2740,2795,2389,2700
2005-10-11,255300,2725,2800,2850,2441,2725
2005-10-12,439400,2670,2710,2785,2363,2755
2005-10-13,177700,2610,2630,2700,2293,2665
2005-10-14,1003800,2655,2890,2900,2520,2700
2005-10-17,1429300,2810,2810,3130,2450,3025
2005-10-18,569200,2655,2810,2860,2450,2850
2005-10-19,385600,2670,2670,2860,2328,2810
2005-10-20,364200,2590,2590,2750,2258,2635
2005-10-21,275800,2440,2530,2575,2206,2500
2005-10-24,502700,2500,2710,2770,2363,2500
2005-10-25,1432600,2680,2725,3045,2376,2750
2005-10-26,414400,2660,2765,2840,2411,2685
2005-10-27,414300,2700,2700,2855,2354,2760
2005-10-28,245400,2580,2650,2670,2310,2620
2005-10-31,653500,2680,2880,2900,2511,2680
2005-11-01,555000,2780,2780,2990,2424,2950
2005-11-02,298600,2780,2835,2850,2472,2780
2005-11-03,2139000,2830,3000,3210,2616,2840
2005-11-04,1177100,2780,2860,2920,2494,2900
2005-11-07,492500,2770,2785,2860,2428,2860
2005-11-08,233000,2800,2830,2870,2467,2800
2005-11-09,323000,2755,2805,2860,2446,2810
2005-11-10,276200,2770,2770,2840,2415,2795
2005-11-11,549200,2685,2730,2810,2380,2795
2005-11-14,242800,2675,2715,2755,2367,2745
2005-11-15,255500,2665,2720,2745,2371,2715
2005-11-16,415300,2695,2805,2830,2446,2700
2005-11-17,271400,2775,2780,2840,2424,2830
2005-11-18,226300,2770,2825,2830,2463,2830
2005-11-21,369000,2820,2820,2915,2459,2830
2005-11-22,456900,2770,2895,2905,2524,2860
2005-11-23,1034100,2950,3000,3110,2616,2960
2005-11-24,374800,2920,2935,3020,2559,2985
2005-11-25,1893000,2950,3020,3230,2633,2995
2005-11-28,580400,2965,3045,3115,2655,3090
2005-11-29,657700,2925,3000,3055,2616,3010
2005-11-30,617300,2950,3120,3120,2720,2995
2005-12-01,916200,3135,3140,3290,2738,3160
2005-12-02,284500,3080,3160,3205,2755,3175
2005-12-05,417100,3050,3105,3180,2707,3170
2005-12-06,256100,3010,3015,3100,2629,3100
2005-12-07,367400,2960,2975,3120,2594,3000
2005-12-08,242700,2850,2855,3020,2489,2920
2005-12-09,481500,2875,2970,3005,2589,2875
2005-12-12,272500,2905,2905,3045,2533,3045
2005-12-13,389900,2865,2875,3020,2507,2960
2005-12-14,233600,2860,2900,2925,2528,2860
2005-12-15,410900,2860,2940,3000,2563,2860
2005-12-16,465200,2710,2875,2950,2507,2905
2005-12-19,265600,2810,2855,2900,2489,2855
2005-12-20,268600,2825,2915,2970,2542,2855
2005-12-21,238800,2865,2900,2945,2528,2900
2005-12-22,411400,2740,2740,2955,2389,2920
2005-12-23,301500,2630,2740,2750,2389,2705
2005-12-26,263800,2700,2740,2765,2389,2700
2005-12-27,248600,2700,2730,2845,2380,2710
2005-12-28,121900,2705,2730,2770,2425,2735
2005-12-29,209800,2710,2745,2760,2438,2715
2006-01-02,194200,2720,2780,2810,2469,2745
2006-01-03,188100,2770,2840,2840,2522,2790
2006-01-04,801900,2845,2900,3140,2576,2880
2006-01-05,953500,2915,2975,3250,2642,3035
2006-01-06,357200,2870,2910,3000,2585,2955
2006-01-09,241200,2840,2900,2950,2576,2910
2006-01-10,228900,2845,2890,2955,2567,2885
2006-01-11,432300,2855,2865,2975,2545,2880
2006-01-12,388200,2750,2800,2895,2487,2855
2006-01-13,1139900,2705,2800,2975,2487,2755
2006-01-16,905800,2765,3095,3095,2749,2800
2006-01-17,466800,3010,3020,3130,2682,3095
2006-01-18,609200,2855,2990,3120,2656,3020
2006-01-19,1125200,2990,3200,3200,2842,3020
2006-01-20,3052400,3250,3430,3680,3046,3280
2006-01-23,1097400,2920,2920,3395,2593,3270
2006-01-24,1114100,2485,2810,2840,2496,2750
2006-01-25,536800,2770,2810,2955,2496,2770
2006-01-26,1200900,2810,3230,3230,2869,2810
2006-01-27,1044100,3230,3355,3590,2980,3360
2006-01-31,1111900,3255,3385,3535,3006,3400
2006-02-01,1730600,3130,3360,3650,2984,3395
2006-02-02,2261200,3255,3730,3840,3313,3410
2006-02-03,1102500,3380,3500,3685,3109,3530
2006-02-06,628600,3255,3355,3495,2980,3400
2006-02-07,1064300,3280,3480,3535,3091,3325
2006-02-08,871000,3385,3385,3670,3006,3530
2006-02-09,560900,3320,3400,3505,3020,3445
2006-02-10,452800,3250,3350,3460,2975,3390
2006-02-13,557500,3290,3300,3500,2931,3360
2006-02-14,302100,3270,3350,3370,2975,3305
2006-02-15,666500,3150,3250,3480,2887,3400
2006-02-16,298200,3155,3215,3260,2855,3200
2006-02-17,405700,3070,3105,3270,2758,3225
2006-02-20,189300,3030,3185,3200,2829,3080
2006-02-21,252500,3100,3100,3220,2753,3160
2006-02-22,270000,3065,3100,3150,2753,3065
2006-02-23,994900,3140,3480,3540,3091,3165
2006-02-24,350500,3380,3410,3540,3029,3490
2006-02-27,287700,3395,3420,3490,3038,3410
2006-02-28,278500,3410,3450,3480,3064,3410
2006-03-02,550200,3465,3650,3650,3242,3500
2006-03-03,345600,3445,3445,3640,3060,3600
2006-03-06,212800,3355,3445,3460,3060,3460
2006-03-07,301500,3250,3260,3445,2895,3385
2006-03-08,1345200,3200,3745,3745,3326,3200
2006-03-09,1772400,3620,3620,4150,3215,3890
2006-03-10,908700,3570,3955,3970,3513,3580
2006-03-13,1012500,3910,4025,4385,3575,4030
2006-03-14,417700,3930,4000,4095,3553,3955
2006-03-15,691800,4000,4000,4300,3553,4100
2006-03-16,545800,3825,4030,4105,3579,3910
2006-03-17,284200,3875,3950,4080,3508,4030
2006-03-20,224700,3875,3880,3980,3446,3905
2006-03-21,227300,3800,3810,3895,3384,3850
2006-03-22,212500,3730,3750,3855,3331,3800
2006-03-23,298800,3705,3815,3875,3388,3775
2006-03-24,243500,3705,3820,3870,3393,3770
2006-03-27,872600,3780,3920,4250,3482,3780
2006-03-28,660300,3915,4075,4200,3619,4000
2006-03-29,257800,3965,4100,4225,3642,4000
2006-03-30,453900,4070,4290,4300,3810,4105
2006-03-31,516100,4225,4435,4440,3939,4250
2006-04-03,329400,4300,4300,4500,3819,4430
2006-04-04,251800,4125,4150,4290,3686,4255
2006-04-05,228000,4140,4180,4270,3713,4155
2006-04-06,173100,4120,4145,4220,3682,4155
2006-04-07,202700,4110,4150,4240,3686,4110
2006-04-10,487400,4150,4225,4440,3753,4150
2006-04-11,153800,4240,4325,4330,3841,4300
2006-04-12,252700,4155,4200,4395,3730,4330
2006-04-13,244700,4080,4100,4200,3642,4200
2006-04-14,266500,4090,4110,4165,3650,4105
2006-04-17,300000,4000,4000,4170,3553,4075
2006-04-18,280300,3860,4030,4040,3579,3955
2006-04-19,202100,3940,3950,4060,3508,4000
2006-04-20,273700,3800,3800,4000,3375,4000
2006-04-21,159900,3750,3920,3995,3482,3750
2006-04-24,140700,3815,3865,3985,3433,3985
2006-04-25,135400,3830,3895,3950,3460,3840
2006-04-26,122300,3805,3850,3940,3420,3875
2006-04-27,165900,3780,3900,3900,3464,3850
2006-04-28,126800,3810,3930,3930,3491,3810
2006-05-02,120500,3835,3840,3955,3411,3860
2006-05-03,283000,3850,3940,3970,3499,3850
2006-05-04,284200,3925,4095,4170,3637,3980
2006-05-08,148800,3955,3970,4115,3526,4115
2006-05-09,317100,3835,3860,3965,3428,3955
2006-05-10,153400,3805,3805,3980,3380,3850
2006-05-11,426500,3640,3860,3865,3428,3750
2006-05-12,562200,3785,4020,4020,3571,3850
2006-05-15,279400,3960,4090,4145,3633,4010
2006-05-16,126000,3910,3910,4140,3473,4060
2006-05-17,105200,3850,3950,3965,3508,3855
2006-05-18,81800,3720,3790,3890,3366,3850
2006-05-19,67900,3685,3830,3870,3402,3745
2006-05-22,52700,3710,3785,3900,3362,3900
2006-05-23,71000,3220,3745,3795,3326,3745
2006-05-24,100600,3580,3780,3785,3357,3785
2006-05-25,74100,3650,3750,3820,3331,3730
2006-05-26,269000,3750,4040,4040,3588,3795
2006-05-29,167100,4010,4080,4170,3624,4170
2006-05-30,78000,3930,4020,4100,3571,4020
2006-06-01,276900,3985,4140,4255,3677,4050
2006-06-02,262700,3920,4000,4270,3553,4250
2006-06-05,122600,3840,3900,4030,3464,3885
2006-06-07,179100,3320,3480,3865,3091,3780
2006-06-08,119100,3345,3515,3545,3122,3365
2006-06-09,93200,3500,3500,3650,3109,3590
2006-06-12,109200,3445,3500,3540,3109,3445
2006-06-13,56000,3390,3420,3505,3038,3505
2006-06-14,59500,3310,3420,3540,3038,3310
2006-06-15,110400,3400,3495,3540,3104,3440
2006-06-16,86400,3485,3515,3550,3122,3510
2006-06-19,80600,3385,3400,3515,3020,3470
2006-06-20,44600,3340,3395,3470,3015,3355
2006-06-21,66200,3330,3470,3470,3082,3360
2006-06-22,102800,3400,3445,3510,3060,3475
2006-06-23,190900,3380,3560,3670,3162,3500
2006-06-26,504600,3470,3550,3730,3153,3615
2006-06-27,673100,3450,3520,3845,3126,3755
2006-06-28,156700,3330,3360,3495,2984,3425
2006-06-29,154500,3320,3350,3420,2975,3360
2006-06-30,261300,3365,3590,3590,3189,3425
2006-07-03,112400,3455,3470,3595,3082,3595
2006-07-04,84600,3415,3500,3500,3109,3465
2006-07-05,122300,3405,3480,3550,3091,3405
2006-07-06,113500,3405,3435,3530,3051,3420
2006-07-07,110300,3410,3435,3465,3051,3440
2006-07-10,34800,3360,3405,3430,3024,3365
2006-07-11,141700,3320,3325,3440,2953,3440
2006-07-12,113500,3270,3345,3370,2971,3330
2006-07-13,90100,3265,3300,3335,2931,3280
2006-07-14,166000,3080,3100,3255,2753,3255
2006-07-18,189400,2915,3020,3060,2682,3000
2006-07-19,243900,2795,2900,3020,2576,2990
2006-07-20,220400,2910,2925,3015,2598,2910
2006-07-21,91800,2810,2860,2930,2540,2930
2006-07-24,109500,2600,2710,2860,2407,2820
2006-07-25,175100,2665,2730,2780,2425,2715
2006-07-26,264200,2710,2710,2850,2407,2715
2006-07-27,81300,2665,2670,2745,2371,2710
2006-07-28,460000,2645,2780,2800,2469,2645
2006-07-31,262900,2730,2750,2825,2442,2825
2006-08-01,128300,2680,2680,2760,2380,2750
2006-08-02,144200,2615,2615,2690,2322,2650
2006-08-03,734400,2490,2600,2630,2309,2620
2006-08-04,81800,2580,2580,2640,2291,2580
2006-08-07,101900,2555,2580,2635,2291,2595
2006-08-08,62800,2540,2580,2630,2291,2600
2006-08-09,176600,2530,2750,2775,2442,2555
2006-08-10,75100,2690,2780,2785,2469,2740
2006-08-11,120300,2765,2780,2880,2469,2830
2006-08-14,36800,2750,2760,2820,2451,2820
2006-08-16,137800,2770,2845,2875,2527,2780
2006-08-17,60800,2815,2845,2860,2527,2830
2006-08-18,70600,2800,2880,2880,2558,2845
2006-08-21,92700,2880,2890,2995,2567,2880
2006-08-22,92300,2840,2850,2940,2531,2870
2006-08-23,65700,2800,2810,2890,2496,2840
2006-08-24,62200,2735,2780,2810,2469,2780
2006-08-25,52200,2730,2780,2805,2469,2750
2006-08-28,90500,2760,2805,2805,2491,2780
2006-08-29,75300,2785,2810,2885,2496,2830
2006-08-30,95500,2810,2880,2935,2558,2870
2006-08-31,46300,2865,2880,2930,2558,2890
2006-09-01,116900,2800,2830,2880,2513,2880
2006-09-04,101600,2795,2810,2875,2496,2875
2006-09-05,207000,2790,2880,2880,2558,2810
2006-09-06,211900,2805,2805,2935,2491,2895
2006-09-07,130000,2735,2750,2785,2442,2785
2006-09-08,115600,2715,2720,2770,2416,2750
2006-09-11,90600,2690,2690,2750,2389,2725
2006-09-12,106500,2665,2680,2735,2380,2695
2006-09-13,152000,2685,2720,2735,2416,2685
2006-09-14,121500,2695,2715,2735,2411,2735
2006-09-15,435300,2715,2930,2965,2602,2715
2006-09-18,268100,2905,2985,3015,2651,2965
2006-09-19,697100,2910,2960,3085,2629,3050
2006-09-20,131700,2865,2900,3005,2576,3005
2006-09-21,211400,2865,2970,3000,2638,2920
2006-09-22,163400,2870,2950,2950,2620,2935
2006-09-25,445100,2920,2930,3000,2602,2950
2006-09-26,272800,2900,2925,2985,2598,2970
2006-09-27,214600,2840,2850,2975,2531,2935
2006-09-28,289200,2825,2835,2930,2518,2850
2006-09-29,106800,2820,2880,2880,2558,2835
2006-10-02,183800,2865,2890,2955,2567,2870
2006-10-04,96500,2730,2750,2910,2442,2865
2006-10-09,141300,2505,2570,2775,2282,2735
2006-10-10,99000,2510,2585,2600,2296,2515
2006-10-11,136200,2510,2510,2660,2229,2545
2006-10-12,64800,2545,2600,2625,2309,2570
2006-10-13,60100,2625,2725,2725,2420,2625
2006-10-16,49100,2665,2730,2730,2425,2700
2006-10-17,136900,2655,2675,2740,2376,2710
2006-10-18,61100,2640,2730,2730,2425,2670
2006-10-19,41400,2700,2740,2745,2433,2730
2006-10-20,70600,2690,2705,2770,2402,2755
2006-10-23,40900,2690,2690,2730,2389,2690
2006-10-24,68000,2675,2695,2740,2394,2695
2006-10-25,68000,2670,2700,2725,2398,2670
2006-10-26,81500,2680,2720,2745,2416,2705
2006-10-27,53600,2705,2735,2740,2429,2720
2006-10-30,42400,2690,2705,2725,2402,2725
2006-10-31,33000,2690,2715,2735,2411,2690
2006-11-01,266400,2705,2855,2910,2536,2735
2006-11-02,91500,2770,2780,2815,2469,2810
2006-11-03,168700,2780,2810,2910,2496,2820
2006-11-06,61800,2745,2755,2815,2447,2815
2006-11-07,104700,2725,2725,2795,2420,2755
2006-11-08,124900,2665,2665,2725,2367,2725
2006-11-09,69300,2650,2665,2710,2367,2670
2006-11-10,111700,2605,2725,2740,2420,2645
2006-11-13,74800,2690,2690,2785,2389,2785
2006-11-14,126000,2670,2705,2740,2402,2700
2006-11-15,79800,2695,2710,2725,2407,2715
2006-11-16,102200,2700,2700,2760,2398,2720
2006-11-17,61900,2685,2710,2735,2407,2735
2006-11-20,88100,2660,2660,2745,2362,2710
2006-11-21,64300,2625,2625,2665,2331,2665
2006-11-22,78400,2615,2640,2655,2345,2645
2006-11-23,84100,2650,2690,2740,2389,2650
2006-11-24,139800,2620,2620,2690,2327,2690
2006-11-27,93300,2575,2575,2645,2287,2620
2006-11-28,98000,2520,2550,2565,2265,2550
2006-11-29,99800,2560,2565,2620,2278,2565
2006-11-30,42900,2570,2585,2595,2296,2570
2006-12-01,57100,2570,2600,2630,2309,2595
2006-12-04,78800,2550,2585,2620,2296,2620
2006-12-05,56200,2575,2580,2615,2291,2585
2006-12-06,125400,2520,2545,2585,2260,2580
2006-12-07,43600,2510,2535,2560,2251,2540
2006-12-08,100100,2480,2500,2570,2220,2520
2006-12-11,39800,2475,2500,2535,2220,2500
2006-12-12,40000,2455,2465,2500,2189,2490
2006-12-13,36300,2450,2460,2490,2185,2470
2006-12-14,23200,2465,2510,2515,2229,2465
2006-12-15,60800,2520,2560,2610,2274,2550
2006-12-18,60100,2560,2585,2610,2296,2560
2006-12-19,28300,2555,2570,2625,2282,2625
2006-12-20,77500,2550,2615,2615,2322,2560
2006-12-21,52000,2550,2570,2610,2282,2590
2006-12-22,52700,2540,2570,2590,2282,2580
2006-12-26,70000,2520,2520,2615,2238,2535
2006-12-27,51600,2495,2495,2575,2270,2495
2006-12-28,61300,2470,2520,2540,2293,2520
2007-01-02,83300,2490,2490,2540,2265,2505
2007-01-03,119300,2405,2410,2515,2193,2500
2007-01-04,50200,2395,2405,2440,2188,2400
2007-01-05,147100,2330,2410,2425,2193,2415
2007-01-08,34800,2365,2385,2435,2170,2410
2007-01-09,99800,2365,2465,2490,2243,2365
2007-01-10,78600,2380,2440,2485,2220,2480
2007-01-11,52500,2415,2430,2475,2211,2425
2007-01-12,56400,2420,2440,2465,2220,2430
2007-01-15,89500,2400,2490,2495,2265,2435
2007-01-16,74500,2450,2490,2545,2265,2490
2007-01-17,153500,2425,2505,2580,2279,2490
2007-01-18,52400,2450,2520,2540,2293,2505
2007-01-19,103900,2480,2520,2530,2293,2500
2007-01-22,80600,2480,2500,2570,2274,2500
2007-01-23,105800,2440,2500,2520,2274,2500
2007-01-24,105000,2425,2490,2510,2265,2500
2007-01-25,47100,2450,2450,2480,2229,2455
2007-01-26,36700,2415,2430,2440,2211,2435
2007-01-29,51200,2395,2400,2450,2183,2425
2007-01-30,126300,2395,2400,2460,2183,2400
2007-01-31,123900,2345,2400,2420,2183,2420
2007-02-01,121600,2380,2395,2445,2179,2380
2007-02-02,99200,2380,2440,2440,2220,2385
2007-02-05,232600,2400,2400,2475,2183,2440
2007-02-06,54000,2395,2420,2420,2202,2410
2007-02-07,51800,2400,2435,2440,2215,2400
2007-02-08,275100,2395,2450,2495,2229,2430
2007-02-09,82200,2420,2425,2450,2206,2450
2007-02-12,125700,2395,2430,2430,2211,2420
2007-02-13,173000,2415,2440,2455,2220,2450
2007-02-14,161800,2445,2470,2490,2247,2455
2007-02-15,100200,2455,2480,2505,2256,2480
2007-02-16,178500,2450,2450,2515,2229,2480
2007-02-20,95200,2435,2445,2480,2224,2480
2007-02-21,126700,2420,2450,2465,2229,2440
2007-02-22,223200,2440,2460,2460,2238,2460
2007-02-23,625000,2440,2510,2510,2284,2460
2007-02-26,543800,2540,2600,2670,2365,2540
2007-02-27,377500,2580,2605,2740,2370,2590
2007-02-28,220400,2450,2545,2565,2315,2460
2007-03-05,519500,2530,2530,2720,2302,2530
2007-03-06,234400,2510,2595,2600,2361,2525
2007-03-07,455200,2610,2625,2710,2388,2645
2007-03-08,187400,2600,2640,2675,2402,2605
2007-03-09,288700,2655,2680,2780,2438,2670
2007-03-12,175000,2655,2675,2750,2434,2750
2007-03-13,198500,2600,2600,2705,2365,2680
2007-03-14,154900,2560,2630,2650,2393,2580
2007-03-15,131300,2610,2635,2675,2397,2630
2007-03-16,225800,2640,2690,2715,2447,2640
2007-03-19,240700,2685,2700,2760,2456,2730
2007-03-20,168700,2665,2685,2740,2443,2740
2007-03-21,329000,2680,2770,2800,2520,2690
2007-03-22,214600,2695,2700,2820,2456,2785
2007-03-23,167600,2635,2650,2705,2411,2680
2007-03-26,173900,2575,2600,2680,2365,2680
2007-03-27,122800,2570,2620,2630,2384,2630
2007-03-28,174600,2540,2560,2635,2329,2595
2007-03-29,1764400,2525,2730,2890,2484,2535
2007-03-30,695900,2745,2840,2885,2584,2860
2007-04-02,270600,2775,2805,2885,2552,2870
2007-04-03,321700,2740,2800,2840,2547,2775
2007-04-04,277100,2770,2835,2865,2579,2790
2007-04-05,470500,2820,2895,2975,2634,2845
2007-04-06,141100,2870,2890,2950,2629,2900
2007-04-09,181200,2855,2900,2935,2638,2880
2007-04-10,322800,2900,3040,3070,2766,2900
2007-04-11,259300,2970,2995,3170,2725,3020
2007-04-12,223600,2910,2990,3045,2720,2995
2007-04-13,193000,2960,3000,3040,2729,2975
2007-04-16,214700,3005,3085,3110,2807,3050
2007-04-17,263000,3020,3040,3180,2766,3180
2007-04-18,219900,2900,2900,3050,2638,3015
2007-04-19,213600,2825,2855,2900,2598,2900
2007-04-20,133100,2855,2865,2910,2607,2855
2007-04-23,295600,2835,2840,2935,2584,2920
2007-04-24,208700,2790,2830,2850,2575,2825
2007-04-25,176000,2810,2825,2880,2570,2815
2007-04-26,318000,2870,2900,2970,2638,2920
2007-04-27,178100,2860,2860,2945,2602,2910
2007-04-30,82300,2860,2900,2930,2638,2880
2007-05-02,364700,2900,3075,3090,2798,2900
2007-05-03,144500,3000,3100,3135,2820,3060
2007-05-04,122600,3030,3100,3115,2820,3085
2007-05-07,274800,3055,3090,3145,2811,3100
2007-05-08,177100,2995,2995,3065,2725,3050
2007-05-09,80700,2965,3030,3040,2757,2965
2007-05-10,207200,2965,3040,3085,2766,3070
2007-05-11,185400,2920,2980,3050,2711,3035
2007-05-14,335400,2840,2855,3020,2598,3020
2007-05-15,261200,2860,2925,2980,2661,2860
2007-05-16,201600,2890,3070,3070,2793,2910
2007-05-17,362600,3010,3195,3195,2907,3010
2007-05-18,601000,3130,3400,3460,3093,3240
2007-05-21,276600,3265,3420,3420,3112,3350
2007-05-22,223300,3350,3420,3460,3112,3400
2007-05-23,502500,3280,3425,3425,3116,3420
2007-05-25,126000,3290,3370,3415,3066,3395
2007-05-28,152700,3230,3300,3430,3002,3430
2007-05-29,158300,3230,3305,3350,3007,3350
2007-05-30,118800,3220,3220,3325,2930,3265
2007-05-31,177600,3250,3490,3495,3175,3295
2007-06-01,345600,3390,3490,3610,3175,3490
2007-06-04,117600,3440,3540,3590,3221,3530
2007-06-05,204300,3495,3700,3725,3366,3550
2007-06-07,300700,3725,3980,4065,3621,3750
2007-06-08,125700,3800,3850,3990,3503,3980
2007-06-11,185900,3730,3730,3950,3394,3900
2007-06-12,156200,3720,3990,3990,3630,3800
2007-06-13,72200,3850,3930,3990,3576,3905
2007-06-14,269700,3810,4200,4200,3821,3880
2007-06-15,173500,4115,4150,4260,3776,4180
2007-06-18,279600,4100,4335,4365,3944,4150
2007-06-19,176500,4210,4450,4460,4049,4390
2007-06-20,196900,4250,4350,4530,3958,4450
2007-06-21,136300,4210,4400,4400,4003,4250
2007-06-22,218200,4250,4500,4540,4094,4400
2007-06-25,105500,4255,4380,4500,3985,4500
2007-06-26,289000,3940,4080,4395,3712,4380
2007-06-27,104200,3830,3895,4005,3544,4005
2007-06-28,111700,3875,4020,4030,3658,3895
2007-06-29,69300,3915,4020,4045,3658,4010
2007-07-02,252900,3920,4045,4600,3680,3965
2007-07-03,205500,3920,4070,4150,3703,4150
2007-07-04,184900,3885,3930,4020,3576,3930
2007-07-05,317500,3830,3995,4070,3635,3940
2007-07-06,363900,3850,4145,4145,3771,3890
2007-07-09,175500,4015,4125,4125,3753,4100
2007-07-10,93200,4085,4100,4170,3730,4085
2007-07-11,175100,4010,4120,4120,3749,4095
2007-07-12,156100,4045,4290,4290,3903,4045
2007-07-13,152600,4100,4245,4350,3862,4300
2007-07-16,124200,4055,4185,4230,3808,4230
2007-07-18,70200,4055,4110,4190,3740,4165
2007-07-19,124600,4100,4125,4195,3753,4120
2007-07-20,109200,4010,4020,4175,3658,4120
2007-07-23,127200,3905,4070,4070,3703,4000
2007-07-24,103300,3910,3910,4070,3558,4000
2007-07-25,106300,3800,3870,3945,3521,3910
2007-07-26,153200,3825,3950,4000,3594,3870
2007-07-27,110000,3770,3890,3950,3539,3880
2007-07-30,42100,3825,3855,3945,3507,3825
2007-07-31,63700,3830,3920,3940,3567,3890
2007-08-01,91100,3600,3825,3925,3480,3925
2007-08-02,108200,3605,3700,3850,3366,3800
2007-08-03,109300,3610,3610,3785,3285,3700
2007-08-06,52000,3480,3500,3620,3184,3510
2007-08-07,197200,3390,3475,3590,3162,3500
2007-08-08,67800,3470,3595,3595,3271,3495
2007-08-09,182200,3575,3710,3845,3376,3575
2007-08-10,56900,3630,3630,3760,3303,3650
2007-08-14,143700,3505,3620,3775,3294,3600
2007-08-16,94000,3120,3350,3550,3048,3550
2007-08-17,39500,3250,3300,3430,3002,3430
2007-08-20,96600,3310,3415,3450,3107,3310
2007-08-21,224000,3375,3520,3695,3203,3420
2007-08-22,81400,3450,3450,3630,3139,3510
2007-08-23,126800,3450,3500,3585,3184,3500
2007-08-24,83700,3465,3600,3600,3275,3515
2007-08-27,122700,3475,3500,3650,3184,3615
2007-08-28,86700,3480,3510,3630,3194,3480
2007-08-29,61000,3370,3540,3575,3221,3380
2007-08-30,96500,3455,3575,3615,3253,3595
2007-08-31,60900,3525,3525,3590,3207,3525
2007-09-03,73700,3470,3485,3560,3171,3550
2007-09-04,112000,3400,3415,3525,3107,3525
2007-09-05,77600,3400,3520,3530,3203,3450
2007-09-06,96800,3435,3495,3570,3180,3570
2007-09-07,41500,3450,3450,3545,3139,3500
2007-09-10,55700,3350,3355,3450,3053,3450
2007-09-11,34100,3350,3355,3435,3053,3360
2007-09-12,88100,3290,3290,3400,2993,3360
2007-09-13,143100,3205,3350,3405,3048,3300
2007-09-14,49700,3290,3395,3400,3089,3290
2007-09-17,19000,3360,3395,3410,3089,3395
2007-09-18,153300,3200,3395,3395,3089,3340
2007-09-19,166000,3305,3305,3435,3007,3380
2007-09-20,111000,3190,3190,3355,2902,3305
2007-09-21,47700,3160,3220,3235,2930,3235
2007-09-27,88300,3250,3305,3330,3007,3270
2007-09-28,107000,3175,3230,3305,2939,3180
2007-10-01,80000,3200,3335,3340,3034,3210
2007-10-02,95000,3240,3240,3380,2948,3335
2007-10-04,67800,3185,3220,3295,2930,3255
2007-10-05,76900,3110,3120,3260,2839,3200
2007-10-08,165000,2950,2980,3155,2711,3155
2007-10-09,90700,2920,2975,3020,2707,2980
2007-10-10,164200,2890,2895,3030,2634,2965
2007-10-11,157000,2900,2965,2990,2698,2940
2007-10-12,332700,2975,3100,3125,2820,2975
2007-10-15,312900,3035,3245,3335,2952,3060
2007-10-16,209300,3180,3210,3310,2921,3245
2007-10-17,1005300,3165,3690,3690,3357,3250
2007-10-18,1932100,3655,3820,4160,3476,3900
2007-10-19,601200,3610,3795,3850,3453,3750
2007-10-22,877000,3440,3600,3925,3275,3550
2007-10-23,628900,3570,3640,3850,3312,3720
2007-10-24,928100,3700,3890,3990,3539,3715
2007-10-25,1126000,3910,4470,4470,4067,4000
2007-10-26,2875700,4390,4800,5140,4367,4890
2007-10-29,3936000,4670,4945,5290,4499,4915
2007-10-30,2381700,4550,4680,5120,4258,4820
2007-10-31,1572500,4495,5000,5000,4549,4690
2007-11-01,1712600,4630,4630,5100,4213,4895
2007-11-02,1178700,4210,4720,4810,4295,4300
2007-11-05,1011200,4570,4835,4950,4399,4670
2007-11-06,961200,4650,4880,4960,4440,4885
2007-11-07,1351700,4170,4200,4925,3821,4900
2007-11-08,888300,3830,3905,4315,3553,4055
2007-11-09,692600,4020,4490,4490,4085,4150
2007-11-12,3823000,4610,4800,5130,4367,4800
2007-11-13,2193500,4150,4350,5020,3958,4850
2007-11-14,1589300,4255,4850,4890,4413,4545
2007-11-15,1813500,4630,5100,5100,4640,4710
2007-11-16,3479200,4800,4800,5670,4367,4990
2007-11-19,2020800,4505,4505,5050,4099,4990
2007-11-20,1544900,4010,4220,4400,3840,4285
2007-11-21,2408300,3600,3685,4420,3353,4210
2007-11-22,3032900,3345,4060,4060,3694,3755
2007-11-23,3116200,3700,4110,4320,3740,4150
2007-11-26,3601000,4195,4350,4500,3958,4270
2007-11-27,84500,5000,5000,5000,4549,5000
2007-11-28,2937000,5700,5750,5750,5232,5750
2007-11-29,22020200,5280,5600,6370,5095,5750
2007-11-30,9231000,5070,5110,5900,4650,5610
2007-12-03,18116400,5110,5630,5870,5123,5180
2007-12-04,15086100,5390,5390,6000,4904,5700
2007-12-05,10449300,4850,4990,5720,4540,5450
2007-12-06,5239900,4790,4840,5170,4404,5130
2007-12-07,7869200,4860,5400,5500,4913,5010
2007-12-10,4804100,4915,4970,5790,4522,5580
2007-12-11,3123100,4870,4950,5260,4504,5150
2007-12-12,1743800,4455,4690,4870,4267,4865
2007-12-13,2004100,4620,4710,5000,4286,4740
2007-12-14,1270600,4505,4550,4770,4140,4720
2007-12-17,1155100,4410,4410,4760,4013,4615
2007-12-18,1304500,4295,4440,4545,4040,4310
2007-12-20,1133000,4290,4370,4525,3976,4450
2007-12-21,845400,4110,4145,4430,3771,4360
2007-12-24,1079500,4075,4200,4265,3821,4115
2007-12-26,1576800,4200,4450,4680,4049,4255
2007-12-27,475100,4325,4345,4525,3998,4500
2007-12-28,476354,4195,4275,4410,3934,4270
2008-01-02,725198,4295,4430,4625,4077,4350
2008-01-03,544570,4230,4280,4405,3938,4350
2008-01-04,384884,4130,4185,4350,3851,4350
2008-01-07,1762083,4020,4480,4750,4123,4030
2008-01-08,495758,4270,4270,4545,3929,4410
2008-01-09,525665,4115,4280,4375,3938,4270
2008-01-10,1798920,4335,4335,4750,3989,4350
2008-01-11,517374,4150,4160,4445,3828,4440
2008-01-14,311405,4070,4085,4265,3759,4085
2008-01-15,813312,3960,4055,4255,3731,4110
2008-01-16,533943,3710,3755,4030,3455,3915
2008-01-17,1590616,3600,4150,4295,3819,3840
2008-01-18,1240475,3910,3935,4275,3621,4010
2008-01-21,2381075,3900,4020,4375,3699,3970
2008-01-22,2514027,3420,3645,4265,3354,4020
2008-01-23,732140,3570,3615,3880,3326,3715
2008-01-24,1233706,3745,3760,3995,3460,3745
2008-01-25,940757,3700,3750,3900,3451,3865
2008-01-28,771118,3610,3670,3880,3377,3740
2008-01-29,777626,3615,3680,3800,3386,3800
2008-01-30,720922,3130,3395,3850,3124,3760
2008-01-31,895667,3255,3500,3740,3221,3335
2008-02-01,538302,3410,3420,3595,3147,3570
2008-02-04,841782,3415,3510,3680,3230,3460
2008-02-05,498808,3445,3585,3625,3299,3500
2008-02-11,1030215,3540,3540,3835,3257,3590
2008-02-12,293660,3530,3565,3620,3280,3580
2008-02-13,260538,3505,3505,3650,3225,3610
2008-02-14,366160,3525,3600,3620,3313,3550
2008-02-15,466177,3525,3630,3695,3340,3580
2008-02-18,838635,3660,3730,3840,3432,3700
2008-02-19,1777559,3760,3880,4030,3570,3770
2008-02-20,503704,3710,3710,3940,3414,3940
2008-02-21,489191,3750,3860,3940,3552,3750
2008-02-22,716084,3830,3870,4000,3561,3830
2008-02-25,540300,3720,3730,3920,3432,3910
2008-02-26,571556,3715,3740,3860,3442,3740
2008-02-27,594523,3520,3610,3800,3322,3775
2008-02-28,229882,3515,3590,3635,3303,3610
2008-02-29,209756,3490,3500,3620,3221,3580
2008-03-03,242675,3400,3400,3570,3129,3450
2008-03-04,239453,3360,3410,3480,3138,3370
2008-03-05,176920,3370,3400,3465,3129,3450
2008-03-06,238220,3345,3350,3435,3083,3420
2008-03-07,208996,3265,3295,3340,3032,3325
2008-03-10,248289,3050,3050,3250,2806,3240
2008-03-11,198448,2980,3100,3125,2853,2990
2008-03-12,256867,3080,3085,3195,2839,3150
2008-03-13,196843,2965,3000,3100,2760,3060
2008-03-14,233571,2895,2960,3095,2724,3050
2008-03-17,195596,2735,2810,2950,2586,2925
2008-03-18,223405,2750,2770,2870,2549,2800
2008-03-19,219431,2800,2810,2865,2586,2840
2008-03-20,200300,2765,2860,2905,2632,2780
2008-03-21,112732,2880,2920,2950,2687,2890
2008-03-24,228722,2920,3025,3050,2783,2925
2008-03-25,465149,2975,2985,3175,2747,3010
2008-03-26,180995,2890,2890,3035,2659,3035
2008-03-27,190821,2830,2855,2940,2627,2880
2008-03-28,157746,2850,2870,2905,2641,2850
2008-03-31,186298,2860,2900,2940,2668,2905
2008-04-01,168959,2885,2885,2940,2655,2930
2008-04-02,288548,2900,2970,3040,2733,2920
2008-04-03,581559,2990,3045,3170,2802,2990
2008-04-04,278396,3005,3090,3100,2843,3045
2008-04-07,205967,3030,3030,3130,2788,3125
2008-04-08,127581,2985,2990,3025,2751,3025
2008-04-10,87548,2975,3035,3045,2793,2975
2008-04-11,382491,3025,3070,3140,2825,3030
2008-04-14,508419,3015,3170,3255,2917,3075
2008-04-15,1687921,3190,3520,3645,3239,3250
2008-04-16,765484,3415,3445,3590,3170,3550
2008-04-17,1215600,3300,3325,3700,3060,3480
2008-04-18,1092198,3375,3660,3770,3368,3375
2008-04-21,695965,3560,3620,3780,3331,3740
2008-04-22,454549,3420,3445,3645,3170,3610
2008-04-23,417839,3420,3590,3620,3303,3440
2008-04-24,460312,3440,3480,3710,3202,3635
2008-04-25,1043154,3295,3340,3680,3073,3490
2008-04-28,495927,3210,3210,3380,2954,3355
2008-04-29,297684,3125,3145,3230,2894,3230
2008-04-30,235341,3120,3120,3220,2871,3135
2008-05-02,162640,3120,3150,3180,2899,3180
2008-05-06,129129,3135,3150,3190,2899,3190
2008-05-07,231075,3060,3070,3180,2825,3180
2008-05-08,179775,3005,3075,3095,2830,3035
2008-05-09,317093,3125,3140,3250,2889,3125
2008-05-13,143641,3095,3120,3185,2871,3145
2008-05-14,148793,3045,3060,3140,2816,3120
2008-05-15,132580,3060,3085,3120,2839,3065
2008-05-16,284548,3085,3175,3190,2922,3095
2008-05-19,1255253,3200,3300,3475,3037,3200
2008-05-20,403169,3255,3400,3410,3129,3330
2008-05-21,350612,3290,3610,3610,3322,3360
2008-05-22,4141487,3600,3940,4150,3626,3900
2008-05-23,2090291,3715,4165,4165,3833,3770
2008-05-26,3600774,4005,4270,4420,3929,4100
2008-05-27,8179388,4310,4330,4800,3985,4740
2008-05-28,4765789,3685,3685,4400,3391,4280
2008-05-29,3444732,3545,3720,3885,3423,3760
2008-05-30,1319653,3590,3610,3865,3322,3785
2008-06-02,2149639,3525,3790,3845,3488,3610
2008-06-03,2005962,3535,3535,3940,3253,3780
2008-06-04,1289219,3555,3705,3755,3409,3595
2008-06-05,538420,3605,3695,3755,3400,3755
2008-06-09,905694,3520,3565,3690,3280,3610
2008-06-10,739735,3280,3305,3610,3041,3590
2008-06-11,394416,3300,3445,3445,3170,3350
2008-06-12,1151797,3180,3275,3615,3014,3605
2008-06-13,359869,3180,3180,3330,2926,3280
2008-06-16,331080,3175,3195,3315,2940,3185
2008-06-17,261832,3135,3150,3235,2899,3200
2008-06-18,198214,3125,3220,3255,2963,3125
2008-06-19,208403,3170,3170,3275,2917,3175
2008-06-20,177083,3175,3180,3210,2926,3180
2008-06-23,224939,3130,3180,3240,2926,3160
2008-06-24,1272815,3195,3430,3520,3156,3195
2008-06-25,419201,3280,3280,3460,3018,3405
2008-06-26,715452,3285,3525,3525,3244,3305
2008-06-27,743540,3410,3480,3630,3202,3410
2008-06-30,396661,3415,3415,3595,3142,3500
2008-07-01,519379,3150,3150,3420,2899,3390
2008-07-02,533359,2760,2835,3210,2609,3150
2008-07-03,317131,2690,2820,2980,2595,2700
2008-07-04,258292,2780,2805,2930,2581,2800
2008-07-07,216396,2720,2790,2830,2567,2720
2008-07-08,345411,2470,2515,2845,2314,2795
2008-07-09,224768,2535,2550,2705,2346,2635
2008-07-10,144409,2465,2595,2640,2388,2480
2008-07-11,171547,2595,2730,2755,2512,2600
2008-07-14,128880,2705,2735,2840,2517,2745
2008-07-15,129158,2650,2650,2825,2438,2715
2008-07-16,109910,2620,2650,2750,2438,2700
2008-07-17,179862,2705,2730,2805,2512,2705
2008-07-18,120415,2660,2675,2790,2461,2770
2008-07-21,111838,2660,2735,2760,2517,2685
2008-07-22,164338,2695,2715,2850,2498,2700
2008-07-23,269917,2740,2800,2845,2576,2750
2008-07-24,321047,2790,2870,2955,2641,2835
2008-07-25,112381,2805,2840,2860,2613,2820
2008-07-28,78410,2835,2860,2890,2632,2875
2008-07-29,98800,2740,2745,2865,2526,2805
2008-07-30,64800,2740,2740,2820,2521,2810
2008-07-31,119200,2760,2770,2840,2549,2800
2008-08-01,137100,2670,2705,2780,2489,2750
2008-08-04,122900,2590,2620,2730,2411,2685
2008-08-05,250200,2575,2610,2800,2402,2620
2008-08-06,117400,2625,2685,2690,2471,2655
2008-08-07,116400,2630,2660,2735,2448,2735
2008-08-08,81300,2620,2670,2670,2457,2645
2008-08-11,203500,2720,2770,2870,2549,2720
2008-08-12,108200,2690,2700,2800,2484,2770
2008-08-13,523900,2700,2810,2910,2586,2700
2008-08-14,167600,2770,2820,2890,2595,2835
2008-08-18,105080,2760,2765,2840,2544,2830
2008-08-19,191932,2635,2715,2795,2498,2790
2008-08-20,75607,2670,2710,2780,2494,2780
2008-08-21,113914,2640,2680,2800,2466,2730
2008-08-22,144513,2550,2570,2690,2365,2690
2008-08-25,92181,2580,2605,2650,2397,2605
2008-08-26,105316,2550,2550,2625,2346,2565
2008-08-27,212121,2435,2490,2570,2291,2505
2008-08-28,172547,2410,2430,2500,2236,2455
2008-08-29,173187,2410,2430,2510,2236,2445
2008-09-01,160627,2150,2190,2410,2015,2410
2008-09-02,227157,1955,1995,2320,1836,2140
2008-09-03,205392,1950,2110,2110,1941,1950
2008-09-04,93734,2035,2150,2240,1978,2035
2008-09-05,71833,2070,2130,2190,1960,2100
2008-09-08,164141,2175,2290,2335,2107,2175
2008-09-09,77179,2235,2250,2415,2070,2290
2008-09-10,75952,2255,2335,2415,2148,2330
2008-09-11,78444,2305,2370,2380,2181,2380
2008-09-12,68985,2375,2390,2470,2199,2400
2008-09-16,150689,2085,2100,2240,1932,2130
2008-09-17,73461,2150,2205,2225,2029,2150
2008-09-18,328615,2090,2270,2490,2089,2150
2008-09-19,171752,2285,2330,2390,2144,2320
2008-09-22,70672,2260,2265,2410,2084,2380
2008-09-23,50580,2260,2285,2320,2102,2265
2008-09-24,324361,2270,2335,2380,2148,2300
2008-09-25,454579,2215,2220,2330,2043,2330
2008-09-26,150681,2150,2200,2255,2024,2255
2008-09-29,101356,2200,2200,2260,2024,2225
2008-09-30,130415,1980,2115,2115,1946,2010
2008-10-01,40846,2110,2115,2160,1946,2160
2008-10-02,86580,2040,2050,2150,1886,2115
2008-10-06,142207,1940,1970,2030,1813,2015
2008-10-07,104057,1815,1955,1970,1799,1925
2008-10-08,149633,1750,1800,1910,1656,1890
2008-10-09,210026,1740,1755,1890,1615,1800
2008-10-10,396306,1495,1580,1670,1454,1620
2008-10-13,124803,1585,1660,1685,1527,1605
2008-10-14,276433,1735,1815,1870,1670,1740
2008-10-15,255284,1775,1860,1930,1711,1780
2008-10-16,321998,1585,1610,1825,1481,1750
2008-10-17,233925,1605,1640,1720,1509,1700
2008-10-20,192371,1620,1710,1745,1573,1670
2008-10-21,162171,1715,1740,1775,1601,1750
2008-10-22,425223,1670,1700,1850,1564,1710
2008-10-23,228403,1600,1650,1700,1518,1650
2008-10-24,310503,1405,1415,1655,1302,1655
2008-10-27,277508,1205,1355,1440,1247,1205
2008-10-28,130301,1240,1410,1440,1297,1275
2008-10-29,241838,1350,1450,1595,1334,1500
2008-10-30,180585,1490,1655,1655,1523,1510
2008-10-31,195157,1610,1680,1725,1546,1665
2008-11-03,277760,1680,1685,1740,1550,1685
2008-11-04,323304,1645,1800,1805,1656,1695
2008-11-05,415474,1720,1780,1915,1638,1865
2008-11-06,199550,1575,1610,1715,1481,1715
2008-11-07,178649,1500,1670,1670,1536,1550
2008-11-10,149821,1660,1690,1765,1555,1695
2008-11-11,69591,1625,1695,1720,1559,1650
2008-11-12,256031,1610,1715,1780,1578,1635
2008-11-13,104715,1585,1650,1690,1518,1690
2008-11-14,59662,1605,1605,1735,1477,1700
2008-11-17,65765,1550,1605,1655,1477,1655
2008-11-18,37079,1575,1615,1630,1486,1620
2008-11-19,43428,1560,1575,1655,1449,1605
2008-11-20,59983,1460,1500,1600,1380,1510
2008-11-21,93784,1410,1530,1530,1408,1500
2008-11-24,124339,1440,1440,1560,1325,1530
2008-11-25,697378,1475,1655,1655,1523,1480
2008-11-26,1452016,1700,1720,1865,1582,1750
2008-11-27,731609,1650,1675,1795,1541,1735
2008-11-28,2537102,1725,1890,1925,1739,1725
2008-12-01,1274556,1805,1900,2030,1748,1910
2008-12-02,1024836,1780,1900,2025,1748,1780
2008-12-03,658495,1850,1895,2000,1744,1960
2008-12-04,919272,1805,1810,2050,1665,1935
2008-12-05,537978,1760,1930,1950,1776,1815
2008-12-08,550575,1890,1935,2000,1780,2000
2008-12-09,832400,1920,2080,2090,1914,1965
2008-12-10,935286,2055,2075,2170,1909,2140
2008-12-11,467665,2070,2100,2185,1932,2110
2008-12-12,382961,1895,1930,2095,1776,2095
2008-12-15,436204,1960,2090,2115,1923,2010
2008-12-16,1276466,2045,2115,2380,1946,2070
2008-12-17,364433,2065,2100,2220,1932,2220
2008-12-18,234533,2050,2055,2165,1891,2095
2008-12-19,188009,1990,2040,2070,1877,2005
2008-12-22,733504,2145,2190,2320,2015,2280
2008-12-23,1054476,2130,2190,2340,2015,2155
2008-12-24,2195834,2130,2150,2450,1978,2235
2008-12-26,1006869,2145,2185,2400,2010,2160
2008-12-29,787371,2105,2120,2325,1978,2210
2008-12-30,570508,2085,2120,2260,1978,2125
2009-01-02,275469,2130,2180,2220,2034,2200
2009-01-05,306571,2180,2200,2255,2052,2225
2009-01-06,261406,2170,2180,2235,2034,2210
2009-01-07,2904646,2180,2505,2505,2337,2210
2009-01-08,2696249,2770,2880,2880,2687,2880
2009-01-09,7369126,2865,2865,3290,2673,3120
2009-01-12,3354700,2485,2515,2850,2346,2850
2009-01-13,3435803,2420,2890,2890,2696,2540
2009-01-14,6870957,2815,2845,3230,2654,3000
2009-01-15,3051454,2600,2800,2995,2612,2780
2009-01-16,1280615,2705,2845,2980,2654,2955
2009-01-19,1368349,2800,2845,2930,2654,2855
2009-01-20,4911089,2835,2915,3195,2720,2840
2009-01-21,1407520,2505,2590,2825,2416,2785
2009-01-22,656059,2540,2585,2730,2412,2715
2009-01-23,447326,2450,2560,2635,2388,2535
2009-01-28,360702,2600,2640,2695,2463,2640
2009-01-29,3709620,2660,2830,2980,2640,2665
2009-01-30,1378211,2670,2695,2770,2514,2740
2009-02-02,957571,2640,2700,2755,2519,2680
2009-02-03,1151001,2600,2600,2755,2426,2715
2009-02-04,752783,2585,2650,2655,2472,2630
2009-02-05,583702,2510,2510,2685,2342,2680
2009-02-06,374830,2520,2545,2585,2374,2560
2009-02-09,593070,2575,2580,2680,2407,2650
2009-02-10,389466,2485,2540,2630,2370,2595
2009-02-11,962209,2475,2645,2800,2468,2475
2009-02-12,301518,2520,2590,2650,2416,2650
2009-02-13,307935,2550,2580,2620,2407,2580
2009-02-16,893992,2580,2640,2690,2463,2590
2009-02-17,510567,2420,2580,2660,2407,2655
2009-02-18,253906,2430,2490,2550,2323,2450
2009-02-19,317811,2380,2460,2550,2295,2500
2009-02-20,209574,2205,2295,2430,2141,2400
2009-02-23,217139,2230,2330,2395,2174,2250
2009-02-24,141665,2150,2230,2270,2080,2170
2009-02-25,1957450,2265,2400,2560,2239,2370
2009-02-26,423429,2215,2330,2495,2174,2435
2009-02-27,168442,2270,2320,2360,2164,2310
2009-03-02,131475,2150,2175,2320,2029,2320
2009-03-03,194660,2000,2110,2130,1968,2000
2009-03-04,505691,2100,2180,2250,2034,2120
2009-03-05,731208,2200,2250,2405,2099,2205
2009-03-06,167164,2180,2225,2270,2076,2240
2009-03-09,148273,2245,2345,2345,2188,2245
2009-03-10,142502,2280,2340,2360,2183,2280
2009-03-11,161789,2370,2400,2430,2239,2380
2009-03-12,136998,2385,2390,2435,2230,2410
2009-03-13,386736,2380,2410,2495,2248,2415
2009-03-16,313189,2405,2450,2530,2286,2405
2009-03-17,122328,2435,2460,2480,2295,2470
2009-03-18,345726,2500,2525,2640,2356,2520
2009-03-19,307580,2545,2640,2675,2463,2580
2009-03-20,2448399,2860,3035,3035,2832,2980
2009-03-23,740020,2945,3020,3100,2818,3100
2009-03-24,1756323,2975,3000,3435,2799,3370
2009-03-25,2438512,3000,3200,3360,2986,3060
2009-03-26,2719704,3105,3105,3585,2897,3400
2009-03-27,954116,2920,2920,3235,2724,3120
2009-03-30,580325,2810,2820,2980,2631,2980
2009-03-31,2218240,3050,3240,3240,3023,3050
2009-04-01,1956340,3080,3100,3340,2892,3340
2009-04-02,1063861,3070,3100,3170,2892,3130
2009-04-03,1088266,3050,3050,3230,2846,3150
2009-04-06,461223,3050,3080,3135,2874,3085
2009-04-07,470287,3075,3160,3180,2948,3140
2009-04-08,1937479,3120,3195,3395,2981,3130
2009-04-09,1249393,3220,3345,3365,3121,3280
2009-04-10,1302529,3360,3420,3510,3191,3380
2009-04-13,1761847,3355,3495,3750,3261,3455
2009-04-14,911889,3350,3510,3690,3275,3570
2009-04-15,3105569,3000,3310,3825,3088,3630
2009-04-16,580219,3300,3305,3495,3084,3430
2009-04-17,427328,3110,3140,3375,2930,3325
2009-04-20,232311,3135,3265,3265,3046,3140
2009-04-21,192370,3155,3265,3275,3046,3200
2009-04-22,453040,3260,3355,3455,3130,3295
2009-04-23,265563,3300,3300,3420,3079,3400
2009-04-24,676863,3290,3450,3550,3219,3385
2009-04-27,462718,3275,3355,3555,3130,3480
2009-04-28,6106043,3365,3855,3855,3597,3390
2009-04-29,2061861,3500,3655,3800,3410,3700
2009-04-30,2822170,3650,3700,4000,3452,3720
2009-05-04,664281,3600,3600,3825,3359,3760
2009-05-06,999852,3520,3550,3720,3312,3620
2009-05-07,540681,3480,3480,3615,3247,3550
2009-05-08,466756,3500,3560,3605,3321,3530
2009-05-11,784518,3600,3680,3750,3433,3610
2009-05-12,474139,3520,3540,3700,3303,3650
2009-05-13,423478,3450,3525,3595,3289,3575
2009-05-14,249284,3400,3425,3500,3195,3480
2009-05-15,305435,3430,3520,3560,3284,3460
2009-05-18,270328,3355,3405,3500,3177,3500
2009-05-19,350586,3430,3525,3590,3289,3450
2009-05-20,440091,3530,3635,3670,3391,3545
2009-05-21,293747,3460,3485,3650,3251,3645
2009-05-22,223705,3410,3440,3530,3209,3470
2009-05-25,262602,3175,3300,3485,3079,3485
2009-05-26,111894,3175,3220,3375,3004,3310
2009-05-27,199838,3100,3110,3295,2902,3250
2009-05-28,167377,3015,3160,3165,2948,3070
2009-05-29,129549,3080,3120,3200,2911,3170
2009-06-01,169032,3080,3100,3190,2892,3140
2009-06-02,116802,3105,3115,3170,2906,3150
2009-06-03,151517,3060,3160,3215,2948,3125
2009-06-04,99521,3005,3010,3175,2808,3140
2009-06-05,1154198,3120,3255,3400,3037,3130
2009-06-08,332115,3135,3160,3310,2948,3250
2009-06-09,297393,3080,3100,3290,2892,3210
2009-06-10,168465,3050,3090,3220,2883,3100
2009-06-11,84068,3070,3120,3140,2911,3085
2009-06-12,70038,3090,3130,3180,2920,3165
2009-06-15,109479,3050,3070,3185,2864,3130
2009-06-16,78788,3045,3075,3130,2869,3050
2009-06-17,80483,3025,3035,3110,2832,3080
2009-06-18,114327,3020,3020,3120,2818,3035
2009-06-19,88797,2985,3010,3070,2808,3030
2009-06-22,52607,2980,3025,3040,2822,2980
2009-06-23,444931,2950,3030,3190,2827,2950
2009-06-24,76163,3000,3020,3070,2818,3040
2009-06-25,96211,3000,3020,3080,2818,3030
2009-06-26,89844,3000,3010,3070,2808,3035
2009-06-29,121754,3015,3025,3155,2822,3045
2009-06-30,78428,2935,2995,3080,2794,3040
2009-07-01,289069,3040,3105,3200,2897,3045
2009-07-02,87628,3100,3115,3175,2906,3175
2009-07-03,58779,3050,3115,3135,2906,3050
2009-07-06,405057,3090,3165,3345,2953,3100
2009-07-07,83177,3125,3175,3220,2962,3190
2009-07-08,116039,3100,3110,3180,2902,3175
2009-07-09,76333,3070,3085,3140,2878,3120
2009-07-10,185260,3060,3095,3200,2888,3080
2009-07-13,166542,2980,2990,3135,2790,3105
2009-07-14,148869,2850,2890,3040,2696,3035
2009-07-15,77925,2905,2955,2985,2757,2935
2009-07-16,50837,2950,2950,3025,2752,2980
2009-07-17,41720,2935,2950,2995,2752,2960
2009-07-20,105155,2960,3010,3070,2808,2960
2009-07-21,1521041,3030,3270,3460,3051,3030
2009-07-22,336329,3210,3235,3355,3018,3235
2009-07-23,232714,3160,3325,3375,3102,3250
2009-07-24,230416,3155,3325,3440,3102,3375
2009-07-27,97710,3230,3300,3350,3079,3325
2009-07-28,410929,3250,3320,3415,3098,3250
2009-07-29,79783,3275,3300,3350,3079,3350
2009-07-30,49527,3250,3290,3320,3070,3300
2009-07-31,123766,3250,3340,3365,3116,3300
2009-08-03,198395,3325,3395,3480,3168,3330
2009-08-04,164089,3365,3365,3480,3140,3410
2009-08-05,63492,3320,3325,3410,3102,3370
2009-08-06,81678,3220,3270,3355,3051,3275
2009-08-07,90823,3225,3315,3330,3093,3225
2009-08-10,114533,3250,3250,3345,3032,3300
2009-08-11,173614,3200,3220,3315,3004,3280
2009-08-12,151044,3125,3180,3200,2967,3185
2009-08-13,180621,3195,3220,3270,3004,3200
2009-08-14,146450,3150,3195,3245,2981,3220
2009-08-17,116078,3050,3050,3195,2846,3195
2009-08-18,164461,2955,2980,3065,2780,3005
2009-08-19,82399,2965,2965,3035,2766,2985
2009-08-20,57200,2960,3020,3040,2818,3015
2009-08-21,228644,2900,3055,3250,2850,3010
2009-08-24,135202,3040,3080,3140,2874,3140
2009-08-25,91125,3020,3020,3125,2818,3125
2009-08-26,156263,2980,3020,3055,2818,3055
2009-08-27,101657,2980,2980,3065,2780,3020
2009-08-28,167354,2970,3030,3060,2827,2980
2009-08-31,50574,3005,3035,3090,2832,3030
2009-09-01,93873,2970,2970,3050,2771,3010
2009-09-02,150507,2895,2910,2970,2715,2970
2009-09-03,65775,2880,2945,2975,2748,2905
2009-09-04,159194,2930,2980,3010,2780,2940
2009-09-07,57541,2965,3000,3030,2799,2985
2009-09-08,102315,2955,3010,3040,2808,3000
2009-09-09,79054,2930,2955,3015,2757,3015
2009-09-10,65212,2945,2955,3015,2757,2990
2009-09-11,95552,2900,2990,3015,2790,2975
2009-09-14,47290,2955,2990,3010,2790,3000
2009-09-15,51211,2950,2990,3000,2790,2955
2009-09-16,95773,2965,2980,3015,2780,2990
2009-09-17,83232,2950,2955,3065,2757,3000
2009-09-18,66499,2925,2990,2990,2790,2960
2009-09-21,42632,2960,2985,2995,2785,2980
2009-09-22,64428,2940,2950,2985,2752,2985
2009-09-23,110610,2930,2960,3030,2762,2975
2009-09-24,85234,2880,2915,2975,2720,2940
2009-09-25,94780,2830,2870,2935,2678,2935
2009-09-28,67871,2790,2805,2890,2617,2820
2009-09-29,54901,2785,2805,2850,2617,2830
2009-09-30,64218,2715,2725,2800,2542,2715
2009-10-01,69092,2730,2790,2830,2603,2750
2009-10-05,25349,2740,2750,2800,2566,2790
2009-10-06,47504,2730,2730,2810,2547,2740
2009-10-07,64990,2720,2720,2790,2538,2740
2009-10-08,86011,2670,2670,2740,2491,2700
2009-10-09,84076,2655,2680,2710,2500,2665
2009-10-12,75577,2700,2720,2740,2538,2700
2009-10-13,64943,2695,2735,2750,2552,2750
2009-10-14,87053,2745,2830,2880,2640,2745
2009-10-15,60170,2800,2800,2890,2612,2830
2009-10-16,68607,2700,2760,2790,2575,2700
2009-10-19,88202,2695,2700,2790,2519,2790
2009-10-20,53000,2700,2705,2765,2524,2720
2009-10-21,64345,2690,2690,2740,2510,2705
2009-10-22,45804,2660,2685,2750,2505,2660
2009-10-23,64384,2650,2665,2700,2486,2685
2009-10-26,109198,2620,2640,2695,2463,2665
2009-10-27,30386,2595,2630,2640,2454,2595
2009-10-28,70888,2575,2575,2690,2402,2610
2009-10-29,51603,2515,2545,2570,2374,2560
2009-10-30,30939,2545,2560,2600,2388,2585
2009-11-02,43745,2520,2560,2590,2388,2565
2009-11-03,73969,2560,2575,2600,2402,2570
2009-11-04,138765,2575,2615,2720,2440,2600
2009-11-05,83980,2580,2635,2660,2458,2630
2009-11-06,17808,2630,2645,2700,2468,2700
2009-11-09,62615,2610,2610,2695,2435,2650
2009-11-10,28817,2600,2620,2670,2444,2665
2009-11-11,24011,2590,2620,2640,2444,2640
2009-11-12,37599,2600,2635,2640,2458,2635
2009-11-13,75460,2600,2600,2665,2426,2610
2009-11-16,31711,2585,2600,2625,2426,2600
2009-11-17,17580,2585,2600,2620,2426,2600
2009-11-18,33981,2595,2605,2625,2430,2600
2009-11-19,24546,2605,2625,2640,2449,2615
2009-11-20,60802,2550,2625,2650,2449,2590
2009-11-23,43761,2600,2635,2640,2458,2605
2009-11-24,73053,2630,2690,2725,2510,2635
2009-11-25,55688,2660,2690,2740,2510,2700
2009-11-26,23922,2630,2685,2700,2505,2630
2009-11-27,68287,2570,2570,2680,2398,2650
2009-11-30,76037,2570,2670,2670,2491,2570
2009-12-01,153348,2655,2735,2760,2552,2665
2009-12-02,64279,2705,2715,2830,2533,2770
2009-12-03,51282,2695,2750,2780,2566,2695
2009-12-04,32462,2710,2740,2785,2556,2785
2009-12-07,223439,2800,2820,2950,2631,2810
2009-12-08,94754,2830,2850,2870,2659,2850
2009-12-09,326963,2805,2890,3000,2696,2840
2009-12-10,309544,2920,2995,3065,2794,2975
2009-12-11,131717,2930,2935,3035,2738,3030
2009-12-14,123993,2915,2925,3015,2729,2915
2009-12-15,86220,2905,2910,2955,2715,2915
2009-12-16,87450,2885,2900,2965,2706,2890
2009-12-17,51844,2890,2890,2925,2696,2925
2009-12-18,104653,2835,2910,2935,2715,2880
2009-12-21,74654,2875,2880,2930,2687,2930
2009-12-22,228314,2885,3010,3025,2808,2885
2009-12-23,431154,2975,3120,3175,2911,3015
2009-12-24,89229,3055,3075,3150,2869,3120
2009-12-28,214652,2895,2895,3090,2701,3030
2009-12-29,97977,2750,2850,2920,2687,2920
2009-12-30,79268,2850,2920,2935,2753,2870
2010-01-04,121376,2855,2910,2965,2743,2965
2010-01-05,392800,2955,3105,3160,2927,2975
2010-01-06,179777,3050,3170,3175,2989,3140
2010-01-07,520812,3200,3280,3375,3092,3200
2010-01-08,99127,3160,3220,3315,3036,3250
2010-01-11,123853,3225,3310,3375,3121,3250
2010-01-12,818345,3185,3355,3600,3163,3310
2010-01-13,316259,3270,3300,3400,3111,3400
2010-01-14,251148,3290,3375,3420,3182,3305
2010-01-15,298186,3390,3445,3540,3248,3435
2010-01-18,155355,3390,3390,3480,3196,3445
2010-01-19,251475,3180,3180,3390,2998,3390
2010-01-20,400313,3170,3235,3420,3050,3270
2010-01-21,132983,3155,3185,3255,3003,3210
2010-01-22,178464,3040,3100,3160,2923,3150
2010-01-25,106971,3025,3050,3120,2875,3050
2010-01-26,189074,3060,3120,3150,2941,3060
2010-01-27,802228,3090,3450,3510,3253,3175
2010-01-28,524607,3370,3530,3555,3328,3450
2010-01-29,332702,3375,3440,3485,3243,3460
2010-02-01,293548,3370,3460,3520,3262,3455
2010-02-02,562753,3315,3395,3620,3201,3500
2010-02-03,313404,3390,3440,3570,3243,3485
2010-02-04,126119,3360,3365,3455,3172,3415
2010-02-05,171317,3165,3330,3485,3139,3200
2010-02-08,137597,3200,3320,3380,3130,3355
2010-02-09,80176,3275,3350,3350,3158,3320
2010-02-10,98231,3350,3375,3465,3182,3415
2010-02-11,136961,3350,3480,3480,3281,3380
2010-02-12,65567,3420,3470,3510,3271,3490
2010-02-16,144966,3450,3545,3570,3342,3465
2010-02-17,524817,3580,3620,3745,3413,3595
2010-02-18,224812,3525,3555,3645,3352,3600
2010-02-19,185018,3455,3555,3620,3352,3525
2010-02-22,255516,3560,3610,3660,3403,3560
2010-02-23,120317,3520,3550,3650,3347,3650
2010-02-24,62945,3450,3545,3560,3342,3480
2010-02-25,93594,3430,3480,3590,3281,3590
2010-02-26,68160,3440,3530,3530,3328,3480
2010-03-02,59058,3510,3510,3600,3309,3600
2010-03-03,112259,3405,3490,3520,3290,3500
2010-03-04,55635,3415,3430,3505,3234,3505
2010-03-05,63961,3380,3430,3440,3234,3415
2010-03-08,83594,3435,3550,3550,3347,3460
2010-03-09,63535,3515,3550,3580,3347,3580
2010-03-10,76406,3495,3520,3605,3319,3520
2010-03-11,56048,3505,3520,3560,3319,3520
2010-03-12,71711,3465,3535,3640,3333,3605
2010-03-15,29144,3490,3550,3575,3347,3540
2010-03-16,46490,3500,3520,3565,3319,3540
2010-03-17,239219,3500,3550,3700,3347,3505
2010-03-18,303057,3555,3720,3720,3507,3590
2010-03-19,239943,3650,3650,3790,3441,3710
2010-03-22,62216,3620,3700,3720,3488,3650
2010-03-23,55385,3630,3650,3715,3441,3700
2010-03-24,95863,3650,3650,3745,3441,3690
2010-03-25,68073,3560,3560,3670,3356,3600
2010-03-26,53266,3580,3610,3670,3403,3610
2010-03-29,67918,3500,3545,3600,3342,3600
2010-03-30,46244,3510,3610,3615,3403,3550
2010-03-31,44462,3525,3610,3670,3403,3670
2010-04-01,43591,3540,3610,3655,3403,3610
2010-04-02,92423,3500,3505,3660,3304,3660
2010-04-05,213932,3265,3365,3550,3172,3530
2010-04-06,85056,3320,3400,3425,3205,3320
2010-04-07,33283,3390,3405,3445,3210,3430
2010-04-08,56550,3350,3390,3410,3196,3400
2010-04-09,30788,3365,3390,3435,3196,3385
2010-04-12,46191,3380,3400,3450,3205,3440
2010-04-13,37595,3390,3390,3445,3196,3445
2010-04-14,57531,3395,3425,3440,3229,3420
2010-04-15,30028,3430,3430,3465,3234,3450
2010-04-16,50381,3385,3400,3490,3205,3450
2010-04-19,46972,3355,3370,3440,3177,3365
2010-04-20,99033,3345,3380,3400,3187,3400
2010-04-21,89392,3350,3400,3450,3205,3365
2010-04-22,97073,3410,3500,3520,3300,3415
2010-04-23,45678,3485,3530,3540,3328,3520
2010-04-26,81242,3450,3450,3535,3253,3460
2010-04-27,92929,3390,3460,3500,3262,3420
2010-04-28,89860,3430,3475,3525,3276,3450
2010-04-29,51606,3465,3485,3545,3286,3530
2010-04-30,30246,3460,3465,3500,3267,3500
2010-05-03,80868,3365,3370,3485,3177,3430
2010-05-04,59031,3395,3415,3455,3220,3405
2010-05-06,88506,3290,3345,3405,3154,3290
2010-05-07,52552,3235,3400,3430,3205,3255
2010-05-10,78124,3325,3350,3435,3158,3435
2010-05-11,44630,3335,3340,3400,3149,3375
2010-05-12,79076,3290,3290,3445,3102,3410
2010-05-13,57366,3255,3290,3340,3102,3310
2010-05-14,53391,3290,3290,3400,3102,3310
2010-05-17,46133,3220,3265,3320,3078,3300
2010-05-18,60624,3145,3170,3320,2989,3290
2010-05-19,26309,3125,3140,3225,2960,3125
2010-05-20,24386,3095,3105,3195,2927,3195
2010-05-24,34843,2900,3020,3135,2847,3060
2010-05-25,107057,2740,2880,3030,2715,3020
2010-05-26,18864,2880,2970,3000,2800,2925
2010-05-27,56607,2910,2990,3015,2819,2970
2010-05-28,77000,3045,3050,3180,2875,3080
2010-05-31,39727,3015,3085,3150,2908,3015
2010-06-01,15082,3040,3105,3150,2927,3100
2010-06-03,53772,3060,3110,3215,2932,3060
2010-06-04,9894,3085,3135,3185,2956,3140
2010-06-07,27187,3000,3000,3100,2828,3005
2010-06-08,65385,3095,3210,3450,3026,3450
2010-06-09,17009,3140,3200,3290,3017,3215
2010-06-10,22139,3150,3210,3255,3026,3235
2010-06-11,9876,3130,3210,3250,3026,3250
2010-06-14,19756,3170,3170,3330,2989,3300
2010-06-15,20575,3190,3200,3255,3017,3200
2010-06-16,18783,3180,3180,3280,2998,3280
2010-06-17,22817,3160,3235,3245,3050,3180
2010-06-18,12962,3170,3240,3290,3055,3245
2010-06-21,33114,3260,3340,3340,3149,3260
2010-06-22,17878,3275,3310,3340,3121,3300
2010-06-23,1254214,3405,3805,3805,3587,3430
2010-06-24,2174506,3520,3580,3875,3375,3865
2010-06-25,528998,3400,3400,3615,3205,3580
2010-06-28,205732,3375,3380,3465,3187,3445
2010-06-29,162607,3345,3350,3435,3158,3430
2010-06-30,156169,3235,3340,3350,3149,3325
2010-07-01,234115,3255,3330,3495,3139,3320
2010-07-02,228517,3220,3300,3420,3111,3350
2010-07-05,67683,3220,3275,3420,3088,3295
2010-07-06,79885,3200,3250,3290,3064,3255
2010-07-07,107960,3160,3175,3275,2993,3225
2010-07-08,48784,3200,3250,3300,3064,3200
2010-07-09,52041,3200,3225,3365,3040,3290
2010-07-12,64735,3180,3245,3250,3059,3220
2010-07-13,40456,3190,3210,3275,3026,3275
2010-07-14,40506,3205,3210,3240,3026,3210
2010-07-15,80964,3170,3205,3250,3022,3205
2010-07-16,115445,3135,3170,3220,2989,3210
2010-07-19,32792,3120,3120,3175,2941,3150
2010-07-20,19026,3110,3135,3170,2956,3140
2010-07-21,32178,3120,3140,3175,2960,3135
2010-07-22,36703,3075,3115,3170,2937,3170
2010-07-23,38341,3075,3125,3195,2946,3140
2010-07-26,46444,3100,3115,3140,2937,3140
2010-07-27,75728,3040,3125,3145,2946,3115
2010-07-28,23387,3075,3100,3140,2923,3125
2010-07-29,23354,3065,3100,3135,2923,3070
2010-07-30,29854,3075,3140,3165,2960,3075
2010-08-02,54933,3115,3190,3280,3007,3140
2010-08-03,26705,3130,3195,3250,3012,3200
2010-08-04,120889,3065,3150,3200,2970,3150
2010-08-05,89265,3170,3200,3320,3017,3320
2010-08-06,32130,3140,3200,3250,3017,3140
2010-08-09,36000,3160,3205,3260,3022,3200
2010-08-10,48613,3200,3210,3260,3026,3250
2010-08-11,474574,3185,3215,3480,3031,3255
2010-08-12,181732,3165,3220,3350,3036,3165
2010-08-13,39681,3210,3255,3290,3069,3290
2010-08-16,38009,3200,3260,3275,3073,3225
2010-08-17,82597,3190,3250,3260,3064,3220
2010-08-18,35673,3205,3220,3255,3036,3205
2010-08-19,32825,3200,3210,3260,3026,3260
2010-08-20,64153,3145,3175,3205,2993,3190
2010-08-23,38841,3150,3170,3210,2989,3210
2010-08-24,176008,3030,3140,3210,2960,3155
2010-08-25,17032,3070,3120,3140,2941,3120
2010-08-26,27630,3060,3100,3150,2923,3105
2010-08-27,9103,3055,3055,3110,2880,3065
2010-08-30,16143,3055,3080,3110,2904,3055
2010-08-31,7830,3060,3100,3120,2923,3080
2010-09-01,13590,3065,3085,3130,2908,3100
2010-09-02,46483,3065,3100,3140,2923,3130
2010-09-03,49657,3110,3195,3215,3012,3125
2010-09-06,57034,3140,3160,3210,2979,3200
2010-09-07,25824,3115,3165,3190,2984,3185
2010-09-08,63623,3115,3120,3190,2941,3190
2010-09-09,15283,3125,3135,3175,2956,3160
2010-09-10,30726,3115,3145,3160,2965,3125
2010-09-13,57122,3100,3105,3165,2927,3125
2010-09-14,134961,3005,3040,3155,2866,3115
2010-09-15,22208,3010,3045,3060,2871,3030
2010-09-16,44683,3000,3010,3060,2838,3050
2010-09-17,36662,2975,2990,3035,2819,3030
2010-09-20,42451,2985,3010,3030,2838,2990
2010-09-24,23563,2990,3010,3025,2838,2990
2010-09-27,82656,2995,3005,3040,2833,3010
2010-09-28,65348,2995,3000,3030,2828,3030
2010-09-29,168454,2935,2935,3020,2767,2995
2010-09-30,17662,2940,3015,3035,2842,2970
2010-10-01,144141,2910,3040,3160,2866,3020
2010-10-04,61928,3000,3045,3085,2871,3085
2010-10-05,44729,3000,3000,3050,2828,3040
2010-10-06,32790,3000,3055,3060,2880,3000
2010-10-07,60478,2975,3025,3060,2852,3020
2010-10-08,30621,3005,3005,3045,2833,3040
2010-10-11,24622,3000,3020,3035,2847,3020
2010-10-12,25966,3000,3005,3045,2833,3030
2010-10-13,30660,2995,3005,3020,2833,3020
2010-10-14,53748,2995,3015,3025,2842,3015
2010-10-15,46175,3010,3040,3040,2866,3020
2010-10-18,239848,3050,3110,3180,2932,3160
2010-10-19,54304,3010,3070,3140,2894,3140
2010-10-20,85726,3040,3070,3135,2894,3100
2010-10-21,83661,3090,3110,3170,2932,3170
2010-10-22,172077,3130,3240,3280,3055,3130
2010-10-25,62528,3180,3190,3255,3007,3240
2010-10-26,78196,3095,3125,3215,2946,3215
2010-10-27,77358,3085,3190,3200,3007,3130
2010-10-28,48265,3145,3170,3210,2989,3160
2010-10-29,40287,3125,3160,3175,2979,3170
2010-11-01,89631,3045,3070,3200,2894,3180
2010-11-02,53011,3045,3075,3090,2899,3070
2010-11-03,96229,3090,3150,3165,2970,3095
2010-11-04,18147,3125,3140,3180,2960,3150
2010-11-05,37616,3100,3140,3155,2960,3155
2010-11-08,56468,3075,3110,3135,2932,3090
2010-11-09,162135,3090,3205,3250,3022,3120
2010-11-10,254449,3185,3270,3410,3083,3230
2010-11-11,219372,3230,3375,3435,3182,3250
2010-11-12,3734581,3280,3300,3880,3111,3700
2010-11-15,542719,3055,3080,3345,2904,3330
2010-11-16,221516,3070,3100,3145,2923,3120
2010-11-17,163648,3005,3055,3075,2880,3005
2010-11-18,92781,3040,3060,3140,2885,3075
2010-11-19,135545,3040,3040,3090,2866,3050
2010-11-22,93100,3025,3175,3175,2993,3050
2010-11-23,75148,3105,3115,3170,2937,3120
2010-11-24,186315,2850,3040,3065,2866,2900
2010-11-25,44959,3030,3090,3130,2913,3070
2010-11-26,84396,2950,3030,3115,2857,3060
2010-11-29,63987,2980,3025,3040,2852,3000
2010-11-30,26988,3010,3060,3080,2885,3060
2010-12-01,142685,3035,3170,3250,2989,3060
2010-12-02,228090,3160,3250,3290,3064,3190
2010-12-03,49190,3155,3190,3250,3007,3250
2010-12-06,10962,3155,3155,3220,2974,3200
2010-12-07,11998,3140,3160,3250,2979,3250
2010-12-08,43434,3090,3120,3210,2941,3160
2010-12-09,17544,3100,3145,3150,2965,3150
2010-12-10,21020,3110,3110,3180,2932,3110
2010-12-13,30618,3095,3140,3170,2960,3130
2010-12-14,32958,3080,3150,3170,2970,3140
2010-12-15,34132,3090,3110,3155,2932,3130
2010-12-16,91358,3110,3130,3300,2951,3110
2010-12-17,58185,3145,3170,3210,2989,3160
2010-12-20,55821,2695,3105,3180,2927,3180
2010-12-21,26164,3080,3130,3140,2951,3105
2010-12-22,43018,3100,3135,3155,2956,3130
2010-12-23,64442,3050,3105,3145,2927,3135
2010-12-24,20014,3050,3060,3105,2885,3100
2010-12-27,45614,3020,3090,3090,2913,3060
2010-12-28,49618,3060,3125,3125,2946,3110
2010-12-29,36251,3050,3090,3130,2970,3130
2010-12-30,38501,3060,3120,3135,2999,3090
2011-01-03,35917,3080,3100,3130,2980,3130
2011-01-04,82282,3095,3195,3220,3071,3100
2011-01-05,34551,3140,3170,3220,3047,3200
2011-01-06,74221,3110,3150,3195,3028,3170
2011-01-07,14150,3115,3135,3195,3013,3195
2011-01-10,98224,3120,3220,3225,3095,3140
2011-01-11,42051,3150,3180,3255,3057,3220
2011-01-12,216451,3155,3295,3375,3167,3175
2011-01-13,767308,3295,3390,3775,3259,3295
2011-01-14,110327,3300,3400,3450,3268,3345
2011-01-17,75799,3255,3345,3415,3215,3400
2011-01-18,68587,3250,3250,3370,3124,3345
2011-01-19,46567,3220,3260,3300,3134,3300
2011-01-20,32236,3240,3250,3325,3124,3260
2011-01-21,40442,3225,3265,3330,3138,3225
2011-01-24,32981,3200,3210,3280,3085,3220
2011-01-25,58599,3160,3180,3265,3057,3200
2011-01-26,24465,3160,3200,3225,3076,3160
2011-01-27,19254,3165,3190,3200,3066,3170
2011-01-28,39636,3120,3120,3200,2999,3190
2011-01-31,49737,3080,3160,3185,3037,3120
2011-02-01,23923,3145,3195,3210,3071,3185
2011-02-07,17905,3175,3215,3260,3090,3175
2011-02-08,32914,3200,3230,3270,3105,3250
2011-02-09,32352,3170,3195,3245,3071,3210
2011-02-10,23366,3160,3195,3250,3071,3165
2011-02-11,33027,3120,3120,3230,2999,3230
2011-02-14,38351,3115,3155,3185,3033,3115
2011-02-15,26596,3055,3120,3165,2999,3055
2011-02-16,9951,3115,3150,3190,3028,3115
2011-02-17,464090,3230,3315,3580,3186,3410
2011-02-18,59584,3260,3300,3400,3172,3400
2011-02-21,78294,3240,3250,3335,3124,3335
2011-02-22,241959,3200,3380,3435,3249,3210
2011-02-23,128148,3325,3380,3460,3249,3380
2011-02-24,47922,3300,3370,3440,3239,3425
2011-02-25,260185,3300,3510,3590,3374,3370
2011-02-28,374657,3530,3590,3705,3451,3570
2011-03-02,161517,3535,3550,3650,3412,3610
2011-03-03,119197,3460,3520,3565,3384,3500
2011-03-04,163203,3400,3450,3625,3316,3545
2011-03-07,64732,3385,3425,3480,3292,3450
2011-03-08,97064,3405,3480,3490,3345,3420
2011-03-09,80563,3450,3500,3550,3364,3520
2011-03-10,45664,3420,3445,3540,3311,3500
2011-03-11,206787,3255,3325,3435,3196,3390
2011-03-14,133052,3100,3150,3325,3028,3260
2011-03-15,95242,2950,3070,3220,2951,3150
2011-03-16,42216,3010,3055,3095,2936,3055
2011-03-17,39695,2970,3040,3070,2922,3035
2011-03-18,59919,3040,3100,3155,2980,3050
2011-03-21,33407,3100,3145,3160,3023,3160
2011-03-22,40870,3115,3175,3175,3052,3150
2011-03-23,39894,3155,3190,3235,3066,3175
2011-03-24,41671,3185,3210,3245,3085,3190
2011-03-25,38926,3170,3205,3240,3081,3235
2011-03-28,51795,3185,3270,3280,3143,3190
2011-03-29,67189,3235,3335,3335,3206,3235
2011-03-30,58630,3255,3315,3350,3186,3330
2011-03-31,37140,3290,3350,3365,3220,3315
2011-04-01,30279,3300,3325,3385,3196,3365
2011-04-04,42757,3265,3290,3330,3162,3330
2011-04-05,128352,3255,3290,3360,3162,3270
2011-04-06,39006,3265,3265,3330,3138,3310
2011-04-07,108291,3280,3400,3420,3268,3280
2011-04-08,48615,3310,3345,3405,3215,3405
2011-04-11,52907,3335,3370,3410,3239,3335
2011-04-12,62502,3305,3360,3385,3230,3370
2011-04-13,30020,3290,3335,3360,3206,3360
2011-04-14,119662,3290,3350,3410,3220,3330
2011-04-15,74398,3350,3420,3475,3287,3350
2011-04-18,122640,3355,3420,3480,3287,3450
2011-04-19,125193,3390,3450,3500,3316,3420
2011-04-20,878285,3480,3800,3880,3653,3480
2011-04-21,403813,3690,3800,3920,3653,3790
2011-04-22,695711,3600,3700,4025,3557,3900
2011-04-25,1794604,3760,4255,4255,4090,3770
2011-04-26,5314789,4555,4870,4890,4681,4810
2011-04-27,3467192,4300,4500,4885,4326,4700
2011-04-28,1644156,4320,4570,4655,4393,4410
2011-04-29,1848710,4075,4250,4790,4085,4570
2011-05-02,861372,4160,4290,4410,4124,4320
2011-05-03,500297,4150,4275,4375,4109,4255
2011-05-04,2106037,4200,4430,4835,4258,4275
2011-05-06,2661172,4360,5090,5090,4893,4385
2011-05-09,7608832,4930,5220,5730,5018,5500
2011-05-11,3060937,4810,5010,5210,4816,5150
2011-05-12,7525936,4670,4705,5600,4523,4915
2011-05-13,4522909,4420,4580,5100,4403,4740
2011-05-16,1700582,4395,4425,4665,4254,4595
2011-05-17,2631498,4150,4215,4610,4052,4380
2011-05-18,1149923,4070,4070,4345,3912,4270
2011-05-19,1220619,4025,4250,4300,4085,4120
2011-05-20,989696,4090,4195,4350,4032,4230
2011-05-23,556112,3795,3795,4245,3648,4230
2011-05-24,430222,3710,3840,3935,3691,3710
2011-05-25,2365250,3840,4140,4330,3980,3840
2011-05-26,858160,3855,3865,4120,3715,4100
2011-05-27,536813,3905,4060,4060,3903,3940
2011-05-30,490076,3935,3935,4170,3782,4085
2011-05-31,1087146,3760,4045,4200,3888,3930
2011-06-01,1678749,4050,4120,4440,3960,4090
2011-06-02,1005503,4010,4150,4360,3989,4010
2011-06-03,444612,4065,4135,4275,3975,4185
2011-06-07,1795754,4100,4480,4595,4306,4130
2011-06-08,2504937,4325,4390,4775,4220,4480
2011-06-09,1215417,4325,4400,4625,4230,4420
2011-06-10,2095055,4440,4530,4690,4354,4450
2011-06-13,2955462,4540,4700,4900,4518,4580
2011-06-14,1044996,4490,4520,4760,4345,4740
2011-06-15,788517,4435,4505,4705,4330,4575
2011-06-16,1428853,4550,4570,4780,4393,4550
2011-06-17,717016,4250,4300,4650,4133,4600
2011-06-20,538464,4275,4360,4510,4191,4345
2011-06-21,342940,4320,4420,4515,4249,4480
2011-06-22,1523109,4410,4745,4745,4561,4435
2011-06-23,1492311,4580,4580,4795,4403,4655
2011-06-24,604504,4450,4465,4665,4292,4630
2011-06-27,497857,4430,4545,4590,4369,4470
2011-06-28,1201893,4505,4630,4755,4451,4545
2011-06-29,688846,4520,4530,4735,4354,4630
2011-06-30,692654,4500,4770,4770,4585,4545
2011-07-01,761012,4735,4760,4870,4576,4820
2011-07-04,1190362,4690,4930,4985,4739,4820
2011-07-05,1054969,4850,4975,5230,4782,4930
2011-07-06,651658,4915,5060,5130,4864,4950
2011-07-07,919691,4850,4920,5320,4729,5110
2011-07-08,328071,4815,4840,4980,4653,4920
2011-07-11,419704,4770,4770,4985,4585,4840
2011-07-12,545289,4330,4380,4730,4210,4700
2011-07-13,253256,4330,4405,4445,4234,4405
2011-07-14,325272,4380,4400,4505,4230,4400
2011-07-15,297821,4370,4475,4600,4302,4400
2011-07-18,279511,4450,4470,4590,4297,4500
2011-07-19,278642,4325,4415,4500,4244,4470
2011-07-20,234704,4390,4400,4525,4230,4485
2011-07-21,194374,4270,4305,4470,4138,4470
2011-07-22,182150,4300,4305,4370,4138,4315
2011-07-25,184013,4300,4345,4410,4177,4310
2011-07-26,188026,4175,4205,4380,4042,4370
2011-07-27,335734,4140,4165,4275,4004,4205
2011-07-28,824787,4210,4440,4475,4268,4250
2011-07-29,287195,4340,4390,4445,4220,4445
2011-08-01,185727,4375,4455,4475,4282,4410
2011-08-02,127790,4335,4380,4410,4210,4365
2011-08-03,159357,4225,4250,4375,4085,4340
2011-08-04,163429,4050,4080,4320,3922,4265
2011-08-05,277705,3600,3715,3940,3571,3705
2011-08-08,575264,3160,3160,3665,3037,3500
2011-08-09,536005,2690,2835,3080,2725,2830
2011-08-10,399034,2945,3060,3065,2941,2945
2011-08-11,208638,2800,3105,3110,2985,2880
2011-08-12,302929,3170,3245,3440,3119,3250
2011-08-16,217610,3330,3405,3460,3273,3370
2011-08-17,205840,3350,3460,3510,3326,3410
2011-08-18,211334,3215,3285,3530,3158,3425
2011-08-19,183208,2945,2950,3275,2836,3180
2011-08-22,90922,2850,3010,3100,2893,2955
2011-08-23,86437,3010,3130,3130,3009,3015
2011-08-24,65174,3070,3070,3220,2951,3205
2011-08-25,67692,3070,3125,3225,3004,3100
2011-08-26,552596,3065,3590,3590,3451,3155
2011-08-29,1204117,3620,3850,4110,3701,3850
2011-08-30,565899,3710,3855,3975,3706,3900
2011-08-31,617966,3855,3955,4130,3802,3950
2011-09-01,1069330,3865,3925,4530,3773,4300
2011-09-02,262151,3750,3800,3915,3653,3900
2011-09-05,264470,3650,3895,4055,3744,3700
2011-09-06,346851,3650,3755,4060,3609,3785
2011-09-07,269542,3830,4015,4015,3859,3830
2011-09-08,180011,3795,3825,4060,3677,4015
2011-09-09,81042,3780,3900,3915,3749,3825
2011-09-14,240833,3500,3500,3920,3364,3865
2011-09-15,176997,3355,3395,3720,3263,3720
2011-09-16,94134,3415,3415,3535,3283,3445
2011-09-19,61970,3390,3400,3510,3268,3420
2011-09-20,60213,3360,3440,3535,3307,3410
2011-09-21,188957,3450,3595,3680,3456,3450
2011-09-22,101454,3410,3480,3550,3345,3490
2011-09-23,224574,3115,3160,3365,3037,3365
2011-09-26,278676,2745,2750,3265,2643,3190
2011-09-27,123014,2760,2950,3010,2836,2760
2011-09-28,149910,2900,2915,3130,2802,3015
2011-09-29,70348,2800,3020,3040,2903,2800
2011-09-30,96131,3005,3030,3130,2912,3050
2011-10-04,93683,2815,2935,2965,2821,2860
2011-10-05,118950,2855,2890,2990,2778,2960
2011-10-06,84256,2930,3035,3150,2917,2930
2011-10-07,68758,3035,3065,3140,2946,3080
2011-10-10,180154,3080,3200,3225,3076,3150
2011-10-11,295014,3140,3210,3365,3085,3300
2011-10-12,128967,3145,3180,3325,3057,3325
2011-10-13,146178,3220,3225,3325,3100,3225
2011-10-14,222548,3245,3255,3490,3129,3435
2011-10-17,115231,3280,3320,3360,3191,3290
2011-10-18,134138,3205,3220,3300,3095,3250
2011-10-19,94126,3200,3205,3310,3081,3260
2011-10-20,157084,3020,3020,3260,2903,3205
2011-10-21,133209,3035,3060,3120,2941,3070
2011-10-24,94036,3115,3170,3200,3047,3120
2011-10-25,98262,3125,3125,3220,3004,3180
2011-10-26,81505,3060,3160,3185,3037,3060
2011-10-27,1030283,3150,3440,3630,3307,3190
2011-10-28,231629,3310,3385,3525,3254,3480
2011-10-31,97291,3320,3440,3530,3307,3430
2011-11-01,224316,3400,3460,3590,3326,3410
2011-11-02,99686,3310,3350,3450,3220,3450
2011-11-03,83652,3250,3280,3420,3153,3420
2011-11-04,66075,3305,3370,3395,3239,3350
2011-11-07,58735,3380,3410,3430,3278,3420
2011-11-08,128957,3385,3430,3475,3297,3410
2011-11-09,356639,3370,3590,3660,3451,3480
2011-11-10,471048,3480,3710,3800,3566,3490
2011-11-11,335259,3670,3710,3960,3566,3900
2011-11-14,190256,3660,3770,3825,3624,3765
2011-11-15,237331,3730,3920,3945,3768,3740
2011-11-16,275967,3775,3785,4085,3638,4000
2011-11-17,125686,3720,3810,3850,3662,3720
2011-11-18,94674,3680,3795,3850,3648,3760
2011-11-21,111263,3750,3830,3895,3682,3760
2011-11-22,91609,3715,3795,3830,3648,3780
2011-11-23,109511,3600,3620,3850,3480,3815
2011-11-24,165715,3485,3550,3595,3412,3540
2011-11-25,157133,3395,3415,3530,3283,3530
2011-11-28,80485,3445,3465,3590,3331,3490
2011-11-29,121407,3450,3480,3510,3345,3470
2011-11-30,93354,3465,3485,3570,3350,3500
2011-12-01,103492,3535,3570,3665,3432,3560
2011-12-02,83987,3565,3595,3670,3456,3650
2011-12-05,86823,3600,3660,3700,3518,3600
2011-12-06,82633,3560,3570,3700,3432,3700
2011-12-07,93784,3530,3600,3640,3460,3540
2011-12-08,138426,3480,3565,3680,3427,3620
2011-12-09,41158,3465,3550,3560,3412,3465
2011-12-12,382912,3595,3815,3900,3667,3610
2011-12-13,201580,3710,3885,3920,3734,3810
2011-12-14,115368,3790,3840,3945,3691,3875
2011-12-15,121491,3665,3670,3860,3528,3790
2011-12-16,126221,3620,3655,3785,3513,3785
2011-12-19,369303,3125,3350,3705,3220,3685
2011-12-20,188123,3285,3375,3480,3244,3400
2011-12-21,566847,3410,3425,3675,3292,3495
2011-12-22,163736,3450,3490,3575,3355,3490
2011-12-23,138122,3460,3500,3585,3364,3530
2011-12-26,343037,3490,3520,3710,3384,3530
2011-12-27,140153,3440,3465,3570,3331,3520
2011-12-28,69793,3435,3475,3505,3399,3495
2011-12-29,51301,3425,3495,3510,3419,3430
2012-01-02,453155,3480,3780,3845,3698,3495
2012-01-03,145979,3730,3820,3830,3737,3790
2012-01-04,123751,3755,3785,3895,3702,3895
2012-01-05,279104,3770,3900,3970,3815,3790
2012-01-06,174807,3690,3770,3930,3688,3875
2012-01-09,620806,3710,4090,4160,4001,3725
2012-01-10,1668536,4090,4700,4700,4598,4090
2012-01-11,3186977,4770,4985,5280,4876,4815
2012-01-12,1666803,5000,5080,5430,4969,5230
2012-01-13,761895,4945,5120,5220,5008,5050
2012-01-16,827054,5030,5120,5350,5008,5030
2012-01-17,1603588,5010,5010,5330,4901,5190
2012-01-18,1381133,4820,4820,5120,4715,5050
2012-01-19,2180206,4800,4995,5390,4886,4850
2012-01-20,642023,4655,4800,5040,4695,4960
2012-01-25,372212,4615,4835,4870,4730,4800
2012-01-26,307720,4800,4855,5020,4749,4835
2012-01-27,583832,4830,5000,5080,4891,4845
2012-01-30,866911,4980,4995,5300,4886,5080
2012-01-31,632380,4840,5100,5100,4989,5000
2012-02-01,865820,5100,5190,5330,5077,5170
2012-02-02,2954230,5130,5700,5940,5576,5250
2012-02-03,3160386,5570,6000,6420,5869,5710
2012-02-06,2222001,5950,6410,6590,6270,6000
2012-02-07,3588503,6250,6480,6810,6339,6410
2012-02-08,2156745,6480,7010,7140,6857,6490
2012-02-09,2795748,7120,7880,7920,7709,7300
2012-02-10,2286741,6900,7280,8100,7122,8100
2012-02-13,1455094,7300,7380,7880,7219,7530
2012-02-14,1311873,7040,7110,7460,6955,7400
2012-02-15,1003281,6990,7460,7460,7298,7110
2012-02-16,588284,7160,7460,7560,7298,7360
2012-02-17,1157873,7350,7620,7900,7454,7540
2012-02-20,674466,7420,7550,7890,7386,7570
2012-02-21,504220,7260,7290,7660,7131,7600
2012-02-22,229060,7150,7180,7410,7024,7360
2012-02-23,259257,7130,7160,7400,7004,7260
2012-02-24,492808,7000,7470,7520,7307,7020
2012-02-27,526667,7380,7410,7900,7249,7580
2012-02-28,233953,7270,7320,7540,7161,7300
2012-02-29,413407,7320,7770,7770,7601,7420
2012-03-02,1268269,7720,8200,8650,8022,7770
2012-03-05,643152,8100,8130,8580,7953,8210
2012-03-06,408635,7720,7760,8140,7591,8070
2012-03-07,384289,7410,7470,7820,7307,7450
2012-03-08,358513,7020,7290,7650,7131,7430
2012-03-09,197012,7270,7300,7510,7141,7300
2012-03-12,138002,7150,7330,7450,7170,7380
2012-03-13,344063,7220,7330,7550,7170,7330
2012-03-14,240554,7250,7280,7450,7122,7370
2012-03-15,119382,7280,7310,7420,7151,7280
2012-03-16,302604,6890,7030,7390,6877,7320
2012-03-19,427400,6590,6700,7100,6554,7020
2012-03-20,431665,6610,6960,7100,6809,6620
2012-03-21,226654,6820,6820,7150,6672,6900
2012-03-22,220730,6680,6710,7020,6564,7020
2012-03-23,363114,6610,7230,7240,7073,6710
2012-03-26,295112,7180,7200,7450,7043,7180
2012-03-27,240469,6940,6940,7280,6789,7270
2012-03-28,132973,6860,6980,7090,6828,7080
2012-03-29,188507,6670,6710,6980,6564,6930
2012-03-30,202540,6570,7090,7130,6936,6810
2012-04-02,593354,7000,7300,7700,7141,7090
2012-04-03,210905,7040,7060,7440,6906,7410
2012-04-04,317985,6640,6840,7110,6691,7030
2012-04-05,185835,6670,6720,7060,6574,6800
2012-04-06,844610,6650,7630,7720,7464,6650
2012-04-09,2529474,7150,7150,8210,6994,7450
2012-04-10,944782,6750,6750,7340,6603,7120
2012-04-12,595926,6750,6830,7180,6681,6750
2012-04-13,703764,6860,7230,7370,7073,6950
2012-04-16,2458593,7450,7520,8070,7356,7800
2012-04-17,2074938,7560,8240,8240,8061,7580
2012-04-18,2043276,7840,7880,8540,7709,8460
2012-04-19,2191861,7850,8090,8310,7914,7880
2012-04-20,1991521,7560,7700,8330,7532,8100
2012-04-23,891440,7410,7460,7970,7298,7710
2012-04-24,928888,6850,6870,7550,6720,7380
2012-04-25,821665,6650,6650,7140,6505,6930
2012-04-26,1453092,5860,6220,6850,6085,6760
2012-04-27,853048,6100,6130,6550,5997,6290
2012-04-30,867960,5620,5830,6240,5703,6190
2012-05-02,940729,5740,5860,6010,5732,5830
2012-05-03,1166821,5860,6100,6250,5967,5880
2012-05-04,585376,6010,6020,6290,5889,6290
2012-05-07,410348,5720,5730,6010,5605,5920
2012-05-08,877282,5430,5750,5890,5625,5750
2012-05-09,494598,5350,5400,5840,5282,5730
2012-05-10,500424,5160,5340,5520,5224,5310
2012-05-11,415581,5100,5100,5480,4989,5400
2012-05-14,630097,4760,4760,5130,4656,5050
2012-05-15,548913,4650,4880,4995,4774,4670
2012-05-16,296514,4670,4670,4975,4568,4880
2012-05-17,357318,4560,4565,4780,4465,4670
2012-05-18,708157,3955,4090,4475,4001,4415
2012-05-21,675312,4110,4275,4350,4182,4110
2012-05-22,369913,4270,4300,4390,4206,4390
2012-05-23,681052,4320,4355,4575,4260,4360
2012-05-24,316037,4140,4205,4390,4113,4340
2012-05-25,250134,4250,4290,4360,4196,4250
2012-05-29,636549,4290,4530,4665,4431,4290
2012-05-30,259431,4330,4410,4565,4314,4530
2012-05-31,196199,4220,4285,4340,4192,4340
2012-06-01,315323,4140,4145,4365,4055,4285
2012-06-04,432589,3760,3810,3950,3727,3900
2012-06-05,254228,3815,3910,3975,3825,3830
2012-06-07,262921,3910,3955,4060,3869,3910
2012-06-08,112853,3910,3940,4030,3854,3985
2012-06-11,381269,3965,4150,4210,4059,4005
2012-06-12,451874,4065,4230,4350,4138,4070
2012-06-13,475945,4230,4235,4460,4143,4285
2012-06-14,163962,4165,4260,4285,4167,4200
2012-06-15,278241,4090,4120,4360,4030,4335
2012-06-18,1097901,4175,4735,4735,4632,4250
2012-06-19,4170799,4695,5090,5390,4979,4745
2012-06-20,1364655,4945,5090,5290,4979,5200
2012-06-21,865541,4860,4985,5210,4876,5170
2012-06-22,3753953,4890,5120,5540,5008,4890
2012-06-25,1131216,4920,4920,5240,4813,5150
2012-06-26,1515991,4925,5060,5310,4950,4975
2012-06-27,896437,5000,5070,5250,4960,5030
2012-06-28,1556210,5050,5110,5350,4999,5090
2012-06-29,865697,5160,5360,5370,5243,5210
2012-07-02,1674081,5360,5360,5650,5243,5430
2012-07-03,652383,5220,5220,5460,5106,5350
2012-07-04,608859,5040,5100,5320,4989,5300
2012-07-05,405227,4980,5020,5130,4911,5100
2012-07-06,591137,4995,5200,5230,5087,5030
2012-07-09,841151,5190,5190,5550,5077,5440
2012-07-10,418113,5070,5150,5270,5038,5200
2012-07-11,605694,5130,5320,5380,5204,5160
2012-07-12,655485,5110,5170,5400,5057,5330
2012-07-13,662903,4595,4985,5270,4876,5120
2012-07-16,243956,4960,4965,5100,4857,5050
2012-07-17,577184,4745,4745,4970,4642,4915
2012-07-18,575558,4430,4435,4805,4338,4730
2012-07-19,245933,4375,4390,4530,4294,4485
2012-07-20,243491,4300,4470,4490,4373,4395
2012-07-23,366956,4160,4160,4470,4069,4420
2012-07-24,306456,4100,4310,4435,4216,4120
2012-07-25,193930,4100,4100,4270,4011,4230
2012-07-26,147991,4110,4140,4240,4050,4110
2012-07-27,195737,4165,4225,4275,4133,4235
2012-07-30,346894,4220,4220,4460,4128,4275
2012-07-31,168569,4175,4350,4375,4255,4235
2012-08-01,395423,4170,4210,4390,4118,4360
2012-08-02,201747,4100,4170,4280,4079,4280
2012-08-03,133554,4105,4105,4180,4015,4115
2012-08-06,255402,4145,4180,4290,4089,4220
2012-08-07,358890,4190,4280,4350,4187,4200
2012-08-08,255832,4220,4220,4360,4128,4340
2012-08-09,214346,4215,4260,4290,4167,4290
2012-08-10,658561,4275,4395,4530,4299,4275
2012-08-13,312047,4395,4500,4560,4402,4395
2012-08-14,676009,4435,4565,4720,4465,4450
2012-08-16,253715,4500,4560,4630,4461,4565
2012-08-17,259678,4480,4495,4610,4397,4570
2012-08-20,277694,4420,4465,4540,4368,4470
2012-08-21,264248,4455,4565,4565,4465,4495
2012-08-22,219549,4500,4505,4580,4407,4580
2012-08-23,268532,4410,4420,4520,4324,4520
2012-08-24,2629134,4445,4950,5050,4842,4450
2012-08-27,709588,4770,4790,4960,4686,4890
2012-08-28,1026575,4705,4860,5020,4754,4840
2012-08-29,850378,4885,5070,5110,4960,4930
2012-08-30,593722,4985,5000,5210,4891,5100
2012-08-31,351714,4945,4980,5090,4871,4970
2012-09-03,437649,4820,4845,4985,4739,4985
2012-09-04,680020,4890,5010,5120,4901,4910
2012-09-05,403677,4900,4990,5110,4881,5040
2012-09-06,712438,4975,5210,5280,5096,5040
2012-09-07,529508,5120,5270,5290,5155,5200
2012-09-10,606851,5240,5400,5440,5282,5300
2012-09-11,253595,5280,5380,5420,5263,5400
2012-09-12,647333,5330,5700,5760,5576,5400
2012-09-13,4978687,6000,6160,6550,6026,6030
2012-09-14,1449326,5900,6000,6350,5869,6190
2012-09-17,490297,5860,5950,6090,5820,6070
2012-09-18,798930,5900,6100,6250,5967,5950
2012-09-19,705080,6050,6180,6350,6045,6130
2012-09-20,556251,5790,5900,6290,5772,6290
2012-09-21,684785,5520,5770,5880,5644,5830
2012-09-24,414782,5700,5710,5960,5586,5710
2012-09-25,579803,5340,5410,5800,5292,5780
2012-09-26,412772,5280,5660,5660,5537,5360
2012-09-27,319773,5390,5560,5730,5439,5660
2012-09-28,1155551,5580,5720,5900,5595,5600
2012-10-02,342741,5570,5590,5820,5468,5720
2012-10-04,425441,5570,5780,5780,5654,5590
2012-10-05,780088,5750,6000,6040,5869,5820
2012-10-08,3451396,6150,6550,6690,6407,6200
2012-10-09,1062105,6280,6500,6620,6359,6620
2012-10-10,761995,6310,6450,6700,6310,6430
2012-10-11,908100,6350,6400,6650,6261,6480
2012-10-12,707807,6090,6160,6460,6026,6460
2012-10-15,1376959,5300,5760,6380,5635,6160
2012-10-16,599597,5420,5780,5880,5654,5770
2012-10-17,378980,5500,5520,5920,5400,5810
2012-10-18,454883,5250,5300,5610,5185,5520
2012-10-19,327489,5140,5380,5410,5263,5260
2012-10-22,1342663,5410,5500,6170,5380,5800
2012-10-23,515033,5360,5610,5780,5488,5500
2012-10-24,280864,5460,5460,5680,5341,5550
2012-10-25,233944,5260,5350,5560,5233,5450
2012-10-26,399638,5080,5190,5390,5077,5360
2012-10-29,283584,4985,5060,5240,4950,5160
2012-10-30,119629,5000,5100,5150,4989,5000
2012-10-31,238130,5100,5350,5350,5233,5100
2012-11-01,288895,5300,5330,5550,5214,5400
2012-11-02,218232,5340,5420,5530,5302,5360
2012-11-05,128524,5370,5400,5490,5282,5380
2012-11-06,141866,5330,5360,5450,5243,5450
2012-11-07,285652,5170,5310,5390,5194,5390
2012-11-08,114020,5180,5200,5260,5087,5180
2012-11-09,101403,5060,5180,5220,5067,5170
2012-11-12,130913,5150,5200,5290,5087,5190
2012-11-13,223646,5060,5110,5320,4999,5240
2012-11-14,302084,4820,4990,5150,4881,5130
2012-11-15,223518,4700,4850,4950,4744,4900
2012-11-16,114547,4690,4830,4920,4725,4850
2012-11-19,137579,4800,4955,4960,4847,4800
2012-11-20,154082,4970,4995,5070,4886,5030
2012-11-21,165698,4960,4980,5240,4871,4995
2012-11-22,107277,4955,4975,5100,4867,5050
2012-11-23,384315,5000,5080,5320,4969,5020
2012-11-26,257326,5090,5270,5270,5155,5150
2012-11-27,184922,5170,5300,5310,5185,5260
2012-11-28,109357,5150,5200,5300,5087,5300
2012-11-29,942114,5180,5200,5780,5087,5390
2012-11-30,178543,5150,5260,5290,5145,5250
2012-12-03,140357,5140,5140,5330,5028,5270
2012-12-04,236149,5140,5330,5350,5214,5140
2012-12-05,149666,5200,5270,5380,5155,5330
2012-12-06,165112,5230,5350,5390,5233,5280
2012-12-07,194684,5150,5180,5360,5067,5300
2012-12-10,222801,4980,4980,5250,4871,5180
2012-12-11,197795,4830,4880,5050,4774,5000
2012-12-12,105393,4870,4910,4950,4803,4880
2012-12-13,94474,4910,4965,4980,4857,4915
2012-12-14,92400,4940,4995,5040,4886,4965
2012-12-17,112964,4850,4875,5050,4769,5020
2012-12-18,165047,4820,4910,4955,4803,4820
2012-12-20,165583,4910,4965,5080,4857,4910
2012-12-21,112900,4880,4895,5000,4788,4955
2012-12-24,94886,4910,4965,4985,4857,4955
2012-12-26,128505,4945,5030,5100,4920,4965
2012-12-27,107267,4980,5140,5240,5078,4995
2012-12-28,125171,5110,5220,5290,5158,5170
2013-01-02,117511,5120,5120,5260,5059,5220
2013-01-03,94318,5070,5080,5220,5019,5160
2013-01-04,371487,5040,5240,5290,5177,5080
2013-01-07,134971,5190,5220,5290,5158,5280
2013-01-08,153308,5160,5210,5240,5148,5180
2013-01-09,385911,5200,5320,5410,5256,5200
2013-01-10,184917,5190,5250,5330,5187,5260
2013-01-11,2103898,5270,5270,5900,5207,5600
2013-01-14,324824,5110,5110,5340,5049,5280
2013-01-15,297593,5060,5060,5160,4999,5130
2013-01-16,243921,5010,5100,5130,5039,5040
2013-01-17,353030,5070,5090,5260,5029,5170
2013-01-18,348213,5140,5250,5300,5187,5150
2013-01-21,340752,5140,5150,5320,5088,5260
2013-01-22,509271,5180,5350,5430,5286,5210
2013-01-23,330652,5300,5300,5430,5237,5370
2013-01-24,249203,5290,5400,5420,5335,5320
2013-01-25,261074,5190,5250,5420,5187,5400
2013-01-28,146460,5220,5280,5370,5217,5280
2013-01-29,256207,5250,5340,5360,5276,5300
2013-01-30,201748,5230,5350,5390,5286,5350
2013-01-31,205274,5190,5190,5360,5128,5350
2013-02-01,177804,5050,5080,5270,5019,5180
2013-02-04,181546,5040,5040,5200,4980,5090
2013-02-05,314743,5020,5020,5260,4960,5040
2013-02-06,203925,5020,5180,5240,5118,5040
2013-02-07,137846,5150,5240,5260,5177,5220
2013-02-08,129772,5190,5280,5280,5217,5260
2013-02-12,215330,5130,5130,5330,5069,5280
2013-02-13,176088,5150,5200,5310,5138,5150
2013-02-14,166307,5180,5200,5300,5138,5230
2013-02-15,165845,5140,5150,5250,5088,5240
2013-02-18,157931,5150,5250,5290,5187,5160
2013-02-19,163864,5180,5250,5260,5187,5210
2013-02-20,196245,5200,5250,5330,5187,5260
2013-02-21,205227,5150,5160,5300,5098,5230
2013-02-22,210972,5060,5080,5210,5019,5170
2013-02-25,151143,5050,5070,5150,5009,5120
2013-02-26,114650,5030,5090,5160,5029,5040
2013-02-27,216431,5090,5180,5210,5118,5110
2013-02-28,141720,5140,5160,5230,5098,5180
2013-03-04,82965,5100,5110,5170,5049,5160
2013-03-05,246125,5040,5050,5150,4990,5080
2013-03-06,214178,5010,5020,5090,4960,5080
2013-03-07,258442,4890,4925,5080,4866,5040
2013-03-08,156939,4855,4865,4990,4807,4925
2013-03-11,199420,4745,4765,4885,4708,4865
2013-03-12,127326,4790,4800,4850,4743,4830
2013-03-13,220865,4700,4710,4830,4654,4765
2013-03-14,174210,4650,4700,4730,4644,4705
2013-03-15,196812,4700,4730,4780,4673,4705
2013-03-18,165482,4710,4710,4810,4654,4720
2013-03-19,232769,4605,4605,4785,4550,4710
2013-03-20,467033,4370,4385,4625,4332,4565
2013-03-21,226472,4220,4330,4470,4278,4400
2013-03-22,142898,4285,4430,4440,4377,4285
2013-03-25,115811,4430,4560,4570,4505,4430
2013-03-26,132101,4450,4455,4580,4402,4560
2013-03-27,158494,4395,4415,4500,4362,4460
2013-03-28,108389,4320,4385,4500,4332,4415
2013-03-29,77427,4385,4420,4445,4367,4385
2013-04-01,1319826,4590,4640,4980,4584,4590
2013-04-02,382073,4445,4505,4790,4451,4750
2013-04-03,280594,4430,4445,4600,4392,4600
2013-04-04,269818,4175,4245,4410,4194,4350
2013-04-05,340356,3965,4005,4290,3957,4280
2013-04-08,231290,3880,3880,4060,3833,3970
2013-04-09,259926,3725,3770,3960,3725,3800
2013-04-10,111515,3750,3885,3895,3838,3785
2013-04-11,135245,3905,4045,4045,3996,3950
2013-04-12,104264,3970,4010,4095,3962,4070
2013-04-15,69687,3975,3980,4045,3932,4015
2013-04-16,98029,3880,3895,3970,3848,3910
2013-04-17,119152,3895,4055,4055,4006,3895
2013-04-18,46007,4010,4020,4080,3972,4050
2013-04-19,80849,3915,3945,4045,3898,4045
2013-04-22,74238,3950,3980,4035,3932,4000
2013-04-23,298490,4005,4190,4220,4140,4035
2013-04-24,527593,4340,4340,4495,4288,4400
2013-04-25,145509,4240,4280,4340,4229,4340
2013-04-26,215311,4220,4400,4450,4347,4255
2013-04-29,99897,4355,4360,4415,4308,4355
2013-04-30,182514,4290,4360,4480,4308,4395
2013-05-02,132251,4280,4300,4405,4248,4360
2013-05-03,94225,4200,4200,4375,4150,4305
2013-05-06,103241,4215,4215,4340,4164,4225
2013-05-07,103087,4160,4230,4290,4179,4225
2013-05-08,341604,4240,4370,4430,4318,4240
2013-05-09,116839,4360,4395,4455,4342,4420
2013-05-10,87149,4300,4370,4420,4318,4400
2013-05-13,46542,4320,4355,4390,4303,4370
2013-05-14,92292,4310,4310,4410,4258,4410
2013-05-15,44185,4265,4280,4375,4229,4305
2013-05-16,60931,4265,4320,4345,4268,4280
2013-05-20,95825,4210,4210,4340,4160,4320
2013-05-21,84454,4200,4220,4240,4169,4215
2013-05-22,147418,4160,4165,4245,4115,4240
2013-05-23,178166,4065,4065,4190,4016,4140
2013-05-24,97318,4010,4030,4090,3982,4070
2013-05-27,98351,4010,4015,4070,3967,4035
2013-05-28,133989,4005,4010,4060,3962,4005
2013-05-29,180311,4010,4080,4090,4031,4010
2013-05-30,100794,4045,4080,4140,4031,4050
2013-05-31,59563,4035,4085,4120,4036,4080
2013-06-03,67634,4015,4015,4115,3967,4030
2013-06-04,102270,3925,3925,4050,3878,4025
2013-06-05,159489,3780,3795,3940,3749,3895
2013-06-07,205107,3795,3850,4000,3804,3795
2013-06-10,83171,3820,3875,3935,3829,3835
2013-06-11,57373,3830,3850,3930,3804,3875
2013-06-12,67384,3800,3830,3880,3784,3880
2013-06-13,56764,3750,3760,3845,3715,3815
2013-06-14,138139,3750,3755,3880,3710,3765
2013-06-17,112241,3570,3570,3790,3527,3755
2013-06-18,185092,3435,3580,3600,3537,3500
2013-06-19,72671,3555,3615,3645,3572,3570
2013-06-20,113054,3480,3590,3615,3547,3540
2013-06-21,133551,3430,3430,3595,3389,3500
2013-06-24,58299,3305,3305,3500,3265,3430
2013-06-25,188917,3005,3050,3305,3013,3205
2013-06-26,191913,2995,3060,3120,3023,3040
2013-06-27,126280,3075,3215,3235,3176,3075
2013-06-28,54498,3210,3285,3325,3246,3250
2013-07-01,84188,3285,3380,3450,3339,3300
2013-07-02,70201,3350,3400,3485,3359,3350
2013-07-03,31420,3355,3355,3485,3315,3365
2013-07-04,63492,3355,3425,3470,3384,3355
2013-07-05,36364,3400,3485,3510,3443,3425
2013-07-08,70537,3430,3465,3540,3423,3520
2013-07-09,7391,3430,3465,3490,3423,3445
2013-07-10,18855,3405,3480,3480,3438,3450
2013-07-11,126434,3475,3485,3670,3443,3485
2013-07-12,30796,3455,3485,3515,3443,3495
2013-07-15,57801,3425,3440,3500,3399,3485
2013-07-16,126021,3390,3395,3455,3354,3410
2013-07-17,81974,3370,3370,3430,3330,3380
2013-07-18,52430,3330,3350,3385,3310,3370
2013-07-19,36093,3310,3335,3385,3295,3345
2013-07-22,77600,3325,3455,3470,3413,3325
2013-07-23,720096,3400,3750,3970,3705,3400
2013-07-24,233394,3645,3670,3875,3626,3780
2013-07-25,68305,3610,3660,3695,3616,3650
2013-07-26,47490,3615,3620,3705,3577,3705
2013-07-29,167393,3565,3775,3795,3730,3600
2013-07-30,46057,3710,3735,3790,3690,3775
2013-07-31,46533,3680,3735,3765,3690,3735
2013-08-01,56967,3710,3755,3785,3710,3710
2013-08-02,170274,3765,3785,3945,3740,3765
2013-08-05,46222,3680,3735,3790,3690,3760
2013-08-06,45499,3675,3700,3770,3656,3710
2013-08-07,60456,3615,3625,3710,3581,3630
2013-08-08,34192,3610,3650,3720,3606,3610
2013-08-09,19093,3575,3690,3690,3646,3650
2013-08-12,33710,3615,3670,3760,3626,3700
2013-08-13,35878,3630,3650,3695,3606,3670
2013-08-14,69373,3660,3700,3790,3656,3790
2013-08-16,2222932,3700,4025,4150,3977,3700
2013-08-19,3276612,4125,4625,4625,4570,4150
2013-08-20,4796948,4105,4170,4875,4120,4750
2013-08-21,3413286,3945,4050,4385,4001,4200
2013-08-22,1137216,3680,3790,3985,3745,3960
2013-08-23,1131665,3850,4010,4080,3962,3950
2013-08-26,1011713,3960,3960,4240,3912,4015
2013-08-27,911412,3695,3780,3985,3735,3970
2013-08-28,556315,3635,3650,3840,3606,3700
2013-08-29,387124,3600,3620,3750,3577,3710
2013-08-30,984127,3600,3630,3920,3586,3825
2013-09-02,485970,3505,3635,3660,3591,3640
2013-09-03,336678,3560,3600,3670,3557,3660
2013-09-04,263137,3540,3560,3635,3517,3600
2013-09-05,277568,3550,3575,3650,3532,3555
2013-09-06,282117,3575,3585,3670,3542,3580
2013-09-09,284652,3590,3670,3700,3626,3600
2013-09-10,318730,3630,3630,3715,3586,3715
2013-09-11,137146,3645,3650,3695,3606,3670
2013-09-12,258106,3660,3685,3750,3641,3685
2013-09-13,247014,3655,3655,3755,3611,3700
2013-09-16,225747,3565,3565,3705,3522,3650
2013-09-17,234384,3565,3590,3680,3547,3565
2013-09-23,428482,3420,3435,3590,3394,3590
2013-09-24,154953,3420,3475,3515,3433,3420
2013-09-25,162394,3405,3425,3490,3384,3475
2013-09-26,103344,3425,3500,3520,3458,3450
2013-09-27,531192,3520,3545,3680,3502,3520
2013-09-30,152356,3480,3490,3560,3448,3560
2013-10-01,161760,3355,3420,3525,3379,3525
2013-10-02,119223,3360,3390,3450,3349,3420
2013-10-04,136937,3315,3320,3410,3280,3390
2013-10-07,173695,3235,3235,3380,3196,3320
2013-10-08,225437,3205,3280,3300,3241,3220
2013-10-10,144021,3265,3265,3400,3226,3280
2013-10-11,136565,3300,3350,3370,3310,3300
2013-10-14,75117,3305,3305,3380,3265,3350
2013-10-15,38783,3310,3325,3355,3285,3310
2013-10-16,425545,3340,3380,3515,3339,3340
2013-10-17,113280,3385,3420,3480,3379,3415
2013-10-18,89548,3390,3410,3460,3369,3390
2013-10-21,86771,3400,3425,3470,3384,3400
2013-10-22,102120,3400,3415,3455,3374,3420
2013-10-23,67688,3370,3370,3445,3330,3415
2013-10-24,70559,3370,3395,3430,3354,3375
2013-10-25,51763,3395,3420,3445,3379,3405
2013-10-28,177500,3400,3415,3495,3374,3410
2013-10-29,111453,3400,3420,3485,3379,3400
2013-10-30,81469,3405,3405,3445,3364,3440
2013-10-31,74426,3395,3400,3430,3359,3405
2013-11-01,69395,3370,3375,3440,3334,3420
2013-11-04,107240,3375,3390,3445,3349,3375
2013-11-05,620887,3375,3420,3695,3379,3400
2013-11-06,279259,3400,3430,3540,3389,3450
2013-11-07,171234,3415,3425,3500,3384,3500
2013-11-08,180385,3300,3305,3440,3265,3440
2013-11-11,236919,3230,3230,3450,3191,3400
2013-11-12,111148,3190,3190,3320,3152,3235
2013-11-13,96522,3170,3190,3295,3152,3200
2013-11-14,49831,3180,3195,3240,3157,3215
2013-11-15,51501,3190,3250,3250,3211,3250
2013-11-18,96875,3230,3270,3345,3231,3320
2013-11-19,127088,3150,3185,3275,3147,3250
2013-11-20,66839,3120,3150,3220,3112,3160
2013-11-21,50987,3125,3130,3210,3092,3125
2013-11-22,117010,3125,3160,3285,3122,3130
2013-11-25,174717,3190,3190,3340,3152,3270
2013-11-26,73806,3160,3245,3255,3206,3185
2013-11-27,55542,3205,3245,3265,3206,3240
2013-11-28,147724,3120,3125,3285,3087,3230
2013-11-29,126885,3060,3130,3160,3092,3150
2013-12-02,179317,3040,3060,3165,3023,3140
2013-12-03,97693,3010,3020,3065,2984,3025
2013-12-04,87821,2975,2980,3095,2944,3000
2013-12-05,105608,2965,2975,3040,2939,3040
2013-12-06,1144840,2980,3285,3370,3246,3020
2013-12-09,424361,3190,3205,3355,3166,3330
2013-12-10,327258,3180,3275,3310,3236,3205
2013-12-11,300578,3000,3000,3320,2964,3290
2013-12-12,209862,2930,2965,3050,2929,2970
2013-12-13,107432,2905,2935,3010,2900,2940
2013-12-16,89701,2935,2940,2990,2905,2935
2013-12-17,185916,2810,2810,3020,2776,3005
2013-12-18,200868,2830,2845,2980,2811,2900
2013-12-19,136763,2805,2805,2925,2771,2870
2013-12-20,91330,2805,2815,2880,2781,2810
2013-12-23,109296,2785,2815,2855,2781,2825
2013-12-24,91330,2815,2865,2900,2830,2815
2013-12-26,60421,2850,2860,2905,2826,2865
2013-12-27,126082,2850,2980,3000,2944,2850
2013-12-30,69346,2935,3000,3050,2964,2970
2014-01-02,89559,2985,3050,3105,3013,3000
2014-01-03,49785,3010,3030,3095,2994,3075
2014-01-06,55813,3020,3025,3095,2989,3075
2014-01-07,43330,2990,3075,3080,3038,3030
2014-01-08,82498,3060,3105,3150,3068,3080
2014-01-09,35414,3080,3120,3130,3082,3105
2014-01-10,81961,3100,3205,3205,3166,3100
2014-01-13,91225,3190,3205,3245,3166,3215
2014-01-14,56656,3150,3215,3230,3176,3170
2014-01-15,115236,3050,3050,3220,3013,3220
2014-01-16,82540,3055,3095,3150,3058,3055
2014-01-17,55452,3060,3060,3125,3023,3115
2014-01-20,41761,3050,3055,3140,3018,3055
2014-01-21,98543,3045,3135,3160,3097,3070
2014-01-22,55455,3120,3145,3190,3107,3120
2014-01-23,401924,3110,3230,3415,3191,3165
2014-01-24,111623,3220,3275,3305,3236,3230
2014-01-27,136513,3190,3190,3310,3152,3280
2014-01-28,91339,3140,3145,3240,3107,3240
2014-01-29,133096,3095,3155,3200,3117,3200
2014-02-03,64732,3125,3150,3190,3112,3155
2014-02-04,159707,3100,3140,3200,3102,3120
2014-02-05,30606,3085,3120,3185,3082,3140
2014-02-06,1548732,3125,3240,3550,3201,3125
2014-02-07,307557,3170,3175,3325,3137,3300
2014-02-10,283234,3205,3245,3300,3206,3210
2014-02-11,142485,3245,3245,3305,3206,3255
2014-02-12,196426,3250,3275,3345,3236,3280
2014-02-13,162872,3185,3210,3290,3171,3245
2014-02-14,532070,3220,3340,3430,3300,3220
2014-02-17,433407,3290,3360,3425,3320,3365
2014-02-18,472592,3340,3400,3480,3359,3365
2014-02-19,273828,3335,3335,3440,3295,3375
2014-02-20,216108,3335,3365,3405,3325,3335
2014-02-21,177682,3335,3380,3380,3339,3360
2014-02-24,140606,3285,3285,3400,3246,3390
2014-02-25,114398,3260,3280,3320,3241,3290
2014-02-26,126040,3270,3340,3395,3300,3280
2014-02-27,166806,3260,3350,3380,3310,3360
2014-02-28,160943,3290,3330,3370,3290,3300
2014-03-03,107604,3260,3320,3330,3280,3295
2014-03-04,225312,3300,3365,3420,3325,3300
2014-03-05,127190,3335,3360,3420,3320,3415
2014-03-06,148277,3345,3370,3415,3330,3380
2014-03-07,160832,3280,3280,3375,3241,3375
2014-03-10,122975,3270,3350,3350,3310,3280
2014-03-11,168047,3250,3280,3370,3241,3370
2014-03-12,149176,3260,3265,3370,3226,3330
2014-03-13,123237,3215,3300,3305,3260,3265
2014-03-14,78393,3255,3260,3295,3221,3280
2014-03-17,178817,3150,3200,3265,3162,3245
2014-03-18,100779,3200,3295,3300,3255,3210
2014-03-19,63317,3265,3270,3320,3231,3300
2014-03-20,1353298,3325,3325,3700,3285,3345
2014-03-21,225824,3265,3350,3380,3310,3340
2014-03-24,401565,3330,3465,3495,3423,3355
2014-03-25,201883,3415,3425,3520,3384,3415
2014-03-26,141786,3360,3385,3470,3344,3430
2014-03-27,120517,3330,3330,3405,3290,3355
2014-03-28,164035,3340,3440,3460,3399,3365
2014-03-31,208215,3295,3345,3500,3305,3440
2014-04-01,163308,3335,3345,3425,3305,3370
2014-04-02,199328,3285,3290,3375,3250,3345
2014-04-03,118368,3290,3315,3350,3275,3320
2014-04-04,102887,3290,3320,3360,3280,3360
2014-04-07,68901,3290,3320,3335,3280,3335
2014-04-08,490133,3295,3435,3445,3394,3310
2014-04-09,828234,3420,3510,3585,3468,3450
2014-04-10,242297,3420,3430,3555,3389,3500
2014-04-11,312104,3400,3465,3545,3423,3400
2014-04-14,132286,3425,3445,3495,3404,3465
2014-04-15,322607,3455,3500,3560,3458,3475
2014-04-16,229395,3420,3430,3530,3389,3520
2014-04-17,347646,3450,3500,3550,3458,3455
2014-04-18,714453,3510,3560,3625,3517,3515
2014-04-21,145039,3495,3500,3600,3458,3560
2014-04-22,199614,3425,3435,3540,3394,3505
2014-04-23,335638,3435,3450,3570,3409,3455
2014-04-24,287108,3345,3370,3475,3330,3460
2014-04-25,130797,3370,3380,3420,3339,3390
2014-04-28,245568,3280,3280,3380,3241,3380
2014-04-29,103400,3265,3280,3315,3241,3290
2014-04-30,137041,3220,3225,3315,3186,3305
2014-05-02,157195,3225,3270,3340,3231,3225
2014-05-07,102539,3200,3210,3340,3171,3270
2014-05-08,89720,3180,3205,3285,3166,3230
2014-05-09,83516,3205,3245,3280,3206,3205
2014-05-12,102135,3230,3300,3315,3260,3240
2014-05-13,121567,3250,3250,3330,3211,3310
2014-05-14,162742,3220,3260,3270,3221,3255
2014-05-15,295216,3220,3345,3380,3305,3265
2014-05-16,101266,3270,3300,3370,3260,3325
2014-05-19,155511,3245,3250,3365,3211,3300
2014-05-20,160722,3090,3175,3285,3137,3255
2014-05-21,113767,3100,3180,3250,3142,3100
2014-05-22,93527,3150,3180,3230,3142,3185
2014-05-23,70690,3145,3185,3210,3147,3180
2014-05-26,87288,3185,3195,3285,3157,3220
2014-05-27,75337,3130,3180,3215,3142,3200
2014-05-28,53304,3140,3200,3200,3162,3170
2014-05-29,171263,3185,3270,3320,3231,3185
2014-05-30,96705,3250,3280,3295,3241,3295
2014-06-02,182112,3255,3280,3335,3241,3260
2014-06-03,113967,3190,3245,3310,3206,3260
2014-06-05,114989,3130,3130,3245,3092,3245
2014-06-09,101870,3100,3115,3175,3078,3130
2014-06-10,54644,3115,3155,3165,3117,3115
2014-06-11,84741,3145,3155,3195,3117,3145
2014-06-12,61386,3130,3140,3160,3102,3150
2014-06-13,90488,3085,3120,3185,3082,3140
2014-06-16,84599,3060,3075,3150,3038,3110
2014-06-17,80391,3055,3060,3105,3023,3075
2014-06-18,90528,3055,3090,3160,3053,3060
2014-06-19,64816,3070,3095,3135,3058,3130
2014-06-20,56414,3060,3060,3105,3023,3080
2014-06-23,85805,3050,3060,3150,3023,3085
2014-06-24,50223,3010,3060,3100,3023,3095
2014-06-25,102986,3000,3000,3070,2964,3040
2014-06-26,83147,2975,2975,3060,2939,3000
2014-06-27,104283,2950,3050,3100,3013,2970
2014-06-30,70423,3020,3050,3085,3013,3085
2014-07-01,62555,3050,3100,3140,3063,3090
2014-07-02,713030,3145,3180,3430,3142,3180
2014-07-03,114824,3145,3160,3220,3122,3170
2014-07-04,92003,3140,3140,3225,3102,3170
2014-07-07,65238,3100,3135,3170,3097,3140
2014-07-08,91408,3105,3105,3165,3068,3165
2014-07-09,54401,3090,3160,3185,3122,3115
2014-07-10,55051,3145,3180,3195,3142,3170
2014-07-11,96333,3110,3130,3205,3092,3205
2014-07-14,115689,3110,3130,3255,3092,3130
2014-07-15,105190,3120,3125,3175,3087,3135
2014-07-16,453808,3130,3295,3295,3255,3130
2014-07-17,325065,3280,3355,3370,3315,3330
2014-07-18,112765,3300,3350,3350,3310,3350
2014-07-21,164695,3295,3365,3390,3325,3350
2014-07-22,509936,3330,3505,3555,3463,3330
2014-07-23,286241,3470,3535,3570,3493,3525
2014-07-24,892671,3535,3655,3770,3611,3540
2014-07-25,1433346,3650,4000,4140,3952,3670
2014-07-28,642548,3890,3925,4060,3878,4000
2014-07-29,550404,3840,3870,4050,3824,3940
2014-07-30,353936,3765,3975,3975,3927,3915
2014-07-31,772183,3915,3975,4265,3927,4030
2014-08-01,450345,3850,4080,4120,4031,3935
2014-08-04,2019452,4090,4690,4690,4634,4090
2014-08-05,1500597,4550,4560,4910,4505,4830
2014-08-06,1039049,4530,4700,4850,4644,4530
2014-08-07,1396310,4715,4900,5160,4841,4755
2014-08-08,1206721,4820,5200,5390,5138,4910
2014-08-11,2574846,5060,5190,5920,5128,5200
2014-08-12,1985013,4785,5000,5130,4940,4950
2014-08-13,1489519,4925,5470,5480,5405,4930
2014-08-14,1163904,5360,5590,5670,5523,5530
2014-08-18,682225,5280,5280,5680,5217,5590
2014-08-19,782240,5170,5470,5490,5405,5350
2014-08-20,2759831,4750,4750,5670,4693,5500
2014-08-21,1604351,4710,4900,4925,4841,4810
2014-08-22,1209798,4790,4790,5060,4733,4990
2014-08-25,661835,4605,4765,4855,4708,4845
2014-08-26,1034853,4785,4945,5050,4886,4850
2014-08-27,491482,4845,4880,5060,4822,4940
2014-08-28,406301,4790,4840,4980,4782,4920
2014-08-29,1154305,4810,4935,5150,4876,4880
2014-09-01,788082,4700,4890,4970,4831,4920
2014-09-02,625184,4810,4815,4970,4757,4925
2014-09-03,2343266,4815,5110,5310,5049,4875
2014-09-04,3398468,4350,4350,5150,4298,5070
2014-09-05,1250123,4125,4350,4415,4298,4310
2014-09-11,562645,4280,4280,4465,4229,4350
2014-09-12,604309,4080,4345,4345,4293,4255
2014-09-15,351202,4245,4260,4375,4209,4360
2014-09-16,553482,4260,4400,4435,4347,4260
2014-09-17,301822,4320,4395,4410,4342,4370
2014-09-18,1137536,4395,4395,4660,4342,4495
2014-09-19,323628,4355,4395,4465,4342,4395
2014-09-22,367989,4375,4475,4510,4421,4425
2014-09-23,581981,4180,4265,4595,4214,4510
2014-09-24,219138,4240,4300,4380,4248,4240
2014-09-25,538438,4290,4490,4505,4436,4350
2014-09-26,704864,4380,4580,4640,4525,4490
2014-09-29,620513,4435,4480,4630,4426,4625
2014-09-30,317080,4355,4365,4555,4313,4500
2014-10-01,512416,4250,4330,4570,4278,4375
2014-10-02,245500,4235,4390,4475,4337,4240
2014-10-06,285551,4350,4365,4540,4313,4390
2014-10-07,420375,4235,4510,4515,4456,4375
2014-10-08,762373,4440,4440,4680,4387,4540
2014-10-10,328792,4240,4250,4485,4199,4440
2014-10-13,420622,3900,3910,4200,3863,4180
2014-10-14,229775,3840,4120,4180,4071,3840
2014-10-15,119392,4050,4205,4215,4155,4100
2014-10-16,251468,3970,3970,4185,3922,4130
2014-10-17,312990,3955,3960,4135,3912,4130
2014-10-20,192805,3970,4080,4085,4031,4010
2014-10-21,259098,3920,4050,4085,4001,4080
2014-10-22,225537,4020,4020,4095,3972,4075
2014-10-23,224131,3965,3965,4070,3917,4005
2014-10-24,197453,3950,4085,4085,4036,4000
2014-10-27,415223,4090,4200,4255,4150,4120
2014-10-28,193760,4045,4045,4220,3996,4180
2014-10-29,216641,4015,4130,4155,4080,4065
2014-10-30,231848,4000,4015,4210,3967,4190
2014-10-31,126551,3940,3960,4050,3912,4040
2014-11-03,147600,3860,3860,3990,3814,3990
2014-11-04,339534,3540,3620,3950,3577,3850
2014-11-05,121924,3650,3680,3755,3636,3650
2014-11-06,236963,3400,3480,3745,3438,3675
2014-11-07,136917,3455,3590,3610,3547,3455
2014-11-10,70937,3555,3585,3665,3542,3580
2014-11-11,82188,3545,3630,3655,3586,3590
2014-11-12,82726,3600,3665,3690,3621,3630
2014-11-13,133290,3625,3665,3720,3621,3670
2014-11-14,123222,3600,3645,3700,3601,3670
2014-11-17,84298,3500,3530,3690,3488,3635
2014-11-18,84236,3515,3560,3600,3517,3525
2014-11-19,143048,3475,3525,3590,3483,3570
2014-11-20,62465,3510,3585,3620,3542,3525
2014-11-21,174153,3540,3630,3705,3586,3565
2014-11-24,93655,3570,3615,3665,3572,3640
2014-11-25,135028,3510,3545,3640,3502,3615
2014-11-26,154451,3530,3560,3620,3517,3530
2014-11-27,83087,3530,3530,3570,3488,3570
2014-11-28,157319,3450,3610,3610,3567,3510
2014-12-01,642588,3585,3770,3910,3725,3620
2014-12-02,144085,3665,3700,3805,3656,3805
2014-12-03,215961,3610,3705,3810,3661,3690
2014-12-04,224331,3700,3790,3870,3745,3765
2014-12-05,90616,3730,3750,3840,3705,3755
2014-12-08,167393,3670,3790,3820,3745,3755
2014-12-09,128390,3740,3830,3860,3784,3750
2014-12-10,123132,3730,3760,3885,3715,3870
2014-12-11,127560,3670,3700,3760,3656,3725
2014-12-12,169881,3545,3635,3745,3591,3720
2014-12-15,80633,3545,3605,3670,3562,3600
2014-12-16,222785,3480,3550,3640,3507,3580
2014-12-17,193683,3400,3450,3540,3409,3540
2014-12-18,273845,3220,3255,3490,3216,3455
2014-12-19,402735,3170,3195,3340,3157,3260
2014-12-22,217520,3150,3210,3270,3171,3205
2014-12-23,278597,3110,3135,3210,3097,3155
2014-12-24,125126,3125,3250,3260,3211,3135
2014-12-26,200350,3250,3370,3400,3330,3250
2014-12-29,117344,3310,3345,3390,3345,3375
2014-12-30,78787,3305,3355,3375,3355,3345
2015-01-02,177648,3355,3475,3490,3475,3355
2015-01-05,92822,3445,3460,3485,3460,3460
2015-01-06,94584,3410,3420,3475,3420,3450
2015-01-07,67150,3345,3405,3440,3405,3430
2015-01-08,266824,3410,3610,3610,3610,3410
2015-01-09,316704,3590,3775,3785,3775,3620
2015-01-12,213605,3735,3785,3850,3785,3775
2015-01-13,224963,3660,3805,3825,3805,3765
2015-01-14,640603,3820,3995,4020,3995,3820
2015-01-15,245724,3955,4110,4110,4110,3995
2015-01-16,205896,3970,4075,4100,4075,4100
2015-01-19,339573,4080,4205,4275,4205,4110
2015-01-20,117956,4160,4195,4250,4195,4230
2015-01-21,126731,4100,4115,4250,4115,4160
2015-01-22,265870,3985,3995,4235,3995,4235
2015-01-23,229582,3960,4110,4110,4110,3995
2015-01-26,113098,4070,4090,4165,4090,4120
2015-01-27,165964,3995,4110,4130,4110,4130
2015-01-28,453271,4045,4400,4430,4400,4130
2015-01-29,178950,4310,4400,4450,4400,4450
2015-01-30,469773,4345,4510,4680,4510,4425
2015-02-02,176359,4435,4545,4630,4545,4500
2015-02-03,176229,4395,4480,4595,4480,4560
2015-02-04,251563,4400,4570,4700,4570,4400
2015-02-05,120016,4570,4645,4680,4645,4605
2015-02-06,140381,4570,4695,4720,4695,4645
2015-02-09,203098,4455,4500,4720,4500,4720
2015-02-10,193379,4330,4410,4545,4410,4500
2015-02-11,97810,4330,4440,4490,4440,4410
2015-02-12,548259,4120,4165,4440,4165,4410
2015-02-13,284956,4180,4340,4375,4340,4220
2015-02-16,151056,4230,4280,4380,4280,4350
2015-02-17,89343,4200,4350,4360,4350,4350
2015-02-23,245933,4285,4570,4690,4570,4350
2015-02-24,113346,4475,4540,4600,4540,4530
2015-02-25,117232,4490,4515,4650,4515,4515
2015-02-26,122636,4390,4495,4615,4495,4615
2015-02-27,83213,4440,4500,4550,4500,4520
2015-03-02,175572,4360,4455,4525,4455,4500
2015-03-03,213334,4395,4550,4550,4550,4400
2015-03-04,962197,4500,5100,5160,5100,4500
2015-03-05,424850,4850,4850,5140,4850,5070
2015-03-06,442681,4800,5010,5100,5010,4890
2015-03-09,326756,4905,5050,5150,5050,5100
2015-03-10,295876,4895,5050,5100,5050,5050
2015-03-11,438341,4960,5100,5170,5100,5030
2015-03-12,754133,5160,5450,5490,5450,5230
2015-03-13,267507,5370,5440,5510,5440,5450
2015-03-16,196211,5290,5300,5480,5300,5400
2015-03-17,352235,5150,5390,5400,5390,5350
2015-03-18,154051,5300,5330,5420,5330,5370
2015-03-19,139511,5220,5340,5450,5340,5330
2015-03-20,241967,5350,5460,5540,5460,5350
2015-03-23,152593,5400,5460,5560,5460,5500
2015-03-24,279230,5420,5460,5560,5460,5560
2015-03-25,285685,5190,5350,5440,5350,5420
2015-03-26,142081,5200,5260,5350,5260,5320
2015-03-27,196516,5140,5300,5330,5300,5260
2015-03-30,381936,5270,5530,5570,5530,5360
2015-03-31,497713,5500,5650,5800,5650,5500
2015-04-01,207318,5600,5730,5770,5730,5720
2015-04-02,1030198,5800,5850,6120,5850,5990
2015-04-03,3044979,6100,6720,6720,6720,6100
2015-04-06,3206395,6860,7720,7720,7720,7020
2015-04-07,3764853,7720,8090,8450,8090,8200
2015-04-08,0,8090,8090,8090,8090,8090
2015-04-09,1007099,8430,9300,9300,9300,8430
2015-04-10,814784,8860,8960,9500,8960,9000
2015-04-13,510561,9180,9600,9600,9600,9300
2015-04-14,1693326,8400,8430,10100,8430,9780
2015-04-15,1555520,8080,8700,8920,8700,8420
2015-04-16,646609,8280,8540,8890,8540,8890
2015-04-17,548631,8320,8570,8720,8570,8490
2015-04-20,867975,8490,8720,9100,8720,8500
2015-04-21,1127860,8620,9320,9470,9320,8830
2015-04-22,1166175,8090,8520,9360,8520,9350
2015-04-23,712649,7770,8050,8710,8050,8670
2015-04-24,601733,8000,8480,8550,8480,8150
2015-04-27,365663,8350,8820,8870,8820,8470
2015-04-28,363896,8500,8710,8910,8710,8870
2015-04-29,574807,8550,8700,9280,8700,8600
2015-04-30,369021,8220,8310,8760,8310,8700
2015-05-04,458617,7750,7750,8360,7750,8310
2015-05-06,364410,7680,7730,8110,7730,7750
2015-05-07,347890,7700,8150,8150,8150,7810
2015-05-08,299064,8150,8300,8470,8300,8350
2015-05-11,328225,8000,8270,8410,8270,8290
2015-05-12,311339,7950,7950,8410,7950,8270
2015-05-13,1654508,7950,9000,9140,9000,7950
2015-05-14,986446,8250,8290,9210,8290,8880
2015-05-15,741434,7790,8250,8560,8250,8000
2015-05-18,436838,8110,8410,8460,8410,8380
2015-05-19,1149927,8270,8300,9070,8300,8300
2015-05-20,513868,8310,8450,8890,8450,8380
2015-05-21,521765,8310,8560,8890,8560,8450
2015-05-22,373862,8380,8550,8650,8550,8630
2015-05-26,290445,8260,8310,8630,8310,8550
2015-05-27,562392,7800,7870,8300,7870,8300
2015-05-28,253854,7880,7920,8100,7920,7880
2015-05-29,254673,7820,7950,8100,7950,7910
2015-06-01,295248,7650,7850,8010,7850,7950
2015-06-02,492024,7300,7380,7830,7380,7740
2015-06-03,607506,7400,7900,7980,7900,7400
2015-06-04,356881,7550,7700,7950,7700,7850
2015-06-05,227398,7440,7550,7770,7550,7600
2015-06-08,177422,7330,7600,7630,7600,7470
2015-06-09,327115,7530,7620,7910,7620,7610
2015-06-10,318592,7600,7650,7950,7650,7700
2015-06-11,244350,7490,7510,7940,7510,7770
2015-06-12,697739,6850,6920,7680,6920,7540
2015-06-15,249635,6830,6940,7180,6940,6920
2015-06-16,156405,6710,6800,7040,6800,6910
2015-06-17,192682,6750,7100,7170,7100,6830
2015-06-18,342521,6700,6780,7140,6780,7080
2015-06-19,383876,6430,6620,6900,6620,6860
2015-06-22,224250,6550,6670,6910,6670,6590
2015-06-23,309688,6570,6670,6850,6670,6730
2015-06-24,205022,6640,6800,6850,6800,6810
2015-06-25,1005145,6900,7450,7650,7450,6900
2015-06-26,402219,7110,7110,7530,7110,7460
2015-06-29,459762,6990,7010,7670,7010,7110
2015-06-30,248047,6500,6920,7090,6920,6890
2015-07-01,282560,6730,6930,7030,6930,7000
2015-07-02,290304,6870,7000,7270,7000,6990
2015-07-03,273999,6650,6740,7130,6740,7000
2015-07-06,276189,6430,6440,6880,6440,6590
2015-07-07,210901,6310,6380,6750,6380,6500
2015-07-08,202705,6100,6280,6560,6280,6520
2015-07-09,291918,5950,6190,6280,6190,6150
2015-07-10,178987,6190,6350,6480,6350,6260
2015-07-13,370097,6300,6880,6890,6880,6420
2015-07-14,263927,6700,6930,6990,6930,6990
2015-07-15,405609,6830,7300,7420,7300,6930
2015-07-16,1506517,7300,7530,8120,7530,7400
2015-07-17,423856,7450,7580,7830,7580,7600
2015-07-20,247615,7500,7570,7800,7570,7760
2015-07-21,268899,7510,7730,7800,7730,7610
2015-07-22,791778,7780,7870,8110,7870,7780
2015-07-23,422913,7640,7710,8050,7710,7970
2015-07-24,278245,7350,7420,7760,7420,7720
2015-07-27,230784,7100,7400,7500,7400,7320
2015-07-28,256215,6960,7100,7390,7100,7300
2015-07-29,276543,6830,7330,7430,7330,6830
2015-07-30,274105,6970,7000,7360,7000,7250
2015-07-31,192650,6750,7000,7060,7000,6920
2015-08-03,395515,7020,7780,7890,7780,7100
2015-08-04,1372993,7760,8280,8290,8280,7850
2015-08-05,540232,8030,8130,8360,8130,8280
2015-08-06,440042,7900,8120,8270,8120,8130
2015-08-07,337227,7850,7930,8100,7930,8020
2015-08-10,292029,7900,8020,8250,8020,7970
2015-08-11,387135,7730,7730,8220,7730,7960
2015-08-12,522937,6910,7200,7850,7200,7670
2015-08-13,262300,7210,7520,7580,7520,7290
2015-08-14,0,7520,7520,7520,7520,7520
2015-08-17,375620,7400,7400,7930,7400,7650
2015-08-18,387858,7310,7470,7780,7470,7540
2015-08-19,461383,6620,7090,7450,7090,7440
2015-08-20,237661,6700,6800,7200,6800,6980
2015-08-21,499340,5940,6000,6500,6000,6290
2015-08-24,420667,5650,5750,6270,5750,5800
2015-08-25,384640,5730,5910,6070,5910,5850
2015-08-26,364556,5870,6160,6160,6160,5900
2015-08-27,277719,6090,6110,6430,6110,6430
2015-08-28,211509,6200,6350,6350,6350,6210
2015-08-31,352130,6410,6410,6670,6410,6480
2015-09-01,208550,6220,6280,6520,6280,6490
2015-09-02,184159,6070,6330,6360,6330,6200
2015-09-03,254325,6400,6570,6730,6570,6450
2015-09-04,171420,6190,6250,6630,6250,6570
2015-09-07,92781,6080,6120,6270,6120,6250
2015-09-08,192423,5850,5990,6230,5990,6150
2015-09-09,242351,6140,6260,6400,6260,6140
2015-09-10,116528,6130,6280,6350,6280,6270
2015-09-11,69059,6170,6190,6340,6190,6300
2015-09-14,91834,6100,6100,6260,6100,6250
2015-09-15,82577,6060,6140,6170,6140,6070
2015-09-16,141016,6120,6250,6340,6250,6160
2015-09-17,109478,6120,6160,6320,6160,6310
2015-09-18,257976,6120,6480,6500,6480,6200
2015-09-21,420650,6490,6710,6820,6710,6500
2015-09-22,129245,6620,6770,6790,6770,6790
2015-09-23,435831,6700,7030,7160,7030,6780
2015-09-24,169267,6930,7000,7140,7000,7080
2015-09-25,126641,6760,6910,7040,6910,6900
2015-09-30,247332,6640,6740,7040,6740,6900
2015-10-01,171955,6720,6890,7130,6890,6810
2015-10-02,124948,6870,6980,7160,6980,6870
2015-10-05,103759,7010,7040,7140,7040,7060
2015-10-06,212122,7020,7030,7330,7030,7060
2015-10-07,141641,6720,6810,7090,6810,7020
2015-10-08,89369,6780,6950,7020,6950,6850
2015-10-12,81819,6950,6990,7130,6990,6950
2015-10-13,60033,6930,6930,7120,6930,7030
2015-10-14,68149,6800,6810,7060,6810,7000
2015-10-15,2879965,6730,7900,8370,7900,6910
2015-10-16,1215106,7010,7080,7270,7080,7200
2015-10-19,259234,7010,7040,7160,7040,7100
2015-10-20,226001,6980,7020,7180,7020,6980
2015-10-21,354076,6750,6780,7070,6780,7010
2015-10-22,344229,6460,6480,6830,6480,6700
2015-10-23,285218,6450,6450,6560,6450,6460
2015-10-26,201042,6410,6520,6740,6520,6500
2015-10-27,240920,6570,6720,6820,6720,6700
2015-10-28,187832,6450,6510,6810,6510,6720
2015-10-29,198969,6520,6640,6750,6640,6630
2015-10-30,164998,6430,6550,6840,6550,6700
2015-11-02,134547,6360,6360,6620,6360,6620
2015-11-03,137317,6300,6370,6480,6370,6450
2015-11-04,142983,6300,6440,6500,6440,6450
2015-11-05,154010,6390,6680,6760,6680,6410
2015-11-06,239609,6640,6920,6920,6920,6690
2015-11-09,167725,6530,6700,6940,6700,6940
2015-11-10,169403,6380,6450,6600,6450,6500
2015-11-11,96467,6450,6580,6690,6580,6450
2015-11-12,259715,6230,6290,6570,6290,6520
2015-11-13,505906,5740,5790,6160,5790,6090
2015-11-16,202480,5450,5670,5770,5670,5530
2015-11-17,113714,5640,5740,5810,5740,5680
2015-11-18,101655,5670,5790,5870,5790,5710
2015-11-19,110199,5780,5900,5930,5900,5800
2015-11-20,80377,5830,5930,6020,5930,5870
2015-11-23,75114,5900,5930,6010,5930,5980
2015-11-24,40984,5910,5920,6020,5920,6010
2015-11-25,80894,5820,5830,5960,5830,5960
2015-11-26,45503,5800,5900,5930,5900,5800
2015-11-27,99471,5850,6020,6140,6020,5960
2015-11-30,69652,5970,6050,6050,6050,6020
2015-12-01,70358,6020,6160,6200,6160,6020
2015-12-02,53901,6130,6220,6290,6220,6130
2015-12-03,113877,6020,6110,6270,6110,6270
2015-12-04,62482,5980,6110,6110,6110,6100
2015-12-07,65776,6040,6060,6200,6060,6150
2015-12-08,131553,5840,5980,6130,5980,6020
2015-12-09,151625,5790,5800,6030,5800,6030
2015-12-10,94633,5650,5730,5860,5730,5760
2015-12-11,112628,5510,5600,5790,5600,5730
2015-12-14,111342,5250,5250,5500,5250,5500
2015-12-15,95598,5180,5230,5430,5230,5300
2015-12-16,97246,5230,5230,5390,5230,5340
2015-12-17,108574,5270,5390,5430,5390,5270
2015-12-18,79546,5360,5550,5780,5550,5360
2015-12-21,65975,5470,5650,5690,5650,5640
2015-12-22,99565,5650,5770,5830,5770,5650
2015-12-23,620883,5950,6040,6520,6040,5990
2015-12-24,127564,5970,6100,6140,6100,6080
2015-12-28,97118,6070,6070,6300,6070,6100
2015-12-29,107005,6000,6080,6160,6080,6130
2015-12-30,100100,6070,6250,6300,6250,6080
2016-01-04,60762,6060,6070,6250,6070,6250
2016-01-05,87845,5920,6200,6220,6200,5920
2016-01-06,75030,5920,6130,6300,6130,6270
2016-01-07,134459,5920,5980,6170,5980,6170
2016-01-08,96108,5680,5980,5980,5980,5950
2016-01-11,59886,5740,5790,6010,5790,5980
2016-01-12,83838,5680,5680,5900,5680,5890
2016-01-13,60579,5680,5840,5910,5840,5750
2016-01-14,85807,5700,5720,5950,5720,5870
2016-01-15,55769,5600,5720,5860,5720,5860
2016-01-18,57968,5550,5680,5750,5680,5550
2016-01-19,90399,5600,5670,5830,5670,5610
2016-01-20,139359,5280,5340,5690,5340,5630
2016-01-21,145165,5210,5460,5500,5460,5260
2016-01-22,82933,5390,5550,5600,5550,5420
2016-01-25,312336,5450,6000,6160,6000,5560
2016-01-26,196663,5900,6230,6230,6230,5940
2016-01-27,118373,6000,6100,6290,6100,6230
2016-01-28,78202,6020,6200,6240,6200,6030
2016-01-29,96537,6120,6210,6330,6210,6160
2016-02-01,344731,6290,6350,6740,6350,6310
2016-02-02,65240,6250,6420,6500,6420,6360
2016-02-03,123060,6360,6400,6570,6400,6360
2016-02-04,182481,6320,6550,6790,6550,6490
2016-02-05,69849,6450,6560,6650,6560,6630
2016-02-11,167992,5950,6000,6560,6000,6560
2016-02-12,245414,5410,5450,5940,5450,5840
2016-02-15,127010,5440,5580,5670,5580,5440
2016-02-16,79388,5550,5770,5830,5770,5550
2016-02-17,243719,5650,6280,6300,6280,5730
2016-02-18,224583,6120,6160,6520,6160,6300
2016-02-19,390286,6160,6320,6570,6320,6160
2016-02-22,149652,6280,6290,6450,6290,6410
2016-02-23,1036896,6270,6370,7130,6370,6390
2016-02-24,1173104,6390,6880,7300,6880,6460
2016-02-25,664970,6550,6590,7080,6590,6940
2016-02-26,193955,6500,6650,6700,6650,6560
2016-02-29,194356,6330,6360,6740,6360,6740
2016-03-02,106430,6320,6360,6480,6360,6360
2016-03-03,121091,6350,6470,6510,6470,6380
2016-03-04,123807,6320,6560,6590,6560,6520
2016-03-07,113963,6400,6430,6640,6430,6640
2016-03-08,184686,6150,6380,6450,6380,6430
2016-03-09,87698,6300,6420,6580,6420,6380
2016-03-10,190251,6350,6700,6710,6700,6430
2016-03-11,104343,6550,6660,6740,6660,6700
2016-03-14,249244,6610,6860,6910,6860,6670
2016-03-15,565688,6840,7050,7190,7050,6910
2016-03-16,415269,6790,6870,7260,6870,7230
2016-03-17,127391,6740,6750,6980,6750,6940
2016-03-18,170170,6780,6960,7040,6960,6780
2016-03-21,141177,6800,6960,7010,6960,7010
2016-03-22,62809,6830,6920,6990,6920,6960
2016-03-23,111469,6880,6980,7100,6980,6890
2016-03-24,80970,6800,6920,7040,6920,7040
2016-03-25,82069,6800,6940,6980,6940,6900
2016-03-28,293737,6940,6960,7210,6960,7000
2016-03-29,135993,6820,6880,6990,6880,6870
2016-03-30,103837,6780,6880,6970,6880,6900
2016-03-31,1440538,6880,7100,7850,7100,6880
2016-04-01,403901,7050,7250,7290,7250,7160
2016-04-04,299744,7100,7110,7400,7110,7300
2016-04-05,172965,6930,7010,7150,7010,7110
2016-04-06,117917,6940,7010,7120,7010,7030
2016-04-07,178761,6720,6760,7050,6760,7010
2016-04-08,72434,6690,6770,6800,6770,6720
2016-04-11,72491,6710,6750,6870,6750,6860
2016-04-12,103893,6570,6690,6800,6690,6730
2016-04-14,134448,6360,6560,6690,6560,6690
2016-04-15,61829,6520,6560,6630,6560,6560
2016-04-18,59694,6550,6580,6700,6580,6560
2016-04-19,46498,6570,6580,6650,6580,6600
2016-04-20,98545,6570,6640,6730,6640,6570
2016-04-21,74065,6570,6640,6710,6640,6700
2016-04-22,137346,6480,6540,6660,6540,6580
2016-04-25,221284,6310,6410,6600,6410,6530
2016-04-26,106556,6340,6420,6480,6420,6410
2016-04-27,58017,6450,6460,6550,6460,6480
2016-04-28,55188,6420,6430,6590,6430,6440
2016-04-29,61352,6310,6390,6490,6390,6430
2016-05-02,148992,6400,6430,6650,6430,6530
2016-05-03,64539,6380,6400,6550,6400,6410
2016-05-04,48172,6380,6440,6460,6440,6400
2016-05-09,45531,6380,6410,6570,6410,6440
2016-05-10,35462,6360,6440,6470,6440,6360
2016-05-11,54131,6460,6500,6560,6500,6460
2016-05-12,52405,6500,6580,6600,6580,6580
2016-05-13,40698,6550,6590,6610,6590,6600
2016-05-16,97969,6370,6410,6590,6410,6560
2016-05-17,53240,6330,6340,6490,6340,6410
2016-05-18,187686,6010,6070,6310,6070,6300
2016-05-19,122474,5950,6050,6150,6050,6000
2016-05-20,111920,6050,6180,6490,6180,6050
2016-05-23,48068,6100,6170,6260,6170,6120
2016-05-24,64042,6080,6140,6220,6140,6150
2016-05-25,65060,6040,6070,6180,6070,6130
2016-05-26,162012,5920,5960,6140,5960,6080
2016-05-27,56165,5930,5970,6030,5970,5940
2016-05-30,28247,5960,6020,6040,6020,5960
2016-05-31,54671,5910,6030,6060,6030,5960
2016-06-01,23615,5990,6050,6080,6050,6030
2016-06-02,64700,6020,6170,6210,6170,6090
2016-06-03,54212,6000,6060,6170,6060,6170
2016-06-07,64048,6010,6120,6190,6120,6060
2016-06-08,107363,6120,6170,6290,6170,6150
2016-06-09,66683,6060,6170,6240,6170,6190
2016-06-10,45496,6070,6100,6200,6100,6130
2016-06-13,113289,5890,5940,6100,5940,6020
2016-06-14,109526,5750,5800,6000,5800,5940
2016-06-15,44661,5720,5840,5860,5840,5750
2016-06-16,179327,5480,5550,5850,5550,5840
2016-06-17,51101,5550,5630,5690,5630,5550
2016-06-20,43449,5590,5800,5900,5800,5590
2016-06-21,28889,5760,5870,5900,5870,5760
2016-06-22,25881,5860,5880,5920,5880,5910
2016-06-23,51352,5690,5770,5890,5770,5790
2016-06-24,159267,5390,5590,5890,5590,5780
2016-06-27,69005,5330,5560,5680,5560,5330
2016-06-28,35827,5560,5710,5710,5710,5640
2016-06-29,27453,5710,5780,5840,5780,5740
2016-06-30,51661,5700,5770,5840,5770,5820
2016-07-01,47611,5700,5840,5850,5840,5800
2016-07-04,19777,5800,5860,5940,5860,5870
2016-07-05,35884,5790,5860,5910,5860,5910
2016-07-06,36245,5800,5870,5910,5870,5810
2016-07-07,52827,5850,5890,5950,5890,5850
2016-07-08,41535,5890,5920,5990,5920,5950
2016-07-11,27625,5850,5950,5970,5950,5920
2016-07-12,25658,5830,5890,6000,5890,5950
2016-07-13,115124,5850,6050,6230,6050,5890
2016-07-14,37242,5940,5990,6110,5990,6090
2016-07-15,67997,5930,5960,6100,5960,6000
2016-07-18,3002732,6060,6320,7190,6320,6090
2016-07-19,566880,6230,6240,6570,6240,6360
2016-07-20,233266,6080,6130,6290,6130,6290
2016-07-21,114604,6110,6140,6250,6140,6140
2016-07-22,114326,6060,6130,6190,6130,6110
2016-07-25,43518,6090,6100,6190,6100,6180
2016-07-26,80075,6050,6060,6150,6060,6100
2016-07-27,87635,6050,6170,6170,6170,6080
2016-07-28,1632638,6200,6200,6980,6200,6870
2016-07-29,175844,6130,6160,6300,6160,6300
2016-08-01,188268,6100,6230,6410,6230,6170
2016-08-02,273871,6220,6370,6430,6370,6260
2016-08-03,103484,6220,6320,6470,6320,6350
2016-08-04,142040,6290,6400,6430,6400,6290
2016-08-05,110532,6300,6300,6480,6300,6450
2016-08-08,113601,6220,6260,6420,6260,6320
2016-08-09,56861,6230,6230,6350,6230,6260
2016-08-10,113883,6110,6180,6300,6180,6200
2016-08-11,53005,6140,6200,6280,6200,6260
2016-08-12,102364,6250,6320,6380,6320,6270
2016-08-16,264852,6270,6400,6520,6400,6320
2016-08-17,112801,6270,6290,6470,6290,6410
2016-08-18,122543,6320,6320,6450,6320,6360
2016-08-19,111565,6200,6220,6350,6220,6350
2016-08-22,75315,6110,6110,6260,6110,6150
2016-08-23,70568,6070,6090,6180,6090,6110
2016-08-24,49380,6060,6090,6150,6090,6140
2016-08-25,61696,6020,6030,6160,6030,6090
2016-08-26,64499,5900,6040,6060,6040,6030
2016-08-29,88169,5950,5950,6190,5950,6130
2016-08-30,58730,5960,5990,6080,5990,5960
2016-08-31,63504,5930,5970,6060,5970,6000
2016-09-01,58657,5970,6110,6130,6110,6020
2016-09-02,46927,6100,6110,6230,6110,6110
2016-09-05,58803,6030,6230,6250,6230,6150
2016-09-06,118321,6170,6260,6380,6260,6170
2016-09-07,83414,6080,6160,6320,6160,6280
2016-09-08,79558,5990,6070,6170,6070,6160
2016-09-09,48128,5980,6030,6110,6030,6070
2016-09-12,109239,5800,5800,6020,5800,5900
2016-09-13,33269,5800,5910,5960,5910,5800
2016-09-19,39255,5780,6000,6040,6000,5910
2016-09-20,43148,5930,6000,6060,6000,6060
2016-09-21,23501,5930,6000,6030,6000,6030
2016-09-22,59309,5980,6000,6070,6000,6040
2016-09-23,23048,5970,6010,6040,6010,6040
2016-09-26,43504,5910,5910,6050,5910,6040
2016-09-27,33182,5800,5950,5970,5950,5910
2016-09-28,73897,5800,5840,5950,5840,5880
2016-09-29,18916,5840,5920,5950,5920,5840
2016-09-30,69881,5850,5940,6000,5940,5960
2016-10-04,20662,5930,5990,6040,5990,5940
2016-10-05,60150,5920,5990,6010,5990,5920
2016-10-06,42692,5920,6020,6040,6020,6010
2016-10-07,34181,5950,5990,6050,5990,6040
2016-10-10,31867,5900,5910,6030,5910,6030
2016-10-11,73558,5860,6010,6030,6010,5900
2016-10-12,60594,5970,5980,6080,5980,5970
2016-10-13,39605,5980,6020,6050,6020,5980
2016-10-14,50325,5980,6020,6060,6020,6060
2016-10-17,49318,5920,6030,6060,6030,6000
2016-10-18,37001,5960,6030,6050,6030,5960
2016-10-19,46346,5930,5930,6030,5930,6030
2016-10-20,75101,5870,5990,6030,5990,5930
2016-10-21,49849,5840,5930,5990,5930,5990
2016-10-24,38961,5870,5900,6030,5900,6030
2016-10-25,97755,5690,5740,5940,5740,5890
2016-10-26,278229,5500,5630,5810,5630,5700
2016-10-27,28345,5630,5690,5740,5690,5630
2016-10-28,71352,5540,5560,5740,5560,5640
2016-10-31,311342,5110,5200,5430,5200,5420
2016-11-01,120670,5080,5150,5300,5150,5100
2016-11-02,65261,5050,5060,5250,5060,5160
2016-11-03,181539,4845,4980,5150,4980,5000
2016-11-04,86830,4930,5000,5150,5000,4995
2016-11-07,290984,4835,4880,5100,4880,5000
2016-11-08,126840,4865,4925,5060,4925,5050
2016-11-09,235051,4470,4750,4970,4750,4925
2016-11-10,101348,4800,4900,4985,4900,4835
2016-11-11,103357,4880,5000,5030,5000,4900
2016-11-14,43248,5030,5130,5200,5130,5030
2016-11-15,34362,5000,5050,5190,5050,5090
2016-11-16,120491,5010,5350,5350,5350,5010
2016-11-17,517617,5420,5460,5850,5460,5420
2016-11-18,193410,5390,5560,5670,5560,5500
2016-11-21,135730,5520,5590,5700,5590,5650
2016-11-22,67679,5500,5630,5700,5630,5610
2016-11-23,109815,5400,5650,5690,5650,5670
2016-11-24,89324,5610,5710,5770,5710,5610
2016-11-25,196681,5710,5830,5990,5830,5740
2016-11-28,63701,5810,5820,5910,5820,5840
2016-11-29,43049,5700,5780,5900,5780,5900
2016-11-30,60267,5750,5800,5830,5800,5830
2016-12-01,142758,5760,5760,6040,5760,5770
2016-12-02,39817,5720,5790,5860,5790,5750
2016-12-05,10167,5720,5760,5830,5760,5730
2016-12-06,80872,5570,5610,5920,5610,5710
2016-12-07,50532,5500,5610,5630,5610,5620
2016-12-08,178917,5540,5570,5910,5570,5610
2016-12-09,27821,5560,5630,5670,5630,5570
2016-12-12,45362,5640,5680,5760,5680,5650
2016-12-13,72624,5560,5600,5780,5600,5780
2016-12-14,42710,5500,5600,5640,5600,5640
2016-12-15,30557,5540,5630,5690,5630,5600
2016-12-16,57705,5570,5660,5670,5660,5570
2016-12-19,27258,5610,5670,5710,5670,5610
2016-12-20,17872,5660,5710,5720,5710,5710
2016-12-21,42024,5690,5740,5750,5740,5700
2016-12-22,31643,5680,5730,5800,5730,5680
2016-12-23,101270,5680,5940,5960,5940,5740
2016-12-26,143925,5940,6060,6100,6060,5940
2016-12-27,47560,6000,6070,6080,6070,6070
2016-12-28,104908,6000,6200,6260,6200,6070
2016-12-29,65207,6100,6250,6250,6250,6230
2017-01-02,189305,6250,6470,6480,6470,6250
2017-01-03,95780,6360,6470,6490,6470,6400
2017-01-04,119117,6440,6550,6610,6550,6470
2017-01-05,76164,6400,6400,6580,6400,6550
2017-01-06,253640,6370,6560,6750,6560,6410
2017-01-09,160323,6490,6680,6700,6680,6570
2017-01-10,64622,6620,6710,6750,6710,6680
2017-01-11,116015,6700,6730,6810,6730,6740
2017-01-12,59512,6670,6760,6790,6760,6700
2017-01-13,204845,6720,6960,7040,6960,6810
2017-01-16,861507,6750,6960,7770,6960,7460
2017-01-17,295133,6680,7080,7090,7080,6960
2017-01-18,91553,6920,6920,7120,6920,7090
2017-01-19,282365,6580,6940,6940,6940,6900
2017-01-20,75346,6900,6920,7000,6920,6900
2017-01-23,49938,6650,6650,6960,6650,6960
2017-01-24,94059,6470,6660,6770,6660,6640
2017-01-25,26065,6620,6660,6780,6660,6660
2017-01-26,38995,6650,6660,6840,6660,6660
2017-01-31,59183,6620,6690,6790,6690,6660
2017-02-01,19035,6660,6760,6780,6760,6660
2017-02-02,51072,6670,6750,6820,6750,6820
2017-02-03,61842,6700,6750,6800,6750,6700
2017-02-06,57565,6580,6580,6760,6580,6700
2017-02-07,84983,6270,6270,6550,6270,6550
2017-02-08,47442,6230,6330,6350,6330,6350
2017-02-09,214303,6050,6200,6400,6200,6340
2017-02-10,70304,6160,6280,6280,6280,6160
2017-02-13,22164,6250,6290,6350,6290,6260
2017-02-14,20152,6270,6320,6360,6320,6360
2017-02-15,19241,6280,6340,6380,6340,6320
2017-02-16,33878,6160,6260,6370,6260,6370
2017-02-17,54690,6110,6260,6320,6260,6260
2017-02-20,14031,6180,6230,6270,6230,6180
2017-02-21,170430,5900,5970,6290,5970,6210
2017-02-22,44956,5970,6140,6140,6140,5970
2017-02-23,52877,6060,6200,6210,6200,6100
2017-02-24,26888,6160,6200,6230,6200,6220
2017-02-27,28387,6100,6170,6220,6170,6160
2017-02-28,24067,6120,6190,6220,6190,6190
2017-03-02,12821,6170,6200,6230,6200,6190
2017-03-03,10316,6100,6130,6220,6130,6150
2017-03-06,34443,6030,6140,6200,6140,6090
2017-03-07,8846,6140,6160,6170,6160,6140
2017-03-08,10003,6080,6190,6200,6190,6200
2017-03-09,37251,6150,6190,6230,6190,6230
2017-03-10,13409,6110,6190,6240,6190,6120
2017-03-13,75773,6100,6230,6270,6230,6210
2017-03-14,218738,6210,6420,6570,6420,6230
2017-03-15,39923,6300,6300,6450,6300,6380
2017-03-16,52431,6280,6350,6420,6350,6420
2017-03-17,50709,6300,6400,6420,6400,6370
2017-03-20,69442,6390,6410,6490,6410,6480
2017-03-21,42549,6370,6420,6440,6420,6440
2017-03-22,36613,6310,6420,6430,6420,6410
2017-03-23,23621,6320,6390,6450,6390,6450
2017-03-24,11155,6320,6400,6440,6400,6390
2017-03-27,19570,6360,6400,6430,6400,6400
2017-03-28,25367,6320,6370,6430,6370,6400
2017-03-29,88083,6330,6420,6540,6420,6400
2017-03-30,47128,6310,6340,6460,6340,6460
2017-03-31,19084,6300,6340,6370,6340,6340
2017-04-03,52656,6300,6340,6390,6340,6340
2017-04-04,59256,6300,6340,6400,6340,6330
2017-04-05,29946,6310,6400,6420,6400,6340
2017-04-06,101330,6370,6590,6700,6590,6430
2017-04-07,102455,6580,6710,6770,6710,6600
2017-04-10,680761,6810,6960,7510,6960,7340
2017-04-11,127435,6710,6740,7050,6740,6890
2017-04-12,67160,6620,6740,6820,6740,6700
2017-04-13,31551,6740,6760,6800,6760,6740
2017-04-14,49130,6690,6770,6810,6770,6760
2017-04-17,50045,6680,6840,6870,6840,6770
2017-04-18,35984,6770,6850,6890,6850,6850
2017-04-19,41900,6750,6850,6920,6850,6920
2017-04-20,40079,6760,6850,6860,6850,6780
2017-04-21,16659,6760,6820,6860,6820,6800
2017-04-24,45016,6660,6800,6830,6800,6820
2017-04-25,54951,6730,6740,6810,6740,6730
2017-04-26,84651,6740,6900,6950,6900,6740
2017-04-27,71084,6820,6900,7000,6900,6900
2017-04-28,97515,6900,7020,7060,7020,6960
2017-05-02,129286,6940,7080,7150,7080,7020
2017-05-04,30239,7000,7070,7120,7070,7080
2017-05-08,60993,7070,7180,7180,7180,7070
2017-05-10,154320,7130,7200,7330,7200,7190
2017-05-11,65170,7180,7290,7290,7290,7210
2017-05-12,222526,7220,7500,7580,7500,7290
2017-05-15,192730,7430,7620,7630,7620,7430
2017-05-16,100986,7350,7500,7650,7500,7650
2017-05-17,89495,7390,7480,7520,7480,7500
2017-05-18,74461,7360,7550,7600,7550,7360
2017-05-19,45504,7450,7500,7630,7500,7550
2017-05-22,35955,7430,7490,7550,7490,7490
2017-05-23,62696,7430,7580,7620,7580,7430
2017-05-24,69896,7580,7700,7730,7700,7580
2017-05-25,99132,7700,7750,7780,7750,7740
2017-05-26,79330,7660,7750,7830,7750,7750
2017-05-29,62308,7630,7700,7820,7700,7750
2017-05-30,51607,7610,7630,7740,7630,7700
2017-05-31,197211,7280,7280,7650,7280,7650
2017-06-01,57616,7250,7330,7360,7330,7270
2017-06-02,37880,7260,7350,7370,7350,7310
2017-06-05,21243,7280,7300,7370,7300,7370
2017-06-07,30108,7300,7360,7390,7360,7300
2017-06-08,39933,7330,7510,7580,7510,7400
2017-06-09,45080,7410,7480,7560,7480,7510
2017-06-12,46629,7340,7390,7500,7390,7450
2017-06-13,49846,7280,7280,7470,7280,7390
2017-06-14,70378,7060,7130,7330,7130,7280
2017-06-15,75506,7030,7150,7210,7150,7120
2017-06-16,44688,7130,7150,7210,7150,7150
2017-06-19,40055,7050,7100,7240,7100,7150
2017-06-20,34390,7050,7090,7180,7090,7150
2017-06-21,41090,7000,7080,7130,7080,7090
2017-06-22,45090,7050,7090,7400,7090,7400
2017-06-23,25084,7020,7030,7100,7030,7060
2017-06-26,24122,7010,7070,7110,7070,7030
2017-06-27,33948,7010,7020,7070,7020,7040
2017-06-28,30343,7000,7000,7100,7000,7020
2017-06-29,30948,6990,7010,7140,7010,7000
2017-06-30,33772,6980,7010,7090,7010,7010
2017-07-03,41587,6830,6940,7070,6940,7010
2017-07-04,37313,6830,6890,7010,6890,7000
2017-07-05,21384,6870,6940,6960,6940,6890
2017-07-06,12859,6930,7010,7020,7010,6940
2017-07-07,15982,6940,6990,7050,6990,7050
2017-07-10,30104,6840,6890,7000,6890,7000
2017-07-11,27424,6770,6830,6960,6830,6890
2017-07-12,60940,6630,6650,6870,6650,6780
2017-07-13,13993,6640,6690,6750,6690,6650
2017-07-14,15580,6680,6690,6830,6690,6700
2017-07-17,18789,6630,6680,6740,6680,6630
2017-07-18,11221,6630,6750,6750,6750,6680
2017-07-19,23859,6720,6890,6900,6890,6820
2017-07-20,26620,6820,6970,7040,6970,6920
2017-07-21,13948,6880,6910,7000,6910,7000
2017-07-24,23882,6830,6910,6980,6910,6980
2017-07-25,35387,6780,6780,6920,6780,6920
2017-07-26,24104,6710,6770,6860,6770,6860
2017-07-27,62811,6690,6820,6830,6820,6830
2017-07-28,18628,6700,6830,6890,6830,6890
2017-07-31,21732,6720,6740,6870,6740,6870
2017-08-01,20777,6610,6760,6780,6760,6610
2017-08-02,8101,6730,6800,6810,6800,6760
2017-08-03,17549,6670,6750,6840,6750,6840
2017-08-04,9293,6660,6750,6780,6750,6740
2017-08-07,14196,6670,6670,6750,6670,6750
2017-08-08,21655,6550,6610,6670,6610,6640
2017-08-09,21321,6500,6500,6620,6500,6610
2017-08-10,18975,6290,6430,6530,6430,6500
2017-08-11,61839,6430,6600,6650,6600,6430
2017-08-14,35673,6530,6600,6660,6600,6640
2017-08-16,31248,6600,6720,6770,6720,6600
2017-08-17,15769,6660,6730,6770,6730,6740
2017-08-18,9045,6620,6670,6730,6670,6730
2017-08-21,27140,6550,6580,6670,6580,6670
2017-08-22,11247,6550,6620,6650,6620,6580
2017-08-23,8233,6600,6640,6700,6640,6700
2017-08-24,14137,6570,6650,6680,6650,6590
2017-08-25,9633,6600,6620,6710,6620,6710
2017-08-28,21631,6500,6670,6670,6670,6620
2017-08-29,26905,6590,6700,6710,6700,6650
2017-08-30,35746,6640,6660,6730,6660,6730
2017-08-31,31529,6660,6760,6830,6760,6660
2017-09-01,22130,6760,6830,6850,6830,6840
2017-09-04,25014,6700,6760,6800,6760,6760
2017-09-05,31649,6600,6670,6770,6670,6760
2017-09-06,8141,6600,6690,6740,6690,6670
2017-09-07,10091,6600,6640,6720,6640,6690
2017-09-08,53809,6300,6410,6640,6410,6640
2017-09-11,16136,6390,6390,6520,6390,6500
2017-09-12,18344,6200,6450,6520,6450,6400
2017-09-13,12180,6300,6440,6480,6440,6450
2017-09-14,21522,6340,6450,6450,6450,6440
2017-09-15,27742,6300,6420,6450,6420,6450
2017-09-18,19838,6330,6370,6420,6370,6400
2017-09-19,15919,6250,6320,6390,6320,6370
2017-09-20,42676,6270,6410,6440,6410,6320
2017-09-21,36119,6370,6460,6530,6460,6500
2017-09-25,101735,6040,6120,6530,6120,6530
2017-09-26,0,6120,6120,6120,6120,6120
2017-09-27,7988,6150,6280,6330,6280,6170
2017-09-28,10695,6200,6350,6400,6350,6280
2017-09-29,6043,6350,6410,6460,6410,6420
2017-10-10,8322,6290,6380,6460,6380,6410
2017-10-11,27662,6250,6320,6440,6320,6400
2017-10-12,9266,6280,6330,6380,6330,6330
2017-10-13,42901,6160,6210,6390,6210,6330
2017-10-16,13216,6090,6130,6210,6130,6210
2017-10-17,12114,6090,6140,6230,6140,6130
2017-10-18,18853,6100,6150,6200,6150,6140
2017-10-19,41809,6250,6310,6430,6310,6400
2017-10-20,7357,6250,6290,6380,6290,6290
2017-10-23,32486,6270,6400,6410,6400,6350
2017-10-24,76780,6330,6670,6670,6670,6330
2017-10-25,14069,6530,6680,6710,6680,6670
2017-10-26,11314,6560,6730,6730,6730,6680
2017-10-27,20224,6680,6730,6770,6730,6730
2017-10-30,12157,6610,6760,6790,6760,6730
2017-10-31,19046,6710,6800,6810,6800,6780
2017-11-01,11518,6750,6810,6830,6810,6800
2017-11-02,14216,6700,6720,6840,6720,6840
2017-11-03,4512,6700,6770,6800,6770,6720
2017-11-06,4759,6730,6770,6800,6770,6770
2017-11-07,20005,6750,6780,6940,6780,6940
2017-11-08,12328,6740,6750,6840,6750,6790
2017-11-09,16674,6680,6750,6810,6750,6760
2017-11-10,32890,6650,6750,6750,6750,6750
2017-11-13,168796,6780,6980,7290,6980,6780
2017-11-14,68092,6940,7080,7200,7080,6980
2017-11-15,102957,6870,6990,7260,6990,7200
2017-11-16,31779,6900,7000,7000,7000,6990
2017-11-17,16340,6900,7050,7070,7050,7070
2017-11-20,108192,7080,7200,7230,7200,7080
2017-11-21,32467,7120,7170,7230,7170,7120
2017-11-22,22600,7150,7170,7240,7170,7240
2017-11-23,23516,7150,7200,7220,7200,7170
2017-11-24,20168,7150,7190,7210,7190,7200
2017-11-27,65447,6990,7090,7190,7090,7190
2017-11-28,31493,6990,7010,7100,7010,7090
2017-11-29,35782,6900,7000,7070,7000,7010
2017-11-30,12018,6950,6960,7000,6960,7000
2017-12-01,13193,6860,6960,7000,6960,7000
2017-12-04,33001,6910,7000,7080,7000,6910
2017-12-05,14643,7000,7030,7070,7030,7070
2017-12-06,32259,6860,6880,7030,6880,7030
2017-12-07,47630,6660,6750,6900,6750,6900
2017-12-08,49774,6670,6780,6900,6780,6740
2017-12-11,17290,6790,6880,6910,6880,6790
2017-12-12,6753,6830,6880,6920,6880,6880
2017-12-13,5917,6830,6980,6980,6980,6830
2017-12-14,8825,6930,6950,7000,6950,6980
2017-12-15,12919,6850,6900,7050,6900,7050
2017-12-18,19560,6770,6820,6910,6820,6900
2017-12-19,47541,6600,6610,6900,6610,6820
2017-12-21,35777,6360,6360,6610,6360,6500
2017-12-22,14469,6380,6540,6550,6540,6380
2017-12-26,40146,6400,6470,6600,6470,6600
2017-12-27,32117,6470,6520,6540,6520,6470
2017-12-28,42344,6520,6750,6770,6750,6520
2018-01-02,42311,6760,6890,6890,6890,6770
2018-01-03,50043,6710,6890,6910,6890,6890
2018-01-04,372714,6980,7360,7540,7360,7000
2018-01-05,99256,7260,7450,7510,7450,7350
2018-01-08,61129,7300,7420,7490,7420,7450
2018-01-09,49263,7300,7370,7440,7370,7440
2018-01-10,34224,7300,7350,7400,7350,7370
2018-01-11,108925,7330,7590,7590,7590,7360
2018-01-12,192981,7590,7800,7980,7800,7600
2018-01-15,90816,7690,7760,7870,7760,7800
2018-01-16,38300,7600,7630,7750,7630,7750
2018-01-17,98895,7440,7490,7700,7490,7630
2018-01-18,34016,7470,7700,7710,7700,7500
2018-01-19,25488,7560,7560,7770,7560,7700
2018-01-22,266578,7650,7980,8150,7980,7650
2018-01-23,218402,8050,8280,8360,8280,8050
2018-01-24,92139,8100,8190,8330,8190,8280
2018-01-25,78534,8110,8190,8280,8190,8260
2018-01-26,84907,8100,8200,8290,8200,8290
2018-01-29,190709,8260,8530,8630,8530,8400
2018-01-30,144314,8540,8630,8720,8630,8640
2018-01-31,37990,8310,8600,8660,8600,8660
2018-02-01,65795,8510,8740,8740,8740,8650
2018-02-02,100968,8360,8480,8750,8480,8750
2018-02-05,71013,8100,8220,8460,8220,8460
2018-02-06,129009,7740,8000,8100,8000,8010
2018-02-07,54389,7900,7900,8250,7900,8250
2018-02-08,22623,7930,8040,8080,8040,8010
2018-02-09,36341,7760,8010,8080,8010,7900
2018-02-12,33804,7810,8000,8080,8000,7900
2018-02-13,46425,7840,7840,8080,7840,8050
2018-02-14,16493,7790,7880,7920,7880,7840
2018-02-19,28921,7850,8150,8170,8150,7880
2018-02-20,34115,8130,8190,8250,8190,8140
2018-02-21,24799,8110,8250,8250,8250,8190
2018-02-22,43129,8080,8120,8270,8120,8250
2018-02-23,11580,8090,8090,8210,8090,8210
2018-02-26,23120,8040,8040,8140,8040,8090
2018-02-27,25524,7960,8020,8220,8020,8040
2018-02-28,31932,7890,8020,8040,8020,8020
2018-03-02,43609,7800,8040,8040,8040,7950
2018-03-05,18035,7920,8030,8210,8030,7920
2018-03-06,25435,8040,8080,8180,8080,8180
2018-03-08,48336,7830,7960,8070,7960,8070
2018-03-09,29524,7860,8000,8050,8000,7860
2018-03-12,55459,7940,8190,8220,8190,7970
2018-03-13,50314,8080,8260,8350,8260,8080
2018-03-14,25973,8080,8210,8340,8210,8340
2018-03-15,32901,8040,8160,8190,8160,8170
2018-03-16,22070,8010,8120,8160,8120,8160
2018-03-19,69964,7820,7840,8200,7840,8050
2018-03-20,97743,7580,7620,7880,7620,7880
2018-03-21,46928,7570,7740,7830,7740,7650
2018-03-22,26956,7660,7690,7800,7690,7740
2018-03-23,55086,7400,7510,7600,7510,7570
2018-03-26,33397,7350,7400,7510,7400,7500
2018-03-27,10386,7400,7520,7520,7520,7400
2018-03-28,41057,7150,7350,7520,7350,7520
2018-03-29,20037,7230,7330,7370,7330,7350
2018-03-30,27748,7260,7320,7370,7320,7370
2018-04-02,60193,7310,7360,7490,7360,7320
2018-04-03,16577,7270,7340,7390,7340,7300
2018-04-04,13775,7190,7190,7420,7190,7340
2018-04-05,19597,7060,7190,7200,7190,7190
2018-04-06,26597,7130,7230,7270,7230,7190
2018-04-09,30543,7080,7230,7230,7230,7230
2018-04-10,20520,7150,7270,7280,7270,7280
2018-04-11,14725,7210,7370,7380,7370,7270
2018-04-12,31456,7260,7390,7400,7390,7360
2018-04-13,36634,7210,7370,7410,7370,7390
2018-04-16,16191,7260,7290,7370,7290,7370
2018-04-17,19337,7200,7290,7350,7290,7290
2018-04-18,2968072,7300,8520,9180,8520,7300
2018-04-19,1088193,8270,8270,8940,8270,8600
2018-04-20,352471,7960,7990,8360,7990,8310
2018-04-23,958670,8100,8260,8710,8260,8210
2018-04-24,294425,8030,8390,8480,8390,8380
2018-04-25,259883,8110,8350,8530,8350,8390
2018-04-26,634926,8390,8690,8910,8690,8480
2018-04-27,806116,8330,8610,9100,8610,9020
2018-04-30,1158549,8650,8960,9280,8960,8870
2018-05-02,1610818,8810,10100,10150,10100,9100
2018-05-03,673346,9270,9270,10200,9270,10200
2018-05-04,818513,9500,9830,10200,9830,9500
2018-05-08,418867,8920,8990,9780,8990,9700
2018-05-09,365695,8420,8700,9050,8700,8990
2018-05-10,238391,8650,9000,9150,9000,8820
2018-05-11,168877,8800,9110,9150,9110,9000
2018-05-14,371419,8940,9190,9340,9190,9110
2018-05-15,182862,8990,9140,9300,9140,9240
2018-05-16,443021,8080,8180,8600,8180,8600
2018-05-17,208520,8130,8340,8680,8340,8200
2018-05-18,153467,8100,8140,8350,8140,8350
2018-05-21,94938,8080,8170,8250,8170,8100
2018-05-23,141625,7840,7840,8140,7840,8140
2018-05-24,116349,7630,7710,7910,7710,7910
2018-05-25,216333,7150,7400,7430,7400,7150
2018-05-28,432870,7830,8150,8340,8150,7920
2018-05-29,200533,7620,7760,8150,7760,8150
2018-05-30,140414,7570,7850,8090,7850,7770
2018-05-31,117798,7780,8060,8150,8060,7780
2018-06-01,187604,7900,8300,8330,8300,8050
2018-06-04,125064,8060,8130,8470,8130,8470
2018-06-05,539275,7850,8430,8500,8430,8050
2018-06-07,313902,8130,8340,8640,8340,8580
2018-06-08,310170,8020,8300,8680,8300,8340
2018-06-11,119788,8100,8300,8330,8300,8210
2018-06-12,217196,8090,8220,8450,8220,8250
2018-06-14,145817,7830,7860,8180,7860,8180
2018-06-15,53307,7830,7870,8030,7870,7830
2018-06-18,82188,7400,7510,7950,7510,7810
2018-06-19,70812,7300,7300,7780,7300,7430
2018-06-20,45451,7250,7490,7500,7490,7250
2018-06-21,24804,7320,7370,7590,7370,7480
2018-06-22,78865,7210,7530,7840,7530,7440
2018-06-25,54222,7360,7490,7840,7490,7490
2018-06-26,45795,7280,7340,7600,7340,7320
2018-06-27,96875,7000,7200,7370,7200,7310
2018-06-28,66741,6850,7050,7200,7050,7090
2018-06-29,29546,6860,7130,7140,7130,7050
2018-07-02,65583,6880,6950,7150,6950,7140
2018-07-03,101865,6590,6800,7040,6800,6900
2018-07-04,22079,6710,6720,6900,6720,6840
2018-07-05,36751,6590,6680,6760,6680,6650
2018-07-06,42518,6630,6700,6770,6700,6750
2018-07-09,36104,6600,6620,6740,6620,6690
2018-07-10,21091,6560,6810,6830,6810,6600
2018-07-11,15151,6750,6910,6970,6910,6810
2018-07-12,20922,6870,7000,7050,7000,6910
2018-07-13,15871,6970,7160,7160,7160,7040
2018-07-16,16328,7080,7090,7250,7090,7160
2018-07-17,15093,7000,7110,7220,7110,7090
2018-07-18,18001,7000,7060,7240,7060,7120
2018-07-19,14224,6980,6990,7060,6990,7060
2018-07-20,32514,6860,7000,7060,7000,6860
2018-07-23,14975,6820,6900,7010,6900,6910
2018-07-24,31172,6680,6890,6990,6890,6680
2018-07-26,9001,6730,6780,6890,6780,6730
2018-07-27,13099,6680,6830,6940,6830,6780
2018-07-30,9905,6830,7050,7070,7050,6830
2018-07-31,9951,6960,7080,7130,7080,7130
2018-08-01,13510,7050,7080,7150,7080,7070
2018-08-02,7731,7050,7050,7110,7050,7100
2018-08-03,7883,7000,7070,7120,7070,7120
2018-08-06,6980,6980,7070,6970,7070,15237
2018-08-07,7070,7070,7140,6900,6900,17936
2018-08-08,7140,7140,7140,7080,7090,13998
2018-08-09,7140,7140,7170,7100,7140,16250
2018-08-10,7190,7190,7210,7120,7140,14511
2018-08-13,7120,7120,7220,7020,7210,24712
