,Adj Close,Close,High,Low,Open,Volume
2000-02-11,3500,2200,2500,2500,2500,2200
2000-02-14,5600,2200,2350,2350,2350,2200
2000-02-15,3200,2070,2350,2490,2350,2490
2000-02-16,19500,2300,2630,2630,2630,2300
2000-02-17,20600,2940,2940,2940,2940,2940
2000-02-18,18100,2590,3290,3290,3290,3000
2000-02-21,24100,3000,3680,3680,3680,3000
2000-02-22,15900,3360,3410,4120,3410,3800
2000-02-23,25900,3400,3810,3810,3810,3500
2000-02-24,8600,4250,4260,4260,4260,4260
2000-02-25,4800,4650,4770,4770,4770,4650
2000-02-28,1800,5340,5340,5340,5340,5340
2000-02-29,17700,5970,5980,5980,5980,5980
2000-03-01,0,5980,5980,5980,5980,5980
2000-03-02,25700,5320,6190,6300,6190,6210
2000-03-03,15400,5450,6100,6930,6100,6930
2000-03-06,64200,5500,5900,6590,5900,6100
2000-03-07,50400,5600,6000,6000,6000,5900
2000-03-08,12400,5500,5900,6500,5900,6490
2000-03-09,42700,5800,6600,6600,6600,6000
2000-03-10,48200,7110,7390,7390,7390,7390
2000-03-13,11900,8000,8270,8270,8270,8270
2000-03-14,133400,8800,9260,9260,9260,9260
2000-03-15,135200,8150,10350,10350,10350,10300
2000-03-16,63100,9500,9990,11400,9990,11400
2000-03-17,35700,8800,8800,9500,8800,9150
2000-03-20,1500,7750,7750,7750,7750,7750
2000-03-21,2000,6820,6820,6820,6820,6820
2000-03-22,76600,6010,6600,7600,6600,6010
2000-03-23,107400,5810,6060,6750,6060,6750
2000-03-24,117700,5510,6010,6490,6010,5800
2000-03-27,135800,6410,6730,6730,6730,6720
2000-03-28,40300,7520,7530,7530,7530,7530
2000-03-29,178600,6630,8390,8400,8390,7490
2000-03-30,30900,5400,5640,5640,5640,5400
2000-03-31,4000,6310,6310,6310,6310,6310
2000-04-03,0,6310,6310,6310,6310,6310
2000-04-04,0,6310,6310,6310,6310,6310
2000-04-05,0,6310,6310,6310,6310,6310
2000-04-06,0,6310,6310,6310,6310,6310
2000-04-07,39700,6520,7060,7060,7060,7060
2000-04-10,2000,7900,7900,7900,7900,7900
2000-04-11,139100,7500,8840,8840,8840,8840
2000-04-12,340200,7780,7780,9900,7780,8000
2000-04-13,0,7780,7780,7780,7780,7780
2000-04-14,271600,6850,8230,8490,8230,7330
2000-04-17,77600,7250,7250,8000,7250,7350
2000-04-18,98300,6380,6380,7550,6380,7250
2000-04-19,426800,5620,5620,6800,5620,6000
2000-04-20,195500,6290,6290,6290,6290,6290
2000-04-21,747700,5600,5690,7040,5690,7040
2000-04-24,262500,5010,5010,5900,5010,5700
2000-04-25,243900,4410,4410,4900,4410,4900
2000-04-26,389800,4300,4310,4930,4310,4510
2000-04-27,200400,3950,4150,4500,4150,4250
2000-04-28,174800,3700,3810,4300,3810,4150
2000-05-01,0,3810,3810,3810,3810,3810
2000-05-02,172400,3520,3690,3900,3690,3700
2000-05-03,95200,3700,4130,4130,4130,3750
2000-05-04,364100,4320,4620,4620,4620,4620
2000-05-05,0,4620,4620,4620,4620,4620
2000-05-08,332200,4220,4350,5150,4350,4900
2000-05-09,0,4350,4350,4350,4350,4350
2000-05-10,128500,3710,4380,4520,4380,3710
2000-05-11,0,4380,4380,4380,4380,4380
2000-05-12,130700,4180,4260,4500,4260,4350
2000-05-15,247600,4110,4400,4770,4400,4190
2000-05-16,122900,4000,4220,4580,4220,4300
2000-05-17,116700,3720,3720,4400,3720,4350
2000-05-18,148400,3280,3380,3830,3380,3800
2000-05-19,71400,2980,2980,3290,2980,3110
2000-05-22,54800,2630,2630,2910,2630,2910
2000-05-23,162300,2320,2330,2450,2330,2320
2000-05-24,88600,2060,2240,2400,2240,2400
2000-05-25,82500,2250,2500,2500,2500,2350
2000-05-26,104900,2240,2480,2740,2480,2310
2000-05-29,0,2480,2480,2480,2480,2480
2000-05-30,0,2480,2480,2480,2480,2480
2000-05-31,178300,2700,2950,2990,2950,2700
2000-06-01,86900,2800,3000,3100,3000,2810
2000-06-02,85000,2840,2890,3200,2890,2990
2000-06-05,138200,2830,3150,3150,3150,2990
2000-06-06,0,3150,3150,3150,3150,3150
2000-06-07,180600,3020,3520,3520,3520,3140
2000-06-08,117500,3100,3220,3650,3220,3400
2000-06-09,60700,2850,2870,3190,2870,3010
2000-06-12,78800,2950,3210,3210,3210,2950
2000-06-13,202900,3000,3350,3550,3350,3210
2000-06-14,107200,3150,3360,3510,3360,3500
2000-06-15,62400,2960,2960,3360,2960,3180
2000-06-16,89500,2650,3000,3000,3000,2650
2000-06-19,94700,2750,2940,3100,2940,2940
2000-06-20,83100,2880,2960,3100,2960,2880
2000-06-21,92000,2900,3090,3090,3090,3000
2000-06-22,366900,3020,3300,3380,3300,3110
2000-06-23,245200,2970,2990,3380,2990,3350
2000-06-26,127900,2820,3000,3140,3000,2990
2000-06-27,161300,2840,2880,3040,2880,3000
2000-06-28,107000,2830,2900,2970,2900,2880
2000-06-29,417100,2840,3240,3240,3240,2900
2000-06-30,377500,2930,3140,3380,3140,3240
2000-07-03,215500,3040,3200,3250,3200,3100
2000-07-04,776500,3130,3580,3580,3580,3210
2000-07-05,507300,3160,3400,3840,3400,3610
2000-07-06,174100,3200,3440,3500,3440,3400
2000-07-07,226400,3380,3750,3820,3750,3420
2000-07-10,623700,3660,4200,4200,4200,3660
2000-07-11,621200,3700,3700,4490,3700,4300
2000-07-12,195400,3260,3370,3700,3370,3700
2000-07-13,114500,3020,3070,3360,3070,3360
2000-07-14,144100,2920,3070,3260,3070,2920
2000-07-17,0,3070,3070,3070,3070,3070
2000-07-18,107200,2910,3110,3170,3110,2910
2000-07-19,107200,2910,3110,3170,3110,2910
2000-07-20,118300,2600,2890,2970,2890,2810
2000-07-21,474700,2830,3230,3230,3230,2900
2000-07-24,790900,2850,2900,3560,2900,3270
2000-07-25,302600,2720,2880,3200,2880,3000
2000-07-26,202400,2760,2940,3000,2940,2900
2000-07-27,616700,2860,3290,3290,3290,2900
2000-07-28,1034000,3120,3680,3680,3680,3400
2000-07-31,594500,3310,3500,3990,3500,3860
2000-08-01,465600,3550,3920,3920,3920,3600
2000-08-02,609900,3800,3870,4340,3870,4100
2000-08-03,397500,3800,3920,4150,3920,3870
2000-08-04,227600,3450,3490,3970,3490,3930
2000-08-07,199900,3230,3330,3670,3330,3230
2000-08-08,272400,3230,3500,3690,3500,3230
2000-08-09,412600,3520,3650,3880,3650,3550
2000-08-10,144900,3340,3490,3700,3490,3600
2000-08-11,157300,3230,3300,3550,3300,3480
2000-08-14,191000,3260,3450,3610,3450,3260
2000-08-15,0,3450,3450,3450,3450,3450
2000-08-16,131400,3400,3490,3590,3490,3400
2000-08-17,190500,3350,3420,3680,3420,3580
2000-08-18,86000,3200,3300,3430,3300,3370
2000-08-21,74300,3210,3300,3400,3300,3250
2000-08-22,111200,3270,3340,3440,3340,3310
2000-08-23,79800,3210,3250,3400,3250,3340
2000-08-24,138700,2900,2990,3280,2990,3150
2000-08-25,82900,2820,2860,3010,2860,2990
2000-08-28,78700,2860,2950,3030,2950,2960
2000-08-29,142800,2950,3100,3300,3100,3020
2000-08-30,54700,2960,2990,3100,2990,3050
2000-08-31,52500,2810,2930,3040,2930,2900
2000-09-01,53000,2870,2900,2990,2900,2900
2000-09-04,243500,2810,3240,3240,3240,2840
2000-09-05,157600,2990,3030,3340,3030,3240
2000-09-06,41600,2910,3000,3100,3000,3100
2000-09-07,52100,2850,2920,3050,2920,2950
2000-09-08,267800,2800,3100,3230,3100,2800
2000-09-11,0,3100,3100,3100,3100,3100
2000-09-12,0,3100,3100,3100,3100,3100
2000-09-13,0,3100,3100,3100,3100,3100
2000-09-14,91600,2860,2970,3140,2970,3050
2000-09-15,89400,2880,2940,3030,2940,2970
2000-09-18,69200,2590,2590,2870,2590,2820
2000-09-19,85400,2280,2320,2650,2320,2650
2000-09-20,62300,2200,2320,2460,2320,2200
2000-09-21,35400,2080,2130,2350,2130,2350
2000-09-22,95600,1880,1880,2140,1880,2000
2000-09-25,159400,1700,1950,2010,1950,1700
2000-09-26,85600,1900,1970,2010,1970,1950
2000-09-27,92400,1870,2130,2190,2130,1870
2000-09-28,52900,2040,2100,2180,2100,2160
2000-09-29,73600,2100,2260,2320,2260,2100
2000-10-02,137200,2100,2460,2510,2460,2200
2000-10-03,0,2460,2460,2460,2460,2460
2000-10-04,113700,2320,2590,2680,2590,2320
2000-10-05,208000,2580,2900,2900,2900,2650
2000-10-06,445600,2700,3240,3240,3240,2810
2000-10-09,329400,3050,3200,3290,3200,3190
2000-10-10,152800,3030,3500,3500,3500,3060
2000-10-11,197800,3080,3080,3300,3080,3300
2000-10-12,144800,2720,3090,3090,3090,2720
2000-10-13,195800,2800,3090,3400,3090,2950
2000-10-16,0,3090,3090,3090,3090,3090
2000-10-17,249300,3060,3390,3390,3390,3350
2000-10-18,195200,3120,3300,3300,3300,3300
2000-10-19,357500,2910,2980,3240,2980,3200
2000-10-20,278300,2820,2960,3050,2960,2940
2000-10-23,118500,2610,2610,2950,2610,2950
2000-10-24,122500,2360,2650,2790,2650,2450
2000-10-25,168100,2440,2610,2680,2610,2640
2000-10-26,150100,2490,2560,2750,2560,2530
2000-10-27,0,2560,2560,2560,2560,2560
2000-10-30,48600,2180,2240,2500,2240,2430
2000-10-31,76200,1980,2210,2240,2210,2110
2000-11-01,106200,2180,2470,2470,2470,2300
2000-11-02,146500,2450,2690,2750,2690,2450
2000-11-03,95700,2500,2560,2710,2560,2650
2000-11-06,105600,2430,2550,2580,2550,2500
2000-11-07,72600,2500,2500,2620,2500,2530
2000-11-08,66500,2410,2430,2520,2430,2420
2000-11-09,122200,2430,2550,2670,2550,2470
2000-11-10,196600,2560,2850,2850,2850,2560
2000-11-13,618200,2710,3150,3190,3150,2980
2000-11-14,446000,2950,3190,3360,3190,3100
2000-11-15,235500,2950,3020,3290,3020,3110
2000-11-16,123200,2820,2900,3000,2900,2910
2000-11-17,119700,2800,2990,3080,2990,2800
2000-11-20,234900,2950,3200,3310,3200,3010
2000-11-21,160000,2910,3110,3280,3110,3180
2000-11-22,391000,3070,3480,3480,3480,3180
2000-11-23,610200,3070,3070,3820,3070,3550
2000-11-24,264300,2760,2850,3150,2850,3010
2000-11-27,220500,2820,3090,3090,3090,2880
2000-11-28,97900,2870,2900,3070,2900,3050
2000-11-29,87600,2650,2800,2970,2800,2700
2000-11-30,105400,2760,2840,2990,2840,2810
2000-12-01,77700,2620,2820,2900,2820,2650
2000-12-04,200200,2810,3150,3150,3150,2830
2000-12-05,681000,3160,3520,3520,3520,3290
2000-12-06,452500,3260,3400,3640,3400,3620
2000-12-07,1121000,3000,3000,3800,3000,3510
2000-12-08,424200,2910,3230,3250,3230,3050
2000-12-11,512500,3180,3610,3610,3610,3230
2000-12-12,761800,3380,3610,3870,3610,3720
2000-12-13,2055000,3180,3180,4040,3180,3710
2000-12-14,508600,3090,3120,3310,3120,3280
2000-12-15,226100,2870,3010,3200,3010,3200
2000-12-18,215100,2970,3040,3210,3040,3010
2000-12-19,335700,2680,2680,3040,2680,3000
2000-12-20,237100,2360,2360,2600,2360,2600
2000-12-21,158300,2080,2090,2300,2090,2300
2000-12-22,117500,1990,2030,2190,2030,2190
2000-12-26,83900,1800,1850,2060,1850,1960
2001-01-02,55400,1780,2070,2070,2070,1780
2001-01-03,128400,2010,2300,2310,2300,2060
2001-01-04,169300,2400,2430,2530,2430,2450
2001-01-05,168900,2230,2300,2430,2300,2430
2001-01-08,124400,2200,2380,2420,2380,2200
2001-01-09,172800,2310,2480,2560,2480,2390
2001-01-10,231000,2200,2200,2640,2200,2410
2001-01-11,100600,2120,2330,2380,2330,2200
2001-01-12,159400,2330,2350,2450,2350,2330
2001-01-15,331500,2330,2430,2610,2430,2360
2001-01-16,131900,2300,2370,2430,2370,2430
2001-01-17,178000,2340,2380,2580,2380,2400
2001-01-18,194600,2400,2460,2560,2460,2450
2001-01-19,156800,2400,2410,2570,2410,2540
2001-01-22,268200,2400,2690,2690,2690,2410
2001-01-26,273900,2750,3010,3010,3010,2800
2001-01-29,102200,3300,3370,3370,3370,3370
2001-01-30,297200,3700,3770,3770,3770,3770
2001-01-31,810700,3770,4220,4220,4220,4220
2001-02-01,522700,4110,4530,4600,4530,4110
2001-02-02,285400,4230,4310,4550,4310,4500
2001-02-05,290400,4300,4600,4640,4600,4500
2001-02-06,401600,4500,5150,5150,5150,4600
2001-02-07,470200,4910,5270,5400,5270,5250
2001-02-08,392800,4860,5400,5900,5400,5270
2001-02-09,271300,5220,6040,6040,6040,5390
2001-02-12,121900,6500,6760,6760,6760,6740
2001-02-13,73900,7200,7570,7570,7570,7570
2001-02-14,606300,7760,8470,8470,8470,7900
2001-02-15,349700,8250,9480,9480,9480,8570
2001-02-16,394100,9600,10600,10600,10600,9600
2001-02-19,1110800,9350,10100,11350,10100,10600
2001-02-20,536800,10100,11300,11300,11300,10400
2001-02-21,850300,10650,12650,12650,12650,11600
2001-02-22,1181500,11150,11150,13700,11150,12700
2001-02-23,13400,9850,9850,9850,9850,9850
2001-02-26,1429500,8670,8800,9340,8800,8670
2001-02-27,730600,7750,7750,9100,7750,8800
2001-02-28,75000,6820,6820,6820,6820,6820
2001-03-02,2110300,6010,6010,6940,6010,6430
2001-03-05,1799300,5610,6070,6650,6070,5900
2001-03-06,1302400,5350,5350,6550,5350,6300
2001-03-07,2183900,5170,5650,5850,5650,5450
2001-03-08,1610200,5620,5950,6240,5950,5780
2001-03-09,759600,5240,5290,5910,5290,5900
2001-03-12,716400,4690,4800,5520,4800,5310
2001-03-13,661300,4230,4970,4970,4970,4430
2001-03-15,2121300,5350,5660,6180,5660,5640
2001-03-16,851400,5040,5480,6100,5480,5830
2001-03-19,437700,5190,5200,5610,5200,5600
2001-03-20,1169000,5170,5300,5820,5300,5210
2001-03-21,1354200,5120,5930,5930,5930,5150
2001-03-22,457800,6340,6640,6640,6640,6370
2001-03-23,2223900,5850,5850,7290,5850,7290
2001-03-26,732300,5170,5320,5880,5320,5850
2001-03-27,563900,5330,5390,5750,5390,5430
2001-03-28,543500,4950,5000,5500,5000,5320
2001-03-29,386700,4510,4570,5000,4570,4820
2001-03-30,383000,4200,4410,4800,4410,4610
2001-04-02,758300,4410,4930,4930,4930,4410
2001-04-03,414800,4380,4440,4910,4440,4910
2001-04-04,237600,4100,4400,4400,4400,4170
2001-04-06,436200,4440,4880,4920,4880,4460
2001-04-09,645600,4330,4380,4960,4380,4870
2001-04-10,501200,4320,4360,4720,4360,4520
2001-04-11,256300,4330,4430,4510,4430,4510
2001-04-12,627100,4320,4960,4960,4960,4320
2001-04-13,1144400,4820,4900,5370,4900,5300
2001-04-16,350900,4450,4550,4980,4550,4800
2001-04-17,378400,4600,4610,4850,4610,4700
2001-04-18,418900,4590,4720,4810,4720,4610
2001-04-19,448300,4660,4660,5050,4660,4810
2001-04-20,395700,4640,4730,4950,4730,4840
2001-04-23,379700,4700,4850,4930,4850,4840
2001-04-24,889300,4960,5430,5430,5430,4990
2001-04-25,1033000,5010,5130,5600,5130,5540
2001-04-26,1033000,5010,5130,5600,5130,5540
2001-04-27,442400,4720,4850,5250,4850,5120
2001-04-30,282700,4780,4910,4970,4910,4810
2001-05-02,522200,4800,5010,5300,5010,4910
2001-05-03,237700,4820,4850,5100,4850,4990
2001-05-04,157500,4720,4830,4910,4830,4750
2001-05-07,287400,4770,4970,4990,4970,4900
2001-05-08,444700,4900,4920,5250,4920,5090
2001-05-09,256400,4790,4810,5100,4810,4950
2001-05-10,381800,4700,5210,5250,5210,4730
2001-05-11,962600,5050,5420,5560,5420,5360
2001-05-14,984300,5420,5520,5850,5520,5600
2001-05-15,318700,5050,5050,5500,5050,5500
2001-05-16,200200,4880,4880,5150,4880,5050
2001-05-17,219200,4900,4970,5070,4970,4950
2001-05-18,129500,4820,4900,5070,4900,4950
2001-05-21,176200,4820,4940,4980,4940,4850
2001-05-22,502400,4900,5150,5370,5150,4950
2001-05-23,210200,4970,5020,5180,5020,5110
2001-05-24,206400,5150,5620,5620,5620,5150
2001-05-25,1607600,5720,6000,6290,6000,6290
2001-05-28,479400,5600,6250,6250,6250,6090
2001-05-29,1192300,6010,6010,7000,6010,6700
2001-05-30,483200,5760,6130,6410,6130,5900
2001-05-31,262000,5600,5640,6070,5640,6000
2001-06-01,260300,5430,5550,5750,5550,5600
2001-06-04,440700,5550,6210,6210,6210,5550
2001-06-05,1754000,6230,6500,6950,6500,6370
2001-06-07,1753500,6700,7280,7280,7280,7000
2001-06-08,1569700,6550,6940,7990,6940,7280
2001-06-11,1179100,7300,7770,7770,7770,7350
2001-06-12,1718400,7550,7870,8640,7870,8000
2001-06-13,836800,7130,7130,8150,7130,7900
2001-06-14,640400,6860,7150,7360,7150,7150
2001-06-15,270800,6810,6850,7140,6850,7140
2001-06-18,710100,6670,7400,7610,7400,6800
2001-06-19,582900,7250,7280,7800,7280,7510
2001-06-20,334100,6500,6790,7570,6790,7570
2001-06-21,274800,6720,6910,7000,6910,6850
2001-06-22,902900,6670,7500,7700,7500,6910
2001-06-25,589300,6950,7000,7750,7000,7700
2001-06-26,422900,6160,6180,7140,6180,7000
2001-06-27,207900,5810,5870,6330,5870,5900
2001-06-28,251800,5710,6030,6180,6030,5740
2001-06-29,163800,5820,5900,6110,5900,6030
2001-07-02,258800,5900,6120,6280,6120,5900
2001-07-03,160200,6060,6120,6250,6120,6190
2001-07-04,203000,5930,6000,6240,6000,6130
2001-07-05,185100,5940,6030,6240,6030,5950
2001-07-06,154900,5700,5700,5970,5700,5900
2001-07-09,162200,5020,5020,5500,5020,5500
2001-07-10,198000,4960,5060,5300,5060,5080
2001-07-11,247400,4460,4460,4760,4460,4520
2001-07-12,239900,4520,4780,4840,4780,4590
2001-07-13,164800,4380,4450,4980,4450,4900
2001-07-16,137200,4470,4500,4730,4500,4610
2001-07-18,95100,4030,4050,4580,4050,4550
2001-07-19,110800,3900,4070,4150,4070,4000
2001-07-20,111800,4080,4130,4270,4130,4210
2001-07-23,81400,3640,3640,4150,3640,4150
2001-07-24,114500,3240,3640,3700,3640,3440
2001-07-25,173800,3450,3900,4050,3900,3450
2001-07-26,146400,3920,4000,4150,4000,4010
2001-07-27,139400,3950,4040,4150,4040,4150
2001-07-30,125300,3920,4350,4350,4350,4060
2001-07-31,196100,4200,4380,4460,4380,4200
2001-08-01,185100,4300,4530,4690,4530,4400
2001-08-02,146800,4460,4570,4760,4570,4600
2001-08-03,100300,4460,4600,4700,4600,4600
2001-08-06,80800,4450,4510,4650,4510,4600
2001-08-07,103800,4400,4500,4650,4500,4450
2001-08-08,70100,4330,4330,4530,4330,4530
2001-08-09,66700,4100,4180,4330,4180,4330
2001-08-10,55300,4120,4220,4320,4220,4120
2001-08-13,51700,4150,4190,4270,4190,4160
2001-08-14,79100,4190,4210,4320,4210,4320
2001-08-16,57700,4110,4140,4240,4140,4240
2001-08-17,57300,4060,4090,4230,4090,4150
2001-08-20,72900,3830,3930,4000,3930,3830
2001-08-21,706900,3930,4400,4400,4400,3930
2001-08-22,561500,4250,4390,4550,4390,4400
2001-08-23,727800,4350,4560,4820,4560,4500
2001-08-24,247200,4070,4200,4670,4200,4580
2001-08-27,170700,4030,4190,4330,4190,4030
2001-08-28,261200,4200,4320,4420,4320,4250
2001-08-29,349700,4120,4130,4550,4130,4400
2001-08-30,188500,3850,3900,4270,3900,4200
2001-08-31,147000,3440,3500,3780,3500,3720
2001-09-03,140900,3350,3420,3620,3420,3410
2001-09-04,163600,3300,3510,3660,3510,3300
2001-09-05,69000,3420,3480,3620,3480,3430
2001-09-06,111800,3450,3500,3650,3500,3450
2001-09-07,124800,3380,3480,3610,3480,3460
2001-09-10,144200,3460,3500,3660,3500,3510
2001-09-11,68300,3920,3920,3920,3920,3920
2001-09-12,1037000,3450,3450,4090,3450,3450
2001-09-13,579300,3500,3860,3860,3860,3560
2001-09-14,398400,3400,3400,3900,3400,3900
2001-09-17,302200,3000,3000,3380,3000,3110
2001-09-18,235600,3000,3110,3300,3110,3300
2001-09-19,452500,3040,3100,3380,3100,3040
2001-09-20,232300,2750,2800,3230,2800,3100
2001-09-21,239200,2510,2650,2890,2650,2800
2001-09-25,302100,2750,2780,3080,2780,3050
2001-09-26,165800,2710,2800,2890,2800,2850
2001-09-27,221200,2780,2920,3050,2920,2840
2001-10-04,222800,3020,3130,3180,3130,3100
2001-10-05,282500,3050,3170,3310,3170,3130
2001-10-08,142200,3010,3220,3250,3220,3100
2001-10-09,150800,3230,3390,3430,3390,3230
2001-10-10,151600,3350,3390,3550,3390,3420
2001-10-11,194200,3380,3380,3590,3380,3390
2001-10-12,645900,3380,3780,3780,3780,3420
2001-10-15,337500,3500,3630,3710,3630,3500
2001-10-16,226900,3550,3580,3700,3580,3700
2001-10-17,268300,3600,3600,3790,3600,3700
2001-10-18,624300,3450,3890,3920,3890,3500
2001-10-19,335700,3670,3730,3900,3730,3880
2001-10-22,418200,3700,3890,3970,3890,3700
2001-10-23,968100,3780,3900,4230,3900,3950
2001-10-24,286600,3770,3770,4060,3770,3950
2001-10-25,152400,3750,3750,3890,3750,3770
2001-10-26,159100,3650,3680,3820,3680,3670
2001-10-29,87400,3550,3550,3750,3550,3680
2001-10-30,96000,3300,3360,3650,3360,3570
2001-10-31,135900,3310,3370,3450,3370,3320
2001-11-01,132000,3400,3440,3500,3440,3420
2001-11-02,138700,3440,3460,3600,3460,3540
2001-11-05,74400,3450,3500,3550,3500,3480
2001-11-06,198200,3500,3670,3740,3670,3500
2001-11-07,140200,3520,3520,3760,3520,3720
2001-11-08,77200,3510,3510,3600,3510,3530
2001-11-12,89300,3410,3460,3540,3460,3430
2001-11-13,111700,3320,3400,3550,3400,3460
2001-11-14,142500,3400,3460,3600,3460,3410
2001-11-15,313600,3540,3600,3760,3600,3580
2001-11-16,106300,3410,3450,3640,3450,3600
2001-11-19,114900,3420,3590,3640,3590,3450
2001-11-20,143600,3540,3670,3700,3670,3620
2001-11-21,752300,3700,3820,4100,3820,3730
2001-11-22,184500,3630,3640,3900,3640,3900
2001-11-23,168900,3520,3540,3670,3540,3570
2001-11-26,159600,3450,3540,3610,3540,3540
2001-11-27,123300,3430,3450,3640,3450,3510
2001-11-28,143000,3430,3440,3630,3440,3500
2001-11-29,60300,3360,3390,3450,3390,3430
2001-11-30,86400,3370,3390,3450,3390,3450
2001-12-03,144300,3440,3450,3580,3450,3460
2001-12-04,255600,3450,3600,3790,3600,3450
2001-12-05,265400,3540,3670,3930,3670,3640
2001-12-06,218100,3450,3450,3720,3450,3700
2001-12-07,100600,3420,3450,3530,3450,3450
2001-12-10,83200,3420,3440,3510,3440,3450
2001-12-11,116900,3410,3510,3640,3510,3410
2001-12-12,59600,3450,3450,3580,3450,3480
2001-12-13,91100,3450,3540,3590,3540,3450
2001-12-14,112100,3470,3630,3630,3630,3500
2001-12-17,826300,3680,4060,4060,4060,3700
2001-12-18,299800,3600,3680,4200,3680,4200
2001-12-19,196600,3300,3410,3760,3410,3750
2001-12-20,112800,3370,3400,3500,3400,3500
2001-12-21,97800,3350,3350,3470,3350,3390
2001-12-24,84500,3190,3200,3380,3200,3280
2001-12-26,71700,3050,3190,3270,3190,3130
2001-12-27,21200,3160,3260,3340,3260,3160
2001-12-28,44800,3260,3430,3460,3430,3260
2002-01-02,67600,3500,3550,3670,3550,3500
2002-01-04,74200,3400,3530,3530,3530,3410
2002-01-07,45900,3500,3570,3670,3570,3530
2002-01-08,88000,3600,3690,3780,3690,3600
2002-01-09,91500,3530,3560,3760,3560,3710
2002-01-10,206300,3480,3880,3970,3880,3560
2002-01-11,99100,4070,4340,4340,4340,4070
2002-01-14,476700,4560,4850,4860,4850,4860
2002-01-15,410900,4280,4400,4800,4400,4800
2002-01-16,165900,4510,4920,4920,4920,4700
2002-01-17,713800,4350,4400,5470,4400,5470
2002-01-18,362600,3940,4060,4400,4060,4340
2002-01-21,198900,4010,4040,4300,4040,4100
2002-01-22,339600,3950,4100,4220,4100,3960
2002-01-23,196200,4000,4100,4310,4100,4000
2002-01-24,212900,3960,4020,4210,4020,4150
2002-01-25,258800,3950,4090,4210,4090,3980
2002-01-28,402700,4150,4580,4580,4580,4150
2002-01-29,219700,4350,4430,4780,4430,4580
2002-01-30,153000,4110,4120,4350,4120,4350
2002-02-01,294400,4350,4660,4750,4660,4450
2002-02-04,320200,4110,4110,4850,4110,4800
2002-02-05,265000,3620,3870,3900,3870,3850
2002-02-06,142300,3660,3700,3950,3700,3800
2002-02-07,148100,3500,3550,3810,3550,3610
2002-02-08,74100,3410,3580,3600,3580,3410
2002-02-14,134800,3590,3620,3780,3620,3780
2002-02-15,72100,3570,3620,3680,3620,3620
2002-02-18,62000,3600,3620,3700,3620,3620
2002-02-19,58600,3610,3640,3720,3640,3700
2002-02-20,62700,3210,3490,3600,3490,3210
2002-02-21,59800,3410,3420,3550,3420,3500
2002-02-22,61800,3330,3350,3480,3350,3420
2002-02-25,110600,3360,3580,3630,3580,3400
2002-02-26,61200,3450,3450,3650,3450,3600
2002-02-27,55100,3430,3510,3600,3510,3450
2002-02-28,56100,3460,3480,3590,3480,3550
2002-03-04,252800,3460,3890,3890,3890,3510
2002-03-05,399700,3720,3730,4210,3730,4050
2002-03-06,113300,3570,3620,3730,3620,3720
2002-03-07,79900,3650,3650,3760,3650,3660
2002-03-08,82000,3640,3670,3760,3670,3640
2002-03-11,158500,3670,3750,3860,3750,3790
2002-03-12,83600,3650,3660,3830,3660,3740
2002-03-13,92900,3630,3700,3820,3700,3700
2002-03-14,142000,3680,3890,3950,3890,3700
2002-03-15,131700,3750,3770,3920,3770,3870
2002-03-18,117200,3760,3880,3920,3880,3800
2002-03-19,57100,3820,3840,3930,3840,3890
2002-03-20,151100,3740,3740,3890,3740,3890
2002-03-21,414100,3680,3880,4090,3880,3680
2002-03-22,505200,3920,3980,4290,3980,4000
2002-03-25,131500,3730,3750,4000,3750,3980
2002-03-26,116100,3560,3580,3840,3580,3750
2002-03-27,72000,3590,3610,3730,3610,3650
2002-03-28,90200,3580,3590,3680,3590,3600
2002-03-29,46900,3550,3580,3640,3580,3590
2002-04-01,56700,3500,3500,3690,3500,3650
2002-04-02,63500,3400,3470,3580,3470,3500
2002-04-03,77400,3330,3350,3470,3350,3430
2002-04-04,49300,3320,3390,3420,3390,3350
2002-04-08,42000,3380,3390,3460,3390,3450
2002-04-09,57700,3360,3360,3480,3360,3400
2002-04-10,61100,3150,3180,3380,3180,3340
2002-04-11,26200,3180,3230,3320,3230,3180
2002-04-12,25800,3180,3250,3300,3250,3180
2002-04-15,17900,3220,3300,3330,3300,3220
2002-04-16,32600,3250,3250,3310,3250,3310
2002-04-17,47600,3240,3240,3340,3240,3290
2002-04-18,173600,3210,3400,3530,3400,3250
2002-04-19,68000,3320,3390,3540,3390,3440
2002-04-22,85700,3000,3100,3490,3100,3490
2002-04-23,61800,2900,2910,3010,2910,3000
2002-04-24,54000,2850,2860,3010,2860,2900
2002-04-25,34800,2600,2710,2810,2710,2710
2002-04-26,20300,2650,2740,2760,2740,2650
2002-04-29,26400,2670,2670,2830,2670,2740
2002-04-30,28800,2530,2550,2670,2550,2620
2002-05-02,40300,2600,2700,2850,2700,2600
2002-05-03,181700,2660,3020,3020,3020,2700
2002-05-06,261600,3010,3020,3320,3020,3120
2002-05-07,95200,2810,2850,3150,2850,3150
2002-05-08,60200,2800,2850,2950,2850,2900
2002-05-09,37300,2740,2750,2920,2750,2870
2002-05-10,133800,2680,2860,2960,2860,2680
2002-05-13,100700,3150,3200,3200,3200,3200
2002-05-14,136700,2920,2980,3150,2980,3060
2002-05-15,59600,2840,2870,3020,2870,2980
2002-05-16,52700,2800,2820,2960,2820,2920
2002-05-17,44500,2770,2880,2900,2880,2770
2002-05-20,150300,2810,2880,3120,2880,3000
2002-05-21,67800,2800,2800,2950,2800,2870
2002-05-22,34000,2760,2840,2850,2840,2800
2002-05-23,51900,2700,2710,2840,2710,2760
2002-05-24,45600,2710,2720,2860,2720,2710
2002-05-27,24700,2650,2650,2740,2650,2670
2002-05-28,14500,2500,2590,2770,2590,2660
2002-05-29,25600,2520,2540,2640,2540,2590
2002-05-30,18400,2490,2540,2640,2540,2540
2002-05-31,18200,2500,2510,2590,2510,2520
2002-06-03,33700,2520,2520,2770,2520,2610
2002-06-04,19200,2420,2540,2550,2540,2420
2002-06-05,21100,2500,2510,2600,2510,2500
2002-06-07,10900,2450,2520,2520,2520,2500
2002-06-10,11600,2510,2520,2590,2520,2550
2002-06-11,10500,2500,2540,2570,2540,2520
2002-06-12,9600,2510,2540,2590,2540,2560
2002-06-14,8300,2490,2510,2630,2510,2500
2002-06-17,13500,2500,2500,2560,2500,2510
2002-06-18,13200,2510,2510,2560,2510,2520
2002-06-19,22300,2230,2230,2490,2230,2470
2002-06-20,9700,2140,2250,2260,2250,2250
2002-06-21,10400,2150,2180,2250,2180,2250
2002-06-24,19400,2000,2100,2180,2100,2150
2002-06-25,20700,2020,2030,2200,2030,2080
2002-06-26,31100,1790,1800,1940,1800,1910
2002-06-27,16000,1810,1960,1970,1960,1810
2002-06-28,13400,1910,2060,2100,2060,1910
2002-07-02,8300,1960,2060,2060,2060,1960
2002-07-03,11100,2030,2100,2100,2100,2070
2002-07-04,12100,2050,2190,2250,2190,2050
2002-07-05,29200,2130,2200,2200,2200,2190
2002-07-08,35900,2150,2160,2370,2160,2260
2002-07-09,7600,2100,2200,2220,2200,2100
2002-07-10,33000,2150,2270,2300,2270,2170
2002-07-11,8900,2200,2260,2270,2260,2270
2002-07-12,12400,2220,2270,2290,2270,2270
2002-07-15,6500,2200,2260,2270,2260,2220
2002-07-16,8700,2070,2200,2240,2200,2130
2002-07-18,32600,2180,2270,2290,2270,2190
2002-07-19,29100,2150,2210,2280,2210,2280
2002-07-22,37200,2080,2100,2150,2100,2100
2002-07-23,28100,2100,2220,2220,2220,2100
2002-07-24,7400,2130,2220,2250,2220,2250
2002-07-25,382500,2220,2450,2480,2450,2260
2002-07-26,270500,2490,2490,2740,2490,2580
2002-07-29,83800,2210,2250,2500,2250,2500
2002-07-30,53700,2240,2260,2380,2260,2270
2002-07-31,45100,2260,2280,2390,2280,2260
2002-08-01,88200,2320,2380,2530,2380,2380
2002-08-02,46500,2300,2300,2480,2300,2450
2002-08-05,38900,2080,2160,2280,2160,2280
2002-08-06,17800,2050,2180,2200,2180,2050
2002-08-07,21700,2130,2190,2250,2190,2180
2002-08-08,13200,2140,2170,2220,2170,2140
2002-08-09,13400,2160,2250,2250,2250,2160
2002-08-12,36800,2150,2280,2280,2280,2150
2002-08-13,48400,2360,2360,2540,2360,2540
2002-08-14,16500,2210,2260,2380,2260,2330
2002-08-16,23900,2240,2240,2330,2240,2330
2002-08-19,19000,2190,2240,2290,2240,2260
2002-08-20,13300,2210,2320,2320,2320,2220
2002-08-21,23600,2230,2290,2310,2290,2300
2002-08-22,45900,2250,2360,2440,2360,2300
2002-08-26,12700,2250,2250,2390,2250,2300
2002-08-27,11300,2220,2250,2270,2250,2250
2002-08-28,12900,2200,2270,2280,2270,2250
2002-08-29,11900,2220,2320,2320,2320,2230
2002-08-30,18700,2260,2330,2340,2330,2320
2002-09-02,94300,2280,2500,2540,2500,2330
2002-09-03,126400,2440,2540,2650,2540,2530
2002-09-04,85700,2510,2560,2700,2560,2550
2002-09-05,248600,2530,2860,2860,2860,2530
2002-09-06,285200,2900,3200,3200,3200,2900
2002-09-09,276300,2820,2820,3430,2820,3260
2002-09-10,247200,2490,2510,2640,2510,2490
2002-09-11,95700,2350,2450,2650,2450,2650
2002-09-12,117200,2330,2430,2520,2430,2370
2002-09-13,70100,2300,2300,2430,2300,2430
2002-09-16,40800,2260,2380,2390,2380,2360
2002-09-17,60000,2260,2270,2430,2270,2380
2002-09-18,68200,2180,2290,2290,2290,2210
2002-09-19,30200,2220,2250,2290,2250,2270
2002-09-23,33400,2190,2200,2280,2200,2220
2002-09-24,31000,2020,2100,2150,2100,2150
2002-09-25,31000,1960,1970,2140,1970,2100
2002-09-26,37600,1970,1980,2080,1980,2000
2002-09-27,21900,1930,1990,2040,1990,2000
2002-09-30,28100,1870,2020,2140,2020,1900
2002-10-01,74700,1920,2260,2260,2260,1980
2002-10-02,144500,2110,2110,2370,2110,2360
2002-10-04,90200,1960,2000,2210,2000,2130
2002-10-07,50200,1960,2050,2110,2050,1960
2002-10-08,62500,1990,2050,2120,2050,1990
2002-10-09,49700,1960,2020,2130,2020,2090
2002-10-10,54300,1800,1800,2040,1800,1970
2002-10-11,44500,1750,1800,1870,1800,1830
2002-10-14,23500,1800,1860,1890,1860,1800
2002-10-15,32300,1840,1900,1940,1900,1840
2002-10-16,21400,1840,1900,1950,1900,1920
2002-10-17,22100,1870,1890,1940,1890,1910
2002-10-18,30400,1880,1930,1960,1930,1890
2002-10-21,26800,1900,1930,1950,1930,1930
2002-10-22,25700,1920,1940,1990,1940,1970
2002-10-23,26100,1940,2040,2070,2040,1970
2002-10-24,26100,1930,1990,2100,1990,2020
2002-10-25,26900,1840,1930,1960,1930,1840
2002-10-28,7500,1930,1940,1970,1940,1950
2002-10-29,30700,1900,1940,1950,1940,1950
2002-10-30,27200,1900,1930,1960,1930,1920
2002-10-31,30600,1900,1940,1940,1940,1920
2002-11-01,16500,1910,1920,1950,1920,1940
2002-11-04,31100,1900,1930,2000,1930,1940
2002-11-05,16800,1930,1930,1970,1930,1940
2002-11-06,260200,1920,2160,2160,2160,1920
2002-11-07,384900,1960,1980,2250,1980,2230
2002-11-08,55300,1860,1930,2050,1930,2050
2002-11-11,81000,1810,1810,1940,1810,1910
2002-11-12,72900,1770,1850,1900,1850,1770
2002-11-13,24300,1830,1830,1890,1830,1880
2002-11-14,31000,1820,1860,1860,1860,1820
2002-11-15,20000,1850,1860,1900,1860,1850
2002-11-18,15400,1830,1850,1900,1850,1900
2002-11-19,21900,1850,1860,1880,1860,1850
2002-11-20,90500,1870,1880,2070,1880,2070
2002-11-21,43000,1890,1930,1950,1930,1890
2002-11-22,30800,1890,1960,2000,1960,1930
2002-11-25,20600,1910,1930,1980,1930,1920
2002-11-26,18700,1860,1920,1930,1920,1860
2002-11-27,240500,1920,2150,2150,2150,1920
2002-11-28,342000,2210,2400,2400,2400,2250
2002-11-29,847600,2240,2680,2680,2680,2500
2002-12-03,341800,2550,2660,2850,2660,2670
2002-12-04,417800,2350,2350,2800,2350,2660
2002-12-05,372600,2070,2070,2240,2070,2210
2002-12-06,257500,2100,2220,2260,2220,2110
2002-12-09,292700,2170,2250,2400,2250,2220
2002-12-10,92800,2140,2160,2220,2160,2210
2002-12-11,96000,2060,2070,2200,2070,2140
2002-12-12,70400,2030,2060,2130,2060,2040
2002-12-13,107000,2050,2150,2220,2150,2060
2002-12-16,128800,2150,2180,2300,2180,2180
2002-12-17,138400,2130,2150,2250,2150,2210
2002-12-18,42200,2100,2100,2180,2100,2100
2002-12-20,58000,2050,2060,2170,2060,2050
2002-12-23,101200,1860,1890,2160,1890,2100
2002-12-24,42100,1800,1900,1950,1900,1950
2002-12-26,51800,1850,1970,2000,1970,1850
2002-12-27,22600,1890,1900,1960,1900,1920
2002-12-30,40700,1810,1870,1920,1870,1830
2003-01-02,12600,1880,2010,2060,2010,2060
2003-01-03,46300,1910,1940,2100,1940,2010
2003-01-06,22100,1940,1970,2040,1970,1950
2003-01-07,16400,1940,1940,2020,1940,2000
2003-01-08,32600,1920,1970,2060,1970,1920
2003-01-09,44700,1930,2060,2060,2060,1930
2003-01-10,31200,1940,1990,2140,1990,2080
2003-01-13,35000,1970,1980,2030,1980,1970
2003-01-14,60400,1990,2120,2120,2120,1990
2003-01-15,23600,2040,2050,2100,2050,2100
2003-01-16,19600,2000,2060,2120,2060,2040
2003-01-17,38900,2030,2080,2150,2080,2030
2003-01-20,231900,2150,2320,2320,2320,2160
2003-01-21,224500,2090,2090,2410,2090,2350
2003-01-22,81300,1930,1940,2120,1940,2100
2003-01-23,35900,1920,1940,2020,1940,1920
2003-01-24,58800,1870,1870,1980,1870,1940
2003-01-27,42100,1770,1880,1880,1880,1810
2003-01-28,30300,1830,1860,1940,1860,1880
2003-01-29,47100,1750,1800,1920,1800,1840
2003-01-30,20000,1760,1800,1820,1800,1760
2003-02-03,30500,1760,1790,1830,1790,1760
2003-02-04,50100,1790,1980,1980,1980,1790
2003-02-05,43400,1860,1890,1950,1890,1930
2003-02-06,27500,1850,1880,1930,1880,1870
2003-02-07,15000,1800,1820,1870,1820,1850
2003-02-10,22200,1780,1820,1830,1820,1780
2003-02-11,39600,1740,1790,1860,1790,1840
2003-02-12,41000,1760,1800,1810,1800,1780
2003-02-13,41000,1780,1830,1990,1830,1810
2003-02-14,42500,1810,1890,1910,1890,1810
2003-02-17,36300,1920,1950,1950,1950,1920
2003-02-18,17100,1870,1890,1930,1890,1930
2003-02-19,27100,1900,1910,1970,1910,1900
2003-02-20,5900,1900,1930,1950,1930,1950
2003-02-21,8200,1850,1880,1920,1880,1920
2003-02-24,16100,1880,1890,1930,1890,1880
2003-02-25,4700,1840,1840,1900,1840,1900
2003-02-26,25600,1820,1830,1890,1830,1820
2003-02-27,1400,1800,1840,1850,1840,1800
2003-02-28,6300,1800,1840,1880,1840,1830
2003-03-03,12800,1770,1810,1840,1810,1770
2003-03-04,18600,1770,1830,1900,1830,1900
2003-03-05,19400,1730,1740,1820,1740,1800
2003-03-06,16200,1650,1700,1790,1700,1770
2003-03-07,25200,1540,1550,1680,1550,1680
2003-03-10,32700,1400,1410,1570,1410,1480
2003-03-11,14200,1320,1440,1440,1440,1340
2003-03-12,4700,1440,1590,1600,1590,1440
2003-03-13,11400,1500,1580,1610,1580,1500
2003-03-14,300,1540,1710,1740,1710,1610
2003-03-17,12100,1510,1550,1640,1550,1520
2003-03-18,7600,1510,1680,1690,1680,1540
2003-03-19,115000,1610,1620,1810,1620,1740
2003-03-20,45700,1630,1690,1710,1690,1680
2003-03-21,38400,1660,1690,1750,1690,1750
2003-03-24,32800,1650,1670,1760,1670,1730
2003-03-25,23300,1580,1600,1660,1600,1630
2003-03-26,29900,1450,1470,1670,1470,1620
2003-03-27,20400,1440,1520,1560,1520,1560
2003-03-28,13800,1500,1500,1590,1500,1560
2003-03-31,1500,1450,1500,1550,1500,1550
2003-04-01,8300,1420,1500,1500,1500,1450
2003-04-02,31400,1450,1480,1490,1480,1480
2003-04-03,15500,1500,1500,1550,1500,1520
2003-04-04,27300,1450,1530,1530,1530,1500
2003-04-07,31100,1520,1600,1640,1600,1520
2003-04-08,20800,1550,1580,1600,1580,1550
2003-04-09,3600,1550,1550,1650,1550,1560
2003-04-10,22800,1580,1590,1680,1590,1580
2003-04-11,16700,1590,1620,1670,1620,1670
2003-04-14,7000,1620,1660,1660,1660,1630
2003-04-15,15200,1660,1700,1700,1700,1690
2003-04-16,21200,1650,1680,1730,1680,1720
2003-04-17,14000,1660,1700,1700,1700,1670
2003-04-18,9400,1660,1680,1720,1680,1720
2003-04-21,20100,1650,1720,1740,1720,1700
2003-04-22,15200,1650,1720,1720,1720,1720
2003-04-23,24000,1630,1660,1740,1660,1720
2003-04-24,14600,1650,1670,1680,1670,1680
2003-04-25,7500,1530,1590,1630,1590,1630
2003-04-28,8300,1510,1540,1590,1540,1510
2003-04-29,11500,1540,1650,1660,1650,1640
2003-04-30,2700,1570,1640,1650,1640,1650
2003-05-02,11800,1540,1600,1620,1600,1590
2003-05-06,11600,1570,1610,1610,1610,1610
2003-05-07,3800,1590,1600,1630,1600,1590
2003-05-09,5900,1590,1630,1630,1630,1620
2003-05-12,21400,1630,1690,1720,1690,1640
2003-05-13,9900,1660,1690,1720,1690,1710
2003-05-14,7300,1620,1640,1700,1640,1700
2003-05-15,22200,1620,1670,1690,1670,1650
2003-05-16,4200,1630,1660,1700,1660,1700
2003-05-19,13900,1590,1640,1710,1640,1710
2003-05-20,8800,1600,1660,1660,1660,1600
2003-05-21,285500,1730,1750,1850,1750,1800
2003-05-22,110300,1630,1630,1750,1630,1710
2003-05-23,38300,1620,1660,1680,1660,1630
2003-05-26,35100,1660,1690,1720,1690,1660
2003-05-27,35500,1610,1620,1700,1620,1610
2003-05-28,36000,1620,1650,1690,1650,1640
2003-05-29,20200,1600,1630,1660,1630,1650
2003-05-30,45500,1600,1670,1680,1670,1630
2003-06-02,20200,1650,1670,1700,1670,1700
2003-06-03,62000,1670,1700,1790,1700,1690
2003-06-04,16300,1670,1700,1740,1700,1700
2003-06-05,37400,1670,1710,1730,1710,1680
2003-06-09,25200,1660,1690,1750,1690,1680
2003-06-10,40000,1630,1670,1690,1670,1670
2003-06-11,29900,1650,1690,1690,1690,1660
2003-06-12,22800,1640,1680,1690,1680,1690
2003-06-13,25600,1650,1670,1750,1670,1660
2003-06-16,16500,1640,1670,1690,1670,1670
2003-06-17,25600,1660,1690,1730,1690,1660
2003-06-18,24800,1660,1700,1730,1700,1660
2003-06-19,25300,1670,1710,1730,1710,1700
2003-06-20,48300,1710,1710,1790,1710,1730
2003-06-23,97500,1690,1790,1890,1790,1710
2003-06-24,267400,1790,1810,2000,1810,1790
2003-06-25,126100,1720,1730,1870,1730,1830
2003-06-26,73500,1690,1700,1760,1700,1740
2003-06-27,55200,1700,1760,1760,1760,1700
2003-06-30,64100,1690,1690,1780,1690,1720
2003-07-01,43200,1660,1710,1720,1710,1660
2003-07-02,27600,1680,1690,1730,1690,1700
2003-07-03,81400,1700,1780,1870,1780,1700
2003-07-04,34200,1750,1760,1830,1760,1750
2003-07-07,41000,1760,1820,1840,1820,1830
2003-07-08,32600,1740,1770,1820,1770,1820
2003-07-09,15600,1750,1770,1790,1770,1750
2003-07-10,21500,1750,1820,1840,1820,1750
2003-07-11,27900,1770,1850,1850,1850,1800
2003-07-14,26300,1800,1810,1880,1810,1850
2003-07-15,42600,1740,1740,1830,1740,1830
2003-07-16,15900,1710,1770,1770,1770,1740
2003-07-18,20400,1680,1680,1760,1680,1710
2003-07-21,40000,1590,1620,1680,1620,1670
2003-07-22,3200,1620,1650,1655,1650,1620
2003-07-23,16200,1630,1650,1720,1650,1680
2003-07-24,16100,1630,1650,1690,1650,1630
2003-07-25,7400,1630,1650,1680,1650,1630
2003-07-28,5100,1640,1680,1700,1680,1650
2003-07-29,2500,1650,1650,1685,1650,1655
2003-07-30,6900,1670,1730,1820,1730,1700
2003-07-31,1600,1680,1690,1725,1690,1705
2003-08-01,700,1660,1695,1720,1695,1720
2003-08-04,9100,1610,1650,1720,1650,1625
2003-08-05,1000,1640,1670,1680,1670,1680
2003-08-06,5000,1620,1660,1670,1660,1630
2003-08-07,5300,1620,1640,1640,1640,1635
2003-08-08,9400,1630,1660,1660,1660,1630
2003-08-11,3800,1630,1670,1690,1670,1690
2003-08-12,3400,1635,1670,1680,1670,1670
2003-08-13,7200,1625,1655,1665,1655,1635
2003-08-14,5600,1600,1630,1670,1630,1670
2003-08-18,48700,1630,1720,1815,1720,1640
2003-08-19,11800,1640,1680,1710,1680,1695
2003-08-20,11200,1625,1630,1680,1630,1680
2003-08-21,29700,1635,1645,1685,1645,1635
2003-08-22,4200,1640,1685,1685,1685,1650
2003-08-25,7900,1625,1630,1675,1630,1660
2003-08-26,20800,1580,1650,1665,1650,1580
2003-08-27,12100,1590,1600,1655,1600,1590
2003-08-28,14100,1580,1585,1610,1585,1610
2003-08-29,4100,1580,1595,1640,1595,1640
2003-09-01,8000,1580,1590,1685,1590,1685
2003-09-02,14900,1575,1580,1630,1580,1595
2003-09-03,10900,1570,1600,1610,1600,1570
2003-09-04,12800,1560,1600,1610,1600,1560
2003-09-05,11500,1530,1570,1590,1570,1570
2003-09-08,5400,1530,1530,1550,1530,1550
2003-09-09,10800,1500,1500,1555,1500,1520
2003-09-15,4900,1485,1500,1530,1500,1510
2003-09-16,4200,1490,1510,1510,1510,1500
2003-09-17,3100,1485,1560,1580,1560,1485
2003-09-18,3400,1495,1495,1560,1495,1535
2003-09-19,1900,1510,1550,1610,1550,1510
2003-09-22,5000,1470,1500,1530,1500,1530
2003-09-23,4100,1380,1450,1495,1450,1380
2003-09-24,9000,1360,1460,1500,1460,1465
2003-09-25,9500,1350,1375,1460,1375,1460
2003-09-26,2400,1360,1405,1410,1405,1405
2003-09-29,2500,1310,1400,1435,1400,1435
2003-09-30,7900,1315,1360,1480,1360,1330
2003-10-01,3700,1355,1375,1390,1375,1355
2003-10-02,7100,1340,1375,1390,1375,1340
2003-10-06,2200,1330,1380,1400,1380,1330
2003-10-07,2000,1330,1380,1380,1380,1330
2003-10-08,5000,1330,1385,1400,1385,1400
2003-10-09,4400,1330,1370,1400,1370,1380
2003-10-10,2600,1310,1380,1395,1380,1395
2003-10-13,10500,1330,1490,1490,1490,1360
2003-10-14,9500,1380,1400,1490,1400,1440
2003-10-15,6900,1340,1345,1415,1345,1385
2003-10-16,9500,1310,1325,1390,1325,1390
2003-10-17,8000,1320,1325,1355,1325,1320
2003-10-20,2700,1330,1365,1370,1365,1340
2003-10-21,2200,1330,1420,1495,1420,1410
2003-10-22,1300,1325,1405,1420,1405,1325
2003-10-23,8600,1310,1395,1450,1395,1310
2003-10-24,2400,1355,1385,1445,1385,1365
2003-10-27,8500,1350,1420,1450,1420,1350
2003-10-28,2200,1370,1375,1400,1375,1400
2003-10-29,3500,1350,1420,1490,1420,1490
2003-10-30,200,1370,1370,1425,1370,1400
2003-10-31,11700,1330,1370,1375,1370,1340
2003-11-03,3300,1335,1370,1430,1370,1370
2003-11-04,1800,1330,1365,1395,1365,1395
2003-11-05,10000,1315,1350,1365,1350,1345
2003-11-06,2600,1310,1340,1390,1340,1335
2003-11-07,7200,1315,1315,1340,1315,1340
2003-11-10,4400,1305,1350,1350,1350,1310
2003-11-11,5500,1305,1310,1350,1310,1310
2003-11-12,6600,1180,1300,1340,1300,1290
2003-11-13,59700,1280,1335,1455,1335,1280
2003-11-14,26400,1380,1460,1470,1460,1390
2003-11-17,11700,1360,1490,1490,1490,1450
2003-11-18,3500,1450,1490,1495,1490,1490
2003-11-19,3300,1390,1430,1495,1430,1495
2003-11-20,10300,1410,1410,1500,1410,1485
2003-11-21,10200,1330,1370,1440,1370,1420
2003-11-24,4800,1340,1365,1385,1365,1350
2003-11-25,1800,1360,1360,1450,1360,1450
2003-11-26,4900,1335,1430,1430,1430,1335
2003-11-27,6100,1335,1360,1425,1360,1385
2003-11-28,6200,1355,1390,1400,1390,1385
2003-12-01,4300,1370,1400,1445,1400,1390
2003-12-02,3200,1365,1365,1445,1365,1405
2003-12-03,5800,1340,1380,1440,1380,1365
2003-12-04,3700,1350,1375,1375,1375,1360
2003-12-05,8200,1325,1325,1410,1325,1410
2003-12-08,11400,1300,1400,1435,1400,1300
2003-12-09,6200,1345,1385,1415,1385,1400
2003-12-10,9500,1350,1385,1390,1385,1365
2003-12-11,1700,1340,1385,1430,1385,1430
2003-12-12,3400,1360,1375,1395,1375,1360
2003-12-15,6900,1375,1420,1430,1420,1400
2003-12-16,8300,1345,1380,1420,1380,1400
2003-12-17,1000,1370,1380,1400,1380,1400
2003-12-18,10900,1365,1440,1440,1440,1420
2003-12-19,6500,1420,1490,1490,1490,1440
2003-12-22,229500,1440,1665,1665,1665,1505
2003-12-23,496600,1720,1860,1860,1860,1780
2003-12-24,694800,1860,2080,2080,2080,1875
2003-12-26,46000,2325,2325,2325,2325,2325
2003-12-29,1257500,2050,2050,2600,2050,2590
2003-12-30,321300,1805,1805,1970,1805,1970
2004-01-02,602400,1610,1700,1785,1700,1720
2004-01-05,376300,1660,1730,1835,1730,1760
2004-01-06,220300,1535,1535,1730,1535,1675
2004-01-07,280200,1465,1480,1580,1480,1535
2004-01-08,431100,1485,1655,1655,1655,1500
2004-01-09,582800,1460,1490,1830,1490,1790
2004-01-12,376000,1375,1600,1620,1600,1530
2004-01-13,969000,1530,1790,1790,1790,1690
2004-01-14,451300,1850,2000,2000,2000,1850
2004-01-15,1577900,1820,1820,2240,1820,2200
2004-01-16,1040300,1820,1990,2035,1990,1820
2004-01-19,1031000,2000,2225,2225,2225,2030
2004-01-20,888700,1960,1960,2350,1960,2250
2004-01-26,165100,2155,2195,2195,2195,2195
2004-01-27,984400,2100,2455,2455,2455,2370
2004-01-28,886400,2350,2745,2745,2745,2350
2004-01-29,239100,2955,3070,3070,3070,3000
2004-01-30,1781700,2750,3300,3435,3300,3435
2004-02-02,725700,3300,3695,3695,3695,3400
2004-02-03,382600,3700,4135,4135,4135,4100
2004-02-04,286100,4400,4630,4630,4630,4500
2004-02-05,608600,4075,4075,5180,4075,5180
2004-02-06,94500,3590,3590,3680,3590,3590
2004-02-09,2283200,3160,4020,4020,4020,3160
2004-02-10,1005300,3540,3540,4350,3540,4080
2004-02-11,381000,3120,3120,3380,3120,3200
2004-02-12,946400,2750,2910,3290,2910,2950
2004-02-13,1138700,2930,3255,3255,3255,2940
2004-02-16,908500,2865,2865,3340,2865,3295
2004-02-17,1280000,2605,2840,3180,2840,2715
2004-02-18,667400,2670,2790,2980,2790,2870
2004-02-19,442700,2460,2460,2850,2460,2730
2004-02-20,378000,2350,2380,2660,2380,2470
2004-02-23,286200,2095,2095,2310,2095,2265
2004-02-24,1383700,1870,1930,2225,1930,1900
2004-02-25,451900,1720,1785,2020,1785,1975
2004-02-26,284700,1665,1685,1850,1685,1820
2004-02-27,386500,1565,1570,1790,1570,1650
2004-03-02,319100,1540,1630,1630,1630,1595
2004-03-03,287100,1600,1600,1670,1600,1610
2004-03-04,343500,1565,1600,1700,1600,1620
2004-03-05,122500,1535,1535,1640,1535,1620
2004-03-08,146800,1460,1480,1570,1480,1540
2004-03-09,138000,1450,1530,1560,1530,1450
2004-03-10,93300,1480,1480,1580,1480,1525
2004-03-11,244500,1440,1505,1620,1505,1455
2004-03-12,268100,1360,1415,1595,1415,1475
2004-03-15,226100,1415,1580,1580,1580,1415
2004-03-16,730000,1580,1765,1765,1765,1620
2004-03-17,647900,1670,1710,1950,1710,1830
2004-03-18,887100,1640,1915,1915,1915,1755
2004-03-19,1136800,1900,2040,2130,2040,1925
2004-03-22,87900,2280,2280,2280,2280,2280
2004-03-23,742500,2325,2500,2540,2500,2540
2004-03-24,1327200,2200,2200,2675,2200,2415
2004-03-25,883700,1940,1940,2280,1940,2225
2004-03-26,648700,1715,1750,1955,1750,1910
2004-03-29,754700,1670,1685,1880,1685,1710
2004-03-30,268200,1590,1600,1740,1600,1670
2004-03-31,352800,1570,1615,1700,1615,1600
2004-04-01,220700,1600,1610,1670,1610,1600
2004-04-02,138400,1590,1600,1680,1600,1680
2004-04-06,108300,1540,1565,1630,1565,1600
2004-04-07,411400,1540,1750,1750,1750,1540
2004-04-08,631600,1780,1850,1945,1850,1780
2004-04-09,489300,1630,1640,1920,1640,1855
2004-04-12,374500,1710,1835,1835,1835,1740
2004-04-13,1004100,1730,1840,2020,1840,1900
2004-04-14,234100,1705,1710,1840,1710,1800
2004-04-16,139500,1630,1650,1750,1650,1745
2004-04-19,375200,1590,1780,1815,1780,1590
2004-04-20,402600,1710,1735,1870,1735,1780
2004-04-21,190400,1685,1695,1780,1695,1705
2004-04-22,136300,1660,1690,1745,1690,1745
2004-04-23,189600,1665,1675,1750,1675,1690
2004-04-26,389400,1750,1875,1875,1875,1750
2004-04-27,330400,1775,1825,1960,1825,1940
2004-04-28,157100,1700,1705,1830,1705,1800
2004-04-29,309000,1655,1800,1850,1800,1700
2004-04-30,317600,1710,1720,1870,1720,1720
2004-05-03,74200,1690,1700,1750,1700,1725
2004-05-04,107600,1675,1680,1725,1680,1690
2004-05-06,102600,1635,1645,1730,1645,1665
2004-05-07,81500,1640,1665,1725,1665,1690
2004-05-10,118800,1490,1495,1690,1495,1615
2004-05-11,51100,1460,1480,1540,1480,1465
2004-05-12,199400,1490,1655,1655,1655,1490
2004-05-13,463100,1600,1710,1800,1710,1600
2004-05-14,197900,1600,1635,1785,1635,1755
2004-05-17,134900,1525,1550,1675,1550,1620
2004-05-18,125100,1560,1665,1670,1665,1560
2004-05-19,468700,1650,1850,1860,1850,1650
2004-05-20,189300,1650,1720,1820,1720,1800
2004-05-21,279800,1710,1725,1835,1725,1785
2004-05-24,155900,1650,1675,1770,1675,1755
2004-05-25,123200,1625,1625,1715,1625,1715
2004-05-27,164500,1615,1630,1700,1630,1690
2004-05-28,86100,1610,1625,1650,1625,1630
2004-05-31,207600,1640,1665,1745,1665,1640
2004-06-01,464500,1675,1860,1860,1860,1675
2004-06-02,170100,1920,2080,2080,2080,1965
2004-06-03,1296800,2080,2325,2325,2325,2250
2004-06-04,991000,2255,2320,2575,2320,2400
2004-06-07,1206500,2180,2235,2535,2235,2250
2004-06-08,847700,2150,2240,2485,2240,2250
2004-06-09,531800,2210,2320,2360,2320,2260
2004-06-10,828400,2320,2320,2595,2320,2430
2004-06-11,810100,2045,2045,2410,2045,2280
2004-06-14,342200,1800,1800,2005,1800,1930
2004-06-15,351600,1650,1710,1800,1710,1715
2004-06-16,310000,1670,1740,1795,1740,1700
2004-06-17,680100,1730,1760,1870,1760,1740
2004-06-18,208700,1620,1670,1800,1670,1770
2004-06-21,156800,1580,1590,1710,1590,1670
2004-06-22,347400,1550,1780,1780,1780,1590
2004-06-23,967100,1760,1870,1970,1870,1805
2004-06-24,669300,1720,1730,1895,1730,1870
2004-06-25,230100,1715,1775,1810,1775,1720
2004-06-28,1415600,1820,1820,1985,1820,1835
2004-06-29,392300,1770,1800,1895,1800,1840
2004-06-30,580600,1800,1870,1920,1870,1865
2004-07-01,1000100,1835,2010,2060,2010,1870
2004-07-02,1141900,1850,1850,2195,1850,2010
2004-07-05,417700,1870,1975,1995,1975,1920
2004-07-06,515400,1875,1955,2070,1955,2015
2004-07-07,434700,2100,2185,2185,2185,2150
2004-07-08,1474100,2250,2445,2445,2445,2320
2004-07-09,1153700,2155,2155,2510,2155,2300
2004-07-12,956100,2000,2240,2395,2240,2220
2004-07-13,762600,2030,2030,2310,2030,2225
2004-07-14,322200,1980,2040,2120,2040,2000
2004-07-15,957600,2145,2280,2280,2280,2150
2004-07-16,454800,2010,2030,2240,2030,2185
2004-07-19,263900,1980,2020,2120,2020,1980
2004-07-20,746200,2005,2050,2195,2050,2005
2004-07-21,215800,2025,2060,2110,2060,2100
2004-07-22,334800,2050,2060,2165,2060,2060
2004-07-23,179800,2030,2055,2135,2055,2070
2004-07-26,617000,2130,2220,2295,2220,2130
2004-07-27,241100,2010,2050,2225,2050,2220
2004-07-28,227800,1965,2025,2090,2025,2050
2004-07-29,347100,1960,1980,2160,1980,2050
2004-07-30,98700,1920,1920,2040,1920,2000
2004-08-02,137100,1720,1765,1890,1765,1890
2004-08-03,147200,1710,1795,1820,1795,1710
2004-08-04,160500,1750,1780,1820,1780,1770
2004-08-05,105100,1760,1805,1820,1805,1760
2004-08-06,184500,1800,1805,1870,1805,1805
2004-08-09,78100,1795,1815,1840,1815,1810
2004-08-10,350200,1805,1950,2000,1950,1845
2004-08-11,173600,1850,1870,1950,1870,1950
2004-08-12,56800,1855,1870,1925,1870,1925
2004-08-13,307400,1910,1915,2030,1915,1960
2004-08-16,175700,1920,1955,2010,1955,1940
2004-08-17,172000,1930,1930,1990,1930,1990
2004-08-18,95800,1850,1860,1950,1860,1925
2004-08-19,369700,1875,1950,2030,1950,1900
2004-08-20,219000,1890,1940,2000,1940,1960
2004-08-23,367900,1950,1950,2020,1950,1995
2004-08-24,115600,1915,1915,1995,1915,1995
2004-08-25,103700,1890,1900,1925,1900,1895
2004-08-26,99500,1895,1895,1925,1895,1895
2004-08-27,514200,1865,1980,2070,1980,1870
2004-08-30,382900,1915,1945,2030,1945,1960
2004-08-31,144000,1950,1990,2030,1990,1965
2004-09-01,176900,1960,1960,2020,1960,1995
2004-09-02,125500,1930,1945,1985,1945,1965
2004-09-03,649300,1920,1980,2115,1980,1935
2004-09-06,332100,1985,2055,2065,2055,2010
2004-09-07,477500,2050,2100,2190,2100,2100
2004-09-08,126300,2030,2090,2120,2090,2110
2004-09-09,291200,2010,2015,2155,2015,2120
2004-09-10,315900,1960,2015,2075,2015,1995
2004-09-13,372400,2050,2130,2150,2130,2080
2004-09-14,404700,2095,2125,2180,2125,2150
2004-09-15,597100,2145,2315,2365,2315,2160
2004-09-16,487600,2200,2220,2350,2220,2320
2004-09-17,349600,2180,2220,2305,2220,2220
2004-09-20,172300,2140,2140,2260,2140,2225
2004-09-21,152800,2070,2070,2160,2070,2130
2004-09-22,211500,2000,2060,2135,2060,2070
2004-09-23,84300,2010,2050,2105,2050,2010
2004-09-24,191300,2050,2080,2170,2080,2110
2004-09-30,288900,2110,2215,2245,2215,2185
2004-10-01,134000,2110,2130,2200,2130,2200
2004-10-04,189000,2120,2165,2205,2165,2140
2004-10-05,98000,2110,2135,2170,2135,2120
2004-10-06,100300,2060,2060,2160,2060,2135
2004-10-07,74500,2020,2040,2080,2040,2080
2004-10-08,73800,2000,2030,2070,2030,2040
2004-10-11,68900,1995,1995,2035,1995,2000
2004-10-12,66400,1980,2000,2030,2000,1995
2004-10-13,65900,1955,1955,2015,1955,2000
2004-10-14,92400,1900,1940,1985,1940,1950
2004-10-15,60600,1905,1920,1970,1920,1905
2004-10-18,104600,1920,1945,1990,1945,1920
2004-10-19,91000,1920,1945,1980,1945,1955
2004-10-20,84100,1930,1950,2020,1950,1970
2004-10-21,73700,1905,1905,1980,1905,1950
2004-10-22,39700,1875,1910,1920,1910,1875
2004-10-25,29300,1850,1860,1910,1860,1870
2004-10-26,49300,1815,1850,1890,1850,1865
2004-10-27,25900,1805,1810,1870,1810,1840
2004-10-28,23000,1790,1815,1830,1815,1820
2004-10-29,48500,1780,1840,1860,1840,1780
2004-11-01,11900,1810,1825,1870,1825,1845
2004-11-02,26300,1830,1860,1870,1860,1830
2004-11-03,73300,1860,1930,1985,1930,1860
2004-11-04,25200,1900,1930,1970,1930,1935
2004-11-05,30400,1885,1930,1950,1930,1910
2004-11-08,16500,1900,1930,1960,1930,1950
2004-11-09,22700,1860,1880,1950,1880,1860
2004-11-10,22700,1850,1890,1895,1890,1850
2004-11-11,22600,1870,1880,1900,1880,1870
2004-11-12,37700,1870,1870,1900,1870,1880
2004-11-15,49900,1870,1875,1930,1875,1890
2004-11-16,17100,1875,1895,1920,1895,1885
2004-11-17,17900,1885,1905,1925,1905,1885
2004-11-18,35300,1875,1880,1920,1880,1920
2004-11-19,326300,1950,2050,2095,2050,1950
2004-11-22,101400,1915,2000,2010,2000,2000
2004-11-23,64000,1960,1965,2040,1965,2040
2004-11-24,93500,1885,1895,1960,1895,1935
2004-11-25,40200,1890,1890,1915,1890,1890
2004-11-26,30900,1880,1885,1920,1885,1885
2004-11-29,125400,1900,1980,2045,1980,1900
2004-11-30,490200,1950,2100,2210,2100,2045
2004-12-01,428200,2060,2140,2255,2140,2120
2004-12-02,181500,2080,2105,2200,2105,2200
2004-12-03,144100,2050,2060,2170,2060,2140
2004-12-06,235100,2085,2165,2175,2165,2120
2004-12-07,393400,2130,2190,2260,2190,2170
2004-12-08,220500,2030,2050,2200,2050,2180
2004-12-09,61200,2010,2105,2135,2105,2010
2004-12-10,80800,2070,2110,2155,2110,2110
2004-12-13,77500,2080,2115,2170,2115,2080
2004-12-14,171200,2070,2115,2215,2115,2115
2004-12-15,67700,2130,2130,2200,2130,2140
2004-12-16,148900,2085,2115,2180,2115,2150
2004-12-17,44000,2060,2075,2125,2075,2085
2004-12-20,216700,2290,2320,2320,2320,2300
2004-12-21,839900,2270,2340,2595,2340,2595
2004-12-22,665800,2305,2620,2620,2620,2470
2004-12-23,544000,2800,2930,2930,2930,2800
2004-12-24,865600,2635,2955,3120,2955,2900
2004-12-27,569800,2970,3305,3305,3305,2995
2004-12-28,957900,3295,3420,3700,3420,3420
2004-12-29,1507100,3010,3010,3555,3010,3540
2004-12-30,1043000,2850,3005,3180,3005,3010
2005-01-03,448800,2970,3025,3120,3025,3095
2005-01-04,808100,3010,3095,3160,3095,3080
2005-01-05,435000,2940,3070,3100,3070,3090
2005-01-06,885800,2950,3080,3260,3080,3150
2005-01-07,280700,2950,2965,3135,2965,3135
2005-01-10,507700,2970,3130,3165,3130,3010
2005-01-11,234900,3020,3030,3185,3030,3150
2005-01-12,1039000,3180,3390,3390,3390,3250
2005-01-13,851300,3055,3075,3280,3075,3225
2005-01-14,543200,3080,3080,3200,3080,3150
2005-01-17,276000,3000,3130,3130,3130,3055
2005-01-18,371700,3120,3120,3270,3120,3140
2005-01-19,224700,3050,3080,3135,3080,3100
2005-01-20,455500,3005,3135,3270,3135,3160
2005-01-21,740400,3230,3270,3400,3270,3350
2005-01-24,260700,3155,3160,3350,3160,3310
2005-01-25,287100,3110,3160,3290,3160,3245
2005-01-26,213900,3000,3090,3130,3090,3065
2005-01-27,137600,3030,3030,3125,3030,3040
2005-01-28,145700,3010,3010,3085,3010,3020
2005-01-31,128100,3010,3010,3100,3010,3010
2005-02-01,89000,2970,2970,3060,2970,3050
2005-02-02,75800,2900,2900,3030,2900,2980
2005-02-03,172900,2605,2765,2910,2765,2900
2005-02-04,249600,2765,2950,2990,2950,2865
2005-02-07,159400,2800,2870,2950,2870,2945
2005-02-11,109600,2775,2810,2885,2810,2865
2005-02-14,104400,2780,2780,2820,2780,2815
2005-02-15,68600,2770,2770,2810,2770,2790
2005-02-16,105900,2700,2700,2795,2700,2770
2005-02-17,102300,2610,2620,2720,2620,2700
2005-02-18,117100,2600,2600,2675,2600,2675
2005-02-21,174900,2540,2580,2730,2580,2605
2005-02-22,108900,2565,2565,2630,2565,2580
2005-02-23,172000,2580,2585,2660,2585,2580
2005-02-24,376200,2655,2655,2850,2655,2685
2005-02-25,182500,2580,2630,2850,2630,2730
2005-02-28,119200,2575,2580,2740,2580,2705
2005-03-02,93000,2400,2520,2605,2520,2605
2005-03-03,74200,2470,2490,2600,2490,2470
2005-03-04,170800,2555,2570,2610,2570,2570
2005-03-07,85800,2450,2525,2600,2525,2580
2005-03-08,536400,2500,2635,2730,2635,2500
2005-03-09,151700,2480,2515,2615,2515,2605
2005-03-10,112400,2455,2475,2560,2475,2530
2005-03-11,77300,2460,2465,2525,2465,2485
2005-03-14,80100,2415,2420,2480,2420,2420
2005-03-15,434200,2420,2525,2655,2525,2450
2005-03-16,158400,2480,2500,2605,2500,2595
2005-03-17,161200,2440,2460,2575,2460,2520
2005-03-18,82400,2275,2325,2480,2325,2430
2005-03-21,57100,2200,2205,2390,2205,2290
2005-03-22,52600,2145,2145,2225,2145,2210
2005-03-23,322500,2175,2335,2385,2335,2175
2005-03-24,162200,2055,2065,2320,2065,2320
2005-03-25,72400,1965,2010,2080,2010,2040
2005-03-28,49200,2310,2310,2310,2310,2310
2005-03-29,601300,2400,2575,2645,2575,2500
2005-03-30,224400,2325,2380,2650,2380,2650
2005-03-31,150500,2270,2290,2380,2290,2355
2005-04-01,120800,2220,2295,2335,2295,2220
2005-04-04,116500,2155,2165,2310,2165,2310
2005-04-06,162700,2150,2240,2290,2240,2150
2005-04-07,64700,2185,2190,2230,2190,2220
2005-04-08,39600,2190,2245,2265,2245,2190
2005-04-11,123300,2245,2260,2330,2260,2245
2005-04-12,55700,2125,2200,2260,2200,2260
2005-04-13,31900,2125,2170,2210,2170,2200
2005-04-14,77900,2135,2170,2280,2170,2135
2005-04-15,39200,2105,2105,2200,2105,2150
2005-04-18,72800,1965,2000,2085,2000,2050
2005-04-19,38500,2020,2035,2085,2035,2050
2005-04-20,44200,2055,2080,2130,2080,2055
2005-04-21,24500,2045,2075,2130,2075,2070
2005-04-22,41400,2075,2075,2180,2075,2105
2005-04-25,19900,2065,2080,2160,2080,2160
2005-04-26,35400,2015,2075,2120,2075,2080
2005-04-27,14100,2025,2060,2090,2060,2050
2005-04-28,13600,2025,2060,2090,2060,2090
2005-04-29,9900,1970,2030,2120,2030,2020
2005-05-02,19400,2000,2030,2045,2030,2020
2005-05-03,93300,2015,2080,2195,2080,2030
2005-05-04,49900,2040,2075,2130,2075,2100
2005-05-06,44400,2040,2110,2120,2110,2100
2005-05-09,49200,2080,2170,2180,2170,2110
2005-05-10,26700,2090,2115,2225,2115,2175
2005-05-11,19400,2070,2100,2145,2100,2110
2005-05-12,10200,2080,2100,2120,2100,2120
2005-05-13,10700,2070,2100,2120,2100,2070
2005-05-16,56200,2150,2195,2285,2195,2150
2005-05-17,139200,2100,2215,2330,2215,2180
2005-05-18,26900,2170,2180,2245,2180,2245
2005-05-19,65700,2175,2230,2230,2230,2185
2005-05-20,58400,2200,2220,2300,2220,2230
2005-05-23,219900,2310,2360,2530,2360,2320
2005-05-24,92100,2280,2305,2490,2305,2430
2005-05-25,48200,2185,2190,2325,2190,2270
2005-05-26,33600,2200,2220,2290,2220,2200
2005-05-27,33900,2185,2225,2250,2225,2220
2005-05-30,30400,2205,2230,2285,2230,2205
2005-05-31,29800,2220,2230,2265,2230,2220
2005-06-01,28100,2200,2245,2270,2245,2230
2005-06-02,106900,2255,2315,2340,2315,2300
2005-06-03,34600,2260,2295,2320,2295,2320
2005-06-07,46400,2220,2245,2290,2245,2290
2005-06-08,99800,2150,2155,2280,2155,2250
2005-06-09,69200,2150,2165,2270,2165,2200
2005-06-10,196200,2175,2290,2370,2290,2230
2005-06-13,411600,2350,2360,2540,2360,2370
2005-06-14,80800,2245,2245,2395,2245,2395
2005-06-15,111500,2215,2290,2350,2290,2275
2005-06-16,53000,2250,2265,2315,2265,2275
2005-06-17,34200,2250,2250,2290,2250,2285
2005-06-20,52600,2260,2285,2330,2285,2315
2005-06-21,34900,2225,2230,2270,2230,2260
2005-06-22,98300,2250,2250,2360,2250,2320
2005-06-23,47900,2230,2295,2300,2295,2235
2005-06-24,20200,2240,2240,2270,2240,2255
2005-06-27,586300,2450,2575,2575,2575,2500
2005-06-28,282900,2340,2370,2510,2370,2500
2005-06-29,156000,2340,2380,2460,2380,2455
2005-06-30,130700,2325,2355,2440,2355,2375
2005-07-01,75900,2330,2370,2390,2370,2355
2005-07-04,50200,2355,2370,2415,2370,2370
2005-07-05,119000,2360,2400,2435,2400,2370
2005-07-06,73000,2360,2365,2430,2365,2405
2005-07-07,48200,2345,2395,2420,2395,2350
2005-07-08,99000,2360,2420,2485,2420,2380
2005-07-11,83700,2400,2455,2480,2455,2425
2005-07-12,77400,2415,2430,2500,2430,2500
2005-07-13,66600,2375,2375,2450,2375,2405
2005-07-14,53700,2365,2370,2410,2370,2365
2005-07-15,34700,2350,2365,2410,2365,2375
2005-07-18,186400,2400,2470,2590,2470,2435
2005-07-19,68100,2370,2415,2450,2415,2450
2005-07-20,83800,2315,2350,2440,2350,2400
2005-07-21,195600,2365,2410,2500,2410,2365
2005-07-22,59600,2350,2370,2440,2370,2440
2005-07-25,102500,2320,2390,2410,2390,2370
2005-07-26,200500,2400,2420,2480,2420,2435
2005-07-27,57200,2395,2440,2450,2440,2440
2005-07-28,204100,2445,2540,2630,2540,2445
2005-07-29,290800,2565,2620,2690,2620,2650
2005-08-01,116700,2490,2550,2680,2550,2670
2005-08-02,82600,2430,2430,2550,2430,2545
2005-08-03,56600,2380,2380,2455,2380,2455
2005-08-04,84800,2380,2385,2480,2385,2385
2005-08-05,79800,2300,2325,2360,2325,2315
2005-08-08,30400,2300,2315,2335,2315,2315
2005-08-09,71900,2295,2305,2375,2305,2325
2005-08-10,36000,2300,2325,2350,2325,2300
2005-08-11,75200,2325,2385,2430,2385,2325
2005-08-12,28800,2370,2420,2455,2420,2400
2005-08-16,31900,2375,2385,2440,2385,2440
2005-08-17,34600,2305,2340,2365,2340,2305
2005-08-18,13000,2320,2320,2395,2320,2395
2005-08-19,222600,2365,2415,2655,2415,2365
2005-08-22,67300,2335,2385,2515,2385,2440
2005-08-23,242900,2450,2520,2640,2520,2455
2005-08-24,61300,2420,2440,2560,2440,2540
2005-08-25,60900,2390,2405,2470,2405,2420
2005-08-26,43000,2400,2415,2445,2415,2415
2005-08-29,56000,2355,2360,2435,2360,2435
2005-08-30,280100,2405,2515,2630,2515,2405
2005-08-31,169500,2470,2515,2645,2515,2500
2005-09-01,143600,2470,2550,2560,2550,2545
2005-09-02,78800,2515,2560,2580,2560,2515
2005-09-05,89800,2470,2475,2560,2475,2560
2005-09-06,59900,2460,2460,2510,2460,2465
2005-09-07,41700,2450,2485,2490,2485,2470
2005-09-08,36000,2460,2465,2545,2465,2490
2005-09-09,94800,2450,2520,2570,2520,2450
2005-09-12,69200,2490,2505,2565,2505,2540
2005-09-13,47800,2470,2470,2540,2470,2490
2005-09-14,55400,2390,2415,2475,2415,2455
2005-09-15,35500,2390,2415,2425,2415,2420
2005-09-16,34600,2400,2425,2425,2425,2405
2005-09-20,39400,2415,2455,2475,2455,2425
2005-09-21,39100,2420,2450,2455,2450,2455
2005-09-22,51300,2435,2445,2535,2445,2530
2005-09-23,53300,2405,2410,2460,2410,2460
2005-09-26,26600,2400,2420,2445,2420,2445
2005-09-27,19600,2415,2435,2460,2435,2415
2005-09-28,35900,2435,2470,2470,2470,2435
2005-09-29,31300,2430,2430,2470,2430,2450
2005-09-30,113500,2420,2510,2545,2510,2420
2005-10-04,302200,2535,2725,2785,2725,2560
2005-10-05,141300,2595,2650,2705,2650,2705
2005-10-06,371600,2600,2700,2930,2700,2605
2005-10-07,745300,2850,3105,3105,3105,2900
2005-10-10,31900,3570,3570,3570,3570,3570
2005-10-11,1199000,3670,4105,4105,4105,4000
2005-10-12,998400,3880,4180,4300,4180,4200
2005-10-13,1012200,4175,4805,4805,4805,4300
2005-10-14,262100,5210,5520,5520,5520,5450
2005-10-17,841300,5500,6200,6290,6200,5900
2005-10-18,870500,5280,5580,6290,5580,6200
2005-10-19,1512600,5110,5580,5880,5580,5500
2005-10-20,1704100,5700,6410,6410,6410,5850
2005-10-21,1693700,6600,7090,7370,7090,6710
2005-10-24,1456000,6030,6030,7150,6030,7100
2005-10-25,2688200,5300,6200,6520,6200,5930
2005-10-26,1084200,5850,6000,6420,6000,6200
2005-10-27,1502600,6020,6480,6800,6480,6020
2005-10-28,682900,5530,5680,6200,5680,6030
2005-10-31,1144000,5100,5470,5930,5470,5500
2005-11-01,779300,4650,4800,5660,4800,5360
2005-11-02,844800,4520,4740,4975,4740,4820
2005-11-03,557800,4620,4765,4910,4765,4760
2005-11-04,1002100,4700,5050,5110,5050,4765
2005-11-07,413800,4870,4885,5080,4885,5070
2005-11-08,1553000,4920,5280,5560,5280,4960
2005-11-09,571500,4845,4865,5200,4865,5200
2005-11-10,274100,4720,4800,5040,4800,4930
2005-11-11,311500,4795,4845,5000,4845,4845
2005-11-14,212800,4780,4780,4950,4780,4890
2005-11-15,331400,4780,4880,5000,4880,4785
2005-11-16,345500,4655,4670,4950,4670,4870
2005-11-17,748800,4730,4730,5150,4730,4885
2005-11-18,484000,4570,4860,4935,4860,4735
2005-11-21,248500,4700,4720,4900,4720,4860
2005-11-22,372600,4445,4515,4690,4515,4610
2005-11-23,179600,4450,4550,4570,4550,4515
2005-11-24,197800,4400,4400,4550,4400,4500
2005-11-25,345300,4380,4470,4650,4470,4380
2005-11-28,162000,4325,4330,4460,4330,4450
2005-11-29,197400,4030,4060,4390,4060,4270
2005-11-30,250100,3865,3890,4000,3890,3915
2005-12-01,147400,3850,3940,3980,3940,3850
2005-12-02,178300,3900,3920,4020,3920,3920
2005-12-05,161700,3920,4050,4100,4050,3935
2005-12-06,185900,4000,4060,4150,4060,4040
2005-12-07,169700,3865,3880,4090,3880,4035
2005-12-08,132200,3605,3670,3860,3670,3845
2005-12-09,92100,3620,3750,3750,3750,3620
2005-12-12,70400,3590,3595,3790,3595,3790
2005-12-13,107100,3450,3450,3620,3450,3595
2005-12-14,294400,3555,3965,3965,3965,3610
2005-12-15,532000,3850,3980,4260,3980,4200
2005-12-16,185900,3600,3710,3900,3710,3810
2005-12-19,908400,3900,4265,4265,4265,3900
2005-12-20,348900,4035,4120,4310,4120,4210
2005-12-21,878400,4025,4315,4640,4315,4050
2005-12-22,802800,4200,4400,4780,4400,4300
2005-12-23,1177900,4460,4880,5030,4880,4590
2005-12-26,371900,4505,4565,4795,4565,4765
2005-12-27,488200,4120,4120,4780,4120,4580
2005-12-28,237900,3940,4030,4260,4030,4120
2005-12-29,291800,3860,3955,4070,3955,3960
2006-01-02,261200,3955,4090,4090,4090,3955
2006-01-03,512200,4070,4215,4480,4215,4070
2006-01-04,303100,4160,4285,4320,4285,4220
2006-01-05,665200,4220,4220,4620,4220,4370
2006-01-06,290200,4060,4190,4300,4190,4230
2006-01-09,660000,4310,4405,4815,4405,4500
2006-01-10,1179000,4600,5060,5060,5060,4670
2006-01-11,1976800,5200,5230,5750,5230,5670
2006-01-12,677500,4500,4620,5150,4620,5050
2006-01-13,784500,4650,4710,5000,4710,4650
2006-01-16,363000,4600,4600,4800,4600,4705
2006-01-17,499300,4560,4560,4960,4560,4690
2006-01-18,342700,4130,4350,4730,4350,4530
2006-01-19,319200,4310,4500,4600,4500,4350
2006-01-20,329800,4000,4100,4690,4100,4540
2006-01-23,233200,3485,3485,3930,3485,3830
2006-01-24,277400,3100,3530,3980,3530,3560
2006-01-25,867100,3800,4025,4055,4025,3870
2006-01-26,293200,3700,3880,3995,3880,3950
2006-01-27,291100,3860,4005,4045,4005,3980
2006-01-31,309300,3900,4000,4180,4000,3980
2006-02-01,362900,3600,3680,4180,3680,4100
2006-02-02,178600,3510,3700,3840,3700,3830
2006-02-03,720600,3600,3905,4190,3905,3680
2006-02-06,237300,3650,3740,3985,3740,3985
2006-02-07,217900,3650,3660,3870,3660,3850
2006-02-08,439900,3650,3755,3970,3755,3660
2006-02-09,315000,3695,3850,3990,3850,3880
2006-02-10,261800,3750,3885,3925,3885,3900
2006-02-13,952500,4070,4260,4450,4260,4200
2006-02-14,329000,3995,4095,4330,4095,4330
2006-02-15,337800,3900,4050,4250,4050,4200
2006-02-16,622900,4065,4195,4300,4195,4065
2006-02-17,262900,4055,4260,4260,4260,4200
2006-02-20,699800,4350,4525,4780,4525,4495
2006-02-21,335700,4300,4400,4540,4400,4525
2006-02-22,1070000,4485,4850,5020,4850,4650
2006-02-23,912100,4550,4570,5000,4570,4700
2006-02-24,1317500,4475,5250,5250,5250,4630
2006-02-27,1533900,5130,5210,5680,5210,5540
2006-02-28,543900,4650,4700,5160,4700,5110
2006-03-02,563300,4500,4650,4940,4650,4790
2006-03-03,797100,4500,4790,4940,4790,4640
2006-03-06,534800,4565,4620,4970,4620,4790
2006-03-07,1529000,4680,5310,5310,5310,4710
2006-03-08,2330000,5100,5100,6050,5100,5500
2006-03-09,759500,4970,5350,5430,5350,5130
2006-03-10,703300,5130,5180,5550,5180,5460
2006-03-13,595500,4950,4950,5200,4950,5070
2006-03-14,2110900,5150,5250,5690,5250,5450
2006-03-15,620200,4950,4950,5440,4950,5350
2006-03-16,509300,4920,4950,5190,4950,5160
2006-03-17,460800,4615,4635,5040,4635,4960
2006-03-20,360900,4560,4670,4750,4670,4565
2006-03-21,357200,4650,4670,4790,4670,4670
2006-03-22,722500,4645,4680,4985,4680,4810
2006-03-23,317400,4505,4505,4740,4505,4680
2006-03-24,296500,4225,4305,4540,4305,4515
2006-03-27,257300,4225,4245,4370,4245,4255
2006-03-28,316500,3980,3980,4245,3980,4155
2006-03-29,237900,3830,4005,4005,4005,3900
2006-03-30,177100,3980,4005,4060,4005,4010
2006-03-31,200700,4020,4130,4150,4130,4020
2006-04-03,191800,4050,4140,4165,4140,4050
2006-04-04,433200,4080,4200,4395,4200,4145
2006-04-05,174000,4110,4125,4200,4125,4160
2006-04-06,200700,4070,4070,4220,4070,4200
2006-04-07,856000,4190,4240,4460,4240,4200
2006-04-10,249900,4080,4120,4170,4120,4170
2006-04-11,224600,4070,4120,4300,4120,4070
2006-04-12,123700,4080,4090,4200,4090,4080
2006-04-13,124300,4065,4080,4130,4080,4065
2006-04-14,218700,4050,4130,4250,4130,4050
2006-04-17,169400,4130,4245,4245,4245,4140
2006-04-18,856200,4335,4380,4675,4380,4400
2006-04-19,269000,4175,4250,4445,4250,4385
2006-04-20,246200,4080,4095,4315,4095,4250
2006-04-21,198100,4065,4140,4225,4140,4065
2006-04-24,125100,4050,4050,4140,4050,4050
2006-04-25,239600,3920,3920,4230,3920,3955
2006-04-26,126400,3825,3865,4000,3865,3945
2006-04-27,157600,3750,3820,3920,3820,3750
2006-04-28,147000,3775,3800,3980,3800,3860
2006-05-02,97700,3670,3690,3800,3690,3800
2006-05-03,101900,3645,3650,3725,3650,3670
2006-05-04,134900,3620,3690,3720,3690,3650
2006-05-08,501500,3670,3860,4175,3860,3700
2006-05-09,133800,3720,3720,3900,3720,3775
2006-05-10,64400,3660,3660,3735,3660,3680
2006-05-11,61100,3635,3660,3685,3660,3635
2006-05-12,53000,3630,3660,3740,3660,3635
2006-05-15,67000,3650,3670,3750,3670,3660
2006-05-16,85800,3490,3535,3720,3535,3695
2006-05-17,51000,3450,3510,3565,3510,3450
2006-05-18,65200,3270,3330,3500,3330,3485
2006-05-19,37900,3260,3360,3400,3360,3270
2006-05-22,58900,3365,3375,3490,3375,3380
2006-05-23,41200,3310,3430,3445,3430,3375
2006-05-24,31100,3330,3395,3450,3395,3390
2006-05-25,148600,3400,3410,3645,3410,3600
2006-05-26,58900,3325,3430,3435,3430,3410
2006-05-29,52900,3360,3385,3500,3385,3500
2006-05-30,44700,3310,3395,3395,3395,3330
2006-06-01,31000,3280,3315,3395,3315,3395
2006-06-02,44600,3200,3260,3380,3260,3350
2006-06-05,28200,3170,3195,3280,3195,3225
2006-06-07,56900,2850,2985,3180,2985,3100
2006-06-08,44000,2800,2920,2980,2920,2840
2006-06-09,23000,2920,2965,2995,2965,2920
2006-06-12,52300,2920,3040,3095,3040,2920
2006-06-13,227200,2930,3100,3445,3100,2950
2006-06-14,47000,3020,3150,3180,3150,3020
2006-06-15,32900,3095,3110,3200,3110,3160
2006-06-16,39500,3120,3120,3175,3120,3120
2006-06-19,26900,3030,3130,3145,3130,3100
2006-06-20,28100,3045,3055,3140,3055,3135
2006-06-21,22400,3030,3035,3075,3035,3060
2006-06-22,17800,3045,3050,3130,3050,3060
2006-06-23,24800,3035,3095,3100,3095,3035
2006-06-26,30700,3110,3165,3370,3165,3370
2006-06-27,23400,3115,3160,3210,3160,3120
2006-06-28,7100,3090,3160,3175,3160,3145
2006-06-29,26500,3150,3220,3235,3220,3150
2006-06-30,31600,3205,3275,3340,3275,3230
2006-07-03,92000,3320,3450,3470,3450,3340
2006-07-04,22000,3365,3400,3495,3400,3495
2006-07-05,47600,3295,3400,3400,3400,3390
2006-07-06,11700,3330,3390,3400,3390,3400
2006-07-07,47000,3390,3500,3530,3500,3395
2006-07-10,27300,3410,3570,3580,3570,3495
2006-07-11,40500,3535,3595,3680,3595,3570
2006-07-12,49900,3495,3550,3650,3550,3605
2006-07-13,21200,3470,3570,3580,3570,3490
2006-07-14,31200,3470,3480,3595,3480,3595
2006-07-18,14700,3415,3430,3550,3430,3550
2006-07-19,22200,3380,3385,3490,3385,3490
2006-07-20,22400,3405,3435,3500,3435,3440
2006-07-21,34500,3400,3400,3530,3400,3450
2006-07-24,29100,3380,3450,3500,3450,3500
2006-07-25,24400,3420,3460,3490,3460,3450
2006-07-26,19500,3405,3460,3520,3460,3465
2006-07-27,25100,3455,3520,3580,3520,3470
2006-07-28,29000,3525,3620,3635,3620,3550
2006-07-31,24500,3580,3625,3650,3625,3650
2006-08-01,41600,3580,3645,3680,3645,3650
2006-08-02,36300,3600,3660,3665,3660,3625
2006-08-03,34600,3610,3645,3760,3645,3615
2006-08-04,38800,3645,3780,3790,3780,3645
2006-08-07,94000,3780,3870,3945,3870,3830
2006-08-08,47800,3810,3905,3905,3905,3845
2006-08-09,62100,3870,4020,4120,4020,3985
2006-08-10,37400,3990,4240,4295,4240,3990
2006-08-11,60100,4130,4130,4330,4130,4250
2006-08-14,71400,4080,4295,4580,4295,4080
2006-08-16,30600,4295,4360,4480,4360,4430
2006-08-17,27700,4280,4300,4420,4300,4305
2006-08-18,22900,4230,4350,4350,4350,4300
2006-08-21,41400,4355,4400,4430,4400,4355
2006-08-22,24700,4355,4475,4500,4475,4355
2006-08-23,25800,4390,4475,4505,4475,4400
2006-08-24,13000,4400,4460,4480,4460,4430
2006-08-25,26700,4290,4395,4520,4395,4360
2006-08-28,18600,4270,4275,4395,4275,4315
2006-08-29,25100,4180,4210,4320,4210,4250
2006-08-30,12900,4200,4235,4250,4235,4250
2006-08-31,29700,4300,4390,4400,4390,4330
2006-09-01,16100,4385,4450,4480,4450,4395
2006-09-04,12800,4430,4460,4515,4460,4450
2006-09-05,15600,4380,4430,4450,4430,4405
2006-09-06,12200,4360,4410,4450,4410,4430
2006-09-07,7900,4355,4420,4500,4420,4500
2006-09-08,10700,4365,4395,4450,4395,4370
2006-09-11,26500,4300,4335,4430,4335,4430
2006-09-12,32300,4250,4330,4330,4330,4290
2006-09-13,11600,4300,4310,4360,4310,4330
2006-09-14,21500,4280,4360,4370,4360,4280
2006-09-15,27500,4300,4400,4430,4400,4430
2006-09-18,76200,4355,4550,4750,4550,4355
2006-09-19,33000,4490,4580,4600,4580,4500
2006-09-20,136000,4515,4740,4820,4740,4600
2006-09-21,51500,4550,4555,4800,4555,4745
2006-09-22,19900,4450,4520,4645,4520,4645
2006-09-25,15200,4465,4475,4560,4475,4465
2006-09-26,10100,4450,4470,4550,4470,4485
2006-09-27,19100,4430,4535,4550,4535,4470
2006-09-28,17300,4460,4595,4595,4595,4500
2006-09-29,9700,4555,4600,4640,4600,4555
2006-10-02,23600,4550,4580,4645,4580,4550
2006-10-04,19600,4435,4540,4580,4540,4580
2006-10-09,56100,3860,3870,4580,3870,4580
2006-10-10,38200,3720,3985,4080,3985,3720
2006-10-11,51900,3390,3925,4070,3925,3945
2006-10-12,49000,3860,4050,4050,4050,3890
2006-10-13,16400,4055,4070,4150,4070,4140
2006-10-16,21600,4100,4195,4195,4195,4130
2006-10-17,51900,3800,4045,4235,4045,4235
2006-10-18,33500,3860,3985,4040,3985,4040
2006-10-19,46200,3985,4040,4050,4040,3985
2006-10-20,20300,3990,4040,4120,4040,4030
2006-10-23,132500,4090,4490,4560,4490,4090
2006-10-24,31500,4310,4380,4455,4380,4360
2006-10-25,21800,4310,4390,4470,4390,4430
2006-10-26,21800,4255,4340,4440,4340,4340
2006-10-27,29200,4255,4330,4430,4330,4395
2006-10-30,24600,4245,4315,4425,4315,4425
2006-10-31,22800,4250,4305,4365,4305,4325
2006-11-01,41000,4300,4310,4350,4310,4310
2006-11-02,15600,4270,4340,4340,4340,4310
2006-11-03,50400,4250,4400,4470,4400,4355
2006-11-06,14600,4310,4345,4480,4345,4470
2006-11-07,13900,4320,4320,4415,4320,4400
2006-11-08,18400,4260,4265,4375,4265,4305
2006-11-09,8100,4235,4255,4330,4255,4295
2006-11-10,21200,4215,4260,4325,4260,4325
2006-11-13,17900,4170,4170,4260,4170,4185
2006-11-14,32300,4175,4200,4260,4200,4200
2006-11-15,23400,4185,4190,4390,4190,4390
2006-11-16,17400,4160,4195,4230,4195,4200
2006-11-17,21700,4100,4100,4200,4100,4190
2006-11-20,47900,3955,3975,4145,3975,4070
2006-11-21,19100,3915,3950,3980,3950,3980
2006-11-22,28400,3935,3975,3985,3975,3940
2006-11-23,382900,3975,4570,4570,4570,3975
2006-11-24,890700,4960,5250,5250,5250,5070
2006-11-27,137500,6030,6030,6030,6030,6030
2006-11-28,2572400,5300,6250,6720,6250,6000
2006-11-29,832800,5320,5320,6350,5320,6290
2006-11-30,1661500,4990,5170,5690,5170,5290
2006-12-01,566700,4605,4760,5390,4760,5080
2006-12-04,464500,4400,4400,4700,4400,4615
2006-12-05,337700,4250,4310,4445,4310,4410
2006-12-06,276200,4120,4120,4380,4120,4310
2006-12-07,846400,4250,4410,4680,4410,4315
2006-12-08,272800,4125,4200,4345,4200,4300
2006-12-11,511700,4140,4830,4830,4830,4180
2006-12-12,1174200,4475,4540,5170,4540,5100
2006-12-13,644700,4340,4420,4770,4420,4595
2006-12-14,408500,4270,4280,4465,4280,4420
2006-12-15,246300,4300,4335,4400,4335,4320
2006-12-18,242400,4190,4195,4300,4195,4300
2006-12-19,242800,4110,4125,4310,4125,4170
2006-12-20,192800,4050,4140,4175,4140,4130
2006-12-21,110700,4070,4070,4150,4070,4150
2006-12-22,673600,4100,4180,4580,4180,4480
2006-12-26,195100,4040,4075,4310,4075,4250
2006-12-27,82100,3955,3955,4150,3955,4135
2006-12-28,161700,3845,3945,3955,3945,3845
2007-01-02,264100,3850,3980,4170,3980,3960
2007-01-03,79100,3915,3930,3990,3930,3955
2007-01-04,63400,3910,3925,3995,3925,3930
2007-01-05,102200,3810,3850,3975,3850,3955
2007-01-08,75600,3730,3750,3870,3750,3840
2007-01-09,101400,3655,3750,3795,3750,3715
2007-01-10,95200,3685,3705,3890,3705,3760
2007-01-11,533800,3690,3900,4185,3900,3710
2007-01-12,181100,3710,3840,3950,3840,3950
2007-01-15,103100,3750,3755,3900,3755,3845
2007-01-16,179200,3775,3805,3910,3805,3800
2007-01-17,65400,3675,3700,3805,3700,3800
2007-01-18,52800,3685,3685,3760,3685,3710
2007-01-19,60900,3580,3600,3745,3600,3675
2007-01-22,311100,3650,3650,3990,3650,3990
2007-01-23,88900,3500,3520,3630,3520,3615
2007-01-24,53700,3525,3560,3580,3560,3525
2007-01-25,45900,3545,3590,3645,3590,3545
2007-01-26,44700,3590,3640,3695,3640,3605
2007-01-29,182000,3590,3625,3900,3625,3590
2007-01-30,35000,3560,3580,3650,3580,3650
2007-01-31,56700,3490,3510,3600,3510,3580
2007-02-01,31500,3490,3495,3550,3495,3510
2007-02-02,37800,3445,3520,3545,3520,3480
2007-02-05,54300,3520,3545,3600,3545,3600
2007-02-06,50000,3510,3515,3570,3515,3570
2007-02-07,39400,3490,3500,3535,3500,3515
2007-02-08,31500,3490,3515,3555,3515,3490
2007-02-09,47900,3520,3585,3590,3585,3525
2007-02-12,315000,3575,3650,3800,3650,3740
2007-02-13,98600,3500,3520,3630,3520,3630
2007-02-14,91800,3455,3455,3520,3455,3520
2007-02-15,65400,3430,3440,3460,3440,3440
2007-02-16,71200,3385,3395,3450,3395,3445
2007-02-20,37500,3330,3395,3420,3395,3385
2007-02-21,45000,3375,3390,3450,3390,3375
2007-02-22,59000,3385,3405,3450,3405,3395
2007-02-23,41300,3395,3415,3430,3415,3410
2007-02-26,50800,3400,3455,3470,3455,3410
2007-02-27,30300,3405,3460,3480,3460,3480
2007-02-28,40500,3000,3335,3335,3335,3335
2007-03-05,83000,3200,3210,3395,3210,3335
2007-03-06,45400,3200,3290,3315,3290,3240
2007-03-07,18400,3260,3270,3320,3270,3280
2007-03-08,217000,3270,3390,3545,3390,3270
2007-03-09,72000,3325,3410,3490,3410,3455
2007-03-12,50200,3360,3380,3410,3380,3400
2007-03-13,24700,3320,3360,3420,3360,3365
2007-03-14,24900,3270,3295,3355,3295,3285
2007-03-15,24200,3300,3350,3425,3350,3300
2007-03-16,35900,3330,3420,3445,3420,3330
2007-03-19,32100,3420,3455,3530,3455,3420
2007-03-20,42200,3460,3490,3580,3490,3485
2007-03-21,92900,3490,3555,3620,3555,3570
2007-03-22,27500,3490,3505,3595,3505,3595
2007-03-23,28700,3485,3520,3545,3520,3515
2007-03-26,31900,3470,3470,3520,3470,3500
2007-03-27,23300,3470,3535,3545,3535,3490
2007-03-28,26100,3480,3480,3550,3480,3500
2007-03-29,28300,3480,3525,3570,3525,3500
2007-03-30,118600,3500,3600,3650,3600,3500
2007-04-02,56900,3585,3585,3685,3585,3630
2007-04-03,37800,3500,3540,3640,3540,3640
2007-04-04,31000,3485,3500,3560,3500,3500
2007-04-05,37300,3445,3470,3515,3470,3480
2007-04-06,107600,3450,3480,3635,3480,3510
2007-04-09,58700,3455,3475,3535,3475,3500
2007-04-10,105100,3450,3510,3620,3510,3490
2007-04-11,76300,3500,3590,3590,3590,3540
2007-04-12,30500,3545,3575,3620,3575,3590
2007-04-13,146900,3560,3650,3715,3650,3560
2007-04-16,84100,3690,3790,3795,3790,3705
2007-04-17,208700,3800,3920,4000,3920,3900
2007-04-18,113900,3750,3750,4010,3750,4010
2007-04-19,69500,3630,3680,3735,3680,3700
2007-04-20,36700,3610,3750,3790,3750,3610
2007-04-23,46800,3730,3780,3825,3780,3750
2007-04-24,49600,3725,3780,3795,3780,3770
2007-04-25,36300,3740,3800,3850,3800,3780
2007-04-26,43600,3810,3820,3885,3820,3870
2007-04-27,51700,3800,3830,3920,3830,3820
2007-04-30,47000,3730,3750,3880,3750,3840
2007-05-02,39000,3685,3770,3800,3770,3685
2007-05-03,24800,3730,3770,3835,3770,3770
2007-05-04,73000,3790,3900,3995,3900,3790
2007-05-07,48800,3850,3920,3975,3920,3920
2007-05-08,36600,3885,3955,3975,3955,3920
2007-05-09,77500,3835,3930,3980,3930,3970
2007-05-10,95100,3870,3970,4055,3970,3900
2007-05-11,65300,3960,4000,4185,4000,3970
2007-05-14,53500,3955,4020,4075,4020,4075
2007-05-15,248400,3980,4100,4385,4100,3980
2007-05-16,51500,4055,4110,4220,4110,4190
2007-05-17,37500,4080,4140,4155,4140,4110
2007-05-18,42500,4145,4215,4240,4215,4220
2007-05-21,52500,4215,4290,4295,4290,4225
2007-05-22,78000,4100,4120,4340,4120,4300
2007-05-23,63500,3990,4020,4135,4020,4120
2007-05-25,32200,3925,4070,4070,4070,3950
2007-05-28,39800,3995,4010,4100,4010,4075
2007-05-29,118400,3900,3970,4095,3970,4000
2007-05-30,446300,3925,4130,4470,4130,3925
2007-05-31,207900,4165,4355,4435,4355,4210
2007-06-01,105300,4055,4155,4395,4155,4395
2007-06-04,95100,4000,4145,4195,4145,4165
2007-06-05,182200,4110,4360,4500,4360,4200
2007-06-07,101100,4270,4290,4480,4290,4370
2007-06-08,83200,4100,4120,4350,4120,4300
2007-06-11,61900,4030,4100,4160,4100,4160
2007-06-12,31000,4060,4140,4185,4140,4060
2007-06-13,34300,4065,4095,4195,4095,4140
2007-06-14,70100,4065,4125,4230,4125,4095
2007-06-15,106700,4000,4030,4125,4030,4050
2007-06-18,61300,4010,4035,4090,4035,4035
2007-06-19,74900,4010,4055,4100,4055,4035
2007-06-20,60800,3955,3970,4080,3970,4080
2007-06-21,28400,3900,3955,4000,3955,3900
2007-06-22,32800,3940,3990,3995,3990,3960
2007-06-25,21200,3950,3970,4000,3970,3990
2007-06-26,47600,3870,3945,3990,3945,3935
2007-06-27,26100,3850,3860,3945,3860,3945
2007-06-28,61900,3860,4000,4025,4000,3935
2007-06-29,9800,3975,3975,4050,3975,4005
2007-07-02,21500,3945,3990,4060,3990,4020
2007-07-03,39100,3910,4015,4050,4015,3910
2007-07-04,216700,3990,4300,4350,4300,4040
2007-07-05,1190700,4370,4945,4945,4945,4405
2007-07-06,1281700,4205,4205,5470,4205,5150
2007-07-09,188300,4030,4115,4210,4115,4205
2007-07-10,782000,4160,4500,4670,4500,4180
2007-07-11,476000,4215,4230,4700,4230,4420
2007-07-12,165700,4150,4160,4340,4160,4330
2007-07-13,97800,4190,4235,4400,4235,4200
2007-07-16,83300,4185,4200,4290,4200,4230
2007-07-18,69300,4090,4130,4220,4130,4210
2007-07-19,41400,4100,4155,4200,4155,4120
2007-07-20,62300,4165,4270,4270,4270,4185
2007-07-23,41100,4190,4225,4295,4225,4295
2007-07-24,46400,4190,4230,4270,4230,4270
2007-07-25,75100,4175,4380,4470,4380,4220
2007-07-26,93600,4225,4250,4425,4250,4385
2007-07-27,41200,4150,4195,4300,4195,4165
2007-07-30,211400,4305,4400,4800,4400,4305
2007-07-31,140500,4330,4480,4675,4480,4510
2007-08-01,86500,4310,4375,4570,4375,4475
2007-08-02,891500,4440,4820,5030,4820,4485
2007-08-03,532500,4350,4350,5060,4350,5000
2007-08-06,187600,4275,4385,4570,4385,4350
2007-08-07,254400,4395,4500,4700,4500,4470
2007-08-08,500600,4550,5170,5170,5170,4600
2007-08-09,1093600,4595,4700,5790,4700,5500
2007-08-10,176500,4420,4500,4630,4500,4610
2007-08-14,792900,4610,4800,5540,4800,5000
2007-08-16,186000,4200,4220,4620,4220,4610
2007-08-17,157100,4035,4050,4320,4050,4210
2007-08-20,168200,4200,4440,4450,4440,4250
2007-08-21,105400,4250,4270,4495,4270,4490
2007-08-22,309300,4385,4505,4880,4505,4410
2007-08-23,86800,4420,4435,4600,4435,4600
2007-08-24,63600,4320,4400,4480,4400,4480
2007-08-27,63300,4385,4420,4540,4420,4525
2007-08-28,45700,4370,4410,4485,4410,4480
2007-08-29,64300,4260,4310,4350,4310,4325
2007-08-30,50200,4310,4380,4445,4380,4360
2007-08-31,118800,4370,4480,4750,4480,4390
2007-09-03,53400,4425,4500,4650,4500,4550
2007-09-04,39500,4400,4475,4565,4475,4470
2007-09-05,80600,4350,4350,4550,4350,4505
2007-09-06,30600,4310,4360,4415,4360,4350
2007-09-07,31100,4340,4420,4460,4420,4400
2007-09-10,52800,4285,4360,4410,4360,4330
2007-09-11,55800,4365,4455,4500,4455,4420
2007-09-12,796600,4465,4800,5070,4800,4540
2007-09-13,233800,4460,4480,4850,4480,4780
2007-09-14,101700,4500,4625,4690,4625,4535
2007-09-17,81600,4605,4725,4770,4725,4605
2007-09-18,161100,4685,4800,4900,4800,4725
2007-09-19,98200,4630,4640,4900,4640,4850
2007-09-20,78600,4625,4780,4855,4780,4700
2007-09-21,55700,4750,4830,4875,4830,4780
2007-09-27,128200,4810,4945,5080,4945,4900
2007-09-28,156600,4850,4965,5150,4965,4950
2007-10-01,110800,4990,5150,5160,5150,5000
2007-10-02,80100,5080,5160,5250,5160,5150
2007-10-04,256700,5150,5320,5490,5320,5180
2007-10-05,339000,5000,5020,5530,5020,5220
2007-10-08,144700,4840,4925,5040,4925,5040
2007-10-09,57700,4900,5030,5090,5030,5020
2007-10-10,80000,4950,5070,5160,5070,4965
2007-10-11,58600,4900,5000,5070,5000,5060
2007-10-12,44200,4900,5030,5030,5030,4900
2007-10-15,41600,4935,4990,5070,4990,5070
2007-10-16,158900,4960,5120,5470,5120,5010
2007-10-17,96800,4720,4985,5100,4985,5070
2007-10-18,69400,4985,5250,5290,5250,4985
2007-10-19,67700,5100,5270,5340,5270,5280
2007-10-22,52400,4505,4970,5080,4970,4860
2007-10-23,55600,4985,5000,5150,5000,5060
2007-10-24,55200,4870,4870,5100,4870,4980
2007-10-25,48600,4725,4735,4960,4735,4900
2007-10-26,70400,4545,4700,4725,4700,4700
2007-10-29,50100,4640,4795,4795,4795,4660
2007-10-30,27900,4750,4830,4850,4830,4750
2007-10-31,19800,4735,4815,4870,4815,4800
2007-11-01,98400,4800,4920,5110,4920,4820
2007-11-02,239500,4775,5100,5350,5100,4850
2007-11-05,184600,5050,5090,5300,5090,5180
2007-11-06,61200,4900,5100,5100,5100,5070
2007-11-07,40700,4950,4950,5100,4950,5100
2007-11-08,95300,4755,5090,5300,5090,4755
2007-11-09,64500,4990,5080,5150,5080,5150
2007-11-12,48300,4900,4910,5050,4910,4910
2007-11-13,40400,4930,5040,5050,5040,5000
2007-11-14,78400,5110,5150,5270,5150,5230
2007-11-15,39000,4955,5140,5180,5140,5150
2007-11-16,44800,5050,5150,5170,5150,5170
2007-11-19,54000,5140,5240,5290,5240,5210
2007-11-20,61600,5130,5300,5310,5300,5180
2007-11-21,125200,5040,5040,5450,5040,5380
2007-11-22,63000,4765,4900,4975,4900,4910
2007-11-23,73000,4505,4700,4990,4700,4900
2007-11-26,130600,4600,4650,5000,4650,4895
2007-11-27,131700,4005,4160,4650,4160,4610
2007-11-28,69600,3990,4095,4165,4095,4065
2007-11-29,73000,4030,4080,4195,4080,4195
2007-11-30,46400,4060,4180,4205,4180,4130
2007-12-03,44800,4105,4285,4335,4285,4215
2007-12-04,24400,4210,4280,4390,4280,4230
2007-12-05,34500,4320,4350,4430,4350,4320
2007-12-06,48900,4200,4285,4470,4285,4370
2007-12-07,31000,4230,4345,4365,4345,4340
2007-12-10,52100,4285,4340,4450,4340,4305
2007-12-11,30600,4255,4310,4385,4310,4375
2007-12-12,516600,4350,4440,4955,4440,4430
2007-12-13,83200,4250,4300,4500,4300,4500
2007-12-14,63300,4150,4190,4310,4190,4290
2007-12-17,66400,4050,4055,4190,4055,4100
2007-12-18,42500,3950,4000,4055,4000,3950
2007-12-20,56200,3955,4020,4085,4020,3985
2007-12-21,34000,3935,3950,4080,3950,4025
2007-12-24,138700,3650,3670,3995,3670,3995
2007-12-26,56200,3530,3605,3690,3605,3670
2007-12-27,34200,3590,3630,3680,3630,3600
2007-12-28,45020,3605,3725,3730,3725,3610
2008-01-02,25933,3660,3700,3765,3700,3765
2008-01-03,42922,3535,3680,3680,3680,3680
2008-01-04,11763,3600,3645,3680,3645,3670
2008-01-07,38796,3555,3590,3645,3590,3590
2008-01-08,37374,3495,3515,3610,3515,3600
2008-01-09,27598,3400,3460,3515,3460,3515
2008-01-10,142538,3470,3630,3725,3630,3480
2008-01-11,27595,3505,3560,3655,3560,3600
2008-01-14,37190,3340,3395,3545,3395,3505
2008-01-15,44994,3200,3355,3500,3355,3405
2008-01-16,46403,3030,3225,3315,3225,3200
2008-01-17,17856,3195,3220,3325,3220,3275
2008-01-18,15284,3080,3225,3280,3225,3080
2008-01-21,34323,3015,3150,3245,3150,3170
2008-01-22,56698,2940,3000,3175,3000,3100
2008-01-23,27255,2980,3005,3085,3005,3030
2008-01-24,42157,2995,3200,3240,3200,3030
2008-01-25,23568,3165,3300,3450,3300,3180
2008-01-28,12164,3145,3195,3290,3195,3210
2008-01-29,13847,3120,3200,3280,3200,3275
2008-01-30,15244,3140,3195,3335,3195,3300
2008-01-31,27876,3010,3115,3290,3115,3290
2008-02-01,21479,3100,3130,3190,3130,3150
2008-02-04,12234,3090,3125,3150,3125,3130
2008-02-05,516343,3230,3280,3590,3280,3245
2008-02-11,97619,3100,3150,3290,3150,3260
2008-02-12,33852,3170,3170,3280,3170,3195
2008-02-13,117194,3220,3220,3580,3220,3410
2008-02-14,51013,3235,3350,3370,3350,3235
2008-02-15,22829,3285,3350,3400,3350,3400
2008-02-18,43966,3235,3310,3370,3310,3310
2008-02-19,38965,3275,3350,3410,3350,3360
2008-02-20,37864,3300,3350,3410,3350,3385
2008-02-21,25288,3300,3335,3430,3335,3430
2008-02-22,10639,3270,3290,3315,3290,3315
2008-02-25,31610,3240,3245,3395,3245,3300
2008-02-26,20744,3215,3215,3290,3215,3290
2008-02-27,728375,3305,3605,3695,3605,3310
2008-02-28,322655,3105,3335,3760,3335,3695
2008-02-29,57074,3280,3345,3415,3345,3335
2008-03-03,84047,3275,3405,3530,3405,3280
2008-03-04,38255,3390,3460,3500,3460,3400
2008-03-05,36209,3375,3415,3500,3415,3415
2008-03-06,20642,3360,3395,3475,3395,3410
2008-03-07,27453,3340,3365,3415,3365,3395
2008-03-10,24532,3320,3375,3430,3375,3340
2008-03-11,25662,3335,3360,3440,3360,3375
2008-03-12,15903,3350,3355,3400,3355,3380
2008-03-13,42256,3330,3330,3400,3330,3385
2008-03-14,29710,3330,3350,3490,3350,3395
2008-03-17,52278,3315,3325,3410,3325,3335
2008-03-18,37088,3315,3370,3375,3370,3375
2008-03-19,16496,3355,3355,3395,3355,3385
2008-03-20,5170,3355,3375,3390,3375,3365
2008-03-21,17400,3365,3370,3480,3370,3480
2008-03-24,26501,3370,3370,3400,3370,3400
2008-03-25,5935,3365,3385,3400,3385,3380
2008-03-26,10629,3360,3380,3420,3380,3405
2008-03-27,16461,3365,3390,3535,3390,3430
2008-03-28,18263,3340,3400,3435,3400,3340
2008-03-31,19376,3350,3360,3385,3360,3355
2008-04-01,23371,3350,3355,3400,3355,3400
2008-04-02,243780,3365,3525,3760,3525,3395
2008-04-03,76071,3400,3480,3600,3480,3580
2008-04-04,225963,3480,3480,3890,3480,3890
2008-04-07,300676,3600,3680,3895,3680,3760
2008-04-08,104038,3510,3550,3735,3550,3720
2008-04-10,40646,3505,3555,3600,3555,3560
2008-04-11,256965,3550,3565,3870,3565,3560
2008-04-14,82456,3560,3580,3710,3580,3630
2008-04-15,87362,3520,3540,3745,3540,3700
2008-04-16,81164,3455,3480,3590,3480,3590
2008-04-17,34911,3470,3485,3540,3485,3520
2008-04-18,67590,3360,3385,3495,3385,3495
2008-04-21,35988,3290,3340,3470,3340,3470
2008-04-22,129348,3300,3350,3470,3350,3400
2008-04-23,42004,3245,3260,3350,3260,3350
2008-04-24,28865,3245,3300,3300,3300,3250
2008-04-25,13239,3270,3300,3340,3300,3320
2008-04-28,36352,3120,3200,3330,3200,3300
2008-04-29,32814,3180,3220,3265,3220,3200
2008-04-30,13366,3160,3290,3290,3290,3220
2008-05-02,145785,3315,3525,3600,3525,3340
2008-05-06,233515,3790,4050,4050,4050,3790
2008-05-07,321216,4655,4655,4655,4655,4655
2008-05-08,2286602,4890,5020,5350,5020,4895
2008-05-09,2095379,4460,4600,5300,4600,5030
2008-05-13,2273515,4610,4900,5290,4900,5060
2008-05-14,734764,4165,4165,4915,4165,4850
2008-05-15,698604,3965,4150,4260,4150,4170
2008-05-16,435206,4000,4065,4240,4065,4090
2008-05-19,540566,4115,4135,4330,4135,4145
2008-05-20,390181,3790,3815,4080,3815,3955
2008-05-21,199101,3670,3800,3915,3800,3915
2008-05-22,152030,3680,3680,3850,3680,3740
2008-05-23,125062,3650,3785,3805,3785,3650
2008-05-26,120030,3500,3575,3790,3575,3730
2008-05-27,125039,3410,3450,3610,3450,3610
2008-05-28,393049,3460,3600,3810,3600,3470
2008-05-29,108628,3505,3545,3655,3545,3600
2008-05-30,81211,3520,3630,3640,3630,3560
2008-06-02,64567,3500,3540,3645,3540,3625
2008-06-03,86923,3440,3440,3540,3440,3485
2008-06-04,56748,3410,3440,3465,3440,3420
2008-06-05,66040,3410,3510,3535,3510,3410
2008-06-09,37988,3400,3420,3490,3420,3410
2008-06-10,98900,3355,3360,3475,3360,3475
2008-06-11,57101,3270,3280,3365,3280,3365
2008-06-12,32290,3220,3360,3410,3360,3220
2008-06-13,14304,3250,3295,3400,3295,3400
2008-06-16,16954,3300,3330,3375,3330,3310
2008-06-17,17438,3295,3330,3350,3330,3350
2008-06-18,8131,3255,3370,3375,3370,3255
2008-06-19,57286,3265,3290,3415,3290,3335
2008-06-20,53392,3305,3370,3470,3370,3345
2008-06-23,26842,3305,3325,3380,3325,3370
2008-06-24,42265,3285,3295,3390,3295,3390
2008-06-25,27385,3290,3305,3345,3305,3345
2008-06-26,61965,3310,3400,3490,3400,3310
2008-06-27,27720,3275,3300,3400,3300,3305
2008-06-30,32040,3300,3410,3500,3410,3300
2008-07-01,25133,3325,3425,3470,3425,3410
2008-07-02,51355,3310,3360,3490,3360,3485
2008-07-03,35570,3150,3200,3335,3200,3215
2008-07-04,14996,3140,3145,3270,3145,3150
2008-07-07,40409,2965,3015,3165,3015,3100
2008-07-08,34356,2925,2965,3080,2965,3000
2008-07-09,71018,3000,3080,3235,3080,3045
2008-07-10,17718,2785,3130,3150,3130,3000
2008-07-11,12996,3000,3110,3170,3110,3120
2008-07-14,11875,3030,3115,3160,3115,3160
2008-07-15,9896,3000,3080,3115,3080,3050
2008-07-16,5986,3005,3075,3110,3075,3100
2008-07-17,10695,3050,3055,3150,3055,3100
2008-07-18,7501,3050,3105,3140,3105,3095
2008-07-21,13192,3095,3120,3130,3120,3125
2008-07-22,13194,3065,3090,3130,3090,3065
2008-07-23,17794,3085,3110,3125,3110,3105
2008-07-24,25198,3070,3180,3180,3180,3070
2008-07-25,60132,3075,3130,3190,3130,3120
2008-07-28,18946,3090,3125,3160,3125,3130
2008-07-29,44400,3000,3140,3140,3140,3140
2008-07-30,6400,3090,3110,3135,3110,3135
2008-07-31,16500,3070,3145,3155,3145,3075
2008-08-01,4800,3100,3130,3160,3130,3100
2008-08-04,13700,3030,3095,3100,3095,3100
2008-08-05,9000,3010,3040,3095,3040,3025
2008-08-06,24500,3000,3030,3100,3030,3070
2008-08-07,39900,2970,3050,3050,3050,3030
2008-08-08,10200,2960,3030,3050,3030,3050
2008-08-11,2400,2985,3020,3035,3020,2985
2008-08-12,9700,3000,3020,3045,3020,3000
2008-08-13,10200,3020,3050,3080,3050,3040
2008-08-14,14200,3015,3055,3065,3055,3050
2008-08-18,32449,3050,3055,3180,3055,3055
2008-08-19,7539,3055,3085,3095,3085,3055
2008-08-20,22953,3100,3120,3180,3120,3100
2008-08-21,26416,3085,3150,3195,3150,3085
2008-08-22,16031,3020,3035,3175,3035,3175
2008-08-25,7771,3005,3030,3100,3030,3005
2008-08-26,7816,2970,3060,3060,3060,2985
2008-08-27,6356,3010,3070,3090,3070,3090
2008-08-28,14182,3050,3075,3175,3075,3080
2008-08-29,9100,3040,3085,3150,3085,3130
2008-09-01,9830,2965,2965,3110,2965,3110
2008-09-02,38429,2525,2585,3020,2585,2890
2008-09-03,25368,2505,2620,2620,2620,2585
2008-09-04,13763,2650,2780,2800,2780,2650
2008-09-05,8079,2715,2780,2780,2780,2780
2008-09-08,10587,2760,2825,2895,2825,2760
2008-09-09,9158,2775,2815,2880,2815,2830
2008-09-10,3427,2725,2745,2830,2745,2765
2008-09-11,9816,2740,2845,2850,2845,2745
2008-09-12,13990,2845,2910,2945,2910,2845
2008-09-16,16461,2610,2700,2800,2700,2620
2008-09-17,8535,2750,2760,2835,2760,2750
2008-09-18,4696,2620,2730,2790,2730,2620
2008-09-19,5770,2735,2830,2845,2830,2795
2008-09-22,13225,2840,2895,2955,2895,2880
2008-09-23,7256,2805,2830,2880,2830,2820
2008-09-24,5188,2805,2870,2870,2870,2805
2008-09-25,6450,2830,2840,2980,2840,2900
2008-09-26,2507,2830,2920,2945,2920,2830
2008-09-29,12519,2920,2965,3125,2965,2940
2008-09-30,25607,2760,3000,3100,3000,2820
2008-10-01,55648,3000,3105,3240,3105,3090
2008-10-02,95139,3080,3160,3460,3160,3150
2008-10-06,118615,2920,3070,3380,3070,3305
2008-10-07,137305,2770,3410,3530,3410,2950
2008-10-08,68271,3100,3140,3330,3140,3230
2008-10-09,47778,2940,2970,3100,2970,3020
2008-10-10,49702,2525,2695,2930,2695,2930
2008-10-13,17164,2720,2830,2870,2830,2720
2008-10-14,48223,2870,3000,3020,3000,2930
2008-10-15,26764,2825,2830,3050,2830,2925
2008-10-16,56331,2520,2520,2690,2520,2690
2008-10-17,15786,2500,2600,2650,2600,2650
2008-10-20,17615,2400,2600,2655,2600,2655
2008-10-21,14197,2605,2640,2645,2640,2645
2008-10-22,24164,2450,2500,2700,2500,2520
2008-10-23,29817,2125,2150,2500,2150,2500
2008-10-24,40504,1830,1830,2280,1830,2130
2008-10-27,59931,1560,1630,1825,1630,1565
2008-10-28,26728,1390,1625,1700,1625,1700
2008-10-29,30947,1515,1570,1860,1570,1675
2008-10-30,30744,1580,1790,1790,1790,1595
2008-10-31,51003,1735,1810,1855,1810,1735
2008-11-03,29250,1860,1995,2030,1995,1895
2008-11-04,72892,1895,2050,2050,2050,1965
2008-11-05,61992,2020,2100,2230,2100,2150
2008-11-06,38951,1825,1825,2045,1825,1980
2008-11-07,30713,1660,1970,2000,1970,1800
2008-11-10,21156,2000,2220,2265,2220,2045
2008-11-11,20217,2200,2340,2340,2340,2300
2008-11-12,9403,2210,2260,2335,2260,2210
2008-11-13,10663,2115,2210,2320,2210,2115
2008-11-14,34495,2255,2330,2450,2330,2340
2008-11-17,6768,2200,2320,2390,2320,2200
2008-11-18,10829,2300,2395,2400,2395,2400
2008-11-19,27600,2100,2375,2395,2375,2300
2008-11-20,6260,2150,2260,2345,2260,2345
2008-11-21,10382,2030,2280,2350,2280,2030
2008-11-24,2797,2235,2290,2340,2290,2300
2008-11-25,19182,2230,2310,2370,2310,2235
2008-11-26,6307,2250,2310,2330,2310,2250
2008-11-27,14100,2280,2285,2315,2285,2315
2008-11-28,16773,2260,2265,2345,2265,2345
2008-12-01,2873,2255,2300,2340,2300,2260
2008-12-02,2575,2155,2290,2300,2290,2155
2008-12-03,3339,2200,2260,2300,2260,2230
2008-12-04,1233,2230,2275,2300,2275,2260
2008-12-05,3302,2200,2300,2300,2300,2295
2008-12-08,11360,2245,2410,2430,2410,2245
2008-12-09,5438,2340,2370,2440,2370,2440
2008-12-10,115940,2560,2725,2725,2725,2560
2008-12-11,366428,2600,2620,2940,2620,2825
2008-12-12,69872,2400,2480,2620,2480,2620
2008-12-15,34100,2420,2500,2630,2500,2630
2008-12-16,30497,2450,2550,2590,2550,2500
2008-12-17,429397,2670,2930,2930,2930,2890
2008-12-18,132536,2630,2675,2800,2675,2800
2008-12-19,56927,2635,2710,2770,2710,2655
2008-12-22,42769,2500,2715,2770,2715,2770
2008-12-23,22081,2610,2690,2740,2690,2660
2008-12-24,22948,2535,2585,2740,2585,2740
2008-12-26,19586,2540,2555,2630,2555,2560
2008-12-29,4764,2515,2605,2670,2605,2670
2008-12-30,9661,2520,2600,2600,2600,2600
2009-01-02,2890,2580,2600,2740,2600,2740
2009-01-05,20228,2530,2550,2630,2550,2600
2009-01-06,12043,2550,2580,2595,2580,2570
2009-01-07,104997,2635,2700,2880,2700,2790
2009-01-08,32861,2640,2660,2780,2660,2780
2009-01-09,27942,2610,2680,2770,2680,2610
2009-01-12,21409,2600,2620,2680,2620,2660
2009-01-13,16375,2600,2635,2700,2635,2645
2009-01-14,9388,2595,2680,2690,2680,2610
2009-01-15,19251,2510,2580,2645,2580,2615
2009-01-16,7331,2530,2570,2585,2570,2535
2009-01-19,41998,2645,2645,2750,2645,2665
2009-01-20,13046,2550,2590,2675,2590,2675
2009-01-21,17115,2405,2670,2700,2670,2545
2009-01-22,7907,2615,2615,2700,2615,2700
2009-01-23,10592,2580,2635,2665,2635,2640
2009-01-28,17070,2625,2740,2750,2740,2635
2009-01-29,13155,2700,2700,2855,2700,2700
2009-01-30,7363,2650,2710,2720,2710,2650
2009-02-02,14929,2655,2775,2810,2775,2705
2009-02-03,13145,2715,2765,2795,2765,2795
2009-02-04,12729,2745,2770,2835,2770,2785
2009-02-05,9700,2695,2735,2750,2735,2730
2009-02-06,9206,2680,2715,2780,2715,2740
2009-02-09,2561,2700,2700,2750,2700,2730
2009-02-10,6016,2670,2695,2720,2695,2720
2009-02-11,6014,2640,2650,2690,2650,2680
2009-02-12,13189,2655,2750,2750,2750,2720
2009-02-13,18355,2700,2760,2780,2760,2770
2009-02-16,19313,2720,2735,2795,2735,2750
2009-02-17,9995,2655,2675,2730,2675,2730
2009-02-18,31476,2570,2790,2810,2790,2600
2009-02-19,31613,2725,2725,2835,2725,2835
2009-02-20,4301,2605,2680,2745,2680,2745
2009-02-23,4771,2600,2680,2705,2680,2700
2009-02-24,4323,2515,2595,2645,2595,2515
2009-02-25,1101,2565,2615,2665,2615,2610
2009-02-26,3798,2520,2600,2615,2600,2560
2009-02-27,661,2570,2645,2660,2645,2600
2009-03-02,2966,2500,2555,2630,2555,2630
2009-03-03,6058,2380,2480,2500,2480,2450
2009-03-04,2029,2400,2450,2490,2450,2475
2009-03-05,2784,2445,2465,2495,2465,2495
2009-03-06,2736,2380,2420,2435,2420,2400
2009-03-09,16495,2445,2500,2750,2500,2450
2009-03-10,4833,2435,2470,2570,2470,2570
2009-03-11,7572,2425,2475,2530,2475,2530
2009-03-12,6751,2440,2475,2525,2475,2495
2009-03-13,6489,2475,2500,2540,2500,2540
2009-03-16,9660,2465,2470,2500,2470,2495
2009-03-17,7543,2455,2475,2510,2475,2455
2009-03-18,18146,2475,2595,2650,2595,2510
2009-03-19,6350,2510,2585,2620,2585,2620
2009-03-20,2665,2565,2565,2620,2565,2585
2009-03-23,74,2670,2670,2675,2670,2675
2009-03-24,14264,2560,2600,2680,2600,2590
2009-03-25,49971,2575,2810,2810,2810,2600
2009-03-26,74466,2675,2730,2900,2730,2800
2009-03-27,12239,2670,2680,2775,2680,2670
2009-03-30,11261,2520,2545,2680,2545,2670
2009-03-31,48919,2545,2595,2830,2595,2545
2009-04-01,13260,2570,2570,2670,2570,2670
2009-04-02,16299,2595,2670,2700,2670,2605
2009-04-03,10738,2620,2645,2690,2645,2630
2009-04-06,39167,2600,2620,2665,2620,2650
2009-04-07,13552,2620,2645,2730,2645,2730
2009-04-08,10161,2600,2605,2665,2605,2650
2009-04-09,81226,2600,2655,2665,2655,2660
2009-04-10,33252,2630,2660,2690,2660,2690
2009-04-13,171059,2655,2850,2855,2850,2670
2009-04-14,97850,2840,2880,2980,2880,2980
2009-04-15,41967,2730,2795,2880,2795,2880
2009-04-16,76553,2710,2735,2930,2735,2840
2009-04-17,45310,2635,2665,2770,2665,2750
2009-04-20,11835,2655,2700,2730,2700,2730
2009-04-21,32583,2630,2660,2690,2660,2690
2009-04-22,25283,2660,2680,2720,2680,2720
2009-04-23,34665,2670,2720,2750,2720,2700
2009-04-24,165234,2705,2870,2990,2870,2730
2009-04-27,10477,3300,3300,3300,3300,3300
2009-04-28,36413,3795,3795,3795,3795,3795
2009-04-29,862313,3410,3600,3995,3600,3800
2009-04-30,248743,3455,3600,3735,3600,3620
2009-05-04,298733,3060,3060,3530,3060,3465
2009-05-06,204479,2975,3010,3110,3010,3055
2009-05-07,158827,3035,3050,3195,3050,3065
2009-05-08,55016,2945,3000,3070,3000,3050
2009-05-11,217707,3050,3170,3365,3170,3075
2009-05-12,110749,3110,3190,3290,3190,3150
2009-05-13,300268,3035,3290,3550,3290,3200
2009-05-14,207966,3230,3380,3620,3380,3290
2009-05-15,110972,3135,3175,3495,3175,3480
2009-05-18,126095,3220,3270,3450,3270,3435
2009-05-19,79535,3200,3230,3370,3230,3330
2009-05-20,50091,3220,3250,3295,3250,3245
2009-05-21,64569,3065,3150,3300,3150,3300
2009-05-22,69713,3100,3150,3230,3150,3150
2009-05-25,80822,2900,2950,3225,2950,3170
2009-05-26,38161,2900,2905,3010,2905,2965
2009-05-27,284933,2920,2960,3300,2960,2920
2009-05-28,53055,2835,2970,3040,2970,2980
2009-05-29,17455,2950,2950,3045,2950,3045
2009-06-01,19628,2890,2950,2955,2950,2955
2009-06-02,32998,2880,2930,3020,2930,2950
2009-06-03,45291,2905,3060,3175,3060,2935
2009-06-04,25794,2860,2900,3060,2900,3010
2009-06-05,10642,2870,2930,2970,2930,2905
2009-06-08,12275,2860,2905,2935,2905,2930
2009-06-09,22839,2785,2785,2905,2785,2860
2009-06-10,9274,2785,2810,2835,2810,2795
2009-06-11,16128,2790,2825,2850,2825,2790
2009-06-12,19138,2810,2830,2930,2830,2870
2009-06-15,11959,2730,2740,2830,2740,2830
2009-06-16,45719,2635,2640,2745,2640,2715
2009-06-17,27134,2570,2600,2685,2600,2640
2009-06-18,6559,2595,2595,2670,2595,2670
2009-06-19,32156,2500,2540,2635,2540,2595
2009-06-22,13105,2520,2525,2555,2525,2555
2009-06-23,14129,2450,2460,2505,2460,2505
2009-06-24,7680,2420,2435,2505,2435,2505
2009-06-25,10270,2445,2475,2535,2475,2480
2009-06-26,29268,2500,2580,2615,2580,2535
2009-06-29,20702,2500,2500,2630,2500,2540
2009-06-30,18908,2480,2570,2650,2570,2495
2009-07-01,10779,2520,2520,2570,2520,2570
2009-07-02,3055,2520,2525,2560,2525,2560
2009-07-03,7719,2530,2560,2620,2560,2550
2009-07-06,591,2540,2560,2595,2560,2540
2009-07-07,21530,2550,2620,2720,2620,2550
2009-07-08,9416,2600,2640,2670,2640,2600
2009-07-09,19805,2605,2630,2665,2630,2605
2009-07-10,11791,2560,2580,2655,2580,2655
2009-07-13,12033,2550,2550,2600,2550,2560
2009-07-14,11090,2500,2510,2650,2510,2650
2009-07-15,18803,2515,2545,2590,2545,2535
2009-07-16,14172,2515,2515,2545,2515,2520
2009-07-17,6591,2500,2515,2540,2515,2540
2009-07-20,13589,2515,2550,2560,2550,2515
2009-07-21,12312,2550,2550,2580,2550,2580
2009-07-22,3638,2550,2555,2585,2555,2550
2009-07-23,20386,2560,2675,2675,2675,2580
2009-07-24,14336,2635,2665,2690,2665,2690
2009-07-27,2284,2635,2635,2720,2635,2720
2009-07-28,17293,2580,2590,2695,2590,2665
2009-07-29,12904,2540,2570,2665,2570,2630
2009-07-30,10114,2550,2550,2585,2550,2585
2009-07-31,13386,2535,2560,2585,2560,2550
2009-08-03,4716,2560,2565,2600,2565,2600
2009-08-04,12211,2565,2565,2630,2565,2625
2009-08-05,6020,2550,2560,2600,2560,2580
2009-08-06,15406,2580,2625,2625,2625,2580
2009-08-07,13427,2600,2615,2650,2615,2650
2009-08-10,19129,2615,2660,2670,2660,2630
2009-08-11,10294,2630,2660,2695,2660,2650
2009-08-12,12074,2630,2650,2670,2650,2660
2009-08-13,18586,2645,2720,2730,2720,2645
2009-08-14,15045,2695,2770,2800,2770,2715
2009-08-17,84555,2790,2935,3140,2935,2790
2009-08-18,38971,2720,2740,2940,2740,2940
2009-08-19,8951,2690,2730,2790,2730,2750
2009-08-20,19056,2685,2705,2770,2705,2705
2009-08-21,14337,2750,2750,2800,2750,2785
2009-08-24,241464,2855,3160,3160,3160,2855
2009-08-25,210318,2820,2915,3150,2915,3150
2009-08-26,46720,2850,2900,3020,2900,3020
2009-08-27,22840,2875,2940,2990,2940,2915
2009-08-28,362731,2980,3360,3380,3360,3000
2009-08-31,170308,3060,3130,3400,3130,3360
2009-09-01,71660,3080,3160,3230,3160,3140
2009-09-02,76078,3000,3045,3180,3045,3180
2009-09-03,22777,2970,3050,3095,3050,3065
2009-09-04,26896,3000,3070,3100,3070,3090
2009-09-07,15891,3000,3040,3070,3040,3070
2009-09-08,20489,3010,3080,3260,3080,3020
2009-09-09,10340,3045,3100,3115,3100,3065
2009-09-10,70867,3080,3150,3300,3150,3120
2009-09-11,37591,3120,3250,3250,3250,3220
2009-09-14,77924,3210,3245,3380,3245,3250
2009-09-15,16113,3170,3250,3250,3250,3250
2009-09-16,11557,3190,3205,3295,3205,3190
2009-09-17,263420,3155,3455,3675,3455,3180
2009-09-18,66951,3280,3355,3420,3355,3420
2009-09-21,19737,3250,3275,3420,3275,3340
2009-09-22,12673,3275,3300,3360,3300,3275
2009-09-23,18270,3255,3295,3380,3295,3380
2009-09-24,9663,3190,3190,3310,3190,3220
2009-09-25,19428,3055,3060,3230,3060,3230
2009-09-28,14660,3000,3045,3130,3045,3080
2009-09-29,13340,2955,2955,3070,2955,3050
2009-09-30,26453,2855,2870,2995,2870,2915
2009-10-01,17284,2830,3065,3150,3065,2935
2009-10-05,6753,2925,2995,3100,2995,2930
2009-10-06,8355,2965,2980,3065,2980,3065
2009-10-07,9757,2980,3100,3100,3100,2985
2009-10-08,10711,2985,3015,3080,3015,3010
2009-10-09,5192,3015,3080,3120,3080,3120
2009-10-12,5393,3025,3060,3135,3060,3135
2009-10-13,10996,3000,3060,3080,3060,3030
2009-10-14,8317,3000,3060,3070,3060,3015
2009-10-15,2863,3000,3045,3085,3045,3020
2009-10-16,11344,3000,3060,3080,3060,3020
2009-10-19,2389,3020,3065,3090,3065,3030
2009-10-20,42003,3070,3170,3295,3170,3075
2009-10-21,22681,3085,3185,3235,3185,3200
2009-10-22,3959,3100,3100,3185,3100,3185
2009-10-23,5141,3055,3160,3165,3160,3120
2009-10-26,18878,3130,3250,3260,3250,3260
2009-10-27,5467,3155,3160,3240,3160,3210
2009-10-28,29280,2710,3045,3180,3045,3180
2009-10-29,11996,2900,3000,3040,3000,2970
2009-10-30,10201,2970,3000,3100,3000,3000
2009-11-02,9594,2900,2970,3000,2970,2900
2009-11-03,127817,3000,3260,3400,3260,3000
2009-11-04,65011,3150,3250,3375,3250,3350
2009-11-05,26008,3120,3200,3340,3200,3200
2009-11-06,31982,3150,3185,3270,3185,3270
2009-11-09,212395,3220,3480,3600,3480,3335
2009-11-10,44299,3230,3400,3550,3400,3500
2009-11-11,40700,3230,3230,3400,3230,3400
2009-11-12,31361,3210,3325,3400,3325,3210
2009-11-13,109027,3280,3520,3645,3520,3280
2009-11-16,40694,3360,3450,3580,3450,3520
2009-11-17,20819,3320,3365,3515,3365,3455
2009-11-18,19589,3290,3430,3525,3430,3320
2009-11-19,16021,3320,3335,3480,3335,3400
2009-11-20,15474,3305,3325,3400,3325,3320
2009-11-23,19468,3270,3305,3365,3305,3330
2009-11-24,36084,3085,3190,3305,3190,3285
2009-11-25,35054,3250,3490,3490,3490,3300
2009-11-26,9436,3330,3400,3485,3400,3485
2009-11-27,13874,3160,3165,3365,3165,3365
2009-11-30,63352,3010,3165,3320,3165,3170
2009-12-01,15091,3065,3180,3230,3180,3230
2009-12-02,11513,3135,3150,3200,3150,3140
2009-12-03,5972,3140,3235,3240,3235,3140
2009-12-04,11801,3145,3180,3285,3180,3245
2009-12-07,9178,3180,3200,3245,3200,3180
2009-12-08,13833,3140,3165,3260,3165,3250
2009-12-09,27674,3095,3175,3635,3175,3095
2009-12-10,16104,3055,3100,3180,3100,3160
2009-12-11,8905,3100,3220,3220,3220,3100
2009-12-14,27365,3130,3160,3260,3160,3185
2009-12-15,94891,3200,3200,3500,3200,3365
2009-12-16,24199,3105,3210,3245,3210,3105
2009-12-17,25893,3210,3270,3290,3270,3210
2009-12-18,22289,3200,3330,3340,3330,3250
2009-12-21,17304,3210,3220,3315,3220,3260
2009-12-22,13528,3200,3225,3265,3225,3265
2009-12-23,3215,3190,3195,3225,3195,3210
2009-12-24,3128,3170,3220,3235,3220,3235
2009-12-28,19879,3030,3135,3245,3135,3190
2009-12-29,15929,3050,3135,3195,3135,3135
2009-12-30,24859,3010,3025,3115,3025,3115
2010-01-04,30528,2990,3005,3030,3005,3025
2010-01-05,24123,2940,2995,3040,2995,3000
2010-01-06,21665,2980,3055,3085,3055,2995
2010-01-07,109488,3075,3270,3390,3270,3380
2010-01-08,135230,3150,3160,3495,3160,3470
2010-01-11,16956,3110,3120,3180,3120,3160
2010-01-12,38402,3030,3090,3160,3090,3120
2010-01-13,18202,3040,3070,3120,3070,3095
2010-01-14,52942,3140,3150,3295,3150,3185
2010-01-15,58101,3125,3280,3330,3280,3210
2010-01-18,23859,3180,3240,3330,3240,3250
2010-01-19,46608,3180,3290,3370,3290,3180
2010-01-20,47469,3220,3235,3340,3235,3300
2010-01-21,9388,3170,3205,3230,3205,3230
2010-01-22,11772,3100,3120,3215,3120,3160
2010-01-25,26460,3025,3090,3200,3090,3090
2010-01-26,10047,3030,3035,3130,3035,3100
2010-01-27,10427,3005,3055,3090,3055,3045
2010-01-28,9618,3040,3070,3130,3070,3040
2010-01-29,16819,2990,3045,3060,3045,3035
2010-02-01,15264,2990,3050,3090,3050,3020
2010-02-02,16481,3015,3055,3065,3055,3050
2010-02-03,651,3040,3065,3080,3065,3080
2010-02-04,3125,3010,3055,3080,3055,3020
2010-02-05,23890,2600,2870,3000,2870,3000
2010-02-08,45894,2780,2825,2870,2825,2830
2010-02-09,17568,2800,2860,2925,2860,2800
2010-02-10,6416,2840,2865,2900,2865,2850
2010-02-11,6160,2840,2870,2910,2870,2860
2010-02-12,26641,2830,2905,3000,2905,2880
2010-02-16,3184,2880,2895,2955,2895,2880
2010-02-17,7805,2880,2895,2940,2895,2895
2010-02-18,708,2895,2925,2925,2925,2905
2010-02-19,4864,2865,2920,2935,2920,2890
2010-02-22,5290,2865,2915,2940,2915,2940
2010-02-23,1692,2870,2870,2915,2870,2915
2010-02-24,11555,2845,2890,2895,2890,2865
2010-02-25,15322,2835,2860,2915,2860,2915
2010-02-26,707,2855,2870,2930,2870,2900
2010-03-02,5596,2870,2935,2945,2935,2930
2010-03-03,1034,2870,2890,2930,2890,2870
2010-03-04,3779,2820,2870,2935,2870,2935
2010-03-05,1428,2810,2910,2915,2910,2855
2010-03-08,9067,2850,2875,2990,2875,2910
2010-03-09,23191,2855,2905,2935,2905,2935
2010-03-10,7941,2865,2905,2945,2905,2900
2010-03-11,8278,2860,2935,2945,2935,2930
2010-03-12,6776,2900,2955,2960,2955,2935
2010-03-15,4836,2895,2925,2940,2925,2935
2010-03-16,3874,2895,2900,2930,2900,2930
2010-03-17,11028,2890,3000,3000,3000,2900
2010-03-18,805,2970,3025,3035,3025,2970
2010-03-19,7890,2915,2970,3035,2970,3035
2010-03-22,11156,2920,2955,2970,2955,2970
2010-03-23,8618,2930,2930,2980,2930,2950
2010-03-24,3420,2905,2930,2940,2930,2920
2010-03-25,5974,2910,2945,2970,2945,2910
2010-03-26,8625,2900,2940,2970,2940,2970
2010-03-29,17066,2900,2940,2960,2940,2960
2010-03-30,5137,2900,2940,2945,2940,2940
2010-03-31,4835,2905,2940,2955,2940,2955
2010-04-01,8703,2930,2985,2990,2985,2945
2010-04-02,491619,2950,3430,3430,3430,2985
2010-04-05,337623,3160,3200,3365,3200,3250
2010-04-06,223045,3110,3140,3510,3140,3280
2010-04-07,82084,3140,3170,3280,3170,3190
2010-04-08,56185,3100,3115,3270,3115,3240
2010-04-09,437662,3225,3280,3520,3280,3230
2010-04-12,412681,3480,3770,3770,3770,3700
2010-04-13,420312,3205,3205,3670,3205,3600
2010-04-14,240988,3105,3200,3450,3200,3305
2010-04-15,65147,3100,3130,3200,3130,3170
2010-04-16,62705,3030,3085,3175,3085,3120
2010-04-19,35259,3000,3015,3080,3015,3015
2010-04-20,243230,3050,3280,3395,3280,3105
2010-04-21,172926,3160,3210,3430,3210,3300
2010-04-22,448646,3350,3685,3690,3685,3420
2010-04-23,267572,3260,3275,3695,3275,3685
2010-04-26,130239,3085,3135,3240,3135,3240
2010-04-27,50092,3125,3150,3190,3150,3140
2010-04-28,101764,3110,3115,3245,3115,3170
2010-04-29,52637,3045,3060,3140,3060,3110
2010-04-30,56100,3045,3100,3100,3100,3065
2010-05-03,199435,3180,3270,3490,3270,3325
2010-05-04,51203,3100,3130,3200,3130,3200
2010-05-06,54896,2950,3015,3120,3015,3085
2010-05-07,49522,2910,2935,3000,2935,2925
2010-05-10,40004,2905,2930,2985,2930,2905
2010-05-11,29240,2935,2970,3010,2970,2935
2010-05-12,14355,2925,2995,3020,2995,2950
2010-05-13,18458,2945,2990,3030,2990,3030
2010-05-14,22094,2930,2945,2995,2945,2995
2010-05-17,36712,2850,2890,2980,2890,2980
2010-05-18,12569,2850,2880,2930,2880,2850
2010-05-19,17811,2750,2780,2870,2780,2830
2010-05-20,16605,2740,2740,2950,2740,2740
2010-05-24,9725,2710,2745,2810,2745,2750
2010-05-25,20675,2600,2680,2830,2680,2705
2010-05-26,34272,2555,2690,2710,2690,2660
2010-05-27,5954,2615,2675,2680,2675,2620
2010-05-28,14235,2630,2630,2715,2630,2675
2010-05-31,5296,2650,2685,2810,2685,2665
2010-06-01,8847,2680,2680,2750,2680,2695
2010-06-03,25389,2655,2765,2795,2765,2690
2010-06-04,7282,2735,2790,2810,2790,2790
2010-06-07,9215,2625,2750,2780,2750,2780
2010-06-08,2667,2650,2740,2750,2740,2650
2010-06-09,8319,2670,2700,2750,2700,2750
2010-06-10,14312,2670,2680,2735,2680,2700
2010-06-11,21039,2675,2680,2740,2680,2735
2010-06-14,9317,2680,2695,2720,2695,2685
2010-06-15,3220,2685,2700,2750,2700,2750
2010-06-16,8203,2695,2705,2790,2705,2750
2010-06-17,9936,2685,2700,2710,2700,2690
2010-06-18,12395,2690,2715,2720,2715,2720
2010-06-21,8303,2690,2695,2725,2695,2715
2010-06-22,5696,2695,2700,2730,2700,2695
2010-06-23,3556,2710,2720,2750,2720,2710
2010-06-24,8970,2710,2710,2750,2710,2750
2010-06-25,4795,2690,2710,2745,2710,2745
2010-06-28,5061,2700,2700,2740,2700,2730
2010-06-29,10030,2690,2690,2745,2690,2690
2010-06-30,2704,2625,2650,2685,2650,2675
2010-07-01,6956,2620,2635,2695,2635,2655
2010-07-02,851,2620,2645,2670,2645,2670
2010-07-05,3644,2615,2655,2680,2655,2615
2010-07-06,526,2640,2675,2680,2675,2640
2010-07-07,4752,2620,2655,2700,2655,2700
2010-07-08,1241,2655,2700,2705,2700,2665
2010-07-09,1687,2695,2695,2740,2695,2700
2010-07-12,5653,2660,2700,2730,2700,2695
2010-07-13,4268,2690,2695,2735,2695,2700
2010-07-14,5784,2695,2715,2740,2715,2695
2010-07-15,2567,2690,2700,2750,2700,2695
2010-07-16,6414,2655,2690,2735,2690,2685
2010-07-19,8363,2660,2690,2690,2690,2660
2010-07-20,6949,2665,2700,2710,2700,2690
2010-07-21,361859,2720,3105,3105,3105,2720
2010-07-22,393993,2700,2700,2980,2700,2920
2010-07-23,90965,2670,2685,2800,2685,2775
2010-07-26,40161,2685,2700,2755,2700,2690
2010-07-27,25698,2695,2700,2745,2700,2720
2010-07-28,40220,2695,2750,2840,2750,2695
2010-07-29,34681,2740,2740,2825,2740,2825
2010-07-30,9909,2715,2750,2805,2750,2775
2010-08-02,23041,2715,2735,2815,2735,2815
2010-08-03,20754,2720,2750,2880,2750,2795
2010-08-04,11045,2735,2755,2795,2755,2795
2010-08-05,10306,2740,2755,2795,2755,2760
2010-08-06,22900,2710,2750,2800,2750,2745
2010-08-09,7765,2730,2765,2785,2765,2740
2010-08-10,21706,2735,2740,2830,2740,2765
2010-08-11,6528,2705,2710,2780,2710,2725
2010-08-12,9669,2605,2665,2730,2665,2695
2010-08-13,18208,2665,2725,2760,2725,2665
2010-08-16,8063,2680,2720,2740,2720,2680
2010-08-17,21672,2680,2725,2745,2725,2715
2010-08-18,6267,2700,2720,2735,2720,2735
2010-08-19,4178,2705,2710,2725,2710,2720
2010-08-20,17846,2670,2700,2730,2700,2730
2010-08-23,14587,2675,2680,2725,2680,2710
2010-08-24,6782,2650,2680,2695,2680,2695
2010-08-25,4778,2650,2660,2685,2660,2655
2010-08-26,3590,2650,2670,2690,2670,2675
2010-08-27,12237,2635,2730,2745,2730,2635
2010-08-30,7089,2690,2730,2745,2730,2745
2010-08-31,5223,2710,2755,2770,2755,2770
2010-09-01,4423,2715,2785,2820,2785,2715
2010-09-02,5638,2750,2800,2820,2800,2785
2010-09-03,3251,2740,2790,2800,2790,2760
2010-09-06,5385,2750,2805,2830,2805,2800
2010-09-07,3528,2745,2780,2810,2780,2810
2010-09-08,6649,2765,2770,2800,2770,2780
2010-09-09,5256,2750,2805,2830,2805,2750
2010-09-10,7372,2780,2780,2865,2780,2790
2010-09-13,8497,2780,2810,2850,2810,2850
2010-09-14,2600,2750,2775,2790,2775,2750
2010-09-15,20332,2740,2775,2825,2775,2740
2010-09-16,5057,2780,2780,2825,2780,2800
2010-09-17,6629,2780,2785,2825,2785,2780
2010-09-20,4986,2785,2845,2850,2845,2785
2010-09-24,12514,2810,2830,2900,2830,2810
2010-09-27,4158,2815,2845,2850,2845,2850
2010-09-28,6197,2795,2800,2865,2800,2865
2010-09-29,3019,2780,2825,2850,2825,2850
2010-09-30,7938,2780,2845,2845,2845,2795
2010-10-01,10561,2750,2790,2870,2790,2860
2010-10-04,5037,2790,2800,2820,2800,2800
2010-10-05,7067,2785,2790,2830,2790,2820
2010-10-06,6426,2795,2800,2835,2800,2795
2010-10-07,6342,2805,2805,2880,2805,2840
2010-10-08,4587,2800,2815,2870,2815,2800
2010-10-11,6517,2805,2805,2850,2805,2805
2010-10-12,12786,2805,2815,2835,2815,2835
2010-10-13,6671,2795,2795,2835,2795,2810
2010-10-14,7035,2800,2805,2860,2805,2825
2010-10-15,2345,2800,2805,2830,2805,2800
2010-10-18,66214,2815,2930,3005,2930,2815
2010-10-19,18010,2870,2880,2945,2880,2905
2010-10-20,5243,2855,2910,2915,2910,2870
2010-10-21,6267,2855,2855,2910,2855,2890
2010-10-22,5102,2860,2915,2980,2915,2860
2010-10-25,9796,2865,2920,2940,2920,2915
2010-10-26,1342,2890,2900,2930,2900,2890
2010-10-27,3283,2880,2900,2935,2900,2930
2010-10-28,12703,2885,2900,3000,2900,2945
2010-10-29,44678,2815,2845,2960,2845,2900
2010-11-01,6974,2830,2840,2885,2840,2850
2010-11-02,8544,2800,2805,2870,2805,2870
2010-11-03,16751,2765,2800,2830,2800,2770
2010-11-04,5442,2785,2800,2810,2800,2800
2010-11-05,7457,2780,2795,2805,2795,2800
2010-11-08,3490,2780,2800,2850,2800,2800
2010-11-09,5427,2790,2815,2820,2815,2790
2010-11-10,6305,2790,2845,2895,2845,2790
2010-11-11,3374,2810,2850,2875,2850,2845
2010-11-12,17520,2795,2830,2890,2830,2835
2010-11-15,706,2810,2835,2840,2835,2840
2010-11-16,12402,2755,2775,2850,2775,2800
2010-11-17,11556,2670,2750,2750,2750,2710
2010-11-18,855,2745,2745,2765,2745,2750
2010-11-19,5459,2750,2765,2790,2765,2750
2010-11-22,683,2765,2765,2790,2765,2765
2010-11-23,2546,2720,2775,2780,2775,2780
2010-11-24,3171,2680,2700,2765,2700,2765
2010-11-25,5064,2620,2705,2720,2705,2700
2010-11-26,10378,2665,2665,2730,2665,2700
2010-11-29,40344,2660,2820,2980,2820,2660
2010-11-30,28306,2750,2750,2920,2750,2825
2010-12-01,20065,2730,2750,2855,2750,2855
2010-12-02,13785,2760,2765,2840,2765,2765
2010-12-03,70390,2790,2795,2940,2795,2940
2010-12-06,27815,2775,2790,2865,2790,2815
2010-12-07,6153,2755,2760,2810,2760,2780
2010-12-08,1043145,2850,2850,3170,2850,2930
2010-12-09,212579,2750,2760,2945,2760,2895
2010-12-10,53738,2715,2750,2770,2750,2765
2010-12-13,45727,2700,2740,2790,2740,2760
2010-12-14,32636,2715,2725,2750,2725,2725
2010-12-15,48789,2715,2780,2790,2780,2720
2010-12-16,88769,2735,2795,2870,2795,2820
2010-12-17,35047,2715,2730,2800,2730,2755
2010-12-20,21936,2600,2645,2695,2645,2655
2010-12-21,28404,2620,2650,2695,2650,2650
2010-12-22,65150,2665,2730,2805,2730,2665
2010-12-23,27599,2650,2660,2750,2660,2730
2010-12-24,35216,2665,2710,2770,2710,2670
2010-12-27,42135,2660,2710,2825,2710,2705
2010-12-28,24153,2700,2760,2775,2760,2735
2010-12-29,32762,2700,2745,2790,2745,2790
2010-12-30,26062,2750,2800,2850,2800,2800
2011-01-03,43126,2810,2820,2920,2820,2920
2011-01-04,29126,2770,2815,2830,2815,2820
2011-01-05,13781,2775,2820,2840,2820,2780
2011-01-06,63561,2820,2840,2915,2840,2850
2011-01-07,149803,2850,2985,3120,2985,2895
2011-01-10,250568,3220,3430,3430,3430,3350
2011-01-11,1727505,3570,3940,3940,3940,3940
2011-01-12,338173,4240,4530,4530,4530,4295
2011-01-13,3056620,3855,3855,5100,3855,4535
2011-01-14,977964,3340,3540,3815,3540,3770
2011-01-17,443595,3245,3320,3520,3320,3520
2011-01-18,226976,3280,3290,3420,3290,3280
2011-01-19,379794,3280,3290,3525,3290,3485
2011-01-20,358356,3335,3505,3505,3505,3350
2011-01-21,398943,3225,3270,3565,3270,3565
2011-01-24,142205,3275,3340,3415,3340,3340
2011-01-25,256526,3065,3085,3500,3085,3475
2011-01-26,161078,2980,3085,3175,3085,3130
2011-01-27,80332,2980,3000,3140,3000,3100
2011-01-28,119140,3000,3000,3150,3000,3020
2011-01-31,97885,2865,2920,3040,2920,2990
2011-02-01,60190,2795,2840,2935,2840,2925
2011-02-07,29817,2860,2860,2920,2860,2860
2011-02-08,46181,2800,2850,2970,2850,2860
2011-02-09,55498,2800,2880,2880,2880,2830
2011-02-10,48911,2770,2795,2930,2795,2890
2011-02-11,70465,2675,2680,2845,2680,2790
2011-02-14,41552,2650,2720,2720,2720,2650
2011-02-15,443726,2725,3125,3125,3125,2770
2011-02-16,690990,3310,3590,3590,3590,3335
2011-02-17,1671283,3055,3055,3850,3055,3790
2011-02-18,358986,2860,2980,3075,2980,3050
2011-02-21,1766112,3015,3280,3425,3280,3030
2011-02-22,494817,3095,3170,3340,3170,3220
2011-02-23,210007,2955,3010,3220,3010,3200
2011-02-24,173073,2820,2905,3075,2905,3075
2011-02-25,204218,2900,2930,3155,2930,3155
2011-02-28,559291,2905,2995,3310,2995,2985
2011-03-02,96533,2920,2980,3090,2980,2990
2011-03-03,715918,3000,3195,3370,3195,3050
2011-03-04,564454,3085,3090,3425,3090,3220
2011-03-07,628642,3110,3300,3345,3300,3140
2011-03-08,643887,3455,3795,3795,3795,3455
2011-03-09,2865119,3500,3500,4250,3500,4100
2011-03-10,1068441,3390,3485,3735,3485,3440
2011-03-11,931080,3350,3500,3670,3500,3495
2011-03-14,1454553,3500,4025,4025,4025,3500
2011-03-15,1374723,3425,3640,4350,3640,4345
2011-03-16,1486555,3640,3700,4185,3700,3690
2011-03-17,1107856,3500,3730,4095,3730,3790
2011-03-18,363274,3530,3640,3905,3640,3900
2011-03-21,262500,3530,3580,3700,3580,3655
2011-03-22,1285597,3950,4115,4115,4115,3950
2011-03-23,1183212,3810,3930,4240,3930,4150
2011-03-24,430884,3720,3850,4040,3850,3950
2011-03-25,398262,3715,3815,3980,3815,3920
2011-03-28,1391752,3850,3850,4385,3850,3920
2011-03-29,400756,3705,3720,3880,3720,3870
2011-03-30,281827,3700,3790,3805,3790,3740
2011-03-31,2382655,3800,4000,4355,4000,3860
2011-04-01,847017,3870,4600,4600,4600,4050
2011-04-04,2074384,4385,4810,5170,4810,4670
2011-04-05,2375782,4740,4925,5450,4925,4890
2011-04-06,1203387,4525,4525,5180,4525,4850
2011-04-07,619298,4395,4545,4675,4545,4485
2011-04-08,569373,4190,4240,4665,4240,4545
2011-04-11,230616,4065,4065,4255,4065,4240
2011-04-12,334157,3835,3900,4145,3900,4130
2011-04-13,234409,3765,3850,3995,3850,3880
2011-04-14,304395,3540,3570,3890,3570,3880
2011-04-15,312604,3535,3535,3710,3535,3650
2011-04-18,310825,3535,3540,3785,3540,3750
2011-04-19,239543,3280,3295,3500,3295,3500
2011-04-20,140628,3290,3360,3400,3360,3315
2011-04-21,714016,3400,3420,3695,3420,3400
2011-04-22,195549,3220,3330,3445,3330,3420
2011-04-25,89280,3230,3230,3340,3230,3340
2011-04-26,252160,3235,3330,3520,3330,3235
2011-04-27,161579,3280,3310,3405,3310,3345
2011-04-28,118840,3185,3185,3310,3185,3310
2011-04-29,100209,3075,3140,3210,3140,3210
2011-05-02,136549,3085,3165,3310,3165,3150
2011-05-03,38333,3100,3190,3230,3190,3100
2011-05-04,38233,3135,3160,3255,3160,3210
2011-05-06,37085,3050,3125,3235,3125,3160
2011-05-09,41330,3070,3210,3210,3210,3120
2011-05-11,41461,3100,3150,3205,3150,3200
2011-05-12,36115,3055,3140,3160,3140,3055
2011-05-13,38593,3045,3080,3150,3080,3125
2011-05-16,67007,3060,3140,3230,3140,3060
2011-05-17,26196,3070,3085,3140,3085,3130
2011-05-18,22560,3075,3080,3135,3080,3085
2011-05-19,54588,2900,3005,3130,3005,3125
2011-05-20,27486,2950,3000,3035,3000,2995
2011-05-23,26341,2950,2950,3055,2950,2995
2011-05-24,60335,2860,2860,2930,2860,2900
2011-05-25,38832,2800,2850,2890,2850,2835
2011-05-26,17791,2855,2885,2945,2885,2860
2011-05-27,56399,2885,2920,3000,2920,2885
2011-05-30,323337,2955,3250,3310,3250,2980
2011-05-31,99151,3100,3150,3330,3150,3315
2011-06-01,83634,3105,3165,3255,3165,3150
2011-06-02,61373,3030,3140,3165,3140,3080
2011-06-03,35734,3090,3110,3220,3110,3145
2011-06-07,57589,2955,2960,3085,2960,3055
2011-06-08,27792,2915,2920,2995,2920,2960
2011-06-09,33082,2870,2920,2920,2920,2890
2011-06-10,40922,2800,2850,2945,2850,2925
2011-06-13,19842,2800,2850,2860,2850,2860
2011-06-14,27899,2800,2850,2855,2850,2800
2011-06-15,16291,2825,2850,2890,2850,2855
2011-06-16,27698,2800,2840,2865,2840,2830
2011-06-17,36032,2790,2800,2850,2800,2850
2011-06-20,14660,2800,2855,2855,2855,2810
2011-06-21,23342,2795,2820,2855,2820,2855
2011-06-22,331429,2825,3080,3215,3080,2835
2011-06-23,307391,3015,3085,3230,3085,3055
2011-06-24,77089,2950,2990,3125,2990,3085
2011-06-27,90896,2870,2895,3000,2895,3000
2011-06-28,75574,2835,2855,2920,2855,2915
2011-06-29,89011,2790,2820,2870,2820,2860
2011-06-30,73764,2805,2875,2875,2875,2845
2011-07-01,261363,2855,2925,3075,2925,2875
2011-07-04,52478,2915,2950,2990,2950,2940
2011-07-05,51108,2925,2950,2995,2950,2950
2011-07-06,54952,2950,2980,3055,2980,2950
2011-07-07,36535,2960,2970,3030,2970,2965
2011-07-08,69199,2900,2940,3000,2940,2980
2011-07-11,29207,2905,2970,2980,2970,2905
2011-07-12,88280,2915,3000,3070,3000,2970
2011-07-13,227234,2970,3215,3220,3215,2970
2011-07-14,380050,3080,3085,3415,3085,3230
2011-07-15,75751,3050,3110,3170,3110,3065
2011-07-18,51304,3100,3145,3185,3145,3120
2011-07-19,46403,3085,3085,3150,3085,3130
2011-07-20,174672,3085,3205,3365,3205,3110
2011-07-21,78066,3155,3285,3290,3285,3225
2011-07-22,63643,3210,3210,3360,3210,3285
2011-07-25,53449,3125,3195,3250,3195,3250
2011-07-26,45979,3120,3170,3215,3170,3205
2011-07-27,50197,3105,3185,3195,3185,3185
2011-07-28,91230,3130,3240,3305,3240,3180
2011-07-29,375610,3275,3400,3545,3400,3330
2011-08-01,90887,3325,3380,3445,3380,3380
2011-08-02,85736,3215,3250,3425,3250,3410
2011-08-03,58487,3140,3225,3270,3225,3200
2011-08-04,156180,3260,3350,3520,3350,3260
2011-08-05,99472,3100,3280,3395,3280,3100
2011-08-08,437955,2790,2870,3690,2870,3550
2011-08-09,181304,2440,2680,2750,2680,2750
2011-08-10,141614,2740,2880,2920,2880,2810
2011-08-11,198916,2650,2995,3150,2995,2660
2011-08-12,446095,3130,3440,3440,3440,3295
2011-08-16,122377,3955,3955,3955,3955,3955
2011-08-17,374493,4445,4545,4545,4545,4545
2011-08-18,1494582,4700,5220,5220,5220,4850
2011-08-19,1432755,4440,4440,5440,4440,4995
2011-08-22,787889,3775,3775,4555,3775,4425
2011-08-23,215668,3820,4340,4340,4340,3820
2011-08-24,1594426,4310,4745,4990,4745,4590
2011-08-25,2688324,4685,5450,5450,5450,4695
2011-08-26,2650787,4675,4675,6110,4675,5640
2011-08-29,1302261,4370,4560,5130,4560,4725
2011-08-30,2342270,4280,4485,5150,4485,4670
2011-08-31,892821,4490,4800,4935,4800,4615
2011-09-01,597950,4370,4455,4850,4455,4725
2011-09-02,559970,4265,4380,4600,4380,4570
2011-09-05,414221,4020,4105,4390,4105,4230
2011-09-06,595431,3520,3520,4005,3520,4000
2011-09-07,536720,3640,3815,3980,3815,3705
2011-09-08,259221,3435,3620,3940,3620,3900
2011-09-09,85564,3525,3700,3720,3700,3525
2011-09-14,164578,3260,3260,3820,3260,3820
2011-09-15,154584,3210,3330,3530,3330,3500
2011-09-16,139126,3315,3415,3505,3415,3390
2011-09-19,88206,3360,3420,3595,3420,3420
2011-09-20,390961,3325,3900,3930,3900,3480
2011-09-21,640636,3560,4150,4150,4150,3675
2011-09-22,1192238,3735,3805,4715,3805,4150
2011-09-23,354590,3420,3425,3775,3425,3560
2011-09-26,332376,2935,2935,3700,2935,3460
2011-09-27,183001,2950,3170,3280,3170,2950
2011-09-28,155942,3100,3175,3375,3175,3270
2011-09-29,211927,3075,3380,3550,3380,3075
2011-09-30,143832,3310,3580,3640,3580,3450
2011-10-04,435887,3460,3640,4070,3640,3850
2011-10-05,244496,3115,3335,3810,3335,3800
2011-10-06,610041,3400,3835,3835,3835,3410
2011-10-07,520948,3720,3985,4100,3985,4050
2011-10-10,377735,4220,4580,4580,4580,4400
2011-10-11,656622,4325,4380,4840,4380,4840
2011-10-12,728999,4110,4630,4750,4630,4380
2011-10-13,344312,4450,4450,4800,4450,4735
2011-10-14,209547,4150,4200,4395,4200,4330
2011-10-17,389506,4120,4230,4550,4230,4240
2011-10-18,263236,4130,4230,4490,4230,4150
2011-10-19,149164,4250,4295,4400,4295,4310
2011-10-20,369645,3800,3840,4470,3840,4350
2011-10-21,111966,3880,3965,4050,3965,3990
2011-10-24,252669,4015,4395,4485,4395,4175
2011-10-25,257178,4115,4160,4395,4160,4300
2011-10-26,489865,4060,4380,4645,4380,4060
2011-10-27,261988,5030,5030,5030,5030,5030
2011-10-28,1913879,4915,4930,5780,4930,5510
2011-10-31,861392,4390,4640,4950,4640,4950
2011-11-01,306100,4360,4425,4540,4425,4470
2011-11-02,224324,4145,4210,4295,4210,4290
2011-11-03,213773,4030,4030,4320,4030,4200
2011-11-04,138578,4090,4165,4260,4165,4150
2011-11-07,125843,4080,4090,4255,4090,4195
2011-11-08,97442,4000,4000,4200,4000,4115
2011-11-09,125034,3850,3850,4040,3850,4040
2011-11-10,129031,3570,3605,3720,3605,3700
2011-11-11,110374,3590,3730,3800,3730,3675
2011-11-14,101075,3680,3860,3945,3860,3800
2011-11-15,66534,3785,3865,3935,3865,3830
2011-11-16,77639,3800,3800,3995,3800,3995
2011-11-17,30940,3680,3885,3885,3885,3805
2011-11-18,26309,3730,3790,3840,3790,3770
2011-11-21,33969,3740,3860,3870,3860,3750
2011-11-22,41339,3755,3905,3905,3905,3755
2011-11-23,43236,3650,3700,3980,3700,3945
2011-11-24,115475,3485,3600,3845,3600,3720
2011-11-25,88365,3340,3400,3600,3400,3600
2011-11-28,30987,3400,3430,3490,3430,3405
2011-11-29,898960,3540,3560,3940,3560,3940
2011-11-30,156123,3465,3540,3605,3540,3510
2011-12-01,122373,3500,3530,3590,3530,3560
2011-12-02,82506,3510,3570,3600,3570,3510
2011-12-05,130456,3580,3755,3790,3755,3580
2011-12-06,66017,3645,3750,3780,3750,3770
2011-12-07,476517,3905,3940,4300,3940,4075
2011-12-08,1132621,3870,4140,4530,4140,3900
2011-12-09,232262,3800,3895,4100,3895,4095
2011-12-12,107296,3910,3975,4075,3975,3910
2011-12-13,72344,3850,3900,3975,3900,3970
2011-12-14,63878,3850,3930,3980,3930,3850
2011-12-15,116822,3675,3675,4020,3675,3880
2011-12-16,75272,3690,3765,3830,3765,3765
2011-12-19,98994,3390,3540,3835,3540,3795
2011-12-20,61795,3460,3685,3690,3685,3460
2011-12-21,76976,3720,3885,3895,3885,3800
2011-12-22,51230,3800,3835,3950,3835,3885
2011-12-23,226520,3840,4000,4200,4000,3905
2011-12-26,83299,3850,3955,4080,3955,3950
2011-12-27,80090,3805,3805,4070,3805,3960
2011-12-28,43837,3780,3900,3925,3900,3820
2011-12-29,54994,3875,3905,4060,3905,3910
2012-01-02,63268,3895,3990,4030,3990,3905
2012-01-03,130460,4000,4120,4165,4120,4020
2012-01-04,112810,4100,4135,4225,4135,4160
2012-01-05,553258,4310,4755,4755,4755,4500
2012-01-06,426180,4300,4380,4615,4380,4615
2012-01-09,173155,4020,4245,4300,4245,4170
2012-01-10,134783,4220,4240,4430,4240,4245
2012-01-11,99618,4115,4140,4320,4140,4320
2012-01-12,69595,4035,4195,4235,4195,4110
2012-01-13,57351,4130,4195,4255,4195,4190
2012-01-16,183959,4210,4230,4620,4230,4275
2012-01-17,82489,4155,4225,4245,4225,4230
2012-01-18,49130,4145,4250,4250,4250,4220
2012-01-19,311062,4170,4335,4510,4335,4250
2012-01-20,296704,4260,4360,4640,4360,4400
2012-01-25,70813,4285,4290,4420,4290,4360
2012-01-26,32000,4245,4255,4335,4255,4290
2012-01-27,65321,4185,4300,4300,4300,4185
2012-01-30,61010,4170,4245,4350,4245,4350
2012-01-31,97638,4110,4395,4395,4395,4240
2012-02-01,132803,4240,4365,4445,4365,4330
2012-02-02,146396,4320,4525,4525,4525,4490
2012-02-03,95766,4415,4445,4570,4445,4560
2012-02-06,1105959,4985,5110,5110,5110,5110
2012-02-07,2255511,5370,5870,5870,5870,5870
2012-02-08,1620592,5720,5870,6700,5870,5820
2012-02-09,1167950,5220,5270,6480,5270,5900
2012-02-10,992521,4515,5410,5930,5410,5390
2012-02-13,345006,5510,6220,6220,6220,5510
2012-02-14,1496110,6440,6500,7150,6500,7140
2012-02-15,1408099,5970,6800,7320,6800,6510
2012-02-16,507782,6460,6620,7250,6620,6980
2012-02-17,288105,6450,6470,6940,6470,6870
2012-02-20,768385,6170,7440,7440,7440,6600
2012-02-21,868420,7610,7860,8500,7860,7700
2012-02-22,759023,7470,7870,8700,7870,7970
2012-02-23,615012,7100,7150,8500,7150,7960
2012-02-24,189603,6700,6850,7290,6850,7200
2012-02-27,241987,6250,6370,6850,6370,6780
2012-02-28,213417,6200,6310,6750,6310,6500
2012-02-29,170030,6130,6370,6600,6370,6310
2012-03-02,143536,5750,5750,6450,5750,6370
2012-03-05,150859,5390,5410,5920,5410,5900
2012-03-06,126237,5220,5300,5690,5300,5500
2012-03-07,204764,5230,5450,5830,5450,5350
2012-03-08,85239,5520,5560,5760,5560,5520
2012-03-09,52668,5430,5530,5690,5530,5690
2012-03-12,402880,5760,5920,6250,5920,5990
2012-03-13,145661,5500,5500,5920,5500,5830
2012-03-14,102753,5380,5460,5600,5460,5500
2012-03-15,86351,5380,5530,5630,5530,5460
2012-03-16,65135,5380,5460,5580,5460,5530
2012-03-19,106935,5200,5200,5480,5200,5470
2012-03-20,113346,5130,5310,5490,5310,5200
2012-03-21,191778,5220,5400,5760,5400,5270
2012-03-22,93899,5400,5520,5670,5520,5410
2012-03-23,42991,5340,5410,5590,5410,5520
2012-03-26,767145,5560,6220,6220,6220,5620
2012-03-27,1044531,5970,6200,6800,6200,6290
2012-03-28,853600,6120,6610,6850,6610,6320
2012-03-29,242139,6140,6140,6820,6140,6560
2012-03-30,205715,6000,6160,6520,6160,6450
2012-04-02,286149,6330,6480,6800,6480,6400
2012-04-03,184567,5510,5680,6570,5680,6570
2012-04-04,141626,5520,5830,5900,5830,5680
2012-04-05,137867,5270,5270,5830,5270,5830
2012-04-06,142842,4955,4960,5330,4960,5310
2012-04-09,244999,4220,4220,4860,4220,4860
2012-04-10,95999,4100,4420,4525,4420,4100
2012-04-12,92413,4150,4225,4420,4225,4420
2012-04-13,89741,4230,4540,4560,4540,4235
2012-04-16,81960,4405,4680,4715,4680,4460
2012-04-17,63663,4555,4700,4740,4700,4740
2012-04-18,54373,4655,4700,4795,4700,4755
2012-04-19,27511,4620,4740,4840,4740,4620
2012-04-20,41506,4650,4740,4815,4740,4730
2012-04-23,67132,4480,4680,4730,4680,4700
2012-04-24,1239230,4680,4810,5380,4810,4680
2012-04-25,1187302,4945,5020,5530,5020,5330
2012-04-26,341771,4380,4485,5060,4485,5020
2012-04-27,165825,4240,4340,4580,4340,4540
2012-04-30,114436,4160,4210,4445,4210,4330
2012-05-02,72234,4185,4305,4310,4305,4210
2012-05-03,52295,4230,4270,4340,4270,4290
2012-05-04,76794,4150,4195,4300,4195,4270
2012-05-07,39567,4140,4150,4225,4150,4195
2012-05-08,33922,4155,4190,4290,4190,4180
2012-05-09,30965,4160,4160,4255,4160,4165
2012-05-10,40337,4080,4160,4220,4160,4140
2012-05-11,40663,4160,4220,4350,4220,4220
2012-05-14,43392,4125,4270,4295,4270,4295
2012-05-15,105651,4205,4340,4395,4340,4290
2012-05-16,101446,4155,4155,4440,4155,4385
2012-05-17,38417,4050,4095,4220,4095,4220
2012-05-18,73784,3645,3700,4070,3700,4040
2012-05-21,36789,3575,3680,3720,3680,3605
2012-05-22,51888,3700,3800,3890,3800,3700
2012-05-23,26792,3705,3720,3785,3720,3710
2012-05-24,41238,3710,3840,3945,3840,3715
2012-05-25,21521,3865,3880,3975,3880,3900
2012-05-29,24424,3800,3850,3960,3850,3880
2012-05-30,18628,3875,3955,3955,3955,3900
2012-05-31,28147,3900,4045,4080,4045,3950
2012-06-01,25374,4025,4120,4170,4120,4045
2012-06-04,52782,3750,3775,3970,3775,3905
2012-06-05,16627,3770,3810,3885,3810,3770
2012-06-07,41268,3810,3845,4000,3845,3810
2012-06-08,23943,3770,3830,3875,3830,3845
2012-06-11,33654,3750,3900,3950,3900,3835
2012-06-12,21928,3800,3840,3880,3840,3815
2012-06-13,67143,3840,3955,4030,3955,3885
2012-06-14,16905,3845,3885,3990,3885,3990
2012-06-15,22901,3820,3865,3920,3865,3920
2012-06-18,38911,3880,4000,4005,4000,3940
2012-06-19,33228,3895,3895,4040,3895,4040
2012-06-20,21112,3890,3945,3985,3945,3920
2012-06-21,40466,3885,3920,3995,3920,3995
2012-06-22,21232,3845,3875,3900,3875,3900
2012-06-25,25363,3820,3880,3940,3880,3875
2012-06-26,22286,3840,3900,3945,3900,3840
2012-06-27,18527,3850,3860,3940,3860,3940
2012-06-28,43992,3865,3930,4000,3930,3865
2012-06-29,812940,3920,4100,4515,4100,3920
2012-07-02,1184818,4170,4415,4715,4415,4200
2012-07-03,186121,4245,4345,4460,4345,4455
2012-07-04,208588,4295,4405,4535,4405,4320
2012-07-05,62084,4315,4400,4440,4400,4350
2012-07-06,63424,4270,4275,4475,4275,4400
2012-07-09,105044,4240,4385,4535,4385,4240
2012-07-10,91997,4355,4385,4550,4385,4450
2012-07-11,56802,4325,4325,4455,4325,4455
2012-07-12,34808,4260,4260,4430,4260,4345
2012-07-13,55430,4025,4110,4400,4110,4230
2012-07-16,43002,4020,4080,4140,4080,4110
2012-07-17,252440,4100,4480,4600,4480,4255
2012-07-18,159541,4065,4065,4350,4065,4335
2012-07-19,47939,4100,4125,4240,4125,4185
2012-07-20,120904,4190,4260,4490,4260,4230
2012-07-23,51688,4130,4280,4345,4280,4250
2012-07-24,94482,4180,4365,4440,4365,4180
2012-07-25,1631032,4350,4410,5010,4410,4405
2012-07-26,580946,4450,4990,4990,4990,4460
2012-07-27,316678,4780,4990,5060,4990,4990
2012-07-30,264168,4825,4830,5360,4830,5080
2012-07-31,171916,4530,4560,4885,4560,4805
2012-08-01,171791,4575,4640,4770,4640,4585
2012-08-02,78824,4500,4565,4720,4565,4610
2012-08-03,51182,4490,4670,4680,4670,4565
2012-08-06,56813,4610,4610,4765,4610,4720
2012-08-07,65393,4480,4535,4715,4535,4630
2012-08-08,43057,4485,4655,4655,4655,4535
2012-08-09,85516,4540,4550,4755,4550,4655
2012-08-10,57857,4530,4580,4650,4580,4610
2012-08-13,33571,4515,4530,4595,4530,4595
2012-08-14,52990,4410,4440,4585,4440,4585
2012-08-16,466350,4440,4790,4855,4790,4440
2012-08-17,77277,4690,4790,4840,4790,4840
2012-08-20,176843,4730,4845,4960,4845,4750
2012-08-21,249971,4750,4750,5180,4750,4935
2012-08-22,237243,4720,5050,5090,5050,4800
2012-08-23,150269,4955,4960,5150,4960,5100
2012-08-24,87401,4785,4860,5000,4860,4960
2012-08-27,61226,4790,4820,4970,4820,4970
2012-08-28,64422,4750,4800,4860,4800,4820
2012-08-29,172517,4735,4990,5080,4990,4775
2012-08-30,103705,4920,4990,5150,4990,5050
2012-08-31,163002,4920,4950,5210,4950,5090
2012-09-03,102983,4810,4830,5000,4830,4920
2012-09-04,83609,4805,4855,4915,4855,4810
2012-09-05,51024,4810,4810,4885,4810,4850
2012-09-06,259948,4825,4950,5150,4950,4825
2012-09-07,55090,4925,4950,5050,4950,4950
2012-09-10,116440,4925,5200,5200,5200,4925
2012-09-11,109736,5070,5080,5330,5080,5310
2012-09-12,96014,5080,5160,5220,5160,5120
2012-09-13,234107,5180,5310,5450,5310,5210
2012-09-14,125500,5070,5100,5310,5100,5260
2012-09-17,138758,5030,5180,5330,5180,5110
2012-09-18,473091,5130,5450,5780,5450,5190
2012-09-19,263878,5400,5750,5750,5750,5530
2012-09-20,123174,5550,5610,5830,5610,5730
2012-09-21,145189,5100,5460,5700,5460,5690
2012-09-24,114578,5250,5260,5470,5260,5390
2012-09-25,156890,4900,4965,5310,4965,5260
2012-09-26,133367,4900,4915,5190,4915,5010
2012-09-27,67518,4840,4865,4960,4865,4840
2012-09-28,70305,4770,4850,4895,4850,4885
2012-10-02,38009,4850,4900,4975,4900,4850
2012-10-04,40225,4830,4860,4930,4860,4900
2012-10-05,26828,4865,4930,4970,4930,4920
2012-10-08,39785,4910,5030,5030,5030,5030
2012-10-09,61494,4990,5040,5100,5040,5030
2012-10-10,58040,4925,4930,5090,4930,5050
2012-10-11,50351,4710,4780,4930,4780,4930
2012-10-12,78906,4530,4560,4810,4560,4805
2012-10-15,115006,4100,4250,4655,4250,4560
2012-10-16,58380,4100,4270,4400,4270,4260
2012-10-17,46912,4270,4330,4370,4330,4270
2012-10-18,224657,4330,4475,4840,4475,4330
2012-10-19,77016,4370,4380,4605,4380,4600
2012-10-22,22008,4290,4410,4440,4410,4305
2012-10-23,22994,4335,4400,4445,4400,4340
2012-10-24,26317,4370,4550,4570,4550,4400
2012-10-25,23252,4400,4420,4550,4420,4550
2012-10-26,57235,4300,4345,4600,4345,4420
2012-10-29,18527,4275,4275,4370,4275,4300
2012-10-30,13496,4190,4240,4330,4240,4190
2012-10-31,19179,4255,4425,4470,4425,4300
2012-11-01,7525,4310,4395,4470,4395,4460
2012-11-02,12417,4350,4400,4460,4400,4420
2012-11-05,14351,4330,4465,4495,4465,4365
2012-11-06,23255,4390,4460,4535,4460,4490
2012-11-07,14119,4415,4440,4475,4440,4460
2012-11-08,11658,4275,4440,4440,4440,4275
2012-11-09,16951,4350,4425,4475,4425,4440
2012-11-12,45818,4430,4450,4600,4450,4550
2012-11-13,27706,4280,4350,4505,4350,4505
2012-11-14,18973,4250,4280,4400,4280,4275
2012-11-15,68579,3955,3955,4280,3955,4190
2012-11-16,42565,3750,3770,3960,3770,3910
2012-11-19,30568,3775,3825,3900,3825,3775
2012-11-20,27000,3845,3970,3970,3970,3845
2012-11-21,11400,3935,3975,4090,3975,3990
2012-11-22,4952,3935,4015,4040,4015,4040
2012-11-23,13137,3905,3905,4080,3905,4015
2012-11-26,14627,3875,3965,4005,3965,3960
2012-11-27,13048,3925,3960,3995,3960,3925
2012-11-28,10171,3780,3900,3980,3900,3920
2012-11-29,31076,3825,3870,3930,3870,3925
2012-11-30,11385,3815,3900,3900,3900,3900
2012-12-03,7553,3880,3915,3940,3915,3905
2012-12-04,19609,3880,3915,3915,3915,3915
2012-12-05,24666,3820,3890,3950,3890,3865
2012-12-06,21445,3805,3830,3900,3830,3890
2012-12-07,51554,3690,3730,3800,3730,3760
2012-12-10,23602,3690,3690,3750,3690,3730
2012-12-11,21555,3650,3705,3715,3705,3710
2012-12-12,8520,3665,3705,3715,3705,3715
2012-12-13,14107,3630,3715,3730,3715,3640
2012-12-14,14756,3720,3900,3910,3900,3720
2012-12-17,9413,3850,3920,3920,3920,3900
2012-12-18,13493,3865,3865,3960,3865,3920
2012-12-20,7972,3855,3910,3940,3910,3865
2012-12-21,17325,3800,3815,3920,3815,3890
2012-12-24,9214,3780,3800,3830,3800,3820
2012-12-26,6423,3790,3820,3820,3820,3800
2012-12-27,8427,3810,3875,3970,3875,3970
2012-12-28,10131,3745,3855,3885,3855,3885
2013-01-02,10235,3830,3865,3920,3865,3855
2013-01-03,52341,3880,3945,4145,3945,3950
2013-01-04,22300,3895,3910,3995,3910,3945
2013-01-07,25233,3880,3940,3950,3940,3940
2013-01-08,47082,3850,3885,3955,3885,3955
2013-01-09,21021,3860,3910,3920,3910,3885
2013-01-10,16478,3880,3960,3980,3960,3920
2013-01-11,24096,3925,3990,3990,3990,3990
2013-01-14,47206,3990,4145,4195,4145,4025
2013-01-15,17084,4075,4115,4240,4115,4100
2013-01-16,50876,4145,4180,4300,4180,4200
2013-01-17,25010,4065,4150,4205,4150,4170
2013-01-18,15945,4035,4090,4200,4090,4200
2013-01-21,11640,4020,4075,4160,4075,4160
2013-01-22,14639,4015,4060,4090,4060,4050
2013-01-23,13590,4000,4010,4080,4010,4080
2013-01-24,22508,3900,3960,4045,3960,4045
2013-01-25,22043,3870,3950,3985,3950,3930
2013-01-28,29381,3855,3935,4000,3935,4000
2013-01-29,8114,3900,3900,4000,3900,3900
2013-01-30,24176,3625,3850,3940,3850,3915
2013-01-31,13336,3750,3820,3905,3820,3875
2013-02-01,4864,3755,3845,3855,3845,3755
2013-02-04,7437,3750,3800,3900,3800,3900
2013-02-05,3188,3765,3805,3850,3805,3845
2013-02-06,4213,3775,3815,3880,3815,3775
2013-02-07,2089,3820,3865,3870,3865,3870
2013-02-08,2799,3840,3870,3895,3870,3855
2013-02-12,8216,3855,3870,3890,3870,3870
2013-02-13,8637,3825,3890,3925,3890,3925
2013-02-14,22088,3825,3880,3925,3880,3900
2013-02-15,10844,3855,3880,3890,3880,3855
2013-02-18,4261,3875,3880,3910,3880,3900
2013-02-19,7802,3880,3935,4000,3935,3880
2013-02-20,7010,3940,3970,4015,3970,3940
2013-02-21,14596,3900,3980,4040,3980,4040
2013-02-22,11359,3900,3905,4020,3905,4020
2013-02-25,7730,3880,3880,3945,3880,3920
2013-02-26,39177,3875,3985,4020,3985,3875
2013-02-27,4522,3910,3950,4000,3950,4000
2013-02-28,7659,3920,3925,3980,3925,3920
2013-03-04,16858,3880,3915,3980,3915,3925
2013-03-05,11483,3900,3930,3930,3930,3905
2013-03-06,17440,3895,3945,3985,3945,3935
2013-03-07,10382,3900,3900,3945,3900,3920
2013-03-08,7980,3890,3890,3940,3890,3940
2013-03-11,26746,3760,3850,3940,3850,3910
2013-03-12,12803,3800,3855,3855,3855,3800
2013-03-13,6887,3800,3885,3885,3885,3820
2013-03-14,8421,3850,3890,3910,3890,3850
2013-03-15,9762,3865,3935,3960,3935,3900
2013-03-18,10801,3900,3945,3955,3945,3950
2013-03-19,10982,3900,3905,3970,3905,3965
2013-03-20,4431,3860,3895,3930,3895,3905
2013-03-21,23617,3845,3870,3950,3870,3875
2013-03-22,6120,3820,3840,3910,3840,3910
2013-03-25,7199,3830,3860,3930,3860,3840
2013-03-26,33591,3855,3920,4000,3920,3855
2013-03-27,7275,3825,3945,3960,3945,3940
2013-03-28,6926,3895,3930,3980,3930,3905
2013-03-29,6848,3910,3940,3970,3940,3970
2013-04-01,82889,3950,4075,4140,4075,3990
2013-04-02,22595,3970,4005,4100,4005,4050
2013-04-03,212164,4005,4310,4380,4310,4005
2013-04-04,124468,3935,4175,4380,4175,4350
2013-04-05,234201,4085,4275,4490,4275,4190
2013-04-08,524136,4680,4915,4915,4915,4780
2013-04-09,1603489,4375,4375,5310,4375,5290
2013-04-10,510717,4160,4200,4590,4200,4580
2013-04-11,343473,4110,4345,4455,4345,4200
2013-04-12,151808,4200,4270,4315,4270,4200
2013-04-15,807435,4430,4670,4830,4670,4500
2013-04-16,408611,4470,4655,4705,4655,4600
2013-04-17,175745,4495,4585,4700,4585,4700
2013-04-18,189199,4320,4325,4620,4325,4595
2013-04-19,108220,4245,4330,4375,4330,4325
2013-04-22,172211,4325,4335,4725,4335,4530
2013-04-23,59751,4300,4300,4380,4300,4350
2013-04-24,84310,4150,4175,4345,4175,4300
2013-04-25,239799,4235,4270,4390,4270,4235
2013-04-26,85709,4195,4255,4300,4255,4280
2013-04-29,125766,4300,4325,4425,4325,4300
2013-04-30,114409,4285,4385,4390,4385,4345
2013-05-02,123386,4210,4220,4385,4220,4385
2013-05-03,185325,4180,4415,4540,4415,4225
2013-05-06,85288,4235,4235,4420,4235,4415
2013-05-07,62721,4205,4300,4300,4300,4230
2013-05-08,51897,4230,4280,4300,4280,4260
2013-05-09,104406,4295,4365,4500,4365,4300
2013-05-10,79871,4305,4305,4455,4305,4315
2013-05-13,76819,4160,4165,4350,4165,4350
2013-05-14,18453,4125,4135,4220,4135,4170
2013-05-15,86961,4010,4015,4145,4015,4135
2013-05-16,95493,3835,3865,4040,3865,4015
2013-05-20,110501,3700,3820,3890,3820,3865
2013-05-21,31918,3785,3870,3880,3870,3840
2013-05-22,22953,3870,3885,3930,3885,3870
2013-05-23,19273,3830,3830,3900,3830,3900
2013-05-24,16290,3775,3800,3880,3800,3880
2013-05-27,19364,3750,3775,3840,3775,3840
2013-05-28,21342,3765,3860,3875,3860,3800
2013-05-29,6451,3835,3835,3895,3835,3860
2013-05-30,28429,3755,3755,3860,3755,3835
2013-05-31,22071,3735,3735,3775,3735,3760
2013-06-03,23754,3665,3685,3730,3685,3690
2013-06-04,11939,3660,3695,3700,3695,3690
2013-06-05,8703,3680,3680,3730,3680,3730
2013-06-07,29384,3630,3660,3695,3660,3680
2013-06-10,53070,3530,3630,3660,3630,3605
2013-06-11,47984,3570,3730,3730,3730,3630
2013-06-12,10594,3680,3740,3785,3740,3730
2013-06-13,7758,3685,3700,3795,3700,3740
2013-06-14,5158,3685,3715,3775,3715,3695
2013-06-17,16811,3525,3600,3800,3600,3800
2013-06-18,8560,3525,3605,3690,3605,3690
2013-06-19,10302,3525,3525,3630,3525,3630
2013-06-20,54262,3280,3300,3455,3300,3425
2013-06-21,39624,3155,3230,3300,3230,3300
2013-06-24,7563,3170,3170,3275,3170,3180
2013-06-25,15113,2855,2930,3240,2930,3240
2013-06-26,38215,2820,2935,3040,2935,2820
2013-06-27,215157,2990,3375,3375,3375,3000
2013-06-28,144778,3205,3210,3470,3210,3405
2013-07-01,15547,3170,3220,3250,3220,3200
2013-07-02,10142,3200,3265,3280,3265,3210
2013-07-03,11216,3140,3180,3295,3180,3295
2013-07-04,5391,3150,3190,3240,3190,3160
2013-07-05,7795,3195,3270,3300,3270,3270
2013-07-08,2400,3180,3245,3305,3245,3305
2013-07-09,1549,3200,3255,3295,3255,3295
2013-07-10,6274,3175,3200,3345,3200,3305
2013-07-11,9746,3160,3205,3290,3205,3160
2013-07-12,7353,3190,3260,3270,3260,3270
2013-07-15,3981,3200,3235,3295,3235,3295
2013-07-16,16587,3180,3220,3280,3220,3280
2013-07-17,10369,3170,3240,3295,3240,3220
2013-07-18,8930,3200,3210,3290,3210,3285
2013-07-19,7937,3200,3200,3250,3200,3200
2013-07-22,23226,3210,3325,3430,3325,3210
2013-07-23,11176,3260,3300,3370,3300,3260
2013-07-24,14157,3285,3400,3400,3400,3315
2013-07-25,15122,3340,3350,3425,3350,3350
2013-07-26,8338,3290,3310,3385,3310,3385
2013-07-29,17824,3190,3190,3310,3190,3300
2013-07-30,28853,3150,3265,3350,3265,3150
2013-07-31,43481,3250,3310,3505,3310,3345
2013-08-01,14264,3250,3280,3305,3280,3280
2013-08-02,29775,3250,3280,3320,3280,3260
2013-08-05,9319,3260,3320,3355,3320,3260
2013-08-06,7483,3240,3305,3340,3305,3280
2013-08-07,38444,3305,3305,3500,3305,3320
2013-08-08,10470,3280,3350,3365,3350,3320
2013-08-09,8727,3305,3380,3405,3380,3350
2013-08-12,8486,3325,3415,3450,3415,3395
2013-08-13,9419,3400,3425,3490,3425,3430
2013-08-14,16711,3350,3350,3475,3350,3445
2013-08-16,6748,3310,3345,3355,3345,3350
2013-08-19,24047,3245,3265,3380,3265,3310
2013-08-20,18252,3200,3205,3300,3205,3295
2013-08-21,11288,3075,3135,3320,3135,3200
2013-08-22,27906,3000,3000,3170,3000,3170
2013-08-23,5409,3020,3050,3090,3050,3050
2013-08-26,6719,3055,3065,3110,3065,3080
2013-08-27,9448,3035,3060,3100,3060,3085
2013-08-28,9589,3010,3045,3150,3045,3010
2013-08-29,7359,3035,3095,3145,3095,3120
2013-08-30,7397,3055,3090,3130,3090,3130
2013-09-02,2872,3060,3060,3140,3060,3140
2013-09-03,6270,3055,3060,3105,3060,3070
2013-09-04,8539,3055,3055,3085,3055,3075
2013-09-05,6987,3065,3095,3135,3095,3070
2013-09-06,31338,3085,3180,3345,3180,3120
2013-09-09,18645,3110,3125,3205,3125,3170
2013-09-10,4738,3105,3130,3160,3130,3160
2013-09-11,9038,3095,3110,3155,3110,3150
2013-09-12,4076,3100,3130,3140,3130,3110
2013-09-13,6408,3090,3120,3155,3120,3130
2013-09-16,14332,3075,3075,3125,3075,3125
2013-09-17,5107,3065,3075,3090,3075,3075
2013-09-23,4089,3075,3110,3110,3110,3075
2013-09-24,10530,3010,3065,3110,3065,3110
2013-09-25,14040,3050,3070,3090,3070,3090
2013-09-26,16377,3055,3110,3140,3110,3105
2013-09-27,14605,3130,3215,3360,3215,3130
2013-09-30,8635,3175,3200,3250,3200,3230
2013-10-01,7640,3175,3225,3380,3225,3175
2013-10-02,2259,3180,3230,3295,3230,3295
2013-10-04,9128,3100,3230,3270,3230,3230
2013-10-07,10734,3220,3270,3275,3270,3270
2013-10-08,6015,3270,3300,3370,3300,3270
2013-10-10,1800,3220,3300,3440,3300,3300
2013-10-11,3728,3260,3345,3370,3345,3365
2013-10-14,15061,3275,3275,3370,3275,3300
2013-10-15,11441,3300,3305,3380,3305,3350
2013-10-16,16786,3300,3360,3400,3360,3360
2013-10-17,13687,3360,3410,3440,3410,3360
2013-10-18,2442,3395,3440,3450,3440,3410
2013-10-21,3024,3315,3345,3445,3345,3400
2013-10-22,5538,3305,3420,3425,3420,3320
2013-10-23,589,3335,3340,3430,3340,3400
2013-10-24,3261,3350,3400,3415,3400,3350
2013-10-25,575,3360,3390,3400,3390,3380
2013-10-28,6227,3220,3325,3350,3325,3350
2013-10-29,1913,3270,3330,3340,3330,3305
2013-10-30,692,3280,3365,3380,3365,3280
2013-10-31,3175,3285,3345,3370,3345,3285
2013-11-01,4507,3235,3295,3360,3295,3285
2013-11-04,9743,3200,3220,3285,3220,3285
2013-11-05,1506,3195,3200,3230,3200,3205
2013-11-06,3899,3170,3245,3245,3245,3170
2013-11-07,3510,3185,3190,3260,3190,3200
2013-11-08,3372,3100,3245,3300,3245,3300
2013-11-11,2592,3100,3215,3240,3215,3100
2013-11-12,483,3155,3260,3280,3260,3155
2013-11-13,311,3155,3245,3255,3245,3155
2013-11-14,1166,3155,3175,3300,3175,3155
2013-11-15,3889,3105,3175,3300,3175,3150
2013-11-18,4129,3150,3245,3290,3245,3150
2013-11-19,1780,3180,3245,3260,3245,3180
2013-11-20,6,3185,3280,3280,3280,3185
2013-11-21,5720,3190,3245,3280,3245,3190
2013-11-22,9114,3190,3295,3300,3295,3210
2013-11-25,2780,3205,3205,3300,3205,3245
2013-11-26,3912,3120,3295,3295,3295,3150
2013-11-27,10131,3230,3265,3295,3265,3250
2013-11-28,3374,3250,3295,3300,3295,3265
2013-11-29,3723,3225,3290,3370,3290,3225
2013-12-02,3629,3220,3220,3310,3220,3240
2013-12-03,1784,3180,3240,3280,3240,3220
2013-12-04,1435,3165,3250,3290,3250,3165
2013-12-05,2318,3170,3275,3300,3275,3170
2013-12-06,4067,3165,3240,3275,3240,3165
2013-12-09,1482,3200,3240,3245,3240,3200
2013-12-10,3522,3190,3245,3245,3245,3200
2013-12-11,8394,3200,3240,3245,3240,3210
2013-12-12,19096,3075,3220,3480,3220,3075
2013-12-13,2442,3210,3245,3300,3245,3220
2013-12-16,13450,3225,3350,3360,3350,3225
2013-12-17,3470,3320,3425,3470,3425,3470
2013-12-18,3527,3325,3425,3425,3425,3325
2013-12-19,2358,3375,3380,3460,3380,3400
2013-12-20,1356,3330,3395,3400,3395,3330
2013-12-23,707,3340,3380,3395,3380,3340
2013-12-24,6383,3290,3330,3375,3330,3300
2013-12-26,522,3290,3345,3350,3345,3330
2013-12-27,1425,3270,3345,3400,3345,3270
2013-12-30,175,3275,3345,3380,3345,3275
2014-01-02,687,3200,3335,3440,3335,3345
2014-01-03,3797,3250,3325,3350,3325,3260
2014-01-06,3858,3255,3300,3345,3300,3255
2014-01-07,2155,3255,3290,3300,3290,3255
2014-01-08,3790,3235,3280,3290,3280,3255
2014-01-09,9158,3200,3295,3320,3295,3245
2014-01-10,12430,3235,3260,3300,3260,3280
2014-01-13,5293,3240,3290,3295,3290,3260
2014-01-14,1456,3250,3320,3350,3320,3250
2014-01-15,9396,3255,3375,3380,3375,3285
2014-01-16,1900,3340,3370,3375,3370,3345
2014-01-17,344748,3450,3875,3875,3875,3510
2014-01-20,872912,4100,4455,4455,4455,4210
2014-01-21,815765,3955,4030,4365,4030,4265
2014-01-22,479086,3815,3815,4330,3815,4210
2014-01-23,194922,3745,3745,3890,3745,3845
2014-01-24,184126,3635,3745,3960,3745,3810
2014-01-27,541497,3980,4080,4240,4080,4180
2014-01-28,191246,3620,3720,4000,3720,3855
2014-01-29,953383,3705,3955,4275,3955,3725
2014-02-03,132815,3740,3805,4050,3805,3955
2014-02-04,141670,3580,3590,3810,3590,3680
2014-02-05,174204,3385,3415,3630,3415,3590
2014-02-06,121001,3355,3365,3595,3365,3505
2014-02-07,54753,3360,3420,3425,3420,3360
2014-02-10,27622,3340,3355,3450,3355,3450
2014-02-11,35302,3255,3295,3405,3295,3330
2014-02-12,70093,3240,3245,3315,3245,3305
2014-02-13,28545,3215,3260,3270,3260,3215
2014-02-14,31066,3200,3260,3280,3260,3265
2014-02-17,44578,3210,3225,3340,3225,3340
2014-02-18,37173,3190,3210,3235,3210,3210
2014-02-19,20268,3160,3190,3260,3190,3245
2014-02-20,35840,3130,3130,3210,3130,3210
2014-02-21,13421,3130,3155,3175,3155,3150
2014-02-24,54207,3155,3250,3270,3250,3170
2014-02-25,30184,3165,3225,3250,3225,3250
2014-02-26,16691,3195,3205,3245,3205,3245
2014-02-27,22171,3205,3210,3270,3210,3205
2014-02-28,14353,3190,3220,3255,3220,3255
2014-03-03,23712,3160,3215,3225,3215,3160
2014-03-04,8814,3175,3200,3215,3200,3215
2014-03-05,15239,3190,3190,3220,3190,3215
2014-03-06,11277,3185,3215,3215,3215,3200
2014-03-07,19933,3215,3260,3260,3260,3215
2014-03-10,11408,3230,3230,3300,3230,3270
2014-03-11,9584,3240,3260,3270,3260,3245
2014-03-12,16131,3205,3205,3265,3205,3265
2014-03-13,12998,3205,3250,3260,3250,3205
2014-03-14,24035,3225,3300,3340,3300,3225
2014-03-17,20060,3260,3295,3330,3295,3260
2014-03-18,11287,3235,3285,3330,3285,3295
2014-03-19,11998,3210,3250,3320,3250,3320
2014-03-20,9252,3205,3235,3275,3235,3275
2014-03-21,26242,3190,3195,3275,3195,3275
2014-03-24,11897,3155,3210,3220,3210,3220
2014-03-25,6919,3170,3185,3220,3185,3220
2014-03-26,8425,3170,3180,3190,3180,3175
2014-03-27,22436,3165,3220,3235,3220,3235
2014-03-28,31806,3190,3240,3305,3240,3250
2014-03-31,11273,3220,3260,3305,3260,3240
2014-04-01,5809,3250,3290,3300,3290,3275
2014-04-02,10135,3245,3245,3295,3245,3265
2014-04-03,8746,3175,3240,3260,3240,3250
2014-04-04,8926,3215,3240,3280,3240,3250
2014-04-07,10085,3205,3235,3270,3235,3270
2014-04-08,21886,3195,3270,3300,3270,3240
2014-04-09,8771,3235,3265,3285,3265,3280
2014-04-10,9267,3250,3280,3280,3280,3250
2014-04-11,17319,3250,3295,3300,3295,3280
2014-04-14,18951,3295,3310,3380,3310,3295
2014-04-15,26522,3310,3400,3400,3400,3310
2014-04-16,34050,3350,3365,3440,3365,3410
2014-04-17,24530,3360,3430,3460,3430,3380
2014-04-18,24919,3385,3415,3480,3415,3440
2014-04-21,11354,3360,3360,3450,3360,3450
2014-04-22,13031,3360,3400,3430,3400,3370
2014-04-23,14979,3355,3355,3420,3355,3420
2014-04-24,5966,3300,3380,3390,3380,3355
2014-04-25,5825,3330,3355,3430,3355,3380
2014-04-28,11053,3260,3340,3400,3340,3315
2014-04-29,10358,3260,3320,3340,3320,3335
2014-04-30,4301,3275,3330,3360,3330,3320
2014-05-02,5593,3295,3350,3380,3350,3330
2014-05-07,38478,3200,3205,3380,3205,3350
2014-05-08,2105,3200,3275,3275,3275,3250
2014-05-09,4405,3200,3270,3270,3270,3200
2014-05-12,10910,3245,3275,3310,3275,3270
2014-05-13,21955,3265,3340,3380,3340,3275
2014-05-14,13986,3250,3340,3370,3340,3345
2014-05-15,34836,3320,3375,3390,3375,3330
2014-05-16,26944,3250,3325,3390,3325,3370
2014-05-19,12561,3270,3330,3350,3330,3320
2014-05-20,4500,3255,3310,3350,3310,3330
2014-05-21,5477,3215,3315,3340,3315,3270
2014-05-22,9894,3230,3310,3330,3310,3230
2014-05-23,3427,3260,3310,3365,3310,3310
2014-05-26,8594,3260,3330,3340,3330,3290
2014-05-27,9512,3290,3330,3370,3330,3330
2014-05-28,17360,3300,3360,3380,3360,3300
2014-05-29,57023,3360,3440,3500,3440,3360
2014-05-30,45161,3350,3450,3550,3450,3440
2014-06-02,20416,3340,3365,3520,3365,3470
2014-06-03,5181,3320,3370,3445,3370,3365
2014-06-05,92054,3340,3515,3630,3515,3370
2014-06-09,58054,3460,3570,3620,3570,3515
2014-06-10,18827,3485,3580,3595,3580,3595
2014-06-11,18875,3460,3495,3600,3495,3580
2014-06-12,6647,3470,3505,3540,3505,3470
2014-06-13,25341,3355,3430,3525,3430,3505
2014-06-16,9826,3395,3430,3485,3430,3430
2014-06-17,8919,3385,3470,3490,3470,3415
2014-06-18,50130,3390,3580,3600,3580,3450
2014-06-19,39279,3525,3615,3740,3615,3610
2014-06-20,19421,3560,3600,3690,3600,3615
2014-06-23,9353,3515,3600,3685,3600,3605
2014-06-24,9408,3470,3545,3600,3545,3600
2014-06-25,11574,3420,3450,3600,3450,3530
2014-06-26,8118,3430,3470,3555,3470,3430
2014-06-27,3584,3420,3505,3505,3505,3480
2014-06-30,6463,3415,3480,3500,3480,3500
2014-07-01,12129,3410,3535,3600,3535,3480
2014-07-02,6161,3450,3530,3600,3530,3450
2014-07-03,16755,3490,3600,3630,3600,3530
2014-07-04,9881,3550,3610,3655,3610,3565
2014-07-07,45578,3605,3705,3730,3705,3615
2014-07-08,36838,3655,3715,3735,3715,3735
2014-07-09,17724,3635,3680,3720,3680,3710
2014-07-10,20129,3600,3700,3700,3700,3680
2014-07-11,88120,3665,3825,3880,3825,3700
2014-07-14,56311,3785,3840,4020,3840,4020
2014-07-15,18115,3705,3705,3835,3705,3805
2014-07-16,15014,3650,3705,3740,3705,3710
2014-07-17,15346,3690,3715,3770,3715,3770
2014-07-18,15693,3700,3765,3770,3765,3740
2014-07-21,24499,3650,3760,3800,3760,3765
2014-07-22,21567,3650,3740,3765,3740,3765
2014-07-23,20972,3685,3770,3795,3770,3730
2014-07-24,295351,3785,3800,4250,3800,4060
2014-07-25,41895,3620,3715,3715,3715,3655
2014-07-28,26753,3685,3730,3790,3730,3755
2014-07-29,17051,3635,3640,3685,3640,3635
2014-07-30,11662,3560,3560,3680,3560,3605
2014-07-31,12251,3465,3510,3610,3510,3610
2014-08-01,3733,3505,3530,3565,3530,3510
2014-08-04,10030,3515,3600,3660,3600,3515
2014-08-05,17120,3515,3595,3625,3595,3600
2014-08-06,1406,3540,3585,3615,3585,3595
2014-08-07,14094,3585,3680,3705,3680,3590
2014-08-08,7550,3625,3710,3750,3710,3700
2014-08-11,8804,3615,3620,3745,3620,3745
2014-08-12,2377,3565,3630,3690,3630,3565
2014-08-13,6205,3580,3600,3720,3600,3670
2014-08-14,4913,3550,3585,3650,3585,3600
2014-08-18,20168,3580,3660,3750,3660,3585
2014-08-19,11995,3660,3735,3740,3735,3660
2014-08-20,7754,3690,3730,3800,3730,3690
2014-08-21,4947,3630,3740,3785,3740,3700
2014-08-22,6096,3575,3745,3750,3745,3575
2014-08-25,8958,3720,3720,3875,3720,3720
2014-08-26,7410,3660,3700,3790,3700,3710
2014-08-27,10185,3650,3685,3850,3685,3690
2014-08-28,5444,3685,3740,3750,3740,3685
2014-08-29,5677,3690,3725,3775,3725,3700
2014-09-01,4664,3685,3700,3800,3700,3735
2014-09-02,11910,3610,3700,3785,3700,3660
2014-09-03,17625,3700,3800,3850,3800,3700
2014-09-04,10752,3765,3845,3890,3845,3825
2014-09-05,5926,3790,3870,3870,3870,3810
2014-09-11,3424,3850,3885,3945,3885,3870
2014-09-12,5981,3820,3895,3930,3895,3885
2014-09-15,4468,3750,3860,3900,3860,3895
2014-09-16,9973,3765,3825,3895,3825,3860
2014-09-17,17844,3750,3885,3950,3885,3825
2014-09-18,8466,3850,3910,3950,3910,3900
2014-09-19,13082,3880,3950,3975,3950,3900
2014-09-22,20231,3900,4005,4040,4005,3915
2014-09-23,17753,3940,3940,4150,3940,4010
2014-09-24,8216,3830,3840,3945,3840,3945
2014-09-25,3311,3775,3790,3895,3790,3895
2014-09-26,8349,3770,3880,3930,3880,3780
2014-09-29,4017,3820,3920,3950,3920,3930
2014-09-30,7571,3795,3850,3940,3850,3900
2014-10-01,5111,3750,3840,3990,3840,3850
2014-10-02,4943,3755,3860,3870,3860,3810
2014-10-06,3595,3755,3755,3895,3755,3860
2014-10-07,9076,3700,3800,3855,3800,3800
2014-10-08,3766,3725,3815,3870,3815,3800
2014-10-10,10551,3615,3670,3830,3670,3815
2014-10-13,30532,3420,3575,3660,3575,3660
2014-10-14,27859,3430,3505,3615,3505,3565
2014-10-15,4735,3490,3535,3540,3535,3505
2014-10-16,7813,3450,3520,3600,3520,3450
2014-10-17,10075,3520,3605,3750,3605,3520
2014-10-20,11994,3550,3630,3840,3630,3580
2014-10-21,9868,3605,3670,3700,3670,3630
2014-10-22,10496,3600,3690,3740,3690,3630
2014-10-23,8017,3635,3700,3715,3700,3660
2014-10-24,6683,3585,3670,3770,3670,3630
2014-10-27,2853,3500,3650,3670,3650,3665
2014-10-28,4267,3605,3675,3690,3675,3630
2014-10-29,2835,3650,3710,3740,3710,3650
2014-10-30,3263,3690,3740,3785,3740,3690
2014-10-31,3492,3695,3770,3800,3770,3720
2014-11-03,5596,3705,3725,3850,3725,3770
2014-11-04,5057,3610,3670,3800,3670,3725
2014-11-05,14980,3515,3640,3735,3640,3670
2014-11-06,3157,3515,3670,3700,3670,3615
2014-11-07,3932,3600,3670,3710,3670,3630
2014-11-10,5661,3670,3690,3745,3690,3700
2014-11-11,2373,3600,3690,3700,3690,3690
2014-11-12,1203,3615,3650,3705,3650,3700
2014-11-13,1744,3610,3610,3710,3610,3650
2014-11-14,3100,3555,3655,3685,3655,3610
2014-11-17,1079,3600,3660,3730,3660,3655
2014-11-18,12500,3650,3700,3735,3700,3670
2014-11-19,10756,3680,3700,3730,3700,3700
2014-11-20,1393,3700,3730,3735,3730,3700
2014-11-21,8866,3655,3725,3750,3725,3730
2014-11-24,4719,3660,3730,3740,3730,3700
2014-11-25,3050,3660,3740,3750,3740,3700
2014-11-26,5567,3710,3735,3865,3735,3750
2014-11-27,16220,3710,3810,3860,3810,3740
2014-11-28,2515,3705,3795,3800,3795,3790
2014-12-01,13034,3650,3705,3840,3705,3790
2014-12-02,6753,3650,3740,3745,3740,3705
2014-12-03,2313,3710,3760,3780,3760,3740
2014-12-04,3877,3735,3790,3800,3790,3760
2014-12-05,57249,3730,3800,3955,3800,3790
2014-12-08,18033,3780,3815,3870,3815,3830
2014-12-09,7503,3755,3820,3855,3820,3815
2014-12-10,10388,3750,3750,3860,3750,3820
2014-12-11,10897,3570,3665,3770,3665,3750
2014-12-12,10015,3555,3670,3685,3670,3625
2014-12-15,4658,3625,3670,3700,3670,3625
2014-12-16,8031,3630,3770,3795,3770,3630
2014-12-17,4378,3700,3785,3795,3785,3720
2014-12-18,16359,3590,3610,3810,3610,3780
2014-12-19,70869,3655,3740,3850,3740,3655
2014-12-22,124939,3800,4030,4280,4030,3800
2014-12-23,42823,3810,3870,4075,3870,4050
2014-12-24,18592,3820,3870,3960,3870,3930
2014-12-26,34022,3655,3670,3895,3670,3870
2014-12-29,38592,3600,3700,3920,3700,3740
2014-12-30,14366,3630,3675,3730,3675,3650
2015-01-02,13353,3605,3620,3795,3620,3675
2015-01-05,28562,3670,3700,3790,3700,3670
2015-01-06,173455,3770,4030,4250,4030,3770
2015-01-07,115787,3800,3810,4115,3810,4100
2015-01-08,34471,3765,3880,3885,3880,3790
2015-01-09,22081,3765,3825,3910,3825,3860
2015-01-12,32312,3735,3800,3800,3800,3750
2015-01-13,18352,3770,3865,3895,3865,3795
2015-01-14,17306,3815,3870,3925,3870,3865
2015-01-15,201914,3895,4045,4400,4045,3895
2015-01-16,126330,3910,4130,4230,4130,4045
2015-01-19,342181,4180,4530,4650,4530,4365
2015-01-20,168271,4075,4155,4495,4155,4445
2015-01-21,159618,3975,4040,4320,4040,4260
2015-01-22,116689,3910,3945,4250,3945,4065
2015-01-23,372158,4070,4535,4535,4535,4200
2015-01-26,43494,5210,5210,5210,5210,5210
2015-01-27,682454,5600,5990,5990,5990,5990
2015-01-28,2039438,5100,5100,6140,5100,5870
2015-01-29,1837284,4700,4730,5350,4730,4760
2015-01-30,1426990,4610,4915,5350,4915,4750
2015-02-02,894409,4420,4420,5260,4420,5100
2015-02-03,345156,4190,4295,4530,4295,4500
2015-02-04,247170,4245,4385,4470,4385,4360
2015-02-05,790468,4405,4735,4995,4735,4450
2015-02-06,223780,4495,4520,4760,4520,4740
2015-02-09,650187,4640,5190,5190,5190,4695
2015-02-10,216822,5500,5960,5960,5960,5960
2015-02-11,1752284,6220,6810,6850,6810,6850
2015-02-12,2896737,5790,6500,7500,6500,6500
2015-02-13,1589386,6220,6250,7160,6250,6500
2015-02-16,1569873,5560,6340,6990,6340,6250
2015-02-17,450414,5830,5870,6530,5870,6340
2015-02-23,595294,5870,6750,6750,6750,5870
2015-02-24,307804,7000,7760,7760,7760,7150
2015-02-25,3046600,7270,7600,8850,7600,8800
2015-02-26,1489668,7450,7500,8280,7500,7450
2015-02-27,812273,6820,7080,7850,7080,7560
2015-03-02,433820,6470,6470,7150,6470,7060
2015-03-03,472546,6200,6380,6730,6380,6600
2015-03-04,704978,6250,6510,6760,6510,6470
2015-03-05,532666,6160,6200,6710,6200,6550
2015-03-06,383437,5860,6200,6230,6200,6110
2015-03-09,345296,5520,5560,6150,5560,6100
2015-03-10,315571,5270,5380,5650,5380,5570
2015-03-11,1114169,5410,6180,6180,6180,5420
2015-03-12,1058927,5730,5920,6900,5920,6290
2015-03-13,414451,5420,5420,6200,5420,6200
2015-03-16,142508,5320,5610,5640,5610,5480
2015-03-17,140899,5390,5450,5550,5450,5460
2015-03-18,203744,5200,5200,5530,5200,5430
2015-03-19,386846,5180,5300,5700,5300,5280
2015-03-20,267666,5330,5380,5720,5380,5420
2015-03-23,121928,5300,5300,5460,5300,5440
2015-03-24,94885,5310,5460,5490,5460,5390
2015-03-25,196677,5400,5620,5700,5620,5500
2015-03-26,125517,5390,5390,5690,5390,5690
2015-03-27,84987,5260,5280,5430,5280,5410
2015-03-30,49260,5220,5430,5460,5430,5290
2015-03-31,99287,5380,5380,5590,5380,5530
2015-04-01,93132,5170,5190,5380,5190,5380
2015-04-02,97902,5070,5080,5290,5080,5200
2015-04-03,53076,5070,5200,5260,5200,5120
2015-04-06,79219,5140,5180,5400,5180,5260
2015-04-07,65529,5190,5300,5340,5300,5200
2015-04-08,44650,5220,5280,5360,5280,5340
2015-04-09,149550,5240,5380,5570,5380,5280
2015-04-10,237304,5370,5680,5820,5680,5430
2015-04-13,117453,5500,5590,5770,5590,5770
2015-04-14,325262,5350,5380,5930,5380,5620
2015-04-15,111567,5410,5550,5670,5550,5480
2015-04-16,74201,5390,5430,5650,5430,5550
2015-04-17,39580,5390,5430,5560,5430,5560
2015-04-20,105099,5200,5220,5370,5220,5340
2015-04-21,38084,5230,5300,5470,5300,5230
2015-04-22,74985,4810,5100,5400,5100,5360
2015-04-23,85833,4930,4950,5070,4950,5010
2015-04-24,45581,4820,4910,5050,4910,4960
2015-04-27,62488,4955,5090,5200,5090,5020
2015-04-28,23964,5030,5030,5190,5030,5090
2015-04-29,62267,4880,4895,5150,4895,5030
2015-04-30,41584,4850,4910,4945,4910,4920
2015-05-04,19239,4755,4840,4960,4840,4910
2015-05-06,70447,4800,4850,5100,4850,4840
2015-05-07,21030,4765,4865,4920,4865,4865
2015-05-08,19410,4800,4890,4945,4890,4800
2015-05-11,11093,4890,4965,5010,4965,4890
2015-05-12,29542,4895,5040,5070,5040,5070
2015-05-13,131950,4960,5220,5300,5220,4970
2015-05-14,118920,5110,5290,5390,5290,5220
2015-05-15,731686,5410,5410,6080,5410,5590
2015-05-18,140867,5130,5180,5360,5180,5310
2015-05-19,97909,5150,5300,5420,5300,5200
2015-05-20,74950,5320,5370,5480,5370,5350
2015-05-21,69869,5190,5350,5430,5350,5430
2015-05-22,53470,5200,5260,5470,5260,5440
2015-05-26,59704,5020,5180,5270,5180,5260
2015-05-27,44897,5010,5010,5240,5010,5180
2015-05-28,33495,5050,5080,5240,5080,5100
2015-05-29,32716,5100,5230,5290,5230,5140
2015-06-01,39100,5140,5140,5400,5140,5300
2015-06-02,53951,4885,4950,5290,4950,5200
2015-06-03,35424,4835,5080,5110,5080,4950
2015-06-04,34834,4905,4905,5170,4905,5040
2015-06-05,37128,4800,4900,4990,4900,4810
2015-06-08,151758,4855,5390,5400,5390,4855
2015-06-09,109558,5150,5270,5590,5270,5590
2015-06-10,101264,5200,5370,5550,5370,5280
2015-06-11,72316,5230,5280,5530,5280,5500
2015-06-12,353748,5310,5870,5930,5870,5310
2015-06-15,151309,5380,5380,5870,5380,5600
2015-06-16,105875,4960,4960,5550,4960,5410
2015-06-17,105125,4755,4800,4980,4800,4960
2015-06-18,66171,4750,4845,4950,4845,4890
2015-06-19,104114,4775,5030,5250,5030,4855
2015-06-22,96289,4960,5480,5480,5480,5040
2015-06-23,279427,6600,7120,7120,7120,6610
2015-06-24,1943656,6550,6790,8950,6790,8400
2015-06-25,570892,6080,6200,7000,6200,6550
2015-06-26,367289,5980,6050,6440,6050,6200
2015-06-29,1330618,6400,7240,7800,7240,6830
2015-06-30,334759,6600,6760,7320,6760,7320
2015-07-01,460150,6720,7010,7800,7010,6860
2015-07-02,203495,6620,6810,7110,6810,6910
2015-07-03,174162,6410,6570,6950,6570,6950
2015-07-06,128723,6090,6150,6600,6150,6380
2015-07-07,1544926,6160,6630,7700,6630,6160
2015-07-08,219543,6130,6270,6770,6270,6770
2015-07-09,469060,6250,6460,7140,6460,6280
2015-07-10,151257,6200,6210,6580,6210,6510
2015-07-13,167460,5850,6000,6250,6000,6150
2015-07-14,341483,6000,6360,6730,6360,6070
2015-07-15,149867,6030,6200,6400,6200,6400
2015-07-16,107704,6060,6210,6310,6210,6200
2015-07-17,98526,6090,6210,6350,6210,6310
2015-07-20,175793,6110,6510,6570,6510,6210
2015-07-21,114410,6300,6430,6680,6430,6680
2015-07-22,97994,6170,6200,6530,6200,6530
2015-07-23,57909,6160,6170,6400,6170,6280
2015-07-24,104620,6060,6340,6340,6340,6180
2015-07-27,144551,5890,5930,6400,5930,6350
2015-07-28,95779,5520,5900,5920,5900,5700
2015-07-29,92466,5870,6080,6250,6080,5960
2015-07-30,32145,5850,5980,6110,5980,6080
2015-07-31,99229,5520,5630,6040,5630,5970
2015-08-03,34791,5700,5790,6060,5790,5730
2015-08-04,20897,5680,5960,5960,5960,5710
2015-08-05,31979,5900,6020,6050,6020,6010
2015-08-06,30270,5990,6190,6210,6190,6020
2015-08-07,46438,6060,6370,6390,6370,6130
2015-08-10,380147,6310,6770,7380,6770,6370
2015-08-11,123195,6370,6450,6800,6450,6690
2015-08-12,67669,5980,6250,6590,6250,6360
2015-08-13,33589,6110,6420,6450,6420,6110
2015-08-14,0,6420,6420,6420,6420,6420
2015-08-17,25910,6350,6600,6700,6600,6350
2015-08-18,44098,6400,6450,6700,6450,6600
2015-08-19,41765,6130,6260,6500,6260,6500
2015-08-20,48156,6010,6430,6550,6430,6020
2015-08-21,76067,5800,5880,6370,5880,5830
2015-08-24,36540,5400,5710,5880,5710,5400
2015-08-25,33387,5560,5970,5970,5970,5610
2015-08-26,101682,5850,6350,6400,6350,5850
2015-08-27,75998,6290,6350,6560,6350,6360
2015-08-28,9586,6270,6300,6420,6300,6420
2015-08-31,41106,6300,6450,6570,6450,6430
2015-09-01,21343,6310,6400,6520,6400,6450
2015-09-02,27939,6260,6520,6550,6520,6400
2015-09-03,192213,6590,6730,7250,6730,6700
2015-09-04,47270,6540,6800,6970,6800,6730
2015-09-07,50780,6710,6990,7090,6990,6710
2015-09-08,39231,6530,6570,7100,6570,7000
2015-09-09,52273,6570,6920,6930,6920,6580
2015-09-10,81527,6870,7000,7260,7000,6920
2015-09-11,36485,6810,7100,7170,7100,7070
2015-09-14,22160,7020,7060,7260,7060,7250
2015-09-15,19580,6850,7050,7250,7050,7000
2015-09-16,44337,7010,7340,7600,7340,7250
2015-09-17,39068,7260,7430,7670,7430,7670
2015-09-18,81389,7350,7820,7980,7820,7350
2015-09-21,39080,7840,7950,8170,7950,7840
2015-09-22,30848,7750,7980,8070,7980,8070
2015-09-23,30729,7450,7750,8060,7750,7980
2015-09-24,23591,7600,7800,7970,7800,7760
2015-09-25,21944,7540,8000,8140,8000,7780
2015-09-30,38721,7540,7910,8140,7910,7780
2015-10-01,234271,7920,10250,10250,10250,7920
2015-10-02,813256,9980,10250,12400,10250,11850
2015-10-05,328083,9960,10350,11450,10350,10300
2015-10-06,229051,10300,11350,11350,11350,10500
2015-10-07,236017,9670,9700,12100,9700,11650
2015-10-08,159531,9520,9530,10450,9530,9650
2015-10-12,29219,9260,9500,9670,9500,9530
2015-10-13,104271,8890,9200,9550,9200,9430
2015-10-14,64857,8900,9150,9380,9150,9210
2015-10-15,44389,9030,9370,9520,9370,9090
2015-10-16,20537,9160,9300,9460,9300,9370
2015-10-19,20106,9170,9280,9390,9280,9210
2015-10-20,31780,8920,8920,9360,8920,9360
2015-10-21,50170,8510,8600,9060,8600,9020
2015-10-22,17577,8410,8550,8790,8550,8780
2015-10-23,13376,8120,8510,8680,8510,8550
2015-10-26,26031,8330,8880,8890,8880,8520
2015-10-27,57455,8530,8990,9400,8990,9000
2015-10-28,210366,9000,9550,10600,9550,9190
2015-10-29,28871,9060,9060,9600,9060,9550
2015-10-30,92036,8570,8680,9080,8680,8850
2015-11-02,22837,8370,9070,9350,9070,8670
2015-11-03,16009,8800,8800,9700,8800,9070
2015-11-04,27579,8210,8280,8790,8280,8790
2015-11-05,14421,8130,8340,8530,8340,8280
2015-11-06,8215,8140,8270,8550,8270,8500
2015-11-09,9865,8010,8250,8400,8250,8400
2015-11-10,22330,7540,7770,8290,7770,8290
2015-11-11,19519,7460,7710,7790,7710,7650
2015-11-12,5576,7650,7790,8080,7790,7740
2015-11-13,4266,7640,7670,8010,7670,8010
2015-11-16,19666,7240,7400,7690,7400,7690
2015-11-17,5034,7250,7540,7550,7540,7400
2015-11-18,6286,7250,7380,7870,7380,7360
2015-11-19,3666,7310,7520,7540,7520,7520
2015-11-20,2726,7370,7590,7680,7590,7680
2015-11-23,5286,7400,7690,7770,7690,7600
2015-11-24,3172,7540,7640,7900,7640,7560
2015-11-25,2043,7500,7710,7850,7710,7530
2015-11-26,1881,7550,7710,7850,7710,7550
2015-11-27,3775,7610,7730,7790,7730,7620
2015-11-30,32101,7150,7210,7730,7210,7730
2015-12-01,9815,7060,7160,7280,7160,7080
2015-12-02,11553,6940,6950,7170,6950,7170
2015-12-03,18236,6650,6670,6890,6670,6880
2015-12-04,1541,6620,6750,6810,6750,6680
2015-12-07,2501,6700,6750,6950,6750,6950
2015-12-08,4523,6500,6500,6920,6500,6920
2015-12-09,10476,6310,6370,6690,6370,6690
2015-12-10,22307,6170,6250,6700,6250,6410
2015-12-11,6026,6070,6290,6330,6290,6330
2015-12-14,8682,6000,6180,6250,6180,6110
2015-12-15,93414,6130,6990,7390,6990,6180
2015-12-16,18667,6530,6790,6990,6790,6820
2015-12-17,10428,6530,6780,6810,6780,6810
2015-12-18,6623,6650,6910,6940,6910,6940
2015-12-21,3559,6730,6800,7270,6800,7270
2015-12-22,11016,6430,6500,7010,6500,7010
2015-12-23,27843,6430,6570,6780,6570,6780
2015-12-24,10476,6370,6370,6630,6370,6570
2015-12-28,6726,6320,6350,6430,6350,6370
2015-12-29,5596,6180,6370,6450,6370,6180
2015-12-30,4625,6390,6480,6600,6480,6500
2016-01-04,2989,6310,6390,6660,6390,6480
2016-01-05,4931,6200,6350,6510,6350,6200
2016-01-06,5392,6300,6350,6510,6350,6510
2016-01-07,5839,6270,6360,6560,6360,6560
2016-01-08,3609,6150,6360,6370,6360,6180
2016-01-11,5129,6220,6300,6400,6300,6360
2016-01-12,299568,6370,6970,7800,6970,6370
2016-01-13,50720,6560,6700,7040,6700,6980
2016-01-14,101809,6600,7000,7320,7000,6930
2016-01-15,48023,6870,7110,7240,7110,6870
2016-01-18,21688,6770,7110,7110,7110,6930
2016-01-19,10851,6830,6830,7250,6830,7250
2016-01-20,22024,6330,6500,7000,6500,7000
2016-01-21,3951,6230,6500,6750,6500,6750
2016-01-22,6532,6310,6520,6760,6520,6760
2016-01-25,3742,6400,6450,6840,6450,6520
2016-01-26,2953,6350,6440,6640,6440,6400
2016-01-27,10885,6340,6340,6630,6340,6630
2016-01-28,14506,6200,6240,6340,6240,6200
2016-01-29,12349,6150,6200,6260,6200,6200
2016-02-01,15545,6050,6190,6260,6190,6200
2016-02-02,13025,6150,6350,6690,6350,6240
2016-02-03,7158,6190,6300,6450,6300,6450
2016-02-04,6093,6200,6400,6400,6400,6210
2016-02-05,2947,6260,6400,6460,6400,6270
2016-02-11,7518,6070,6200,6400,6200,6400
2016-02-12,36647,5400,5750,6180,5750,6140
2016-02-15,3397,5830,6000,6000,6000,5900
2016-02-16,764128,5940,6050,6070,6050,5940
2016-02-17,22847,5930,6370,6500,6370,6010
2016-02-18,8981,6260,6390,6550,6390,6400
2016-02-19,6138,6370,6500,6700,6500,6700
2016-02-22,6306,6300,6400,6500,6400,6440
2016-02-23,3895,6250,6280,6400,6280,6400
2016-02-24,4753,6130,6350,6380,6350,6300
2016-02-25,1913,6180,6370,6580,6370,6580
2016-02-26,8035,6200,6200,6550,6200,6550
2016-02-29,10190,6120,6150,6280,6150,6250
2016-03-02,3720,6100,6260,6270,6260,6150
2016-03-03,4872,6130,6260,6270,6260,6260
2016-03-04,5924,6200,6290,6320,6290,6260
2016-03-07,4538,6200,6290,6290,6290,6220
2016-03-08,8824,6200,6290,6300,6290,6280
2016-03-09,7697,6220,6290,6290,6290,6290
2016-03-10,4350,6240,6310,6310,6310,6290
2016-03-11,88664,6300,6440,7000,6440,6310
2016-03-14,45008,6410,6880,6880,6880,6500
2016-03-15,55664,6750,6830,7470,6830,7000
2016-03-16,11218,6650,6660,6920,6660,6860
2016-03-17,9095,6570,6630,6850,6630,6850
2016-03-18,31779,6600,6900,6980,6900,6600
2016-03-21,12395,6720,6720,7220,6720,6900
2016-03-22,9840,6710,6810,6960,6810,6800
2016-03-23,8281,6690,6780,6900,6780,6870
2016-03-24,11443,6550,6650,6840,6650,6670
2016-03-25,4413,6580,6760,6840,6760,6580
2016-03-28,12761,6800,6900,7030,6900,6860
2016-03-29,7787,6700,6890,6980,6890,6980
2016-03-30,19089,6680,6680,6980,6680,6980
2016-03-31,384880,6700,8140,8500,8140,6810
2016-04-01,406129,7360,7530,8590,7530,8380
2016-04-04,106885,7090,7110,7660,7110,7620
2016-04-05,83128,7050,7140,7590,7140,7110
2016-04-06,30562,7100,7350,7370,7350,7140
2016-04-07,14636,7180,7240,7480,7240,7330
2016-04-08,17534,7000,7150,7230,7150,7230
2016-04-11,20109,7010,7040,7260,7040,7220
2016-04-12,12868,6990,7140,7140,7140,7010
2016-04-14,28341,6710,6800,7290,6800,7140
2016-04-15,18704,6660,6740,6900,6740,6800
2016-04-18,5274,6650,6730,6810,6730,6810
2016-04-19,9093,6660,6790,6830,6790,6830
2016-04-20,6470,6710,6770,6870,6770,6850
2016-04-21,19433,6690,6890,6900,6890,6770
2016-04-22,17634,6700,6970,6990,6970,6890
2016-04-25,9444,6760,6900,7000,6900,6970
2016-04-26,19472,6570,6670,6900,6670,6900
2016-04-27,6294,6600,6780,6830,6780,6600
2016-04-28,6171,6590,6690,6770,6690,6640
2016-04-29,8677,6610,6790,6830,6790,6830
2016-05-02,7261,6580,6590,6830,6590,6830
2016-05-03,4218,6560,6560,6660,6560,6590
2016-05-04,8725,6500,6550,6770,6550,6770
2016-05-09,8040,6380,6380,6550,6380,6550
2016-05-10,6824,6130,6310,6380,6310,6130
2016-05-11,1951,6240,6340,6470,6340,6270
2016-05-12,29649,6400,6750,6800,6750,6400
2016-05-13,10728,6610,6750,6800,6750,6800
2016-05-16,3982,6600,6660,6750,6660,6750
2016-05-17,14660,6430,6480,6700,6480,6580
2016-05-18,7784,6250,6290,6630,6290,6590
2016-05-19,6239,6180,6300,6370,6300,6200
2016-05-20,6866,6230,6340,6670,6340,6230
2016-05-23,9827,6290,6490,6640,6490,6350
2016-05-24,6900,6400,6470,6660,6470,6660
2016-05-25,7728,6370,6550,6570,6550,6440
2016-05-26,7784,6330,6470,6580,6470,6480
2016-05-27,55375,6470,6630,6900,6630,6500
2016-05-30,10593,6450,6530,6630,6530,6630
2016-05-31,5066,6340,6540,6540,6540,6540
2016-06-01,5441,6440,6690,6720,6690,6470
2016-06-02,7810,6500,6650,6820,6650,6820
2016-06-03,5645,6420,6610,6690,6610,6650
2016-06-07,3495,6500,6570,6680,6570,6610
2016-06-08,3429,6430,6540,6600,6540,6600
2016-06-09,7987,6450,6500,6640,6500,6640
2016-06-10,3177,6440,6470,6620,6470,6620
2016-06-13,4761,6250,6350,6460,6350,6460
2016-06-14,4402,6130,6350,6350,6350,6300
2016-06-15,4071,6180,6330,6350,6330,6350
2016-06-16,12549,6100,6100,6320,6100,6240
2016-06-17,7732,6040,6130,6230,6130,6230
2016-06-20,852,6120,6260,6300,6260,6300
2016-06-21,1234,6170,6260,6350,6260,6350
2016-06-22,3536,6210,6320,6400,6320,6400
2016-06-23,3890,6130,6290,6390,6290,6160
2016-06-24,15998,5760,5840,6370,5840,6370
2016-06-27,6682,5630,5940,6140,5940,5980
2016-06-28,2859,5800,5960,5970,5960,5900
2016-06-29,4428,5970,6050,6250,6050,6080
2016-06-30,4544,5950,6030,6200,6030,6100
2016-07-01,133992,6050,6380,7040,6380,6430
2016-07-04,14950,6270,6420,6740,6420,6380
2016-07-05,4125,6300,6380,6670,6380,6670
2016-07-06,8696,6240,6310,6490,6310,6480
2016-07-07,4645,6180,6280,6360,6280,6290
2016-07-08,3130,6180,6260,6280,6260,6280
2016-07-11,2689,6250,6330,6370,6330,6270
2016-07-12,21951,6200,6380,6700,6380,6360
2016-07-13,4259,6320,6400,6430,6400,6380
2016-07-14,8000,6330,6520,6560,6520,6400
2016-07-15,4669,6470,6570,6730,6570,6730
2016-07-18,5001,6510,6580,6670,6580,6670
2016-07-19,5636,6510,6610,6630,6610,6610
2016-07-20,15160,6530,6750,6780,6750,6680
2016-07-21,8894,6580,6580,6800,6580,6750
2016-07-22,9183,6460,6470,6610,6470,6530
2016-07-25,2093,6410,6560,6670,6560,6670
2016-07-26,3928,6430,6430,6610,6430,6470
2016-07-27,6317,6340,6480,6600,6480,6600
2016-07-28,1917,6400,6490,6540,6490,6540
2016-07-29,764,6380,6420,6550,6420,6380
2016-08-01,3103,6330,6430,6450,6430,6350
2016-08-02,1026,6400,6430,6600,6430,6400
2016-08-03,38530,6430,6480,6840,6480,6530
2016-08-04,10270,6430,6640,6730,6640,6500
2016-08-05,2192,6520,6580,6640,6580,6640
2016-08-08,5263,6370,6570,6640,6570,6370
2016-08-09,171707,6520,6750,7340,6750,6580
2016-08-10,98721,6740,6740,7170,6740,6900
2016-08-11,13625,6690,6760,6880,6760,6740
2016-08-12,9841,6750,6810,6950,6810,6790
2016-08-16,10324,6720,6830,6980,6830,6810
2016-08-17,10344,6690,6860,7000,6860,7000
2016-08-18,20229,6590,6910,6960,6910,6860
2016-08-19,33323,6860,7130,7130,7130,6910
2016-08-22,16953,7020,7130,7290,7130,7070
2016-08-23,11601,7020,7120,7220,7120,7210
2016-08-24,13982,7050,7140,7190,7140,7120
2016-08-25,7151,6910,7110,7210,7110,7140
2016-08-26,4788,6980,7050,7190,7050,7110
2016-08-29,9957,6860,6880,7080,6880,7010
2016-08-30,8592,6730,6930,6990,6930,6730
2016-08-31,7392,6800,6800,7100,6800,6990
2016-09-01,9035,6790,6900,6980,6900,6980
2016-09-02,4656,6820,7080,7120,7080,6900
2016-09-05,3935,7030,7090,7220,7090,7080
2016-09-06,5001,6770,7000,7080,7000,6770
2016-09-07,3045,6950,7080,7140,7080,6950
2016-09-08,29696,7020,7220,7420,7220,7250
2016-09-09,16473,6960,7100,7360,7100,7220
2016-09-12,17977,6850,6990,7290,6990,6860
2016-09-13,9367,6990,7070,7240,7070,6990
2016-09-19,9544,7000,7100,7110,7100,7070
2016-09-20,12250,7060,7070,7240,7070,7100
2016-09-21,12219,7030,7070,7160,7070,7070
2016-09-22,7498,7070,7200,7250,7200,7070
2016-09-23,18229,7010,7180,7290,7180,7290
2016-09-26,9307,7080,7300,7380,7300,7080
2016-09-27,1471931,7200,8990,9490,8990,7340
2016-09-28,698492,8300,8330,9030,8330,8630
2016-09-29,248202,8000,8310,8490,8310,8230
2016-09-30,203427,7660,7710,8430,7710,8420
2016-10-04,67442,7710,7800,7960,7800,7710
2016-10-05,51854,7640,7930,7970,7930,7720
2016-10-06,24943,7780,7830,8000,7830,8000
2016-10-07,40826,7560,7640,7860,7640,7730
2016-10-10,29414,7600,7770,7940,7770,7600
2016-10-11,104355,7640,7910,8280,7910,7750
2016-10-12,42570,7840,8020,8080,8020,8050
2016-10-13,43243,7720,7900,8100,7900,8100
2016-10-14,22358,7790,7950,8250,7950,7790
2016-10-17,18183,7800,7950,8090,7950,8090
2016-10-18,24899,7680,7820,8020,7820,8000
2016-10-19,19166,7680,7680,7990,7680,7920
2016-10-20,55087,7210,7220,7790,7220,7790
2016-10-21,26212,7140,7220,7330,7220,7230
2016-10-24,39692,6970,7110,7340,7110,7340
2016-10-25,16584,6920,7010,7110,7010,7110
2016-10-26,29322,6650,6850,7060,6850,7060
2016-10-27,10278,6800,6960,7020,6960,6970
2016-10-28,10245,6750,6860,6930,6860,6890
2016-10-31,15505,6780,6830,6900,6830,6900
2016-11-01,10600,6700,6700,7000,6700,6760
2016-11-02,20896,6450,6450,6750,6450,6750
2016-11-03,12741,6210,6410,6500,6410,6210
2016-11-04,5671,6320,6320,6480,6320,6430
2016-11-07,13669,6310,6630,6630,6630,6320
2016-11-08,10643,6530,6600,6750,6600,6530
2016-11-09,504198,6620,6690,7960,6690,6700
2016-11-10,132243,6730,7440,7510,7440,6820
2016-11-11,122298,7260,7610,7800,7610,7440
2016-11-14,51460,7270,7360,7650,7360,7550
2016-11-15,32977,7190,7400,7420,7400,7360
2016-11-16,19353,7260,7260,7500,7260,7380
2016-11-17,19081,7260,7310,7450,7310,7450
2016-11-18,72083,7280,7380,7690,7380,7530
2016-11-21,110765,7530,7580,7990,7580,7960
2016-11-22,36907,7350,7400,7600,7400,7520
2016-11-23,502148,7400,7590,8300,7590,7550
2016-11-24,83050,7500,7540,7740,7540,7630
2016-11-25,132491,7540,7620,8000,7620,7630
2016-11-28,40082,7410,7460,7660,7460,7620
2016-11-29,36096,7370,7500,7570,7500,7570
2016-11-30,28225,7450,7750,7760,7750,7500
2016-12-01,31469,7590,7730,7950,7730,7750
2016-12-02,167923,7610,8190,8450,8190,7740
2016-12-05,154755,7900,7900,8450,7900,8240
2016-12-06,2017618,7910,8900,10250,8900,7910
2016-12-07,2408053,8700,9330,10350,9330,9000
2016-12-08,2073652,9490,9600,10950,9600,9830
2016-12-09,460538,9050,9160,9690,9160,9670
2016-12-12,758828,8820,9400,10000,9400,9270
2016-12-13,235153,9040,9060,9360,9060,9250
2016-12-14,445025,8790,8790,9650,8790,8970
2016-12-15,169306,8650,8760,8930,8760,8740
2016-12-16,421196,8530,8610,9470,8610,8840
2016-12-19,429136,8440,8920,9210,8920,8660
2016-12-20,190162,8740,8910,9260,8910,8860
2016-12-21,229359,8810,9300,9400,9300,8830
2016-12-22,159447,8880,8900,9400,8900,9230
2016-12-23,89877,8690,8690,8970,8690,8930
2016-12-26,130770,8010,8330,8830,8330,8730
2016-12-27,121070,8080,8100,8380,8100,8330
2016-12-28,86411,8110,8260,8340,8260,8170
2016-12-29,146396,8110,8300,8410,8300,8240
2017-01-02,60458,8060,8140,8310,8140,8300
2017-01-03,64490,8000,8020,8170,8020,8170
2017-01-04,148292,7940,8160,8180,8160,8070
2017-01-05,41062,8040,8110,8170,8110,8160
2017-01-06,43668,8100,8160,8170,8160,8150
2017-01-09,120342,8010,8120,8350,8120,8150
2017-01-10,334531,8000,8300,8510,8300,8070
2017-01-11,73201,8260,8350,8470,8350,8470
2017-01-12,609829,8340,8360,9060,8360,8340
2017-01-13,243499,7990,8180,8440,8180,8400
2017-01-16,1132005,8380,8380,9480,8380,8550
2017-01-17,119057,8190,8260,8420,8260,8370
2017-01-18,71399,8180,8230,8310,8230,8310
2017-01-19,61364,8160,8170,8300,8170,8220
2017-01-20,46706,8100,8160,8240,8160,8180
2017-01-23,118017,8070,8360,8510,8360,8150
2017-01-24,125654,8280,8330,8620,8330,8370
2017-01-25,109156,8260,8360,8600,8360,8460
2017-01-26,99490,8340,8540,8650,8540,8360
2017-01-31,85305,8380,8660,8660,8660,8540
2017-02-01,82314,8450,8540,8720,8540,8690
2017-02-02,95844,8100,8230,8500,8230,8400
2017-02-03,82156,8140,8260,8290,8260,8230
2017-02-06,156240,8350,8630,8700,8630,8450
2017-02-07,198210,8330,8330,8990,8330,8990
2017-02-08,111514,7940,8010,8380,8010,8380
2017-02-09,53904,7970,8010,8140,8010,7980
2017-02-10,71786,7950,8050,8190,8050,8110
2017-02-13,42015,8030,8200,8220,8200,8140
2017-02-14,47207,7970,8010,8200,8010,8110
2017-02-15,18913,7950,8020,8050,8020,7950
2017-02-16,67317,7810,7870,8050,7870,8040
2017-02-17,59537,7550,7740,7910,7740,7870
2017-02-20,34574,7530,7530,7740,7530,7740
2017-02-21,39674,7500,7600,7660,7600,7510
2017-02-22,15542,7560,7570,7670,7570,7560
2017-02-23,20637,7540,7540,7660,7540,7550
2017-02-24,29490,7410,7440,7640,7440,7620
2017-02-27,24346,7360,7570,7590,7570,7360
2017-02-28,22416,7400,7480,7600,7480,7570
2017-03-02,11299,7270,7270,7550,7270,7480
2017-03-03,27843,6950,7000,7410,7000,7350
2017-03-06,14691,6840,7000,7040,7000,7000
2017-03-07,9552,6890,7100,7100,7100,7000
2017-03-08,9033,7000,7060,7160,7060,7000
2017-03-09,10083,7030,7070,7140,7070,7060
2017-03-10,14949,6960,7170,7190,7170,7000
2017-03-13,15656,7120,7310,7310,7310,7170
2017-03-14,13688,7200,7350,7400,7350,7310
2017-03-15,15910,7200,7210,7450,7210,7450
2017-03-16,14692,7110,7230,7280,7230,7210
2017-03-17,15220,7200,7270,7380,7270,7230
2017-03-20,13894,7090,7180,7260,7180,7240
2017-03-21,12549,7040,7040,7200,7040,7130
2017-03-22,13555,6910,6940,7120,6940,7000
2017-03-23,18545,6730,6800,7000,6800,6960
2017-03-24,15325,6630,6740,6930,6740,6800
2017-03-27,16032,6600,6760,6780,6760,6670
2017-03-28,8213,6700,6820,6850,6820,6830
2017-03-29,10889,6710,6780,6840,6780,6730
2017-03-30,11020,6740,6780,6840,6780,6790
2017-03-31,16050,6660,6700,6790,6700,6790
2017-04-03,16674,6650,6760,6770,6760,6680
2017-04-04,13855,6710,6730,6810,6730,6710
2017-04-05,15161,6740,6940,7000,6940,6740
2017-04-06,25241,6940,7100,7200,7100,6990
2017-04-07,8335,6940,7090,7200,7090,7200
2017-04-10,32148,6710,6800,7150,6800,7150
2017-04-11,7088,6740,6800,6870,6800,6750
2017-04-12,8171,6700,6850,7000,6850,7000
2017-04-13,5110,6750,6810,6910,6810,6860
2017-04-14,7355,6570,6790,6840,6790,6570
2017-04-17,6500,6700,6780,6850,6780,6700
2017-04-18,4602,6670,6790,6840,6790,6840
2017-04-19,5878,6660,6740,6830,6740,6790
2017-04-20,16799,6630,6690,6740,6690,6740
2017-04-21,9768,6640,6710,6750,6710,6710
2017-04-24,11280,6560,6560,6740,6560,6710
2017-04-25,5740,6410,6660,6670,6660,6600
2017-04-26,4812,6600,6770,6800,6770,6600
2017-04-27,93563,6800,7220,7460,7220,6800
2017-04-28,55836,6810,6810,7150,6810,7150
2017-05-02,12282,6760,6770,6910,6770,6810
2017-05-04,3839,6740,6800,6800,6800,6770
2017-05-08,4881,6720,6790,6840,6790,6800
2017-05-10,7784,6690,6770,6790,6770,6740
2017-05-11,3267,6720,6780,6800,6780,6790
2017-05-12,5466,6720,6770,6980,6770,6980
2017-05-15,4824,6700,6710,6900,6710,6800
2017-05-16,6050,6620,6660,6770,6660,6710
2017-05-17,5657,6590,6640,6760,6640,6660
2017-05-18,3244,6570,6700,6700,6700,6580
2017-05-19,1723,6620,6720,6720,6720,6700
2017-05-22,4036,6600,6700,6720,6700,6600
2017-05-23,7192,6630,6640,6710,6640,6710
2017-05-24,1959,6630,6660,6690,6660,6640
2017-05-25,3020,6630,6670,6670,6670,6660
2017-05-26,82774,6650,6850,7080,6850,6710
2017-05-29,15045,6800,6850,6970,6850,6850
2017-05-30,50541,6810,7000,7230,7000,6840
2017-05-31,25096,6920,7120,7180,7120,7000
2017-06-01,5075,7050,7110,7230,7110,7120
2017-06-02,14881,6920,6920,7240,6920,7240
2017-06-05,21650,6710,7000,7200,7000,7190
2017-06-07,35006,6920,7020,7250,7020,7000
2017-06-08,10602,6940,7020,7050,7020,7050
2017-06-09,7982,6970,7050,7050,7050,7050
2017-06-12,12594,7030,7030,7200,7030,7140
2017-06-13,15774,6940,6960,7080,6960,6940
2017-06-14,9261,6900,7020,7050,7020,6960
2017-06-15,4013,6910,6970,7070,6970,6960
2017-06-16,2793,6930,6990,7040,6990,6970
2017-06-19,4845,6910,7060,7120,7060,6910
2017-06-20,5288,6880,7000,7070,7000,6980
2017-06-21,10220,6770,6780,6990,6780,6940
2017-06-22,6468,6700,6710,6820,6710,6820
2017-06-23,7495,6680,6690,6750,6690,6750
2017-06-26,2060,6680,6760,6760,6760,6740
2017-06-27,8468,6700,6780,6790,6780,6770
2017-06-28,6017,6700,6800,6810,6800,6730
2017-06-29,5524,6730,6780,6880,6780,6880
2017-06-30,6402,6750,6760,6890,6760,6800
2017-07-03,3634,6710,6790,6810,6790,6800
2017-07-04,5977,6700,6760,6790,6760,6700
2017-07-05,4802,6700,6750,6790,6750,6790
2017-07-06,1069,6720,6760,6790,6760,6740
2017-07-07,3935,6700,6760,6770,6760,6730
2017-07-10,3935,6700,6760,6780,6760,6710
2017-07-11,4922,6700,6760,6770,6760,6760
2017-07-12,2828,6700,6760,6770,6760,6760
2017-07-13,2096,6700,6750,6840,6750,6840
2017-07-14,4779,6690,6740,6770,6740,6750
2017-07-17,3176,6660,6680,6770,6680,6770
2017-07-18,7730,6650,6720,6740,6720,6740
2017-07-19,1034551,6660,6940,7770,6940,6660
2017-07-20,123749,6800,6870,6970,6870,6920
2017-07-21,210277,6820,6930,7160,6930,6840
2017-07-24,689893,6890,7250,7850,7250,6910
2017-07-25,190258,7130,7350,7420,7350,7260
2017-07-26,54208,7160,7170,7450,7170,7370
2017-07-27,42834,7020,7030,7250,7030,7250
2017-07-28,29407,6880,6880,7070,6880,7050
2017-07-31,26858,6520,6760,6880,6760,6780
2017-08-01,19867,6600,6770,6850,6770,6790
2017-08-02,23721,6670,6700,6800,6700,6780
2017-08-03,13956,6610,6630,6770,6630,6700
2017-08-04,15267,6550,6550,6660,6550,6630
2017-08-07,7783,6500,6540,6600,6540,6500
2017-08-08,1533079,6540,6870,7560,6870,6540
2017-08-09,652555,6750,6870,7430,6870,6820
2017-08-10,252639,6600,6720,7250,6720,6920
2017-08-11,62262,6500,6520,6730,6520,6710
2017-08-14,21855,6520,6590,6630,6590,6520
2017-08-16,325236,6590,6800,7650,6800,6590
2017-08-17,140742,6700,6970,7150,6970,6780
2017-08-18,69934,6770,6790,6940,6790,6880
2017-08-21,46204,6720,6750,6950,6750,6730
2017-08-22,19262,6670,6790,6830,6790,6780
2017-08-23,37241,6610,6660,6820,6660,6790
2017-08-24,19415,6610,6650,6690,6650,6650
2017-08-25,86160,6650,6880,6970,6880,6650
2017-08-28,23190,6790,6900,6920,6900,6910
2017-08-29,146250,6820,6980,7130,6980,6900
2017-08-30,32580,6970,7000,7160,7000,7070
2017-08-31,18163,6890,6970,7100,6970,7000
2017-09-01,23220,6810,6880,7010,6880,6930
2017-09-04,26283,6660,6750,6810,6750,6660
2017-09-05,14194,6640,6690,6810,6690,6770
2017-09-06,29594,6510,6690,6710,6690,6660
2017-09-07,13290,6650,6740,6740,6740,6660
2017-09-08,7952,6610,6670,6750,6670,6740
2017-09-11,16879,6530,6580,6660,6580,6580
2017-09-12,2342,6570,6630,6660,6630,6580
2017-09-13,8211,6600,6630,6670,6630,6600
2017-09-14,20050,6570,6640,6690,6640,6680
2017-09-15,19527,6530,6630,6660,6630,6660
2017-09-18,15872,6520,6660,6690,6660,6640
2017-09-19,12609,6570,6630,6690,6630,6660
2017-09-20,64559,6540,6780,6820,6780,6620
2017-09-21,43218,6720,6760,6900,6760,6780
2017-09-25,59645,6540,6610,6870,6610,6760
2017-09-26,0,6610,6610,6610,6610,6610
2017-09-27,15745,6510,6570,6630,6570,6510
2017-09-28,3798,6560,6600,6620,6600,6610
2017-09-29,14537,6510,6580,6620,6580,6580
2017-10-10,11021,6510,6560,6580,6560,6580
2017-10-11,9187,6500,6540,6560,6540,6520
2017-10-12,9791,6500,6550,6570,6550,6540
2017-10-13,12153,6470,6530,6560,6530,6550
2017-10-16,9448,6430,6450,6530,6450,6440
2017-10-17,5879,6420,6470,6480,6470,6450
2017-10-18,5117,6410,6440,6470,6440,6460
2017-10-19,9778,6380,6480,6500,6480,6440
2017-10-20,9500,6430,6550,6550,6550,6450
2017-10-23,6012,6490,6560,6590,6560,6550
2017-10-24,6691,6470,6560,6580,6560,6560
2017-10-25,3044,6470,6520,6560,6520,6560
2017-10-26,4104,6470,6520,6520,6520,6520
2017-10-27,8322,6420,6500,6530,6500,6510
2017-10-30,9948,6420,6470,6520,6470,6450
2017-10-31,5219,6400,6440,6490,6440,6470
2017-11-01,12924,6400,6450,6470,6450,6410
2017-11-02,7800,6430,6460,6490,6460,6450
2017-11-03,6004,6430,6490,6530,6490,6430
2017-11-06,32240,6460,6600,6700,6600,6500
2017-11-07,8323,6570,6650,6670,6650,6610
2017-11-08,6641,6540,6590,6650,6590,6580
2017-11-09,9088,6510,6590,6620,6590,6590
2017-11-10,9541,6510,6590,6610,6590,6560
2017-11-13,6039,6510,6550,6580,6550,6530
2017-11-14,6825,6500,6570,6600,6570,6540
2017-11-15,24549,6480,6550,6600,6550,6570
2017-11-16,5740,6490,6520,6550,6520,6500
2017-11-17,5123,6490,6520,6550,6520,6520
2017-11-20,26387,6550,6620,6680,6620,6670
2017-11-21,28528,6600,6640,6660,6640,6630
2017-11-22,13262,6540,6570,6650,6570,6650
2017-11-23,19039,6470,6550,6550,6550,6530
2017-11-24,9710,6500,6590,6630,6590,6530
2017-11-27,12611,6480,6560,6600,6560,6530
2017-11-28,16935,6480,6590,6600,6590,6560
2017-11-29,13509,6460,6520,6580,6520,6580
2017-11-30,11836,6440,6450,6510,6450,6510
2017-12-01,8127,6440,6470,6520,6470,6450
2017-12-04,7292,6420,6420,6480,6420,6470
2017-12-05,54254,6400,6550,6760,6550,6460
2017-12-06,18279,6470,6550,6630,6550,6510
2017-12-07,38942,6310,6400,6550,6400,6510
2017-12-08,28342,6180,6180,6400,6180,6380
2017-12-11,8831,6080,6180,6210,6180,6160
2017-12-12,8074,6080,6190,6210,6190,6180
2017-12-13,6391,6100,6140,6180,6140,6160
2017-12-14,9831,6110,6180,6180,6180,6140
2017-12-15,11319,6060,6110,6190,6110,6180
2017-12-18,6654,6070,6110,6140,6110,6110
2017-12-19,51567,5790,5790,6100,5790,6030
2017-12-21,13739,5600,5600,5760,5600,5750
2017-12-22,9311,5440,5630,5660,5630,5600
2017-12-26,4877,5530,5630,5640,5630,5600
2017-12-27,8987,5510,5600,5620,5600,5570
2017-12-28,5746,5530,5630,5630,5630,5530
2018-01-02,7910,5600,5690,5700,5690,5630
2018-01-03,7950,5630,5700,5700,5700,5650
2018-01-04,17526,5650,5720,5720,5720,5690
2018-01-05,5905,5660,5680,5720,5680,5720
2018-01-08,8763,5660,5740,5740,5740,5700
2018-01-09,4117,5680,5740,5760,5740,5740
2018-01-10,9572,5640,5690,5750,5690,5710
2018-01-11,6376,5650,5700,5730,5700,5690
2018-01-12,34459,5660,5810,5810,5810,5710
2018-01-15,19323,5760,5900,5990,5900,5810
2018-01-16,5278,5860,5900,5950,5900,5860
2018-01-17,11237,5860,5930,5930,5930,5910
2018-01-18,4118,5870,5960,6010,5960,5930
2018-01-19,10629,5930,6060,6080,6060,5970
2018-01-22,8531,6010,6020,6080,6020,6060
2018-01-23,14549,5980,6050,6070,6050,5980
2018-01-24,6228,6000,6060,6060,6060,6000
2018-01-25,3923,6050,6080,6110,6080,6070
2018-01-26,13362,6030,6100,6120,6100,6060
2018-01-29,16482,6040,6210,6300,6210,6100
2018-01-30,11050,6140,6280,6300,6280,6150
2018-01-31,95348,6240,6520,6690,6520,6330
2018-02-01,33181,6230,6370,6650,6370,6650
2018-02-02,20753,6140,6230,6370,6230,6370
2018-02-05,13853,6090,6140,6240,6140,6160
2018-02-06,22213,5660,5890,6070,5890,5820
2018-02-07,10136,5820,5820,6070,5820,5920
2018-02-08,12752,5790,6000,6000,6000,5820
2018-02-09,12567,5730,5880,5930,5880,5850
2018-02-12,7532,5860,5890,5930,5890,5850
2018-02-13,10156,5850,5880,6010,5880,5850
2018-02-14,1260,5820,5910,5910,5910,5900
2018-02-19,11712,5870,5930,5950,5930,5930
2018-02-20,43490,5870,5930,6200,5930,5900
2018-02-21,6305,5900,5970,6040,5970,6040
2018-02-22,11528,5940,6130,6170,6130,5970
2018-02-23,9441,6020,6100,6150,6100,6130
2018-02-26,11855,6070,6120,6160,6120,6100
2018-02-27,8597,6070,6070,6150,6070,6100
2018-02-28,7863,6030,6100,6120,6100,6120
2018-03-02,8280,6050,6180,6180,6180,6120
2018-03-05,15586,6000,6110,6180,6110,6180
2018-03-06,5872,6000,6110,6110,6110,6110
2018-03-08,9179,5960,5990,6080,5990,6000
2018-03-09,3268,5990,6020,6070,6020,6020
2018-03-12,12737,5950,5960,6070,5960,6060
2018-03-13,22541,5850,5850,6050,5850,5960
2018-03-14,3095,5840,5860,5940,5860,5900
2018-03-15,3093,5850,5890,5890,5890,5860
2018-03-16,2190,5850,5930,5960,5930,5890
2018-03-19,2649,5860,5860,5960,5860,5960
2018-03-20,12665,5800,5890,5900,5890,5850
2018-03-21,755,5830,5890,5900,5890,5900
2018-03-22,3948,5800,5850,5880,5850,5840
2018-03-23,6223,5730,5730,5870,5730,5790
2018-03-26,6741,5650,5780,5780,5780,5720
2018-03-27,12504,5720,5840,5890,5840,5780
2018-03-28,14538,5760,5790,5880,5790,5820
2018-03-29,2436,5780,5800,5850,5800,5780
2018-03-30,2408,5790,5840,5860,5840,5800
2018-04-02,644866,5820,6180,7590,6180,5840
2018-04-03,91251,6000,6130,6170,6130,6170
2018-04-04,44938,6010,6010,6160,6010,6050
2018-04-05,20791,5960,6030,6070,6030,6020
2018-04-06,22472,5880,5910,6040,5910,5980
2018-04-09,24057,5770,5780,5960,5780,5910
2018-04-10,15385,5750,5800,5880,5800,5770
2018-04-11,16082,5720,5780,5790,5780,5770
2018-04-12,7678,5740,5800,5800,5800,5780
2018-04-13,12440,5770,5890,5910,5890,5800
2018-04-16,5672,5850,5880,5920,5880,5890
2018-04-17,18111,5860,5940,5950,5940,5870
2018-04-18,13014,5900,5940,6060,5940,5930
2018-04-19,16619,5880,5920,5970,5920,5940
2018-04-20,6591,5870,5960,5960,5960,5930
2018-04-23,29747,5900,6030,6080,6030,5970
2018-04-24,30276,6030,6210,6230,6210,6040
2018-04-25,241195,6190,6240,6900,6240,6200
2018-04-26,30083,6130,6130,6290,6130,6290
2018-04-27,57114,6080,6360,6390,6360,6190
2018-04-30,77108,6370,6590,6680,6590,6400
2018-05-02,54602,6440,6700,6760,6700,6600
2018-05-03,47317,6330,6400,6760,6400,6710
2018-05-04,41300,6310,6550,6700,6550,6320
2018-05-08,24144,6300,6300,6670,6300,6500
2018-05-09,14949,6200,6380,6480,6380,6300
2018-05-10,19327,6340,6440,6640,6440,6470
2018-05-11,19682,6440,6610,6630,6610,6440
2018-05-14,131754,6610,7100,7100,7100,6610
2018-05-15,516572,6840,7250,7740,7250,7120
2018-05-16,119861,6530,6620,6950,6620,6710
2018-05-17,59244,6410,6580,6850,6580,6620
2018-05-18,32366,6410,6510,6840,6510,6580
2018-05-21,25462,6460,6530,6760,6530,6460
2018-05-23,33148,6460,6740,6740,6740,6530
2018-05-24,22715,6410,6430,6880,6430,6740
2018-05-25,34581,6090,6200,6400,6200,6210
2018-05-28,38850,6320,6420,6510,6420,6510
2018-05-29,10523,6220,6220,6480,6220,6400
2018-05-30,9088,6100,6250,6290,6250,6120
2018-05-31,20943,6300,6500,6660,6500,6320
2018-06-01,5879,6300,6440,6550,6440,6480
2018-06-04,32167,6440,6500,6840,6500,6840
2018-06-05,21402,6410,6710,6770,6710,6410
2018-06-07,9099,6500,6590,6760,6590,6680
2018-06-08,6644,6430,6490,6580,6490,6520
2018-06-11,61035,6490,6770,6970,6770,6490
2018-06-12,23532,6530,6750,6950,6750,6770
2018-06-14,30104,6430,6740,6810,6740,6670
2018-06-15,10144,6470,6550,6740,6550,6740
2018-06-18,15853,6250,6260,6550,6260,6550
2018-06-19,40755,6200,6580,6770,6580,6260
2018-06-20,58155,6330,6590,6830,6590,6490
2018-06-21,3520038,6630,8610,8610,8610,6640
2018-06-22,1463084,7250,7410,8360,7410,8250
2018-06-25,1019472,6980,7190,7710,7190,7450
2018-06-26,265194,6820,7030,7090,7030,6960
2018-06-27,267664,6640,6650,7180,6650,7050
2018-06-28,152670,6350,6350,6670,6350,6650
2018-06-29,149586,6060,6150,6390,6150,6310
2018-07-02,143560,5800,5860,6270,5860,6150
2018-07-03,127423,5670,5820,5960,5820,5860
2018-07-04,65732,5790,5860,6030,5860,5820
2018-07-05,65920,5670,5770,5910,5770,5870
2018-07-06,112125,5720,6010,6110,6010,5800
2018-07-09,1068214,6130,6500,6670,6500,6250
2018-07-10,182267,6170,6340,6400,6340,6400
2018-07-11,121689,6210,6330,6430,6330,6350
2018-07-12,442025,6210,6450,6710,6450,6400
2018-07-13,95604,6350,6440,6500,6440,6390
2018-07-16,124297,6190,6260,6440,6260,6440
2018-07-17,79069,6050,6110,6260,6110,6240
2018-07-18,68856,5850,5850,6210,5850,6080
2018-07-19,31897,5780,5850,5950,5850,5820
2018-07-20,52398,5700,5710,5910,5710,5850
2018-07-23,90117,5400,5490,5660,5490,5650
2018-07-24,23074,5450,5540,5610,5540,5490
2018-07-26,17406,5570,5660,5690,5660,5600
2018-07-27,24175,5580,5740,5810,5740,5660
2018-07-30,22237,5670,5920,5950,5920,5670
2018-07-31,13893,5800,5860,6000,5860,5930
2018-08-01,12205,5800,5930,5980,5930,5860
2018-08-02,6084,5770,5870,5980,5870,5970
2018-08-03,3452,5800,5900,5930,5900,5870
2018-08-06,5870,5870,5960,5840,5960,5593
2018-08-07,5800,5800,5870,5800,5850,6409
2018-08-08,5830,5830,5850,5760,5760,9209
2018-08-09,5800,5800,5890,5770,5890,4096
2018-08-10,5760,5760,5930,5730,5800,20794
2018-08-13,5600,5600,5900,5600,5770,27659
