,Adj Close,Close,High,Low,Open,Volume
2000-02-11,7000,925,9700,1120,7,925
2000-02-14,950,870,9890,1000,8,870
2000-02-15,1000,900,9000,986,7,903
2000-02-16,3000,792,8900,896,7,792
2000-02-17,20,785,9080,908,7,785
2000-02-18,5000,800,8100,956,6,803
2000-02-21,19000,810,8990,907,7,810
2000-02-22,140,899,8990,900,7,900
2000-02-23,1000,804,9000,900,7,804
2000-02-24,7000,814,9170,956,7,880
2000-02-25,6000,831,9730,973,7,970
2000-02-28,27000,866,10700,1080,8,1000
2000-02-29,19000,1070,11100,1195,9,1195
2000-03-01,0,1110,11100,1110,9,1110
2000-03-02,36000,1140,12400,1240,10,1240
2000-03-03,8000,1110,12300,1385,10,1385
2000-03-06,26000,1085,12700,1290,10,1085
2000-03-07,17000,1200,14000,1420,11,1380
2000-03-08,12000,1235,13700,1380,11,1330
2000-03-09,40000,1225,15300,1530,12,1300
2000-03-10,32000,1380,15500,1550,12,1500
2000-03-13,77000,1365,15500,1600,12,1550
2000-03-14,145000,1470,17350,1735,14,1470
2000-03-15,209000,1805,19400,1940,15,1940
2000-03-16,124000,1710,18100,2080,14,1810
2000-03-17,12000,1595,15950,1750,13,1595
2000-03-20,6000,1405,14050,1405,11,1405
2000-03-21,1000,1240,12400,1240,10,1240
2000-03-22,88000,1100,13850,1385,11,1100
2000-03-23,38000,1550,15500,1550,12,1550
2000-03-24,135000,1730,17350,1735,14,1735
2000-03-27,164000,1800,19400,1940,15,1940
2000-03-28,211000,1810,20700,2160,17,2090
2000-03-29,261000,1825,23150,2315,19,2070
2000-03-30,77000,2315,25900,2590,21,2315
2000-03-31,62000,2900,29000,2900,23,2900
2000-04-03,37000,3245,32450,3245,26,3245
2000-04-04,385000,2860,34900,3630,28,3630
2000-04-05,0,3490,34900,3490,28,3490
2000-04-06,310000,3075,39050,3905,32,3080
2000-04-07,263000,4000,43700,4370,35,4150
2000-04-10,477000,4270,44700,4850,36,4800
2000-04-11,28000,3935,39350,3935,32,3935
2000-04-12,746000,3465,41900,4405,34,3465
2000-04-13,0,4190,41900,4190,34,4190
2000-04-14,193000,4100,46900,4690,38,4190
2000-04-17,444000,4130,41300,5200,33,4130
2000-04-18,437000,3635,36350,4350,29,4200
2000-04-19,1105000,3200,32900,4000,27,3635
2000-04-20,511000,3350,36800,3680,30,3540
2000-04-21,935000,3240,32400,4120,26,4120
2000-04-24,490000,2855,29500,3390,24,3070
2000-04-25,346000,2600,26000,3050,21,2900
2000-04-26,567000,2300,24900,2700,20,2550
2000-04-27,574000,2410,27850,2785,22,2600
2000-04-28,508000,2455,24550,2950,20,2760
2000-05-01,0,2455,24550,2455,20,2455
2000-05-02,499000,2165,21650,2460,17,2200
2000-05-03,648000,2150,22600,2380,18,2290
2000-05-04,556000,2200,22700,2390,18,2320
2000-05-05,0,2270,22700,2270,18,2270
2000-05-08,212000,2340,25400,2540,20,2420
2000-05-09,0,2540,25400,2540,20,2540
2000-05-10,54000,3180,31800,3180,26,3180
2000-05-11,0,3180,31800,3180,26,3180
2000-05-12,681000,3215,35600,3560,29,3560
2000-05-15,777000,3155,34300,3985,28,3500
2000-05-16,288000,3020,30550,3600,25,3600
2000-05-17,479000,2800,29200,3400,23,2860
2000-05-18,465000,2570,29500,3220,24,2570
2000-05-19,269000,2600,26000,3150,21,3100
2000-05-22,154000,2290,22900,2750,18,2450
2000-05-23,138000,2020,20200,2190,16,2150
2000-05-24,250000,1780,17800,2000,14,1780
2000-05-25,160000,1830,19900,1990,16,1990
2000-05-26,211000,2060,22250,2225,18,2220
2000-05-29,362000,1960,20700,2340,17,2200
2000-05-30,0,2070,20700,2070,17,2070
2000-05-31,222000,2160,23300,2370,19,2280
2000-06-01,175000,2140,21700,2350,17,2150
2000-06-02,268000,2000,21000,2250,17,2250
2000-06-05,295000,2110,22350,2300,18,2150
2000-06-06,0,2235,22350,2235,18,2235
2000-06-07,239000,2170,22500,2375,18,2340
2000-06-08,136000,2000,20200,2320,16,2320
2000-06-09,137000,1910,22600,2260,18,1910
2000-06-12,24000,2530,25300,2530,20,2530
2000-06-13,10000,2830,28300,2830,23,2830
2000-06-14,7000,3165,31650,3165,25,3165
2000-06-15,1377000,2790,27900,3480,22,3165
2000-06-16,300000,2460,24600,2890,20,2710
2000-06-19,587000,2365,27550,2755,22,2470
2000-06-20,566000,2500,26000,2950,21,2785
2000-06-21,374000,2400,24800,2740,20,2595
2000-06-22,219000,2400,24800,2690,20,2530
2000-06-23,306000,2370,25300,2660,20,2370
2000-06-26,119000,2460,25300,2640,20,2640
2000-06-27,302000,2450,24900,2660,20,2480
2000-06-28,179000,2340,24300,2530,19,2530
2000-06-29,102000,2290,23200,2430,19,2430
2000-06-30,97000,2240,23000,2400,18,2350
2000-07-03,127000,2135,23300,2370,19,2135
2000-07-04,422000,2330,26050,2605,21,2350
2000-07-05,284000,2295,23000,2690,18,2605
2000-07-06,178000,2130,22850,2465,18,2155
2000-07-07,172000,2200,22200,2345,18,2265
2000-07-10,126000,2180,22800,2340,18,2220
2000-07-11,123000,2100,22000,2350,18,2200
2000-07-12,175000,2160,22800,2350,18,2205
2000-07-13,149000,2150,21500,2320,17,2240
2000-07-14,150000,2150,22400,2280,18,2175
2000-07-17,0,2240,22400,2240,18,2240
2000-07-18,150000,2240,25050,2505,20,2240
2000-07-19,150000,2240,25050,2505,20,2240
2000-07-20,655000,2400,27300,2730,22,2520
2000-07-21,837000,2620,26500,3055,21,2800
2000-07-24,760000,2700,29650,2965,24,2900
2000-07-25,717000,2610,26100,3175,21,3005
2000-07-26,314000,2500,26900,2840,22,2500
2000-07-27,975000,2720,29000,3010,23,2740
2000-07-28,493000,2555,27200,3100,22,2950
2000-07-31,266000,2450,24600,2760,20,2650
2000-08-01,351000,2560,27550,2755,22,2650
2000-08-02,394000,2500,27450,2950,22,2500
2000-08-03,333000,2650,26900,2890,22,2815
2000-08-04,226000,2600,26300,2770,21,2600
2000-08-07,242000,2680,29450,2945,24,2740
2000-08-08,1433000,3055,32950,3295,27,3295
2000-08-09,649000,2900,29000,3420,23,3290
2000-08-10,479000,2800,29700,3200,24,2850
2000-08-11,334000,2615,27300,3110,22,3070
2000-08-14,216000,2640,26850,2790,22,2640
2000-08-15,0,2685,26850,2685,22,2685
2000-08-16,259000,2675,27750,2800,22,2680
2000-08-17,252000,2705,27900,2920,22,2790
2000-08-18,177000,2610,27800,2840,22,2780
2000-08-21,540000,2670,29100,3090,23,2840
2000-08-22,237000,2730,28500,2950,23,2950
2000-08-23,367000,2760,29300,3020,24,2760
2000-08-24,1092000,2885,32800,3280,26,2930
2000-08-25,787000,2890,29500,3500,24,3380
2000-08-28,528000,2800,29850,3040,24,2950
2000-08-29,1098000,3000,33400,3340,27,3010
2000-08-30,668000,3150,34000,3440,27,3390
2000-08-31,853000,3110,32800,3700,26,3400
2000-09-01,320000,3120,32000,3370,26,3250
2000-09-04,507000,3050,30500,3440,25,3230
2000-09-05,419000,2730,28500,3140,23,3000
2000-09-06,273000,2810,28850,2980,23,2850
2000-09-07,204000,2610,26650,2880,21,2855
2000-09-08,155000,2470,25300,2720,20,2680
2000-09-11,0,2530,25300,2530,20,2530
2000-09-12,0,2530,25300,2530,20,2530
2000-09-13,0,2530,25300,2530,20,2530
2000-09-14,165000,2230,24900,2685,20,2230
2000-09-15,100000,2400,25150,2620,20,2420
2000-09-18,141000,2215,22150,2330,18,2215
2000-09-19,57000,2050,20600,2250,16,2240
2000-09-20,104000,2000,21400,2270,17,2000
2000-09-21,43000,1900,20550,2105,16,2080
2000-09-22,75000,1810,18100,2055,14,2055
2000-09-25,102000,1600,17300,1870,14,1625
2000-09-26,46000,1670,17500,1790,14,1790
2000-09-27,127000,1750,19600,1960,16,1750
2000-09-28,125000,1910,20300,2150,16,1910
2000-09-29,83000,1905,19950,2120,16,1960
2000-10-02,126000,1900,19700,2040,16,2020
2000-10-03,0,1970,19700,1970,16,1970
2000-10-04,212000,1915,21150,2150,17,1915
2000-10-05,129000,2055,20900,2150,17,2135
2000-10-06,101000,1990,20600,2140,16,2100
2000-10-09,107000,2020,20950,2160,17,2060
2000-10-10,190000,2020,23450,2345,19,2095
2000-10-11,192000,2065,21500,2390,17,2390
2000-10-12,77000,2050,21400,2250,17,2095
2000-10-13,100000,1885,18850,2100,15,2100
2000-10-16,0,1885,18850,1885,15,1885
2000-10-17,87000,1770,18400,2060,15,1980
2000-10-18,42000,1740,17900,1840,14,1740
2000-10-19,55000,1795,18550,1960,15,1830
2000-10-20,61000,1855,18650,1960,15,1960
2000-10-23,35000,1780,18550,1880,15,1830
2000-10-24,295000,1800,20750,2075,17,1950
2000-10-25,269000,1920,20900,2190,17,2085
2000-10-26,174000,2000,20150,2170,16,2090
2000-10-27,0,2015,20150,2015,16,2015
2000-10-30,78000,1810,19000,2060,15,1960
2000-10-31,104000,1800,19700,2070,16,1900
2000-11-01,77000,1950,19700,2040,16,1970
2000-11-02,53000,1905,19800,2010,16,1940
2000-11-03,100000,1955,20300,2130,16,1955
2000-11-06,298000,2040,21400,2270,17,2060
2000-11-07,172000,2050,20900,2215,17,2120
2000-11-08,144000,1900,20700,2135,17,2085
2000-11-09,296000,2110,23150,2315,19,2110
2000-11-10,300000,2135,21800,2440,17,2325
2000-11-13,184000,2040,21100,2170,17,2170
2000-11-14,162000,2100,22000,2280,18,2100
2000-11-15,147000,2160,22000,2290,18,2200
2000-11-16,140000,2180,22600,2340,18,2180
2000-11-17,146000,2240,22400,2380,18,2270
2000-11-20,251000,2240,23600,2430,19,2260
2000-11-21,96000,2210,22800,2420,18,2420
2000-11-22,123000,2150,22100,2250,18,2225
2000-11-23,115000,1945,19950,2190,16,2190
2000-11-24,66000,1805,19300,2000,15,1805
2000-11-27,108000,1935,20350,2060,16,2000
2000-11-28,80000,1860,19650,2065,16,1975
2000-11-29,64000,1800,18500,1910,15,1880
2000-11-30,123000,1770,18300,1950,15,1900
2000-12-01,124000,1700,19100,1910,15,1765
2000-12-04,79000,1820,19100,1960,15,1910
2000-12-05,42000,1855,18700,1930,15,1885
2000-12-06,102000,1835,18600,1980,15,1980
2000-12-07,44000,1830,18700,1920,15,1850
2000-12-08,49000,1850,18950,1915,15,1910
2000-12-11,53000,1850,18900,1930,15,1930
2000-12-12,152000,1840,19450,2025,15,1930
2000-12-13,57000,1880,19150,1960,15,1910
2000-12-14,137000,1860,19600,2025,16,1880
2000-12-15,54000,1860,19100,1980,15,1960
2000-12-18,17000,1850,18700,1910,15,1860
2000-12-19,57000,1780,18000,1900,14,1850
2000-12-20,93000,1585,16500,1780,13,1780
2000-12-21,48000,1455,14900,1575,12,1520
2000-12-22,75000,1360,15500,1610,12,1460
2000-12-26,23000,1405,15550,1570,12,1405
2001-01-02,46000,1540,17400,1740,14,1600
2001-01-03,11000,1650,17500,1770,14,1760
2001-01-04,176000,1730,17900,1865,14,1770
2001-01-05,71000,1620,16750,1755,13,1755
2001-01-08,41000,1595,16800,1695,13,1650
2001-01-09,102000,1655,16900,1750,13,1680
2001-01-10,617000,1700,18900,1890,15,1750
2001-01-11,326000,1740,17500,1950,14,1910
2001-01-12,572000,1740,19600,1960,16,1800
2001-01-15,729000,1840,18600,2050,15,1965
2001-01-16,163000,1785,18300,1860,15,1820
2001-01-17,184000,1790,18000,1920,14,1830
2001-01-18,138000,1795,18000,1870,14,1805
2001-01-19,95000,1710,17750,1850,14,1820
2001-01-22,77000,1725,18000,1810,14,1725
2001-01-26,134000,1750,17600,1835,14,1790
2001-01-29,612000,1770,19700,1970,16,1770
2001-01-30,554000,1820,18700,2085,15,1990
2001-01-31,122000,1785,18400,1900,15,1900
2001-02-01,111000,1820,18350,1910,15,1910
2001-02-02,204000,1805,18850,1950,15,1805
2001-02-05,86000,1815,18400,1920,15,1855
2001-02-06,86000,1810,18500,1900,15,1820
2001-02-07,170000,1820,18600,1920,15,1830
2001-02-08,519000,1875,20000,2040,16,1900
2001-02-09,220000,1920,19750,2020,16,2020
2001-02-12,248000,2015,20500,2100,16,2030
2001-02-13,123000,1980,20600,2100,16,2100
2001-02-14,171000,2055,20600,2200,16,2100
2001-02-15,176000,1910,20800,2130,17,2100
2001-02-16,156000,2030,22100,2325,18,2100
2001-02-19,61000,2100,21800,2230,17,2155
2001-02-20,124000,2180,22650,2320,18,2200
2001-02-21,66000,2150,21500,2300,17,2290
2001-02-22,58000,1930,19850,2150,16,2150
2001-02-23,68000,1900,20000,2070,16,1900
2001-02-26,15000,1940,20750,2095,17,1940
2001-02-27,40000,2035,20350,2280,16,2100
2001-02-28,40000,1925,20700,2090,17,2050
2001-03-02,31000,1950,19500,2150,16,2090
2001-03-05,859000,1870,21800,2180,17,1870
2001-03-06,949000,2200,24000,2440,19,2200
2001-03-07,373000,2300,23900,2550,19,2400
2001-03-08,604000,2410,26100,2675,21,2450
2001-03-09,181000,2420,25300,2600,20,2510
2001-03-12,154000,2260,24000,2530,19,2530
2001-03-13,82000,2170,21700,2380,17,2380
2001-03-15,108000,1985,20300,2110,16,2105
2001-03-16,139000,2035,20400,2120,16,2050
2001-03-19,124000,2000,20800,2170,17,2050
2001-03-20,179000,2055,21000,2170,17,2130
2001-03-21,442000,2150,23500,2350,19,2150
2001-03-22,676000,2160,22300,2595,18,2420
2001-03-23,239000,2050,21000,2260,17,2250
2001-03-26,144000,2030,22000,2220,18,2120
2001-03-27,85000,2090,20900,2220,17,2130
2001-03-28,229000,2100,21000,2260,17,2120
2001-03-29,166000,2010,20400,2200,16,2100
2001-03-30,831000,2050,22800,2280,18,2050
2001-04-02,980000,2100,21600,2355,17,2300
2001-04-03,233000,2065,21150,2200,17,2200
2001-04-04,281000,2100,21000,2250,17,2130
2001-04-06,190000,2060,21200,2170,17,2100
2001-04-09,124000,2070,20900,2160,17,2080
2001-04-10,332000,2070,21700,2185,17,2090
2001-04-11,410000,2080,21300,2270,17,2220
2001-04-12,322000,2090,21050,2210,17,2165
2001-04-13,894000,2100,21600,2320,17,2145
2001-04-16,810000,1905,19050,2170,15,2160
2001-04-17,361000,1785,18500,1925,15,1900
2001-04-18,201000,1840,18800,1910,15,1860
2001-04-19,945000,1860,21050,2105,17,1930
2001-04-20,346000,1875,19000,2070,15,2000
2001-04-23,167000,1870,18750,1950,15,1900
2001-04-24,122000,1855,18750,1910,15,1855
2001-04-25,99000,1880,19200,1990,15,1905
2001-04-26,99000,1880,19200,1990,15,1905
2001-04-27,95000,1880,19000,1935,15,1880
2001-04-30,144000,1900,19450,1970,15,1900
2001-05-02,109000,1900,19100,1960,15,1950
2001-05-03,89000,1900,19300,1950,15,1950
2001-05-04,99000,1905,19050,1950,15,1945
2001-05-07,124000,1890,19050,1930,15,1910
2001-05-08,244000,1905,19350,1985,15,1905
2001-05-09,82000,1885,19000,1935,15,1935
2001-05-10,64000,1890,19200,1940,15,1920
2001-05-11,260000,1935,20000,2025,16,1940
2001-05-14,67000,1960,20000,2020,16,2000
2001-05-15,57000,1950,19900,2020,16,1990
2001-05-16,304000,2065,20650,2220,16,2220
2001-05-17,144000,1950,19900,2100,16,2100
2001-05-18,69000,1950,20000,2025,16,2010
2001-05-21,96000,1960,19700,2045,16,1980
2001-05-22,89000,1925,19250,2015,15,1970
2001-05-23,88000,1920,19300,1975,15,1930
2001-05-24,562000,1930,21600,2160,17,1930
2001-05-25,522000,2010,20300,2225,16,2160
2001-05-28,221000,1990,19900,2125,16,2065
2001-05-29,131000,1980,19950,2040,16,2000
2001-05-30,87000,2000,20450,2090,16,2000
2001-05-31,81000,1995,20050,2100,16,2020
2001-06-01,76000,1980,19850,2035,16,2010
2001-06-04,349000,1965,20200,2080,16,2015
2001-06-05,68000,1940,19400,2040,15,2000
2001-06-07,70000,1920,19300,1980,15,1950
2001-06-08,48000,1900,19400,1960,15,1930
2001-06-11,30000,1930,19300,1960,15,1930
2001-06-12,742000,1920,21600,2160,17,1920
2001-06-13,494000,2010,20700,2180,17,2160
2001-06-14,154000,1970,19800,2100,16,2100
2001-06-15,114000,2000,20400,2080,16,2000
2001-06-18,79000,1985,19850,2075,16,2025
2001-06-19,53000,1965,19700,2020,16,1965
2001-06-20,148000,1980,20150,2090,16,1990
2001-06-21,86000,1920,20000,2050,16,2050
2001-06-22,165000,1960,20000,2055,16,1985
2001-06-25,129000,1975,19750,2075,16,2010
2001-06-26,75000,1850,18500,2010,15,2010
2001-06-27,78000,1820,18700,1905,15,1870
2001-06-28,51000,1850,18800,1890,15,1850
2001-06-29,24000,1860,19100,1935,15,1885
2001-07-02,34000,1870,19100,1940,15,1940
2001-07-03,22000,1885,18900,1920,15,1885
2001-07-04,46000,1855,18650,1920,15,1890
2001-07-05,23000,1860,18650,1905,15,1885
2001-07-06,35000,1830,18500,1870,15,1840
2001-07-09,53000,1700,17000,1900,13,1810
2001-07-10,29000,1700,17500,1760,14,1725
2001-07-11,22000,1650,16700,1740,13,1700
2001-07-12,46000,1610,17050,1720,14,1610
2001-07-13,38000,1540,16800,1730,13,1730
2001-07-16,9000,1620,16700,1750,13,1650
2001-07-18,17000,1610,16700,1700,13,1690
2001-07-19,24000,1600,16300,1660,13,1600
2001-07-20,41000,1540,15450,1600,12,1600
2001-07-23,25000,1445,14500,1575,11,1575
2001-07-24,21000,1400,14700,1470,12,1450
2001-07-25,25000,1355,14050,1460,11,1355
2001-07-26,18000,1385,14200,1490,11,1415
2001-07-27,23000,1455,14650,1495,12,1455
2001-07-30,18000,1400,14700,1500,12,1450
2001-07-31,16000,1440,14800,1510,12,1470
2001-08-01,40000,1500,15200,1590,12,1500
2001-08-02,24000,1505,15150,1550,12,1505
2001-08-03,16000,1480,15050,1530,12,1525
2001-08-06,96000,1485,15350,1630,12,1485
2001-08-07,42000,1490,15000,1550,12,1535
2001-08-08,34000,1470,15100,1530,12,1500
2001-08-09,40000,1420,14300,1500,11,1500
2001-08-10,39000,1430,14350,1490,11,1430
2001-08-13,30000,1465,14700,1540,12,1540
2001-08-14,43000,1470,15100,1550,12,1495
2001-08-16,5000,1445,15000,1500,12,1480
2001-08-17,7000,1460,14700,1490,12,1460
2001-08-20,15000,1420,14500,1485,11,1430
2001-08-21,4000,1430,14300,1470,11,1470
2001-08-22,24000,1405,14300,1450,11,1405
2001-08-23,38000,1380,13800,1430,11,1410
2001-08-24,30000,1305,13250,1395,10,1385
2001-08-27,21000,1335,13500,1370,11,1350
2001-08-28,13000,1315,13500,1365,11,1315
2001-08-29,10000,1325,13500,1390,11,1325
2001-08-30,25000,1305,13600,1360,11,1340
2001-08-31,35000,1250,12500,1350,10,1320
2001-09-03,26000,1115,12600,1285,10,1255
2001-09-04,8000,1220,12950,1295,10,1250
2001-09-05,17000,1255,13100,1345,10,1290
2001-09-06,53000,1260,12900,1360,10,1300
2001-09-07,19000,1250,12900,1305,10,1295
2001-09-10,25000,1210,12250,1290,10,1290
2001-09-11,39000,1215,12550,1275,10,1270
2001-09-12,3000,1105,11050,1105,9,1105
2001-09-13,82000,975,9970,1075,8,975
2001-09-14,127000,878,10000,1045,8,1000
2001-09-17,56000,880,8800,1000,7,960
2001-09-18,20000,880,9130,928,7,880
2001-09-19,26000,902,9790,984,8,902
2001-09-20,23000,900,9270,978,7,903
2001-09-21,2000,878,8900,927,7,878
2001-09-25,35000,882,9080,974,7,917
2001-09-26,12000,900,9100,930,7,925
2001-09-27,4000,870,9000,925,7,905
2001-10-04,90000,922,10300,1030,8,948
2001-10-05,110000,1070,11500,1150,9,1090
2001-10-08,242000,1095,11200,1285,9,1150
2001-10-09,120000,1115,11500,1180,9,1150
2001-10-10,32000,1115,11200,1165,9,1130
2001-10-11,98000,1130,12500,1250,10,1130
2001-10-12,81000,1230,12900,1370,10,1260
2001-10-15,116000,1200,12350,1345,10,1255
2001-10-16,85000,1210,12600,1300,10,1240
2001-10-17,185000,1290,14100,1410,11,1290
2001-10-18,146000,1290,12900,1445,10,1380
2001-10-19,207000,1300,14200,1440,11,1340
2001-10-22,85000,1350,14150,1470,11,1440
2001-10-23,87000,1355,13700,1430,11,1425
2001-10-24,58000,1330,13700,1410,11,1360
2001-10-25,38000,1300,13000,1385,10,1370
2001-10-26,59000,1295,13700,1400,11,1320
2001-10-29,251000,1325,15300,1530,12,1405
2001-10-30,353000,1420,14300,1620,11,1520
2001-10-31,75000,1370,13750,1465,11,1430
2001-11-01,120000,1375,14100,1520,11,1400
2001-11-02,96000,1375,13850,1460,11,1430
2001-11-05,43000,1400,14200,1440,11,1420
2001-11-06,68000,1420,14450,1480,11,1420
2001-11-07,71000,1405,14500,1500,11,1460
2001-11-08,206000,1450,15150,1615,12,1450
2001-11-12,60000,1440,15000,1520,12,1505
2001-11-13,250000,1500,15300,1640,12,1500
2001-11-14,131000,1460,15200,1540,12,1535
2001-11-15,70000,1445,14650,1525,12,1520
2001-11-16,57000,1445,14450,1510,11,1450
2001-11-19,245000,1430,16000,1600,13,1430
2001-11-20,517000,1600,17900,1790,14,1620
2001-11-21,615000,1850,20000,2000,16,1890
2001-11-22,949000,1760,17600,2060,14,2050
2001-11-23,752000,1550,15500,1700,12,1655
2001-11-26,317000,1450,14700,1600,12,1590
2001-11-27,226000,1420,14800,1520,12,1430
2001-11-28,130000,1390,14100,1480,11,1430
2001-11-29,116000,1385,13950,1460,11,1400
2001-11-30,130000,1375,13900,1450,11,1430
2001-12-03,79000,1385,13900,1440,11,1400
2001-12-04,109000,1380,14050,1420,11,1400
2001-12-05,324000,1425,15700,1570,12,1430
2001-12-06,203000,1440,14400,1595,11,1595
2001-12-07,96000,1430,14600,1510,11,1470
2001-12-10,79000,1435,14400,1540,11,1505
2001-12-11,69000,1400,14250,1455,11,1400
2001-12-12,51000,1425,14500,1500,11,1425
2001-12-13,92000,1425,14500,1475,11,1465
2001-12-14,42000,1440,14900,1490,12,1450
2001-12-17,51000,1410,14250,1500,11,1490
2001-12-18,38000,1400,14100,1450,11,1400
2001-12-19,52000,1305,13350,1430,10,1410
2001-12-20,17000,1320,13400,1385,11,1335
2001-12-21,91000,1280,13400,1375,11,1375
2001-12-24,43000,1280,12800,1325,10,1320
2001-12-26,21000,1260,12950,1325,10,1300
2001-12-27,3000,1255,13000,1325,17,1255
2001-12-28,30000,1280,13200,1330,17,1330
2002-01-02,15000,1275,13450,1390,17,1390
2002-01-04,15000,1305,13200,1345,17,1305
2002-01-07,20000,1300,13300,1355,17,1300
2002-01-08,24000,1255,12700,1325,16,1310
2002-01-09,27000,1250,12500,1350,16,1270
2002-01-10,34000,1225,12400,1320,16,1260
2002-01-11,9000,1225,12550,1285,16,1240
2002-01-14,10000,1230,12600,1280,16,1280
2002-01-15,27000,1200,12000,1275,16,1240
2002-01-16,36000,1160,11650,1220,15,1190
2002-01-17,17000,1145,11600,1180,15,1165
2002-01-18,17000,1125,11650,1190,15,1150
2002-01-21,19000,1125,11500,1220,15,1165
2002-01-22,19000,1140,11400,1195,15,1140
2002-01-23,149000,1100,12750,1275,17,1130
2002-01-24,162000,1220,13300,1390,17,1295
2002-01-25,150000,1265,14850,1485,19,1310
2002-01-28,347000,1320,15250,1605,20,1605
2002-01-29,407000,1420,17050,1705,22,1525
2002-01-30,482000,1700,18350,1905,24,1720
2002-02-01,356000,1425,14250,1560,19,1550
2002-02-04,81000,1340,13500,1440,18,1350
2002-02-05,160000,1280,12850,1370,17,1350
2002-02-06,83000,1250,12600,1320,16,1250
2002-02-07,253000,1270,14100,1410,18,1280
2002-02-08,135000,1350,13900,1475,18,1350
2002-02-14,57000,1375,14100,1500,18,1500
2002-02-15,45000,1380,14100,1450,18,1380
2002-02-18,54000,1370,14000,1475,18,1370
2002-02-19,36000,1380,13850,1430,18,1420
2002-02-20,38000,1360,13750,1410,18,1390
2002-02-21,48000,1350,13900,1415,18,1415
2002-02-22,34000,1360,13800,1415,18,1360
2002-02-25,33000,1310,13800,1385,18,1310
2002-02-26,19000,1370,13900,1395,18,1385
2002-02-27,20000,1350,13900,1420,18,1400
2002-02-28,16000,1380,13800,1420,18,1420
2002-03-04,59000,1305,13750,1420,18,1380
2002-03-05,71000,1370,14200,1490,18,1380
2002-03-06,62000,1400,14500,1490,19,1400
2002-03-07,111000,1380,14200,1480,18,1480
2002-03-08,90000,1370,13800,1420,18,1400
2002-03-11,73000,1380,14150,1415,18,1380
2002-03-12,72000,1370,13700,1435,18,1415
2002-03-13,49000,1370,13900,1400,18,1370
2002-03-14,98000,1370,14100,1450,18,1375
2002-03-15,97000,1385,13900,1450,18,1410
2002-03-18,79000,1385,14500,1450,19,1435
2002-03-19,246000,1490,16200,1620,21,1500
2002-03-20,203000,1500,15400,1750,20,1710
2002-03-21,131000,1435,14650,1530,19,1515
2002-03-22,34000,1470,14700,1535,19,1470
2002-03-25,52000,1365,14150,1450,18,1450
2002-03-26,29000,1370,14100,1440,18,1370
2002-03-27,39000,1390,14150,1450,18,1420
2002-03-28,30000,1400,14300,1440,19,1430
2002-03-29,26000,1405,14100,1445,18,1405
2002-04-01,34000,1365,13700,1420,18,1410
2002-04-02,20000,1375,13750,1395,18,1375
2002-04-03,56000,1360,14100,1410,18,1360
2002-04-04,36000,1400,14300,1435,19,1410
2002-04-08,43000,1415,14350,1495,19,1430
2002-04-09,29000,1410,14300,1450,19,1450
2002-04-10,99000,1410,14150,1450,18,1450
2002-04-11,54000,1425,14600,1500,19,1425
2002-04-12,154000,1470,15950,1610,21,1480
2002-04-15,175000,1470,14900,1650,19,1610
2002-04-16,98000,1410,14700,1495,19,1495
2002-04-17,111000,1450,15200,1600,20,1490
2002-04-18,474000,1510,15600,1700,20,1530
2002-04-19,202000,1455,15050,1640,20,1600
2002-04-22,181000,1420,14300,1525,19,1510
2002-04-23,89000,1395,14200,1445,18,1445
2002-04-24,92000,1370,13700,1440,18,1430
2002-04-25,54000,1290,13350,1385,17,1360
2002-04-26,43000,1225,12800,1335,17,1225
2002-04-29,16000,1240,12400,1330,16,1280
2002-04-30,315000,1240,13850,1385,18,1240
2002-05-02,242000,1285,12950,1405,17,1390
2002-05-03,50000,1275,13300,1330,17,1310
2002-05-06,35000,1290,12900,1310,17,1310
2002-05-07,50000,1240,12550,1305,16,1260
2002-05-08,39000,1250,12600,1285,16,1250
2002-05-09,73000,1260,12650,1295,16,1285
2002-05-10,38000,1250,12600,1280,16,1280
2002-05-13,31000,1240,12600,1290,16,1240
2002-05-14,26000,1260,12800,1285,17,1260
2002-05-15,23000,1260,12700,1310,16,1265
2002-05-16,30000,1260,12900,1290,17,1260
2002-05-17,16000,1270,12950,1300,17,1270
2002-05-20,32000,1295,13250,1345,17,1295
2002-05-21,3000,1300,13100,1330,17,1325
2002-05-22,54000,1260,12900,1310,17,1290
2002-05-23,42000,1270,12700,1325,16,1270
2002-05-24,11000,1250,12900,1290,17,1270
2002-05-27,9000,1255,12650,1290,16,1275
2002-05-28,19000,1250,12900,1400,17,1285
2002-05-29,31000,1200,12000,1285,16,1265
2002-05-30,8000,1185,12000,1235,16,1200
2002-05-31,3000,1170,12400,1245,16,1200
2002-06-03,13000,1170,12400,1240,16,1170
2002-06-04,4000,1170,12600,1260,16,1170
2002-06-05,250,1215,12150,1240,16,1240
2002-06-07,2000,1215,12500,1265,16,1265
2002-06-10,4000,1215,12750,1275,17,1215
2002-06-11,2000,1220,12450,1245,16,1220
2002-06-12,10,1280,12800,1280,17,1280
2002-06-14,13000,1225,12750,1280,17,1280
2002-06-17,10000,1215,12250,1265,16,1260
2002-06-18,820,1220,12550,1270,16,1270
2002-06-19,27000,1180,11800,1265,15,1265
2002-06-20,3000,1170,11950,1245,15,1175
2002-06-21,530,1180,12200,1225,16,1225
2002-06-24,14000,1130,11650,1215,15,1170
2002-06-25,11000,1165,12250,1255,16,1165
2002-06-26,10000,1150,11900,1225,15,1155
2002-06-27,17000,1170,12450,1250,16,1245
2002-06-28,2000,1220,12500,1260,16,1235
2002-07-02,7000,1195,11950,1250,15,1245
2002-07-03,11000,1170,12250,1225,16,1170
2002-07-04,12000,1195,12100,1235,16,1235
2002-07-05,7000,1200,12400,1240,16,1215
2002-07-08,9000,1200,12050,1245,16,1200
2002-07-09,8000,1165,11800,1240,15,1240
2002-07-10,8000,1165,12300,1230,16,1180
2002-07-11,2000,1180,12200,1220,16,1180
2002-07-12,8000,1185,12500,1260,16,1190
2002-07-15,75000,1170,12400,1245,16,1195
2002-07-16,1000,1190,12050,1220,16,1195
2002-07-18,1000,1175,12200,1240,16,1210
2002-07-19,2000,1170,11700,1215,15,1215
2002-07-22,15000,1100,11500,1165,15,1165
2002-07-23,310,1140,11700,1170,15,1140
2002-07-24,6000,1120,11600,1160,15,1130
2002-07-25,920,1125,11250,1160,15,1160
2002-07-26,10000,1040,10550,1105,14,1105
2002-07-29,5000,1050,10850,1090,14,1070
2002-07-30,6000,1060,11000,1125,14,1085
2002-07-31,3000,1095,11200,1120,14,1095
2002-08-01,14000,1080,11100,1110,14,1090
2002-08-02,50,1085,11000,1115,14,1115
2002-08-05,1000,1070,10950,1095,14,1070
2002-08-06,9000,1000,10700,1100,14,1040
2002-08-07,4000,1040,10900,1100,14,1040
2002-08-08,4000,1065,10900,1095,14,1090
2002-08-09,7000,1070,10700,1100,14,1070
2002-08-12,650,1070,10700,1120,14,1120
2002-08-13,7000,1055,11000,1120,14,1095
2002-08-14,4000,1100,11200,1120,14,1100
2002-08-16,540,1080,11000,1115,14,1115
2002-08-19,11000,1100,11300,1225,15,1100
2002-08-20,18000,1140,12150,1215,16,1150
2002-08-21,3000,1150,11950,1215,15,1200
2002-08-22,3000,1165,11950,1205,15,1175
2002-08-26,120,1165,11750,1200,15,1200
2002-08-27,10,1195,11950,1195,15,1195
2002-08-28,190,1170,11950,1195,15,1190
2002-08-29,59000,1175,13300,1335,17,1180
2002-08-30,34000,1190,12150,1325,16,1325
2002-09-02,47000,1220,12850,1355,17,1220
2002-09-03,6000,1245,12500,1295,16,1265
2002-09-04,14000,1210,12500,1265,16,1265
2002-09-05,52000,1220,12250,1330,16,1270
2002-09-06,17000,1210,12600,1290,16,1210
2002-09-09,6000,1220,12600,1260,16,1240
2002-09-10,5000,1185,11950,1255,15,1185
2002-09-11,3000,1175,12600,1265,16,1175
2002-09-12,2000,1200,12500,1260,16,1240
2002-09-13,17000,1230,12500,1290,16,1230
2002-09-16,2000,1230,12600,1260,16,1255
2002-09-17,2000,1270,12800,1280,17,1270
2002-09-18,2000,1220,12500,1265,16,1220
2002-09-19,3000,1265,12650,1265,16,1265
2002-09-23,5000,1220,12650,1265,16,1245
2002-09-24,9000,1220,12600,1265,16,1245
2002-09-25,30,1235,12600,1260,16,1260
2002-09-26,33000,1230,13300,1350,17,1230
2002-09-27,39000,1300,13300,1375,17,1330
2002-09-30,15000,1220,12900,1320,17,1320
2002-10-01,9000,1225,12900,1300,17,1290
2002-10-02,19000,1200,12100,1300,16,1200
2002-10-04,8000,1160,12150,1215,16,1160
2002-10-07,460,1210,12150,1215,16,1210
2002-10-08,930,1200,12400,1265,16,1200
2002-10-09,9000,1200,12300,1245,16,1230
2002-10-10,3000,1190,12300,1240,16,1240
2002-10-11,12000,1200,12000,1250,16,1230
2002-10-14,12000,1180,12100,1215,16,1200
2002-10-15,6000,1210,12300,1230,16,1210
2002-10-16,8000,1200,12300,1250,16,1210
2002-10-17,3000,1210,12300,1240,16,1215
2002-10-18,18000,1170,11700,1230,15,1230
2002-10-21,8000,1175,12150,1215,16,1200
2002-10-22,17000,1150,11900,1225,15,1195
2002-10-23,6000,1160,12000,1200,16,1160
2002-10-24,3000,1160,11950,1200,15,1200
2002-10-25,2000,1170,11950,1195,15,1195
2002-10-28,4000,1185,11950,1195,15,1185
2002-10-29,13000,1165,11650,1175,15,1175
2002-10-30,6000,1155,11750,1190,15,1165
2002-10-31,8000,1155,11900,1190,15,1160
2002-11-01,13000,1180,12050,1205,16,1190
2002-11-04,6000,1155,11550,1205,15,1205
2002-11-05,11000,1160,12000,1200,16,1180
2002-11-06,5000,1140,11500,1185,15,1180
2002-11-07,5000,1130,11750,1180,15,1150
2002-11-08,0,1150,11500,1175,15,1175
2002-11-11,3000,1100,11200,1155,14,1155
2002-11-12,20,1155,11600,1160,15,1155
2002-11-13,3000,1130,11300,1160,15,1130
2002-11-14,640,1090,10950,1150,14,1090
2002-11-15,8000,1090,11550,1155,15,1090
2002-11-18,5000,1095,12150,1215,16,1155
2002-11-19,2000,1150,12500,1250,16,1195
2002-11-20,12000,1100,11000,1255,14,1255
2002-11-21,5000,1105,11400,1150,15,1105
2002-11-22,810,1105,11050,1145,14,1130
2002-11-25,5000,1070,11000,1125,14,1090
2002-11-26,400,1100,11000,1100,14,1100
2002-11-27,7000,1030,10500,1095,14,1050
2002-11-28,11000,1070,11300,1150,15,1070
2002-11-29,5000,1090,11400,1150,15,1120
2002-12-03,9000,1050,10600,1075,14,1070
2002-12-04,5000,1035,10500,1060,14,1060
2002-12-05,4000,1035,10800,1080,14,1035
2002-12-06,4000,1040,10600,1060,14,1050
2002-12-09,11000,1050,10500,1080,14,1050
2002-12-10,2000,1030,10500,1050,14,1030
2002-12-11,4000,1040,10600,1060,14,1045
2002-12-12,1000,1045,10650,1065,14,1045
2002-12-13,1000,1050,10600,1060,14,1050
2002-12-16,7000,1065,10900,1100,14,1080
2002-12-17,11000,1110,11400,1170,15,1110
2002-12-18,9000,1040,11500,1210,15,1140
2002-12-20,11000,1120,11250,1210,15,1150
2002-12-23,17000,1100,11750,1190,15,1170
2002-12-24,21000,1125,11250,1190,15,1175
2002-12-26,2000,1100,11550,1155,15,1135
2002-12-27,410,1080,11500,1155,114,1080
2002-12-30,12000,1015,11450,1150,114,1070
2003-01-02,7000,1055,11950,1200,119,1160
2003-01-03,30000,1090,10950,1195,109,1195
2003-01-06,800,1060,10950,1110,109,1110
2003-01-07,5000,1050,11000,1100,109,1055
2003-01-08,0,1055,10550,1095,105,1095
2003-01-09,8000,1005,10300,1040,102,1040
2003-01-10,16000,1000,10100,1050,100,1050
2003-01-13,2000,973,10050,1045,100,973
2003-01-14,5000,980,9960,1040,99,1040
2003-01-15,1000,995,10050,1005,100,995
2003-01-16,3000,980,9950,996,99,996
2003-01-17,3000,980,9940,994,99,990
2003-01-20,80,994,10200,1020,101,994
2003-01-21,2000,1000,10400,1040,103,1000
2003-01-22,0,980,9800,1030,97,1030
2003-01-23,50,1050,10500,1050,104,1050
2003-01-24,0,972,9720,1040,96,1040
2003-01-27,440,972,10050,1030,100,1030
2003-01-28,1000,977,10200,1020,101,1010
2003-01-29,2000,931,9310,1010,92,977
2003-01-30,10,1005,10050,1005,100,1005
2003-02-03,30,931,10100,1010,100,931
2003-02-04,510,1000,10100,1010,100,1000
2003-02-05,5000,1000,10150,1015,101,1000
2003-02-06,70,980,9900,1005,98,980
2003-02-07,2000,990,10050,1005,100,1000
2003-02-10,4000,972,10050,1005,100,973
2003-02-11,2000,942,9420,1005,93,946
2003-02-12,60,995,9980,998,99,995
2003-02-13,490,881,9960,996,99,933
2003-02-14,50,999,9990,999,99,999
2003-02-17,10000,950,9780,1055,97,950
2003-02-18,8000,934,9960,997,99,950
2003-02-19,1000,990,9900,1005,98,991
2003-02-20,7000,940,9500,999,94,975
2003-02-21,20,979,9990,999,99,979
2003-02-24,1000,924,10400,1040,103,984
2003-02-25,30000,934,9890,989,98,973
2003-02-26,1000,955,9990,999,99,955
2003-02-27,2000,950,9960,997,99,984
2003-02-28,14000,930,10000,1000,99,937
2003-03-03,2000,995,11200,1120,111,995
2003-03-04,9000,990,9900,1075,98,1075
2003-03-05,1000,905,9510,980,94,973
2003-03-06,5000,910,9440,990,94,950
2003-03-07,2000,862,9000,910,89,862
2003-03-10,200,850,8500,886,84,886
2003-03-11,1000,800,8000,850,79,850
2003-03-12,480,799,8600,896,85,799
2003-03-13,5000,850,8500,855,84,855
2003-03-14,110,861,8970,897,89,861
2003-03-17,2000,850,9080,908,90,879
2003-03-18,200,909,9490,949,94,909
2003-03-19,640,871,9440,944,94,879
2003-03-20,10,944,9440,944,94,944
2003-03-21,240,924,9900,990,98,942
2003-03-24,6000,972,9730,1060,97,975
2003-03-25,1000,895,9190,924,91,924
2003-03-26,100,929,9300,930,92,929
2003-03-27,400,876,8760,903,87,903
2003-03-28,60,880,8800,910,87,910
2003-03-31,2000,841,8410,985,83,849
2003-04-01,110,830,8880,888,88,830
2003-04-02,120,828,8580,860,85,830
2003-04-03,4000,840,8410,859,83,840
2003-04-04,2000,825,8500,858,84,825
2003-04-07,6000,849,8600,909,85,849
2003-04-08,3000,847,8760,911,87,898
2003-04-09,2000,850,8500,900,84,900
2003-04-10,8000,860,8600,898,85,889
2003-04-11,13000,850,8550,860,85,850
2003-04-14,6000,857,8650,870,86,857
2003-04-15,8000,865,8670,910,86,910
2003-04-16,5000,868,9110,911,90,870
2003-04-17,7000,880,8800,937,87,880
2003-04-18,50,959,9590,960,95,960
2003-04-21,4000,920,9290,950,92,950
2003-04-22,2000,898,9160,960,91,960
2003-04-23,1000,910,9500,958,94,942
2003-04-24,4000,881,9000,939,89,938
2003-04-25,2000,840,8740,894,87,876
2003-04-28,620,829,8740,874,87,829
2003-04-29,2000,834,8950,895,89,834
2003-04-30,9000,850,8560,880,85,850
2003-05-02,17000,886,9580,958,95,886
2003-05-06,11000,900,9590,1015,95,960
2003-05-07,7000,902,9970,1010,99,960
2003-05-09,10,1000,10000,1000,99,1000
2003-05-12,5000,942,9540,1000,95,1000
2003-05-13,790,940,9500,953,94,950
2003-05-14,700,930,9550,959,95,932
2003-05-15,500,941,9410,955,93,955
2003-05-16,2000,915,9290,938,92,926
2003-05-19,9000,900,9700,970,96,902
2003-05-20,5000,945,10100,1010,100,954
2003-05-21,3000,935,10000,1005,99,990
2003-05-22,22000,900,9280,989,92,989
2003-05-23,36000,927,10350,1035,103,927
2003-05-26,20000,1000,11100,1120,110,1080
2003-05-27,18000,1000,10050,1100,100,1070
2003-05-28,4000,1000,10450,1060,104,1005
2003-05-29,840,1020,10600,1060,105,1020
2003-05-30,4000,1005,10050,1025,100,1025
2003-06-02,7000,990,10050,1050,100,990
2003-06-03,13000,1000,10550,1090,105,1000
2003-06-04,70000,997,10150,1060,101,1040
2003-06-05,63000,1030,11350,1135,113,1030
2003-06-09,27000,1045,10450,1130,104,1130
2003-06-10,15000,1020,10350,1110,103,1045
2003-06-11,8000,1020,10250,1060,102,1025
2003-06-12,10000,1005,10850,1085,108,1030
2003-06-13,9000,1010,10250,1070,102,1030
2003-06-16,11000,1000,10200,1020,101,1010
2003-06-17,7000,1000,10100,1020,100,1010
2003-06-18,730,1020,10400,1050,103,1020
2003-06-19,4000,972,10200,1025,101,1025
2003-06-20,1000,1000,10500,1050,104,1000
2003-06-23,810,1050,10600,1060,105,1055
2003-06-24,1000,990,10400,1060,103,990
2003-06-25,7000,1025,10750,1080,107,1025
2003-06-26,6000,1025,10700,1110,106,1110
2003-06-27,74000,1085,11000,1195,109,1090
2003-06-30,11000,1100,11000,1170,109,1100
2003-07-01,10000,1100,11350,1160,113,1160
2003-07-02,1000,1110,11500,1150,114,1150
2003-07-03,6000,1100,11400,1160,113,1100
2003-07-04,9000,1100,11150,1155,111,1130
2003-07-07,5000,1170,12000,1210,119,1170
2003-07-08,6000,1110,11100,1210,110,1180
2003-07-09,5000,1100,11600,1160,115,1160
2003-07-10,1000,1140,11400,1190,113,1155
2003-07-11,2000,1105,11550,1155,115,1125
2003-07-14,420,1110,11200,1160,111,1140
2003-07-15,8000,1100,11050,1125,110,1125
2003-07-16,3000,1100,11000,1145,109,1145
2003-07-18,14000,1090,12000,1200,119,1090
2003-07-21,2000,1115,11250,1190,112,1180
2003-07-22,3000,1100,11450,1160,114,1125
2003-07-23,4000,1120,11200,1170,111,1130
2003-07-24,2000,1110,11600,1160,115,1130
2003-07-25,1000,1110,11150,1160,111,1130
2003-07-28,30,1160,11600,1160,115,1160
2003-07-29,1000,1100,11500,1150,114,1105
2003-07-30,230,1160,11600,1160,115,1160
2003-07-31,200,1165,11650,1165,116,1165
2003-08-01,3000,1105,11900,1200,118,1120
2003-08-04,70,1190,11900,1190,118,1190
2003-08-05,980,1150,11800,1180,117,1150
2003-08-06,0,1125,11250,1180,112,1180
2003-08-07,610,1130,11800,1180,117,1130
2003-08-08,3000,1105,11100,1150,110,1135
2003-08-11,5000,1105,11600,1160,115,1105
2003-08-12,6000,1100,12000,1215,119,1145
2003-08-13,1000,1110,11100,1205,110,1180
2003-08-14,2000,1100,11150,1160,111,1100
2003-08-18,4000,1120,11300,1160,112,1130
2003-08-19,5000,1120,11500,1150,114,1130
2003-08-20,210,1130,11300,1135,112,1135
2003-08-21,78000,1220,12650,1265,126,1265
2003-08-22,166000,1140,12000,1415,119,1350
2003-08-25,20000,1125,11950,1215,119,1165
2003-08-26,12000,1150,11500,1160,114,1150
2003-08-27,15000,1155,11900,1215,118,1155
2003-08-28,22000,1150,11500,1220,114,1220
2003-08-29,10000,1150,11600,1195,115,1160
2003-09-01,8000,1150,11600,1180,115,1160
2003-09-02,21000,1150,12100,1225,120,1160
2003-09-03,4000,1160,11700,1215,116,1200
2003-09-04,12000,1150,11700,1210,116,1160
2003-09-05,100,1195,11950,1205,119,1200
2003-09-08,3000,1150,11700,1205,116,1205
2003-09-09,11000,1150,11900,1190,118,1150
2003-09-15,1000,1150,11500,1190,114,1170
2003-09-16,49000,1150,11900,1190,118,1155
2003-09-17,4000,1160,11600,1185,115,1170
2003-09-18,2000,1155,11600,1165,115,1155
2003-09-19,5000,1155,11750,1175,117,1160
2003-09-22,21000,1150,11500,1155,114,1155
2003-09-23,10000,1150,11600,1160,115,1155
2003-09-24,19000,1150,12000,1200,119,1180
2003-09-25,7000,1155,11650,1180,116,1170
2003-09-26,42000,1140,11950,1195,119,1160
2003-09-29,8000,1150,11900,1190,118,1175
2003-09-30,5000,1160,11600,1185,115,1185
2003-10-01,3000,1160,11600,1160,115,1160
2003-10-02,10,1205,12050,1205,120,1205
2003-10-06,1000,1155,11650,1165,116,1155
2003-10-07,1000,1150,11650,1165,116,1160
2003-10-08,12000,1150,11500,1170,114,1160
2003-10-09,9000,1150,12800,1280,127,1150
2003-10-10,3000,1150,11950,1270,119,1270
2003-10-13,3000,1110,12500,1250,124,1175
2003-10-14,10000,1140,11400,1230,113,1230
2003-10-15,15000,1140,11600,1185,115,1155
2003-10-16,4000,1120,11500,1155,114,1150
2003-10-17,2000,1125,11300,1135,112,1135
2003-10-20,9000,1110,11350,1135,113,1125
2003-10-21,7000,1020,11100,1135,110,1135
2003-10-22,7000,1075,10900,1110,108,1080
2003-10-23,400,1090,10950,1095,109,1090
2003-10-24,1000,1125,11250,1125,112,1125
2003-10-27,50,1070,11400,1140,113,1070
2003-10-28,80,1070,11100,1110,110,1070
2003-10-29,3000,1110,11100,1125,110,1110
2003-10-30,40,1070,11300,1130,112,1070
2003-10-31,40,1075,11250,1125,112,1125
2003-11-03,1000,1105,11050,1120,110,1110
2003-11-04,1000,1120,11200,1120,111,1120
2003-11-05,1000,1080,11100,1120,110,1085
2003-11-06,3000,1070,10700,1105,106,1105
2003-11-07,400,1075,11100,1110,110,1075
2003-11-10,890,1080,11200,1120,111,1080
2003-11-11,1000,1100,11000,1100,109,1100
2003-11-12,1000,1100,11250,1125,112,1100
2003-11-13,20000,1120,11800,1260,117,1120
2003-11-14,190,1160,11600,1170,115,1170
2003-11-17,8000,1170,11800,1210,117,1210
2003-11-18,11000,1060,12100,1210,120,1060
2003-11-19,760,1120,11550,1155,115,1145
2003-11-20,330,1140,12000,1200,119,1145
2003-11-21,1000,1120,12000,1200,119,1200
2003-11-24,750,1140,12000,1200,119,1150
2003-11-25,9000,1145,11800,1180,117,1180
2003-11-26,380,1120,11200,1160,111,1150
2003-11-27,1000,1110,11250,1140,112,1110
2003-11-28,120,1120,11200,1125,111,1125
2003-12-01,30,1160,11600,1160,115,1160
2003-12-02,2000,1180,11800,1180,117,1180
2003-12-03,15000,1160,11600,1200,115,1180
2003-12-04,10,1195,11950,1195,119,1195
2003-12-05,0,1150,11500,1185,114,1185
2003-12-08,1000,1160,11950,1195,119,1160
2003-12-09,6000,1120,11300,1140,112,1135
2003-12-10,190,1130,11350,1160,113,1160
2003-12-11,10000,1135,11600,1160,115,1135
2003-12-12,0,1130,11300,1160,112,1160
2003-12-15,190,1160,11600,1160,115,1160
2003-12-16,2000,1120,11200,1190,111,1190
2003-12-17,11000,1105,11300,1130,112,1115
2003-12-18,5000,1130,11300,1130,112,1130
2003-12-19,4000,1130,11300,1130,112,1130
2003-12-22,5000,1120,11200,1130,111,1130
2003-12-23,9000,1080,10800,1120,107,1120
2003-12-24,3000,1090,11200,1120,111,1090
2003-12-26,5000,1100,11450,1145,114,1100
2003-12-29,2000,1125,11300,1130,889,1125
2003-12-30,280,1030,11050,1105,869,1090
2004-01-02,0,1055,10550,1105,830,1105
2004-01-05,100,1110,11100,1110,873,1110
2004-01-06,200,1070,10700,1070,842,1070
2004-01-07,21000,948,11400,1185,897,1070
2004-01-08,0,1070,10700,1130,842,1130
2004-01-09,260,1120,11300,1190,889,1160
2004-01-12,3000,1120,11550,1260,909,1160
2004-01-13,6000,1120,11700,1190,921,1190
2004-01-14,22000,1085,11400,1170,897,1120
2004-01-15,181000,1150,11550,1275,909,1160
2004-01-16,31000,1070,10800,1155,850,1155
2004-01-19,17000,1030,10300,1100,810,1080
2004-01-20,4000,1025,10400,1070,818,1030
2004-01-26,100,1095,10950,1095,862,1095
2004-01-27,3000,1045,10450,1045,822,1045
2004-01-28,1000,1050,10500,1060,826,1060
2004-01-29,4000,1025,10600,1060,834,1060
2004-01-30,240,1040,10500,1050,826,1040
2004-02-02,3000,1050,11450,1145,901,1055
2004-02-03,4000,1080,10800,1145,850,1140
2004-02-04,1000,1070,10850,1095,854,1075
2004-02-05,3000,1085,11100,1110,873,1085
2004-02-06,0,1070,10700,1100,842,1100
2004-02-09,0,1070,10700,1100,842,1100
2004-02-10,7000,1050,10550,1075,830,1075
2004-02-11,8000,1050,10500,1055,826,1055
2004-02-12,7000,1040,10400,1060,818,1050
2004-02-13,50,1060,10600,1060,834,1060
2004-02-16,1000,1030,10600,1060,834,1030
2004-02-17,15000,970,9700,1050,763,1000
2004-02-18,8000,955,10300,1030,810,955
2004-02-19,400,987,9870,1015,777,1015
2004-02-20,10,1035,10350,1035,814,1035
2004-02-23,8000,980,10100,1020,795,1020
2004-02-24,410,985,10100,1010,795,991
2004-02-25,3000,1000,10000,1010,787,1000
2004-02-26,138000,995,10850,1120,854,1010
2004-02-27,50000,1000,10100,1050,795,1030
2004-03-02,4000,1000,10050,1055,791,1000
2004-03-03,12000,1000,10100,1010,795,1005
2004-03-04,16000,1000,10100,1010,795,1010
2004-03-05,9000,995,10100,1010,795,1000
2004-03-08,2000,995,10050,1005,791,1000
2004-03-09,4000,995,10050,1010,791,1010
2004-03-10,16000,972,10000,1000,787,1000
2004-03-11,1000,980,9900,995,779,980
2004-03-12,3000,980,10000,1000,787,980
2004-03-15,8000,970,10100,1010,795,970
2004-03-16,660,972,10000,1000,787,972
2004-03-17,600,990,9900,990,779,990
2004-03-18,14000,970,9800,981,771,981
2004-03-19,9000,960,9600,980,755,980
2004-03-22,3000,962,9620,978,757,978
2004-03-23,7000,969,10000,1000,787,970
2004-03-24,5000,975,9800,980,771,980
2004-03-25,9000,1000,10000,1095,787,1010
2004-03-26,13000,987,10000,1010,787,1000
2004-03-29,7000,985,9850,1000,775,990
2004-03-30,7000,985,9860,990,776,990
2004-03-31,1000,990,10400,1045,818,1045
2004-04-01,300,991,10050,1060,791,991
2004-04-02,17000,998,10000,1000,787,1000
2004-04-06,16000,1000,10400,1040,818,1000
2004-04-07,1000,1000,10400,1040,818,1000
2004-04-08,160,1020,10200,1055,802,1040
2004-04-09,13000,1020,10450,1045,822,1020
2004-04-12,2000,1030,10300,1055,810,1030
2004-04-13,8000,1040,10450,1055,822,1040
2004-04-14,3000,1050,10500,1075,826,1060
2004-04-16,80,1040,10500,1100,826,1100
2004-04-19,5000,1060,10600,1080,834,1070
2004-04-20,3000,1085,10900,1100,858,1085
2004-04-21,1000,1085,10900,1090,858,1085
2004-04-22,21000,1100,11550,1155,909,1100
2004-04-23,8000,1155,12200,1250,960,1155
2004-04-26,14000,1200,12650,1265,995,1205
2004-04-27,79000,1155,12400,1300,976,1220
2004-05-03,6900,1095,1095,1270,862,1270
2004-05-04,26300,1000,1000,1070,787,1070
2004-05-06,18800,990,1120,1120,881,1045
2004-05-07,17300,1000,1020,1120,802,1100
2004-05-10,25500,1000,1000,1045,787,1000
2004-05-11,3700,1000,1030,1030,810,1030
2004-05-12,11400,1025,1025,1060,806,1050
2004-05-13,1600,1005,1005,1050,791,1030
2004-05-14,5500,1005,1005,1070,791,1040
2004-05-17,900,1000,1045,1060,822,1060
2004-05-18,19000,980,1040,1040,818,1000
2004-05-19,6900,1000,1025,1050,806,1005
2004-05-20,44100,980,1000,1035,787,1010
2004-05-21,6500,1000,1000,1040,787,1040
2004-05-24,12400,1000,1000,1055,787,1055
2004-05-25,3,1000,1000,1060,787,1060
2004-05-27,12200,1000,1010,1010,795,1005
2004-05-28,5000,1000,1000,1045,787,1010
2004-05-31,2200,1000,1000,1010,787,1010
2004-06-01,10,1050,1050,1050,826,1050
2004-06-02,5200,1000,1000,1050,787,1010
2004-06-03,400,1010,1055,1055,830,1010
2004-06-04,200,1030,1080,1105,850,1105
2004-06-07,5700,1000,1000,1055,787,1020
2004-06-08,5000,1000,1000,1060,787,1060
2004-06-09,1,1055,1055,1055,830,1055
2004-06-10,3900,1000,1000,1060,787,1060
2004-06-11,200,1000,1055,1055,830,1000
2004-06-14,500,1000,1045,1045,822,1000
2004-06-15,800,1000,1055,1060,830,1055
2004-06-16,45500,1000,1000,1050,787,1005
2004-06-17,700,1000,1025,1030,806,1030
2004-06-18,0,1000,1000,1035,787,1035
2004-06-21,900,1000,1000,1045,787,1000
2004-06-22,4200,1000,1000,1000,787,1000
2004-06-23,13600,1000,1000,1000,787,1000
2004-06-24,5500,1000,1000,1000,787,1000
2004-06-25,6700,1005,1005,1005,791,1005
2004-06-28,0,1000,1000,1050,787,1050
2004-06-29,3300,1000,1020,1020,802,1005
2004-06-30,6900,1000,1050,1060,826,1060
2004-07-01,700,1000,1000,1000,787,1000
2004-07-02,0,1000,1000,1050,787,1050
2004-07-05,11500,1000,1050,1050,826,1000
2004-07-06,0,1000,1000,1050,787,1050
2004-07-07,3200,1000,1015,1015,799,1000
2004-07-08,1,1020,1020,1020,802,1020
2004-07-09,1,1040,1040,1040,818,1040
2004-07-12,0,1000,1000,1040,787,1040
2004-07-13,0,1000,1000,1030,787,1030
2004-07-14,13000,1000,1000,1000,787,1000
2004-07-15,10,1005,1005,1005,791,1005
2004-07-16,1,1035,1035,1035,814,1035
2004-07-19,6800,1000,1020,1020,802,1000
2004-07-20,1,1040,1040,1040,818,1040
2004-07-21,0,1000,1000,1025,787,1025
2004-07-22,2,1005,1050,1050,826,1005
2004-07-23,20500,1000,1000,1010,787,1010
2004-07-26,400,1000,1020,1045,802,1000
2004-07-27,63,1000,1000,1005,787,1005
2004-07-28,3600,1000,1035,1035,814,1000
2004-07-29,2000,1000,1000,1005,787,1005
2004-07-30,500,1000,1000,1000,787,1000
2004-08-02,2800,975,975,1010,767,1010
2004-08-03,100,1050,1090,1090,858,1050
2004-08-04,0,1025,1025,1095,806,1095
2004-08-05,0,1020,1020,1080,802,1080
2004-08-06,0,1020,1020,1040,802,1040
2004-08-09,300,1030,1030,1030,810,1030
2004-08-10,400,955,995,1020,783,1020
2004-08-11,3500,1000,1005,1005,791,1000
2004-08-12,18000,985,1030,1050,810,1000
2004-08-13,700,1030,1030,1030,810,1030
2004-08-16,0,990,990,1025,779,1025
2004-08-17,900,990,995,995,783,995
2004-08-18,200,995,995,995,783,995
2004-08-19,12000,960,960,1000,755,1000
2004-08-20,4200,960,960,960,755,960
2004-08-23,4000,970,970,970,763,970
2004-08-24,3100,970,970,970,763,970
2004-08-25,5000,970,970,970,763,970
2004-08-26,5000,970,1010,1010,795,970
2004-08-27,4500,960,960,970,755,970
2004-08-30,2200,950,955,960,751,960
2004-08-31,5,970,970,970,763,970
2004-09-01,2000,975,980,995,771,995
2004-09-02,1000,975,985,985,775,985
2004-09-03,500,970,985,985,775,985
2004-09-06,3200,940,985,1005,775,940
2004-09-07,1,1000,1000,1000,787,1000
2004-09-08,600,950,955,960,751,960
2004-09-09,100,955,955,980,751,970
2004-09-10,5900,955,960,960,755,955
2004-09-13,14800,950,955,960,751,955
2004-09-14,10,955,955,955,751,955
2004-09-15,60,960,960,960,755,960
2004-09-16,500,960,960,960,755,960
2004-09-17,11600,945,950,960,747,960
2004-09-20,2000,955,955,955,751,955
2004-09-21,25400,875,920,960,724,955
2004-09-22,200,940,940,960,740,960
2004-09-23,0,935,935,950,736,950
2004-09-24,6,945,955,955,751,945
2004-09-30,300,950,985,995,775,990
2004-10-01,5,995,995,995,783,995
2004-10-04,0,965,965,970,759,970
2004-10-05,2900,915,970,1000,763,1000
2004-10-06,100,945,945,1085,743,1085
2004-10-07,1800,945,950,950,747,950
2004-10-08,1900,950,950,960,747,950
2004-10-11,0,915,915,965,720,965
2004-10-12,46,950,950,1060,747,965
2004-10-13,10900,920,950,950,747,920
2004-10-14,5,940,940,940,740,940
2004-10-15,0,930,930,980,732,980
2004-10-18,500,935,935,950,736,950
2004-10-19,1200,935,935,945,736,945
2004-10-20,11,945,950,950,747,945
2004-10-21,5,950,950,950,747,950
2004-10-22,12300,950,1000,1010,787,950
2004-10-25,11600,1005,1050,1050,826,1005
2004-10-26,5000,1050,1090,1160,858,1160
2004-10-27,3100,1010,1070,1100,842,1010
2004-10-28,9500,1005,1105,1120,869,1005
2004-10-29,4,1015,1100,1110,865,1110
2004-11-01,0,1010,1010,1095,795,1095
2004-11-02,6,1000,1015,1225,799,1225
2004-11-03,9,985,985,1135,775,1080
2004-11-04,5,980,1090,1090,858,980
2004-11-05,2100,995,1030,1120,810,1080
2004-11-08,7300,1020,1090,1090,858,1020
2004-11-09,10500,1040,1055,1060,830,1060
2004-11-10,3300,1050,1050,1055,826,1050
2004-11-11,700,1080,1100,1115,865,1080
2004-11-12,400,1100,1100,1100,865,1100
2004-11-15,4600,1050,1080,1100,850,1100
2004-11-16,11000,1050,1060,1080,834,1080
2004-11-17,10200,1030,1030,1140,810,1060
2004-11-18,5900,1080,1090,1150,858,1090
2004-11-19,300,1090,1130,1130,889,1090
2004-11-22,3300,1100,1130,1130,889,1100
2004-11-23,100,1030,1060,1150,834,1030
2004-11-24,4800,1050,1055,1060,830,1050
2004-11-25,1100,1020,1060,1090,834,1060
2004-11-26,200,1050,1060,1100,834,1100
2004-11-29,3500,1060,1060,1100,834,1070
2004-11-30,6100,1050,1060,1120,834,1090
2004-12-01,500,1060,1100,1100,865,1070
2004-12-02,1100,1070,1135,1135,893,1115
2004-12-03,3900,1115,1200,1250,944,1120
2004-12-06,3300,1170,1220,1250,960,1170
2004-12-07,4500,1160,1230,1250,968,1240
2004-12-08,5700,1190,1230,1290,968,1230
2004-12-09,1800,1200,1250,1250,984,1210
2004-12-10,11200,1160,1160,1250,913,1250
2004-12-13,2900,1200,1200,1200,944,1200
2004-12-14,4800,1200,1205,1205,948,1200
2004-12-15,5800,1200,1200,1230,944,1200
2004-12-16,0,1210,1210,1220,952,1220
2004-12-17,4400,1200,1215,1215,956,1200
2004-12-20,19300,1215,1215,1220,956,1215
2004-12-21,100,1160,1160,1200,913,1200
2004-12-22,800,1160,1160,1160,913,1160
2004-12-23,1800,1160,1160,1220,913,1190
2004-12-24,16100,1160,1160,1290,913,1185
2004-12-27,1000,1160,1200,1200,944,1160
2004-12-28,8100,1160,1160,1190,913,1190
2004-12-29,100,1160,1160,1160,954,1160
2004-12-30,1100,1130,1130,1150,929,1150
2005-01-03,30,1170,1170,1180,962,1180
2005-01-04,1000,1050,1175,1190,966,1190
2005-01-05,200,1075,1080,1265,888,1080
2005-01-06,100,1060,1065,1205,876,1090
2005-01-07,1000,1050,1060,1190,872,1190
2005-01-10,15,1060,1060,1060,872,1060
2005-01-11,31,1050,1050,1050,863,1050
2005-01-12,12,1080,1080,1175,888,1175
2005-01-13,300,1015,1050,1110,863,1015
2005-01-14,500,1060,1100,1110,904,1060
2005-01-17,100,1045,1055,1055,867,1045
2005-01-18,13,1050,1050,1070,863,1070
2005-01-19,1000,1060,1100,1175,904,1080
2005-01-20,10300,1100,1195,1230,983,1100
2005-01-21,18100,1090,1090,1210,896,1210
2005-01-24,29200,1095,1135,1140,933,1105
2005-01-25,2900,1110,1130,1200,929,1200
2005-01-26,50,1180,1180,1180,970,1180
2005-01-27,10800,1125,1125,1265,925,1180
2005-01-28,8500,1130,1140,1185,937,1185
2005-01-31,5100,1105,1170,1170,962,1105
2005-02-01,3000,1140,1175,1175,966,1150
2005-02-02,15600,1145,1185,1195,974,1175
2005-02-03,4800,1150,1175,1175,966,1150
2005-02-04,6000,1145,1160,1180,954,1180
2005-02-07,3400,1170,1190,1210,979,1180
2005-02-11,1500,1200,1255,1255,1032,1200
2005-02-14,33100,1180,1190,1380,979,1250
2005-02-15,33500,1220,1265,1295,1040,1220
2005-02-16,70000,1250,1335,1405,1098,1270
2005-02-17,61500,1270,1310,1350,1077,1305
2005-02-18,263800,1310,1400,1465,1151,1310
2005-02-21,147000,1410,1470,1540,1209,1410
2005-02-22,66200,1335,1360,1465,1118,1465
2005-02-23,125000,1200,1290,1345,1061,1275
2005-02-24,93200,1270,1370,1420,1127,1270
2005-02-25,56700,1260,1320,1390,1085,1390
2005-02-28,45000,1310,1360,1380,1118,1310
2005-03-02,54100,1365,1430,1475,1176,1430
2005-03-03,49600,1310,1415,1465,1164,1465
2005-03-04,92600,1360,1380,1445,1135,1400
2005-03-07,36700,1360,1420,1440,1168,1390
2005-03-08,69300,1375,1485,1485,1221,1375
2005-03-09,80500,1415,1460,1660,1201,1485
2005-03-10,67500,1395,1470,1560,1209,1465
2005-03-11,373600,1580,1645,1645,1353,1580
2005-03-14,391300,1650,1840,1840,1513,1735
2005-03-15,225900,1755,1840,2000,1513,1910
2005-03-16,544800,1640,1710,2060,1406,1840
2005-03-17,191700,1535,1570,1710,1291,1680
2005-03-18,79700,1505,1580,1640,1299,1570
2005-03-21,127800,1550,1650,1665,1357,1555
2005-03-22,84000,1600,1695,1730,1394,1670
2005-03-23,52800,1565,1680,1685,1382,1685
2005-03-24,65600,1580,1640,1685,1349,1650
2005-03-25,219000,1445,1445,1660,1188,1660
2005-03-28,54900,1380,1430,1455,1176,1380
2005-03-29,26200,1325,1325,1455,1090,1400
2005-03-30,31500,1325,1400,1425,1151,1325
2005-03-31,45800,1310,1310,1420,1077,1370
2005-04-01,76500,1240,1330,1375,1094,1350
2005-04-04,32500,1285,1320,1365,1085,1360
2005-04-06,71400,1290,1325,1390,1090,1335
2005-04-07,78700,1345,1405,1485,1155,1345
2005-04-08,46900,1355,1400,1445,1151,1405
2005-04-11,29800,1370,1400,1440,1151,1440
2005-04-12,84300,1400,1430,1490,1176,1400
2005-04-13,20600,1360,1410,1470,1160,1410
2005-04-14,12900,1355,1380,1420,1135,1360
2005-04-15,12200,1315,1320,1380,1085,1355
2005-04-18,26000,1205,1250,1300,1028,1265
2005-04-19,22900,1225,1295,1295,1065,1225
2005-04-20,22300,1275,1275,1335,1048,1305
2005-04-21,17900,1220,1280,1285,1053,1275
2005-04-22,29200,1250,1280,1300,1053,1295
2005-04-25,14900,1225,1245,1280,1024,1225
2005-04-26,17700,1255,1255,1320,1032,1255
2005-04-27,5000,1230,1260,1280,1036,1230
2005-04-28,8900,1230,1250,1285,1028,1260
2005-04-29,26200,1180,1230,1280,1011,1230
2005-05-02,23000,1200,1200,1280,987,1250
2005-05-03,24300,1185,1200,1245,987,1245
2005-05-04,15400,1190,1235,1240,1016,1200
2005-05-06,8500,1200,1210,1240,995,1230
2005-05-09,19100,1200,1220,1250,1003,1215
2005-05-10,15800,1200,1220,1230,1003,1215
2005-05-11,6900,1180,1200,1235,987,1200
2005-05-12,27300,1180,1200,1225,987,1185
2005-05-13,24800,1150,1170,1200,962,1200
2005-05-16,12400,1185,1185,1205,974,1195
2005-05-17,68000,1180,1185,1220,974,1200
2005-05-18,159600,1200,1285,1325,1057,1220
2005-05-19,80000,1280,1285,1345,1057,1315
2005-05-20,34600,1250,1260,1325,1036,1325
2005-05-23,30900,1215,1255,1275,1032,1240
2005-05-24,34200,1220,1235,1255,1016,1255
2005-05-25,46800,1210,1230,1255,1011,1225
2005-05-26,14300,1210,1235,1255,1016,1255
2005-05-27,17200,1215,1240,1265,1020,1265
2005-05-30,34800,1215,1245,1290,1024,1260
2005-05-31,27500,1225,1235,1260,1016,1245
2005-06-01,30900,1230,1255,1255,1032,1230
2005-06-02,68200,1255,1285,1335,1057,1265
2005-06-03,195600,1285,1420,1475,1168,1300
2005-06-07,164800,1350,1390,1545,1143,1430
2005-06-08,130500,1370,1415,1460,1164,1400
2005-06-09,71100,1330,1350,1430,1110,1405
2005-06-10,108700,1360,1405,1435,1155,1375
2005-06-13,118400,1400,1505,1590,1238,1400
2005-06-14,47800,1395,1395,1530,1147,1530
2005-06-15,44900,1305,1395,1405,1147,1405
2005-06-16,64400,1330,1355,1400,1114,1370
2005-06-17,84500,1340,1440,1465,1184,1365
2005-06-20,279800,1440,1550,1560,1275,1450
2005-06-21,1129800,1410,1410,1780,1160,1605
2005-06-22,113400,1360,1405,1440,1155,1405
2005-06-23,88900,1330,1395,1410,1147,1410
2005-06-24,63700,1355,1365,1405,1122,1405
2005-06-27,47800,1310,1375,1400,1131,1320
2005-06-28,134200,1330,1450,1450,1192,1340
2005-06-29,179900,1390,1485,1485,1221,1450
2005-06-30,345500,1375,1430,1500,1176,1500
2005-07-01,71300,1395,1465,1470,1205,1430
2005-07-04,85100,1425,1465,1490,1205,1450
2005-07-05,47800,1440,1465,1500,1205,1450
2005-07-06,100100,1490,1500,1540,1234,1495
2005-07-07,175600,1460,1580,1585,1299,1550
2005-07-08,182200,1520,1580,1680,1299,1600
2005-07-11,27800,1520,1580,1610,1299,1580
2005-07-12,66900,1465,1480,1580,1217,1575
2005-07-13,10000,1480,1485,1540,1221,1540
2005-07-14,78000,1430,1605,1650,1320,1490
2005-07-15,276100,1560,1650,1780,1357,1680
2005-07-18,141100,1675,1740,1835,1431,1710
2005-07-19,148700,1810,1900,1920,1563,1820
2005-07-20,137500,1700,1750,1850,1439,1705
2005-07-21,100300,1720,1860,1860,1530,1720
2005-07-22,276600,1810,1910,2050,1571,1850
2005-07-25,72500,1725,1900,1930,1563,1865
2005-07-26,410300,1770,1780,2075,1464,1850
2005-07-27,89400,1690,1740,1765,1431,1760
2005-07-28,95100,1640,1660,1795,1365,1740
2005-07-29,37100,1610,1650,1690,1357,1680
2005-08-01,20600,1575,1590,1645,1308,1575
2005-08-02,22100,1590,1605,1720,1320,1590
2005-08-03,71700,1490,1515,1605,1246,1595
2005-08-04,61700,1490,1550,1600,1275,1515
2005-08-05,17200,1440,1485,1550,1221,1490
2005-08-08,34600,1355,1425,1510,1172,1355
2005-08-09,16000,1400,1505,1530,1238,1480
2005-08-10,55100,1450,1650,1665,1357,1450
2005-08-11,26100,1600,1700,1735,1398,1600
2005-08-12,9600,1640,1740,1750,1431,1680
2005-08-16,23000,1605,1740,1770,1431,1640
2005-08-17,26000,1690,1735,1850,1427,1695
2005-08-18,7700,1700,1705,1800,1402,1800
2005-08-19,2600,1600,1710,1740,1406,1600
2005-08-22,11800,1630,1735,1780,1427,1630
2005-08-23,1700,1660,1730,1790,1423,1735
2005-08-24,11700,1620,1645,1715,1353,1710
2005-08-25,8400,1555,1590,1685,1308,1685
2005-08-26,1300,1640,1645,1665,1353,1665
2005-08-29,4500,1600,1635,1710,1345,1645
2005-08-30,12400,1530,1550,1665,1275,1570
2005-08-31,13600,1460,1560,1580,1283,1550
2005-09-01,19700,1570,1575,1650,1295,1570
2005-09-02,2800,1565,1685,1685,1386,1580
2005-09-05,10200,1580,1650,1680,1357,1620
2005-09-06,10000,1590,1670,1670,1373,1670
2005-09-07,36100,1590,1630,1660,1341,1655
2005-09-08,10000,1625,1645,1645,1353,1640
2005-09-09,8300,1630,1650,1695,1357,1695
2005-09-12,19300,1600,1625,1710,1336,1655
2005-09-13,1400,1605,1635,1650,1345,1620
2005-09-14,17800,1545,1650,1665,1357,1660
2005-09-15,28500,1600,1640,1655,1349,1600
2005-09-16,13900,1605,1640,1750,1349,1750
2005-09-20,6000,1650,1670,1850,1373,1750
2005-09-21,33400,1650,1765,1780,1452,1680
2005-09-22,11200,1700,1735,1770,1427,1760
2005-09-23,13700,1670,1740,1765,1431,1765
2005-09-26,46100,1650,1700,1755,1398,1700
2005-09-27,27300,1675,1760,1785,1447,1725
2005-09-28,29300,1700,1760,1830,1447,1700
2005-09-29,13700,1695,1780,1800,1464,1800
2005-09-30,21700,1715,1740,1780,1431,1780
2005-10-04,11800,1695,1740,1775,1431,1740
2005-10-05,52600,1690,1725,1760,1419,1715
2005-10-06,17700,1650,1685,1740,1386,1725
2005-10-07,38800,1640,1675,1710,1378,1650
2005-10-10,89400,1615,1625,1685,1336,1660
2005-10-11,48500,1615,1620,1640,1332,1640
2005-10-12,74900,1610,1620,1650,1332,1625
2005-10-13,62700,1600,1635,1655,1345,1620
2005-10-14,135900,1620,1660,1690,1365,1620
2005-10-17,164400,1680,1700,1790,1398,1700
2005-10-18,96200,1650,1670,1730,1373,1680
2005-10-19,56300,1610,1610,1690,1324,1645
2005-10-20,76100,1615,1635,1695,1345,1615
2005-10-21,8000,1625,1640,1670,1349,1625
2005-10-24,64300,1640,1645,1720,1353,1640
2005-10-25,66600,1650,1750,1750,1439,1685
2005-10-26,184900,1740,1860,1885,1530,1780
2005-10-27,61800,1750,1810,1860,1489,1860
2005-10-28,38700,1700,1720,1845,1415,1735
2005-10-31,90300,1665,1795,1800,1476,1720
2005-11-01,57500,1745,1765,1830,1452,1830
2005-11-02,117600,1740,1870,1870,1538,1750
2005-11-03,64200,1900,2000,2030,1645,1915
2005-11-04,43300,1925,1980,2085,1628,2015
2005-11-07,45500,1890,1970,2045,1620,2045
2005-11-08,60100,1930,1985,2085,1633,1960
2005-11-09,31500,1970,1970,2050,1620,1985
2005-11-10,36500,1960,2000,2050,1645,1970
2005-11-11,116700,1855,1940,2070,1596,1990
2005-11-14,61600,1875,1965,2020,1616,1940
2005-11-15,15200,1945,1965,2000,1616,1965
2005-11-16,30000,1910,1960,1990,1612,1990
2005-11-17,96700,1915,2000,2100,1645,1990
2005-11-18,180800,2030,2095,2260,1723,2070
2005-11-21,39200,2050,2070,2160,1703,2110
2005-11-22,31100,1950,1950,2125,1604,2070
2005-11-23,31700,1940,2000,2035,1645,1950
2005-11-24,29000,1960,1985,2060,1633,2000
2005-11-25,64900,1970,1970,2050,1620,1995
2005-11-28,40200,1945,1960,1995,1612,1995
2005-11-29,25500,1890,1925,1970,1583,1930
2005-11-30,54100,1850,1930,1945,1587,1860
2005-12-01,26300,1905,1945,1990,1600,1950
2005-12-02,33100,1910,1935,1950,1591,1910
2005-12-05,29700,1905,1945,1960,1600,1945
2005-12-06,31100,1925,1960,1980,1612,1935
2005-12-07,92400,1960,2000,2135,1645,1960
2005-12-08,38300,1950,2030,2085,1670,2085
2005-12-09,34400,1990,1995,2075,1641,2030
2005-12-12,33200,2000,2045,2090,1682,2000
2005-12-13,113000,1975,2060,2140,1694,2045
2005-12-14,58000,2015,2075,2095,1707,2070
2005-12-15,45500,2035,2035,2125,1674,2125
2005-12-16,73700,1900,1955,1975,1608,1940
2005-12-19,48300,1905,1955,2000,1608,1905
2005-12-20,56500,1915,1915,1970,1575,1915
2005-12-21,40700,1920,1960,1990,1612,1920
2005-12-22,36600,1765,1960,1975,1612,1970
2005-12-23,19600,1865,1945,1950,1600,1880
2005-12-26,72500,1930,2000,2000,1645,1945
2005-12-27,112200,1950,2095,2095,1723,2020
2005-12-28,62200,1950,2050,2100,1727,2100
2005-12-29,46900,1910,1995,2010,1681,2010
2006-01-02,135900,1845,1895,1965,1597,1950
2006-01-03,52900,1875,1900,1915,1601,1895
2006-01-04,81100,1860,1890,1925,1592,1920
2006-01-05,67000,1830,1840,1895,1550,1860
2006-01-06,24500,1830,1860,1875,1567,1840
2006-01-09,35000,1830,1835,1875,1546,1845
2006-01-10,60100,1720,1735,1850,1462,1805
2006-01-11,9800,1730,1730,1770,1458,1735
2006-01-12,28000,1705,1725,1755,1453,1725
2006-01-13,36500,1680,1690,1725,1424,1680
2006-01-16,27100,1685,1795,1795,1512,1685
2006-01-17,10500,1750,1750,1800,1474,1755
2006-01-18,23000,1710,1740,1780,1466,1740
2006-01-19,8900,1670,1700,1765,1432,1765
2006-01-20,108700,1605,1605,1755,1352,1670
2006-01-23,17200,1410,1410,1600,1188,1600
2006-01-24,14300,1370,1430,1470,1205,1375
2006-01-25,13900,1405,1490,1590,1255,1405
2006-01-26,9300,1455,1500,1520,1264,1485
2006-01-27,6900,1490,1580,1585,1331,1490
2006-01-31,8600,1510,1575,1625,1327,1510
2006-02-01,5400,1480,1495,1600,1260,1600
2006-02-02,18700,1440,1495,1535,1260,1485
2006-02-03,8500,1420,1490,1530,1255,1530
2006-02-06,15200,1415,1455,1480,1226,1440
2006-02-07,6400,1430,1475,1480,1243,1480
2006-02-08,12900,1430,1460,1480,1230,1480
2006-02-09,9900,1450,1480,1500,1247,1455
2006-02-10,600,1480,1485,1500,1251,1500
2006-02-13,700,1450,1480,1500,1247,1500
2006-02-14,700,1450,1450,1495,1222,1495
2006-02-15,7600,1465,1500,1515,1264,1495
2006-02-16,5300,1465,1570,1590,1323,1465
2006-02-17,1400,1495,1580,1615,1331,1570
2006-02-20,400,1520,1585,1620,1335,1620
2006-02-21,700,1530,1580,1585,1331,1545
2006-02-22,800,1530,1600,1600,1348,1530
2006-02-23,28400,1505,1615,1650,1361,1615
2006-02-24,2300,1550,1640,1640,1382,1600
2006-02-27,700,1600,1610,1630,1356,1610
2006-02-28,11300,1510,1625,1665,1369,1660
2006-03-02,37500,1530,1550,1610,1306,1610
2006-03-03,16600,1500,1580,1580,1331,1535
2006-03-06,34100,1345,1545,1545,1302,1505
2006-03-07,12300,1450,1480,1510,1247,1505
2006-03-08,5400,1450,1450,1505,1222,1460
2006-03-09,1900,1460,1480,1515,1247,1515
2006-03-10,200,1490,1530,1530,1289,1525
2006-03-13,1300,1480,1530,1530,1289,1530
2006-03-14,200,1505,1530,1530,1289,1505
2006-03-15,11300,1520,1600,1620,1348,1550
2006-03-16,3700,1535,1600,1605,1348,1605
2006-03-17,0,1550,1550,1595,1306,1595
2006-03-20,800,1535,1610,1640,1356,1640
2006-03-21,100,1580,1605,1605,1352,1605
2006-03-22,2000,1505,1550,1605,1306,1580
2006-03-23,5200,1505,1565,1585,1319,1505
2006-03-24,6900,1500,1565,1565,1319,1500
2006-03-27,5400,1515,1520,1580,1281,1515
2006-03-28,400,1510,1565,1575,1319,1575
2006-03-29,600,1515,1565,1565,1319,1520
2006-03-30,1700,1525,1555,1565,1310,1565
2006-03-31,21600,1505,1570,1590,1323,1560
2006-04-03,22200,1550,1560,1575,1314,1555
2006-04-04,10200,1560,1610,1610,1356,1580
2006-04-05,19500,1595,1630,1640,1373,1640
2006-04-06,7000,1590,1650,1675,1390,1650
2006-04-07,6200,1625,1675,1685,1411,1650
2006-04-10,7600,1650,1700,1730,1432,1680
2006-04-11,4000,1655,1705,1725,1437,1665
2006-04-12,3700,1635,1715,1735,1445,1650
2006-04-13,12800,1680,1765,1770,1487,1740
2006-04-14,15900,1765,1770,1940,1491,1940
2006-04-17,158100,1745,2035,2035,1715,1745
2006-04-18,572500,1800,1810,2340,1525,2340
2006-04-19,81300,1735,1755,1855,1479,1855
2006-04-20,246200,1750,1810,1900,1525,1760
2006-04-21,110800,1830,1915,1990,1614,1830
2006-04-24,289400,1910,2060,2200,1736,1910
2006-04-25,41500,1775,1880,2085,1584,2055
2006-04-26,54000,1760,1830,1875,1542,1825
2006-04-27,81900,1740,1750,1825,1474,1770
2006-04-28,23200,1700,1750,1790,1474,1750
2006-05-02,43000,1635,1690,1740,1424,1680
2006-05-03,15000,1650,1695,1705,1428,1650
2006-05-04,24000,1615,1680,1745,1415,1670
2006-05-08,16900,1635,1690,1700,1424,1660
2006-05-09,10700,1660,1695,1730,1428,1690
2006-05-10,20900,1695,1700,1780,1432,1740
2006-05-11,21500,1660,1695,1765,1428,1725
2006-05-12,32000,1610,1615,1720,1361,1720
2006-05-15,35500,1605,1700,1720,1432,1610
2006-05-16,35200,1650,1650,1755,1390,1720
2006-05-17,17500,1625,1650,1670,1390,1670
2006-05-18,31000,1560,1630,1650,1373,1615
2006-05-19,18500,1550,1610,1630,1356,1620
2006-05-22,9300,1580,1610,1675,1356,1585
2006-05-23,30700,1505,1620,1620,1365,1505
2006-05-24,29300,1590,1600,1830,1348,1610
2006-05-25,13500,1560,1610,1655,1356,1585
2006-05-26,18100,1510,1600,1610,1348,1600
2006-05-29,14400,1575,1610,1670,1356,1580
2006-05-30,16100,1545,1590,1620,1340,1620
2006-06-01,5300,1510,1540,1575,1297,1550
2006-06-02,24900,1470,1475,1560,1243,1545
2006-06-05,13300,1265,1360,1500,1146,1500
2006-06-07,17500,1240,1255,1335,1057,1260
2006-06-08,23700,1240,1295,1295,1091,1250
2006-06-09,15900,1280,1305,1365,1099,1330
2006-06-12,5200,1280,1315,1335,1108,1300
2006-06-13,19600,1260,1315,1325,1108,1280
2006-06-14,5700,1265,1360,1400,1146,1265
2006-06-15,12500,1325,1390,1395,1171,1360
2006-06-16,100600,1365,1425,1595,1201,1365
2006-06-19,4400,1345,1430,1430,1205,1365
2006-06-20,8600,1350,1420,1465,1196,1350
2006-06-21,182100,1355,1630,1630,1373,1355
2006-06-22,47800,1630,1720,1850,1449,1685
2006-06-23,7900,1670,1720,1785,1449,1670
2006-06-26,421000,1500,1500,1975,1264,1810
2006-06-27,81300,1425,1500,1570,1264,1570
2006-06-28,36700,1450,1540,1660,1297,1660
2006-06-29,19500,1505,1585,1735,1335,1505
2006-06-30,10800,1525,1585,1695,1335,1525
2006-07-03,74400,1555,1740,1815,1466,1560
2006-07-04,27700,1720,1800,1880,1517,1800
2006-07-05,73700,1760,1820,1870,1533,1850
2006-07-06,54000,1740,1800,1950,1517,1780
2006-07-07,10800,1800,1860,1880,1567,1865
2006-07-10,9300,1780,1900,1900,1601,1800
2006-07-11,21600,1805,1830,1895,1542,1850
2006-07-12,10300,1810,1830,1985,1542,1985
2006-07-13,28800,1780,1850,1900,1559,1800
2006-07-14,11500,1710,1800,1820,1517,1820
2006-07-18,300,1750,1765,1895,1487,1895
2006-07-19,5600,1790,1795,1955,1512,1955
2006-07-20,19300,1630,1720,1805,1449,1795
2006-07-21,5000,1665,1740,1765,1466,1765
2006-07-24,4200,1710,1750,1750,1474,1740
2006-07-25,89700,1750,1955,1980,1647,1780
2006-07-26,27900,1850,1975,1990,1664,1960
2006-07-27,20200,1900,1980,2025,1668,1905
2006-07-28,13300,1940,1980,1980,1668,1980
2006-07-31,7000,1850,1980,2010,1668,1980
2006-08-01,20100,1870,1990,1990,1677,1870
2006-08-02,10600,1940,1980,1995,1668,1995
2006-08-03,5600,1970,2005,2020,1689,1980
2006-08-04,6400,1950,1980,2025,1668,1985
2006-08-07,40500,1930,2010,2010,1694,1980
2006-08-08,46800,1960,2000,2035,1685,2010
2006-08-09,17400,1980,1990,2015,1677,2000
2006-08-10,13000,2035,2060,2100,1736,2035
2006-08-11,6200,2030,2125,2140,1790,2140
2006-08-14,677500,2055,2440,2440,2056,2060
2006-08-16,1119800,2210,2550,2805,2149,2600
2006-08-17,57300,2500,2515,2650,2119,2540
2006-08-18,411900,2490,2650,2740,2233,2550
2006-08-21,406600,2600,2700,2840,2275,2710
2006-08-22,46500,2665,2775,2805,2338,2700
2006-08-23,153400,2705,2780,3045,2343,2775
2006-08-24,59000,2760,2845,2905,2397,2800
2006-08-25,57400,2845,2925,2985,2465,2850
2006-08-28,171100,2565,2605,2985,2195,2890
2006-08-29,28900,2510,2670,2695,2250,2610
2006-08-30,36200,2625,2730,2800,2300,2650
2006-08-31,27800,2710,2730,2830,2300,2810
2006-09-01,35800,2675,2735,2775,2305,2685
2006-09-04,113600,2735,2835,3000,2389,2735
2006-09-05,112900,2720,2795,2945,2355,2945
2006-09-06,123900,2750,2755,2895,2321,2790
2006-09-07,17400,2755,2830,2865,2385,2780
2006-09-08,42000,2805,2835,2975,2389,2975
2006-09-11,26800,2825,2885,2980,2431,2840
2006-09-12,28900,2800,2850,2870,2402,2840
2006-09-13,516300,2560,2760,2890,2326,2805
2006-09-14,27100,2680,2750,2775,2317,2775
2006-09-15,16700,2700,2740,2810,2309,2740
2006-09-18,48000,2670,2670,2765,2250,2750
2006-09-19,205000,2600,2810,2930,2368,2630
2006-09-20,1918100,2450,2800,3230,2359,2820
2006-09-21,128100,2735,2845,2845,2397,2745
2006-09-22,111700,2650,2650,2900,2233,2900
2006-09-25,82900,2600,2630,2770,2216,2700
2006-09-26,15400,2630,2700,2745,2275,2630
2006-09-27,63200,2640,2700,2720,2275,2720
2006-09-28,2300,2640,2720,2745,2292,2640
2006-09-29,5000,2650,2770,3100,2334,2740
2006-10-02,1000,2720,2800,2870,2359,2870
2006-10-04,16300,2675,2770,2850,2334,2845
2006-10-09,178100,2560,2610,2770,2199,2700
2006-10-10,1332400,2700,3000,3000,2528,2700
2006-10-11,906200,2770,3450,3450,2907,3100
2006-10-12,2856300,3005,3470,3840,2924,3790
2006-10-13,208300,3470,3575,3675,3013,3600
2006-10-16,628100,3620,4110,4110,3463,3650
2006-10-17,433300,4235,4725,4725,3982,4430
2006-10-18,952000,4695,5430,5430,4576,4695
2006-10-19,410000,5330,5450,5890,4593,5560
2006-10-20,158400,5210,5460,5890,4601,5450
2006-10-23,101200,5280,5420,5660,4568,5560
2006-10-24,109600,5250,5410,5800,4559,5560
2006-10-25,44200,5340,5520,5790,4652,5790
2006-10-26,37200,5270,5430,5650,4576,5340
2006-10-27,16200,5360,5490,5540,4627,5430
2006-10-30,410200,5110,6310,6310,5318,5510
2006-10-31,938000,5370,6500,7180,5478,6780
2006-11-01,242000,6570,7470,7470,6295,6960
2006-11-02,493200,6350,6350,8050,5351,7830
2006-11-03,1223200,5400,5400,5740,4551,5620
2006-11-06,2992100,4590,4590,5200,3868,5200
2006-11-07,3293100,3985,4070,4545,3430,4500
2006-11-08,2107000,3910,4050,4300,3413,4150
2006-11-09,1419900,3880,4100,4205,3455,4150
2006-11-10,1284400,3910,3990,4150,3362,4080
2006-11-13,893300,3665,3780,3990,3185,3915
2006-11-14,713700,3605,3630,3880,3059,3785
2006-11-15,670700,3480,3700,3715,3118,3660
2006-11-16,601200,3340,3340,3735,2815,3700
2006-11-17,466300,3230,3390,3450,2857,3370
2006-11-20,805500,3320,3480,3605,2933,3360
2006-11-21,772500,3520,3530,3675,2975,3555
2006-11-22,705200,3295,3325,3535,2802,3535
2006-11-23,574500,3325,3555,3555,2996,3370
2006-11-24,292200,3400,3455,3590,2911,3525
2006-11-27,349900,3210,3220,3490,2713,3470
2006-11-28,196700,3000,3040,3180,2562,3180
2006-11-29,309600,3040,3090,3235,2604,3040
2006-11-30,200900,3100,3160,3210,2663,3150
2006-12-01,333100,2930,3010,3210,2536,3170
2006-12-04,222000,2950,2960,3065,2494,3000
2006-12-05,530400,2960,3090,3190,2604,3010
2006-12-06,206400,3010,3080,3155,2595,3100
2006-12-07,1673500,3120,3540,3540,2983,3120
2006-12-08,1224800,3370,3560,3655,3000,3580
2006-12-11,1364600,3530,3550,3825,2992,3680
2006-12-12,688300,3025,3135,3550,2642,3550
2006-12-13,274000,3070,3080,3255,2595,3135
2006-12-14,465500,2855,2920,3145,2461,3040
2006-12-15,176900,2895,2940,2985,2477,2985
2006-12-18,216000,2855,2855,2975,2406,2940
2006-12-19,251200,2710,2755,2890,2321,2860
2006-12-20,206600,2710,2780,2885,2343,2750
2006-12-21,217700,2765,2820,2850,2376,2850
2006-12-22,293300,2580,2700,2820,2275,2780
2006-12-26,211100,2510,2570,2700,2166,2700
2006-12-27,49700,2510,2645,2665,2273,2580
2006-12-28,183400,2615,2710,2745,2329,2645
2007-01-02,157400,2705,2730,2820,2346,2730
2007-01-03,203400,2580,2630,2780,2260,2750
2007-01-04,95400,2535,2545,2650,2187,2610
2007-01-05,161000,2400,2460,2680,2114,2565
2007-01-08,91900,2420,2420,2500,2080,2450
2007-01-09,372300,2430,2500,2635,2148,2430
2007-01-10,220300,2470,2500,2590,2148,2590
2007-01-11,259600,2500,2620,2625,2252,2510
2007-01-12,1362500,2590,3010,3010,2587,2630
2007-01-15,988400,2890,3090,3175,2655,3060
2007-01-16,1188600,2950,3030,3400,2604,3090
2007-01-17,442600,2760,2845,3000,2445,3000
2007-01-18,508800,2745,2745,3000,2359,2850
2007-01-19,340500,2440,2490,2735,2140,2685
2007-01-22,178600,2315,2345,2540,2015,2460
2007-01-23,256500,2300,2375,2465,2041,2310
2007-01-24,179600,2390,2440,2470,2097,2390
2007-01-25,159800,2430,2445,2545,2101,2495
2007-01-26,272600,2360,2585,2590,2221,2405
2007-01-29,268400,2535,2565,2760,2204,2585
2007-01-30,957600,2525,2800,2945,2406,2560
2007-01-31,322500,2635,2685,2790,2307,2760
2007-02-01,276200,2595,2600,2830,2234,2715
2007-02-02,282800,2540,2585,2650,2221,2580
2007-02-05,199400,2605,2705,2730,2325,2670
2007-02-06,293100,2690,2725,2820,2342,2760
2007-02-07,400700,2710,2920,2920,2509,2750
2007-02-08,269800,2790,2830,2990,2432,2965
2007-02-09,219300,2690,2725,2870,2342,2805
2007-02-12,207000,2595,2615,2720,2247,2720
2007-02-13,198000,2535,2610,2650,2243,2585
2007-02-14,730300,2635,2765,2940,2376,2635
2007-02-15,288800,2705,2750,2885,2363,2785
2007-02-16,876000,2720,2935,3010,2522,2765
2007-02-20,1638400,2980,3120,3365,2681,3000
2007-02-21,581600,2950,2950,3195,2535,3120
2007-02-22,597200,2830,3170,3180,2724,2950
2007-02-23,1377900,3055,3380,3610,2905,3110
2007-02-26,1913600,3410,3880,3885,3335,3450
2007-02-27,2063500,3600,3910,4425,3360,3770
2007-02-28,930400,3500,3900,4145,3352,3510
2007-03-05,3864800,3995,4500,5150,3867,4050
2007-03-06,1669500,3825,3825,5000,3287,4750
2007-03-07,1224700,3595,3750,3930,3223,3800
2007-03-08,1327200,3575,3625,3930,3115,3670
2007-03-09,916600,3425,3725,3750,3201,3655
2007-03-12,994400,3615,3670,3890,3154,3735
2007-03-13,714000,3690,3835,3835,3296,3705
2007-03-14,1685100,3735,4000,4170,3438,3755
2007-03-15,611100,3860,3860,4190,3317,4095
2007-03-16,1128400,3285,3285,3915,2823,3910
2007-03-19,482300,3155,3310,3350,2845,3260
2007-03-20,305600,3230,3250,3380,2793,3350
2007-03-21,239800,3200,3255,3300,2797,3210
2007-03-22,252000,3215,3225,3300,2772,3265
2007-03-23,331900,3180,3310,3370,2845,3200
2007-03-26,323400,3245,3255,3410,2797,3380
2007-03-27,227200,3135,3150,3295,2707,3200
2007-03-28,165500,3080,3145,3170,2703,3100
2007-03-29,139200,3070,3070,3160,2638,3105
2007-03-30,158900,3080,3140,3170,2698,3100
2007-04-02,158200,3060,3075,3180,2643,3170
2007-04-03,267500,2990,3035,3115,2608,3105
2007-04-04,152300,3050,3135,3135,2694,3070
2007-04-05,212100,3095,3250,3260,2793,3135
2007-04-06,886600,3280,3500,3660,3008,3290
2007-04-09,365400,3370,3370,3730,2896,3730
2007-04-10,301900,3350,3500,3620,3008,3370
2007-04-11,243000,3390,3390,3650,2913,3525
2007-04-12,184100,3270,3310,3440,2845,3365
2007-04-13,698000,3370,3690,3760,3171,3370
2007-04-16,562200,3695,3710,4045,3188,3700
2007-04-17,341100,3490,3500,3780,3008,3780
2007-04-18,324400,3400,3740,3740,3214,3455
2007-04-19,252100,3560,3680,3850,3163,3740
2007-04-20,114000,3590,3590,3740,3085,3700
2007-04-23,391700,3600,3900,3925,3352,3605
2007-04-24,216000,3775,3860,3990,3317,3980
2007-04-25,181600,3600,3600,3900,3094,3900
2007-04-26,184000,3530,3590,3725,3085,3680
2007-04-27,117400,3545,3630,3690,3120,3550
2007-04-30,162200,3350,3380,3695,2905,3695
2007-05-02,62800,3350,3445,3445,2961,3420
2007-05-03,60500,3405,3445,3530,2961,3480
2007-05-04,93200,3420,3550,3625,3051,3440
2007-05-07,152700,3580,3680,3770,3163,3640
2007-05-08,106400,3550,3565,3735,3064,3735
2007-05-09,55000,3480,3520,3630,3025,3565
2007-05-10,275800,3530,3800,3960,3266,3640
2007-05-11,434500,3740,4000,4195,3438,3850
2007-05-14,242500,3780,4000,4230,3438,4030
2007-05-15,116500,3810,3870,4000,3326,4000
2007-05-16,114600,3720,3890,3905,3343,3810
2007-05-17,140500,3850,4000,4165,3438,3990
2007-05-18,56100,3840,4000,4040,3438,3925
2007-05-21,91500,3400,3705,3995,3184,3995
2007-05-22,55500,3655,3700,3815,3180,3790
2007-05-23,71700,3640,3690,3885,3171,3790
2007-05-25,70500,3635,3730,3790,3206,3635
2007-05-28,51300,3730,3765,3880,3236,3740
2007-05-29,124600,3750,3770,3840,3240,3780
2007-05-30,191400,3770,3920,3965,3369,3780
2007-05-31,183900,3920,3960,4150,3403,4000
2007-06-01,175200,3655,3655,3990,3141,3990
2007-06-04,93800,3600,3610,3745,3102,3660
2007-06-05,109400,3520,3525,3650,3029,3615
2007-06-07,121300,3500,3580,3650,3077,3500
2007-06-08,95200,3510,3620,3650,3111,3620
2007-06-11,54600,3510,3565,3645,3064,3620
2007-06-12,45700,3510,3530,3600,3034,3600
2007-06-13,90800,3500,3530,3585,3034,3510
2007-06-14,55700,3525,3580,3580,3077,3575
2007-06-15,91200,3580,3710,3735,3188,3615
2007-06-18,69200,3710,3720,3825,3197,3800
2007-06-19,61000,3630,3670,3740,3154,3730
2007-06-20,62900,3590,3700,3740,3180,3700
2007-06-21,246300,3595,3840,3870,3300,3655
2007-06-22,126000,3670,3780,3910,3249,3850
2007-06-25,268800,3705,3705,3955,3184,3780
2007-06-26,121600,3610,3625,3810,3115,3725
2007-06-27,95700,3400,3400,3690,2922,3650
2007-06-28,70600,3375,3390,3495,2913,3430
2007-06-29,81800,3315,3330,3440,2862,3390
2007-07-02,43400,3335,3400,3420,2922,3340
2007-07-03,61000,3410,3500,3550,3008,3410
2007-07-04,54500,3430,3460,3565,2974,3500
2007-07-05,55900,3400,3500,3550,3008,3490
2007-07-06,27200,3445,3485,3530,2995,3530
2007-07-09,54700,3440,3485,3525,2995,3450
2007-07-10,73000,3415,3480,3520,2991,3485
2007-07-11,201600,4000,4000,4000,3438,4000
2007-07-12,1520000,4060,4065,4600,3494,4440
2007-07-13,380800,3880,4065,4250,3494,4120
2007-07-16,229900,3760,3845,4135,3304,4135
2007-07-18,688700,3800,4420,4420,3799,3855
2007-07-19,324000,4150,4150,4550,3567,4535
2007-07-20,226300,3925,4270,4270,3670,4200
2007-07-23,365400,4265,4600,4840,3953,4280
2007-07-24,169800,4405,4440,4780,3816,4580
2007-07-25,95400,4275,4430,4495,3807,4440
2007-07-26,84000,4325,4430,4595,3807,4450
2007-07-27,161000,4130,4200,4425,3610,4390
2007-07-30,117300,4000,4100,4330,3524,4330
2007-07-31,213900,4110,4365,4480,3751,4185
2007-08-01,96200,4060,4200,4360,3610,4220
2007-08-02,96200,4050,4060,4335,3489,4160
2007-08-03,106700,4110,4140,4370,3558,4265
2007-08-06,60500,3920,4105,4135,3528,3935
2007-08-07,48200,4010,4200,4200,3610,4115
2007-08-08,90400,4050,4260,4280,3661,4250
2007-08-09,76900,4110,4270,4330,3670,4260
2007-08-10,202700,3850,3980,4250,3420,4200
2007-08-14,109600,3760,3760,3950,3231,3835
2007-08-16,102300,3265,3300,3695,2836,3695
2007-08-17,244300,3015,3040,3595,2613,3250
2007-08-20,70900,3160,3460,3490,2974,3160
2007-08-21,58700,3400,3470,3560,2982,3410
2007-08-22,64100,3520,3715,3740,3193,3520
2007-08-23,75700,3670,3775,3900,3244,3850
2007-08-24,19200,3690,3770,3840,3240,3840
2007-08-27,29200,3755,3760,3880,3231,3830
2007-08-28,71600,3710,3970,4010,3412,3710
2007-08-29,77300,3790,4030,4100,3463,3890
2007-08-30,55400,3930,3995,4200,3433,4190
2007-08-31,27300,3880,3890,4100,3343,4100
2007-09-03,94400,3905,4025,4140,3459,3920
2007-09-04,56500,3850,3920,4095,3369,4060
2007-09-05,35900,3850,3850,4030,3309,3930
2007-09-06,108200,3760,4070,4200,3498,3850
2007-09-07,53300,3950,4030,4190,3463,4100
2007-09-10,46600,3810,3995,4020,3433,3990
2007-09-11,134800,3995,4200,4380,3610,4085
2007-09-12,103300,4040,4100,4285,3524,4250
2007-09-13,19900,3960,4050,4135,3481,4100
2007-09-14,28800,4020,4050,4150,3481,4150
2007-09-17,143800,4050,4260,4350,3661,4080
2007-09-18,54700,4050,4050,4315,3481,4285
2007-09-19,60300,4010,4060,4220,3489,4200
2007-09-20,55900,3990,4045,4160,3476,4010
2007-09-21,40900,3875,3930,4120,3378,4055
2007-09-27,52800,3860,3875,4040,3330,3940
2007-09-28,33000,3870,3980,3980,3420,3875
2007-10-01,18700,3900,3950,4000,3395,4000
2007-10-02,43200,3850,3930,3980,3378,3980
2007-10-04,78400,3730,3790,3945,3257,3945
2007-10-05,58500,3615,3700,3800,3180,3735
2007-10-08,52200,3590,3630,3740,3120,3700
2007-10-09,14600,3580,3695,3700,3176,3695
2007-10-10,35600,3550,3585,3700,3081,3700
2007-10-11,16600,3540,3600,3655,3094,3585
2007-10-12,52100,3490,3595,3660,3090,3600
2007-10-15,28500,3500,3505,3620,3012,3545
2007-10-16,91900,3240,3295,3500,2832,3495
2007-10-17,28100,3210,3340,3380,2870,3380
2007-10-18,21500,3290,3290,3410,2827,3345
2007-10-19,9000,3220,3330,3350,2862,3350
2007-10-22,18100,3120,3400,3420,2922,3265
2007-10-23,10400,3310,3385,3455,2909,3450
2007-10-24,34000,3150,3190,3420,2741,3420
2007-10-25,7000,3130,3280,3300,2819,3170
2007-10-26,10700,3165,3280,3340,2819,3340
2007-10-29,37700,3160,3160,3305,2716,3305
2007-10-30,19300,3165,3230,3240,2776,3200
2007-10-31,21300,3180,3235,3290,2780,3290
2007-11-01,18400,3150,3200,3240,2750,3240
2007-11-02,11300,3080,3150,3200,2707,3200
2007-11-05,12800,3100,3200,3210,2750,3200
2007-11-06,16600,3120,3185,3210,2737,3200
2007-11-07,25100,3100,3100,3295,2664,3160
2007-11-08,19000,3000,3150,3215,2707,3055
2007-11-09,22500,3040,3170,3235,2724,3125
2007-11-12,9800,3050,3070,3180,2638,3180
2007-11-13,14700,3035,3150,3195,2707,3100
2007-11-14,14600,3070,3085,3205,2651,3205
2007-11-15,44000,2980,3085,3120,2651,3085
2007-11-16,21900,2975,3090,3140,2655,3000
2007-11-19,7500,3005,3070,3105,2638,3105
2007-11-20,14700,2870,3015,3050,2591,3040
2007-11-21,23200,2805,2805,3050,2411,3030
2007-11-22,5700,2805,2940,2980,2527,2805
2007-11-23,19500,2755,2890,3050,2484,2950
2007-11-26,25300,2715,2790,2940,2398,2940
2007-11-27,15000,2670,2675,2835,2299,2790
2007-11-28,19700,2600,2690,2760,2312,2635
2007-11-29,38000,2665,2885,2920,2479,2695
2007-11-30,5500,2850,2975,2980,2557,2890
2007-12-03,13000,2900,2980,3010,2561,2985
2007-12-04,8400,2950,3000,3030,2578,3010
2007-12-05,4200,2920,2975,3030,2557,3000
2007-12-06,28700,2980,3020,3090,2595,3010
2007-12-07,5700,2970,3045,3060,2617,2995
2007-12-10,16100,2875,2930,3060,2518,3045
2007-12-11,4600,2850,2940,3010,2527,3010
2007-12-12,2700,2840,2920,3000,2509,3000
2007-12-13,7900,2850,2950,2980,2535,2920
2007-12-14,4700,2865,2935,2960,2522,2865
2007-12-17,7600,2810,2810,2985,2415,2985
2007-12-18,10800,2620,2885,2895,2479,2815
2007-12-20,13900,2770,2885,2910,2479,2885
2007-12-21,12400,2710,2765,2890,2376,2890
2007-12-24,5400,2710,2760,2865,2372,2770
2007-12-26,22500,2600,2750,2835,2363,2760
2007-12-27,12300,2630,2745,2800,2403,2800
2007-12-28,8991,2700,2760,2780,2416,2780
2008-01-02,7241,2680,2785,2810,2438,2810
2008-01-03,8541,2665,2695,2795,2359,2795
2008-01-04,18174,2610,2680,2780,2346,2775
2008-01-07,18318,2300,2685,2750,2350,2750
2008-01-08,2493,2565,2670,2695,2337,2685
2008-01-09,16307,2510,2650,2690,2319,2550
2008-01-10,3486,2585,2670,2700,2337,2700
2008-01-11,6598,2610,2665,2695,2333,2615
2008-01-14,2805,2605,2655,2670,2324,2605
2008-01-15,19127,2410,2500,2695,2188,2695
2008-01-16,15995,2320,2500,2500,2188,2320
2008-01-17,17525,2415,2550,2615,2232,2450
2008-01-18,2764,2500,2510,2600,2197,2580
2008-01-21,5723,2500,2515,2585,2201,2500
2008-01-22,24930,2350,2350,2500,2057,2500
2008-01-23,22409,2250,2300,2400,2013,2350
2008-01-24,10677,2270,2335,2350,2044,2340
2008-01-25,4579,2335,2475,2475,2166,2335
2008-01-28,2638,2475,2530,2535,2214,2475
2008-01-29,2248,2485,2530,2560,2214,2490
2008-01-30,2712,2210,2290,2550,2004,2530
2008-01-31,10270,2290,2460,2485,2153,2400
2008-02-01,6506,2325,2520,2525,2206,2465
2008-02-04,12423,2405,2465,2555,2158,2550
2008-02-05,11672,2430,2430,2525,2127,2475
2008-02-11,6765,2405,2495,2515,2184,2405
2008-02-12,2115,2450,2485,2500,2175,2500
2008-02-13,11208,2450,2555,2555,2236,2515
2008-02-14,15115,2470,2500,2580,2188,2555
2008-02-15,139773,2495,2875,2875,2516,2510
2008-02-18,193562,2685,3150,3230,2757,2925
2008-02-19,64626,2870,2870,3140,2512,3110
2008-02-20,12481,2805,2815,2930,2464,2930
2008-02-21,19196,2750,2750,2890,2407,2815
2008-02-22,15072,2730,2780,2830,2433,2830
2008-02-25,37536,2700,2745,2830,2403,2745
2008-02-26,21467,2670,2680,2780,2346,2780
2008-02-27,23000,2695,2800,2820,2451,2720
2008-02-28,37429,2800,2915,2975,2551,2800
2008-02-29,19470,2805,2890,2915,2530,2865
2008-03-03,17170,2755,2870,2905,2512,2850
2008-03-04,20045,2830,2900,2950,2538,2830
2008-03-05,21192,2810,2930,3000,2565,2840
2008-03-06,33209,2765,2775,3010,2429,3010
2008-03-07,7343,2770,2855,2860,2499,2800
2008-03-10,22897,2650,2880,2910,2521,2860
2008-03-11,8619,2785,2790,2920,2442,2885
2008-03-12,15196,2725,2790,2990,2442,2830
2008-03-13,10437,2510,2670,2880,2337,2880
2008-03-14,10868,2560,2690,2740,2354,2690
2008-03-17,15216,2430,2530,2685,2214,2630
2008-03-18,27487,2300,2400,2640,2101,2550
2008-03-19,3883,2425,2480,2535,2171,2535
2008-03-20,10885,2365,2460,2540,2153,2365
2008-03-21,9916,2405,2450,2590,2144,2480
2008-03-24,5132,2405,2435,2520,2131,2450
2008-03-25,10609,2420,2495,2520,2184,2485
2008-03-26,3575,2445,2545,2600,2228,2445
2008-03-27,3042,2440,2500,2585,2188,2540
2008-03-28,30847,2395,2400,2505,2101,2505
2008-03-31,27989,2340,2400,2435,2101,2390
2008-04-01,8127,2390,2425,2475,2122,2430
2008-04-02,21552,2400,2405,2495,2105,2495
2008-04-03,11000,2400,2405,2460,2105,2460
2008-04-04,12827,2360,2400,2430,2101,2400
2008-04-07,18698,2400,2440,2480,2136,2400
2008-04-08,8456,2420,2460,2480,2153,2480
2008-04-10,3300,2410,2485,2495,2175,2460
2008-04-11,7415,2415,2415,2495,2114,2495
2008-04-14,14064,2350,2435,2460,2131,2390
2008-04-15,11,2470,2470,2495,2162,2495
2008-04-16,3209,2400,2440,2490,2136,2490
2008-04-17,13514,2370,2415,2460,2114,2440
2008-04-18,4064,2370,2425,2445,2122,2445
2008-04-21,4448,2400,2415,2430,2114,2425
2008-04-22,1708,2400,2415,2425,2114,2415
2008-04-23,20215,2340,2400,2420,2101,2410
2008-04-24,5383,2345,2350,2415,2057,2415
2008-04-25,8717,2330,2370,2400,2074,2365
2008-04-28,26002,2285,2295,2370,2009,2370
2008-04-29,11151,2290,2350,2395,2057,2310
2008-04-30,18989,2270,2380,2395,2083,2350
2008-05-02,4764,2370,2420,2450,2118,2425
2008-05-06,20918,2410,2455,2485,2149,2450
2008-05-07,7910,2415,2450,2480,2144,2480
2008-05-08,8832,2200,2430,2470,2127,2470
2008-05-09,28343,2400,2400,2590,2101,2440
2008-05-13,5690,2400,2430,2510,2127,2400
2008-05-14,22451,2380,2415,2475,2114,2475
2008-05-15,4867,2400,2430,2445,2127,2420
2008-05-16,32383,2410,2470,2480,2162,2440
2008-05-19,22812,2425,2470,2490,2162,2470
2008-05-20,13306,2435,2485,2495,2175,2480
2008-05-21,31045,2380,2380,2490,2083,2490
2008-05-22,4891,2360,2410,2450,2109,2380
2008-05-23,3297,2380,2430,2450,2127,2425
2008-05-26,1913,2370,2445,2450,2140,2445
2008-05-27,25904,2400,2520,2570,2206,2450
2008-05-28,15009,2490,2545,2550,2228,2520
2008-05-29,17562,2540,2590,2680,2267,2540
2008-05-30,21818,2520,2610,2635,2284,2610
2008-06-02,12342,2540,2600,2635,2276,2630
2008-06-03,11536,2515,2520,2605,2206,2580
2008-06-04,17198,2465,2580,2580,2258,2530
2008-06-05,24614,2540,2645,2670,2315,2580
2008-06-09,9432,2585,2705,2740,2368,2635
2008-06-10,12948,2640,2645,2745,2315,2705
2008-06-11,9111,2570,2620,2710,2293,2710
2008-06-12,9423,2530,2600,2620,2276,2620
2008-06-13,11585,2495,2550,2690,2232,2600
2008-06-16,3138,2505,2585,2610,2263,2610
2008-06-17,11897,2470,2485,2595,2175,2580
2008-06-18,17693,2455,2495,2570,2184,2490
2008-06-19,13185,2385,2455,2515,2149,2385
2008-06-20,5723,2370,2460,2500,2153,2480
2008-06-23,299,2400,2445,2475,2140,2470
2008-06-24,10165,2300,2345,2550,2052,2550
2008-06-25,559,2330,2400,2415,2101,2415
2008-06-26,18147,2325,2350,2400,2057,2330
2008-06-27,108791,2280,2350,2480,2057,2300
2008-06-30,9645,2360,2420,2450,2118,2425
2008-07-01,1375,2350,2365,2425,2070,2415
2008-07-02,37376,2205,2300,2400,2013,2400
2008-07-03,4096,2160,2160,2300,1890,2180
2008-07-04,8977,2140,2240,2270,1961,2215
2008-07-07,4076,2140,2265,2295,1982,2230
2008-07-08,3516,2240,2285,2375,2000,2295
2008-07-09,18150,1970,2295,2350,2009,2295
2008-07-10,8520,2145,2145,2295,1877,2295
2008-07-11,5206,2170,2270,2280,1987,2230
2008-07-14,15568,2230,2360,2360,2066,2290
2008-07-15,11613,2315,2370,2420,2074,2420
2008-07-16,10182,2370,2370,2480,2074,2460
2008-07-17,24941,2400,2430,2490,2127,2420
2008-07-18,7761,2410,2410,2485,2109,2450
2008-07-21,2106,2370,2415,2460,2114,2460
2008-07-22,713,2380,2400,2435,2101,2420
2008-07-23,3476,2370,2440,2455,2136,2455
2008-07-24,241,2380,2440,2455,2136,2455
2008-07-25,307,2360,2440,2440,2136,2440
2008-07-28,1882,2380,2380,2440,2083,2440
2008-07-29,1100,2350,2400,2400,2101,2350
2008-07-30,7700,2320,2385,2460,2087,2460
2008-07-31,4600,2280,2280,2390,1996,2390
2008-08-01,1200,2240,2350,2350,2057,2240
2008-08-04,1600,2300,2300,2370,2013,2370
2008-08-05,800,2220,2280,2300,1996,2300
2008-08-06,4500,2220,2220,2300,1943,2280
2008-08-07,1800,2200,2270,2295,1987,2295
2008-08-08,2000,2215,2270,2280,1987,2280
2008-08-11,500,2230,2295,2330,2009,2330
2008-08-12,6500,2180,2180,2295,1908,2295
2008-08-13,4900,2120,2190,2275,1917,2185
2008-08-14,3300,2130,2200,2215,1926,2130
2008-08-18,26593,2165,2180,2230,1908,2200
2008-08-19,1375,2100,2175,2210,1904,2210
2008-08-20,7189,2130,2195,2200,1921,2130
2008-08-21,11568,2125,2195,2240,1921,2195
2008-08-22,10499,2125,2135,2235,1869,2195
2008-08-25,1032,2195,2205,2225,1930,2225
2008-08-26,1687,2070,2100,2235,1838,2070
2008-08-27,14300,2000,2025,2150,1772,2145
2008-08-28,2569,2050,2070,2135,1812,2115
2008-08-29,531,2100,2190,2200,1917,2200
2008-09-01,139816,2005,2300,2300,2013,2230
2008-09-02,7869,2050,2145,2290,1877,2290
2008-09-03,30876,2020,2190,2400,1917,2020
2008-09-04,314,2080,2230,2240,1952,2195
2008-09-05,4381,2190,2200,2240,1926,2200
2008-09-08,66,2260,2290,2310,2004,2310
2008-09-09,5262,2145,2215,2295,1939,2295
2008-09-10,980,2155,2220,2265,1943,2265
2008-09-11,3340,2065,2145,2220,1877,2170
2008-09-12,897,2110,2180,2180,1908,2145
2008-09-16,8962,1860,2180,2180,1908,2165
2008-09-17,6905,2065,2175,2350,1904,2185
2008-09-18,6,2045,2190,2320,1917,2320
2008-09-19,619,2095,2215,2280,1939,2280
2008-09-22,2916,2175,2195,2275,1921,2275
2008-09-23,213,2165,2215,2230,1939,2230
2008-09-24,8,2175,2230,2230,1952,2230
2008-09-25,14599,2210,2290,2300,2004,2230
2008-09-26,806,2295,2315,2330,2026,2300
2008-09-29,438,2240,2310,2360,2022,2360
2008-09-30,3,2295,2295,2310,2009,2310
2008-10-01,397,2210,2290,2350,2004,2350
2008-10-02,4,2265,2265,2280,1982,2280
2008-10-06,814,2150,2195,2280,1921,2280
2008-10-07,5928,1875,1965,2200,1720,2200
2008-10-08,1751,1900,2000,2000,1750,2000
2008-10-09,7761,1815,1990,1990,1742,1855
2008-10-10,4029,1920,1970,2000,1724,1990
2008-10-13,3060,1950,2100,2100,1838,2000
2008-10-14,2132,2005,2190,2260,1917,2260
2008-10-15,1010,2175,2180,2185,1908,2185
2008-10-16,4927,2000,2000,2220,1750,2220
2008-10-17,598,1985,2100,2175,1838,2000
2008-10-20,2365,1980,2030,2050,1777,2000
2008-10-21,6663,1905,1995,2100,1746,2100
2008-10-22,87518,1700,1700,1995,1488,1955
2008-10-23,9584,1445,1670,1760,1462,1710
2008-10-24,2013,1465,1645,1670,1440,1670
2008-10-27,22799,1400,1400,1775,1225,1775
2008-10-28,7808,1215,1225,1500,1072,1500
2008-10-29,7879,1170,1280,1385,1120,1385
2008-10-30,44612,1280,1470,1470,1286,1280
2008-10-31,10073,1305,1305,1640,1142,1640
2008-11-03,11346,1350,1490,1490,1304,1350
2008-11-04,2352,1465,1640,1640,1435,1530
2008-11-05,7288,1640,1695,1725,1483,1640
2008-11-06,20511,1445,1470,1695,1286,1695
2008-11-07,6699,1305,1440,1470,1260,1305
2008-11-10,5571,1400,1425,1550,1247,1550
2008-11-11,3036,1370,1385,1550,1212,1370
2008-11-12,1336,1325,1395,1445,1221,1445
2008-11-13,9433,1275,1285,1390,1124,1390
2008-11-14,23016,1260,1305,1385,1142,1285
2008-11-17,1608,1300,1305,1310,1142,1305
2008-11-18,1334,1240,1280,1340,1120,1340
2008-11-19,322,1235,1280,1390,1120,1390
2008-11-20,68389,1090,1090,1300,954,1300
2008-11-21,9904,1085,1105,1135,967,1090
2008-11-24,3399,1025,1085,1195,949,1100
2008-11-25,1130,1100,1130,1190,989,1145
2008-11-26,1212,1100,1140,1185,998,1185
2008-11-27,9345,1130,1145,1220,1002,1140
2008-11-28,5758,1135,1160,1185,1015,1135
2008-12-01,1713,1115,1190,1200,1041,1115
2008-12-02,388,1135,1185,1190,1037,1135
2008-12-03,1073,1125,1145,1195,1002,1185
2008-12-04,13384,1145,1155,1230,1011,1145
2008-12-05,651,1120,1175,1295,1028,1295
2008-12-08,3282,1140,1185,1230,1037,1230
2008-12-09,4695,1160,1185,1220,1037,1220
2008-12-10,5217,1190,1270,1300,1111,1220
2008-12-11,5153,1220,1240,1280,1085,1270
2008-12-12,2137,1240,1245,1300,1089,1300
2008-12-15,1229,1250,1305,1355,1142,1355
2008-12-16,13978,1250,1250,1375,1094,1305
2008-12-17,4035,1275,1295,1325,1133,1325
2008-12-18,6400,1300,1360,1460,1190,1315
2008-12-19,5555,1370,1445,1450,1265,1420
2008-12-22,4979,1355,1450,1490,1269,1450
2008-12-23,173,1360,1455,1455,1273,1420
2008-12-24,18,1450,1470,1470,1286,1455
2008-12-26,1306,1410,1410,1500,1234,1500
2008-12-29,1018,1290,1290,1445,1170,1445
2008-12-30,11770,1300,1320,1480,1198,1460
2009-01-02,7365,1300,1350,1470,1225,1470
2009-01-05,4489,1315,1345,1360,1220,1360
2009-01-06,5875,1300,1320,1345,1198,1345
2009-01-07,4122,1315,1325,1355,1202,1355
2009-01-08,1971,1250,1325,1325,1202,1310
2009-01-09,5595,1305,1345,1370,1220,1325
2009-01-12,2401,1305,1305,1345,1184,1345
2009-01-13,12487,1300,1360,1440,1234,1300
2009-01-14,7930,1360,1420,1470,1288,1360
2009-01-15,2219,1400,1400,1490,1270,1400
2009-01-16,612,1335,1420,1490,1288,1490
2009-01-19,3749,1365,1405,1405,1275,1365
2009-01-20,850,1305,1445,1465,1311,1305
2009-01-21,57,1340,1420,1420,1288,1340
2009-01-22,2569,1335,1425,1450,1293,1450
2009-01-23,2632,1335,1375,1475,1248,1475
2009-01-28,6862,1355,1375,1450,1248,1375
2009-01-29,5805,1300,1355,1380,1229,1380
2009-01-30,18317,1330,1370,1410,1243,1350
2009-02-02,11294,1365,1390,1445,1261,1385
2009-02-03,1396,1390,1395,1465,1266,1410
2009-02-04,153090,1400,1515,1600,1375,1400
2009-02-05,56353,1450,1520,1580,1379,1580
2009-02-06,10555,1500,1535,1560,1393,1560
2009-02-09,8083,1505,1540,1590,1397,1585
2009-02-10,5525,1520,1545,1550,1402,1540
2009-02-11,385,1495,1540,1545,1397,1530
2009-02-12,5131,1540,1570,1590,1425,1550
2009-02-13,3144,1550,1570,1570,1425,1570
2009-02-16,13040,1570,1610,1610,1461,1600
2009-02-17,1428,1560,1590,1680,1443,1680
2009-02-18,8177,1430,1570,1585,1425,1430
2009-02-19,184,1480,1565,1585,1420,1585
2009-02-20,50,1455,1495,1590,1356,1590
2009-02-23,14434,1480,1530,1560,1388,1480
2009-02-24,426,1495,1520,1520,1379,1495
2009-02-25,3,1500,1560,1570,1415,1570
2009-02-26,8166,1425,1455,1590,1320,1590
2009-02-27,4445,1360,1390,1480,1261,1480
2009-03-02,3261,1280,1415,1465,1284,1400
2009-03-03,44,1390,1390,1395,1261,1390
2009-03-04,18204,1255,1345,1410,1220,1410
2009-03-05,16884,1300,1300,1365,1179,1300
2009-03-06,7123,1270,1325,1335,1202,1300
2009-03-09,2312,1310,1330,1345,1207,1345
2009-03-10,700,1280,1330,1335,1207,1335
2009-03-11,10090,1330,1420,1500,1288,1330
2009-03-12,13897,1360,1440,1440,1307,1420
2009-03-13,10833,1440,1465,1510,1329,1445
2009-03-16,1911,1425,1480,1495,1343,1425
2009-03-17,562,1430,1475,1495,1338,1470
2009-03-18,4889,1440,1530,1580,1388,1475
2009-03-19,3929,1455,1475,1530,1338,1500
2009-03-20,5421,1435,1485,1540,1347,1540
2009-03-23,1,1580,1580,1580,1434,1580
2009-03-24,4295,1485,1490,1570,1352,1515
2009-03-25,4662,1450,1500,1540,1361,1540
2009-03-26,11215,1465,1515,1545,1375,1465
2009-03-27,14567,1480,1495,1600,1356,1530
2009-03-30,6496,1450,1485,1500,1347,1500
2009-03-31,116,1465,1490,1495,1352,1495
2009-04-01,10703,1470,1500,1510,1361,1490
2009-04-02,23802,1500,1530,1540,1388,1540
2009-04-03,23251,1550,1550,1670,1406,1550
2009-04-06,2035,1585,1630,1685,1479,1685
2009-04-07,8818,1565,1630,1685,1479,1685
2009-04-08,2753,1570,1610,1665,1461,1665
2009-04-09,18973,1550,1680,1695,1524,1570
2009-04-10,12250,1670,1690,1865,1533,1865
2009-04-13,19091,1690,1760,1785,1597,1690
2009-04-14,12763,1755,1870,1875,1697,1810
2009-04-15,11593,1805,1845,1895,1674,1870
2009-04-16,8542,1760,1795,1875,1629,1790
2009-04-17,4307,1680,1680,1840,1524,1840
2009-04-20,3522,1640,1655,1845,1502,1640
2009-04-21,6666,1645,1685,1695,1529,1645
2009-04-22,1833,1690,1740,1780,1579,1700
2009-04-23,5189,1650,1710,1775,1552,1775
2009-04-24,5611,1650,1685,1715,1529,1710
2009-04-27,14338,1650,1690,1735,1533,1700
2009-04-28,428,1655,1700,1775,1543,1775
2009-04-29,14,1695,1700,1780,1543,1780
2009-04-30,5064,1690,1725,1840,1565,1695
2009-05-04,3015,1710,1750,1800,1588,1800
2009-05-06,3850,1710,1710,1815,1552,1815
2009-05-07,5400,1690,1690,1750,1533,1750
2009-05-08,11130,1660,1700,1735,1543,1660
2009-05-11,2166,1665,1715,1730,1556,1730
2009-05-12,649,1650,1665,1745,1511,1740
2009-05-13,3525,1670,1720,1740,1561,1670
2009-05-14,20422,1660,1800,1865,1633,1660
2009-05-15,9351,1760,1765,1890,1601,1890
2009-05-18,2487,1740,1800,1845,1633,1845
2009-05-19,49512,1710,1835,1890,1665,1800
2009-05-20,30193,1705,1860,1955,1688,1750
2009-05-21,25595,1860,1880,1900,1706,1860
2009-05-22,3936,1860,1890,1890,1715,1880
2009-05-25,127430,1870,2170,2170,1969,1870
2009-05-26,214904,2105,2175,2460,1974,2355
2009-05-27,77797,2085,2280,2495,2069,2190
2009-05-28,31706,2095,2200,2385,1996,2230
2009-05-29,42623,1935,1955,2250,1774,2250
2009-06-01,68691,1945,2065,2245,1874,2040
2009-06-02,36556,1920,1960,2100,1778,2100
2009-06-03,11136,1895,1900,1960,1724,1960
2009-06-04,12185,1885,1915,1930,1738,1900
2009-06-05,18974,1775,1820,1970,1651,1970
2009-06-08,50865,1740,1810,1855,1642,1855
2009-06-09,9479,1780,1785,1835,1620,1830
2009-06-10,222335,1800,1865,2050,1692,1835
2009-06-11,16884,1830,1860,1910,1688,1840
2009-06-12,186551,1920,1950,2135,1769,1920
2009-06-15,27212,1905,1970,2015,1788,2000
2009-06-16,14834,1900,1920,1975,1742,1900
2009-06-17,11174,1870,1920,1930,1742,1920
2009-06-18,35404,1865,1920,1950,1742,1950
2009-06-19,9431,1870,1875,1955,1701,1920
2009-06-22,9004,1850,1890,1995,1715,1850
2009-06-23,9905,1840,1850,1920,1679,1850
2009-06-24,6589,1815,1815,1890,1647,1850
2009-06-25,155164,1815,2085,2085,1892,1815
2009-06-26,217308,1890,1910,2170,1733,2120
2009-06-29,81951,1705,1705,1965,1547,1875
2009-06-30,33727,1665,1665,1795,1511,1725
2009-07-01,17802,1665,1710,1745,1552,1695
2009-07-02,172315,1695,1965,1965,1783,1695
2009-07-03,251602,1810,1810,2095,1642,1975
2009-07-06,29314,1780,1830,1845,1660,1845
2009-07-07,24423,1805,1830,1850,1660,1820
2009-07-08,11563,1760,1820,1835,1651,1835
2009-07-09,4997,1820,1825,1850,1656,1845
2009-07-10,24510,1780,1840,1885,1670,1810
2009-07-13,4209,1790,1790,1895,1624,1895
2009-07-14,4104,1720,1800,1835,1633,1810
2009-07-15,36580,1740,1775,1800,1611,1750
2009-07-16,2930,1745,1780,1810,1615,1805
2009-07-17,7271,1725,1770,1790,1606,1790
2009-07-20,30975,1720,1770,1790,1606,1790
2009-07-21,7570,1760,1780,1785,1615,1770
2009-07-22,8381,1765,1790,1805,1624,1790
2009-07-23,15081,1790,1825,1845,1656,1820
2009-07-24,9098,1815,1835,1875,1665,1850
2009-07-27,6574,1785,1810,1855,1642,1850
2009-07-28,28347,1790,1815,1850,1647,1850
2009-07-29,212062,1790,2085,2085,1892,1820
2009-07-30,356359,1905,1905,2165,1729,2105
2009-07-31,75390,1825,1850,1990,1679,1945
2009-08-03,23033,1815,1840,1895,1670,1870
2009-08-04,30787,1830,1920,1985,1742,1850
2009-08-05,16413,1845,1890,1955,1715,1955
2009-08-06,7629,1860,1910,1920,1733,1910
2009-08-07,18449,1850,1905,1940,1729,1910
2009-08-10,6212,1890,1930,1945,1751,1945
2009-08-11,32064,1890,1960,1960,1778,1905
2009-08-12,14981,1905,1955,1975,1774,1960
2009-08-13,5711,1950,1950,2030,1769,1960
2009-08-14,15271,1920,1955,1975,1774,1960
2009-08-17,10733,1900,1900,1955,1724,1920
2009-08-18,6357,1875,1900,1970,1724,1905
2009-08-19,13319,1900,1970,2175,1788,1935
2009-08-20,19783,1920,1990,2055,1806,2055
2009-08-21,14296,1935,1950,2065,1769,1990
2009-08-24,9803,1900,1985,2000,1801,1965
2009-08-25,8188,1925,1985,2005,1801,1925
2009-08-26,9862,1900,1930,2025,1751,1985
2009-08-27,9753,1920,1935,1970,1756,1970
2009-08-28,239324,1935,2225,2225,2019,1935
2009-08-31,225806,1940,1940,2140,1760,2110
2009-09-01,44425,1900,1940,1955,1760,1940
2009-09-02,31868,1890,1935,1950,1756,1935
2009-09-03,24873,1905,1905,1950,1729,1935
2009-09-04,10294,1875,1920,1920,1742,1880
2009-09-07,5452,1900,1905,1940,1729,1920
2009-09-08,17746,1865,1870,1940,1697,1890
2009-09-09,23905,1875,1970,1975,1788,1875
2009-09-10,23534,1910,1970,1990,1788,1990
2009-09-11,15152,1955,1985,1990,1801,1980
2009-09-14,1912,1920,1975,1995,1792,1995
2009-09-15,6012,1935,1970,1985,1788,1985
2009-09-16,6829,1935,1985,1985,1801,1980
2009-09-17,125198,1985,2030,2275,1842,1985
2009-09-18,35237,1955,1985,2090,1801,2030
2009-09-21,10476,1930,1960,2010,1778,2000
2009-09-22,3658,1945,1985,1985,1801,1985
2009-09-23,16604,1970,2020,2095,1833,1985
2009-09-24,28295,2020,2190,2220,1987,2075
2009-09-25,19540,2065,2110,2205,1915,2170
2009-09-28,46040,2020,2120,2200,1924,2120
2009-09-29,46510,2130,2225,2315,2019,2150
2009-09-30,52419,2135,2225,2315,2019,2230
2009-10-01,17494,2140,2245,2295,2037,2220
2009-10-05,23310,1965,1965,2270,1783,2270
2009-10-06,15696,1900,1965,2080,1783,2030
2009-10-07,31298,1865,1920,2020,1742,1965
2009-10-08,9933,1900,1910,1945,1733,1940
2009-10-09,2621,1900,1935,1935,1756,1920
2009-10-12,7112,1910,1945,1975,1765,1960
2009-10-13,11397,1950,1990,2010,1806,1980
2009-10-14,4156,1950,1990,2000,1806,2000
2009-10-15,12346,1910,1960,1990,1778,1990
2009-10-16,8662,1895,1895,1960,1719,1960
2009-10-19,11866,1855,1910,1920,1733,1895
2009-10-20,24700,1830,1870,1935,1697,1905
2009-10-21,15233,1845,1880,1885,1706,1860
2009-10-22,9079,1845,1870,1885,1697,1845
2009-10-23,3550,1860,1900,1915,1724,1915
2009-10-26,123,1885,1935,1945,1756,1945
2009-10-27,4893,1900,1950,2000,1769,1900
2009-10-28,2330,1870,1910,1960,1733,1950
2009-10-29,32259,1670,1925,1980,1747,1825
2009-10-30,1172,1880,1910,1925,1733,1925
2009-11-02,2637,1805,1835,1900,1665,1880
2009-11-03,16689,1825,1940,2090,1760,1850
2009-11-04,7063,1880,1945,1995,1765,1990
2009-11-05,5457,1880,1900,1945,1724,1945
2009-11-06,3938,1870,1900,1935,1724,1870
2009-11-09,11808,1875,1875,1910,1701,1900
2009-11-10,570,1900,1940,1950,1760,1900
2009-11-11,5375,1855,1910,1960,1733,1960
2009-11-12,740,1865,1920,1920,1742,1920
2009-11-13,605,1910,1910,1920,1733,1920
2009-11-16,382,1860,1915,1950,1738,1950
2009-11-17,4476,1870,1915,1945,1738,1900
2009-11-18,5485,1880,1940,1960,1760,1955
2009-11-19,4517,1880,1925,1945,1747,1900
2009-11-20,15997,1895,1980,1990,1797,1920
2009-11-23,4959,1970,1990,2060,1806,2020
2009-11-24,792,1950,1990,2030,1806,2020
2009-11-25,4754,1945,2000,2040,1815,2020
2009-11-26,1707,1955,1980,2020,1797,2020
2009-11-27,12872,1860,1950,1990,1769,1940
2009-11-30,1667,1840,1840,1980,1670,1970
2009-12-01,1982,1900,1930,1980,1751,1920
2009-12-02,3010,1900,1920,1960,1742,1950
2009-12-03,425,1870,1925,1945,1747,1945
2009-12-04,7201,1870,1920,1930,1742,1925
2009-12-07,13722,1870,1970,1970,1788,1870
2009-12-08,987,1905,1960,1980,1778,1980
2009-12-09,2888,1905,1915,1930,1738,1930
2009-12-10,5688,1875,1920,1920,1742,1900
2009-12-11,4200,1900,1905,1920,1729,1920
2009-12-14,7257,1895,1905,1940,1729,1940
2009-12-15,2584,1885,1910,1940,1733,1930
2009-12-16,14379,1880,1950,1950,1769,1890
2009-12-17,14191,1900,1950,1955,1769,1900
2009-12-18,11543,1920,1980,2145,1797,1960
2009-12-21,6087,1965,2015,2050,1828,1980
2009-12-22,3286,1980,2010,2025,1824,1980
2009-12-23,17033,1935,1955,2020,1774,2010
2009-12-24,9162,1920,1945,1995,1765,1965
2009-12-28,402783,1835,2235,2235,2028,1835
2009-12-29,1502893,2270,2570,2570,2386,2270
2009-12-30,1513134,2185,2185,2505,2028,2330
2010-01-04,577470,1995,2045,2085,1898,2070
2010-01-05,360938,1990,2000,2130,1856,2070
2010-01-06,174462,2010,2035,2085,1889,2010
2010-01-07,99499,1995,2000,2080,1856,2050
2010-01-08,59259,2015,2050,2070,1903,2050
2010-01-11,451177,2055,2300,2355,2135,2055
2010-01-12,157938,2005,2110,2280,1958,2250
2010-01-13,94039,2060,2100,2155,1949,2120
2010-01-14,159699,2080,2230,2370,2070,2100
2010-01-15,208406,2205,2430,2500,2256,2230
2010-01-18,238748,2500,2630,2730,2441,2520
2010-01-19,231456,2240,2490,2750,2311,2690
2010-01-20,170369,2265,2460,2615,2283,2500
2010-01-21,95604,2325,2385,2455,2214,2390
2010-01-22,93024,2305,2390,2525,2218,2340
2010-01-25,89239,2270,2270,2420,2107,2385
2010-01-26,63628,2125,2135,2330,1982,2280
2010-01-27,65387,2030,2150,2190,1996,2130
2010-01-28,49671,2070,2130,2175,1977,2175
2010-01-29,92503,1930,1945,2140,1805,2140
2010-02-01,35604,1900,1980,2000,1838,1940
2010-02-02,22857,1960,2000,2030,1856,2030
2010-02-03,31433,2015,2035,2080,1889,2075
2010-02-04,19913,2020,2025,2060,1880,2045
2010-02-05,24103,1935,1950,2000,1810,2000
2010-02-08,25500,1915,1970,2020,1828,1980
2010-02-09,11376,1910,1955,1970,1815,1915
2010-02-10,23229,1920,1960,1995,1819,1995
2010-02-11,14474,1960,1970,2000,1828,1960
2010-02-12,7268,1975,2010,2015,1866,1990
2010-02-16,31175,1960,2000,2030,1856,2030
2010-02-17,25842,1950,1990,2030,1847,2000
2010-02-18,31221,1945,1970,1990,1828,1990
2010-02-19,33780,1915,1945,1975,1805,1955
2010-02-22,17168,1945,1965,1990,1824,1945
2010-02-23,16970,1950,2000,2000,1856,1975
2010-02-24,8135,1960,1990,2020,1847,1975
2010-02-25,27428,1920,1920,1990,1782,1980
2010-02-26,22109,1890,1925,1935,1787,1935
2010-03-02,19480,1920,1920,1950,1782,1945
2010-03-03,21711,1900,1925,1945,1787,1945
2010-03-04,19154,1900,1920,1930,1782,1930
2010-03-05,19038,1905,1950,1955,1810,1935
2010-03-08,29824,1910,1950,1975,1810,1955
2010-03-09,20803,1940,1960,1995,1819,1940
2010-03-10,55332,1930,1965,1995,1824,1995
2010-03-11,32161,1950,1975,1995,1833,1970
2010-03-12,87533,1950,2020,2100,1875,1985
2010-03-15,149993,2020,2165,2230,2010,2020
2010-03-16,39175,2120,2170,2200,2014,2160
2010-03-17,66655,2150,2190,2270,2033,2180
2010-03-18,32737,2060,2060,2200,1912,2150
2010-03-19,10010,2040,2085,2095,1935,2095
2010-03-22,215261,2085,2290,2370,2126,2135
2010-03-23,88579,2170,2320,2340,2153,2290
2010-03-24,103022,2235,2295,2390,2130,2360
2010-03-25,38769,2125,2180,2295,2023,2295
2010-03-26,63862,2080,2150,2200,1996,2175
2010-03-29,13903,2085,2110,2150,1958,2150
2010-03-30,24484,2100,2175,2175,2019,2110
2010-03-31,13076,2115,2180,2245,2023,2165
2010-04-01,33977,2100,2100,2185,1949,2180
2010-04-02,47995,2040,2075,2145,1926,2110
2010-04-05,82991,1930,1970,2060,1828,2060
2010-04-06,27370,1960,2000,2010,1856,1970
2010-04-07,14886,2000,2080,2080,1931,2035
2010-04-08,17910,2040,2090,2110,1940,2090
2010-04-09,12778,2080,2120,2155,1968,2090
2010-04-12,12380,2025,2100,2120,1949,2100
2010-04-13,17747,2020,2055,2120,1907,2050
2010-04-14,15695,2030,2055,2070,1907,2055
2010-04-15,26459,2005,2040,2085,1893,2070
2010-04-16,29572,1985,2030,2045,1884,2045
2010-04-19,29665,1990,2000,2030,1856,1990
2010-04-20,275166,2025,2300,2300,2135,2025
2010-04-21,489519,2150,2150,2530,1996,2500
2010-04-22,101701,2140,2160,2260,2005,2190
2010-04-23,182652,2165,2185,2380,2028,2165
2010-04-26,68846,2200,2220,2340,2061,2200
2010-04-27,46964,2225,2295,2300,2130,2235
2010-04-28,46092,2160,2200,2280,2042,2280
2010-04-29,50815,2155,2175,2230,2019,2195
2010-04-30,36957,2180,2255,2345,2093,2180
2010-05-03,72859,2255,2260,2400,2098,2270
2010-05-04,84546,2190,2280,2340,2116,2340
2010-05-06,54933,2175,2230,2245,2070,2245
2010-05-07,50265,2020,2130,2190,1977,2180
2010-05-10,40001,2130,2220,2270,2061,2180
2010-05-11,39570,2185,2250,2280,2088,2280
2010-05-12,20821,2190,2195,2245,2037,2245
2010-05-13,27572,2205,2250,2280,2088,2210
2010-05-14,87454,2245,2340,2390,2172,2250
2010-05-17,78912,2255,2260,2485,2098,2320
2010-05-18,44946,2170,2195,2360,2037,2340
2010-05-19,21769,2120,2180,2195,2023,2195
2010-05-20,38849,2020,2080,2185,1931,2155
2010-05-24,27844,2000,2070,2145,1921,2145
2010-05-25,93893,1845,2000,2075,1856,2070
2010-05-26,8176,1955,2030,2040,1884,1955
2010-05-27,20581,1910,2040,2080,1893,1910
2010-05-28,14299,2040,2100,2130,1949,2130
2010-05-31,10825,2035,2185,2185,2028,2120
2010-06-01,211744,2185,2450,2480,2274,2185
2010-06-03,942861,2500,2815,2815,2613,2630
2010-06-04,478401,2635,2705,2800,2511,2785
2010-06-07,233829,2450,2600,2645,2413,2600
2010-06-08,451247,2510,2655,2955,2464,2550
2010-06-09,157195,2500,2505,2700,2325,2700
2010-06-10,149773,2480,2500,2700,2321,2605
2010-06-11,122392,2460,2515,2570,2334,2540
2010-06-14,228280,2465,2725,2800,2529,2520
2010-06-15,151685,2570,2600,2800,2413,2750
2010-06-16,107357,2470,2525,2630,2344,2615
2010-06-17,70789,2505,2540,2670,2358,2520
2010-06-18,54030,2515,2515,2620,2334,2600
2010-06-21,232413,2615,2890,2890,2683,2615
2010-06-22,1200203,2905,2985,3290,2771,3090
2010-06-23,434072,2950,3090,3165,2868,3050
2010-06-24,162338,2970,3100,3100,2878,3055
2010-06-25,1046015,3040,3565,3565,3309,3040
2010-06-28,1024110,3440,3645,3960,3384,3695
2010-06-29,755306,3485,3485,3910,3235,3715
2010-06-30,503325,3175,3205,3405,2975,3360
2010-07-01,445840,3000,3190,3340,2961,3285
2010-07-02,536124,2905,2935,3345,2724,3140
2010-07-05,169329,2930,2955,3045,2743,3000
2010-07-06,277956,2700,2840,2990,2636,2960
2010-07-07,164726,2755,2940,2985,2729,2810
2010-07-08,517802,2955,3025,3240,2808,2980
2010-07-09,121778,2915,2915,3080,2706,3080
2010-07-12,74833,2825,2880,2985,2673,2915
2010-07-13,244453,2900,2965,3175,2752,2950
2010-07-14,117121,2975,2975,3150,2762,3080
2010-07-15,78784,2850,2905,3045,2697,2995
2010-07-16,165503,2705,2710,2965,2516,2915
2010-07-19,74175,2625,2745,2805,2548,2710
2010-07-20,49083,2700,2800,2800,2599,2745
2010-07-21,73334,2695,2705,2835,2511,2800
2010-07-22,91832,2610,2630,2800,2441,2670
2010-07-23,45696,2575,2640,2730,2451,2730
2010-07-26,24258,2560,2615,2715,2427,2715
2010-07-27,29848,2620,2700,2710,2506,2620
2010-07-28,22323,2670,2710,2800,2516,2790
2010-07-29,227506,2700,2880,2945,2673,2710
2010-07-30,52868,2770,2880,2900,2673,2810
2010-08-02,69506,2810,2865,2940,2659,2900
2010-08-03,54369,2835,2890,2935,2683,2935
2010-08-04,72329,2830,2935,2995,2724,2885
2010-08-05,30944,2850,2855,2980,2650,2935
2010-08-06,23389,2795,2860,2890,2655,2890
2010-08-09,13450,2835,2890,2945,2683,2890
2010-08-10,38760,2800,2820,2990,2618,2990
2010-08-11,12766,2735,2750,2875,2553,2805
2010-08-12,88335,2575,2615,2830,2427,2830
2010-08-13,21612,2585,2700,2780,2506,2600
2010-08-16,45104,2580,2740,2775,2543,2695
2010-08-17,36678,2600,2620,2775,2432,2775
2010-08-18,59995,2595,2680,2680,2488,2620
2010-08-19,48748,2560,2670,2735,2478,2690
2010-08-20,83509,2525,2580,2665,2395,2665
2010-08-23,107732,2460,2475,2595,2297,2580
2010-08-24,41522,2475,2500,2570,2321,2510
2010-08-25,44099,2395,2400,2470,2228,2450
2010-08-26,21772,2370,2435,2480,2260,2385
2010-08-27,11804,2400,2435,2475,2260,2475
2010-08-30,19890,2395,2450,2500,2274,2435
2010-08-31,25062,2380,2430,2475,2256,2475
2010-09-01,15094,2395,2445,2480,2269,2430
2010-09-02,17007,2440,2490,2520,2311,2490
2010-09-03,18586,2470,2540,2550,2358,2500
2010-09-06,16980,2505,2530,2680,2348,2680
2010-09-07,31316,2455,2455,2530,2279,2530
2010-09-08,25889,2400,2445,2470,2269,2440
2010-09-09,18663,2445,2530,2550,2348,2460
2010-09-10,40681,2465,2465,2580,2288,2540
2010-09-13,30246,2435,2445,2515,2269,2480
2010-09-14,87371,2430,2450,2550,2274,2495
2010-09-15,24390,2420,2450,2500,2274,2450
2010-09-16,48903,2385,2410,2495,2237,2450
2010-09-17,53520,2355,2375,2445,2204,2445
2010-09-20,35394,2300,2330,2375,2163,2375
2010-09-24,22469,2325,2400,2400,2228,2350
2010-09-27,21282,2370,2450,2495,2274,2405
2010-09-28,25432,2385,2385,2450,2214,2450
2010-09-29,24662,2370,2440,2445,2265,2445
2010-09-30,22838,2405,2445,2460,2269,2460
2010-10-01,23570,2405,2425,2460,2251,2460
2010-10-04,23441,2405,2430,2445,2256,2445
2010-10-05,13246,2385,2410,2440,2237,2440
2010-10-06,22284,2400,2425,2445,2251,2430
2010-10-07,53343,2425,2485,2530,2307,2455
2010-10-08,20929,2470,2500,2515,2321,2500
2010-10-11,31744,2470,2500,2575,2321,2515
2010-10-12,42714,2480,2515,2550,2334,2550
2010-10-13,18193,2460,2475,2520,2297,2520
2010-10-14,20708,2475,2480,2510,2302,2490
2010-10-15,32280,2455,2480,2515,2302,2515
2010-10-18,33055,2420,2485,2500,2307,2500
2010-10-19,27350,2475,2520,2525,2339,2500
2010-10-20,524911,2490,2895,2895,2687,2525
2010-10-21,504730,2860,2970,3100,2757,2940
2010-10-22,332134,2750,2810,3030,2608,3030
2010-10-25,194246,2760,2810,2870,2608,2825
2010-10-26,491258,2825,2900,3135,2692,2840
2010-10-27,223292,2720,2795,3020,2594,2925
2010-10-28,166291,2765,2955,2990,2743,2790
2010-10-29,103968,3395,3395,3395,3151,3395
2010-11-01,1928062,3510,3540,3900,3286,3900
2010-11-02,577305,3270,3380,3540,3138,3450
2010-11-03,543639,3145,3320,3480,3082,3450
2010-11-04,305257,3195,3410,3410,3165,3265
2010-11-05,310806,3300,3300,3500,3063,3495
2010-11-08,199417,3170,3285,3295,3049,3250
2010-11-09,423701,3235,3400,3520,3156,3285
2010-11-10,96225,3310,3380,3455,3138,3375
2010-11-11,256741,3240,3550,3570,3295,3415
2010-11-12,328438,3180,3300,3835,3063,3655
2010-11-15,47122,3235,3325,3385,3086,3320
2010-11-16,105818,3230,3390,3390,3147,3325
2010-11-17,459530,3065,3090,3400,2868,3390
2010-11-18,127813,3020,3100,3165,2878,3120
2010-11-19,112370,2955,3075,3140,2854,3075
2010-11-22,710209,3170,3300,3535,3063,3200
2010-11-23,146070,3175,3285,3300,3049,3285
2010-11-24,53874,2985,3185,3195,2957,3040
2010-11-25,60489,3160,3230,3290,2998,3160
2010-11-26,23538,3115,3120,3240,2896,3200
2010-11-29,44916,3040,3160,3190,2933,3100
2010-11-30,63654,3080,3315,3315,3077,3160
2010-12-01,58554,3340,3400,3455,3156,3390
2010-12-02,66533,3360,3485,3500,3235,3380
2010-12-03,20807,3370,3445,3485,3198,3400
2010-12-06,27948,3305,3420,3420,3175,3330
2010-12-07,31388,3330,3380,3435,3138,3370
2010-12-08,46002,3335,3505,3505,3254,3345
2010-12-09,120624,3330,3370,3540,3128,3485
2010-12-10,194217,3300,3875,3875,3597,3380
2010-12-13,1395810,3300,3300,4190,3063,4000
2010-12-14,263660,3135,3160,3390,2933,3345
2010-12-15,170898,3040,3105,3185,2882,3160
2010-12-16,107658,3020,3020,3125,2803,3090
2010-12-17,64246,3035,3125,3140,2901,3090
2010-12-20,110213,2890,2900,3120,2692,2905
2010-12-21,45439,2925,2965,3055,2752,2955
2010-12-22,62967,2925,2925,3040,2715,2970
2010-12-23,34423,2850,2870,2990,2664,2950
2010-12-24,33270,2850,2905,2940,2697,2865
2010-12-27,17915,2900,2935,2945,2724,2945
2010-12-28,41043,2870,2920,2985,2710,2945
2010-12-29,30814,2890,2900,2980,2763,2980
2010-12-30,44071,2855,2855,2945,2720,2945
2011-01-03,55737,2850,2850,2930,2715,2860
2011-01-04,27412,2855,2920,2925,2782,2860
2011-01-05,26696,2865,2930,2950,2791,2920
2011-01-06,39533,2850,2855,2945,2720,2930
2011-01-07,28992,2860,2885,2935,2749,2900
2011-01-10,44087,2890,2980,3055,2839,2935
2011-01-11,49720,2980,3060,3070,2915,2995
2011-01-12,31546,2980,2980,3090,2839,3065
2011-01-13,46923,2915,3045,3070,2901,3040
2011-01-14,45161,2950,3010,3055,2868,3045
2011-01-17,1214378,3015,3300,3460,3144,3060
2011-01-18,377707,3060,3070,3225,2925,3220
2011-01-19,98503,3005,3105,3125,2958,3110
2011-01-20,60037,3030,3065,3110,2920,3105
2011-01-21,47174,3020,3040,3110,2896,3025
2011-01-24,34390,3010,3055,3090,2911,3060
2011-01-25,47057,3025,3055,3145,2911,3075
2011-01-26,35540,3010,3080,3115,2934,3055
2011-01-27,48606,3000,3045,3110,2901,3110
2011-01-28,55450,2950,2980,3080,2839,3040
2011-01-31,96017,2795,2850,2975,2715,2975
2011-02-01,26869,2860,2950,2990,2811,2895
2011-02-07,29863,2910,2910,3020,2772,2950
2011-02-08,28325,2885,2935,2965,2796,2965
2011-02-09,20978,2915,3000,3000,2858,2965
2011-02-10,152826,3000,3070,3330,2925,3005
2011-02-11,40040,3025,3050,3140,2906,3110
2011-02-14,99307,3050,3055,3250,2911,3060
2011-02-15,669571,3095,3280,3510,3125,3095
2011-02-16,188567,3195,3350,3410,3192,3200
2011-02-17,386331,3325,3500,3660,3335,3325
2011-02-18,162984,3395,3550,3595,3382,3510
2011-02-21,81446,3440,3440,3585,3277,3555
2011-02-22,65006,3280,3400,3420,3239,3420
2011-02-23,71946,3290,3540,3625,3373,3290
2011-02-24,423562,3470,3790,3985,3611,3565
2011-02-25,163249,3725,3940,3990,3754,3790
2011-02-28,135734,3855,4000,4120,3811,3940
2011-03-02,132141,3930,4030,4190,3840,3930
2011-03-03,72516,3815,4150,4160,3954,4030
2011-03-04,45396,4000,4070,4170,3878,4060
2011-03-07,73123,3900,4040,4095,3849,4080
2011-03-08,74132,3970,4160,4200,3964,3970
2011-03-09,94014,4155,4330,4370,4126,4220
2011-03-10,77064,4300,4440,4540,4230,4430
2011-03-11,42321,4250,4370,4485,4164,4350
2011-03-14,92022,4180,4370,4390,4164,4390
2011-03-15,79745,3940,4200,4460,4002,4460
2011-03-16,43861,4050,4200,4350,4002,4300
2011-03-17,30798,4040,4190,4195,3992,4195
2011-03-18,52636,4190,4250,4400,4049,4190
2011-03-21,92374,4255,4710,4795,4488,4255
2011-03-22,24905,4640,4720,4845,4497,4790
2011-03-23,56357,4475,4620,4795,4402,4795
2011-03-24,32723,4505,4630,4695,4411,4620
2011-03-25,30727,4570,4650,4820,4430,4750
2011-03-28,19710,4495,4600,4655,4383,4650
2011-03-29,65515,4250,4400,4650,4192,4645
2011-03-30,143153,4120,4210,4500,4011,4500
2011-03-31,44080,4100,4245,4335,4045,4245
2011-04-01,190478,4310,4405,4555,4197,4310
2011-04-04,170809,4415,4870,4875,4640,4415
2011-04-05,86120,4735,4810,5020,4583,5000
2011-04-06,81185,4750,5010,5070,4773,4980
2011-04-07,39966,5000,5130,5150,4888,5100
2011-04-08,197100,5070,5500,5750,5240,5140
2011-04-11,100764,5000,5350,5740,5097,5740
2011-04-12,30859,5070,5130,5400,4888,5300
2011-04-13,42845,5130,5230,5390,4983,5130
2011-04-14,28801,5150,5500,5550,5240,5230
2011-04-15,60299,5350,5780,5840,5507,5510
2011-04-18,87008,5500,5880,5880,5603,5670
2011-04-19,73976,5610,5700,5880,5431,5750
2011-04-20,168741,5270,5330,5880,5078,5720
2011-04-21,82447,5300,5390,5480,5136,5400
2011-04-22,233505,4960,5090,5540,4850,5410
2011-04-25,91771,4840,4840,5100,4612,5070
2011-04-26,150259,4400,4800,4890,4573,4745
2011-04-27,83363,4840,4970,5180,4735,4900
2011-04-28,35092,4725,4725,5000,4502,5000
2011-04-29,33516,4610,4760,4835,4535,4730
2011-05-02,51453,4700,4890,4930,4659,4760
2011-05-03,36787,4690,4795,4940,4569,4890
2011-05-04,17180,4700,4750,4895,4526,4795
2011-05-06,31336,4550,4610,4750,4392,4700
2011-05-09,45361,4580,4700,4850,4478,4610
2011-05-11,67197,4650,4680,4870,4459,4785
2011-05-12,65458,4680,4830,4850,4602,4680
2011-05-13,590362,4910,4990,5360,4754,4950
2011-05-16,277583,4990,5320,5550,5069,5040
2011-05-17,68664,5180,5300,5490,5050,5470
2011-05-18,53524,5190,5300,5450,5050,5390
2011-05-19,57668,5250,5260,5490,5012,5490
2011-05-20,50417,5220,5230,5360,4983,5260
2011-05-23,65609,5070,5100,5300,4859,5190
2011-05-24,19401,4995,5180,5240,4935,5100
2011-05-25,16666,5090,5090,5240,4850,5200
2011-05-26,29047,5090,5230,5260,4983,5120
2011-05-27,24850,5100,5300,5440,5050,5230
2011-05-30,26336,5310,5320,5470,5069,5310
2011-05-31,45233,5100,5390,5430,5136,5400
2011-06-01,7578,5290,5300,5470,5050,5390
2011-06-02,6660,5120,5120,5300,4878,5290
2011-06-03,12185,5000,5080,5330,4840,5150
2011-06-07,7999,4875,5060,5330,4821,4875
2011-06-08,10663,4950,5000,5250,4764,5180
2011-06-09,5846,4860,4935,5100,4702,5100
2011-06-10,12645,4700,4840,4980,4612,4935
2011-06-13,17968,4615,4770,4840,4545,4705
2011-06-14,13464,4600,4885,4885,4654,4605
2011-06-15,5985,4765,4970,4980,4735,4765
2011-06-16,3566,4715,4875,4970,4645,4970
2011-06-17,1548,4650,4750,4950,4526,4900
2011-06-20,4844,4700,4785,4800,4559,4800
2011-06-21,4791,4655,4880,5000,4650,4655
2011-06-22,7098,4830,4925,5010,4692,5000
2011-06-23,6125,4725,4875,4925,4645,4925
2011-06-24,2577,4800,4890,4970,4659,4875
2011-06-27,16219,4710,4830,4890,4602,4890
2011-06-28,11052,4690,4690,4830,4469,4830
2011-06-29,31520,4655,4680,5120,4459,4690
2011-06-30,38268,4505,4880,4970,4650,4670
2011-07-01,83964,4720,4800,5100,4573,4880
2011-07-04,44538,4685,4700,4890,4478,4750
2011-07-05,20735,4630,4695,4790,4473,4790
2011-07-06,13087,4660,4850,4850,4621,4740
2011-07-07,14739,4755,4800,4895,4573,4850
2011-07-08,37005,4670,4870,4895,4640,4800
2011-07-11,39210,4565,4690,4870,4469,4870
2011-07-12,32315,4530,4700,4755,4478,4690
2011-07-13,10825,4550,4595,4700,4378,4700
2011-07-14,45183,4465,4500,4620,4288,4500
2011-07-15,52536,4345,4580,4635,4364,4500
2011-07-18,30289,4540,4790,4790,4564,4580
2011-07-19,19413,4690,4940,4980,4707,4800
2011-07-20,53698,4700,4925,4995,4692,4995
2011-07-21,30295,4700,4790,4925,4564,4925
2011-07-22,23369,4685,4770,4895,4545,4790
2011-07-25,81790,4545,4595,4770,4378,4770
2011-07-26,63004,4480,4595,4700,4378,4560
2011-07-27,27321,4550,4715,4870,4492,4800
2011-07-28,24727,4575,4715,4900,4492,4575
2011-07-29,23246,4600,4695,4845,4473,4725
2011-08-01,24856,4560,4635,4715,4416,4600
2011-08-02,11931,4530,4670,4730,4450,4730
2011-08-03,5824,4480,4545,4730,4330,4730
2011-08-04,26916,4300,4490,4700,4278,4700
2011-08-05,32164,4055,4150,4485,3954,4485
2011-08-08,21462,3620,3800,4150,3620,4150
2011-08-09,111664,3230,3565,3800,3397,3500
2011-08-10,141909,3320,3540,3795,3373,3700
2011-08-11,31781,3165,3500,3530,3335,3165
2011-08-12,106527,3510,3995,3995,3806,3550
2011-08-16,28961,4025,4095,4340,3902,4100
2011-08-17,56246,4020,4105,4300,3911,4095
2011-08-18,74633,3940,4175,4225,3978,4105
2011-08-19,50186,3805,3830,4095,3649,4000
2011-08-22,20512,3400,3925,3950,3740,3830
2011-08-23,9147,3950,4100,4150,3906,4000
2011-08-24,6077,3900,3900,4120,3716,4100
2011-08-25,14586,3960,3990,4195,3802,4195
2011-08-26,929,3980,4070,4190,3878,3990
2011-08-29,24625,3905,3990,4135,3802,4070
2011-08-30,4623,3935,4080,4145,3887,4100
2011-08-31,26594,3995,4280,4320,4078,4085
2011-09-01,10327,4020,4240,4400,4040,4300
2011-09-02,3942,4055,4150,4240,3954,4240
2011-09-05,1415,3990,4005,4150,3816,4085
2011-09-06,2678,3845,4045,4080,3854,4005
2011-09-07,12053,3920,3940,4145,3754,4045
2011-09-08,1452,3885,3995,4040,3806,3940
2011-09-09,2036,3960,4000,4045,3811,4045
2011-09-14,11601,3805,3940,4100,3754,4010
2011-09-15,5597,3800,3950,4095,3763,3960
2011-09-16,1217,3905,3995,4005,3806,3950
2011-09-19,15,3950,4095,4195,3902,4195
2011-09-20,11227,3815,4040,4040,3849,4025
2011-09-21,8754,3720,4080,4285,3887,4285
2011-09-22,1832,3810,3850,4180,3668,3935
2011-09-23,15796,3490,3600,3720,3430,3720
2011-09-26,27392,3165,3250,3970,3096,3455
2011-09-27,10877,3190,3490,3665,3325,3190
2011-09-28,1267,3330,3495,3855,3330,3470
2011-09-29,5331,3270,3545,3700,3378,3400
2011-09-30,3250,3410,3750,3750,3573,3650
2011-10-04,10397,3380,3585,3795,3416,3795
2011-10-05,7357,3370,3600,3700,3430,3700
2011-10-06,9026,3445,3700,3745,3525,3745
2011-10-07,5646,3575,3875,3995,3692,3995
2011-10-10,3609,3750,3860,4185,3678,4185
2011-10-11,5939,3815,3950,3950,3763,3950
2011-10-12,3960,3720,3760,3945,3582,3945
2011-10-13,4425,3675,3700,3885,3525,3800
2011-10-14,2945,3610,3845,3930,3663,3850
2011-10-17,5025,3710,3880,4090,3697,4090
2011-10-18,532,3715,3845,3880,3663,3880
2011-10-19,7337,3650,3650,3850,3478,3750
2011-10-20,8008,3475,3550,3745,3382,3745
2011-10-21,6377,3425,3450,3600,3287,3550
2011-10-24,206198,3500,3790,3965,3611,3550
2011-10-25,57428,3520,3550,3900,3382,3900
2011-10-26,36850,3460,3650,4035,3478,3510
2011-10-27,14273,3600,3670,3900,3497,3620
2011-10-28,8807,3650,3695,3760,3520,3720
2011-10-31,4343,3615,3630,3700,3459,3700
2011-11-01,3834,3540,3590,3675,3420,3625
2011-11-02,4464,3405,3590,3735,3420,3550
2011-11-03,12829,3390,3390,3595,3230,3595
2011-11-04,43821,3380,3500,3510,3335,3390
2011-11-07,2443,3450,3470,3550,3306,3505
2011-11-08,3072,3435,3480,3555,3316,3500
2011-11-09,11408,3355,3355,3500,3196,3485
2011-11-10,12220,3195,3600,3600,3430,3290
2011-11-11,4805,3460,3630,3690,3459,3605
2011-11-14,4897,3615,3720,3850,3544,3850
2011-11-15,31613,3590,3770,3795,3592,3620
2011-11-16,21362,3615,3640,3860,3468,3775
2011-11-17,1722,3550,3620,3650,3449,3645
2011-11-18,3015,3455,3625,3625,3454,3580
2011-11-21,3830,3500,3525,3750,3358,3630
2011-11-22,4690,3440,3450,3530,3287,3485
2011-11-23,2295,3440,3450,3500,3287,3500
2011-11-24,12612,3450,3580,3670,3411,3670
2011-11-25,13801,3400,3485,3585,3320,3455
2011-11-28,12717,3365,3395,3495,3235,3480
2011-11-29,193143,3145,3200,3460,3049,3395
2011-11-30,23738,3150,3200,3265,3049,3230
2011-12-01,93204,3190,3325,3400,3168,3250
2011-12-02,6240,3240,3325,3375,3168,3375
2011-12-05,11307,3275,3325,3335,3168,3325
2011-12-06,4390,3250,3280,3360,3125,3360
2011-12-07,10068,3265,3310,3315,3154,3315
2011-12-08,10364,3225,3290,3310,3135,3280
2011-12-09,4153,3230,3285,3295,3130,3295
2011-12-12,11937,3260,3285,3325,3130,3325
2011-12-13,11683,3195,3280,3290,3125,3290
2011-12-14,26668,3200,3260,3300,3106,3300
2011-12-15,4698,3150,3235,3300,3082,3260
2011-12-16,14717,3185,3270,3380,3115,3380
2011-12-19,12202,3035,3160,3300,3011,3300
2011-12-20,7567,3090,3220,3220,3068,3090
2011-12-21,15362,3175,3260,3280,3106,3265
2011-12-22,11594,3190,3230,3300,3077,3260
2011-12-23,15929,3200,3245,3285,3092,3285
2011-12-26,32387,3200,3260,3325,3106,3230
2011-12-27,30917,3225,3230,3305,3077,3260
2011-12-28,17081,3170,3200,3270,3097,3270
2011-12-29,4197,3150,3210,3210,3106,3170
2012-01-02,2097,3190,3240,3270,3135,3210
2012-01-03,25769,3180,3230,3250,3126,3250
2012-01-04,26194,3160,3205,3240,3102,3240
2012-01-05,25063,3170,3200,3210,3097,3180
2012-01-06,43583,3180,3260,3370,3155,3200
2012-01-09,22438,3230,3265,3335,3160,3295
2012-01-10,34840,3235,3280,3475,3174,3295
2012-01-11,47434,3200,3245,3355,3140,3355
2012-01-12,42488,3185,3250,3260,3145,3250
2012-01-13,37724,3220,3240,3280,3135,3250
2012-01-16,29860,3205,3210,3265,3106,3250
2012-01-17,53624,3175,3180,3240,3077,3220
2012-01-18,24407,3145,3170,3200,3068,3200
2012-01-19,7995,3155,3180,3195,3077,3195
2012-01-20,18771,3160,3195,3240,3092,3240
2012-01-25,284032,3195,3610,3670,3494,3195
2012-01-26,44452,3430,3545,3670,3431,3600
2012-01-27,49735,3400,3440,3545,3329,3540
2012-01-30,184489,3410,3700,3880,3581,3440
2012-01-31,47009,3600,3700,3770,3581,3770
2012-02-01,62552,3550,3650,3755,3532,3755
2012-02-02,102538,3580,3980,3995,3852,3680
2012-02-03,27063,3830,3845,3995,3721,3995
2012-02-06,14670,3760,3880,3995,3755,3850
2012-02-07,14264,3750,3800,3830,3677,3780
2012-02-08,49918,3610,3685,3830,3566,3825
2012-02-09,28162,3640,3750,3800,3629,3640
2012-02-10,7943,3690,3755,3780,3634,3780
2012-02-13,19342,3670,3845,3860,3721,3800
2012-02-14,62240,3790,3880,3930,3755,3840
2012-02-15,26223,3755,3790,3870,3668,3790
2012-02-16,7467,3735,3735,3790,3615,3790
2012-02-17,29249,3655,3700,3785,3581,3775
2012-02-20,8956,3700,3700,3785,3581,3710
2012-02-21,23441,3680,3810,3900,3687,3725
2012-02-22,348223,3840,4005,4380,3876,3895
2012-02-23,369398,3710,3800,4055,3677,4000
2012-02-24,102768,3770,3810,3990,3687,3895
2012-02-27,934419,3830,4380,4380,4239,3895
2012-02-28,748489,4030,4230,4320,4094,4300
2012-02-29,553488,4065,4185,4185,4050,4100
2012-03-02,379968,4150,4240,4350,4103,4185
2012-03-05,169499,4015,4100,4285,3968,4285
2012-03-06,79446,3920,4000,4150,3871,4150
2012-03-07,96813,3800,3900,3980,3774,3900
2012-03-08,92272,3840,3970,4040,3842,3945
2012-03-09,38108,3920,3970,4055,3842,3970
2012-03-12,79481,3830,3830,4000,3706,4000
2012-03-13,51185,3790,3795,3865,3673,3830
2012-03-14,98224,3700,3830,3890,3706,3855
2012-03-15,41401,3750,3815,3870,3692,3850
2012-03-16,56513,3780,3790,3850,3668,3850
2012-03-19,95435,3830,3950,3970,3823,3850
2012-03-20,68293,3840,3880,3990,3755,3990
2012-03-21,31156,3835,3910,3945,3784,3905
2012-03-22,109428,3845,3910,4115,3784,3845
2012-03-23,367832,4010,4100,4235,3968,4010
2012-03-26,139002,4080,4125,4280,3992,4180
2012-03-27,143784,4030,4230,4230,4094,4125
2012-03-28,256502,4145,4280,4470,4142,4255
2012-03-29,86458,3995,4120,4280,3987,4280
2012-03-30,69436,4060,4230,4330,4094,4120
2012-04-02,49232,4150,4300,4300,4161,4300
2012-04-03,86276,4245,4310,4345,4171,4310
2012-04-04,49234,4185,4275,4350,4137,4310
2012-04-05,34375,4110,4180,4285,4045,4275
2012-04-06,39370,4120,4130,4210,3997,4150
2012-04-09,69721,3995,4000,4295,3871,4150
2012-04-10,69022,3905,4050,4145,3919,4030
2012-04-12,11862,3915,4110,4145,3977,4050
2012-04-13,40620,4050,4230,4265,4094,4135
2012-04-16,9772,4200,4230,4300,4094,4210
2012-04-17,21519,4175,4220,4345,4084,4280
2012-04-18,39020,4150,4170,4330,4036,4270
2012-04-19,23023,4060,4150,4200,4016,4200
2012-04-20,53015,3970,4065,4150,3934,4150
2012-04-23,12007,4065,4130,4195,3997,4195
2012-04-24,14511,3980,3980,4100,3852,4100
2012-04-25,10158,3900,4000,4100,3871,4100
2012-04-26,21102,3820,3900,4100,3774,4100
2012-04-27,14572,3890,3890,3990,3765,3900
2012-04-30,47851,3735,3800,3930,3677,3830
2012-05-02,37337,3800,3905,3945,3779,3800
2012-05-03,30589,3785,3870,4085,3745,3920
2012-05-04,14994,3835,3885,3905,3760,3860
2012-05-07,6574,3795,3870,3890,3745,3795
2012-05-08,24745,3775,3810,3880,3687,3880
2012-05-09,57310,3675,3800,3820,3677,3815
2012-05-10,40654,3730,3815,3950,3692,3800
2012-05-11,51131,3700,3795,3890,3673,3885
2012-05-14,16878,3690,3710,3795,3590,3795
2012-05-15,42178,3605,3635,3750,3518,3710
2012-05-16,31962,3585,3650,3745,3532,3640
2012-05-17,60998,3535,3650,3695,3532,3650
2012-05-18,157748,3540,3600,3700,3484,3640
2012-05-21,107746,3350,3470,3750,3358,3750
2012-05-22,39408,3390,3460,3650,3348,3520
2012-05-23,3322,3400,3455,3500,3344,3495
2012-05-24,4841,3390,3430,3520,3319,3450
2012-05-25,45578,3340,3340,3650,3232,3550
2012-05-29,12530,3320,3370,3405,3261,3340
2012-05-30,14243,3315,3370,3375,3261,3375
2012-05-31,59824,3230,3510,3550,3397,3305
2012-06-01,18296,3380,3435,3550,3324,3550
2012-06-04,19827,3120,3150,3355,3048,3355
2012-06-05,30099,3140,3390,3440,3281,3300
2012-06-07,42584,3390,3500,3515,3387,3390
2012-06-08,4042,3405,3405,3595,3295,3520
2012-06-11,4179,3350,3425,3450,3314,3425
2012-06-12,10166,3320,3380,3490,3271,3320
2012-06-13,78774,3300,3505,3700,3392,3430
2012-06-14,129281,3500,3610,3995,3494,3505
2012-06-15,46287,3495,3495,3690,3382,3625
2012-06-18,10097,3470,3515,3600,3402,3540
2012-06-19,104353,3340,3420,3600,3310,3600
2012-06-20,10429,3390,3430,3480,3319,3435
2012-06-21,14495,3360,3415,3545,3305,3430
2012-06-22,27770,3295,3370,3415,3261,3380
2012-06-25,73963,3320,3390,3530,3281,3440
2012-06-26,13256,3340,3345,3395,3237,3385
2012-06-27,16920,3300,3310,3440,3203,3440
2012-06-28,4046,3300,3365,3400,3256,3400
2012-06-29,12334,3310,3395,3400,3285,3370
2012-07-02,10881,3365,3395,3405,3285,3400
2012-07-03,4243,3370,3395,3485,3285,3405
2012-07-04,7556,3390,3430,3440,3319,3395
2012-07-05,9164,3435,3470,3500,3358,3500
2012-07-06,10374,3470,3500,3550,3387,3500
2012-07-09,4696,3420,3495,3500,3382,3500
2012-07-10,14173,3375,3460,3475,3348,3475
2012-07-11,6115,3380,3420,3455,3310,3455
2012-07-12,10597,3355,3420,3480,3310,3360
2012-07-13,19719,3340,3390,3495,3281,3420
2012-07-16,23725,3325,3355,3420,3247,3420
2012-07-17,2855,3345,3360,3440,3252,3440
2012-07-18,13915,3310,3360,3455,3252,3455
2012-07-19,20481,3315,3395,3415,3285,3370
2012-07-20,8223,3330,3335,3400,3227,3400
2012-07-23,12737,3220,3280,3325,3174,3325
2012-07-24,27534,3140,3325,3350,3218,3250
2012-07-25,15054,3150,3165,3325,3063,3320
2012-07-26,6324,3110,3165,3230,3063,3220
2012-07-27,5784,3135,3270,3270,3164,3260
2012-07-30,4541,3195,3320,3330,3213,3260
2012-07-31,7537,3220,3400,3400,3290,3285
2012-08-01,8899,3245,3290,3420,3184,3420
2012-08-02,1954,3255,3360,3495,3252,3315
2012-08-03,4136,3220,3320,3380,3213,3380
2012-08-06,20472,3235,3280,3345,3174,3325
2012-08-07,7701,3200,3300,3300,3193,3280
2012-08-08,21929,3195,3240,3320,3135,3320
2012-08-09,21790,3150,3175,3270,3073,3150
2012-08-10,12887,3130,3130,3210,3029,3210
2012-08-13,2170,3105,3165,3170,3063,3150
2012-08-14,25932,3105,3190,3225,3087,3180
2012-08-16,147265,2945,2970,3245,2874,3190
2012-08-17,25604,2970,3000,3030,2903,2995
2012-08-20,3761,2990,2990,3025,2893,3025
2012-08-21,20100,2970,2970,3025,2874,2970
2012-08-22,7049,2945,2995,3015,2898,3015
2012-08-23,7607,2940,3020,3025,2922,2990
2012-08-24,12040,2940,2985,3030,2889,2975
2012-08-27,10915,2930,2990,3025,2893,2970
2012-08-28,14502,2930,2945,3025,2850,3000
2012-08-29,26023,2870,2915,2945,2821,2945
2012-08-30,11265,2865,2885,2920,2792,2890
2012-08-31,34810,2800,2870,2900,2777,2900
2012-09-03,21592,2820,2865,2900,2772,2895
2012-09-04,3960,2850,2905,2920,2811,2920
2012-09-05,18267,2880,2900,2940,2806,2940
2012-09-06,29477,2920,2965,2975,2869,2930
2012-09-07,10148,2920,2970,2995,2874,2965
2012-09-10,10453,2940,2960,3000,2864,2975
2012-09-11,32284,2915,2985,2995,2889,2995
2012-09-12,10122,2900,2990,2995,2893,2995
2012-09-13,12904,2955,2975,2995,2879,2995
2012-09-14,74225,2975,3015,3090,2918,2990
2012-09-17,15764,3010,3050,3095,2952,3015
2012-09-18,17201,3040,3060,3095,2961,3050
2012-09-19,38144,3030,3130,3170,3029,3030
2012-09-20,11738,3080,3145,3170,3043,3170
2012-09-21,12130,3045,3075,3165,2976,3165
2012-09-24,26092,3020,3070,3105,2971,3090
2012-09-25,19103,3015,3110,3145,3010,3070
2012-09-26,47076,3070,3180,3230,3077,3110
2012-09-27,8879,3120,3195,3240,3092,3240
2012-09-28,7510,3150,3180,3240,3077,3240
2012-10-02,2570,3110,3185,3230,3082,3180
2012-10-04,19496,3125,3190,3220,3087,3185
2012-10-05,4263,3150,3185,3200,3082,3200
2012-10-08,5901,3140,3165,3185,3063,3150
2012-10-09,6426,3100,3160,3180,3058,3140
2012-10-10,18082,3020,3025,3160,2927,3160
2012-10-11,5907,2980,2995,3050,2898,2980
2012-10-12,15682,2925,3000,3020,2903,2995
2012-10-15,13490,2930,2940,3010,2845,3000
2012-10-16,15126,2890,2940,2975,2845,2940
2012-10-17,18880,2890,2920,2970,2826,2950
2012-10-18,2542,2940,2990,2995,2893,2950
2012-10-19,4459,2925,2965,3010,2869,3010
2012-10-22,2932,2920,2960,3035,2864,3035
2012-10-23,5860,2900,2940,2960,2845,2955
2012-10-24,15717,2860,2945,2950,2850,2860
2012-10-25,6316,2900,2930,2990,2835,2990
2012-10-26,11384,2840,2885,2935,2792,2935
2012-10-29,5725,2830,2830,3110,2739,3110
2012-10-30,2781,2805,2865,2980,2772,2830
2012-10-31,27957,2830,2855,2950,2763,2865
2012-11-01,2940,2845,2885,2950,2792,2860
2012-11-02,65006,2800,2805,2945,2714,2900
2012-11-05,36209,2690,2690,2800,2603,2800
2012-11-06,13754,2655,2680,2730,2593,2730
2012-11-07,19693,2670,2695,2740,2608,2690
2012-11-08,10511,2630,2685,2720,2598,2690
2012-11-09,39172,2590,2615,2690,2530,2680
2012-11-12,22430,2550,2580,2625,2497,2615
2012-11-13,25112,2520,2535,2600,2453,2560
2012-11-14,31160,2490,2500,2550,2419,2550
2012-11-15,51674,2400,2400,2530,2322,2530
2012-11-16,23367,2310,2345,2450,2269,2410
2012-11-19,314718,2365,2695,2695,2608,2365
2012-11-20,282824,2425,2450,2750,2371,2730
2012-11-21,61734,2435,2435,2565,2356,2485
2012-11-22,50068,2380,2390,2530,2313,2530
2012-11-23,93438,2250,2300,2390,2226,2370
2012-11-26,84562,2185,2205,2345,2134,2345
2012-11-27,74786,2185,2220,2230,2148,2220
2012-11-28,57496,2170,2200,2240,2129,2210
2012-11-29,21374,2185,2220,2225,2148,2200
2012-11-30,21199,2210,2250,2320,2177,2210
2012-12-03,44655,2250,2265,2320,2192,2260
2012-12-04,2858,2240,2260,2285,2187,2285
2012-12-05,13077,2215,2215,2290,2143,2290
2012-12-06,9500,2200,2240,2270,2168,2225
2012-12-07,4634,2225,2260,2260,2187,2250
2012-12-10,2808,2220,2255,2265,2182,2265
2012-12-11,12050,2235,2285,2390,2211,2250
2012-12-12,4952,2245,2275,2290,2201,2290
2012-12-13,4836,2250,2275,2300,2201,2275
2012-12-14,3665,2250,2270,2275,2197,2275
2012-12-17,243217,2285,2335,2530,2259,2300
2012-12-18,42638,2300,2310,2370,2235,2335
2012-12-20,44258,2310,2350,2415,2274,2310
2012-12-21,20828,2345,2345,2430,2269,2365
2012-12-24,5782,2310,2325,2380,2250,2380
2012-12-26,7820,2300,2345,2345,2269,2325
2012-12-27,10305,2300,2350,2360,2299,2360
2012-12-28,6662,2305,2325,2355,2274,2350
2013-01-02,16274,2295,2340,2350,2289,2325
2013-01-03,19252,2290,2300,2355,2250,2355
2013-01-04,23873,2300,2340,2355,2289,2310
2013-01-07,5091,2320,2340,2360,2289,2340
2013-01-08,571948,2345,2610,2690,2553,2365
2013-01-09,146011,2520,2565,2705,2509,2565
2013-01-10,65553,2485,2485,2590,2431,2525
2013-01-11,30100,2465,2505,2525,2450,2490
2013-01-14,27281,2500,2570,2575,2514,2510
2013-01-15,41158,2450,2540,2580,2484,2580
2013-01-16,22409,2460,2505,2540,2450,2540
2013-01-17,8918,2480,2480,2505,2426,2505
2013-01-18,22361,2465,2495,2540,2440,2480
2013-01-21,9000,2470,2505,2510,2450,2485
2013-01-22,30913,2460,2525,2575,2470,2500
2013-01-23,66656,2470,2470,2555,2416,2525
2013-01-24,10965,2460,2480,2510,2426,2485
2013-01-25,18493,2410,2410,2485,2357,2430
2013-01-28,17116,2350,2375,2425,2323,2410
2013-01-29,6319,2325,2370,2410,2318,2375
2013-01-30,23626,2340,2355,2410,2303,2375
2013-01-31,6678,2345,2355,2395,2303,2380
2013-02-01,22961,2300,2340,2365,2289,2365
2013-02-04,24708,2285,2320,2355,2269,2355
2013-02-05,12322,2230,2275,2330,2225,2330
2013-02-06,7010,2270,2295,2335,2245,2275
2013-02-07,2340,2285,2305,2370,2254,2350
2013-02-08,7937,2300,2300,2340,2250,2340
2013-02-12,12503,2300,2305,2365,2254,2300
2013-02-13,3427,2310,2335,2340,2284,2340
2013-02-14,8413,2330,2360,2380,2308,2360
2013-02-15,2486,2355,2380,2395,2328,2380
2013-02-18,4249,2340,2375,2420,2323,2380
2013-02-19,7454,2335,2400,2400,2347,2395
2013-02-20,10974,2385,2435,2440,2382,2400
2013-02-21,25573,2365,2400,2460,2347,2435
2013-02-22,23580,2325,2365,2420,2313,2420
2013-02-25,2852,2345,2380,2410,2328,2365
2013-02-26,9503,2330,2350,2380,2299,2380
2013-02-27,21060,2345,2375,2485,2323,2350
2013-02-28,8176,2385,2420,2420,2367,2395
2013-03-04,32346,2350,2400,2445,2347,2420
2013-03-05,31493,2370,2400,2415,2347,2400
2013-03-06,13400,2375,2375,2415,2323,2400
2013-03-07,7381,2355,2385,2400,2333,2375
2013-03-08,12349,2360,2420,2420,2367,2385
2013-03-11,501967,2410,2780,2780,2719,2410
2013-03-12,1019442,2760,2790,3065,2729,2950
2013-03-13,338142,2735,2830,2855,2768,2810
2013-03-14,203985,2665,2665,2890,2607,2890
2013-03-15,70032,2650,2655,2730,2597,2660
2013-03-18,85476,2530,2530,2685,2475,2620
2013-03-19,42097,2535,2605,2625,2548,2535
2013-03-20,19421,2565,2595,2630,2538,2605
2013-03-21,41731,2550,2580,2625,2524,2595
2013-03-22,171086,2565,2645,2810,2587,2595
2013-03-25,34073,2645,2680,2760,2621,2760
2013-03-26,40641,2600,2610,2705,2553,2650
2013-03-27,37394,2550,2595,2640,2538,2640
2013-03-28,82506,2580,2735,2840,2675,2595
2013-03-29,36317,2725,2735,2780,2675,2770
2013-04-01,23588,2675,2680,2770,2621,2750
2013-04-02,46016,2645,2695,2745,2636,2735
2013-04-03,38812,2680,2790,2790,2729,2710
2013-04-04,47894,2580,2660,2780,2602,2780
2013-04-05,31842,2595,2595,2700,2538,2700
2013-04-08,18154,2580,2580,2665,2524,2595
2013-04-09,21592,2530,2555,2620,2499,2580
2013-04-10,593,2560,2600,2630,2543,2630
2013-04-11,12731,2600,2640,2645,2582,2645
2013-04-12,10408,2565,2580,2675,2524,2675
2013-04-15,10377,2570,2590,2615,2533,2615
2013-04-16,23154,2575,2640,2660,2582,2590
2013-04-17,11715,2595,2625,2645,2568,2645
2013-04-18,7310,2580,2615,2625,2558,2625
2013-04-19,3307,2560,2605,2615,2548,2615
2013-04-22,6764,2580,2600,2630,2543,2630
2013-04-23,11822,2580,2580,2625,2524,2610
2013-04-24,20287,2580,2615,2625,2558,2620
2013-04-25,5220,2590,2615,2625,2558,2625
2013-04-26,39110,2600,2655,2700,2597,2620
2013-04-29,18863,2655,2690,2745,2631,2660
2013-04-30,23002,2635,2655,2705,2597,2705
2013-05-02,42695,2615,2655,2675,2597,2655
2013-05-03,21607,2645,2645,2675,2587,2660
2013-05-06,39514,2625,2715,2785,2656,2645
2013-05-07,15780,2685,2720,2740,2660,2720
2013-05-08,32076,2655,2675,2755,2616,2720
2013-05-09,20836,2665,2720,2725,2660,2675
2013-05-10,35939,2700,2810,2810,2749,2720
2013-05-13,51162,2775,2775,2865,2714,2815
2013-05-14,19572,2700,2715,2820,2656,2765
2013-05-15,14459,2680,2745,2745,2685,2720
2013-05-16,12962,2705,2725,2765,2665,2765
2013-05-20,15253,2710,2730,2740,2670,2725
2013-05-21,7739,2715,2735,2740,2675,2730
2013-05-22,23662,2730,2760,2800,2700,2730
2013-05-23,126122,2755,2800,2840,2739,2760
2013-05-24,70088,2720,2785,2845,2724,2840
2013-05-27,147433,2745,2755,2890,2695,2785
2013-05-28,80483,2740,2760,2790,2700,2790
2013-05-29,239005,2790,2845,3045,2783,2790
2013-05-30,48538,2810,2855,2895,2793,2820
2013-05-31,38825,2815,2880,2930,2817,2855
2013-06-03,19405,2820,2825,2880,2763,2840
2013-06-04,52903,2760,2800,2845,2739,2840
2013-06-05,34474,2735,2775,2795,2714,2795
2013-06-07,62127,2660,2755,2795,2695,2775
2013-06-10,33001,2740,2800,2800,2739,2755
2013-06-11,317226,2755,2760,3040,2700,2795
2013-06-12,35896,2725,2725,2800,2665,2800
2013-06-13,30094,2700,2770,2790,2709,2740
2013-06-14,78163,2750,2840,2855,2778,2790
2013-06-17,55562,2705,2810,2870,2749,2855
2013-06-18,230456,2780,2915,2985,2851,2820
2013-06-19,56748,2755,2755,2920,2695,2875
2013-06-20,64278,2690,2725,2830,2665,2750
2013-06-21,39877,2650,2675,2715,2616,2650
2013-06-24,14989,2650,2680,2750,2621,2680
2013-06-25,31003,2455,2525,2700,2470,2700
2013-06-26,18556,2485,2560,2680,2504,2530
2013-06-27,22834,2565,2630,2630,2572,2565
2013-06-28,18875,2570,2570,2650,2514,2650
2013-07-01,5115,2550,2635,2645,2577,2550
2013-07-02,2066,2570,2625,2665,2568,2665
2013-07-03,8899,2520,2555,2625,2499,2625
2013-07-04,18302,2460,2515,2555,2460,2555
2013-07-05,9157,2490,2540,2590,2484,2520
2013-07-08,27669,2405,2425,2535,2372,2535
2013-07-09,8239,2400,2425,2450,2372,2445
2013-07-10,4531,2410,2425,2450,2372,2450
2013-07-11,5715,2425,2460,2460,2406,2450
2013-07-12,9844,2400,2420,2475,2367,2475
2013-07-15,7108,2410,2460,2480,2406,2420
2013-07-16,14636,2425,2450,2495,2396,2480
2013-07-17,18810,2405,2490,2500,2435,2460
2013-07-18,18271,2465,2540,2540,2484,2485
2013-07-19,1211,2515,2540,2565,2484,2550
2013-07-22,9285,2520,2565,2600,2509,2540
2013-07-23,16180,2550,2555,2630,2499,2585
2013-07-24,22492,2470,2470,2600,2416,2555
2013-07-25,4214,2480,2520,2535,2465,2480
2013-07-26,5334,2490,2540,2540,2484,2520
2013-07-29,3432,2495,2525,2560,2470,2560
2013-07-30,3563,2485,2505,2530,2450,2530
2013-07-31,6874,2480,2520,2550,2465,2550
2013-08-01,1949,2510,2535,2550,2480,2550
2013-08-02,4061,2435,2520,2535,2465,2435
2013-08-05,2992,2455,2515,2530,2460,2530
2013-08-06,8538,2420,2500,2515,2445,2515
2013-08-07,6605,2470,2475,2510,2421,2500
2013-08-08,12590,2445,2480,2495,2426,2495
2013-08-09,16369,2440,2480,2480,2426,2480
2013-08-12,6960,2445,2460,2485,2406,2475
2013-08-13,3736,2450,2475,2475,2421,2470
2013-08-14,3022,2460,2490,2495,2435,2495
2013-08-16,3380,2480,2490,2510,2435,2490
2013-08-19,17041,2430,2455,2500,2401,2500
2013-08-20,37301,2375,2375,2460,2323,2440
2013-08-21,25828,2205,2310,2390,2259,2375
2013-08-22,9638,2250,2275,2320,2225,2265
2013-08-23,7427,2300,2350,2350,2299,2300
2013-08-26,742,2315,2350,2350,2299,2350
2013-08-27,3443,2305,2335,2350,2284,2340
2013-08-28,4430,2270,2320,2340,2269,2310
2013-08-29,11160,2300,2350,2380,2299,2345
2013-08-30,11779,2320,2335,2375,2284,2370
2013-09-02,1606,2305,2335,2375,2284,2375
2013-09-03,2732,2350,2375,2375,2323,2375
2013-09-04,366,2350,2370,2400,2318,2400
2013-09-05,27632,2345,2410,2415,2357,2365
2013-09-06,8156,2390,2400,2420,2347,2405
2013-09-09,7961,2385,2410,2420,2357,2395
2013-09-10,11831,2380,2400,2445,2347,2445
2013-09-11,13419,2385,2415,2455,2362,2390
2013-09-12,12236,2400,2425,2495,2372,2415
2013-09-13,2546,2410,2445,2450,2391,2450
2013-09-16,1610,2410,2430,2480,2377,2480
2013-09-17,2247,2400,2440,2445,2387,2400
2013-09-23,3723,2415,2425,2460,2372,2440
2013-09-24,2261,2400,2410,2435,2357,2435
2013-09-25,9882,2390,2410,2440,2357,2410
2013-09-26,19190,2400,2400,2425,2347,2410
2013-09-27,29202,2400,2420,2430,2367,2400
2013-09-30,1640,2390,2410,2450,2357,2450
2013-10-01,9130,2370,2370,2420,2318,2420
2013-10-02,12785,2370,2390,2450,2338,2425
2013-10-04,3688,2370,2385,2430,2333,2390
2013-10-07,8810,2360,2380,2390,2328,2390
2013-10-08,9115,2280,2355,2410,2303,2295
2013-10-10,6608,2305,2380,2390,2328,2355
2013-10-11,5479,2315,2370,2390,2318,2380
2013-10-14,17595,2320,2320,2360,2269,2360
2013-10-15,10220,2320,2350,2405,2299,2405
2013-10-16,7443,2340,2390,2420,2338,2350
2013-10-17,9352,2350,2370,2420,2318,2410
2013-10-18,7108,2340,2350,2380,2299,2370
2013-10-21,15960,2320,2375,2380,2323,2350
2013-10-22,15466,2310,2350,2390,2299,2390
2013-10-23,2835,2320,2350,2375,2299,2330
2013-10-24,1938,2320,2320,2350,2269,2350
2013-10-25,7892,2315,2345,2385,2294,2385
2013-10-28,7702,2330,2345,2355,2294,2345
2013-10-29,8511,2325,2335,2365,2284,2365
2013-10-30,15908,2300,2345,2350,2294,2325
2013-10-31,1829,2315,2340,2345,2289,2345
2013-11-01,3882,2260,2350,2370,2299,2260
2013-11-04,5642,2310,2370,2375,2318,2345
2013-11-05,2688,2325,2325,2370,2274,2370
2013-11-06,8539,2325,2325,2340,2274,2325
2013-11-07,5372,2320,2350,2355,2299,2325
2013-11-08,6288,2305,2325,2345,2274,2315
2013-11-11,6498,2305,2315,2335,2264,2335
2013-11-12,4125,2310,2325,2325,2274,2315
2013-11-13,72532,2215,2270,2340,2220,2340
2013-11-14,32521,2260,2300,2305,2250,2290
2013-11-15,23420,2270,2345,2350,2294,2315
2013-11-18,17297,2270,2315,2385,2264,2385
2013-11-19,88122,2315,2400,2420,2347,2315
2013-11-20,42913,2320,2330,2400,2279,2395
2013-11-21,29695,2215,2255,2370,2206,2340
2013-11-22,1627,2245,2275,2300,2225,2275
2013-11-25,8899,2225,2265,2320,2215,2250
2013-11-26,5404,2215,2250,2290,2201,2265
2013-11-27,10952,2250,2260,2310,2210,2260
2013-11-28,3990,2260,2330,2330,2279,2300
2013-11-29,6087,2270,2305,2390,2254,2390
2013-12-02,2256,2255,2280,2380,2230,2380
2013-12-03,42039,2210,2275,2310,2225,2310
2013-12-04,1404,2215,2220,2280,2171,2275
2013-12-05,1879,2205,2235,2250,2186,2250
2013-12-06,497,2235,2265,2280,2215,2280
2013-12-09,11732,2210,2225,2275,2176,2275
2013-12-10,4883,2180,2250,2260,2201,2250
2013-12-11,861,2210,2235,2260,2186,2260
2013-12-12,5901,2200,2225,2245,2176,2235
2013-12-13,1252,2195,2235,2235,2186,2225
2013-12-16,6605,2180,2190,2275,2142,2235
2013-12-17,3144,2180,2220,2235,2171,2190
2013-12-18,325,2205,2220,2250,2171,2250
2013-12-19,120,2190,2220,2255,2171,2230
2013-12-20,8857,2200,2245,2245,2196,2220
2013-12-23,402,2225,2265,2270,2215,2245
2013-12-24,3003,2210,2270,2270,2220,2265
2013-12-26,142,2240,2265,2270,2215,2270
2013-12-27,3690,2200,2220,2255,2196,2255
2013-12-30,5740,2185,2230,2250,2205,2220
2014-01-02,288,2190,2250,2250,2225,2230
2014-01-03,243,2225,2260,2260,2235,2250
2014-01-06,416,2260,2275,2275,2250,2260
2014-01-07,2400,2245,2275,2280,2250,2280
2014-01-08,10892,2210,2220,2275,2196,2275
2014-01-09,26518,2185,2220,2240,2196,2220
2014-01-10,10418,2230,2250,2300,2225,2290
2014-01-13,1576,2220,2245,2290,2220,2250
2014-01-14,36560,2220,2285,2285,2260,2245
2014-01-15,455,2265,2290,2295,2265,2295
2014-01-16,91,2280,2300,2330,2275,2330
2014-01-17,22038,2265,2275,2350,2250,2315
2014-01-20,168,2250,2315,2340,2290,2340
2014-01-21,1051,2315,2325,2330,2299,2315
2014-01-22,12404,2250,2265,2325,2240,2325
2014-01-23,2500,2230,2290,2290,2265,2260
2014-01-24,2304,2280,2300,2315,2275,2290
2014-01-27,646,2215,2265,2295,2240,2295
2014-01-28,1026,2230,2260,2290,2235,2290
2014-01-29,9352,2225,2295,2295,2270,2265
2014-02-03,668,2250,2305,2335,2280,2295
2014-02-04,2043,2205,2290,2295,2265,2295
2014-02-05,1671,2240,2270,2285,2245,2280
2014-02-06,625,2225,2270,2290,2245,2270
2014-02-07,1319,2245,2270,2295,2245,2295
2014-02-10,3265,2270,2290,2290,2265,2270
2014-02-11,340,2255,2270,2290,2245,2290
2014-02-12,299,2260,2260,2300,2235,2300
2014-02-13,1644,2235,2290,2315,2265,2260
2014-02-14,56,2240,2280,2290,2255,2240
2014-02-17,4956,2245,2265,2285,2240,2275
2014-02-18,21077,2235,2245,2280,2220,2270
2014-02-19,292,2230,2260,2260,2235,2250
2014-02-20,5321,2235,2240,2270,2215,2235
2014-02-21,4112,2230,2300,2375,2275,2250
2014-02-24,2035,2265,2265,2320,2240,2320
2014-02-25,10174,2235,2265,2320,2240,2320
2014-02-26,2467,2240,2275,2290,2250,2290
2014-02-27,238,2250,2285,2285,2260,2285
2014-02-28,10428,2235,2245,2320,2220,2320
2014-03-03,2389,2235,2265,2270,2240,2245
2014-03-04,347,2245,2265,2275,2240,2275
2014-03-05,24801,2225,2255,2270,2230,2270
2014-03-06,7168,2220,2255,2270,2230,2245
2014-03-07,9485,2240,2265,2270,2240,2270
2014-03-10,7103,2240,2250,2295,2225,2285
2014-03-11,9378,2230,2270,2270,2245,2270
2014-03-12,29103,2225,2240,2275,2215,2270
2014-03-13,106884,2240,2305,2335,2280,2265
2014-03-14,19366,2250,2285,2325,2260,2305
2014-03-17,120289,2285,2325,2485,2299,2305
2014-03-18,16396,2290,2320,2330,2295,2300
2014-03-19,15202,2290,2290,2360,2265,2360
2014-03-20,13909,2280,2290,2320,2265,2280
2014-03-21,20475,2260,2345,2350,2319,2330
2014-03-24,17064,2310,2325,2370,2299,2370
2014-03-25,19573,2280,2295,2365,2270,2325
2014-03-26,20664,2255,2280,2295,2255,2295
2014-03-27,27255,2245,2300,2310,2275,2280
2014-03-28,9000,2265,2295,2330,2270,2295
2014-03-31,7551,2280,2315,2320,2290,2315
2014-04-01,5414,2295,2310,2355,2285,2315
2014-04-02,18291,2305,2370,2375,2344,2310
2014-04-03,12176,2320,2320,2380,2295,2380
2014-04-04,22979,2325,2365,2380,2339,2350
2014-04-07,8021,2340,2365,2400,2339,2400
2014-04-08,5497,2315,2330,2365,2304,2365
2014-04-09,15415,2315,2335,2360,2309,2350
2014-04-10,4957,2320,2340,2345,2314,2345
2014-04-11,6404,2310,2335,2370,2309,2350
2014-04-14,3770,2335,2345,2385,2319,2335
2014-04-15,18163,2340,2365,2365,2339,2365
2014-04-16,22727,2340,2370,2375,2344,2365
2014-04-17,6819,2345,2370,2380,2344,2380
2014-04-18,2680,2340,2365,2375,2339,2350
2014-04-21,11748,2345,2375,2375,2349,2345
2014-04-22,4268,2365,2375,2390,2349,2375
2014-04-23,12412,2350,2375,2390,2349,2355
2014-04-24,5236,2325,2360,2375,2334,2375
2014-04-25,4737,2320,2350,2360,2324,2360
2014-04-28,39002,2310,2350,2365,2324,2340
2014-04-29,6760,2345,2355,2375,2329,2370
2014-04-30,7435,2330,2350,2370,2324,2370
2014-05-02,2186,2335,2350,2365,2324,2350
2014-05-07,13134,2280,2300,2370,2275,2350
2014-05-08,13568,2295,2320,2325,2295,2295
2014-05-09,10301,2320,2345,2360,2319,2350
2014-05-12,15701,2325,2335,2350,2309,2350
2014-05-13,1618,2330,2340,2365,2314,2330
2014-05-14,33887,2325,2400,2450,2374,2370
2014-05-15,55727,2345,2400,2430,2374,2430
2014-05-16,47926,2340,2365,2390,2339,2365
2014-05-19,9174,2320,2350,2400,2324,2400
2014-05-20,3712,2320,2350,2350,2324,2345
2014-05-21,6334,2340,2370,2400,2344,2350
2014-05-22,3847,2350,2365,2390,2339,2370
2014-05-23,1357,2340,2365,2365,2339,2365
2014-05-26,3613,2335,2335,2380,2309,2365
2014-05-27,8852,2295,2335,2370,2309,2345
2014-05-28,3291,2300,2340,2365,2314,2335
2014-05-29,19352,2280,2305,2340,2280,2340
2014-05-30,7103,2285,2305,2350,2280,2350
2014-06-02,12299,2260,2270,2320,2245,2320
2014-06-03,11661,2220,2240,2285,2215,2270
2014-06-05,12228,2205,2260,2285,2235,2240
2014-06-09,13819,2205,2245,2290,2220,2260
2014-06-10,10083,2240,2260,2275,2235,2270
2014-06-11,7406,2225,2265,2295,2240,2295
2014-06-12,2302,2230,2265,2265,2240,2265
2014-06-13,20371,2235,2250,2265,2225,2235
2014-06-16,868,2250,2290,2290,2265,2260
2014-06-17,69,2265,2270,2290,2245,2290
2014-06-18,2510,2265,2295,2300,2270,2270
2014-06-19,4694,2265,2280,2300,2255,2300
2014-06-20,2356,2255,2265,2280,2240,2280
2014-06-23,7247,2240,2260,2300,2235,2285
2014-06-24,2922,2230,2250,2325,2225,2320
2014-06-25,10394,2195,2195,2255,2171,2235
2014-06-26,10521,2190,2235,2235,2210,2200
2014-06-27,1753,2205,2210,2235,2186,2205
2014-06-30,215960,2205,2205,2355,2181,2260
2014-07-01,8283,2205,2210,2240,2186,2210
2014-07-02,14574,2205,2235,2235,2210,2230
2014-07-03,2520,2220,2250,2270,2225,2270
2014-07-04,4158,2230,2235,2275,2210,2275
2014-07-07,8588,2215,2225,2250,2201,2235
2014-07-08,18143,2205,2235,2250,2210,2220
2014-07-09,10003,2220,2240,2270,2215,2270
2014-07-10,12217,2220,2250,2255,2225,2245
2014-07-11,2565,2220,2245,2270,2220,2270
2014-07-14,1371,2220,2275,2340,2250,2220
2014-07-15,4706,2235,2265,2300,2240,2235
2014-07-16,42108,2235,2265,2325,2240,2235
2014-07-17,12875,2255,2265,2305,2240,2270
2014-07-18,8740,2265,2275,2285,2250,2275
2014-07-21,6359,2255,2280,2460,2255,2255
2014-07-22,14044,2245,2315,2325,2290,2245
2014-07-23,3841,2275,2310,2325,2285,2325
2014-07-24,2237,2275,2295,2330,2270,2330
2014-07-25,7931,2260,2315,2315,2290,2260
2014-07-28,7230,2270,2325,2335,2299,2330
2014-07-29,9283,2290,2330,2350,2304,2335
2014-07-30,7107,2295,2300,2340,2275,2340
2014-07-31,8587,2215,2230,2340,2205,2280
2014-08-01,4836,2220,2275,2335,2250,2220
2014-08-04,8280,2235,2285,2285,2260,2275
2014-08-05,10057,2240,2255,2330,2230,2250
2014-08-06,6805,2230,2235,2310,2210,2310
2014-08-07,8487,2230,2270,2275,2245,2230
2014-08-08,11560,2225,2255,2285,2230,2230
2014-08-11,2510,2245,2265,2270,2240,2245
2014-08-12,14439,2235,2275,2275,2250,2235
2014-08-13,40427,2240,2315,2320,2290,2240
2014-08-14,13617,2290,2315,2350,2290,2290
2014-08-18,17198,2310,2320,2330,2295,2315
2014-08-19,10277,2315,2330,2330,2304,2320
2014-08-20,5118,2330,2335,2340,2309,2330
2014-08-21,57122,2330,2410,2430,2384,2335
2014-08-22,14346,2310,2400,2400,2374,2365
2014-08-25,195885,2330,2630,2680,2601,2400
2014-08-26,45562,2495,2495,2645,2468,2645
2014-08-27,32687,2480,2555,2630,2527,2500
2014-08-28,11860,2475,2510,2545,2482,2475
2014-08-29,18950,2370,2435,2480,2408,2445
2014-09-01,14958,2380,2400,2500,2374,2500
2014-09-02,7604,2370,2420,2440,2393,2440
2014-09-03,5388,2385,2430,2475,2403,2475
2014-09-04,1617,2370,2425,2445,2398,2445
2014-09-05,8763,2370,2380,2460,2354,2460
2014-09-11,10567,2375,2400,2450,2374,2380
2014-09-12,3338,2360,2410,2415,2384,2400
2014-09-15,9377,2370,2410,2435,2384,2435
2014-09-16,31412,2380,2430,2500,2403,2420
2014-09-17,5850,2435,2480,2490,2453,2435
2014-09-18,1734,2420,2470,2500,2443,2500
2014-09-19,658,2435,2435,2495,2408,2485
2014-09-22,4392,2410,2445,2455,2418,2455
2014-09-23,8941,2400,2425,2500,2398,2400
2014-09-24,10578,2415,2430,2450,2403,2450
2014-09-25,16739,2410,2445,2490,2418,2430
2014-09-26,56768,2445,2465,2495,2438,2445
2014-09-29,43187,2440,2495,2495,2468,2475
2014-09-30,11971,2455,2490,2500,2463,2495
2014-10-01,24001,2415,2450,2500,2423,2490
2014-10-02,5316,2420,2470,2470,2443,2450
2014-10-06,17043,2405,2420,2470,2393,2470
2014-10-07,10796,2390,2405,2450,2379,2420
2014-10-08,18129,2385,2405,2430,2379,2430
2014-10-10,11905,2390,2415,2475,2388,2405
2014-10-13,14860,2350,2415,2425,2388,2415
2014-10-14,17880,2390,2415,2415,2388,2410
2014-10-15,29855,2400,2425,2425,2398,2425
2014-10-16,5091,2420,2430,2430,2403,2425
2014-10-17,13382,2430,2440,2500,2413,2430
2014-10-20,280079,2440,2545,2720,2517,2455
2014-10-21,50037,2485,2495,2555,2468,2555
2014-10-22,46486,2505,2550,2600,2522,2515
2014-10-23,59111,2555,2610,2645,2581,2570
2014-10-24,21397,2550,2590,2650,2562,2610
2014-10-27,37275,2475,2490,2590,2463,2590
2014-10-28,30829,2420,2430,2490,2403,2475
2014-10-29,10781,2415,2455,2470,2428,2430
2014-10-30,2164,2455,2490,2490,2463,2455
2014-10-31,2450,2445,2490,2505,2463,2490
2014-11-03,2429,2430,2480,2490,2453,2460
2014-11-04,17592,2350,2440,2495,2413,2495
2014-11-05,5854,2305,2315,2425,2290,2305
2014-11-06,7241,2305,2440,2440,2413,2305
2014-11-07,1432,2330,2440,2440,2413,2420
2014-11-10,2598,2320,2485,2485,2458,2420
2014-11-11,2299,2360,2415,2445,2388,2445
2014-11-12,6531,2380,2410,2435,2384,2415
2014-11-13,1444,2380,2425,2430,2398,2410
2014-11-14,20412,2390,2410,2425,2384,2425
2014-11-17,1128,2385,2400,2445,2374,2385
2014-11-18,5027,2380,2425,2425,2398,2400
2014-11-19,1440,2395,2420,2440,2393,2425
2014-11-20,4351,2390,2395,2420,2369,2420
2014-11-21,19013,2390,2390,2410,2364,2395
2014-11-24,919,2390,2400,2415,2374,2390
2014-11-25,7374,2400,2400,2425,2374,2400
2014-11-26,307,2395,2425,2425,2398,2400
2014-11-27,186,2445,2445,2445,2418,2445
2014-11-28,1106,2400,2460,2465,2433,2465
2014-12-01,1033,2390,2420,2455,2393,2405
2014-12-02,3338,2380,2410,2415,2384,2415
2014-12-03,5032,2370,2410,2430,2384,2410
2014-12-04,687,2390,2435,2435,2408,2410
2014-12-05,1198,2395,2425,2445,2398,2430
2014-12-08,1147,2395,2395,2445,2369,2425
2014-12-09,2507,2350,2370,2405,2344,2395
2014-12-10,666,2370,2390,2390,2364,2370
2014-12-11,3697,2255,2370,2390,2344,2385
2014-12-12,19204,2275,2275,2370,2250,2370
2014-12-15,3405,2260,2345,2345,2319,2275
2014-12-16,2863,2325,2360,2390,2334,2345
2014-12-17,504,2325,2360,2360,2334,2360
2014-12-18,1034,2340,2340,2360,2314,2360
2014-12-19,278,2340,2355,2360,2329,2340
2014-12-22,836,2295,2315,2360,2290,2360
2014-12-23,4020,2290,2360,2360,2334,2315
2014-12-24,1378,2300,2350,2360,2324,2360
2014-12-26,11016,2290,2320,2350,2295,2350
2014-12-29,149,2260,2305,2320,2305,2320
2014-12-30,3664,2275,2400,2400,2400,2305
2015-01-02,936,2350,2395,2415,2395,2400
2015-01-05,1158,2290,2365,2390,2365,2390
2015-01-06,294,2310,2310,2360,2310,2360
2015-01-07,1718,2275,2320,2330,2320,2310
2015-01-08,598,2300,2310,2335,2310,2320
2015-01-09,3977,2265,2340,2350,2340,2310
2015-01-12,4166,2305,2325,2340,2325,2340
2015-01-13,1509,2295,2325,2335,2325,2335
2015-01-14,339,2285,2315,2315,2315,2310
2015-01-15,6027,2255,2265,2315,2265,2255
2015-01-16,11924,2250,2250,2290,2250,2265
2015-01-19,5996,2250,2295,2295,2295,2250
2015-01-20,393,2255,2305,2305,2305,2305
2015-01-21,1045,2305,2305,2310,2305,2310
2015-01-22,8018,2250,2250,2315,2250,2315
2015-01-23,1087,2250,2340,2410,2340,2250
2015-01-26,8071,2260,2270,2365,2270,2365
2015-01-27,3362,2270,2300,2335,2300,2270
2015-01-28,1732,2260,2380,2380,2380,2315
2015-01-29,3075,2325,2375,2405,2375,2380
2015-01-30,1468,2330,2420,2420,2420,2375
2015-02-02,4883,2330,2400,2420,2400,2420
2015-02-03,3272,2330,2330,2400,2330,2400
2015-02-04,43048,2335,2430,2530,2430,2335
2015-02-05,18678,2365,2405,2455,2405,2450
2015-02-06,19862,2370,2440,2450,2440,2405
2015-02-09,9881,2370,2420,2420,2420,2385
2015-02-10,2669,2375,2375,2420,2375,2420
2015-02-11,36051,2355,2500,2500,2500,2375
2015-02-12,26377,2410,2500,2675,2500,2510
2015-02-13,7427,2450,2480,2540,2480,2500
2015-02-16,19456,2405,2480,2555,2480,2480
2015-02-17,24061,2455,2495,2565,2495,2485
2015-02-23,150248,2495,2770,2770,2770,2495
2015-02-24,83232,2590,2610,2715,2610,2680
2015-02-25,50096,2630,2685,2730,2685,2640
2015-02-26,71983,2580,2590,2835,2590,2685
2015-02-27,41477,2545,2605,2630,2605,2615
2015-03-02,207469,2615,2735,2900,2735,2620
2015-03-03,172683,2655,2770,2845,2770,2735
2015-03-04,193646,2740,2965,2970,2965,2740
2015-03-05,530940,2940,3405,3405,3405,2945
2015-03-06,816506,3700,3915,3915,3915,3800
2015-03-09,2070587,4290,4500,4500,4500,4500
2015-03-10,3531113,4335,5170,5170,5170,4850
2015-03-11,0,5170,5170,5170,5170,5170
2015-03-12,748634,4400,4400,5940,4400,5470
2015-03-13,349761,4400,4600,4850,4600,4620
2015-03-16,316659,3910,3910,4250,3910,4175
2015-03-17,1188193,3460,3600,3900,3600,3815
2015-03-18,623058,3400,3485,3645,3485,3645
2015-03-19,316208,3350,3540,3590,3540,3485
2015-03-20,328899,3345,3380,3535,3380,3520
2015-03-23,219105,3290,3315,3470,3315,3380
2015-03-24,226873,3250,3420,3460,3420,3335
2015-03-25,288259,3325,3440,3480,3440,3385
2015-03-26,349589,3380,3445,3570,3445,3500
2015-03-27,146157,3330,3375,3460,3375,3455
2015-03-30,148899,3340,3440,3465,3440,3400
2015-03-31,184564,3390,3390,3545,3390,3410
2015-04-01,158036,3320,3335,3475,3335,3395
2015-04-02,270089,3265,3445,3455,3445,3355
2015-04-03,366039,3410,3510,3540,3510,3455
2015-04-06,181061,3450,3450,3575,3450,3560
2015-04-07,396044,3440,3560,3570,3560,3450
2015-04-08,793870,3515,3665,3790,3665,3560
2015-04-09,745081,3615,3650,3995,3650,3815
2015-04-10,381497,3555,3670,3775,3670,3640
2015-04-13,261451,3645,3745,3825,3745,3655
2015-04-14,391600,3565,3585,3855,3585,3745
2015-04-15,173838,3565,3575,3640,3575,3575
2015-04-16,221265,3465,3470,3615,3470,3585
2015-04-17,223538,3475,3650,3670,3650,3490
2015-04-20,171870,3540,3610,3645,3610,3645
2015-04-21,221935,3620,3620,3765,3620,3765
2015-04-22,223041,3200,3510,3645,3510,3630
2015-04-23,188735,3270,3645,3675,3645,3505
2015-04-24,749149,3570,3750,3990,3750,3645
2015-04-27,258726,3675,3885,3890,3885,3755
2015-04-28,175787,3645,3645,3955,3645,3950
2015-04-29,187697,3615,3720,3860,3720,3670
2015-04-30,94405,3655,3670,3760,3670,3725
2015-05-04,132812,3540,3625,3705,3625,3670
2015-05-06,113792,3505,3660,3660,3660,3625
2015-05-07,55306,3550,3640,3660,3640,3580
2015-05-08,179866,3655,3685,3845,3685,3660
2015-05-11,91560,3655,3680,3785,3680,3750
2015-05-12,197638,3680,3735,3840,3735,3700
2015-05-13,609217,3710,4155,4295,4155,3720
2015-05-14,579010,4080,4285,4500,4285,4170
2015-05-15,1510010,3800,3925,4905,3925,4600
2015-05-18,398931,3620,3620,3950,3620,3945
2015-05-19,184663,3590,3610,3685,3610,3620
2015-05-20,410531,3590,3720,3950,3720,3590
2015-05-21,93582,3670,3700,3795,3700,3700
2015-05-22,105387,3620,3745,3810,3745,3720
2015-05-26,92496,3635,3635,3820,3635,3745
2015-05-27,70569,3630,3695,3755,3695,3635
2015-05-28,196818,3630,3870,3870,3870,3715
2015-05-29,257944,3810,3865,4115,3865,4050
2015-06-01,97109,3675,3675,3990,3675,3990
2015-06-02,137453,3590,3590,3765,3590,3635
2015-06-03,87131,3430,3500,3590,3500,3540
2015-06-04,92880,3450,3475,3525,3475,3490
2015-06-05,33981,3485,3530,3585,3530,3485
2015-06-08,182051,3540,3645,3750,3645,3600
2015-06-09,172007,3595,3620,3735,3620,3685
2015-06-10,221458,3595,3825,3880,3825,3660
2015-06-11,199161,3625,3625,3940,3625,3940
2015-06-12,90806,3535,3565,3665,3565,3590
2015-06-15,47473,3520,3525,3690,3525,3690
2015-06-16,97107,3335,3445,3525,3445,3480
2015-06-17,34678,3420,3560,3560,3560,3420
2015-06-18,397007,3465,3730,3955,3730,3600
2015-06-19,67701,3620,3665,3865,3665,3865
2015-06-22,302034,3600,3840,3910,3840,3675
2015-06-23,429003,3720,3915,4100,3915,3820
2015-06-24,238430,3875,3910,4050,3910,3950
2015-06-25,89492,3765,3800,3910,3800,3910
2015-06-26,87053,3710,3735,3925,3735,3750
2015-06-29,104462,3615,3615,3775,3615,3680
2015-06-30,47835,3530,3665,3700,3665,3560
2015-07-01,27936,3630,3725,3750,3725,3665
2015-07-02,465941,3695,4000,4170,4000,3760
2015-07-03,145581,3870,3960,4100,3960,4070
2015-07-06,450085,3645,3700,4245,3700,4150
2015-07-07,170191,3545,3565,3790,3565,3720
2015-07-08,88261,3515,3540,3605,3540,3570
2015-07-09,112191,3430,3530,3530,3530,3505
2015-07-10,32450,3460,3500,3605,3500,3530
2015-07-13,44630,3490,3550,3625,3550,3500
2015-07-14,65836,3540,3655,3665,3655,3550
2015-07-15,26033,3590,3600,3690,3600,3690
2015-07-16,54754,3585,3675,3720,3675,3640
2015-07-17,44193,3590,3600,3695,3600,3645
2015-07-20,36705,3540,3595,3630,3595,3600
2015-07-21,33990,3550,3570,3670,3570,3600
2015-07-22,39858,3595,3650,3665,3650,3610
2015-07-23,157941,3680,3680,3915,3680,3700
2015-07-24,50728,3635,3775,3800,3775,3720
2015-07-27,60327,3680,3780,3810,3780,3730
2015-07-28,62442,3600,3645,3760,3645,3730
2015-07-29,74442,3550,3600,3790,3600,3605
2015-07-30,77592,3445,3485,3595,3485,3515
2015-07-31,35965,3395,3410,3465,3410,3410
2015-08-03,15784,3410,3425,3600,3425,3600
2015-08-04,7305,3395,3470,3475,3470,3425
2015-08-05,25531,3420,3545,3570,3545,3420
2015-08-06,36590,3500,3660,3685,3660,3500
2015-08-07,24584,3500,3510,3690,3510,3690
2015-08-10,32923,3385,3405,3530,3405,3530
2015-08-11,45025,3410,3415,3505,3415,3420
2015-08-12,33931,3280,3285,3475,3285,3475
2015-08-13,39367,3230,3285,3350,3285,3350
2015-08-14,0,3285,3285,3285,3285,3285
2015-08-17,5302,3290,3340,3430,3340,3430
2015-08-18,17656,3250,3265,3400,3265,3345
2015-08-19,44190,2975,3130,3300,3130,3270
2015-08-20,9770,2975,3085,3130,3085,3000
2015-08-21,49679,2615,2700,2980,2700,2780
2015-08-24,33347,2565,2660,2785,2660,2705
2015-08-25,18651,2660,2790,2790,2790,2660
2015-08-26,13508,2655,2910,2930,2910,2790
2015-08-27,9984,2885,3000,3165,3000,2885
2015-08-28,10077,3010,3040,3135,3040,3135
2015-08-31,6235,2970,3055,3070,3055,3040
2015-09-01,9749,2975,3045,3055,3045,3055
2015-09-02,13779,2960,2960,3045,2960,3045
2015-09-03,7479,2950,3045,3055,3045,2960
2015-09-04,5992,2950,3050,3090,3050,3045
2015-09-07,6821,2960,3020,3045,3020,3030
2015-09-08,14565,2895,2920,3020,2920,3020
2015-09-09,5142,2895,3005,3015,3005,2920
2015-09-10,7860,2965,3005,3030,3005,3010
2015-09-11,4953,2985,2995,3050,2995,3010
2015-09-14,9140,2995,2995,3060,2995,3025
2015-09-15,10757,2940,2990,3010,2990,2940
2015-09-16,19026,2990,3015,3050,3015,2990
2015-09-17,16833,3015,3060,3150,3060,3150
2015-09-18,9698,3025,3070,3090,3070,3025
2015-09-21,5979,3050,3075,3090,3075,3070
2015-09-22,27682,3070,3180,3190,3180,3095
2015-09-23,20457,3100,3130,3195,3130,3195
2015-09-24,11135,3080,3090,3165,3090,3165
2015-09-25,22588,3010,3045,3125,3045,3060
2015-09-30,34052,3010,3035,3125,3035,3060
2015-10-01,9651,3000,3050,3070,3050,3035
2015-10-02,13626,3030,3080,3110,3080,3050
2015-10-05,23566,3040,3090,3105,3090,3105
2015-10-06,26157,3055,3130,3185,3130,3090
2015-10-07,45889,3115,3210,3265,3210,3150
2015-10-08,16807,3170,3190,3250,3190,3235
2015-10-12,58764,3180,3310,3350,3310,3190
2015-10-13,234153,3190,3265,3590,3265,3320
2015-10-14,20714,3195,3225,3290,3225,3280
2015-10-15,17176,3200,3280,3410,3280,3200
2015-10-16,12273,3265,3280,3335,3280,3315
2015-10-19,36846,3285,3375,3410,3375,3350
2015-10-20,30721,3200,3275,3405,3275,3405
2015-10-21,29005,3190,3205,3345,3205,3270
2015-10-22,415856,3190,3370,3650,3370,3225
2015-10-23,63247,3300,3320,3485,3320,3405
2015-10-26,50148,3220,3310,3550,3310,3380
2015-10-27,96532,3250,3435,3485,3435,3310
2015-10-28,37071,3355,3420,3440,3420,3420
2015-10-29,33209,3335,3450,3490,3450,3355
2015-10-30,44247,3310,3330,3470,3330,3450
2015-11-02,14577,3270,3360,3370,3360,3305
2015-11-03,19894,3290,3370,3435,3370,3290
2015-11-04,16332,3305,3320,3420,3320,3370
2015-11-05,17004,3270,3330,3385,3330,3320
2015-11-06,37400,3190,3240,3330,3240,3330
2015-11-09,36771,3060,3060,3230,3060,3230
2015-11-10,19090,2980,3000,3095,3000,3095
2015-11-11,14857,2965,3015,3095,3015,2965
2015-11-12,33989,2910,3000,3000,3000,2945
2015-11-13,13562,2930,3020,3020,3020,3000
2015-11-16,15343,2900,2970,3030,2970,3020
2015-11-17,18138,2950,3090,3185,3090,2970
2015-11-18,20372,3080,3175,3185,3175,3120
2015-11-19,17813,3105,3165,3215,3165,3200
2015-11-20,228889,3060,3075,3200,3075,3160
2015-11-23,18542,2990,3080,3125,3080,3075
2015-11-24,10918,3080,3140,3150,3140,3080
2015-11-25,3395,3140,3175,3200,3175,3160
2015-11-26,8349,3150,3190,3210,3190,3200
2015-11-27,12496,3130,3175,3250,3175,3225
2015-11-30,62930,2975,3025,3240,3025,3210
2015-12-01,19892,3010,3065,3075,3065,3025
2015-12-02,22148,3025,3055,3065,3055,3065
2015-12-03,13383,2995,3030,3055,3030,3000
2015-12-04,18146,2935,3050,3050,3050,2935
2015-12-07,16862,3015,3090,3115,3090,3050
2015-12-08,18396,3070,3090,3160,3090,3160
2015-12-09,12488,3050,3075,3125,3075,3125
2015-12-10,27119,3030,3045,3100,3045,3100
2015-12-11,30375,2975,3040,3075,3040,3045
2015-12-14,16573,2960,3000,3045,3000,3040
2015-12-15,30503,3000,3040,3065,3040,3000
2015-12-16,53014,3000,3060,3100,3060,3000
2015-12-17,22699,3060,3095,3100,3095,3095
2015-12-18,33361,3050,3130,3130,3130,3130
2015-12-21,32467,3085,3100,3160,3100,3160
2015-12-22,1332147,3135,3550,3875,3550,3135
2015-12-23,1837981,3590,3740,4260,3740,3890
2015-12-24,2380158,3765,4000,4480,4000,3860
2015-12-28,3129908,4000,4205,4895,4205,4000
2015-12-29,984784,4060,4185,4620,4185,4400
2015-12-30,525814,3900,3995,4285,3995,4220
2016-01-04,517350,3970,4000,4250,4000,3995
2016-01-05,239487,3840,3965,3990,3965,3900
2016-01-06,307819,3640,3750,4030,3750,4005
2016-01-07,160196,3670,3770,3860,3770,3750
2016-01-08,169661,3565,3920,3920,3920,3650
2016-01-11,116247,3745,3755,3910,3755,3890
2016-01-12,139009,3630,3645,3785,3645,3725
2016-01-13,99741,3590,3635,3730,3635,3610
2016-01-14,100579,3440,3460,3615,3460,3550
2016-01-15,106954,3380,3390,3560,3390,3530
2016-01-18,64198,3290,3390,3425,3390,3375
2016-01-19,95829,3335,3350,3425,3350,3390
2016-01-20,99520,3090,3385,3385,3385,3305
2016-01-21,1060064,3280,3570,4175,3570,3280
2016-01-22,236960,3400,3400,3510,3400,3490
2016-01-25,104476,3360,3410,3450,3410,3410
2016-01-26,95411,3305,3360,3455,3360,3380
2016-01-27,56461,3330,3380,3430,3380,3365
2016-01-28,501660,3350,3790,3850,3790,3380
2016-01-29,185429,3590,3610,3755,3610,3710
2016-02-01,111666,3450,3465,3590,3465,3535
2016-02-02,101921,3450,3590,3590,3590,3465
2016-02-03,80220,3475,3475,3630,3475,3630
2016-02-04,68125,3395,3515,3525,3515,3475
2016-02-05,43777,3505,3510,3555,3510,3515
2016-02-11,79096,3210,3410,3510,3410,3510
2016-02-12,581084,3295,3600,3755,3600,3295
2016-02-15,120714,3635,3690,3765,3690,3675
2016-02-16,95031,3625,3740,3815,3740,3720
2016-02-17,45348,3645,3720,3820,3720,3780
2016-02-18,54467,3695,3705,3785,3705,3760
2016-02-19,73883,3610,3610,3780,3610,3780
2016-02-22,187765,3615,3880,3900,3880,3650
2016-02-23,117278,3665,3695,3915,3695,3880
2016-02-24,65206,3550,3680,3695,3680,3695
2016-02-25,57353,3600,3615,3755,3615,3655
2016-02-26,65107,3515,3515,3645,3515,3620
2016-02-29,34532,3515,3610,3645,3610,3515
2016-03-02,35303,3530,3615,3645,3615,3610
2016-03-03,50670,3490,3500,3635,3500,3615
2016-03-04,21760,3500,3550,3620,3550,3535
2016-03-07,23404,3540,3560,3640,3560,3640
2016-03-08,17790,3475,3510,3595,3510,3570
2016-03-09,18565,3465,3515,3550,3515,3510
2016-03-10,24395,3455,3465,3545,3465,3475
2016-03-11,56842,3420,3515,3625,3515,3465
2016-03-14,40310,3485,3685,3700,3685,3515
2016-03-15,40073,3570,3570,3680,3570,3600
2016-03-16,28362,3550,3610,3700,3610,3700
2016-03-17,22951,3545,3555,3635,3555,3575
2016-03-18,21078,3535,3590,3630,3590,3540
2016-03-21,30596,3570,3620,3700,3620,3590
2016-03-22,39573,3525,3525,3700,3525,3700
2016-03-23,12353,3510,3570,3615,3570,3525
2016-03-24,13414,3520,3550,3570,3550,3570
2016-03-25,44540,3435,3495,3545,3495,3470
2016-03-28,34606,3460,3495,3525,3495,3495
2016-03-29,29309,3495,3550,3595,3550,3495
2016-03-30,15496,3515,3530,3590,3530,3590
2016-03-31,15134,3500,3525,3590,3525,3590
2016-04-01,24749,3510,3530,3570,3530,3525
2016-04-04,44646,3470,3525,3560,3525,3535
2016-04-05,48668,3500,3500,3565,3500,3525
2016-04-06,14721,3485,3535,3535,3535,3500
2016-04-07,53719,3500,3550,3575,3550,3575
2016-04-08,4344969,3740,4615,4615,4615,3790
2016-04-11,5261931,4580,4700,5500,4700,5260
2016-04-12,7609135,4280,4555,5450,4555,4750
2016-04-14,2093203,4015,4125,5230,4125,4555
2016-04-15,1100281,3955,4060,4315,4060,4080
2016-04-18,1662797,4070,4070,4535,4070,4420
2016-04-19,1135564,3915,4410,4530,4410,4065
2016-04-20,2372611,4275,4630,5210,4630,4330
2016-04-21,463473,4430,4645,4690,4645,4570
2016-04-22,346672,4485,4640,4800,4640,4645
2016-04-25,1214533,4650,4700,5380,4700,4825
2016-04-26,623420,4160,4395,4770,4395,4770
2016-04-27,232653,4250,4270,4440,4270,4395
2016-04-28,162442,4245,4275,4490,4275,4270
2016-04-29,218826,4230,4400,4420,4400,4290
2016-05-02,151051,4240,4250,4480,4250,4480
2016-05-03,108912,4135,4250,4295,4250,4140
2016-05-04,100778,4010,4225,4300,4225,4295
2016-05-09,112175,3950,3980,4225,3980,4225
2016-05-10,73281,3905,4020,4055,4020,3940
2016-05-11,63705,3975,4105,4130,4105,3995
2016-05-12,65528,4000,4005,4150,4005,4045
2016-05-13,50902,3950,4050,4095,4050,3980
2016-05-16,106277,3950,4085,4140,4085,4090
2016-05-17,63974,3950,4055,4100,4055,4100
2016-05-18,424166,4105,4140,4655,4140,4235
2016-05-19,84353,4100,4145,4240,4145,4195
2016-05-20,112340,3950,4000,4145,4000,4135
2016-05-23,125430,3875,3885,4000,3885,3960
2016-05-24,68784,3820,3870,3995,3870,3920
2016-05-25,142497,3845,4020,4070,4020,3860
2016-05-26,96645,3890,4040,4050,4040,3965
2016-05-27,67880,3995,4025,4115,4025,3995
2016-05-30,84784,3860,3890,4070,3890,4050
2016-05-31,40005,3860,3885,3965,3885,3890
2016-06-01,36259,3830,3865,3925,3865,3885
2016-06-02,39540,3840,3855,3905,3855,3865
2016-06-03,50333,3765,3825,3900,3825,3850
2016-06-07,71081,3770,3800,3850,3800,3825
2016-06-08,39849,3775,3805,3900,3805,3830
2016-06-09,34355,3775,3800,3865,3800,3805
2016-06-10,48233,3740,3825,3870,3825,3800
2016-06-13,278662,3820,3835,4110,3835,3935
2016-06-14,55110,3710,3835,3895,3835,3760
2016-06-15,46878,3575,3760,3890,3760,3880
2016-06-16,47090,3575,3665,3800,3665,3760
2016-06-17,37869,3600,3705,3795,3705,3700
2016-06-20,48271,3600,3770,3870,3770,3740
2016-06-21,64716,3750,3800,3870,3800,3770
2016-06-22,1196804,4940,4940,4940,4940,4940
2016-06-23,9189360,4915,4970,6090,4970,5100
2016-06-24,4429351,4635,5220,5720,5220,4850
2016-06-27,2162067,4905,4905,5630,4905,5060
2016-06-28,1660066,4960,5100,5360,5100,5010
2016-06-29,1021998,4740,4850,5250,4850,5200
2016-06-30,1187397,4610,4660,5100,4660,4945
2016-07-01,793850,4420,4530,4700,4530,4670
2016-07-04,681457,4505,4505,4690,4505,4575
2016-07-05,464871,4390,4565,4635,4565,4470
2016-07-06,630907,4500,4645,4780,4645,4500
2016-07-07,293843,4520,4520,4715,4520,4630
2016-07-08,265920,4455,4560,4595,4560,4530
2016-07-11,243866,4510,4650,4655,4650,4595
2016-07-12,295598,4540,4545,4735,4545,4710
2016-07-13,452433,4515,4545,4735,4545,4530
2016-07-14,404178,4205,4280,4560,4280,4550
2016-07-15,136798,4235,4245,4360,4245,4360
2016-07-18,177227,4150,4280,4370,4280,4310
2016-07-19,82255,4230,4345,4380,4345,4255
2016-07-20,63197,4300,4370,4415,4370,4350
2016-07-21,60067,4350,4355,4440,4355,4370
2016-07-22,60694,4300,4380,4380,4380,4300
2016-07-25,55095,4365,4390,4430,4390,4430
2016-07-26,118298,4400,4450,4520,4450,4405
2016-07-27,67724,4415,4450,4485,4450,4450
2016-07-28,92776,4430,4485,4525,4485,4450
2016-07-29,240675,4470,4595,4625,4595,4470
2016-08-01,157712,4420,4505,4650,4505,4625
2016-08-02,823027,4450,4765,4860,4765,4505
2016-08-03,628400,4535,4545,5090,4545,5000
2016-08-04,405142,4240,4310,4570,4310,4515
2016-08-05,153964,4195,4200,4350,4200,4310
2016-08-08,181411,3900,4120,4410,4120,4245
2016-08-09,98393,4040,4200,4200,4200,4140
2016-08-10,78833,4120,4145,4245,4145,4200
2016-08-11,62594,4085,4120,4160,4120,4120
2016-08-12,81060,4085,4200,4230,4200,4150
2016-08-16,44093,4140,4165,4245,4165,4200
2016-08-17,58745,4100,4170,4210,4170,4100
2016-08-18,73676,4155,4260,4290,4260,4155
2016-08-19,438738,4150,4205,4620,4205,4205
2016-08-22,133604,4160,4270,4360,4270,4205
2016-08-23,47490,4190,4190,4290,4190,4270
2016-08-24,43649,4170,4230,4285,4230,4180
2016-08-25,36752,4190,4240,4250,4240,4230
2016-08-26,67657,4220,4310,4350,4310,4220
2016-08-29,1055026,4365,4450,4750,4450,4390
2016-08-30,349668,4320,4565,4565,4565,4480
2016-08-31,2335855,4340,4340,5310,4340,5010
2016-09-01,307586,4145,4285,4335,4285,4250
2016-09-02,136566,4275,4365,4385,4365,4290
2016-09-05,92870,4380,4425,4495,4425,4380
2016-09-06,296915,4340,4620,4700,4620,4420
2016-09-07,94117,4540,4585,4710,4585,4620
2016-09-08,169860,4280,4385,4600,4385,4575
2016-09-09,110799,4230,4480,4520,4480,4385
2016-09-12,104712,4315,4425,4620,4425,4315
2016-09-13,220014,4425,4725,4735,4725,4520
2016-09-19,157326,4590,4720,4725,4720,4725
2016-09-20,538821,4700,4980,5050,4980,4720
2016-09-21,196102,4790,4985,4985,4985,4950
2016-09-22,431209,4900,5070,5200,5070,4990
2016-09-23,306365,4750,4750,5100,4750,5100
2016-09-26,1867167,4775,5080,5890,5080,4775
2016-09-27,293259,4700,4880,5080,4880,5080
2016-09-28,282762,4825,4965,5190,4965,4900
2016-09-29,748456,4955,5000,5460,5000,4965
2016-09-30,227354,4790,4890,4995,4890,4880
2016-10-04,104118,4760,4910,4975,4910,4890
2016-10-05,138455,4840,4975,5090,4975,4840
2016-10-06,82517,4855,4900,5080,4900,4975
2016-10-07,142251,4675,4685,4960,4685,4915
2016-10-10,82029,4600,4650,4765,4650,4650
2016-10-11,111166,4500,4620,4670,4620,4640
2016-10-12,46920,4520,4660,4720,4660,4520
2016-10-13,58052,4550,4550,4740,4550,4610
2016-10-14,46812,4515,4685,4720,4685,4520
2016-10-17,67506,4595,4640,4810,4640,4770
2016-10-18,43998,4540,4595,4650,4595,4640
2016-10-19,89238,4440,4460,4610,4460,4590
2016-10-20,394708,4430,4610,4915,4610,4470
2016-10-21,262030,4625,4725,4895,4725,4700
2016-10-24,106149,4560,4570,4770,4570,4725
2016-10-25,99077,4475,4505,4670,4505,4670
2016-10-26,152992,4470,4550,4730,4550,4500
2016-10-27,90496,4450,4500,4695,4500,4555
2016-10-28,154563,4260,4260,4520,4260,4405
2016-10-31,85499,4065,4065,4260,4065,4260
2016-11-01,3077617,4065,4805,5120,4805,4065
2016-11-02,701301,4260,4325,4675,4325,4500
2016-11-03,293343,4300,4375,4590,4375,4325
2016-11-04,180462,4120,4230,4360,4230,4315
2016-11-07,56420,4235,4320,4385,4320,4235
2016-11-08,131745,4215,4320,4440,4320,4350
2016-11-09,262158,3775,4025,4450,4025,4325
2016-11-10,56185,4100,4210,4250,4210,4150
2016-11-11,79561,4160,4320,4435,4320,4160
2016-11-14,2281993,4280,4650,5120,4650,4320
2016-11-15,785160,4500,4690,4805,4690,4610
2016-11-16,376529,4600,4690,4945,4690,4705
2016-11-17,323199,4610,4795,4865,4795,4620
2016-11-18,900481,4750,4790,5180,4790,4865
2016-11-21,113142,4615,4680,4855,4680,4785
2016-11-22,242843,4505,4590,4725,4590,4680
2016-11-23,4204313,4770,5050,5470,5050,4830
2016-11-24,721689,4700,4705,5140,4705,5020
2016-11-25,261722,4595,4600,4805,4600,4705
2016-11-28,402094,4600,4665,4880,4665,4635
2016-11-29,223460,4595,4830,4830,4830,4665
2016-11-30,814608,4765,4990,5280,4990,4770
2016-12-01,174749,4830,4875,5060,4875,4955
2016-12-02,4823293,4935,5260,5730,5260,4995
2016-12-05,1145580,5150,5390,5600,5390,5200
2016-12-06,1960532,5060,5060,6100,5060,5870
2016-12-07,425118,4845,4845,5230,4845,5040
2016-12-08,509112,4850,5290,5290,5290,4960
2016-12-09,357744,5000,5000,5200,5000,5170
2016-12-12,205108,4945,5080,5140,5080,5040
2016-12-13,276793,5040,5150,5280,5150,5080
2016-12-14,215826,4940,4995,5180,4995,5160
2016-12-15,218057,4790,4830,4925,4830,4900
2016-12-16,166050,4755,4785,4920,4785,4920
2016-12-19,92512,4735,4845,4910,4845,4785
2016-12-20,72007,4770,4780,4855,4780,4855
2016-12-21,65265,4750,4825,4890,4825,4780
2016-12-22,77115,4780,4780,4905,4780,4855
2016-12-23,82999,4745,4805,4920,4805,4770
2016-12-26,112312,4710,4715,4880,4715,4825
2016-12-27,107063,4555,4600,4750,4600,4710
2016-12-28,54434,4540,4550,4645,4550,4550
2016-12-29,77090,4495,4495,4660,4495,4655
2017-01-02,84568,4495,4685,4730,4685,4495
2017-01-03,50914,4650,4775,4790,4775,4720
2017-01-04,60131,4730,4830,4850,4830,4775
2017-01-05,37203,4780,4820,4870,4820,4870
2017-01-06,54602,4795,4795,4905,4795,4830
2017-01-09,50196,4795,4815,4920,4815,4835
2017-01-10,74177,4785,4900,4950,4900,4805
2017-01-11,50149,4865,4885,4950,4885,4950
2017-01-12,74984,4790,4790,5060,4790,4885
2017-01-13,1346631,4770,4975,5400,4975,4790
2017-01-16,136459,4880,4940,5010,4940,5010
2017-01-17,128251,4865,4865,5010,4865,4920
2017-01-18,117029,4850,4920,5020,4920,4850
2017-01-19,178886,4940,5030,5130,5030,4990
2017-01-20,120980,4825,4940,5090,4940,5030
2017-01-23,2961087,4895,5910,5910,5910,4940
2017-01-24,1397702,5330,5680,5870,5680,5680
2017-01-25,1138948,5160,5210,5840,5210,5660
2017-01-26,515899,5030,5330,5330,5330,5160
2017-01-31,8761146,5330,6130,6790,6130,5330
2017-02-01,1593188,6000,6250,6270,6250,6090
2017-02-02,1193508,5600,5600,6330,5600,6320
2017-02-03,3302381,5600,6900,7280,6900,5600
2017-02-06,1875123,6540,7170,7200,7170,6990
2017-02-07,1870571,6250,6250,7240,6250,7240
2017-02-08,5634944,5940,6300,7480,6300,6350
2017-02-09,1167978,6110,6400,6550,6400,6340
2017-02-10,702317,5880,5880,6410,5880,6390
2017-02-13,1091924,5820,6140,6400,6140,5830
2017-02-14,474703,5930,6240,6260,6240,6050
2017-02-15,556762,5820,5850,6200,5850,6150
2017-02-16,1789969,5640,6030,6500,6030,5800
2017-02-17,380313,5830,5830,6130,5830,6030
2017-02-20,300210,5700,5850,5900,5850,5840
2017-02-21,211909,5710,5720,5880,5720,5710
2017-02-22,5884312,5480,5900,6600,5900,5750
2017-02-23,578729,5580,5580,5850,5580,5790
2017-02-24,326497,5390,5450,5640,5450,5570
2017-02-27,471792,5430,5550,5850,5550,5450
2017-02-28,276854,5290,5350,5690,5350,5600
2017-03-02,240439,5300,5350,5620,5350,5350
2017-03-03,206169,5050,5140,5380,5140,5300
2017-03-06,296285,5070,5300,5600,5300,5070
2017-03-07,105780,5210,5270,5430,5270,5390
2017-03-08,179873,4975,5130,5380,5130,5290
2017-03-09,704317,5190,5340,5600,5340,5250
2017-03-10,664662,4210,5390,5650,5390,5340
2017-03-13,1609511,5440,5780,6120,5780,5500
2017-03-14,386869,5660,5750,5870,5750,5850
2017-03-15,545819,5400,5570,5880,5570,5700
2017-03-16,238277,5500,5730,5790,5730,5570
2017-03-17,130544,5610,5680,5770,5680,5770
2017-03-20,1768593,5650,5770,6430,5770,5740
2017-03-21,348065,5690,5920,5970,5920,5710
2017-03-22,214910,5700,5700,5990,5700,5830
2017-03-23,350024,5610,5840,6020,5840,5770
2017-03-24,323991,5600,5850,6010,5850,5910
2017-03-27,2930226,6040,6170,6780,6170,6110
2017-03-28,554316,6080,6200,6400,6200,6290
2017-03-29,451992,6120,6120,6440,6120,6220
2017-03-30,309245,5920,6030,6170,6030,6160
2017-03-31,462063,5970,6150,6360,6150,6020
2017-04-03,207956,6010,6130,6290,6130,6290
2017-04-04,567216,5370,5390,6150,5390,6130
2017-04-05,246039,5320,5550,5630,5550,5350
2017-04-06,154088,5230,5280,5600,5280,5600
2017-04-07,156880,5110,5110,5450,5110,5300
2017-04-10,273653,4845,4950,5100,4950,5100
2017-04-11,652311,4960,5000,5540,5000,5290
2017-04-12,235235,4780,4820,5050,4820,5000
2017-04-13,115797,4700,4755,4830,4755,4760
2017-04-14,198254,4705,4725,5030,4725,4710
2017-04-17,73119,4775,4825,4875,4825,4775
2017-04-18,86275,4755,4850,4955,4850,4890
2017-04-19,417705,4780,5060,5310,5060,4830
2017-04-20,6398024,4955,5640,6250,5640,5060
2017-04-21,871120,5210,5270,5540,5270,5520
2017-04-24,431000,4880,4980,5390,4980,5390
2017-04-25,201783,4950,4980,5070,4980,4950
2017-04-26,381018,4795,4850,5050,4850,4965
2017-04-27,147320,4755,4880,4910,4880,4830
2017-04-28,103608,4805,4860,4940,4860,4920
2017-05-02,95711,4680,4720,4880,4720,4860
2017-05-04,88495,4655,4800,4860,4800,4720
2017-05-08,68438,4735,4820,4860,4820,4800
2017-05-10,144353,4665,4710,4910,4710,4910
2017-05-11,67297,4600,4605,4730,4605,4680
2017-05-12,50675,4560,4575,4665,4575,4605
2017-05-15,62510,4590,4625,4790,4625,4615
2017-05-16,49084,4635,4700,4735,4700,4675
2017-05-17,69100,4585,4630,4750,4630,4750
2017-05-18,100924,4425,4490,4690,4490,4690
2017-05-19,49806,4490,4530,4590,4530,4490
2017-05-22,44890,4500,4530,4625,4530,4505
2017-05-23,76497,4450,4570,4640,4570,4505
2017-05-24,61350,4580,4610,4645,4610,4585
2017-05-25,5929117,4565,5060,5750,5060,4575
2017-05-26,1050837,4795,4815,4990,4815,4955
2017-05-29,843467,4805,4940,5090,4940,4865
2017-05-30,894630,4890,5100,5260,5100,4935
2017-05-31,456197,5040,5060,5380,5060,5260
2017-06-01,194787,4905,4975,5090,4975,5090
2017-06-02,349109,4945,5100,5170,5100,5020
2017-06-05,832007,5100,5270,5610,5270,5180
2017-06-07,208821,5160,5220,5310,5220,5270
2017-06-08,651239,5250,5280,5530,5280,5340
2017-06-09,260168,5260,5360,5450,5360,5340
2017-06-12,141703,5250,5250,5470,5250,5370
2017-06-13,114347,5160,5230,5330,5230,5330
2017-06-14,179483,5050,5120,5290,5120,5290
2017-06-15,140610,5030,5170,5250,5170,5090
2017-06-16,78661,5090,5110,5250,5110,5230
2017-06-19,72441,5070,5160,5180,5160,5110
2017-06-20,183620,4850,4905,5180,4905,5180
2017-06-21,67241,4835,4850,4975,4850,4910
2017-06-22,69791,4800,4890,4970,4890,4800
2017-06-23,38917,4855,4925,4965,4925,4855
2017-06-26,51572,4870,4945,5030,4945,4930
2017-06-27,164733,4935,5060,5240,5060,4945
2017-06-28,72677,5010,5060,5140,5060,5130
2017-06-29,49219,4965,5090,5110,5090,5030
2017-06-30,40075,5020,5050,5130,5050,5090
2017-07-03,34843,5010,5030,5120,5030,5080
2017-07-04,123737,5000,5030,5220,5030,5020
2017-07-05,63635,5020,5050,5140,5050,5030
2017-07-06,2140435,5100,5100,5660,5100,5140
2017-07-07,909653,4900,5080,5440,5080,5120
2017-07-10,104950,5060,5080,5140,5080,5110
2017-07-11,120785,4970,5020,5140,5020,5080
2017-07-12,119104,4900,4970,5110,4970,5050
2017-07-13,35846,4940,4950,5030,4950,4970
2017-07-14,177754,4820,4855,5130,4855,4905
2017-07-17,34628,4805,4910,4950,4910,4805
2017-07-18,37363,4860,4935,4955,4935,4910
2017-07-19,34828,4900,4975,5030,4975,4935
2017-07-20,144389,4965,5090,5180,5090,4985
2017-07-21,54282,5030,5050,5140,5050,5090
2017-07-24,51555,4950,4950,5050,4950,5050
2017-07-25,53382,4905,4935,5000,4935,4950
2017-07-26,46014,4850,4850,4970,4850,4920
2017-07-27,33850,4830,4830,4905,4830,4850
2017-07-28,81790,4635,4650,4875,4650,4830
2017-07-31,50734,4500,4520,4695,4520,4650
2017-08-01,35763,4530,4670,4725,4670,4570
2017-08-02,38626,4670,4715,4765,4715,4690
2017-08-03,144145,4545,4550,4910,4550,4730
2017-08-04,27808,4545,4575,4680,4575,4580
2017-08-07,25198,4550,4625,4710,4625,4575
2017-08-08,18291,4595,4705,4760,4705,4595
2017-08-09,25509,4595,4655,4750,4655,4700
2017-08-10,84444,4470,4500,4655,4500,4600
2017-08-11,116385,4125,4310,4505,4310,4500
2017-08-14,69825,4210,4210,4395,4210,4265
2017-08-16,43376,4140,4275,4355,4275,4210
2017-08-17,52302,4275,4435,4555,4435,4275
2017-08-18,9089,4320,4380,4430,4380,4425
2017-08-21,9798,4360,4380,4450,4380,4360
2017-08-22,13935,4380,4390,4455,4390,4380
2017-08-23,21785,4370,4430,4480,4430,4370
2017-08-24,17589,4380,4415,4445,4415,4430
2017-08-25,54010,4240,4405,4430,4405,4415
2017-08-28,15745,4340,4340,4405,4340,4405
2017-08-29,29359,4290,4370,4385,4370,4330
2017-08-30,19576,4325,4350,4445,4350,4360
2017-08-31,18068,4320,4320,4440,4320,4350
2017-09-01,57589,4300,4380,4400,4380,4320
2017-09-04,67302,4140,4360,4380,4360,4140
2017-09-05,35250,4255,4270,4400,4270,4365
2017-09-06,19243,4200,4200,4300,4200,4220
2017-09-07,22977,4140,4170,4240,4170,4200
2017-09-08,41661,4100,4105,4190,4105,4170
2017-09-11,26768,4060,4120,4200,4120,4105
2017-09-12,44394,4035,4060,4120,4060,4120
2017-09-13,84518,3900,3950,4085,3950,4035
2017-09-14,53849,3830,3900,3950,3900,3940
2017-09-15,67351,3745,3800,3900,3800,3895
2017-09-18,13172,3760,3805,3850,3805,3810
2017-09-19,27527,3830,3875,3980,3875,3830
2017-09-20,52495,3810,3945,3950,3945,3810
2017-09-21,48082,3760,3760,3950,3760,3895
2017-09-25,116310,3550,3610,3760,3610,3760
2017-09-26,0,3610,3610,3610,3610,3610
2017-09-27,20905,3565,3600,3610,3600,3590
2017-09-28,21354,3550,3600,3705,3600,3590
2017-09-29,16411,3600,3685,3690,3685,3600
2017-10-10,10608,3610,3610,3690,3610,3685
2017-10-11,36780,3560,3585,3675,3585,3610
2017-10-12,94547,3500,3540,3590,3540,3585
2017-10-13,54032,3455,3455,3590,3455,3540
2017-10-16,26348,3350,3425,3455,3425,3400
2017-10-17,24924,3380,3415,3460,3415,3455
2017-10-18,25150,3380,3385,3480,3385,3415
2017-10-19,56278,3250,3370,3535,3370,3385
2017-10-20,37313,3340,3430,3505,3430,3370
2017-10-23,41549,3405,3405,3470,3405,3405
2017-10-24,12739,3410,3490,3505,3490,3410
2017-10-25,13261,3440,3495,3520,3495,3440
2017-10-26,25741,3425,3425,3520,3425,3520
2017-10-27,7578,3425,3490,3505,3490,3425
2017-10-30,10029,3495,3535,3570,3535,3495
2017-10-31,28967,3480,3620,3620,3620,3560
2017-11-01,23965,3570,3585,3635,3585,3600
2017-11-02,16204,3555,3610,3640,3610,3585
2017-11-03,37859,3500,3540,3610,3540,3610
2017-11-06,14099,3480,3520,3540,3520,3535
2017-11-07,14677,3460,3510,3520,3510,3490
2017-11-08,21810,3495,3515,3570,3515,3510
2017-11-09,35341,3465,3540,3590,3540,3515
2017-11-10,15614,3500,3530,3575,3530,3545
2017-11-13,19685,3530,3600,3600,3600,3530
2017-11-14,33257,3565,3620,3640,3620,3610
2017-11-15,36453,3510,3550,3655,3550,3620
2017-11-16,27872,3475,3595,3595,3595,3550
2017-11-17,34716,3590,3640,3660,3640,3595
2017-11-20,22257,3640,3660,3685,3660,3640
2017-11-21,31643,3595,3600,3695,3600,3640
2017-11-22,32079,3520,3550,3615,3550,3600
2017-11-23,24025,3485,3535,3555,3535,3550
2017-11-24,22310,3535,3555,3600,3555,3600
2017-11-27,28567,3485,3515,3580,3515,3565
2017-11-28,20580,3450,3510,3555,3510,3515
2017-11-29,21571,3455,3490,3505,3490,3490
2017-11-30,14083,3440,3465,3500,3465,3490
2017-12-01,10815,3430,3485,3485,3485,3435
2017-12-04,17725,3430,3460,3495,3460,3435
2017-12-05,53090,3410,3455,3480,3455,3460
2017-12-06,32728,3430,3455,3490,3455,3455
2017-12-07,20636,3425,3455,3475,3455,3455
2017-12-08,381659,3350,3500,3795,3500,3455
2017-12-11,43591,3450,3510,3565,3510,3565
2017-12-12,27181,3505,3515,3540,3515,3510
2017-12-13,75954,3500,3650,3650,3650,3515
2017-12-14,117272,3610,3700,3795,3700,3745
2017-12-15,51755,3575,3625,3725,3625,3720
2017-12-18,51303,3510,3510,3625,3510,3605
2017-12-19,51528,3365,3430,3500,3430,3500
2017-12-21,36641,3305,3305,3450,3305,3450
2017-12-22,13997,3285,3315,3395,3315,3305
2017-12-26,8159,3300,3300,3330,3300,3315
2017-12-27,12404,3275,3280,3330,3280,3300
2017-12-28,20153,3230,3265,3320,3265,3280
2018-01-02,24191,3100,3325,3365,3325,3365
2018-01-03,16592,3300,3330,3390,3330,3340
2018-01-04,67188,3200,3275,3340,3275,3265
2018-01-05,24981,3220,3250,3290,3250,3275
2018-01-08,20172,3235,3240,3300,3240,3250
2018-01-09,15209,3205,3255,3295,3255,3240
2018-01-10,11405,3220,3275,3285,3275,3255
2018-01-11,22256,3250,3275,3305,3275,3275
2018-01-12,53075,3235,3325,3330,3325,3300
2018-01-15,51987,3275,3375,3535,3375,3360
2018-01-16,31253,3290,3375,3385,3375,3375
2018-01-17,19938,3350,3420,3475,3420,3350
2018-01-18,14002,3425,3480,3510,3480,3450
2018-01-19,26648,3425,3505,3545,3505,3470
2018-01-22,35843,3470,3520,3580,3520,3505
2018-01-23,29879,3520,3535,3585,3535,3520
2018-01-24,30291,3470,3470,3575,3470,3535
2018-01-25,30778,3455,3500,3550,3500,3465
2018-01-26,15781,3470,3530,3565,3530,3500
2018-01-29,65981,3490,3670,3685,3670,3530
2018-01-30,84282,3600,3700,3730,3700,3670
2018-01-31,39773,3620,3680,3755,3680,3750
2018-02-01,22442,3635,3780,3780,3780,3680
2018-02-02,32962,3710,3750,3795,3750,3785
2018-02-05,61915,3680,3745,3820,3745,3740
2018-02-06,73094,3610,3795,3795,3795,3690
2018-02-07,4950966,3900,4095,4930,4095,3900
2018-02-08,1031953,4035,4110,4450,4110,4350
2018-02-09,367425,3790,3815,4035,3815,3925
2018-02-12,262140,3610,3675,4035,3675,3925
2018-02-13,239132,3515,3550,3695,3550,3695
2018-02-14,121618,3525,3595,3625,3595,3535
2018-02-19,59492,3550,3660,3675,3660,3590
2018-02-20,2667528,3595,4130,4570,4130,3660
2018-02-21,748620,3905,4125,4480,4125,4040
2018-02-22,351379,4125,4225,4470,4225,4180
2018-02-23,279183,4220,4300,4430,4300,4375
2018-02-26,138175,4040,4150,4290,4150,4290
2018-02-27,38969,4055,4055,4190,4055,4150
2018-02-28,103380,3965,4085,4190,4085,3995
2018-03-02,50979,3980,3985,4085,3985,4080
2018-03-05,70259,3850,3860,4000,3860,4000
2018-03-06,51499,3800,3870,4000,3870,3890
2018-03-08,62999,3865,4050,4095,4050,3865
2018-03-09,75777,4040,4135,4195,4135,4050
2018-03-12,85932,4035,4170,4170,4170,4135
2018-03-13,90592,4130,4150,4260,4150,4200
2018-03-14,36395,4050,4100,4155,4100,4065
2018-03-15,21374,4035,4070,4115,4070,4100
2018-03-16,22351,4055,4100,4120,4100,4055
2018-03-19,202828,4050,4180,4420,4180,4100
2018-03-20,74301,4025,4025,4220,4025,4180
2018-03-21,55891,3905,3905,4035,3905,4025
2018-03-22,54367,3865,3990,4000,3990,3905
2018-03-23,40497,3795,3875,3985,3875,3910
2018-03-26,48209,3745,3815,3920,3815,3850
2018-03-27,27656,3815,3900,3960,3900,3825
2018-03-28,43871,3760,3760,3960,3760,3830
2018-03-29,40112,3800,3860,3950,3860,3850
2018-03-30,26298,3830,3880,3940,3880,3940
2018-04-02,73702,3810,3980,3980,3980,3875
2018-04-03,28801,3870,3935,3945,3935,3900
2018-04-04,38961,3820,3870,3935,3870,3930
2018-04-05,63031,3840,3960,4035,3960,3840
2018-04-06,170998,3900,4150,4150,4150,3960
2018-04-09,805676,4105,4245,4355,4245,4140
2018-04-10,159807,4000,4050,4320,4050,4215
2018-04-11,83611,3985,4040,4120,4040,4020
2018-04-12,73423,3915,3990,4050,3990,4040
2018-04-13,61994,3960,4095,4115,4095,4010
2018-04-16,43727,4020,4065,4140,4065,4035
2018-04-17,39269,4025,4120,4120,4120,4065
2018-04-18,325649,4070,4235,4325,4235,4105
2018-04-19,205946,4205,4330,4370,4330,4365
2018-04-20,154979,4230,4365,4380,4365,4340
2018-04-23,405662,4290,4470,4620,4470,4385
2018-04-24,179349,4370,4435,4560,4435,4490
2018-04-25,167601,4100,4170,4500,4170,4440
2018-04-26,61388,4140,4150,4270,4150,4160
2018-04-27,60001,4100,4130,4200,4130,4160
2018-04-30,377771,4150,4600,4650,4600,4150
2018-05-02,983294,4395,4450,4960,4450,4880
2018-05-03,233259,4185,4230,4400,4230,4360
2018-05-04,84804,4190,4250,4265,4250,4235
2018-05-08,169434,4225,4225,4415,4225,4300
2018-05-09,129152,4150,4430,4430,4430,4225
2018-05-10,505788,4365,4685,4820,4685,4440
2018-05-11,169339,4520,4640,4685,4640,4685
2018-05-14,249998,4485,4525,4950,4525,4950
2018-05-15,111087,4445,4630,4700,4630,4525
2018-05-16,189811,4215,4215,4480,4215,4450
2018-05-17,177265,4180,4355,4580,4355,4220
2018-05-18,53837,4250,4310,4370,4310,4355
2018-05-21,81330,4120,4240,4310,4240,4285
2018-05-23,52000,4150,4210,4280,4210,4240
2018-05-24,66612,4115,4135,4230,4135,4210
2018-05-25,169185,3780,3905,4065,3905,3915
2018-05-28,85238,3985,4065,4130,4065,4015
2018-05-29,53044,3900,3960,4090,3960,4070
2018-05-30,32831,3850,3895,3995,3895,3950
2018-05-31,23187,3895,3895,4040,3895,3895
2018-06-01,19698,3875,3900,3935,3900,3900
2018-06-04,23451,3885,3935,3970,3935,3905
2018-06-05,38492,3915,4030,4030,4030,3965
2018-06-07,38375,3935,4050,4085,4050,4030
2018-06-08,45739,3910,3960,4050,3960,4050
2018-06-11,32583,3895,3930,3960,3930,3960
2018-06-12,30741,3890,3955,3970,3955,3935
2018-06-14,62224,3870,3980,3985,3980,3955
2018-06-15,38275,3925,4060,4080,4060,3980
2018-06-18,52428,3960,4010,4100,4010,4060
2018-06-19,81691,3700,3920,4065,3920,4010
2018-06-20,64189,3875,4010,4100,4010,3910
2018-06-21,41047,3900,3945,4095,3945,3980
2018-06-22,53839,3780,3800,3980,3800,3945
2018-06-25,17502,3750,3865,3890,3865,3800
2018-06-26,25152,3750,3780,3865,3780,3865
2018-06-27,35485,3700,3720,3875,3720,3780
2018-06-28,360357,3650,3670,4220,3670,3650
2018-06-29,61638,3610,3730,3790,3730,3675
2018-07-02,24734,3625,3625,3730,3625,3730
2018-07-03,53378,3495,3575,3700,3575,3625
2018-07-04,14704,3575,3640,3675,3640,3575
2018-07-05,12228,3570,3655,3765,3655,3765
2018-07-06,85131,3450,3620,3650,3620,3650
2018-07-09,505633,3555,3860,4025,3860,3620
2018-07-10,136578,3760,4055,4100,4055,3860
2018-07-11,111402,4010,4100,4170,4100,4055
2018-07-12,60273,3990,4100,4100,4100,4100
2018-07-13,12044,3980,3980,4095,3980,4055
2018-07-16,14347,3950,3955,4070,3955,3980
2018-07-17,5205,3905,3950,3990,3950,3960
2018-07-18,23113,3895,3920,4085,3920,3950
2018-07-19,6205,3825,3875,3920,3875,3920
2018-07-20,3278,3805,3880,3905,3880,3825
2018-07-23,15172,3760,3800,4050,3800,3880
2018-07-24,5063,3750,3830,3895,3830,3755
2018-07-26,9378,3730,3830,3900,3830,3750
2018-07-27,3728,3780,3865,3960,3865,3780
2018-07-30,3214,3825,3850,3950,3850,3950
2018-07-31,638074,3740,3770,4420,3770,3855
2018-08-01,41566,3745,3770,3825,3770,3770
2018-08-02,35304,3680,3750,3810,3750,3770
2018-08-03,307117,3750,3850,4120,3850,3750
2018-08-06,3865,3865,3890,3815,3850,15045
2018-08-07,3860,3860,3940,3810,3865,27044
2018-08-08,3855,3855,3880,3805,3865,23552
2018-08-09,3870,3870,4000,3830,3835,39424
2018-08-10,3820,3820,3930,3810,3930,11028
2018-08-13,3775,3775,3830,3735,3820,30483
