,Adj Close,Close,High,Low,Open,Volume
2000-03-01,0,20550,82,20550,19877,20550
2000-04-05,0,13800,55,13800,13348,13800
2000-04-13,0,15900,63,15900,15379,15900
2000-04-14,0,15900,63,15900,15379,15900
2000-05-01,0,14500,58,14500,14025,14500
2000-05-05,0,16350,65,16350,15815,16350
2000-05-09,0,18300,73,18300,17701,18300
2000-05-11,0,18550,74,18550,17943,18550
2000-05-30,0,10850,43,10850,10494,10850
2000-06-06,0,14100,56,14100,13638,14100
2000-07-17,0,10400,41,10400,10059,10400
2000-08-15,0,9250,37,9250,8947,9250
2000-09-11,0,8070,32,8070,7805,8070
2000-09-12,0,8070,32,8070,7805,8070
2000-09-13,0,8070,32,8070,7805,8070
2000-10-03,0,6950,27,6950,6722,6950
2000-10-16,0,5900,23,5900,5706,5900
2000-10-27,0,6930,27,6930,6703,6930
2007-12-28,96,7900,33,8260,7989,7900
2008-01-02,91,7650,31,8390,7593,8390
2008-01-03,180,7000,31,7850,7544,7660
2008-01-04,30,7550,31,7790,7525,7680
2008-01-07,64,7540,31,7800,7515,7550
2008-01-08,44,7470,29,7900,7225,7770
2008-01-09,36,7200,29,7400,7109,7280
2008-01-10,35,7280,29,7530,7177,7390
2008-01-11,23,7300,29,7590,7177,7590
2008-01-14,77,7130,29,7530,7012,7210
2008-01-15,73,6800,27,7450,6751,7450
2008-01-16,33,6710,28,7080,6848,6980
2008-01-17,34,6840,28,7060,6770,6840
2008-01-18,64,6610,28,7020,6790,6720
2008-01-21,11,6810,27,7010,6654,6810
2008-01-22,59,6170,26,6880,6345,6880
2008-01-23,63,6460,25,6850,6248,6520
2008-01-24,26,6490,26,6750,6296,6510
2008-01-25,26,6500,27,6750,6529,6510
2008-01-28,28,6400,26,6790,6335,6620
2008-01-29,38,6310,25,6600,6229,6600
2008-01-30,26,6050,24,6480,5977,6480
2008-01-31,22,6000,24,6310,6016,6000
2008-02-01,170,6200,26,7000,6422,6350
2008-02-04,97,6510,27,6920,6577,6700
2008-02-05,84,6520,26,6850,6519,6700
2008-02-11,21,6510,26,6750,6500,6510
2008-02-12,15,6650,26,6880,6480,6650
2008-02-13,44,6510,26,6850,6480,6850
2008-02-14,93,6630,27,6870,6567,6750
2008-02-15,7,6660,26,6790,6509,6790
2008-02-18,32,6600,27,6850,6529,6730
2008-02-19,55,6650,27,6770,6529,6750
2008-02-20,97,6600,27,6800,6529,6740
2008-02-21,107,6580,26,6910,6480,6910
2008-02-22,6,6620,26,6740,6422,6740
2008-02-25,254,6640,27,7120,6577,6640
2008-02-26,138,6750,28,7060,6828,6850
2008-02-27,26,7000,28,7150,6799,7020
2008-02-28,73,7070,28,7240,6945,7140
2008-02-29,28,7110,28,7280,6935,7210
2008-03-03,18,7000,28,7220,6867,7220
2008-03-04,74,7130,29,7490,7186,7260
2008-03-05,30,7300,29,7500,7206,7500
2008-03-06,49,7340,30,7500,7254,7500
2008-03-07,14,7350,29,7500,7157,7400
2008-03-10,65,7200,29,7350,7080,7350
2008-03-11,40,7010,29,7420,7148,7420
2008-03-12,18,7270,29,7550,7119,7270
2008-03-13,56,7200,29,7440,7012,7320
2008-03-14,69,7260,29,7390,7148,7320
2008-03-17,43,7090,29,7550,7061,7550
2008-03-18,46,7200,29,7420,7090,7420
2008-03-19,37,7310,29,7480,7070,7310
2008-03-20,39,7250,29,7400,7119,7400
2008-03-21,34,7340,29,7500,7206,7400
2008-03-24,46,7430,29,7580,7215,7430
2008-03-25,66,7420,30,7600,7302,7480
2008-03-26,44,7490,30,7700,7254,7700
2008-03-27,43,7250,29,7590,7012,7400
2008-03-28,88,6950,30,7600,7351,7150
2008-03-31,99,7220,30,7850,7341,7850
2008-04-01,38,7400,30,7620,7254,7620
2008-04-02,10,7410,30,7920,7331,7410
2008-04-03,126,7410,30,7700,7322,7700
2008-04-04,12,7430,29,7560,7206,7560
2008-04-07,65,7400,29,7690,7167,7580
2008-04-08,20,7400,29,7530,7177,7480
2008-04-10,57,7390,29,7600,7235,7460
2008-04-11,59,7300,29,7690,7061,7690
2008-04-14,65,7100,29,7280,7012,7120
2008-04-15,97,7000,28,7120,6838,7070
2008-04-16,67,7010,28,7180,6790,7180
2008-04-17,103,6960,28,7130,6819,7060
2008-04-18,47,6960,28,7100,6867,7010
2008-04-21,91,7060,28,7350,6887,7060
2008-04-22,53,7030,28,7200,6887,7200
2008-04-23,91,7040,28,7170,6916,7140
2008-04-24,297,7150,29,7550,7215,7190
2008-04-25,139,7420,30,7640,7351,7580
2008-04-28,49,7360,30,7740,7302,7740
2008-04-29,124,7490,29,7680,7244,7520
2008-04-30,80,7360,30,7610,7361,7600
2008-05-02,89,7560,30,7690,7419,7690
2008-05-06,86,7510,30,7670,7283,7660
2008-05-07,98,7420,30,7620,7331,7530
2008-05-08,245,7470,31,7950,7515,7530
2008-05-09,102,7670,31,7840,7515,7820
2008-05-13,84,7660,31,7890,7544,7800
2008-05-14,203,7780,31,7980,7689,7900
2008-05-15,123,7880,32,8080,7767,7950
2008-05-16,76,7890,32,8090,7738,7980
2008-05-19,125,8020,32,8140,7854,8020
2008-05-20,89,8030,32,8160,7863,8120
2008-05-21,52,8010,32,8120,7757,8120
2008-05-22,80,7850,31,8000,7641,8000
2008-05-23,76,7850,31,8000,7651,7900
2008-05-26,78,7700,31,7950,7622,7950
2008-05-27,54,7700,31,7900,7593,7900
2008-05-28,24,7730,31,7940,7515,7940
2008-05-29,40,7690,31,7790,7525,7740
2008-05-30,56,7660,31,7870,7564,7870
2008-06-02,36,7820,31,7960,7631,7960
2008-06-03,34,7710,31,7940,7622,7900
2008-06-04,50,7660,30,7850,7448,7850
2008-06-05,72,7580,30,7790,7448,7680
2008-06-09,85,7430,30,7600,7254,7600
2008-06-10,93,7320,29,7580,7128,7430
2008-06-11,51,7290,29,7480,7157,7290
2008-06-12,66,7160,29,7390,7090,7220
2008-06-13,47,7200,29,7430,7119,7330
2008-06-16,18,7250,29,7800,7138,7250
2008-06-17,111,7200,29,7550,7041,7240
2008-06-18,90,7200,29,7320,7022,7200
2008-06-19,122,6950,28,7260,6790,7200
2008-06-20,98,6940,28,7100,6848,7020
2008-06-23,50,6840,28,7140,6770,6980
2008-06-24,105,6530,27,7000,6761,6980
2008-06-25,45,6900,27,7060,6674,7000
2008-06-26,20,6560,27,7090,6625,7090
2008-06-27,59,6620,27,6850,6625,6620
2008-06-30,104,6810,28,7080,6848,6860
2008-07-01,24,6870,28,7180,6809,7180
2008-07-02,73,6550,26,7090,6355,6950
2008-07-03,64,6190,24,6570,5997,6200
2008-07-04,54,6000,24,6300,5832,6200
2008-07-07,117,5510,23,6050,5687,6000
2008-07-08,34,5600,22,6010,5532,5810
2008-07-09,38,5560,22,6090,5378,6090
2008-07-10,128,5400,23,5770,5581,5400
2008-07-11,91,5750,23,5990,5706,5860
2008-07-14,66,5750,23,6000,5677,6000
2008-07-15,206,5550,22,5890,5387,5890
2008-07-16,147,5330,21,5640,5174,5580
2008-07-17,94,5420,21,5600,5310,5420
2008-07-18,47,5530,22,5640,5407,5600
2008-07-21,77,5560,23,5860,5648,5560
2008-07-22,44,5730,23,5840,5610,5790
2008-07-23,41,5820,23,5980,5764,5820
2008-07-24,49,5950,24,6140,5900,5950
2008-07-25,49,5890,24,6180,5900,5960
2008-07-28,33,6010,24,6200,5852,6200
2008-07-29,6612,5800,23,6070,5639,6070
2008-07-30,3881,5830,23,6090,5745,5830
2008-07-31,9974,5810,23,5970,5764,5870
2008-08-01,16482,5950,24,6160,5803,5990
2008-08-04,18226,5950,24,6200,5852,6200
2008-08-05,13451,5950,24,6230,5852,6090
2008-08-06,6627,6010,24,6120,5823,6120
2008-08-07,77349,5970,24,6560,5910,6150
2008-08-08,17274,6020,24,6200,5852,6200
2008-08-11,4117,6100,24,6170,5948,6110
2008-08-12,63541,6080,24,6540,5977,6190
2008-08-13,15388,6030,24,6250,5997,6120
2008-08-14,9538,6040,24,6220,5997,6110
2008-08-18,22,6060,24,6250,5871,6250
2008-08-19,41,5870,23,6120,5697,6120
2008-08-20,22,5730,23,5940,5610,5730
2008-08-21,43,5740,23,5950,5668,5760
2008-08-22,41,5590,23,5900,5706,5890
2008-08-25,10,5720,23,5980,5561,5980
2008-08-26,15,5550,22,5970,5513,5750
2008-08-27,37,5620,23,5970,5639,5970
2008-08-28,68,5600,22,5900,5513,5800
2008-08-29,16,5600,23,5840,5561,5650
2008-09-01,83,5160,21,5690,5310,5560
2008-09-02,37,5320,21,5530,5223,5480
2008-09-03,156,5160,21,5490,5223,5400
2008-09-04,25,5220,21,5430,5184,5400
2008-09-05,54,5200,21,5490,5223,5200
2008-09-08,28,5400,22,5650,5465,5400
2008-09-09,12,5550,22,5650,5378,5650
2008-09-10,72,5410,24,6220,5900,5560
2008-09-11,67,5830,24,6170,5919,5990
2008-09-12,69,6000,24,6280,5948,6280
2008-09-16,53,5430,24,6100,5900,5500
2008-09-17,86,5950,23,6100,5784,6100
2008-09-18,71,5570,22,5970,5484,5970
2008-09-19,51,5760,23,5910,5639,5800
2008-09-22,78,5840,24,6010,5803,5840
2008-09-23,44,5840,23,6030,5658,6030
2008-09-24,602,5590,22,5870,5484,5760
2008-09-25,226,5580,22,5670,5436,5640
2008-09-26,286,5440,23,5800,5610,5650
2008-09-29,36,5660,22,5950,5552,5950
2008-09-30,89,5370,22,5740,5552,5500
2008-10-01,400,5410,22,5770,5378,5690
2008-10-02,81,5330,21,5610,5155,5610
2008-10-06,142,5020,20,5240,4913,5240
2008-10-07,255,4700,20,5200,5029,4870
2008-10-08,147,4700,18,5030,4546,4890
2008-10-09,64,4550,18,4845,4555,4550
2008-10-10,231,4180,18,4690,4536,4500
2008-10-13,27,4645,18,4840,4584,4700
2008-10-14,66,4880,20,5290,5029,5000
2008-10-15,25,4980,20,5200,4884,5190
2008-10-16,101,4460,18,4950,4362,4630
2008-10-17,59,4390,18,4740,4357,4590
2008-10-20,37,4420,18,4545,4396,4435
2008-10-21,46,4475,17,4670,4347,4650
2008-10-22,53,4300,17,4660,4256,4510
2008-10-23,36,4080,17,4450,4159,4450
2008-10-24,337,3655,14,4450,3535,4450
2008-10-27,351,3110,15,3780,3656,3110
2008-10-28,177,3400,16,4180,3990,3400
2008-10-29,64,3820,16,4350,3893,4140
2008-10-30,486,4000,17,4510,4159,4090
2008-10-31,404,4160,18,4600,4449,4380
2008-11-03,401,4440,17,4800,4309,4790
2008-11-04,354,4465,18,4665,4512,4465
2008-11-05,975,4620,19,4950,4691,4750
2008-11-06,795,4600,19,5090,4681,4750
2008-11-07,664,4640,19,4920,4671,4750
2008-11-10,531,4660,19,5000,4696,4885
2008-11-11,71,4705,18,4850,4575,4850
2008-11-12,250,4540,18,4700,4488,4700
2008-11-13,11,4385,17,4595,4314,4595
2008-11-14,94,4350,17,4690,4256,4480
2008-11-17,29,4260,17,4400,4193,4300
2008-11-18,67,4100,16,4375,3965,4350
2008-11-19,36,4000,16,4240,3994,4240
2008-11-20,38,3730,15,4130,3782,4000
2008-11-21,56,3615,16,4335,3902,3615
2008-11-24,47,3850,15,4065,3724,3910
2008-11-25,50,3930,15,4030,3801,4030
2008-11-26,61,3910,16,4195,4048,3910
2008-11-27,51,4150,17,4360,4110,4200
2008-11-28,61,4180,17,4450,4304,4250
2008-12-01,1364,4420,20,5110,4942,4550
2008-12-02,1179,5000,20,5340,4855,5200
2008-12-03,1412,4995,20,5500,5029,5130
2008-12-04,468,4880,19,5320,4749,5300
2008-12-05,287,4700,19,4945,4604,4900
2008-12-08,274,4830,19,4940,4729,4830
2008-12-09,161,4890,19,5040,4749,4960
2008-12-10,202,4915,19,5060,4817,5020
2008-12-11,196,4925,20,5180,4923,5010
2008-12-12,248,4920,20,5130,4884,5100
2008-12-15,250,5130,21,5300,5126,5170
2008-12-16,178,5190,21,5410,5126,5300
2008-12-17,155,5130,20,5440,4991,5390
2008-12-18,210,5100,20,5400,4991,5110
2008-12-19,119,1272500,5280,1320000,1276809,1287500
2008-12-22,166,1325000,5380,1357500,1300991,1342500
2008-12-23,179,1280000,5200,1350000,1257464,1345000
2008-12-24,204,1282500,5380,1345000,1300991,1282500
2008-12-26,501,1355000,5480,1447500,1325173,1380000
2008-12-29,210,1105000,4640,1235000,1122180,1235000
2008-12-30,206,1137500,4910,1227500,1187479,1193750
2009-01-02,84,1165000,4770,1225000,1153620,1225000
2009-01-05,104,1160000,4660,1195000,1127017,1195000
2009-01-06,112,1147500,4620,1178750,1117343,1147500
2009-01-07,134,1151250,4620,1172500,1117343,1160000
2009-01-08,88,1132500,4540,1148750,1097995,1138750
2009-01-09,73,1126250,4520,1150000,1093158,1135000
2009-01-12,116,1095000,4380,1130000,1059299,1106250
2009-01-13,86,1063750,4400,1116250,1064136,1067500
2009-01-14,44,1100000,4475,1122500,1082274,1112500
2009-01-15,75,1053750,4290,1122500,1037532,1122500
2009-01-16,106,1050000,4240,1075000,1025440,1075000
2009-01-19,139,1043750,4265,1072500,1031486,1060000
2009-01-20,97,1042500,4210,1072500,1018184,1051250
2009-01-21,98,1006250,4130,1046250,998836,1025000
2009-01-22,62,1037500,4165,1053750,1007301,1038750
2009-01-23,47,1002500,4070,1038750,984326,1038750
2009-01-28,85,1022500,4170,1045000,1008510,1022500
2009-01-29,440,1050000,4360,1122500,1054462,1050000
2009-01-30,124,1078750,4400,1103750,1064136,1087500
2009-02-02,75,1092500,4370,1117500,1056880,1112500
2009-02-03,291,1051250,4300,1100000,1039951,1088750
2009-02-04,163,1080000,4450,1112500,1076228,1083750
2009-02-05,218,1107500,4435,1150000,1072600,1112500
2009-02-06,178,1112500,4475,1148750,1082274,1112500
2009-02-09,123,1105000,4435,1142500,1072600,1142500
2009-02-10,87,1098750,4415,1115000,1067764,1108750
2009-02-11,103,1075000,4410,1108750,1066554,1087500
2009-02-12,178,1096250,4500,1141250,1088321,1111250
2009-02-13,316,1130000,4650,1186250,1124598,1148750
2009-02-16,200,1148750,4680,1201250,1131854,1163750
2009-02-17,314,1111250,4480,1172500,1083484,1170000
2009-02-18,175,1087500,4400,1120000,1064136,1101250
2009-02-19,437,1082500,4610,1175000,1114924,1103750
2009-02-20,223,1090000,4500,1157500,1088321,1150000
2009-02-23,1090,1098750,4950,1247500,1197153,1098750
2009-02-24,543,1192500,4880,1245000,1180223,1212500
2009-02-25,1298,1220000,5360,1345000,1296311,1270000
2009-02-26,1016,1280000,5120,1397500,1238267,1350000
2009-02-27,378,1262500,5100,1300000,1233430,1275000
2009-03-02,293,1212500,5000,1275000,1209245,1275000
2009-03-03,987,1225000,5400,1350000,1305985,1225000
2009-03-04,2558,1350000,6210,1552500,1501883,1375000
2009-03-05,3334,1540000,7000,1775000,1692944,1587500
2009-03-06,1704,1685000,7080,1817500,1712291,1700000
2009-03-09,969,1717500,7100,1830000,1717128,1802500
2009-03-10,1746,1775000,7470,1925000,1806613,1775000
2009-03-11,473,1827500,7470,1925000,1806613,1925000
2009-03-12,454,1837500,7430,1895000,1796939,1837500
2009-03-13,759,1742500,7160,1862500,1731639,1857500
2009-03-16,880,1770000,7620,2000000,1842890,1770000
2009-03-17,671,1875000,8020,2025000,1939630,1925000
2009-03-18,489,1977500,8240,2100000,1992837,2015000
2009-03-19,657,1977500,8100,2087500,1958977,2075000
2009-03-20,597,2017500,8640,2222500,2089576,2025000
2009-03-23,82,2160000,8850,2212500,2140365,2187500
2009-03-24,372,2137500,8620,2212500,2084739,2182500
2009-03-25,741,2165000,9050,2315000,2188735,2165000
2009-03-26,524,2207500,9300,2325000,2249197,2285000
2009-03-27,620,2172500,9000,2350000,2176642,2327500
2009-03-30,226,2175000,8800,2262500,2128272,2250000
2009-03-31,330,2177500,9000,2260000,2176642,2200000
2009-04-01,354,2225000,9030,2300000,2183897,2300000
2009-04-02,550,2207500,8850,2297500,2140365,2250000
2009-04-03,675,2127500,8700,2250000,2104087,2220000
2009-04-06,588,2165000,8780,2237500,2123435,2185000
2009-04-07,971,2155000,9460,2430000,2287892,2182500
2009-04-08,4791,2262500,9050,2575000,2188735,2497500
2009-04-09,1283,2267500,9260,2355000,2239523,2300000
2009-04-10,1002,2255000,9090,2347500,2198408,2340000
2009-04-13,1013,2247500,9250,2352500,2237104,2267500
2009-04-14,1251,2252500,9180,2355000,2220175,2355000
2009-04-15,1460,2062500,8580,2290000,2075065,2275000
2009-04-16,1192,2022500,8150,2192500,1971070,2175000
2009-04-17,703,1900000,7760,2087500,1876749,2065000
2009-04-20,759,1897500,8130,2032500,1966233,1945000
2009-04-21,724,1952500,8390,2115000,2029114,1987500
2009-04-22,776,2062500,8380,2140000,2026695,2120000
2009-04-23,2202,2100000,9320,2330000,2254034,2100000
2009-04-24,1576,2185000,8870,2457500,2145201,2307500
2009-04-27,1015,2052500,8340,2267500,2017021,2227500
2009-04-28,649,1907500,7700,2087500,1862238,2075000
2009-04-29,545,1922500,8130,2047500,1966233,1930000
2009-04-30,684,2040000,8550,2142500,2067810,2070000
2009-05-04,729,2117500,8500,2220000,2055717,2162500
2009-05-06,374,2025000,8250,2150000,1995255,2125000
2009-05-07,464,2000000,8240,2095000,1992837,2087500
2009-05-08,596,1990000,8140,2062500,1968652,2062500
2009-05-11,953,2000000,8050,2107500,1946885,2067500
2009-05-12,554,1965000,7940,2015000,1920282,1975000
2009-05-13,1113,1987500,8450,2112500,2043625,1992500
2009-05-14,639,2050000,8360,2112500,2021858,2112500
2009-05-15,1279,2075000,8360,2162500,2021858,2122500
2009-05-18,2336,2075000,8870,2237500,2145201,2075000
2009-05-19,2477,2182500,9280,2350000,2244360,2242500
2009-05-20,1353,2250000,9270,2330000,2241941,2325000
2009-05-21,851,2175000,8980,2310000,2171805,2287500
2009-05-22,844,2175000,8700,2275000,2104087,2220000
2009-05-25,1065,1987500,8500,2297500,2055717,2142500
2009-05-26,590,2037500,8330,2170000,2014603,2170000
2009-05-27,532,2010000,8290,2122500,2004929,2105000
2009-05-28,425,1900000,8100,2060000,1958977,2057500
2009-05-29,289,1975000,8050,2050000,1946885,2050000
2009-06-01,956,2015000,8180,2112500,1978326,2042500
2009-06-02,732,2050000,8240,2127500,1992837,2075000
2009-06-03,278,2060000,8280,2097500,2002510,2080000
2009-06-04,454,1987500,8030,2087500,1942048,2065000
2009-06-05,300,1980000,8040,2062500,1944467,2027500
2009-06-08,964,2025000,8310,2137500,2009766,2062500
2009-06-09,1433,2080000,8460,2165000,2046043,2120000
2009-06-10,424,2062500,8400,2130000,2031532,2115000
2009-06-11,893,2077500,8700,2195000,2104087,2090000
2009-06-12,456,2127500,8750,2215000,2116180,2192500
2009-06-15,307,2135000,8550,2200000,2067810,2165000
2009-06-16,383,2087500,8520,2140000,2060554,2100000
2009-06-17,430,2122500,8800,2200000,2128272,2125000
2009-06-18,606,2120000,8600,2242500,2079902,2212500
2009-06-19,530,2032500,8350,2152500,2019440,2150000
2009-06-22,242,2035000,8290,2100000,2004929,2052500
2009-06-23,573,1955000,7830,2037500,1893678,2030000
2009-06-24,340,1935000,7830,2000000,1893678,1965000
2009-06-25,271,1940000,7850,1997500,1898515,1957500
2009-06-26,230,1957500,7850,1987500,1898515,1987500
2009-06-29,192,1935000,7880,1997500,1905771,1975000
2009-06-30,400,1937500,8240,2060000,1992837,1977500
2009-07-01,587,2050000,8590,2150000,2077484,2062500
2009-07-02,656,2112500,8620,2180000,2084739,2157500
2009-07-03,476,2112500,8720,2202500,2108924,2112500
2009-07-06,798,2167500,8800,2242500,2128272,2172500
2009-07-07,905,2200000,9040,2277500,2186316,2237500
2009-07-08,323,2200000,8870,2272500,2145201,2250000
2009-07-09,782,2190000,9010,2307500,2179060,2235000
2009-07-10,372,2187500,8850,2270000,2140365,2245000
2009-07-13,395,2087500,8400,2237500,2031532,2210000
2009-07-14,387,2025000,8220,2147500,1987999,2107500
2009-07-15,124,2057500,8400,2122500,2031532,2057500
2009-07-16,178,2037500,8210,2125000,1985581,2102500
2009-07-17,1035,1995000,9020,2292500,2181479,2055000
2009-07-20,882,2207500,9060,2290000,2191153,2265000
2009-07-21,1020,2227500,9000,2310000,2176642,2265000
2009-07-22,15873,2325000,9550,2587500,2309659,2350000
2009-07-23,3326,2200000,9000,2412500,2176642,2400000
2009-07-24,1195,2172500,8800,2287500,2128272,2280000
2009-07-27,1005,2175000,8740,2235000,2113761,2190000
2009-07-28,1128,2062500,8500,2207500,2055717,2197500
2009-07-29,604,2082500,8450,2187500,2043625,2125000
2009-07-30,706,2095000,8840,2212500,2137946,2095000
2009-07-31,473,2182500,8750,2220000,2116180,2202500
2009-08-03,515,2157500,8950,2240000,2164549,2215000
2009-08-04,961,2212500,9050,2305000,2188735,2247500
2009-08-05,953,2250000,9140,2302500,2210501,2290000
2009-08-06,2684,2285000,9750,2475000,2358029,2320000
2009-08-07,1480,2375000,9560,2462500,2312078,2375000
2009-08-10,776,2405000,9770,2455000,2362866,2442500
2009-08-11,6916,2300000,9240,2612500,2234686,2442500
2009-08-12,1368,2260000,9240,2362500,2234686,2317500
2009-08-13,855,2297500,9440,2362500,2283055,2315000
2009-08-14,834,2315000,9610,2427500,2324170,2360000
2009-08-17,662,2332500,9460,2412500,2287892,2412500
2009-08-18,952,2290000,9280,2372500,2244360,2325000
2009-08-19,2609,2335000,9790,2537500,2367703,2335000
2009-08-20,1645,2460000,10150,2587500,2454768,2470000
2009-08-21,1111,2437500,9940,2562500,2403980,2550000
2009-08-24,1506,2365000,9520,2600000,2302403,2497500
2009-08-25,668,2345000,9630,2430000,2329007,2345000
2009-08-26,438,2395000,9630,2435000,2329007,2435000
2009-08-27,1744,2412500,9700,2537500,2345936,2440000
2009-08-28,626,2422500,9710,2482500,2348355,2482500
2009-08-31,1070,2405000,9910,2525000,2396725,2410000
2009-09-01,1092,2467500,10100,2537500,2442676,2487500
2009-09-02,2424,2467500,10700,2687500,2587785,2475000
2009-09-03,1505,2625000,10850,2737500,2624063,2712500
2009-09-04,1496,2600000,11100,2787500,2684525,2737500
2009-09-07,1838,2700000,10850,2887500,2624063,2787500
2009-09-08,1890,2662500,11000,2812500,2660340,2737500
2009-09-09,1097,2662500,10650,2837500,2575693,2762500
2009-09-10,1392,2600000,11300,2825000,2732895,2675000
2009-09-11,1564,2787500,11700,2950000,2829635,2825000
2009-09-14,1194,2812500,11400,2975000,2757080,2975000
2009-09-15,1099,2700000,11050,2887500,2672433,2825000
2009-09-16,1485,2650000,11300,2825000,2732895,2787500
2009-09-17,5066,2412500,9780,2862500,2365284,2787500
2009-09-18,2417,2367500,9500,2562500,2297566,2400000
2009-09-21,855,2325000,9300,2430000,2249197,2375000
2009-09-22,811,2325000,9420,2387500,2278218,2325000
2009-09-23,1102,2257500,9100,2362500,2200827,2350000
2009-09-24,2163,2052500,8640,2285000,2089576,2262500
2009-09-25,813,2080000,8790,2210000,2125853,2150000
2009-09-28,323,2132500,8590,2217500,2077484,2217500
2009-09-29,429,2100000,8580,2172500,2075065,2167500
2009-09-30,642,2130000,8700,2230000,2104087,2130000
2009-10-01,994,2162500,8850,2262500,2140365,2175000
2009-10-05,337,2150000,8600,2212500,2079902,2175000
2009-10-06,446,2125000,8590,2187500,2077484,2155000
2009-10-07,661,2090000,8380,2170000,2026695,2150000
2009-10-08,487,2092500,8420,2132500,2036369,2092500
2009-10-09,638,2105000,8600,2170000,2079902,2115000
2009-10-12,458,2150000,8780,2225000,2123435,2155000
2009-10-13,395,2175000,8750,2220000,2116180,2175000
2009-10-14,323,2180000,8810,2210000,2130691,2200000
2009-10-15,371,2207500,8920,2235000,2157294,2207500
2009-10-16,312,2197500,8790,2230000,2125853,2230000
2009-10-19,538,2092500,8480,2197500,2050880,2197500
2009-10-20,457,2082500,8340,2140000,2017021,2127500
2009-10-21,303,2057500,8230,2115000,1990418,2085000
2009-10-22,511,1997500,7990,2047500,1932374,2035000
2009-10-23,575,1930000,7810,2030000,1888841,2017500
2009-10-26,271,1952500,7880,2000000,1905771,1952500
2009-10-27,394,1925000,7750,1975000,1874330,1927500
2009-10-28,627,1805000,7240,1962500,1750987,1937500
2009-10-29,686,1725000,7100,1785000,1717128,1765000
2009-10-30,506,1800000,7410,1865000,1792102,1800000
2009-11-02,439,1787500,7500,1897500,1813868,1837500
2009-11-03,967,1905000,7800,2002500,1886423,1907500
2009-11-04,427,1912500,7710,1987500,1864656,1987500
2009-11-05,463,1915000,7830,2010000,1893678,1917500
2009-11-06,311,1940000,7770,1997500,1879167,1997500
2009-11-09,325,1910000,7650,1982500,1850146,1955000
2009-11-10,499,1842500,7410,1957500,1792102,1930000
2009-11-11,337,1832500,7420,1877500,1794520,1850000
2009-11-12,291,1850000,7480,1882500,1809031,1857500
2009-11-13,152,1840000,7360,1880000,1780009,1875000
2009-11-16,226,1792500,7220,1867500,1746150,1867500
2009-11-17,289,1800000,7240,1870000,1750987,1817500
2009-11-18,138,1802500,7230,1835000,1748569,1810000
2009-11-19,267,1787500,7250,1827500,1753406,1812500
2009-11-20,610,1825000,7630,1910000,1845309,1825000
2009-11-23,465,1907500,7720,1960000,1867075,1912500
2009-11-24,337,1927500,7730,1972500,1869493,1955000
2009-11-25,512,1900000,7830,1982500,1893678,1937500
2009-11-26,337,1932500,7780,1987500,1881586,1952500
2009-11-27,516,1827500,7310,1925000,1767917,1900000
2009-11-30,356,1855000,7480,1892500,1809031,1872500
2009-12-01,361,1890000,7800,1955000,1886423,1895000
2009-12-02,1367,1967500,8190,2085000,1980744,1967500
2009-12-03,451,2025000,8120,2070000,1963815,2062500
2009-12-04,598,2012500,8340,2112500,2017021,2030000
2009-12-07,413,2082500,8330,2127500,2014603,2085000
2009-12-08,282,2060000,8340,2100000,2017021,2087500
2009-12-09,297,2042500,8350,2090000,2019440,2062500
2009-12-10,269,2080000,8350,2102500,2019440,2100000
2009-12-11,469,2085000,8490,2137500,2053299,2105000
2009-12-14,996,2132500,8680,2212500,2099250,2165000
2009-12-15,648,2165000,8770,2200000,2121016,2200000
2009-12-16,386,2175000,8800,2210000,2128272,2175000
2009-12-17,525,2200000,8800,2242500,2128272,2225000
2009-12-18,650,2180000,8970,2262500,2169386,2185000
2009-12-21,854,2240000,9250,2325000,2237104,2275000
2009-12-22,708,2250000,9070,2335000,2193572,2332500
2009-12-23,587,2240000,9050,2290000,2188735,2287500
2009-12-24,612,2265000,9180,2302500,2220175,2265000
2009-12-28,1093,2232500,8960,2325000,2166968,2312500
2009-12-29,166893,7940,8000,8270,7739,8250
2009-12-30,127485,7960,8000,8100,7739,8100
2010-01-04,312431,7960,8560,8670,8281,8020
2010-01-05,227085,8410,8720,8730,8436,8680
2010-01-06,623131,8720,9250,9480,8949,8790
2010-01-07,248254,9050,9150,9360,8852,9250
2010-01-08,355584,9090,9800,9820,9481,9200
2010-01-11,960168,9570,9800,10350,9481,10200
2010-01-12,298573,9620,9650,10200,9336,9800
2010-01-13,303569,9170,9290,9580,8987,9580
2010-01-14,134946,9310,9400,9490,9094,9310
2010-01-15,292251,9470,9750,9810,9433,9510
2010-01-18,241744,9700,9710,10000,9394,9830
2010-01-19,234209,9300,9300,9750,8997,9750
2010-01-20,178613,9130,9240,9450,8939,9450
2010-01-21,186769,9120,9600,9600,9287,9250
2010-01-22,147864,9260,9350,9500,9046,9500
2010-01-25,131048,9040,9100,9430,8804,9200
2010-01-26,279395,9090,9190,9570,8891,9350
2010-01-27,154892,8850,8900,9310,8610,9300
2010-01-28,111555,8710,8900,9020,8610,8950
2010-01-29,254061,8300,8350,8820,8078,8720
2010-02-01,67617,8230,8600,8600,8320,8440
2010-02-02,89454,8530,8630,8750,8349,8750
2010-02-03,2055832,8950,9050,9920,8755,9610
2010-02-04,283228,8790,9000,9180,8707,9100
2010-02-05,259971,8350,8850,8850,8562,8460
2010-02-08,252131,8710,8710,9170,8426,8990
2010-02-09,387063,8120,8300,8730,8030,8710
2010-02-10,166099,8240,8240,8490,7972,8430
2010-02-11,147128,8160,8230,8340,7962,8240
2010-02-12,98285,8230,8390,8390,8117,8250
2010-02-16,173852,8390,8620,8720,8339,8390
2010-02-17,150313,8540,8650,8800,8368,8750
2010-02-18,106280,8500,8520,8690,8243,8660
2010-02-19,176021,8150,8170,8480,7904,8420
2010-02-22,171916,8240,8270,8410,8001,8240
2010-02-23,140281,8290,8290,8450,8020,8380
2010-02-24,120078,8150,8180,8260,7914,8210
2010-02-25,158804,7970,7990,8300,7730,8230
2010-02-26,70405,7970,7980,8100,7720,8050
2010-03-02,84726,8000,8070,8160,7807,8030
2010-03-03,221720,8150,8240,8400,7972,8250
2010-03-04,533420,8190,8390,8760,8117,8240
2010-03-05,157862,8230,8310,8400,8039,8390
2010-03-08,156881,8330,8400,8470,8126,8400
2010-03-09,129029,8250,8280,8460,8010,8460
2010-03-10,107727,8180,8190,8330,7923,8270
2010-03-11,156077,8170,8410,8430,8136,8240
2010-03-12,260535,8400,8400,8660,8126,8510
2010-03-15,100028,8240,8240,8440,7972,8440
2010-03-16,65658,8170,8280,8340,8010,8210
2010-03-17,137430,8310,8530,8550,8252,8320
2010-03-18,93872,8410,8440,8590,8165,8590
2010-03-19,88132,8340,8440,8500,8165,8500
2010-03-22,103848,8420,8550,8550,8272,8500
2010-03-23,410650,8700,8700,8950,8417,8700
2010-03-24,165860,8450,8500,8790,8223,8750
2010-03-25,162718,8370,8750,8820,8465,8590
2010-03-26,122117,8730,8750,8880,8465,8850
2010-03-29,151681,8450,8510,8680,8233,8650
2010-03-30,128772,8480,8500,8630,8223,8600
2010-03-31,171865,8480,8520,8730,8243,8650
2010-04-01,249193,8490,8710,8750,8426,8560
2010-04-02,802552,8710,8870,9060,8581,8800
2010-04-05,262000,8350,8440,8870,8165,8870
2010-04-06,197760,8250,8310,8550,8039,8450
2010-04-07,172469,8260,8550,8570,8272,8270
2010-04-08,101372,8410,8590,8660,8310,8410
2010-04-09,123519,8400,8530,8800,8252,8640
2010-04-12,164567,8290,8310,8640,8039,8490
2010-04-13,105297,8220,8250,8390,7981,8320
2010-04-14,89674,8260,8260,8370,7991,8270
2010-04-15,105352,8280,8370,8400,8097,8310
2010-04-16,99669,8300,8300,8420,8030,8370
2010-04-19,92085,8130,8160,8280,7894,8230
2010-04-20,62042,8190,8290,8290,8020,8200
2010-04-21,116479,8270,8450,8450,8175,8270
2010-04-22,87484,8340,8340,8480,8068,8370
2010-04-23,207533,8310,8600,8660,8320,8340
2010-04-26,129396,8540,8540,8740,8262,8630
2010-04-27,339758,8500,8840,8890,8552,8620
2010-04-28,508675,8560,9000,9010,8707,8660
2010-04-29,368110,8870,8870,9250,8581,9190
2010-04-30,335832,8890,9120,9150,8823,8930
2010-05-03,178864,8760,8830,9130,8542,9100
2010-05-04,157150,8830,8900,9050,8610,8900
2010-05-06,209852,8380,8440,8720,8165,8600
2010-05-07,235516,7900,8070,8340,7807,8000
2010-05-10,159970,8100,8290,8370,8020,8200
2010-05-11,326433,8420,8520,8660,8243,8490
2010-05-12,105757,8370,8400,8620,8126,8560
2010-05-13,318088,8400,8710,8830,8426,8530
2010-05-14,226151,8710,8770,8910,8484,8710
2010-05-17,218043,8270,8310,8840,8039,8840
2010-05-18,162098,8100,8230,8550,7962,8550
2010-05-19,137211,7960,8170,8220,7904,8130
2010-05-20,152197,7800,7850,8240,7594,7950
2010-05-24,126358,7500,7750,7810,7498,7640
2010-05-25,276015,6590,7010,7680,6782,7680
2010-05-26,122550,7090,7440,7450,7198,7090
2010-05-27,87795,7300,7680,7730,7430,7370
2010-05-28,105981,7660,7670,7860,7420,7850
2010-05-31,57542,7570,7780,7810,7527,7570
2010-06-01,97580,7590,7700,7840,7449,7710
2010-06-03,150312,7760,7800,7920,7546,7760
2010-06-04,85346,7720,7860,7860,7604,7720
2010-06-07,77730,7520,7550,7620,7304,7610
2010-06-08,62469,7470,7680,7710,7430,7470
2010-06-09,389768,7750,7770,8060,7517,7780
2010-06-10,92688,7720,7750,7880,7498,7810
2010-06-11,117542,7710,7710,7880,7459,7850
2010-06-14,79067,7740,7780,7910,7527,7820
2010-06-15,308887,7750,7990,8160,7730,7790
2010-06-16,105208,7920,7950,8130,7691,8130
2010-06-17,122512,7790,7850,8000,7594,7960
2010-06-18,72870,7740,7800,7900,7546,7870
2010-06-21,96322,7810,7920,7950,7662,7830
2010-06-22,75289,7780,7840,7930,7585,7930
2010-06-23,124050,7630,7660,7830,7410,7780
2010-06-24,53748,7650,7700,7720,7449,7670
2010-06-25,92026,7550,7580,7660,7333,7600
2010-06-28,61212,7560,7570,7700,7323,7700
2010-06-29,129908,7570,7600,7820,7352,7580
2010-06-30,96024,7310,7460,7580,7217,7460
2010-07-01,69958,7320,7390,7540,7149,7460
2010-07-02,91905,7270,7400,7480,7159,7400
2010-07-05,44597,7290,7330,7440,7091,7370
2010-07-06,126132,7270,7600,7650,7352,7280
2010-07-07,163201,7510,7560,7840,7314,7780
2010-07-08,90029,7480,7510,7650,7265,7650
2010-07-09,89426,7450,7450,7570,7207,7490
2010-07-12,65674,7420,7530,7620,7285,7420
2010-07-13,107195,7530,7670,7760,7420,7530
2010-07-14,81253,7620,7660,7740,7410,7730
2010-07-15,41654,7600,7630,7670,7381,7670
2010-07-16,74164,7540,7580,7710,7333,7630
2010-07-19,75766,7450,7450,7550,7207,7500
2010-07-20,55160,7450,7470,7520,7227,7450
2010-07-21,161156,7570,7680,7750,7430,7730
2010-07-22,100715,7430,7560,7680,7314,7620
2010-07-23,74085,7480,7510,7610,7265,7600
2010-07-26,120822,7500,7680,7710,7430,7540
2010-07-27,86935,7610,7710,7780,7459,7710
2010-07-28,105614,7660,7780,7790,7527,7720
2010-07-29,104908,7700,7770,7880,7517,7710
2010-07-30,85380,7600,7770,7770,7517,7750
2010-08-02,53322,7610,7660,7830,7410,7830
2010-08-03,62321,7660,7680,7800,7430,7700
2010-08-04,50255,7610,7680,7710,7430,7700
2010-08-05,67760,7630,7690,7820,7439,7730
2010-08-06,295937,7620,7850,7930,7594,7670
2010-08-09,165878,7850,7850,8030,7594,7950
2010-08-10,258451,7790,7930,8050,7672,7920
2010-08-11,143835,7830,7930,8100,7672,7970
2010-08-12,95369,7750,7810,7860,7556,7830
2010-08-13,89718,7810,7980,8010,7720,7840
2010-08-16,75381,7900,7940,8060,7681,8020
2010-08-17,93150,7850,7900,8040,7643,7950
2010-08-18,112040,7760,7780,7980,7527,7910
2010-08-19,112712,7760,7820,7880,7565,7800
2010-08-20,161553,7620,7650,7790,7401,7740
2010-08-23,97945,7550,7550,7720,7304,7700
2010-08-24,69469,7450,7460,7660,7217,7550
2010-08-25,46280,7350,7390,7450,7149,7450
2010-08-26,44747,7380,7380,7530,7140,7410
2010-08-27,79606,7240,7260,7480,7023,7400
2010-08-30,58928,7340,7400,7450,7159,7340
2010-08-31,44395,7300,7360,7410,7120,7400
2010-09-01,47695,7320,7480,7480,7236,7410
2010-09-02,49960,7500,7550,7600,7304,7510
2010-09-03,60527,7530,7650,7680,7401,7640
2010-09-06,51542,7620,7670,7730,7420,7690
2010-09-07,48789,7620,7620,7730,7372,7700
2010-09-08,51580,7500,7560,7630,7314,7580
2010-09-09,111903,7570,7860,7880,7604,7590
2010-09-10,57376,7800,7850,7930,7594,7800
2010-09-13,73149,7900,7900,7990,7643,7940
2010-09-14,79777,7720,7850,7980,7594,7980
2010-09-15,45892,7740,7760,7920,7507,7860
2010-09-16,69206,7770,7790,7930,7536,7800
2010-09-17,70554,7790,7900,7910,7643,7790
2010-09-20,36697,7840,7850,7970,7594,7950
2010-09-24,38196,7650,7800,7930,7546,7930
2010-09-27,108515,7710,7750,7870,7498,7850
2010-09-28,99425,7710,7820,7870,7565,7750
2010-09-29,87611,7850,7950,7980,7691,7850
2010-09-30,77436,7900,8050,8050,7788,7980
2010-10-01,188183,7810,7810,8070,7556,8070
2010-10-04,59791,7820,7890,7910,7633,7830
2010-10-05,44306,7790,7890,7920,7633,7890
2010-10-06,123316,7870,7910,7980,7652,7910
2010-10-07,95445,7920,8000,8030,7739,7930
2010-10-08,115052,7950,8090,8110,7826,8000
2010-10-11,132415,7940,7940,8160,7681,8150
2010-10-12,101491,7740,7760,7950,7507,7940
2010-10-13,59216,7760,7940,7940,7681,7800
2010-10-14,113642,7910,7970,8020,7710,8000
2010-10-15,317839,7950,8310,8320,8039,7970
2010-10-18,347977,8350,8450,8610,8175,8370
2010-10-19,150860,8320,8330,8550,8059,8550
2010-10-20,125901,8250,8500,8510,8223,8280
2010-10-21,112935,8380,8400,8580,8126,8550
2010-10-22,179748,8300,8470,8490,8194,8400
2010-10-25,225116,8460,8640,8680,8359,8550
2010-10-26,196349,8570,8670,8850,8388,8700
2010-10-27,145403,8450,8680,8700,8397,8640
2010-10-28,131717,8510,8620,8710,8339,8640
2010-10-29,116588,8490,8640,8690,8359,8630
2010-11-01,180913,8400,8600,8660,8320,8660
2010-11-02,201033,8310,8310,8680,8039,8680
2010-11-03,120672,8230,8300,8420,8030,8320
2010-11-04,105512,8400,8520,8550,8243,8410
2010-11-05,125763,8400,8450,8610,8175,8610
2010-11-08,88088,8400,8430,8570,8155,8490
2010-11-09,84682,8290,8330,8470,8059,8450
2010-11-10,115777,8200,8200,8380,7933,8290
2010-11-11,360434,7780,7840,7970,7585,7970
2010-11-12,199902,7530,7560,7920,7314,7900
2010-11-15,130988,7400,7490,7570,7246,7510
2010-11-16,73507,7400,7400,7560,7159,7460
2010-11-17,77431,7310,7540,7560,7294,7400
2010-11-18,61127,7490,7610,7650,7362,7500
2010-11-19,44049,7570,7650,7680,7401,7610
2010-11-22,53055,7580,7640,7700,7391,7650
2010-11-23,86976,7450,7450,7660,7207,7620
2010-11-24,72495,6850,7250,7290,7014,7160
2010-11-25,82635,7190,7190,7380,6956,7380
2010-11-26,101574,6970,7000,7250,6772,7180
2010-11-29,68718,6910,7020,7080,6791,6950
2010-11-30,38665,7000,7350,7350,7111,7000
2010-12-01,42574,7150,7260,7300,7023,7290
2010-12-02,36235,7250,7410,7430,7169,7260
2010-12-03,33659,7300,7370,7480,7130,7480
2010-12-06,183364,7300,7530,7610,7285,7330
2010-12-07,55100,7420,7450,7610,7207,7610
2010-12-08,41740,7410,7530,7540,7285,7450
2010-12-09,51598,7470,7690,7690,7439,7470
2010-12-10,20590,7620,7650,7700,7401,7680
2010-12-13,36575,7580,7620,7680,7372,7620
2010-12-14,39356,7540,7570,7660,7323,7560
2010-12-15,33212,7540,7650,7670,7401,7570
2010-12-16,52910,7510,7520,7720,7275,7660
2010-12-17,37490,7460,7510,7600,7265,7530
2010-12-20,43803,7280,7360,7480,7120,7450
2010-12-21,23131,7390,7470,7540,7227,7390
2010-12-22,32612,7430,7440,7540,7198,7460
2010-12-23,43431,7370,7400,7510,7159,7450
2010-12-24,36977,7360,7420,7460,7178,7360
2010-12-27,57073,7400,7470,7500,7227,7400
2010-12-28,62164,7440,7500,7550,7256,7440
2010-12-29,57084,7090,7100,7230,7009,7230
2010-12-30,32298,7110,7230,7250,7137,7140
2011-01-03,95683,7240,7260,7340,7167,7330
2011-01-04,87087,7180,7200,7350,7108,7350
2011-01-05,66790,7110,7180,7200,7088,7150
2011-01-06,165227,7030,7080,7260,6989,7130
2011-01-07,43443,7040,7060,7140,6969,7140
2011-01-10,77213,7040,7090,7120,6999,7080
2011-01-11,64538,7030,7050,7150,6960,7150
2011-01-12,37849,7030,7040,7100,6950,7070
2011-01-13,64930,7020,7020,7090,6930,7050
2011-01-14,209118,7200,7200,7400,7108,7230
2011-01-17,78524,7110,7120,7290,7029,7250
2011-01-18,62717,7040,7060,7160,6969,7140
2011-01-19,52934,7010,7050,7100,6960,7060
2011-01-20,53622,7010,7020,7070,6930,7050
2011-01-21,90334,6930,6930,7060,6841,7020
2011-01-24,53747,6840,6850,6970,6762,6900
2011-01-25,33438,6800,6800,6890,6713,6800
2011-01-26,27854,6800,6860,6940,6772,6850
2011-01-27,42212,6870,6890,6970,6802,6900
2011-01-28,49974,6820,6820,6910,6732,6870
2011-01-31,57908,6620,6660,6800,6574,6800
2011-02-01,52959,6660,6670,6750,6584,6700
2011-02-07,33933,6700,6780,6810,6693,6700
2011-02-08,27627,6730,6740,6840,6653,6750
2011-02-09,36064,6650,6650,6770,6565,6750
2011-02-10,31774,6570,6580,6710,6496,6700
2011-02-11,38546,6530,6590,6650,6505,6630
2011-02-14,38037,6530,6550,6620,6466,6540
2011-02-15,55162,6480,6490,6600,6407,6600
2011-02-16,62596,6340,6380,6540,6298,6540
2011-02-17,66835,6180,6180,6380,6101,6350
2011-02-18,25165,6110,6300,6300,6219,6240
2011-02-21,31308,6200,6200,6350,6120,6300
2011-02-22,22322,6070,6100,6200,6022,6190
2011-02-23,32945,6060,6080,6190,6002,6100
2011-02-24,46454,5990,6010,6130,5933,6020
2011-02-25,62380,5890,6010,6050,5933,6050
2011-02-28,35338,5890,5900,6000,5824,5930
2011-03-02,34810,5750,5810,5960,5735,5820
2011-03-03,53084,5750,5930,5950,5854,5800
2011-03-04,131453,5950,6220,6310,6140,5950
2011-03-07,65524,6140,6150,6310,6071,6290
2011-03-08,43365,6070,6140,6200,6061,6120
2011-03-09,36282,6120,6130,6200,6051,6140
2011-03-10,36457,6010,6030,6130,5953,6110
2011-03-11,20589,5950,6060,6070,5982,6000
2011-03-14,46216,5920,5920,6100,5844,6000
2011-03-15,49789,5650,5800,6000,5725,5860
2011-03-16,39884,5720,5860,5940,5785,5720
2011-03-17,34804,5710,5800,5870,5725,5740
2011-03-18,24567,5870,5940,5940,5864,5900
2011-03-21,34934,5950,6070,6100,5992,5950
2011-03-22,35845,6040,6040,6150,5962,6150
2011-03-23,26032,5970,6010,6060,5933,6020
2011-03-24,50202,6020,6130,6130,6051,6090
2011-03-25,40234,6130,6150,6200,6071,6170
2011-03-28,94007,6160,6320,6400,6239,6240
2011-03-29,22887,6290,6350,6380,6268,6380
2011-03-30,53899,6320,6450,6460,6367,6390
2011-03-31,49901,6380,6430,6480,6347,6380
2011-04-01,29463,6330,6350,6410,6268,6340
2011-04-04,46372,6290,6320,6400,6239,6380
2011-04-05,29175,6280,6310,6380,6229,6300
2011-04-06,42897,6260,6270,6380,6189,6260
2011-04-07,20158,6220,6270,6320,6189,6270
2011-04-08,54412,6250,6440,6440,6357,6270
2011-04-11,36653,6300,6310,6470,6229,6470
2011-04-12,60102,6180,6220,6300,6140,6220
2011-04-13,33365,6180,6180,6260,6101,6220
2011-04-14,30875,6160,6170,6280,6091,6190
2011-04-15,30739,6130,6180,6220,6101,6150
2011-04-18,87731,6200,6350,6400,6268,6200
2011-04-19,26252,6200,6230,6300,6150,6280
2011-04-20,58031,6230,6260,6340,6180,6250
2011-04-21,38772,6240,6290,6320,6209,6320
2011-04-22,45335,6110,6150,6290,6071,6290
2011-04-25,64428,5980,6080,6170,6002,6120
2011-04-26,75202,5890,5900,6140,5824,6140
2011-04-27,31435,5900,5950,6030,5874,5910
2011-04-28,56844,5810,5820,6000,5745,5980
2011-04-29,47668,5650,5680,5820,5607,5810
2011-05-02,27544,5690,5750,5830,5676,5720
2011-05-03,34056,5740,5800,5840,5725,5760
2011-05-04,15491,5740,5760,5850,5686,5830
2011-05-06,38969,5650,5660,5760,5587,5730
2011-05-09,42211,5490,5530,5700,5459,5660
2011-05-11,28463,5500,5540,5610,5469,5530
2011-05-12,30667,5490,5500,5550,5429,5490
2011-05-13,17759,5470,5640,5640,5568,5540
2011-05-16,17571,5600,5650,5790,5577,5790
2011-05-17,30541,5500,5560,5660,5489,5660
2011-05-18,13414,5510,5560,5580,5489,5510
2011-05-19,49617,5170,5290,5570,5222,5560
2011-05-20,46671,5090,5160,5300,5094,5280
2011-05-23,12345,5060,5160,5270,5094,5120
2011-05-24,14088,5090,5220,5220,5153,5100
2011-05-25,12096,5110,5220,5250,5153,5250
2011-05-26,24902,5240,5380,5400,5311,5250
2011-05-27,9058,5330,5390,5490,5321,5400
2011-05-30,5430,5220,5390,5450,5321,5420
2011-05-31,12168,5260,5420,5420,5350,5300
2011-06-01,16300,5300,5410,5420,5340,5420
2011-06-02,12124,5270,5330,5350,5261,5330
2011-06-03,8579,5210,5210,5320,5143,5230
2011-06-07,17380,5080,5110,5190,5044,5140
2011-06-08,7163,5070,5090,5190,5025,5110
2011-06-09,10962,5080,5100,5140,5034,5120
2011-06-10,10591,5110,5150,5170,5084,5110
2011-06-13,32541,4940,4945,5130,4881,5120
2011-06-14,28492,4860,4895,4940,4832,4860
2011-06-15,15994,4880,4910,5000,4847,4920
2011-06-16,28156,4740,4740,4880,4679,4880
2011-06-17,20857,4655,4655,4765,4595,4760
2011-06-20,23488,4600,4600,4685,4541,4655
2011-06-21,18366,4555,4560,4650,4501,4600
2011-06-22,35694,4600,4730,4760,4669,4600
2011-06-23,38792,4600,4650,4720,4590,4720
2011-06-24,28391,4625,4800,4810,4738,4700
2011-06-27,15618,4705,4790,4800,4728,4760
2011-06-28,31216,4760,4760,4840,4699,4780
2011-06-29,16076,4710,4740,4800,4679,4755
2011-06-30,16487,4740,4780,4795,4718,4795
2011-07-01,30382,4780,4845,4880,4783,4850
2011-07-04,49045,4920,5000,5170,4936,4920
2011-07-05,20447,4970,5030,5070,4965,5070
2011-07-06,10179,4970,5000,5050,4936,5030
2011-07-07,9663,4980,5000,5100,4936,5100
2011-07-08,30124,4885,4900,5100,4837,5000
2011-07-11,11972,4845,4920,4940,4857,4940
2011-07-12,22716,4810,4830,4915,4768,4915
2011-07-13,16677,4830,4895,4935,4832,4830
2011-07-14,7720,4855,4905,4990,4842,4920
2011-07-15,28612,4880,5000,5010,4936,4905
2011-07-18,50669,4980,5200,5200,5133,5020
2011-07-19,53709,5080,5190,5190,5123,5080
2011-07-20,71227,5190,5280,5350,5212,5230
2011-07-21,31006,5190,5250,5340,5182,5340
2011-07-22,40180,5200,5320,5320,5252,5210
2011-07-25,50559,5150,5200,5340,5133,5270
2011-07-26,14809,5160,5220,5260,5153,5260
2011-07-27,30895,5160,5220,5280,5153,5170
2011-07-28,34809,5090,5110,5200,5044,5170
2011-07-29,42669,5060,5130,5220,5064,5210
2011-08-01,52732,5130,5200,5220,5133,5130
2011-08-02,25630,5090,5100,5210,5034,5160
2011-08-03,42418,4970,5000,5150,4936,5010
2011-08-04,26490,4880,4980,5080,4916,5050
2011-08-05,43446,4650,4715,4870,4654,4725
2011-08-08,36097,4365,4410,4815,4353,4710
2011-08-09,104651,3900,4300,4300,4245,4110
2011-08-10,54449,4350,4460,4550,4403,4450
2011-08-11,13659,4430,4475,4580,4417,4440
2011-08-12,44252,4475,4560,4645,4501,4505
2011-08-16,27317,4630,4700,4750,4640,4750
2011-08-17,57286,4580,4580,4740,4521,4740
2011-08-18,41910,4375,4420,4650,4363,4650
2011-08-19,40086,4100,4120,4200,4067,4150
2011-08-22,10889,4045,4120,4300,4067,4045
2011-08-23,32739,4110,4120,4210,4067,4125
2011-08-24,22743,4080,4085,4190,4032,4190
2011-08-25,29735,4070,4090,4185,4037,4160
2011-08-26,10608,4045,4060,4140,4008,4140
2011-08-29,27139,4070,4175,4300,4121,4115
2011-08-30,39243,4185,4295,4340,4240,4185
2011-08-31,16836,4230,4325,4340,4269,4340
2011-09-01,35998,4275,4290,4410,4235,4410
2011-09-02,14476,4215,4280,4345,4225,4245
2011-09-05,41694,4065,4070,4200,4018,4150
2011-09-06,32225,3920,3960,4150,3909,4070
2011-09-07,24724,3930,3965,4090,3914,4015
2011-09-08,40138,3940,3955,4050,3904,4035
2011-09-09,29191,3920,3980,3985,3929,3985
2011-09-14,24807,3800,3900,3985,3850,3965
2011-09-15,20152,3875,3900,3985,3850,3950
2011-09-16,16070,3910,3995,4000,3944,3970
2011-09-19,8570,3950,3960,4040,3909,4040
2011-09-20,8819,3895,3950,4010,3899,3960
2011-09-21,15413,3985,4030,4090,3978,4000
2011-09-22,17164,3910,3910,4000,3860,4000
2011-09-23,35295,3780,3780,3900,3731,3840
2011-09-26,30645,3500,3500,3880,3455,3880
2011-09-27,20937,3500,3630,3630,3583,3500
2011-09-28,12451,3600,3600,3710,3554,3650
2011-09-29,13543,3530,3640,3640,3593,3580
2011-09-30,11343,3665,3730,3795,3682,3710
2011-10-04,17851,3490,3550,3650,3504,3650
2011-10-05,20378,3405,3430,3650,3386,3650
2011-10-06,5516,3500,3530,3685,3484,3500
2011-10-07,7986,3585,3605,3670,3558,3660
2011-10-10,11948,3605,3630,3725,3583,3700
2011-10-11,12127,3700,3760,3850,3712,3850
2011-10-12,12958,3685,3810,3825,3761,3700
2011-10-13,84050,3810,4285,4285,4230,3810
2011-10-14,15924,4100,4290,4290,4235,4180
2011-10-17,22835,4220,4335,4395,4279,4290
2011-10-18,10812,4160,4160,4260,4106,4205
2011-10-19,20233,4090,4135,4310,4082,4280
2011-10-20,16574,4015,4025,4250,3973,4015
2011-10-21,7891,4000,4070,4145,4018,4035
2011-10-24,9158,4090,4195,4200,4141,4090
2011-10-25,12214,4135,4155,4280,4101,4205
2011-10-26,7656,4095,4150,4155,4097,4110
2011-10-27,14016,4170,4215,4260,4161,4260
2011-10-28,22427,4175,4260,4300,4205,4300
2011-10-31,9528,4110,4175,4310,4121,4310
2011-11-01,7065,4110,4140,4195,4087,4130
2011-11-02,8755,3985,4090,4090,4037,4000
2011-11-03,12118,4005,4085,4170,4032,4100
2011-11-04,20690,4090,4150,4180,4097,4095
2011-11-07,12281,4120,4150,4190,4097,4190
2011-11-08,15143,4150,4160,4270,4106,4155
2011-11-09,9322,4115,4195,4230,4141,4185
2011-11-10,17269,4005,4025,4120,3973,4060
2011-11-11,17793,4055,4090,4180,4037,4055
2011-11-14,18676,4060,4160,4180,4106,4120
2011-11-15,37445,4110,4150,4215,4097,4160
2011-11-16,48163,4150,4200,4260,4146,4150
2011-11-17,972665,4200,4830,4830,4768,4200
2011-11-18,754344,4850,4950,5190,4886,4870
2011-11-21,237288,4655,4810,4950,4748,4950
2011-11-22,640100,4700,5190,5420,5123,4750
2011-11-23,170465,4900,5100,5180,5034,5120
2011-11-24,190339,5000,5140,5320,5074,5060
2011-11-25,157091,4800,4820,5240,4758,5200
2011-11-28,81870,4820,4825,4980,4763,4855
2011-11-29,104805,4715,4715,4880,4654,4880
2011-11-30,138376,4550,4695,4730,4635,4730
2011-12-01,91319,4685,4685,4835,4625,4820
2011-12-02,83078,4615,4650,4760,4590,4690
2011-12-05,119398,4650,4750,4845,4689,4660
2011-12-06,122166,4605,4650,4870,4590,4790
2011-12-07,79752,4530,4540,4665,4482,4655
2011-12-08,61162,4450,4485,4610,4427,4540
2011-12-09,44840,4470,4585,4615,4526,4495
2011-12-12,61123,4550,4640,4690,4580,4580
2011-12-13,48209,4560,4580,4680,4521,4650
2011-12-14,74863,4585,4720,4760,4659,4605
2011-12-15,51338,4590,4600,4720,4541,4675
2011-12-16,44471,4570,4650,4730,4590,4600
2011-12-19,72083,4075,4325,4685,4269,4620
2011-12-20,43638,4245,4325,4420,4269,4420
2011-12-21,41820,4370,4495,4550,4437,4400
2011-12-22,29870,4415,4595,4595,4536,4415
2011-12-23,70695,4595,4700,4740,4640,4595
2011-12-26,70464,4710,4780,4855,4718,4750
2011-12-27,52715,4630,4700,4800,4640,4770
2011-12-28,29838,4590,4625,4700,4625,4650
2011-12-29,22693,4310,4625,4695,4625,4535
2012-01-02,33629,4495,4540,4700,4540,4625
2012-01-03,138222,4015,4300,4555,4300,4510
2012-01-04,75455,4370,4420,4490,4420,4420
2012-01-05,50779,4365,4445,4470,4445,4365
2012-01-06,89690,4420,4500,4590,4500,4450
2012-01-09,72751,4390,4400,4590,4400,4590
2012-01-10,48612,4400,4500,4520,4500,4400
2012-01-11,195038,4515,4740,4880,4740,4560
2012-01-12,59003,4640,4700,4810,4700,4810
2012-01-13,47119,4710,4720,4830,4720,4760
2012-01-16,47939,4550,4595,4670,4595,4610
2012-01-17,42762,4575,4680,4685,4680,4675
2012-01-18,49402,4605,4640,4770,4640,4710
2012-01-19,24456,4620,4640,4720,4640,4620
2012-01-20,41967,4570,4605,4660,4605,4650
2012-01-25,32558,4525,4565,4645,4565,4605
2012-01-26,27000,4540,4570,4620,4570,4565
2012-01-27,35021,4520,4555,4640,4555,4640
2012-01-30,46706,4430,4450,4585,4450,4585
2012-01-31,20833,4430,4470,4500,4470,4500
2012-02-01,49268,4440,4535,4570,4535,4500
2012-02-02,68294,4565,4630,4665,4630,4570
2012-02-03,29166,4580,4600,4665,4600,4655
2012-02-06,125365,4625,4765,4780,4765,4695
2012-02-07,345047,4775,5090,5330,5090,4775
2012-02-08,121928,4980,5090,5240,5090,5010
2012-02-09,93244,4930,5040,5160,5040,5040
2012-02-10,61851,4980,5030,5110,5030,5050
2012-02-13,55466,4880,4935,5090,4935,5090
2012-02-14,58171,4930,5020,5060,5020,4930
2012-02-15,169217,5020,5280,5350,5280,5040
2012-02-16,97225,5180,5190,5370,5190,5280
2012-02-17,81931,5130,5180,5280,5180,5240
2012-02-20,102831,5180,5250,5450,5250,5180
2012-02-21,35261,5220,5240,5310,5240,5250
2012-02-22,35872,5210,5310,5340,5310,5270
2012-02-23,461107,5290,5750,5990,5750,5290
2012-02-24,86863,5600,5750,5940,5750,5940
2012-02-27,67850,5630,5700,5930,5700,5800
2012-02-28,128396,5700,5840,6020,5840,5710
2012-02-29,139268,5350,5400,5880,5400,5770
2012-03-02,128292,5220,5220,5560,5220,5400
2012-03-05,109269,5230,5500,5540,5500,5230
2012-03-06,75322,5410,5500,5600,5500,5500
2012-03-07,868372,5480,6180,6310,6180,5480
2012-03-08,143076,5970,6120,6240,6120,6170
2012-03-09,234309,5970,6320,6350,6320,6140
2012-03-12,126831,6150,6230,6320,6230,6260
2012-03-13,108761,5950,5950,6320,5950,6180
2012-03-14,219198,5630,5630,6120,5630,5970
2012-03-15,128833,5530,5680,5860,5680,5650
2012-03-16,104642,5710,5940,5980,5940,5710
2012-03-19,85811,5790,5820,6140,5820,6140
2012-03-20,61163,5750,5880,6000,5880,6000
2012-03-21,33944,5750,5850,5910,5850,5880
2012-03-22,69845,5860,5930,5990,5930,5860
2012-03-23,624180,5930,6420,6490,6420,5930
2012-03-26,658847,5650,5650,6560,5650,6510
2012-03-27,218106,5430,5500,5820,5500,5720
2012-03-28,126781,5290,5370,5660,5370,5500
2012-03-29,117012,5170,5230,5500,5230,5310
2012-03-30,73934,5060,5280,5300,5280,5230
2012-04-02,45424,5250,5360,5430,5360,5250
2012-04-03,71597,5110,5200,5410,5200,5370
2012-04-04,59296,4950,4960,5220,4960,5210
2012-04-05,77760,4760,4845,4960,4845,4960
2012-04-06,23851,4750,4830,4910,4830,4855
2012-04-09,50651,4600,4600,4800,4600,4730
2012-04-10,79982,4470,4490,4700,4490,4590
2012-04-12,18623,4490,4570,4600,4570,4490
2012-04-13,29170,4600,4730,4785,4730,4600
2012-04-16,36255,4680,4730,4750,4730,4730
2012-04-17,26046,4720,4790,4800,4790,4735
2012-04-18,31682,4805,4875,4920,4875,4805
2012-04-19,24634,4765,4785,4870,4785,4815
2012-04-20,36368,4590,4645,4785,4645,4785
2012-04-23,11798,4500,4595,4665,4595,4665
2012-04-24,36348,4455,4500,4600,4500,4595
2012-04-25,34203,4370,4385,4520,4385,4500
2012-04-26,87202,4090,4150,4430,4150,4430
2012-04-27,96583,4110,4340,4770,4340,4110
2012-04-30,28242,4150,4150,4400,4150,4340
2012-05-02,58607,4140,4200,4285,4200,4150
2012-05-03,56335,4150,4430,4430,4430,4215
2012-05-04,30555,4335,4400,4535,4400,4390
2012-05-07,8159,4325,4420,4455,4420,4365
2012-05-08,15472,4355,4460,4465,4460,4465
2012-05-09,10263,4380,4400,4500,4400,4460
2012-05-10,9475,4345,4400,4450,4400,4400
2012-05-11,19606,4280,4400,4495,4400,4400
2012-05-14,10696,4250,4300,4475,4300,4385
2012-05-15,139391,4190,4590,4900,4590,4295
2012-05-16,33629,4425,4495,4630,4495,4590
2012-05-17,13262,4350,4490,4575,4490,4575
2012-05-18,1595452,4855,5160,5160,5160,4900
2012-05-21,917528,4760,4825,5110,4825,5100
2012-05-22,498387,4720,4900,4980,4900,4915
2012-05-23,574431,4860,4915,5130,4915,4930
2012-05-24,299433,4600,4610,4980,4610,4980
2012-05-25,193701,4520,4530,4735,4530,4640
2012-05-29,154487,4440,4570,4670,4570,4530
2012-05-30,85783,4525,4545,4620,4545,4620
2012-05-31,135748,4260,4280,4485,4280,4485
2012-06-01,68417,4170,4215,4335,4215,4300
2012-06-04,155249,3830,3830,4090,3830,4090
2012-06-05,91154,3820,3840,3975,3840,3860
2012-06-07,108167,3840,3945,4070,3945,3840
2012-06-08,46274,3965,3985,4095,3985,3965
2012-06-11,34602,4000,4025,4085,4025,4025
2012-06-12,46258,3920,3975,4015,3975,4015
2012-06-13,32774,3975,4025,4075,4025,4010
2012-06-14,117793,4040,4125,4255,4125,4060
2012-06-15,48293,3980,3990,4170,3990,4105
2012-06-18,106042,3905,4005,4050,4005,4020
2012-06-19,78150,4020,4045,4185,4045,4030
2012-06-20,44079,4045,4095,4195,4095,4110
2012-06-21,81041,4050,4075,4140,4075,4130
2012-06-22,43210,3980,4040,4095,4040,4060
2012-06-25,29554,3980,4000,4085,4000,4040
2012-06-26,30321,3945,3990,4005,3990,3965
2012-06-27,43724,3950,4030,4070,4030,3995
2012-06-28,40094,4000,4035,4095,4035,4095
2012-06-29,33289,4010,4095,4115,4095,4020
2012-07-02,39406,4065,4085,4150,4085,4100
2012-07-03,45972,4080,4140,4190,4140,4085
2012-07-04,20075,4120,4120,4195,4120,4195
2012-07-05,110901,4060,4110,4160,4110,4160
2012-07-06,42982,4070,4075,4160,4075,4160
2012-07-09,24002,4040,4065,4115,4065,4115
2012-07-10,16427,4050,4080,4115,4080,4065
2012-07-11,187876,4050,4155,4220,4155,4075
2012-07-12,88256,3915,3960,4185,3960,4175
2012-07-13,96358,3705,3820,4015,3820,3980
2012-07-16,22200,3810,3810,3885,3810,3830
2012-07-17,31052,3795,3795,3870,3795,3795
2012-07-18,32509,3760,3780,3840,3780,3800
2012-07-19,12925,3805,3820,3870,3820,3815
2012-07-20,22533,3820,3840,3890,3840,3820
2012-07-23,39109,3735,3745,3885,3745,3840
2012-07-24,30263,3690,3740,3765,3740,3740
2012-07-25,114642,3680,3755,4040,3755,3740
2012-07-26,26068,3730,3750,3805,3750,3790
2012-07-27,14271,3780,3825,3830,3825,3805
2012-07-30,15158,3765,3800,3925,3800,3925
2012-07-31,34764,3790,3840,3870,3840,3805
2012-08-01,32835,3720,3810,3850,3810,3850
2012-08-02,17276,3790,3815,3865,3815,3865
2012-08-03,8568,3800,3810,3870,3810,3870
2012-08-06,69685,3830,3895,3915,3895,3875
2012-08-07,30410,3905,3950,3960,3950,3905
2012-08-08,37909,3920,3935,4000,3935,3975
2012-08-09,50920,3940,4000,4005,4000,3940
2012-08-10,18175,3960,4005,4020,4005,4000
2012-08-13,32386,3940,3975,4015,3975,4005
2012-08-14,38454,3875,3985,4000,3985,3875
2012-08-16,15626,3935,3945,3985,3945,3985
2012-08-17,73229,3875,3875,3975,3875,3945
2012-08-20,1435230,4290,4455,4455,4455,4370
2012-08-21,553843,4200,4200,4495,4200,4480
2012-08-22,343675,4110,4270,4300,4270,4255
2012-08-23,162494,4160,4160,4310,4160,4275
2012-08-24,147192,4110,4170,4310,4170,4110
2012-08-27,265926,4015,4020,4285,4020,4170
2012-08-28,71676,4020,4065,4080,4065,4020
2012-08-29,127530,4065,4150,4200,4150,4070
2012-08-30,78675,4060,4090,4200,4090,4200
2012-08-31,50234,4045,4050,4150,4050,4100
2012-09-03,102201,4060,4185,4230,4185,4075
2012-09-04,53499,4160,4235,4235,4235,4200
2012-09-05,75232,4140,4170,4330,4170,4245
2012-09-06,52224,4115,4135,4225,4135,4160
2012-09-07,58469,4125,4125,4230,4125,4185
2012-09-10,44009,4095,4150,4185,4150,4125
2012-09-11,53451,4115,4200,4205,4200,4125
2012-09-12,55541,4130,4170,4220,4170,4220
2012-09-13,220349,4200,4260,4420,4260,4205
2012-09-14,58175,4220,4265,4380,4265,4320
2012-09-17,77227,4240,4265,4390,4265,4265
2012-09-18,53345,4205,4245,4320,4245,4275
2012-09-19,49220,4200,4270,4285,4270,4200
2012-09-20,66865,4230,4240,4370,4240,4310
2012-09-21,58500,4230,4325,4325,4325,4240
2012-09-24,67833,4270,4325,4395,4325,4325
2012-09-25,53748,4210,4210,4350,4210,4320
2012-09-26,44910,4120,4145,4225,4145,4210
2012-09-27,54155,4045,4070,4135,4070,4105
2012-09-28,33359,4070,4110,4115,4110,4090
2012-10-02,77512,4060,4155,4160,4155,4110
2012-10-04,309986,4155,4245,4490,4245,4155
2012-10-05,48192,4205,4260,4280,4260,4280
2012-10-08,61987,4205,4260,4330,4260,4330
2012-10-09,64667,4150,4195,4290,4195,4260
2012-10-10,39973,4125,4125,4220,4125,4195
2012-10-11,43709,4050,4135,4165,4135,4120
2012-10-12,33567,4135,4180,4210,4180,4140
2012-10-15,37630,4085,4120,4235,4120,4215
2012-10-16,28344,4060,4095,4145,4095,4145
2012-10-17,27039,4090,4125,4130,4125,4095
2012-10-18,33048,4100,4140,4175,4140,4110
2012-10-19,59556,4045,4070,4170,4070,4140
2012-10-22,64424,3950,4000,4050,4000,4050
2012-10-23,42059,3980,3980,4030,3980,4000
2012-10-24,77229,3865,3885,3940,3885,3940
2012-10-25,15200,3865,3890,3970,3890,3885
2012-10-26,40688,3750,3785,3890,3785,3865
2012-10-29,26771,3720,3785,3845,3785,3750
2012-10-30,30046,3755,3800,3840,3800,3760
2012-10-31,51372,3755,3850,3850,3850,3755
2012-11-01,43696,3765,3840,3865,3840,3860
2012-11-02,58445,3800,3900,3925,3900,3890
2012-11-05,57709,3830,3845,3940,3845,3890
2012-11-06,36284,3845,3920,3920,3920,3845
2012-11-07,55206,3850,3940,4000,3940,3920
2012-11-08,14087,3860,3950,3950,3950,3865
2012-11-09,27056,3820,3895,3940,3895,3940
2012-11-12,11705,3850,3885,3900,3885,3895
2012-11-13,20326,3825,3875,3940,3875,3900
2012-11-14,12668,3810,3850,3885,3850,3850
2012-11-15,47798,3670,3670,3850,3670,3850
2012-11-16,85206,3470,3520,3685,3520,3640
2012-11-19,17520,3525,3570,3590,3570,3525
2012-11-20,40350,3510,3535,3670,3535,3670
2012-11-21,48637,3535,3740,3740,3740,3595
2012-11-22,27075,3635,3660,3725,3660,3670
2012-11-23,23711,3645,3750,3755,3750,3665
2012-11-26,21169,3715,3730,3795,3730,3715
2012-11-27,7820,3605,3715,3730,3715,3700
2012-11-28,11751,3650,3655,3760,3655,3740
2012-11-29,14490,3660,3755,3790,3755,3700
2012-11-30,9054,3675,3730,3775,3730,3755
2012-12-03,4828,3685,3740,3765,3740,3730
2012-12-04,19076,3680,3715,3740,3715,3740
2012-12-05,25304,3670,3825,3825,3825,3715
2012-12-06,24781,3780,3865,3865,3865,3850
2012-12-07,21713,3760,3760,3900,3760,3890
2012-12-10,17374,3715,3730,3800,3730,3725
2012-12-11,13388,3700,3715,3800,3715,3740
2012-12-12,16229,3505,3750,3770,3750,3770
2012-12-13,11574,3695,3750,3810,3750,3695
2012-12-14,11549,3700,3770,3780,3770,3780
2012-12-17,24044,3730,3780,3845,3780,3845
2012-12-18,13851,3745,3770,3800,3770,3745
2012-12-20,25192,3695,3745,3775,3745,3770
2012-12-21,12303,3680,3700,3745,3700,3745
2012-12-24,12149,3670,3740,3740,3740,3685
2012-12-26,26356,3630,3750,3750,3750,3740
2012-12-27,11807,3670,3690,3755,3690,3670
2012-12-28,8317,3685,3720,3750,3720,3685
2013-01-02,20170,3650,3710,3725,3710,3720
2013-01-03,21742,3710,3740,3745,3740,3715
2013-01-04,22586,3735,3800,3810,3800,3755
2013-01-07,30899,3800,3845,3890,3845,3800
2013-01-08,33535,3815,3925,3930,3925,3875
2013-01-09,10225,3910,3940,3965,3940,3925
2013-01-10,23958,3910,3955,3985,3955,3960
2013-01-11,17593,3910,3970,3980,3970,3920
2013-01-14,10639,3915,3965,3980,3965,3980
2013-01-15,35047,3850,3915,3980,3915,3935
2013-01-16,19458,3810,3850,3910,3850,3835
2013-01-17,21783,3735,3735,3850,3735,3810
2013-01-18,107355,3545,3595,3790,3595,3740
2013-01-21,15722,3575,3650,3670,3650,3640
2013-01-22,15295,3655,3660,3700,3660,3680
2013-01-23,14914,3550,3680,3700,3680,3675
2013-01-24,10858,3635,3655,3695,3655,3695
2013-01-25,32847,3615,3800,3800,3800,3630
2013-01-28,17296,3700,3730,3800,3730,3800
2013-01-29,16915,3655,3730,3745,3730,3745
2013-01-30,6544,3685,3700,3730,3700,3730
2013-01-31,9593,3660,3695,3705,3695,3700
2013-02-01,15814,3615,3640,3670,3640,3615
2013-02-04,14395,3615,3645,3730,3645,3655
2013-02-05,23171,3550,3590,3670,3590,3600
2013-02-06,25416,3560,3680,3705,3680,3560
2013-02-07,10094,3610,3650,3710,3650,3680
2013-02-08,16461,3570,3610,3660,3610,3660
2013-02-12,13052,3600,3600,3695,3600,3610
2013-02-13,14189,3595,3660,3695,3660,3600
2013-02-14,7880,3640,3685,3700,3685,3660
2013-02-15,14974,3635,3700,3720,3700,3650
2013-02-18,13562,3665,3685,3740,3685,3690
2013-02-19,24900,3670,3795,3805,3795,3725
2013-02-20,25984,3785,3805,3880,3805,3800
2013-02-21,22851,3770,3810,3855,3810,3805
2013-02-22,34680,3785,3840,3890,3840,3830
2013-02-25,36316,3725,3860,3885,3860,3870
2013-02-26,28254,3800,3845,3865,3845,3850
2013-02-27,7019,3820,3855,3885,3855,3820
2013-02-28,31632,3765,3800,3850,3800,3850
2013-03-04,19698,3790,3835,3855,3835,3800
2013-03-05,19920,3800,3810,3865,3810,3815
2013-03-06,30360,3800,3835,3865,3835,3810
2013-03-07,40795,3800,3830,3865,3830,3815
2013-03-08,14105,3795,3825,3850,3825,3830
2013-03-11,18972,3725,3735,3825,3735,3820
2013-03-12,19500,3725,3800,3800,3800,3785
2013-03-13,22538,3750,3760,3830,3760,3830
2013-03-14,14437,3775,3810,3830,3810,3795
2013-03-15,44094,3780,3835,3840,3835,3840
2013-03-18,300120,3910,3950,4205,3950,3910
2013-03-19,86322,3930,4010,4075,4010,3960
2013-03-20,73073,3890,3890,4085,3890,4020
2013-03-21,62045,3850,3855,4055,3855,3880
2013-03-22,30669,3845,3880,3910,3880,3865
2013-03-25,23896,3850,3890,3910,3890,3905
2013-03-26,25663,3860,3860,3950,3860,3860
2013-03-27,28778,3845,3870,3910,3870,3875
2013-03-28,42241,3890,3940,3970,3940,3890
2013-03-29,64673,3940,4020,4075,4020,3955
2013-04-01,24658,3965,3975,4065,3975,4020
2013-04-02,34350,3940,3950,4015,3950,3980
2013-04-03,89843,3810,3840,4080,3840,4000
2013-04-04,61365,3675,3700,3885,3700,3820
2013-04-05,36970,3635,3650,3795,3650,3700
2013-04-08,31127,3600,3610,3685,3610,3680
2013-04-09,26294,3545,3590,3630,3590,3560
2013-04-10,11586,3565,3620,3630,3620,3565
2013-04-11,21243,3650,3730,3740,3730,3650
2013-04-12,20173,3710,3795,3815,3795,3730
2013-04-15,7192,3725,3725,3805,3725,3795
2013-04-16,15409,3650,3755,3795,3755,3725
2013-04-17,86005,3730,3890,3930,3890,3755
2013-04-18,21832,3830,3860,3930,3860,3930
2013-04-19,13820,3780,3780,3915,3780,3860
2013-04-22,26332,3720,3725,3845,3725,3760
2013-04-23,10061,3725,3800,3830,3800,3725
2013-04-24,11309,3770,3845,3850,3845,3800
2013-04-25,29310,3750,3800,3845,3800,3845
2013-04-26,19779,3760,3790,3890,3790,3800
2013-04-29,9886,3770,3775,3820,3775,3805
2013-04-30,19576,3765,3800,3850,3800,3780
2013-05-02,9327,3800,3830,3840,3830,3800
2013-05-03,27902,3800,3890,3905,3890,3835
2013-05-06,24769,3825,3915,3930,3915,3890
2013-05-07,64237,3895,4010,4055,4010,3915
2013-05-08,61201,3985,4085,4130,4085,4035
2013-05-09,33145,4005,4035,4095,4035,4075
2013-05-10,19284,3880,3950,4065,3950,4065
2013-05-13,12976,3940,3990,4010,3990,3965
2013-05-14,38678,3890,3900,4045,3900,4025
2013-05-15,24338,3890,3990,4030,3990,3900
2013-05-16,33227,3970,4045,4080,4045,4000
2013-05-20,159121,4035,4230,4255,4230,4045
2013-05-21,140565,4255,4355,4380,4355,4280
2013-05-22,88840,4345,4345,4455,4345,4405
2013-05-23,34685,4270,4305,4355,4305,4345
2013-05-24,58233,4220,4300,4320,4300,4300
2013-05-27,37717,4200,4340,4400,4340,4350
2013-05-28,122305,4300,4425,4510,4425,4340
2013-05-29,64210,4425,4470,4515,4470,4470
2013-05-30,20459,4410,4460,4510,4460,4470
2013-05-31,47778,4250,4265,4455,4265,4455
2013-06-03,33728,4160,4215,4265,4215,4185
2013-06-04,44615,4195,4220,4315,4220,4215
2013-06-05,52043,4200,4280,4350,4280,4250
2013-06-07,62220,4000,4020,4325,4020,4280
2013-06-10,21671,4025,4080,4150,4080,4030
2013-06-11,18188,4010,4025,4190,4025,4190
2013-06-12,33934,3900,3965,4075,3965,4075
2013-06-13,26964,3900,3915,4050,3915,4050
2013-06-14,7841,3875,3890,3975,3890,3910
2013-06-17,56940,3575,3675,3925,3675,3925
2013-06-18,23107,3605,3670,3770,3670,3705
2013-06-19,13836,3635,3665,3710,3665,3710
2013-06-20,52598,3575,3645,3680,3645,3635
2013-06-21,39435,3500,3510,3610,3510,3610
2013-06-24,15930,3480,3480,3550,3480,3550
2013-06-25,21219,3315,3405,3525,3405,3460
2013-06-26,23508,3330,3445,3475,3445,3475
2013-06-27,33568,3450,3625,3625,3625,3480
2013-06-28,6349,3625,3655,3710,3655,3635
2013-07-01,9962,3660,3695,3725,3695,3725
2013-07-02,13124,3640,3680,3735,3680,3735
2013-07-03,10667,3585,3600,3680,3600,3650
2013-07-04,6747,3575,3600,3650,3600,3650
2013-07-05,7344,3560,3590,3660,3590,3660
2013-07-08,12305,3500,3575,3575,3575,3505
2013-07-09,16462,3500,3520,3570,3520,3570
2013-07-10,17882,3450,3455,3520,3455,3460
2013-07-11,13450,3455,3570,3585,3570,3455
2013-07-12,7519,3545,3610,3670,3610,3580
2013-07-15,14559,3575,3640,3710,3640,3620
2013-07-16,2941,3590,3590,3655,3590,3640
2013-07-17,20145,3590,3670,3690,3670,3590
2013-07-18,5428,3635,3680,3730,3680,3670
2013-07-19,9412,3655,3675,3695,3675,3680
2013-07-22,15981,3675,3735,3750,3735,3700
2013-07-23,32255,3705,3770,3815,3770,3790
2013-07-24,6343,3740,3800,3825,3800,3775
2013-07-25,12975,3745,3805,3830,3805,3830
2013-07-26,7303,3700,3735,3830,3735,3830
2013-07-29,7099,3660,3680,3795,3680,3795
2013-07-30,4880,3650,3685,3745,3685,3745
2013-07-31,20732,3685,3735,3780,3735,3685
2013-08-01,2406,3725,3735,3800,3735,3800
2013-08-02,10719,3685,3745,3775,3745,3685
2013-08-05,11065,3675,3750,3760,3750,3675
2013-08-06,2554,3685,3695,3810,3695,3810
2013-08-07,8252,3510,3660,3790,3660,3790
2013-08-08,4175,3620,3635,3750,3635,3660
2013-08-09,4394,3625,3650,3690,3650,3650
2013-08-12,21328,3550,3560,3670,3560,3670
2013-08-13,24389,3540,3600,3600,3600,3570
2013-08-14,29960,3560,3575,3700,3575,3640
2013-08-16,8714,3550,3615,3635,3615,3575
2013-08-19,6688,3560,3600,3660,3600,3615
2013-08-20,7232,3560,3560,3630,3560,3565
2013-08-21,8276,3460,3560,3650,3560,3650
2013-08-22,42560,3485,3505,3700,3505,3700
2013-08-23,10696,3505,3550,3565,3550,3505
2013-08-26,2212,3550,3585,3620,3585,3600
2013-08-27,5153,3505,3530,3600,3530,3600
2013-08-28,12930,3460,3520,3520,3520,3500
2013-08-29,2992,3500,3500,3590,3500,3590
2013-08-30,35383,3390,3410,3560,3410,3540
2013-09-02,11661,3410,3485,3490,3485,3430
2013-09-03,9976,3440,3440,3550,3440,3485
2013-09-04,15676,3425,3425,3470,3425,3455
2013-09-05,10575,3440,3505,3510,3505,3440
2013-09-06,16228,3470,3495,3545,3495,3545
2013-09-09,2348,3465,3500,3540,3500,3500
2013-09-10,4864,3450,3480,3545,3480,3450
2013-09-11,8818,3445,3515,3555,3515,3555
2013-09-12,12388,3480,3535,3560,3535,3560
2013-09-13,4234,3500,3535,3550,3535,3515
2013-09-16,24333,3470,3510,3570,3510,3570
2013-09-17,3548,3485,3500,3555,3500,3550
2013-09-23,4838,3485,3525,3565,3525,3500
2013-09-24,46814,3450,3455,3545,3455,3545
2013-09-25,7850,3410,3450,3500,3450,3500
2013-09-26,7254,3425,3465,3475,3465,3450
2013-09-27,25046,3400,3435,3475,3435,3425
2013-09-30,10466,3435,3435,3495,3435,3460
2013-10-01,13215,3435,3435,3460,3435,3435
2013-10-02,6662,3410,3430,3460,3430,3460
2013-10-04,9552,3390,3420,3430,3420,3430
2013-10-07,14053,3385,3415,3430,3415,3410
2013-10-08,14297,3360,3385,3420,3385,3410
2013-10-10,98625,3315,3615,3715,3615,3385
2013-10-11,516026,3700,4155,4155,4155,3700
2013-10-14,1072430,4040,4245,4365,4245,4300
2013-10-15,1042775,4155,4205,4440,4205,4230
2013-10-16,561688,3910,3935,4235,3935,4210
2013-10-17,436545,3820,3820,4065,3820,3950
2013-10-18,262554,3805,3900,3935,3900,3845
2013-10-21,165626,3815,3845,3975,3845,3900
2013-10-22,105103,3770,3815,3840,3815,3840
2013-10-23,1030562,3710,4200,4320,4200,3855
2013-10-24,683944,4495,4830,4830,4830,4495
2013-10-25,3915642,5100,5100,5500,5100,5350
2013-10-28,2530626,5090,5300,5570,5300,5210
2013-10-29,4144834,5390,5620,6030,5620,5390
2013-10-30,0,5620,5620,5620,5620,5620
2013-10-31,496248,5370,5450,5590,5450,5590
2013-11-01,269316,5390,5440,5550,5440,5450
2013-11-04,340884,5260,5460,5610,5460,5470
2013-11-05,3794820,5370,6270,6270,6270,5400
2013-11-06,4147039,6180,6780,7090,6780,6300
2013-11-07,2253099,6250,6400,7040,6400,6850
2013-11-08,2099914,5880,6030,6460,6030,6320
2013-11-11,1940788,5350,5550,6120,5550,6090
2013-11-12,1925197,5270,5470,5740,5470,5510
2013-11-13,1384094,5270,5480,5600,5480,5500
2013-11-14,5707591,5620,6300,6300,6300,5750
2013-11-15,2377586,5360,5360,6100,5360,6050
2013-11-18,1813115,4780,4875,5290,4875,5120
2013-11-19,1074461,4620,4765,4965,4765,4895
2013-11-20,838504,4620,4765,4865,4765,4745
2013-11-21,1240950,4530,4530,4910,4530,4735
2013-11-22,1226305,4570,4585,4885,4585,4590
2013-11-25,853043,4445,4445,4810,4445,4750
2013-11-26,2226605,4430,4720,4980,4720,4445
2013-11-27,761250,4655,4715,4795,4715,4735
2013-11-28,1792761,4675,4850,5060,4850,4720
2013-11-29,819399,4585,4625,4830,4625,4800
2013-12-02,393552,4435,4460,4650,4460,4650
2013-12-03,439782,4245,4340,4515,4340,4470
2013-12-04,275349,4230,4335,4365,4335,4285
2013-12-05,360242,4280,4280,4425,4280,4325
2013-12-06,214661,4180,4255,4360,4255,4230
2013-12-09,153349,4190,4190,4330,4190,4290
2013-12-10,250899,4065,4300,4300,4300,4155
2013-12-11,238768,4005,4005,4300,4005,4275
2013-12-12,198769,3925,4120,4170,4120,3930
2013-12-13,101879,4015,4120,4155,4120,4155
2013-12-16,888931,4050,4050,4470,4050,4155
2013-12-17,132245,3985,4035,4135,4035,4100
2013-12-18,191746,3870,3905,4100,3905,4035
2013-12-19,141200,3835,3880,3950,3880,3950
2013-12-20,265656,3900,3930,4110,3930,3900
2013-12-23,732208,3940,4220,4315,4220,3960
2013-12-24,238090,4100,4115,4340,4115,4250
2013-12-26,224640,4055,4175,4285,4175,4115
2013-12-27,290586,4180,4205,4335,4205,4220
2013-12-30,151623,4165,4250,4250,4250,4240
2014-01-02,610584,4195,4310,4465,4310,4250
2014-01-03,156513,4150,4350,4350,4350,4280
2014-01-06,148350,4230,4295,4355,4295,4345
2014-01-07,77798,4250,4310,4335,4310,4250
2014-01-08,367914,4335,4335,4505,4335,4415
2014-01-09,116966,4235,4310,4350,4310,4320
2014-01-10,1143792,4285,4400,4645,4400,4310
2014-01-13,715174,4430,4445,4590,4445,4500
2014-01-14,324032,4355,4370,4520,4370,4400
2014-01-15,1892267,4395,5020,5020,5020,4410
2014-01-16,3349942,5010,5160,5480,5160,5090
2014-01-17,1314790,4995,5110,5350,5110,5220
2014-01-20,859205,5000,5190,5190,5190,5090
2014-01-21,821405,4880,4920,5260,4920,5170
2014-01-22,3170317,4825,5650,5650,5650,4940
2014-01-23,2143838,5250,5290,5640,5290,5540
2014-01-24,1034106,5120,5370,5410,5370,5330
2014-01-27,586746,4980,5070,5210,5070,5170
2014-01-28,2903073,4860,4860,5590,4860,5080
2014-01-29,786326,4925,5080,5200,5080,4925
2014-02-03,1007676,5030,5310,5430,5310,5080
2014-02-04,482772,5050,5310,5320,5310,5180
2014-02-05,1062096,4945,4990,5520,4990,5350
2014-02-06,794566,4750,5060,5200,5060,5000
2014-02-07,330437,4945,5000,5200,5000,5110
2014-02-10,594336,4980,5090,5230,5090,5000
2014-02-11,362016,4995,5000,5150,5000,5110
2014-02-12,315946,4905,4910,5030,4910,5000
2014-02-13,799418,4895,4910,5150,4910,4900
2014-02-14,217341,4950,5000,5070,5000,4990
2014-02-17,783889,5020,5200,5320,5200,5040
2014-02-18,849792,5050,5100,5430,5100,5310
2014-02-19,233917,5070,5100,5190,5100,5170
2014-02-20,503555,4785,4790,5090,4790,5060
2014-02-21,159801,4805,4835,4910,4835,4805
2014-02-24,754025,4310,4335,4705,4335,4700
2014-02-25,172169,4260,4320,4395,4320,4395
2014-02-26,132649,4285,4310,4400,4310,4300
2014-02-27,190328,4175,4205,4380,4205,4330
2014-02-28,112533,4175,4205,4280,4205,4230
2014-03-03,101688,4065,4100,4195,4100,4165
2014-03-04,80851,4030,4145,4170,4145,4040
2014-03-05,293526,4150,4220,4325,4220,4180
2014-03-06,110301,4130,4200,4275,4200,4255
2014-03-07,124893,4150,4150,4300,4150,4295
2014-03-10,424639,4280,4295,4450,4295,4400
2014-03-11,203763,4310,4415,4440,4415,4380
2014-03-12,104740,4275,4300,4405,4300,4405
2014-03-13,113578,4250,4360,4385,4360,4305
2014-03-14,48896,4250,4270,4355,4270,4285
2014-03-17,63861,4120,4150,4340,4150,4260
2014-03-18,28161,4155,4210,4260,4210,4165
2014-03-19,79088,4210,4240,4345,4240,4230
2014-03-20,65056,4200,4240,4320,4240,4320
2014-03-21,56081,4200,4210,4270,4210,4250
2014-03-24,72805,4195,4305,4305,4305,4250
2014-03-25,67208,4210,4225,4325,4225,4270
2014-03-26,54254,4225,4265,4270,4265,4225
2014-03-27,123688,4275,4275,4385,4275,4310
2014-03-28,68515,4275,4360,4370,4360,4285
2014-03-31,60314,4260,4270,4375,4270,4375
2014-04-01,91632,4270,4320,4360,4320,4270
2014-04-02,349796,4325,4420,4595,4420,4335
2014-04-03,241417,4470,4480,4580,4480,4480
2014-04-04,117377,4455,4575,4575,4575,4535
2014-04-07,105766,4470,4515,4610,4515,4585
2014-04-08,74252,4375,4400,4510,4400,4510
2014-04-09,56968,4400,4410,4470,4410,4415
2014-04-10,65814,4420,4495,4530,4495,4420
2014-04-11,66770,4395,4445,4490,4445,4455
2014-04-14,47195,4360,4470,4490,4470,4470
2014-04-15,40848,4435,4440,4555,4440,4500
2014-04-16,80558,4380,4440,4490,4440,4440
2014-04-17,870461,4440,4725,4845,4725,4440
2014-04-18,150706,4705,4745,4795,4745,4795
2014-04-21,172825,4635,4635,4865,4635,4775
2014-04-22,111153,4625,4740,4780,4740,4650
2014-04-23,124329,4600,4670,4825,4670,4820
2014-04-24,217235,4525,4540,4765,4540,4700
2014-04-25,144722,4310,4325,4550,4325,4505
2014-04-28,50577,4240,4285,4365,4285,4365
2014-04-29,53421,4210,4245,4335,4245,4250
2014-04-30,83955,4165,4175,4285,4175,4240
2014-05-02,55503,4065,4090,4220,4090,4175
2014-05-07,91647,3920,3970,4120,3970,4090
2014-05-08,60703,3905,3910,4000,3910,3945
2014-05-09,81117,3865,3980,4045,3980,3910
2014-05-12,35670,3950,3955,4020,3955,3980
2014-05-13,110266,3930,4010,4115,4010,3930
2014-05-14,39347,4005,4040,4060,4040,4060
2014-05-15,64884,3980,4000,4070,4000,4070
2014-05-16,24280,3945,3945,4030,3945,3985
2014-05-19,139340,3630,3680,3945,3680,3920
2014-05-20,58841,3650,3670,3750,3670,3685
2014-05-21,45647,3610,3685,3715,3685,3625
2014-05-22,54700,3625,3645,3770,3645,3685
2014-05-23,35743,3645,3705,3710,3705,3670
2014-05-26,24347,3705,3705,3745,3705,3725
2014-05-27,36693,3685,3720,3740,3720,3740
2014-05-28,22889,3720,3725,3760,3725,3720
2014-05-29,25142,3725,3725,3780,3725,3770
2014-05-30,34607,3690,3725,3740,3725,3695
2014-06-02,57938,3535,3640,3740,3640,3710
2014-06-03,46985,3555,3605,3665,3605,3560
2014-06-05,164378,3155,3230,3660,3230,3605
2014-06-09,29313,3200,3245,3310,3245,3230
2014-06-10,28003,3230,3345,3385,3345,3230
2014-06-11,63657,3330,3525,3555,3525,3330
2014-06-12,87614,3525,3650,3745,3650,3525
2014-06-13,15933,3565,3600,3700,3600,3600
2014-06-16,66412,3550,3790,3920,3790,3550
2014-06-17,19233,3715,3765,3860,3765,3860
2014-06-18,22887,3735,3750,3840,3750,3745
2014-06-19,37895,3730,3760,3960,3760,3730
2014-06-20,17818,3670,3675,3860,3675,3790
2014-06-23,25380,3500,3570,3760,3570,3690
2014-06-24,16860,3440,3485,3540,3485,3490
2014-06-25,25861,3360,3380,3535,3380,3520
2014-06-26,57090,3350,3355,3435,3355,3385
2014-06-27,102297,3355,3555,3665,3555,3375
2014-06-30,45384,3505,3595,3655,3595,3610
2014-07-01,28109,3595,3625,3670,3625,3660
2014-07-02,30780,3615,3630,3690,3630,3630
2014-07-03,25353,3590,3625,3660,3625,3625
2014-07-04,34691,3620,3620,3740,3620,3645
2014-07-07,13672,3610,3615,3700,3615,3670
2014-07-08,65206,3595,3790,3900,3790,3595
2014-07-09,33630,3720,3830,3845,3830,3795
2014-07-10,12389,3765,3770,3860,3770,3810
2014-07-11,16051,3640,3700,3795,3700,3770
2014-07-14,13626,3625,3630,3700,3630,3700
2014-07-15,29809,3570,3655,3760,3655,3570
2014-07-16,26757,3600,3655,3695,3655,3660
2014-07-17,97869,3715,3770,3860,3770,3740
2014-07-18,34645,3705,3800,3820,3800,3770
2014-07-21,42539,3785,3850,3920,3850,3785
2014-07-22,256950,3820,4195,4285,4195,3820
2014-07-23,101700,4075,4160,4230,4160,4195
2014-07-24,71249,4040,4120,4190,4120,4135
2014-07-25,185183,4085,4280,4370,4280,4090
2014-07-28,26168,4100,4100,4280,4100,4280
2014-07-29,76970,3925,4005,4240,4005,4060
2014-07-30,25965,3870,3910,4050,3910,4040
2014-07-31,24905,3730,3780,4000,3780,4000
2014-08-01,12737,3750,3830,3890,3830,3780
2014-08-04,20063,3775,3790,3840,3790,3800
2014-08-05,34273,3700,3720,3840,3720,3835
2014-08-06,54153,3620,3720,3740,3720,3705
2014-08-07,49631,3640,3650,3730,3650,3695
2014-08-08,20528,3550,3600,3700,3600,3700
2014-08-11,35284,3545,3545,3670,3545,3560
2014-08-12,18558,3500,3555,3565,3555,3510
2014-08-13,26547,3500,3505,3590,3505,3590
2014-08-14,19118,3500,3505,3590,3505,3505
2014-08-18,33065,3500,3500,3575,3500,3505
2014-08-19,49938,3400,3440,3575,3440,3500
2014-08-20,29026,3400,3470,3475,3470,3440
2014-08-21,12732,3430,3440,3530,3440,3500
2014-08-22,28295,3415,3415,3515,3415,3485
2014-08-25,22082,3270,3400,3500,3400,3415
2014-08-26,37184,3365,3470,3525,3470,3430
2014-08-27,20032,3435,3435,3520,3435,3450
2014-08-28,26079,3435,3450,3520,3450,3485
2014-08-29,16574,3455,3495,3495,3495,3455
2014-09-01,27988,3435,3495,3535,3495,3500
2014-09-02,21641,3410,3450,3520,3450,3465
2014-09-03,13426,3420,3430,3480,3430,3460
2014-09-04,21293,3350,3390,3465,3390,3450
2014-09-05,19818,3375,3405,3445,3405,3395
2014-09-11,35935,3405,3515,3520,3515,3405
2014-09-12,14438,3450,3455,3545,3455,3520
2014-09-15,82076,3410,3470,3500,3470,3410
2014-09-16,56375,3340,3470,3510,3470,3500
2014-09-17,20557,3480,3480,3575,3480,3555
2014-09-18,12445,3500,3520,3545,3520,3500
2014-09-19,18149,3500,3530,3570,3530,3530
2014-09-22,16001,3510,3550,3570,3550,3570
2014-09-23,14982,3450,3480,3535,3480,3490
2014-09-24,20123,3415,3415,3500,3415,3480
2014-09-25,44957,3375,3430,3465,3430,3420
2014-09-26,31026,3360,3360,3425,3360,3425
2014-09-29,33243,3270,3275,3420,3275,3385
2014-09-30,40839,3185,3205,3300,3205,3300
2014-10-01,62620,3060,3060,3245,3060,3245
2014-10-02,31125,2970,3135,3135,3135,3040
2014-10-06,22073,3090,3090,3180,3090,3135
2014-10-07,20919,3050,3100,3130,3100,3090
2014-10-08,27141,3040,3110,3330,3110,3095
2014-10-10,21678,3075,3110,3180,3110,3110
2014-10-13,45601,2970,2995,3145,2995,3145
2014-10-14,29782,2950,2950,3095,2950,2950
2014-10-15,15243,2890,2930,2990,2930,2950
2014-10-16,43511,2805,2860,2965,2860,2965
2014-10-17,27793,2860,2910,2930,2910,2890
2014-10-20,20565,2920,2980,3030,2980,2980
2014-10-21,16299,2970,3000,3040,3000,3020
2014-10-22,16504,2965,3000,3035,3000,3035
2014-10-23,22178,2900,2905,3085,2905,3035
2014-10-24,26570,2800,2825,2950,2825,2920
2014-10-27,21663,2810,2850,2930,2850,2930
2014-10-28,43485,2800,2880,2880,2880,2800
2014-10-29,16952,2840,2840,2915,2840,2880
2014-10-30,28797,2825,2945,2970,2945,2825
2014-10-31,17137,2865,2890,2980,2890,2970
2014-11-03,91997,2830,2915,2925,2915,2890
2014-11-04,36573,2830,2850,2960,2850,2870
2014-11-05,23323,2805,2825,2910,2825,2805
2014-11-06,20901,2790,2800,2875,2800,2855
2014-11-07,15839,2810,2885,2885,2885,2835
2014-11-10,18722,2875,2965,2975,2965,2880
2014-11-11,6442,2945,2980,3030,2980,3030
2014-11-12,42555,2920,2985,3020,2985,2990
2014-11-13,31478,2910,2970,2995,2970,2935
2014-11-14,11020,2935,2970,3005,2970,2950
2014-11-17,25839,2960,2960,3030,2960,3010
2014-11-18,17774,2910,2950,3005,2950,3005
2014-11-19,7975,2920,2955,2970,2955,2970
2014-11-20,13707,2895,2915,2950,2915,2950
2014-11-21,11561,2870,2970,2990,2970,2945
2014-11-24,66284,2960,3000,3075,3000,3010
2014-11-25,14645,2985,3020,3040,3020,3040
2014-11-26,57413,3000,3085,3105,3085,3000
2014-11-27,31453,3030,3075,3095,3075,3085
2014-11-28,29010,2995,3005,3100,3005,3055
2014-12-01,39988,2880,2960,3005,2960,2965
2014-12-02,13416,2885,2930,2965,2930,2965
2014-12-03,15361,2865,2890,2960,2890,2930
2014-12-04,38211,2805,2880,2920,2880,2805
2014-12-05,29948,2875,2910,2960,2910,2960
2014-12-08,77169,2855,2885,2950,2885,2950
2014-12-09,15764,2835,2835,2905,2835,2900
2014-12-10,33178,2790,2825,2900,2825,2840
2014-12-11,23728,2790,2820,2850,2820,2825
2014-12-12,15314,2820,2850,2940,2850,2915
2014-12-15,30164,2785,2875,2920,2875,2790
2014-12-16,348230,2815,3070,3240,3070,2835
2014-12-17,165940,2975,2975,3290,2975,3285
2014-12-18,84604,2840,2870,3040,2870,2980
2014-12-19,24333,2865,2900,2960,2900,2875
2014-12-22,37595,2900,2910,2970,2910,2900
2014-12-23,20739,2870,2905,2935,2905,2935
2014-12-24,28438,2855,2855,2925,2855,2905
2014-12-26,29996,2855,2885,2920,2885,2855
2014-12-29,37559,2885,2935,2975,2935,2885
2014-12-30,24583,2885,2900,2970,2900,2970
2015-01-02,16703,2870,2895,2935,2895,2900
2015-01-05,24799,2865,2875,2920,2875,2875
2015-01-06,30004,2845,2895,2910,2895,2875
2015-01-07,30670,2855,2895,2915,2895,2890
2015-01-08,103633,2895,2950,3010,2950,2895
2015-01-09,62526,2910,2960,3010,2960,3000
2015-01-12,78693,2955,3050,3080,3050,2970
2015-01-13,170544,3035,3100,3180,3100,3035
2015-01-14,31437,3040,3075,3130,3075,3080
2015-01-15,26614,2980,3055,3120,3055,3060
2015-01-16,28817,2985,2985,3110,2985,3055
2015-01-19,16985,2950,2990,3045,2990,3030
2015-01-20,27028,2970,2990,3030,2990,2970
2015-01-21,24550,2990,2995,3045,2995,2995
2015-01-22,26348,2980,3010,3090,3010,3020
2015-01-23,27015,3005,3055,3060,3055,3005
2015-01-26,19456,3045,3105,3125,3105,3050
2015-01-27,172412,3110,3250,3320,3250,3110
2015-01-28,28785,3180,3210,3250,3210,3205
2015-01-29,18468,3170,3170,3250,3170,3250
2015-01-30,25070,3070,3110,3215,3110,3215
2015-02-02,16456,3060,3085,3100,3085,3080
2015-02-03,32592,3095,3195,3215,3195,3140
2015-02-04,33584,3130,3215,3230,3215,3195
2015-02-05,16416,3170,3200,3235,3200,3195
2015-02-06,45174,3180,3235,3305,3235,3200
2015-02-09,45252,3125,3145,3270,3145,3250
2015-02-10,32994,3050,3050,3145,3050,3125
2015-02-11,28199,3030,3110,3120,3110,3050
2015-02-12,16891,3050,3060,3140,3060,3140
2015-02-13,16746,3005,3055,3085,3055,3060
2015-02-16,36663,2970,3065,3100,3065,3100
2015-02-17,38984,3045,3075,3105,3075,3070
2015-02-23,28927,3045,3085,3100,3085,3075
2015-02-24,51479,3065,3165,3170,3165,3145
2015-02-25,39144,3110,3135,3180,3135,3165
2015-02-26,18553,3110,3140,3170,3140,3165
2015-02-27,42651,3115,3170,3245,3170,3140
2015-03-02,95867,3100,3150,3200,3150,3150
2015-03-03,60671,3125,3130,3200,3130,3150
2015-03-04,49325,3120,3165,3210,3165,3140
2015-03-05,24490,3175,3190,3215,3190,3190
2015-03-06,54590,3120,3180,3235,3180,3190
2015-03-09,84552,3060,3085,3185,3085,3180
2015-03-10,59230,3055,3055,3110,3055,3110
2015-03-11,40572,3010,3020,3115,3020,3055
2015-03-12,50059,2990,3025,3080,3025,3035
2015-03-13,81749,3015,3020,3075,3020,3030
2015-03-16,123585,3010,3040,3075,3040,3030
2015-03-17,39952,3025,3025,3075,3025,3055
2015-03-18,108903,2960,2970,3030,2970,3025
2015-03-19,49495,2955,2955,3010,2955,2975
2015-03-20,45201,2950,2950,2990,2950,2980
2015-03-23,69843,2940,3000,3015,3000,2970
2015-03-24,43242,2965,3025,3030,3025,3000
2015-03-25,223147,3000,3000,3140,3000,3040
2015-03-26,52271,2975,3005,3050,3005,3000
2015-03-27,55488,2960,2990,3035,2990,3035
2015-03-30,31682,2955,2985,3000,2985,2960
2015-03-31,45046,2985,3010,3025,3010,3010
2015-04-01,149294,2940,2945,3040,2945,3040
2015-04-02,59013,2935,2935,2975,2935,2970
2015-04-03,24944,2930,2965,2965,2965,2960
2015-04-06,69405,2935,2965,3000,2965,2980
2015-04-07,158220,2970,3065,3095,3065,2970
2015-04-08,61209,3010,3050,3095,3050,3065
2015-04-09,41845,3040,3070,3085,3070,3070
2015-04-10,93858,3060,3085,3160,3085,3085
2015-04-13,45985,3080,3140,3140,3140,3100
2015-04-14,61682,3020,3095,3160,3095,3140
2015-04-15,41364,3080,3125,3125,3125,3080
2015-04-16,123397,3130,3200,3230,3200,3130
2015-04-17,68166,3150,3210,3225,3210,3220
2015-04-20,59365,3110,3155,3195,3155,3165
2015-04-21,60153,3090,3125,3165,3125,3165
2015-04-22,81611,2965,3075,3140,3075,3135
2015-04-23,94972,2970,3040,3130,3040,3070
2015-04-24,36905,2995,2995,3060,2995,3050
2015-04-27,27005,3000,3045,3045,3045,3030
2015-04-28,31052,3015,3020,3050,3020,3045
2015-04-29,35639,2970,3000,3040,3000,3015
2015-04-30,40847,2975,3025,3025,3025,3020
2015-05-04,23316,2970,3020,3045,3020,3025
2015-05-06,95673,2835,2870,3020,2870,3020
2015-05-07,62035,2850,2985,2990,2985,2850
2015-05-08,28545,2925,2980,3005,2980,2960
2015-05-11,25015,2930,2970,3010,2970,2950
2015-05-12,25513,2925,2970,2995,2970,2980
2015-05-13,61492,2900,2970,2970,2970,2970
2015-05-14,19093,2915,2980,2980,2980,2965
2015-05-15,64570,2970,3035,3045,3035,2985
2015-05-18,39234,2925,2965,3040,2965,3035
2015-05-19,46720,2905,2955,2960,2955,2960
2015-05-20,43588,2925,2950,2985,2950,2955
2015-05-21,78015,2835,2880,2955,2880,2950
2015-05-22,24897,2850,2885,2910,2885,2850
2015-05-26,36568,2880,2925,2950,2925,2885
2015-05-27,44406,2845,2865,2930,2865,2870
2015-05-28,24101,2845,2880,2910,2880,2850
2015-05-29,21899,2830,2870,2905,2870,2905
2015-06-01,14266,2845,2905,2910,2905,2890
2015-06-02,29875,2855,2900,2935,2900,2915
2015-06-03,32963,2870,2930,2945,2930,2910
2015-06-04,31749,2860,2955,2995,2955,2865
2015-06-05,50716,2905,2960,2990,2960,2930
2015-06-08,31350,2925,2960,3000,2960,2975
2015-06-09,18942,2905,2965,2975,2965,2905
2015-06-10,16702,2905,2925,2965,2925,2955
2015-06-11,15443,2875,2915,2940,2915,2935
2015-06-12,23480,2860,2860,2955,2860,2885
2015-06-15,27462,2785,2850,2885,2850,2885
2015-06-16,55099,2665,2725,2840,2725,2810
2015-06-17,14468,2680,2765,2790,2765,2750
2015-06-18,9015,2725,2760,2765,2760,2765
2015-06-19,17234,2730,2785,2790,2785,2730
2015-06-22,9456,2770,2790,2800,2790,2785
2015-06-23,12740,2780,2810,2825,2810,2780
2015-06-24,19314,2810,2865,2885,2865,2810
2015-06-25,11525,2825,2880,2885,2880,2865
2015-06-26,21681,2820,2885,2930,2885,2875
2015-06-29,19628,2765,2800,2870,2800,2870
2015-06-30,20557,2750,2810,2830,2810,2770
2015-07-01,32914,2775,2940,2945,2940,2830
2015-07-02,37621,2875,2920,2970,2920,2940
2015-07-03,31166,2880,2940,2945,2940,2890
2015-07-06,19242,2875,2925,2960,2925,2885
2015-07-07,53068,2765,2845,2940,2845,2905
2015-07-08,24859,2815,2930,2930,2930,2845
2015-07-09,26832,2810,2905,2920,2905,2885
2015-07-10,34623,2850,2900,2965,2900,2890
2015-07-13,13632,2875,2915,2940,2915,2900
2015-07-14,25992,2880,2945,2970,2945,2915
2015-07-15,18243,2910,2970,3030,2970,2970
2015-07-16,42247,2965,3015,3020,3015,2990
2015-07-17,13761,2985,3025,3055,3025,3055
2015-07-20,20984,2995,3025,3045,3025,3030
2015-07-21,18237,2960,3020,3025,3020,3025
2015-07-22,15895,2950,2995,3040,2995,3040
2015-07-23,21118,2950,3000,3005,3000,3000
2015-07-24,12243,2960,3000,3020,3000,2995
2015-07-27,14186,2930,2980,3035,2980,2995
2015-07-28,23710,2820,2895,2970,2895,2930
2015-07-29,10289,2845,2850,2885,2850,2860
2015-07-30,19388,2735,2805,2870,2805,2870
2015-07-31,28259,2710,2755,2780,2755,2730
2015-08-03,17334,2710,2780,2780,2780,2750
2015-08-04,16266,2740,2805,2900,2805,2770
2015-08-05,13473,2790,2815,2870,2815,2795
2015-08-06,23888,2795,2855,2855,2855,2805
2015-08-07,5805,2810,2860,2875,2860,2815
2015-08-10,15559,2775,2800,2890,2800,2865
2015-08-11,15923,2780,2820,2840,2820,2780
2015-08-12,22306,2730,2800,2840,2800,2820
2015-08-13,14136,2735,2790,2865,2790,2780
2015-08-14,0,2790,2790,2790,2790,2790
2015-08-17,11751,2765,2820,2825,2820,2765
2015-08-18,13290,2750,2820,2855,2820,2855
2015-08-19,37229,2755,2800,2840,2800,2840
2015-08-20,13644,2725,2760,2800,2760,2785
2015-08-21,96899,2450,2480,2720,2480,2700
2015-08-24,63779,2250,2300,2440,2300,2250
2015-08-25,32806,2300,2405,2425,2405,2300
2015-08-26,14491,2395,2420,2460,2420,2395
2015-08-27,37357,2420,2475,2510,2475,2420
2015-08-28,27629,2460,2460,2560,2460,2475
2015-08-31,4454,2460,2470,2560,2470,2560
2015-09-01,19816,2445,2465,2545,2465,2525
2015-09-02,18269,2390,2475,2485,2475,2405
2015-09-03,21929,2410,2500,2580,2500,2495
2015-09-04,18917,2445,2505,2535,2505,2500
2015-09-07,6933,2480,2480,2525,2480,2525
2015-09-08,16927,2460,2485,2560,2485,2520
2015-09-09,17212,2435,2480,2520,2480,2520
2015-09-10,13713,2430,2500,2515,2500,2515
2015-09-11,2935,2475,2510,2520,2510,2500
2015-09-14,31344,2465,2580,2630,2580,2520
2015-09-15,8096,2520,2570,2620,2570,2580
2015-09-16,21701,2545,2565,2600,2565,2570
2015-09-17,11125,2545,2570,2620,2570,2590
2015-09-18,19439,2555,2610,2675,2610,2555
2015-09-21,17396,2530,2585,2615,2585,2610
2015-09-22,17535,2555,2605,2610,2605,2585
2015-09-23,7516,2535,2620,2630,2620,2550
2015-09-24,35513,2585,2635,2700,2635,2635
2015-09-25,10141,2600,2640,2655,2640,2655
2015-09-30,206897,2600,2900,3045,2900,2655
2015-10-01,51409,2850,2900,2960,2900,2875
2015-10-02,18361,2865,2900,2920,2900,2910
2015-10-05,41514,2800,2870,2975,2870,2940
2015-10-06,81047,2815,3015,3180,3015,2915
2015-10-07,9079,2985,3000,3045,3000,3000
2015-10-08,42089,2990,3030,3090,3030,3045
2015-10-12,21642,3000,3020,3080,3020,3030
2015-10-13,26053,2940,2995,3030,2995,2985
2015-10-14,29812,2900,2985,3040,2985,2995
2015-10-15,23658,2870,2950,3000,2950,2985
2015-10-16,41251,2810,2910,2960,2910,2960
2015-10-19,7307,2870,2875,2935,2875,2910
2015-10-20,9771,2875,2895,2940,2895,2920
2015-10-21,36768,2840,2930,2950,2930,2855
2015-10-22,26813,2875,2905,2995,2905,2945
2015-10-23,30465,2860,2910,2955,2910,2930
2015-10-26,16217,2800,2885,2910,2885,2900
2015-10-27,18285,2830,2845,2885,2845,2885
2015-10-28,8338,2810,2830,2885,2830,2885
2015-10-29,19028,2785,2825,2865,2825,2830
2015-10-30,23614,2745,2745,2860,2745,2825
2015-11-02,21768,2670,2750,2770,2750,2760
2015-11-03,20051,2675,2675,2750,2675,2750
2015-11-04,11778,2700,2760,2785,2760,2700
2015-11-05,6258,2745,2790,2860,2790,2760
2015-11-06,14694,2700,2715,2840,2715,2790
2015-11-09,15241,2630,2640,2760,2640,2720
2015-11-10,34426,2520,2530,2665,2530,2640
2015-11-11,12664,2530,2620,2655,2620,2530
2015-11-12,10827,2590,2620,2725,2620,2650
2015-11-13,10284,2585,2630,2690,2630,2620
2015-11-16,22483,2545,2655,2730,2655,2550
2015-11-17,11289,2635,2710,2765,2710,2655
2015-11-18,4588,2665,2710,2775,2710,2710
2015-11-19,22723,2660,2740,2740,2740,2730
2015-11-20,17756,2715,2810,2820,2810,2740
2015-11-23,7603,2775,2800,2820,2800,2810
2015-11-24,17536,2735,2770,2810,2770,2755
2015-11-25,10668,2740,2805,2815,2805,2770
2015-11-26,19961,2755,2765,2815,2765,2815
2015-11-27,11881,2750,2765,2790,2765,2775
2015-11-30,10854,2705,2705,2780,2705,2730
2015-12-01,5163,2715,2720,2765,2720,2715
2015-12-02,29400,2690,2695,2755,2695,2720
2015-12-03,3159,2650,2700,2725,2700,2700
2015-12-04,10633,2700,2735,2755,2735,2755
2015-12-07,6701,2710,2720,2770,2720,2735
2015-12-08,32707,2650,2650,2750,2650,2750
2015-12-09,28274,2530,2600,2715,2600,2660
2015-12-10,13699,2545,2580,2650,2580,2600
2015-12-11,5172,2565,2580,2660,2580,2585
2015-12-14,25215,2460,2535,2620,2535,2620
2015-12-15,7167,2450,2535,2550,2535,2550
2015-12-16,47613,2485,2550,2570,2550,2535
2015-12-17,12121,2570,2650,2680,2650,2570
2015-12-18,15258,2595,2595,2690,2595,2620
2015-12-21,16997,2595,2640,2680,2640,2605
2015-12-22,5300,2600,2625,2690,2625,2690
2015-12-23,10040,2600,2640,2650,2640,2640
2015-12-24,12998,2570,2630,2710,2630,2650
2015-12-28,8787,2590,2630,2690,2630,2630
2015-12-29,6902,2610,2650,2690,2650,2685
2015-12-30,15915,2600,2650,2730,2650,2690
2016-01-04,21061,2560,2565,2700,2565,2650
2016-01-05,8970,2515,2565,2605,2565,2515
2016-01-06,35216,2555,2555,2660,2555,2565
2016-01-07,26734,2540,2545,2630,2545,2555
2016-01-08,30843,2480,2530,2555,2530,2540
2016-01-11,11126,2510,2545,2585,2545,2540
2016-01-12,19790,2485,2485,2590,2485,2555
2016-01-13,13021,2450,2480,2510,2480,2500
2016-01-14,13874,2400,2530,2530,2530,2480
2016-01-15,21147,2450,2600,2600,2600,2555
2016-01-18,7868,2500,2555,2595,2555,2545
2016-01-19,5993,2505,2550,2635,2550,2635
2016-01-20,14355,2470,2495,2545,2495,2545
2016-01-21,10850,2470,2510,2520,2510,2495
2016-01-22,4219,2485,2535,2550,2535,2510
2016-01-25,18383,2475,2515,2590,2515,2535
2016-01-26,7312,2470,2510,2515,2510,2515
2016-01-27,30733,2450,2500,2520,2500,2505
2016-01-28,27186,2455,2580,2580,2580,2500
2016-01-29,12910,2550,2620,2640,2620,2580
2016-02-01,6929,2555,2645,2660,2645,2650
2016-02-02,8046,2600,2600,2690,2600,2645
2016-02-03,7455,2550,2580,2640,2580,2625
2016-02-04,18212,2535,2630,2665,2630,2640
2016-02-05,3503,2585,2625,2690,2625,2650
2016-02-11,5217,2560,2560,2625,2560,2625
2016-02-12,23909,2450,2490,2570,2490,2520
2016-02-15,12136,2480,2480,2590,2480,2540
2016-02-16,8419,2460,2500,2540,2500,2540
2016-02-17,9571,2470,2525,2545,2525,2535
2016-02-18,27055,2505,2575,2600,2575,2535
2016-02-19,8294,2530,2600,2620,2600,2575
2016-02-22,11753,2550,2585,2650,2585,2595
2016-02-23,9956,2530,2550,2630,2550,2580
2016-02-24,15571,2525,2595,2655,2595,2525
2016-02-25,7891,2595,2600,2660,2600,2595
2016-02-26,9181,2600,2650,2690,2650,2600
2016-02-29,23514,2650,2700,2735,2700,2650
2016-03-02,41134,2670,2715,2830,2715,2700
2016-03-03,11228,2695,2725,2750,2725,2750
2016-03-04,21892,2690,2745,2780,2745,2690
2016-03-07,16363,2700,2755,2770,2755,2745
2016-03-08,15540,2720,2735,2785,2735,2755
2016-03-09,8363,2700,2765,2785,2765,2735
2016-03-10,14859,2680,2760,2795,2760,2765
2016-03-11,18152,2700,2730,2780,2730,2755
2016-03-14,75824,2730,2885,3000,2885,2730
2016-03-15,15769,2855,2885,2930,2885,2855
2016-03-16,24587,2870,2885,2950,2885,2950
2016-03-17,91340,2860,2980,3070,2980,2900
2016-03-18,42595,2930,2980,3015,2980,3015
2016-03-21,35348,2955,2970,3060,2970,2980
2016-03-22,60290,2910,2965,2985,2965,2955
2016-03-23,28086,2910,2965,3000,2965,2965
2016-03-24,8541,2925,2970,3000,2970,2965
2016-03-25,10303,2880,2890,2970,2890,2965
2016-03-28,9414,2825,2880,2895,2880,2890
2016-03-29,5804,2815,2940,2945,2940,2880
2016-03-30,7752,2885,2905,2955,2905,2935
2016-03-31,15389,2840,2875,2970,2875,2915
2016-04-01,3825,2840,2900,2925,2900,2840
2016-04-04,13489,2880,2930,2945,2930,2900
2016-04-05,33238,2875,3000,3040,3000,2875
2016-04-06,38719,2940,3005,3070,3005,3020
2016-04-07,11374,2940,2985,3045,2985,3010
2016-04-08,41914,2885,3010,3100,3010,2950
2016-04-11,21238,2980,3010,3100,3010,3010
2016-04-12,9807,2950,3000,3010,3000,3010
2016-04-14,23551,2910,2950,3010,2950,3000
2016-04-15,12614,2940,2955,2985,2955,2985
2016-04-18,33049,2920,2985,3000,2985,2955
2016-04-19,14975,2930,2995,3005,2995,2985
2016-04-20,27557,2995,3050,3095,3050,3010
2016-04-21,20562,3010,3055,3075,3055,3070
2016-04-22,34285,3000,3020,3100,3020,3080
2016-04-25,19735,2980,3020,3060,3020,3050
2016-04-26,18377,2975,3000,3020,3000,3020
2016-04-27,37143,2980,2980,3095,2980,3075
2016-04-28,20312,2965,2965,3045,2965,3000
2016-04-29,22160,2935,3020,3090,3020,2990
2016-05-02,9932,2940,2980,3035,2980,3020
2016-05-03,31473,2980,3040,3070,3040,2980
2016-05-04,98239,3025,3095,3100,3095,3040
2016-05-09,1112921,3095,3490,3735,3490,3095
2016-05-10,227380,3385,3440,3640,3440,3490
2016-05-11,135988,3320,3420,3480,3420,3445
2016-05-12,297389,3420,3650,3735,3650,3420
2016-05-13,116461,3535,3620,3700,3620,3585
2016-05-16,151276,3550,3690,3720,3690,3635
2016-05-17,544184,3420,3420,4060,3420,3790
2016-05-18,207561,3245,3395,3485,3395,3485
2016-05-19,41292,3300,3395,3405,3395,3395
2016-05-20,64438,3300,3430,3450,3430,3310
2016-05-23,104783,3265,3345,3490,3345,3385
2016-05-24,45377,3285,3365,3445,3365,3350
2016-05-25,93775,3295,3355,3440,3355,3365
2016-05-26,45680,3255,3255,3400,3255,3400
2016-05-27,80097,3110,3400,3400,3400,3210
2016-05-30,32778,3305,3330,3445,3330,3400
2016-05-31,28054,3330,3360,3395,3360,3335
2016-06-01,47745,3320,3395,3450,3395,3370
2016-06-02,71564,3295,3365,3395,3365,3365
2016-06-03,53942,3250,3300,3400,3300,3365
2016-06-07,37601,3235,3270,3330,3270,3300
2016-06-08,30490,3220,3270,3285,3270,3270
2016-06-09,32907,3210,3255,3300,3255,3270
2016-06-10,15254,3260,3330,3360,3330,3360
2016-06-13,13335,3205,3290,3325,3290,3300
2016-06-14,19789,3210,3250,3355,3250,3290
2016-06-15,13231,3230,3250,3290,3250,3250
2016-06-16,30990,3185,3250,3380,3250,3250
2016-06-17,27758,3200,3210,3310,3210,3245
2016-06-20,36384,3190,3290,3315,3290,3210
2016-06-21,51621,3230,3330,3345,3330,3300
2016-06-22,100102,3240,3440,3495,3440,3330
2016-06-23,51144,3375,3440,3470,3440,3410
2016-06-24,187750,3200,3690,3700,3690,3440
2016-06-27,251596,3480,3560,3700,3560,3690
2016-06-28,78754,3420,3560,3620,3560,3620
2016-06-29,275810,3450,3840,3880,3840,3595
2016-06-30,394512,3750,4020,4040,4020,3830
2016-07-01,192222,3905,3930,4150,3930,4020
2016-07-04,102253,3845,3920,3995,3920,3930
2016-07-05,105562,3785,3990,3990,3990,3895
2016-07-06,81301,3870,3980,4005,3980,3960
2016-07-07,86859,3930,3990,4100,3990,3975
2016-07-08,57687,3890,3990,4045,3990,3990
2016-07-11,63728,3870,3905,3985,3905,3985
2016-07-12,97153,3745,3800,3910,3800,3905
2016-07-13,87281,3690,3770,3800,3770,3795
2016-07-14,80242,3645,3810,3830,3810,3765
2016-07-15,165446,3695,3880,4155,3880,3785
2016-07-18,68542,3885,3920,3995,3920,3930
2016-07-19,47561,3840,3885,3970,3885,3875
2016-07-20,72516,3785,3840,3950,3840,3950
2016-07-21,158463,3810,4000,4050,4000,3840
2016-07-22,59978,3920,3950,4095,3950,4050
2016-07-25,75005,3820,3865,3995,3865,3950
2016-07-26,74713,3740,3865,3865,3865,3865
2016-07-27,24038,3815,3880,3950,3880,3865
2016-07-28,87232,3885,4005,4040,4005,3930
2016-07-29,71165,3995,4005,4070,4005,4005
2016-08-01,462089,4025,4480,4480,4480,4095
2016-08-02,254793,4270,4270,4440,4270,4370
2016-08-03,136937,4025,4050,4200,4050,4170
2016-08-04,63158,3950,4010,4130,4010,4095
2016-08-05,52634,3990,4000,4090,4000,4010
2016-08-08,47827,3970,3975,4080,3975,4020
2016-08-09,34420,3950,4055,4055,4055,4005
2016-08-10,24372,4005,4045,4095,4045,4060
2016-08-11,53181,3930,4000,4050,4000,4045
2016-08-12,19788,3940,4000,4050,4000,4050
2016-08-16,200267,3640,3790,4000,3790,4000
2016-08-17,58327,3670,3770,3810,3770,3730
2016-08-18,27498,3705,3765,3810,3765,3810
2016-08-19,42036,3745,3860,3860,3860,3765
2016-08-22,46970,3740,3745,3860,3745,3860
2016-08-23,70796,3670,3825,3875,3825,3745
2016-08-24,52718,3800,3880,3925,3880,3810
2016-08-25,48748,3810,3885,3905,3885,3880
2016-08-26,61605,3680,3705,3880,3705,3880
2016-08-29,48986,3610,3645,3745,3645,3710
2016-08-30,42718,3520,3695,3735,3695,3660
2016-08-31,93496,3555,3775,3860,3775,3695
2016-09-01,27001,3700,3730,3800,3730,3775
2016-09-02,28180,3670,3765,3790,3765,3670
2016-09-05,13658,3720,3755,3800,3755,3765
2016-09-06,24254,3720,3770,3790,3770,3765
2016-09-07,30097,3730,3820,3820,3820,3760
2016-09-08,115443,3730,3895,3935,3895,3750
2016-09-09,30446,3835,3890,3985,3890,3930
2016-09-12,17625,3785,3895,3940,3895,3820
2016-09-13,15536,3780,3865,3905,3865,3810
2016-09-19,19688,3825,3880,3940,3880,3865
2016-09-20,34966,3795,3875,3940,3875,3860
2016-09-21,44853,3815,3895,3930,3895,3875
2016-09-22,18864,3860,3895,3935,3895,3860
2016-09-23,33771,3825,3895,3935,3895,3935
2016-09-26,44338,3745,3750,3895,3750,3870
2016-09-27,11674,3710,3715,3795,3715,3750
2016-09-28,9378,3695,3715,3810,3715,3710
2016-09-29,75367,3640,3740,3825,3740,3715
2016-09-30,30284,3620,3735,3850,3735,3785
2016-10-04,37386,3715,3800,3815,3800,3735
2016-10-05,34162,3740,3790,3850,3790,3835
2016-10-06,35198,3740,3800,3845,3800,3845
2016-10-07,23156,3720,3830,3830,3830,3775
2016-10-10,17128,3800,3850,3920,3850,3800
2016-10-11,13877,3765,3840,3870,3840,3870
2016-10-12,15328,3780,3840,3910,3840,3910
2016-10-13,24605,3710,3815,3845,3815,3840
2016-10-14,27337,3725,3870,3880,3870,3790
2016-10-17,14728,3770,3805,3840,3805,3770
2016-10-18,31426,3770,3800,3890,3800,3780
2016-10-19,9437,3785,3835,3860,3835,3805
2016-10-20,17159,3785,3815,3875,3815,3805
2016-10-21,18004,3730,3835,3845,3835,3790
2016-10-24,16196,3810,3910,4000,3910,3810
2016-10-25,19324,3820,3900,3975,3900,3855
2016-10-26,33223,3770,3850,3930,3850,3855
2016-10-27,36357,3785,3930,4000,3930,3825
2016-10-28,12391,3835,3930,3950,3930,3905
2016-10-31,27518,3795,3880,3985,3880,3880
2016-11-01,15814,3830,3885,3925,3885,3870
2016-11-02,40356,3540,3705,3940,3705,3865
2016-11-03,12257,3675,3735,3805,3735,3770
2016-11-04,20333,3630,3775,3775,3775,3630
2016-11-07,6346,3705,3825,3900,3825,3705
2016-11-08,4018,3780,3800,3835,3800,3800
2016-11-09,38497,3510,3690,3800,3690,3800
2016-11-10,10571,3690,3775,3780,3775,3690
2016-11-11,15353,3660,3700,3780,3700,3710
2016-11-14,29845,3565,3745,3745,3745,3700
2016-11-15,42812,3600,3630,3745,3630,3715
2016-11-16,49403,3575,3630,3695,3630,3695
2016-11-17,17562,3580,3580,3690,3580,3690
2016-11-18,8246,3520,3580,3645,3580,3580
2016-11-21,11573,3520,3585,3590,3585,3520
2016-11-22,13843,3500,3585,3650,3585,3600
2016-11-23,71206,3420,3580,3600,3580,3600
2016-11-24,25953,3455,3525,3580,3525,3500
2016-11-25,44216,3330,3515,3605,3515,3445
2016-11-28,15465,3435,3525,3555,3525,3450
2016-11-29,20635,3340,3460,3515,3460,3480
2016-11-30,12265,3390,3425,3455,3425,3455
2016-12-01,11921,3350,3350,3440,3350,3425
2016-12-02,11158,3300,3370,3395,3370,3310
2016-12-05,8969,3340,3340,3410,3340,3370
2016-12-06,18796,3315,3420,3440,3420,3315
2016-12-07,14853,3360,3400,3450,3400,3400
2016-12-08,4280,3395,3410,3545,3410,3400
2016-12-09,8886,3410,3470,3475,3470,3475
2016-12-12,4568,3440,3485,3645,3485,3440
2016-12-13,31044,3415,3550,3600,3550,3455
2016-12-14,14649,3505,3550,3625,3550,3550
2016-12-15,6028,3530,3600,3620,3600,3530
2016-12-16,7833,3550,3595,3650,3595,3600
2016-12-19,51200,3595,3730,3930,3730,3600
2016-12-20,17134,3700,3735,3800,3735,3800
2016-12-21,12168,3645,3690,3735,3690,3735
2016-12-22,15348,3640,3640,3760,3640,3690
2016-12-23,618021,4730,4730,4730,4730,4730
2016-12-26,2462089,4795,4810,4815,4810,4800
2016-12-27,697343,4805,4805,4815,4805,4815
2016-12-28,218534,4805,4810,4815,4810,4805
2016-12-29,112831,4805,4810,4815,4810,4805
2017-01-02,155129,4810,4815,4815,4815,4810
2017-01-03,215732,4810,4810,4815,4810,4810
2017-01-04,176602,4810,4815,4820,4815,4820
2017-01-05,124707,4810,4815,4815,4815,4815
2017-01-06,145440,4810,4815,4815,4815,4810
2017-01-09,190404,4810,4815,4820,4815,4815
2017-01-10,327982,4810,4815,4820,4815,4815
2017-01-11,81633,4815,4815,4825,4815,4815
2017-01-12,111192,4815,4815,4825,4815,4820
2017-01-13,87359,4815,4815,4820,4815,4815
2017-01-16,171751,4815,4815,4820,4815,4815
2017-01-17,219086,4685,4740,4815,4740,4815
2017-01-18,247822,4725,4725,4810,4725,4730
2017-01-19,15844,4735,4785,4790,4785,4735
2017-01-20,22933,4755,4805,4805,4805,4785
2017-01-23,42716,4760,4805,4805,4805,4805
2017-01-24,37397,4780,4780,4825,4780,4780
2017-01-25,33848,4770,4790,4820,4790,4770
2017-01-26,65203,4720,4810,4810,4810,4780
2017-01-31,13499,4770,4795,4810,4795,4810
2017-02-01,6452,4760,4795,4795,4795,4795
2017-02-02,8859,4740,4765,4795,4765,4760
2017-02-03,21258,4730,4735,4785,4735,4735
2017-02-06,47271,4690,4700,4775,4700,4735
2017-02-07,13991,4695,4725,4735,4725,4700
2017-02-08,1482,4705,4725,4725,4725,4705
2017-02-09,15374,4695,4700,4725,4700,4700
2017-02-10,13668,4695,4700,4730,4700,4730
2017-02-13,34973,4675,4730,4735,4730,4700
2017-02-14,21097,4685,4690,4700,4690,4700
2017-02-15,1161,4690,4715,4725,4715,4725
2017-02-16,391,4695,4720,4725,4720,4695
2017-02-17,10838,4685,4690,4720,4690,4720
2017-02-20,22600,4690,4690,4710,4690,4710
2017-02-21,4990,4690,4710,4710,4710,4690
2017-02-22,2235,4690,4690,4720,4690,4690
2017-02-23,8523,4685,4685,4710,4685,4690
2017-02-24,3104,4685,4690,4710,4690,4690
2017-02-27,14877,4675,4680,4720,4680,4720
2017-02-28,623669,4850,4900,5120,4900,4850
2017-03-02,129330,4895,4965,5020,4965,4900
2017-03-03,195151,4985,5170,5170,5170,4990
2017-03-06,246788,5170,5400,5670,5400,5290
2017-03-07,345001,5430,6100,6100,6100,5550
2017-03-08,371708,5620,5700,6100,5700,6100
2017-03-09,198772,5180,5230,5730,5230,5600
2017-03-10,98393,5100,5380,5450,5380,5150
2017-03-13,93084,5340,5560,5620,5560,5540
2017-03-14,34007,5340,5530,5590,5530,5500
2017-03-15,76505,5500,5690,5730,5690,5510
2017-03-16,24882,5630,5700,5720,5700,5690
2017-03-17,24142,5650,5720,5730,5720,5690
2017-03-20,46889,5500,5520,5710,5520,5660
2017-03-21,27206,5360,5390,5520,5390,5520
2017-03-22,34587,5350,5670,5700,5670,5400
2017-03-23,24047,5500,5580,5690,5580,5610
2017-03-24,30015,5430,5520,5620,5520,5510
2017-03-27,25957,5380,5450,5500,5450,5470
2017-03-28,17445,5400,5480,5570,5480,5420
2017-03-29,31326,5410,5430,5530,5430,5500
2017-03-30,22106,5330,5410,5460,5410,5390
2017-03-31,21811,5350,5480,5480,5480,5360
2017-04-03,18966,5370,5420,5490,5420,5490
2017-04-04,17008,5310,5400,5460,5400,5420
2017-04-05,23240,5340,5430,5580,5430,5410
2017-04-06,17005,5390,5520,5570,5520,5430
2017-04-07,31975,5450,5550,5580,5550,5580
2017-04-10,299646,5450,6230,6860,6230,5450
2017-04-11,95819,5900,6120,6230,6120,6120
2017-04-12,66752,6050,6470,6590,6470,6100
2017-04-13,36622,6400,6590,6650,6590,6490
2017-04-14,77039,6450,6620,6930,6620,6580
2017-04-17,31118,6470,6550,6800,6550,6610
2017-04-18,13784,6390,6530,6600,6530,6600
2017-04-19,21973,6300,6380,6600,6380,6600
2017-04-20,24962,6060,6240,6370,6240,6310
2017-04-21,69616,6150,6500,6790,6500,6240
2017-04-24,77371,6310,6470,6610,6470,6500
2017-04-25,33265,6240,6570,6610,6570,6580
2017-04-26,104318,6600,6730,7020,6730,6600
2017-04-27,145748,6670,6940,7080,6940,6710
2017-04-28,667890,5390,5590,7070,5590,6950
2017-05-02,283079,5080,5100,5590,5100,5590
2017-05-04,69076,5020,5110,5160,5110,5100
2017-05-08,27868,5070,5140,5250,5140,5110
2017-05-10,22379,5000,5090,5170,5090,5100
2017-05-11,29645,5000,5080,5100,5080,5030
2017-05-12,13794,5010,5120,5140,5120,5050
2017-05-15,37969,4990,5050,5120,5050,5120
2017-05-16,19900,4910,4980,5050,4980,5050
2017-05-17,11460,4910,4945,5040,4945,4930
2017-05-18,12201,4905,4990,5000,4990,4945
2017-05-19,17160,4875,4985,4995,4985,4990
2017-05-22,26287,4900,4960,4985,4960,4985
2017-05-23,20452,4900,4990,5010,4990,4960
2017-05-24,15837,4925,4995,5000,4995,4995
2017-05-25,23530,4950,5050,5060,5050,4995
2017-05-26,34681,5010,5150,5160,5150,5050
2017-05-29,42279,5080,5300,5370,5300,5150
2017-05-30,42641,5020,5160,5240,5160,5120
2017-05-31,29451,5100,5270,5310,5270,5160
2017-06-01,20711,5220,5380,5400,5380,5270
2017-06-02,27469,5310,5470,5480,5470,5410
2017-06-05,20317,5320,5490,5520,5490,5490
2017-06-07,8439,5410,5470,5520,5470,5490
2017-06-08,19705,5260,5370,5490,5370,5480
2017-06-09,25131,5250,5360,5380,5360,5370
2017-06-12,34690,5170,5180,5470,5180,5470
2017-06-13,7750,5130,5130,5250,5130,5170
2017-06-14,7221,5110,5210,5230,5210,5170
2017-06-15,10422,5150,5230,5310,5230,5210
2017-06-16,30482,5130,5190,5330,5190,5190
2017-06-19,22366,5190,5320,5330,5320,5200
2017-06-20,82512,5270,5350,5480,5350,5320
2017-06-21,6806,5280,5350,5400,5350,5300
2017-06-22,13652,5210,5210,5350,5210,5350
2017-06-23,20513,5220,5270,5440,5270,5230
2017-06-26,12506,5260,5350,5400,5350,5270
2017-06-27,8773,5280,5360,5400,5360,5390
2017-06-28,27583,5300,5300,5390,5300,5310
2017-06-29,30663,5270,5370,5430,5370,5270
2017-06-30,42649,5340,5380,5640,5380,5410
2017-07-03,3461,5310,5370,5440,5370,5440
2017-07-04,3760,5310,5360,5400,5360,5360
2017-07-05,54384,5330,5560,5690,5560,5340
2017-07-06,8341,5490,5630,5700,5630,5560
2017-07-07,44231,5450,5640,5860,5640,5630
2017-07-10,15396,5620,5630,5830,5630,5640
2017-07-11,13420,5530,5660,5790,5660,5630
2017-07-12,9619,5580,5600,5780,5600,5690
2017-07-13,95574,5670,5730,6070,5730,5850
2017-07-14,215674,5370,5450,5880,5450,5850
2017-07-17,36903,5300,5330,5540,5330,5390
2017-07-18,36451,5280,5480,5480,5480,5280
2017-07-19,3502,5410,5450,5500,5450,5500
2017-07-20,19706,5390,5450,5500,5450,5410
2017-07-21,7158,5380,5420,5490,5420,5480
2017-07-24,9928,5390,5490,5500,5490,5390
2017-07-25,28098,5410,5620,5640,5620,5540
2017-07-26,14402,5460,5580,5660,5580,5620
2017-07-27,11424,5430,5490,5590,5490,5540
2017-07-28,17007,5370,5370,5510,5370,5400
2017-07-31,3155,5330,5450,5590,5450,5330
2017-08-01,5334,5380,5450,5520,5450,5450
2017-08-02,9304,5360,5370,5480,5370,5380
2017-08-03,2529,5370,5390,5460,5390,5460
2017-08-04,4542,5350,5360,5440,5360,5440
2017-08-07,3830,5310,5420,5430,5420,5320
2017-08-08,15267,5340,5380,5570,5380,5450
2017-08-09,9253,5230,5300,5430,5300,5430
2017-08-10,2850,5220,5310,5370,5310,5300
2017-08-11,1557,5230,5270,5370,5270,5310
2017-08-14,4826,5280,5370,5430,5370,5370
2017-08-16,4032,5250,5300,5450,5300,5370
2017-08-17,6717,5240,5350,5450,5350,5340
2017-08-18,18753,5180,5210,5380,5210,5350
2017-08-21,4142,5250,5270,5280,5270,5280
2017-08-22,4511,5240,5280,5450,5280,5270
2017-08-23,12641,5140,5140,5300,5140,5280
2017-08-24,11974,5070,5170,5270,5170,5100
2017-08-25,6089,5130,5200,5220,5200,5200
2017-08-28,2301,5130,5200,5230,5200,5150
2017-08-29,4771,5100,5130,5220,5130,5130
2017-08-30,2991,5130,5170,5190,5170,5130
2017-08-31,7183,5150,5240,5340,5240,5170
2017-09-01,6374,5180,5280,5330,5280,5270
2017-09-04,3149,5170,5240,5300,5240,5270
2017-09-05,2935,5170,5210,5290,5210,5290
2017-09-06,5058,5170,5220,5250,5220,5200
2017-09-07,7999,5170,5230,5250,5230,5250
2017-09-08,3012,5160,5210,5260,5210,5260
2017-09-11,3940,5150,5200,5220,5200,5220
2017-09-12,4905,5110,5170,5220,5170,5220
2017-09-13,9995,5070,5100,5200,5100,5200
2017-09-14,3913,5040,5140,5150,5140,5150
2017-09-15,4408,5050,5130,5130,5130,5130
2017-09-18,5095,5050,5110,5110,5110,5060
2017-09-19,14096,5000,5070,5110,5070,5040
2017-09-20,8565,4995,5030,5090,5030,5010
2017-09-21,7336,4970,5000,5070,5000,5010
2017-09-25,9870,4910,5000,5010,5000,5000
2017-09-26,0,5000,5000,5000,5000,5000
2017-09-27,1919,4925,5040,5050,5040,4925
2017-09-28,8986,4925,5020,5030,5020,4950
2017-09-29,3189,4925,5020,5020,5020,4970
2017-10-10,3724,4920,5000,5020,5000,5020
2017-10-11,3896,4935,4965,5050,4965,5000
2017-10-12,2450,4940,4995,5040,4995,4985
2017-10-13,3795,4940,4995,5240,4995,4995
2017-10-16,3187,4920,4975,4975,4975,4975
2017-10-17,6097,4900,4945,4975,4945,4975
2017-10-18,3831,4905,4975,4990,4975,4945
2017-10-19,3233,4905,4925,4970,4925,4905
2017-10-20,3692,4915,4925,4985,4925,4980
2017-10-23,2267,4930,4950,5000,4950,4930
2017-10-24,2838,4915,4970,4995,4970,4995
2017-10-25,2514,4930,4975,4990,4975,4945
2017-10-26,7106,4910,4920,4980,4920,4940
2017-10-27,2883,4920,4970,4980,4970,4920
2017-10-30,3083,4930,4970,4970,4970,4965
2017-10-31,8062,4950,5060,5440,5060,4975
2017-11-01,10200,5020,5230,5380,5230,5130
2017-11-02,4746,5190,5240,5370,5240,5340
2017-11-03,14251,5240,5370,5590,5370,5330
2017-11-06,9447,5240,5380,5550,5380,5240
2017-11-07,19239,5320,5370,5500,5370,5440
2017-11-08,9573,5220,5270,5360,5270,5320
2017-11-09,1356,5210,5270,5270,5270,5270
2017-11-10,1600,5170,5250,5320,5250,5320
2017-11-13,730,5150,5240,5250,5240,5150
2017-11-14,768,5210,5290,5290,5290,5210
2017-11-15,6898,5200,5300,5310,5300,5300
2017-11-16,14211,5140,5270,5300,5270,5300
2017-11-17,5885,5120,5180,5290,5180,5240
2017-11-20,5609,5110,5150,5230,5150,5140
2017-11-21,4546,5090,5090,5200,5090,5110
2017-11-22,15536,5000,5100,5170,5100,5090
2017-11-23,7207,5010,5080,5110,5080,5010
2017-11-24,5047,5020,5070,5150,5070,5020
2017-11-27,2509,5020,5080,5150,5080,5070
2017-11-28,7220,5040,5090,5200,5090,5100
2017-11-29,419,5070,5070,5140,5070,5120
2017-11-30,1548,5030,5050,5130,5050,5060
2017-12-01,636,5060,5100,5130,5100,5060
2017-12-04,18855,4960,5000,5120,5000,5070
2017-12-05,7421,5000,5100,5150,5100,5000
2017-12-06,3025,5010,5070,5130,5070,5090
2017-12-07,1863,5010,5020,5070,5020,5060
2017-12-08,1512,5010,5010,5100,5010,5070
2017-12-11,9379,4985,5000,5170,5000,5010
2017-12-12,3639,4980,5020,5050,5020,5050
2017-12-13,2050,5000,5030,5050,5030,5000
2017-12-14,1716,4985,5030,5030,5030,5000
2017-12-15,4669,4935,4990,5080,4990,5050
2017-12-18,3428,4940,5000,5020,5000,4990
2017-12-19,7423,4905,4950,5060,4950,5050
2017-12-21,2726,4925,4980,5020,4980,4925
2017-12-22,2645,4980,5000,5140,5000,4980
2017-12-26,1464,4990,5040,5050,5040,4990
2017-12-27,4371,5010,5110,5150,5110,5020
2017-12-28,4744,5000,5100,5120,5100,5110
2018-01-02,556,5070,5100,5130,5100,5100
2018-01-03,5764,5010,5110,5440,5110,5100
2018-01-04,7625,5030,5150,5180,5150,5030
2018-01-05,7638,5130,5180,5270,5180,5150
2018-01-08,3352,5060,5170,5230,5170,5230
2018-01-09,7177,5040,5110,5110,5110,5040
2018-01-10,5683,5030,5100,5110,5100,5110
2018-01-11,1326,5040,5100,5100,5100,5040
2018-01-12,2969,5070,5120,5190,5120,5190
2018-01-15,13508,5070,5270,5270,5270,5070
2018-01-16,10812,5230,5350,5400,5350,5270
2018-01-17,11449,5070,5270,5380,5270,5380
2018-01-18,12182,5170,5250,5340,5250,5250
2018-01-19,6919,5190,5220,5380,5220,5210
2018-01-22,4940,5230,5300,5310,5300,5230
2018-01-23,2322,5240,5350,5350,5350,5300
2018-01-24,5067,5310,5420,5420,5420,5350
2018-01-25,12451,5360,5600,5600,5600,5410
2018-01-26,7970,5450,5600,5700,5600,5600
2018-01-29,6855,5610,5620,5700,5620,5650
2018-01-30,6934,5480,5610,5620,5610,5620
2018-01-31,16711,5510,5780,5780,5780,5650
2018-02-01,4703,5650,5750,5780,5750,5720
2018-02-02,1732,5650,5760,5820,5760,5670
2018-02-05,8415,5590,5700,5790,5700,5650
2018-02-06,3876,5520,5700,5780,5700,5520
2018-02-07,5081,5520,5600,5770,5600,5700
2018-02-08,4295,5610,5610,5710,5610,5650
2018-02-09,8118,5520,5520,5640,5520,5560
2018-02-12,4570,5520,5520,5600,5520,5560
2018-02-13,6677,5510,5600,5670,5600,5510
2018-02-14,1619,5550,5660,5690,5660,5610
2018-02-19,721,5600,5680,5690,5680,5600
2018-02-20,8137,5590,5600,5790,5600,5790
2018-02-21,3008,5530,5530,5690,5530,5620
2018-02-22,996,5480,5530,5620,5530,5530
2018-02-23,8251,5370,5410,5530,5410,5530
2018-02-26,6900,5320,5350,5480,5350,5480
2018-02-27,26932,5120,5240,5370,5240,5320
2018-02-28,6337,5160,5270,5290,5270,5160
2018-03-02,4902,5230,5290,5350,5290,5270
2018-03-05,6250,5250,5290,5340,5290,5300
2018-03-06,6802,5170,5330,5420,5330,5400
2018-03-08,1472,5210,5300,5350,5300,5210
2018-03-09,9527,5230,5330,5340,5330,5300
2018-03-12,9409,5260,5310,5350,5310,5270
2018-03-13,16672,5140,5240,5340,5240,5280
2018-03-14,6603,5230,5270,5300,5270,5300
2018-03-15,8143,5150,5240,5450,5240,5450
2018-03-16,10374,5150,5220,5280,5220,5240
2018-03-19,15288,5080,5090,5160,5090,5160
2018-03-20,9911,5000,5030,5200,5030,5010
2018-03-21,25198,4950,5010,5190,5010,5010
2018-03-22,24965,4935,5030,5090,5030,5000
2018-03-23,59541,4865,4900,5030,4900,5030
2018-03-26,126779,4195,4385,4560,4385,4560
2018-03-27,88869,4395,4435,4550,4435,4470
2018-03-28,35476,4400,4430,4450,4430,4435
2018-03-29,8227,4430,4465,4530,4465,4430
2018-03-30,13462,4415,4525,4580,4525,4485
2018-04-02,4811,4445,4450,4510,4450,4465
2018-04-03,5195,4405,4405,4450,4405,4450
2018-04-04,12382,4400,4400,4545,4400,4405
2018-04-05,11101,4400,4400,4440,4400,4400
2018-04-06,5929,4405,4405,4585,4405,4410
2018-04-09,8416,4400,4415,4425,4415,4400
2018-04-10,7076,4405,4420,4425,4420,4415
2018-04-11,4059,4410,4415,4550,4415,4500
2018-04-12,6643,4400,4405,4425,4405,4425
2018-04-13,3239,4410,4425,4500,4425,4425
2018-04-16,5387,4400,4465,4495,4465,4420
2018-04-17,2795,4410,4440,4460,4440,4430
2018-04-18,9254,4400,4420,4440,4420,4440
2018-04-19,6398,4400,4410,4440,4410,4405
2018-04-20,4318,4400,4490,4495,4490,4410
2018-04-23,7769,4460,4505,4615,4505,4615
2018-04-24,17094,4500,4575,4600,4575,4505
2018-04-25,3081,4505,4570,4590,4570,4575
2018-04-26,3110,4545,4555,4640,4555,4570
2018-04-27,4138,4505,4625,4695,4625,4510
2018-04-30,3177,4570,4630,4650,4630,4580
2018-05-02,17750,4530,4550,4695,4550,4565
2018-05-03,11769,4505,4630,4690,4630,4550
2018-05-04,2356,4600,4660,4685,4660,4600
2018-05-08,2618,4600,4685,4685,4685,4660
2018-05-09,3236,4605,4680,4685,4680,4685
2018-05-10,2366,4610,4680,4680,4680,4615
2018-05-11,7633,4550,4660,4665,4660,4620
2018-05-14,5799,4635,4695,4695,4695,4660
2018-05-15,5662,4690,4705,4715,4705,4700
2018-05-16,2582,4590,4635,4710,4635,4680
2018-05-17,2024,4615,4700,4705,4700,4635
2018-05-18,12996,4545,4570,4700,4570,4635
2018-05-21,5856,4495,4575,4630,4575,4615
2018-05-23,725,4575,4605,4610,4605,4580
2018-05-24,51899,4550,4610,5000,4610,4610
2018-05-25,10875,4515,4520,4605,4520,4605
2018-05-28,4651,4515,4580,4600,4580,4520
2018-05-29,4501,4545,4550,4585,4550,4560
2018-05-30,1255,4520,4585,4595,4585,4520
2018-05-31,4397,4525,4565,4590,4565,4550
2018-06-01,7387,4545,4595,4595,4595,4565
2018-06-04,12051,4570,4645,4645,4645,4595
2018-06-05,4889,4580,4690,4690,4690,4580
2018-06-07,3470,4605,4675,4680,4675,4680
2018-06-08,1721,4615,4680,4685,4680,4670
2018-06-11,4374,4635,4685,4700,4685,4680
2018-06-12,7374,4575,4600,4700,4600,4700
2018-06-14,8750,4500,4595,4600,4595,4550
2018-06-15,2141,4550,4580,4595,4580,4595
2018-06-18,2120,4535,4585,4590,4585,4580
2018-06-19,2117,4510,4580,4585,4580,4585
2018-06-20,8887,4495,4595,4595,4595,4580
2018-06-21,963,4515,4565,4595,4565,4515
2018-06-22,1093,4515,4565,4600,4565,4595
2018-06-25,2153,4545,4545,4575,4545,4575
2018-06-26,220,4525,4550,4585,4550,4585
2018-06-27,7577,4515,4560,4590,4560,4515
2018-06-28,3090,4530,4590,4600,4590,4560
2018-06-29,1172,4535,4595,4600,4595,4600
2018-07-02,1867,4550,4600,4600,4600,4600
2018-07-03,2635,4555,4600,4680,4600,4600
2018-07-04,1297,4555,4615,4645,4615,4645
2018-07-05,535,4570,4620,4640,4620,4640
2018-07-06,431,4580,4615,4620,4615,4620
2018-07-09,1181,4600,4600,4640,4600,4640
2018-07-10,1519,4555,4610,4750,4610,4750
2018-07-11,1558,4570,4600,4690,4600,4570
2018-07-12,3427,4600,4690,4740,4690,4725
2018-07-13,1617,4645,4690,4710,4690,4690
2018-07-16,1089,4690,4690,4725,4690,4725
2018-07-17,913,4645,4675,4695,4675,4645
2018-07-18,1484,4590,4610,4675,4610,4675
2018-07-19,1380,4565,4620,4635,4620,4570
2018-07-20,4554,4510,4530,4615,4530,4575
2018-07-23,2124,4515,4565,4575,4565,4515
2018-07-24,295,4535,4575,4575,4575,4575
2018-07-26,6622,4495,4545,4550,4545,4550
2018-07-27,2377,4500,4540,4545,4540,4510
2018-07-30,329,4520,4550,4560,4550,4560
2018-07-31,2893,4510,4540,4560,4540,4510
2018-08-01,2259,4510,4515,4575,4515,4575
2018-08-02,1198,4520,4555,4555,4555,4555
2018-08-03,61,4520,4560,4575,4560,4575
2018-08-06,4535,4535,4590,4535,4590,144
2018-08-07,4540,4540,4570,4525,4525,337
2018-08-08,4545,4545,4550,4510,4550,8308
2018-08-09,4550,4550,4570,4520,4570,4128
2018-08-10,4520,4520,4550,4520,4550,3940
2018-08-13,4540,4540,4560,4500,4560,3867
