,Adj Close,Close,High,Low,Open,Volume
2000-08-30,215800,13875,28000,14400,13363,13875
2000-08-31,414200,13625,28800,15675,13744,14000
2000-09-01,102600,13750,28350,14600,13530,14500
2000-09-04,38800,13800,27900,14200,13315,14000
2000-09-05,155000,14000,30000,15350,14317,14000
2000-09-06,71800,13900,28800,15400,13744,15250
2000-09-07,104000,13350,27600,14500,13172,14000
2000-09-08,97000,13800,28000,14025,13363,13800
2000-09-11,0,14000,28000,14000,13363,14000
2000-09-12,0,14000,28000,14000,13363,14000
2000-09-13,0,14000,28000,14000,13363,14000
2000-09-14,88400,13550,28300,14200,13506,14150
2000-09-15,24600,13550,28200,14150,13458,13550
2000-09-18,43800,12700,27500,13850,13124,13600
2000-09-19,24600,12700,26300,13650,12551,13650
2000-09-20,41000,12125,26000,13000,12408,12125
2000-09-21,53800,11550,23350,12750,11143,12700
2000-09-22,99400,10275,20550,11950,9807,11700
2000-09-25,107000,9100,21600,10800,10308,10275
2000-09-26,83200,10250,21600,10875,10308,10800
2000-09-27,362000,10100,21550,11300,10284,10800
2000-09-28,256600,10500,22500,11400,10738,10775
2000-09-29,64000,10800,21800,11650,10404,11050
2000-10-02,26000,10400,21950,11200,10475,11100
2000-10-03,0,10975,21950,10975,10475,10975
2000-10-04,57200,10550,23000,11900,10976,10550
2000-10-05,159000,11500,23600,12400,11263,11550
2000-10-06,25200,10900,22600,11950,10785,11300
2000-10-09,211600,10750,21950,11950,10475,11950
2000-10-10,19200,10075,20600,11150,9831,10550
2000-10-11,28400,9075,19200,10100,9163,9750
2000-10-12,20200,8750,18650,9500,8900,8750
2000-10-13,40200,8225,16450,9000,7850,8775
2000-10-16,0,8225,16450,8225,7850,8225
2000-10-17,47600,7600,16000,8350,7636,8250
2000-10-18,29200,7050,14400,7600,6872,7375
2000-10-19,82600,7000,16100,8050,7683,7025
2000-10-20,120200,8250,18000,9000,8590,8450
2000-10-23,129400,7950,17500,9650,8351,9000
2000-10-24,93000,8050,17450,8800,8328,8400
2000-10-25,52600,7700,15600,8500,7445,8250
2000-10-26,43400,7050,14100,7500,6729,7250
2000-10-27,0,7050,14100,7050,6729,7050
2000-10-30,54400,6575,13350,7700,6371,7550
2000-10-31,69800,5875,13800,7000,6586,6400
2000-11-01,36600,6950,14600,7600,6967,7100
2000-11-02,76400,6550,14400,8000,6872,6550
2000-11-03,58000,6850,13900,7350,6633,7300
2000-11-06,43000,6775,14000,7300,6681,6950
2000-11-07,41800,6675,14100,7250,6729,7000
2000-11-08,199800,6800,15750,7875,7516,6800
2000-11-09,249200,7725,17300,8800,8256,8000
2000-11-10,74400,7800,15700,8750,7492,8750
2000-11-13,71400,7000,14350,7800,6848,7800
2000-11-14,73200,7250,16050,8025,7659,7275
2000-11-15,177600,7775,16100,8925,7683,8500
2000-11-16,66200,7250,15500,8100,7397,8000
2000-11-17,54400,7300,15600,7850,7445,7725
2000-11-20,123800,7850,16300,8600,7779,7900
2000-11-21,72200,7200,15250,8050,7278,8050
2000-11-22,53400,7200,15000,7850,7158,7450
2000-11-23,41200,6600,13200,7400,6299,7400
2000-11-24,75000,6250,14750,7375,7039,6250
2000-11-27,228200,7500,15700,8250,7492,8250
2000-11-28,92200,6925,14400,7650,6872,7650
2000-11-29,55200,6500,13250,6825,6323,6800
2000-11-30,41200,6075,13250,6850,6323,6500
2000-12-01,53000,6075,12700,6500,6061,6325
2000-12-04,50800,5900,12100,6550,5774,6350
2000-12-05,56600,5600,12100,6150,5774,5650
2000-12-06,87600,6175,13550,6775,6466,6400
2000-12-07,289400,6125,12250,7425,5846,7250
2000-12-08,58800,5800,12000,6175,5727,6175
2000-12-11,65000,5775,11900,6250,5679,6250
2000-12-12,70000,5800,11600,6100,5536,5850
2000-12-13,62400,5700,11800,6200,5631,5700
2000-12-14,149800,5775,12150,6400,5798,5775
2000-12-15,63800,5700,11700,6150,5583,5825
2000-12-18,451000,5700,13100,6550,6252,5750
2000-12-19,321200,6075,12550,6900,5989,6850
2000-12-20,92000,5525,11050,6200,5273,5800
2000-12-21,75400,4875,9750,5000,4653,4875
2000-12-22,92400,4290,8580,4925,4094,4650
2000-12-26,113800,3785,8270,4250,3946,3800
2001-01-02,265800,3640,8430,4345,4023,3655
2001-01-03,306800,3875,8100,4350,3865,4015
2001-01-04,213000,4250,8800,4485,4199,4250
2001-01-05,147200,4080,8400,4500,4008,4450
2001-01-08,232000,4100,9400,4700,4486,4105
2001-01-09,422000,4850,10500,5250,5011,4900
2001-01-10,413000,4750,9600,5750,4581,5300
2001-01-11,202000,4850,10750,5375,5130,5050
2001-01-12,288000,5500,12000,6000,5727,5500
2001-01-15,292800,5875,12400,6575,5917,6000
2001-01-16,180200,5850,12200,6425,5822,6425
2001-01-17,182200,6050,13650,6825,6514,6200
2001-01-18,279800,6600,13650,7575,6514,7000
2001-01-19,145400,6400,15250,7625,7278,6825
2001-01-22,106600,7500,16250,8450,7755,7700
2001-01-26,66200,7250,14500,8450,6920,8450
2001-01-29,97800,7000,14750,7850,7039,7000
2001-01-30,105800,6850,14000,7700,6681,7400
2001-01-31,273000,6850,14800,7825,7063,7300
2001-02-01,263200,7400,16550,8275,7898,7500
2001-02-02,432200,8400,18500,9250,8829,8400
2001-02-05,496000,9050,20700,10350,9879,9250
2001-02-06,426200,10500,23150,11575,11048,10900
2001-02-07,1030200,10200,20400,11750,9735,11650
2001-02-08,766000,9250,19000,10700,9067,9550
2001-02-09,447200,9500,19000,10625,9067,9700
2001-02-12,205400,9700,21250,10625,10141,9950
2001-02-13,64000,11900,23800,11900,11358,11900
2001-02-14,74200,13325,26650,13325,12718,13325
2001-02-15,277000,14500,29800,14900,14222,14900
2001-02-16,573800,15500,33350,16675,15916,16675
2001-02-19,345800,16000,33450,18500,15964,16625
2001-02-20,301000,15875,34800,18250,16608,16575
2001-02-21,336600,16750,38000,19475,18135,16750
2001-02-22,271600,18250,38400,19750,18326,18500
2001-02-23,224000,19500,40800,20750,19471,19500
2001-02-26,155800,19750,41500,21250,19805,21250
2001-02-27,271000,18275,36550,21000,17443,21000
2001-02-28,204600,16100,32200,17000,15367,16250
2001-03-02,340000,15125,33300,17300,15892,15275
2001-03-05,264000,16000,37000,18500,17658,17000
2001-03-06,260600,18250,41400,20700,19758,19000
2001-03-07,484600,18225,36450,22500,17395,20750
2001-03-08,436000,17250,37000,18800,17658,17800
2001-03-09,223200,16900,35100,18600,16751,17750
2001-03-12,338800,15450,33000,17300,15749,16750
2001-03-13,195800,14525,29050,15950,13864,15500
2001-03-15,618200,12350,26200,13650,12504,12900
2001-03-16,475800,13250,29300,14650,13983,13750
2001-03-19,471200,14750,30500,16050,14556,15000
2001-03-20,366800,13825,29000,15900,13840,15750
2001-03-21,190400,13750,29000,14500,13840,14000
2001-03-22,239400,13750,27500,15150,13124,14250
2001-03-23,397600,12100,26100,14050,12456,12600
2001-03-26,307400,12250,25700,13750,12265,13050
2001-03-27,251600,12800,26400,13425,12599,13350
2001-03-28,307800,13000,26700,13950,12742,13500
2001-03-29,174400,12625,25800,13500,12313,13500
2001-03-30,198800,11650,24200,12850,11549,12450
2001-04-02,154600,11050,22100,12100,10547,11950
2001-04-03,356800,10750,24750,12375,11811,11050
2001-04-04,331200,12750,27700,13850,13219,13000
2001-04-06,387800,13850,29450,15500,14055,14950
2001-04-09,288800,12975,25950,14725,12384,13625
2001-04-10,488800,13050,27000,14450,12885,13450
2001-04-11,351200,13150,27000,14350,12885,14050
2001-04-12,348600,13050,28600,14300,13649,13900
2001-04-13,499600,14625,30700,15600,14651,14625
2001-04-16,308000,14400,30000,15750,14317,15750
2001-04-17,349600,13800,29100,15350,13888,15350
2001-04-18,433200,14050,30000,15200,14317,14250
2001-04-19,633600,14750,31050,16300,14818,15500
2001-04-20,280400,14650,29950,16000,14293,16000
2001-04-23,565000,13550,28600,15350,13649,15000
2001-04-24,326800,13875,27800,14850,13267,14300
2001-04-25,262400,13350,27550,14000,13148,13550
2001-04-26,262400,13350,27550,14000,13148,13550
2001-04-27,263800,12800,25600,13750,12217,13500
2001-04-30,366800,12650,26000,13425,12408,13000
2001-05-02,426800,12825,26400,13475,12599,13050
2001-05-03,205600,12550,25200,13100,12026,13050
2001-05-04,219600,12100,24900,12775,11883,12300
2001-05-07,597800,12250,27200,13725,12981,12325
2001-05-08,425600,12800,25600,14200,12217,13425
2001-05-09,201400,12350,25000,13100,11931,12850
2001-05-10,153000,12250,24950,12850,11907,12550
2001-05-11,173600,12250,25100,12950,11979,12250
2001-05-14,139200,12250,24950,12875,11907,12250
2001-05-15,110800,12400,24800,12750,11835,12500
2001-05-16,142200,12100,24250,12750,11573,12325
2001-05-17,122600,12125,24400,12475,11644,12200
2001-05-18,129200,11550,23650,12200,11287,12200
2001-05-21,140200,11750,23600,12425,11263,11900
2001-05-22,98200,11600,23450,12100,11191,12100
2001-05-23,100800,11400,22800,11900,10881,11600
2001-05-24,146400,11075,23750,11900,11334,11075
2001-05-25,89000,11450,22900,12000,10929,11875
2001-05-28,241600,11300,24000,12425,11454,11350
2001-05-29,102000,11750,24150,12250,11525,12000
2001-05-30,82000,11500,23500,12200,11215,11900
2001-05-31,72400,11350,23100,11750,11024,11500
2001-06-01,59400,11200,22400,11650,10690,11400
2001-06-04,84400,10725,21800,11400,10404,11300
2001-06-05,89800,10350,20800,11100,9926,10750
2001-06-07,108000,9900,20100,10375,9592,10200
2001-06-08,130000,9900,20800,10400,9926,10050
2001-06-11,232600,10000,21800,11250,10404,10150
2001-06-12,98400,10650,21750,11150,10380,10900
2001-06-13,132800,10850,21700,11450,10356,11175
2001-06-14,108600,10500,21050,11100,10046,10675
2001-06-15,88000,10300,21000,10775,10022,10550
2001-06-18,55800,10125,20500,10550,9783,10500
2001-06-19,60600,10000,20600,10400,9831,10150
2001-06-20,66000,9575,19650,10300,9378,10300
2001-06-21,50000,9675,19400,10000,9258,9825
2001-06-22,84400,9325,18950,9750,9043,9500
2001-06-25,57400,9025,18400,9675,8781,9325
2001-06-26,63600,8550,17500,9400,8351,9250
2001-06-27,82600,8150,17200,8750,8208,8500
2001-06-28,112600,8400,18600,9300,8876,8750
2001-06-29,303600,9500,20800,10400,9926,9500
2001-07-02,318200,10250,20750,11400,9902,10850
2001-07-03,255200,10275,21200,11075,10117,10375
2001-07-04,101800,10200,20600,10975,9831,10700
2001-07-05,82600,10050,20200,10450,9640,10050
2001-07-06,100200,9100,18200,9850,8685,9800
2001-07-09,85600,8250,17400,8900,8304,8800
2001-07-10,81600,8575,17400,9150,8304,8850
2001-07-11,88200,8075,16300,8400,7779,8275
2001-07-12,118800,8375,18250,9125,8709,8400
2001-07-13,83400,8375,16750,9375,7993,9300
2001-07-16,61600,8125,16750,8550,7993,8450
2001-07-18,74600,8275,16650,8900,7946,8500
2001-07-19,69800,7925,16000,8350,7636,7925
2001-07-20,60600,7675,15600,8100,7445,8000
2001-07-23,50400,7125,14250,7900,6800,7525
2001-07-24,106000,6400,14250,7400,6800,6900
2001-07-25,294800,6750,15650,7975,7468,6950
2001-07-26,122200,7575,15300,8100,7301,7975
2001-07-27,137000,7800,16250,8250,7755,7950
2001-07-30,106400,7950,16000,8500,7636,8375
2001-07-31,56400,7825,16150,8150,7707,8000
2001-08-01,135000,7975,16900,8800,8065,7975
2001-08-02,68400,8050,16400,8550,7826,8550
2001-08-03,41200,8100,16400,8350,7826,8200
2001-08-06,104600,8025,17050,8650,8137,8200
2001-08-07,74200,8275,17100,8600,8161,8550
2001-08-08,47200,8300,16600,8600,7922,8450
2001-08-09,48400,7950,16000,8300,7636,8000
2001-08-10,31400,7850,16200,8150,7731,8000
2001-08-13,31200,7800,16050,8200,7659,8050
2001-08-14,29800,7950,16000,8200,7636,7950
2001-08-16,32600,7600,15200,7925,7254,7650
2001-08-17,42800,7500,15400,7900,7349,7500
2001-08-20,98400,7450,15950,8150,7612,7450
2001-08-21,36000,7725,15600,8125,7445,8000
2001-08-22,29600,7600,15800,7950,7540,7600
2001-08-23,26000,7600,15200,8050,7254,7900
2001-08-24,35000,7400,14850,7750,7087,7600
2001-08-27,29800,7425,14950,7775,7134,7475
2001-08-28,19400,7300,14600,7450,6967,7400
2001-08-29,54600,6925,14950,7475,7134,7075
2001-08-30,20000,6900,14100,7400,6729,7275
2001-08-31,57600,6475,14100,7050,6729,6900
2001-09-03,23800,6725,13900,7100,6633,6725
2001-09-04,29200,6825,14000,7050,6681,6850
2001-09-05,32800,6675,13400,6950,6395,6900
2001-09-06,44400,6600,13450,6850,6419,6700
2001-09-07,46000,6450,13400,6725,6395,6600
2001-09-10,38000,6475,13100,6650,6252,6550
2001-09-11,161000,6575,14100,7325,6729,6600
2001-09-12,20400,6225,12450,6225,5941,6225
2001-09-13,96800,5800,11900,6300,5679,6000
2001-09-14,113000,5250,10650,5950,5082,5950
2001-09-17,48000,4700,9400,5500,4486,5000
2001-09-18,50800,4705,9850,5150,4700,4705
2001-09-19,49800,4800,9600,5200,4581,4925
2001-09-20,33200,4725,9600,4915,4581,4800
2001-09-21,15600,4405,9250,4700,4414,4700
2001-09-25,49000,4500,9000,5175,4295,5050
2001-09-26,33400,4410,9030,4650,4309,4575
2001-09-27,29800,4500,9600,4800,4581,4500
2001-10-04,23400,5750,11900,5950,5679,5850
2001-10-05,212200,6150,13000,6625,6204,6250
2001-10-08,216400,6025,13050,7100,6228,6200
2001-10-09,177400,6750,13500,7075,6442,6750
2001-10-10,152200,6550,14150,7350,6753,6600
2001-10-11,125000,6600,13800,7425,6586,7150
2001-10-12,75200,6825,14000,7150,6681,7000
2001-10-15,234800,7175,15100,7725,7206,7250
2001-10-16,97400,7275,15000,7650,7158,7650
2001-10-17,328600,7400,15200,8225,7254,7500
2001-10-18,141200,6950,14300,7550,6824,6950
2001-10-19,112600,6750,14000,7225,6681,7225
2001-10-22,116400,7075,14500,7350,6920,7100
2001-10-23,90600,7150,14500,7525,6920,7250
2001-10-24,82200,7100,14350,7350,6848,7250
2001-10-25,352200,7175,16050,8025,7659,7375
2001-10-26,244600,7825,16150,8325,7707,8025
2001-10-29,449800,8025,18050,9025,8614,8150
2001-10-30,857200,8800,19000,10100,9067,9025
2001-10-31,346000,9125,18550,10050,8853,9500
2001-11-01,165000,9225,18750,9675,8948,9450
2001-11-02,509400,9450,20650,10500,9855,9500
2001-11-05,276800,10050,20600,11100,9831,10550
2001-11-06,333000,9500,19300,10500,9210,10325
2001-11-07,256000,9125,19200,10350,9163,9500
2001-11-08,135200,9325,18800,9950,8972,9600
2001-11-12,150400,8850,18300,9250,8733,9150
2001-11-13,127800,8950,18000,9325,8590,9050
2001-11-14,153600,9000,18500,9500,8829,9075
2001-11-15,138200,8900,17800,9550,8495,9425
2001-11-16,108800,8450,17050,8850,8137,8750
2001-11-19,84200,8525,17200,8825,8208,8525
2001-11-20,180600,8600,18200,9325,8685,8650
2001-11-21,152000,8800,18000,9600,8590,9100
2001-11-22,68800,8700,17900,9150,8542,8900
2001-11-23,86400,8725,17800,9150,8495,8875
2001-11-26,110400,8900,18000,9200,8590,8950
2001-11-27,123600,8825,18300,9350,8733,9150
2001-11-28,371800,9100,18500,10000,8829,9250
2001-11-29,120800,9050,18400,9625,8781,9250
2001-11-30,197600,9250,19900,10000,9497,9550
2001-12-03,653400,10100,22250,11125,10618,10250
2001-12-04,319800,10700,22200,11500,10595,11125
2001-12-05,275400,10800,21700,11625,10356,11250
2001-12-06,275400,10000,20300,11050,9688,10925
2001-12-07,109400,10000,20500,10500,9783,10150
2001-12-10,154400,10250,21250,10825,10141,10250
2001-12-11,67000,10300,21250,10825,10141,10425
2001-12-12,176000,10650,22300,11350,10642,10750
2001-12-13,425200,11025,24950,12475,11907,11150
2001-12-14,313800,13500,27900,13950,13315,13950
2001-12-17,682400,13500,28000,14950,13363,14950
2001-12-18,312400,12500,25300,14000,12074,13750
2001-12-19,500600,12875,28300,14150,13506,12875
2001-12-20,500400,14000,28300,15350,13506,15000
2001-12-21,177200,13250,27100,14150,12933,14150
2001-12-24,234200,12950,26250,14400,12527,13600
2001-12-26,265800,12050,25250,13350,12050,12050
2001-12-27,311600,7900,17000,9250,8277,8525
2001-12-28,153200,8500,18000,9150,8764,8525
2002-01-02,145400,9050,18350,9450,8934,9200
2002-01-04,142400,8675,17350,9100,8447,8850
2002-01-07,108600,8400,16900,8825,8228,8675
2002-01-08,158800,7925,15850,8375,7717,8275
2002-01-09,213400,8025,16650,8500,8106,8025
2002-01-10,105800,8000,16050,8475,7814,8325
2002-01-11,105200,7700,15400,8250,7498,8000
2002-01-14,66800,7700,15600,7925,7595,7700
2002-01-15,52200,7500,15000,7800,7303,7550
2002-01-16,73800,7050,14250,7650,6938,7500
2002-01-17,81600,6750,13500,7000,6573,7000
2002-01-18,58400,6700,13600,6975,6621,6750
2002-01-21,57000,6575,13200,6800,6426,6800
2002-01-22,61800,6575,13450,6850,6548,6750
2002-01-23,144000,6575,15050,7525,7327,6575
2002-01-24,196800,7750,15600,8225,7595,7950
2002-01-25,97200,7500,15100,8150,7352,7850
2002-01-28,116600,7425,15800,7900,7692,7650
2002-01-29,269200,7725,17100,8750,8325,7725
2002-01-30,226000,7525,15300,8250,7449,8100
2002-02-01,164200,7425,14950,7725,7279,7600
2002-02-04,84000,7000,14100,7550,6865,7300
2002-02-05,97200,6850,14000,7150,6816,7050
2002-02-06,81600,6800,14000,7150,6816,6800
2002-02-07,96400,6600,13300,7000,6475,6850
2002-02-08,92200,6525,13300,6850,6475,6550
2002-02-14,108200,6650,13900,7100,6767,6750
2002-02-15,72200,6675,13400,7000,6524,6900
2002-02-18,86400,6450,13400,6825,6524,6550
2002-02-19,65800,6550,13450,6775,6548,6700
2002-02-20,158800,6875,15050,7525,7327,6900
2002-02-21,396000,7300,15300,8050,7449,7875
2002-02-22,128600,7275,14850,7575,7230,7550
2002-02-25,114600,7400,14800,7675,7206,7400
2002-02-26,119000,7025,14300,7625,6962,7500
2002-02-27,126400,6950,14450,7250,7035,7150
2002-02-28,74000,7050,14150,7250,6889,7225
2002-03-04,213600,7250,15150,7650,7376,7325
2002-03-05,222000,7575,15300,7950,7449,7775
2002-03-06,391400,7475,16600,8375,8082,7650
2002-03-07,473800,8250,17100,9250,8325,8600
2002-03-08,165800,8075,16400,8750,7985,8750
2002-03-11,198400,8200,17000,8650,8277,8200
2002-03-12,177200,8100,16500,8550,8033,8450
2002-03-13,216400,8325,17300,8800,8423,8450
2002-03-14,180200,8425,17750,8975,8642,8650
2002-03-15,575800,9050,19000,9700,9250,9050
2002-03-18,259800,9200,18800,9650,9153,9600
2002-03-19,353800,9200,19300,9900,9397,9350
2002-03-20,170800,9250,18850,9700,9177,9550
2002-03-21,264600,8650,17350,9250,8447,9250
2002-03-22,231200,8675,17600,9100,8569,8700
2002-03-25,292400,8750,18000,9150,8764,8750
2002-03-26,167200,8600,17500,8975,8520,8975
2002-03-27,174200,8625,17400,8900,8471,8750
2002-03-28,205000,8550,18200,9100,8861,8550
2002-03-29,126600,8725,17600,9200,8569,9100
2002-04-01,209200,8100,16300,8775,7936,8700
2002-04-02,101600,7900,16300,8300,7936,8025
2002-04-03,88000,8000,16000,8375,7790,8000
2002-04-04,107600,7800,16000,8175,7790,7925
2002-04-08,92400,7925,16050,8100,7814,8000
2002-04-09,103800,7900,16200,8300,7887,7950
2002-04-10,78200,7600,15300,8250,7449,8200
2002-04-11,63400,7575,15350,7875,7473,7725
2002-04-12,80800,7250,15000,7625,7303,7250
2002-04-15,69800,7350,14900,7700,7254,7350
2002-04-16,77000,7400,14950,7675,7279,7400
2002-04-17,173400,7500,15350,7950,7473,7550
2002-04-18,138200,7650,15850,8225,7717,7725
2002-04-19,107400,7375,14750,8100,7181,7925
2002-04-22,156800,6500,13500,7450,6573,7375
2002-04-23,90800,6500,13200,6775,6426,6600
2002-04-24,91600,6025,12050,6725,5867,6500
2002-04-25,137600,5650,12100,6225,5891,5750
2002-04-26,76600,5750,12050,6250,5867,5750
2002-04-29,64800,5700,11400,6050,5550,6000
2002-04-30,98000,5250,10800,5800,5258,5725
2002-05-02,94200,5450,11650,5825,5672,5600
2002-05-03,44200,5600,11700,5850,5696,5825
2002-05-06,57800,5700,11400,5950,5550,5850
2002-05-07,48200,5525,11100,5700,5404,5525
2002-05-08,73600,5625,11800,6000,5745,5625
2002-05-09,99400,6000,12200,6300,5940,6100
2002-05-10,67600,5600,11450,6050,5574,5850
2002-05-13,99200,5375,10750,5750,5234,5750
2002-05-14,75000,5400,11000,5625,5355,5400
2002-05-15,179400,5350,11150,5650,5428,5500
2002-05-16,90400,5400,10800,5625,5258,5600
2002-05-17,88200,5400,11050,5525,5380,5400
2002-05-20,117400,5450,11300,5825,5501,5450
2002-05-21,169000,5700,11500,6075,5599,5750
2002-05-22,122800,5750,11800,6000,5745,5750
2002-05-23,60600,5650,11350,6000,5526,6000
2002-05-24,78800,5525,11050,5875,5380,5700
2002-05-27,60600,5525,11050,5750,5380,5750
2002-05-28,33200,5350,10850,5600,5282,5500
2002-05-29,62400,5075,10250,5325,4990,5150
2002-05-30,37000,5000,10050,5250,4893,5100
2002-05-31,22600,5025,10100,5125,4917,5050
2002-06-03,23200,5000,10150,5200,4941,5000
2002-06-04,44600,4900,10100,5075,4917,5000
2002-06-05,31000,5000,10150,5150,4941,5150
2002-06-07,29200,5000,10400,5325,5063,5000
2002-06-10,25800,5250,10700,5475,5209,5250
2002-06-11,13200,5200,10700,5425,5209,5400
2002-06-12,31400,5275,10700,5400,5209,5350
2002-06-14,22000,5300,10600,5425,5161,5350
2002-06-17,9200,5225,10450,5400,5088,5300
2002-06-18,9800,5150,10300,5500,5015,5400
2002-06-19,64400,4575,9150,5275,4455,5150
2002-06-20,16600,4500,9150,4725,4455,4600
2002-06-21,17200,4565,9500,4800,4625,4575
2002-06-24,35000,4400,8960,4830,4362,4575
2002-06-25,25600,4405,8810,4650,4289,4550
2002-06-26,56000,3880,7760,4400,3778,4250
2002-06-27,36800,3820,8000,4125,3895,3820
2002-06-28,48000,4050,8960,4480,4362,4050
2002-07-02,11600,4350,9100,4700,4430,4700
2002-07-03,33800,4350,9090,4650,4425,4600
2002-07-04,39000,4450,9000,4600,4382,4550
2002-07-05,49800,4500,9350,4815,4552,4600
2002-07-08,49800,4600,9400,4900,4576,4780
2002-07-09,26400,4550,9350,4750,4552,4550
2002-07-10,59000,4530,9100,4675,4430,4550
2002-07-11,89200,4255,8510,4450,4143,4450
2002-07-12,51400,4350,8750,4425,4260,4425
2002-07-15,73800,4205,8650,4350,4211,4275
2002-07-16,28400,4000,8300,4400,4041,4400
2002-07-18,22800,4200,8400,4285,4089,4250
2002-07-19,23400,3950,8010,4275,3900,4050
2002-07-22,48600,3525,7050,3775,3432,3750
2002-07-23,37600,3410,7300,3650,3554,3410
2002-07-24,27400,3350,6810,3545,3315,3545
2002-07-25,31600,3465,6930,3700,3374,3465
2002-07-26,24800,3075,6500,3555,3164,3500
2002-07-29,49800,3300,6610,3550,3218,3300
2002-07-30,34400,3455,7130,3600,3471,3500
2002-07-31,44200,3515,7500,3970,3651,3550
2002-08-01,17000,3550,7100,3875,3456,3750
2002-08-02,25800,3375,6860,3500,3340,3430
2002-08-05,20000,3325,6740,3500,3281,3375
2002-08-06,14000,3200,6500,3370,3164,3200
2002-08-07,23000,3255,6610,3425,3218,3255
2002-08-08,20400,3325,6730,3445,3276,3350
2002-08-09,13800,3375,6750,3550,3286,3550
2002-08-12,15200,3345,6700,3450,3262,3435
2002-08-13,27400,3340,6800,3450,3310,3340
2002-08-14,25200,3325,7000,3500,3408,3335
2002-08-16,24000,3500,7050,3700,3432,3545
2002-08-19,13800,3440,6900,3540,3359,3500
2002-08-20,17400,3475,7030,3590,3422,3485
2002-08-21,14000,3400,6890,3550,3354,3400
2002-08-22,17200,3455,7000,3500,3408,3455
2002-08-26,141600,3320,7340,3850,3573,3455
2002-08-27,114400,3675,7800,4100,3797,3700
2002-08-28,71800,3850,7800,4130,3797,4130
2002-08-29,29200,3800,7840,3990,3817,3800
2002-08-30,27600,3925,8000,4085,3895,3925
2002-09-02,36400,3900,7870,4075,3831,4000
2002-09-03,18000,3730,7770,3950,3783,3935
2002-09-04,30800,3550,7590,3810,3695,3550
2002-09-05,31400,3800,7710,3975,3753,3810
2002-09-06,14200,3755,7840,3925,3817,3825
2002-09-09,24000,3800,7600,3950,3700,3950
2002-09-10,37000,3800,8100,4075,3943,3800
2002-09-11,27200,3960,7920,4170,3856,4150
2002-09-12,40600,3860,7900,4050,3846,4050
2002-09-13,129000,3830,8840,4420,4304,3850
2002-09-16,109000,4420,8940,4850,4352,4420
2002-09-17,205800,4355,8800,4850,4284,4500
2002-09-18,116200,4000,8320,4465,4050,4300
2002-09-19,50000,4010,8050,4140,3919,4010
2002-09-23,44000,3650,7600,4000,3700,3925
2002-09-24,35600,3515,7030,3655,3422,3630
2002-09-25,43000,3300,6620,3510,3223,3455
2002-09-26,34800,3300,6660,3465,3242,3325
2002-09-27,23800,3330,6660,3525,3242,3345
2002-09-30,28600,3000,6100,3300,2970,3005
2002-10-01,22400,2800,5920,3050,2882,2800
2002-10-02,23800,2960,5920,3090,2882,3040
2002-10-04,6800,2910,5900,3000,2872,2910
2002-10-07,10200,2865,5800,3045,2823,3000
2002-10-08,22200,2730,5840,3035,2843,2730
2002-10-09,11200,2900,5800,3150,2823,3150
2002-10-10,12200,2750,5540,3000,2697,2830
2002-10-11,28600,2795,5660,2975,2755,2830
2002-10-14,8600,2860,6000,3075,2921,2860
2002-10-15,41400,2945,6000,3040,2921,2955
2002-10-16,20400,2950,5950,3140,2897,3060
2002-10-17,30200,2855,6020,3050,2931,2900
2002-10-18,55400,3030,6400,3200,3116,3050
2002-10-21,20400,3075,6170,3295,3004,3295
2002-10-22,36600,2960,5920,3150,2882,3100
2002-10-23,13600,2900,6050,3045,2945,2930
2002-10-24,23000,2935,5920,3125,2882,3100
2002-10-25,25800,2925,5950,2990,2897,2925
2002-10-28,22400,2960,6030,3100,2935,3100
2002-10-29,35200,2975,6060,3100,2950,2975
2002-10-30,23800,2980,6000,3060,2921,3060
2002-10-31,15400,2950,6000,3095,2921,2975
2002-11-01,32000,2855,6140,3075,2989,2855
2002-11-04,16000,2970,6000,3100,2921,3040
2002-11-05,16800,2930,5910,3045,2877,3045
2002-11-06,14600,2935,5910,3015,2877,2975
2002-11-07,22200,2890,5800,2990,2823,2890
2002-11-08,18200,2800,5610,2945,2731,2860
2002-11-11,29200,2755,5660,3000,2755,3000
2002-11-12,8000,2755,5510,2855,2682,2775
2002-11-13,10600,2605,5300,2900,2580,2900
2002-11-14,8600,2605,5210,2750,2536,2605
2002-11-15,9000,2615,5400,2820,2629,2615
2002-11-18,15200,2585,5220,2670,2541,2670
2002-11-19,19000,2590,5180,2650,2522,2600
2002-11-20,48200,2455,5200,2625,2531,2550
2002-11-21,11800,2525,5190,2650,2526,2600
2002-11-22,32800,2500,5000,2565,2434,2530
2002-11-25,20400,2305,5100,2550,2483,2475
2002-11-26,17000,2475,5200,2600,2531,2475
2002-11-27,5600,2525,5200,2600,2531,2525
2002-11-28,30200,2545,5550,2910,2702,2545
2002-11-29,11000,2605,5370,2775,2614,2775
2002-12-03,71400,2850,6260,3130,3047,2875
2002-12-04,220600,3270,6670,3505,3247,3340
2002-12-05,52000,3150,6550,3445,3189,3445
2002-12-06,46200,3235,6680,3395,3252,3255
2002-12-09,36400,3255,6770,3420,3296,3295
2002-12-10,31000,3200,6400,3400,3116,3350
2002-12-11,22800,3080,6160,3225,2999,3225
2002-12-12,18800,3005,6340,3200,3086,3005
2002-12-13,28800,3000,6030,3120,2935,3120
2002-12-16,15000,2925,5880,3075,2862,2975
2002-12-17,28800,2850,5740,2980,2794,2960
2002-12-18,21000,2750,5680,2840,2765,2815
2002-12-20,15200,2710,5580,2900,2716,2875
2002-12-23,17800,2520,5090,2750,2478,2735
2002-12-24,37400,2250,4600,2545,2239,2300
2002-12-26,76000,2225,4590,2345,2234,2230
2002-12-27,26200,2250,4520,2395,2200,2350
2002-12-30,49800,2035,4220,2250,2054,2160
2003-01-02,42600,2065,4700,2360,2288,2065
2003-01-03,44600,2410,4950,2550,2410,2500
2003-01-06,31800,2475,5060,2575,2463,2480
2003-01-07,40400,2455,5010,2605,2439,2600
2003-01-08,32400,2505,5020,2565,2444,2505
2003-01-09,49000,2475,5070,2595,2468,2510
2003-01-10,23800,2400,4910,2580,2390,2575
2003-01-13,81000,2455,5490,2745,2673,2455
2003-01-14,244600,2910,6140,3070,2989,3070
2003-01-15,99000,3000,6180,3195,3009,3175
2003-01-16,40600,2820,5650,3000,2750,2975
2003-01-17,44800,2620,5310,2830,2585,2830
2003-01-20,44200,2500,5090,2600,2478,2530
2003-01-21,43400,2545,5090,2695,2478,2550
2003-01-22,39400,2550,5100,2825,2483,2825
2003-01-23,25600,2555,5150,2635,2507,2555
2003-01-24,28600,2440,5000,2600,2434,2600
2003-01-27,6600,2325,4990,2495,2429,2495
2003-01-28,16600,2495,5030,2600,2449,2495
2003-01-29,53600,2355,4990,2575,2429,2520
2003-01-30,13600,2495,5100,2550,2483,2500
2003-02-03,9000,2475,5050,2550,2458,2545
2003-02-04,13400,2525,5140,2570,2502,2545
2003-02-05,44200,2570,5140,2620,2502,2570
2003-02-06,11000,2570,5140,2650,2502,2575
2003-02-07,4200,2325,5150,2600,2507,2590
2003-02-10,30200,2505,5140,2585,2502,2575
2003-02-11,59600,2305,5100,2615,2483,2575
2003-02-12,2200,2505,5200,2600,2531,2505
2003-02-13,9600,2500,5250,2650,2556,2500
2003-02-14,18000,2625,5400,2775,2629,2630
2003-02-17,24600,2715,5990,2995,2916,2820
2003-02-18,10600,2820,5890,3125,2867,3125
2003-02-19,10200,2840,5790,3025,2819,2950
2003-02-20,15600,2800,5800,2950,2823,2895
2003-02-21,6600,2775,5780,2925,2814,2855
2003-02-24,3800,2750,5740,2920,2794,2845
2003-02-25,9600,2700,5450,2870,2653,2870
2003-02-26,3600,2685,5440,2845,2648,2685
2003-02-27,8600,2400,5060,2675,2463,2675
2003-02-28,49200,2530,5070,2635,2468,2535
2003-03-03,3000,2460,5170,2585,2517,2550
2003-03-04,800,2480,5090,2595,2478,2480
2003-03-05,8000,2400,5040,2550,2453,2425
2003-03-06,6800,2325,4740,2515,2307,2325
2003-03-07,1000,2205,4810,2405,2341,2370
2003-03-10,2200,2300,4600,2400,2239,2375
2003-03-11,36,2165,4700,2395,2288,2395
2003-03-12,3400,2275,4780,2400,2327,2400
2003-03-13,1200,2200,4700,2445,2288,2445
2003-03-14,4600,2335,4830,2495,2351,2425
2003-03-17,6200,2200,5000,2595,2434,2285
2003-03-18,13000,2405,5010,2690,2439,2475
2003-03-19,38600,2495,4990,2650,2429,2650
2003-03-20,31200,2400,5050,2555,2458,2500
2003-03-21,15200,2500,5100,2580,2483,2550
2003-03-24,8400,2500,5010,2585,2439,2575
2003-03-25,2600,2355,4800,2475,2337,2460
2003-03-26,29600,2400,4860,2495,2366,2400
2003-03-27,2200,2165,4800,2500,2337,2500
2003-03-28,6000,2400,4860,2650,2366,2440
2003-03-31,3600,2305,4860,2550,2366,2550
2003-04-01,13600,2395,5100,2550,2483,2395
2003-04-02,64000,2505,5200,2625,2531,2550
2003-04-03,12600,2550,5450,2745,2653,2675
2003-04-04,68600,2510,5380,2740,2619,2725
2003-04-07,54600,2515,5350,2690,2604,2600
2003-04-08,21200,2555,5160,2690,2512,2690
2003-04-09,19000,2515,5030,2640,2449,2525
2003-04-10,6000,2490,5100,2580,2483,2515
2003-04-11,29000,2500,5000,2575,2434,2515
2003-04-14,11400,2450,4960,2535,2414,2450
2003-04-15,18800,2480,4970,2540,2419,2480
2003-04-16,19200,2540,5280,2695,2570,2545
2003-04-17,14600,2580,5200,2640,2531,2600
2003-04-18,71000,2630,5570,2900,2711,2630
2003-04-21,42800,2800,5750,3000,2799,2820
2003-04-22,42600,2725,5750,3100,2799,2875
2003-04-23,39200,2625,5310,2995,2585,2995
2003-04-24,24000,2600,5390,2725,2624,2600
2003-04-25,20400,2435,5000,2655,2434,2655
2003-04-28,44400,2300,4780,2490,2327,2300
2003-04-29,16600,2410,4990,2500,2429,2410
2003-04-30,4800,2410,4900,2550,2385,2500
2003-05-02,8400,2410,4950,2475,2410,2455
2003-05-06,6200,2450,5010,2515,2439,2460
2003-05-07,11200,2465,5000,2530,2434,2530
2003-05-09,10600,2460,5060,2530,2463,2465
2003-05-12,16400,2450,5000,2540,2434,2530
2003-05-13,12800,2455,5000,2535,2434,2525
2003-05-14,9400,2410,4970,2485,2419,2420
2003-05-15,16400,2190,4800,2500,2337,2435
2003-05-16,10800,2300,4750,2450,2312,2450
2003-05-20,29600,2205,4450,2325,2166,2325
2003-05-21,8000,2200,4690,2345,2283,2225
2003-05-22,9400,2255,4600,2400,2239,2400
2003-05-23,9200,2250,4590,2370,2234,2370
2003-05-26,11800,2250,4630,2335,2254,2295
2003-05-27,23400,2300,4690,2500,2283,2350
2003-05-28,11400,2300,4690,2400,2283,2400
2003-05-29,4400,2275,4700,2365,2288,2275
2003-05-30,12600,2275,4650,2360,2264,2275
2003-06-02,11400,2260,4690,2400,2283,2400
2003-06-03,5400,2260,4670,2400,2273,2400
2003-06-04,6400,2290,4650,2350,2264,2325
2003-06-05,35400,2310,4900,2600,2385,2310
2003-06-09,15000,2410,4850,2480,2361,2475
2003-06-10,76800,2450,5200,2695,2531,2450
2003-06-11,29200,2575,5290,2700,2575,2695
2003-06-12,23800,2580,5350,2750,2604,2610
2003-06-13,25000,2675,5350,2785,2604,2785
2003-06-16,13800,2580,5160,2670,2512,2600
2003-06-17,18200,2600,5390,2880,2624,2600
2003-06-18,14400,2555,5140,2725,2502,2725
2003-06-19,4800,2555,5140,2625,2502,2625
2003-06-20,10800,2505,5150,2725,2507,2505
2003-06-23,171400,2625,5760,2880,2804,2625
2003-06-24,135400,2650,5330,3025,2595,2905
2003-06-25,29000,2625,5300,2790,2580,2790
2003-06-26,29200,2540,5090,2645,2478,2550
2003-06-27,25000,2495,5040,2575,2453,2500
2003-06-30,11000,2470,5150,2625,2507,2475
2003-07-01,11400,2550,5300,2650,2580,2585
2003-07-02,54800,2600,5400,2800,2629,2600
2003-07-03,32800,2595,5200,2750,2531,2750
2003-07-04,12200,2575,5220,2640,2541,2575
2003-07-07,13000,2575,5300,2715,2580,2575
2003-07-08,9800,2600,5340,2695,2600,2615
2003-07-09,15000,2500,5080,2785,2473,2785
2003-07-10,14200,2500,5090,2595,2478,2525
2003-07-11,16600,2460,5180,2595,2522,2500
2003-07-14,18200,2520,5200,2615,2531,2520
2003-07-15,63200,2525,5620,2875,2736,2555
2003-07-16,13200,2665,5520,2900,2687,2875
2003-07-18,21200,2675,5420,2765,2638,2750
2003-07-21,23800,2530,5150,2695,2507,2530
2003-07-22,27000,2520,5190,2650,2526,2520
2003-07-23,12400,2545,5090,2650,2478,2625
2003-07-24,5400,2545,5290,2685,2575,2545
2003-07-25,5400,2560,5220,2700,2541,2560
2003-07-28,4200,2570,5220,2645,2541,2630
2003-07-29,15000,2560,5150,2645,2507,2645
2003-07-30,10200,2555,5200,2625,2531,2600
2003-07-31,10600,2550,5170,2595,2517,2595
2003-08-01,8800,2535,5130,2595,2497,2595
2003-08-04,1800,2505,5100,2555,2483,2550
2003-08-05,7600,2465,4950,2545,2410,2545
2003-08-06,7800,2400,4870,2457,2371,2450
2003-08-07,18400,2402,5190,2650,2526,2402
2003-08-08,5800,2500,5040,2590,2453,2500
2003-08-11,12600,2362,4775,2515,2324,2475
2003-08-12,11600,2310,4650,2390,2264,2387
2003-08-13,15000,2305,4845,2445,2359,2330
2003-08-14,27000,2227,4650,2600,2264,2325
2003-08-18,21200,2325,4810,2450,2341,2330
2003-08-19,8600,2302,4610,2440,2244,2425
2003-08-20,4600,2275,4650,2365,2264,2305
2003-08-21,5800,2250,4585,2360,2232,2325
2003-08-22,16800,2250,4590,2325,2234,2292
2003-08-25,38200,2290,4700,2495,2288,2495
2003-08-26,20000,2320,4820,2450,2346,2320
2003-08-27,13600,2397,4850,2450,2361,2400
2003-08-28,19200,2450,4900,2525,2385,2500
2003-08-29,39200,2445,5180,2650,2522,2445
2003-09-01,41000,2600,5600,2825,2726,2600
2003-09-02,15800,2650,5320,2800,2590,2790
2003-09-03,16000,2600,5200,2715,2531,2605
2003-09-04,63000,2555,5360,2905,2609,2555
2003-09-05,31200,2500,5000,2840,2434,2840
2003-09-08,9000,2400,4850,2495,2361,2455
2003-09-09,11000,2452,5130,2705,2497,2470
2003-09-15,5800,2410,4830,2525,2351,2525
2003-09-16,12000,2375,4810,2550,2341,2377
2003-09-17,10000,2350,4800,2490,2337,2490
2003-09-18,11200,2310,4780,2485,2327,2377
2003-09-19,17600,2390,4790,2475,2332,2390
2003-09-22,3600,2250,4590,2392,2234,2365
2003-09-23,10400,2250,4595,2350,2237,2287
2003-09-24,8800,2240,4605,2345,2242,2240
2003-09-25,3000,2235,4535,2300,2208,2297
2003-09-26,3200,2215,4480,2295,2181,2222
2003-09-29,3400,2200,4465,2250,2173,2207
2003-09-30,4600,2217,4435,2265,2159,2232
2003-10-01,5200,2150,4325,2260,2105,2217
2003-10-02,7600,2165,4465,2245,2173,2165
2003-10-06,2800,2150,4390,2305,2137,2305
2003-10-07,2400,2175,4400,2265,2142,2265
2003-10-08,8200,2125,4250,2230,2069,2157
2003-10-09,6000,2052,4120,2145,2006,2100
2003-10-10,7200,2067,4320,2165,2103,2067
2003-10-13,2200,2105,4230,2150,2059,2115
2003-10-14,800,2075,4190,2110,2040,2082
2003-10-15,9600,2005,4100,2150,1996,2092
2003-10-16,7000,2030,4140,2075,2015,2047
2003-10-17,7400,2040,4080,2145,1986,2067
2003-10-20,5600,2025,4150,2100,2020,2040
2003-10-21,12200,2020,4150,2095,2020,2095
2003-10-22,7400,2025,4165,2095,2027,2030
2003-10-23,12200,2000,4000,2140,1947,2140
2003-10-24,5400,1975,4070,2060,1981,1975
2003-10-27,3800,1990,4120,2082,2006,2082
2003-10-28,7800,1835,4120,2080,2006,2030
2003-10-29,5200,2000,4000,2082,1947,2060
2003-10-30,4000,1950,3950,2050,1923,1950
2003-10-31,400,1975,4030,2025,1962,1982
2003-11-03,2000,2015,4030,2070,1962,2015
2003-11-04,9800,1950,3995,2035,1945,1985
2003-11-05,6400,1900,3940,2025,1918,1997
2003-11-06,2600,1945,3995,2005,1945,2005
2003-11-07,3000,1930,4000,2012,1947,1940
2003-11-10,11200,1905,3990,2000,1942,2000
2003-11-11,10200,1905,4000,2015,1947,1905
2003-11-12,400,1975,4000,2005,1947,2000
2003-11-13,10400,1997,4090,2072,1991,1997
2003-11-14,13200,1962,4065,2040,1979,1962
2003-11-17,4800,1987,4050,2050,1971,2050
2003-11-18,7800,1990,4140,2070,2015,2010
2003-11-19,39600,1912,3825,2145,1862,2050
2003-11-20,2400,1922,4000,2000,1947,2000
2003-11-21,5400,1975,4000,2087,1947,2000
2003-11-24,3800,1935,3870,2070,1884,1965
2003-11-25,7800,1900,3950,2000,1923,1937
2003-11-26,1400,1912,3865,1990,1881,1912
2003-11-27,2400,1900,3960,1985,1928,1932
2003-11-28,6200,1955,3980,2025,1937,1997
2003-12-01,800,1965,4000,2035,1947,1965
2003-12-02,188800,1980,4480,2240,2181,2035
2003-12-03,79600,1975,3990,2235,1942,2200
2003-12-04,26600,1955,3960,2015,1928,1967
2003-12-05,12600,1942,3955,2000,1925,2000
2003-12-08,13000,1952,3975,1995,1935,1977
2003-12-09,14400,1955,4015,2045,1954,1987
2003-12-10,12600,1955,3995,1997,1945,1980
2003-12-11,4800,1967,4000,2070,1947,1967
2003-12-12,8400,1950,4000,2020,1947,1980
2003-12-15,7200,1960,3925,2002,1911,2002
2003-12-16,12600,1905,3815,1995,1857,1950
2003-12-17,116200,1907,4270,2135,2079,1907
2003-12-18,277000,2125,4280,2390,2083,2390
2003-12-19,99200,1950,3955,2105,1925,2100
2003-12-22,17000,1915,3860,1995,1879,1940
2003-12-23,37000,1825,3800,2025,1850,1902
2003-12-24,5800,1810,3780,1900,1840,1837
2003-12-26,5000,1840,3720,1910,1811,1862
2003-12-29,400,1820,3840,1925,1869,1820
2003-12-30,1400,1855,4045,2022,1969,1935
2004-01-02,5600,1950,3910,1975,1903,1957
2004-01-05,7400,1907,3855,1995,1876,1907
2004-01-06,1600,1907,3890,1975,1894,1935
2004-01-07,400,1922,3845,1972,1872,1972
2004-01-08,3800,1875,3760,1945,1830,1922
2004-01-09,12600,1750,3800,1940,1850,1887
2004-01-12,7200,1885,3845,1950,1872,1950
2004-01-13,17600,1855,3770,1925,1835,1892
2004-01-14,3800,1855,3730,1892,1816,1885
2004-01-15,6400,1800,3700,1882,1801,1837
2004-01-16,16000,1750,3550,1897,1728,1897
2004-01-19,20200,1650,3580,1862,1743,1800
2004-01-20,15000,1700,3480,1762,1694,1735
2004-01-26,10600,1625,3400,1740,1655,1700
2004-01-27,8200,1670,3345,1700,1628,1670
2004-01-28,5000,1655,3450,1820,1679,1820
2004-01-29,800,1685,3480,1770,1694,1700
2004-01-30,6000,1687,3400,1740,1655,1730
2004-02-02,2400,1675,3400,1825,1655,1740
2004-02-03,8000,1657,3400,1715,1655,1715
2004-02-04,14000,1675,3430,1795,1670,1715
2004-02-05,4800,1657,3320,1722,1616,1692
2004-02-06,24200,1527,3055,1655,1487,1610
2004-02-09,13600,1535,3070,1592,1494,1535
2004-02-10,3400,1555,3200,1645,1558,1645
2004-02-11,8600,1555,3195,1600,1555,1600
2004-02-12,7400,1557,3195,1627,1555,1577
2004-02-13,4400,1537,3160,1595,1538,1595
2004-02-16,17600,1535,3140,1632,1528,1565
2004-02-17,161200,1555,3515,1757,1711,1590
2004-02-18,45000,1565,3430,1897,1670,1730
2004-02-19,24200,1550,3110,1712,1514,1665
2004-02-20,22200,1525,3060,1625,1489,1605
2004-02-23,35000,1490,3040,1540,1480,1505
2004-02-24,6000,1500,3040,1545,1480,1502
2004-02-25,49600,1500,3150,1680,1533,1500
2004-02-26,17600,1525,3150,1645,1533,1552
2004-02-27,62000,1560,3250,1695,1582,1600
2004-03-02,3200,1575,3170,1687,1543,1687
2004-03-03,9800,1525,3155,1585,1536,1585
2004-03-04,7200,1525,3145,1577,1531,1577
2004-03-05,14200,1515,3140,1575,1528,1565
2004-03-08,4000,1517,3060,1555,1489,1517
2004-03-09,11800,1527,3140,1580,1528,1527
2004-03-10,18400,1517,3095,1575,1506,1525
2004-03-11,220600,1545,3465,1732,1687,1570
2004-03-12,88200,1525,3100,1750,1509,1735
2004-03-15,24800,1490,3075,1565,1497,1515
2004-03-16,39800,1412,2860,1475,1392,1427
2004-03-17,17600,1392,2920,1460,1421,1402
2004-03-18,46400,1390,2780,1437,1353,1437
2004-03-19,14600,1375,2935,1470,1429,1400
2004-03-22,10400,1407,2815,1437,1370,1407
2004-03-23,3200,1350,2800,1407,1363,1407
2004-03-24,2200,1375,2845,1422,1385,1400
2004-03-25,20200,1350,2700,1400,1314,1400
2004-03-26,18000,1350,2740,1397,1334,1352
2004-03-29,2400,1360,2795,1420,1360,1420
2004-03-30,12200,1300,2785,1410,1355,1410
2004-03-31,13800,1390,3000,1500,1460,1392
2004-04-01,14400,1437,3000,1512,1460,1500
2004-04-02,5000,1397,2880,1507,1402,1507
2004-04-06,5000,1365,2840,1495,1382,1425
2004-04-07,20200,1420,2890,1502,1407,1420
2004-04-08,14600,1377,2890,1465,1407,1427
2004-04-09,6600,1382,2900,1450,1411,1450
2004-04-12,13000,1405,2885,1500,1404,1420
2004-04-13,10400,1400,2890,1447,1407,1415
2004-04-14,11200,1420,2900,1500,1411,1425
2004-04-16,34400,1455,3060,1610,1489,1455
2004-04-19,11600,1460,3030,1555,1475,1510
2004-04-20,11800,1500,3100,1550,1509,1550
2004-04-21,11200,1400,3080,1570,1499,1545
2004-04-22,12400,1475,2980,1537,1450,1495
2004-04-23,6800,1462,3000,1547,1460,1500
2004-04-26,3200,1432,2925,1572,1424,1572
2004-04-27,4200,1430,2985,1497,1453,1430
2004-04-28,9400,1450,2910,1500,1416,1492
2004-04-29,13600,1440,2890,1475,1407,1455
2004-04-30,8800,1450,3010,1545,1465,1545
2004-05-03,400,1475,3050,1540,1485,1505
2004-05-04,4800,1500,3030,1515,1475,1515
2004-05-06,3400,1410,3030,1515,1475,1472
2004-05-07,200,1380,2850,1495,1387,1492
2004-05-10,15600,1325,2860,1430,1392,1402
2004-05-11,3600,1360,2980,1500,1450,1360
2004-05-12,10200,1440,3100,1550,1509,1467
2004-05-13,3600,1450,3080,1545,1499,1527
2004-05-14,7200,1450,3040,1550,1480,1550
2004-05-17,19800,1355,2920,1700,1421,1490
2004-05-18,3400,1310,2910,1455,1416,1450
2004-05-19,3600,1350,2910,1460,1416,1460
2004-05-20,400,1400,3000,1542,1460,1455
2004-05-21,2200,1425,2950,1500,1436,1500
2004-05-24,6800,1400,2945,1490,1433,1477
2004-05-25,4000,1377,2915,1457,1419,1450
2004-05-27,34000,1362,2750,1550,1338,1435
2004-05-28,12000,1350,2845,1485,1385,1485
2004-05-31,800,1355,2850,1515,1387,1515
2004-06-01,10600,1300,2760,1425,1343,1300
2004-06-02,1600,1335,2790,1400,1358,1400
2004-06-03,26200,1230,2700,1410,1314,1375
2004-06-04,11000,1255,2650,1380,1290,1330
2004-06-07,10000,1300,2685,1345,1307,1325
2004-06-08,800,1257,2645,1365,1287,1365
2004-06-09,1600,1275,2600,1305,1265,1300
2004-06-10,3200,1250,2610,1395,1270,1395
2004-06-11,8800,1200,2500,1315,1217,1265
2004-06-14,2400,1200,2400,1300,1168,1300
2004-06-15,9200,1175,2365,1275,1151,1275
2004-06-16,12600,1107,2245,1187,1093,1107
2004-06-17,34600,1010,2020,1150,983,1110
2004-06-18,5400,1025,2050,1100,998,1025
2004-06-21,19600,902,1920,1075,934,1010
2004-06-22,75800,945,2150,1075,1046,945
2004-06-23,98600,1052,2400,1202,1168,1125
2004-06-24,47200,1100,2520,1260,1226,1127
2004-06-25,46400,1202,2800,1410,1363,1202
2004-06-28,56200,1400,2900,1525,1411,1400
2004-06-29,38800,1377,3090,1590,1504,1377
2004-06-30,28200,1510,3150,1600,1533,1595
2004-07-01,9000,1455,3040,1650,1480,1650
2004-07-02,18400,1345,2730,1520,1329,1465
2004-07-05,5200,1240,2630,1440,1280,1322
2004-07-06,16400,1225,2750,1375,1338,1275
2004-07-07,2800,1255,2690,1420,1309,1420
2004-07-08,800,1270,2650,1347,1290,1307
2004-07-09,4000,1300,2685,1372,1307,1372
2004-07-12,36000,1250,2790,1502,1358,1250
2004-07-13,22600,1275,2570,1470,1251,1400
2004-07-14,11400,1230,2460,1315,1197,1262
2004-07-15,8200,1175,2350,1345,1144,1225
2004-07-16,1200,1200,2480,1275,1207,1275
2004-07-19,2600,1150,2495,1250,1214,1250
2004-07-20,8600,1150,2440,1250,1188,1250
2004-07-21,5400,1185,2500,1250,1217,1185
2004-07-22,200,1295,2590,1295,1261,1295
2004-07-23,9800,1170,2340,1300,1139,1255
2004-07-26,3800,1105,2250,1250,1095,1250
2004-07-27,6800,1015,2490,1247,1212,1125
2004-07-28,10600,1105,2365,1240,1151,1105
2004-07-29,27200,1057,2460,1250,1197,1250
2004-07-30,24400,1165,2340,1250,1139,1250
2004-08-02,400,1170,2500,1250,1217,1170
2004-08-03,200,1125,2250,1250,1095,1125
2004-08-04,5000,1050,2250,1185,1095,1105
2004-08-05,22,1095,2480,1240,1207,1240
2004-08-06,800,1125,2260,1250,1100,1155
2004-08-09,200,1057,2300,1220,1119,1057
2004-08-10,1800,1082,2200,1197,1071,1082
2004-08-11,4400,1095,2215,1187,1078,1187
2004-08-12,3400,1090,2235,1157,1088,1090
2004-08-13,1200,1092,2220,1197,1080,1100
2004-08-16,5600,1100,2300,1212,1119,1100
2004-08-17,3400,1125,2365,1220,1151,1220
2004-08-18,200,1130,2265,1292,1102,1292
2004-08-19,2600,1082,2355,1235,1146,1082
2004-08-20,5200,1107,2330,1215,1134,1107
2004-08-23,12000,1100,2310,1240,1124,1100
2004-08-24,16800,1080,2250,1225,1095,1197
2004-08-25,9600,1110,2290,1187,1114,1150
2004-08-26,6800,1127,2395,1197,1166,1197
2004-08-27,140,1105,2355,1235,1146,1127
2004-08-30,3600,1107,2340,1237,1139,1237
2004-08-31,32000,1115,2235,1295,1088,1280
2004-09-01,9200,1060,2150,1175,1046,1147
2004-09-02,18200,1070,2260,1185,1100,1185
2004-09-03,7600,1092,2290,1197,1114,1197
2004-09-06,7800,1097,2280,1237,1110,1237
2004-09-07,8200,1100,2290,1170,1114,1170
2004-09-08,8800,1100,2305,1230,1122,1145
2004-09-09,5000,1100,2315,1200,1127,1200
2004-09-10,2000,1102,2250,1172,1095,1172
2004-09-13,6000,1100,2250,1165,1095,1160
2004-09-14,1200,1102,2220,1132,1080,1132
2004-09-15,15200,1080,2270,1137,1105,1080
2004-09-16,1200,1107,2230,1145,1085,1107
2004-09-17,4200,1085,2270,1150,1105,1150
2004-09-20,1400,1110,2280,1165,1110,1165
2004-09-21,2400,1092,2290,1150,1114,1092
2004-09-22,10400,1085,2290,1145,1114,1090
2004-09-23,1800,1072,2175,1090,1058,1080
2004-09-24,3800,1100,2280,1140,1110,1125
2004-09-30,16,1092,2320,1212,1129,1212
2004-10-01,12000,1075,2200,1155,1071,1125
2004-10-04,2000,1077,2205,1102,1073,1097
2004-10-05,1200,1067,2210,1105,1076,1067
2004-10-06,2600,1080,2225,1115,1083,1105
2004-10-07,3000,1075,2220,1110,1080,1080
2004-10-08,600,1077,2155,1095,1049,1092
2004-10-11,1400,1085,2190,1095,1066,1085
2004-10-12,1400,1065,2140,1090,1041,1065
2004-10-13,6800,1067,2190,1095,1066,1072
2004-10-14,1800,1080,2190,1105,1066,1105
2004-10-15,2400,1062,2195,1145,1068,1062
2004-10-18,20200,1075,2155,1110,1049,1107
2004-10-19,12600,1055,2200,1107,1071,1055
2004-10-20,2800,1075,2150,1085,1046,1075
2004-10-21,20400,1002,2095,1095,1020,1050
2004-10-22,1000,1000,2150,1075,1046,1047
2004-10-25,50,1100,2200,1115,1071,1115
2004-10-26,400,1010,2200,1100,1071,1022
2004-10-27,200,1020,2190,1100,1066,1100
2004-10-28,400,1095,2190,1095,1066,1095
2004-10-29,12800,985,1980,1030,964,1027
2004-11-01,800,1000,2030,1015,988,1005
2004-11-02,2000,980,2025,1012,985,980
2004-11-03,9000,912,1995,1070,971,1012
2004-11-04,1400,997,2085,1042,1015,997
2004-11-05,6000,1000,2080,1040,1012,1000
2004-11-08,2400,1010,2030,1050,988,1010
2004-11-09,2000,1005,2090,1045,1017,1007
2004-11-10,22000,1010,2110,1145,1027,1030
2004-11-11,7600,1012,2030,1070,988,1055
2004-11-12,1800,975,2065,1045,1005,975
2004-11-15,2800,987,2060,1030,1003,1020
2004-11-16,2800,1007,2015,1047,981,1047
2004-11-17,8800,1007,2080,1085,1012,1010
2004-11-18,6800,1007,2100,1050,1022,1007
2004-11-19,7000,982,2145,1095,1044,982
2004-11-22,4000,1005,2145,1072,1044,1072
2004-11-23,7800,1002,2040,1050,993,1050
2004-11-24,4200,997,2055,1027,1000,1027
2004-11-25,12800,1000,2040,1080,993,1075
2004-11-26,8600,1025,2080,1047,1012,1047
2004-11-29,400,1022,2190,1135,1066,1040
2004-11-30,7000,1035,2120,1115,1032,1115
2004-12-01,2200,1035,2140,1075,1041,1075
2004-12-02,20400,1015,2185,1100,1063,1100
2004-12-03,4000,1080,2190,1100,1066,1092
2004-12-06,5800,1055,2190,1095,1066,1055
2004-12-07,1000,1052,2195,1140,1068,1140
2004-12-08,132200,1137,2455,1227,1195,1140
2004-12-09,45000,1372,2745,1372,1336,1372
2004-12-10,12400,1535,3070,1535,1494,1535
2004-12-13,297200,1575,3435,1717,1672,1717
2004-12-14,199000,1575,3280,1770,1597,1765
2004-12-15,207400,1445,2890,1730,1407,1640
2004-12-16,151800,1375,2925,1500,1424,1445
2004-12-17,129600,1287,2575,1460,1253,1460
2004-12-20,51800,1247,2580,1347,1256,1347
2004-12-21,69600,1195,2400,1285,1168,1257
2004-12-22,44000,1190,2430,1230,1183,1205
2004-12-23,37000,1140,2300,1232,1119,1215
2004-12-24,53400,1130,2390,1210,1163,1130
2004-12-27,20600,1150,2355,1225,1146,1200
2004-12-28,55800,1145,2480,1240,1207,1175
2004-12-29,24200,1200,2405,1250,1170,1245
2004-12-30,18400,1157,2350,1202,1144,1202
2005-01-03,20000,1155,2395,1200,1166,1155
2005-01-04,14600,1180,2580,1290,1256,1180
2005-01-05,3400,1250,2595,1340,1263,1252
2005-01-06,97200,1270,2680,1425,1304,1300
2005-01-07,19600,1200,2675,1375,1302,1280
2005-01-10,41000,1320,2800,1422,1363,1340
2005-01-11,61400,1380,3135,1567,1526,1380
2005-01-12,182400,1610,3510,1755,1708,1645
2005-01-13,8600,1965,3930,1965,1913,1965
2005-01-14,464200,2002,4400,2200,2142,2175
2005-01-17,718000,2302,4925,2462,2397,2350
2005-01-18,405400,2580,5510,2755,2682,2735
2005-01-19,575000,2725,5610,3000,2731,2900
2005-01-20,603600,2470,4940,2900,2405,2805
2005-01-21,876200,2260,5100,2670,2483,2475
2005-01-24,455000,2550,5710,2855,2780,2650
2005-01-25,393000,2515,5080,3095,2473,3025
2005-01-26,368400,2240,4515,2650,2198,2585
2005-01-27,180200,2002,4025,2350,1959,2180
2005-01-28,260000,2000,4505,2252,2193,2000
2005-01-31,190000,2090,4415,2295,2149,2155
2005-02-01,141800,2152,4380,2390,2132,2282
2005-02-02,176400,1927,3930,2190,1913,2187
2005-02-03,86800,1785,3570,2040,1738,1927
2005-02-04,71200,1757,3725,1925,1813,1785
2005-02-07,131800,1835,4170,2085,2030,1835
2005-02-11,73400,1940,4140,2227,2015,2080
2005-02-14,172400,2077,4250,2170,2069,2077
2005-02-15,43800,2040,4160,2185,2025,2090
2005-02-16,109000,1837,3900,2070,1898,2055
2005-02-17,101200,1915,4000,2075,1947,1920
2005-02-18,106800,1980,4200,2190,2044,1980
2005-02-21,81200,1980,4015,2100,1954,2100
2005-02-22,44600,1950,3940,2037,1918,1975
2005-02-23,33400,1800,3960,1995,1928,1800
2005-02-24,50600,1920,3960,2035,1928,1950
2005-02-25,41600,1950,3900,2030,1898,1965
2005-02-28,48400,1900,3900,2000,1898,1945
2005-03-02,34000,1910,3975,1987,1935,1932
2005-03-03,45600,1925,3980,1995,1937,1995
2005-03-04,30200,1950,3910,2020,1903,1950
2005-03-07,52400,1800,3750,2020,1825,1970
2005-03-08,56400,1725,3450,1910,1679,1850
2005-03-09,19800,1650,3395,1750,1653,1725
2005-03-10,18600,1650,3300,1735,1606,1675
2005-03-11,52800,1650,3695,1847,1799,1715
2005-03-14,108400,1865,4135,2067,2013,1865
2005-03-15,90400,2000,4110,2300,2001,2300
2005-03-16,66000,1955,4290,2200,2088,2100
2005-03-17,43400,1975,3990,2135,1942,2052
2005-03-18,28600,1900,3820,2015,1859,1950
2005-03-21,16000,1827,3785,1897,1842,1857
2005-03-22,82600,1935,3930,2115,1913,2115
2005-03-23,35800,1885,3795,1975,1847,1970
2005-03-24,16200,1805,3700,1972,1801,1972
2005-03-25,15000,1825,3810,1972,1855,1825
2005-03-28,13600,1865,3750,1915,1825,1865
2005-03-29,31600,1750,3545,1892,1726,1825
2005-03-30,5200,1725,3500,1822,1704,1822
2005-03-31,16200,1750,3500,1820,1704,1800
2005-04-01,17800,1690,3485,1780,1696,1780
2005-04-04,10800,1675,3350,1725,1631,1692
2005-04-06,267400,1600,3850,1925,1874,1645
2005-04-07,62000,1715,3575,1995,1740,1945
2005-04-08,57600,1662,3450,1840,1679,1750
2005-04-11,70400,1717,3560,1887,1733,1717
2005-04-12,26000,1652,3320,1832,1616,1760
2005-04-13,28200,1612,3365,1742,1638,1645
2005-04-14,9600,1620,3250,1745,1582,1650
2005-04-15,24200,1572,3400,1725,1655,1572
2005-04-18,17600,1560,3240,1750,1577,1650
2005-04-19,35200,1577,3170,1700,1543,1580
2005-04-20,13800,1577,3200,1647,1558,1595
2005-04-21,21400,1500,3120,1587,1519,1552
2005-04-22,32600,1562,3130,1695,1523,1625
2005-04-25,20200,1527,3240,1650,1577,1527
2005-04-26,17400,1585,3220,1650,1567,1600
2005-04-27,11200,1550,3290,1645,1601,1610
2005-04-28,45800,1600,3200,1870,1558,1602
2005-04-29,24200,1515,3150,1625,1533,1515
2005-05-02,12800,1550,3300,1660,1606,1550
2005-05-03,10200,1595,3350,1700,1631,1600
2005-05-04,7800,1630,3280,1697,1597,1630
2005-05-06,10600,1595,3225,1680,1570,1630
2005-05-09,93000,1372,3230,1685,1572,1615
2005-05-10,14400,1585,3220,1655,1567,1585
2005-05-11,6400,1575,3180,1647,1548,1647
2005-05-12,10000,1595,3295,1655,1604,1600
2005-05-13,14000,1567,3175,1645,1545,1602
2005-05-16,11200,1590,3250,1650,1582,1650
2005-05-17,11800,1602,3260,1660,1587,1605
2005-05-18,27400,1635,3390,1810,1650,1660
2005-05-19,35800,1655,3670,1850,1786,1700
2005-05-20,13200,1832,3810,2045,1855,1857
2005-05-23,25600,1800,3760,1905,1830,1900
2005-05-24,66600,1775,3685,1975,1794,1890
2005-05-25,34800,1755,3510,1870,1708,1822
2005-05-26,175000,1755,4035,2017,1964,1822
2005-05-27,130200,1912,4000,2050,1947,2010
2005-05-30,180000,2005,4220,2250,2054,2050
2005-05-31,58600,2050,4165,2172,2027,2172
2005-06-01,50200,1917,3930,2175,1913,2100
2005-06-02,26400,1915,3850,2015,1874,1970
2005-06-03,30400,1637,3670,1955,1786,1890
2005-06-07,27200,1850,3810,1950,1855,1857
2005-06-08,14600,1862,3730,1970,1816,1970
2005-06-09,63600,1815,3735,1942,1818,1942
2005-06-10,12600,1815,3630,1897,1767,1855
2005-06-13,73800,1805,3930,2047,1913,1805
2005-06-14,30800,1885,3865,2005,1881,2005
2005-06-15,28600,1857,3765,1917,1833,1917
2005-06-16,16200,1852,3795,1900,1847,1852
2005-06-17,21800,1837,3700,1900,1801,1900
2005-06-20,18800,1845,3775,1892,1838,1845
2005-06-21,16200,1735,3650,1875,1777,1735
2005-06-22,16200,1820,3735,1900,1818,1827
2005-06-23,21000,1875,3820,1925,1859,1925
2005-06-24,15800,1850,3880,1940,1889,1910
2005-06-27,27400,1865,3835,1917,1867,1900
2005-06-28,20400,1905,3890,1970,1894,1905
2005-06-29,111600,1900,3860,2125,1879,1945
2005-06-30,18800,1887,3885,1942,1891,1942
2005-07-01,58200,1910,4150,2087,2020,1942
2005-07-04,37000,2075,4250,2237,2069,2170
2005-07-05,20000,2065,4250,2175,2069,2175
2005-07-06,55400,2125,4490,2275,2186,2125
2005-07-07,30400,2210,4580,2325,2229,2245
2005-07-08,42400,2200,4470,2297,2176,2297
2005-07-11,19800,2125,4460,2250,2171,2212
2005-07-12,41000,2140,4310,2220,2098,2175
2005-07-13,11000,2125,4345,2200,2115,2125
2005-07-14,53600,2150,4370,2400,2127,2160
2005-07-15,23600,2150,4325,2205,2105,2152
2005-07-18,94400,2150,4970,2485,2419,2285
2005-07-19,170600,2575,5400,2855,2629,2660
2005-07-20,112800,2495,5150,2750,2507,2650
2005-07-21,123400,2292,4700,2615,2288,2515
2005-07-22,26000,2285,4890,2482,2380,2285
2005-07-25,10400,2355,4940,2495,2405,2495
2005-07-26,16600,2325,4790,2475,2332,2415
2005-07-27,26200,2300,4670,2395,2273,2395
2005-07-28,23000,2320,4685,2397,2281,2335
2005-07-29,23400,2342,4875,2492,2373,2360
2005-08-01,18600,2365,4730,2500,2303,2500
2005-08-02,15800,2265,4560,2332,2220,2265
2005-08-03,72800,2280,4675,2500,2276,2295
2005-08-04,15600,2260,4560,2350,2220,2265
2005-08-05,11600,2130,4265,2275,2076,2200
2005-08-08,12200,2000,4195,2125,2042,2025
2005-08-09,5600,2005,4555,2310,2217,2005
2005-08-10,19600,2200,4400,2395,2142,2277
2005-08-11,18800,2052,4125,2197,2008,2105
2005-08-12,14400,2045,4190,2175,2040,2175
2005-08-16,10200,2025,4090,2130,1991,2130
2005-08-17,8200,1980,4200,2100,2044,2072
2005-08-18,16200,2025,4050,2190,1971,2097
2005-08-19,4000,1965,4175,2190,2032,1965
2005-08-22,12000,2050,4245,2125,2066,2125
2005-08-23,13000,2017,4095,2185,1993,2082
2005-08-24,121000,2110,4480,2325,2181,2165
2005-08-25,30400,2195,4510,2300,2195,2290
2005-08-26,25600,2155,4500,2375,2191,2162
2005-08-29,18200,2127,4255,2250,2071,2150
2005-08-30,55400,2125,4390,2242,2137,2125
2005-08-31,13200,2115,4280,2205,2083,2190
2005-09-01,17200,2140,4330,2200,2108,2200
2005-09-02,10800,2135,4590,2295,2234,2135
2005-09-05,26000,2250,4650,2375,2264,2250
2005-09-06,8600,2287,4640,2350,2259,2350
2005-09-07,21600,2250,4500,2400,2191,2400
2005-09-08,13000,2240,4620,2350,2249,2350
2005-09-09,10800,2270,4590,2370,2234,2370
2005-09-12,29000,2250,4540,2345,2210,2345
2005-09-13,4800,2160,4490,2300,2186,2270
2005-09-14,14800,2175,4460,2260,2171,2245
2005-09-15,9000,2180,4470,2350,2176,2190
2005-09-16,18000,2190,4400,2295,2142,2295
2005-09-20,10400,2200,4470,2285,2176,2200
2005-09-21,16200,2200,4515,2400,2198,2400
2005-09-22,24000,2165,4410,2292,2147,2292
2005-09-23,1600,2180,4445,2250,2164,2250
2005-09-26,13000,2215,4560,2295,2220,2222
2005-09-27,4400,2222,4450,2345,2166,2345
2005-09-28,51800,2210,4585,2395,2232,2210
2005-09-29,25600,2245,4610,2365,2244,2292
2005-09-30,27400,2290,4715,2445,2295,2290
2005-10-04,47200,2360,4740,2447,2307,2360
2005-10-05,59800,2350,4910,2675,2390,2357
2005-10-06,61400,2455,5190,2600,2526,2455
2005-10-07,42600,2570,5300,2715,2580,2590
2005-10-10,72600,2660,5570,2795,2711,2740
2005-10-11,108000,2650,5440,2870,2648,2870
2005-10-12,356800,2760,5960,3125,2901,2775
2005-10-13,98000,2900,6050,3045,2945,3000
2005-10-14,220000,3025,6700,3475,3262,3025
2005-10-17,283000,3310,7700,3850,3749,3310
2005-10-18,178800,4075,8850,4425,4309,4200
2005-10-19,1240600,3830,8300,5075,4041,4750
2005-10-20,404000,3530,7080,4150,3447,4150
2005-10-21,260000,3300,7190,3705,3500,3400
2005-10-24,170000,3335,6750,3575,3286,3505
2005-10-25,144000,3375,6900,3575,3359,3375
2005-10-26,210800,3400,7900,3965,3846,3405
2005-10-27,172800,3800,8290,4500,4036,3960
2005-10-28,103400,4060,8420,4330,4099,4200
2005-10-31,179000,4210,9200,4640,4479,4215
2005-11-01,115000,4350,8820,4550,4294,4550
2005-11-02,157200,4005,8050,4400,3919,4325
2005-11-03,107400,3950,8310,4450,4046,3950
2005-11-04,133000,4100,8400,4320,4089,4150
2005-11-07,70800,4125,8650,4495,4211,4205
2005-11-08,141400,4170,8500,4425,4138,4260
2005-11-09,219800,4255,9010,4700,4386,4255
2005-11-10,72200,4450,9000,4680,4382,4680
2005-11-11,64000,4465,9190,4680,4474,4600
2005-11-14,86800,4515,9100,4900,4430,4515
2005-11-15,128000,4365,9100,4625,4430,4500
2005-11-16,216800,4355,8740,4580,4255,4525
2005-11-17,112400,4275,8600,4475,4187,4475
2005-11-18,331200,4205,9340,4920,4547,4300
2005-11-21,105200,4715,9600,4935,4674,4845
2005-11-22,416200,4875,11000,5500,5355,4925
2005-11-23,738400,5750,11650,6325,5672,6250
2005-11-24,310400,5500,11600,6175,5647,5925
2005-11-25,219800,5100,11000,5950,5355,5750
2005-11-28,383200,5700,12650,6325,6159,5700
2005-11-29,269600,6000,12600,6750,6134,6250
2005-11-30,182400,6100,12400,6550,6037,6450
2005-12-01,383000,5875,12200,6900,5940,6050
2005-12-02,301400,6150,12550,6700,6110,6150
2005-12-05,383400,6350,13750,7150,6694,6375
2005-12-06,303000,6875,13850,7250,6743,6900
2005-12-07,196200,6350,13200,7050,6426,7000
2005-12-08,150000,6325,13200,6725,6426,6600
2005-12-09,92600,6375,13200,6750,6426,6450
2005-12-12,137400,6575,13900,7000,6767,6575
2005-12-13,1969200,6250,12500,7975,6086,7275
2005-12-14,397600,5900,12100,6600,5891,6400
2005-12-15,391200,5975,12850,6850,6256,6300
2005-12-16,337400,5800,13100,6650,6378,5800
2005-12-19,309200,6550,13750,7050,6694,6550
2005-12-20,245200,6775,13800,7000,6719,6975
2005-12-21,142600,6825,13700,7100,6670,7000
2005-12-22,219000,6450,13650,6900,6646,6725
2005-12-23,211400,6500,13650,6875,6646,6600
2005-12-26,196200,6625,13250,7000,6451,6975
2005-12-27,357200,6125,12500,6725,6086,6400
2005-12-28,88000,6030,6150,6650,5988,6300
2005-12-29,100700,5250,5720,6150,5570,6060
2006-01-02,70500,5520,5750,5970,5599,5520
2006-01-03,113400,5800,6400,6420,6232,5810
2006-01-04,194800,6400,6600,7150,6426,6400
2006-01-05,51000,6070,6090,6650,5930,6650
2006-01-06,52600,6100,6120,6320,5959,6300
2006-01-09,46500,5870,6100,6200,5940,6200
2006-01-10,31400,5190,5900,6200,5745,6100
2006-01-11,33200,5640,5650,5950,5501,5950
2006-01-12,33700,5440,5580,5650,5433,5510
2006-01-13,22200,5460,5640,5900,5492,5460
2006-01-16,24300,5650,5790,5940,5638,5650
2006-01-17,34200,5750,5750,5980,5599,5980
2006-01-18,25100,5100,5300,5870,5161,5870
2006-01-19,23100,5210,5210,5490,5073,5230
2006-01-20,29200,4855,4900,5400,4771,5280
2006-01-23,88500,4260,4500,4700,4382,4400
2006-01-24,40600,3950,4440,4670,4323,4590
2006-01-25,28800,4450,4850,4990,4722,4450
2006-01-26,16300,4600,4735,4800,4610,4775
2006-01-27,23600,4700,4780,4950,4654,4950
2006-01-31,102500,4535,4615,4770,4494,4670
2006-02-01,117500,4105,4260,4615,4148,4615
2006-02-02,50200,4140,4300,4460,4187,4460
2006-02-03,79600,3845,3930,4180,3826,3980
2006-02-06,135700,3430,3915,4090,3812,3620
2006-02-07,101200,3665,4290,4290,4177,4000
2006-02-08,237400,4270,4350,4850,4235,4270
2006-02-09,74800,4180,4210,4495,4099,4495
2006-02-10,38200,4040,4085,4220,3977,4200
2006-02-13,49400,3980,3980,4255,3875,4100
2006-02-14,239000,4020,4575,4575,4455,4050
2006-02-15,654100,4930,5260,5260,5122,4930
2006-02-16,318600,4960,5100,5340,4966,5200
2006-02-17,563700,5150,5300,5860,5161,5150
2006-02-20,149600,5030,5310,5350,5170,5310
2006-02-21,122900,5190,5190,5550,5053,5500
2006-02-22,235600,5030,5070,5420,4937,5110
2006-02-23,89500,4970,5000,5300,4868,5100
2006-02-24,106100,4860,4880,5060,4752,5000
2006-02-27,102000,4765,5000,5150,4868,4880
2006-02-28,181800,5010,5200,5450,5063,5100
2006-03-02,132100,5070,5200,5350,5063,5210
2006-03-03,474900,5210,5210,5900,5073,5330
2006-03-06,94800,5000,5050,5380,4917,5110
2006-03-07,82400,4750,4795,5120,4669,5000
2006-03-08,88900,4530,4705,4790,4581,4635
2006-03-09,60200,4700,4720,4800,4596,4700
2006-03-10,59800,4620,4680,4730,4557,4670
2006-03-13,94400,4690,4785,4995,4659,4690
2006-03-14,84900,4600,4710,4920,4586,4855
2006-03-15,31000,4625,4640,4830,4518,4830
2006-03-16,77700,4230,4230,4650,4119,4600
2006-03-17,50900,4120,4280,4470,4167,4120
2006-03-20,48200,4100,4160,4345,4050,4170
2006-03-21,51100,4090,4200,4280,4089,4090
2006-03-22,37200,4085,4125,4200,4016,4200
2006-03-23,22400,4090,4090,4240,3982,4130
2006-03-24,42400,4000,4000,4125,3895,4050
2006-03-27,29900,3925,4050,4160,3943,4160
2006-03-28,42700,3905,3905,4150,3802,4010
2006-03-29,19200,3800,3890,4060,3788,3840
2006-03-30,17600,3900,3965,4090,3861,3900
2006-03-31,25800,3970,4130,4130,4021,3970
2006-04-03,25700,4015,4150,4190,4041,4100
2006-04-04,20100,4105,4150,4190,4041,4105
2006-04-05,29700,4150,4210,4285,4099,4195
2006-04-06,38900,4250,4325,4380,4211,4250
2006-04-07,17800,4180,4190,4340,4080,4340
2006-04-10,16900,4100,4140,4365,4031,4110
2006-04-11,21500,4020,4285,4285,4172,4115
2006-04-12,17300,4175,4300,4320,4187,4300
2006-04-13,56000,4205,4395,4475,4279,4205
2006-04-14,30700,4285,4400,4400,4284,4395
2006-04-17,212900,4300,4450,4990,4333,4320
2006-04-18,39600,4300,4420,4570,4304,4370
2006-04-19,50200,4190,4210,4500,4099,4410
2006-04-20,38300,4120,4120,4290,4012,4160
2006-04-21,34400,4065,4100,4230,3992,4080
2006-04-24,36800,3900,4050,4250,3943,4030
2006-04-25,24800,3965,4055,4100,3948,4020
2006-04-26,25000,3965,3975,4060,3870,3965
2006-04-27,8900,3990,4020,4150,3914,3990
2006-04-28,38800,3960,4010,4080,3904,4025
2006-05-02,51700,3850,3880,4075,3778,3915
2006-05-03,33400,3880,3925,3980,3822,3930
2006-05-04,40200,3730,3950,3950,3846,3885
2006-05-08,20900,3820,3935,4050,3831,3950
2006-05-09,15800,3920,3950,3990,3846,3925
2006-05-10,34200,3955,4085,4085,3977,3955
2006-05-11,58700,3990,4070,4195,3963,4100
2006-05-12,15400,3920,3950,4050,3846,4000
2006-05-15,19700,3860,3890,3950,3788,3920
2006-05-16,115800,3860,4280,4350,4167,3860
2006-05-17,155600,3860,3930,4400,3826,4270
2006-05-18,55600,3710,3780,3885,3680,3885
2006-05-19,54100,3660,3685,3780,3588,3660
2006-05-22,25800,3630,3750,3765,3651,3630
2006-05-23,17200,3710,3780,3825,3680,3720
2006-05-24,12100,3620,3680,3825,3583,3655
2006-05-25,23200,3565,3595,3745,3500,3685
2006-05-26,16500,3505,3505,3745,3413,3620
2006-05-29,21700,3430,3490,3550,3398,3550
2006-05-30,8500,3400,3440,3545,3349,3460
2006-06-01,20600,3210,3210,3400,3125,3350
2006-06-02,31100,3005,3100,3290,3018,3210
2006-06-05,31200,2800,2800,3100,2726,3100
2006-06-07,22300,2500,2550,2740,2483,2740
2006-06-08,24900,2310,2780,2850,2707,2500
2006-06-09,11400,2705,2945,2945,2867,2705
2006-06-12,13300,2800,2970,2975,2892,2860
2006-06-13,9000,2800,2900,2950,2823,2870
2006-06-14,23700,2765,2955,2975,2877,2765
2006-06-15,6600,2900,2985,3045,2906,2900
2006-06-16,9900,2965,3060,3210,2979,3050
2006-06-19,4100,2940,3000,3060,2921,3060
2006-06-20,127600,2830,3450,3450,3359,2900
2006-06-21,350300,3525,3965,3965,3861,3545
2006-06-22,214500,3830,4000,4290,3895,4200
2006-06-23,219200,3670,4100,4250,3992,4150
2006-06-26,71100,3900,3930,4190,3826,4190
2006-06-27,87400,3710,3825,3985,3724,3925
2006-06-28,93800,3570,3780,3790,3680,3680
2006-06-29,115000,3700,3760,4150,3661,3850
2006-06-30,84800,3600,3625,3850,3529,3795
2006-07-03,36200,3550,3620,3720,3525,3600
2006-07-04,44200,3560,3630,3695,3534,3695
2006-07-05,30500,3465,3570,3650,3476,3520
2006-07-06,39600,3435,3445,3570,3354,3500
2006-07-07,23000,3360,3360,3525,3271,3445
2006-07-10,69600,3115,3160,3275,3077,3265
2006-07-11,114200,3190,3630,3630,3534,3190
2006-07-12,421900,3670,3705,4170,3607,4170
2006-07-13,65800,3500,3500,3760,3408,3700
2006-07-14,39300,3320,3625,3625,3529,3450
2006-07-18,25900,3360,3360,3590,3271,3475
2006-07-19,19800,3200,3200,3450,3116,3360
2006-07-20,15600,3240,3270,3390,3184,3240
2006-07-21,11500,3140,3310,3330,3223,3165
2006-07-24,11300,3200,3270,3395,3184,3240
2006-07-25,16300,3225,3305,3380,3218,3320
2006-07-26,12200,3265,3300,3375,3213,3300
2006-07-27,16100,3250,3270,3460,3184,3300
2006-07-28,35200,3250,3300,3450,3213,3270
2006-07-31,18800,3220,3250,3420,3164,3330
2006-08-01,14400,3055,3055,3260,2974,3210
2006-08-02,45600,2900,3060,3080,2979,3080
2006-08-03,12600,3010,3065,3100,2984,3060
2006-08-04,12800,3040,3200,3200,3116,3100
2006-08-07,6600,3070,3070,3260,2989,3195
2006-08-08,4500,3015,3100,3130,3018,3030
2006-08-09,15800,3000,3110,3180,3028,3180
2006-08-10,5100,3000,3100,3125,3018,3050
2006-08-11,15000,3060,3100,3140,3018,3060
2006-08-14,17700,3015,3090,3180,3009,3180
2006-08-16,9600,3020,3130,3175,3047,3175
2006-08-17,15100,3070,3190,3245,3106,3125
2006-08-18,22600,3135,3220,3300,3135,3300
2006-08-21,32700,3200,3500,3500,3408,3220
2006-08-22,19100,3375,3490,3500,3398,3460
2006-08-23,20100,3450,3495,3670,3403,3490
2006-08-24,5100,3405,3525,3600,3432,3405
2006-08-25,28900,3530,3610,3680,3515,3530
2006-08-28,39400,3570,3770,3840,3671,3570
2006-08-29,45000,3600,3620,3855,3525,3770
2006-08-30,11800,3540,3600,3670,3505,3650
2006-08-31,16200,3525,3615,3695,3520,3600
2006-09-01,24200,3600,3660,3700,3564,3615
2006-09-04,62200,3650,3725,3900,3627,3650
2006-09-05,34500,3760,3900,3975,3797,3975
2006-09-06,40600,3840,4000,4050,3895,3870
2006-09-07,21500,3860,3950,4040,3846,4040
2006-09-08,151500,3780,3780,4130,3680,3950
2006-09-11,25600,3650,3820,3820,3719,3750
2006-09-12,152000,3800,4000,4340,3895,3830
2006-09-13,54400,4060,4150,4300,4041,4170
2006-09-14,22400,4000,4020,4230,3914,4230
2006-09-15,48000,3825,3845,4170,3744,3965
2006-09-18,25100,3790,3915,4000,3812,3830
2006-09-19,15600,3950,4000,4095,3895,4000
2006-09-20,25400,3950,4120,4170,4012,3950
2006-09-21,241800,4125,4335,4560,4221,4190
2006-09-22,146800,4300,4450,4500,4333,4390
2006-09-25,57400,4315,4430,4650,4313,4495
2006-09-26,55800,4355,4400,4530,4284,4430
2006-09-27,37800,4005,4110,4425,4002,4400
2006-09-28,44200,4060,4070,4280,3963,4140
2006-09-29,26700,4000,4200,4260,4089,4005
2006-10-02,27600,4050,4165,4315,4055,4150
2006-10-04,13700,4060,4115,4250,4007,4165
2006-10-09,64300,3500,3515,4130,3422,4130
2006-10-10,39900,3400,3830,3920,3729,3400
2006-10-11,27400,3750,3800,3990,3700,3850
2006-10-12,30000,3740,3820,3950,3719,3740
2006-10-13,22100,3800,3830,3980,3729,3855
2006-10-16,33600,3835,3990,4040,3885,3835
2006-10-17,21000,3865,3975,4100,3870,4000
2006-10-18,3200,3875,3970,4110,3865,3950
2006-10-19,211300,3860,4150,4550,4041,3995
2006-10-20,31600,4000,4030,4240,3924,4150
2006-10-23,30300,4000,4040,4290,3934,4000
2006-10-24,36400,3950,4030,4195,3924,4040
2006-10-25,20000,3960,4040,4100,3934,3970
2006-10-26,10900,4000,4005,4095,3900,4095
2006-10-27,165400,4010,4300,4500,4187,4010
2006-10-30,308600,4410,4550,4880,4430,4480
2006-10-31,108300,4360,4580,4580,4459,4500
2006-11-01,73100,4555,4680,4780,4557,4640
2006-11-02,132600,4610,4680,4930,4557,4700
2006-11-03,108000,4460,4515,4750,4396,4650
2006-11-06,27400,4490,4550,4620,4430,4620
2006-11-07,61000,4400,4680,4690,4557,4470
2006-11-08,23800,4520,4630,4730,4508,4625
2006-11-09,32800,4525,4560,4730,4440,4630
2006-11-10,35700,4400,4570,4630,4450,4530
2006-11-13,36100,4475,4475,4620,4357,4620
2006-11-14,41100,4400,4440,4560,4323,4450
2006-11-15,37500,4400,4540,4575,4420,4400
2006-11-16,33100,4510,4605,4645,4484,4560
2006-11-17,246800,4610,4665,4890,4542,4610
2006-11-20,23200,4485,4500,4675,4382,4555
2006-11-21,28500,4370,4370,4550,4255,4550
2006-11-22,52500,4230,4370,4390,4255,4230
2006-11-23,27700,4270,4300,4450,4187,4330
2006-11-24,34900,4170,4200,4300,4089,4300
2006-11-27,18200,4150,4275,4375,4162,4150
2006-11-28,18600,4190,4330,4335,4216,4190
2006-11-29,18600,4260,4330,4420,4216,4420
2006-11-30,58000,4330,4585,4670,4464,4330
2006-12-01,109600,4700,4785,4970,4659,4710
2006-12-04,166900,4690,4710,4920,4586,4880
2006-12-05,64000,4530,4595,4815,4474,4815
2006-12-06,34100,4510,4530,4700,4411,4700
2006-12-07,34900,4435,4450,4630,4333,4630
2006-12-08,15400,4350,4500,4530,4382,4435
2006-12-11,35900,4415,4500,4620,4382,4565
2006-12-12,28600,4450,4545,4560,4425,4540
2006-12-13,55800,4410,4430,4700,4313,4465
2006-12-14,25700,4360,4450,4600,4333,4365
2006-12-15,46600,4400,4600,4600,4479,4450
2006-12-18,26200,4565,4590,4680,4469,4600
2006-12-19,33600,4475,4475,4580,4357,4550
2006-12-20,21800,4450,4535,4580,4416,4455
2006-12-21,66500,4450,4450,4650,4333,4555
2006-12-22,14400,4340,4350,4495,4235,4375
2006-12-26,17200,4285,4300,4420,4187,4285
2006-12-27,1700,4200,4300,4300,4187,4200
2006-12-28,13400,4235,4400,4405,4284,4235
2007-01-02,6100,4350,4445,4450,4328,4435
2007-01-03,22000,4350,4440,4445,4323,4445
2007-01-04,9800,4340,4340,4410,4226,4355
2007-01-05,20200,4160,4290,4400,4177,4400
2007-01-08,28500,4280,4310,4510,4197,4280
2007-01-09,8700,4210,4225,4350,4114,4350
2007-01-10,14800,4180,4190,4250,4080,4190
2007-01-11,14600,4170,4200,4300,4089,4190
2007-01-12,59000,4205,4300,4480,4187,4205
2007-01-15,17100,4390,4400,4510,4284,4490
2007-01-16,18200,4315,4430,4470,4313,4350
2007-01-17,24000,4370,4370,4495,4255,4450
2007-01-18,41000,4380,4490,4600,4372,4380
2007-01-19,58100,4450,4635,4645,4513,4500
2007-01-22,54100,4550,4660,4710,4537,4680
2007-01-23,50100,4500,4515,4765,4396,4725
2007-01-24,21800,4520,4535,4630,4416,4600
2007-01-25,22600,4500,4600,4605,4479,4600
2007-01-26,10800,4515,4530,4660,4411,4660
2007-01-29,14000,4450,4505,4600,4386,4600
2007-01-30,20600,4450,4500,4545,4382,4540
2007-01-31,19400,4500,4530,4575,4411,4510
2007-02-01,13700,4460,4530,4610,4411,4610
2007-02-02,15800,4540,4630,4630,4508,4590
2007-02-05,19000,4620,4630,4690,4508,4690
2007-02-06,59600,4585,4890,4980,4761,4585
2007-02-07,43500,4785,4965,5000,4834,5000
2007-02-08,616600,4965,5150,5600,5015,4965
2007-02-09,113100,4815,4870,5220,4742,5220
2007-02-12,98500,4775,5100,5230,4966,4775
2007-02-13,70700,4885,4915,5190,4786,5110
2007-02-14,57200,4815,4900,4980,4771,4920
2007-02-15,51500,4860,4900,4965,4771,4900
2007-02-16,37900,4880,4970,5100,4839,4880
2007-02-20,41700,4980,5130,5170,4995,4980
2007-02-21,109600,5060,5450,5450,5307,5100
2007-02-22,68700,5310,5440,5600,5297,5500
2007-02-23,127700,5330,5360,5750,5219,5530
2007-02-26,60600,5260,5530,5560,5385,5440
2007-02-27,42100,5370,5370,5590,5229,5590
2007-02-28,64400,4620,5180,5270,5044,5100
2007-03-05,85000,4920,5000,5310,4868,5100
2007-03-06,53300,4925,5330,5400,5190,4925
2007-03-07,16700,5260,5340,5390,5200,5350
2007-03-08,29200,5300,5330,5490,5190,5310
2007-03-09,30800,5260,5360,5410,5219,5380
2007-03-12,33000,5300,5370,5500,5229,5390
2007-03-13,21800,5270,5350,5400,5209,5400
2007-03-14,47300,5120,5560,5560,5414,5250
2007-03-15,51300,5250,5340,5700,5200,5560
2007-03-16,49000,5310,5350,5530,5209,5310
2007-03-19,59500,5350,5500,5640,5355,5370
2007-03-20,39800,5510,5550,5700,5404,5700
2007-03-21,101100,5510,5940,5960,5784,5600
2007-03-22,657700,5760,5990,6830,5832,6130
2007-03-23,190700,5990,6200,6410,6037,6070
2007-03-26,134200,6200,6320,6800,6154,6350
2007-03-27,116200,6290,6300,6510,6134,6400
2007-03-28,100300,5900,5950,6410,5794,6210
2007-03-29,40700,5870,6030,6120,5871,5870
2007-03-30,40100,6050,6180,6280,6018,6050
2007-04-02,62100,6180,6490,6490,6319,6180
2007-04-03,65000,6450,6630,6800,6456,6480
2007-04-04,55800,6450,6570,6700,6397,6650
2007-04-05,50500,6350,6430,6590,6261,6530
2007-04-06,37200,6200,6270,6500,6105,6430
2007-04-09,59300,6170,6490,6560,6319,6210
2007-04-10,38200,6400,6440,6580,6271,6420
2007-04-11,72200,6440,6640,6850,6465,6440
2007-04-12,53600,6400,6440,6710,6271,6550
2007-04-13,69000,6200,6440,6450,6271,6450
2007-04-16,19600,6310,6450,6640,6280,6310
2007-04-17,26100,6310,6320,6550,6154,6390
2007-04-18,53700,6040,6080,6310,5920,6210
2007-04-19,71500,5790,6050,6190,5891,6040
2007-04-20,31400,5930,6090,6170,5930,5930
2007-04-23,21500,6040,6060,6270,5901,6040
2007-04-24,45400,6060,6100,6300,5940,6070
2007-04-25,29300,6130,6250,6410,6086,6130
2007-04-26,46100,6140,6480,6500,6310,6420
2007-04-27,26600,6260,6270,6520,6105,6480
2007-04-30,51700,6120,6470,6570,6300,6270
2007-05-02,47900,6380,6470,6650,6300,6380
2007-05-03,43800,6350,6600,6620,6426,6540
2007-05-04,97800,6600,6780,6900,6602,6600
2007-05-07,75000,6800,7000,7250,6816,6980
2007-05-08,143800,6990,7210,7410,7021,7140
2007-05-09,147700,7230,7710,7770,7507,7350
2007-05-10,902900,6730,6860,8320,6680,7880
2007-05-11,113700,6600,6750,6990,6573,6900
2007-05-14,101400,6450,6600,6850,6426,6850
2007-05-15,55200,6380,6390,6640,6222,6500
2007-05-16,66700,6230,6550,6550,6378,6310
2007-05-17,71200,6620,6940,7040,6758,6620
2007-05-18,65900,7000,7080,7270,6894,7010
2007-05-21,49800,6800,6980,7100,6797,7080
2007-05-22,54600,6870,6970,7100,6787,7000
2007-05-23,45000,6920,7000,7180,6816,7070
2007-05-25,115100,6980,7410,7520,7215,6990
2007-05-28,225400,7600,8010,8320,7800,7680
2007-05-29,306700,8000,8450,8780,8228,8290
2007-05-30,84400,8040,8360,8550,8140,8470
2007-05-31,159700,8260,9350,9500,9104,8400
2007-06-01,171200,9000,9210,9910,8968,9450
2007-06-04,218500,8860,9250,9950,9007,9520
2007-06-05,86400,8970,9080,9320,8841,9300
2007-06-07,127600,8730,9180,9350,8939,9020
2007-06-08,111300,8820,9100,9100,8861,9020
2007-06-11,58900,8890,9030,9180,8793,9150
2007-06-12,184200,8620,9600,9700,9348,8910
2007-06-13,199200,9470,9800,10200,9543,9600
2007-06-14,73400,9710,9920,10050,9659,9950
2007-06-15,202100,9580,9600,10100,9348,10100
2007-06-18,112500,9210,9680,9950,9426,9570
2007-06-19,63500,9360,9390,9600,9143,9600
2007-06-20,95800,9150,9180,9520,8939,9390
2007-06-21,291700,9460,10200,10200,9932,9600
2007-06-22,660200,10150,11600,11700,11295,10400
2007-06-25,193800,10650,11300,11500,11003,11200
2007-06-26,160000,9930,10650,11650,10370,11350
2007-06-27,158600,9660,9760,10700,9504,10450
2007-06-28,111300,9700,9950,10250,9689,9810
2007-06-29,56500,9760,10100,10450,9835,10100
2007-07-02,61900,9700,9800,10400,9543,10250
2007-07-03,95900,9790,9920,10300,9659,9820
2007-07-04,92300,9790,10050,10250,9786,10150
2007-07-05,239400,10200,11350,11400,11052,10300
2007-07-06,156500,10850,11300,11750,11003,11200
2007-07-09,166100,11300,11950,11950,11636,11700
2007-07-10,41200,11600,11750,12000,11442,11950
2007-07-11,137000,11450,12300,12450,11977,11550
2007-07-12,99400,12100,12400,12500,12074,12300
2007-07-13,130700,12300,12600,13150,12269,12700
2007-07-16,183800,12000,12650,13300,12318,12600
2007-07-18,55800,12300,12300,12900,11977,12800
2007-07-19,83500,11750,12100,12550,11782,12200
2007-07-20,50600,11900,12000,12350,11685,12300
2007-07-23,66900,11700,11700,12200,11393,12050
2007-07-24,60800,11750,12000,12400,11685,11750
2007-07-25,90600,11650,11750,12400,11442,11850
2007-07-26,97600,11850,11950,12300,11636,11850
2007-07-27,125800,10550,11600,11850,11295,11800
2007-07-30,36300,11100,11300,11600,11003,11200
2007-07-31,67200,10900,10900,11600,10614,11300
2007-08-01,47700,10500,10850,11150,10565,10700
2007-08-02,38700,10400,10950,11200,10662,10900
2007-08-03,23600,10900,11050,11200,10760,11150
2007-08-06,30700,10700,11400,11450,11101,10950
2007-08-07,26600,11200,11350,11500,11052,11500
2007-08-08,53100,11300,11300,11800,11003,11600
2007-08-09,98600,10750,11500,11600,11198,11300
2007-08-10,40700,11000,11050,11500,10760,11400
2007-08-14,92800,9600,10050,10850,9786,10450
2007-08-16,214800,8550,8910,9500,8676,9200
2007-08-17,45700,8700,8950,9370,8715,8780
2007-08-20,47600,9100,9160,9470,8919,9200
2007-08-21,31100,9000,9250,9500,9007,9120
2007-08-22,29900,9010,9300,9350,9056,9250
2007-08-23,28900,9430,9860,10000,9601,9700
2007-08-24,22300,9400,9860,9860,9601,9860
2007-08-27,55800,9950,10100,10350,9835,10250
2007-08-28,27500,9900,10050,10300,9786,10300
2007-08-29,25100,9590,9790,9900,9533,9650
2007-08-30,31600,9900,10000,10600,9737,9900
2007-08-31,44800,9760,10200,10350,9932,10350
2007-09-03,46600,9780,9800,10350,9543,10200
2007-09-04,25200,8610,9780,9970,9523,9970
2007-09-05,26000,9410,9710,9990,9455,9410
2007-09-06,18900,9550,9760,9800,9504,9770
2007-09-07,29900,9650,9780,9890,9523,9880
2007-09-10,23100,9380,9600,9650,9348,9650
2007-09-11,32800,9670,9710,9970,9455,9700
2007-09-12,31700,9880,9910,10300,9650,10100
2007-09-13,101500,9910,10400,10900,10127,9910
2007-09-14,44100,10600,10800,11000,10516,10850
2007-09-17,91900,10950,11300,11550,11003,10950
2007-09-18,71600,11100,11750,12000,11442,11250
2007-09-19,145600,10800,11150,12200,10857,12200
2007-09-20,47100,10150,10300,11300,10030,10700
2007-09-21,60500,9860,10150,10350,9883,10100
2007-09-27,37400,9910,9910,10300,9650,10050
2007-09-28,18500,9910,10150,10200,9883,10000
2007-10-01,27200,9970,9970,10300,9708,10100
2007-10-02,213200,9900,10750,11100,10468,10050
2007-10-04,45200,10250,10600,10750,10322,10750
2007-10-05,50700,9950,9960,10500,9698,10500
2007-10-08,29600,9800,9900,10050,9640,9910
2007-10-09,71200,9330,9400,9800,9153,9710
2007-10-10,43500,9000,9500,9600,9250,9400
2007-10-11,15300,9230,9230,9630,8988,9480
2007-10-12,48800,9000,9200,9450,8958,9200
2007-10-15,146900,9110,9890,9890,9630,9210
2007-10-16,35100,9360,9590,9850,9338,9850
2007-10-17,27300,9070,9070,9680,8832,9550
2007-10-18,33200,8900,9050,9290,8812,9290
2007-10-19,16800,8900,9000,9260,8764,9260
2007-10-22,27900,8210,8400,8800,8179,8800
2007-10-23,17000,8300,8300,8640,8082,8440
2007-10-24,22400,8190,8220,8500,8004,8300
2007-10-25,19400,8000,8350,8360,8131,8150
2007-10-26,16000,8020,8380,8650,8160,8250
2007-10-29,18300,8240,8650,8990,8423,8580
2007-10-30,8900,8360,8530,8800,8306,8800
2007-10-31,22300,8200,8230,8880,8014,8880
2007-11-01,7900,8240,8370,8490,8150,8240
2007-11-02,30800,7970,7980,8580,7770,8000
2007-11-05,28900,7570,7820,8190,7615,8190
2007-11-06,33600,7300,7450,7800,7254,7530
2007-11-07,11500,7350,7450,7600,7254,7350
2007-11-08,45900,6800,6800,7390,6621,7300
2007-11-09,67200,6910,7820,7820,7615,7000
2007-11-12,71000,7650,7880,8480,7673,7770
2007-11-13,15800,7650,7870,8140,7663,8140
2007-11-14,7900,7700,7790,8280,7585,8280
2007-11-15,84700,7530,7840,7900,7634,7530
2007-11-16,12700,7450,7830,7990,7624,7760
2007-11-19,9100,7560,7700,8000,7498,7790
2007-11-20,23700,7400,7700,7980,7498,7980
2007-11-21,9800,7200,7470,7980,7274,7600
2007-11-22,4900,7120,7400,7500,7206,7390
2007-11-23,34400,6800,7440,7490,7244,7400
2007-11-26,16500,7050,7500,7670,7303,7300
2007-11-27,14700,7110,7390,7440,7196,7400
2007-11-28,26400,7210,7830,7830,7624,7490
2007-11-29,10600,7520,7890,8050,7683,7830
2007-11-30,13600,7700,7890,8000,7683,7890
2007-12-03,9200,7700,7700,8000,7498,7710
2007-12-04,10600,7650,7730,7880,7527,7700
2007-12-05,13500,7400,7700,7700,7498,7700
2007-12-06,6900,7490,7680,7750,7478,7750
2007-12-07,11400,7420,7490,7730,7293,7730
2007-12-10,7400,7150,7500,7630,7303,7530
2007-12-11,20500,7340,7550,7750,7352,7650
2007-12-12,8800,7230,7330,7450,7137,7230
2007-12-13,7600,7230,7370,7390,7176,7260
2007-12-14,16300,7000,7330,7640,7137,7370
2007-12-17,2500,6900,6900,7330,6719,7300
2007-12-18,24300,6400,6980,6990,6797,6640
2007-12-20,6000,6850,6850,7100,6670,7100
2007-12-21,12500,6800,7160,7190,6972,6800
2007-12-24,28300,6500,6990,7300,6806,7300
2007-12-26,11100,7000,7080,7200,6894,7000
2007-12-27,5600,6910,7080,7400,6894,7000
2007-12-28,12878,6830,7300,7300,7108,6990
2008-01-02,7913,7160,7200,7400,7011,7200
2008-01-03,15345,6900,7050,7380,6865,7190
2008-01-04,5105,6900,7000,7170,6816,7170
2008-01-07,11631,6990,7100,7300,6913,6990
2008-01-08,10175,6920,7150,7280,6962,7000
2008-01-09,3739,7100,7280,7300,7089,7300
2008-01-10,4542,7100,7290,7290,7098,7100
2008-01-11,6288,7000,7200,7300,7011,7300
2008-01-14,57358,6810,7170,7200,6982,7200
2008-01-15,10670,6900,7150,7170,6962,7170
2008-01-16,5232,6940,7010,7100,6826,7100
2008-01-17,12916,6910,7010,7120,6826,7000
2008-01-18,4091,6920,7040,7110,6855,7110
2008-01-21,5658,6800,7000,7100,6816,7100
2008-01-22,18409,5960,6690,6850,6514,6800
2008-01-23,1642,6600,6700,6960,6524,6960
2008-01-24,6041,6310,6660,6890,6485,6890
2008-01-25,9143,6590,6730,6800,6553,6660
2008-01-28,4405,6430,6680,6850,6504,6850
2008-01-29,2433,6610,6740,6880,6563,6610
2008-01-30,2709,6470,6550,6840,6378,6840
2008-01-31,3429,6020,6500,6800,6329,6800
2008-02-01,8293,6350,6500,6600,6329,6420
2008-02-04,11944,6380,6580,6580,6407,6460
2008-02-05,5951,6460,6600,6640,6426,6600
2008-02-11,2487,6440,6610,7320,6436,6440
2008-02-12,18987,6540,6640,7120,6465,6610
2008-02-13,8581,6460,6590,6870,6417,6680
2008-02-14,4741,6550,6850,6890,6670,6550
2008-02-15,7577,6700,6950,6970,6767,6830
2008-02-18,10800,6500,6840,6890,6660,6890
2008-02-19,4828,6560,6770,6900,6592,6900
2008-02-20,12120,6750,7100,7400,6913,6800
2008-02-21,13959,7000,7100,7320,6913,7020
2008-02-22,10159,7000,7090,7250,6904,7050
2008-02-25,6798,6870,7250,7490,7059,7490
2008-02-26,9971,7200,7400,7430,7206,7200
2008-02-27,137071,7100,7800,7900,7595,7310
2008-02-28,60470,7720,8500,8700,8277,7720
2008-02-29,28498,8220,8550,8650,8325,8500
2008-03-03,16017,8230,8690,8840,8462,8500
2008-03-04,61983,8550,8780,9300,8549,9000
2008-03-05,15145,8400,8560,8760,8335,8760
2008-03-06,25308,8220,8790,8930,8559,8560
2008-03-07,13993,8490,8650,8750,8423,8530
2008-03-10,8358,8410,8590,8700,8364,8450
2008-03-11,17716,8050,8440,8570,8218,8570
2008-03-12,81007,8520,8690,9090,8462,8590
2008-03-13,17890,8200,8600,8820,8374,8590
2008-03-14,24556,8450,8580,8950,8355,8600
2008-03-17,19805,8330,8580,8800,8355,8350
2008-03-18,8208,8470,8700,8750,8471,8660
2008-03-19,10249,8600,8750,8930,8520,8930
2008-03-20,7054,8460,8480,8700,8257,8550
2008-03-21,9844,8440,8600,8640,8374,8640
2008-03-24,6342,8500,8700,8750,8471,8600
2008-03-25,6214,8700,8810,8940,8579,8940
2008-03-26,40173,8750,9140,9450,8900,8950
2008-03-27,24832,9080,9220,9270,8978,9140
2008-03-28,27297,9220,9680,9700,9426,9230
2008-03-31,17656,9400,9520,9800,9270,9670
2008-04-01,11885,9350,9560,9630,9309,9420
2008-04-02,52434,9500,9710,9770,9455,9690
2008-04-03,10316,9420,9580,9700,9328,9700
2008-04-04,23685,9350,9590,9640,9338,9450
2008-04-07,28009,9550,9650,9850,9397,9610
2008-04-08,19711,9350,9600,9650,9348,9650
2008-04-10,14902,9160,9290,9590,9046,9590
2008-04-11,49029,8970,8970,9290,8734,9200
2008-04-14,11356,8540,8690,8960,8462,8740
2008-04-15,12675,8490,8590,8700,8364,8700
2008-04-16,30660,8170,8570,8580,8345,8580
2008-04-17,11667,8500,8880,8890,8647,8570
2008-04-18,8006,8600,8960,9000,8725,9000
2008-04-21,11265,8710,8910,9020,8676,8710
2008-04-22,9944,8700,8880,8890,8647,8890
2008-04-23,10841,8710,8800,8900,8569,8880
2008-04-24,9742,8650,8740,8830,8510,8680
2008-04-25,30017,8440,8730,8760,8501,8650
2008-04-28,18897,8550,8710,8730,8481,8730
2008-04-29,25354,8540,8710,8800,8481,8800
2008-04-30,11113,8700,8890,8930,8656,8710
2008-05-02,36758,8900,9250,9320,9007,8950
2008-05-06,13383,9100,9180,9290,8939,9290
2008-05-07,19308,9100,9280,9280,9036,9150
2008-05-08,10713,9100,9330,9330,9085,9240
2008-05-09,38282,9320,9650,9750,9397,9400
2008-05-13,43642,9230,9770,9930,9513,9670
2008-05-14,20975,9250,9550,9800,9299,9800
2008-05-15,54358,9150,9290,9550,9046,9550
2008-05-16,19558,8900,9120,9330,8880,9330
2008-05-19,33708,8800,9470,9470,9221,9180
2008-05-20,13172,9410,9570,9670,9319,9460
2008-05-21,6876,9420,9510,9570,9260,9570
2008-05-22,5141,9240,9390,9490,9143,9490
2008-05-23,12871,9260,9370,9470,9124,9300
2008-05-26,5076,9090,9160,9370,8919,9370
2008-05-27,14643,8920,9220,9220,8978,9000
2008-05-28,8885,9010,9290,9290,9046,9290
2008-05-29,27948,9110,9960,9960,9698,9290
2008-05-30,38889,9520,9960,9960,9698,9900
2008-06-02,18290,9900,9990,10400,9728,10200
2008-06-03,12284,9640,9650,10000,9397,10000
2008-06-04,7254,9520,9700,9790,9445,9650
2008-06-05,6269,9470,9600,9730,9348,9600
2008-06-09,7897,9100,9100,9350,8861,9250
2008-06-10,21940,8850,8900,9230,8666,9230
2008-06-11,13880,8700,8890,8890,8656,8800
2008-06-12,9470,8000,8750,8990,8520,8750
2008-06-13,9305,8520,8940,9100,8705,8800
2008-06-16,5923,8680,8750,8990,8520,8990
2008-06-17,3840,8520,8680,8750,8452,8750
2008-06-18,6614,8500,8600,8660,8374,8560
2008-06-19,7445,8220,8510,8600,8286,8450
2008-06-20,9266,8290,8550,8610,8325,8610
2008-06-23,13090,8160,8470,8540,8247,8330
2008-06-24,10073,8200,8520,8530,8296,8470
2008-06-25,5463,8400,8650,8650,8423,8400
2008-06-26,21324,8610,9030,9180,8793,8850
2008-06-27,5955,8690,9000,9000,8764,8890
2008-06-30,12734,8810,9060,9060,8822,9000
2008-07-01,9752,8860,8990,9090,8754,8910
2008-07-02,10986,8720,9040,9090,8803,9050
2008-07-03,26141,8320,8990,8990,8754,8650
2008-07-04,20737,8600,9080,9120,8841,9120
2008-07-07,127454,8800,9050,9140,8812,8800
2008-07-08,13262,8710,8980,9040,8744,8870
2008-07-09,5567,8850,8850,9090,8618,8950
2008-07-10,7878,8650,8840,9060,8608,8800
2008-07-11,13524,8550,8550,9030,8325,8760
2008-07-14,5098,8200,8550,8680,8325,8680
2008-07-15,3028,8250,8330,8590,8111,8550
2008-07-16,9899,8200,8260,8500,8043,8200
2008-07-17,11467,8270,8660,8850,8433,8400
2008-07-18,7913,8500,8740,9000,8510,9000
2008-07-21,41713,8630,8780,8830,8549,8830
2008-07-22,5817,8530,8780,8900,8549,8900
2008-07-23,13487,8610,8800,8800,8569,8700
2008-07-24,22001,8650,8890,8890,8656,8800
2008-07-25,10285,8610,8850,8890,8618,8610
2008-07-28,8122,8650,8790,8900,8559,8900
2008-07-29,9300,8450,8700,8700,8471,8700
2008-07-30,8600,8500,8600,8800,8374,8800
2008-07-31,15800,8370,8690,8690,8462,8650
2008-08-01,10300,8500,8600,8690,8374,8690
2008-08-04,26200,7460,8210,8600,7994,8500
2008-08-05,17000,7800,8130,8230,7916,8100
2008-08-06,8600,8050,8130,8400,7916,8200
2008-08-07,8900,7860,8000,8220,7790,7860
2008-08-08,6900,7800,7990,8100,7780,8100
2008-08-11,7000,7800,7970,8070,7761,8070
2008-08-12,7600,7770,8020,8080,7809,8080
2008-08-13,1400,7920,8070,8080,7858,8050
2008-08-14,2200,7900,8140,8150,7926,8070
2008-08-18,2464,7840,8130,8170,7916,8170
2008-08-19,5400,7820,8060,8120,7848,8000
2008-08-20,8987,7800,7890,8000,7683,8000
2008-08-21,58885,6800,7750,7890,7546,7760
2008-08-22,7280,7400,7640,7720,7439,7630
2008-08-25,11548,7220,7400,7600,7206,7600
2008-08-26,15054,6800,6800,7490,6621,7490
2008-08-27,21521,6440,6520,6790,6349,6670
2008-08-28,22767,6260,6350,6970,6183,6970
2008-08-29,23726,6170,6380,6460,6212,6170
2008-09-01,12915,5870,6100,6290,5940,6010
2008-09-02,5153,5820,6000,6230,5842,5820
2008-09-03,15255,5900,6050,6070,5891,5900
2008-09-04,20237,5970,6240,6680,6076,6050
2008-09-05,6006,6030,6290,6290,6125,6270
2008-09-08,11926,6300,6730,6830,6553,6490
2008-09-09,17272,6650,6750,6940,6573,6760
2008-09-10,7743,6570,6740,6790,6563,6790
2008-09-11,6442,6440,6910,6910,6728,6790
2008-09-12,43564,7100,7340,7500,7147,7290
2008-09-16,14389,6280,7130,7260,6943,6280
2008-09-17,87052,7200,8180,8190,7965,7450
2008-09-18,17412,7620,8160,8190,7946,8070
2008-09-19,21934,7870,8020,8160,7809,8150
2008-09-22,8893,7680,8000,8190,7790,8190
2008-09-23,14812,7750,7970,7990,7761,7950
2008-09-24,17236,7820,7980,8130,7770,8000
2008-09-25,3267,7600,7600,7980,7400,7980
2008-09-26,5511,7250,7660,7700,7459,7700
2008-09-29,32445,7510,7710,7810,7507,7810
2008-09-30,24074,6660,7310,7590,7118,7590
2008-10-01,4613,7400,7470,7690,7274,7460
2008-10-02,4285,7170,7230,7470,7040,7470
2008-10-06,6537,6520,6900,7200,6719,7200
2008-10-07,3208,6510,6710,6900,6534,6670
2008-10-08,1829,6100,6450,6640,6280,6630
2008-10-09,12146,6120,6350,6400,6183,6120
2008-10-10,29672,5520,6290,6350,6125,5900
2008-10-13,3803,6140,6530,6900,6358,6290
2008-10-14,2132,6530,6680,6990,6504,6530
2008-10-15,270,5710,6690,6790,6514,5710
2008-10-16,1528,6100,6400,6590,6232,6590
2008-10-17,2356,6010,6050,6980,5891,6370
2008-10-20,5880,5810,6050,6260,5891,6020
2008-10-21,12235,5610,6080,6700,5920,6050
2008-10-22,5361,5650,5880,6180,5725,6100
2008-10-23,27997,5000,5000,5330,4868,5200
2008-10-24,36092,4250,4250,4430,4138,4430
2008-10-27,55551,3615,3615,3885,3520,3615
2008-10-28,87093,3075,3390,3500,3301,3075
2008-10-29,49423,2885,3100,3810,3018,3810
2008-10-30,40792,3050,3565,3565,3471,3150
2008-10-31,22886,3325,3470,3600,3379,3325
2008-11-03,19474,3500,3895,3900,3792,3545
2008-11-04,31202,3825,3900,4095,3797,3860
2008-11-05,67039,3930,3985,4245,3880,4080
2008-11-06,547715,3560,3560,4580,3466,3790
2008-11-07,143960,3100,3650,3650,3554,3300
2008-11-10,106532,3450,3500,3810,3408,3670
2008-11-11,39989,3335,3495,3570,3403,3440
2008-11-12,65097,3360,3500,3695,3408,3450
2008-11-13,33620,3200,3390,3435,3301,3300
2008-11-14,31232,3430,3500,3730,3408,3605
2008-11-17,29452,3425,3470,3675,3379,3425
2008-11-18,17982,3310,3435,3545,3344,3460
2008-11-19,40644,3125,3320,3435,3232,3435
2008-11-20,20886,2950,3080,3150,2999,3000
2008-11-21,86306,2950,3000,3080,2921,3000
2008-11-24,115573,2580,2580,3115,2512,3010
2008-11-25,120307,2350,2450,2800,2385,2700
2008-11-26,103728,2430,2430,2570,2366,2465
2008-11-27,89553,2425,2430,2545,2366,2485
2008-11-28,79748,2440,2600,2670,2531,2460
2008-12-01,110175,2550,2550,2750,2483,2645
2008-12-02,109523,2320,2500,2550,2434,2410
2008-12-03,94768,2420,2480,2650,2414,2575
2008-12-04,50430,2410,2480,2575,2414,2495
2008-12-05,60446,2425,2500,2545,2434,2430
2008-12-08,173980,2540,2650,2780,2580,2540
2008-12-09,108394,2525,2535,2700,2468,2660
2008-12-10,146090,2525,2560,2615,2492,2530
2008-12-11,387070,2565,2940,2940,2862,2610
2008-12-12,607632,3115,3380,3380,3291,3175
2008-12-15,421470,3385,3400,3685,3310,3635
2008-12-16,227530,3250,3300,3405,3213,3390
2008-12-17,438593,3280,3795,3795,3695,3410
2008-12-18,438769,3685,3685,4230,3588,3840
2008-12-19,129365,3520,3680,3750,3583,3685
2008-12-22,175966,3680,3730,4030,3632,3755
2008-12-23,82956,3600,3660,3800,3564,3700
2008-12-24,83003,3610,3855,3900,3753,3695
2008-12-26,68423,3730,3815,3960,3715,3860
2008-12-29,51674,3600,3640,3840,3640,3815
2008-12-30,53546,3700,3830,3890,3830,3700
2009-01-02,63180,3815,3930,4050,3930,3910
2009-01-05,66729,3835,3915,4040,3915,4040
2009-01-06,63529,3900,3950,4050,3950,4030
2009-01-07,282566,4000,4540,4540,4540,4060
2009-01-08,180250,4400,4510,4690,4510,4600
2009-01-09,90517,4500,4570,4750,4570,4550
2009-01-12,80594,4150,4480,4650,4480,4530
2009-01-13,58412,4310,4580,4580,4580,4440
2009-01-14,82073,4415,4430,4650,4430,4635
2009-01-15,84790,3910,3920,4315,3920,4305
2009-01-16,98494,3950,4050,4220,4050,4000
2009-01-19,76791,4050,4195,4250,4195,4130
2009-01-20,48424,3980,4050,4290,4050,4110
2009-01-21,73233,3700,3750,3900,3750,3810
2009-01-22,82343,3640,3715,4000,3715,3850
2009-01-23,94344,3430,3480,3710,3480,3660
2009-01-28,100508,3485,3570,3620,3570,3560
2009-01-29,74954,3570,3620,3745,3620,3600
2009-01-30,62984,3540,3755,3775,3755,3610
2009-02-02,50120,3700,3760,3785,3760,3725
2009-02-03,223607,3820,3900,4150,3900,3820
2009-02-04,589493,3950,4485,4485,4485,3950
2009-02-05,704093,4300,4420,4690,4420,4520
2009-02-06,191902,4355,4460,4635,4460,4495
2009-02-09,122102,4275,4275,4630,4275,4500
2009-02-10,96590,4120,4170,4330,4170,4275
2009-02-11,78742,4040,4210,4315,4210,4040
2009-02-12,56505,4200,4320,4325,4320,4225
2009-02-13,81593,4285,4350,4455,4350,4400
2009-02-16,97054,4185,4240,4515,4240,4355
2009-02-17,82550,3875,3935,4250,3935,4250
2009-02-18,62119,3505,4010,4030,4010,3850
2009-02-19,90676,4000,4120,4300,4120,4000
2009-02-20,98130,3675,3765,4200,3765,4100
2009-02-23,119675,3850,4045,4220,4045,4200
2009-02-24,150262,3890,3995,4200,3995,4100
2009-02-25,703435,4050,4500,4590,4500,4075
2009-02-26,334428,3830,4010,4580,4010,4500
2009-02-27,121788,3820,3960,4100,3960,4000
2009-03-02,82502,3685,3685,3890,3685,3800
2009-03-03,68263,3330,3620,3740,3620,3330
2009-03-04,52205,3570,3870,3870,3870,3570
2009-03-05,285850,3910,4120,4370,4120,3990
2009-03-06,88417,3960,4100,4200,4100,4000
2009-03-09,80771,4075,4155,4210,4155,4150
2009-03-10,161097,4065,4200,4335,4200,4190
2009-03-11,144938,4070,4070,4370,4070,4265
2009-03-12,125712,4050,4150,4340,4150,4100
2009-03-13,278306,4195,4200,4525,4200,4255
2009-03-16,779622,4405,4830,4830,4830,4450
2009-03-17,515868,4800,4900,5090,4900,5000
2009-03-18,373222,4960,5030,5310,5030,5020
2009-03-19,169150,4800,4870,5120,4870,5090
2009-03-20,199736,4750,4760,5070,4760,4880
2009-03-23,13739,4780,4790,4920,4790,4800
2009-03-24,169967,5030,5030,5350,5030,5270
2009-03-25,92635,4955,4970,5140,4970,5070
2009-03-26,311928,4900,5360,5670,5360,5040
2009-03-27,338543,5270,5460,5760,5460,5380
2009-03-30,435559,5470,5660,6000,5660,5600
2009-03-31,289813,5630,5630,5840,5630,5800
2009-04-01,147582,5510,5640,5720,5640,5650
2009-04-02,530477,5900,6480,6480,6480,5900
2009-04-03,941916,6710,6910,7370,6910,7290
2009-04-06,310096,6880,6980,7300,6980,7090
2009-04-07,417516,6750,7500,7870,7500,6900
2009-04-08,202187,7230,7380,7570,7380,7250
2009-04-09,196307,7380,7470,7650,7470,7500
2009-04-10,193487,7220,7250,7770,7250,7770
2009-04-13,277328,6900,7150,7340,7150,7300
2009-04-14,432833,6910,7470,7950,7470,7200
2009-04-15,201990,7100,7460,7790,7460,7300
2009-04-16,502206,7550,8100,8560,8100,7690
2009-04-17,226176,7300,7680,8190,7680,8190
2009-04-20,107698,7400,7600,7850,7600,7850
2009-04-21,90746,7280,7400,7540,7400,7280
2009-04-22,57420,8510,8510,8510,8510,8510
2009-04-23,26802,9780,9780,9780,9780,9780
2009-04-24,2229924,9900,10600,11150,10600,10150
2009-04-27,1611958,10050,10450,11750,10450,10600
2009-04-28,547775,8900,8900,10450,8900,10450
2009-04-29,1144550,8600,10200,10200,10200,9060
2009-04-30,710324,9950,10250,11050,10250,10300
2009-05-04,478768,9980,10500,10650,10500,10300
2009-05-06,324069,9970,10000,10600,10000,10550
2009-05-07,1629772,9700,11200,11500,11200,10250
2009-05-08,1242003,10750,12000,12100,12000,10850
2009-05-11,1949704,12000,12900,13650,12900,12350
2009-05-12,2276973,11000,11000,13400,11000,12400
2009-05-13,2129453,10000,10500,11750,10500,11100
2009-05-14,2169717,10300,11200,11300,11200,10400
2009-05-15,1053774,10550,10600,11450,10600,11450
2009-05-18,1633906,10600,12150,12150,12150,11050
2009-05-19,2689126,11900,12900,13850,12900,12400
2009-05-20,1233295,12100,13200,13450,13200,12900
2009-05-21,647239,12300,12600,13250,12600,13050
2009-05-22,1897800,12250,12300,13900,12300,13050
2009-05-25,1061464,10500,11300,12550,11300,11950
2009-05-26,3098168,11250,12950,12950,12950,11500
2009-05-27,1674519,11250,11600,13650,11600,13400
2009-05-28,880474,10250,11300,11600,11300,11400
2009-05-29,502537,10850,11250,11500,11250,11400
2009-06-01,931683,11500,12150,12300,12150,11800
2009-06-02,747062,11350,12200,12500,12200,12250
2009-06-03,1880760,12200,12500,13300,12500,12400
2009-06-04,1543301,12350,13050,13450,13050,12800
2009-06-05,3032733,13850,15000,15000,15000,13900
2009-06-08,4833901,15050,15900,17050,15900,15800
2009-06-09,3541056,14650,15700,16750,15700,16450
2009-06-10,2558165,14200,15000,16200,15000,15600
2009-06-11,1914257,14600,15500,15800,15500,15100
2009-06-12,3678402,14850,17650,17800,17650,15400
2009-06-15,4436371,17100,17500,18750,17500,17550
2009-06-16,2806811,15450,15450,18000,15450,17500
2009-06-17,3065292,14600,15450,16250,15450,15400
2009-06-18,1143113,15150,15500,16000,15500,15600
2009-06-19,1130105,13900,14050,15600,14050,15500
2009-06-22,1034107,13100,13500,14200,13500,13900
2009-06-23,1624222,11650,12100,13350,12100,13100
2009-06-24,1808039,11350,12250,12600,12250,12250
2009-06-25,1849283,12050,12600,13300,12600,12200
2009-06-26,1053186,12200,12200,13300,12200,12750
2009-06-29,830197,10900,11000,12350,11000,12200
2009-06-30,1324202,10150,10900,11750,10900,11300
2009-07-01,769069,10800,11350,11450,11350,10950
2009-07-02,1706244,11150,11900,12450,11900,11400
2009-07-03,635959,11400,12150,12150,12150,11550
2009-07-06,1011287,11950,12250,12750,12250,12150
2009-07-07,657031,12150,12350,12600,12350,12450
2009-07-08,985097,12000,12450,12800,12450,12200
2009-07-09,449370,12000,12100,12750,12100,12550
2009-07-10,638912,13400,13900,13900,13900,13500
2009-07-13,5241977,13200,13200,15650,13200,15300
2009-07-14,2003970,12300,12500,13550,12500,13500
2009-07-15,3278131,12600,13100,14050,13100,12700
2009-07-16,1036176,12050,12250,13600,12250,13150
2009-07-17,939441,12050,12650,12850,12650,12400
2009-07-20,980955,12600,12800,13400,12800,12650
2009-07-21,660477,12800,12950,13600,12950,13100
2009-07-22,1959531,13400,13600,14300,13600,13450
2009-07-23,441944,13100,13600,13600,13600,13500
2009-07-24,907807,13650,13650,14300,13650,13900
2009-07-27,403006,13350,13450,13850,13450,13650
2009-07-28,396122,12950,13250,13500,13250,13450
2009-07-29,664596,13200,13650,13950,13650,13400
2009-07-30,482124,13450,13600,14000,13600,13550
2009-07-31,953844,13500,13550,14300,13550,13800
2009-08-03,308467,13050,13300,13700,13300,13550
2009-08-04,441566,13300,13300,13900,13300,13400
2009-08-05,179419,13300,13400,13700,13400,13450
2009-08-06,554095,13350,13800,14000,13800,13500
2009-08-07,1755021,13750,14650,15050,14650,13850
2009-08-10,446153,14300,14350,14850,14350,14850
2009-08-11,477044,14300,14550,14800,14550,14350
2009-08-12,689327,14050,15150,15150,15150,14350
2009-08-13,1658289,14350,14900,15500,14900,15150
2009-08-14,2195051,14750,14750,16250,14750,15350
2009-08-17,519813,14250,14550,14900,14550,14700
2009-08-18,564879,13850,14250,14650,14250,14250
2009-08-19,466087,13500,13550,14500,13550,14350
2009-08-20,1243502,13200,13300,14300,13300,13750
2009-08-21,640551,12500,12700,13700,12700,13450
2009-08-24,648174,12200,13000,13050,13000,13050
2009-08-25,294295,12600,12950,13250,12950,12750
2009-08-26,265378,13000,13200,13500,13200,13150
2009-08-27,252922,12750,12750,13400,12750,13300
2009-08-28,332814,12800,13300,13300,13300,12800
2009-08-31,479371,12650,12650,13600,12650,13450
2009-09-01,223351,12350,12650,12800,12650,12600
2009-09-02,294794,12050,12050,12600,12050,12450
2009-09-03,497166,11900,12600,12700,12600,11950
2009-09-04,226052,12250,12500,12750,12500,12600
2009-09-07,595102,12450,13150,13300,13150,12650
2009-09-08,234233,12750,13050,13250,13050,13250
2009-09-09,327860,12200,12450,13000,12450,13000
2009-09-10,290274,12300,12300,12900,12300,12500
2009-09-11,1458019,12500,13800,14000,13800,12500
2009-09-14,828986,13500,14050,14350,14050,13850
2009-09-15,3586759,14000,14050,15650,14050,14500
2009-09-16,3493074,14050,14500,15450,14500,14350
2009-09-17,1398915,13400,13500,15050,13500,14750
2009-09-18,535928,13250,13500,13850,13500,13450
2009-09-21,527057,12750,13000,13600,13000,13300
2009-09-22,1732200,12950,13800,14350,13800,13000
2009-09-23,593254,13550,14400,14500,14400,13950
2009-09-24,511180,13200,13450,14200,13450,14200
2009-09-25,359992,13150,13350,13850,13350,13300
2009-09-28,303233,12650,12650,13600,12650,13300
2009-09-29,239883,12350,12500,12950,12500,12800
2009-09-30,317023,12350,12550,13100,12550,12500
2009-10-01,765538,12000,13200,13450,13200,12800
2009-10-05,1231166,12700,12750,13900,12750,12900
2009-10-06,1600607,12950,13050,14150,13050,13400
2009-10-07,1305917,12700,12900,13850,12900,13400
2009-10-08,413044,12500,12700,13150,12700,13000
2009-10-09,556779,12600,12750,13250,12750,12700
2009-10-12,333393,12300,12550,13000,12550,12950
2009-10-13,659161,12500,12950,13250,12950,12650
2009-10-14,1383887,13100,13350,14050,13350,13550
2009-10-15,345396,12850,12850,13500,12850,13450
2009-10-16,235626,12600,12600,12950,12600,12900
2009-10-19,274520,12600,12700,13100,12700,12750
2009-10-20,235972,12450,12650,12800,12650,12650
2009-10-21,206522,12400,12650,12700,12650,12550
2009-10-22,169628,12400,12500,12800,12500,12550
2009-10-23,195125,12450,12550,12750,12550,12600
2009-10-26,161019,12200,12250,12550,12250,12550
2009-10-27,369552,11550,11650,12250,11650,12150
2009-10-28,2595938,11800,11800,13150,11800,12200
2009-10-29,418855,11300,11400,12000,11400,11950
2009-10-30,225019,11350,11350,11750,11350,11600
2009-11-02,315641,10600,10700,11000,10700,10600
2009-11-03,325228,10650,10650,11150,10650,10800
2009-11-04,402670,10750,11300,11450,11300,10850
2009-11-05,292361,10800,10800,11500,10800,11450
2009-11-06,352846,10800,10850,11600,10850,11550
2009-11-09,156379,10800,11000,11100,11000,10850
2009-11-10,214322,10700,10750,11250,10750,11200
2009-11-11,179949,10650,10900,11050,10900,10800
2009-11-12,116401,10600,10650,10900,10650,10900
2009-11-13,347961,10200,10400,10800,10400,10700
2009-11-16,295301,10350,10450,10850,10450,10750
2009-11-17,287073,10200,10400,10850,10400,10200
2009-11-18,295798,9780,9780,10500,9780,10400
2009-11-19,277576,9460,9500,10050,9500,9790
2009-11-20,315546,9100,9330,9520,9330,9460
2009-11-23,257772,9310,9600,9640,9600,9440
2009-11-24,132505,9330,9360,9730,9360,9730
2009-11-25,115533,9310,9500,9730,9500,9430
2009-11-26,129870,9460,9460,9800,9460,9630
2009-11-27,209238,8700,8710,9360,8710,9360
2009-11-30,143740,8820,8820,9000,8820,8980
2009-12-01,245200,8670,9170,9250,9170,8670
2009-12-02,154560,9110,9280,9490,9280,9220
2009-12-03,392712,9400,9650,10050,9650,9400
2009-12-04,113181,9520,9670,9780,9670,9650
2009-12-07,76170,9600,9650,9790,9650,9750
2009-12-08,97271,9600,9780,9830,9780,9750
2009-12-09,98079,9560,9770,9790,9770,9750
2009-12-10,331534,9900,10200,10250,10200,9900
2009-12-11,308074,10150,10550,10550,10550,10250
2009-12-14,204696,10400,10450,10800,10450,10800
2009-12-15,152489,10300,10400,10550,10400,10550
2009-12-16,352473,10000,10250,10550,10250,10400
2009-12-17,282565,10200,10350,10800,10350,10350
2009-12-18,105863,10100,10350,10450,10350,10350
2009-12-21,283948,10050,10250,10550,10250,10400
2009-12-22,241907,9980,9990,10550,9990,10300
2009-12-23,247409,9670,9690,10200,9690,10050
2009-12-24,114038,9650,9740,9910,9740,9700
2009-12-28,181443,9240,9310,9900,9310,9900
2009-12-29,87116,9050,9190,9390,9190,9340
2009-12-30,116412,9200,9490,9530,9490,9200
2010-01-04,219084,9460,9980,10000,9980,9500
2010-01-05,179110,9800,9900,10050,9900,10050
2010-01-06,300854,9700,10300,10300,10300,9930
2010-01-07,346852,9960,9970,10600,9970,10500
2010-01-08,203872,9970,10300,10300,10300,10000
2010-01-11,476549,10500,10550,11000,10550,10600
2010-01-12,784399,10100,11050,11350,11050,10500
2010-01-13,398407,10800,11050,11250,11050,11050
2010-01-14,1632606,10950,12350,12600,12350,11200
2010-01-15,1690636,12200,13550,13600,13550,12600
2010-01-18,996170,13000,13300,13750,13300,13350
2010-01-19,761580,12450,13000,13600,13000,13600
2010-01-20,986634,11650,11800,13100,11800,13000
2010-01-21,828346,11550,11600,12300,11600,11900
2010-01-22,628325,11400,12400,12400,12400,11500
2010-01-25,2129577,11000,11400,13650,11400,13300
2010-01-26,505888,10550,10650,11900,10650,11800
2010-01-27,293232,10350,10800,11000,10800,10750
2010-01-28,258948,10450,10700,11000,10700,10850
2010-01-29,280579,9620,9730,10450,9730,10300
2010-02-01,135253,9550,10200,10250,10200,9740
2010-02-02,184699,9960,9980,10400,9980,10350
2010-02-03,371051,10050,10750,10950,10750,10150
2010-02-04,121251,10400,10600,10750,10600,10750
2010-02-05,216887,9850,9950,10100,9950,9870
2010-02-08,131249,9500,9500,10100,9500,10100
2010-02-09,72130,9450,9790,9790,9790,9500
2010-02-10,170677,9830,10100,10500,10100,9830
2010-02-11,75389,10000,10000,10250,10000,10100
2010-02-12,122610,9900,10100,10400,10100,10150
2010-02-16,116274,10000,10350,10450,10350,10000
2010-02-17,337894,10350,10650,11000,10650,10500
2010-02-18,113007,10350,10350,10750,10350,10550
2010-02-19,214317,9880,9880,10450,9880,10250
2010-02-22,92975,9990,10100,10150,10100,10000
2010-02-23,266432,9940,10400,10600,10400,10050
2010-02-24,88877,10100,10250,10400,10250,10300
2010-02-25,101269,9980,9980,10450,9980,10300
2010-02-26,69641,9900,9930,10100,9930,9910
2010-03-02,129794,9580,9740,9990,9740,9580
2010-03-03,77311,9740,9800,9970,9800,9900
2010-03-04,132540,9580,9620,9800,9620,9800
2010-03-05,56292,9620,9690,9800,9690,9620
2010-03-08,481801,9780,10300,10550,10300,9780
2010-03-09,481276,10150,10500,10850,10500,10450
2010-03-10,1132024,10300,10600,11300,10600,10550
2010-03-11,448580,10450,10650,11050,10650,10800
2010-03-12,213119,10250,10350,10800,10350,10700
2010-03-15,2159983,10900,11900,11900,11900,11000
2010-03-16,1287539,10950,11150,11800,11150,11750
2010-03-17,719173,11000,11000,11450,11000,11250
2010-03-18,735737,11000,11000,11600,11000,11200
2010-03-19,281177,10750,11050,11050,11050,11000
2010-03-22,351989,10850,11300,11350,11300,11000
2010-03-23,429631,11100,11250,11500,11250,11300
2010-03-24,322461,10550,10600,11350,10600,11300
2010-03-25,184846,10350,10750,10850,10750,10550
2010-03-26,430301,10800,11000,11300,11000,10900
2010-03-29,173208,10600,10600,11000,10600,10800
2010-03-30,247238,10000,10200,10800,10200,10650
2010-03-31,189084,9950,10000,10200,10000,10050
2010-04-01,151948,9960,10200,10300,10200,10100
2010-04-02,93635,10000,10000,10250,10000,10200
2010-04-05,191968,9300,9900,10100,9900,10000
2010-04-06,54638,9680,9750,9970,9750,9830
2010-04-07,134158,9750,10050,10300,10050,9800
2010-04-08,50287,9870,9910,10050,9910,10050
2010-04-09,55273,9800,10050,10050,10050,10050
2010-04-12,51831,9810,9850,10150,9850,10150
2010-04-13,50555,9800,9820,9950,9820,9850
2010-04-14,106352,9820,9820,10200,9820,9860
2010-04-15,86725,9760,9800,9990,9800,9990
2010-04-16,79327,9600,9660,9900,9660,9810
2010-04-19,73978,9460,9540,9690,9540,9460
2010-04-20,51902,9560,9650,9720,9650,9570
2010-04-21,107423,9540,9540,9750,9540,9670
2010-04-22,105823,9400,9400,9650,9400,9500
2010-04-23,104985,9320,9380,9550,9380,9360
2010-04-26,128696,9390,9590,9700,9590,9400
2010-04-27,66908,9410,9410,9640,9410,9500
2010-04-28,67866,9210,9240,9370,9240,9210
2010-04-29,117848,9200,9200,9420,9200,9240
2010-04-30,87535,9060,9090,9350,9090,9230
2010-05-03,132107,8790,8830,9050,8830,9000
2010-05-04,88676,8700,8700,8960,8700,8900
2010-05-06,117055,8160,8160,8500,8160,8470
2010-05-07,177389,7250,7780,7810,7780,7590
2010-05-10,93972,7780,8180,8190,8180,7780
2010-05-11,98892,8100,8220,8580,8220,8250
2010-05-12,65120,8100,8120,8400,8120,8380
2010-05-13,62311,8120,8150,8320,8150,8190
2010-05-14,90432,7900,7930,8270,7930,8180
2010-05-17,149279,7520,7700,8070,7700,7730
2010-05-18,81812,7620,7620,8000,7620,7700
2010-05-19,59782,7360,7420,7670,7420,7550
2010-05-20,281751,7010,7350,8050,7350,7510
2010-05-24,210257,7130,7350,7850,7350,7270
2010-05-25,130459,6410,6630,7240,6630,7160
2010-05-26,103659,6480,6710,6840,6710,6660
2010-05-27,115534,6500,6920,7160,6920,6520
2010-05-28,63365,7070,7140,7230,7140,7070
2010-05-31,83139,7080,7390,7450,7390,7080
2010-06-01,37398,7300,7330,7480,7330,7400
2010-06-03,116036,7360,7700,7790,7700,7360
2010-06-04,79007,7620,7620,8040,7620,7900
2010-06-07,132272,7210,7250,7550,7250,7250
2010-06-08,66215,7140,7190,7380,7190,7140
2010-06-09,41181,7170,7210,7300,7210,7210
2010-06-10,27859,7200,7300,7350,7300,7270
2010-06-11,35640,7310,7330,7490,7330,7360
2010-06-14,35443,7210,7320,7430,7320,7210
2010-06-15,408729,7320,7860,8180,7860,7320
2010-06-16,114258,7650,7750,7910,7750,7910
2010-06-17,52399,7600,7700,7880,7700,7880
2010-06-18,34730,7600,7650,7780,7650,7600
2010-06-21,59793,7590,7590,7800,7590,7650
2010-06-22,38292,7520,7540,7730,7540,7550
2010-06-23,65797,7340,7350,7650,7350,7530
2010-06-24,73778,7200,7280,7430,7280,7360
2010-06-25,36423,7170,7170,7270,7170,7210
2010-06-28,57854,7060,7060,7270,7060,7230
2010-06-29,64442,6850,6850,7140,6850,7070
2010-06-30,37877,6650,6830,6900,6830,6690
2010-07-01,73810,6650,6700,7000,6700,6780
2010-07-02,52440,6600,6770,6790,6770,6750
2010-07-05,91088,6730,6970,7070,6970,6770
2010-07-06,64874,6810,6850,7000,6850,6950
2010-07-07,40662,6710,6720,6900,6720,6860
2010-07-08,88774,6800,7000,7130,7000,6800
2010-07-09,55150,6900,6920,7140,6920,6960
2010-07-12,132503,6950,7180,7470,7180,6970
2010-07-13,250509,7210,7500,7680,7500,7280
2010-07-14,130506,7400,7400,7780,7400,7560
2010-07-15,201223,7360,7780,7800,7780,7360
2010-07-16,263544,7560,7930,8120,7930,7760
2010-07-19,510988,8020,8440,8490,8440,8050
2010-07-20,182090,8110,8190,8470,8190,8360
2010-07-21,204749,8250,8340,8530,8340,8390
2010-07-22,1052974,7680,7850,8830,7850,8340
2010-07-23,151657,7480,7600,8010,7600,8000
2010-07-26,90902,7460,7510,7680,7510,7600
2010-07-27,112752,7460,7600,7740,7600,7460
2010-07-28,68545,7530,7600,7690,7600,7620
2010-07-29,100909,7280,7300,7690,7300,7690
2010-07-30,70871,6990,7080,7380,7080,7230
2010-08-02,37346,7080,7170,7290,7170,7080
2010-08-03,54967,7000,7020,7200,7020,7150
2010-08-04,59272,6890,6910,7030,6910,7020
2010-08-05,32797,6860,6910,6990,6910,6910
2010-08-06,39758,6850,7140,7170,7140,6930
2010-08-09,46550,7100,7300,7340,7300,7170
2010-08-10,30730,7200,7210,7300,7210,7220
2010-08-11,33277,6920,6960,7300,6960,7220
2010-08-12,43197,6850,6870,6960,6870,6960
2010-08-13,29337,6850,6930,6990,6930,6970
2010-08-16,23850,6850,6980,6980,6980,6860
2010-08-17,77668,7050,7100,7330,7100,7050
2010-08-18,46914,6900,6970,7240,6970,7240
2010-08-19,112385,6980,7110,7280,7110,7010
2010-08-20,54490,6950,7100,7200,7100,7060
2010-08-23,56220,7050,7050,7250,7050,7110
2010-08-24,52524,6850,6850,7030,6850,7010
2010-08-25,59483,6720,6720,6930,6720,6760
2010-08-26,84377,6310,6310,6780,6310,6720
2010-08-27,93078,6260,6620,6620,6620,6310
2010-08-30,68031,6640,6820,6890,6820,6650
2010-08-31,24847,6630,6750,6810,6750,6660
2010-09-01,45130,6560,6570,6770,6570,6750
2010-09-02,34146,6450,6490,6640,6490,6520
2010-09-03,43183,6410,6450,6570,6450,6490
2010-09-06,42950,6510,6620,6700,6620,6650
2010-09-07,45572,6540,6660,6740,6660,6600
2010-09-08,25942,6520,6550,6700,6550,6700
2010-09-09,27468,6550,6560,6660,6560,6660
2010-09-10,66961,6520,6560,6750,6560,6600
2010-09-13,316708,6730,6770,7150,6770,6730
2010-09-14,72219,6620,6630,6860,6630,6850
2010-09-15,104773,6300,6400,6640,6400,6560
2010-09-16,69884,6300,6520,6550,6520,6380
2010-09-17,98265,6450,6760,6820,6760,6450
2010-09-20,78127,6650,6900,6930,6900,6770
2010-09-24,69616,6810,6900,7050,6900,6900
2010-09-27,40505,6900,6990,7030,6990,6910
2010-09-28,131473,6950,7300,7400,7300,6950
2010-09-29,127039,7320,7370,7590,7370,7390
2010-09-30,67250,7250,7410,7480,7410,7430
2010-10-01,52973,7260,7300,7570,7300,7400
2010-10-04,92507,7300,7450,7630,7450,7310
2010-10-05,62872,7380,7440,7520,7440,7380
2010-10-06,46744,7410,7460,7550,7460,7550
2010-10-07,70314,7450,7560,7580,7560,7490
2010-10-08,38214,7390,7400,7610,7400,7520
2010-10-11,181411,7420,7620,7920,7620,7480
2010-10-12,77904,7610,7700,7830,7700,7620
2010-10-13,76949,7570,7690,7800,7690,7730
2010-10-14,63154,7620,7720,7840,7720,7730
2010-10-15,336216,7750,7780,8300,7780,7760
2010-10-18,158258,7860,8100,8180,8100,7890
2010-10-19,73752,7960,8040,8180,8040,8150
2010-10-20,104537,7910,8210,8240,8210,7910
2010-10-21,86517,8160,8200,8310,8200,8210
2010-10-22,103051,7850,8200,8220,8200,8150
2010-10-25,113105,8200,8200,8420,8200,8300
2010-10-26,241171,8060,8370,8550,8370,8230
2010-10-27,92442,8300,8350,8480,8350,8380
2010-10-28,41224,8280,8320,8490,8320,8490
2010-10-29,52608,8010,8060,8440,8060,8400
2010-11-01,81955,7920,8130,8260,8130,8180
2010-11-02,134196,7700,7840,8200,7840,8080
2010-11-03,115582,7500,7610,7850,7610,7820
2010-11-04,49302,7520,7720,7780,7720,7560
2010-11-05,58768,7580,7670,7780,7670,7730
2010-11-08,104042,7680,8100,8100,8100,7760
2010-11-09,82135,7870,8000,8200,8000,8150
2010-11-10,46042,7810,7850,8000,7850,7900
2010-11-11,50576,7680,7780,8000,7780,8000
2010-11-12,96700,7110,7330,7770,7330,7750
2010-11-15,51887,7000,7130,7300,7130,7160
2010-11-16,42925,6860,6900,7280,6900,7130
2010-11-17,62500,6600,6700,6980,6700,6700
2010-11-18,160100,6700,7110,7420,7110,6700
2010-11-19,39907,7070,7170,7300,7170,7110
2010-11-22,34085,6870,7000,7430,7000,7240
2010-11-23,30751,6900,7010,7100,7010,6950
2010-11-24,50094,6430,6840,6900,6840,6430
2010-11-25,36557,7020,7070,7280,7070,7280
2010-11-26,29376,6890,6980,7190,6980,7190
2010-11-29,49223,6890,6890,7130,6890,6890
2010-11-30,40624,6860,6960,7130,6960,6860
2010-12-01,32917,6950,7020,7050,7020,6950
2010-12-02,28262,6980,6980,7140,6980,7100
2010-12-03,21535,6910,6920,7070,6920,7070
2010-12-06,15117,6920,6930,7050,6930,6950
2010-12-07,25847,6930,6970,7030,6970,6930
2010-12-08,50597,6840,6920,7080,6920,6960
2010-12-09,36414,6870,6930,7040,6930,7040
2010-12-10,31897,6790,6860,6920,6860,6790
2010-12-13,23233,6850,6940,6990,6940,6860
2010-12-14,35662,6900,7030,7050,7030,6940
2010-12-15,31738,6890,7010,7020,7010,6950
2010-12-16,25322,6900,6980,7050,6980,7010
2010-12-17,20633,6880,6990,7010,6990,6880
2010-12-20,46880,6600,6740,6920,6740,6890
2010-12-21,28199,6760,6830,6970,6830,6810
2010-12-22,35569,6770,6870,6980,6870,6850
2010-12-23,20360,6710,6780,6930,6780,6800
2010-12-24,39282,6550,6600,6900,6600,6790
2010-12-27,32894,6350,6360,6730,6360,6600
2010-12-28,22365,6300,6490,6700,6490,6300
2010-12-29,16018,6440,6500,6640,6500,6640
2010-12-30,36926,6360,6450,6620,6450,6460
2011-01-03,23410,6500,6550,6700,6550,6700
2011-01-04,37947,6520,6630,6640,6630,6570
2011-01-05,27498,6540,6580,6690,6580,6640
2011-01-06,38588,6490,6490,6700,6490,6550
2011-01-07,29112,6460,6470,6630,6470,6630
2011-01-10,30365,6430,6490,6570,6490,6450
2011-01-11,18980,6460,6470,6580,6470,6580
2011-01-12,57588,6450,6660,6890,6660,6470
2011-01-13,30392,6560,6560,6750,6560,6700
2011-01-14,97719,6510,6810,6980,6810,6600
2011-01-17,56211,6710,6710,6950,6710,6800
2011-01-18,27484,6600,6620,6750,6620,6620
2011-01-19,26612,6500,6540,6690,6540,6690
2011-01-20,68302,6510,6560,6740,6560,6560
2011-01-21,49417,6440,6440,6600,6440,6520
2011-01-24,38820,6340,6350,6550,6350,6500
2011-01-25,31937,6280,6280,6440,6280,6300
2011-01-26,35911,6190,6220,6310,6220,6220
2011-01-27,32016,6110,6190,6350,6190,6110
2011-01-28,46792,6040,6090,6250,6090,6250
2011-01-31,27425,6000,6020,6140,6020,6090
2011-02-01,51107,5860,5930,6110,5930,6010
2011-02-07,52251,5860,5970,6000,5970,5990
2011-02-08,66273,5940,6060,6110,6060,5940
2011-02-09,31901,5980,6000,6200,6000,6140
2011-02-10,46424,5880,5940,6050,5940,5940
2011-02-11,25435,5780,5850,6080,5850,5920
2011-02-14,33417,5800,5800,5970,5800,5970
2011-02-15,31196,5760,5810,5880,5810,5770
2011-02-16,36840,5780,5850,5900,5850,5860
2011-02-17,16229,5750,5760,5950,5760,5830
2011-02-18,157554,5780,6090,6210,6090,5780
2011-02-21,50423,5950,6020,6210,6020,6200
2011-02-22,36527,5940,5980,6090,5980,6000
2011-02-23,33689,5810,5840,6060,5840,6000
2011-02-24,10215,5800,5830,5980,5830,5850
2011-02-25,23287,5700,5830,5890,5830,5750
2011-02-28,20668,5700,5700,5900,5700,5860
2011-03-02,37768,5690,5740,5940,5740,5690
2011-03-03,45172,5710,5850,5890,5850,5710
2011-03-04,36415,5820,5920,5980,5920,5850
2011-03-07,38112,5900,6040,6050,6040,5980
2011-03-08,56861,5980,6050,6210,6050,6130
2011-03-09,36774,5850,5940,6110,5940,6050
2011-03-10,37449,5900,6030,6110,6030,6080
2011-03-11,24678,5710,5890,6010,5890,5970
2011-03-14,52276,5460,5630,5910,5630,5800
2011-03-15,53115,4860,5350,5850,5350,5520
2011-03-16,23451,5230,5300,5680,5300,5300
2011-03-17,60807,4920,5130,5170,5130,5000
2011-03-18,34048,5070,5130,5190,5130,5130
2011-03-21,43773,5110,5450,5450,5450,5110
2011-03-22,16990,5500,5540,5740,5540,5700
2011-03-23,17548,5420,5490,5700,5490,5600
2011-03-24,10733,5480,5540,5640,5540,5640
2011-03-25,11344,5550,5590,5650,5590,5550
2011-03-28,531748,6050,6420,6420,6420,6100
2011-03-29,465107,6190,6290,6690,6290,6480
2011-03-30,105610,6040,6150,6320,6150,6320
2011-03-31,81704,5970,6120,6230,6120,6120
2011-04-01,74900,6040,6190,6230,6190,6120
2011-04-04,65498,6130,6210,6310,6210,6190
2011-04-05,102717,6170,6290,6350,6290,6170
2011-04-06,40517,6190,6290,6350,6290,6300
2011-04-07,210478,6310,6310,6990,6310,6860
2011-04-08,32679,6270,6310,6460,6310,6430
2011-04-11,38339,6120,6250,6490,6250,6410
2011-04-12,30746,6200,6240,6330,6240,6260
2011-04-13,44333,6070,6230,6290,6230,6220
2011-04-14,33286,6170,6320,6350,6320,6300
2011-04-15,48568,6120,6340,6380,6340,6300
2011-04-18,47113,6260,6340,6460,6340,6330
2011-04-19,31452,6250,6390,6440,6390,6250
2011-04-20,150583,6430,6770,6830,6770,6440
2011-04-21,80930,6610,6670,6840,6670,6770
2011-04-22,36109,6400,6470,6730,6470,6730
2011-04-25,38134,6320,6350,6500,6350,6500
2011-04-26,102150,6230,6280,6490,6280,6270
2011-04-27,28759,6140,6150,6370,6150,6250
2011-04-28,22698,6070,6150,6280,6150,6200
2011-04-29,25072,6010,6150,6230,6150,6150
2011-05-02,62691,6060,6150,6400,6150,6390
2011-05-03,31878,5970,6010,6150,6010,6050
2011-05-04,10081,5910,5980,6160,5980,6160
2011-05-06,30749,5690,5850,5920,5850,5910
2011-05-09,14944,5800,5800,5980,5800,5810
2011-05-11,30194,5800,5870,5990,5870,5990
2011-05-12,9439,5720,5840,5910,5840,5720
2011-05-13,12219,5770,5900,5930,5900,5840
2011-05-16,18177,5800,5890,5980,5890,5950
2011-05-17,30984,5710,5890,6010,5890,5890
2011-05-18,41788,5890,5890,6030,5890,5890
2011-05-19,26081,5500,5520,5970,5520,5830
2011-05-20,25248,5470,5540,5620,5540,5620
2011-05-23,23644,5480,5530,5600,5530,5590
2011-05-24,10488,5450,5500,5590,5500,5530
2011-05-25,9078,5430,5430,5580,5430,5470
2011-05-26,8673,5470,5490,5630,5490,5630
2011-05-27,18978,5430,5470,5590,5470,5590
2011-05-30,15880,5250,5300,5530,5300,5520
2011-05-31,27931,5220,5300,5380,5300,5240
2011-06-01,20353,5230,5290,5350,5290,5310
2011-06-02,15442,5180,5220,5310,5220,5290
2011-06-03,9595,5070,5170,5290,5170,5230
2011-06-07,25577,5000,5030,5270,5030,5010
2011-06-08,10733,4900,4980,5050,4980,4930
2011-06-09,11062,4900,4970,5020,4970,4990
2011-06-10,28618,4810,4900,4970,4900,4925
2011-06-13,33466,4820,4890,4925,4890,4820
2011-06-14,17439,4895,5050,5060,5050,4970
2011-06-15,19749,4900,4955,5120,4955,4980
2011-06-16,72494,4805,4900,5160,4900,5100
2011-06-17,56831,4600,4650,5000,4650,4950
2011-06-20,22702,4500,4530,4735,4530,4645
2011-06-21,23520,4500,4590,4620,4590,4500
2011-06-22,25420,4590,4650,4730,4650,4590
2011-06-23,177658,4660,5120,5340,5120,4660
2011-06-24,33472,5020,5120,5180,5120,5050
2011-06-27,18662,4975,5090,5200,5090,5150
2011-06-28,39950,4995,5070,5170,5070,5100
2011-06-29,30558,5030,5120,5220,5120,5100
2011-06-30,13359,5040,5040,5180,5040,5110
2011-07-01,11433,5020,5060,5170,5060,5040
2011-07-04,28911,5030,5230,5350,5230,5130
2011-07-05,84728,5250,5400,5590,5400,5280
2011-07-06,24935,5220,5330,5490,5330,5340
2011-07-07,22263,5200,5250,5310,5250,5250
2011-07-08,15383,5150,5150,5310,5150,5250
2011-07-11,23908,5020,5100,5240,5100,5160
2011-07-12,23729,4990,5040,5100,5040,5020
2011-07-13,362968,5100,5790,5790,5790,5100
2011-07-14,464560,5480,5500,6020,5500,5920
2011-07-15,86237,5430,5450,5620,5450,5450
2011-07-18,98177,5480,5500,5670,5500,5510
2011-07-19,57837,5410,5540,5590,5540,5510
2011-07-20,67690,5380,5380,5640,5380,5610
2011-07-21,40951,5320,5380,5500,5380,5400
2011-07-22,104062,5330,5560,5640,5560,5420
2011-07-25,84762,5410,5410,5770,5410,5690
2011-07-26,50261,5370,5530,5570,5530,5410
2011-07-27,36741,5480,5560,5570,5560,5490
2011-07-28,24521,5410,5440,5560,5440,5460
2011-07-29,32492,5260,5330,5510,5330,5440
2011-08-01,17643,5260,5320,5400,5320,5260
2011-08-02,33385,5050,5180,5440,5180,5440
2011-08-03,24813,4950,5010,5160,5010,5020
2011-08-04,37371,4800,4870,5030,4870,5010
2011-08-05,68991,4500,4600,4710,4600,4710
2011-08-08,67222,4200,4395,4750,4395,4580
2011-08-09,149217,3740,3740,4300,3740,4100
2011-08-10,146101,3500,3930,4000,3930,3810
2011-08-11,62085,3755,4120,4145,4120,3790
2011-08-12,65198,4095,4170,4345,4170,4250
2011-08-16,36522,4255,4360,4475,4360,4255
2011-08-17,24734,4255,4380,4400,4380,4400
2011-08-18,18761,4225,4275,4500,4275,4390
2011-08-19,38054,3860,3860,4050,3860,4050
2011-08-22,31571,3840,3965,4040,3965,4040
2011-08-23,39636,3900,4170,4175,4170,3900
2011-08-24,23672,4065,4300,4350,4300,4310
2011-08-25,50206,4300,4360,4485,4360,4400
2011-08-26,77618,4380,4910,4950,4910,4460
2011-08-29,33122,4790,4835,5000,4835,4910
2011-08-30,19754,4780,4850,4975,4850,4855
2011-08-31,16611,4750,4820,4960,4820,4850
2011-09-01,12963,4780,4830,4900,4830,4900
2011-09-02,21113,4650,4725,4900,4725,4900
2011-09-05,13216,4410,4450,4750,4450,4650
2011-09-06,45867,4200,4400,4650,4400,4500
2011-09-07,10519,4395,4490,4585,4490,4585
2011-09-08,16852,4495,4540,4800,4540,4650
2011-09-09,12288,4360,4460,4650,4460,4500
2011-09-14,24160,4140,4210,4540,4210,4540
2011-09-15,32081,4205,4255,4410,4255,4410
2011-09-16,507577,4405,4460,4890,4460,4720
2011-09-19,89569,4300,4435,4500,4435,4470
2011-09-20,40377,4325,4395,4470,4395,4385
2011-09-21,37630,4355,4420,4460,4420,4445
2011-09-22,31772,4260,4320,4400,4320,4335
2011-09-23,43978,3900,3950,4270,3950,4065
2011-09-26,44105,3380,3400,4050,3400,3930
2011-09-27,22702,3430,3700,3750,3700,3430
2011-09-28,20777,3610,3655,3800,3655,3670
2011-09-29,10207,3550,3680,3735,3680,3550
2011-09-30,41467,3685,3895,3980,3895,3690
2011-10-04,12703,3610,3725,3795,3725,3620
2011-10-05,34577,3725,3725,3880,3725,3800
2011-10-06,23378,3710,3845,4000,3845,3755
2011-10-07,20432,3800,3830,3945,3830,3900
2011-10-10,22139,3805,3930,3930,3930,3915
2011-10-11,27766,3850,3905,4050,3905,4000
2011-10-12,84397,3955,4190,4350,4190,3955
2011-10-13,43958,4135,4210,4245,4210,4150
2011-10-14,12040,4020,4100,4260,4100,4210
2011-10-17,26193,4065,4185,4200,4185,4110
2011-10-18,16818,4030,4100,4150,4100,4075
2011-10-19,31355,4060,4125,4160,4125,4140
2011-10-20,12648,4025,4070,4160,4070,4120
2011-10-21,20636,4000,4075,4150,4075,4115
2011-10-24,31742,4050,4170,4200,4170,4100
2011-10-25,12029,4155,4200,4250,4200,4200
2011-10-26,415010,4100,4380,4830,4380,4195
2011-10-27,36328,4310,4370,4500,4370,4450
2011-10-28,59852,4440,4455,5000,4455,5000
2011-10-31,38636,4455,4485,4675,4485,4660
2011-11-01,31330,4305,4625,4625,4625,4305
2011-11-02,24446,4440,4600,4615,4600,4615
2011-11-03,317189,4690,4725,5200,4725,4690
2011-11-04,55970,4630,4750,4850,4750,4750
2011-11-07,25215,4660,4705,4800,4705,4750
2011-11-08,41696,4660,4700,4800,4700,4680
2011-11-09,30390,4680,4690,4770,4690,4715
2011-11-10,21968,4510,4575,4680,4575,4525
2011-11-11,38954,4575,4740,4800,4740,4680
2011-11-14,80009,4775,4900,4940,4900,4890
2011-11-15,61988,4805,4915,4970,4915,4965
2011-11-16,36707,4700,4705,4980,4705,4980
2011-11-17,17706,4615,4750,4870,4750,4705
2011-11-18,15655,4600,4660,4750,4660,4700
2011-11-21,22197,4550,4700,4800,4700,4710
2011-11-22,41154,4570,4860,4885,4860,4650
2011-11-23,32697,4675,4845,5000,4845,4900
2011-11-24,18584,4755,4880,4905,4880,4900
2011-11-25,37034,4745,4830,4900,4830,4900
2011-11-28,28307,4755,4810,4915,4810,4760
2011-11-29,15640,4700,4735,4945,4735,4820
2011-11-30,41327,4680,4775,4775,4775,4735
2011-12-01,21908,4775,4845,4920,4845,4920
2011-12-02,10180,4800,4840,4900,4840,4865
2011-12-05,33290,4820,4890,4950,4890,4850
2011-12-06,22213,4830,4910,4975,4910,4975
2011-12-07,41595,4885,5030,5050,5030,4910
2011-12-08,11202,4940,4945,5090,4945,4950
2011-12-09,26086,4825,4930,4950,4930,4935
2011-12-12,33096,4895,5000,5040,5000,4990
2011-12-13,32850,4880,4990,5000,4990,5000
2011-12-14,118578,4990,5370,5550,5370,4995
2011-12-15,97392,5240,5660,5750,5660,5400
2011-12-16,44261,5450,5530,5840,5530,5660
2011-12-19,70415,4900,5050,5590,5050,5570
2011-12-20,20609,4870,5220,5230,5220,4870
2011-12-21,48146,5200,5260,5400,5260,5270
2011-12-22,11832,5110,5290,5370,5290,5370
2011-12-23,84511,5240,5490,5760,5490,5290
2011-12-26,31908,5300,5510,5700,5510,5470
2011-12-27,27978,5300,5420,5630,5420,5500
2011-12-28,19100,5300,5470,5500,5470,5430
2011-12-29,9776,5250,5500,5600,5500,5450
2012-01-02,12166,5410,5500,5590,5500,5500
2012-01-03,36077,5400,5500,5590,5500,5510
2012-01-04,12506,5370,5400,5600,5400,5500
2012-01-05,58299,5380,5460,5690,5460,5600
2012-01-06,26952,5160,5280,5480,5280,5480
2012-01-09,30819,5070,5170,5460,5170,5300
2012-01-10,28617,4990,5070,5190,5070,5110
2012-01-11,27919,4900,4900,5150,4900,5040
2012-01-12,20033,4840,4980,5100,4980,4945
2012-01-13,16500,4885,4885,5000,4885,5000
2012-01-16,36884,4630,4790,4900,4790,4900
2012-01-17,16049,4725,4730,4850,4730,4800
2012-01-18,31956,4530,4530,4760,4530,4740
2012-01-19,20343,4530,4645,4650,4645,4630
2012-01-20,23536,4480,4530,4695,4530,4645
2012-01-25,203689,4500,4775,5180,4775,4530
2012-01-26,33639,4730,4760,4910,4760,4850
2012-01-27,24625,4750,4800,4855,4800,4760
2012-01-30,58269,4695,4760,4840,4760,4800
2012-01-31,25663,4695,4745,4810,4745,4800
2012-02-01,20935,4750,4800,4850,4800,4825
2012-02-02,36701,4775,4850,4860,4850,4775
2012-02-03,32982,4750,4805,4900,4805,4900
2012-02-06,20569,4705,4705,4850,4705,4850
2012-02-07,25772,4625,4680,4775,4680,4660
2012-02-08,35672,4550,4645,4715,4645,4700
2012-02-09,16197,4550,4615,4645,4615,4620
2012-02-10,33454,4605,4695,4730,4695,4670
2012-02-13,13670,4660,4695,4760,4695,4760
2012-02-14,47785,4700,4800,4830,4800,4700
2012-02-15,222910,4825,5060,5200,5060,4960
2012-02-16,39093,4860,4860,5000,4860,5000
2012-02-17,29651,4855,4860,4945,4860,4875
2012-02-20,26595,4770,4780,4890,4780,4790
2012-02-21,23318,4760,4810,4845,4810,4835
2012-02-22,15837,4795,4800,4845,4800,4830
2012-02-23,38680,4795,4820,4870,4820,4830
2012-02-24,36262,4815,4815,4895,4815,4850
2012-02-27,30179,4680,4725,4890,4725,4810
2012-02-28,24247,4685,4730,4770,4730,4725
2012-02-29,87482,4730,4730,4985,4730,4970
2012-03-02,9024,4710,4765,4825,4765,4730
2012-03-05,31468,4655,4690,4805,4690,4725
2012-03-06,21861,4580,4590,4705,4590,4705
2012-03-07,20859,4475,4585,4600,4585,4525
2012-03-08,87502,4450,4540,4605,4540,4570
2012-03-09,21355,4490,4530,4595,4530,4520
2012-03-12,34750,4500,4600,4650,4600,4500
2012-03-13,39387,4565,4620,4650,4620,4650
2012-03-14,26231,4550,4585,4665,4585,4665
2012-03-15,20875,4540,4580,4640,4580,4640
2012-03-16,18009,4500,4500,4640,4500,4640
2012-03-19,12737,4500,4560,4580,4560,4500
2012-03-20,28030,4450,4490,4620,4490,4555
2012-03-21,18983,4425,4505,4545,4505,4500
2012-03-22,11364,4430,4430,4535,4430,4485
2012-03-23,10845,4350,4440,4470,4440,4460
2012-03-26,14072,4370,4370,4495,4370,4440
2012-03-27,14225,4280,4290,4425,4290,4425
2012-03-28,46072,4070,4080,4310,4080,4250
2012-03-29,28693,3995,4015,4100,4015,4100
2012-03-30,18255,4000,4080,4080,4080,4045
2012-04-02,12647,4060,4105,4125,4105,4120
2012-04-03,14242,4075,4140,4170,4140,4075
2012-04-04,6851,4040,4040,4200,4040,4150
2012-04-05,10700,3895,4010,4035,4010,3995
2012-04-06,9822,3960,4050,4110,4050,4000
2012-04-09,21551,3975,4025,4100,4025,4055
2012-04-10,16100,3960,4000,4020,4000,4000
2012-04-12,17414,3775,3850,4100,3850,4000
2012-04-13,18311,3890,3965,4010,3965,3990
2012-04-16,13123,3915,3950,4025,3950,3960
2012-04-17,8155,3930,3950,4025,3950,3945
2012-04-18,578391,4090,4100,4540,4100,4090
2012-04-19,56072,4030,4100,4160,4100,4160
2012-04-20,45423,4000,4020,4090,4020,4070
2012-04-23,37534,4005,4095,4285,4095,4005
2012-04-24,28686,4040,4070,4175,4070,4090
2012-04-25,21033,4060,4075,4160,4075,4060
2012-04-26,17336,4015,4075,4125,4075,4095
2012-04-27,11967,4010,4080,4100,4080,4035
2012-04-30,15892,4060,4135,4150,4135,4150
2012-05-02,17900,4100,4150,4170,4150,4135
2012-05-03,8502,4125,4165,4190,4165,4190
2012-05-04,12996,4110,4155,4190,4155,4180
2012-05-07,5027,4075,4120,4165,4120,4140
2012-05-08,14496,4070,4130,4160,4130,4070
2012-05-09,8205,4080,4120,4150,4120,4125
2012-05-10,13454,4035,4105,4145,4105,4100
2012-05-11,15034,4060,4110,4180,4110,4180
2012-05-14,18186,4060,4080,4175,4080,4135
2012-05-15,42202,3960,4100,4145,4100,4050
2012-05-16,25870,3960,4000,4125,4000,4125
2012-05-17,21625,3910,3990,4020,3990,4000
2012-05-18,55475,3770,3900,3990,3900,3900
2012-05-21,13729,3800,3900,4030,3900,4030
2012-05-22,30440,3795,3860,4000,3860,3875
2012-05-23,20953,3735,3790,3860,3790,3825
2012-05-24,14523,3700,3780,3820,3780,3770
2012-05-25,15010,3705,3775,3825,3775,3785
2012-05-29,18678,3745,3810,3835,3810,3775
2012-05-30,13099,3770,3800,3845,3800,3780
2012-05-31,5805,3735,3795,3875,3795,3800
2012-06-01,8873,3750,3750,3850,3750,3850
2012-06-04,14361,3560,3560,3790,3560,3750
2012-06-05,21128,3490,3580,3640,3580,3560
2012-06-07,14045,3580,3630,3650,3630,3580
2012-06-08,147628,3630,3805,4050,3805,3630
2012-06-11,26629,3780,3840,3935,3840,3855
2012-06-12,12283,3715,3870,3870,3870,3715
2012-06-13,15477,3830,3900,3935,3900,3830
2012-06-14,22467,3830,3850,3945,3850,3900
2012-06-15,19460,3680,3795,3880,3795,3805
2012-06-18,14374,3780,3830,3855,3830,3795
2012-06-19,35764,3750,3935,3955,3935,3750
2012-06-20,557661,3995,4525,4525,4525,4000
2012-06-21,1123523,4715,4795,5170,4795,4950
2012-06-22,493591,4635,4980,4980,4980,4760
2012-06-25,456245,4800,4800,5300,4800,5060
2012-06-26,239249,4695,4700,4980,4700,4800
2012-06-27,484711,4835,5400,5400,5400,4860
2012-06-28,928968,4990,4990,5680,4990,5670
2012-06-29,172465,4820,5020,5030,5020,4890
2012-07-02,126918,4875,4895,5090,4895,5020
2012-07-03,249891,4800,5020,5140,5020,4895
2012-07-04,117477,4900,4980,5080,4980,5050
2012-07-05,589872,4965,4965,5460,4965,5130
2012-07-06,87311,4805,4900,5020,4900,4965
2012-07-09,40900,4850,4880,5000,4880,4950
2012-07-10,83636,4710,4740,5010,4740,5010
2012-07-11,92592,4700,4925,4965,4925,4740
2012-07-12,36902,4800,4920,4945,4920,4860
2012-07-13,449902,4810,5310,5350,5310,4870
2012-07-16,222004,5210,5300,5500,5300,5290
2012-07-17,163779,5140,5500,5500,5500,5250
2012-07-18,240470,5040,5040,5430,5040,5410
2012-07-19,1502138,4800,4830,5790,4830,5100
2012-07-20,205651,4630,4745,4945,4745,4835
2012-07-23,165420,4735,4820,5050,4820,4740
2012-07-24,135691,4750,4895,4985,4895,4750
2012-07-25,1019296,5150,5620,5620,5620,5280
2012-07-26,2265859,5730,5940,6320,5940,6180
2012-07-27,1554624,5610,5900,6150,5900,5940
2012-07-30,1134829,5400,5490,6100,5490,5870
2012-07-31,2209611,5430,5540,6220,5540,5830
2012-08-01,402842,5370,5550,5580,5550,5510
2012-08-02,349241,5460,5550,5620,5550,5580
2012-08-03,204489,5350,5510,5530,5510,5410
2012-08-06,2669443,5500,6010,6260,6010,5630
2012-08-07,1089021,5730,5940,6120,5940,5950
2012-08-08,698019,5370,5370,5970,5370,5950
2012-08-09,474720,5020,5150,5440,5150,5350
2012-08-10,251953,5120,5120,5270,5120,5200
2012-08-13,205497,5000,5110,5170,5110,5090
2012-08-14,284396,4870,4910,5200,4910,5120
2012-08-16,107896,4870,4890,5050,4890,4910
2012-08-17,117201,4780,4875,4950,4875,4890
2012-08-20,185838,4880,4880,5180,4880,5150
2012-08-21,80201,4815,4865,4965,4865,4890
2012-08-22,49767,4840,4850,4950,4850,4940
2012-08-23,101916,4840,4850,4960,4850,4855
2012-08-24,159404,4550,4565,4890,4565,4850
2012-08-27,139095,4300,4300,4600,4300,4595
2012-08-28,73874,4225,4325,4385,4325,4245
2012-08-29,98350,4280,4375,4405,4375,4400
2012-08-30,90309,4325,4380,4500,4380,4335
2012-08-31,37307,4340,4370,4440,4370,4340
2012-09-03,72052,4340,4360,4425,4360,4405
2012-09-04,78255,4220,4220,4400,4220,4320
2012-09-05,104361,3985,3985,4245,3985,4215
2012-09-06,55861,4010,4130,4180,4130,4075
2012-09-07,53842,4070,4075,4205,4075,4150
2012-09-10,58292,3975,4045,4120,4045,4100
2012-09-11,29921,4005,4050,4085,4050,4080
2012-09-12,34182,4075,4100,4150,4100,4090
2012-09-13,74475,4090,4090,4215,4090,4130
2012-09-14,70209,4030,4100,4150,4100,4065
2012-09-17,45181,4110,4150,4160,4150,4115
2012-09-18,39048,4100,4140,4175,4140,4175
2012-09-19,59045,4100,4170,4190,4170,4180
2012-09-20,231433,4200,4390,4480,4390,4240
2012-09-21,539625,4425,5040,5040,5040,4425
2012-09-24,87725,5790,5790,5790,5790,5790
2012-09-25,3413357,5740,5740,6650,5740,6400
2012-09-26,2472030,5560,6300,6600,6300,5650
2012-09-27,1488491,5460,5800,6400,5800,6030
2012-09-28,542100,5390,5560,5730,5560,5730
2012-10-02,800501,5410,5540,5790,5540,5560
2012-10-04,493039,5460,5800,5800,5800,5540
2012-10-05,3299727,5800,6220,6670,6220,5840
2012-10-08,1134849,5920,6460,6800,6460,6220
2012-10-09,826148,5750,5770,6700,5770,6470
2012-10-10,308351,5510,5600,5950,5600,5800
2012-10-11,357486,5590,5650,5980,5650,5600
2012-10-12,202115,5640,5850,5950,5850,5800
2012-10-15,463630,4985,5050,6030,5050,6030
2012-10-16,228478,4810,4990,5250,4990,5150
2012-10-17,157383,4980,4980,5270,4980,4985
2012-10-18,2063333,5000,5720,5720,5720,5000
2012-10-19,635207,5100,5210,5570,5210,5400
2012-10-22,539506,5120,5410,5700,5410,5250
2012-10-23,256838,5100,5140,5610,5140,5600
2012-10-24,278523,4975,5370,5400,5370,5010
2012-10-25,156704,5170,5390,5440,5390,5400
2012-10-26,449742,5130,5190,5680,5190,5490
2012-10-29,505576,5230,5650,5670,5650,5350
2012-10-30,504416,5520,5700,5830,5700,5530
2012-10-31,645313,5700,6000,6090,6000,5720
2012-11-01,298490,5750,6000,6080,6000,6080
2012-11-02,1016557,5500,5500,6390,5500,6030
2012-11-05,1078532,5240,5770,5930,5770,5500
2012-11-06,1331217,5630,5650,6340,5650,6030
2012-11-07,422931,5480,5550,5860,5550,5680
2012-11-08,191543,5290,5390,5460,5390,5440
2012-11-09,343954,5220,5610,5610,5610,5380
2012-11-12,295245,5450,5480,5740,5480,5740
2012-11-13,259816,5080,5120,5530,5120,5400
2012-11-14,160022,4915,5050,5230,5050,5100
2012-11-15,179139,4815,4950,5090,4950,4900
2012-11-16,196730,4810,4815,5060,4815,4950
2012-11-19,421082,4820,5200,5380,5200,4820
2012-11-20,266773,5120,5340,5380,5340,5220
2012-11-21,152224,5080,5140,5340,5140,5340
2012-11-22,159711,4995,5030,5220,5030,5060
2012-11-23,82311,4905,4915,5050,4915,5050
2012-11-26,134727,4805,4950,4965,4950,4960
2012-11-27,107959,4905,4960,5180,4960,4905
2012-11-28,62365,4895,4900,4980,4900,4970
2012-11-29,97292,4900,4955,5090,4955,4940
2012-11-30,53515,4925,4950,5090,4950,4955
2012-12-03,741206,4975,5400,5590,5400,4980
2012-12-04,358696,5300,5500,5500,5500,5350
2012-12-05,395175,5300,5500,5680,5500,5500
2012-12-06,2877034,5500,5740,6200,5740,5690
2012-12-07,1019806,5500,5880,5980,5880,5700
2012-12-10,745954,5380,5400,6070,5400,6060
2012-12-11,618631,5070,5150,5640,5150,5530
2012-12-12,460542,4380,4725,5300,4725,5300
2012-12-13,167132,4650,4830,4860,4830,4650
2012-12-14,85638,4780,4805,4870,4805,4780
2012-12-17,114564,4835,4915,5000,4915,4870
2012-12-18,126502,4820,4845,4995,4845,4995
2012-12-20,119893,4765,4765,4850,4765,4845
2012-12-21,121675,4730,4915,4930,4915,4770
2012-12-24,127813,4815,4825,4935,4825,4915
2012-12-26,574063,4825,4940,5180,4940,4825
2012-12-27,156875,4885,4940,4985,4940,4970
2012-12-28,100389,4895,5000,5000,5000,4915
2013-01-02,166680,4975,5030,5040,5030,5000
2013-01-03,274055,4800,4805,5080,4805,5060
2013-01-04,112345,4715,4740,4870,4740,4805
2013-01-07,166529,4580,4600,4790,4600,4780
2013-01-08,115013,4580,4665,4695,4665,4615
2013-01-09,202791,4540,4805,4835,4805,4655
2013-01-10,161563,4690,4755,4795,4755,4750
2013-01-11,122054,4630,4660,4780,4660,4710
2013-01-14,80145,4640,4650,4800,4650,4800
2013-01-15,57519,4575,4605,4685,4605,4575
2013-01-16,46003,4580,4620,4685,4620,4605
2013-01-17,83538,4565,4600,4740,4600,4600
2013-01-18,53673,4570,4640,4680,4640,4605
2013-01-21,79281,4595,4595,4750,4595,4720
2013-01-22,129775,4470,4510,4635,4510,4560
2013-01-23,79263,4480,4500,4535,4500,4490
2013-01-24,73894,4430,4470,4515,4470,4450
2013-01-25,48180,4395,4445,4500,4445,4445
2013-01-28,102630,4335,4445,4535,4445,4445
2013-01-29,60947,4350,4405,4465,4405,4390
2013-01-30,28002,4355,4390,4450,4390,4450
2013-01-31,51113,4330,4335,4390,4335,4390
2013-02-01,39811,4280,4325,4430,4325,4325
2013-02-04,53620,4220,4220,4425,4220,4300
2013-02-05,60816,4100,4190,4240,4190,4150
2013-02-06,31793,4170,4220,4245,4220,4215
2013-02-07,49868,4130,4185,4325,4185,4300
2013-02-08,159194,4100,4150,4400,4150,4140
2013-02-12,59612,4070,4120,4150,4120,4150
2013-02-13,31241,4085,4190,4195,4190,4120
2013-02-14,32171,4150,4230,4250,4230,4150
2013-02-15,144632,4035,4035,4225,4035,4165
2013-02-18,225813,4000,4265,4550,4265,4045
2013-02-19,761472,4080,4080,4675,4080,4400
2013-02-20,90809,4070,4120,4170,4120,4130
2013-02-21,49559,4110,4120,4195,4120,4170
2013-02-22,140650,4075,4240,4370,4240,4075
2013-02-25,44869,4170,4200,4295,4200,4240
2013-02-26,33769,4140,4175,4230,4175,4170
2013-02-27,31757,4175,4180,4250,4180,4250
2013-02-28,42430,4180,4195,4250,4195,4190
2013-03-04,43995,4165,4170,4250,4170,4195
2013-03-05,101768,4150,4250,4305,4250,4195
2013-03-06,137854,4300,4330,4445,4330,4320
2013-03-07,53018,4275,4330,4330,4330,4330
2013-03-08,65720,4270,4315,4410,4315,4330
2013-03-11,134344,4260,4380,4455,4380,4305
2013-03-12,29882,4340,4370,4445,4370,4390
2013-03-13,99769,4295,4340,4420,4340,4400
2013-03-14,121304,4300,4360,4525,4360,4455
2013-03-15,41140,4310,4320,4390,4320,4360
2013-03-18,39156,4235,4235,4320,4235,4295
2013-03-19,21855,4235,4260,4285,4260,4235
2013-03-20,33186,4180,4190,4280,4190,4230
2013-03-21,14037,4130,4130,4250,4130,4210
2013-03-22,36835,4105,4150,4190,4150,4130
2013-03-25,15549,4130,4170,4210,4170,4155
2013-03-26,39295,4165,4230,4260,4230,4170
2013-03-27,13390,4185,4225,4245,4225,4230
2013-03-28,461961,4170,4350,4570,4350,4250
2013-03-29,816473,4350,4405,4770,4405,4395
2013-04-01,108479,4305,4335,4500,4335,4430
2013-04-02,87568,4180,4280,4365,4280,4335
2013-04-03,60888,4170,4210,4285,4210,4230
2013-04-04,65794,4120,4125,4225,4125,4165
2013-04-05,39213,4045,4175,4175,4175,4120
2013-04-08,38179,4015,4070,4180,4070,4050
2013-04-09,52931,3905,4020,4055,4020,3910
2013-04-10,15350,3935,3990,4040,3990,4020
2013-04-11,27946,4000,4050,4095,4050,4020
2013-04-12,33152,4035,4055,4175,4055,4090
2013-04-15,25054,4005,4055,4100,4055,4100
2013-04-16,30390,4005,4070,4200,4070,4030
2013-04-17,260548,4130,4130,4410,4130,4300
2013-04-18,39330,4065,4070,4165,4070,4080
2013-04-19,63827,4040,4040,4190,4040,4190
2013-04-22,67247,4015,4150,4205,4150,4045
2013-04-23,143209,4135,4280,4325,4280,4185
2013-04-24,406423,4595,4920,4920,4920,4600
2013-04-25,1946382,4710,4730,5500,4730,5450
2013-04-26,575858,4500,4525,4790,4525,4770
2013-04-29,193330,4470,4470,4565,4470,4560
2013-04-30,270610,4330,4350,4500,4350,4455
2013-05-02,118523,4345,4350,4420,4350,4350
2013-05-03,88246,4305,4345,4420,4345,4360
2013-05-06,152504,4350,4420,4455,4420,4370
2013-05-07,354957,4370,4505,4580,4505,4445
2013-05-08,74440,4500,4510,4550,4510,4525
2013-05-09,124419,4505,4575,4640,4575,4540
2013-05-10,65842,4500,4540,4610,4540,4530
2013-05-13,713908,4560,4705,4980,4705,4560
2013-05-14,146089,4540,4640,4750,4640,4655
2013-05-15,67137,4595,4630,4700,4630,4650
2013-05-16,133541,4660,4675,4920,4675,4685
2013-05-20,44995,4615,4735,4760,4735,4675
2013-05-21,197840,4760,4860,4900,4860,4775
2013-05-22,134806,4800,4895,4975,4895,4860
2013-05-23,114333,4780,4800,4980,4800,4980
2013-05-24,448909,4905,4905,5220,4905,4905
2013-05-27,117511,4815,4835,4935,4835,4925
2013-05-28,1433007,4820,5430,5430,5430,4835
2013-05-29,1612371,4945,4945,5480,4945,5380
2013-05-30,3319833,5080,5680,5680,5680,5100
2013-05-31,3953024,5360,5540,5880,5540,5570
2013-06-03,3676790,5800,6370,6370,6370,5870
2013-06-04,5530880,6340,6500,6940,6500,6390
2013-06-05,2654429,5820,6050,6440,6050,6240
2013-06-07,2449209,5650,5850,6370,5850,6050
2013-06-10,1836267,5080,5320,5850,5320,5650
2013-06-11,1211385,5020,5160,5380,5160,5300
2013-06-12,2125283,5040,5270,5440,5270,5110
2013-06-13,979239,4910,4920,5220,4920,5150
2013-06-14,603615,4790,4865,5100,4865,5000
2013-06-17,306569,4640,4700,4865,4700,4865
2013-06-18,1793093,4755,4970,5210,4970,4755
2013-06-19,1028621,5000,5260,5340,5260,5040
2013-06-20,851907,5080,5260,5430,5260,5140
2013-06-21,478898,4995,5040,5190,5040,5090
2013-06-24,434843,4700,4745,5150,4745,5110
2013-06-25,328517,4400,4500,4835,4500,4680
2013-06-26,233342,4480,4520,4640,4520,4560
2013-06-27,766463,4545,4750,4970,4750,4595
2013-06-28,225662,4685,4685,4940,4685,4785
2013-07-01,207406,4650,4800,4840,4800,4720
2013-07-02,447562,4715,4790,4985,4790,4815
2013-07-03,209642,4830,4860,4970,4860,4830
2013-07-04,221414,4820,5050,5050,5050,4920
2013-07-05,261820,4950,5110,5160,5110,5060
2013-07-08,217951,5020,5060,5250,5060,5240
2013-07-09,331882,5080,5280,5320,5280,5200
2013-07-10,576731,5140,5250,5490,5250,5300
2013-07-11,293369,5210,5250,5400,5250,5310
2013-07-12,273725,5060,5130,5280,5130,5100
2013-07-15,1062884,5110,5300,5590,5300,5130
2013-07-16,258212,5240,5370,5390,5370,5330
2013-07-17,383595,5280,5300,5520,5300,5340
2013-07-18,180682,5210,5280,5390,5280,5340
2013-07-19,160313,5240,5290,5360,5290,5280
2013-07-22,184335,5240,5250,5450,5250,5310
2013-07-23,119863,5160,5250,5300,5250,5260
2013-07-24,1012581,5260,5300,5550,5300,5520
2013-07-25,295208,5270,5370,5470,5370,5360
2013-07-26,284424,5290,5300,5480,5300,5430
2013-07-29,219067,5200,5200,5450,5200,5320
2013-07-30,192643,4950,5020,5250,5020,5250
2013-07-31,118227,4985,5060,5090,5060,5060
2013-08-01,400763,5120,5120,5410,5120,5300
2013-08-02,293245,5080,5370,5380,5370,5140
2013-08-05,2858094,5510,6170,6170,6170,5590
2013-08-06,2983931,6220,6370,6570,6370,6260
2013-08-07,1888000,6240,6380,6690,6380,6500
2013-08-08,3527256,5730,5960,6750,5960,6430
2013-08-09,1725182,5740,5810,6070,5810,6010
2013-08-12,3685947,5810,5990,6550,5990,6420
2013-08-13,2255186,5530,5530,5940,5530,5900
2013-08-14,1091639,5250,5300,5560,5300,5500
2013-08-16,617316,5130,5190,5360,5190,5300
2013-08-19,472546,5100,5180,5300,5180,5250
2013-08-20,511170,4840,4870,5160,4870,5140
2013-08-21,372314,4635,4915,4915,4915,4880
2013-08-22,693309,4710,4710,5120,4710,5020
2013-08-23,292162,4650,4905,4935,4905,4650
2013-08-26,148195,4830,4895,4940,4895,4920
2013-08-27,197073,4600,4640,4925,4640,4855
2013-08-28,89651,4460,4535,4580,4535,4520
2013-08-29,106200,4500,4635,4740,4635,4500
2013-08-30,77774,4520,4560,4705,4560,4670
2013-09-02,58121,4545,4615,4650,4615,4565
2013-09-03,107566,4600,4645,4730,4645,4615
2013-09-04,68896,4640,4650,4745,4650,4650
2013-09-05,171039,4650,4840,4840,4840,4700
2013-09-06,90681,4725,4800,4850,4800,4840
2013-09-09,73316,4745,4805,4850,4805,4755
2013-09-10,81075,4790,4835,4905,4835,4805
2013-09-11,60631,4735,4735,4895,4735,4875
2013-09-12,98387,4570,4580,4745,4580,4735
2013-09-13,53526,4535,4615,4640,4615,4535
2013-09-16,26718,4565,4580,4625,4580,4600
2013-09-17,42745,4575,4645,4655,4645,4580
2013-09-23,152844,4645,4850,4895,4850,4645
2013-09-24,87176,4800,4850,4895,4850,4855
2013-09-25,156563,4805,5030,5080,5030,4855
2013-09-26,109550,4930,4960,5050,4960,5050
2013-09-27,62049,4950,4990,5040,4990,4980
2013-09-30,65166,4930,4945,5000,4945,4955
2013-10-01,96398,4750,4790,4945,4790,4900
2013-10-02,45161,4795,4855,4915,4855,4795
2013-10-04,44980,4780,4825,4855,4825,4855
2013-10-07,163751,4745,4985,5020,4985,4830
2013-10-08,60314,4875,4980,4985,4980,4940
2013-10-10,145277,4935,5120,5150,5120,4980
2013-10-11,93118,5070,5170,5210,5170,5120
2013-10-14,141517,5060,5070,5300,5070,5290
2013-10-15,56978,5000,5060,5120,5060,5070
2013-10-16,77834,4900,4925,5110,4925,5030
2013-10-17,115552,4900,5010,5110,5010,5050
2013-10-18,64975,4970,5080,5130,5080,5010
2013-10-21,46367,5030,5050,5190,5050,5190
2013-10-22,43899,5030,5110,5140,5110,5060
2013-10-23,72463,5010,5010,5180,5010,5130
2013-10-24,59458,5010,5120,5120,5120,5010
2013-10-25,86741,5070,5180,5210,5180,5170
2013-10-28,160535,5150,5210,5300,5210,5200
2013-10-29,87919,5190,5220,5370,5220,5210
2013-10-30,71766,5200,5310,5330,5310,5250
2013-10-31,106284,5120,5170,5330,5170,5320
2013-11-01,56198,5100,5130,5250,5130,5230
2013-11-04,49455,5080,5130,5180,5130,5100
2013-11-05,60207,5080,5150,5190,5150,5100
2013-11-06,242239,5080,5380,5390,5380,5150
2013-11-07,150525,5320,5450,5480,5450,5450
2013-11-08,140094,5350,5500,5550,5500,5450
2013-11-11,142428,5210,5260,5500,5260,5450
2013-11-12,56776,5200,5350,5390,5350,5200
2013-11-13,177582,5200,5200,5550,5200,5370
2013-11-14,77171,5230,5350,5370,5350,5230
2013-11-15,144563,5290,5440,5530,5440,5320
2013-11-18,187041,5240,5320,5380,5320,5250
2013-11-19,146530,5240,5450,5460,5450,5310
2013-11-20,147999,5340,5400,5530,5400,5430
2013-11-21,80240,5270,5340,5420,5340,5400
2013-11-22,115917,5150,5280,5330,5280,5330
2013-11-25,61090,5190,5250,5330,5250,5280
2013-11-26,177295,5210,5320,5470,5320,5280
2013-11-27,75489,5260,5340,5380,5340,5380
2013-11-28,190389,5220,5220,5530,5220,5520
2013-11-29,84374,5150,5190,5320,5190,5260
2013-12-02,58590,5110,5140,5220,5140,5140
2013-12-03,57624,5120,5140,5220,5140,5150
2013-12-04,92805,5110,5170,5290,5170,5110
2013-12-05,34901,5130,5160,5220,5160,5220
2013-12-06,63565,5020,5100,5190,5100,5110
2013-12-09,117225,4930,4975,5190,4975,5190
2013-12-10,87671,4710,4795,4975,4795,4975
2013-12-11,57498,4650,4650,4885,4650,4750
2013-12-12,32413,4565,4700,4700,4700,4580
2013-12-13,26760,4650,4740,4750,4740,4750
2013-12-16,32297,4655,4680,4755,4680,4690
2013-12-17,37564,4520,4550,4755,4550,4650
2013-12-18,63892,4430,4565,4575,4565,4550
2013-12-19,55227,4500,4560,4695,4560,4580
2013-12-20,24901,4435,4565,4580,4565,4515
2013-12-23,35663,4530,4575,4635,4575,4535
2013-12-24,16876,4530,4585,4590,4585,4560
2013-12-26,24957,4515,4530,4625,4530,4585
2013-12-27,25767,4515,4550,4600,4550,4535
2013-12-30,31241,4500,4580,4590,4580,4530
2014-01-02,8726,4515,4520,4640,4520,4580
2014-01-03,20970,4430,4560,4565,4560,4430
2014-01-06,69683,4510,4700,4900,4700,4600
2014-01-07,35016,4610,4620,4770,4620,4770
2014-01-08,32102,4605,4685,4715,4685,4620
2014-01-09,25170,4670,4670,4770,4670,4690
2014-01-10,19850,4615,4615,4720,4615,4660
2014-01-13,294383,4650,4850,5290,4850,4670
2014-01-14,51010,4810,4845,4925,4845,4900
2014-01-15,24242,4800,4860,4895,4860,4895
2014-01-16,40396,4810,4850,4965,4850,4850
2014-01-17,27746,4845,4850,4915,4850,4915
2014-01-20,32550,4830,4870,4975,4870,4850
2014-01-21,34609,4810,4820,4910,4820,4910
2014-01-22,30778,4740,4770,4840,4770,4820
2014-01-23,39375,4715,4725,4820,4725,4820
2014-01-24,31225,4600,4660,4810,4660,4725
2014-01-27,62191,4415,4460,4545,4460,4520
2014-01-28,20529,4415,4530,4530,4530,4460
2014-01-29,23124,4555,4630,4635,4630,4600
2014-02-03,23282,4500,4540,4630,4540,4630
2014-02-04,92577,4455,4640,4830,4640,4485
2014-02-05,18890,4560,4570,4700,4570,4645
2014-02-06,21887,4515,4600,4635,4600,4635
2014-02-07,27019,4530,4600,4600,4600,4555
2014-02-10,23900,4570,4595,4650,4595,4570
2014-02-11,25973,4560,4630,4650,4630,4595
2014-02-12,48726,4620,4780,4780,4780,4630
2014-02-13,56315,4770,4835,4950,4835,4770
2014-02-14,83456,4820,4845,4945,4845,4900
2014-02-17,33058,4695,4705,4895,4705,4890
2014-02-18,26678,4680,4685,4770,4685,4770
2014-02-19,15702,4680,4765,4780,4765,4690
2014-02-20,20290,4660,4685,4765,4685,4745
2014-02-21,24197,4670,4715,4765,4715,4690
2014-02-24,12108,4660,4720,4730,4720,4720
2014-02-25,193865,4735,4850,4975,4850,4770
2014-02-26,212740,4800,4960,5110,4960,4850
2014-02-27,90615,4970,5040,5130,5040,5000
2014-02-28,38992,4985,5020,5100,5020,5040
2014-03-03,49294,4830,5020,5040,5020,5020
2014-03-04,58322,4910,5000,5030,5000,4920
2014-03-05,46899,4975,5060,5090,5060,5010
2014-03-06,30649,5010,5070,5090,5070,5040
2014-03-07,50469,5050,5050,5140,5050,5090
2014-03-10,42399,4980,5020,5090,5020,5060
2014-03-11,26581,4950,4990,5030,4990,5000
2014-03-12,50446,4960,5030,5050,5030,4985
2014-03-13,66627,4985,5110,5110,5110,4985
2014-03-14,134705,5000,5100,5250,5100,5060
2014-03-17,33098,5000,5020,5150,5020,5100
2014-03-18,107934,5020,5200,5250,5200,5080
2014-03-19,241452,5150,5250,5390,5250,5200
2014-03-20,70968,5160,5280,5310,5280,5280
2014-03-21,39995,5200,5260,5350,5260,5350
2014-03-24,114804,5110,5200,5250,5200,5210
2014-03-25,83782,5060,5110,5270,5110,5160
2014-03-26,43430,5110,5140,5240,5140,5110
2014-03-27,44242,5040,5130,5230,5130,5110
2014-03-28,50653,5140,5200,5260,5200,5180
2014-03-31,47681,5100,5110,5260,5110,5230
2014-04-01,267411,5130,5440,5480,5440,5130
2014-04-02,1838520,5520,6000,6200,6000,5580
2014-04-03,529449,5890,6020,6100,6020,6100
2014-04-04,1233483,5970,6280,6700,6280,6050
2014-04-07,341137,6100,6270,6310,6270,6160
2014-04-08,257135,6080,6180,6350,6180,6270
2014-04-09,468045,6100,6150,6500,6150,6200
2014-04-10,506555,6080,6390,6450,6390,6150
2014-04-11,2130742,6400,6500,7340,6500,6930
2014-04-14,521051,6330,6440,6670,6440,6520
2014-04-15,1426254,6430,6780,7300,6780,6530
2014-04-16,1628535,6730,7150,7250,7150,6920
2014-04-17,478831,6850,6940,7100,6940,7100
2014-04-18,463703,6860,6920,7160,6920,6990
2014-04-21,248880,6750,6830,7060,6830,6990
2014-04-22,249914,6790,6830,6920,6830,6850
2014-04-23,483334,6470,6500,6950,6500,6900
2014-04-24,756061,6450,6650,6780,6650,6530
2014-04-25,254229,6400,6410,6740,6410,6740
2014-04-28,235475,6340,6520,6690,6520,6380
2014-04-29,200994,6260,6330,6580,6330,6500
2014-04-30,161848,6280,6350,6420,6350,6320
2014-05-02,104131,6300,6410,6440,6410,6350
2014-05-07,168044,6230,6300,6520,6300,6410
2014-05-08,194046,6010,6240,6290,6240,6280
2014-05-09,96641,6160,6230,6300,6230,6260
2014-05-12,148810,6030,6130,6280,6130,6280
2014-05-13,138908,6090,6240,6340,6240,6170
2014-05-14,200509,6240,6400,6450,6400,6300
2014-05-15,107200,6320,6350,6500,6350,6440
2014-05-16,175662,6130,6190,6360,6190,6260
2014-05-19,375568,6130,6260,6530,6260,6180
2014-05-20,241269,6160,6390,6420,6390,6260
2014-05-21,206518,6250,6320,6480,6320,6390
2014-05-22,489205,6340,6440,6640,6440,6370
2014-05-23,231472,6380,6440,6570,6440,6470
2014-05-26,178572,6360,6410,6490,6410,6480
2014-05-27,158556,6210,6340,6460,6340,6410
2014-05-28,138505,6130,6130,6380,6130,6380
2014-05-29,179603,6130,6320,6320,6320,6170
2014-05-30,195394,6050,6080,6400,6080,6340
2014-06-02,355180,5400,5530,6070,5530,6070
2014-06-03,134670,5330,5520,5580,5520,5500
2014-06-05,98518,5350,5410,5590,5410,5520
2014-06-09,186708,5410,5630,5790,5630,5410
2014-06-10,77432,5520,5640,5710,5640,5550
2014-06-11,42093,5570,5690,5700,5690,5640
2014-06-12,54635,5540,5670,5730,5670,5700
2014-06-13,52170,5560,5640,5700,5640,5660
2014-06-16,54849,5640,5770,5860,5770,5640
2014-06-17,52778,5710,5750,5800,5750,5800
2014-06-18,42743,5700,5770,5800,5770,5800
2014-06-19,35772,5700,5770,5830,5770,5770
2014-06-20,62594,5600,5740,5780,5740,5770
2014-06-23,122577,5350,5500,5720,5500,5720
2014-06-24,94900,5330,5390,5500,5390,5430
2014-06-25,85432,5330,5350,5560,5350,5350
2014-06-26,38988,5310,5390,5440,5390,5310
2014-06-27,34336,5360,5440,5460,5440,5360
2014-06-30,25134,5440,5480,5510,5480,5440
2014-07-01,58195,5420,5440,5520,5440,5430
2014-07-02,84994,5420,5700,5720,5700,5490
2014-07-03,37542,5630,5670,5700,5670,5700
2014-07-04,41517,5610,5610,5720,5610,5670
2014-07-07,56538,5580,5690,5690,5690,5670
2014-07-08,56323,5670,5740,5780,5740,5670
2014-07-09,48860,5710,5760,5870,5760,5740
2014-07-10,153411,5720,5910,6000,5910,5800
2014-07-11,76539,5800,5800,5930,5800,5910
2014-07-14,64808,5770,5790,5890,5790,5810
2014-07-15,95809,5580,5580,5830,5580,5800
2014-07-16,108068,5390,5400,5600,5400,5600
2014-07-17,81038,5400,5400,5550,5400,5410
2014-07-18,53349,5380,5530,5540,5530,5380
2014-07-21,43605,5430,5470,5590,5470,5580
2014-07-22,60685,5390,5410,5490,5410,5410
2014-07-23,78822,5390,5450,5480,5450,5480
2014-07-24,59509,5380,5410,5480,5410,5480
2014-07-25,85106,5380,5570,5610,5570,5440
2014-07-28,53073,5450,5460,5600,5460,5590
2014-07-29,82714,5310,5490,5530,5490,5530
2014-07-30,179826,5520,5580,5940,5580,5650
2014-07-31,196866,5190,5320,5570,5320,5530
2014-08-01,49916,5180,5180,5340,5180,5290
2014-08-04,135491,5060,5110,5190,5110,5120
2014-08-05,64899,5020,5060,5190,5060,5130
2014-08-06,130633,4795,4950,5100,4950,5060
2014-08-07,57925,4835,4845,4995,4845,4995
2014-08-08,62516,4700,4770,4930,4770,4780
2014-08-11,49320,4700,4790,4835,4790,4775
2014-08-12,55935,4750,4875,4925,4875,4790
2014-08-13,57752,4760,4845,4960,4845,4840
2014-08-14,35390,4800,4845,4885,4845,4800
2014-08-18,36699,4755,4780,4930,4780,4845
2014-08-19,34419,4750,4780,4840,4780,4780
2014-08-20,71079,4675,4675,4845,4675,4775
2014-08-21,89692,4560,4600,4750,4600,4750
2014-08-22,37664,4575,4600,4700,4600,4575
2014-08-25,28928,4600,4650,4690,4650,4600
2014-08-26,81859,4655,4735,4780,4735,4740
2014-08-27,71600,4735,4825,4940,4825,4735
2014-08-28,71217,4800,4990,4990,4990,4800
2014-08-29,39612,4850,4855,5030,4855,5030
2014-09-01,20506,4800,4915,4920,4915,4900
2014-09-02,42069,4850,4895,4990,4895,4950
2014-09-03,544919,4885,5440,5570,5440,4895
2014-09-04,211695,5130,5130,5590,5130,5570
2014-09-05,70072,5000,5120,5150,5120,5070
2014-09-11,57567,5100,5220,5280,5220,5120
2014-09-12,67966,5130,5200,5220,5200,5220
2014-09-15,44587,5050,5120,5230,5120,5160
2014-09-16,66116,5010,5170,5170,5170,5060
2014-09-17,39629,5080,5180,5200,5180,5200
2014-09-18,54035,5090,5100,5180,5100,5150
2014-09-19,22494,5050,5120,5130,5120,5100
2014-09-22,62407,5060,5080,5180,5080,5130
2014-09-23,55970,4985,5050,5120,5050,5060
2014-09-24,44679,4985,5030,5120,5030,5060
2014-09-25,29690,4950,4980,5110,4980,5110
2014-09-26,70051,4810,4920,4980,4920,4980
2014-09-29,56206,4710,4800,4965,4800,4905
2014-09-30,71625,4665,4720,4820,4720,4750
2014-10-01,53001,4600,4635,4790,4635,4790
2014-10-02,40691,4620,4755,4790,4755,4635
2014-10-06,25698,4685,4690,4870,4690,4755
2014-10-07,37903,4640,4695,4785,4695,4665
2014-10-08,28558,4650,4815,4840,4815,4650
2014-10-10,63808,4645,4740,4815,4740,4815
2014-10-13,74229,4420,4430,4700,4430,4700
2014-10-14,27267,4455,4550,4585,4550,4545
2014-10-15,23542,4450,4515,4575,4515,4550
2014-10-16,40987,4320,4540,4620,4540,4500
2014-10-17,16498,4515,4560,4600,4560,4600
2014-10-20,33145,4500,4600,4630,4600,4590
2014-10-21,63811,4485,4560,4620,4560,4600
2014-10-22,30422,4500,4565,4585,4565,4570
2014-10-23,57835,4495,4555,4565,4555,4550
2014-10-24,44060,4495,4545,4570,4545,4560
2014-10-27,19279,4495,4535,4550,4535,4545
2014-10-28,55727,4495,4680,4765,4680,4520
2014-10-29,28922,4670,4765,4775,4765,4700
2014-10-30,35274,4660,4660,4800,4660,4765
2014-10-31,18965,4660,4720,4745,4720,4660
2014-11-03,14318,4660,4685,4785,4685,4705
2014-11-04,35112,4545,4545,4735,4545,4685
2014-11-05,34850,4460,4520,4560,4520,4545
2014-11-06,22187,4460,4525,4550,4525,4500
2014-11-07,18737,4470,4530,4530,4530,4490
2014-11-10,67802,4475,4600,4600,4600,4530
2014-11-11,277633,4600,4660,5140,4660,4790
2014-11-12,37695,4640,4740,4740,4740,4640
2014-11-13,24829,4700,4785,4785,4785,4760
2014-11-14,20103,4700,4765,4820,4765,4785
2014-11-17,27409,4700,4800,4805,4800,4785
2014-11-18,52506,4760,4900,4950,4900,4800
2014-11-19,37159,4880,5000,5060,5000,4880
2014-11-20,27760,4950,5010,5030,5010,4980
2014-11-21,23579,4935,5000,5050,5000,4990
2014-11-24,30862,4940,4995,5040,4995,4955
2014-11-25,12334,4910,4955,5010,4955,5000
2014-11-26,21308,4855,4855,4990,4855,4955
2014-11-27,26045,4860,4960,4980,4960,4860
2014-11-28,23243,4800,4910,4985,4910,4985
2014-12-01,28773,4875,4985,4995,4985,4875
2014-12-02,8430,4920,4970,5010,4970,4985
2014-12-03,37972,4910,4910,5000,4910,4990
2014-12-04,15249,4890,4895,4970,4895,4960
2014-12-05,14066,4880,4880,4930,4880,4895
2014-12-08,75922,4890,5030,5140,5030,4900
2014-12-09,21369,4965,5030,5090,5030,5010
2014-12-10,42710,4910,5090,5090,5090,5030
2014-12-11,41298,4975,5080,5100,5080,5040
2014-12-12,49241,4900,5050,5080,5050,5050
2014-12-15,39270,4905,4905,4990,4905,4950
2014-12-16,27950,4860,4870,4940,4870,4900
2014-12-17,20495,4800,4865,4920,4865,4840
2014-12-18,31399,4800,4845,4890,4845,4865
2014-12-19,20409,4755,4835,4880,4835,4845
2014-12-22,21361,4750,4810,4860,4810,4835
2014-12-23,63007,4700,4710,4845,4710,4800
2014-12-24,21400,4650,4705,4730,4705,4710
2014-12-26,26257,4640,4640,4715,4640,4705
2014-12-29,5517,4630,4645,4680,4645,4640
2014-12-30,10331,4635,4655,4710,4655,4645
2015-01-02,18776,4620,4675,4750,4675,4655
2015-01-05,18586,4655,4705,4745,4705,4745
2015-01-06,31720,4560,4640,4705,4640,4705
2015-01-07,100898,4625,4825,5120,4825,4640
2015-01-08,67725,4755,5030,5070,5030,4875
2015-01-09,53410,4980,5060,5120,5060,5000
2015-01-12,34927,4960,5000,5100,5000,5080
2015-01-13,18125,4900,4940,5000,4940,5000
2015-01-14,52352,4885,5050,5060,5050,4900
2015-01-15,114567,5030,5070,5310,5070,5110
2015-01-16,28024,5000,5090,5120,5090,5080
2015-01-19,28002,4940,5060,5170,5060,5120
2015-01-20,32362,5000,5060,5100,5060,5100
2015-01-21,36377,5020,5100,5130,5100,5060
2015-01-22,72398,5020,5080,5230,5080,5070
2015-01-23,126651,5050,5310,5310,5310,5090
2015-01-26,41139,5240,5330,5340,5330,5310
2015-01-27,273228,5080,5080,5650,5080,5330
2015-01-28,32150,5030,5140,5140,5140,5070
2015-01-29,32102,5060,5080,5180,5080,5140
2015-01-30,27726,4990,5060,5130,5060,5060
2015-02-02,20771,4940,5000,5060,5000,5060
2015-02-03,23786,4950,4980,5080,4980,5000
2015-02-04,26931,4970,5050,5090,5050,4980
2015-02-05,38378,4965,4970,5050,4970,5010
2015-02-06,30361,4900,4970,5010,4970,5010
2015-02-09,18516,4865,4905,4970,4905,4970
2015-02-10,40246,4780,4780,4940,4780,4900
2015-02-11,18229,4785,4920,4930,4920,4785
2015-02-12,45380,4845,4850,4990,4850,4970
2015-02-13,7067,4855,4885,4940,4885,4940
2015-02-16,25474,4890,4990,5000,4990,4970
2015-02-17,22934,4950,5000,5030,5000,4995
2015-02-23,49313,4890,5020,5060,5020,5000
2015-02-24,10533,4955,5020,5050,5020,4955
2015-02-25,40372,4980,5030,5070,5030,5060
2015-02-26,30221,4990,5030,5070,5030,5000
2015-02-27,28035,4985,5010,5050,5010,5000
2015-03-02,31239,4990,5010,5050,5010,5010
2015-03-03,47903,4995,5030,5090,5030,5020
2015-03-04,75845,5070,5110,5180,5110,5160
2015-03-05,112312,5090,5210,5240,5210,5110
2015-03-06,67036,5210,5210,5280,5210,5230
2015-03-09,55612,5200,5240,5290,5240,5230
2015-03-10,77858,5160,5200,5240,5200,5240
2015-03-11,45584,5170,5230,5270,5230,5200
2015-03-12,54440,5200,5270,5270,5270,5250
2015-03-13,85186,5290,5400,5450,5400,5300
2015-03-16,40297,5300,5380,5430,5380,5400
2015-03-17,124970,5340,5500,5500,5500,5350
2015-03-18,548770,5400,5540,5930,5540,5560
2015-03-19,100201,5480,5600,5700,5600,5500
2015-03-20,94842,5350,5350,5650,5350,5650
2015-03-23,75885,5310,5520,5550,5520,5310
2015-03-24,61981,5420,5550,5570,5550,5490
2015-03-25,40776,5450,5580,5580,5580,5550
2015-03-26,75808,5500,5640,5750,5640,5580
2015-03-27,53851,5550,5600,5760,5600,5760
2015-03-30,81548,5400,5490,5600,5490,5600
2015-03-31,116867,5340,5410,5490,5410,5490
2015-04-01,67268,5330,5450,5470,5450,5350
2015-04-02,145034,5450,5620,5710,5620,5490
2015-04-03,37411,5580,5630,5700,5630,5700
2015-04-06,43653,5590,5670,5710,5670,5590
2015-04-07,80397,5590,5640,5710,5640,5710
2015-04-08,71201,5600,5640,5690,5640,5620
2015-04-09,83252,5610,5760,5790,5760,5640
2015-04-10,121240,5770,5900,5950,5900,5770
2015-04-13,72119,5850,5870,5940,5870,5900
2015-04-14,106585,5850,5850,6100,5850,5910
2015-04-15,44115,5860,5930,6000,5930,5860
2015-04-16,74804,5920,6010,6090,6010,5950
2015-04-17,146854,5920,6190,6410,6190,5930
2015-04-20,622275,6500,6970,7100,6970,6500
2015-04-21,250924,6840,7070,7170,7070,7070
2015-04-22,222578,6300,6750,7110,6750,7070
2015-04-23,97857,6630,6770,7070,6770,6990
2015-04-24,102814,6560,6610,6790,6610,6780
2015-04-27,50504,6590,6740,6800,6740,6680
2015-04-28,126073,6700,7170,7170,7170,6840
2015-04-29,172585,6970,7090,7310,7090,7300
2015-04-30,2087262,7180,7640,8150,7640,7180
2015-05-04,270317,7570,7650,7950,7650,7640
2015-05-06,163577,7320,7520,7740,7520,7650
2015-05-07,129619,7460,7680,7870,7680,7680
2015-05-08,164245,7590,7900,7900,7900,7820
2015-05-11,409299,7690,7690,8230,7690,8050
2015-05-12,285730,7290,7500,7740,7500,7690
2015-05-13,319605,7480,7570,8080,7570,7680
2015-05-14,194307,7280,7280,7590,7280,7590
2015-05-15,113745,7280,7400,7480,7400,7350
2015-05-18,179948,7030,7040,7500,7040,7500
2015-05-19,265860,6550,7000,7040,7000,6990
2015-05-20,240168,6750,7240,7240,7240,7000
2015-05-21,169199,7090,7130,7480,7130,7400
2015-05-22,78572,7000,7100,7230,7100,7230
2015-05-26,93126,6850,6950,7160,6950,7100
2015-05-27,235135,6630,6750,6920,6750,6820
2015-05-28,101709,6700,6980,6980,6980,6840
2015-05-29,128988,6650,6760,7000,6760,6950
2015-06-01,85430,6600,6790,6790,6790,6650
2015-06-02,121962,6590,6590,6890,6590,6890
2015-06-03,263104,6530,6830,7070,6830,6590
2015-06-04,664188,6830,7730,7850,7730,6980
2015-06-05,332141,7500,7700,7930,7700,7500
2015-06-08,1117413,7700,8590,8790,8590,7720
2015-06-09,947263,8790,9250,9350,9250,8800
2015-06-10,1646974,9300,9790,10550,9790,9380
2015-06-11,1973378,10150,11250,11250,11250,10400
2015-06-12,3672893,10850,11650,12400,11650,11750
2015-06-15,1205979,10750,11200,12100,11200,11400
2015-06-16,2106899,10600,11750,12250,11750,10950
2015-06-17,2584168,11900,12400,13850,12400,12750
2015-06-18,646018,12200,12900,12900,12900,12300
2015-06-19,897972,11800,12350,12800,12350,12800
2015-06-22,367503,11800,11950,12500,11950,12350
2015-06-23,506754,11700,12100,12350,12100,11950
2015-06-24,537239,11350,11650,12050,11650,11950
2015-06-25,559748,11500,11650,12200,11650,11650
2015-06-26,593857,11400,12200,12250,12200,11750
2015-06-29,500401,11300,11500,11900,11500,11700
2015-06-30,1117128,11100,12100,12450,12100,11250
2015-07-01,2017470,12050,13900,14250,13900,12250
2015-07-02,981305,13100,13250,14250,13250,14250
2015-07-03,1299132,13100,13850,14800,13850,13450
2015-07-06,711449,12500,12650,13600,12650,13300
2015-07-07,599760,11750,12200,13200,12200,13000
2015-07-08,1462013,10300,10600,12200,10600,12050
2015-07-09,851016,9920,10650,10750,10650,10200
2015-07-10,875270,10450,11300,11550,11300,10750
2015-07-13,408862,11000,11300,11650,11300,11150
2015-07-14,576898,11400,12000,12350,12000,11500
2015-07-15,322396,11400,11750,11950,11750,11800
2015-07-16,393887,11650,11700,12350,11700,11850
2015-07-17,556405,11400,12250,12700,12250,11850
2015-07-20,268972,11700,11800,12400,11800,12250
2015-07-21,187629,11600,11800,12050,11800,11650
2015-07-22,393657,11450,11750,12400,11750,11750
2015-07-23,377430,11500,11550,12300,11550,12000
2015-07-24,171993,11450,11600,11850,11600,11700
2015-07-27,277451,10500,10750,11750,10750,11450
2015-07-28,174562,10400,10950,10950,10950,10700
2015-07-29,141542,10500,10550,11100,10550,11050
2015-07-30,423339,9910,9910,10850,9910,10600
2015-07-31,173231,9500,10500,10500,10500,9800
2015-08-03,100413,10100,10250,11050,10250,10500
2015-08-04,102205,10100,10850,10850,10850,10250
2015-08-05,359311,11100,11100,11700,11100,11500
2015-08-06,146981,10900,11250,11250,11250,11050
2015-08-07,190049,11100,11500,11850,11500,11100
2015-08-10,134138,11200,11550,11800,11550,11500
2015-08-11,223880,11200,11200,12050,11200,11800
2015-08-12,299796,10050,10950,11650,10950,11500
2015-08-13,241298,10600,11700,11800,11700,10950
2015-08-14,0,11700,11700,11700,11700,11700
2015-08-17,425341,11500,12300,12500,12300,11750
2015-08-18,431766,11100,11250,12850,11250,12700
2015-08-19,210346,10600,10950,11200,10950,11000
2015-08-20,156982,10350,10400,11200,10400,10500
2015-08-21,281451,9940,10150,10200,10150,10000
2015-08-24,196493,9700,9860,10250,9860,10000
2015-08-25,246017,9780,10100,10450,10100,9970
2015-08-26,202872,9990,10650,10750,10650,10200
2015-08-27,127961,10400,10600,11050,10600,10850
2015-08-28,179747,10350,10400,11150,10400,10900
2015-08-31,153725,10500,10550,10900,10550,10850
2015-09-01,89378,10250,10250,10700,10250,10600
2015-09-02,120169,9950,10650,10700,10650,10000
2015-09-03,93686,10250,10400,10800,10400,10650
2015-09-04,133157,9970,10050,10750,10050,10400
2015-09-07,224953,10050,10700,10900,10700,10150
2015-09-08,1238573,10750,12400,12400,12400,10750
2015-09-09,693790,11850,12700,12700,12700,12400
2015-09-10,379277,12250,12750,13050,12750,12600
2015-09-11,758406,12550,13150,13400,13150,12850
2015-09-14,446284,12200,12600,13200,12600,13000
2015-09-15,319386,12150,12500,12950,12500,12450
2015-09-16,179600,12550,12650,12900,12650,12850
2015-09-17,394851,12350,12350,13300,12350,12550
2015-09-18,348579,12350,12450,13000,12450,12600
2015-09-21,212195,11750,12450,12450,12450,12150
2015-09-22,164253,12400,12500,12750,12500,12700
2015-09-23,518294,12250,12600,13250,12600,12350
2015-09-24,810786,12750,13550,13900,13550,12750
2015-09-25,202788,13150,13350,13800,13350,13500
2015-09-30,424406,12500,12900,13800,12900,13500
2015-10-01,185813,12900,13250,13400,13250,13150
2015-10-02,129103,12950,13000,13300,13000,13300
2015-10-05,113926,12900,13000,13350,13000,13100
2015-10-06,251078,12300,12300,13150,12300,13150
2015-10-07,364728,11750,12150,12750,12150,12350
2015-10-08,86743,12050,12200,12450,12200,12200
2015-10-12,110253,11950,11950,12400,11950,12200
2015-10-13,116872,11950,12600,12600,12600,12200
2015-10-14,288573,12400,12700,13300,12700,12850
2015-10-15,512749,12600,13550,13700,13550,12900
2015-10-16,382632,13350,13950,14200,13950,13550
2015-10-19,428054,13600,14550,14700,14550,14000
2015-10-20,167686,14200,14500,14900,14500,14500
2015-10-21,369936,13300,13800,14700,13800,14300
2015-10-22,226398,13200,13300,14150,13300,13800
2015-10-23,277282,13350,14700,15250,14700,13450
2015-10-26,363715,14100,14250,14800,14250,14700
2015-10-27,182914,13650,13800,14450,13800,14300
2015-10-28,640607,12600,13250,13950,13250,13950
2015-10-29,207736,12750,13050,13200,13050,13150
2015-10-30,350073,12900,13750,13850,13750,13050
2015-11-02,167367,13400,13700,14300,13700,13750
2015-11-03,252642,12850,12950,13800,12950,13650
2015-11-04,242609,12400,13000,13150,13000,12900
2015-11-05,195959,12500,12600,13150,12600,13000
2015-11-06,455117,11550,11600,12700,11600,12600
2015-11-09,281708,11150,12100,12400,12100,11300
2015-11-10,309115,11150,12500,12500,12500,11650
2015-11-11,215028,11900,12500,12900,12500,12400
2015-11-12,222242,12350,12500,13150,12500,12600
2015-11-13,154544,11850,11900,12550,11900,12400
2015-11-16,172110,10950,11050,11700,11050,11500
2015-11-17,98114,11250,11600,11750,11600,11350
2015-11-18,80519,11500,11700,12050,11700,11700
2015-11-19,60816,11600,11800,12050,11800,11800
2015-11-20,533518,11800,12750,13200,12750,12000
2015-11-23,116350,12500,12900,12900,12900,12650
2015-11-24,104489,12300,12350,12850,12350,12800
2015-11-25,117660,11550,12050,12500,12050,12100
2015-11-26,100707,11950,12050,12450,12050,12300
2015-11-27,92241,11750,12100,12200,12100,12200
2015-11-30,93416,11700,11800,12050,11800,12050
2015-12-01,79313,11650,11850,12000,11850,12000
2015-12-02,136729,11800,12250,12600,12250,11950
2015-12-03,102205,12150,12200,12600,12200,12600
2015-12-04,74348,11800,12000,12300,12000,11850
2015-12-07,44202,12000,12150,12350,12150,12000
2015-12-08,62845,11750,11850,12150,11850,12000
2015-12-09,66167,11550,11700,11950,11700,11750
2015-12-10,112068,10800,11450,11800,11450,11500
2015-12-11,51107,11550,11550,11800,11550,11650
2015-12-14,117379,10800,10850,11500,10850,11500
2015-12-15,41172,10850,10850,11400,10850,10950
2015-12-16,49703,11000,11250,11350,11250,11000
2015-12-17,68208,11300,11550,11750,11550,11400
2015-12-18,98610,11550,12100,12100,12100,11550
2015-12-21,125505,11850,12000,12450,12000,12250
2015-12-22,1921546,12000,13900,14450,13900,12250
2015-12-23,876676,13150,13200,14350,13200,14200
2015-12-24,319362,12850,13150,13450,13150,13150
2015-12-28,344458,12600,12600,13350,12600,13150
2015-12-29,323053,12600,13200,13400,13200,12600
2015-12-30,288746,13200,13700,13900,13700,13200
2016-01-04,242544,13450,13450,14000,13450,13700
2016-01-05,423090,13400,14300,14300,14300,13400
2016-01-06,782909,14250,14500,15200,14500,14600
2016-01-07,263566,13800,14250,14600,14250,14300
2016-01-08,264850,13650,13950,14100,13950,13800
2016-01-11,222575,13300,13700,13850,13700,13700
2016-01-12,215553,13200,13350,13850,13350,13850
2016-01-13,143810,13300,13350,13650,13350,13600
2016-01-14,301273,12550,12850,13350,12850,13050
2016-01-15,322797,12000,12300,13100,12300,13050
2016-01-18,157664,12000,12500,12550,12500,12050
2016-01-19,177966,11800,12150,12500,12150,12350
2016-01-20,207414,11500,11600,12250,11600,12100
2016-01-21,113149,11300,11450,11950,11450,11700
2016-01-22,105010,11500,11750,11950,11750,11700
2016-01-25,114009,11700,12100,12150,12100,11750
2016-01-26,121389,11700,11750,12100,11750,12000
2016-01-27,310733,11900,12700,12850,12700,11900
2016-01-28,239755,12550,13100,13200,13100,12850
2016-01-29,366269,13050,13600,13800,13600,13200
2016-02-01,177385,13100,13350,13850,13350,13600
2016-02-02,199376,13000,13250,13550,13250,13400
2016-02-03,192602,12750,13000,13500,13000,13300
2016-02-04,170231,12500,12600,13150,12600,13000
2016-02-05,121425,12600,12750,13000,12750,12600
2016-02-11,523595,11500,11700,12750,11700,12750
2016-02-12,622860,9990,10250,11500,10250,11300
2016-02-15,168561,10150,10350,10600,10350,10450
2016-02-16,134827,10450,10650,10850,10650,10450
2016-02-17,186689,10150,10200,10750,10200,10650
2016-02-18,149022,10250,10350,10650,10350,10400
2016-02-19,116451,10300,10600,10950,10600,10300
2016-02-22,98767,10400,10500,10650,10500,10650
2016-02-23,63700,10300,10350,10700,10350,10600
2016-02-24,83852,10200,10350,10550,10350,10350
2016-02-25,93040,10200,10300,10500,10300,10400
2016-02-26,114068,10050,10200,10400,10200,10400
2016-02-29,414189,9550,9770,10300,9770,10200
2016-03-02,325486,9490,9580,9930,9580,9770
2016-03-03,198817,9440,9830,9900,9830,9580
2016-03-04,119374,9710,9780,9930,9780,9850
2016-03-07,197913,9770,9990,10150,9990,9770
2016-03-08,93941,9800,9880,9990,9880,9990
2016-03-09,66706,9800,9940,10000,9940,9900
2016-03-10,78684,9850,9900,10050,9900,9960
2016-03-11,69346,9800,9830,9960,9830,9850
2016-03-14,502609,9860,10750,10900,10750,9860
2016-03-15,132008,10500,10550,10950,10550,10850
2016-03-16,79523,10450,10650,10850,10650,10550
2016-03-17,298634,10450,11150,11300,11150,10700
2016-03-18,126552,10900,11000,11300,11000,11250
2016-03-21,95906,10700,10750,11200,10750,11000
2016-03-22,95772,10450,10600,10850,10600,10850
2016-03-23,55617,10550,10550,10800,10550,10600
2016-03-24,100853,10300,10550,10700,10550,10450
2016-03-25,97604,10300,10300,10600,10300,10400
2016-03-28,63224,10150,10200,10400,10200,10300
2016-03-29,131562,10250,10750,10750,10750,10250
2016-03-30,69439,10600,10750,10850,10750,10700
2016-03-31,75939,10400,10600,10800,10600,10800
2016-04-01,78659,10350,10400,10650,10400,10650
2016-04-04,88793,10200,10450,10650,10450,10350
2016-04-05,170034,10300,10850,10950,10850,10400
2016-04-06,252361,9950,10050,10850,10050,10850
2016-04-07,212626,10050,10400,10650,10400,10200
2016-04-08,87547,10200,10400,10450,10400,10450
2016-04-11,159543,10250,10900,10950,10900,10500
2016-04-12,135767,10400,10600,10900,10600,10900
2016-04-14,215077,10250,10350,10800,10350,10600
2016-04-15,183920,10000,10100,10550,10100,10500
2016-04-18,94154,10050,10050,10250,10050,10150
2016-04-19,103199,10050,10250,10300,10250,10100
2016-04-20,55642,10150,10200,10350,10200,10300
2016-04-21,176131,9960,10300,10500,10300,10300
2016-04-22,77757,10300,10350,10500,10350,10350
2016-04-25,92894,10150,10450,10450,10450,10400
2016-04-26,191917,10350,10750,10800,10750,10450
2016-04-27,103792,10400,10450,10800,10450,10750
2016-04-28,102632,10450,10700,10800,10700,10500
2016-04-29,109979,10350,10400,10750,10400,10700
2016-05-02,1588357,10500,11900,11900,11900,10500
2016-05-03,652070,11200,11200,11750,11200,11650
2016-05-04,276190,10650,10750,11250,10750,11150
2016-05-09,216954,10300,10300,10850,10300,10750
2016-05-10,110906,10250,10350,10450,10350,10300
2016-05-11,89112,10250,10450,10450,10450,10450
2016-05-12,148000,10350,10600,10700,10600,10400
2016-05-13,69435,10400,10500,10600,10500,10600
2016-05-16,165601,10450,10650,10900,10650,10500
2016-05-17,153283,10550,10700,11000,10700,10700
2016-05-18,112009,10400,10450,10800,10450,10650
2016-05-19,148159,10100,10100,10550,10100,10350
2016-05-20,60412,10150,10250,10350,10250,10150
2016-05-23,62213,10150,10250,10400,10250,10200
2016-05-24,67241,10200,10350,10350,10350,10300
2016-05-25,64768,10250,10300,10450,10300,10300
2016-05-26,80666,10150,10250,10350,10250,10300
2016-05-27,125704,10000,10050,10300,10050,10300
2016-05-30,63782,10000,10100,10200,10100,10100
2016-05-31,236252,10100,10700,10800,10700,10100
2016-06-01,167511,10500,10850,10950,10850,10700
2016-06-02,174311,10650,10900,11050,10900,10900
2016-06-03,225074,10800,11300,11450,11300,10950
2016-06-07,155555,10950,11100,11400,11100,11300
2016-06-08,195930,11050,11500,11550,11500,11100
2016-06-09,112349,11200,11200,11600,11200,11500
2016-06-10,163982,11250,11450,11600,11450,11350
2016-06-13,107574,11000,11050,11500,11050,11450
2016-06-14,161754,10750,11350,11350,11350,11100
2016-06-15,63857,11100,11150,11400,11150,11400
2016-06-16,177511,10450,10600,11250,10600,11250
2016-06-17,117465,10400,10550,10900,10550,10700
2016-06-20,92905,10300,10800,10850,10800,10650
2016-06-21,98833,10600,10900,11000,10900,10850
2016-06-22,58186,10650,10650,10950,10650,10950
2016-06-23,76948,10350,10400,10650,10400,10650
2016-06-24,376165,9590,9620,10700,9620,10500
2016-06-27,384016,9050,9250,9580,9250,9350
2016-06-28,135423,9050,9350,9400,9350,9050
2016-06-29,174158,9380,9500,9600,9500,9490
2016-06-30,100240,9570,9590,9670,9590,9600
2016-07-01,146446,9630,9700,9880,9700,9650
2016-07-04,117986,9670,9970,9980,9970,9800
2016-07-05,1560995,9930,11100,11800,11100,9990
2016-07-06,1194155,10950,11300,11550,11300,11250
2016-07-07,627535,11150,11500,11550,11500,11300
2016-07-08,1306941,11000,11000,12150,11000,11600
2016-07-11,369187,11050,11450,11600,11450,11200
2016-07-12,291678,11350,11550,11700,11550,11550
2016-07-13,210375,11400,11500,11800,11500,11700
2016-07-14,435333,11500,11750,11950,11750,11800
2016-07-15,253098,11150,11150,11850,11150,11800
2016-07-18,114267,11200,11450,11650,11450,11200
2016-07-19,114386,11150,11300,11550,11300,11500
2016-07-20,83163,11100,11100,11450,11100,11450
2016-07-21,106738,11100,11200,11300,11200,11250
2016-07-22,129111,10900,10950,11350,10950,11200
2016-07-25,209853,11000,11100,11450,11100,11200
2016-07-26,174442,11050,11400,11500,11400,11150
2016-07-27,199034,11000,11100,11650,11100,11350
2016-07-28,258856,10500,10600,11150,10600,11100
2016-07-29,223642,10300,10400,10700,10400,10600
2016-08-01,118025,10250,10500,10500,10500,10400
2016-08-02,213328,10050,10150,10450,10150,10450
2016-08-03,96749,10050,10250,10450,10250,10150
2016-08-04,203098,10300,10600,10700,10600,10300
2016-08-05,66900,10350,10450,10650,10450,10600
2016-08-08,93422,10350,10600,10650,10600,10500
2016-08-09,121459,10350,10400,10800,10400,10750
2016-08-10,217879,10350,10800,10900,10800,10500
2016-08-11,110183,10550,10550,10850,10550,10850
2016-08-12,174950,10500,10850,10950,10850,10600
2016-08-16,177007,10650,10650,11050,10650,10850
2016-08-17,161450,10600,10750,11000,10750,10650
2016-08-18,158591,10400,10500,10900,10500,10800
2016-08-19,94183,10350,10450,10650,10450,10500
2016-08-22,107290,10200,10350,10550,10350,10550
2016-08-23,58580,10200,10250,10450,10250,10350
2016-08-24,54918,10200,10400,10450,10400,10250
2016-08-25,59117,10200,10300,10500,10300,10400
2016-08-26,72020,10100,10200,10350,10200,10250
2016-08-29,106776,10000,10050,10300,10050,10300
2016-08-30,59558,10000,10150,10200,10150,10100
2016-08-31,94584,9910,9990,10100,9990,10100
2016-09-01,62074,9970,10200,10300,10200,9990
2016-09-02,40709,10000,10100,10300,10100,10200
2016-09-05,120859,10300,10300,10650,10300,10350
2016-09-06,77017,10300,10600,10650,10600,10350
2016-09-07,75028,10300,10400,10700,10400,10600
2016-09-08,104760,10050,10250,10450,10250,10350
2016-09-09,37170,10100,10150,10300,10150,10250
2016-09-12,49781,9970,10100,10200,10100,9970
2016-09-13,56350,10150,10200,10400,10200,10200
2016-09-19,91457,10200,10500,10550,10500,10200
2016-09-20,149222,10500,10800,10850,10800,10700
2016-09-21,126819,10750,10850,11100,10850,10900
2016-09-22,90951,10650,10700,10900,10700,10800
2016-09-23,129354,10650,10800,11000,10800,10750
2016-09-26,64682,10750,10800,11000,10800,10750
2016-09-27,43580,10650,10800,10850,10800,10850
2016-09-28,94213,10450,10500,10800,10500,10700
2016-09-29,92306,10350,10400,10550,10400,10500
2016-09-30,85169,10250,10350,10550,10350,10400
2016-10-04,48381,10350,10550,10650,10550,10350
2016-10-05,34326,10400,10450,10550,10450,10500
2016-10-06,60756,10450,10500,10600,10500,10500
2016-10-07,370197,10550,10850,11300,10850,10600
2016-10-10,57187,10650,10750,10900,10750,10850
2016-10-11,83823,10450,10600,10900,10600,10750
2016-10-12,201408,10750,10750,11000,10750,10900
2016-10-13,54761,10550,10650,10850,10650,10800
2016-10-14,260833,10600,11200,11200,11200,10700
2016-10-17,114451,10950,11050,11300,11050,11250
2016-10-18,109626,10700,10750,11100,10750,10950
2016-10-19,79492,10650,10850,10900,10850,10750
2016-10-20,188183,10300,10300,10950,10300,10900
2016-10-21,97061,10200,10500,10600,10500,10300
2016-10-24,41219,10300,10450,10500,10450,10450
2016-10-25,79813,10150,10350,10500,10350,10400
2016-10-26,92271,10000,10200,10400,10200,10300
2016-10-27,56284,10150,10300,10400,10300,10200
2016-10-28,46568,10100,10200,10300,10200,10300
2016-10-31,77905,9970,10100,10200,10100,10150
2016-11-01,56820,9970,10200,10300,10200,10050
2016-11-02,141881,9670,9670,10200,9670,10100
2016-11-03,91411,9630,10150,10200,10150,9710
2016-11-04,41638,9950,10200,10300,10200,10000
2016-11-07,53858,10150,10350,10350,10350,10250
2016-11-08,63561,10100,10200,10400,10200,10400
2016-11-09,214823,9380,9860,10300,9860,10250
2016-11-10,84669,9860,9950,10050,9950,10000
2016-11-11,78225,9760,9950,10000,9950,10000
2016-11-14,393116,8910,9400,9520,9400,9200
2016-11-15,62185,9180,9210,9390,9210,9390
2016-11-16,67239,9190,9270,9330,9270,9220
2016-11-17,24548,9250,9330,9340,9330,9270
2016-11-18,42945,9250,9370,9410,9370,9250
2016-11-21,20573,9120,9260,9360,9260,9360
2016-11-22,15783,9200,9270,9300,9270,9200
2016-11-23,63101,8970,9000,9330,9000,9330
2016-11-24,131888,8420,8420,9200,8420,8870
2016-11-25,129038,8060,8200,8470,8200,8220
2016-11-28,39555,8070,8080,8230,8080,8130
2016-11-29,68477,8000,8200,8250,8200,8020
2016-11-30,36769,8200,8260,8340,8260,8270
2016-12-01,27437,8050,8170,8270,8170,8230
2016-12-02,35228,7950,8000,8170,8000,8170
2016-12-05,33822,7800,8020,8100,8020,8000
2016-12-06,27514,7930,8040,8110,8040,7950
2016-12-07,97331,7930,8180,8500,8180,8040
2016-12-08,36830,8130,8180,8350,8180,8130
2016-12-09,28232,8070,8230,8270,8230,8180
2016-12-12,39440,8200,8280,8320,8280,8230
2016-12-13,42776,8230,8400,8470,8400,8240
2016-12-14,41929,8300,8390,8520,8390,8400
2016-12-15,20514,8300,8430,8490,8430,8430
2016-12-16,17174,8370,8430,8480,8430,8390
2016-12-19,20945,8310,8320,8430,8320,8430
2016-12-20,29550,8250,8270,8400,8270,8350
2016-12-21,64291,8020,8070,8390,8070,8390
2016-12-22,48075,8000,8240,8260,8240,8080
2016-12-23,141976,8250,8540,8650,8540,8300
2016-12-26,132562,8460,8560,8950,8560,8750
2016-12-27,58269,8440,8450,8600,8450,8600
2016-12-28,151867,8500,9000,9080,9000,8550
2016-12-29,102783,8940,9000,9120,9000,9100
2017-01-02,66478,8890,9200,9240,9200,9000
2017-01-03,86329,9140,9310,9440,9310,9280
2017-01-04,37413,9210,9270,9350,9270,9350
2017-01-05,47886,9170,9280,9350,9280,9270
2017-01-06,35304,9250,9260,9350,9260,9280
2017-01-09,34815,9260,9310,9350,9310,9260
2017-01-10,31948,9180,9210,9340,9210,9280
2017-01-11,23293,9190,9220,9300,9220,9300
2017-01-12,429363,9340,9500,10250,9500,9360
2017-01-13,82850,9370,9600,9600,9600,9500
2017-01-16,46965,9420,9550,9630,9550,9630
2017-01-17,71167,9300,9320,9500,9320,9450
2017-01-18,38216,9240,9350,9470,9350,9280
2017-01-19,38323,9230,9300,9460,9300,9430
2017-01-20,56320,9120,9320,9350,9320,9300
2017-01-23,49292,9180,9290,9440,9290,9300
2017-01-24,77048,9000,9010,9290,9010,9200
2017-01-25,54926,9020,9110,9190,9110,9020
2017-01-26,37662,9060,9180,9230,9180,9100
2017-01-31,32998,9130,9170,9280,9170,9180
2017-02-01,120534,9170,9550,9560,9550,9170
2017-02-02,103384,9200,9280,9650,9280,9650
2017-02-03,81089,9090,9250,9320,9250,9250
2017-02-06,21195,9200,9250,9400,9250,9200
2017-02-07,43320,9180,9300,9350,9300,9300
2017-02-08,25827,9180,9230,9300,9230,9230
2017-02-09,27614,9140,9230,9380,9230,9230
2017-02-10,41234,9090,9100,9290,9100,9230
2017-02-13,19222,9040,9120,9200,9120,9200
2017-02-14,41143,9140,9270,9370,9270,9180
2017-02-15,44430,9230,9390,9420,9390,9250
2017-02-16,26125,9290,9390,9400,9390,9390
2017-02-17,54867,9290,9460,9470,9460,9320
2017-02-20,21616,9350,9460,9480,9460,9480
2017-02-21,27767,9390,9470,9500,9470,9500
2017-02-22,24729,9330,9380,9470,9380,9470
2017-02-23,27347,9300,9350,9430,9350,9380
2017-02-24,101234,8990,9160,9440,9160,9410
2017-02-27,28132,9120,9160,9300,9160,9160
2017-02-28,20876,9150,9150,9280,9150,9160
2017-03-02,20128,9150,9250,9350,9250,9150
2017-03-03,28617,9100,9150,9290,9150,9160
2017-03-06,18624,9120,9160,9230,9160,9150
2017-03-07,64410,9120,9380,9420,9380,9210
2017-03-08,43113,9320,9380,9450,9380,9400
2017-03-09,193194,9410,9500,9700,9500,9500
2017-03-10,62565,9250,9600,9620,9600,9500
2017-03-13,139727,9500,9800,9890,9800,9600
2017-03-14,41162,9710,9780,9870,9780,9850
2017-03-15,158399,9740,10050,10150,10050,9820
2017-03-16,135654,9990,10200,10400,10200,10100
2017-03-17,69539,9990,10300,10350,10300,10200
2017-03-20,52419,10100,10350,10350,10350,10200
2017-03-21,99310,10200,10350,10400,10350,10350
2017-03-22,78751,10150,10300,10300,10300,10250
2017-03-23,65749,10200,10300,10350,10300,10300
2017-03-24,71653,10200,10350,10550,10350,10200
2017-03-27,23626,10350,10350,10450,10350,10350
2017-03-28,44904,10300,10350,10500,10350,10400
2017-03-29,155784,10400,10600,10850,10600,10400
2017-03-30,52553,10600,10700,10800,10700,10700
2017-03-31,137490,10600,10900,10950,10900,10650
2017-04-03,64273,10800,10900,11000,10900,10900
2017-04-04,58256,10700,10800,10900,10800,10900
2017-04-05,95752,10550,10550,10850,10550,10650
2017-04-06,70426,10400,10800,10800,10800,10650
2017-04-07,25501,10600,10750,10900,10750,10900
2017-04-10,94404,10400,10650,10800,10650,10800
2017-04-11,94710,10150,10400,10600,10400,10500
2017-04-12,73359,10150,10300,10400,10300,10400
2017-04-13,55932,10350,10500,10550,10500,10400
2017-04-14,26989,10300,10300,10600,10300,10500
2017-04-17,86706,10150,10300,10400,10300,10300
2017-04-18,106601,10250,10300,10400,10300,10300
2017-04-19,68307,10200,10250,10350,10250,10300
2017-04-20,124890,10200,10350,10450,10350,10250
2017-04-21,43419,10200,10300,10450,10300,10450
2017-04-24,70686,10100,10150,10400,10150,10300
2017-04-25,81405,10000,10150,10400,10150,10200
2017-04-26,269307,9970,10550,10650,10550,10150
2017-04-27,122031,10300,10300,10650,10300,10500
2017-04-28,104235,10100,10250,10450,10250,10350
2017-05-02,84035,10000,10050,10350,10050,10250
2017-05-04,99767,9970,10200,10300,10200,10050
2017-05-08,48107,10100,10200,10300,10200,10200
2017-05-10,155864,10250,10500,10650,10500,10300
2017-05-11,198772,10150,10500,10500,10500,10200
2017-05-12,148889,10150,10200,10600,10200,10550
2017-05-15,155190,9990,10100,10300,10100,10200
2017-05-16,253106,9620,9620,10150,9620,10100
2017-05-17,781097,8690,8850,9620,8850,9620
2017-05-18,203755,8570,8800,8920,8800,8750
2017-05-19,184702,8650,8750,8870,8750,8800
2017-05-22,138658,8620,8690,8800,8690,8750
2017-05-23,88252,8590,8810,8810,8810,8690
2017-05-24,77010,8700,8780,8870,8780,8870
2017-05-25,77685,8610,8620,8880,8620,8830
2017-05-26,119527,8560,8770,8900,8770,8560
2017-05-29,60602,8740,8800,8900,8800,8770
2017-05-30,88090,8750,8830,8870,8830,8750
2017-05-31,117052,8760,8990,9090,8990,8790
2017-06-01,71267,8850,8900,9050,8900,8990
2017-06-02,69721,8850,8890,8950,8890,8880
2017-06-05,3856967,8860,8900,8980,8900,8860
2017-06-07,3007878,8900,9180,10600,9180,8900
2017-06-08,325982,9000,9010,9310,9010,9280
2017-06-09,262534,8980,9290,9410,9290,9010
2017-06-12,159210,9170,9240,9330,9240,9290
2017-06-13,151837,9020,9100,9240,9100,9220
2017-06-14,75205,9050,9070,9250,9070,9070
2017-06-15,71201,9030,9100,9190,9100,9090
2017-06-16,68654,8940,9020,9140,9020,9070
2017-06-19,88538,8880,8960,9080,8960,8990
2017-06-20,113809,8920,8930,9150,8930,8960
2017-06-21,125797,8720,8730,8940,8730,8930
2017-06-22,81498,8650,8660,8800,8660,8730
2017-06-23,35128,8610,8660,8700,8660,8660
2017-06-26,95011,8570,8670,8840,8670,8660
2017-06-27,45471,8610,8770,8840,8770,8610
2017-06-28,39326,8680,8700,8880,8700,8880
2017-06-29,54093,8650,8670,8740,8670,8700
2017-06-30,19290,8610,8630,8710,8630,8610
2017-07-03,49982,8590,8600,8720,8600,8630
2017-07-04,40228,8510,8580,8640,8580,8550
2017-07-05,50328,8420,8540,8580,8540,8580
2017-07-06,67578,8540,8800,8890,8800,8540
2017-07-07,52454,8760,8930,8960,8930,8850
2017-07-10,31193,8810,8810,8980,8810,8850
2017-07-11,26377,8810,8810,8950,8810,8950
2017-07-12,33379,8670,8820,8900,8820,8900
2017-07-13,86315,8800,9090,9170,9090,8900
2017-07-14,35449,8880,8950,9100,8950,9100
2017-07-17,11068,8800,8910,8980,8910,8950
2017-07-18,19410,8830,8900,8970,8900,8910
2017-07-19,24948,8840,8890,9000,8890,8900
2017-07-20,67502,8850,9080,9120,9080,8850
2017-07-21,32130,9030,9100,9120,9100,9120
2017-07-24,35250,9030,9130,9190,9130,9100
2017-07-25,134834,9100,9300,9470,9300,9130
2017-07-26,82819,9050,9200,9340,9200,9340
2017-07-27,20625,9060,9190,9250,9190,9200
2017-07-28,55035,8790,8900,9200,8900,9190
2017-07-31,89275,8150,8680,8970,8680,8900
2017-08-01,37146,8450,8720,8750,8720,8740
2017-08-02,22786,8600,8700,8760,8700,8720
2017-08-03,38358,8520,8620,8830,8620,8800
2017-08-04,30611,8580,8620,8750,8620,8620
2017-08-07,27061,8640,8870,8900,8870,8710
2017-08-08,15836,8750,8910,8960,8910,8960
2017-08-09,21939,8780,8900,8950,8900,8910
2017-08-10,26525,8760,8820,8930,8820,8830
2017-08-11,36055,8590,8590,8900,8590,8660
2017-08-14,25741,8500,8610,8690,8610,8600
2017-08-16,31323,8530,8560,8690,8560,8610
2017-08-17,34495,8550,8880,8900,8880,8550
2017-08-18,288495,8700,9530,9590,9530,8700
2017-08-21,454183,9590,9970,10100,9970,9600
2017-08-22,115741,9740,9960,10000,9960,10000
2017-08-23,116253,9740,10000,10150,10000,9960
2017-08-24,233701,9950,10100,10350,10100,10100
2017-08-25,118312,9990,10100,10300,10100,10100
2017-08-28,211218,10100,10450,10500,10450,10200
2017-08-29,126291,10150,10650,10650,10650,10350
2017-08-30,598393,10650,10700,11350,10700,10800
2017-08-31,160993,10500,10650,10950,10650,10650
2017-09-01,414537,10650,10950,11350,10950,10900
2017-09-04,196075,10550,10600,11000,10600,10700
2017-09-05,230699,10150,10450,10850,10450,10700
2017-09-06,330511,10450,10800,11200,10800,10550
2017-09-07,331325,10650,11450,11500,11450,10800
2017-09-08,175409,11100,11150,11500,11150,11500
2017-09-11,203449,10850,11150,11400,11150,11300
2017-09-12,184494,10850,11250,11300,11250,11200
2017-09-13,333815,10350,10500,11300,10500,11250
2017-09-14,415878,9940,10000,10600,10000,10500
2017-09-15,343121,9550,9660,9990,9660,9990
2017-09-18,213108,9740,9950,9980,9950,9750
2017-09-19,160264,9970,10050,10250,10050,10000
2017-09-20,182723,9500,9500,10050,9500,10050
2017-09-21,94563,9300,9650,9700,9650,9510
2017-09-25,183920,9190,9330,9650,9330,9650
2017-09-26,0,9330,9330,9330,9330,9330
2017-09-27,84876,9350,9380,9610,9380,9550
2017-09-28,34205,9230,9400,9520,9400,9330
2017-09-29,34497,9310,9420,9500,9420,9410
2017-10-10,35737,9270,9390,9530,9390,9420
2017-10-11,87345,9400,9740,9850,9740,9400
2017-10-12,71638,9600,9600,9850,9600,9840
2017-10-13,98138,9260,9260,9690,9260,9690
2017-10-16,121818,8880,9070,9300,9070,9280
2017-10-17,55962,9040,9120,9290,9120,9040
2017-10-18,36323,9040,9060,9190,9060,9070
2017-10-19,37457,9050,9080,9200,9080,9170
2017-10-20,32475,9010,9080,9170,9080,9080
2017-10-23,33702,9000,9060,9120,9060,9090
2017-10-24,167830,8980,9410,9440,9410,9100
2017-10-25,177086,9430,9840,9860,9840,9500
2017-10-26,74135,9500,9500,9850,9500,9840
2017-10-27,71735,9300,9300,9740,9300,9560
2017-10-30,86742,9250,9600,9680,9600,9250
2017-10-31,45471,9520,9610,9670,9610,9620
2017-11-01,33480,9510,9630,9660,9630,9610
2017-11-02,36874,9530,9600,9670,9600,9650
2017-11-03,126065,9600,9870,9950,9870,9750
2017-11-06,63808,9850,9920,10100,9920,9990
2017-11-07,65403,9610,9790,9980,9790,9980
2017-11-08,44346,9640,9800,9820,9800,9790
2017-11-09,83830,9520,9800,9880,9800,9810
2017-11-10,60563,9770,9890,9940,9890,9900
2017-11-13,119605,9910,10050,10150,10050,10000
2017-11-14,146676,9790,10050,10100,10050,10000
2017-11-15,207163,9680,9730,10000,9730,10000
2017-11-16,73138,9620,9770,9850,9770,9730
2017-11-17,62992,9610,9710,9770,9710,9770
2017-11-20,220220,9690,10100,10250,10100,9750
2017-11-21,178931,9960,10050,10400,10050,10300
2017-11-22,75102,9920,9950,10150,9950,10100
2017-11-23,339979,9960,10350,10600,10350,10050
2017-11-24,189735,10250,10300,10550,10300,10300
2017-11-27,186105,10150,10150,10750,10150,10400
2017-11-28,458785,10300,10300,10750,10300,10450
2017-11-29,205778,10250,10550,10650,10550,10350
2017-11-30,124222,10350,10450,10650,10450,10550
2017-12-01,156354,10300,10600,10600,10600,10450
2017-12-04,397018,10600,10700,11100,10700,10950
2017-12-05,152832,10500,10900,10900,10900,10700
2017-12-06,209880,10550,10700,11050,10700,10950
2017-12-07,167944,10250,10300,10750,10300,10750
2017-12-08,102801,10200,10450,10550,10450,10350
2017-12-11,57095,10300,10350,10500,10350,10450
2017-12-12,162119,10350,10550,10850,10550,10350
2017-12-13,84998,10500,10550,10750,10550,10650
2017-12-14,75866,10350,10500,10650,10500,10650
2017-12-15,54986,10300,10300,10550,10300,10500
2017-12-18,103579,10150,10400,10450,10400,10300
2017-12-19,130711,10050,10150,10450,10150,10400
2017-12-21,128011,9880,9920,10200,9920,10100
2017-12-22,100526,9790,9890,9990,9890,9920
2017-12-26,154657,9540,9540,9890,9540,9830
2017-12-27,161858,9640,10150,10200,10150,9640
2017-12-28,231232,10000,10100,10450,10100,10150
2018-01-02,113133,10150,10500,10500,10500,10200
2018-01-03,113903,10250,10300,10600,10300,10550
2018-01-04,102921,10150,10250,10450,10250,10450
2018-01-05,163702,10000,10050,10300,10050,10200
2018-01-08,164822,9870,10050,10200,10050,10150
2018-01-09,161485,10000,10400,10500,10400,10100
2018-01-10,116234,10000,10100,10400,10100,10350
2018-01-11,120497,9890,9990,10100,9990,10100
2018-01-12,217286,9860,10050,10300,10050,10100
2018-01-15,169155,9930,10150,10250,10150,10100
2018-01-16,164813,9880,10050,10150,10050,10000
2018-01-17,790884,9980,10750,11000,10750,10100
2018-01-18,344890,10600,10850,11000,10850,10850
2018-01-19,286587,10750,11100,11200,11100,10950
2018-01-22,236317,10700,10950,11350,10950,11150
2018-01-23,131559,10750,10950,11000,10950,10950
2018-01-24,116627,10800,10900,11050,10900,11050
2018-01-25,195112,10900,11000,11200,11000,10900
2018-01-26,319784,11000,11350,11600,11350,11000
2018-01-29,276375,11250,11400,11800,11400,11700
2018-01-30,127710,11150,11150,11400,11150,11300
2018-01-31,143648,10900,11100,11300,11100,11100
2018-02-01,227448,11000,11200,11400,11200,11150
2018-02-02,242857,10700,10850,11300,10850,11300
2018-02-05,201744,10400,10400,11050,10400,10550
2018-02-06,203727,10000,10350,10400,10350,10050
2018-02-07,139492,10200,10200,10650,10200,10500
2018-02-08,91152,10200,10300,10450,10300,10300
2018-02-09,93053,9970,10100,10150,10100,10000
2018-02-12,91748,9970,10150,10150,10150,10000
2018-02-13,114908,9970,9980,10350,9980,10250
2018-02-14,54079,9970,10050,10200,10050,10000
2018-02-19,37637,10050,10200,10250,10200,10150
2018-02-20,54422,10100,10200,10400,10200,10250
2018-02-21,77727,10050,10200,10250,10200,10250
2018-02-22,86936,10050,10250,10350,10250,10200
2018-02-23,47190,10100,10250,10350,10250,10350
2018-02-26,65798,10050,10100,10300,10100,10300
2018-02-27,322294,9700,9960,10050,9960,10050
2018-02-28,69797,9710,9870,9940,9870,9810
2018-03-02,47611,9680,9780,9810,9780,9720
2018-03-05,135918,9370,9400,9730,9400,9690
2018-03-06,25388,9410,9530,9590,9530,9410
2018-03-08,42197,9300,9540,9560,9540,9300
2018-03-09,42115,9540,9560,9690,9560,9630
2018-03-12,32534,9580,9630,9790,9630,9790
2018-03-13,45191,9580,9690,9810,9690,9690
2018-03-14,31973,9510,9580,9690,9580,9690
2018-03-15,48783,9440,9490,9580,9490,9570
2018-03-16,109695,9300,9490,9530,9490,9490
2018-03-19,23284,9350,9430,9530,9430,9530
2018-03-20,49596,9100,9350,9440,9350,9430
2018-03-21,25494,9270,9400,9440,9400,9270
2018-03-22,65315,9120,9150,9480,9150,9480
2018-03-23,72543,8650,8800,9180,8800,9000
2018-03-26,56971,8690,8900,8980,8900,8720
2018-03-27,45124,8800,8820,9000,8820,9000
2018-03-28,97718,8500,8800,8960,8800,8820
2018-03-29,40387,8680,8780,8960,8780,8680
2018-03-30,29197,8780,8900,8990,8900,8800
2018-04-02,37031,8690,8690,8940,8690,8940
2018-04-03,77418,8450,8560,8700,8560,8700
2018-04-04,51445,8420,8500,8640,8500,8450
2018-04-05,26257,8500,8590,8640,8590,8500
2018-04-06,42108,8550,8800,8880,8800,8620
2018-04-09,46331,8710,8900,9060,8900,8750
2018-04-10,36395,8800,8820,8990,8820,8990
2018-04-11,37060,8790,8890,8990,8890,8800
2018-04-12,30086,8840,8900,9000,8900,8910
2018-04-13,23838,8840,9000,9020,9000,8910
2018-04-16,24003,8940,8980,9050,8980,9010
2018-04-17,21577,8930,8990,9050,8990,8980
2018-04-18,25849,8910,9000,9060,9000,9060
2018-04-19,81362,8900,9090,9260,9090,8960
2018-04-20,34470,8990,8990,9150,8990,9150
2018-04-23,28423,8910,8920,9050,8920,9030
2018-04-24,22872,8810,8910,9190,8910,8900
2018-04-25,27908,8810,8910,8960,8910,8860
2018-04-26,24313,8830,8910,8990,8910,8910
2018-04-27,50735,8890,9170,9210,9170,8910
2018-04-30,97460,9100,9360,9380,9360,9170
2018-05-02,176728,9180,9720,9740,9720,9360
2018-05-03,669857,9290,9420,10900,9420,10450
2018-05-04,80976,9200,9390,9480,9390,9370
2018-05-08,205763,9250,9270,9900,9270,9470
2018-05-09,46236,9190,9320,9490,9320,9250
2018-05-10,36050,9290,9390,9400,9390,9300
2018-05-11,15440,9340,9420,9500,9420,9500
2018-05-14,109386,9410,9720,9830,9720,9580
2018-05-15,260954,9650,9990,10150,9990,9780
2018-05-16,174244,9720,10000,10250,10000,9780
2018-05-17,91812,9320,9870,10100,9870,10050
2018-05-18,53566,9800,9840,10000,9840,10000
2018-05-21,21495,9810,9880,9950,9880,9880
2018-05-23,52991,9700,9740,9980,9740,9820
2018-05-24,43638,9600,9610,9920,9610,9920
2018-05-25,60157,9430,9480,9730,9480,9510
2018-05-28,136904,9500,9900,9980,9900,9510
2018-05-29,37092,9710,9770,9960,9770,9830
2018-05-30,45749,9310,9530,9770,9530,9700
2018-05-31,31553,9360,9420,9660,9420,9510
2018-06-01,52049,9390,9690,9690,9690,9480
2018-06-04,19341,9400,9700,9730,9700,9700
2018-06-05,29751,9550,9710,9770,9710,9710
2018-06-07,144584,9650,9940,10100,9940,9780
2018-06-08,44578,9800,9810,9940,9810,9940
2018-06-11,56315,9620,9700,9880,9700,9820
2018-06-12,49915,9570,9750,9770,9750,9620
2018-06-14,39846,9450,9520,9700,9520,9510
2018-06-15,21757,9410,9430,9600,9430,9600
2018-06-18,52818,8790,9200,9550,9200,9410
2018-06-19,41975,8900,8900,9490,8900,9220
2018-06-20,29447,8800,9150,9300,9150,8800
2018-06-21,13310,9100,9120,9300,9120,9170
2018-06-22,74263,8790,8830,9100,8830,9100
2018-06-25,27570,8700,8950,9090,8950,8710
2018-06-26,19592,8700,9040,9060,9040,8950
2018-06-27,19150,8820,8920,9040,8920,8990
2018-06-28,21486,8770,8830,8920,8830,8920
2018-06-29,20662,8700,8920,8970,8920,8830
2018-07-02,40564,8490,8570,8880,8570,8800
2018-07-03,31877,8400,8560,8700,8560,8530
2018-07-04,30359,8370,8410,8700,8410,8450
2018-07-05,27737,8250,8300,8500,8300,8420
2018-07-06,26740,8210,8300,8400,8300,8230
2018-07-09,20491,8250,8290,8400,8290,8300
2018-07-10,19347,8290,8600,8690,8600,8290
2018-07-11,4567,8480,8550,8600,8550,8590
2018-07-12,7226,8410,8570,8600,8570,8590
2018-07-13,26705,8540,8680,8700,8680,8650
2018-07-16,49898,8610,9000,9000,9000,8810
2018-07-17,438925,8800,9010,9890,9010,9460
2018-07-18,88582,8790,9050,9240,9050,9000
2018-07-19,41276,8800,8800,9270,8800,9160
2018-07-20,35459,8700,8860,8940,8860,8740
2018-07-23,64785,8210,8320,9120,8320,8960
2018-07-24,65623,8330,8650,8730,8650,8420
2018-07-26,38646,8520,8690,8700,8690,8520
2018-07-27,45918,8630,8890,8900,8890,8640
2018-07-30,20015,8790,8850,9070,8850,8920
2018-07-31,14778,8770,8870,8920,8870,8810
2018-08-01,33216,8810,9020,9040,9020,8810
2018-08-02,27106,8830,8940,9140,8940,9050
2018-08-03,18840,8910,9020,9080,9020,9000
2018-08-06,8990,8990,9100,8860,9050,19259
2018-08-07,8940,8940,9070,8870,8890,25441
2018-08-08,8940,8940,9140,8930,8930,30228
2018-08-09,8940,8940,9040,8830,8940,29269
2018-08-10,8940,8940,9000,8900,8950,23707
2018-08-13,9140,9140,9400,8920,8940,102500
