,Adj Close,Close,High,Low,Open,Volume
2001-09-05,2645,2800,2800,2800,2800,3900
2001-09-06,2957,3130,3130,3130,3130,1
2001-09-07,3306,3500,3500,3500,3500,900
2001-09-10,3703,3920,3920,3920,3920,100
2001-09-11,4147,4390,4390,4390,4390,11100
2001-09-12,4639,4910,4910,4220,4390,1862800
2001-09-13,5187,5490,5490,5490,5490,318300
2001-09-14,5669,6000,6140,5510,6140,5508700
2001-09-17,4988,5280,5490,5280,5280,647300
2001-09-18,4686,4960,5520,4650,4820,8782800
2001-09-19,4412,4670,5270,4580,5100,4099600
2001-09-20,3883,4110,4700,4110,4670,3057300
2001-09-21,3429,3630,4000,3620,4000,2823900
2001-09-25,3467,3670,4480,3580,4150,6393000
2001-09-26,3401,3600,3810,3550,3700,1922900
2001-09-27,3316,3510,3670,3370,3660,1609600
2001-10-04,3514,3720,3840,3600,3600,2000400
2001-10-05,3410,3610,3780,3540,3780,1280200
2001-10-08,3817,4040,4040,3720,3720,1922000
2001-10-09,3873,4100,4320,3990,4230,5510400
2001-10-10,3703,3920,4170,3880,4120,1547700
2001-10-11,3675,3890,4070,3880,4040,1667800
2001-10-12,3609,3820,3960,3710,3890,1488200
2001-10-15,3647,3860,4060,3850,3850,2076300
2001-10-16,3647,3860,3950,3800,3900,1130000
2001-10-17,3873,4100,4140,3860,3900,2352400
2001-10-18,3647,3860,4080,3860,4000,1685600
2001-10-19,3666,3880,3980,3850,3920,1317900
2001-10-22,3618,3830,3920,3760,3900,908400
2001-10-23,3628,3840,4080,3790,3850,2180700
2001-10-24,3543,3750,3850,3750,3780,748800
2001-10-25,3458,3660,3820,3620,3750,994000
2001-10-26,3401,3600,3700,3540,3660,605000
2001-10-29,3354,3550,3640,3530,3600,472500
2001-10-30,3354,3550,3640,3530,3540,739400
2001-10-31,3382,3580,3690,3440,3540,1039300
2001-11-01,3382,3580,3660,3560,3560,705500
2001-11-02,3684,3900,4000,3620,3620,3603700
2001-11-05,3637,3850,3940,3760,3900,1068000
2001-11-06,3618,3830,3940,3830,3940,854100
2001-11-07,3477,3680,3850,3670,3830,779600
2001-11-08,3448,3650,3720,3610,3650,507600
2001-11-12,3514,3720,3720,3640,3640,403100
2001-11-13,3495,3700,3860,3660,3790,809800
2001-11-14,3458,3660,3770,3650,3710,754400
2001-11-15,3316,3510,3680,3490,3650,925200
2001-11-16,3278,3470,3550,3430,3520,865500
2001-11-19,3278,3470,3530,3450,3450,606700
2001-11-20,3297,3490,3580,3440,3520,781000
2001-11-21,3288,3480,3610,3450,3450,983500
2001-11-22,3231,3420,3520,3410,3460,598600
2001-11-23,3184,3370,3450,3360,3410,588400
2001-11-26,3117,3300,3390,3290,3370,659500
2001-11-27,3080,3260,3350,3250,3260,444700
2001-11-28,2881,3050,3260,3030,3260,594100
2001-11-29,2919,3090,3120,2960,3010,526700
2001-11-30,3108,3290,3410,3100,3130,1642500
2001-12-03,3023,3200,3400,3190,3390,628500
2001-12-04,2938,3110,3200,3090,3200,641400
2001-12-05,2976,3150,3210,3140,3150,460300
2001-12-06,2900,3070,3190,3060,3190,491300
2001-12-07,2929,3100,3140,3030,3030,327900
2001-12-10,2919,3090,3140,3070,3110,291500
2001-12-11,3070,3250,3290,3150,3150,1004600
2001-12-12,3070,3250,3250,3150,3250,412900
2001-12-13,3184,3370,3440,3260,3260,1134700
2001-12-14,3089,3270,3380,3230,3380,372700
2001-12-17,2938,3110,3250,3030,3250,400500
2001-12-18,2815,2980,3150,2980,3130,374400
2001-12-19,2645,2800,3050,2780,3010,463800
2001-12-20,2711,2870,2900,2790,2860,240100
2001-12-21,2721,2880,3000,2830,2890,446100
2001-12-24,2758,2920,2930,2830,2850,201400
2001-12-26,2787,2950,3040,2920,2950,258700
2001-12-27,2749,2910,2970,2880,2950,129700
2001-12-28,2900,3070,3070,2920,2930,275500
2002-01-02,2947,3120,3230,3070,3100,489400
2002-01-04,2929,3100,3160,3080,3120,283000
2002-01-07,2910,3080,3150,3080,3140,264000
2002-01-08,2891,3060,3110,3020,3090,251300
2002-01-09,2825,2990,3070,2970,3020,274800
2002-01-10,2825,2990,3030,2960,3000,253700
2002-01-11,2815,2980,3010,2970,2970,218500
2002-01-14,2777,2940,3010,2930,3000,217800
2002-01-15,2758,2920,2990,2910,2950,194900
2002-01-16,2740,2900,2950,2880,2900,184000
2002-01-17,2692,2850,2880,2820,2860,183400
2002-01-18,2740,2900,2930,2820,2820,171200
2002-01-21,2740,2900,2930,2840,2930,117600
2002-01-22,2891,3060,3090,2860,2910,545100
2002-01-23,2900,3070,3150,3010,3060,340300
2002-01-24,2834,3000,3110,2970,3070,370700
2002-01-25,2806,2970,3030,2930,3000,321700
2002-01-28,3136,3320,3320,2990,3010,1080000
2002-01-29,3014,3190,3350,3170,3270,797900
2002-01-30,2910,3080,3110,3040,3110,328900
2002-02-01,3080,3260,3490,3250,3270,1240800
2002-02-04,3023,3200,3270,3060,3270,607600
2002-02-05,2957,3130,3200,3090,3120,504200
2002-02-06,2919,3090,3170,3090,3100,277000
2002-02-07,2825,2990,3130,2960,3090,291800
2002-02-08,2947,3120,3140,2960,2960,408900
2002-02-14,2938,3110,3190,3090,3190,301800
2002-02-15,3070,3250,3250,3070,3100,444600
2002-02-18,3117,3300,3420,3250,3270,1165800
2002-02-19,3014,3190,3380,3170,3320,501000
2002-02-20,3212,3400,3400,3120,3190,657100
2002-02-21,3448,3650,3700,3430,3490,2243900
2002-02-22,3363,3560,3820,3510,3640,1325400
2002-02-25,3448,3650,3740,3520,3650,798800
2002-02-26,3467,3670,3830,3640,3750,895500
2002-02-27,3344,3540,3700,3530,3650,625000
2002-02-28,3458,3660,3670,3570,3590,594800
2002-03-04,3543,3750,3880,3700,3710,1041600
2002-03-05,3543,3750,3850,3670,3850,668100
2002-03-06,3458,3660,3750,3620,3750,435600
2002-03-07,3391,3590,3700,3580,3640,627300
2002-03-08,3325,3520,3580,3450,3560,404000
2002-03-11,3391,3590,3630,3470,3480,578700
2002-03-12,3297,3490,3630,3480,3550,372200
2002-03-13,3495,3700,3700,3490,3520,697000
2002-03-14,3439,3640,3740,3620,3700,546800
2002-03-15,3486,3690,3810,3640,3670,863500
2002-03-18,3486,3690,3760,3630,3720,658300
2002-03-19,3599,3810,4020,3690,3720,2066800
2002-03-20,3552,3760,3920,3760,3850,715300
2002-03-21,3429,3630,3780,3630,3780,470200
2002-03-22,3458,3660,3670,3580,3650,534600
2002-03-25,3344,3540,3670,3530,3660,587400
2002-03-26,3193,3380,3490,3370,3480,458500
2002-03-27,3269,3460,3500,3390,3390,305000
2002-03-28,3193,3380,3470,3370,3450,327700
2002-03-29,3221,3410,3450,3340,3350,219000
2002-04-01,3599,3810,3810,3420,3450,1741100
2002-04-02,3373,3570,3760,3510,3700,1117600
2002-04-03,3448,3650,3860,3570,3650,2144800
2002-04-04,3335,3530,3730,3530,3670,670600
2002-04-08,3212,3400,3510,3400,3470,618900
2002-04-09,3240,3430,3470,3400,3430,313800
2002-04-10,3051,3230,3420,3230,3400,303500
2002-04-11,3023,3200,3300,3170,3230,275600
2002-04-12,2985,3160,3190,3110,3110,171600
2002-04-15,3023,3200,3300,3160,3160,337700
2002-04-16,3032,3210,3230,3180,3180,127300
2002-04-17,3042,3220,3280,3200,3280,192700
2002-04-18,3155,3340,3370,3230,3240,433300
2002-04-19,3042,3220,3370,3200,3350,264000
2002-04-22,2966,3140,3220,3100,3220,236800
2002-04-23,2957,3130,3170,3100,3130,184300
2002-04-24,2900,3070,3150,3050,3100,198800
2002-04-25,2777,2940,3070,2920,3030,228300
2002-04-26,2834,3000,3030,2950,2950,123900
2002-04-29,2787,2950,3030,2920,2950,101200
2002-04-30,2815,2980,3020,2920,2920,130000
2002-05-02,2929,3100,3140,2970,2970,187200
2002-05-03,2900,3070,3150,3010,3150,106800
2002-05-06,2843,3010,3080,3010,3080,90900
2002-05-07,2815,2980,3000,2930,2950,128800
2002-05-08,2815,2980,3030,2970,2980,149000
2002-05-09,2843,3010,3070,3000,3010,145700
2002-05-10,2825,2990,3090,2960,2960,168600
2002-05-13,2758,2920,2990,2920,2980,116500
2002-05-14,2787,2950,3000,2920,2930,72600
2002-05-15,2815,2980,3000,2920,2970,166600
2002-05-16,2787,2950,2990,2930,2950,111000
2002-05-17,2796,2960,2980,2940,2940,174800
2002-05-20,2862,3030,3060,2950,2950,211700
2002-05-21,2881,3050,3130,3020,3030,398400
2002-05-22,2843,3010,3050,2980,3040,193400
2002-05-23,2796,2960,3060,2960,3020,181500
2002-05-24,2768,2930,3000,2920,3000,109600
2002-05-27,2730,2890,2980,2880,2930,135200
2002-05-28,2702,2860,2930,2850,2850,118900
2002-05-29,2655,2810,2880,2780,2840,126000
2002-05-30,2560,2710,2810,2710,2750,95800
2002-05-31,2503,2650,2700,2590,2680,131100
2002-06-03,2418,2560,2630,2560,2560,81500
2002-06-04,2343,2480,2540,2430,2510,267400
2002-06-05,2381,2520,2610,2500,2500,199300
2002-06-07,2286,2420,2510,2420,2510,114900
2002-06-10,2295,2430,2490,2390,2390,103200
2002-06-11,2286,2420,2460,2400,2400,88200
2002-06-12,2314,2450,2450,2400,2410,105700
2002-06-14,2428,2570,2570,2480,2520,284200
2002-06-17,2466,2610,2680,2500,2570,355300
2002-06-18,2362,2500,2640,2500,2610,262700
2002-06-19,2173,2300,2550,2250,2550,159400
2002-06-20,2088,2210,2310,2200,2250,87200
2002-06-21,2059,2180,2210,2120,2160,114900
2002-06-24,1955,2070,2160,2020,2120,115900
2002-06-25,1918,2030,2120,2020,2070,123500
2002-06-26,1691,1790,2010,1790,2010,224500
2002-06-27,1747,1850,1870,1810,1810,61900
2002-06-28,1861,1970,1970,1820,1820,120400
2002-07-02,1823,1930,1940,1860,1860,49900
2002-07-03,1851,1960,1980,1920,1950,82900
2002-07-04,1908,2020,2050,1980,2050,47800
2002-07-05,1955,2070,2090,2020,2040,79700
2002-07-08,1927,2040,2130,2040,2100,55400
2002-07-09,1918,2030,2050,1980,1980,104400
2002-07-10,1965,2080,2120,1980,2030,109100
2002-07-11,1927,2040,2090,2010,2010,85700
2002-07-12,2154,2280,2280,2040,2060,347700
2002-07-15,2097,2220,2360,2150,2250,325800
2002-07-16,2192,2320,2450,2180,2210,400300
2002-07-18,2088,2210,2370,2210,2340,218900
2002-07-19,2003,2120,2200,2060,2200,117200
2002-07-22,1889,2000,2020,1930,2010,101700
2002-07-23,1946,2060,2060,1930,1930,43700
2002-07-24,1842,1950,2040,1950,2040,59100
2002-07-25,1936,2050,2050,1980,2040,81600
2002-07-26,1870,1980,2050,1960,2000,52100
2002-07-29,1955,2070,2190,1990,2020,171300
2002-07-30,1936,2050,2150,2050,2090,103300
2002-07-31,1936,2050,2100,2030,2070,43900
2002-08-01,1899,2010,2070,1990,2040,57200
2002-08-02,1870,1980,2020,1970,1970,33300
2002-08-05,1861,1970,2010,1960,1980,41400
2002-08-06,1851,1960,2010,1910,1930,28500
2002-08-07,1889,2000,2010,1970,1970,25500
2002-08-08,1908,2020,2050,1990,2050,28600
2002-08-09,1861,1970,2050,1960,2040,48300
2002-08-12,1880,1990,2000,1970,2000,30000
2002-08-13,1880,1990,2020,1980,2010,46100
2002-08-14,1870,1980,2000,1960,1980,40400
2002-08-16,1870,1980,2020,1980,1990,122300
2002-08-19,1851,1960,1980,1940,1950,92300
2002-08-20,1908,2020,2060,1950,1950,139200
2002-08-21,1889,2000,2050,2000,2040,66700
2002-08-22,1936,2050,2060,1980,1980,114500
2002-08-26,1889,2000,2040,2000,2030,88100
2002-08-27,1851,1960,2030,1960,2030,75200
2002-08-28,1842,1950,1990,1940,1950,95900
2002-08-29,1833,1940,1950,1920,1930,56300
2002-08-30,1833,1940,1970,1940,1960,64800
2002-09-02,1861,1970,1990,1950,1970,83600
2002-09-03,1880,1990,1990,1960,1960,71900
2002-09-04,1823,1930,1970,1930,1950,74900
2002-09-05,1842,1950,1960,1940,1950,67800
2002-09-06,2021,2140,2180,1950,1950,1480600
2002-09-09,2258,2390,2390,2130,2170,2431700
2002-09-10,2144,2270,2520,2170,2390,2908100
2002-09-11,2050,2170,2340,2150,2270,1058300
2002-09-12,2059,2180,2270,2140,2260,555300
2002-09-13,2154,2280,2380,2230,2230,1762500
2002-09-16,2012,2130,2300,2130,2300,773500
2002-09-17,1946,2060,2130,2040,2120,611900
2002-09-18,1889,2000,2140,1990,2110,410500
2002-09-19,1880,1990,2040,1980,1980,183800
2002-09-23,1965,2080,2100,2010,2010,674900
2002-09-24,1880,1990,2110,1960,2100,352200
2002-09-25,1795,1900,2000,1850,1980,218300
2002-09-26,1766,1870,1930,1850,1900,173300
2002-09-27,1719,1820,1890,1820,1850,137700
2002-09-30,1653,1750,1790,1680,1750,143500
2002-10-01,1615,1710,1730,1610,1610,169800
2002-10-02,1615,1710,1740,1680,1730,190300
2002-10-04,1681,1780,1800,1690,1690,211500
2002-10-07,1577,1670,1780,1670,1780,91100
2002-10-08,1549,1640,1660,1600,1660,144300
2002-10-09,1511,1600,1690,1600,1640,244700
2002-10-10,1407,1490,1600,1450,1560,188300
2002-10-11,1521,1610,1650,1480,1540,481000
2002-10-14,1587,1680,1740,1580,1580,612400
2002-10-15,1596,1690,1730,1650,1680,383800
2002-10-16,1568,1660,1720,1660,1720,257700
2002-10-17,1644,1740,1770,1670,1680,579200
2002-10-18,1672,1770,1770,1710,1740,454200
2002-10-21,1615,1710,1780,1680,1780,150000
2002-10-22,1511,1600,1720,1600,1690,151300
2002-10-23,1511,1600,1620,1580,1590,106400
2002-10-24,1511,1600,1620,1590,1590,129800
2002-10-25,1540,1630,1680,1600,1600,266200
2002-10-28,1558,1650,1660,1620,1640,118300
2002-10-29,1540,1630,1650,1610,1640,93400
2002-10-30,1540,1630,1710,1610,1630,249900
2002-10-31,1568,1660,1680,1630,1630,102400
2002-11-01,1511,1600,1660,1600,1640,167200
2002-11-04,1530,1620,1630,1590,1620,50100
2002-11-05,1521,1610,1630,1590,1610,95200
2002-11-06,1530,1620,1640,1600,1600,77100
2002-11-07,1549,1640,1680,1630,1640,356400
2002-11-08,1521,1610,1640,1600,1630,144300
2002-11-11,1511,1600,1660,1600,1640,160700
2002-11-12,1568,1660,1680,1630,1630,268100
2002-11-13,1606,1700,1740,1640,1680,337500
2002-11-14,1549,1640,1690,1620,1680,316400
2002-11-15,1502,1590,1640,1580,1620,244300
2002-11-18,1473,1560,1590,1540,1580,210800
2002-11-19,1483,1570,1570,1530,1550,101600
2002-11-20,1445,1530,1570,1530,1550,106600
2002-11-21,1445,1530,1560,1520,1540,109700
2002-11-22,1455,1540,1550,1520,1540,128300
2002-11-25,1492,1580,1580,1530,1540,140300
2002-11-26,1464,1550,1620,1550,1600,214400
2002-11-27,1492,1580,1580,1550,1560,78000
2002-11-28,1502,1590,1610,1580,1580,135900
2002-11-29,1521,1610,1650,1590,1600,133700
2002-12-03,1568,1660,1670,1620,1620,112900
2002-12-04,1568,1660,1770,1660,1660,363600
2002-12-05,1587,1680,1700,1660,1660,123500
2002-12-06,1634,1730,1760,1650,1670,374800
2002-12-09,1634,1730,1750,1700,1740,229800
2002-12-10,1587,1680,1760,1670,1760,122000
2002-12-11,1606,1700,1710,1650,1670,226600
2002-12-12,1577,1670,1730,1670,1700,250100
2002-12-13,1558,1650,1690,1650,1680,122500
2002-12-16,1530,1620,1660,1620,1650,62100
2002-12-17,1587,1680,1690,1630,1650,204900
2002-12-18,1587,1680,1700,1650,1700,111000
2002-12-20,1625,1720,1800,1660,1700,845400
2002-12-23,1804,1910,1920,1730,1750,2099600
2002-12-24,1596,1690,1930,1690,1930,1817000
2002-12-26,1483,1570,1730,1490,1710,1134600
2002-12-27,1379,1460,1580,1450,1580,378200
2002-12-30,1294,1370,1480,1360,1400,428100
2003-01-02,1332,1410,1440,1370,1370,207800
2003-01-03,1370,1450,1480,1420,1420,361500
2003-01-06,1417,1500,1540,1460,1490,483000
2003-01-07,1388,1470,1520,1470,1510,218400
2003-01-08,1379,1460,1500,1450,1480,155300
2003-01-09,1388,1470,1510,1450,1450,315800
2003-01-10,1445,1530,1590,1430,1480,1417400
2003-01-13,1417,1500,1580,1480,1580,362900
2003-01-14,1398,1480,1510,1470,1490,238700
2003-01-15,1398,1480,1520,1470,1470,346700
2003-01-16,1398,1480,1510,1480,1500,143200
2003-01-17,1407,1490,1530,1480,1520,259800
2003-01-20,1379,1460,1500,1450,1480,180500
2003-01-21,1379,1460,1470,1440,1460,130000
2003-01-22,1388,1470,1490,1450,1460,319300
2003-01-23,1370,1450,1480,1440,1460,144000
2003-01-24,1388,1470,1520,1440,1440,813600
2003-01-27,1341,1420,1490,1410,1490,286300
2003-01-28,1341,1420,1440,1410,1420,135400
2003-01-29,1303,1380,1450,1370,1400,501800
2003-01-30,1313,1390,1390,1350,1380,138400
2003-02-03,1313,1390,1410,1380,1400,192500
2003-02-04,1360,1440,1440,1390,1400,286700
2003-02-05,1473,1560,1590,1450,1460,1201400
2003-02-06,1417,1500,1580,1490,1580,449300
2003-02-07,1436,1520,1570,1500,1510,462800
2003-02-10,1388,1470,1560,1460,1540,390000
2003-02-11,1351,1430,1460,1400,1450,506400
2003-02-12,1388,1470,1490,1430,1430,412200
2003-02-13,1388,1470,1480,1430,1460,318300
2003-02-14,1398,1480,1480,1450,1470,234100
2003-02-17,1351,1430,1460,1420,1450,505500
2003-02-18,1351,1430,1460,1430,1440,299400
2003-02-19,1407,1490,1490,1430,1440,644100
2003-02-20,1370,1450,1500,1450,1500,316800
2003-02-21,1360,1440,1470,1430,1470,278000
2003-02-24,1370,1450,1450,1430,1440,184000
2003-02-25,1370,1450,1510,1450,1480,472500
2003-02-26,1360,1440,1460,1440,1460,116700
2003-02-27,1398,1480,1480,1440,1460,205100
2003-02-28,1388,1470,1480,1450,1460,198600
2003-03-03,1379,1460,1480,1440,1460,165700
2003-03-04,1360,1440,1470,1440,1460,190500
2003-03-05,1426,1510,1570,1450,1450,1373800
2003-03-06,1436,1520,1550,1480,1490,558700
2003-03-07,1511,1600,1630,1530,1580,1671200
2003-03-10,1691,1790,1790,1610,1620,2580100
2003-03-11,1492,1580,1930,1580,1830,3909500
2003-03-12,1521,1610,1620,1500,1600,1820900
2003-03-13,1417,1500,1650,1460,1590,1526800
2003-03-14,1464,1550,1570,1430,1460,1394900
2003-03-17,1634,1730,1730,1690,1710,484500
2003-03-18,1823,1930,1930,1730,1850,4432800
2003-03-19,2040,2160,2160,2010,2010,2142400
2003-03-20,2173,2300,2410,2060,2390,8474700
2003-03-21,1984,2100,2390,2030,2290,8084600
2003-03-24,2220,2350,2350,2110,2210,10563200
2003-03-25,2381,2520,2630,2370,2540,7897000
2003-03-26,2362,2500,2710,2380,2520,13749000
2003-03-27,2286,2420,2610,2350,2550,4464600
2003-03-28,2097,2220,2420,2160,2350,4473700
2003-03-31,2012,2130,2320,2010,2220,4347100
2003-04-01,1965,2080,2170,2040,2050,5100200
2003-04-02,1965,2080,2160,2060,2090,3782000
2003-04-03,2125,2250,2320,2070,2080,9003200
2003-04-04,1880,1990,2280,1980,2250,5347100
2003-04-07,1747,1850,1970,1780,1950,4510600
2003-04-08,1691,1790,1950,1780,1910,3999200
2003-04-09,1634,1730,1850,1700,1810,3661400
2003-04-10,1530,1620,1710,1560,1690,2904400
2003-04-11,1511,1600,1700,1600,1620,2708900
2003-04-14,1596,1690,1720,1570,1610,4200800
2003-04-15,1568,1660,1710,1650,1680,2165000
2003-04-16,1568,1660,1710,1640,1680,2067000
2003-04-17,1615,1710,1760,1660,1680,4203300
2003-04-18,1596,1690,1750,1690,1730,1406200
2003-04-21,1653,1750,1770,1700,1700,2624400
2003-04-22,1577,1670,1790,1670,1750,2496100
2003-04-23,1521,1610,1700,1580,1680,1416500
2003-04-24,1417,1500,1630,1500,1620,1155300
2003-04-25,1587,1680,1680,1510,1510,6367200
2003-04-28,1606,1700,1830,1640,1750,3929700
2003-04-29,1568,1660,1690,1610,1680,2250300
2003-04-30,1587,1680,1710,1650,1680,2219200
2003-05-02,1549,1640,1720,1620,1700,1848600
2003-05-06,1634,1730,1730,1600,1640,2430100
2003-05-07,1634,1730,1770,1700,1730,2108400
2003-05-09,1672,1770,1780,1730,1750,1710900
2003-05-12,1691,1790,1800,1770,1790,1131500
2003-05-13,1710,1810,1840,1780,1800,1621700
2003-05-14,1672,1770,1940,1760,1830,4563600
2003-05-15,1596,1690,1780,1670,1760,1595400
2003-05-16,1577,1670,1720,1650,1700,725400
2003-05-19,1549,1640,1700,1640,1690,650300
2003-05-20,1549,1640,1660,1620,1630,794800
2003-05-21,1577,1670,1690,1650,1650,763500
2003-05-22,1577,1670,1700,1650,1680,755500
2003-05-23,1549,1640,1670,1630,1660,670800
2003-05-26,1530,1620,1660,1620,1640,659400
2003-05-27,1521,1610,1650,1600,1630,408300
2003-05-28,1540,1630,1630,1600,1610,668100
2003-05-29,1615,1710,1770,1640,1660,1637900
2003-05-30,1587,1680,1730,1660,1720,733600
2003-06-02,1596,1690,1720,1660,1690,732800
2003-06-03,1549,1640,1710,1620,1710,655800
2003-06-04,1530,1620,1650,1620,1630,423100
2003-06-05,1530,1620,1650,1620,1630,299100
2003-06-09,1540,1630,1630,1610,1610,440900
2003-06-10,1521,1610,1630,1610,1620,347200
2003-06-11,1530,1620,1630,1610,1610,263400
2003-06-12,1549,1640,1650,1610,1620,494100
2003-06-13,1549,1640,1650,1620,1640,478300
2003-06-16,1521,1610,1640,1610,1640,314600
2003-06-17,1530,1620,1630,1610,1620,509400
2003-06-18,1521,1610,1630,1600,1620,491400
2003-06-19,1511,1600,1620,1580,1600,486100
2003-06-20,1492,1580,1610,1570,1570,359600
2003-06-23,1464,1550,1590,1550,1570,334800
2003-06-24,1426,1510,1540,1510,1530,349300
2003-06-25,1436,1520,1540,1510,1520,228500
2003-06-26,1417,1500,1520,1500,1500,272600
2003-06-27,1455,1540,1550,1500,1500,285800
2003-06-30,1445,1530,1530,1510,1520,156800
2003-07-01,1436,1520,1540,1520,1520,178800
2003-07-02,1492,1580,1610,1520,1530,608000
2003-07-03,1455,1540,1580,1530,1570,378000
2003-07-04,1436,1520,1550,1520,1550,238600
2003-07-07,1436,1520,1540,1510,1520,295800
2003-07-08,1464,1550,1560,1530,1530,447600
2003-07-09,1436,1520,1580,1520,1560,319700
2003-07-10,1483,1570,1600,1530,1530,958700
2003-07-11,1492,1580,1600,1550,1570,499500
2003-07-14,1549,1640,1660,1590,1600,1106500
2003-07-15,1568,1660,1670,1580,1660,1133800
2003-07-16,1511,1600,1660,1600,1630,667900
2003-07-18,1483,1570,1650,1560,1610,695300
2003-07-21,1445,1530,1590,1530,1570,438000
2003-07-22,1407,1490,1545,1490,1530,622300
2003-07-23,1417,1500,1515,1480,1480,281600
2003-07-24,1417,1500,1510,1480,1480,221700
2003-07-25,1426,1510,1525,1490,1500,173900
2003-07-28,1431,1515,1520,1500,1520,208800
2003-07-29,1421,1505,1520,1505,1520,138300
2003-07-30,1459,1545,1565,1505,1510,343900
2003-07-31,1459,1545,1550,1525,1525,163600
2003-08-01,1459,1545,1575,1525,1530,518700
2003-08-04,1488,1575,1620,1560,1580,508100
2003-08-05,1469,1555,1595,1550,1570,271800
2003-08-06,1455,1540,1580,1535,1560,204100
2003-08-07,1497,1585,1585,1540,1540,172700
2003-08-08,1677,1775,1775,1565,1590,2106900
2003-08-11,1719,1820,1920,1735,1820,3761700
2003-08-12,1785,1890,1910,1795,1860,1299300
2003-08-13,1785,1890,1945,1830,1895,1201400
2003-08-14,1653,1750,1925,1710,1860,1596100
2003-08-18,1606,1700,1785,1670,1770,868200
2003-08-19,1710,1810,1810,1690,1770,938400
2003-08-20,1766,1870,1890,1765,1800,1380800
2003-08-21,1908,2020,2050,1875,1910,2834700
2003-08-22,1847,1955,2000,1870,2000,936900
2003-08-25,1681,1780,2010,1770,1990,898900
2003-08-26,1672,1770,1840,1750,1775,445200
2003-08-27,1771,1875,1890,1780,1780,716200
2003-08-28,1691,1790,1910,1770,1880,485700
2003-08-29,1691,1790,1830,1785,1785,428300
2003-09-01,1695,1795,1820,1775,1820,404300
2003-09-02,1766,1870,1880,1800,1810,650100
2003-09-03,1724,1825,1940,1825,1895,1411800
2003-09-04,1625,1720,1830,1710,1825,1171100
2003-09-05,1625,1720,1725,1680,1720,276800
2003-09-08,1658,1755,1795,1720,1720,796000
2003-09-09,1620,1715,1755,1690,1730,552800
2003-09-15,1587,1680,1735,1665,1735,302900
2003-09-16,1587,1680,1695,1655,1670,318800
2003-09-17,1582,1675,1705,1675,1685,189300
2003-09-18,1558,1650,1685,1630,1670,232900
2003-09-19,1502,1590,1670,1590,1650,341200
2003-09-22,1459,1545,1580,1545,1560,212800
2003-09-23,1445,1530,1545,1510,1525,231400
2003-09-24,1459,1545,1565,1530,1530,185100
2003-09-25,1431,1515,1530,1505,1510,237300
2003-09-26,1421,1505,1530,1500,1500,173200
2003-09-29,1436,1520,1525,1500,1505,125500
2003-09-30,1492,1580,1620,1525,1525,235100
2003-10-01,1473,1560,1580,1535,1540,99700
2003-10-02,1502,1590,1630,1540,1570,241700
2003-10-06,1492,1580,1625,1565,1625,161800
2003-10-07,1473,1560,1585,1545,1570,185200
2003-10-08,1459,1545,1575,1535,1560,134800
2003-10-09,1478,1565,1570,1535,1540,92900
2003-10-10,1521,1610,1610,1560,1560,148300
2003-10-13,1497,1585,1625,1580,1625,84800
2003-10-14,1516,1605,1635,1575,1585,289900
2003-10-15,1507,1595,1615,1585,1615,163900
2003-10-16,1483,1570,1605,1555,1600,258000
2003-10-17,1549,1640,1670,1550,1550,725900
2003-10-20,1549,1640,1730,1630,1720,495800
2003-10-21,1644,1740,1740,1615,1665,655500
2003-10-22,1568,1660,1750,1640,1710,599800
2003-10-23,1535,1625,1650,1590,1620,329800
2003-10-24,1511,1600,1645,1570,1620,233300
2003-10-27,1540,1630,1630,1590,1590,117000
2003-10-28,1568,1660,1825,1610,1630,2552200
2003-10-29,1549,1640,1675,1635,1675,360900
2003-10-30,1516,1605,1650,1600,1645,483000
2003-10-31,1549,1640,1655,1600,1600,335900
2003-11-03,1563,1655,1660,1620,1620,231500
2003-11-04,1544,1635,1670,1630,1655,288100
2003-11-05,1592,1685,1700,1630,1640,533400
2003-11-06,1615,1710,1730,1665,1690,689600
2003-11-07,1625,1720,1750,1700,1735,547300
2003-11-10,1610,1705,1755,1705,1755,621800
2003-11-11,1544,1635,1710,1620,1695,749700
2003-11-12,1558,1650,1680,1625,1640,554200
2003-11-13,1568,1660,1690,1655,1660,366100
2003-11-14,1525,1615,1685,1590,1685,941800
2003-11-17,1521,1610,1635,1600,1620,269000
2003-11-18,1521,1610,1635,1605,1620,299700
2003-11-19,1525,1615,1680,1615,1615,890400
2003-11-20,1507,1595,1635,1595,1615,340000
2003-11-21,1577,1670,1670,1605,1635,895000
2003-11-24,1507,1595,1675,1590,1670,538500
2003-11-25,1521,1610,1610,1570,1585,320300
2003-11-26,1502,1590,1615,1590,1600,268200
2003-11-27,1483,1570,1590,1570,1585,267200
2003-11-28,1478,1565,1585,1560,1560,396600
2003-12-01,1488,1575,1595,1570,1590,279800
2003-12-02,1488,1575,1595,1570,1585,197300
2003-12-03,1483,1570,1585,1570,1575,208200
2003-12-04,1483,1570,1580,1570,1570,140000
2003-12-05,1478,1565,1580,1560,1565,199200
2003-12-08,1464,1550,1580,1550,1560,209200
2003-12-09,1511,1600,1600,1535,1550,311400
2003-12-10,1492,1580,1600,1570,1585,175900
2003-12-11,1473,1560,1585,1560,1575,284900
2003-12-12,1473,1560,1575,1550,1570,162100
2003-12-15,1478,1565,1610,1565,1580,454600
2003-12-16,1459,1545,1570,1545,1570,183500
2003-12-17,1450,1535,1560,1530,1540,185900
2003-12-18,1417,1500,1545,1500,1530,229500
2003-12-19,1407,1490,1520,1485,1520,272500
2003-12-22,1398,1480,1515,1480,1495,257700
2003-12-23,1341,1420,1495,1400,1480,350400
2003-12-24,1332,1410,1440,1400,1410,213100
2003-12-26,1327,1405,1425,1385,1385,134700
2003-12-29,1346,1425,1440,1395,1395,73000
2003-12-30,1360,1440,1455,1420,1425,106200
2004-01-02,1374,1455,1460,1430,1430,79300
2004-01-05,1351,1430,1460,1415,1460,134000
2004-01-06,1332,1410,1435,1390,1425,240100
2004-01-07,1313,1390,1420,1390,1415,192500
2004-01-08,1299,1375,1405,1370,1395,192200
2004-01-09,1284,1360,1395,1350,1375,319400
2004-01-12,1266,1340,1360,1335,1345,236500
2004-01-13,1270,1345,1370,1335,1340,450500
2004-01-14,1261,1335,1350,1310,1345,491400
2004-01-15,1176,1245,1345,1240,1340,531600
2004-01-16,1039,1100,1240,1100,1235,1921400
2004-01-19,996,1055,1100,1005,1065,736400
2004-01-20,1020,1080,1160,1050,1050,586800
2004-01-26,1062,1125,1125,1055,1065,479600
2004-01-27,1020,1080,1140,1070,1120,315300
2004-01-28,902,955,995,955,955,2033300
2004-01-29,907,960,1000,910,910,811500
2004-01-30,907,960,1030,945,990,1451900
2004-02-02,878,930,965,930,960,552800
2004-02-03,902,955,960,930,945,637200
2004-02-04,897,950,985,935,970,554700
2004-02-05,850,900,930,855,925,1212200
2004-02-06,826,875,900,875,900,600600
2004-02-12,859,910,920,850,850,519500
2004-02-13,888,940,940,905,910,207400
2004-02-16,992,1050,1050,940,940,474900
2004-02-17,982,1040,1130,1030,1105,434600
2004-02-18,973,1030,1060,1000,1025,190000
2004-02-19,963,1020,1030,980,1020,130200
2004-02-20,935,990,1030,990,1005,117000
2004-02-23,949,1005,1010,980,980,94100
2004-02-24,944,1000,1030,995,1025,104600
2004-02-25,935,990,1020,990,1010,96200
2004-02-26,949,1005,1030,995,1030,149600
2004-02-27,996,1055,1095,990,1000,305900
2004-03-02,987,1045,1075,1030,1055,185900
2004-03-03,1010,1070,1090,1040,1040,294200
2004-03-04,1034,1095,1130,1070,1070,278800
2004-03-05,1029,1090,1120,1090,1095,124000
2004-03-08,1006,1065,1100,1045,1100,167000
2004-03-09,1006,1065,1120,1045,1055,952900
2004-03-10,973,1030,1065,1025,1060,237600
2004-03-11,987,1045,1055,1025,1030,88900
2004-03-12,1086,1150,1170,1070,1100,2403200
2004-03-15,1058,1120,1190,1120,1190,859400
2004-03-16,1048,1110,1175,1110,1150,891000
2004-03-17,1091,1155,1155,1115,1125,595700
2004-03-18,1162,1230,1260,1130,1160,990800
2004-03-19,1157,1225,1245,1195,1230,342000
2004-03-22,1190,1260,1270,1200,1215,464200
2004-03-23,1228,1300,1400,1235,1235,1137500
2004-03-24,1251,1325,1400,1305,1355,1030200
2004-03-25,1313,1390,1395,1305,1330,719100
2004-03-26,1266,1340,1385,1330,1355,534600
2004-03-29,1143,1210,1340,1185,1320,694500
2004-03-30,1166,1235,1255,1180,1195,345000
2004-03-31,1204,1275,1280,1215,1240,464400
2004-04-22,1218,1290,1475,1280,1450,1227600
2004-04-23,1214,1285,1300,1160,1285,579200
2004-04-26,1209,1280,1320,1260,1260,241300
2004-04-27,1157,1225,1280,1220,1270,178300
2004-04-28,1157,1225,1245,1180,1210,211600
2004-04-29,1157,1225,1225,1170,1195,216100
2004-04-30,1138,1205,1210,1190,1210,103300
2004-05-03,1129,1195,1215,1180,1200,109400
2004-05-04,1143,1210,1230,1195,1205,48100
2004-05-06,1133,1200,1260,1185,1220,271000
2004-05-07,1133,1200,1230,1190,1200,121800
2004-05-10,1100,1165,1215,1120,1210,143500
2004-05-11,1133,1200,1210,1115,1120,220000
2004-05-12,1138,1205,1225,1195,1195,119200
2004-05-13,1166,1235,1245,1180,1210,182700
2004-05-14,1129,1195,1265,1190,1260,352400
2004-05-17,1062,1125,1205,1105,1200,172900
2004-05-18,1039,1100,1125,1010,1010,133600
2004-05-19,1086,1150,1150,1090,1090,59700
2004-05-20,1058,1120,1130,1055,1105,50100
2004-05-21,1067,1130,1135,1065,1070,161100
2004-05-24,1096,1160,1175,1105,1160,64800
2004-05-25,1081,1145,1155,1130,1130,148900
2004-05-27,1086,1150,1170,1145,1150,99100
2004-05-28,1081,1145,1165,1120,1160,104300
2004-05-31,1091,1155,1160,1135,1150,157600
2004-06-01,1143,1210,1215,1155,1155,252200
2004-06-02,1280,1355,1355,1195,1205,2059000
2004-06-03,1261,1335,1420,1270,1385,648500
2004-06-04,1384,1465,1495,1310,1345,933000
2004-06-07,1360,1440,1495,1390,1455,416000
2004-06-08,1336,1415,1480,1395,1480,266200
2004-06-09,1261,1335,1430,1330,1415,326000
2004-06-10,1251,1325,1340,1295,1340,257400
2004-06-11,1199,1270,1330,1270,1310,201800
2004-06-14,1190,1260,1305,1250,1260,107000
2004-06-15,1242,1315,1325,1230,1265,123100
2004-06-16,1199,1270,1315,1260,1270,155700
2004-06-17,1204,1275,1290,1265,1270,58300
2004-06-18,1143,1210,1280,1200,1280,130100
2004-06-21,1280,1355,1355,1250,1270,649800
2004-06-22,1228,1300,1350,1270,1340,364600
2004-06-23,1318,1395,1430,1325,1375,1479200
2004-06-24,1275,1350,1390,1320,1370,249800
2004-06-25,1275,1350,1395,1340,1370,152100
2004-06-28,1327,1405,1410,1325,1350,577200
2004-06-29,1322,1400,1400,1360,1395,304500
2004-06-30,1275,1350,1405,1350,1390,241700
2004-07-01,1251,1325,1360,1325,1360,120600
2004-07-02,1237,1310,1350,1310,1315,148600
2004-07-05,1228,1300,1330,1290,1290,60100
2004-07-06,1218,1290,1340,1280,1300,147900
2004-07-07,1204,1275,1300,1250,1275,154300
2004-07-08,1190,1260,1285,1255,1265,114800
2004-07-09,1185,1255,1270,1245,1255,194000
2004-07-12,1223,1295,1320,1255,1260,196600
2004-07-13,1181,1250,1305,1250,1300,110000
2004-07-14,1166,1235,1270,1220,1240,129000
2004-07-15,1171,1240,1270,1215,1230,99600
2004-07-16,1171,1240,1240,1205,1225,107700
2004-07-19,1147,1215,1240,1200,1200,102900
2004-07-20,1143,1210,1225,1205,1225,74600
2004-07-21,1143,1210,1230,1200,1210,141500
2004-07-22,1124,1190,1210,1190,1195,70600
2004-07-23,1138,1205,1220,1185,1185,79200
2004-07-26,1110,1175,1190,1160,1165,64500
2004-07-27,1119,1185,1210,1150,1150,90200
2004-07-28,1114,1180,1200,1175,1175,71500
2004-07-29,1086,1150,1175,1145,1170,74600
2004-07-30,1096,1160,1180,1135,1150,89100
2004-08-02,1119,1185,1225,1150,1170,193300
2004-08-03,1114,1180,1200,1165,1200,72700
2004-08-04,1091,1155,1180,1155,1160,44300
2004-08-05,1105,1170,1180,1150,1150,70800
2004-08-06,1100,1165,1170,1155,1170,49100
2004-08-09,1228,1300,1300,1165,1165,615300
2004-08-10,1199,1270,1375,1250,1340,1148100
2004-08-11,1228,1300,1300,1250,1290,550100
2004-08-12,1166,1235,1305,1235,1305,506800
2004-08-13,1147,1215,1235,1205,1215,314700
2004-08-16,1114,1180,1215,1180,1210,245000
2004-08-17,1114,1180,1205,1180,1185,207800
2004-08-18,1124,1190,1210,1180,1180,171300
2004-08-19,1133,1200,1205,1185,1200,116100
2004-08-20,1129,1195,1210,1190,1200,86500
2004-08-23,1114,1180,1200,1180,1185,96500
2004-08-24,1110,1175,1185,1165,1180,107700
2004-08-25,1110,1175,1190,1175,1180,170500
2004-08-26,1114,1180,1185,1165,1185,149000
2004-08-27,1110,1175,1195,1170,1170,128900
2004-08-30,1091,1155,1185,1155,1185,109800
2004-08-31,1086,1150,1170,1145,1160,140900
2004-09-01,1105,1170,1170,1140,1145,157500
2004-09-02,1114,1180,1180,1155,1175,108400
2004-09-03,1147,1215,1235,1155,1165,275900
2004-09-06,1133,1200,1215,1190,1195,109200
2004-09-07,1138,1205,1270,1200,1200,621400
2004-09-08,1110,1175,1220,1175,1220,132500
2004-09-09,1091,1155,1190,1155,1175,133100
2004-09-10,1100,1165,1175,1155,1155,117400
2004-09-13,1100,1165,1180,1165,1175,80600
2004-09-14,1096,1160,1175,1160,1170,111200
2004-09-15,1077,1140,1165,1140,1160,168100
2004-09-16,1081,1145,1165,1140,1150,69100
2004-09-17,1077,1140,1160,1140,1150,119200
2004-09-20,1067,1130,1155,1130,1135,94200
2004-09-21,1077,1140,1145,1130,1130,63900
2004-09-22,1077,1140,1145,1130,1130,120000
2004-09-23,1072,1135,1145,1130,1145,45500
2004-09-24,1077,1140,1155,1135,1135,63300
2004-09-30,1072,1135,1150,1125,1135,62800
2004-10-01,1058,1120,1140,1120,1135,59000
2004-10-04,1072,1135,1170,1130,1155,238900
2004-10-05,1077,1140,1170,1130,1140,175100
2004-10-06,1067,1130,1150,1130,1140,130800
2004-10-07,1067,1130,1140,1120,1130,122500
2004-10-08,1058,1120,1130,1115,1120,140000
2004-10-11,1053,1115,1125,1110,1120,43100
2004-10-12,1048,1110,1120,1085,1115,166100
2004-10-13,1062,1125,1130,1110,1110,120100
2004-10-14,1062,1125,1130,1110,1110,68900
2004-10-15,1053,1115,1130,1110,1115,39500
2004-10-18,1044,1105,1125,1105,1115,56000
2004-10-19,1062,1125,1130,1105,1115,62000
2004-10-20,1044,1105,1125,1100,1120,74200
2004-10-21,1044,1105,1120,1090,1110,304000
2004-10-22,1010,1070,1110,1070,1110,80500
2004-10-25,973,1030,1080,990,1070,153400
2004-10-26,949,1005,1030,1005,1025,89300
2004-10-27,944,1000,1020,990,1005,76100
2004-10-28,954,1010,1020,1000,1005,39100
2004-10-29,959,1015,1025,1005,1005,44000
2004-11-01,982,1040,1040,1005,1005,72600
2004-11-02,977,1035,1055,1025,1030,88600
2004-11-03,973,1030,1050,1025,1030,76900
2004-11-04,968,1025,1035,1015,1030,33800
2004-11-05,973,1030,1060,1030,1030,51700
2004-11-08,1025,1085,1100,1035,1040,119800
2004-11-09,1025,1085,1115,1060,1080,102900
2004-11-10,1025,1085,1105,1065,1080,46200
2004-11-11,996,1055,1085,1035,1085,38700
2004-11-12,1001,1060,1070,1040,1045,62600
2004-11-15,996,1055,1080,1050,1080,20300
2004-11-16,1001,1060,1065,1045,1050,43300
2004-11-17,996,1055,1075,1050,1055,22300
2004-11-18,996,1055,1065,1040,1055,56300
2004-11-19,982,1040,1070,1025,1045,116800
2004-11-22,968,1025,1070,1000,1020,219600
2004-11-23,954,1010,1030,1010,1015,109700
2004-11-24,959,1015,1025,1005,1020,63900
2004-11-25,973,1030,1070,1010,1010,143000
2004-11-26,963,1020,1045,1020,1040,53000
2004-11-29,963,1020,1030,1015,1030,35000
2004-11-30,973,1030,1040,1010,1020,87200
2004-12-01,963,1020,1045,1010,1030,98600
2004-12-02,977,1035,1045,1020,1030,68200
2004-12-03,968,1025,1040,1025,1030,39700
2004-12-06,973,1030,1045,1020,1020,37800
2004-12-07,977,1035,1040,1025,1030,75800
2004-12-08,1091,1155,1155,1040,1040,261100
2004-12-09,1181,1250,1290,1205,1290,3482700
2004-12-10,1072,1135,1250,1100,1245,1126000
2004-12-13,1199,1270,1270,1105,1135,1568700
2004-12-14,1190,1260,1320,1215,1270,1083000
2004-12-15,1199,1270,1355,1220,1250,1277400
2004-12-16,1176,1245,1295,1220,1255,386100
2004-12-17,1162,1230,1305,1215,1245,758900
2004-12-20,1157,1225,1270,1205,1245,425000
2004-12-21,1105,1170,1245,1170,1245,423800
2004-12-22,1129,1195,1230,1175,1180,166200
2004-12-23,1096,1160,1195,1160,1180,210400
2004-12-24,1091,1155,1170,1145,1145,242700
2004-12-27,1147,1215,1215,1160,1190,273900
2004-12-28,1124,1190,1220,1185,1185,201700
2004-12-29,1124,1190,1200,1170,1170,156600
2004-12-30,1138,1205,1215,1170,1190,301200
2005-01-03,1270,1345,1345,1280,1295,714500
2005-01-04,1421,1505,1505,1450,1480,713800
2005-01-05,1592,1685,1685,1505,1510,3068900
2005-01-06,1436,1520,1880,1490,1720,3147300
2005-01-07,1540,1630,1665,1495,1630,2052700
2005-01-10,1724,1825,1825,1730,1780,2236800
2005-01-11,1634,1730,1940,1680,1940,3399900
2005-01-12,1554,1645,1750,1625,1750,1134800
2005-01-13,1672,1770,1795,1690,1700,1592100
2005-01-14,1620,1715,1770,1660,1730,1295500
2005-01-17,1596,1690,1750,1675,1690,1234000
2005-01-18,1573,1665,1740,1665,1700,893200
2005-01-19,1677,1775,1855,1665,1680,1800700
2005-01-20,1620,1715,1830,1630,1780,1128700
2005-01-21,1700,1800,1815,1700,1710,1067500
2005-01-24,1903,2015,2015,1820,1820,2893900
2005-01-25,1988,2105,2200,2000,2155,2255400
2005-01-26,1842,1950,2175,1860,2115,2238200
2005-01-27,1795,1900,1965,1835,1915,1014400
2005-01-28,1799,1905,1965,1880,1905,778100
2005-01-31,2012,2130,2130,1920,1920,2393600
2005-02-01,1918,2030,2230,1970,2125,1471200
2005-02-02,2050,2170,2270,1980,2080,2553800
2005-02-03,2295,2430,2430,2200,2205,2931700
2005-02-04,2569,2720,2720,2410,2455,3081900
2005-02-07,2877,3045,3045,2840,2840,1196500
2005-02-11,3221,3410,3410,3160,3410,2555300
2005-02-14,3604,3815,3815,3600,3780,1169300
2005-02-15,4034,4270,4270,4020,4270,4240600
2005-02-16,3930,4160,4560,3830,4170,6104400
2005-02-17,4025,4260,4655,4130,4340,6468500
2005-02-18,3717,3935,4385,3855,4150,2295600
2005-02-21,3373,3570,3935,3475,3700,4147400
2005-02-22,3042,3220,3855,3145,3570,5343200
2005-02-23,3406,3605,3605,3150,3170,4742700
2005-02-24,3292,3485,4025,3450,3635,3259800
2005-02-25,3165,3350,3685,3180,3560,1857000
2005-02-28,3401,3600,3620,3265,3550,2136900
2005-03-02,3580,3790,3835,3510,3630,2238300
2005-03-03,3566,3775,4020,3730,3810,2771900
2005-03-04,3495,3700,3840,3655,3805,1595300
2005-03-07,3330,3525,3780,3480,3725,1296400
2005-03-08,2943,3115,3550,3105,3535,1998900
2005-03-09,2834,3000,3100,2850,2935,1614200
2005-03-10,2740,2900,3060,2900,2930,1067400
2005-03-11,3066,3245,3245,2750,2860,2694600
2005-03-14,3306,3500,3630,3265,3265,3199700
2005-03-15,3193,3380,3650,3300,3550,1898800
2005-03-16,3576,3785,3785,3340,3400,3259200
2005-03-17,3410,3610,4185,3500,3775,5474400
2005-03-18,3590,3800,3865,3460,3720,3571500
2005-03-21,3684,3900,4070,3750,3850,3832000
2005-03-22,3311,3505,3990,3450,3815,2699400
2005-03-23,3382,3580,3670,3475,3500,1500300
2005-03-24,3784,4005,4005,3780,3790,3573800
2005-03-25,3732,3950,4380,3645,4300,7913400
2005-03-28,3174,3360,4265,3360,3950,15300100
2005-03-29,2810,2975,3330,2860,3230,7445900
2005-03-30,2796,2960,3105,2940,3000,5531100
2005-03-31,2456,2600,3045,2535,3000,5476300
2005-04-01,2508,2655,2785,2550,2550,5209400
2005-04-04,2381,2520,2680,2485,2635,2377800
2005-04-06,2381,2520,2570,2430,2520,2772700
2005-04-07,2314,2450,2535,2440,2510,1688800
2005-04-08,2258,2390,2515,2360,2500,1871900
2005-04-11,2352,2490,2610,2330,2330,4530400
2005-04-12,2300,2435,2560,2425,2490,1616900
2005-04-13,2277,2410,2490,2410,2440,1251600
2005-04-14,2187,2315,2425,2290,2370,1159200
2005-04-15,2154,2280,2360,2270,2280,1323400
2005-04-18,1851,1960,2240,1950,2180,1266200
2005-04-19,1870,1980,2035,1960,1980,898900
2005-04-20,2149,2275,2275,2070,2070,3342700
2005-04-21,2097,2220,2250,2135,2200,2472700
2005-04-22,2040,2160,2320,2160,2310,1345000
2005-04-25,1955,2070,2190,2070,2120,924700
2005-04-26,1936,2050,2145,2030,2075,1191800
2005-04-27,1932,2045,2075,1980,1980,852000
2005-04-28,1894,2005,2140,2000,2105,1010300
2005-04-29,1927,2040,2040,1930,1930,907600
2005-05-02,1936,2050,2170,2040,2110,964500
2005-05-03,1918,2030,2070,1975,2020,1133600
2005-05-04,1889,2000,2050,2000,2050,758200
2005-05-06,1880,1990,2030,1980,1990,992700
2005-05-09,2088,2210,2250,2025,2025,4824900
2005-05-10,1974,2090,2200,2085,2195,1496700
2005-05-11,1889,2000,2110,2000,2090,1044300
2005-05-12,1894,2005,2075,1995,2060,868700
2005-05-13,1951,2065,2100,1955,1970,1343600
2005-05-16,1932,2045,2095,2015,2095,905000
2005-05-17,2026,2145,2300,2050,2050,3993200
2005-05-18,2021,2140,2220,2125,2195,1126800
2005-05-19,2012,2130,2200,2095,2195,1050400
2005-05-20,2012,2130,2225,2100,2120,1732700
2005-05-23,2003,2120,2175,2115,2145,705900
2005-05-24,2102,2225,2320,2105,2105,4035600
2005-05-25,2083,2205,2320,2175,2245,2431600
2005-05-26,2135,2260,2315,2210,2220,1613400
2005-05-27,2362,2500,2575,2305,2320,4381600
2005-05-30,2466,2610,2700,2400,2580,4385400
2005-05-31,2475,2620,2785,2540,2685,3787900
2005-06-01,2522,2670,2820,2590,2620,2744200
2005-06-02,2399,2540,2730,2525,2720,1713700
2005-06-03,2447,2590,2645,2505,2510,2019600
2005-06-07,2522,2670,2670,2545,2545,1461300
2005-06-08,2867,3035,3060,2680,2720,6508800
2005-06-09,2787,2950,3160,2830,3055,4478200
2005-06-10,2626,2780,2970,2720,2920,2095400
2005-06-13,2551,2700,2845,2670,2750,1166200
2005-06-14,2555,2705,2830,2650,2670,1648900
2005-06-15,2555,2705,2735,2675,2675,862400
2005-06-16,2645,2800,2865,2750,2750,1454100
2005-06-17,2588,2740,2860,2715,2800,982800
2005-06-20,2551,2700,2795,2700,2760,861800
2005-06-21,2466,2610,2725,2605,2685,972300
2005-06-22,2381,2520,2630,2500,2610,1200600
2005-06-23,2399,2540,2580,2515,2535,812600
2005-06-24,2333,2470,2540,2455,2485,770300
2005-06-27,2253,2385,2440,2380,2425,558500
2005-06-28,2314,2450,2525,2370,2370,1302600
2005-06-29,2352,2490,2545,2475,2520,938800
2005-06-30,2418,2560,2745,2435,2500,1625400
2005-07-01,2418,2560,2610,2530,2540,665500
2005-07-04,2423,2565,2600,2560,2560,552200
2005-07-05,2390,2530,2590,2525,2575,603200
2005-07-06,2338,2475,2560,2460,2550,677500
2005-07-07,2324,2460,2485,2435,2435,424000
2005-07-08,2343,2480,2645,2480,2600,1671200
2005-07-11,2329,2465,2540,2455,2480,620600
2005-07-12,2329,2465,2525,2465,2465,625700
2005-07-13,2281,2415,2485,2410,2460,617600
2005-07-14,2286,2420,2475,2415,2420,458700
2005-07-15,2272,2405,2455,2395,2420,592000
2005-07-18,2366,2505,2555,2395,2405,1516300
2005-07-19,2352,2490,2555,2465,2535,943500
2005-07-20,2314,2450,2570,2410,2490,1331500
2005-07-21,2381,2520,2565,2430,2430,1439200
2005-07-22,2395,2535,2620,2510,2570,1493800
2005-07-25,2569,2720,2720,2535,2535,1729700
2005-07-26,2536,2685,2765,2640,2690,1292200
2005-07-27,2489,2635,2780,2620,2730,1333900
2005-07-28,2456,2600,2685,2570,2670,862000
2005-07-29,2579,2730,2775,2590,2620,2004200
2005-08-01,2645,2800,2885,2700,2760,1772800
2005-08-02,2546,2695,2830,2695,2800,909700
2005-08-03,2432,2575,2740,2575,2695,720100
2005-08-04,2352,2490,2590,2455,2540,779700
2005-08-05,2272,2405,2470,2350,2420,678200
2005-08-08,2173,2300,2400,2280,2310,647600
2005-08-09,2220,2350,2350,2250,2250,378100
2005-08-10,2201,2330,2380,2325,2360,395200
2005-08-11,2225,2355,2355,2295,2300,473200
2005-08-12,2196,2325,2375,2320,2355,389500
2005-08-16,2168,2295,2360,2280,2340,341500
2005-08-17,2135,2260,2285,2260,2260,265500
2005-08-18,2069,2190,2280,2190,2260,459400
2005-08-19,2021,2140,2175,2090,2160,413600
2005-08-22,2050,2170,2210,2120,2120,380500
2005-08-23,2078,2200,2235,2195,2235,265400
2005-08-24,2078,2200,2235,2175,2200,238200
2005-08-25,2225,2355,2355,2205,2220,617000
2005-08-26,2300,2435,2500,2310,2355,1214800
2005-08-29,2456,2600,2700,2530,2550,2500000
2005-08-30,2447,2590,2615,2440,2580,1475700
2005-08-31,2272,2405,2745,2405,2680,2288600
2005-09-01,2305,2440,2540,2400,2405,1316800
2005-09-02,2277,2410,2460,2385,2410,718400
2005-09-05,2395,2535,2535,2410,2415,888500
2005-09-06,2432,2575,2645,2545,2585,1281300
2005-09-07,2447,2590,2625,2545,2590,685000
2005-09-08,2414,2555,2730,2525,2650,1230000
2005-09-09,2333,2470,2595,2450,2570,750300
2005-09-12,2300,2435,2500,2435,2500,453200
2005-09-13,2390,2530,2530,2425,2440,724800
2005-09-14,2518,2665,2705,2470,2545,1594500
2005-09-15,2555,2705,2750,2600,2700,1361600
2005-09-16,2792,2955,3100,2700,2700,4776800
2005-09-20,2815,2980,3150,2910,3035,1957100
2005-09-21,2966,3140,3180,2935,3030,2423300
2005-09-22,2929,3100,3200,3045,3130,1724400
2005-09-23,2740,2900,3235,2900,3110,2151100
2005-09-26,2796,2960,2995,2865,2910,1557900
2005-09-27,2607,2760,2960,2735,2955,2116200
2005-09-28,2484,2630,2780,2565,2700,2219300
2005-09-29,2617,2770,2780,2595,2665,2096200
2005-09-30,2631,2785,2840,2730,2770,1671600
2005-10-04,2721,2880,2905,2755,2815,1743800
2005-10-05,2655,2810,2980,2775,2950,2306300
2005-10-06,2584,2735,2800,2710,2750,773600
2005-10-07,2532,2680,2770,2660,2740,803700
2005-10-10,2598,2750,2750,2685,2685,771400
2005-10-11,2706,2865,2905,2780,2790,1485500
2005-10-12,2721,2880,2920,2755,2920,1256900
2005-10-13,2862,3030,3030,2795,2880,1794900
2005-10-14,3023,3200,3365,3055,3100,6241300
2005-10-17,2792,2955,3295,2895,3250,2525800
2005-10-18,2702,2860,2995,2835,2910,1633900
2005-10-19,2621,2775,2930,2745,2765,1281300
2005-10-20,2659,2815,3010,2810,2815,1660600
2005-10-21,2697,2855,2900,2720,2720,931400
2005-10-24,2711,2870,2980,2835,2870,1571600
2005-10-25,2735,2895,3010,2865,2905,1262600
2005-10-26,2664,2820,2935,2820,2910,619700
2005-10-27,2834,3000,3020,2765,2800,1775200
2005-10-28,2929,3100,3110,2960,3000,2886100
2005-10-31,2839,3005,3150,3005,3130,1651700
2005-11-01,2725,2885,3095,2880,3040,2235300
2005-11-02,2725,2885,2945,2825,2900,1124800
2005-11-03,2787,2950,2975,2880,2900,1122800
2005-11-04,2768,2930,2995,2890,2970,946100
2005-11-07,2895,3065,3065,2905,2940,1349700
2005-11-08,2839,3005,3180,3000,3085,1785300
2005-11-09,3080,3260,3280,3005,3005,2856700
2005-11-10,3363,3560,3720,3300,3355,4926400
2005-11-11,3420,3620,3670,3450,3630,2094300
2005-11-14,3354,3550,3685,3550,3660,1662500
2005-11-15,3325,3520,3945,3520,3565,3850700
2005-11-16,3269,3460,3495,3355,3495,1365100
2005-11-17,3321,3515,3575,3460,3470,1152500
2005-11-18,3491,3695,3730,3525,3525,2025200
2005-11-21,3514,3720,3830,3620,3695,1404300
2005-11-22,3732,3950,4190,3770,3820,5302400
2005-11-23,3911,4140,4190,3900,4090,2042200
2005-11-24,3921,4150,4360,4060,4150,1774800
2005-11-25,3977,4210,4545,4000,4105,2964500
2005-11-28,4573,4840,4840,4230,4290,6833400
2005-11-29,4180,4425,4995,4370,4760,5022500
2005-11-30,4039,4275,4595,4200,4475,2576800
2005-12-01,4100,4340,4445,4215,4260,2410400
2005-12-02,3873,4100,4410,4100,4315,2671900
2005-12-05,3987,4220,4465,4210,4400,3279800
2005-12-06,3911,4140,4250,4115,4140,1480000
2005-12-07,3519,3725,4175,3695,4110,2059700
2005-12-08,3618,3830,3855,3565,3650,1144500
2005-12-09,3826,4050,4190,3725,3725,2072400
2005-12-12,3878,4105,4155,4010,4030,971600
2005-12-13,4001,4235,4275,4090,4110,1153400
2005-12-14,4214,4460,4570,4190,4235,1859400
2005-12-15,4195,4440,4640,4400,4530,921700
2005-12-16,3958,4190,4365,3945,4000,1376900
2005-12-19,4171,4415,4475,4100,4120,975800
2005-12-20,4143,4385,4660,4185,4395,2366200
2005-12-21,4393,4650,4650,4390,4440,2135000
2005-12-22,4133,4375,5200,4210,4950,4608300
2005-12-23,3977,4210,4410,4090,4375,960000
2005-12-26,3817,4040,4250,4020,4220,974300
2005-12-27,3717,3935,4095,3865,4050,1130400
2005-12-28,3996,4230,4320,3805,3845,1261200
2005-12-29,3949,4180,4400,4155,4200,774000
2006-01-02,4247,4495,4495,4255,4350,1416400
2006-01-03,4299,4550,4790,4500,4720,1594600
2006-01-04,4157,4400,4590,4380,4590,1087600
2006-01-05,3977,4210,4475,4180,4400,693900
2006-01-06,4062,4300,4315,4150,4150,768500
2006-01-09,4001,4235,4400,4220,4320,782400
2006-01-10,4001,4235,4400,4135,4235,1109500
2006-01-11,3930,4160,4250,4100,4235,610100
2006-01-12,3873,4100,4225,4100,4100,696900
2006-01-13,3836,4060,4090,4000,4070,461000
2006-01-16,3854,4080,4120,4035,4035,496600
2006-01-17,3689,3905,4180,3895,4090,835900
2006-01-18,3543,3750,3910,3580,3900,1086600
2006-01-19,3684,3900,3940,3680,3715,709400
2006-01-20,3439,3640,3930,3510,3850,467800
2006-01-23,2924,3095,3490,3095,3380,1102600
2006-01-24,2976,3150,3150,2675,3070,947300
2006-01-25,3023,3200,3270,3150,3200,1170700
2006-01-26,3354,3550,3620,3085,3170,1723400
2006-01-27,3477,3680,3730,3500,3575,812200
2006-01-31,3443,3645,3755,3625,3705,296600
2006-02-01,3108,3290,3630,3100,3560,754000
2006-02-02,3028,3205,3385,3150,3325,335400
2006-02-03,2985,3160,3205,3070,3070,455200
2006-02-06,2985,3160,3225,3055,3055,435500
2006-02-07,2943,3115,3210,3115,3125,526800
2006-02-08,2881,3050,3220,3015,3115,689200
2006-02-09,3023,3200,3285,3065,3145,1203100
2006-02-10,3188,3375,3375,3200,3200,895200
2006-02-13,3254,3445,3545,3420,3500,669400
2006-02-14,3283,3475,3480,3305,3445,296200
2006-02-15,3132,3315,3550,3280,3500,364800
2006-02-16,3080,3260,3390,3195,3300,469800
2006-02-17,3155,3340,3415,3230,3280,614400
2006-02-20,3212,3400,3445,3335,3340,264900
2006-02-21,3240,3430,3480,3385,3450,289200
2006-02-22,3306,3500,3500,3360,3400,312900
2006-02-23,3458,3660,3770,3485,3540,1141900
2006-02-24,3543,3750,3750,3570,3660,345200
2006-02-27,3590,3800,3885,3760,3850,421200
2006-02-28,3609,3820,3820,3675,3760,294100
2006-03-02,3543,3750,3810,3725,3805,213000
2006-03-03,3406,3605,3730,3545,3720,331900
2006-03-06,3354,3550,3615,3535,3600,249600
2006-03-07,3259,3450,3530,3355,3510,360100
2006-03-08,3354,3550,3550,3360,3360,592900
2006-03-09,3363,3560,3635,3500,3500,273200
2006-03-10,3377,3575,3580,3480,3505,259800
2006-03-13,3373,3570,3640,3560,3625,180900
2006-03-14,3325,3520,3590,3495,3570,119600
2006-03-15,3316,3510,3570,3510,3570,201000
2006-03-16,3250,3440,3505,3430,3495,148600
2006-03-17,3174,3360,3450,3335,3430,202000
2006-03-20,3269,3460,3460,3360,3360,205000
2006-03-21,3250,3440,3475,3420,3420,111200
2006-03-22,3136,3320,3405,3310,3370,146300
2006-03-23,3136,3320,3365,3270,3350,159300
2006-03-24,3151,3335,3400,3300,3300,214400
2006-03-27,3108,3290,3355,3280,3310,141000
2006-03-28,3037,3215,3300,3210,3240,114800
2006-03-29,2976,3150,3250,3120,3250,191300
2006-03-30,3108,3290,3290,3160,3160,196400
2006-03-31,3203,3390,3415,3290,3320,238400
2006-04-03,3231,3420,3480,3410,3450,231200
2006-04-04,3221,3410,3420,3360,3420,137400
2006-04-05,3226,3415,3470,3370,3400,236800
2006-04-06,3198,3385,3455,3360,3455,195200
2006-04-07,3165,3350,3385,3300,3385,174400
2006-04-10,3127,3310,3380,3260,3350,158200
2006-04-11,3184,3370,3370,3285,3310,203200
2006-04-12,3212,3400,3400,3305,3370,158300
2006-04-13,3420,3620,3620,3405,3405,905000
2006-04-14,3387,3585,3740,3530,3645,335000
2006-04-17,3306,3500,3580,3485,3580,287000
2006-04-18,3358,3555,3570,3465,3505,359900
2006-04-19,3311,3505,3650,3430,3570,549900
2006-04-20,3212,3400,3480,3400,3475,305600
2006-04-21,3250,3440,3455,3350,3410,304700
2006-04-24,3288,3480,3540,3455,3500,463400
2006-04-25,3354,3550,3550,3425,3520,343900
2006-04-26,3628,3840,3850,3580,3630,1471900
2006-04-27,3732,3950,3980,3770,3840,1065300
2006-04-28,3666,3880,3970,3800,3965,517900
2006-05-02,3779,4000,4030,3840,3900,836900
2006-05-03,3751,3970,4090,3800,4000,926800
2006-05-04,3666,3880,3970,3790,3915,434000
2006-05-08,3911,4140,4160,3900,3900,1073100
2006-05-09,3798,4020,4145,3990,4100,530200
2006-05-10,3684,3900,4070,3835,4005,444000
2006-05-11,3803,4025,4025,3850,3865,575700
2006-05-12,3817,4040,4040,3865,3990,283900
2006-05-15,3779,4000,4020,3915,3985,262800
2006-05-16,3779,4000,4145,3865,4060,800700
2006-05-17,3703,3920,4045,3915,4045,297500
2006-05-18,3580,3790,3790,3605,3730,452900
2006-05-19,3576,3785,3800,3660,3715,192000
2006-05-22,3557,3765,3845,3670,3750,454100
2006-05-23,3533,3740,3760,3650,3700,213000
2006-05-24,3590,3800,3800,3650,3725,305000
2006-05-25,3477,3680,3830,3550,3820,475600
2006-05-26,3363,3560,3735,3520,3735,500000
2006-05-29,3368,3565,3600,3505,3585,179000
2006-05-30,3221,3410,3580,3375,3545,195100
2006-06-01,3066,3245,3410,3175,3350,290600
2006-06-02,3080,3260,3330,3135,3255,284700
2006-06-05,3051,3230,3280,3210,3230,152400
2006-06-07,2843,3010,3175,2940,3150,203100
2006-06-08,2995,3170,3220,2925,2925,216900
2006-06-09,3117,3300,3300,3180,3195,112200
2006-06-12,3127,3310,3350,3250,3260,111000
2006-06-13,3018,3195,3245,3150,3200,67600
2006-06-14,3117,3300,3300,3130,3160,84900
2006-06-15,3084,3265,3380,3265,3320,48700
2006-06-16,3037,3215,3340,3180,3340,289600
2006-06-19,3042,3220,3240,3170,3215,117400
2006-06-20,2891,3060,3195,3000,3165,194800
2006-06-21,2900,3070,3090,3005,3040,82600
2006-06-22,2872,3040,3090,2875,3070,551700
2006-06-23,2862,3030,3040,2920,2960,130200
2006-06-26,2829,2995,3040,2960,2980,94100
2006-06-27,2787,2950,3005,2950,2975,72400
2006-06-28,2730,2890,2935,2870,2935,106000
2006-06-29,2763,2925,2950,2880,2890,95700
2006-06-30,2853,3020,3020,2895,2910,363400
2006-07-03,2853,3020,3055,2895,3040,88100
2006-07-04,2843,3010,3040,2940,3020,152600
2006-07-05,2782,2945,3350,2945,3250,3165200
2006-07-06,2470,2615,2935,2585,2930,2121200
2006-07-07,2333,2470,2685,2470,2635,2159100
2006-07-10,2314,2450,2475,2400,2435,1063600
2006-07-11,2371,2510,2575,2465,2480,1410500
2006-07-12,2399,2540,2600,2530,2535,716200
2006-07-13,2409,2550,2555,2490,2530,434400
2006-07-14,2319,2455,2630,2455,2575,756000
2006-07-18,2225,2355,2450,2355,2410,496500
2006-07-19,2229,2360,2395,2300,2355,512800
2006-07-20,2244,2375,2425,2370,2410,562600
2006-07-21,2215,2345,2350,2285,2345,285300
2006-07-24,2168,2295,2345,2290,2325,208700
2006-07-25,2225,2355,2385,2310,2320,349700
2006-07-26,2229,2360,2385,2340,2365,159000
2006-07-27,2225,2355,2385,2310,2360,201400
2006-07-28,2262,2395,2395,2320,2350,181900
2006-07-31,2314,2450,2465,2405,2425,172900
2006-08-01,2324,2460,2460,2420,2420,106000
2006-08-02,2329,2465,2500,2400,2425,127900
2006-08-03,2286,2420,2485,2420,2475,100700
2006-08-04,2381,2520,2530,2420,2420,289400
2006-08-07,2428,2570,2590,2475,2515,292400
2006-08-08,2428,2570,2585,2530,2585,189400
2006-08-09,2551,2700,2730,2540,2575,1811100
2006-08-10,2513,2660,2710,2625,2700,283200
2006-08-11,2466,2610,2705,2610,2705,211200
2006-08-14,2362,2500,2620,2500,2580,206900
2006-08-16,2480,2625,2670,2540,2540,339600
2006-08-17,2527,2675,2695,2635,2635,292500
2006-08-18,2494,2640,2695,2620,2690,179200
2006-08-21,2404,2545,2660,2520,2610,413500
2006-08-22,2409,2550,2585,2520,2535,206400
2006-08-23,2362,2500,2580,2495,2550,276800
2006-08-24,2376,2515,2530,2490,2490,215700
2006-08-25,2399,2540,2570,2510,2540,228000
2006-08-28,2461,2605,2610,2550,2590,311900
2006-08-29,2499,2645,2655,2605,2620,394400
2006-08-30,2518,2665,2675,2625,2660,546900
2006-08-31,2579,2730,2755,2640,2665,378500
2006-09-01,2617,2770,2795,2715,2730,319600
2006-09-04,2735,2895,2895,2770,2775,311500
2006-09-05,2711,2870,2935,2830,2935,238000
2006-09-06,2711,2870,2885,2820,2870,209400
2006-09-07,2669,2825,2865,2810,2810,162000
2006-09-08,2697,2855,2885,2800,2800,158300
2006-09-11,2692,2850,2900,2820,2845,178600
2006-09-12,2697,2855,2870,2815,2850,183500
2006-09-13,2740,2900,2935,2870,2910,256100
2006-09-14,2853,3020,3020,2900,2910,422900
2006-09-15,2815,2980,3035,2950,3020,232600
2006-09-18,2815,2980,3035,2980,3000,198100
2006-09-19,2787,2950,2980,2895,2960,307800
2006-09-20,2777,2940,3010,2900,2940,228400
2006-09-21,2758,2920,2980,2895,2980,169800
2006-09-22,2664,2820,2910,2785,2900,136400
2006-09-25,2645,2800,2820,2720,2780,140900
2006-09-26,2626,2780,2920,2780,2820,312800
2006-09-27,2659,2815,2845,2790,2800,83500
2006-09-28,2664,2820,2840,2775,2840,90900
2006-09-29,2645,2800,2845,2775,2840,150400
2006-10-02,2617,2770,2835,2765,2800,72300
2006-10-04,2645,2800,2880,2770,2820,439400
2006-10-09,2881,3050,3150,2620,2800,6936200
2006-10-10,2655,2810,2995,2790,2980,3546800
2006-10-11,2598,2750,2935,2670,2905,2481100
2006-10-12,2603,2755,2770,2685,2700,1022800
2006-10-13,2990,3165,3165,2940,2975,8772600
2006-10-16,2985,3160,3200,3040,3150,2927200
2006-10-17,3165,3350,3530,3160,3240,8072500
2006-10-18,3217,3405,3550,3260,3390,4269200
2006-10-19,3212,3400,3450,3305,3390,1645600
2006-10-20,3032,3210,3400,3210,3400,1623600
2006-10-23,3028,3205,3230,3095,3140,1092600
2006-10-24,2905,3075,3220,3060,3220,942900
2006-10-25,2957,3130,3150,3050,3075,950800
2006-10-26,2943,3115,3160,3055,3100,795000
2006-10-27,3023,3200,3230,3100,3135,1526800
2006-10-30,2938,3110,3225,3110,3170,571500
2006-10-31,2877,3045,3135,3030,3125,655900
2006-11-01,2943,3115,3150,2960,3035,910300
2006-11-02,2947,3120,3145,3080,3105,432300
2006-11-03,2952,3125,3160,3095,3150,384200
2006-11-06,2886,3055,3125,3040,3125,288100
2006-11-07,2877,3045,3090,3040,3085,289800
2006-11-08,2829,2995,3070,2985,3050,583900
2006-11-09,2872,3040,3045,2985,2995,330300
2006-11-10,2962,3135,3180,3045,3065,744000
2006-11-13,2938,3110,3170,3100,3160,359100
2006-11-14,2919,3090,3190,3090,3170,1122000
2006-11-15,2829,2995,3105,2990,3100,850400
2006-11-16,2952,3125,3135,2990,3025,906300
2006-11-17,2924,3095,3150,3075,3140,411900
2006-11-20,3018,3195,3235,3060,3125,1314500
2006-11-21,3061,3240,3250,3145,3210,629700
2006-11-22,3042,3220,3280,3195,3270,595100
2006-11-23,3047,3225,3240,3185,3240,369500
2006-11-24,3014,3190,3230,3130,3225,298800
2006-11-27,3023,3200,3215,3150,3150,262700
2006-11-28,2976,3150,3190,3125,3130,218600
2006-11-29,2947,3120,3185,3095,3160,230600
2006-11-30,3042,3220,3235,3135,3160,383800
2006-12-01,3099,3280,3310,3175,3210,640100
2006-12-04,3099,3280,3310,3250,3260,321600
2006-12-05,3108,3290,3345,3275,3300,337000
2006-12-06,3084,3265,3340,3255,3300,323600
2006-12-07,3042,3220,3295,3205,3265,301800
2006-12-08,3056,3235,3235,3155,3210,207800
2006-12-11,3108,3290,3350,3200,3200,275300
2006-12-12,3051,3230,3325,3220,3310,368300
2006-12-13,3221,3410,3425,3230,3230,846500
2006-12-14,3259,3450,3480,3360,3430,474900
2006-12-15,3311,3505,3520,3430,3485,459400
2006-12-18,3316,3510,3540,3405,3505,321000
2006-12-19,3212,3400,3530,3400,3500,280300
2006-12-20,3188,3375,3435,3370,3370,323400
2006-12-21,3146,3330,3450,3330,3450,338200
2006-12-22,3122,3305,3375,3295,3335,375500
2006-12-26,3028,3205,3310,3200,3310,337900
2006-12-27,3066,3220,3285,3200,3230,105200
2006-12-28,3223,3385,3450,3240,3240,410300
2007-01-02,3285,3450,3480,3385,3430,225500
2007-01-03,3228,3390,3450,3390,3450,180300
2007-01-04,3237,3400,3430,3360,3360,155700
2007-01-05,3428,3600,3740,3445,3490,2465300
2007-01-08,3518,3695,3770,3570,3660,625400
2007-01-09,3509,3685,3700,3600,3615,438000
2007-01-10,3590,3770,3815,3640,3710,492600
2007-01-11,3571,3750,3840,3740,3755,576000
2007-01-12,3675,3860,3880,3750,3750,430000
2007-01-15,3609,3790,3890,3780,3850,221100
2007-01-16,3461,3635,3795,3625,3715,225200
2007-01-17,3428,3600,3645,3555,3600,193500
2007-01-18,3509,3685,3770,3610,3610,253300
2007-01-19,3371,3540,3725,3530,3670,158600
2007-01-22,3490,3665,3720,3550,3550,168400
2007-01-23,3647,3830,3900,3650,3690,380900
2007-01-24,3713,3900,4000,3850,3950,298900
2007-01-25,3680,3865,3990,3820,3900,421200
2007-01-26,3771,3960,4000,3860,3860,395500
2007-01-29,3799,3990,4035,3910,3955,383100
2007-01-30,3704,3890,4000,3830,4000,254200
2007-01-31,3661,3845,3920,3790,3900,161100
2007-02-01,3671,3855,3900,3805,3805,172100
2007-02-02,3656,3840,3900,3820,3820,291900
2007-02-05,3742,3930,3935,3810,3830,235200
2007-02-06,3732,3920,3980,3905,3950,152200
2007-02-07,3675,3860,3950,3840,3920,179300
2007-02-08,3690,3875,3910,3865,3890,176500
2007-02-09,3837,4030,4055,3900,3980,672100
2007-02-12,3837,4030,4065,3950,4045,287900
2007-02-13,3742,3930,4050,3915,4000,247700
2007-02-14,3809,4000,4000,3910,3910,182600
2007-02-15,3780,3970,4045,3965,3965,161000
2007-02-16,3785,3975,3995,3900,3940,83700
2007-02-20,3837,4030,4035,3970,4000,157600
2007-02-21,3913,4110,4110,4020,4040,197800
2007-02-22,3932,4130,4250,4075,4110,795700
2007-02-23,3875,4070,4200,4070,4190,244400
2007-02-26,3847,4040,4110,4040,4110,171400
2007-02-27,3828,4020,4040,3990,3990,170200
2007-02-28,3713,3900,3960,3800,3880,261200
2007-03-05,3628,3810,3950,3810,3860,441900
2007-03-06,3699,3885,3910,3800,3830,280700
2007-03-07,3737,3925,3945,3900,3920,208300
2007-03-08,3713,3900,3935,3850,3935,216900
2007-03-09,3742,3930,3935,3875,3935,109500
2007-03-12,3704,3890,3950,3885,3950,133900
2007-03-13,3685,3870,3910,3870,3895,139900
2007-03-14,3618,3800,3870,3780,3810,204500
2007-03-15,3671,3855,3980,3800,3800,169500
2007-03-16,3685,3870,3925,3810,3865,233100
2007-03-19,3694,3880,3920,3855,3890,164700
2007-03-20,3647,3830,3900,3830,3900,168300
2007-03-21,3632,3815,3850,3795,3835,159100
2007-03-22,3666,3850,3880,3810,3840,206700
2007-03-23,3761,3950,4000,3835,3870,330100
2007-03-26,3656,3840,4000,3830,4000,207400
2007-03-27,3647,3830,3900,3780,3845,157600
2007-03-28,3609,3790,3850,3790,3850,134300
2007-03-29,3609,3790,3800,3725,3745,156300
2007-03-30,3580,3760,3830,3760,3810,158500
2007-04-02,3575,3755,3820,3755,3765,169000
2007-04-03,3499,3675,3750,3630,3750,289200
2007-04-04,3451,3625,3715,3625,3700,246100
2007-04-05,3556,3735,3735,3625,3625,241800
2007-04-06,3618,3800,3820,3765,3795,196000
2007-04-09,3694,3880,3905,3850,3865,347000
2007-04-10,3680,3865,3910,3850,3900,195600
2007-04-11,3766,3955,3955,3865,3905,374100
2007-04-12,3904,4100,4135,3925,3925,466900
2007-04-13,3875,4070,4200,4000,4120,501800
2007-04-16,3885,4080,4110,4015,4100,262700
2007-04-17,3799,3990,4155,3990,4145,290100
2007-04-18,4190,4400,4445,3985,3985,988500
2007-04-19,4099,4305,4460,4220,4420,433600
2007-04-20,4285,4500,4590,4310,4310,612000
2007-04-23,4923,5170,5170,4510,4585,1574400
2007-04-24,4980,5230,5330,5030,5290,1418200
2007-04-25,4904,5150,5250,5010,5230,630000
2007-04-26,4466,4690,5400,4660,5200,1061300
2007-04-27,4489,4715,4900,4680,4700,428500
2007-04-30,4847,5090,5090,4500,4715,560300
2007-05-02,4742,4980,5340,4970,5080,543700
2007-05-03,4808,5050,5190,4940,5090,255200
2007-05-04,4837,5080,5260,5010,5080,486900
2007-05-07,4866,5110,5360,5080,5180,522400
2007-05-08,4837,5080,5310,5030,5170,471300
2007-05-09,4713,4950,5150,4950,5100,218100
2007-05-10,4713,4950,5190,4900,4900,316000
2007-05-11,4475,4700,4890,4700,4855,332300
2007-05-14,4447,4670,4800,4665,4700,127000
2007-05-15,4580,4810,4850,4670,4705,197600
2007-05-16,4799,5040,5090,4810,4810,224200
2007-05-17,4799,5040,5090,4955,5050,156700
2007-05-18,4732,4970,5110,4950,5080,115500
2007-05-21,4737,4975,4990,4860,4900,113100
2007-05-22,4637,4870,5010,4850,5000,80600
2007-05-23,4504,4730,4900,4730,4875,123200
2007-05-25,4475,4700,4750,4615,4740,102600
2007-05-28,4532,4760,4850,4710,4710,124200
2007-05-29,4628,4860,4870,4690,4790,261400
2007-05-30,4499,4725,4880,4725,4860,96500
2007-05-31,4418,4640,4800,4630,4795,159000
2007-06-01,4337,4555,4695,4400,4585,381500
2007-06-04,4475,4700,4720,4510,4550,271400
2007-06-05,4428,4650,4740,4600,4700,92700
2007-06-07,4485,4710,4710,4570,4580,135900
2007-06-08,4456,4680,4750,4580,4660,134500
2007-06-11,4547,4775,4850,4700,4770,182000
2007-06-12,5018,5270,5320,4780,4810,691600
2007-06-13,4894,5140,5300,5040,5180,373400
2007-06-14,4951,5200,5300,5130,5200,402200
2007-06-15,5151,5410,5600,5150,5200,452300
2007-06-18,5342,5610,5740,5500,5580,294300
2007-06-19,5275,5540,5740,5460,5710,268800
2007-06-20,4951,5200,5500,5110,5500,202400
2007-06-21,4951,5200,5270,5100,5170,166000
2007-06-22,4866,5110,5350,5060,5350,127500
2007-06-25,4837,5080,5150,4950,5010,84900
2007-06-26,4685,4920,5170,4850,5120,149900
2007-06-27,4761,5000,5020,4770,4860,174000
2007-06-28,4789,5030,5200,5000,5000,116900
2007-06-29,4723,4960,5070,4940,4955,177400
2007-07-02,4799,5040,5080,4960,5050,143800
2007-07-03,4999,5250,5270,5040,5060,173500
2007-07-04,5008,5260,5330,5160,5280,118900
2007-07-05,5028,5280,5300,5080,5270,182200
2007-07-06,5028,5280,5310,5200,5220,123900
2007-07-09,4999,5250,5400,5160,5280,115100
2007-07-10,4837,5080,5270,5060,5180,103600
2007-07-11,4885,5130,5190,5010,5050,126900
2007-07-12,4904,5150,5170,5090,5110,102100
2007-07-13,5047,5300,5340,5050,5150,269300
2007-07-16,4942,5190,5470,5180,5400,133200
2007-07-18,4828,5070,5280,5050,5280,124100
2007-07-19,4808,5050,5180,5040,5110,109900
2007-07-20,4828,5070,5110,5000,5060,185000
2007-07-23,4732,4970,5140,4970,5120,124700
2007-07-24,4656,4890,5030,4860,4970,122800
2007-07-25,4761,5000,5060,4800,4800,106500
2007-07-26,4751,4990,5040,4900,5020,94100
2007-07-27,4513,4740,4930,4695,4905,163700
2007-07-30,4466,4690,4745,4600,4695,90700
2007-07-31,4518,4745,4930,4730,4780,216300
2007-08-01,4418,4640,4925,4600,4755,160400
2007-08-02,4509,4735,4740,4590,4650,80000
2007-08-03,4570,4800,4800,4700,4745,56800
2007-08-06,4542,4770,4770,4620,4655,64100
2007-08-07,4523,4750,4835,4730,4750,53600
2007-08-08,4628,4860,4895,4740,4750,106800
2007-08-09,4656,4890,4895,4820,4850,118300
2007-08-10,4485,4710,4850,4660,4850,94600
2007-08-14,4651,4885,5000,4640,4700,230500
2007-08-16,4056,4260,4750,4260,4750,111300
2007-08-17,3951,4150,4440,4140,4205,125500
2007-08-20,4228,4440,4450,4210,4210,74200
2007-08-21,4256,4470,4500,4355,4440,49200
2007-08-22,4199,4410,4530,4405,4480,75200
2007-08-23,4199,4410,4525,4410,4500,133300
2007-08-24,4142,4350,4415,4300,4415,78900
2007-08-27,4142,4350,4400,4330,4400,94600
2007-08-28,4128,4335,4380,4255,4275,78100
2007-08-29,4166,4375,4410,4150,4150,67100
2007-08-30,4218,4430,4515,4380,4390,93800
2007-08-31,4299,4515,4550,4380,4410,131700
2007-09-03,4304,4520,4560,4440,4515,43600
2007-09-04,4261,4475,4540,4450,4505,55200
2007-09-05,4289,4505,4685,4500,4680,78200
2007-09-06,4318,4535,4535,4425,4510,60200
2007-09-07,4285,4500,4575,4465,4565,67400
2007-09-10,4209,4420,4460,4380,4460,41500
2007-09-11,4204,4415,4580,4375,4440,51100
2007-09-12,4166,4375,4455,4300,4380,78800
2007-09-13,4118,4325,4435,4250,4315,106400
2007-09-14,4047,4250,4335,4195,4310,148200
2007-09-17,4009,4210,4400,4210,4300,100300
2007-09-18,3918,4115,4240,4050,4230,113900
2007-09-19,3994,4195,4250,4155,4200,93700
2007-09-20,3928,4125,4200,4125,4170,71500
2007-09-21,3875,4070,4160,4065,4100,80000
2007-09-27,4009,4210,4215,4090,4150,69700
2007-09-28,4099,4305,4315,4210,4230,86200
2007-10-01,4161,4370,4410,4305,4310,77700
2007-10-02,4090,4295,4435,4290,4370,82900
2007-10-04,3994,4195,4330,4170,4260,50400
2007-10-05,3975,4175,4240,4110,4240,111500
2007-10-08,4180,4390,4500,4200,4230,321600
2007-10-09,4013,4215,4410,4160,4410,101700
2007-10-10,4018,4220,4345,4210,4290,80100
2007-10-11,3932,4130,4230,4100,4160,113600
2007-10-12,3875,4070,4135,4050,4135,73800
2007-10-15,3728,3915,4080,3915,4075,85500
2007-10-16,3594,3775,3900,3775,3820,107500
2007-10-17,3442,3615,3770,3615,3705,114900
2007-10-18,3571,3750,3750,3635,3640,41600
2007-10-19,3661,3845,3915,3765,3765,79000
2007-10-22,3599,3780,3790,3635,3695,39700
2007-10-23,3632,3815,3885,3800,3800,48900
2007-10-24,3390,3560,3745,3560,3745,152600
2007-10-25,3166,3325,3590,3320,3560,186700
2007-10-26,3237,3400,3450,3320,3330,114100
2007-10-29,3242,3405,3525,3370,3525,166800
2007-10-30,3275,3440,3480,3400,3400,52000
2007-10-31,3285,3450,3480,3370,3450,95100
2007-11-01,3223,3385,3510,3300,3470,82700
2007-11-02,3209,3370,3440,3355,3390,55600
2007-11-05,3180,3340,3430,3325,3385,48400
2007-11-06,3161,3320,3395,3310,3350,38200
2007-11-07,3080,3235,3350,3225,3350,80700
2007-11-08,3028,3180,3270,3150,3270,70500
2007-11-09,2985,3135,3230,3070,3230,78400
2007-11-12,2966,3115,3150,3015,3065,59800
2007-11-13,2909,3055,3090,2980,3080,219400
2007-11-14,2971,3120,3145,3060,3070,82800
2007-11-15,2994,3145,3170,3085,3100,53800
2007-11-16,3037,3190,3270,3095,3140,85700
2007-11-19,3056,3210,3255,3180,3210,73600
2007-11-20,3066,3220,3230,3075,3190,35200
2007-11-21,2971,3120,3240,3100,3220,25300
2007-11-22,2923,3070,3140,3030,3055,33300
2007-11-23,2761,2900,3100,2625,3075,129000
2007-11-26,2780,2920,2945,2865,2915,73600
2007-11-27,2761,2900,2945,2830,2830,62700
2007-11-28,2752,2890,3035,2890,2930,56300
2007-11-29,2847,2990,2990,2900,2950,51600
2007-11-30,2971,3120,3125,3000,3000,52400
2007-12-03,2999,3150,3250,3090,3110,82400
2007-12-04,2980,3130,3220,3080,3165,41400
2007-12-05,3018,3170,3195,3095,3125,57500
2007-12-06,3028,3180,3200,3160,3175,51600
2007-12-07,3042,3195,3270,3180,3180,64300
2007-12-10,3052,3205,3260,3135,3230,64100
2007-12-11,3152,3310,3310,3215,3215,118300
2007-12-12,3228,3390,3390,3250,3330,47900
2007-12-13,3247,3410,3415,3320,3330,58200
2007-12-14,3352,3520,3540,3355,3420,125700
2007-12-17,3418,3590,3635,3465,3635,134500
2007-12-18,3380,3550,3580,3415,3570,68800
2007-12-20,3237,3400,3550,3385,3515,74500
2007-12-21,3242,3405,3445,3295,3320,63800
2007-12-24,3237,3400,3505,3380,3440,70100
2007-12-26,3213,3375,3450,3375,3450,43400
2007-12-27,3248,3385,3390,3330,3330,26300
2007-12-28,3248,3385,3390,3355,3390,24061
2008-01-02,3286,3425,3500,3385,3395,21889
2008-01-03,3301,3440,3440,3335,3335,23697
2008-01-04,3306,3445,3450,3365,3380,42996
2008-01-07,3234,3370,3420,3345,3410,25371
2008-01-08,3402,3545,3700,3320,3320,203729
2008-01-09,3378,3520,3635,3480,3530,40113
2008-01-10,3517,3665,3730,3475,3520,98375
2008-01-11,3363,3505,3690,3505,3665,36272
2008-01-14,3238,3375,3545,3375,3460,61179
2008-01-15,3234,3370,3555,3345,3355,81711
2008-01-16,3301,3440,3440,3275,3275,85729
2008-01-17,3248,3385,3450,3380,3400,41312
2008-01-18,3214,3350,3385,3330,3385,95293
2008-01-21,3166,3300,3365,3300,3350,104709
2008-01-22,3109,3240,3400,3175,3200,96695
2008-01-23,3262,3400,3425,3250,3260,85139
2008-01-24,3301,3440,3495,3365,3365,27899
2008-01-25,3709,3865,3945,3410,3410,393562
2008-01-28,3502,3650,3805,3650,3805,133394
2008-01-29,3454,3600,3800,3600,3745,76191
2008-01-30,3243,3380,3700,3380,3700,63422
2008-01-31,3248,3385,3685,3340,3345,83216
2008-02-01,3339,3480,3490,3380,3405,52094
2008-02-04,3373,3515,3535,3450,3495,43360
2008-02-05,3421,3565,3645,3525,3530,22343
2008-02-11,3306,3445,3535,3400,3410,43811
2008-02-12,3334,3475,3525,3415,3415,19462
2008-02-13,3282,3420,3510,3400,3490,51580
2008-02-14,3301,3440,3460,3400,3425,32004
2008-02-15,3310,3450,3460,3400,3405,26417
2008-02-18,3310,3450,3560,3415,3425,73022
2008-02-19,3330,3470,3535,3435,3455,22450
2008-02-20,3358,3500,3500,3440,3470,33583
2008-02-21,3426,3570,3580,3485,3510,42963
2008-02-22,3406,3550,3595,3520,3570,52879
2008-02-25,3531,3680,3755,3560,3560,75857
2008-02-26,3512,3660,3695,3605,3680,49027
2008-02-27,3569,3720,3760,3655,3715,70920
2008-02-28,3579,3730,3815,3695,3730,109997
2008-02-29,3579,3730,3785,3650,3770,45590
2008-03-03,3733,3890,4020,3655,3675,190989
2008-03-04,4030,4200,4410,3880,3885,492988
2008-03-05,4001,4170,4395,4065,4135,256514
2008-03-06,4016,4185,4255,4110,4180,104184
2008-03-07,3838,4000,4135,3980,4060,119758
2008-03-10,3646,3800,3990,3750,3940,73857
2008-03-11,3761,3920,3920,3710,3750,50702
2008-03-12,3761,3920,4000,3920,3960,28105
2008-03-13,3550,3700,3975,3700,3855,79266
2008-03-14,3593,3745,3835,3680,3720,33913
2008-03-17,3627,3780,3785,3680,3680,34146
2008-03-18,3579,3730,3825,3685,3825,22284
2008-03-19,3646,3800,3820,3740,3740,19575
2008-03-20,3603,3755,3800,3705,3790,21447
2008-03-21,3598,3750,3800,3740,3800,73817
2008-03-24,3574,3725,3935,3680,3935,22424
2008-03-25,3757,3915,3920,3705,3725,115255
2008-03-26,3814,3975,3980,3815,3960,36985
2008-03-27,3771,3930,3970,3910,3965,39318
2008-03-28,3829,3990,4040,3910,3915,58015
2008-03-31,3843,4005,4100,3965,3985,83329
2008-04-01,3737,3895,4065,3865,4065,81504
2008-04-02,3641,3795,3950,3795,3900,53511
2008-04-03,3646,3800,3825,3765,3825,77811
2008-04-04,3694,3850,3860,3780,3780,34201
2008-04-07,3713,3870,3900,3820,3890,57018
2008-04-08,3641,3795,3950,3795,3870,22330
2008-04-10,3608,3760,3950,3750,3950,32993
2008-04-11,3550,3700,3800,3650,3765,54656
2008-04-14,3627,3780,3835,3650,3685,100076
2008-04-15,3608,3760,3845,3630,3845,97689
2008-04-16,3579,3730,3870,3655,3765,95438
2008-04-17,3426,3570,3745,3560,3710,67903
2008-04-18,3593,3745,3760,3570,3600,60807
2008-04-21,3589,3740,3805,3715,3715,49870
2008-04-22,3512,3660,3785,3650,3725,53891
2008-04-23,3579,3730,3765,3620,3620,56628
2008-04-24,3574,3725,3770,3685,3735,42988
2008-04-25,3579,3730,3740,3680,3725,35975
2008-04-28,3646,3800,3890,3680,3720,146163
2008-04-29,3617,3770,3885,3760,3800,60534
2008-04-30,3646,3800,3815,3760,3815,27418
2008-05-02,3598,3750,3825,3750,3800,48836
2008-05-06,3555,3705,3750,3685,3710,36929
2008-05-07,3536,3685,3770,3665,3770,33928
2008-05-08,3536,3685,3715,3640,3685,48483
2008-05-09,3579,3730,3730,3600,3670,480152
2008-05-13,3838,4000,4100,3800,3800,215317
2008-05-14,4025,4195,4340,3920,4060,378941
2008-05-15,3958,4125,4210,3990,4165,98314
2008-05-16,4097,4270,4410,4070,4145,228866
2008-05-19,4059,4230,4285,4050,4260,109510
2008-05-20,4016,4185,4275,4100,4230,41317
2008-05-21,3934,4100,4155,4030,4155,59367
2008-05-22,3886,4050,4085,3960,4085,56930
2008-05-23,3886,4050,4100,3950,4100,61761
2008-05-26,3848,4010,4045,3950,4010,35275
2008-05-27,3819,3980,4055,3950,4050,66671
2008-05-28,3973,4140,4200,3960,4015,223390
2008-05-29,4078,4250,4355,4090,4135,272110
2008-05-30,4107,4280,4285,4185,4255,62904
2008-06-02,4126,4300,4300,4230,4280,71762
2008-06-03,4021,4190,4280,4140,4255,75133
2008-06-04,3963,4130,4195,4030,4130,111257
2008-06-05,3949,4115,4200,4055,4130,35132
2008-06-09,3857,4020,4095,3990,4050,57044
2008-06-10,4318,4500,4545,4085,4140,494339
2008-06-11,4711,4910,4980,4550,4595,800659
2008-06-12,4894,5100,5170,4805,4910,503406
2008-06-13,4745,4945,5110,4875,5110,199343
2008-06-16,4702,4900,5170,4725,5050,225099
2008-06-17,4615,4810,4935,4765,4895,116452
2008-06-18,4697,4895,4955,4730,4790,100734
2008-06-19,4510,4700,4930,4700,4835,76602
2008-06-20,4342,4525,4785,4520,4710,114719
2008-06-23,4577,4770,4820,4480,4480,133660
2008-06-24,4654,4850,4915,4740,4820,50457
2008-06-25,4692,4890,4965,4675,4840,95740
2008-06-26,4649,4845,5030,4780,4890,103208
2008-06-27,4592,4785,4845,4680,4680,36438
2008-06-30,4601,4795,4935,4700,4800,67120
2008-07-01,4683,4880,4895,4680,4800,45843
2008-07-02,4472,4660,4930,4560,4890,72775
2008-07-03,4361,4545,4695,4300,4505,119352
2008-07-04,4361,4545,4675,4505,4595,68661
2008-07-07,4467,4655,4660,4305,4460,75098
2008-07-08,4409,4595,4875,4300,4875,130103
2008-07-09,4328,4510,4670,4375,4530,251721
2008-07-10,4356,4540,4540,4340,4360,42584
2008-07-11,4452,4640,4655,4475,4545,44816
2008-07-14,4347,4530,4675,4500,4600,31709
2008-07-15,4318,4500,4670,4380,4505,94361
2008-07-16,4265,4445,4590,4355,4500,78479
2008-07-17,4558,4750,4845,4465,4465,184447
2008-07-18,4558,4750,4890,4700,4755,72312
2008-07-21,4668,4865,4870,4715,4755,111225
2008-07-22,4692,4890,5000,4800,4865,139248
2008-07-23,4702,4900,4985,4825,4940,112367
2008-07-24,4702,4900,4965,4815,4965,64741
2008-07-25,4654,4850,4945,4850,4900,77287
2008-07-28,4702,4900,4920,4830,4875,54189
2008-07-29,4836,5040,5140,4810,4895,289300
2008-07-30,4606,4800,5600,4800,5070,747800
2008-07-31,4577,4770,4910,4715,4890,218700
2008-08-01,4663,4860,4870,4745,4765,81600
2008-08-04,4606,4800,4905,4780,4845,55400
2008-08-05,4606,4800,4895,4745,4805,64400
2008-08-06,4606,4800,4875,4780,4815,73500
2008-08-07,4673,4870,4995,4805,4805,174100
2008-08-08,4894,5100,5150,4825,4830,237700
2008-08-11,5028,5240,5390,5110,5180,133700
2008-08-12,4788,4990,5070,4915,5050,80400
2008-08-13,4951,5160,5160,4930,5010,92200
2008-08-14,4961,5170,5340,5120,5190,127300
2008-08-18,4793,4995,5200,4975,5170,99804
2008-08-19,4894,5100,5100,4910,4955,63867
2008-08-20,4971,5180,5200,4985,5050,83922
2008-08-21,4769,4970,5200,4970,5200,98238
2008-08-22,4510,4700,5010,4620,5010,118363
2008-08-25,4366,4550,4760,4415,4675,113017
2008-08-26,4337,4520,4740,4495,4495,62652
2008-08-27,4318,4500,4615,4395,4460,58260
2008-08-28,4270,4450,4540,4395,4465,26492
2008-08-29,4280,4460,4565,4400,4460,55797
2008-09-01,4913,5120,5120,5120,5120,110190
2008-09-02,4544,4735,5850,4365,5830,2766033
2008-09-03,4289,4470,4730,4380,4730,434216
2008-09-04,4433,4620,4660,4410,4475,316396
2008-09-05,5095,5310,5310,4600,4600,568415
2008-09-08,5182,5400,5920,5280,5630,2411306
2008-09-09,4990,5200,5600,5130,5350,1027234
2008-09-10,4990,5200,5550,5150,5150,715865
2008-09-11,4769,4970,5280,4945,5250,559721
2008-09-12,4894,5100,5100,4950,5010,371546
2008-09-16,4246,4425,4730,4385,4500,503189
2008-09-17,4491,4680,4730,4550,4595,261376
2008-09-18,4510,4700,5100,4405,4480,447586
2008-09-19,4659,4855,4950,4800,4900,218307
2008-09-22,4731,4930,5040,4715,4820,301193
2008-09-23,4697,4895,4980,4850,4970,142051
2008-09-24,4596,4790,4975,4790,4895,145808
2008-09-25,4582,4775,4865,4740,4740,100748
2008-09-26,4587,4780,4900,4750,4845,127097
2008-09-29,4654,4850,4895,4755,4820,116580
2008-09-30,4558,4750,4795,4510,4510,106157
2008-10-01,4529,4720,4860,4720,4760,179786
2008-10-02,4702,4900,5150,4705,4725,536484
2008-10-06,4337,4520,4890,4505,4820,258995
2008-10-07,4515,4705,4750,4400,4400,122738
2008-10-08,4673,4870,5180,4710,4800,1659815
2008-10-09,4539,4730,4980,4685,4870,340246
2008-10-10,4073,4245,4675,4120,4605,337047
2008-10-13,4112,4285,4350,4170,4255,213205
2008-10-14,4251,4430,4520,4360,4420,244395
2008-10-15,4174,4350,4445,4340,4370,103380
2008-10-16,3550,3700,4235,3700,4200,154164
2008-10-17,3502,3650,3920,3605,3870,78033
2008-10-20,3435,3580,3800,3430,3655,98172
2008-10-21,3493,3640,3770,3575,3660,72776
2008-10-22,3593,3745,3760,3600,3600,108081
2008-10-23,3574,3725,3875,3610,3700,160824
2008-10-24,3555,3705,3875,3700,3850,151029
2008-10-27,3454,3600,3735,3150,3500,185761
2008-10-28,3905,4070,4070,3310,3310,175755
2008-10-29,3473,3620,4310,3480,4150,198339
2008-10-30,3771,3930,3990,3705,3800,123969
2008-10-31,3747,3905,3990,3800,3985,105343
2008-11-03,3973,4140,4150,3855,3905,151468
2008-11-04,3973,4140,4195,3935,4170,68379
2008-11-05,3977,4145,4680,4145,4200,260169
2008-11-06,3613,3765,3990,3750,3990,98948
2008-11-07,3814,3975,4070,3600,3695,66543
2008-11-10,4030,4200,4200,3980,4045,147544
2008-11-11,4025,4195,4235,4035,4155,60018
2008-11-12,4126,4300,4400,4150,4195,194107
2008-11-13,4126,4300,4425,4070,4100,206379
2008-11-14,4131,4305,4545,4300,4420,167621
2008-11-17,4251,4430,4435,4300,4400,152430
2008-11-18,3958,4125,4495,4120,4430,200010
2008-11-19,3752,3910,4195,3745,4140,155078
2008-11-20,3704,3860,3980,3710,3710,211020
2008-11-21,3805,3965,3990,3705,3990,42394
2008-11-24,3742,3900,4100,3900,3940,25132
2008-11-25,3747,3905,4100,3900,3970,40010
2008-11-26,3934,4100,4100,3910,4000,154417
2008-11-27,4054,4225,4500,4100,4360,198195
2008-11-28,4030,4200,4255,4110,4225,72593
2008-12-01,4001,4170,4280,4150,4280,55287
2008-12-02,3838,4000,4060,3960,4050,56497
2008-12-03,4059,4230,4230,3995,4045,89520
2008-12-04,4299,4480,4700,4260,4395,390060
2008-12-05,4505,4695,4820,4400,4430,407983
2008-12-08,4606,4800,5100,4750,4810,268619
2008-12-09,4606,4800,4870,4770,4800,182203
2008-12-10,4462,4650,4825,4625,4790,138429
2008-12-11,4678,4875,4915,4700,4700,200605
2008-12-12,4347,4530,4765,4415,4755,203099
2008-12-15,4265,4445,4715,4440,4715,285877
2008-12-16,4284,4465,4500,4340,4450,90523
2008-12-17,4462,4650,4650,4490,4515,182674
2008-12-18,4304,4485,4640,4440,4640,74051
2008-12-19,4280,4460,4580,4450,4515,63321
2008-12-22,4356,4540,4580,4470,4535,154643
2008-12-23,4472,4660,4730,4540,4550,301258
2008-12-24,4337,4520,4670,4445,4660,109922
2008-12-26,4222,4400,4540,4290,4535,95280
2008-12-29,4290,4445,4515,4390,4450,54126
2008-12-30,4290,4445,4525,4435,4440,82945
2009-01-02,4232,4385,4400,4300,4335,41493
2009-01-05,4304,4460,4520,4385,4495,98918
2009-01-06,4391,4550,4670,4425,4425,113214
2009-01-07,4381,4540,4580,4470,4580,132795
2009-01-08,4372,4530,4530,4405,4435,125119
2009-01-09,4227,4380,4530,4375,4530,216849
2009-01-12,4217,4370,4460,4355,4380,60828
2009-01-13,4169,4320,4390,4295,4370,52725
2009-01-14,4208,4360,4380,4265,4265,56506
2009-01-15,4208,4360,4430,4260,4300,71949
2009-01-16,4401,4560,4640,4320,4350,180118
2009-01-19,4449,4610,4880,4600,4600,513080
2009-01-20,4449,4610,4770,4520,4600,232528
2009-01-21,4729,4900,4990,4460,4460,587195
2009-01-22,4652,4820,5140,4820,5050,311454
2009-01-23,4748,4920,4955,4765,4820,131751
2009-01-28,4777,4950,5010,4885,4950,133262
2009-01-29,4598,4765,5270,4760,4970,443644
2009-01-30,4569,4735,4960,4680,4850,158362
2009-02-02,4811,4985,5030,4655,4755,297591
2009-02-03,4893,5070,5600,5050,5120,1246496
2009-02-04,4835,5010,5200,5000,5150,218350
2009-02-05,4854,5030,5280,5000,5010,268358
2009-02-06,4709,4880,5150,4880,5070,163405
2009-02-09,4666,4835,4925,4805,4905,92550
2009-02-10,4680,4850,4995,4850,4880,76281
2009-02-11,4647,4815,4850,4750,4800,58624
2009-02-12,4816,4990,5130,4965,5000,130590
2009-02-13,4816,4990,5030,4910,4985,74196
2009-02-16,4758,4930,5180,4910,5070,222252
2009-02-17,4526,4690,4965,4620,4965,160464
2009-02-18,4444,4605,4700,4560,4600,83745
2009-02-19,4386,4545,4660,4505,4615,82066
2009-02-20,4246,4400,4525,4245,4475,108705
2009-02-23,4217,4370,4400,4175,4285,153438
2009-02-24,4183,4335,4750,4185,4185,542156
2009-02-25,4203,4355,4490,4355,4485,200803
2009-02-26,4410,4570,4850,4385,4650,652894
2009-02-27,4396,4555,4680,4450,4600,189898
2009-03-02,4121,4270,4420,4100,4400,215725
2009-03-03,3696,3830,4080,3725,4000,246802
2009-03-04,3725,3860,3870,3760,3760,134954
2009-03-05,3696,3830,3950,3830,3900,106949
2009-03-06,3696,3830,3865,3655,3710,132082
2009-03-09,3778,3915,3920,3820,3880,100617
2009-03-10,3899,4040,4085,3850,3850,117856
2009-03-11,4005,4150,4150,4015,4075,95716
2009-03-12,4072,4220,4295,4140,4140,104523
2009-03-13,4005,4150,4275,4120,4170,75295
2009-03-16,3841,3980,4145,3960,4145,157875
2009-03-17,3918,4060,4070,3980,3985,136292
2009-03-18,3923,4065,4140,4050,4080,80658
2009-03-19,3937,4080,4105,4020,4070,58445
2009-03-20,4029,4175,4235,4095,4095,138102
2009-03-23,3995,4140,4180,4110,4175,27241
2009-03-24,4058,4205,4255,4150,4250,82688
2009-03-25,4053,4200,4220,4105,4205,52549
2009-03-26,4082,4230,4280,4200,4255,120873
2009-03-27,4285,4440,4480,4220,4245,371338
2009-03-30,4111,4260,4440,4220,4430,129739
2009-03-31,4150,4300,4370,4235,4280,126790
2009-04-01,4314,4470,4520,4300,4310,170397
2009-04-02,4405,4565,4600,4460,4600,231471
2009-04-03,4531,4695,4860,4450,4620,384324
2009-04-06,4290,4445,4590,4445,4575,302660
2009-04-07,4285,4440,4485,4395,4480,110530
2009-04-08,4222,4375,4465,4375,4465,84577
2009-04-09,4246,4400,4490,4385,4385,181906
2009-04-10,4410,4570,4580,4400,4470,242561
2009-04-13,4415,4575,4700,4565,4650,217557
2009-04-14,4512,4675,4750,4510,4630,200508
2009-04-15,4314,4470,4725,4450,4675,166116
2009-04-16,4232,4385,4570,4385,4530,194598
2009-04-17,4130,4280,4445,4280,4405,105947
2009-04-20,4092,4240,4285,4175,4255,150964
2009-04-21,4154,4305,4330,4140,4145,60787
2009-04-22,4343,4500,4515,4280,4310,115971
2009-04-23,4386,4545,4675,4445,4500,159300
2009-04-24,4333,4490,4560,4445,4555,69311
2009-04-27,4323,4480,4520,4340,4515,98513
2009-04-28,4159,4310,4510,4250,4480,64500
2009-04-29,4126,4275,4350,4200,4345,217145
2009-04-30,4145,4295,4365,4275,4300,168816
2009-05-04,4179,4330,4335,4295,4295,67817
2009-05-06,4169,4320,4360,4250,4350,71254
2009-05-07,4183,4335,4395,4330,4350,77660
2009-05-08,4232,4385,4390,4305,4335,87416
2009-05-11,4642,4810,4890,4370,4400,711762
2009-05-12,4555,4720,4795,4650,4795,218167
2009-05-13,4970,5150,5250,4710,4735,946533
2009-05-14,5182,5370,5480,4900,5010,760222
2009-05-15,5308,5500,5570,5270,5450,433446
2009-05-18,5298,5490,5500,5160,5400,277583
2009-05-19,5115,5300,5570,5150,5550,334757
2009-05-20,5250,5440,5460,5300,5410,188598
2009-05-21,5115,5300,5440,5200,5440,156561
2009-05-22,5105,5290,5410,5280,5400,113675
2009-05-25,4449,4610,4970,4520,4815,1167274
2009-05-26,4492,4655,4770,4580,4675,543729
2009-05-27,4492,4655,4760,4605,4690,260776
2009-05-28,4516,4680,5150,4620,4645,748398
2009-05-29,4666,4835,4860,4650,4650,220556
2009-06-01,4618,4785,4900,4730,4840,194004
2009-06-02,4526,4690,4840,4690,4830,227504
2009-06-03,4410,4570,4705,4520,4695,276069
2009-06-04,4150,4300,4650,4285,4515,385026
2009-06-05,4130,4280,4415,4235,4320,169002
2009-06-08,4019,4165,4345,4130,4300,271525
2009-06-09,4034,4180,4285,4155,4170,118913
2009-06-10,4198,4350,4350,4180,4180,173368
2009-06-11,4208,4360,4395,4325,4390,120542
2009-06-12,4159,4310,4460,4310,4410,145418
2009-06-15,4227,4380,4380,4250,4310,135437
2009-06-16,4285,4440,4550,4330,4350,160551
2009-06-17,4304,4460,4520,4385,4450,167394
2009-06-18,4265,4420,4500,4400,4450,82331
2009-06-19,4386,4545,4545,4340,4400,148283
2009-06-22,4632,4800,4810,4540,4540,522104
2009-06-23,4647,4815,4900,4680,4765,182191
2009-06-24,4613,4780,4915,4670,4850,289709
2009-06-25,4526,4690,4800,4520,4780,268507
2009-06-26,4507,4670,4750,4550,4750,158866
2009-06-29,4405,4565,4825,4565,4655,396898
2009-06-30,4372,4530,4590,4450,4570,134400
2009-07-01,4294,4450,4575,4415,4550,196800
2009-07-02,4294,4450,4500,4430,4450,166189
2009-07-03,4352,4510,4550,4380,4430,273882
2009-07-06,4309,4465,4520,4440,4510,119124
2009-07-07,4642,4810,4955,4455,4465,877787
2009-07-08,4787,4960,5060,4730,4810,898860
2009-07-09,4647,4815,5070,4805,5000,397794
2009-07-10,4584,4750,4850,4615,4740,334069
2009-07-13,4536,4700,5080,4700,4880,573617
2009-07-14,4420,4580,4780,4525,4770,262925
2009-07-15,4536,4700,4830,4590,4590,189417
2009-07-16,4463,4625,4780,4595,4690,167756
2009-07-17,4454,4615,4640,4560,4615,120261
2009-07-20,4483,4645,4670,4590,4620,189473
2009-07-21,4521,4685,4750,4650,4670,221424
2009-07-22,4922,5100,5280,4715,4720,1916298
2009-07-23,5366,5560,5860,5310,5520,3537459
2009-07-24,5018,5200,5440,4950,5400,2507689
2009-07-27,5047,5230,5420,5150,5270,762979
2009-07-28,4835,5010,5280,4995,5280,504815
2009-07-29,4912,5090,5230,4990,5120,589282
2009-07-30,4816,4990,5090,4950,5060,231437
2009-07-31,4724,4895,5040,4805,5000,329495
2009-08-03,4555,4720,4880,4720,4875,438355
2009-08-04,4671,4840,4900,4750,4760,304124
2009-08-05,5067,5250,5350,4840,4840,1340565
2009-08-06,4951,5130,5220,5000,5220,430112
2009-08-07,5684,5890,5890,5050,5150,1438785
2009-08-10,5829,6040,6380,5870,6180,1826577
2009-08-11,5935,6150,6380,5980,6040,1329864
2009-08-12,6032,6250,6250,5910,6110,612506
2009-08-13,5868,6080,6330,6010,6270,813439
2009-08-14,5665,5870,6070,5850,6050,406685
2009-08-17,5395,5590,5870,5590,5870,281870
2009-08-18,5501,5700,5740,5510,5530,261801
2009-08-19,5491,5690,5750,5540,5740,292039
2009-08-20,5607,5810,5940,5700,5760,213658
2009-08-21,5482,5680,5850,5500,5850,265905
2009-08-24,5231,5420,5780,5400,5610,216890
2009-08-25,5202,5390,5450,5220,5350,157386
2009-08-26,5250,5440,5450,5320,5410,135324
2009-08-27,5308,5500,5610,5380,5390,149821
2009-08-28,5202,5390,5550,5390,5550,120123
2009-08-31,5018,5200,5340,5160,5330,146079
2009-09-01,4980,5160,5250,5120,5150,130402
2009-09-02,5018,5200,5200,5070,5100,166332
2009-09-03,5038,5220,5300,5170,5300,119682
2009-09-04,5067,5250,5480,5230,5250,155707
2009-09-07,4989,5170,5280,5090,5250,140309
2009-09-08,5047,5230,5360,5170,5250,170673
2009-09-09,4980,5160,5290,5060,5280,120963
2009-09-10,5018,5200,5200,5070,5200,63753
2009-09-11,4999,5180,5270,5130,5160,68947
2009-09-14,4874,5050,5170,5000,5130,133566
2009-09-15,4883,5060,5190,5040,5050,112824
2009-09-16,5086,5270,5290,4975,5060,223464
2009-09-17,5038,5220,5310,5160,5310,135502
2009-09-18,5057,5240,5320,5200,5220,106795
2009-09-21,5153,5340,5420,5290,5300,107800
2009-09-22,5182,5370,5520,5310,5340,220509
2009-09-23,5095,5280,5430,5240,5390,100181
2009-09-24,4912,5090,5330,5090,5240,98524
2009-09-25,4922,5100,5180,5030,5110,116260
2009-09-28,4883,5060,5130,5010,5060,58801
2009-09-29,4893,5070,5150,5040,5070,47811
2009-09-30,4902,5080,5190,5030,5040,77256
2009-10-01,4902,5080,5180,5050,5080,45090
2009-10-05,4845,5020,5120,5010,5120,97627
2009-10-06,4922,5100,5100,4945,5000,95445
2009-10-07,4864,5040,5130,5040,5130,70280
2009-10-08,4922,5100,5120,5020,5040,54416
2009-10-09,5028,5210,5210,5100,5110,83414
2009-10-12,5009,5190,5280,5170,5210,44101
2009-10-13,5028,5210,5230,5140,5170,88195
2009-10-14,5076,5260,5300,5170,5240,81961
2009-10-15,5240,5430,5480,5270,5280,151396
2009-10-16,5395,5590,5660,5360,5440,200276
2009-10-19,5317,5510,5600,5450,5600,94973
2009-10-20,5327,5520,5590,5410,5570,105310
2009-10-21,5202,5390,5510,5350,5510,106496
2009-10-22,5067,5250,5390,5200,5330,99555
2009-10-23,5009,5190,5280,5070,5220,92051
2009-10-26,4970,5150,5290,5120,5200,117356
2009-10-27,5134,5320,5330,5080,5150,184025
2009-10-28,5269,5460,5590,5260,5320,335142
2009-10-29,5173,5360,5650,4650,5460,1956797
2009-10-30,5067,5250,5700,5200,5700,1050855
2009-11-02,4874,5050,5280,5000,5100,276720
2009-11-03,4647,4815,5070,4800,5030,154331
2009-11-04,4652,4820,4870,4770,4800,112131
2009-11-05,4439,4600,4845,4600,4810,113397
2009-11-06,4381,4540,4680,4540,4600,123445
2009-11-09,4309,4465,4580,4415,4505,125904
2009-11-10,4463,4625,4920,4460,4490,480605
2009-11-11,4396,4555,4700,4520,4650,189386
2009-11-12,4294,4450,4610,4450,4595,158220
2009-11-13,4246,4400,4455,4300,4455,155575
2009-11-16,4179,4330,4425,4300,4410,77407
2009-11-17,4208,4360,4390,4330,4330,77748
2009-11-18,4208,4360,4395,4330,4355,55768
2009-11-19,4188,4340,4365,4320,4335,39759
2009-11-20,4304,4460,4460,4340,4355,67247
2009-11-23,4285,4440,4520,4440,4465,49359
2009-11-24,4212,4365,4480,4365,4420,69999
2009-11-25,4212,4365,4400,4305,4365,19924
2009-11-26,4188,4340,4400,4320,4400,38855
2009-11-27,3957,4100,4335,3920,4280,73751
2009-11-30,4241,4395,4395,4080,4115,112240
2009-12-01,4188,4340,4425,4265,4395,76229
2009-12-02,4246,4400,4400,4290,4310,46287
2009-12-03,4246,4400,4410,4345,4395,36310
2009-12-04,4309,4465,4535,4360,4400,69389
2009-12-07,4256,4410,4465,4395,4465,21541
2009-12-08,4237,4390,4455,4360,4410,26481
2009-12-09,4208,4360,4425,4300,4360,22331
2009-12-10,4217,4370,4460,4335,4335,24360
2009-12-11,4391,4550,4550,4370,4400,104595
2009-12-14,4584,4750,4770,4525,4550,108946
2009-12-15,4507,4670,4795,4625,4760,56419
2009-12-16,4492,4655,4685,4585,4630,40458
2009-12-17,4468,4630,4750,4630,4665,36789
2009-12-18,4405,4565,4670,4500,4670,46195
2009-12-21,4420,4580,4630,4500,4560,68233
2009-12-22,4468,4630,4645,4585,4630,33781
2009-12-23,4661,4830,5240,4630,4630,581519
2009-12-24,4545,4710,4800,4680,4775,121889
2009-12-28,4415,4575,4675,4575,4665,114844
2009-12-29,4459,4590,4635,4570,4575,31250
2009-12-30,4517,4650,4705,4600,4640,55257
2010-01-04,4643,4780,4780,4600,4675,69301
2010-01-05,4551,4685,4785,4665,4785,79974
2010-01-06,4546,4680,4700,4635,4635,58466
2010-01-07,4400,4530,4710,4525,4665,90174
2010-01-08,4430,4560,4645,4530,4645,60409
2010-01-11,4420,4550,4645,4525,4580,33684
2010-01-12,4386,4515,4560,4500,4560,44041
2010-01-13,4546,4680,4715,4505,4505,88083
2010-01-14,4682,4820,4835,4680,4680,153552
2010-01-15,4707,4845,4860,4700,4800,79576
2010-01-18,4765,4905,4945,4760,4840,95804
2010-01-19,4702,4840,4925,4795,4865,131634
2010-01-20,4702,4840,4890,4785,4885,92088
2010-01-21,4702,4840,4920,4775,4920,31854
2010-01-22,4614,4750,4860,4710,4785,39546
2010-01-25,4571,4705,4785,4690,4720,60161
2010-01-26,4619,4755,4855,4660,4705,95836
2010-01-27,4760,4900,4900,4715,4780,189827
2010-01-28,4658,4795,4940,4735,4940,75847
2010-01-29,4609,4745,4835,4695,4745,94005
2010-02-01,4609,4745,4795,4715,4765,55283
2010-02-02,4702,4840,4840,4710,4720,45706
2010-02-03,4838,4980,5040,4820,4870,167469
2010-02-04,4804,4945,5080,4930,5000,110175
2010-02-05,4697,4835,4865,4690,4855,123995
2010-02-08,4741,4880,4880,4780,4880,98986
2010-02-09,4857,5000,5000,4855,4855,86558
2010-02-10,4877,5020,5040,4945,5000,43049
2010-02-11,4857,5000,5040,4970,5040,23199
2010-02-12,4828,4970,5040,4930,5040,20823
2010-02-16,4765,4905,4995,4870,4945,22806
2010-02-17,4760,4900,4945,4900,4900,18642
2010-02-18,4760,4900,4915,4820,4890,53371
2010-02-19,4609,4745,4905,4745,4870,30709
2010-02-22,4648,4785,4870,4755,4755,20092
2010-02-23,4677,4815,4840,4760,4840,14357
2010-02-24,4634,4770,4830,4710,4830,93047
2010-02-25,4629,4765,4785,4710,4755,20167
2010-02-26,4653,4790,4790,4725,4730,15022
2010-03-02,4673,4810,4855,4790,4855,28081
2010-03-03,4682,4820,4850,4750,4790,33086
2010-03-04,4624,4760,4820,4760,4820,32199
2010-03-05,4624,4760,4790,4725,4780,30023
2010-03-08,4624,4760,4800,4740,4800,31515
2010-03-09,4624,4760,4775,4730,4775,31216
2010-03-10,4585,4720,4800,4705,4760,29010
2010-03-11,4605,4740,4755,4660,4705,71692
2010-03-12,4605,4740,4765,4715,4740,30117
2010-03-15,4605,4740,4785,4705,4740,18600
2010-03-16,4614,4750,4775,4720,4775,35205
2010-03-17,4643,4780,4780,4740,4770,29011
2010-03-18,4653,4790,4835,4785,4835,40161
2010-03-19,4663,4800,4840,4790,4790,18887
2010-03-22,4809,4950,4950,4805,4840,67131
2010-03-23,4809,4950,4950,4860,4940,49249
2010-03-24,4833,4975,4980,4905,4960,35390
2010-03-25,4804,4945,4970,4935,4970,7991
2010-03-26,4755,4895,4940,4865,4935,40234
2010-03-29,4760,4900,5180,4900,4975,129758
2010-03-30,4707,4845,4975,4800,4975,53467
2010-03-31,4677,4815,4915,4815,4915,36033
2010-04-01,4663,4800,4850,4785,4800,59202
2010-04-02,4653,4790,4830,4755,4805,40490
2010-04-05,4614,4750,4850,4745,4790,47138
2010-04-06,4629,4765,4795,4695,4795,68755
2010-04-07,4677,4815,4820,4740,4780,27176
2010-04-08,4663,4800,4835,4760,4835,21574
2010-04-09,4634,4770,4810,4710,4765,78107
2010-04-12,4619,4755,4775,4725,4775,32778
2010-04-13,4619,4755,4755,4685,4725,65553
2010-04-14,4634,4770,4770,4725,4755,36184
2010-04-15,4634,4770,4790,4750,4780,32641
2010-04-16,4639,4775,4790,4710,4735,39012
2010-04-19,4629,4765,4770,4715,4715,28850
2010-04-20,4629,4765,4775,4700,4765,56398
2010-04-21,4600,4735,4780,4725,4765,64840
2010-04-22,4624,4760,4790,4670,4670,26872
2010-04-23,4639,4775,4775,4735,4735,41833
2010-04-26,4643,4780,4815,4740,4775,48233
2010-04-27,4663,4800,4805,4755,4755,36651
2010-04-28,4658,4795,4800,4720,4750,12855
2010-04-29,4629,4765,4800,4720,4785,18052
2010-04-30,4546,4680,4765,4625,4765,42822
2010-05-03,4362,4490,4725,4445,4725,48055
2010-05-04,4294,4420,4520,4395,4520,47276
2010-05-06,4148,4270,4295,4010,4255,64208
2010-05-07,4080,4200,4250,4100,4175,29112
2010-05-10,4167,4290,4300,4175,4175,37185
2010-05-11,4167,4290,4350,4255,4260,30593
2010-05-12,4255,4380,4400,4290,4320,29215
2010-05-13,4274,4400,4410,4340,4350,12526
2010-05-14,4303,4430,4435,4380,4420,23137
2010-05-17,4269,4395,4400,4310,4390,17363
2010-05-18,4264,4390,4395,4300,4385,14962
2010-05-19,4221,4345,4390,4210,4390,13261
2010-05-20,4148,4270,4340,4210,4255,30662
2010-05-24,4148,4270,4290,4180,4270,36789
2010-05-25,3920,4035,4185,3940,4130,124477
2010-05-26,3939,4055,4065,3985,3985,31991
2010-05-27,3856,3970,4020,3940,4020,70945
2010-05-28,3905,4020,4040,3960,4000,43470
2010-05-31,3895,4010,4050,3990,4020,27212
2010-06-01,3954,4070,4105,4010,4015,49538
2010-06-03,4128,4250,4250,4070,4110,37498
2010-06-04,4114,4235,4250,4185,4190,14000
2010-06-07,4022,4140,4175,4095,4100,29512
2010-06-08,4031,4150,4185,4110,4110,15815
2010-06-09,4041,4160,4250,4155,4180,11648
2010-06-10,3968,4085,4195,4050,4195,28683
2010-06-11,4036,4155,4170,4110,4110,3990
2010-06-14,4002,4120,4170,4120,4165,6320
2010-06-15,4046,4165,4185,4130,4130,5491
2010-06-16,4041,4160,4200,4130,4130,8496
2010-06-17,4065,4185,4195,4150,4160,22218
2010-06-18,4070,4190,4210,4155,4205,17445
2010-06-21,4133,4255,4295,4105,4200,35985
2010-06-22,4090,4210,4285,4175,4215,10404
2010-06-23,4085,4205,4255,4150,4150,16201
2010-06-24,4085,4205,4265,4180,4205,12358
2010-06-25,4133,4255,4270,4170,4170,15518
2010-06-28,4158,4280,4295,4190,4295,40197
2010-06-29,4158,4280,4320,4205,4205,28622
2010-06-30,4192,4315,4315,4150,4150,27053
2010-07-01,4206,4330,4350,4255,4285,14151
2010-07-02,4216,4340,4390,4300,4340,10936
2010-07-05,4192,4315,4340,4255,4340,10226
2010-07-06,4128,4250,4345,4210,4260,3018
2010-07-07,4124,4245,4290,4180,4250,5769
2010-07-08,4080,4200,4270,4180,4250,7373
2010-07-09,4060,4180,4230,4105,4220,11704
2010-07-12,3992,4110,4230,4100,4200,19872
2010-07-13,3973,4090,4150,4050,4050,33466
2010-07-14,3949,4065,4145,4065,4095,31686
2010-07-15,3968,4085,4095,4060,4060,7746
2010-07-16,3968,4085,4125,4070,4090,11561
2010-07-19,3934,4050,4090,4030,4085,6665
2010-07-20,3895,4010,4055,4000,4010,11153
2010-07-21,3983,4100,4100,4005,4040,19463
2010-07-22,3920,4035,4120,4010,4120,7671
2010-07-23,3934,4050,4135,4030,4050,3802
2010-07-26,4007,4125,4180,3950,4075,36387
2010-07-27,3924,4040,4130,4015,4125,17292
2010-07-28,3920,4035,4100,4035,4040,5409
2010-07-29,3822,3935,4045,3900,4015,36522
2010-07-30,3886,4000,4025,3940,3965,25478
2010-08-02,3915,4030,4050,3980,4000,27630
2010-08-03,3886,4000,4030,3955,4030,10665
2010-08-04,3881,3995,4010,3950,3960,42722
2010-08-05,3890,4005,4025,3970,4025,24116
2010-08-06,3886,4000,4010,3975,3980,16829
2010-08-09,3871,3985,4010,3980,4000,15087
2010-08-10,3866,3980,4000,3960,3980,30594
2010-08-11,3861,3975,3995,3955,3995,18910
2010-08-12,4046,4165,4290,3940,3950,56539
2010-08-13,4026,4145,4200,4000,4170,22211
2010-08-16,3983,4100,4170,4040,4145,21902
2010-08-17,3949,4065,4135,4015,4125,18957
2010-08-18,3929,4045,4190,3965,4085,35625
2010-08-19,3905,4020,4040,3995,4010,6090
2010-08-20,3861,3975,4035,3965,4000,4853
2010-08-23,3827,3940,4005,3900,3970,33050
2010-08-24,3774,3885,3955,3885,3910,30341
2010-08-25,3774,3885,3905,3850,3905,10931
2010-08-26,3730,3840,3895,3840,3850,17373
2010-08-27,3633,3740,3865,3720,3865,26543
2010-08-30,3662,3770,3800,3730,3765,39963
2010-08-31,3667,3775,3775,3670,3710,35419
2010-09-01,3662,3770,3785,3740,3770,16577
2010-09-02,3754,3865,3865,3755,3785,11259
2010-09-03,3813,3925,3930,3830,3870,22243
2010-09-06,3701,3810,3950,3795,3935,23591
2010-09-07,3657,3765,3840,3750,3810,10940
2010-09-08,3652,3760,3815,3720,3760,11335
2010-09-09,3648,3755,3810,3700,3760,14067
2010-09-10,3648,3755,3795,3730,3735,13975
2010-09-13,3643,3750,3790,3720,3750,15810
2010-09-14,3604,3710,3770,3700,3750,23772
2010-09-15,3584,3690,3715,3680,3680,12464
2010-09-16,3584,3690,3705,3650,3680,14669
2010-09-17,3623,3730,3750,3690,3690,5438
2010-09-20,3618,3725,3745,3700,3730,5671
2010-09-24,3604,3710,3745,3695,3735,10045
2010-09-27,3599,3705,3715,3685,3710,14896
2010-09-28,3594,3700,3715,3680,3710,6801
2010-09-29,3599,3705,3740,3680,3700,20305
2010-09-30,3580,3685,3710,3685,3690,10576
2010-10-01,3594,3700,3705,3685,3685,12230
2010-10-04,3584,3690,3720,3685,3715,27573
2010-10-05,3614,3720,3730,3690,3690,9891
2010-10-06,3725,3835,3885,3720,3745,39010
2010-10-07,3648,3755,3880,3735,3845,13774
2010-10-08,3677,3785,3800,3740,3760,19774
2010-10-11,3691,3800,3835,3770,3785,25855
2010-10-12,3633,3740,3840,3735,3800,15393
2010-10-13,3633,3740,3790,3700,3775,16857
2010-10-14,3643,3750,3780,3720,3745,13782
2010-10-15,3662,3770,3790,3750,3750,7466
2010-10-18,3662,3770,3795,3740,3795,27631
2010-10-19,3686,3795,3805,3745,3780,32419
2010-10-20,3716,3825,3860,3790,3790,19502
2010-10-21,3886,4000,4000,3815,3845,134571
2010-10-22,3852,3965,3965,3850,3950,48147
2010-10-25,3813,3925,4000,3925,3970,38248
2010-10-26,3730,3840,3935,3835,3935,30248
2010-10-27,3691,3800,3860,3795,3850,34650
2010-10-28,3711,3820,3825,3770,3785,14285
2010-10-29,3633,3740,3810,3710,3805,49276
2010-11-01,3599,3705,3760,3680,3740,29601
2010-11-02,3584,3690,3730,3685,3685,13504
2010-11-03,3677,3785,3805,3700,3700,33784
2010-11-04,3691,3800,3840,3725,3825,21343
2010-11-05,3638,3745,3845,3710,3820,34272
2010-11-08,3672,3780,3785,3715,3785,3920
2010-11-09,3662,3770,3780,3725,3725,16879
2010-11-10,3638,3745,3785,3725,3725,19241
2010-11-11,3565,3670,3780,3670,3715,39749
2010-11-12,3478,3580,3700,3575,3670,39885
2010-11-15,3448,3550,3710,3530,3550,32695
2010-11-16,3453,3555,3570,3520,3550,12781
2010-11-17,3458,3560,3570,3520,3520,12185
2010-11-18,3482,3585,3640,3560,3600,14524
2010-11-19,3448,3550,3600,3545,3600,24134
2010-11-22,3453,3555,3575,3530,3550,10541
2010-11-23,3492,3595,3595,3490,3570,62986
2010-11-24,3497,3600,3955,3565,3845,625606
2010-11-25,3448,3550,3615,3550,3570,111677
2010-11-26,3614,3720,3850,3545,3550,402390
2010-11-29,3429,3530,3710,3530,3680,126496
2010-11-30,3444,3545,3575,3510,3530,60186
2010-12-01,3444,3545,3550,3475,3475,95632
2010-12-02,3346,3445,3570,3325,3515,160773
2010-12-03,3322,3420,3470,3385,3470,44896
2010-12-06,3264,3360,3415,3300,3370,65587
2010-12-07,3230,3325,3380,3300,3365,53610
2010-12-08,3201,3295,3330,3270,3330,45804
2010-12-09,3206,3300,3325,3275,3315,30969
2010-12-10,3303,3400,3400,3295,3330,44721
2010-12-13,3303,3400,3400,3330,3400,23430
2010-12-14,3385,3485,3495,3370,3400,59894
2010-12-15,3453,3555,3565,3435,3495,79255
2010-12-16,3575,3680,3700,3500,3555,71917
2010-12-17,3584,3690,3700,3585,3680,54217
2010-12-20,3604,3710,3750,3630,3690,133262
2010-12-21,3837,3950,3950,3505,3700,163737
2010-12-22,3793,3905,3905,3830,3870,1386942
2010-12-23,3623,3730,4000,3720,3950,51916
2010-12-24,3560,3665,3780,3645,3780,18065
2010-12-27,3580,3685,3740,3650,3740,12743
2010-12-28,3512,3615,3685,3610,3635,15510
2010-12-29,3555,3645,3680,3600,3610,21270
2010-12-30,3590,3680,3700,3595,3660,7273
2011-01-03,3502,3590,3650,3565,3650,37418
2011-01-04,3404,3490,3590,3450,3580,32457
2011-01-05,3355,3440,3520,3440,3495,15803
2011-01-06,3355,3440,3450,3400,3435,20346
2011-01-07,3375,3460,3500,3425,3425,14311
2011-01-10,3394,3480,3550,3450,3500,5891
2011-01-11,3394,3480,3500,3450,3450,9530
2011-01-12,3375,3460,3535,3420,3480,22461
2011-01-13,3360,3445,3470,3400,3440,12640
2011-01-14,3331,3415,3460,3405,3445,5530
2011-01-17,3302,3385,3455,3355,3405,12293
2011-01-18,3243,3325,3380,3270,3350,28331
2011-01-19,3229,3310,3365,3300,3300,14520
2011-01-20,3238,3320,3370,3300,3310,9163
2011-01-21,3180,3260,3355,3260,3320,23767
2011-01-24,3180,3260,3285,3220,3285,9058
2011-01-25,3121,3200,3290,3150,3240,40414
2011-01-26,3107,3185,3200,3150,3160,10007
2011-01-27,3112,3190,3230,3180,3190,36336
2011-01-28,3165,3245,3255,3185,3190,16152
2011-01-31,3141,3220,3275,3150,3200,10701
2011-02-01,3063,3140,3230,3130,3220,39586
2011-02-07,3190,3270,3280,3085,3140,24731
2011-02-08,3175,3255,3290,3240,3280,6041
2011-02-09,3136,3215,3270,3205,3205,5534
2011-02-10,3034,3110,3220,3050,3200,12873
2011-02-11,3024,3100,3170,3090,3135,10133
2011-02-14,3102,3180,3205,3070,3085,7889
2011-02-15,3087,3165,3215,3140,3215,4901
2011-02-16,3058,3135,3200,3125,3150,8719
2011-02-17,3053,3130,3185,3100,3180,12067
2011-02-18,2994,3070,3150,3000,3130,46599
2011-02-21,2970,3045,3090,3000,3070,26045
2011-02-22,3199,3280,3300,2960,3005,44057
2011-02-23,2955,3030,3245,3005,3210,57191
2011-02-24,2975,3050,3080,3000,3000,32257
2011-02-25,2990,3065,3065,3000,3050,8029
2011-02-28,3048,3125,3130,3040,3065,23257
2011-03-02,3082,3160,3185,3080,3120,15725
2011-03-03,3077,3155,3160,3100,3100,16743
2011-03-04,3058,3135,3150,3050,3150,21578
2011-03-07,2965,3040,3140,3040,3130,42539
2011-03-08,3043,3120,3140,3005,3020,21688
2011-03-09,3014,3090,3125,3070,3125,13134
2011-03-10,3024,3100,3140,3090,3090,22097
2011-03-11,2994,3070,3135,3070,3100,15538
2011-03-14,3073,3150,3360,3080,3260,196870
2011-03-15,2951,3025,3185,2940,3185,76909
2011-03-16,2829,2900,3025,2900,3025,83068
2011-03-17,2848,2920,2950,2850,2850,26022
2011-03-18,2829,2900,2935,2900,2920,19557
2011-03-21,2868,2940,2945,2900,2900,30956
2011-03-22,2902,2975,3035,2930,2950,50629
2011-03-23,2907,2980,3005,2970,3005,14504
2011-03-24,2931,3005,3045,2965,2965,17773
2011-03-25,2946,3020,3045,3000,3045,6914
2011-03-28,2907,2980,3045,2980,3020,8700
2011-03-29,2912,2985,2995,2930,2950,13345
2011-03-30,2882,2955,2985,2940,2985,4184
2011-03-31,2877,2950,2975,2930,2950,26876
2011-04-01,2916,2990,3000,2950,2950,24824
2011-04-04,2921,2995,3070,2990,3060,18800
2011-04-05,3019,3095,3095,2970,2970,21691
2011-04-06,2960,3035,3080,3035,3040,40942
2011-04-07,2960,3035,3045,3010,3040,19280
2011-04-08,2990,3065,3075,3030,3045,15132
2011-04-11,2960,3035,3090,2990,3090,21910
2011-04-12,2926,3000,3050,3000,3050,14771
2011-04-13,2931,3005,3090,3000,3015,19371
2011-04-14,2975,3050,3050,2975,3010,40291
2011-04-15,2970,3045,3070,3010,3070,29742
2011-04-18,3034,3110,3275,3060,3200,65965
2011-04-19,3043,3120,3150,3060,3080,32170
2011-04-20,3053,3130,3155,3085,3155,28246
2011-04-21,3024,3100,3190,3055,3130,22201
2011-04-22,3038,3115,3130,3060,3065,13249
2011-04-25,3043,3120,3150,3100,3135,13368
2011-04-26,3009,3085,3140,3060,3140,10364
2011-04-27,2980,3055,3085,3020,3040,11792
2011-04-28,2965,3040,3065,3010,3025,27716
2011-04-29,2941,3015,3045,2995,3010,18496
2011-05-02,2970,3045,3050,3000,3015,4376
2011-05-03,2960,3035,3075,3030,3045,13687
2011-05-04,2955,3030,3070,3020,3030,13307
2011-05-06,2951,3025,3055,3000,3000,5800
2011-05-09,2902,2975,3025,2950,3005,16186
2011-05-11,2897,2970,3020,2955,3000,13030
2011-05-12,2892,2965,3000,2960,3000,10837
2011-05-13,2897,2970,2995,2960,2965,6911
2011-05-16,2887,2960,2990,2950,2970,12198
2011-05-17,2902,2975,2980,2950,2950,5208
2011-05-18,2863,2935,2990,2935,2990,7348
2011-05-19,2834,2905,2960,2900,2935,14288
2011-05-20,2838,2910,2930,2890,2890,26691
2011-05-23,2814,2885,2915,2885,2910,4623
2011-05-24,2829,2900,2945,2885,2885,4293
2011-05-25,2829,2900,2940,2860,2890,9742
2011-05-26,2819,2890,2900,2875,2880,7360
2011-05-27,2829,2900,2900,2870,2870,6884
2011-05-30,2799,2870,2900,2820,2900,9180
2011-05-31,2795,2865,2865,2830,2835,11485
2011-06-01,2780,2850,2865,2830,2865,16173
2011-06-02,2702,2770,2850,2750,2820,26250
2011-06-03,2692,2760,2770,2750,2765,5760
2011-06-07,2648,2715,2785,2700,2730,7681
2011-06-08,2643,2710,2720,2660,2705,12912
2011-06-09,2419,2480,2700,2475,2675,130747
2011-06-10,2429,2490,2540,2465,2500,32008
2011-06-13,2434,2495,2520,2475,2490,16907
2011-06-14,2458,2520,2635,2475,2480,8111
2011-06-15,2360,2420,2535,2410,2500,20401
2011-06-16,2355,2415,2440,2400,2420,7747
2011-06-17,2336,2395,2430,2350,2415,20354
2011-06-20,2312,2370,2395,2340,2375,11167
2011-06-21,2243,2300,2400,2300,2400,28427
2011-06-22,2268,2325,2360,2275,2350,21629
2011-06-23,2316,2375,2390,2305,2320,22461
2011-06-24,2326,2385,2385,2340,2350,5603
2011-06-27,2351,2410,2445,2370,2370,21597
2011-06-28,2380,2440,2450,2430,2450,16771
2011-06-29,2438,2500,2515,2440,2470,19953
2011-06-30,2438,2500,2550,2480,2540,8263
2011-07-01,2497,2560,2595,2390,2490,14521
2011-07-04,2497,2560,2590,2540,2540,5414
2011-07-05,2526,2590,2630,2545,2560,13616
2011-07-06,2585,2650,2695,2550,2550,18926
2011-07-07,2604,2670,2690,2525,2650,33696
2011-07-08,2565,2630,2680,2605,2665,6042
2011-07-11,2512,2575,2630,2545,2630,5834
2011-07-12,2458,2520,2595,2500,2500,7151
2011-07-13,2448,2510,2570,2505,2505,4591
2011-07-14,2434,2495,2510,2470,2475,10677
2011-07-15,2448,2510,2530,2485,2495,3552
2011-07-18,2585,2650,2700,2500,2510,38793
2011-07-19,2619,2685,2700,2640,2650,22077
2011-07-20,2619,2685,2710,2670,2685,6544
2011-07-21,2887,2960,3085,2700,2700,237907
2011-07-22,2702,2770,2930,2755,2905,68509
2011-07-25,2721,2790,2810,2735,2775,14819
2011-07-26,2770,2840,3150,2760,2815,151197
2011-07-27,2790,2860,2960,2805,2840,27758
2011-07-28,2795,2865,2910,2800,2850,36149
2011-07-29,2716,2785,2950,2785,2880,51814
2011-08-01,2780,2850,2890,2800,2850,22422
2011-08-02,2726,2795,2850,2730,2850,19350
2011-08-03,2668,2735,2835,2705,2790,13654
2011-08-04,2614,2680,2765,2680,2710,19397
2011-08-05,2497,2560,2680,2555,2580,13608
2011-08-08,2429,2490,2600,2345,2540,20194
2011-08-09,2204,2260,2420,2210,2340,28294
2011-08-10,2282,2340,2405,2300,2310,49852
2011-08-11,2287,2345,2350,2200,2205,19088
2011-08-12,2297,2355,2475,2325,2380,25562
2011-08-16,2370,2430,2485,2395,2395,18318
2011-08-17,2482,2545,2555,2400,2400,33331
2011-08-18,2453,2515,2580,2410,2580,22340
2011-08-19,2258,2315,2450,2315,2400,23069
2011-08-22,2463,2525,2600,2410,2410,70946
2011-08-23,2448,2510,2590,2505,2585,16087
2011-08-24,2570,2635,2725,2525,2525,60917
2011-08-25,2590,2655,2700,2620,2635,14461
2011-08-26,2595,2660,2690,2610,2650,15158
2011-08-29,2619,2685,2690,2610,2665,12140
2011-08-30,2731,2800,2855,2685,2685,44877
2011-08-31,2682,2750,2845,2740,2800,26955
2011-09-01,2614,2680,2775,2680,2770,27442
2011-09-02,2653,2720,2730,2685,2730,13888
2011-09-05,2653,2720,2745,2700,2720,25923
2011-09-06,2585,2650,2750,2605,2700,22090
2011-09-07,2668,2735,2760,2640,2700,17111
2011-09-08,2595,2660,2785,2655,2785,15400
2011-09-09,2604,2670,2730,2620,2730,2324
2011-09-14,2526,2590,2770,2555,2700,13783
2011-09-15,2521,2585,2670,2520,2670,14572
2011-09-16,2507,2570,2595,2535,2595,16193
2011-09-19,2507,2570,2630,2540,2600,7059
2011-09-20,2565,2630,2690,2540,2595,23637
2011-09-21,2560,2625,2675,2605,2630,19359
2011-09-22,2731,2800,2840,2585,2585,85857
2011-09-23,2692,2760,2840,2670,2710,42498
2011-09-26,3092,3170,3170,2795,2795,405083
2011-09-27,3555,3645,3645,3405,3490,3491301
2011-09-28,3619,3710,3915,3645,3840,3798203
2011-09-29,3560,3650,3860,3445,3655,2877737
2011-09-30,3346,3430,3795,3340,3715,2557880
2011-10-04,3277,3360,3390,3210,3260,1225454
2011-10-05,3765,3860,3860,3290,3420,5787638
2011-10-06,3463,3550,4100,3435,3900,4531560
2011-10-07,3346,3430,3620,3330,3610,1802239
2011-10-10,3375,3460,3520,3360,3490,1280988
2011-10-11,3609,3700,3725,3430,3550,2595720
2011-10-12,3365,3450,3685,3400,3615,1167931
2011-10-13,3273,3355,3580,3355,3460,777043
2011-10-14,3268,3350,3480,3350,3385,542829
2011-10-17,3419,3505,3545,3360,3410,712452
2011-10-18,3121,3200,3615,3200,3430,1107453
2011-10-19,3043,3120,3290,3120,3230,469665
2011-10-20,2829,2900,3175,2880,3120,553720
2011-10-21,2941,3015,3110,2945,2975,349040
2011-10-24,2936,3010,3095,2995,3045,170332
2011-10-25,3024,3100,3250,3000,3065,631879
2011-10-26,3107,3185,3205,3070,3115,218406
2011-10-27,3053,3130,3210,3105,3185,164371
2011-10-28,2999,3075,3190,3025,3140,205910
2011-10-31,2985,3060,3130,3050,3110,121081
2011-11-01,3087,3165,3190,3035,3060,219133
2011-11-02,3024,3100,3150,3030,3100,96851
2011-11-03,2980,3055,3135,3055,3135,90011
2011-11-04,3102,3180,3180,3060,3075,199756
2011-11-07,3082,3160,3280,3140,3155,227969
2011-11-08,3068,3145,3190,3125,3190,109394
2011-11-09,3121,3200,3245,3090,3175,191689
2011-11-10,2877,2950,3150,2950,3150,185039
2011-11-11,2946,3020,3060,2975,2990,86340
2011-11-14,3063,3140,3185,3055,3075,136119
2011-11-15,3234,3315,3435,3130,3150,424423
2011-11-16,3151,3230,3320,3200,3320,195674
2011-11-17,3248,3330,3330,3170,3230,95035
2011-11-18,3141,3220,3275,3160,3260,81051
2011-11-21,3068,3145,3260,3145,3150,64278
2011-11-22,2994,3070,3140,3045,3125,108481
2011-11-23,2887,2960,3110,2955,3110,114534
2011-11-24,2858,2930,2980,2900,2905,49177
2011-11-25,2780,2850,2960,2845,2900,104674
2011-11-28,2868,2940,2940,2840,2855,29153
2011-11-29,2863,2935,2955,2900,2925,29113
2011-11-30,2907,2980,3040,2905,2950,97184
2011-12-01,2892,2965,3040,2960,3030,151679
2011-12-02,2877,2950,2995,2910,2965,58351
2011-12-05,2912,2985,3020,2955,3020,41296
2011-12-06,3043,3120,3230,3005,3005,257798
2011-12-07,2975,3050,3165,3050,3160,44736
2011-12-08,2921,2995,3100,2995,3100,52761
2011-12-09,2990,3065,3070,2995,3000,48417
2011-12-12,3024,3100,3170,3065,3150,98728
2011-12-13,2965,3040,3100,3015,3050,62971
2011-12-14,2955,3030,3085,3020,3040,30623
2011-12-15,2863,2935,3030,2930,2975,64777
2011-12-16,2834,2905,2980,2900,2940,40725
2011-12-19,3258,3340,3340,2840,2925,3031441
2011-12-20,2994,3070,3350,3025,3340,2628849
2011-12-21,2926,3000,3080,2950,3050,860069
2011-12-22,2863,2935,3035,2935,3025,426580
2011-12-23,2868,2940,2985,2915,2950,251439
2011-12-26,2804,2875,2955,2865,2940,322005
2011-12-27,2848,2920,3100,2855,2865,1327998
2011-12-28,2833,2880,2945,2880,2915,206089
2011-12-29,2715,2760,2900,2755,2865,268757
2012-01-02,2725,2770,2790,2740,2760,116487
2012-01-03,2784,2830,2870,2750,2770,208493
2012-01-04,2794,2840,2890,2815,2850,139272
2012-01-05,2819,2865,2920,2830,2875,135339
2012-01-06,2863,2910,2935,2850,2875,192723
2012-01-09,3291,3345,3345,2890,2950,1353235
2012-01-10,3384,3440,3450,3230,3435,816999
2012-01-11,3286,3340,3460,3280,3430,292273
2012-01-12,3335,3390,3440,3160,3340,318552
2012-01-13,3281,3335,3680,3330,3440,723043
2012-01-16,3443,3500,3590,3300,3300,788852
2012-01-17,3473,3530,3550,3430,3460,153607
2012-01-18,3375,3430,3545,3355,3530,97110
2012-01-19,3316,3370,3485,3310,3450,114644
2012-01-20,3316,3370,3400,3270,3370,103855
2012-01-25,3247,3300,3370,3275,3370,63251
2012-01-26,3473,3530,3650,3400,3420,575842
2012-01-27,3640,3700,3770,3550,3560,456970
2012-01-30,3493,3550,3745,3550,3745,179425
2012-01-31,3542,3600,3665,3535,3585,106668
2012-02-01,3522,3580,3815,3545,3565,162944
2012-02-02,3562,3620,3645,3555,3580,83897
2012-02-03,3552,3610,3645,3565,3600,37038
2012-02-06,3498,3555,3680,3540,3680,72962
2012-02-07,3478,3535,3600,3025,3545,84378
2012-02-08,3448,3505,3575,3490,3575,57011
2012-02-09,3399,3455,3530,3425,3525,64231
2012-02-10,3453,3510,3575,3460,3460,64844
2012-02-13,3443,3500,3560,3490,3500,52116
2012-02-14,3493,3550,3595,3505,3515,47065
2012-02-15,3493,3550,3585,3520,3555,70434
2012-02-16,3591,3650,3690,3510,3580,97131
2012-02-17,3542,3600,3695,3580,3690,39582
2012-02-20,3512,3570,3670,3570,3640,82259
2012-02-21,3463,3520,3600,3495,3580,162656
2012-02-22,3591,3650,3735,3525,3550,161832
2012-02-23,3837,3900,4045,3660,3660,544244
2012-02-24,3955,4020,4175,3860,3950,348424
2012-02-27,3945,4010,4075,3940,4065,164583
2012-02-28,3916,3980,4075,3950,4065,114507
2012-02-29,3950,4015,4065,3935,4065,75697
2012-03-02,4236,4305,4380,4015,4015,393800
2012-03-05,4231,4300,4365,4200,4320,189926
2012-03-06,4290,4360,4390,4160,4255,176416
2012-03-07,4181,4250,4410,4200,4315,160916
2012-03-08,4191,4260,4305,4160,4305,91283
2012-03-09,4142,4210,4320,4195,4260,84529
2012-03-12,4280,4350,4400,4050,4220,162393
2012-03-13,4349,4420,4470,4240,4350,171961
2012-03-14,4378,4450,4535,4330,4500,105896
2012-03-15,4437,4510,4555,4370,4455,93705
2012-03-16,4487,4560,4590,4465,4470,49849
2012-03-19,4614,4690,4715,4585,4600,111541
2012-03-20,4742,4820,4985,4730,4730,360771
2012-03-21,4693,4770,4940,4670,4850,175450
2012-03-22,4496,4570,4815,4460,4790,166860
2012-03-23,4280,4350,4500,4320,4430,142487
2012-03-26,4083,4150,4460,4105,4420,172456
2012-03-27,4058,4125,4275,4040,4160,95590
2012-03-28,4108,4175,4295,4125,4140,87827
2012-03-29,3995,4060,4250,3900,4200,101753
2012-03-30,3896,3960,4130,3895,4130,89399
2012-04-02,4063,4130,4150,3915,3915,63717
2012-04-03,4058,4125,4200,4010,4200,89709
2012-04-04,3980,4045,4130,3965,4130,69904
2012-04-05,3935,4000,4035,3950,3970,37290
2012-04-06,4034,4100,4155,4035,4155,48951
2012-04-09,4324,4395,4640,4090,4090,701920
2012-04-10,3995,4060,4390,4060,4390,279366
2012-04-12,3689,3750,4215,3670,4060,244965
2012-04-13,3694,3755,3825,3625,3630,130994
2012-04-16,3724,3785,3830,3710,3710,43415
2012-04-17,3773,3835,3835,3730,3770,57413
2012-04-18,3753,3815,3870,3800,3805,63882
2012-04-19,3758,3820,3890,3750,3810,56177
2012-04-20,3650,3710,3820,3640,3820,57784
2012-04-23,3566,3625,3770,3580,3770,90789
2012-04-24,3503,3560,3585,3475,3570,101131
2012-04-25,3439,3495,3640,3495,3560,36471
2012-04-26,3429,3485,3555,3450,3555,46670
2012-04-27,3468,3525,3535,3430,3445,32906
2012-04-30,3409,3465,3565,3440,3525,30050
2012-05-02,3355,3410,3470,3305,3465,157696
2012-05-03,3380,3435,3435,3380,3390,22505
2012-05-04,3453,3510,3595,3460,3460,39191
2012-05-07,3434,3490,3535,3420,3490,12454
2012-05-08,3399,3455,3490,3400,3420,30952
2012-05-09,3399,3455,3535,3430,3480,17565
2012-05-10,3424,3480,3495,3450,3485,15873
2012-05-11,3463,3520,3685,3455,3480,60496
2012-05-14,3370,3425,3640,3410,3640,30060
2012-05-15,3375,3430,3495,3375,3410,11784
2012-05-16,3124,3175,3460,3170,3460,95784
2012-05-17,3232,3285,3345,3170,3180,58761
2012-05-18,3070,3120,3275,3120,3190,45129
2012-05-21,3084,3135,3240,3075,3075,21297
2012-05-22,3183,3235,3240,3135,3240,23993
2012-05-23,3134,3185,3235,3175,3235,9842
2012-05-24,3084,3135,3230,3125,3185,14674
2012-05-25,3143,3195,3200,3120,3195,39094
2012-05-29,3168,3220,3275,3175,3195,12605
2012-05-30,3193,3245,3250,3170,3250,20053
2012-05-31,3168,3220,3240,3160,3240,8074
2012-06-01,3119,3170,3235,3170,3235,8778
2012-06-04,3015,3065,3090,3005,3055,44898
2012-06-05,2966,3015,3085,3000,3065,30692
2012-06-07,3006,3055,3165,2995,3015,26568
2012-06-08,2951,3000,3085,2995,3010,36612
2012-06-11,3025,3075,3090,3020,3090,12919
2012-06-12,3060,3110,3110,3040,3100,31452
2012-06-13,3045,3095,3170,3070,3170,21149
2012-06-14,3040,3090,3115,3070,3075,11174
2012-06-15,3011,3060,3105,3055,3060,13689
2012-06-18,3458,3515,3515,3070,3125,196916
2012-06-19,3566,3625,3990,3625,3640,343849
2012-06-20,3724,3785,3800,3635,3790,92336
2012-06-21,3581,3640,3740,3635,3740,32742
2012-06-22,3591,3650,3655,3530,3530,26052
2012-06-25,3670,3730,3790,3655,3790,19152
2012-06-26,3689,3750,3835,3665,3665,36173
2012-06-27,3689,3750,3870,3730,3730,37983
2012-06-28,3744,3805,3895,3760,3760,63917
2012-06-29,3803,3865,3890,3805,3810,37384
2012-07-02,3773,3835,3890,3805,3890,15944
2012-07-03,3704,3765,3840,3680,3835,72782
2012-07-04,3611,3670,3775,3665,3765,35519
2012-07-05,3685,3745,3765,3670,3715,26432
2012-07-06,3675,3735,3795,3695,3745,19913
2012-07-09,3685,3745,3750,3610,3735,16022
2012-07-10,3626,3685,3755,3655,3690,17873
2012-07-11,3670,3730,3730,3650,3650,12864
2012-07-12,3744,3805,3830,3705,3705,17229
2012-07-13,3734,3795,3860,3755,3780,29026
2012-07-16,3940,4005,4190,3790,3855,118235
2012-07-17,3847,3910,4040,3910,4040,71062
2012-07-18,3749,3810,3995,3810,3995,413360
2012-07-19,3635,3695,3835,3690,3810,58513
2012-07-20,3606,3665,3750,3640,3700,27734
2012-07-23,3503,3560,3660,3550,3590,46266
2012-07-24,3522,3580,3670,3550,3560,13442
2012-07-25,3537,3595,3600,3505,3505,20403
2012-07-26,3537,3595,3670,3530,3570,17869
2012-07-27,3566,3625,3660,3580,3610,18702
2012-07-30,3552,3610,3690,3595,3690,11234
2012-07-31,3562,3620,3665,3615,3620,10832
2012-08-01,3552,3610,3690,3600,3605,18591
2012-08-02,3557,3615,3675,3550,3610,8091
2012-08-03,3557,3615,3640,3515,3615,17426
2012-08-06,3512,3570,3660,3555,3660,6188
2012-08-07,3483,3540,3615,3500,3550,25245
2012-08-08,3478,3535,3610,3515,3610,13203
2012-08-09,3458,3515,3550,3465,3550,26131
2012-08-10,3394,3450,3515,3450,3510,19927
2012-08-13,3488,3545,3545,3450,3485,19883
2012-08-14,3512,3570,3590,3490,3530,14750
2012-08-16,3453,3510,3600,3500,3570,18534
2012-08-17,3399,3455,3530,3430,3530,22403
2012-08-20,3365,3420,3455,3400,3455,33316
2012-08-21,3237,3290,3430,3250,3430,228451
2012-08-22,3242,3295,3320,3275,3315,43641
2012-08-23,3281,3335,3335,3285,3285,42645
2012-08-24,3311,3365,3380,3320,3380,47867
2012-08-27,3335,3390,3390,3315,3360,28447
2012-08-28,3360,3415,3430,3345,3400,47537
2012-08-29,3370,3425,3425,3370,3410,67032
2012-08-30,3458,3515,3550,3400,3430,74961
2012-08-31,3463,3520,3550,3460,3460,60246
2012-09-03,3493,3550,3555,3500,3500,41378
2012-09-04,3542,3600,3645,3550,3570,46860
2012-09-05,3537,3595,3650,3520,3600,43027
2012-09-06,3488,3545,3625,3500,3540,16456
2012-09-07,3478,3535,3600,3520,3520,22354
2012-09-10,3463,3520,3550,3505,3505,15023
2012-09-11,3473,3530,3550,3520,3520,15163
2012-09-12,3473,3530,3555,3490,3530,27539
2012-09-13,3542,3600,3600,3525,3530,39640
2012-09-14,3611,3670,3675,3625,3630,38358
2012-09-17,3601,3660,3730,3660,3730,25733
2012-09-18,3611,3670,3750,3655,3695,45312
2012-09-19,4034,4100,4150,3670,3775,267526
2012-09-20,4083,4150,4150,3960,4080,114392
2012-09-21,4014,4080,4170,4050,4095,38370
2012-09-24,4029,4095,4115,4050,4100,28432
2012-09-25,3847,3910,4100,3870,4035,53110
2012-09-26,3847,3910,3985,3875,3875,3745
2012-09-27,3763,3825,3905,3750,3820,17835
2012-09-28,3876,3940,3975,3700,3840,31996
2012-10-02,3867,3930,4000,3880,3940,7641
2012-10-04,3773,3835,3950,3825,3930,12746
2012-10-05,3812,3875,3950,3840,3840,14671
2012-10-08,3950,4015,4095,3850,3885,86875
2012-10-09,4093,4160,4215,4015,4070,98991
2012-10-10,3940,4005,4150,3970,4150,52991
2012-10-11,4034,4100,4105,4010,4020,21396
2012-10-12,4122,4190,4200,4055,4200,45677
2012-10-15,3886,3950,4275,3905,4190,104677
2012-10-16,3965,4030,4040,3900,4040,30558
2012-10-17,3935,4000,4050,3900,4030,30502
2012-10-18,3935,4000,4090,3930,4090,5649
2012-10-19,3965,4030,4050,3865,4000,32017
2012-10-22,4009,4075,4090,3900,3985,24172
2012-10-23,3926,3990,4095,3990,4080,19837
2012-10-24,3876,3940,4075,3870,3915,27200
2012-10-25,3793,3855,4045,3805,3900,29232
2012-10-26,3650,3710,3925,3700,3830,9456
2012-10-29,3463,3520,3830,3520,3830,30358
2012-10-30,3758,3820,3870,3520,3520,40005
2012-10-31,3837,3900,3995,3730,3730,28284
2012-11-01,3837,3900,4045,3810,3900,22613
2012-11-02,3901,3965,4020,3895,3900,14938
2012-11-05,3906,3970,3970,3930,3965,10361
2012-11-06,3906,3970,4035,3900,3975,5986
2012-11-07,3881,3945,4000,3755,3905,7685
2012-11-08,3876,3940,3945,3890,3945,4991
2012-11-09,3896,3960,3995,3895,3945,14602
2012-11-12,3935,4000,4000,3925,3990,10443
2012-11-13,3935,4000,4020,3950,4020,15683
2012-11-14,3798,3860,4020,3800,4020,14267
2012-11-15,3744,3805,3940,3800,3800,4532
2012-11-16,3739,3800,4035,3700,3700,29665
2012-11-19,3768,3830,3915,3825,3825,4040
2012-11-20,3758,3820,3930,3800,3930,2786
2012-11-21,3739,3800,3860,3765,3820,4754
2012-11-22,3709,3770,3895,3770,3895,3760
2012-11-23,3704,3765,3795,3760,3795,4039
2012-11-26,3645,3705,3800,3705,3800,4553
2012-11-27,3680,3740,3745,3680,3700,14663
2012-11-28,3734,3795,3830,3695,3740,7499
2012-11-29,3670,3730,3815,3720,3795,6141
2012-11-30,3704,3765,3800,3735,3800,28908
2012-12-03,3827,3890,3925,3800,3800,40196
2012-12-04,3758,3820,3925,3820,3925,7843
2012-12-05,3768,3830,3900,3800,3820,11450
2012-12-06,3783,3845,3880,3720,3805,15584
2012-12-07,3798,3860,3900,3790,3840,15483
2012-12-10,3704,3765,3890,3725,3890,24859
2012-12-11,3709,3770,3815,3720,3720,2608
2012-12-12,3680,3740,3860,3705,3750,19384
2012-12-13,3680,3740,3750,3720,3740,7597
2012-12-14,3685,3745,3750,3710,3715,5449
2012-12-17,3655,3715,3745,3655,3745,7498
2012-12-18,3571,3630,3715,3600,3715,15422
2012-12-20,3488,3545,3630,3510,3630,24218
2012-12-21,3483,3540,3575,3500,3520,30074
2012-12-24,3429,3485,3540,3475,3540,10167
2012-12-26,3463,3520,3550,3485,3485,14942
2012-12-27,3463,3510,3540,3500,3520,4655
2012-12-28,3483,3530,3540,3500,3500,6174
2013-01-02,3429,3475,3550,3475,3530,12444
2013-01-03,3710,3760,3875,3470,3475,61711
2013-01-04,3715,3765,3850,3675,3760,31643
2013-01-07,3695,3745,3815,3690,3815,4071
2013-01-08,3744,3795,3800,3690,3690,13461
2013-01-09,3917,3970,4175,3735,3805,53023
2013-01-10,3922,3975,4000,3925,3970,8847
2013-01-11,3957,4010,4130,3910,3975,50930
2013-01-14,3897,3950,4080,3950,4000,17641
2013-01-15,4480,4540,4540,3910,3945,331023
2013-01-16,4327,4385,4670,4355,4595,154919
2013-01-17,4238,4295,4435,4260,4430,44776
2013-01-18,4228,4285,4540,4120,4295,176295
2013-01-21,4534,4595,4650,4140,4290,130485
2013-01-22,4534,4595,4625,4430,4595,33544
2013-01-23,4381,4440,4615,4440,4575,21040
2013-01-24,4243,4300,4480,4290,4410,6731
2013-01-25,4095,4150,4300,4115,4300,9098
2013-01-28,4218,4275,4275,4150,4150,6165
2013-01-29,3947,4000,4275,4000,4275,28662
2013-01-30,3887,3940,4545,3930,4050,397301
2013-01-31,3887,3940,4000,3865,4000,20504
2013-02-01,3873,3925,4015,3880,3940,8417
2013-02-04,3971,4025,4130,3805,3870,49513
2013-02-05,3957,4010,4095,3955,4095,35239
2013-02-06,3947,4000,4030,3930,3995,8547
2013-02-07,3843,3895,4010,3865,3990,33043
2013-02-08,3828,3880,3920,3870,3880,10767
2013-02-12,3937,3990,4210,3850,3880,109963
2013-02-13,3858,3910,4030,3855,4030,34070
2013-02-14,3843,3895,3935,3840,3925,23031
2013-02-15,3818,3870,3910,3845,3860,24277
2013-02-18,3739,3790,3870,3770,3870,38399
2013-02-19,3769,3820,4150,3685,3800,25879
2013-02-20,3739,3790,3830,3790,3830,16939
2013-02-21,3705,3755,3820,3705,3800,24451
2013-02-22,3720,3770,3790,3725,3755,3688
2013-02-25,3735,3785,3820,3760,3760,16809
2013-02-26,3739,3790,3845,3790,3810,30510
2013-02-27,3670,3720,3830,3710,3830,29390
2013-02-28,3675,3725,3755,3700,3700,5770
2013-03-04,3626,3675,3750,3670,3725,24631
2013-03-05,3636,3685,3800,3665,3800,21130
2013-03-06,3720,3770,3780,3685,3685,23855
2013-03-07,3799,3850,3900,3730,3775,40747
2013-03-08,3720,3770,3930,3770,3920,29292
2013-03-11,3833,3885,4000,3790,3790,96083
2013-03-12,3784,3835,3945,3830,3890,26332
2013-03-13,3680,3730,3840,3725,3725,40601
2013-03-14,3675,3725,3750,3715,3740,12853
2013-03-15,3656,3705,3880,3700,3730,69130
2013-03-18,3606,3655,3735,3650,3705,16818
2013-03-19,3611,3660,3750,3660,3750,12801
2013-03-20,3572,3620,3685,3555,3685,22662
2013-03-21,3601,3650,3710,3610,3635,3555
2013-03-22,3646,3695,3700,3640,3650,3301
2013-03-25,3646,3695,3740,3670,3700,7598
2013-03-26,3670,3720,3770,3660,3685,21198
2013-03-27,3710,3760,3785,3700,3730,14285
2013-03-28,3735,3785,3790,3730,3730,3855
2013-03-29,3739,3790,3795,3750,3795,4198
2013-04-01,3661,3710,3800,3670,3790,21342
2013-04-02,3626,3675,3735,3665,3665,8960
2013-04-03,3582,3630,3780,3620,3720,44934
2013-04-04,3582,3630,3860,3610,3620,101733
2013-04-05,3601,3650,3675,3605,3605,17990
2013-04-08,3532,3580,3660,3580,3650,13123
2013-04-09,3582,3630,3670,3550,3625,24671
2013-04-10,3567,3615,3680,3615,3680,13468
2013-04-11,3582,3630,3685,3585,3600,23488
2013-04-12,3562,3610,3680,3600,3620,8876
2013-04-15,3537,3585,3645,3575,3605,10686
2013-04-16,3547,3595,3600,3500,3595,8653
2013-04-17,3517,3565,3610,3500,3610,22497
2013-04-18,3483,3530,3585,3500,3505,8666
2013-04-19,3453,3500,3530,3440,3530,24244
2013-04-22,3468,3515,3520,3475,3485,5385
2013-04-23,3429,3475,3525,3470,3470,22326
2013-04-24,3458,3505,3515,3450,3480,15761
2013-04-25,3463,3510,3525,3450,3485,16201
2013-04-26,3453,3500,3520,3470,3500,12414
2013-04-29,3438,3485,3525,3450,3500,17452
2013-04-30,3394,3440,3485,3400,3455,15949
2013-05-02,3281,3325,3440,3305,3440,39873
2013-05-03,3271,3315,3345,3265,3265,21631
2013-05-06,3320,3365,3365,3310,3335,8900
2013-05-07,3305,3350,3380,3340,3380,16678
2013-05-08,3300,3345,3375,3330,3375,20287
2013-05-09,3350,3395,3400,3345,3345,11392
2013-05-10,3360,3405,3405,3375,3395,6880
2013-05-13,3335,3380,3410,3340,3405,11393
2013-05-14,3325,3370,3415,3345,3380,11924
2013-05-15,3281,3325,3375,3300,3375,25530
2013-05-16,3305,3350,3350,3320,3340,6190
2013-05-20,3315,3360,3400,3350,3350,7491
2013-05-21,3350,3395,3400,3350,3350,7630
2013-05-22,3360,3405,3415,3390,3395,6349
2013-05-23,3345,3390,3420,3365,3420,6011
2013-05-24,3345,3390,3400,3345,3380,8138
2013-05-27,3355,3400,3430,3390,3400,8953
2013-05-28,3404,3450,3450,3395,3395,10826
2013-05-29,3399,3445,3460,3430,3450,6844
2013-05-30,3384,3430,3460,3425,3430,2269
2013-05-31,3355,3400,3450,3330,3450,3035
2013-06-03,3310,3355,3400,3335,3385,3805
2013-06-04,3315,3360,3390,3340,3360,2048
2013-06-05,2886,2925,3350,2865,3335,187066
2013-06-07,2975,3015,3035,2925,2925,32369
2013-06-10,3034,3075,3075,3015,3045,8581
2013-06-11,3059,3100,3140,3075,3075,12083
2013-06-12,3039,3080,3145,3080,3080,5530
2013-06-13,3044,3085,3130,3050,3080,6216
2013-06-14,3009,3050,3095,3045,3050,3718
2013-06-17,2999,3040,3075,3005,3035,3901
2013-06-18,3024,3065,3065,3010,3040,12998
2013-06-19,3019,3060,3085,3010,3010,15806
2013-06-20,2965,3005,3070,2970,3060,25206
2013-06-21,2911,2950,3000,2925,2975,5080
2013-06-24,2565,2600,2960,2520,2925,127596
2013-06-25,2496,2530,2640,2505,2600,85063
2013-06-26,2639,2675,2675,2570,2595,16102
2013-06-27,2698,2735,2740,2680,2680,15220
2013-06-28,2703,2740,2750,2705,2740,6790
2013-07-01,2689,2725,2760,2660,2720,13681
2013-07-02,2698,2735,2740,2710,2725,4929
2013-07-03,2684,2720,2735,2680,2680,11488
2013-07-04,2674,2710,2750,2690,2730,9181
2013-07-05,2758,2795,2795,2715,2730,10172
2013-07-08,2728,2765,2835,2720,2810,13937
2013-07-09,2792,2830,2830,2750,2750,7460
2013-07-10,2807,2845,2845,2790,2835,2260
2013-07-11,2817,2855,2875,2845,2845,8559
2013-07-12,2832,2870,2880,2815,2815,3918
2013-07-15,2827,2865,2885,2835,2870,7836
2013-07-16,2812,2850,2925,2825,2825,3190
2013-07-17,2797,2835,2950,2835,2850,7735
2013-07-18,2772,2810,2850,2705,2845,8985
2013-07-19,2792,2830,2830,2775,2775,7206
2013-07-22,2807,2845,2845,2780,2830,3981
2013-07-23,2812,2850,2855,2800,2800,6142
2013-07-24,2837,2875,2880,2855,2855,8306
2013-07-25,2846,2885,2905,2840,2840,3017
2013-07-26,2856,2895,3000,2855,2890,13738
2013-07-29,2837,2875,2935,2865,2895,14938
2013-07-30,2851,2890,2980,2870,2870,6712
2013-07-31,2861,2900,2940,2855,2870,3339
2013-08-01,2876,2915,2925,2850,2900,2870
2013-08-02,2881,2920,2950,2855,2950,1238
2013-08-05,2861,2900,2920,2860,2860,1537
2013-08-06,2832,2870,2930,2805,2820,9515
2013-08-07,2841,2880,2990,2855,2870,6352
2013-08-08,2851,2890,2945,2800,2945,4080
2013-08-09,2866,2905,2920,2870,2920,3243
2013-08-12,2906,2945,2980,2900,2980,8301
2013-08-13,2881,2920,2970,2870,2945,13099
2013-08-14,2822,2860,2920,2830,2920,10171
2013-08-16,2807,2845,2880,2795,2860,16409
2013-08-19,2782,2820,2850,2795,2845,5771
2013-08-20,2738,2775,2820,2755,2755,7270
2013-08-21,2718,2755,2795,2715,2775,10591
2013-08-22,2674,2710,2755,2655,2755,19303
2013-08-23,2659,2695,2730,2685,2705,4349
2013-08-26,2654,2690,2730,2660,2675,23092
2013-08-27,2664,2700,2700,2665,2690,29989
2013-08-28,2896,2935,3085,2710,2710,289963
2013-08-29,2861,2900,2960,2855,2960,47321
2013-08-30,2851,2890,2915,2840,2885,26388
2013-09-02,2772,2810,2910,2720,2830,38536
2013-09-03,2841,2880,2930,2775,2775,16405
2013-09-04,2911,2950,3000,2900,2935,59759
2013-09-05,2915,2955,2955,2905,2950,18820
2013-09-06,2901,2940,2975,2855,2910,16802
2013-09-09,2856,2895,2945,2855,2870,9804
2013-09-10,2876,2915,2930,2860,2895,6993
2013-09-11,2812,2850,2915,2810,2915,12496
2013-09-12,2856,2895,2895,2815,2845,6423
2013-09-13,2817,2855,2925,2835,2925,3729
2013-09-16,2763,2800,2910,2800,2910,15968
2013-09-17,2738,2775,2870,2760,2870,7618
2013-09-23,2713,2750,2830,2750,2775,13201
2013-09-24,2728,2765,2780,2740,2780,8424
2013-09-25,2693,2730,2775,2700,2765,25250
2013-09-26,2689,2725,2770,2715,2765,13730
2013-09-27,2718,2755,2780,2730,2730,2131
2013-09-30,2753,2790,2795,2745,2760,11358
2013-10-01,2698,2735,2790,2735,2790,8252
2013-10-02,2698,2735,2785,2715,2785,7014
2013-10-04,2703,2740,2745,2720,2735,1799
2013-10-07,2689,2725,2740,2710,2740,1560
2013-10-08,2684,2720,2720,2700,2700,2568
2013-10-10,2703,2740,2745,2720,2720,3221
2013-10-11,2708,2745,2745,2730,2740,2632
2013-10-14,2684,2720,2755,2720,2745,5863
2013-10-15,2664,2700,2745,2700,2745,5826
2013-10-16,2693,2730,2730,2700,2730,4329
2013-10-17,2679,2715,2750,2715,2730,3176
2013-10-18,2689,2725,2740,2705,2705,1925
2013-10-21,2679,2715,2725,2700,2725,7847
2013-10-22,2689,2725,2745,2710,2715,10416
2013-10-23,2718,2755,2765,2715,2750,7003
2013-10-24,2703,2740,2755,2735,2755,1548
2013-10-25,2698,2735,2775,2735,2775,4168
2013-10-28,2664,2700,2750,2690,2745,10922
2013-10-29,2664,2700,2715,2690,2715,21227
2013-10-30,2664,2700,2720,2695,2695,15432
2013-10-31,2664,2700,2700,2655,2700,16617
2013-11-01,2689,2725,2730,2670,2670,8779
2013-11-04,2664,2700,2720,2700,2700,2897
2013-11-05,2659,2695,2720,2695,2710,14092
2013-11-06,2669,2705,2710,2680,2690,1530
2013-11-07,2659,2695,2715,2695,2715,3397
2013-11-08,2674,2710,2720,2670,2695,4135
2013-11-11,2664,2700,2730,2700,2710,4644
2013-11-12,2664,2700,2710,2675,2710,9600
2013-11-13,2659,2695,2720,2670,2675,1628
2013-11-14,2664,2700,2700,2675,2700,1901
2013-11-15,2679,2715,2730,2695,2700,3291
2013-11-18,2674,2710,2715,2685,2715,3266
2013-11-19,2674,2710,2730,2680,2730,171
2013-11-20,2654,2690,2710,2660,2710,3281
2013-11-21,2629,2665,2690,2665,2690,5644
2013-11-22,2664,2700,2700,2665,2665,2432
2013-11-25,2659,2695,2700,2680,2700,528
2013-11-26,2664,2700,2730,2670,2700,9818
2013-11-27,2659,2695,2700,2680,2700,602
2013-11-28,2649,2685,2700,2680,2700,2789
2013-11-29,2659,2695,2725,2670,2670,4688
2013-12-02,2654,2690,2700,2665,2700,2251
2013-12-03,2644,2680,2690,2680,2690,930
2013-12-04,2644,2680,2690,2655,2690,7132
2013-12-05,2644,2680,2720,2670,2670,3113
2013-12-06,2649,2685,2690,2670,2690,1827
2013-12-09,2659,2695,2715,2665,2685,4059
2013-12-10,2664,2700,2700,2650,2650,8054
2013-12-11,2659,2695,2715,2695,2710,25550
2013-12-12,2664,2700,2750,2670,2700,16836
2013-12-13,2733,2770,2810,2700,2715,24960
2013-12-16,2728,2765,2790,2760,2770,9220
2013-12-17,2664,2700,2780,2700,2765,17985
2013-12-18,2703,2740,2740,2700,2700,25193
2013-12-19,2644,2680,2740,2675,2740,4272
2013-12-20,2703,2740,2750,2675,2675,1916
2013-12-23,2708,2745,2755,2730,2755,8530
2013-12-24,2708,2745,2750,2700,2700,7393
2013-12-26,2718,2755,2780,2735,2745,24676
2013-12-27,2758,2785,2790,2750,2760,5895
2013-12-30,2763,2790,2800,2755,2800,7203
2014-01-02,2931,2960,2960,2790,2790,37935
2014-01-03,2936,2965,2965,2885,2930,16824
2014-01-06,3010,3040,3050,2850,2960,38819
2014-01-07,3154,3185,3495,3010,3010,82479
2014-01-08,3184,3215,3215,3075,3185,26355
2014-01-09,3198,3230,3235,3135,3200,26392
2014-01-10,3194,3225,3260,3165,3240,25272
2014-01-13,3198,3230,3240,3100,3225,17528
2014-01-14,3258,3290,3290,3140,3225,29660
2014-01-15,3248,3280,3330,3205,3290,10206
2014-01-16,3218,3250,3310,3230,3230,6729
2014-01-17,3223,3255,3300,3200,3225,13921
2014-01-20,3189,3220,3255,3180,3255,4799
2014-01-21,3184,3215,3270,3150,3270,1995
2014-01-22,3144,3175,3230,3120,3230,4140
2014-01-23,2990,3020,3370,3020,3155,86133
2014-01-24,2901,2930,3090,2925,3085,11690
2014-01-27,2847,2875,2930,2860,2930,14952
2014-01-28,2931,2960,2960,2860,2860,25880
2014-01-29,2931,2960,2990,2955,2960,8100
2014-02-03,2971,3000,3070,2940,2960,29717
2014-02-04,2995,3025,3100,2915,2915,18537
2014-02-05,3070,3100,3100,3005,3025,10797
2014-02-06,3060,3090,3090,3005,3090,1170
2014-02-07,3164,3195,3230,3080,3090,29689
2014-02-10,3094,3125,3185,3035,3185,33161
2014-02-11,3114,3145,3165,3090,3125,3412
2014-02-12,3099,3130,3140,3070,3140,6164
2014-02-13,3099,3130,3150,3055,3150,8110
2014-02-14,3094,3125,3130,3075,3095,10828
2014-02-17,3065,3095,3100,3020,3060,6932
2014-02-18,3020,3050,3135,3035,3135,14221
2014-02-19,3035,3065,3090,3010,3055,7520
2014-02-20,3159,3190,3190,3000,3045,11050
2014-02-21,3085,3115,3150,3055,3070,11720
2014-02-24,3109,3140,3170,3075,3075,3665
2014-02-25,3055,3085,3150,3075,3150,7701
2014-02-26,3055,3085,3100,3050,3085,2374
2014-02-27,3065,3095,3170,3075,3075,1103
2014-02-28,3520,3555,3555,3360,3400,150541
2014-03-03,4045,4085,4085,3880,4085,884140
2014-03-04,4214,4255,4600,4100,4200,2055765
2014-03-05,4159,4200,4335,4060,4250,975247
2014-03-06,4224,4265,4290,4090,4200,756385
2014-03-07,3882,3920,4490,3920,4470,1109116
2014-03-10,3902,3940,3985,3875,3970,191595
2014-03-11,3738,3775,3930,3755,3900,318864
2014-03-12,3644,3680,3795,3680,3740,147316
2014-03-13,3664,3700,3765,3650,3730,111866
2014-03-14,3585,3620,3790,3620,3700,166455
2014-03-17,3654,3690,3740,3605,3625,196143
2014-03-18,3679,3715,3745,3610,3660,171801
2014-03-19,3377,3410,3945,3410,3740,793503
2014-03-20,3347,3380,3475,3370,3455,142624
2014-03-21,3377,3410,3505,3380,3390,112538
2014-03-24,3431,3465,3495,3420,3420,36355
2014-03-25,3367,3400,3510,3400,3460,44285
2014-03-26,3406,3440,3450,3400,3410,26699
2014-03-27,3397,3430,3530,3415,3440,82006
2014-03-28,3382,3415,3470,3400,3470,57851
2014-03-31,3451,3485,3575,3415,3465,105102
2014-04-01,3496,3530,3535,3450,3475,97296
2014-04-02,3481,3515,3545,3485,3540,45018
2014-04-03,3471,3505,3565,3495,3505,89349
2014-04-04,3421,3455,3540,3455,3505,31927
2014-04-07,3387,3420,3455,3380,3455,44746
2014-04-08,3456,3490,3490,3380,3445,44524
2014-04-09,3446,3480,3565,3475,3510,47313
2014-04-10,3416,3450,3500,3440,3480,15494
2014-04-11,3397,3430,3480,3395,3430,22183
2014-04-14,3466,3500,3560,3440,3460,59736
2014-04-15,3436,3470,3550,3460,3550,25628
2014-04-16,3426,3460,3500,3425,3450,18806
2014-04-17,3401,3435,3530,3435,3500,49052
2014-04-18,3461,3495,3495,3430,3450,25114
2014-04-21,3466,3500,3525,3440,3440,52407
2014-04-22,3664,3700,3880,3510,3510,557269
2014-04-23,3659,3695,3750,3625,3745,104490
2014-04-24,3486,3520,3740,3400,3730,102071
2014-04-25,3367,3400,3570,3400,3480,54061
2014-04-28,3149,3180,3380,3180,3340,107538
2014-04-29,3099,3130,3220,3100,3180,47360
2014-04-30,3124,3155,3195,3120,3130,28135
2014-05-02,3164,3195,3195,3145,3155,21294
2014-05-07,3149,3180,3230,3180,3195,11222
2014-05-08,3075,3105,3165,3090,3130,18978
2014-05-09,3070,3100,3165,3015,3140,36564
2014-05-12,3010,3040,3080,3030,3050,39294
2014-05-13,3090,3120,3125,3030,3070,21518
2014-05-14,3114,3145,3150,3080,3120,15403
2014-05-15,3104,3135,3170,3135,3170,16336
2014-05-16,3119,3150,3165,3100,3165,8026
2014-05-19,3139,3170,3175,3100,3150,11991
2014-05-20,3080,3110,3170,3110,3170,6832
2014-05-21,3099,3130,3170,3060,3100,6642
2014-05-22,3094,3125,3135,3105,3135,7138
2014-05-23,3129,3160,3165,3100,3120,15839
2014-05-26,3080,3110,3180,3100,3180,7146
2014-05-27,3080,3110,3185,3085,3105,16819
2014-05-28,3050,3080,3140,3060,3100,6324
2014-05-29,3020,3050,3150,2990,3085,37031
2014-05-30,3010,3040,3050,2965,2995,15474
2014-06-02,3000,3030,3050,2990,3025,9318
2014-06-03,2941,2970,3005,2960,2960,12274
2014-06-05,2802,2830,2970,2820,2970,30222
2014-06-09,3218,3250,3250,2830,2830,606718
2014-06-10,3020,3050,3205,3050,3180,306536
2014-06-11,2921,2950,3145,2910,3145,143401
2014-06-12,2901,2930,2995,2910,2995,37231
2014-06-13,2852,2880,2945,2880,2905,30951
2014-06-16,2862,2890,2895,2840,2845,26294
2014-06-17,2852,2880,2930,2865,2930,9748
2014-06-18,2852,2880,2915,2880,2915,11928
2014-06-19,2862,2890,2925,2870,2925,7766
2014-06-20,2886,2915,2990,2875,2880,25137
2014-06-23,2886,2915,2930,2885,2930,8242
2014-06-24,2911,2940,2940,2870,2905,12009
2014-06-25,2931,2960,2970,2895,2895,10734
2014-06-26,2931,2960,2980,2920,2955,13215
2014-06-27,2951,2980,2980,2935,2935,11666
2014-06-30,2946,2975,3005,2935,2980,10110
2014-07-01,2916,2945,2965,2910,2950,12800
2014-07-02,2896,2925,2970,2925,2925,19898
2014-07-03,2911,2940,2940,2905,2925,7648
2014-07-04,2946,2975,3015,2920,2940,23447
2014-07-07,2941,2970,3005,2940,2940,6956
2014-07-08,2956,2985,3005,2935,2935,6474
2014-07-09,3020,3050,3060,2960,2980,31382
2014-07-10,3070,3100,3220,2965,3030,65307
2014-07-11,3050,3080,3095,3005,3095,28114
2014-07-14,3060,3090,3110,3015,3070,4875
2014-07-15,3015,3045,3090,3030,3065,7451
2014-07-16,3010,3040,3090,2960,3045,25358
2014-07-17,2995,3025,3060,2965,3025,14269
2014-07-18,2986,3015,3065,2970,3010,10918
2014-07-21,2986,3015,3030,2965,3005,12773
2014-07-22,2966,2995,3020,2995,3000,12936
2014-07-23,2995,3025,3060,3025,3030,7322
2014-07-24,2971,3000,3060,3000,3015,8193
2014-07-25,2916,2945,3030,2900,2995,37174
2014-07-28,2916,2945,2995,2895,2940,10683
2014-07-29,2926,2955,2970,2905,2910,12493
2014-07-30,2916,2945,2955,2905,2955,2695
2014-07-31,2852,2880,2940,2850,2910,14922
2014-08-01,2872,2900,2955,2855,2880,10720
2014-08-04,2896,2925,2940,2900,2910,4561
2014-08-05,2931,2960,2975,2930,2940,17486
2014-08-06,2921,2950,2970,2885,2960,7980
2014-08-07,2911,2940,2950,2900,2950,4018
2014-08-08,2877,2905,3050,2875,2930,41685
2014-08-11,2921,2950,2955,2885,2905,7036
2014-08-12,2872,2900,3000,2900,2955,9059
2014-08-13,2921,2950,2960,2900,2910,4278
2014-08-14,2916,2945,2955,2905,2950,6705
2014-08-18,2906,2935,2945,2900,2945,5179
2014-08-19,2911,2940,2950,2920,2925,4670
2014-08-20,2926,2955,2990,2900,2940,9097
2014-08-21,2877,2905,2995,2905,2965,4210
2014-08-22,2911,2940,2965,2885,2960,3890
2014-08-25,2911,2940,2960,2910,2940,3066
2014-08-26,2916,2945,2975,2915,2915,6876
2014-08-27,2911,2940,2970,2910,2945,4937
2014-08-28,2906,2935,2960,2910,2940,10619
2014-08-29,2901,2930,2965,2900,2920,23734
2014-09-01,2877,2905,2950,2905,2930,6816
2014-09-02,2882,2910,2910,2880,2880,7407
2014-09-03,2867,2895,2930,2885,2885,5530
2014-09-04,2832,2860,2920,2850,2880,6977
2014-09-05,2837,2865,2940,2850,2940,10842
2014-09-11,2842,2870,2890,2825,2865,11830
2014-09-12,2921,2950,2975,2860,2860,24776
2014-09-15,2901,2930,2955,2910,2955,2271
2014-09-16,2882,2910,2945,2865,2880,13287
2014-09-17,2877,2905,2955,2830,2955,34902
2014-09-18,2867,2895,2905,2855,2905,6780
2014-09-19,2872,2900,2920,2875,2890,7351
2014-09-22,2867,2895,2910,2860,2890,4078
2014-09-23,2852,2880,2910,2870,2910,6915
2014-09-24,2857,2885,2960,2875,2900,38412
2014-09-25,2921,2950,3020,2880,2900,52542
2014-09-26,2971,3000,3020,2910,2965,83232
2014-09-29,2971,3000,3055,2955,2995,41503
2014-09-30,3080,3110,3250,2970,3000,92891
2014-10-01,3055,3085,3175,3070,3070,18566
2014-10-02,3045,3075,3100,3015,3070,16442
2014-10-06,3005,3035,3075,3005,3075,17449
2014-10-07,3000,3030,3045,2955,3035,11761
2014-10-08,2981,3010,3035,2970,3035,13729
2014-10-10,3015,3045,3045,2940,3010,38579
2014-10-13,2886,2915,3045,2915,3045,19233
2014-10-14,2832,2860,2950,2855,2880,8836
2014-10-15,2862,2890,2905,2870,2870,7306
2014-10-16,2773,2800,2870,2790,2850,37249
2014-10-17,2778,2805,2830,2745,2815,30376
2014-10-20,2832,2860,2890,2805,2805,1112
2014-10-21,2862,2890,2910,2845,2860,7888
2014-10-22,2842,2870,2920,2790,2900,10118
2014-10-23,2773,2800,2870,2780,2850,14111
2014-10-24,2728,2755,2855,2750,2810,22559
2014-10-27,2738,2765,2785,2735,2755,8493
2014-10-28,2763,2790,2800,2690,2690,12229
2014-10-29,2763,2790,2820,2770,2790,6727
2014-10-30,2787,2815,2815,2775,2790,7104
2014-10-31,2768,2795,2845,2770,2810,5819
2014-11-03,2743,2770,2840,2770,2790,3623
2014-11-04,2723,2750,2825,2750,2770,8061
2014-11-05,2778,2805,2815,2710,2755,5654
2014-11-06,2792,2820,2830,2750,2830,5819
2014-11-07,2787,2815,2825,2765,2825,4574
2014-11-10,2787,2815,2815,2770,2815,5154
2014-11-11,2768,2795,2845,2730,2845,12174
2014-11-12,2787,2815,2830,2770,2800,3227
2014-11-13,2743,2770,2830,2750,2830,16501
2014-11-14,2659,2685,2780,2670,2780,38378
2014-11-17,2604,2630,2695,2615,2680,40978
2014-11-18,2649,2675,2795,2630,2630,19178
2014-11-19,2664,2690,2725,2640,2640,9524
2014-11-20,2674,2700,2710,2650,2655,2041
2014-11-21,2688,2715,2730,2670,2725,9670
2014-11-24,2693,2720,2730,2705,2730,5005
2014-11-25,2669,2695,2740,2600,2715,54117
2014-11-26,2679,2705,2715,2660,2680,8095
2014-11-27,2674,2700,2710,2675,2705,4029
2014-11-28,2654,2680,2710,2655,2710,13130
2014-12-01,2654,2680,2715,2605,2645,10892
2014-12-02,2654,2680,2685,2645,2685,10412
2014-12-03,2679,2705,2715,2680,2680,3641
2014-12-04,2634,2660,2690,2650,2665,5891
2014-12-05,2649,2675,2705,2650,2675,4957
2014-12-08,2644,2670,2710,2655,2675,2921
2014-12-09,2664,2690,2695,2650,2655,6240
2014-12-10,2664,2690,2690,2635,2635,2468
2014-12-11,2674,2700,2725,2680,2725,1653
2014-12-12,2674,2700,2700,2665,2675,1833
2014-12-15,2654,2680,2705,2650,2665,12070
2014-12-16,2664,2690,2800,2645,2800,11158
2014-12-17,2688,2715,2715,2655,2655,10958
2014-12-18,2733,2760,2820,2710,2805,27554
2014-12-19,3030,3060,3170,2725,2725,188755
2014-12-22,2773,2800,2950,2800,2950,109090
2014-12-23,2773,2800,2835,2760,2800,31155
2014-12-24,2718,2745,2785,2745,2750,24425
2014-12-26,2728,2755,2775,2740,2745,15526
2014-12-29,2718,2735,2755,2690,2730,17675
2014-12-30,2644,2660,2740,2650,2735,24877
2015-01-02,2663,2680,2715,2650,2660,15449
2015-01-05,2658,2675,2690,2645,2665,17125
2015-01-06,2653,2670,2695,2635,2670,31117
2015-01-07,2653,2670,2690,2665,2670,11666
2015-01-08,2639,2655,2675,2600,2675,42123
2015-01-09,2599,2615,2670,2560,2665,56285
2015-01-12,2614,2630,2630,2590,2620,25360
2015-01-13,2594,2610,2640,2585,2635,24311
2015-01-14,2594,2610,2610,2590,2595,16534
2015-01-15,2584,2600,2615,2570,2585,12518
2015-01-16,2584,2600,2625,2570,2585,8796
2015-01-19,2574,2590,2610,2580,2580,6812
2015-01-20,2579,2595,2610,2570,2580,10018
2015-01-21,2584,2600,2650,2595,2630,11774
2015-01-22,2584,2600,2630,2600,2615,6262
2015-01-23,2604,2620,2630,2595,2600,7341
2015-01-26,2604,2620,2635,2600,2635,4020
2015-01-27,2609,2625,2625,2585,2620,6154
2015-01-28,2614,2630,2640,2585,2635,4850
2015-01-29,2619,2635,2640,2620,2640,2407
2015-01-30,2624,2640,2655,2630,2650,3915
2015-02-02,2624,2640,2650,2620,2650,5137
2015-02-03,2609,2625,2630,2600,2625,12599
2015-02-04,2609,2625,2635,2590,2635,11237
2015-02-05,2614,2630,2630,2610,2620,5716
2015-02-06,2634,2650,2685,2630,2640,32490
2015-02-09,2743,2760,2915,2695,2800,159781
2015-02-10,2748,2765,2785,2710,2770,41312
2015-02-11,2758,2775,2825,2765,2795,39141
2015-02-12,2758,2775,2780,2730,2775,17253
2015-02-13,2778,2795,2800,2735,2780,18748
2015-02-16,2758,2775,2825,2750,2825,20128
2015-02-17,2783,2800,2815,2760,2815,15196
2015-02-23,2768,2785,2810,2780,2800,8234
2015-02-24,2778,2795,2800,2755,2755,12560
2015-02-25,2773,2790,2810,2770,2810,14345
2015-02-26,2872,2890,3045,2770,2800,44673
2015-02-27,2952,2970,3030,2890,2890,144656
2015-03-02,2872,2890,3060,2855,2970,86678
2015-03-03,2902,2920,2945,2830,2910,39031
2015-03-04,2907,2925,3000,2905,3000,21014
2015-03-05,2902,2920,2930,2865,2930,29658
2015-03-06,2892,2910,2950,2865,2950,13416
2015-03-09,2832,2850,2890,2790,2790,19179
2015-03-10,2817,2835,2900,2755,2900,69721
2015-03-11,2793,2810,2910,2785,2800,37156
2015-03-12,2778,2795,2830,2795,2810,10694
2015-03-13,2798,2815,2830,2775,2825,10064
2015-03-16,2803,2820,2820,2780,2800,9250
2015-03-17,2788,2805,2825,2740,2800,29874
2015-03-18,2788,2805,2830,2780,2830,15544
2015-03-19,2778,2795,2820,2765,2820,28273
2015-03-20,2773,2790,2805,2740,2790,47378
2015-03-23,2773,2790,2830,2775,2800,16902
2015-03-24,2842,2860,2880,2770,2790,49168
2015-03-25,2917,2935,2980,2860,2860,64052
2015-03-26,2862,2880,2930,2870,2905,24579
2015-03-27,2862,2880,2900,2850,2900,12145
2015-03-30,2862,2880,2945,2840,2855,23054
2015-03-31,2862,2880,2925,2860,2880,16778
2015-04-01,2882,2900,2915,2850,2880,9109
2015-04-02,2927,2945,2975,2870,2925,54308
2015-04-03,2972,2990,3090,2945,2945,36999
2015-04-06,2982,3000,3040,2950,3040,23511
2015-04-07,2922,2940,3000,2940,3000,12718
2015-04-08,2892,2910,2960,2900,2945,25194
2015-04-09,2887,2905,2920,2865,2910,14770
2015-04-10,2917,2935,3015,2905,2915,30479
2015-04-13,2902,2920,2980,2910,2935,20615
2015-04-14,2902,2920,2995,2885,2920,41653
2015-04-15,2952,2970,2980,2910,2920,26642
2015-04-16,2952,2970,2995,2930,2970,18079
2015-04-17,2937,2955,3005,2935,2985,37915
2015-04-20,2887,2905,3000,2890,2955,43736
2015-04-21,2887,2905,2985,2890,2905,19328
2015-04-22,2867,2885,2980,2870,2905,32431
2015-04-23,2872,2890,2910,2850,2895,27887
2015-04-24,2897,2915,2945,2840,2890,14724
2015-04-27,2892,2910,2920,2885,2915,14553
2015-04-28,2897,2915,2940,2885,2910,9813
2015-04-29,2892,2910,2940,2895,2940,4965
2015-04-30,2897,2915,2950,2860,2950,14146
2015-05-04,2842,2860,2915,2850,2915,13565
2015-05-06,2813,2830,2870,2810,2860,19660
2015-05-07,2793,2810,2865,2770,2830,20138
2015-05-08,2803,2820,2820,2770,2810,30075
2015-05-11,2808,2825,2850,2815,2850,4950
2015-05-12,2793,2810,2845,2800,2845,9759
2015-05-13,2803,2820,2875,2800,2800,13499
2015-05-14,2778,2795,2850,2785,2825,28422
2015-05-15,2808,2825,2830,2795,2800,23508
2015-05-18,2808,2825,2825,2795,2825,21353
2015-05-19,2882,2900,2900,2820,2825,39840
2015-05-20,2887,2905,2915,2840,2870,25340
2015-05-21,2862,2880,2905,2850,2905,20849
2015-05-22,2822,2840,2900,2840,2870,13846
2015-05-26,2827,2845,2860,2835,2840,16190
2015-05-27,2813,2830,2845,2800,2845,54641
2015-05-28,2803,2820,2850,2800,2815,40574
2015-05-29,2827,2845,2850,2805,2805,14402
2015-06-01,2813,2830,2850,2810,2850,4340
2015-06-02,2773,2790,2820,2775,2775,19380
2015-06-03,2773,2790,2810,2790,2810,6453
2015-06-04,2743,2760,2800,2750,2795,5496
2015-06-05,2723,2740,2780,2715,2755,12054
2015-06-08,2822,2840,2840,2690,2740,19438
2015-06-09,2822,2840,2840,2715,2840,11256
2015-06-10,2773,2790,2845,2790,2845,5957
2015-06-11,2798,2815,2815,2770,2790,10521
2015-06-12,2778,2795,2815,2740,2815,4742
2015-06-15,2753,2770,2800,2755,2795,6478
2015-06-16,2748,2765,2865,2760,2770,10210
2015-06-17,2743,2760,2820,2725,2820,4721
2015-06-18,2738,2755,2760,2735,2760,4841
2015-06-19,2768,2785,2785,2740,2755,7866
2015-06-22,2743,2760,2825,2750,2825,2213
2015-06-23,2733,2750,2820,2750,2820,9852
2015-06-24,2698,2715,2770,2700,2760,30556
2015-06-25,2708,2725,2745,2705,2715,11891
2015-06-26,2698,2715,2740,2700,2725,15262
2015-06-29,2673,2690,2715,2685,2710,19465
2015-06-30,2673,2690,2750,2665,2690,10511
2015-07-01,2663,2680,2705,2670,2690,19900
2015-07-02,2713,2730,2735,2670,2670,20673
2015-07-03,2748,2765,2790,2690,2690,9710
2015-07-06,2733,2750,2810,2730,2795,48129
2015-07-07,2778,2795,2825,2755,2760,15796
2015-07-08,2778,2795,2800,2770,2795,16371
2015-07-09,2773,2790,2835,2750,2835,10651
2015-07-10,2748,2765,2795,2760,2760,11567
2015-07-13,2733,2750,2795,2745,2765,55038
2015-07-14,2748,2765,2770,2750,2750,7727
2015-07-15,2743,2760,2785,2745,2765,21560
2015-07-16,2783,2800,2825,2760,2825,19758
2015-07-17,2783,2800,2820,2780,2800,21770
2015-07-20,2798,2815,2895,2800,2800,21202
2015-07-21,2788,2805,2850,2805,2850,7855
2015-07-22,2788,2805,2830,2760,2800,5286
2015-07-23,2793,2810,2815,2770,2800,4584
2015-07-24,2773,2790,2850,2775,2775,17074
2015-07-27,2683,2700,2840,2700,2840,52643
2015-07-28,2673,2690,2700,2645,2700,23927
2015-07-29,2678,2695,2795,2695,2695,9424
2015-07-30,2673,2690,2765,2690,2720,5794
2015-07-31,2703,2720,2750,2650,2690,15994
2015-08-03,2703,2720,2795,2700,2720,982
2015-08-04,2698,2715,2795,2710,2725,1918
2015-08-05,2743,2760,2770,2700,2725,10872
2015-08-06,2703,2720,2770,2715,2770,8124
2015-08-07,2758,2775,2775,2720,2750,2782
2015-08-10,2703,2720,2805,2720,2805,4381
2015-08-11,2753,2770,2770,2720,2720,952
2015-08-12,2748,2765,2795,2720,2770,4715
2015-08-13,2753,2770,2785,2720,2765,3226
2015-08-14,2753,2770,2770,2770,2770,0
2015-08-17,2743,2760,2770,2725,2770,1713
2015-08-18,2703,2720,2770,2630,2630,8565
2015-08-19,2644,2660,2730,2600,2645,19528
2015-08-20,2644,2660,2685,2580,2605,12086
2015-08-21,2624,2640,3150,2640,2800,896075
2015-08-24,2460,2475,2615,2450,2540,159209
2015-08-25,2390,2405,2480,2275,2475,132048
2015-08-26,2405,2420,2465,2355,2390,51552
2015-08-27,2450,2465,2500,2430,2480,20986
2015-08-28,2475,2490,2505,2450,2460,17362
2015-08-31,2435,2450,2520,2450,2520,27166
2015-09-01,2415,2430,2475,2400,2455,19383
2015-09-02,2400,2415,2445,2385,2425,17078
2015-09-03,2420,2435,2440,2415,2435,4734
2015-09-04,2395,2410,2480,2400,2435,29198
2015-09-07,2405,2420,2435,2400,2435,8380
2015-09-08,2405,2420,2430,2400,2420,7660
2015-09-09,2405,2420,2440,2400,2420,19680
2015-09-10,2405,2420,2445,2400,2425,22045
2015-09-11,2415,2430,2440,2405,2425,10293
2015-09-14,2415,2430,2440,2415,2440,4844
2015-09-15,2445,2460,2460,2425,2450,11626
2015-09-16,2455,2470,2480,2440,2455,22831
2015-09-17,2450,2465,2490,2460,2490,15320
2015-09-18,2445,2460,2575,2440,2485,13040
2015-09-21,2440,2455,2535,2455,2500,19034
2015-09-22,2455,2470,2495,2455,2485,15618
2015-09-23,2465,2480,2535,2470,2470,9569
2015-09-24,2499,2515,2535,2480,2535,12284
2015-09-25,2475,2490,2545,2455,2515,7650
2015-09-30,2465,2480,2545,2455,2515,17968
2015-10-01,2465,2480,2490,2450,2480,11266
2015-10-02,2460,2475,2495,2460,2495,2590
2015-10-05,2455,2470,2490,2470,2475,5934
2015-10-06,2450,2465,2495,2450,2470,13843
2015-10-07,2504,2520,2545,2450,2455,21370
2015-10-08,2509,2525,2540,2500,2515,29051
2015-10-12,2485,2500,2530,2490,2525,16690
2015-10-13,2480,2495,2535,2490,2500,10200
2015-10-14,2534,2550,2575,2505,2530,33983
2015-10-15,2604,2620,2665,2530,2550,31892
2015-10-16,2932,2950,3390,2580,2580,1881642
2015-10-19,2892,2910,2930,2710,2930,357605
2015-10-20,3041,3060,3150,2910,2960,336617
2015-10-21,2977,2995,3135,2965,3035,185199
2015-10-22,2977,2995,3070,2940,3040,94687
2015-10-23,3131,3150,3200,2990,2995,175824
2015-10-26,3111,3130,3300,3090,3150,148027
2015-10-27,3086,3105,3170,3065,3065,59745
2015-10-28,3036,3055,3185,3040,3105,33116
2015-10-29,3046,3065,3085,2945,2945,41190
2015-10-30,2982,3000,3080,2910,2985,40642
2015-11-02,2912,2930,3055,2930,3000,17542
2015-11-03,2922,2940,3035,2905,2930,21458
2015-11-04,3046,3065,3080,2900,3000,49230
2015-11-05,3449,3470,3980,3080,3090,1037315
2015-11-06,3339,3360,3485,3290,3470,184706
2015-11-09,3215,3235,3390,3195,3365,84961
2015-11-10,3215,3235,3260,3115,3125,72560
2015-11-11,3230,3250,3295,3195,3240,64242
2015-11-12,3240,3260,3285,3180,3265,28096
2015-11-13,3220,3240,3255,3155,3255,39781
2015-11-16,3051,3070,3540,3060,3310,230752
2015-11-17,3061,3080,3135,2960,3065,82174
2015-11-18,3175,3195,3250,2985,3080,128163
2015-11-19,3250,3270,3320,3190,3215,41902
2015-11-20,3210,3230,3270,3130,3270,31097
2015-11-23,3170,3190,3240,3155,3240,17643
2015-11-24,3245,3265,3290,3130,3130,39111
2015-11-25,3250,3270,3320,3240,3265,45757
2015-11-26,3295,3315,3325,3210,3290,60069
2015-11-27,3300,3320,3400,3200,3315,71491
2015-11-30,3329,3350,3350,3200,3255,38770
2015-12-01,3344,3365,3400,3210,3400,30491
2015-12-02,3354,3375,3460,3320,3460,21149
2015-12-03,3280,3300,3380,3260,3380,21480
2015-12-04,3275,3295,3380,3250,3260,22869
2015-12-07,3280,3300,3420,3255,3290,7882
2015-12-08,3245,3265,3365,3095,3350,78911
2015-12-09,3180,3200,3300,3130,3265,24568
2015-12-10,3121,3140,3200,3100,3195,40943
2015-12-11,3275,3295,3450,3170,3440,235497
2015-12-14,3185,3205,3350,3165,3295,30770
2015-12-15,3106,3125,3235,3055,3120,59636
2015-12-16,3091,3110,3215,3055,3215,35253
2015-12-17,3081,3100,3120,3025,3115,30635
2015-12-18,3101,3120,3165,3045,3100,32361
2015-12-21,3081,3100,3125,3055,3120,23707
2015-12-22,3101,3120,3155,3065,3150,37469
2015-12-23,3081,3100,3210,3055,3150,30206
2015-12-24,3056,3075,3150,3050,3115,34347
2015-12-28,2977,2995,3090,2840,3075,103927
2015-12-29,2902,2920,2995,2890,2995,66282
2015-12-30,2897,2915,2975,2875,2920,31556
2016-01-04,2967,2985,3010,2915,2915,51813
2016-01-05,2982,3000,3035,2970,2985,23758
2016-01-06,2957,2975,3600,2940,3030,868793
2016-01-07,2932,2950,3070,2855,2930,110870
2016-01-08,2972,2990,3400,2990,3100,623061
2016-01-11,2922,2940,2985,2870,2985,67054
2016-01-12,2957,2975,2990,2865,2920,84475
2016-01-13,2957,2975,3000,2900,3000,67793
2016-01-14,2927,2945,2980,2910,2940,21583
2016-01-15,2897,2915,2955,2885,2925,32299
2016-01-18,2887,2905,2915,2860,2880,11855
2016-01-19,2783,2800,2920,2790,2880,64166
2016-01-20,2673,2690,2830,2680,2800,54237
2016-01-21,2678,2695,2735,2680,2690,20414
2016-01-22,2713,2730,2765,2685,2740,10484
2016-01-25,2708,2725,2790,2720,2770,19552
2016-01-26,2703,2720,2745,2695,2710,13206
2016-01-27,2683,2700,2735,2680,2735,30042
2016-01-28,2743,2760,2800,2690,2725,33104
2016-01-29,2813,2830,2845,2760,2760,40381
2016-02-01,3116,3135,3670,2910,2915,1711548
2016-02-02,2982,3000,3130,2990,3130,155659
2016-02-03,3011,3030,3065,2935,3000,137853
2016-02-04,2986,3005,3075,2995,3005,98363
2016-02-05,3006,3025,3080,2990,3005,63103
2016-02-11,3011,3030,3235,3025,3025,418965
2016-02-12,2897,2915,3055,2840,2980,154167
2016-02-15,2932,2950,2990,2860,2920,123532
2016-02-16,2982,3000,3050,2950,3010,58102
2016-02-17,2957,2975,3030,2960,2980,46105
2016-02-18,2967,2985,3015,2960,2965,51321
2016-02-19,2902,2920,3030,2905,3030,89428
2016-02-22,2932,2950,2965,2900,2910,38647
2016-02-23,3001,3020,3030,2950,2990,65540
2016-02-24,2967,2985,3020,2945,3020,38453
2016-02-25,2952,2970,3010,2930,3010,52054
2016-02-26,2982,3000,3040,2935,2970,63919
2016-02-29,2957,2975,3015,2965,3010,35273
2016-03-02,2977,2995,3000,2970,2975,38888
2016-03-03,2967,2985,3045,2975,3010,71900
2016-03-04,2996,3015,3080,2990,2990,72652
2016-03-07,3041,3060,3085,3010,3030,61784
2016-03-08,3041,3060,3165,3045,3055,57735
2016-03-09,3046,3065,3100,3040,3100,30667
2016-03-10,3056,3075,3085,3055,3080,20091
2016-03-11,3011,3030,3085,3025,3085,40177
2016-03-14,3026,3045,3060,2995,3030,57352
2016-03-15,3150,3170,3170,3075,3075,147747
2016-03-16,3131,3150,3215,3140,3180,90464
2016-03-17,3175,3195,3195,3100,3135,67894
2016-03-18,3160,3180,3245,3175,3245,35546
2016-03-21,3121,3140,3200,3110,3200,36100
2016-03-22,3111,3130,3155,3060,3145,40804
2016-03-23,3111,3130,3165,3080,3130,44360
2016-03-24,3106,3125,3140,3095,3140,25368
2016-03-25,3071,3090,3155,3085,3155,42515
2016-03-28,3096,3115,3130,3000,3065,76434
2016-03-29,3101,3120,3140,3090,3140,37873
2016-03-30,3155,3175,3190,3095,3095,55811
2016-03-31,3165,3185,3190,3150,3175,30623
2016-04-01,3131,3150,3210,3140,3190,41987
2016-04-04,3121,3140,3165,3120,3135,34263
2016-04-05,3081,3100,3175,3090,3175,36948
2016-04-06,3096,3115,3130,3060,3130,21078
2016-04-07,3091,3110,3150,3070,3080,91589
2016-04-08,3056,3075,3120,3060,3080,35703
2016-04-11,3006,3025,3080,2960,3080,74313
2016-04-12,3021,3040,3045,3015,3035,18520
2016-04-14,2991,3010,3050,3005,3040,39047
2016-04-15,3041,3060,3130,3030,3030,36075
2016-04-18,3041,3060,3080,3050,3050,19054
2016-04-19,3046,3065,3090,3040,3050,17140
2016-04-20,3001,3020,3095,3020,3050,36920
2016-04-21,3011,3030,3070,3020,3035,43059
2016-04-22,3006,3025,3060,3020,3040,30250
2016-04-25,2996,3015,3040,2985,3025,32485
2016-04-26,3001,3020,3020,2980,2995,42794
2016-04-27,3016,3035,3035,3015,3020,15132
2016-04-28,3026,3045,3065,3000,3005,26291
2016-04-29,3011,3030,3060,3010,3060,17398
2016-05-02,2957,2975,3035,2975,3010,21562
2016-05-03,2962,2980,3005,2960,2975,29760
2016-05-04,2947,2965,2995,2960,2980,17677
2016-05-09,2927,2945,2975,2905,2965,30072
2016-05-10,2927,2945,2985,2945,2945,6418
2016-05-11,2927,2945,2990,2910,2990,23346
2016-05-12,2942,2960,2985,2925,2940,10695
2016-05-13,2962,2980,2995,2950,2955,17091
2016-05-16,2977,2995,3025,2955,3005,23226
2016-05-17,2927,2945,3005,2900,3005,49516
2016-05-18,2872,2890,2950,2875,2950,28366
2016-05-19,2813,2830,2910,2790,2910,57603
2016-05-20,2832,2850,2855,2790,2830,22432
2016-05-23,2817,2835,2880,2820,2820,8912
2016-05-24,2827,2845,2860,2825,2840,11926
2016-05-25,2852,2870,2875,2835,2850,12026
2016-05-26,2808,2825,2880,2805,2870,16429
2016-05-27,2842,2860,2880,2810,2825,11276
2016-05-30,2862,2880,2880,2830,2870,12694
2016-05-31,2842,2860,2890,2805,2890,16009
2016-06-01,2862,2880,2885,2820,2860,11334
2016-06-02,2852,2870,2890,2845,2880,9160
2016-06-03,2862,2880,2890,2850,2890,13524
2016-06-07,2827,2845,2885,2825,2880,17432
2016-06-08,2822,2840,2875,2830,2875,9877
2016-06-09,2803,2820,2855,2795,2825,50214
2016-06-10,2783,2800,2825,2780,2805,34450
2016-06-13,2773,2790,2825,2760,2790,19711
2016-06-14,2778,2795,2800,2760,2785,5412
2016-06-15,2793,2810,2820,2780,2800,7631
2016-06-16,2758,2775,2785,2750,2785,35954
2016-06-17,2748,2765,2795,2730,2795,33802
2016-06-20,2773,2790,2790,2765,2765,7127
2016-06-21,2753,2770,2790,2750,2790,12978
2016-06-22,2743,2760,2815,2740,2815,18963
2016-06-23,2733,2750,2750,2670,2670,17464
2016-06-24,2589,2605,2775,2605,2750,53956
2016-06-27,2589,2605,2630,2550,2550,11462
2016-06-28,2649,2665,2675,2610,2630,7117
2016-06-29,2693,2710,2715,2665,2715,9734
2016-06-30,2743,2760,2770,2670,2710,12308
2016-07-01,2703,2720,2790,2705,2760,15075
2016-07-04,2723,2740,2770,2715,2720,5383
2016-07-05,2753,2770,2770,2705,2750,10514
2016-07-06,2723,2740,2770,2730,2770,3376
2016-07-07,2738,2755,2785,2710,2775,7365
2016-07-08,2733,2750,2770,2715,2770,10212
2016-07-11,2748,2765,2770,2710,2750,12273
2016-07-12,2743,2760,2795,2750,2770,17211
2016-07-13,2733,2750,2780,2745,2750,15049
2016-07-14,2748,2765,2770,2730,2750,5786
2016-07-15,2773,2790,2795,2765,2765,13097
2016-07-18,2768,2785,2795,2745,2790,9607
2016-07-19,2842,2860,2880,2750,2780,29341
2016-07-20,2803,2820,2860,2785,2860,21296
2016-07-21,2832,2850,2860,2805,2820,8984
2016-07-22,2832,2850,2870,2830,2850,12275
2016-07-25,2813,2830,2895,2805,2895,17448
2016-07-26,2778,2795,2850,2785,2830,23311
2016-07-27,2783,2800,2845,2790,2830,8252
2016-07-28,2778,2795,2815,2780,2815,8924
2016-07-29,2733,2750,2795,2745,2795,27697
2016-08-01,2738,2755,2780,2730,2750,11250
2016-08-02,2733,2750,2790,2740,2790,10712
2016-08-03,2718,2735,2765,2715,2765,12202
2016-08-04,2743,2760,2780,2720,2750,4740
2016-08-05,2723,2740,2830,2730,2830,20095
2016-08-08,2673,2690,2750,2680,2740,38321
2016-08-09,2723,2740,2745,2680,2695,21086
2016-08-10,2773,2790,2850,2735,2850,13849
2016-08-11,2718,2735,2800,2725,2800,6480
2016-08-12,2713,2730,2750,2700,2750,18311
2016-08-16,2872,2890,3400,2710,2730,2249802
2016-08-17,2803,2820,2955,2800,2890,353917
2016-08-18,3096,3115,3665,2930,2960,10952805
2016-08-19,3101,3120,3175,3000,3160,1555188
2016-08-22,3081,3100,3100,3005,3085,670314
2016-08-23,2967,2985,3100,2935,3050,907867
2016-08-24,3001,3020,3150,2940,2985,1240187
2016-08-25,3081,3100,3105,2985,3020,551993
2016-08-26,3006,3025,3085,3015,3070,250394
2016-08-29,2882,2900,2985,2860,2965,347043
2016-08-30,2922,2940,3050,2875,3020,350397
2016-08-31,2862,2880,2980,2880,2980,140598
2016-09-01,2892,2910,2975,2865,2880,190109
2016-09-02,2877,2895,2945,2850,2920,153712
2016-09-05,2907,2925,2980,2895,2905,191516
2016-09-06,2862,2880,2970,2865,2910,254522
2016-09-07,3031,3050,3050,2835,2895,391256
2016-09-08,2932,2950,3025,2915,3025,261132
2016-09-09,3031,3050,3080,2910,2915,703036
2016-09-12,3031,3050,3090,2950,2995,460811
2016-09-13,2986,3005,3105,3005,3100,422858
2016-09-19,3046,3065,3065,2980,3005,182781
2016-09-20,3001,3020,3065,2995,3065,185745
2016-09-21,2996,3015,3060,2990,3050,160664
2016-09-22,3101,3120,3150,3010,3025,466436
2016-09-23,3081,3100,3115,3045,3100,258299
2016-09-26,2967,2985,3100,2985,3080,290552
2016-09-27,2972,2990,3020,2945,2950,161002
2016-09-28,2996,3015,3055,2980,2990,109719
2016-09-29,3011,3030,3040,3000,3040,116040
2016-09-30,2962,2980,3025,2970,3025,97562
2016-10-04,2972,2990,3035,2970,2980,91553
2016-10-05,3011,3030,3040,2995,3010,111692
2016-10-06,3006,3025,3040,2985,3035,91547
2016-10-07,2952,2970,3015,2970,3015,148856
2016-10-10,2952,2970,2990,2955,2955,64886
2016-10-11,3180,3200,3255,2960,2980,1493408
2016-10-12,3146,3165,3200,3120,3150,362624
2016-10-13,2991,3010,3325,3010,3185,724889
2016-10-14,3031,3050,3070,2990,3010,189752
2016-10-17,2967,2985,3055,2985,3055,146337
2016-10-18,2986,3005,3030,2970,2970,95802
2016-10-19,2986,3005,3025,2990,3025,65280
2016-10-20,2962,2980,3030,2975,3015,77312
2016-10-21,2937,2955,3005,2955,2980,81629
2016-10-24,2972,2990,2995,2950,2995,48768
2016-10-25,2862,2880,2985,2860,2970,133041
2016-10-26,2837,2855,2900,2720,2900,132934
2016-10-27,2817,2835,2880,2800,2815,57456
2016-10-28,2708,2725,2845,2700,2825,129627
2016-10-31,2579,2595,2750,2575,2730,183090
2016-11-01,2579,2595,2630,2550,2630,145891
2016-11-02,2410,2425,2595,2425,2595,193983
2016-11-03,2460,2475,2530,2425,2425,43307
2016-11-04,2494,2510,2530,2450,2495,27687
2016-11-07,2559,2575,2585,2510,2510,40307
2016-11-08,2564,2580,2610,2515,2610,59051
2016-11-09,2385,2400,2625,2370,2625,187082
2016-11-10,2494,2510,2520,2445,2480,43146
2016-11-11,2494,2510,2560,2480,2490,30191
2016-11-14,2569,2585,2585,2530,2555,17736
2016-11-15,2519,2535,2590,2505,2505,45435
2016-11-16,2519,2535,2570,2505,2555,51215
2016-11-17,2514,2530,2550,2500,2550,69720
2016-11-18,2465,2480,2530,2450,2530,76774
2016-11-21,2400,2415,2475,2400,2435,67582
2016-11-22,2415,2430,2445,2410,2415,38711
2016-11-23,2400,2415,2455,2400,2450,99104
2016-11-24,2485,2500,2775,2380,2390,959232
2016-11-25,2460,2475,2525,2435,2525,122982
2016-11-28,2390,2405,2500,2400,2465,120325
2016-11-29,2405,2420,2435,2400,2425,36998
2016-11-30,2395,2410,2435,2390,2435,62593
2016-12-01,2385,2400,2420,2380,2410,36235
2016-12-02,2385,2400,2430,2380,2430,34423
2016-12-05,2320,2335,2420,2320,2400,48097
2016-12-06,2325,2340,2385,2335,2335,34810
2016-12-07,2350,2365,2400,2330,2340,32680
2016-12-08,2355,2370,2390,2360,2380,26849
2016-12-09,2365,2380,2420,2375,2395,38032
2016-12-12,2370,2385,2420,2350,2415,40418
2016-12-13,2375,2390,2425,2370,2395,36225
2016-12-14,2385,2400,2445,2395,2415,47261
2016-12-15,2430,2445,2445,2400,2420,44721
2016-12-16,2430,2445,2475,2410,2450,34470
2016-12-19,2440,2455,2455,2415,2440,30141
2016-12-20,2445,2460,2465,2440,2455,29471
2016-12-21,2465,2480,2490,2450,2460,36098
2016-12-22,2455,2470,2490,2455,2485,20526
2016-12-23,2470,2485,2490,2455,2470,18372
2016-12-26,2480,2495,2500,2455,2495,27636
2016-12-27,2485,2500,2550,2475,2495,20802
2016-12-28,2500,2500,2515,2470,2490,27408
2016-12-29,2480,2480,2540,2450,2470,33448
2017-01-02,2440,2440,2490,2430,2480,48504
2017-01-03,2490,2490,2505,2440,2440,63413
2017-01-04,2550,2550,2570,2490,2500,64150
2017-01-05,2590,2590,2605,2510,2545,50964
2017-01-06,2560,2560,2605,2530,2570,20771
2017-01-09,2580,2580,2600,2560,2565,30021
2017-01-10,2545,2545,2610,2530,2575,33458
2017-01-11,2560,2560,2595,2545,2595,8559
2017-01-12,2550,2550,2580,2525,2580,22949
2017-01-13,2560,2560,2575,2520,2575,28661
2017-01-16,2550,2550,2590,2510,2560,40470
2017-01-17,2550,2550,2560,2530,2530,14459
2017-01-18,2545,2545,2580,2515,2530,12591
2017-01-19,2545,2545,2550,2505,2550,17727
2017-01-20,2510,2510,2560,2485,2560,42303
2017-01-23,2515,2515,2570,2490,2535,16184
2017-01-24,2515,2515,2530,2465,2510,13410
2017-01-25,2500,2500,2545,2460,2525,24686
2017-01-26,2490,2490,2510,2455,2475,24179
2017-01-31,2465,2465,2490,2430,2490,23027
2017-02-01,2485,2485,2545,2460,2545,16717
2017-02-02,2470,2470,2490,2450,2470,17556
2017-02-03,2460,2460,2475,2445,2470,27392
2017-02-06,2470,2470,2500,2445,2460,39409
2017-02-07,2485,2485,2500,2470,2480,18209
2017-02-08,2470,2470,2495,2440,2495,27909
2017-02-09,2470,2470,2485,2445,2485,11241
2017-02-10,2450,2450,2480,2435,2480,21442
2017-02-13,2430,2430,2470,2410,2470,33163
2017-02-14,2445,2445,2450,2415,2440,25568
2017-02-15,2415,2415,2465,2405,2440,53106
2017-02-16,2445,2445,2455,2410,2410,22671
2017-02-17,2450,2450,2455,2425,2450,8629
2017-02-20,2455,2455,2455,2415,2450,17843
2017-02-21,2460,2460,2475,2450,2460,22839
2017-02-22,2480,2480,2490,2445,2470,37815
2017-02-23,2460,2460,2505,2460,2490,28780
2017-02-24,2460,2460,2480,2435,2470,14755
2017-02-27,2440,2440,2480,2430,2480,10120
2017-02-28,2440,2440,2455,2415,2455,21726
2017-03-02,2420,2420,2450,2395,2440,34644
2017-03-03,2400,2400,2415,2370,2415,30740
2017-03-06,2440,2440,2450,2390,2420,21472
2017-03-07,2430,2430,2455,2405,2450,17029
2017-03-08,2410,2410,2450,2400,2440,22502
2017-03-09,2490,2490,2595,2405,2410,174054
2017-03-10,2480,2480,2515,2420,2480,81819
2017-03-13,2450,2450,2480,2430,2460,55755
2017-03-14,2470,2470,2520,2450,2485,53747
2017-03-15,2525,2525,2525,2470,2470,63744
2017-03-16,2490,2490,2530,2490,2530,19005
2017-03-17,2500,2500,2510,2475,2505,30671
2017-03-20,2480,2480,2500,2455,2500,23914
2017-03-21,2485,2485,2505,2465,2470,29977
2017-03-22,2475,2475,2485,2445,2485,31275
2017-03-23,2485,2485,2505,2470,2480,25997
2017-03-24,2510,2510,2555,2460,2500,67829
2017-03-27,2510,2510,2550,2485,2510,53381
2017-03-28,2470,2470,2535,2470,2535,36957
2017-03-29,2460,2460,2490,2460,2475,19435
2017-03-30,2450,2450,2495,2435,2460,27820
2017-03-31,2490,2490,2490,2440,2440,51434
2017-04-03,2505,2505,2520,2455,2470,45984
2017-04-04,2500,2500,2515,2485,2490,15507
2017-04-05,2500,2500,2520,2495,2520,37003
2017-04-06,2500,2500,2525,2490,2525,32751
2017-04-07,2470,2470,2510,2450,2510,50151
2017-04-10,2610,2610,2700,2465,2490,701360
2017-04-11,2550,2550,2600,2520,2580,192234
2017-04-12,2605,2605,2630,2545,2560,276741
2017-04-13,2595,2595,2605,2565,2600,93122
2017-04-14,2610,2610,2950,2600,2835,1012003
2017-04-17,2605,2605,2635,2580,2630,116578
2017-04-18,2580,2580,2625,2580,2625,70389
2017-04-19,2595,2595,2605,2560,2590,51016
2017-04-20,2630,2630,2640,2595,2595,62766
2017-04-21,2610,2610,2665,2580,2615,48808
2017-04-24,2610,2610,2620,2580,2595,58167
2017-04-25,2575,2575,2620,2535,2620,63061
2017-04-26,2580,2580,2625,2570,2595,41826
2017-04-27,2555,2555,2605,2540,2580,26463
2017-04-28,2550,2550,2580,2530,2580,33902
2017-05-02,2545,2545,2585,2535,2550,18738
2017-05-04,2530,2530,2570,2495,2545,37468
2017-05-08,2535,2535,2560,2515,2530,32441
2017-05-10,2550,2550,2560,2525,2560,38365
2017-05-11,2580,2580,2585,2540,2550,58232
2017-05-12,2570,2570,2585,2550,2580,20225
2017-05-15,2540,2540,2595,2530,2595,24144
2017-05-16,2510,2510,2535,2500,2530,28618
2017-05-17,2530,2530,2570,2500,2500,26715
2017-05-18,2520,2520,2530,2505,2530,13607
2017-05-19,2500,2500,2545,2480,2530,78193
2017-05-22,2505,2505,2540,2490,2535,25083
2017-05-23,2485,2485,2510,2480,2500,34992
2017-05-24,2495,2495,2500,2480,2495,31651
2017-05-25,2485,2485,2505,2485,2500,27495
2017-05-26,2520,2520,2520,2485,2500,25716
2017-05-29,2515,2515,2545,2495,2545,24435
2017-05-30,2510,2510,2525,2480,2500,47045
2017-05-31,2515,2515,2545,2510,2545,28730
2017-06-01,2520,2520,2535,2500,2530,41570
2017-06-02,2540,2540,2545,2510,2520,33104
2017-06-05,2535,2535,2550,2525,2550,28788
2017-06-07,2525,2525,2540,2505,2535,34403
2017-06-08,2505,2505,2525,2495,2510,39916
2017-06-09,2500,2500,2505,2480,2505,49022
2017-06-12,2540,2540,2550,2500,2500,48606
2017-06-13,2570,2570,2595,2540,2545,46759
2017-06-14,2545,2545,2575,2520,2575,49094
2017-06-15,2545,2545,2555,2525,2550,20907
2017-06-16,2560,2560,2560,2540,2550,22499
2017-06-19,2540,2540,2570,2525,2550,16195
2017-06-20,2525,2525,2555,2510,2530,38053
2017-06-21,2510,2510,2530,2500,2530,49072
2017-06-22,2505,2505,2520,2500,2505,42733
2017-06-23,2505,2505,2515,2500,2510,26245
2017-06-26,2510,2510,2515,2500,2505,14650
2017-06-27,2515,2515,2520,2500,2520,18739
2017-06-28,2500,2500,2520,2485,2515,53048
2017-06-29,2500,2500,2515,2485,2500,21173
2017-06-30,2500,2500,2500,2480,2500,25963
2017-07-03,2465,2465,2500,2460,2485,27844
2017-07-04,2480,2480,2485,2450,2450,40302
2017-07-05,2480,2480,2490,2470,2485,18879
2017-07-06,2490,2490,2515,2470,2500,28191
2017-07-07,2475,2475,2495,2460,2490,16728
2017-07-10,2445,2445,2500,2430,2490,37101
2017-07-11,2445,2445,2460,2420,2430,43607
2017-07-12,2420,2420,2445,2415,2445,17174
2017-07-13,2420,2420,2440,2410,2425,15934
2017-07-14,2420,2420,2450,2410,2420,24674
2017-07-17,2385,2385,2460,2385,2420,52659
2017-07-18,2390,2390,2435,2380,2380,29884
2017-07-19,2415,2415,2435,2390,2390,12151
2017-07-20,2450,2450,2480,2415,2435,11822
2017-07-21,2440,2440,2475,2410,2460,13528
2017-07-24,2430,2430,2450,2415,2450,8942
2017-07-25,2415,2415,2440,2405,2440,10747
2017-07-26,2420,2420,2440,2400,2405,25930
2017-07-27,2420,2420,2425,2400,2410,24422
2017-07-28,2390,2390,2425,2375,2410,34512
2017-07-31,2370,2370,2420,2370,2420,24647
2017-08-01,2385,2385,2400,2360,2365,11816
2017-08-02,2425,2425,2440,2365,2380,40839
2017-08-03,2385,2385,2430,2370,2425,19021
2017-08-04,2380,2380,2395,2355,2375,20352
2017-08-07,2395,2395,2400,2380,2385,9996
2017-08-08,2380,2380,2400,2375,2395,32204
2017-08-09,2420,2420,2435,2365,2380,28287
2017-08-10,2370,2370,2415,2370,2415,35403
2017-08-11,2350,2350,2395,2320,2360,25046
2017-08-14,2345,2345,2355,2325,2325,19704
2017-08-16,2340,2340,2365,2335,2345,22462
2017-08-17,2330,2330,2350,2320,2320,12089
2017-08-18,2345,2345,2350,2335,2350,1625
2017-08-21,2360,2360,2375,2335,2335,4238
2017-08-22,2355,2355,2375,2340,2375,6487
2017-08-23,2350,2350,2355,2330,2355,10288
2017-08-24,2330,2330,2365,2330,2350,8378
2017-08-25,2340,2340,2345,2325,2330,8882
2017-08-28,2350,2350,2400,2340,2360,29305
2017-08-29,2350,2350,2400,2335,2350,10699
2017-08-30,2365,2365,2370,2335,2335,11644
2017-08-31,2360,2360,2390,2350,2365,4950
2017-09-01,2355,2355,2375,2355,2375,9351
2017-09-04,2470,2470,2880,2355,2380,6409006
2017-09-05,2420,2420,2485,2410,2470,530420
2017-09-06,2420,2420,2450,2410,2420,215001
2017-09-07,2375,2375,2420,2375,2400,269691
2017-09-08,2375,2375,2395,2360,2395,109806
2017-09-11,2365,2365,2395,2355,2365,93859
2017-09-12,2320,2320,2385,2305,2385,169371
2017-09-13,2270,2270,2335,2270,2320,102181
2017-09-14,2235,2235,2295,2220,2265,98167
2017-09-15,2200,2200,2265,2200,2250,87393
2017-09-18,2235,2235,2235,2200,2205,16999
2017-09-19,2225,2225,2235,2200,2235,27984
2017-09-20,2255,2255,2255,2220,2240,57491
2017-09-21,2235,2235,2260,2215,2255,21081
2017-09-25,2115,2115,2235,2110,2235,128244
2017-09-26,2115,2115,2115,2115,2115,0
2017-09-27,2115,2115,2145,2105,2105,24554
2017-09-28,2120,2120,2140,2100,2115,21705
2017-09-29,2130,2130,2175,2125,2140,32056
2017-10-10,2120,2120,2165,2105,2130,23196
2017-10-11,2130,2130,2145,2110,2110,24833
2017-10-12,2145,2145,2160,2120,2130,10200
2017-10-13,2150,2150,2155,2115,2145,17968
2017-10-16,2150,2150,2165,2120,2150,10714
2017-10-17,2150,2150,2165,2130,2150,13919
2017-10-18,2145,2145,2170,2110,2170,19365
2017-10-19,2165,2165,2170,2125,2130,10214
2017-10-20,2125,2125,2175,2125,2135,13765
2017-10-23,2140,2140,2150,2120,2130,11370
2017-10-24,2130,2130,2140,2110,2130,35508
2017-10-25,2200,2200,2200,2120,2125,50928
2017-10-26,2150,2150,2195,2140,2195,39085
2017-10-27,2145,2145,2160,2090,2150,52777
2017-10-30,2150,2150,2160,2140,2145,16232
2017-10-31,2185,2185,2195,2145,2160,20821
2017-11-01,2190,2190,2235,2145,2195,27808
2017-11-02,2195,2195,2215,2175,2215,8126
2017-11-03,2180,2180,2205,2160,2200,11093
2017-11-06,2175,2175,2190,2140,2190,14677
2017-11-07,2170,2170,2180,2155,2175,17148
2017-11-08,2180,2180,2180,2150,2180,17562
2017-11-09,2175,2175,2190,2160,2165,11979
2017-11-10,2165,2165,2180,2145,2180,15139
2017-11-13,2175,2175,2190,2155,2165,27911
2017-11-14,2180,2180,2185,2145,2160,45170
2017-11-15,2145,2145,2190,2090,2180,34892
2017-11-16,2150,2150,2175,2135,2150,16629
2017-11-17,2135,2135,2175,2135,2150,29935
2017-11-20,2120,2120,2150,2110,2150,30120
2017-11-21,2125,2125,2150,2100,2120,72114
2017-11-22,2105,2105,2150,2105,2150,26620
2017-11-23,2135,2135,2135,2110,2120,9793
2017-11-24,2135,2135,2140,2115,2120,11089
2017-11-27,2135,2135,2145,2105,2135,24146
2017-11-28,2135,2135,2140,2125,2135,22792
2017-11-29,2140,2140,2145,2115,2145,23318
2017-11-30,2120,2120,2140,2115,2130,23148
2017-12-01,2110,2110,2140,2100,2140,36027
2017-12-04,2125,2125,2135,2095,2110,14421
2017-12-05,2110,2110,2135,2100,2125,23643
2017-12-06,2100,2100,2130,2095,2110,41995
2017-12-07,2130,2130,2130,2100,2110,31095
2017-12-08,2110,2110,2145,2110,2140,18437
2017-12-11,2115,2115,2140,2110,2110,29341
2017-12-12,2115,2115,2150,2110,2150,17910
2017-12-13,2120,2120,2135,2115,2130,26621
2017-12-14,2130,2130,2160,2115,2160,22613
2017-12-15,2115,2115,2135,2110,2130,21297
2017-12-18,2115,2115,2135,2110,2115,17968
2017-12-19,2110,2110,2130,2095,2110,21350
2017-12-21,2050,2050,2115,2050,2115,40115
2017-12-22,2040,2040,2080,2040,2065,13713
2017-12-26,2050,2050,2065,2035,2040,9398
2017-12-27,2045,2045,2070,2010,2055,30842
2017-12-28,2095,2095,2125,2030,2050,23311
2018-01-01,2095,2095,2095,2095,2095,0
2018-01-02,2095,2095,2110,2040,2095,7369
2018-01-03,2115,2115,2125,2070,2075,13867
2018-01-04,2110,2110,2130,2070,2100,16974
2018-01-05,2085,2085,2115,2060,2115,15817
2018-01-08,2065,2065,2090,2035,2090,24509
2018-01-09,2055,2055,2070,2035,2045,30026
2018-01-10,2040,2040,2065,2030,2030,42594
2018-01-11,2090,2090,2090,2040,2045,43709
2018-01-12,2040,2040,2115,2035,2115,39447
2018-01-15,2040,2040,2055,2030,2040,18511
2018-01-16,2000,2000,2050,1915,2050,53776
2018-01-17,2045,2045,2045,2000,2005,19392
2018-01-18,2035,2035,2060,2000,2000,19387
2018-01-19,2080,2080,2085,2020,2045,26902
2018-01-22,2075,2075,2090,2045,2090,28969
2018-01-23,2090,2090,2090,2050,2065,31088
2018-01-24,2080,2080,2105,2050,2090,24963
2018-01-25,2085,2085,2105,2070,2070,28481
2018-01-26,2115,2115,2120,2080,2085,47056
2018-01-29,2145,2145,2155,2115,2115,83893
2018-01-30,2155,2155,2155,2120,2145,49218
2018-01-31,2170,2170,2170,2130,2155,48226
2018-02-01,2200,2200,2255,2150,2175,111384
2018-02-02,2200,2200,2200,2140,2165,37071
2018-02-05,2185,2185,2215,2140,2145,56473
2018-02-06,2100,2100,2125,2070,2110,50608
2018-02-07,2120,2120,2130,2085,2100,50490
2018-02-08,2150,2150,2155,2090,2120,28401
2018-02-09,2110,2110,2130,2080,2090,16241
2018-02-12,2050,2050,2130,2015,2090,75342
2018-02-13,2050,2050,2085,2040,2085,6401
2018-02-14,2060,2060,2060,2030,2060,4828
2018-02-19,2100,2100,2115,2065,2090,16057
2018-02-20,2105,2105,2140,2070,2070,13174
2018-02-21,2095,2095,2130,2075,2130,19829
2018-02-22,2105,2105,2105,2060,2100,8775
2018-02-23,2100,2100,2115,2075,2110,11114
2018-02-26,2090,2090,2105,2080,2105,12256
2018-02-27,2095,2095,2115,2080,2105,34303
2018-02-28,2090,2090,2120,2085,2115,23700
2018-03-02,2070,2070,2110,2020,2110,21575
2018-03-05,2100,2100,2115,2080,2090,17925
2018-03-06,2130,2130,2145,2090,2120,41196
2018-03-08,2110,2110,2120,2100,2120,18522
2018-03-09,2180,2180,2180,2115,2130,51873
2018-03-12,2170,2170,2200,2155,2200,31520
2018-03-13,2165,2165,2185,2115,2185,23436
2018-03-14,2155,2155,2185,2105,2185,24541
2018-03-15,2155,2155,2180,2130,2180,18225
2018-03-16,2155,2155,2155,2135,2150,16182
2018-03-19,2160,2160,2190,2140,2170,9076
2018-03-20,2165,2165,2175,2115,2170,34341
2018-03-21,2130,2130,2175,2130,2170,7602
2018-03-22,2140,2140,2175,2130,2135,19215
2018-03-23,2090,2090,2145,2060,2145,76186
2018-03-26,2070,2070,2100,2055,2055,20429
2018-03-27,2090,2090,2100,2070,2075,9236
2018-03-28,2090,2090,2100,2070,2070,11191
2018-03-29,2095,2095,2120,2060,2120,23280
2018-03-30,2090,2090,2110,2070,2070,14409
2018-04-02,2100,2100,2100,2070,2100,13316
2018-04-03,2100,2100,2120,2085,2120,13356
2018-04-04,2080,2080,2105,2070,2100,10296
2018-04-05,2095,2095,2100,2080,2090,8765
2018-04-06,2095,2095,2100,2070,2095,17614
2018-04-09,2085,2085,2100,2055,2095,14955
2018-04-10,2075,2075,2090,2045,2090,23915
2018-04-11,2085,2085,2090,2070,2080,7137
2018-04-12,2070,2070,2100,2060,2100,26688
2018-04-13,2080,2080,2080,2060,2070,23569
2018-04-16,2075,2075,2090,2050,2090,26652
2018-04-17,2115,2115,2125,2060,2060,48086
2018-04-18,2135,2135,2140,2110,2125,32387
2018-04-19,2240,2240,2360,2150,2150,722355
2018-04-20,2265,2265,2290,2200,2230,179925
2018-04-23,2285,2285,2290,2215,2270,146259
2018-04-24,2970,2970,2970,2400,2590,5929622
2018-04-25,2590,2590,3010,2590,2970,5434730
2018-04-26,2475,2475,2655,2460,2605,1942340
2018-04-27,2410,2410,2530,2375,2520,1101544
2018-04-30,2450,2450,2465,2395,2410,608494
2018-05-02,2530,2530,2530,2420,2430,938072
2018-05-03,2500,2500,2555,2475,2505,404775
2018-05-04,2410,2410,2510,2380,2505,373619
2018-05-08,2415,2415,2505,2415,2450,261834
2018-05-09,2435,2435,2690,2360,2445,2150351
2018-05-10,2485,2485,2495,2405,2460,354665
2018-05-11,2475,2475,2500,2440,2490,240426
2018-05-14,2520,2520,2560,2480,2505,315580
2018-05-15,2525,2525,2635,2485,2520,439711
2018-05-16,2430,2430,2500,2380,2470,304060
2018-05-17,2425,2425,2455,2415,2435,116817
2018-05-18,2435,2435,2440,2380,2430,98465
2018-05-21,2560,2560,2775,2435,2470,2528473
2018-05-23,2740,2740,2800,2505,2520,4091763
2018-05-24,2540,2540,2665,2535,2665,806231
2018-05-25,2360,2360,2455,2250,2420,399863
2018-05-28,2490,2490,2560,2395,2430,484904
2018-05-29,2440,2440,2515,2410,2510,206247
2018-05-30,2420,2420,2485,2365,2470,204022
2018-05-31,2445,2445,2530,2420,2455,137751
2018-06-01,2415,2415,2490,2385,2445,166423
2018-06-04,2440,2440,2465,2405,2410,106741
2018-06-05,2530,2530,2530,2405,2420,219923
2018-06-07,2545,2545,2610,2530,2595,156257
2018-06-08,2695,2695,2695,2480,2530,872943
2018-06-11,2605,2605,2890,2600,2825,1408803
2018-06-12,2430,2430,2685,2425,2685,757296
2018-06-14,2355,2355,2410,2355,2365,181332
2018-06-15,2390,2390,2435,2350,2355,69943
2018-06-18,2275,2275,2390,2260,2365,103392
2018-06-19,2225,2225,2295,2225,2280,94267
2018-06-20,2250,2250,2260,2210,2210,45013
2018-06-21,2275,2275,2300,2255,2255,72484
2018-06-22,2235,2235,2270,2210,2265,67405
2018-06-25,2275,2275,2280,2230,2230,25376
2018-06-26,2250,2250,2280,2215,2250,40676
2018-06-27,2210,2210,2265,2205,2265,55504
2018-06-28,2220,2220,2235,2170,2210,72679
2018-06-29,2190,2190,2210,2150,2210,40094
2018-07-02,2105,2105,2190,2100,2190,234244
2018-07-03,2125,2125,2180,2100,2115,45327
2018-07-04,2115,2115,2140,2105,2125,22298
2018-07-05,2100,2100,2140,2100,2140,17151
2018-07-06,2070,2070,2140,2050,2130,33420
2018-07-09,2125,2125,2145,2075,2080,35890
2018-07-10,2135,2135,2140,2100,2100,27384
2018-07-11,2135,2135,2140,2095,2115,27390
2018-07-12,2135,2135,2175,2115,2135,24638
2018-07-13,2130,2130,2140,2100,2140,32400
2018-07-16,2130,2130,2140,2115,2125,12812
2018-07-17,2120,2120,2140,2100,2115,21917
2018-07-18,2110,2110,2130,2090,2130,25655
2018-07-19,2080,2080,2120,2070,2120,41780
2018-07-20,2085,2085,2090,2070,2080,16660
2018-07-23,2035,2035,2095,2015,2065,70867
2018-07-24,2050,2050,2060,2025,2050,26888
2018-07-26,2070,2070,2070,2020,2020,28868
2018-07-27,2075,2075,2095,2050,2065,21758
2018-07-30,2070,2070,2120,2060,2060,16392
2018-07-31,2120,2120,2120,2075,2110,12731
2018-08-01,2125,2125,2125,2090,2115,30829
2018-08-02,2095,2095,2130,2085,2095,26630
2018-08-03,2135,2135,2140,2080,2120,13698
