,Adj Close,Close,High,Low,Open,Volume
2002-01-25,5825,2918,29185,2918,2557,2918
2002-01-28,9320,3266,32662,3266,2862,3266
2002-01-29,133970,3656,36567,3656,3204,3656
2002-01-30,1855781,3691,40945,4094,3588,4077
2002-02-01,2642129,4034,40344,5133,3535,5116
2002-02-04,1125351,3553,35537,3862,3114,3742
2002-02-05,1782389,3150,34593,3648,3031,3450
2002-02-06,1434066,3176,35108,3682,3076,3493
2002-02-07,698976,3133,33005,3459,2892,3347
2002-02-08,950607,3021,30730,3437,2693,3146
2002-02-14,827122,2862,29700,3073,2602,3051
2002-02-15,858576,2858,28584,3090,2505,3012
2002-02-18,929638,2519,25194,2819,2208,2755
2002-02-19,968082,2283,26224,2703,2298,2416
2002-02-20,1029825,2317,23176,2725,2031,2652
2002-02-21,1616964,2193,23648,2532,2072,2317
2002-02-22,489283,2197,22232,2412,1948,2321
2002-02-25,818967,1991,19914,2240,1745,2197
2002-02-26,799163,1935,20000,2051,1752,1991
2002-02-27,772368,2000,20387,2163,1786,2008
2002-02-28,989051,1991,22533,2283,1974,2004
2002-03-04,1521438,2167,23176,2442,2031,2231
2002-03-05,2023536,2334,24121,2515,2113,2394
2002-03-06,479964,2283,23048,2412,2019,2412
2002-03-07,504428,2291,23005,2399,2016,2343
2002-03-08,405406,2171,21803,2317,1910,2266
2002-03-11,782853,2188,23863,2429,2091,2188
2002-03-12,737420,2377,24035,2519,2106,2394
2002-03-13,350653,2343,24035,2446,2106,2446
2002-03-14,1650748,2420,25494,2686,2234,2420
2002-03-15,736255,2489,25923,2661,2271,2540
2002-03-18,709461,2455,24893,2635,2181,2626
2002-03-19,447345,2364,24035,2523,2106,2489
2002-03-20,458994,2373,24206,2472,2121,2373
2002-03-21,327354,2352,23648,2446,2072,2420
2002-03-22,447345,2377,24206,2467,2121,2403
2002-03-25,592965,2412,24636,2540,2159,2446
2002-03-26,1585511,2532,27554,2755,2414,2532
2002-03-27,669852,2858,30859,3085,2704,2909
2002-03-28,2873956,2716,27168,3425,2381,3425
2002-03-29,986721,2626,27812,2845,2437,2832
2002-04-01,578985,2450,24550,2789,2151,2789
2002-04-02,1719481,2489,27468,2746,2407,2506
2002-04-03,1364168,2686,28327,2884,2482,2828
2002-04-04,510252,2703,27039,2832,2369,2832
2002-04-08,300560,2618,26610,2772,2332,2626
2002-04-09,300560,2583,25837,2789,2264,2789
2002-04-10,400746,2283,23262,2583,2038,2506
2002-04-11,460159,2309,23262,2403,2038,2326
2002-04-12,270271,2154,22232,2287,1948,2154
2002-04-15,365797,2180,22876,2377,2004,2180
2002-04-16,216683,2253,23520,2360,2061,2266
2002-04-17,264446,2317,23348,2403,2046,2352
2002-04-18,641893,2300,25580,2605,2241,2309
2002-04-19,199208,2429,24378,2618,2136,2558
2002-04-22,223672,2231,22747,2523,1993,2412
2002-04-23,199208,2107,22575,2317,1978,2107
2002-04-24,236487,2214,22318,2313,1956,2257
2002-04-29,348673,1965,1991,2085,1745,1974
2002-04-30,247787,1819,1914,1991,1677,1991
2002-05-02,149231,1897,1974,2025,1730,1914
2002-05-03,133271,1854,1854,1965,1624,1897
2002-05-06,56035,1828,1854,1948,1624,1871
2002-05-07,106710,1716,1819,1914,1594,1716
2002-05-08,112186,1819,1871,1965,1640,1854
2002-05-09,201655,1845,1914,1982,1677,1982
2002-05-10,39492,1819,1819,1897,1594,1897
2002-05-13,259320,1733,2034,2034,1782,1733
2002-05-14,475420,1914,1931,2274,1692,2274
2002-05-15,145154,1811,1811,1974,1587,1974
2002-05-16,170434,1802,1811,1922,1587,1879
2002-05-17,208528,1802,1854,1862,1624,1811
2002-05-20,157270,1828,1828,1922,1602,1897
2002-05-21,248369,1751,1751,1897,1534,1879
2002-05-22,116496,1725,1742,1794,1527,1725
2002-05-23,213537,1682,1691,1811,1482,1768
2002-05-24,173230,1622,1630,1699,1429,1691
2002-05-27,103681,1562,1579,1639,1384,1630
2002-05-28,362186,1485,1562,1630,1369,1545
2002-05-29,185229,1416,1442,1562,1263,1502
2002-05-30,95410,1382,1407,1433,1233,1424
2002-05-31,89818,1407,1416,1450,1241,1416
2002-06-03,265028,1442,1467,1562,1286,1510
2002-06-04,164492,1330,1382,1442,1211,1442
2002-06-05,113584,1382,1382,1424,1211,1399
2002-06-07,159483,1296,1296,1339,1135,1313
2002-06-10,130359,1287,1304,1313,1143,1304
2002-06-11,82596,1253,1253,1321,1098,1304
2002-06-12,90051,1218,1253,1287,1098,1253
2002-06-14,45899,1244,1261,1279,1105,1270
2002-06-17,759670,1287,1407,1407,1233,1287
2002-06-18,487769,1313,1330,1476,1166,1476
2002-06-19,433715,1176,1176,1330,1030,1330
2002-06-20,116380,1081,1176,1184,1030,1141
2002-06-21,144688,1107,1150,1184,1008,1133
2002-06-24,109856,1064,1081,1158,947,1158
2002-06-25,176258,995,1004,1098,880,1064
2002-06-26,174628,909,909,1030,797,969
2002-06-27,86673,909,961,987,842,909
2002-06-28,77004,961,1064,1073,932,987
2002-07-02,51375,978,1115,1133,978,995
2002-07-03,67102,1047,1098,1158,962,1073
2002-07-04,44851,1098,1124,1141,985,1107
2002-07-05,217964,1098,1124,1176,985,1141
2002-07-08,108691,1090,1090,1184,955,1158
2002-07-09,89003,1073,1193,1193,1045,1073
2002-07-10,179753,1176,1253,1261,1098,1210
2002-07-11,88420,1184,1201,1227,1053,1201
2002-07-12,91799,1201,1218,1253,1068,1218
2002-07-15,169269,1218,1227,1296,1075,1236
2002-07-16,131757,1133,1150,1270,1008,1270
2002-07-18,88886,1133,1133,1167,993,1150
2002-07-19,67451,1038,1055,1133,925,1081
2002-07-22,47763,952,987,1038,865,952
2002-07-23,23998,944,1047,1047,917,944
2002-07-24,49627,987,1021,1030,895,1021
2002-07-25,170783,1021,1141,1141,1000,1021
2002-07-26,145969,1270,1270,1270,1113,1270
2002-07-29,122321,1416,1416,1416,1241,1416
2002-07-30,826889,1253,1253,1416,1098,1416
2002-07-31,1242313,1270,1399,1399,1226,1304
2002-08-01,1985558,1407,1562,1562,1369,1416
2002-08-02,4283092,1382,1433,1742,1256,1733
2002-08-05,972742,1261,1261,1459,1105,1450
2002-08-06,3693739,1115,1261,1382,1105,1236
2002-08-07,1607062,1210,1236,1321,1083,1279
2002-08-08,885603,1184,1184,1287,1038,1253
2002-08-09,1445948,1158,1167,1279,1023,1201
2002-08-12,762350,1167,1304,1304,1143,1167
2002-08-13,1681969,1382,1459,1459,1278,1382
2002-08-14,2733462,1287,1330,1510,1166,1485
2002-08-16,1880944,1330,1485,1485,1301,1356
2002-08-19,2982531,1493,1493,1656,1309,1588
2002-08-20,1637817,1493,1527,1613,1339,1493
2002-08-21,965752,1347,1373,1562,1203,1527
2002-08-22,651795,1356,1382,1433,1211,1390
2002-08-26,341799,1201,1218,1304,1068,1261
2002-08-27,569782,1201,1347,1347,1181,1201
2002-08-28,628612,1270,1270,1407,1113,1347
2002-08-29,187908,1253,1253,1313,1098,1270
2002-08-30,201771,1227,1227,1304,1075,1261
2002-09-02,246506,1201,1227,1270,1075,1244
2002-09-03,455616,1201,1313,1347,1151,1201
2002-09-04,269106,1236,1287,1313,1128,1279
2002-09-05,414260,1287,1296,1347,1135,1321
2002-09-06,232526,1201,1227,1296,1075,1296
2002-09-09,202004,1158,1158,1244,1015,1210
2002-09-10,705383,1115,1201,1287,1053,1141
2002-09-11,546366,1201,1210,1321,1060,1261
2002-09-12,117428,1210,1218,1236,1068,1210
2002-09-13,227866,1150,1176,1227,1030,1210
2002-09-16,179637,1158,1176,1218,1030,1158
2002-09-17,138863,1184,1201,1227,1053,1184
2002-09-18,94711,1150,1158,1210,1015,1184
2002-09-19,104497,1141,1167,1184,1023,1158
2002-09-23,79450,1124,1133,1201,993,1201
2002-09-24,102516,1030,1073,1133,940,1115
2002-09-25,166356,1030,1064,1158,932,1030
2002-09-26,178239,1030,1030,1115,902,1115
2002-09-27,195946,952,1012,1021,887,987
2002-09-30,128262,901,901,978,789,944
2002-10-01,232759,866,927,961,812,866
2002-10-02,203984,944,1030,1030,902,961
2002-10-04,45084,1150,1150,1150,1008,1150
2002-10-07,54986,1287,1287,1287,1128,1287
2002-10-08,1238702,1442,1442,1442,1263,1442
2002-10-09,2457949,1545,1613,1613,1414,1605
2002-10-10,6505137,1613,1630,1802,1429,1682
2002-10-11,4025170,1442,1442,1725,1263,1682
2002-10-14,4657627,1356,1545,1605,1354,1407
2002-10-15,3560817,1364,1364,1588,1196,1536
2002-10-16,2274002,1296,1527,1527,1339,1407
2002-10-17,2167874,1648,1708,1708,1497,1708
2002-10-18,6919280,1639,1905,1905,1670,1845
2002-10-21,7269700,1682,1682,2128,1474,2128
2002-10-22,3274586,1485,1502,1759,1316,1716
2002-10-23,2155875,1407,1493,1545,1309,1519
2002-10-24,4193274,1407,1665,1665,1459,1510
2002-10-25,3699097,1467,1467,1613,1286,1588
2002-10-28,1313842,1407,1424,1485,1248,1450
2002-10-29,2024700,1424,1433,1545,1256,1450
2002-10-30,1617896,1313,1330,1416,1166,1390
2002-10-31,2401332,1313,1321,1407,1158,1364
2002-11-01,3099027,1304,1330,1442,1166,1304
2002-11-04,902378,1321,1321,1407,1158,1373
2002-11-05,1592733,1313,1382,1399,1211,1330
2002-11-06,1469830,1347,1364,1416,1196,1399
2002-11-07,1377565,1330,1339,1416,1173,1356
2002-11-08,681851,1296,1304,1356,1143,1304
2002-11-11,708529,1253,1253,1339,1098,1304
2002-11-12,1439658,1201,1270,1304,1113,1210
2002-11-13,568267,1218,1236,1296,1083,1253
2002-11-14,668804,1150,1158,1270,1015,1270
2002-11-15,454101,1133,1141,1184,1000,1167
2002-11-18,485206,1098,1098,1150,962,1115
2002-11-19,1247672,1090,1227,1227,1075,1090
2002-11-20,782620,1176,1193,1270,1045,1227
2002-11-21,502680,1184,1236,1244,1083,1210
2002-11-22,783086,1176,1193,1287,1045,1279
2002-11-25,536581,1107,1124,1210,985,1167
2002-11-26,383272,1133,1167,1193,1023,1150
2002-11-27,336790,1133,1141,1176,1000,1176
2002-11-28,484856,1150,1193,1261,1045,1150
2002-11-29,442335,1193,1201,1270,1053,1218
2002-12-03,544036,1253,1296,1330,1135,1330
2002-12-04,1766196,1201,1270,1364,1113,1287
2002-12-05,584926,1227,1270,1287,1113,1236
2002-12-06,482643,1236,1236,1296,1083,1287
2002-12-09,985789,1244,1296,1321,1135,1261
2002-12-10,1878149,1287,1339,1416,1173,1313
2002-12-11,786115,1244,1270,1364,1113,1339
2002-12-12,736022,1244,1416,1416,1241,1270
2002-12-13,2512469,1382,1390,1545,1218,1416
2002-12-16,1627216,1373,1493,1553,1309,1382
2002-12-17,998487,1459,1459,1536,1278,1485
2002-12-18,1244527,1416,1416,1553,1241,1459
2002-12-20,667173,1304,1321,1433,1158,1399
2002-12-23,664493,1176,1210,1347,1060,1321
2002-12-24,478799,1115,1176,1210,1030,1133
2002-12-26,321878,1141,1141,1201,1000,1150
2002-12-27,185345,1090,1124,1158,1025,1158
2002-12-30,323859,1004,1047,1081,955,1055
2003-01-02,164376,1047,1141,1158,1041,1047
2003-01-03,296366,1158,1201,1236,1096,1184
2003-01-06,148532,1167,1236,1270,1127,1201
2003-01-07,243011,1176,1201,1304,1096,1253
2003-01-08,224138,1141,1150,1218,1049,1193
2003-01-09,218663,1090,1133,1158,1033,1133
2003-01-10,295550,1073,1115,1193,1018,1133
2003-01-13,265261,1124,1201,1236,1096,1124
2003-01-14,156221,1167,1193,1236,1088,1227
2003-01-15,236370,1150,1158,1210,1057,1201
2003-01-16,136417,1124,1150,1176,1049,1133
2003-01-17,352051,1124,1167,1270,1065,1158
2003-01-20,767126,1150,1158,1253,1057,1158
2003-01-21,350303,1115,1158,1193,1057,1176
2003-01-22,155988,1090,1141,1176,1041,1124
2003-01-23,107526,1115,1115,1150,1018,1124
2003-01-24,219828,1030,1055,1133,963,1124
2003-01-27,76887,995,1021,1055,931,995
2003-01-28,82013,995,1055,1055,963,995
2003-01-29,59413,1012,1012,1073,924,1055
2003-01-30,54287,1012,1030,1038,939,1012
2003-02-03,85858,987,1030,1038,939,1004
2003-02-04,185695,1030,1064,1098,971,1038
2003-02-05,101119,1047,1064,1081,971,1073
2003-02-06,103215,1021,1047,1090,955,1090
2003-02-07,100420,1012,1030,1038,939,1021
2003-02-10,115215,1004,1021,1064,931,1064
2003-02-11,105778,995,1012,1047,924,1030
2003-02-12,936628,1012,1133,1133,1033,1012
2003-02-13,2674515,1098,1115,1261,1018,1133
2003-02-14,376632,1012,1021,1133,931,1133
2003-02-17,286231,1030,1047,1064,955,1047
2003-02-18,270853,1038,1073,1081,978,1038
2003-02-19,419153,1038,1038,1115,947,1090
2003-02-20,350187,1021,1047,1073,955,1047
2003-02-21,597857,1021,1073,1115,978,1064
2003-02-24,320597,1055,1055,1090,963,1081
2003-02-25,272484,1021,1021,1073,931,1030
2003-02-26,181501,1012,1012,1038,924,1030
2003-02-27,742546,1004,1012,1073,924,1004
2003-02-28,235671,995,1004,1030,916,1021
2003-03-03,104963,987,1004,1012,916,1004
2003-03-04,108225,961,978,1004,892,1004
2003-03-05,197461,875,918,978,838,952
2003-03-06,80266,866,875,935,798,909
2003-03-07,229148,806,849,849,775,806
2003-03-10,26212,815,815,849,744,841
2003-03-11,77819,755,763,798,697,798
2003-03-12,110788,738,789,824,720,738
2003-03-13,57666,763,772,798,704,798
2003-03-14,81547,798,815,824,744,806
2003-03-17,123602,738,755,824,689,824
2003-03-18,95760,781,815,815,744,798
2003-03-19,101934,806,815,858,744,806
2003-03-20,149231,815,884,892,806,849
2003-03-21,104846,858,884,892,806,884
2003-03-24,174511,901,901,944,822,927
2003-03-25,96925,824,841,858,767,824
2003-03-26,97857,832,849,892,775,892
2003-03-27,41473,824,841,858,767,832
2003-03-28,83994,849,849,884,775,849
2003-03-31,203402,824,841,901,767,841
2003-04-01,87605,815,841,858,767,815
2003-04-02,83295,841,849,866,775,858
2003-04-03,368943,866,944,944,861,866
2003-04-04,840519,909,961,1055,877,987
2003-04-07,1157737,1021,1073,1073,978,1073
2003-04-08,1421135,978,995,1107,908,1073
2003-04-09,443500,935,935,1012,853,1012
2003-04-10,330732,927,935,978,853,935
2003-04-11,341450,918,927,969,845,927
2003-04-14,457596,935,969,1012,884,935
2003-04-15,515961,987,1004,1038,916,987
2003-04-16,411114,978,995,1030,908,1030
2003-04-17,714936,995,1047,1098,955,995
2003-04-18,265727,1047,1047,1090,955,1081
2003-04-21,526562,1047,1055,1098,963,1081
2003-04-22,273300,1047,1055,1081,963,1081
2003-04-23,1048580,1073,1107,1158,1010,1073
2003-04-24,2280526,1090,1236,1236,1127,1141
2003-04-25,1572347,1090,1090,1201,994,1201
2003-04-28,639913,978,995,1047,908,1047
2003-04-29,475770,987,1038,1038,947,995
2003-04-30,536464,995,995,1081,908,1064
2003-05-02,283085,978,995,1004,908,978
2003-05-06,242661,995,1004,1030,916,995
2003-05-07,252913,995,1012,1038,924,1021
2003-05-09,120806,987,1012,1021,924,1012
2003-05-12,227517,1021,1021,1047,931,1030
2003-05-13,171016,1012,1021,1047,931,1047
2003-05-14,179637,1004,1021,1038,931,1021
2003-05-15,167405,1004,1021,1038,931,1012
2003-05-16,208877,995,1038,1038,947,1012
2003-05-19,291939,1038,1038,1150,947,1055
2003-05-20,165075,987,1055,1055,963,987
2003-05-21,1166474,1012,1047,1158,955,1021
2003-05-22,538678,1004,1004,1064,916,1038
2003-05-23,328169,995,1004,1021,916,1021
2003-05-26,283551,995,1004,1021,916,1004
2003-05-27,330849,995,1021,1030,931,1004
2003-05-28,262349,1004,1004,1047,916,1047
2003-05-29,172181,995,995,1012,908,1004
2003-05-30,204567,995,1004,1012,916,1004
2003-06-02,154241,995,995,1012,908,1012
2003-06-03,699675,995,1012,1055,924,1004
2003-06-04,906455,1133,1133,1133,1033,1133
2003-06-05,3130946,1090,1115,1261,1018,1201
2003-06-09,1303008,1090,1244,1244,1135,1098
2003-06-10,2129663,1124,1141,1356,1041,1304
2003-06-11,834577,1107,1133,1176,1033,1158
2003-06-12,745691,1073,1090,1158,994,1141
2003-06-13,695248,1064,1107,1124,1010,1090
2003-06-16,462373,1090,1115,1141,1018,1098
2003-06-17,726935,1107,1124,1158,1025,1150
2003-06-18,411813,1073,1098,1133,1002,1115
2003-06-19,336906,1081,1098,1124,1002,1115
2003-06-20,443267,1073,1090,1141,994,1073
2003-06-23,816637,1081,1176,1176,1072,1081
2003-06-24,1918223,1098,1098,1261,1002,1167
2003-06-25,578869,1090,1141,1141,1041,1107
2003-06-26,434763,1115,1133,1158,1033,1133
2003-06-27,685579,1124,1124,1184,1025,1141
2003-06-30,331315,1090,1098,1124,1002,1115
2003-07-01,285532,1081,1098,1124,1002,1098
2003-07-02,412279,1098,1124,1133,1025,1098
2003-07-03,285881,1090,1090,1141,994,1141
2003-07-04,135019,1081,1090,1107,994,1081
2003-07-07,230429,1090,1107,1115,1010,1098
2003-07-08,346459,1098,1107,1141,1010,1124
2003-07-09,236953,1081,1090,1124,994,1107
2003-07-10,104963,1081,1081,1107,986,1090
2003-07-11,140960,1081,1081,1115,986,1081
2003-07-14,1256409,1090,1107,1201,1010,1090
2003-07-15,260252,1081,1081,1133,986,1124
2003-07-16,333295,1038,1047,1090,955,1081
2003-07-18,203169,995,1030,1047,939,1004
2003-07-21,125117,1004,1021,1055,931,1030
2003-07-22,93313,995,1030,1055,939,995
2003-07-23,36230,1017,1021,1047,931,1038
2003-07-24,572461,1000,1055,1107,963,1000
2003-07-25,83295,1012,1017,1047,928,1034
2003-07-28,89818,1017,1025,1047,935,1047
2003-07-29,99138,1021,1030,1047,939,1021
2003-07-30,72111,1025,1030,1042,939,1025
2003-07-31,65587,1021,1021,1047,931,1034
2003-08-01,160764,987,1012,1034,924,1030
2003-08-04,113118,987,1017,1055,928,987
2003-08-05,25396,1000,1012,1034,924,1004
2003-08-06,70364,978,978,1008,892,987
2003-08-07,44967,974,1004,1012,916,974
2003-08-08,30172,995,1008,1021,920,1000
2003-08-11,67218,991,1073,1073,978,991
2003-08-12,258505,1055,1073,1090,978,1081
2003-08-13,90750,1047,1068,1085,975,1085
2003-08-14,109972,1017,1017,1090,928,1090
2003-08-18,71412,987,1025,1055,935,1004
2003-08-19,26212,995,1012,1030,924,1012
2003-08-20,37628,991,1012,1021,924,1008
2003-08-21,39492,995,1000,1021,912,1012
2003-08-22,39609,987,1000,1012,912,995
2003-08-25,26911,982,1000,1004,912,1000
2003-08-26,49744,987,1000,1008,912,987
2003-08-27,36114,987,995,1012,908,987
2003-08-28,346809,987,1055,1055,963,995
2003-08-29,96575,987,991,1047,904,1047
2003-09-01,31337,987,1000,1004,912,991
2003-09-02,35531,978,991,1004,904,1004
2003-09-03,37512,969,969,1004,884,1000
2003-09-04,65121,969,978,987,892,969
2003-09-05,70364,969,982,987,896,969
2003-09-08,13164,982,987,1000,900,1000
2003-09-09,48462,987,995,1000,908,995
2003-09-15,41240,991,1000,1008,912,991
2003-09-16,818734,1017,1021,1115,931,1115
2003-09-17,161347,1012,1012,1038,924,1021
2003-09-18,84110,1004,1008,1021,920,1008
2003-09-19,248835,978,982,1004,896,987
2003-09-22,66869,965,978,987,892,974
2003-09-23,51608,961,982,982,896,965
2003-09-24,53355,965,965,1004,881,978
2003-09-25,166356,944,1004,1055,916,961
2003-09-26,80266,987,1004,1017,916,987
2003-09-29,14795,969,987,987,900,982
2003-09-30,31454,965,995,1012,908,1012
2003-10-01,19571,974,978,995,892,978
2003-10-02,38793,974,995,995,908,974
2003-10-06,26678,965,1004,1004,916,995
2003-10-07,31337,978,1004,1004,916,1004
2003-10-08,36230,969,995,1021,908,1012
2003-10-09,55569,948,974,995,888,995
2003-10-10,86673,961,1021,1030,931,961
2003-10-13,173463,1012,1038,1055,947,1012
2003-10-14,143174,1021,1042,1055,951,1047
2003-10-15,85974,1030,1034,1055,943,1055
2003-10-16,197577,1017,1034,1055,943,1017
2003-10-17,115564,1021,1038,1060,947,1021
2003-10-20,89352,1025,1042,1051,951,1034
2003-10-21,256408,1042,1073,1081,978,1047
2003-10-22,182433,1073,1090,1107,994,1073
2003-10-23,208411,1077,1094,1098,998,1077
2003-10-24,1109974,969,1008,1176,920,1090
2003-10-27,604498,905,987,1008,900,1008
2003-10-28,189539,952,1000,1000,912,974
2003-10-29,87954,969,969,1008,884,987
2003-10-30,113700,909,909,969,830,957
2003-10-31,42521,914,931,935,849,914
2003-11-03,33784,901,901,931,822,914
2003-11-04,132223,888,944,948,861,892
2003-11-05,116147,918,948,952,865,948
2003-11-06,56734,927,965,987,881,927
2003-11-07,37745,884,884,1030,806,952
2003-11-10,24115,888,914,939,834,888
2003-11-11,5941,914,931,931,849,927
2003-11-12,9436,914,914,939,834,914
2003-11-13,13863,905,922,927,841,905
2003-11-14,38211,901,909,944,830,944
2003-11-17,34832,901,905,935,826,935
2003-11-18,58015,901,927,931,845,905
2003-11-19,38793,909,961,978,877,909
2003-11-20,26328,935,961,965,877,961
2003-11-21,6873,935,957,969,873,969
2003-11-24,30172,901,952,957,869,957
2003-11-25,37745,909,944,957,861,952
2003-11-26,21901,909,927,944,845,944
2003-11-27,13048,922,931,944,849,935
2003-11-28,30988,914,935,935,853,931
2003-12-01,226934,914,935,1021,853,922
2003-12-02,79800,922,927,957,845,957
2003-12-03,33318,909,918,935,838,935
2003-12-04,57666,914,922,931,841,931
2003-12-05,53588,914,922,927,841,927
2003-12-08,21668,918,931,935,849,918
2003-12-09,11883,914,914,927,834,918
2003-12-10,31337,901,909,931,830,909
2003-12-11,32619,901,918,922,838,922
2003-12-12,43570,892,897,918,818,905
2003-12-15,29939,897,897,918,818,897
2003-12-16,77353,888,897,944,818,909
2003-12-17,54637,897,901,935,822,901
2003-12-18,33085,884,892,914,814,914
2003-12-19,21319,884,892,901,814,888
2003-12-22,69548,871,871,944,794,909
2003-12-23,37046,849,849,892,775,884
2003-12-24,43453,828,828,871,755,836
2003-12-26,19921,811,832,854,759,815
2003-12-29,26212,832,845,884,795,832
2003-12-30,16892,828,884,884,831,879
2004-01-02,3728,841,858,892,807,871
2004-01-05,11184,832,849,892,799,858
2004-01-06,26678,824,828,841,779,824
2004-01-07,1864,815,832,841,783,824
2004-01-08,13514,811,824,836,775,836
2004-01-09,17241,789,815,824,767,789
2004-01-12,13397,789,806,815,758,802
2004-01-13,13048,789,815,824,767,806
2004-01-14,10252,789,798,811,750,811
2004-01-15,9786,789,798,802,750,798
2004-01-16,6640,789,789,806,742,798
2004-01-19,5242,789,789,806,742,802
2004-01-20,4194,755,789,828,742,755
2004-01-26,33201,776,811,849,763,832
2004-01-27,18989,763,776,806,730,789
2004-01-28,233,763,811,824,763,824
2004-01-29,6291,785,785,832,738,832
2004-01-30,13630,785,811,832,763,832
2004-02-02,64888,733,905,905,851,866
2004-02-03,350536,892,952,1000,896,982
2004-02-04,526096,884,952,1000,896,952
2004-02-05,701772,841,841,1047,791,991
2004-02-06,212023,781,785,866,738,858
2004-02-09,361720,785,828,841,779,798
2004-02-10,138630,798,806,832,758,815
2004-02-11,99837,789,802,806,754,806
2004-02-12,128379,781,806,815,758,798
2004-02-13,131990,798,841,841,791,806
2004-02-16,131640,794,811,854,763,854
2004-02-17,77237,794,815,819,767,819
2004-02-18,41706,794,794,815,746,798
2004-02-19,40075,794,802,802,754,798
2004-02-20,33784,789,789,811,742,798
2004-02-23,42638,772,772,802,726,802
2004-02-24,42638,772,776,781,730,776
2004-02-25,18989,776,776,798,730,794
2004-02-26,15144,746,755,789,710,781
2004-02-27,7805,738,776,776,730,759
2004-03-02,16076,763,785,794,738,794
2004-03-03,18523,763,789,789,742,772
2004-03-04,24115,759,772,789,726,789
2004-03-05,32269,746,755,776,710,759
2004-03-08,16892,746,751,772,706,772
2004-03-09,4427,759,768,768,722,763
2004-03-10,7805,751,768,772,722,768
2004-03-11,45783,729,755,776,710,755
2004-03-12,27493,665,742,763,698,759
2004-03-15,7805,695,733,742,690,695
2004-03-16,28891,729,733,819,690,738
2004-03-17,25280,725,738,746,694,738
2004-03-18,32386,725,738,746,694,729
2004-03-19,2796,729,738,742,694,729
2004-03-22,43220,721,733,746,690,738
2004-03-23,13863,712,712,738,670,733
2004-03-24,24814,686,686,721,645,712
2004-03-25,14911,686,695,699,654,686
2004-03-26,7572,686,703,712,662,712
2004-03-29,20969,682,682,703,641,686
2004-03-30,11999,682,699,708,658,682
2004-03-31,26328,678,682,712,641,691
2004-04-01,238700,673,686,763,645,678
2004-04-02,154474,699,729,738,686,712
2004-04-06,56734,729,755,759,710,759
2004-04-07,47530,733,763,815,718,733
2004-04-08,13514,742,746,772,702,772
2004-04-09,115564,721,759,772,714,772
2004-04-12,12349,755,763,789,718,759
2004-04-13,4077,746,763,781,718,755
2004-04-14,143756,721,738,781,694,746
2004-04-16,27144,721,738,763,694,738
2004-04-19,80615,721,733,738,690,725
2004-04-20,374651,729,733,819,690,746
2004-04-21,98789,721,742,759,698,759
2004-04-22,68150,721,742,755,698,746
2004-04-23,153542,721,746,751,702,729
2004-04-26,42405,729,755,759,710,759
2004-04-27,522834,738,824,841,775,768
2004-04-28,172880,798,815,841,767,836
2004-04-29,152610,721,815,841,767,841
2004-04-30,101818,781,832,832,783,781
2004-05-03,126631,815,815,849,767,815
2004-05-04,32036,794,824,824,775,811
2004-05-06,109972,811,841,849,791,811
2004-05-07,131524,794,841,858,791,841
2004-05-10,121855,828,841,854,791,828
2004-05-11,590285,742,849,922,799,858
2004-05-12,165657,841,888,892,835,845
2004-05-13,432783,866,922,939,867,866
2004-05-14,285415,892,944,944,888,922
2004-05-17,315588,922,944,982,888,944
2004-05-18,139446,944,944,987,888,944
2004-05-19,234273,944,1038,1038,976,952
2004-05-20,238700,1012,1038,1064,976,1030
2004-05-21,210042,1021,1038,1060,976,1030
2004-05-24,175326,1021,1038,1073,976,1030
2004-05-25,160298,1025,1038,1047,976,1030
2004-05-27,168104,1038,1055,1115,993,1038
2004-05-28,117661,1042,1042,1077,981,1051
2004-05-31,216799,1021,1038,1060,976,1047
2004-06-01,111487,1012,1030,1051,968,1038
2004-06-02,90750,982,987,1030,928,1030
2004-06-03,162162,871,871,982,819,905
2004-06-04,16892,768,768,768,722,768
2004-06-07,3243598,678,729,768,686,678
2004-06-08,927658,716,738,802,694,751
2004-06-09,352167,708,712,755,670,755
2004-06-10,280639,682,686,729,645,712
2004-06-11,281571,678,699,721,658,682
2004-06-14,188374,673,678,695,637,682
2004-06-15,185345,643,648,691,609,669
2004-06-16,223206,626,626,665,589,643
2004-06-17,193966,605,605,639,569,622
2004-06-18,156338,570,570,618,536,609
2004-06-21,183248,566,592,626,557,566
2004-06-22,154008,570,592,613,557,588
2004-06-23,93663,583,588,613,553,592
2004-06-24,50443,570,583,600,549,583
2004-06-25,63141,570,583,596,549,575
2004-06-28,67917,557,557,592,524,575
2004-06-29,30056,545,570,570,536,557
2004-06-30,84926,557,579,588,545,557
2004-07-01,194199,562,609,635,573,579
2004-07-02,285066,609,618,660,581,609
2004-07-05,67917,575,575,630,540,600
2004-07-06,92032,557,557,583,524,566
2004-07-07,148183,557,592,609,557,557
2004-07-08,274814,592,660,660,621,600
2004-07-09,733808,678,725,738,682,716
2004-07-12,421716,708,772,806,726,763
2004-07-13,142242,763,772,789,726,772
2004-07-14,221226,751,759,781,714,781
2004-07-15,101585,751,759,794,714,751
2004-07-16,133155,759,759,802,714,768
2004-07-19,214586,759,828,849,779,759
2004-07-20,73858,789,815,849,767,845
2004-07-21,57200,785,794,832,746,785
2004-07-22,136300,806,866,875,815,815
2004-07-23,205033,849,884,957,831,858
2004-07-26,137465,884,901,952,847,888
2004-07-27,94012,897,905,939,851,901
2004-07-28,133271,901,909,935,855,905
2004-07-29,115215,909,931,961,876,914
2004-07-30,203053,918,952,952,896,918
2004-08-02,146086,935,944,987,888,987
2004-08-03,259903,935,944,965,888,944
2004-08-04,265960,901,944,961,888,909
2004-08-05,275397,944,1030,1047,968,944
2004-08-06,257806,961,1004,1030,944,1008
2004-08-09,353682,884,884,991,831,961
2004-08-10,296948,781,884,884,831,836
2004-08-11,147251,871,901,905,847,871
2004-08-12,168570,875,918,927,863,884
2004-08-13,89585,909,927,927,872,918
2004-08-16,188141,944,952,961,896,944
2004-08-17,41473,944,961,961,904,944
2004-08-18,74790,944,961,969,904,944
2004-08-19,139912,944,961,974,904,944
2004-08-20,524814,944,1073,1073,1009,944
2004-08-23,340984,1047,1094,1111,1029,1090
2004-08-24,225070,1081,1098,1111,1033,1085
2004-08-25,242195,1077,1098,1115,1033,1098
2004-08-26,109390,1090,1098,1124,1033,1098
2004-08-27,174977,1098,1124,1124,1057,1098
2004-08-30,204334,1098,1124,1150,1057,1098
2004-08-31,65587,1115,1124,1141,1057,1115
2004-09-01,132456,1107,1141,1141,1073,1107
2004-09-02,102050,1120,1141,1150,1073,1120
2004-09-03,194665,1133,1141,1150,1073,1141
2004-09-06,213654,1141,1141,1167,1073,1141
2004-09-07,187442,1141,1141,1163,1073,1150
2004-09-08,188141,1141,1141,1150,1073,1141
2004-09-09,180452,1137,1158,1158,1090,1141
2004-09-10,121272,1145,1158,1163,1090,1150
2004-09-13,147833,1158,1176,1176,1106,1158
2004-09-14,226002,1145,1227,1244,1154,1158
2004-09-15,159833,1214,1287,1287,1211,1214
2004-09-16,128612,1274,1287,1309,1211,1279
2004-09-17,170317,1279,1313,1347,1235,1279
2004-09-20,88886,1309,1313,1364,1235,1313
2004-09-21,183015,1296,1313,1334,1235,1304
2004-09-22,89469,1296,1313,1330,1235,1296
2004-09-23,132106,1304,1330,1330,1251,1313
2004-09-24,51258,1317,1351,1369,1271,1317
2004-09-30,114050,1317,1351,1364,1271,1347
2004-10-01,112302,1339,1351,1364,1271,1339
2004-10-04,108691,1339,1351,1416,1271,1351
2004-10-05,66170,1339,1360,1373,1279,1339
2004-10-06,122204,1356,1373,1390,1291,1356
2004-10-07,55336,1369,1386,1390,1303,1373
2004-10-08,114050,1382,1416,1476,1332,1382
2004-10-11,109390,1382,1442,1442,1356,1382
2004-10-12,195364,1442,1476,1519,1388,1459
2004-10-13,202703,1472,1519,1562,1429,1485
2004-10-14,295201,1527,1699,1699,1598,1527
2004-10-15,249534,1622,1733,1755,1630,1699
2004-10-18,221925,1708,1733,1768,1630,1733
2004-10-19,154940,1716,1764,1785,1659,1721
2004-10-20,328053,1764,1888,1974,1776,1768
2004-10-21,314073,1905,2111,2111,1986,1974
2004-10-22,337838,2025,2090,2180,1966,2111
2004-10-25,460975,1905,1982,2098,1865,2025
2004-10-26,274698,1914,2017,2060,1897,1982
2004-10-27,461324,1974,2120,2176,1994,1974
2004-10-28,260835,2085,2158,2206,2030,2171
2004-10-29,243710,2133,2197,2214,2067,2158
2004-11-01,196412,2163,2197,2231,2067,2197
2004-11-02,251049,2184,2197,2231,2067,2184
2004-11-03,144921,2197,2240,2253,2107,2197
2004-11-04,280289,2227,2330,2390,2192,2227
2004-11-05,264446,2330,2609,2609,2454,2343
2004-11-08,488468,2523,2669,2781,2511,2669
2004-11-09,174744,2643,2665,2721,2507,2661
2004-11-10,256058,2669,2828,2867,2660,2673
2004-11-11,263048,2811,2854,2914,2684,2828
2004-11-12,133737,2867,2918,3004,2745,2918
2004-11-15,148882,2897,2918,2978,2745,2918
2004-11-16,506641,2570,2570,2961,2418,2927
2004-11-17,460742,2266,2626,2626,2470,2326
2004-11-18,182083,2605,2639,2665,2482,2635
2004-11-19,356245,2618,2738,2811,2575,2643
2004-11-22,136883,2734,2764,2832,2599,2742
2004-11-23,263863,2497,2746,2806,2583,2764
2004-11-24,219129,2424,2424,2789,2280,2746
2004-11-25,473673,2429,2661,2712,2503,2446
2004-11-26,166706,2661,2695,2742,2535,2661
2004-11-29,78285,2695,2695,2781,2535,2703
2004-11-30,167288,2682,2695,2746,2535,2703
2004-12-01,160648,2686,2832,2832,2664,2695
2004-12-02,130942,2806,2832,2862,2664,2832
2004-12-03,168570,2824,2888,2927,2716,2837
2004-12-06,1107411,2661,2824,2901,2656,2892
2004-12-07,587256,2746,2970,3064,2793,2772
2004-12-08,433482,2918,3158,3261,2971,2944
2004-12-09,256408,3218,3536,3536,3326,3261
2004-12-10,1232178,3519,3828,3957,3601,3957
2004-12-13,661581,3699,3828,4116,3601,3828
2004-12-14,367195,3519,3562,3862,3350,3819
2004-12-15,488934,3356,3433,3592,3229,3562
2004-12-16,450490,3356,3553,3661,3342,3467
2004-12-17,660998,3613,3978,3978,3742,3648
2004-12-20,619759,3948,4455,4455,4190,4034
2004-12-21,531222,4291,4309,4807,4053,4712
2004-12-22,437209,4124,4163,4377,3915,4317
2004-12-23,412745,4137,4266,4403,4012,4206
2004-12-24,318384,4180,4506,4506,4238,4317
2004-12-27,261417,4154,4291,4669,4037,4549
2004-12-28,294851,3819,4034,4240,3794,4120
2004-12-29,132456,4008,4034,4197,3823,4077
2004-12-30,166356,3948,3948,4120,3741,3970
2005-01-03,368360,3476,3476,3948,3294,3948
2005-01-04,444432,3176,3356,3510,3180,3360
2005-01-05,844480,2957,2957,3309,2802,3304
2005-01-06,3068039,2605,2605,2987,2468,2721
2005-01-07,4983233,2317,2399,2854,2273,2729
2005-01-10,1482878,2330,2412,2510,2285,2446
2005-01-11,1765963,2124,2124,2433,2013,2412
2005-01-12,2357996,1991,1991,2214,1887,2141
2005-01-13,3057088,1836,1970,2055,1866,2051
2005-01-14,2168923,2000,2206,2206,2090,2025
2005-01-17,2290894,2257,2317,2442,2196,2386
2005-01-18,1230431,2154,2227,2352,2110,2343
2005-01-19,2251285,2206,2377,2472,2253,2296
2005-01-20,2336793,2343,2467,2579,2338,2386
2005-01-21,1395739,2429,2437,2558,2310,2497
2005-01-24,2147953,2283,2360,2506,2237,2446
2005-01-25,1055221,2274,2339,2412,2216,2369
2005-01-26,1089704,2231,2249,2420,2131,2364
2005-01-27,1045668,1982,1982,2261,1879,2206
2005-01-28,1779127,1824,1991,2090,1887,1905
2005-01-31,1416708,1961,2042,2128,1936,1961
2005-02-01,1586210,2042,2287,2287,2167,2042
2005-02-02,2575028,2296,2558,2558,2424,2360
2005-02-03,2506761,2253,2253,2618,2135,2609
2005-02-04,1793223,2060,2231,2403,2115,2291
2005-02-07,1578637,2218,2377,2412,2253,2218
2005-02-11,2527148,2386,2661,2661,2521,2386
2005-02-14,3174865,2515,2600,2867,2464,2824
2005-02-15,2666127,2532,2819,2867,2672,2656
2005-02-16,2326425,2738,2738,2978,2594,2858
2005-02-17,1928824,2412,2532,2806,2399,2746
2005-02-18,1222276,2377,2463,2575,2334,2575
2005-02-21,1691172,2377,2532,2600,2399,2412
2005-02-22,1416591,2236,2240,2613,2123,2532
2005-02-23,942220,2060,2107,2206,1997,2068
2005-02-24,998138,2111,2146,2253,2033,2150
2005-02-25,971111,1888,1931,2188,1830,2111
2005-02-28,607061,1939,1982,2038,1879,1974
2005-03-02,491963,1922,1957,2077,1854,2004
2005-03-03,791474,1901,1957,2017,1854,1905
2005-03-04,491730,1961,2017,2038,1911,1961
2005-03-07,609158,1888,1892,2077,1793,2060
2005-03-08,982061,1669,1673,1918,1586,1892
2005-03-09,561278,1536,1579,1665,1496,1630
2005-03-10,371622,1545,1570,1643,1488,1570
2005-03-11,325140,1553,1562,1600,1480,1579
2005-03-14,850304,1566,1691,1708,1602,1596
2005-03-15,436627,1562,1596,1691,1513,1691
2005-03-16,491031,1532,1562,1618,1480,1562
2005-03-17,651213,1506,1545,1652,1464,1536
2005-03-18,266310,1442,1459,1566,1382,1515
2005-03-21,517475,1373,1416,1446,1342,1416
2005-03-22,392708,1377,1390,1442,1317,1416
2005-03-23,571063,1334,1390,1437,1317,1394
2005-03-24,1366964,1412,1553,1553,1472,1412
2005-03-25,1102518,1390,1459,1622,1382,1613
2005-03-28,1470878,1549,1678,1678,1590,1549
2005-03-29,1169387,1527,1596,1682,1513,1678
2005-03-30,650164,1540,1570,1665,1488,1588
2005-03-31,419502,1502,1515,1613,1435,1579
2005-04-01,477168,1463,1510,1545,1431,1472
2005-04-04,784251,1510,1579,1626,1496,1510
2005-04-06,614400,1502,1502,1609,1423,1609
2005-04-07,455616,1463,1480,1519,1403,1510
2005-04-08,260369,1446,1476,1502,1399,1485
2005-04-11,333528,1467,1485,1545,1407,1476
2005-04-12,561744,1485,1540,1553,1460,1485
2005-04-13,1178590,1532,1639,1712,1553,1588
2005-04-14,394106,1566,1579,1656,1496,1656
2005-04-15,2823863,1579,1716,1815,1626,1579
2005-04-18,2216453,1682,1794,1836,1700,1716
2005-04-19,2005362,1733,1785,1901,1692,1819
2005-04-20,1134788,1630,1721,1815,1631,1794
2005-04-21,880244,1622,1626,1708,1541,1708
2005-04-22,656222,1592,1600,1691,1517,1669
2005-04-25,527843,1562,1630,1630,1545,1562
2005-04-26,753263,1386,1386,1673,1313,1639
2005-04-27,1038795,1300,1347,1454,1277,1347
2005-04-28,444083,1330,1343,1437,1273,1382
2005-04-29,442801,1223,1399,1399,1325,1309
2005-05-02,387815,1339,1369,1394,1297,1343
2005-05-03,863934,1364,1369,1536,1297,1369
2005-05-04,352866,1373,1390,1403,1317,1386
2005-05-06,380709,1390,1403,1437,1330,1412
2005-05-09,275746,1364,1364,1412,1293,1412
2005-05-10,303938,1347,1364,1399,1293,1373
2005-05-11,230895,1347,1377,1399,1305,1360
2005-05-12,852751,1360,1454,1519,1378,1373
2005-05-13,686627,1403,1476,1497,1399,1446
2005-05-16,760020,1459,1463,1557,1386,1510
2005-05-17,480197,1459,1463,1527,1386,1502
2005-05-18,2296253,1467,1682,1682,1594,1476
2005-05-19,661464,1828,1931,1931,1830,1845
2005-05-20,4453875,1785,1871,2218,1773,2154
2005-05-23,3916130,1845,2150,2150,2037,1931
2005-05-24,3734978,1888,2000,2330,1895,2214
2005-05-25,2118946,1798,1824,2085,1728,2021
2005-05-26,1854966,1806,1836,2017,1740,1828
2005-05-27,956083,1725,1725,1922,1635,1824
2005-05-30,1073511,1467,1579,1785,1496,1729
2005-05-31,1407738,1618,1815,1815,1720,1639
2005-06-01,2605317,1802,1905,2060,1805,1815
2005-06-02,2796952,1931,2107,2163,1997,1948
2005-06-03,2915778,2171,2266,2347,2147,2180
2005-06-07,3456669,2236,2605,2605,2468,2403
2005-06-08,3460281,2231,2429,2965,2302,2686
2005-06-09,5465410,2283,2321,2789,2200,2463
2005-06-10,2532157,1995,2115,2437,2005,2321
2005-06-13,3060583,2115,2429,2429,2302,2115
2005-06-14,5362893,2420,2618,2768,2481,2532
2005-06-15,3715407,2575,2695,2901,2554,2583
2005-06-16,1510837,2429,2489,2776,2359,2755
2005-06-17,3215173,2326,2326,2686,2204,2562
2005-06-20,1854034,2274,2386,2540,2261,2343
2005-06-21,1213539,2253,2360,2476,2237,2467
2005-06-22,1154242,2300,2356,2412,2232,2360
2005-06-23,887350,2253,2270,2386,2151,2321
2005-06-24,1181036,2188,2214,2309,2098,2231
2005-06-27,941171,2201,2201,2300,2086,2270
2005-06-28,1795902,2128,2240,2326,2123,2193
2005-06-29,915659,2201,2201,2313,2086,2240
2005-06-30,1001866,2214,2253,2300,2135,2214
2005-07-01,1124536,2236,2249,2394,2131,2304
2005-07-04,665425,2210,2231,2287,2115,2266
2005-07-05,1066171,2223,2249,2330,2131,2240
2005-07-06,676958,2163,2171,2304,2058,2266
2005-07-07,525863,2077,2090,2193,1980,2158
2005-07-08,850770,1995,2034,2111,1927,2038
2005-07-11,582014,2047,2068,2107,1960,2047
2005-07-12,605896,2060,2060,2141,1952,2068
2005-07-13,584460,1991,1995,2077,1891,2017
2005-07-14,410299,1970,1974,2034,1870,2030
2005-07-15,575141,1952,1987,2021,1883,1987
2005-07-18,1893875,1978,2201,2218,2086,1978
2005-07-19,1215519,2077,2124,2274,2013,2188
2005-07-20,670085,1806,1888,2146,1789,2124
2005-07-21,612070,1768,1806,1952,1712,1845
2005-07-22,1356130,1712,1918,2004,1818,1712
2005-07-25,783552,1858,1862,2012,1765,1892
2005-07-26,1285533,1845,2141,2141,2029,1871
2005-07-27,859857,2309,2459,2459,2330,2317
2005-07-28,5188033,2330,2373,2824,2249,2824
2005-07-29,2483112,2356,2725,2725,2582,2403
2005-08-01,4458884,2583,2656,2978,2517,2961
2005-08-02,2860210,2575,2609,2901,2472,2626
2005-08-03,2395158,2343,2566,2652,2432,2609
2005-08-04,2961445,2661,2948,2948,2794,2661
2005-08-05,2751170,3128,3390,3390,3213,3171
2005-08-08,694899,3897,3897,3897,3693,3897
2005-08-09,4142248,4034,4206,4480,3986,4291
2005-08-10,2751286,4128,4360,4446,4132,4231
2005-08-11,2328755,4279,4334,4592,4108,4463
2005-08-12,4198632,4206,4210,4978,3990,4532
2005-08-16,961907,3961,4223,4326,4002,4137
2005-08-17,1443269,4231,4287,4540,4063,4291
2005-08-18,1046833,4034,4034,4377,3823,4287
2005-08-19,583878,3884,4137,4163,3920,3888
2005-08-22,742313,3944,4094,4210,3880,4081
2005-08-23,2621626,3480,3605,4377,3416,4060
2005-08-24,759321,3364,3575,3703,3388,3691
2005-08-25,843198,3313,3433,3579,3253,3519
2005-08-26,1778078,2918,2918,3506,2765,3347
2005-08-29,1230081,2480,2515,2909,2383,2841
2005-08-30,902262,2424,2424,2605,2298,2549
2005-08-31,1002215,2330,2506,2527,2375,2334
2005-09-01,1156456,2489,2532,2618,2399,2532
2005-09-02,1478218,2575,2734,2862,2590,2575
2005-09-05,864051,2725,2914,2914,2761,2789
2005-09-06,732410,2909,2927,3158,2773,2957
2005-09-07,459227,2828,2961,2995,2806,2931
2005-09-08,386650,2901,2918,3060,2765,2927
2005-09-09,435462,2824,2832,2918,2684,2875
2005-09-12,207130,2837,2871,2944,2721,2841
2005-09-13,566753,2536,2583,2862,2448,2806
2005-09-14,292172,2545,2678,2789,2538,2545
2005-09-15,247787,2588,2635,2661,2497,2652
2005-09-16,951539,2588,2918,3030,2765,2588
2005-09-20,551958,2918,3218,3257,3050,2918
2005-09-21,381175,3068,3141,3343,2977,3180
2005-09-22,382223,3064,3240,3296,3070,3064
2005-09-23,728333,3184,3210,3420,3042,3210
2005-09-26,243360,3193,3236,3339,3066,3304
2005-09-27,332480,3090,3107,3253,2944,3184
2005-09-28,564074,3073,3369,3369,3192,3107
2005-09-29,1134089,3519,3734,3832,3538,3519
2005-09-30,645854,3588,3708,3888,3514,3734
2005-10-04,777494,3794,4261,4261,4038,3794
2005-10-05,1291941,4025,4197,4498,3977,4377
2005-10-06,1597044,3570,3579,4437,3392,4154
2005-10-07,1708763,3665,4116,4116,3900,3665
2005-10-10,393989,4643,4729,4729,4482,4729
2005-10-11,2547884,4558,4678,5021,4433,4978
2005-10-12,897835,4395,4455,4807,4221,4772
2005-10-13,1876984,4377,5116,5116,4848,4463
2005-10-14,2531458,5116,5450,5854,5165,5116
2005-10-17,2642013,4635,4635,5734,4392,5622
2005-10-18,2869413,4137,5021,5219,4758,4566
2005-10-19,1600306,4274,4798,4970,4547,4858
2005-10-20,1598092,4317,4395,5064,4164,4661
2005-10-21,1272253,3879,3879,4540,3676,4137
2005-10-24,864400,3708,3819,4008,3619,3922
2005-10-25,1861373,3819,3970,4249,3762,3905
2005-10-26,634088,3948,3965,4154,3758,4017
2005-10-27,1623372,4000,4034,4300,3823,4034
2005-10-28,916707,3450,3549,4034,3363,4034
2005-10-31,627331,3485,3519,3691,3335,3613
2005-11-01,557317,3364,3382,3600,3205,3510
2005-11-02,1026563,3399,3759,3841,3563,3399
2005-11-03,607061,3562,3566,3854,3379,3837
2005-11-04,485439,3497,3553,3656,3367,3605
2005-11-07,824093,3553,3759,3819,3563,3562
2005-11-08,1351004,3785,4111,4180,3896,3819
2005-11-09,666590,3849,3849,4180,3648,4163
2005-11-10,1151330,3879,4017,4343,3807,3879
2005-11-11,588188,3691,3802,4068,3603,4068
2005-11-14,621040,3562,3575,3776,3388,3776
2005-11-15,621856,3579,3579,3738,3392,3579
2005-11-16,501981,3433,3489,3648,3306,3558
2005-11-17,686278,3532,3549,3746,3363,3562
2005-11-18,687559,3463,3665,3665,3473,3519
2005-11-21,616380,3493,3493,3708,3310,3665
2005-11-22,734973,3270,3459,3519,3278,3433
2005-11-23,2229850,3073,3193,3510,3026,3416
2005-11-24,1214354,3081,3201,3334,3034,3098
2005-11-25,607410,3171,3171,3283,3005,3218
2005-11-28,760719,3150,3150,3249,2985,3167
2005-11-29,739284,2952,2995,3188,2839,3098
2005-11-30,727518,2914,2957,3017,2802,2952
2005-12-01,597391,2961,3004,3055,2847,2961
2005-12-02,1081549,2952,3150,3261,2985,2987
2005-12-05,1555338,3287,3330,3399,3156,3399
2005-12-06,615448,3184,3188,3369,3022,3347
2005-12-07,557783,2918,2970,3287,2814,3287
2005-12-08,479614,2832,2875,3047,2725,2927
2005-12-09,502564,2798,2798,2901,2651,2832
2005-12-12,510019,2759,2764,2901,2619,2789
2005-12-13,807317,2566,2588,2729,2452,2686
2005-12-14,1046134,2558,2686,2781,2546,2600
2005-12-15,486720,2579,2600,2712,2464,2682
2005-12-16,105778,2214,2214,2214,2098,2214
2005-12-19,1836559,1884,1884,1970,1785,1884
2005-12-20,780873,1845,1905,1952,1805,1884
2005-12-21,836558,1974,2077,2115,1968,2051
2005-12-22,1217150,1768,1785,2111,1692,2077
2005-12-23,843897,1579,1845,1845,1748,1768
2005-12-26,1128730,1819,2120,2120,2009,1819
2005-12-27,1492780,1957,2000,2270,1895,2077
2005-12-28,328402,1914,1978,2068,1903,1982
2005-12-29,348789,1867,1905,2060,1833,1978
2006-01-02,448044,1828,1879,1931,1808,1845
2006-01-03,678706,1884,1957,1974,1882,1888
2006-01-04,515378,1957,1970,2017,1895,2000
2006-01-05,401678,1871,1944,2021,1870,1982
2006-01-06,721926,1935,2000,2030,1924,1935
2006-01-09,870691,2000,2047,2120,1969,2042
2006-01-10,1922883,2047,2352,2352,2262,2060
2006-01-11,2494179,2330,2356,2566,2266,2480
2006-01-12,1542407,2150,2249,2549,2163,2356
2006-01-13,609274,2115,2120,2291,2039,2253
2006-01-16,961791,2068,2313,2330,2225,2111
2006-01-17,468780,2197,2197,2373,2114,2253
2006-01-18,429288,1879,2042,2274,1965,2274
2006-01-19,461324,2025,2120,2197,2039,2025
2006-01-20,335974,1909,1909,2171,1837,2128
2006-01-23,407736,1626,1626,1867,1565,1819
2006-01-24,416007,1416,1665,1673,1602,1519
2006-01-25,712373,1695,1819,1914,1750,1695
2006-01-26,351818,1729,1802,1879,1734,1879
2006-01-27,486720,1811,1862,1884,1792,1828
2006-01-31,1137467,1819,2034,2098,1957,1871
2006-02-01,534484,1806,1867,2077,1796,2034
2006-02-02,379777,1806,1927,1961,1854,1961
2006-02-03,391543,1824,1862,1974,1792,1858
2006-02-06,328985,1716,1867,1879,1796,1854
2006-02-07,350536,1802,1802,1905,1734,1879
2006-02-08,357992,1768,1811,1862,1742,1785
2006-02-09,527377,1819,1849,1922,1779,1845
2006-02-10,1612654,1931,2124,2124,2044,1931
2006-02-13,3473445,2154,2442,2442,2349,2231
2006-02-14,2239869,2201,2360,2532,2271,2532
2006-02-15,3494996,2274,2291,2566,2205,2420
2006-02-16,2273419,2231,2266,2472,2180,2321
2006-02-17,3732648,2188,2437,2532,2345,2300
2006-02-20,2322231,2506,2558,2768,2461,2549
2006-02-21,1555688,2416,2429,2618,2337,2558
2006-02-22,3138635,2485,2600,2716,2502,2506
2006-02-23,3912052,2549,2558,2871,2461,2635
2006-02-24,4170091,2502,2940,2940,2828,2566
2006-02-27,5025055,3055,3244,3322,3121,3218
2006-02-28,3051030,2819,2824,3158,2717,3090
2006-03-02,2682087,2832,2884,3051,2774,2858
2006-03-03,6483119,2661,2995,3227,2882,2862
2006-03-06,3503384,2781,2832,3150,2725,3030
2006-03-07,2019342,2811,2832,2987,2725,2884
2006-03-08,5859283,2502,2566,3150,2469,2884
2006-03-09,1721112,2532,2609,2725,2510,2566
2006-03-10,1334811,2532,2558,2652,2461,2618
2006-03-13,1339238,2558,2562,2686,2465,2558
2006-03-14,1238003,2540,2566,2643,2469,2575
2006-03-15,1261768,2339,2420,2596,2328,2566
2006-03-16,705733,2249,2296,2446,2209,2369
2006-03-17,538678,2180,2180,2339,2097,2296
2006-03-20,609391,2146,2197,2240,2114,2146
2006-03-21,549046,2188,2206,2244,2122,2188
2006-03-22,982993,2197,2206,2326,2122,2206
2006-03-23,622788,2077,2133,2266,2052,2236
2006-03-24,747438,1982,2021,2115,1944,2090
2006-03-27,422647,1944,1944,2094,1870,2021
2006-03-28,652727,1858,1875,1944,1804,1905
2006-03-29,468663,1828,1897,1948,1825,1845
2006-03-30,533901,1909,2017,2047,1940,1909
2006-03-31,598906,2004,2060,2150,1982,2004
2006-04-03,286697,2073,2081,2128,2002,2081
2006-04-04,475537,2085,2085,2180,2006,2103
2006-04-05,353682,2017,2021,2111,1944,2090
2006-04-06,247670,2042,2068,2103,1990,2060
2006-04-07,1411116,2103,2141,2270,2060,2107
2006-04-10,350536,2034,2064,2128,1986,2103
2006-04-11,380592,2038,2051,2146,1973,2055
2006-04-12,213654,2034,2060,2068,1982,2034
2006-04-13,325606,2060,2068,2115,1990,2060
2006-04-14,341683,2060,2098,2124,2019,2060
2006-04-17,258272,2064,2073,2146,1994,2107
2006-04-18,286580,2030,2034,2103,1957,2073
2006-04-19,401445,1978,1978,2068,1903,2060
2006-04-20,267358,1905,1905,1987,1833,1987
2006-04-21,232992,1892,1909,1965,1837,1892
2006-04-24,183365,1892,1927,1939,1854,1927
2006-04-25,131757,1828,1854,1957,1783,1939
2006-04-26,233807,1824,1862,1909,1792,1849
2006-04-27,291939,1862,1922,1957,1849,1862
2006-04-28,155056,1892,1905,1961,1833,1914
2006-05-02,129194,1845,1854,1888,1783,1879
2006-05-03,125932,1841,1875,1905,1804,1841
2006-05-04,288677,1832,1922,1935,1849,1871
2006-05-08,464120,1922,1974,2085,1899,1927
2006-05-09,203984,1914,1914,2034,1841,1982
2006-05-10,162279,1854,1854,1944,1783,1922
2006-05-11,161114,1802,1867,1871,1796,1845
2006-05-12,196063,1832,1854,1931,1783,1879
2006-05-15,240681,1781,1789,1854,1721,1854
2006-05-16,270271,1785,1845,1901,1775,1785
2006-05-17,495690,1836,1914,2030,1841,1871
2006-05-18,221808,1759,1794,1875,1726,1759
2006-05-19,1707249,1952,2060,2060,1982,2000
2006-05-22,895971,1849,1849,2115,1779,2042
2006-05-23,287163,1815,1819,1892,1750,1858
2006-05-24,406222,1691,1781,1811,1713,1802
2006-05-25,797066,1733,1733,1905,1668,1806
2006-05-26,147484,1738,1768,1798,1701,1798
2006-05-29,445248,1768,1845,1922,1775,1802
2006-05-30,284600,1738,1764,1862,1697,1862
2006-06-01,176142,1703,1716,1768,1651,1759
2006-06-02,119059,1673,1686,1759,1622,1746
2006-06-05,99837,1652,1656,1716,1593,1691
2006-06-07,233574,1424,1424,1562,1370,1553
2006-06-08,162395,1399,1485,1519,1428,1454
2006-06-09,183481,1510,1579,1656,1519,1510
2006-06-12,111137,1579,1665,1673,1602,1605
2006-06-13,128612,1545,1566,1691,1507,1648
2006-06-14,42987,1583,1613,1648,1552,1588
2006-06-15,81547,1613,1630,1665,1569,1639
2006-06-16,122321,1622,1669,1708,1606,1699
2006-06-19,57899,1592,1609,1678,1548,1678
2006-06-20,67335,1557,1557,1630,1498,1583
2006-06-21,40424,1549,1549,1630,1490,1630
2006-06-22,35997,1553,1583,1613,1523,1570
2006-06-23,54404,1562,1562,1626,1503,1562
2006-06-26,37861,1557,1562,1596,1503,1579
2006-06-27,67451,1545,1605,1618,1544,1549
2006-06-28,57782,1549,1570,1635,1511,1549
2006-06-29,146086,1596,1605,1678,1544,1605
2006-06-30,150629,1643,1682,1703,1618,1673
2006-07-03,100886,1682,1716,1759,1651,1682
2006-07-04,90401,1661,1665,1768,1602,1768
2006-07-05,70713,1592,1630,1673,1569,1626
2006-07-06,45433,1588,1622,1656,1560,1656
2006-07-07,72577,1605,1626,1661,1565,1622
2006-07-10,82712,1588,1630,1643,1569,1630
2006-07-11,34250,1609,1613,1656,1552,1656
2006-07-12,57782,1596,1613,1656,1552,1613
2006-07-13,83062,1605,1626,1643,1565,1613
2006-07-14,107759,1588,1639,1648,1577,1626
2006-07-18,364283,1639,1639,1746,1577,1643
2006-07-19,173929,1622,1635,1669,1573,1656
2006-07-20,211906,1630,1652,1669,1589,1669
2006-07-21,178705,1588,1605,1652,1544,1652
2006-07-24,131174,1553,1557,1622,1498,1622
2006-07-25,79916,1557,1566,1592,1507,1588
2006-07-26,100303,1536,1553,1579,1494,1562
2006-07-27,68616,1540,1562,1579,1503,1545
2006-07-28,114399,1519,1532,1570,1474,1562
2006-07-31,95643,1515,1536,1562,1478,1536
2006-08-01,74557,1527,1532,1557,1474,1545
2006-08-02,71645,1523,1540,1570,1482,1527
2006-08-03,72810,1527,1532,1570,1474,1566
2006-08-04,90284,1502,1510,1540,1453,1527
2006-08-07,103565,1502,1502,1549,1445,1510
2006-08-08,53122,1493,1527,1532,1470,1493
2006-08-09,65354,1523,1566,1570,1507,1527
2006-08-10,118709,1545,1575,1592,1515,1553
2006-08-11,85741,1553,1583,1592,1523,1579
2006-08-14,947928,1588,1742,1819,1676,1605
2006-08-16,287629,1648,1708,1781,1643,1768
2006-08-17,272950,1686,1695,1798,1631,1742
2006-08-18,216799,1673,1746,1746,1680,1695
2006-08-21,185345,1716,1716,1789,1651,1755
2006-08-22,92032,1686,1686,1725,1622,1691
2006-08-23,187559,1678,1755,1755,1688,1686
2006-08-24,126515,1703,1712,1785,1647,1764
2006-08-25,83644,1695,1729,1733,1664,1695
2006-08-28,113234,1703,1708,1746,1643,1721
2006-08-29,114865,1708,1708,1742,1643,1712
2006-08-30,201888,1708,1721,1759,1655,1733
2006-08-31,751865,1742,1862,1970,1792,1742
2006-09-01,206198,1815,1892,1922,1821,1841
2006-09-04,323393,1905,1931,2017,1858,1918
2006-09-05,137116,1905,1935,1970,1862,1970
2006-09-06,134669,1909,1922,1970,1849,1944
2006-09-07,133038,1832,1888,1922,1816,1901
2006-09-08,78402,1845,1948,1948,1874,1862
2006-09-11,116030,1905,1905,1961,1833,1931
2006-09-12,120690,1888,1952,1987,1878,1927
2006-09-13,56617,1944,1965,2000,1891,1957
2006-09-14,144805,1952,1995,2051,1920,1974
2006-09-15,160066,1939,2017,2038,1940,2025
2006-09-18,119641,1991,2060,2077,1982,2017
2006-09-19,120340,2004,2004,2103,1928,2034
2006-09-20,95410,1995,1995,2051,1920,2000
2006-09-21,115681,1935,1948,2060,1874,2004
2006-09-22,292987,1656,1768,1970,1701,1948
2006-09-25,91799,1776,1854,1871,1783,1776
2006-09-26,84576,1794,1824,1888,1754,1832
2006-09-27,40890,1806,1836,1841,1767,1806
2006-09-28,33318,1845,1888,1888,1816,1845
2006-09-29,56151,1888,1892,1922,1821,1922
2006-10-02,33201,1832,1867,1892,1796,1892
2006-10-04,67801,1733,1841,1862,1771,1862
2006-10-09,373253,1566,1566,1798,1507,1759
2006-10-10,127330,1510,1609,1673,1548,1545
2006-10-11,164725,1416,1630,1661,1569,1661
2006-10-12,89702,1613,1665,1673,1602,1613
2006-10-13,97507,1656,1661,1755,1598,1691
2006-10-16,46365,1665,1686,1712,1622,1665
2006-10-17,77353,1605,1630,1699,1569,1691
2006-10-18,55802,1588,1643,1652,1581,1626
2006-10-19,52773,1622,1622,1673,1560,1673
2006-10-20,61976,1618,1630,1661,1569,1626
2006-10-23,174511,1639,1759,1776,1693,1639
2006-10-24,109739,1712,1716,1781,1651,1759
2006-10-25,1234042,1712,1974,1974,1899,1712
2006-10-26,649116,1815,1815,1974,1746,1974
2006-10-27,377564,1781,1828,1854,1759,1836
2006-10-30,1205151,1845,1845,2077,1775,1892
2006-10-31,265611,1776,1802,1841,1734,1832
2006-11-01,219362,1798,1798,1854,1730,1854
2006-11-02,213887,1751,1789,1806,1721,1755
2006-11-03,175326,1789,1845,1849,1775,1789
2006-11-06,149930,1802,1815,1892,1746,1888
2006-11-07,179870,1794,1798,1867,1730,1836
2006-11-08,104730,1789,1794,1832,1726,1798
2006-11-09,137931,1802,1811,1845,1742,1819
2006-11-10,135601,1811,1832,1871,1763,1811
2006-11-13,112419,1785,1836,1854,1767,1849
2006-11-14,130942,1819,1862,1862,1792,1836
2006-11-15,178122,1802,1802,1879,1734,1879
2006-11-16,94245,1772,1789,1819,1721,1806
2006-11-17,165657,1785,1815,1858,1746,1785
2006-11-20,150979,1798,1811,1841,1742,1815
2006-11-21,77004,1776,1794,1828,1726,1819
2006-11-22,91915,1772,1789,1802,1721,1772
2006-11-23,2032389,1789,2055,2055,1977,1789
2006-11-24,2309533,2060,2133,2356,2052,2197
2006-11-27,1607761,2360,2450,2450,2357,2407
2006-11-28,3982649,2128,2317,2652,2229,2317
2006-11-29,1840054,1970,2008,2360,1932,2360
2006-11-30,1091917,1939,1982,2103,1907,1982
2006-12-01,891544,1841,1888,2030,1816,1974
2006-12-04,666707,1785,1811,1862,1742,1845
2006-12-05,372205,1789,1811,1824,1742,1815
2006-12-06,309297,1798,1811,1849,1742,1824
2006-12-07,475537,1824,1836,1892,1767,1824
2006-12-08,300443,1751,1776,1836,1709,1824
2006-12-11,1622090,1733,2042,2042,1965,1776
2006-12-12,1108692,1828,1845,2081,1775,2060
2006-12-13,520038,1785,1828,1918,1759,1858
2006-12-14,285648,1794,1819,1858,1750,1828
2006-12-15,322228,1828,1862,1875,1792,1836
2006-12-18,424278,1879,1879,1974,1808,1905
2006-12-19,240098,1815,1845,1892,1775,1879
2006-12-20,290308,1811,1815,1854,1746,1836
2006-12-21,257922,1776,1794,1815,1726,1815
2006-12-22,616846,1794,1794,1948,1726,1927
2006-12-26,202936,1729,1742,1824,1676,1811
2006-12-27,69781,1708,1708,1764,1672,1751
2006-12-28,139795,1682,1738,1746,1701,1703
2007-01-02,206664,1712,1751,1802,1714,1721
2007-01-03,177773,1712,1729,1742,1693,1742
2007-01-04,243360,1673,1716,1738,1680,1721
2007-01-05,154940,1661,1682,1721,1647,1716
2007-01-08,74324,1665,1673,1712,1638,1682
2007-01-09,114982,1656,1665,1691,1630,1669
2007-01-10,152027,1639,1665,1695,1630,1665
2007-01-11,452121,1661,1699,1845,1663,1665
2007-01-12,123253,1682,1699,1733,1663,1699
2007-01-15,165424,1682,1699,1721,1663,1708
2007-01-16,237419,1691,1699,1729,1663,1699
2007-01-17,108924,1678,1686,1716,1651,1708
2007-01-18,207479,1656,1656,1721,1621,1678
2007-01-19,181384,1566,1579,1656,1546,1652
2007-01-22,213887,1588,1622,1682,1588,1665
2007-01-23,89003,1557,1557,1596,1525,1579
2007-01-24,144688,1540,1540,1583,1508,1557
2007-01-25,60461,1532,1549,1566,1516,1540
2007-01-26,53355,1536,1549,1562,1516,1549
2007-01-29,50093,1549,1562,1566,1529,1553
2007-01-30,66403,1536,1553,1583,1520,1583
2007-01-31,54870,1523,1527,1562,1495,1545
2007-02-01,52773,1519,1523,1549,1491,1549
2007-02-02,58248,1519,1545,1545,1512,1519
2007-02-05,66053,1549,1562,1613,1529,1557
2007-02-06,111021,1536,1545,1575,1512,1553
2007-02-07,55219,1519,1536,1553,1504,1545
2007-02-08,63374,1527,1536,1553,1504,1553
2007-02-09,96575,1536,1545,1570,1512,1553
2007-02-12,212838,1549,1583,1600,1550,1596
2007-02-13,112069,1532,1532,1579,1499,1549
2007-02-14,78402,1527,1532,1549,1499,1545
2007-02-15,61160,1523,1523,1545,1491,1540
2007-02-16,73975,1506,1523,1536,1491,1523
2007-02-20,23299,1519,1540,1553,1508,1523
2007-02-21,53588,1527,1549,1553,1516,1540
2007-02-22,77353,1536,1557,1570,1525,1553
2007-02-23,108458,1553,1570,1588,1537,1562
2007-02-26,75373,1545,1553,1579,1520,1579
2007-02-27,74557,1527,1540,1562,1508,1562
2007-02-28,77936,1399,1489,1489,1457,1459
2007-03-05,439889,1463,1476,1630,1445,1493
2007-03-06,72111,1463,1467,1502,1436,1463
2007-03-07,109390,1463,1472,1493,1441,1472
2007-03-08,158551,1472,1515,1557,1483,1476
2007-03-09,124534,1472,1497,1536,1466,1515
2007-03-12,86440,1489,1515,1527,1483,1527
2007-03-13,88071,1497,1510,1527,1478,1502
2007-03-14,37861,1472,1489,1502,1457,1476
2007-03-15,82479,1476,1489,1502,1457,1489
2007-03-16,146202,1476,1510,1510,1478,1493
2007-03-19,231478,1506,1557,1562,1525,1510
2007-03-20,225886,1562,1588,1592,1554,1570
2007-03-21,201189,1579,1579,1691,1546,1579
2007-03-22,133038,1570,1575,1609,1541,1588
2007-03-23,204800,1570,1605,1648,1571,1583
2007-03-26,140727,1588,1588,1635,1554,1596
2007-03-27,156571,1579,1635,1656,1600,1588
2007-03-28,190587,1605,1652,1682,1617,1626
2007-03-29,418803,1635,1751,1759,1714,1639
2007-03-30,1486605,1733,2012,2012,1970,1751
2007-04-02,3135140,2047,2313,2313,2264,2128
2007-04-03,2186513,2360,2450,2613,2399,2523
2007-04-04,2191872,2403,2502,2798,2449,2403
2007-04-05,756525,2472,2532,2639,2478,2532
2007-04-06,878380,2463,2463,2738,2411,2592
2007-04-09,396086,2386,2429,2510,2378,2403
2007-04-10,356012,2446,2497,2618,2445,2446
2007-04-11,401678,2493,2570,2656,2516,2497
2007-04-12,472391,2545,2549,2734,2495,2635
2007-04-13,255126,2480,2485,2622,2432,2515
2007-04-16,3664964,2463,2854,2854,2794,2540
2007-04-17,2064542,2901,3279,3279,3210,2918
2007-04-18,4132579,3176,3768,3768,3689,3176
2007-04-19,6236147,3206,3206,4249,3138,3862
2007-04-20,1243245,3038,3180,3279,3113,3128
2007-04-23,1926494,3111,3176,3287,3109,3201
2007-04-24,768990,3141,3180,3231,3113,3150
2007-04-25,1589704,3154,3605,3656,3529,3154
2007-04-26,1299862,3446,3631,3776,3554,3570
2007-04-27,292055,3579,3609,3862,3533,3631
2007-04-30,243593,3613,3768,3811,3689,3643
2007-05-02,209809,3725,3738,3845,3659,3768
2007-05-03,123719,3673,3716,3759,3638,3678
2007-05-04,89818,3699,3776,3845,3697,3703
2007-05-07,231361,3734,3759,4064,3680,3768
2007-05-08,93546,3759,3819,3867,3739,3849
2007-05-09,373370,3824,3970,4180,3886,3824
2007-05-10,125000,3944,4085,4163,3999,3944
2007-05-11,133854,4034,4193,4193,4104,4120
2007-05-14,112069,4158,4193,4463,4104,4300
2007-05-15,86673,4120,4176,4291,4088,4291
2007-05-16,1382808,4141,4176,4429,4088,4176
2007-05-17,1265729,4034,4798,4798,4697,4034
2007-05-18,550444,4961,5510,5510,5394,4961
2007-05-21,1237537,5510,6334,6334,6201,5716
2007-05-22,1906224,5390,6223,6764,6092,6678
2007-05-23,524465,6317,7150,7150,6999,6695
2007-05-25,1644807,6086,6086,6644,5957,6309
2007-05-28,3773538,5176,5176,5622,5067,5193
2007-05-29,5499776,4403,4403,4807,4310,4729
2007-05-30,7879906,3751,3751,4163,3672,4120
2007-05-31,5368252,3188,3188,3648,3121,3605
2007-06-01,8131421,2729,2832,3060,2773,2965
2007-06-04,3121161,2725,2841,2970,2781,2837
2007-06-05,2484161,2515,2583,2957,2529,2918
2007-06-07,2403545,2485,2592,2686,2537,2626
2007-06-08,5447469,2558,2746,2978,2689,2613
2007-06-11,1531573,2545,2558,2789,2504,2789
2007-06-12,1595995,2429,2467,2609,2415,2592
2007-06-13,763282,2424,2459,2532,2407,2476
2007-06-14,854498,2450,2459,2575,2407,2497
2007-06-15,1034717,2463,2562,2592,2508,2485
2007-06-18,928590,2536,2536,2630,2483,2618
2007-06-19,927658,2420,2459,2575,2407,2558
2007-06-20,1284368,2154,2249,2489,2201,2489
2007-06-21,561394,2146,2240,2287,2193,2197
2007-06-22,451306,2223,2249,2339,2201,2339
2007-06-25,475886,2240,2304,2334,2256,2274
2007-06-26,534134,2197,2244,2326,2197,2321
2007-06-27,472158,2197,2287,2304,2239,2244
2007-06-28,4780413,2313,2339,2626,2289,2326
2007-06-29,631175,2279,2300,2347,2252,2347
2007-07-02,359157,2270,2296,2330,2247,2330
2007-07-03,430686,2261,2274,2309,2226,2300
2007-07-04,467265,2253,2339,2352,2289,2283
2007-07-05,361138,2279,2300,2403,2252,2352
2007-07-06,215285,2257,2304,2313,2256,2291
2007-07-09,230779,2287,2300,2360,2252,2313
2007-07-10,321296,2291,2291,2364,2243,2317
2007-07-11,1086675,2257,2364,2515,2315,2291
2007-07-12,485555,2279,2287,2399,2239,2377
2007-07-13,281221,2274,2296,2321,2247,2291
2007-07-16,348323,2266,2283,2317,2235,2309
2007-07-18,426725,2180,2218,2300,2172,2283
2007-07-19,255243,2167,2176,2249,2130,2218
2007-07-20,339586,2120,2133,2197,2088,2176
2007-07-23,368127,1982,2055,2137,2012,2137
2007-07-24,338770,1931,1948,2073,1907,2055
2007-07-25,351818,1909,2042,2098,1999,1995
2007-07-26,248835,1991,1991,2146,1949,2146
2007-07-27,238467,1944,1961,2034,1920,1982
2007-07-30,115098,1944,1995,2012,1953,1961
2007-07-31,269222,2000,2060,2111,2016,2008
2007-08-01,180219,1957,1965,2090,1924,2077
2007-08-02,125816,1892,1918,2008,1878,1991
2007-08-03,192568,1927,1961,2042,1920,1927
2007-08-06,184879,1931,2017,2038,1974,1957
2007-08-07,3184651,2021,2317,2317,2268,2051
2007-08-08,3318971,2154,2283,2618,2235,2416
2007-08-09,1116498,2188,2364,2364,2315,2309
2007-08-10,791241,2206,2266,2330,2218,2296
2007-08-14,619409,1961,2008,2184,1966,2150
2007-08-16,713422,1708,1708,1952,1672,1879
2007-08-17,411697,1562,1725,1768,1689,1708
2007-08-20,296482,1764,1867,1927,1827,1845
2007-08-21,251049,1828,1901,2047,1861,1879
2007-08-22,447228,1875,2060,2141,2016,1901
2007-08-23,216450,1965,1991,2111,1949,2103
2007-08-24,101934,1914,1957,2030,1915,2030
2007-08-27,170201,1970,2021,2051,1978,2000
2007-08-28,87721,1931,1965,2055,1924,2021
2007-08-29,150047,1862,1914,1935,1873,1862
2007-08-30,103099,1931,1961,2008,1920,1939
2007-08-31,156804,1931,1982,2000,1941,1965
2007-09-03,172414,1948,1965,2038,1924,2004
2007-09-04,152493,1914,1922,2000,1882,1991
2007-09-05,91566,1922,1957,1978,1915,1927
2007-09-06,89702,1935,1982,1995,1941,1961
2007-09-07,138630,1970,1982,2038,1941,1995
2007-09-10,162395,1879,1914,1927,1873,1901
2007-09-11,120806,1914,1935,1961,1894,1952
2007-09-12,130359,1879,1888,1965,1848,1935
2007-09-13,79101,1871,1927,1957,1886,1905
2007-09-14,195364,1905,1970,1982,1928,1948
2007-09-17,1185463,2008,2193,2257,2147,2008
2007-09-18,1088539,2103,2313,2429,2264,2206
2007-09-19,1278544,2343,2489,2566,2436,2403
2007-09-20,844712,2369,2429,2570,2378,2570
2007-09-21,742429,2193,2231,2394,2184,2347
2007-09-27,875933,2201,2480,2562,2428,2249
2007-09-28,467382,2326,2412,2566,2361,2497
2007-10-01,361953,2317,2424,2510,2373,2437
2007-10-02,2293107,2360,2785,2785,2726,2472
2007-10-04,4081204,2798,3201,3201,3134,2897
2007-10-05,3469134,2806,2987,3300,2924,3197
2007-10-08,3892714,2918,3004,3433,2941,3073
2007-10-09,2880247,2553,2553,3154,2499,3004
2007-10-10,2724142,2429,2592,2819,2537,2575
2007-10-11,1479033,2596,2648,2806,2592,2609
2007-10-12,1218432,2433,2746,2755,2689,2686
2007-10-15,2072347,2678,3158,3158,3092,2772
2007-10-16,4878503,2686,2914,3570,2852,3180
2007-10-17,1993829,2661,2982,3073,2920,2841
2007-10-18,2470997,3012,3347,3425,3277,3012
2007-10-19,2764101,3261,3390,3755,3319,3433
2007-10-22,1317337,2918,2970,3201,2907,2940
2007-10-23,968198,2987,3017,3218,2953,3115
2007-10-24,1618013,2566,2592,3103,2537,3073
2007-10-25,1198744,2274,2403,2738,2352,2497
2007-10-26,796367,2326,2386,2515,2336,2467
2007-10-29,835393,2424,2592,2648,2537,2442
2007-10-30,508039,2459,2536,2635,2483,2626
2007-10-31,666823,2489,2575,2721,2520,2532
2007-11-01,508272,2532,2635,2678,2579,2549
2007-11-02,559996,2472,2510,2618,2457,2489
2007-11-05,473906,2373,2420,2532,2369,2532
2007-11-06,415891,2416,2459,2506,2407,2472
2007-11-07,711558,2214,2231,2497,2184,2497
2007-11-08,984974,2042,2326,2437,2277,2103
2007-11-09,395970,2184,2206,2394,2159,2386
2007-11-12,327703,2068,2146,2253,2100,2180
2007-11-13,350303,2120,2201,2201,2155,2146
2007-11-14,575374,2279,2412,2424,2361,2291
2007-11-15,358924,2326,2386,2446,2336,2424
2007-11-16,919270,2429,2527,2661,2474,2489
2007-11-19,374768,2403,2429,2583,2378,2540
2007-11-20,285066,2257,2360,2412,2310,2412
2007-11-21,279008,2274,2317,2412,2268,2403
2007-11-22,248369,2188,2249,2317,2201,2240
2007-11-23,385602,2042,2146,2304,2100,2214
2007-11-26,483575,2253,2334,2420,2285,2386
2007-11-27,304987,2154,2231,2283,2184,2266
2007-11-28,373719,2188,2266,2386,2218,2231
2007-11-29,220177,2240,2317,2369,2268,2313
2007-11-30,410532,2270,2429,2433,2378,2317
2007-12-03,357992,2369,2502,2523,2449,2433
2007-12-04,1127215,2446,2721,2738,2663,2480
2007-12-05,433948,2588,2665,2721,2609,2699
2007-12-06,464237,2596,2746,2746,2689,2729
2007-12-07,600187,2643,2746,2832,2689,2742
2007-12-10,995808,2583,2661,2867,2605,2751
2007-12-11,655989,2437,2480,2661,2428,2622
2007-12-12,1068035,2489,2523,2785,2470,2566
2007-12-13,233458,2472,2493,2562,2441,2540
2007-12-14,230080,2446,2575,2575,2520,2493
2007-12-17,323509,2532,2596,2635,2541,2583
2007-12-18,694782,2506,2721,2738,2663,2566
2007-12-20,1324094,2622,2626,2875,2571,2734
2007-12-21,649349,2545,2781,2789,2722,2643
2007-12-24,502098,2635,2635,2841,2579,2806
2007-12-26,364865,2532,2558,2686,2504,2635
2007-12-27,291124,2407,2575,2592,2520,2519
2007-12-28,250031,2523,2661,2661,2605,2532
2008-01-02,120980,2575,2579,2656,2525,2652
2008-01-03,253873,2360,2463,2566,2411,2566
2008-01-04,191658,2403,2476,2558,2424,2467
2008-01-07,217846,2356,2369,2476,2319,2369
2008-01-08,273196,2231,2261,2399,2214,2399
2008-01-09,236996,2146,2210,2240,2163,2240
2008-01-10,162498,2210,2244,2291,2197,2257
2008-01-11,142385,2231,2236,2317,2189,2249
2008-01-14,98739,2146,2206,2261,2159,2197
2008-01-15,251903,2025,2042,2231,1999,2231
2008-01-16,155749,1888,1974,2017,1932,1974
2008-01-17,82783,1978,2042,2055,1999,2008
2008-01-18,54641,1974,2051,2060,2008,2047
2008-01-21,73224,1982,1982,2128,1941,2077
2008-01-22,144750,1742,1832,1974,1794,1939
2008-01-23,78945,1849,1892,2000,1852,1854
2008-01-24,68841,1871,1948,2017,1907,1935
2008-01-25,121425,1948,2038,2094,1995,2021
2008-01-28,62594,1948,1965,2038,1924,2038
2008-01-29,60911,1909,1939,2042,1899,2008
2008-01-30,75230,1862,1892,2000,1852,1982
2008-01-31,62752,1811,1922,1927,1882,1897
2008-02-01,59836,1888,1931,1974,1890,1922
2008-02-04,55597,1931,1970,1974,1928,1948
2008-02-05,66707,1935,1974,2004,1932,1935
2008-02-11,43081,1716,1909,1952,1869,1931
2008-02-12,42638,1897,1965,1965,1924,1965
2008-02-13,65153,1931,1974,1995,1932,1961
2008-02-14,63092,1931,1982,2000,1941,1944
2008-02-15,40613,1931,1974,2000,1932,2000
2008-02-18,56215,1931,1974,2000,1932,1991
2008-02-19,64336,1965,2021,2060,1978,2060
2008-02-20,66805,1982,2030,2055,1987,1982
2008-02-21,81753,1961,2008,2030,1966,2030
2008-02-22,88497,1939,1982,2000,1941,1982
2008-02-25,99884,1922,1991,2000,1949,2000
2008-02-26,37766,1944,1944,2000,1903,2000
2008-02-27,33561,1939,1957,1982,1915,1974
2008-02-28,25054,1944,1952,1991,1911,1974
2008-02-29,91187,1922,1939,1965,1899,1939
2008-03-03,79130,1888,1974,2017,1932,1897
2008-03-04,150950,1845,1918,1974,1878,1974
2008-03-05,115930,1871,1922,1939,1882,1888
2008-03-06,37081,1858,1897,1939,1857,1922
2008-03-07,78968,1802,1849,1888,1810,1888
2008-03-10,92091,1729,1742,1836,1705,1759
2008-03-11,40756,1686,1742,1764,1705,1716
2008-03-12,57537,1742,1781,1836,1743,1798
2008-03-13,39121,1746,1785,1815,1747,1759
2008-03-14,52134,1785,1789,1824,1752,1798
2008-03-17,86135,1665,1755,1802,1718,1789
2008-03-18,57601,1665,1712,1759,1676,1703
2008-03-19,68608,1682,1712,1751,1676,1751
2008-03-20,50521,1661,1712,1716,1676,1716
2008-03-21,42450,1678,1703,1725,1668,1712
2008-03-24,43983,1686,1725,1738,1689,1686
2008-03-25,53572,1733,1776,1785,1739,1733
2008-03-26,41711,1742,1785,1794,1747,1746
2008-03-27,49463,1742,1768,1785,1731,1785
2008-03-28,30806,1738,1764,1789,1726,1759
2008-03-31,50877,1716,1721,1764,1684,1751
2008-04-01,29736,1699,1721,1759,1684,1716
2008-04-02,643569,1716,1978,1978,1936,1751
2008-04-03,272584,1884,1909,1987,1869,1974
2008-04-04,661179,1879,1888,2146,1848,2146
2008-04-07,541455,1982,2012,2120,1970,2060
2008-04-08,234506,1922,1922,2128,1882,2090
2008-04-10,114910,1892,1939,2004,1899,2004
2008-04-11,573750,1957,2004,2146,1962,1970
2008-04-14,273551,1987,2025,2098,1983,2055
2008-04-15,168405,1961,1974,2060,1932,2060
2008-04-16,111179,1922,1939,2051,1899,2051
2008-04-17,138421,1858,1888,1974,1848,1974
2008-04-18,132486,1768,1828,1875,1789,1862
2008-04-21,155328,1764,1781,1828,1743,1802
2008-04-22,304342,1781,1832,1888,1794,1828
2008-04-23,116762,1768,1768,1819,1731,1798
2008-04-24,89930,1716,1759,1785,1722,1768
2008-04-25,34408,1751,1768,1785,1731,1776
2008-04-28,85732,1716,1733,1781,1697,1768
2008-04-29,71863,1699,1721,1746,1684,1729
2008-04-30,79518,1716,1738,1772,1701,1721
2008-05-02,113906,1759,1819,1824,1781,1759
2008-05-06,832543,1832,2090,2090,2046,1832
2008-05-07,2920648,2068,2111,2403,2067,2317
2008-05-08,682406,2017,2060,2137,2016,2051
2008-05-09,426875,1931,1944,2090,1903,2090
2008-05-13,885917,1995,2051,2141,2008,2055
2008-05-14,407064,1948,1974,2137,1932,2137
2008-05-15,232970,1879,1935,2012,1894,1974
2008-05-16,213625,1892,1974,1995,1932,1948
2008-05-19,206982,1884,1922,1991,1882,1982
2008-05-20,383343,1742,1768,1905,1731,1888
2008-05-21,112946,1742,1785,1794,1747,1764
2008-05-22,116626,1746,1755,1832,1718,1781
2008-05-23,85713,1751,1764,1794,1726,1755
2008-05-26,127457,1708,1729,1759,1693,1721
2008-05-27,71922,1721,1738,1776,1701,1776
2008-05-28,76312,1733,1759,1789,1722,1733
2008-05-29,80309,1746,1776,1789,1739,1789
2008-05-30,170245,1764,1854,1879,1815,1776
2008-06-02,81603,1794,1841,1879,1802,1862
2008-06-03,59599,1811,1828,1875,1789,1811
2008-06-04,46504,1832,1849,1862,1810,1836
2008-06-05,62733,1785,1845,1858,1806,1858
2008-06-09,52895,1772,1806,1828,1768,1806
2008-06-10,87341,1776,1802,1815,1764,1776
2008-06-11,34477,1781,1828,1845,1789,1781
2008-06-12,53440,1794,1824,1879,1785,1871
2008-06-13,67407,1772,1802,1845,1764,1815
2008-06-16,33360,1785,1841,1858,1802,1789
2008-06-17,48440,1794,1841,1871,1802,1824
2008-06-18,80676,1802,1862,1871,1823,1845
2008-06-19,33772,1828,1862,1871,1823,1871
2008-06-20,128358,1841,1931,1970,1890,1862
2008-06-23,174282,1871,1909,1974,1869,1897
2008-06-24,36109,1901,1927,1939,1886,1939
2008-06-25,34676,1836,1888,1965,1848,1965
2008-06-26,110782,1819,1905,1939,1865,1922
2008-06-27,69020,1845,1888,1892,1848,1845
2008-06-30,14840,1845,1854,1897,1815,1854
2008-07-01,74973,1802,1832,1854,1794,1836
2008-07-02,90081,1742,1802,1845,1764,1811
2008-07-03,60338,1716,1798,1811,1760,1733
2008-07-04,11434,1725,1759,1802,1722,1802
2008-07-07,23274,1635,1738,1785,1701,1785
2008-07-08,71263,1626,1699,1742,1663,1742
2008-07-09,39782,1656,1716,1733,1680,1673
2008-07-10,51017,1613,1695,1716,1659,1703
2008-07-11,44008,1661,1695,1716,1659,1661
2008-07-14,23668,1622,1686,1699,1651,1656
2008-07-15,22649,1639,1669,1682,1634,1648
2008-07-16,6408,1652,1669,1699,1634,1673
2008-07-17,10122,1669,1669,1686,1634,1673
2008-07-18,27111,1635,1665,1682,1630,1669
2008-07-21,44962,1545,1661,1673,1626,1673
2008-07-22,23533,1596,1665,1665,1630,1596
2008-07-23,17667,1643,1691,1699,1655,1643
2008-07-24,34567,1699,1746,1768,1710,1699
2008-07-25,19858,1682,1733,1759,1697,1746
2008-07-28,253916,1708,1905,1961,1865,1708
2008-07-29,108807,1733,1742,1897,1705,1819
2008-07-30,49511,1725,1738,1772,1701,1772
2008-07-31,57549,1635,1682,1751,1647,1733
2008-08-01,28891,1630,1673,1691,1638,1639
2008-08-04,28309,1618,1665,1691,1630,1691
2008-08-05,55918,1622,1626,1673,1592,1673
2008-08-06,39143,1613,1669,1669,1634,1630
2008-08-07,16426,1639,1678,1691,1642,1691
2008-08-08,5359,1639,1665,1678,1630,1639
2008-08-11,5009,1665,1665,1699,1630,1695
2008-08-12,15028,1643,1673,1682,1638,1682
2008-08-13,62558,1630,1669,1682,1634,1682
2008-08-14,106361,1588,1652,1673,1617,1639
2008-08-18,82868,1652,1669,1682,1634,1652
2008-08-19,18998,1635,1661,1669,1626,1669
2008-08-20,21759,1613,1656,1661,1621,1630
2008-08-21,24528,1613,1652,1656,1617,1648
2008-08-22,20525,1600,1630,1639,1596,1613
2008-08-25,7254,1605,1630,1652,1596,1639
2008-08-26,4907,1570,1643,1725,1609,1575
2008-08-27,15857,1570,1630,1639,1596,1605
2008-08-28,6552,1596,1639,1643,1605,1643
2008-08-29,6848,1618,1639,1656,1605,1656
2008-09-01,60940,1592,1630,1648,1596,1639
2008-09-02,68615,1450,1600,1622,1567,1588
2008-09-03,16387,1485,1575,1613,1541,1485
2008-09-04,18201,1532,1609,1630,1575,1575
2008-09-05,18935,1510,1592,1618,1558,1540
2008-09-08,27751,1545,1626,1699,1592,1592
2008-09-09,9845,1596,1643,1673,1609,1673
2008-09-10,17326,1600,1648,1648,1613,1600
2008-09-11,30610,1562,1648,1656,1613,1630
2008-09-12,25246,1605,1648,1661,1613,1605
2008-09-16,66426,1416,1502,1536,1470,1536
2008-09-17,23501,1437,1545,1588,1512,1437
2008-09-18,39140,1467,1527,1545,1495,1472
2008-09-19,11259,1510,1583,1583,1550,1519
2008-09-22,16038,1553,1605,1622,1571,1553
2008-09-23,4086,1557,1605,1622,1571,1570
2008-09-24,10308,1549,1600,1622,1567,1622
2008-09-25,22223,1570,1630,1656,1596,1600
2008-09-26,18919,1588,1626,1656,1592,1630
2008-09-29,20365,1583,1630,1648,1596,1648
2008-09-30,31787,1502,1588,1605,1554,1588
2008-10-01,12414,1553,1570,1630,1537,1566
2008-10-02,9780,1510,1562,1588,1529,1527
2008-10-06,34628,1454,1502,1557,1470,1557
2008-10-07,15800,1416,1459,1459,1428,1420
2008-10-08,13834,1296,1407,1480,1378,1424
2008-10-09,31007,1291,1351,1390,1323,1390
2008-10-10,59236,1150,1231,1356,1205,1279
2008-10-13,18316,1218,1270,1287,1243,1236
2008-10-14,16613,1309,1347,1373,1319,1373
2008-10-15,12917,1300,1304,1330,1277,1330
2008-10-16,25680,1120,1201,1287,1176,1167
2008-10-17,19328,1115,1180,1236,1155,1184
2008-10-20,7973,1124,1193,1248,1168,1124
2008-10-21,13300,1167,1193,1231,1168,1201
2008-10-22,16535,1124,1171,1218,1147,1141
2008-10-23,25205,1000,1107,1180,1084,1042
2008-10-24,9916,944,944,1115,924,1073
2008-10-27,53618,802,824,918,806,918
2008-10-28,69011,703,854,935,836,703
2008-10-29,64116,763,811,944,794,862
2008-10-30,57349,806,875,909,857,806
2008-10-31,62204,832,871,879,852,832
2008-11-03,50219,862,961,969,941,927
2008-11-04,30941,888,961,991,941,991
2008-11-05,59983,961,1034,1064,1012,1021
2008-11-06,39524,884,931,1030,911,944
2008-11-07,36851,832,965,969,945,832
2008-11-10,164372,987,1107,1107,1084,987
2008-11-11,113422,1064,1073,1201,1050,1188
2008-11-12,44896,1004,1047,1068,1025,1004
2008-11-13,21074,944,978,1042,957,1012
2008-11-14,11830,991,1008,1051,987,1000
2008-11-17,17620,901,1008,1012,987,1008
2008-11-18,19024,978,1012,1107,991,1017
2008-11-19,4849,914,969,1085,949,1085
2008-11-20,42516,858,866,969,848,969
2008-11-21,9944,802,909,918,890,849
2008-11-24,12527,858,905,1000,886,858
2008-11-25,13652,875,909,944,890,944
2008-11-26,37584,875,944,995,924,995
2008-11-27,35521,901,944,1021,924,1021
2008-11-28,18830,905,927,944,907,944
2008-12-01,17915,892,909,944,890,901
2008-12-02,8599,841,879,909,861,884
2008-12-03,33811,849,849,927,831,927
2008-12-04,23392,841,871,918,852,871
2008-12-05,6328,858,871,897,852,875
2008-12-08,17432,879,914,927,894,884
2008-12-09,12572,884,892,927,873,918
2008-12-10,199167,952,1025,1025,1004,961
2008-12-11,582877,965,1047,1167,1025,1085
2008-12-12,97656,965,1008,1047,987,1047
2008-12-15,90160,969,1055,1064,1033,987
2008-12-16,100529,995,1055,1073,1033,1017
2008-12-17,310778,1090,1167,1197,1142,1158
2008-12-18,103697,1034,1103,1180,1079,1180
2008-12-19,50708,1047,1115,1115,1092,1103
2008-12-22,46485,1085,1090,1145,1067,1145
2008-12-23,38078,1034,1038,1103,1016,1064
2008-12-24,31819,957,978,1030,957,1030
2008-12-26,43832,961,969,1030,949,978
2008-12-29,18745,901,957,987,936,969
2008-12-30,9452,918,982,1008,962,918
2009-01-02,22112,961,987,987,966,982
2009-01-05,58977,969,1030,1030,1008,995
2009-01-06,46731,995,1047,1047,1025,995
2009-01-07,112643,1060,1094,1158,1071,1124
2009-01-08,49020,1068,1094,1120,1071,1120
2009-01-09,450761,1055,1257,1257,1231,1055
2009-01-12,196025,1120,1120,1244,1096,1244
2009-01-13,41396,1124,1145,1163,1121,1141
2009-01-14,44871,1090,1141,1141,1117,1124
2009-01-15,45379,1055,1055,1176,1033,1176
2009-01-16,28847,1042,1064,1111,1042,1055
2009-01-19,48462,1098,1115,1150,1092,1107
2009-01-20,40360,1055,1055,1150,1033,1150
2009-01-21,34192,1021,1060,1060,1037,1055
2009-01-22,54253,1055,1077,1094,1054,1064
2009-01-23,50128,1034,1051,1068,1029,1064
2009-01-28,11814,1064,1090,1098,1067,1098
2009-01-29,105805,1060,1068,1111,1046,1090
2009-01-30,30757,1038,1081,1090,1058,1038
2009-02-02,45741,1055,1094,1115,1071,1098
2009-02-03,22618,1068,1094,1111,1071,1098
2009-02-04,49513,1098,1115,1154,1092,1150
2009-02-05,90618,1055,1111,1141,1088,1115
2009-02-06,69495,1073,1103,1115,1079,1111
2009-02-09,18594,1085,1094,1111,1071,1111
2009-02-10,58537,1073,1098,1141,1075,1077
2009-02-11,40111,1073,1103,1145,1079,1090
2009-02-12,50588,1090,1090,1137,1067,1094
2009-02-13,188619,1077,1141,1171,1117,1115
2009-02-16,152011,1120,1141,1218,1117,1158
2009-02-17,870693,1137,1300,1309,1273,1171
2009-02-18,643392,1154,1309,1334,1281,1244
2009-02-19,452699,1244,1261,1412,1235,1309
2009-02-20,324480,1150,1227,1274,1201,1244
2009-02-23,363499,1210,1236,1373,1210,1360
2009-02-24,135370,1103,1154,1206,1130,1158
2009-02-25,123801,1081,1103,1184,1079,1167
2009-02-26,75534,1004,1030,1141,1008,1107
2009-02-27,65594,991,1004,1042,983,1030
2009-03-02,56077,935,944,1008,924,969
2009-03-03,45001,832,922,931,903,832
2009-03-04,27914,901,969,1012,949,901
2009-03-05,46892,944,1012,1012,991,952
2009-03-06,29983,944,974,1008,953,944
2009-03-09,98284,1008,1064,1090,1042,1038
2009-03-10,47328,991,1030,1073,1008,1021
2009-03-11,48418,1008,1025,1060,1004,1034
2009-03-12,32802,995,1004,1060,983,1060
2009-03-13,77832,1004,1038,1055,1016,1008
2009-03-16,31717,1017,1021,1060,999,1060
2009-03-17,49727,1004,1030,1038,1008,1038
2009-03-18,44245,1025,1064,1073,1042,1025
2009-03-19,65807,1030,1047,1081,1025,1081
2009-03-20,38543,1042,1047,1064,1025,1064
2009-03-23,14,1081,1081,1081,1058,1081
2009-03-24,75664,1055,1077,1111,1054,1055
2009-03-25,130421,1077,1137,1171,1113,1107
2009-03-26,104661,1107,1171,1184,1147,1137
2009-03-27,86524,1111,1111,1176,1088,1171
2009-03-30,28010,1090,1111,1137,1088,1111
2009-03-31,56080,1068,1068,1115,1046,1115
2009-04-01,113029,1051,1064,1085,1042,1081
2009-04-02,43651,1064,1090,1098,1067,1085
2009-04-03,48055,1085,1085,1115,1063,1115
2009-04-06,120414,1081,1107,1133,1084,1094
2009-04-07,299336,1115,1201,1223,1176,1141
2009-04-08,117249,1145,1193,1197,1168,1184
2009-04-09,170802,1184,1223,1274,1197,1236
2009-04-10,452424,1231,1403,1403,1373,1270
2009-04-13,589671,1416,1613,1613,1579,1502
2009-04-14,642540,1527,1579,1802,1546,1759
2009-04-15,486975,1343,1416,1583,1386,1519
2009-04-16,188740,1399,1399,1459,1369,1442
2009-04-17,187633,1253,1339,1412,1310,1382
2009-04-20,212893,1313,1532,1532,1499,1377
2009-04-21,228981,1429,1463,1523,1432,1429
2009-04-22,82954,1476,1480,1536,1449,1480
2009-04-23,140445,1480,1553,1605,1520,1532
2009-04-24,215198,1480,1480,1626,1449,1570
2009-04-27,48819,1699,1699,1699,1663,1699
2009-04-28,54663,1952,1952,1952,1911,1952
2009-04-29,8399872,2008,2244,2244,2197,2188
2009-04-30,5100759,1991,2021,2283,1978,2128
2009-05-04,2414304,1721,1721,2021,1684,2021
2009-05-06,900429,1695,1708,1789,1672,1716
2009-05-07,1685589,1742,1836,1888,1798,1759
2009-05-08,1000586,1656,1725,1789,1689,1776
2009-05-11,1408135,1742,1811,1944,1773,1794
2009-05-12,1763928,1716,1836,1952,1798,1845
2009-05-13,697007,1716,1729,1824,1693,1785
2009-05-14,417939,1708,1729,1781,1693,1721
2009-05-15,405591,1716,1721,1824,1684,1755
2009-05-18,1776585,1948,1978,1978,1936,1948
2009-05-19,4623757,1802,1909,2146,1869,1888
2009-05-20,978077,1802,1871,1914,1831,1909
2009-05-21,551910,1811,1871,1879,1831,1879
2009-05-22,439256,1764,1768,1845,1731,1824
2009-05-25,1047572,1506,1738,1965,1701,1897
2009-05-26,455615,1588,1588,1751,1554,1751
2009-05-27,467822,1506,1510,1630,1478,1605
2009-05-28,384325,1313,1437,1510,1407,1459
2009-05-29,263873,1459,1476,1575,1445,1472
2009-06-01,148763,1424,1506,1510,1474,1476
2009-06-02,227450,1489,1497,1545,1466,1536
2009-06-03,1135174,1493,1721,1721,1684,1523
2009-06-04,741780,1536,1583,1665,1550,1643
2009-06-05,262391,1506,1540,1622,1508,1583
2009-06-08,158360,1485,1523,1570,1491,1519
2009-06-09,257950,1433,1463,1549,1432,1527
2009-06-10,133913,1459,1497,1527,1466,1489
2009-06-11,188381,1485,1545,1579,1512,1502
2009-06-12,536263,1557,1579,1708,1546,1630
2009-06-15,90482,1502,1536,1596,1504,1596
2009-06-16,71767,1489,1532,1536,1499,1493
2009-06-17,134687,1485,1527,1570,1495,1485
2009-06-18,95651,1485,1489,1545,1457,1527
2009-06-19,79742,1437,1459,1510,1428,1493
2009-06-22,43290,1467,1476,1515,1445,1515
2009-06-23,91114,1399,1416,1485,1386,1416
2009-06-24,128965,1334,1382,1412,1352,1390
2009-06-25,60742,1360,1390,1424,1361,1360
2009-06-26,73907,1382,1424,1459,1394,1390
2009-06-29,53514,1394,1424,1467,1394,1459
2009-06-30,43222,1330,1356,1446,1327,1442
2009-07-01,28537,1339,1373,1420,1344,1369
2009-07-02,20047,1369,1399,1416,1369,1416
2009-07-03,407786,1364,1467,1545,1436,1364
2009-07-06,91889,1442,1459,1497,1428,1476
2009-07-07,86270,1433,1463,1489,1432,1489
2009-07-08,47889,1429,1459,1476,1428,1476
2009-07-09,95784,1416,1450,1480,1420,1459
2009-07-10,68797,1416,1424,1485,1394,1437
2009-07-13,80035,1386,1420,1459,1390,1424
2009-07-14,46142,1330,1394,1450,1365,1450
2009-07-15,48025,1364,1424,1472,1394,1394
2009-07-16,156206,1390,1476,1476,1445,1412
2009-07-17,254474,1424,1463,1527,1432,1472
2009-07-20,684777,1485,1527,1652,1495,1485
2009-07-21,242390,1476,1515,1553,1483,1553
2009-07-22,136800,1476,1502,1532,1470,1527
2009-07-23,535696,1502,1549,1648,1516,1515
2009-07-24,170607,1536,1570,1579,1537,1562
2009-07-27,99676,1540,1553,1609,1520,1609
2009-07-28,151956,1497,1502,1545,1470,1545
2009-07-29,71594,1485,1485,1545,1453,1527
2009-07-30,55704,1485,1519,1536,1487,1485
2009-07-31,66104,1515,1532,1553,1499,1545
2009-08-03,76138,1510,1532,1545,1499,1527
2009-08-04,643799,1502,1562,1673,1529,1545
2009-08-05,139517,1545,1575,1613,1541,1562
2009-08-06,95092,1536,1536,1592,1504,1549
2009-08-07,84988,1515,1536,1570,1504,1536
2009-08-10,265694,1527,1579,1605,1546,1536
2009-08-11,80270,1540,1575,1588,1541,1588
2009-08-12,95620,1545,1575,1592,1541,1549
2009-08-13,193173,1562,1600,1613,1567,1579
2009-08-14,312300,1588,1630,1665,1596,1613
2009-08-17,1015171,1824,1875,1875,1836,1875
2009-08-18,2794321,1673,1721,1974,1684,1862
2009-08-19,1956757,1588,1751,1828,1714,1721
2009-08-20,2273621,1751,1888,1974,1848,1772
2009-08-21,1621264,1948,2171,2171,2126,1987
2009-08-24,1956496,2360,2493,2493,2441,2489
2009-08-25,4575207,2249,2626,2862,2571,2575
2009-08-26,2164293,2403,2545,2738,2491,2622
2009-08-27,1625278,2206,2304,2609,2256,2545
2009-08-28,3361751,2360,2575,2648,2520,2390
2009-08-31,1739748,2188,2188,2489,2142,2450
2009-09-01,1641384,2051,2223,2283,2176,2180
2009-09-02,888572,1982,2042,2201,1999,2188
2009-09-03,973932,1897,1901,2150,1861,2107
2009-09-04,1720983,1785,1948,2038,1907,1897
2009-09-07,700940,1811,1836,1931,1798,1931
2009-09-08,895831,1828,1862,1948,1823,1858
2009-09-09,534799,1776,1811,1918,1773,1862
2009-09-10,351946,1772,1832,1854,1794,1811
2009-09-11,748095,1819,1884,1982,1844,1871
2009-09-14,490015,1764,1798,1931,1760,1892
2009-09-15,304674,1721,1802,1802,1764,1785
2009-09-16,262373,1751,1776,1832,1739,1832
2009-09-17,3308109,1746,2042,2042,1999,1781
2009-09-18,2104642,1862,1909,2133,1869,2103
2009-09-21,855935,1811,1879,1965,1840,1897
2009-09-22,484106,1867,1884,1927,1844,1897
2009-09-23,407477,1828,1828,1884,1789,1867
2009-09-24,300429,1785,1785,1836,1747,1819
2009-09-25,211299,1716,1785,1811,1747,1785
2009-09-28,152152,1742,1755,1789,1718,1768
2009-09-29,159061,1699,1712,1759,1676,1759
2009-09-30,350387,1656,1678,1785,1642,1712
2009-10-01,105780,1648,1673,1699,1638,1678
2009-10-05,144163,1596,1613,1673,1579,1673
2009-10-06,113393,1596,1622,1643,1588,1613
2009-10-07,211733,1622,1673,1733,1638,1630
2009-10-08,66110,1643,1673,1699,1638,1673
2009-10-09,83834,1639,1691,1708,1655,1643
2009-10-12,437480,1712,1751,1879,1714,1712
2009-10-13,132293,1712,1712,1776,1676,1776
2009-10-14,67800,1673,1729,1738,1693,1708
2009-10-15,58080,1695,1733,1742,1697,1721
2009-10-16,43835,1703,1751,1759,1714,1759
2009-10-19,148553,1759,1824,1836,1785,1794
2009-10-20,1335616,1815,1931,1991,1890,1862
2009-10-21,2261348,1901,2008,2146,1966,1931
2009-10-22,801271,1725,1742,2017,1705,2017
2009-10-23,303428,1733,1785,1811,1747,1751
2009-10-26,1056371,1931,2051,2051,2008,1931
2009-10-27,3404631,1849,1974,2240,1932,2103
2009-10-28,1036616,1776,1824,1931,1785,1918
2009-10-29,570694,1781,1828,1871,1789,1858
2009-10-30,284488,1794,1819,1854,1781,1828
2009-11-02,715962,1824,1828,1952,1789,1858
2009-11-03,492959,1751,1755,1862,1718,1845
2009-11-04,287044,1699,1742,1781,1705,1781
2009-11-05,240784,1729,1751,1794,1714,1729
2009-11-06,158072,1721,1742,1772,1705,1768
2009-11-09,187957,1738,1746,1781,1710,1759
2009-11-10,234339,1742,1772,1776,1735,1751
2009-11-11,1188562,1772,1794,1935,1756,1841
2009-11-12,266473,1785,1806,1871,1768,1794
2009-11-13,142282,1772,1828,1841,1789,1841
2009-11-16,194089,1712,1729,1824,1693,1824
2009-11-17,416663,1669,1785,1845,1747,1708
2009-11-18,178267,1703,1721,1785,1684,1785
2009-11-19,116766,1708,1725,1742,1689,1729
2009-11-20,92939,1708,1729,1746,1693,1716
2009-11-23,108599,1708,1716,1738,1680,1733
2009-11-24,175272,1639,1686,1708,1651,1682
2009-11-25,99390,1678,1712,1721,1676,1686
2009-11-26,67090,1673,1678,1742,1642,1695
2009-11-27,179672,1562,1592,1673,1558,1665
2009-11-30,91576,1579,1652,1656,1617,1592
2009-12-01,87712,1605,1656,1669,1621,1669
2009-12-02,104790,1622,1699,1703,1663,1630
2009-12-03,82821,1665,1686,1708,1651,1691
2009-12-04,98614,1613,1643,1673,1609,1673
2009-12-07,42525,1626,1635,1669,1600,1643
2009-12-08,96508,1622,1630,1686,1596,1626
2009-12-09,69771,1613,1669,1673,1634,1630
2009-12-10,50791,1630,1673,1673,1638,1669
2009-12-11,120177,1673,1725,1733,1689,1673
2009-12-14,360400,1716,1849,1897,1810,1716
2009-12-15,579873,1845,1858,2042,1819,1974
2009-12-16,219883,1781,1875,1879,1836,1854
2009-12-17,133156,1849,1888,1901,1848,1888
2009-12-18,106989,1858,1862,1888,1823,1879
2009-12-21,75185,1832,1849,1888,1810,1871
2009-12-22,74679,1768,1819,1858,1781,1832
2009-12-23,239880,1712,1755,1841,1718,1815
2009-12-24,109432,1712,1751,1785,1714,1716
2009-12-28,137993,1682,1708,1759,1672,1759
2009-12-29,71737,1682,1742,1759,1705,1682
2009-12-30,60772,1716,1789,1794,1752,1772
2010-01-04,72641,1742,1794,1798,1756,1759
2010-01-05,130184,1785,1836,1841,1798,1785
2010-01-06,263013,1824,1879,1961,1840,1888
2010-01-07,519543,1819,1961,1974,1920,1909
2010-01-08,585557,1871,1884,2077,1844,2077
2010-01-11,120719,1828,1845,1914,1806,1914
2010-01-12,130372,1845,1845,1927,1806,1845
2010-01-13,88891,1819,1832,1871,1794,1845
2010-01-14,134744,1832,1862,1948,1823,1871
2010-01-15,276659,1836,1914,1944,1873,1867
2010-01-18,144413,1849,1875,1909,1836,1909
2010-01-19,547535,1858,1974,2012,1932,1888
2010-01-20,461000,1918,1995,2030,1953,2030
2010-01-21,177494,1879,1892,1991,1852,1991
2010-01-22,173146,1811,1845,1884,1806,1841
2010-01-25,92756,1785,1789,1845,1752,1785
2010-01-26,67272,1768,1789,1888,1752,1802
2010-01-27,87970,1725,1764,1828,1726,1828
2010-01-28,85150,1648,1781,1781,1743,1733
2010-01-29,71230,1703,1708,1781,1672,1781
2010-02-01,62343,1695,1716,1751,1680,1742
2010-02-02,60545,1656,1682,1746,1647,1673
2010-02-03,46817,1673,1729,1733,1693,1716
2010-02-04,19466,1691,1708,1742,1672,1699
2010-02-05,104540,1588,1639,1699,1605,1673
2010-02-08,78455,1579,1579,1669,1546,1669
2010-02-09,86357,1506,1545,1579,1512,1545
2010-02-10,60481,1545,1596,1630,1563,1545
2010-02-11,18877,1566,1600,1626,1567,1596
2010-02-12,20000,1596,1652,1656,1617,1596
2010-02-16,28013,1613,1639,1652,1605,1630
2010-02-17,32999,1639,1665,1691,1630,1691
2010-02-18,22865,1600,1600,1682,1567,1669
2010-02-19,151629,1605,1708,1824,1672,1630
2010-02-22,46214,1673,1716,1751,1680,1673
2010-02-23,39180,1686,1721,1759,1684,1686
2010-02-24,23356,1673,1716,1742,1680,1712
2010-02-25,53903,1643,1673,1751,1638,1686
2010-02-26,19406,1630,1656,1673,1621,1673
2010-03-02,38475,1630,1661,1665,1626,1630
2010-03-03,39789,1630,1652,1699,1617,1661
2010-03-04,88927,1630,1656,1686,1621,1630
2010-03-05,58851,1630,1635,1673,1600,1669
2010-03-08,26228,1630,1639,1669,1605,1639
2010-03-09,56107,1622,1643,1656,1609,1656
2010-03-10,77180,1605,1613,1643,1579,1622
2010-03-11,33742,1588,1596,1639,1563,1630
2010-03-12,36813,1596,1613,1630,1579,1626
2010-03-15,46842,1579,1605,1630,1571,1613
2010-03-16,32832,1579,1596,1613,1563,1605
2010-03-17,81223,1583,1600,1609,1567,1583
2010-03-18,73394,1583,1630,1639,1596,1600
2010-03-19,39117,1600,1630,1639,1596,1635
2010-03-22,53015,1605,1635,1656,1600,1630
2010-03-23,73678,1622,1622,1648,1588,1635
2010-03-24,120575,1557,1583,1652,1550,1652
2010-03-25,108290,1515,1553,1588,1520,1583
2010-03-26,61977,1549,1549,1588,1516,1570
2010-03-29,106037,1519,1532,1579,1499,1527
2010-03-30,79163,1506,1523,1545,1491,1527
2010-03-31,88038,1497,1523,1545,1491,1545
2010-04-01,48164,1510,1523,1588,1491,1510
2010-04-02,35422,1510,1540,1553,1508,1553
2010-04-05,53313,1519,1527,1579,1495,1532
2010-04-06,48109,1502,1527,1553,1495,1510
2010-04-07,47033,1523,1545,1553,1512,1545
2010-04-08,57450,1506,1545,1545,1512,1545
2010-04-09,306823,1575,1575,1630,1541,1592
2010-04-12,1913279,1673,1811,1811,1773,1682
2010-04-13,1248772,1540,1592,1678,1558,1635
2010-04-14,672819,1588,1618,1686,1584,1661
2010-04-15,191261,1557,1609,1622,1575,1592
2010-04-16,99474,1570,1588,1600,1554,1596
2010-04-19,108030,1532,1532,1588,1499,1562
2010-04-20,1413773,1553,1716,1742,1680,1553
2010-04-21,1523097,1630,1669,1815,1634,1776
2010-04-22,2370795,1764,1918,1918,1878,1819
2010-04-23,3295169,1746,1759,2094,1722,2060
2010-04-26,1008431,1596,1609,1716,1575,1686
2010-04-27,394226,1562,1600,1605,1567,1566
2010-04-28,1163158,1613,1613,1712,1579,1639
2010-04-29,259050,1570,1588,1618,1554,1592
2010-04-30,265602,1570,1592,1609,1558,1596
2010-05-03,2069677,1742,1828,1828,1789,1742
2010-05-04,1136848,1648,1661,1733,1626,1733
2010-05-06,543038,1562,1643,1643,1609,1600
2010-05-07,685903,1588,1588,1673,1554,1630
2010-05-10,247412,1562,1579,1609,1546,1562
2010-05-11,208348,1570,1575,1613,1541,1596
2010-05-12,112353,1557,1575,1592,1541,1575
2010-05-13,170808,1553,1553,1588,1520,1566
2010-05-14,176035,1519,1527,1553,1495,1553
2010-05-17,121719,1467,1485,1566,1453,1527
2010-05-18,247192,1493,1493,1570,1462,1510
2010-05-19,113319,1442,1459,1493,1428,1493
2010-05-20,129362,1321,1343,1450,1315,1424
2010-05-24,168723,1266,1330,1373,1302,1296
2010-05-25,408120,1145,1248,1437,1222,1291
2010-05-26,90541,1214,1236,1304,1210,1248
2010-05-27,40870,1218,1266,1279,1239,1248
2010-05-28,142879,1274,1330,1356,1302,1287
2010-05-31,58016,1304,1382,1412,1352,1339
2010-06-01,116561,1360,1399,1433,1369,1382
2010-06-03,48916,1399,1429,1446,1399,1407
2010-06-04,83845,1429,1463,1472,1432,1459
2010-06-07,149203,1386,1429,1437,1399,1407
2010-06-08,51784,1390,1429,1433,1399,1390
2010-06-09,28136,1416,1424,1459,1394,1416
2010-06-10,41482,1394,1433,1437,1403,1394
2010-06-11,77534,1416,1472,1485,1441,1433
2010-06-14,54759,1442,1476,1485,1445,1446
2010-06-15,31590,1463,1485,1485,1453,1480
2010-06-16,21144,1446,1485,1506,1453,1446
2010-06-17,11770,1459,1476,1506,1445,1485
2010-06-18,79779,1454,1476,1502,1445,1489
2010-06-21,71898,1450,1472,1485,1441,1485
2010-06-22,33658,1459,1476,1485,1445,1472
2010-06-23,29718,1454,1459,1489,1428,1476
2010-06-24,16767,1416,1467,1476,1436,1433
2010-06-25,29305,1424,1467,1476,1436,1476
2010-06-28,23750,1446,1454,1489,1424,1485
2010-06-29,26028,1399,1412,1472,1382,1463
2010-06-30,65051,1382,1416,1446,1386,1416
2010-07-01,40500,1377,1403,1416,1373,1416
2010-07-02,29868,1377,1433,1450,1403,1403
2010-07-05,44969,1399,1433,1437,1403,1424
2010-07-06,17760,1399,1433,1433,1403,1403
2010-07-07,23001,1403,1424,1442,1394,1442
2010-07-08,35523,1412,1433,1450,1403,1424
2010-07-09,79309,1424,1433,1493,1403,1450
2010-07-12,51555,1424,1442,1476,1411,1424
2010-07-13,43234,1446,1467,1472,1436,1472
2010-07-14,47562,1450,1472,1476,1441,1450
2010-07-15,176459,1467,1476,1506,1445,1467
2010-07-16,38517,1463,1472,1510,1441,1485
2010-07-19,42937,1467,1476,1485,1445,1472
2010-07-20,56566,1463,1467,1485,1436,1485
2010-07-21,45848,1454,1485,1489,1453,1489
2010-07-22,35534,1424,1476,1493,1445,1485
2010-07-23,18077,1454,1480,1489,1449,1489
2010-07-26,24033,1433,1472,1480,1441,1433
2010-07-27,52915,1446,1467,1480,1436,1480
2010-07-28,27674,1450,1459,1485,1428,1485
2010-07-29,26085,1433,1459,1459,1428,1442
2010-07-30,52026,1433,1442,1454,1411,1442
2010-08-02,123564,1446,1485,1502,1453,1459
2010-08-03,176446,1485,1519,1540,1487,1510
2010-08-04,238551,1519,1557,1596,1525,1545
2010-08-05,65336,1519,1519,1570,1487,1570
2010-08-06,18207,1510,1515,1553,1483,1553
2010-08-09,46434,1510,1570,1570,1537,1519
2010-08-10,27344,1472,1583,1583,1550,1472
2010-08-11,36007,1515,1553,1583,1520,1570
2010-08-12,27176,1493,1502,1545,1470,1510
2010-08-13,23046,1497,1527,1536,1495,1536
2010-08-16,18992,1497,1545,1562,1512,1562
2010-08-17,154866,1519,1596,1626,1563,1553
2010-08-18,59548,1540,1583,1618,1550,1618
2010-08-19,55962,1523,1540,1562,1508,1523
2010-08-20,42876,1510,1549,1566,1516,1549
2010-08-23,123842,1532,1545,1575,1512,1536
2010-08-24,81955,1493,1502,1532,1470,1515
2010-08-25,45210,1463,1485,1502,1453,1502
2010-08-26,47231,1463,1480,1497,1449,1497
2010-08-27,34408,1454,1467,1493,1436,1493
2010-08-30,21588,1442,1472,1485,1441,1442
2010-08-31,30428,1437,1476,1502,1445,1502
2010-09-01,42217,1433,1433,1485,1403,1485
2010-09-02,40676,1433,1459,1476,1428,1459
2010-09-03,25188,1459,1480,1519,1449,1467
2010-09-06,70050,1480,1502,1562,1470,1489
2010-09-07,40098,1459,1467,1510,1436,1502
2010-09-08,37238,1459,1497,1536,1466,1502
2010-09-09,66614,1510,1515,1570,1483,1540
2010-09-10,17446,1480,1502,1545,1470,1545
2010-09-13,19679,1485,1519,1532,1487,1532
2010-09-14,28001,1485,1502,1527,1470,1527
2010-09-15,18571,1472,1480,1527,1449,1527
2010-09-16,10593,1480,1493,1519,1462,1519
2010-09-17,29884,1459,1485,1510,1453,1510
2010-09-20,13957,1450,1476,1515,1445,1515
2010-09-24,24284,1450,1467,1476,1436,1459
2010-09-27,18290,1459,1493,1493,1462,1476
2010-09-28,18581,1467,1485,1502,1453,1502
2010-09-29,177098,1515,1536,1570,1504,1527
2010-09-30,62535,1510,1545,1575,1512,1575
2010-10-01,42738,1510,1532,1545,1499,1510
2010-10-04,42021,1506,1510,1540,1478,1532
2010-10-05,42671,1493,1532,1540,1499,1527
2010-10-06,32752,1519,1527,1562,1495,1562
2010-10-07,51916,1519,1527,1553,1495,1519
2010-10-08,65295,1519,1523,1562,1491,1562
2010-10-11,46993,1519,1532,1540,1499,1540
2010-10-12,70140,1515,1536,1562,1504,1562
2010-10-13,46998,1523,1549,1553,1516,1536
2010-10-14,60798,1519,1527,1549,1495,1549
2010-10-15,30192,1519,1545,1545,1512,1527
2010-10-18,72918,1545,1553,1588,1520,1579
2010-10-19,58744,1536,1553,1575,1520,1575
2010-10-20,50944,1527,1553,1566,1520,1527
2010-10-21,74096,1536,1566,1575,1533,1553
2010-10-22,41202,1557,1588,1588,1554,1566
2010-10-25,53764,1579,1592,1600,1558,1579
2010-10-26,75925,1566,1570,1605,1537,1592
2010-10-27,49670,1557,1570,1588,1537,1570
2010-10-28,46061,1545,1549,1575,1516,1553
2010-10-29,87986,1485,1515,1570,1483,1549
2010-11-01,44567,1515,1519,1557,1487,1540
2010-11-02,8129,1519,1527,1553,1495,1523
2010-11-03,47720,1502,1540,1540,1508,1510
2010-11-04,25727,1510,1523,1553,1491,1510
2010-11-05,43924,1523,1527,1549,1495,1523
2010-11-08,35952,1519,1549,1579,1516,1540
2010-11-09,72677,1502,1506,1575,1474,1545
2010-11-10,31681,1519,1532,1553,1499,1540
2010-11-11,29822,1519,1523,1553,1491,1519
2010-11-12,41422,1476,1476,1562,1445,1540
2010-11-15,32184,1480,1493,1527,1462,1480
2010-11-16,11369,1476,1502,1540,1470,1540
2010-11-17,32942,1480,1523,1536,1491,1485
2010-11-18,12767,1497,1523,1527,1491,1523
2010-11-19,25515,1485,1493,1536,1462,1536
2010-11-22,10825,1489,1502,1527,1470,1489
2010-11-23,12667,1485,1502,1527,1470,1502
2010-11-24,16449,1373,1480,1480,1449,1373
2010-11-25,22918,1416,1450,1523,1420,1523
2010-11-26,19734,1399,1399,1480,1369,1459
2010-11-29,599563,1394,1605,1605,1571,1442
2010-11-30,910225,1502,1540,1661,1508,1605
2010-12-01,259498,1515,1515,1613,1483,1579
2010-12-02,119373,1510,1527,1545,1495,1527
2010-12-03,1301442,1540,1622,1703,1588,1579
2010-12-06,1206289,1605,1652,1798,1617,1768
2010-12-07,449437,1557,1579,1648,1546,1613
2010-12-08,522451,1596,1609,1703,1575,1682
2010-12-09,328966,1575,1588,1639,1554,1600
2010-12-10,462853,1536,1557,1609,1525,1553
2010-12-13,171734,1536,1536,1605,1504,1605
2010-12-14,250519,1463,1489,1549,1457,1545
2010-12-15,377925,1485,1570,1592,1537,1502
2010-12-16,256991,1489,1493,1592,1462,1583
2010-12-17,187990,1459,1472,1510,1441,1510
2010-12-20,134644,1407,1420,1459,1390,1459
2010-12-21,90620,1437,1437,1485,1407,1437
2010-12-22,2152919,1502,1652,1652,1617,1502
2010-12-23,2877634,1502,1506,1776,1474,1652
2010-12-24,597734,1515,1553,1630,1520,1545
2010-12-27,385299,1545,1570,1613,1537,1609
2010-12-28,519605,1394,1442,1557,1411,1545
2010-12-29,457113,1459,1476,1549,1445,1459
2010-12-30,293189,1476,1493,1532,1462,1527
2011-01-03,493700,1532,1579,1605,1546,1579
2011-01-04,347365,1519,1532,1596,1499,1579
2011-01-05,205909,1502,1510,1545,1478,1536
2011-01-06,301071,1493,1527,1553,1495,1493
2011-01-07,411752,1506,1566,1583,1533,1510
2011-01-10,3468404,1588,1798,1798,1760,1588
2011-01-11,3133622,1661,1746,1970,1710,1970
2011-01-12,6078575,1729,1759,2008,1722,1772
2011-01-13,2399389,1652,1703,1871,1668,1828
2011-01-14,1250377,1575,1630,1691,1596,1669
2011-01-17,909081,1553,1583,1613,1550,1579
2011-01-18,384372,1545,1549,1609,1516,1605
2011-01-19,520746,1510,1549,1557,1516,1553
2011-01-20,629760,1545,1553,1618,1520,1583
2011-01-21,386127,1519,1519,1579,1487,1562
2011-01-24,812364,1532,1557,1661,1525,1532
2011-01-25,375030,1523,1523,1605,1491,1575
2011-01-26,278695,1493,1493,1562,1462,1562
2011-01-27,144512,1480,1502,1519,1470,1485
2011-01-28,221514,1454,1454,1510,1424,1502
2011-01-31,107542,1454,1459,1493,1428,1480
2011-02-01,111678,1433,1459,1480,1428,1437
2011-02-07,145678,1437,1450,1489,1420,1489
2011-02-08,186161,1437,1446,1463,1415,1442
2011-02-09,166547,1442,1476,1480,1445,1459
2011-02-10,68055,1459,1480,1485,1449,1459
2011-02-11,103980,1459,1467,1510,1436,1463
2011-02-14,131353,1459,1476,1497,1445,1463
2011-02-15,153253,1463,1515,1519,1483,1476
2011-02-16,102152,1493,1502,1523,1470,1493
2011-02-17,238979,1287,1403,1523,1373,1523
2011-02-18,85731,1416,1416,1472,1386,1416
2011-02-21,93381,1364,1377,1416,1348,1416
2011-02-22,149554,1287,1317,1373,1289,1364
2011-02-23,50583,1296,1317,1330,1289,1313
2011-02-24,46513,1296,1334,1347,1306,1296
2011-02-25,76808,1309,1343,1347,1315,1339
2011-02-28,70365,1313,1326,1351,1298,1330
2011-03-02,121462,1261,1287,1343,1260,1313
2011-03-03,139219,1287,1321,1373,1294,1313
2011-03-04,52105,1287,1313,1330,1285,1330
2011-03-07,46711,1287,1300,1313,1273,1304
2011-03-08,51544,1291,1317,1321,1289,1304
2011-03-09,98472,1283,1300,1339,1273,1309
2011-03-10,72004,1296,1334,1347,1306,1304
2011-03-11,77148,1317,1373,1382,1344,1339
2011-03-14,57410,1287,1296,1373,1268,1373
2011-03-15,88297,1163,1253,1313,1226,1304
2011-03-16,64861,1236,1261,1279,1235,1244
2011-03-17,38346,1214,1227,1261,1201,1253
2011-03-18,41586,1206,1253,1253,1226,1214
2011-03-21,24233,1227,1257,1279,1231,1227
2011-03-22,21276,1257,1270,1291,1243,1261
2011-03-23,19016,1274,1291,1291,1264,1274
2011-03-24,50167,1244,1279,1304,1252,1291
2011-03-25,40255,1261,1304,1304,1277,1287
2011-03-28,28130,1266,1291,1321,1264,1287
2011-03-29,37697,1261,1283,1330,1256,1296
2011-03-30,60209,1244,1270,1304,1243,1270
2011-03-31,31870,1248,1274,1287,1247,1261
2011-04-01,82283,1236,1266,1274,1239,1274
2011-04-04,56193,1244,1257,1266,1231,1266
2011-04-05,65288,1240,1261,1261,1235,1244
2011-04-06,101558,1236,1248,1270,1222,1270
2011-04-07,45479,1240,1257,1257,1231,1257
2011-04-08,68839,1253,1270,1283,1243,1257
2011-04-11,51622,1244,1244,1283,1218,1270
2011-04-12,62944,1253,1266,1274,1239,1253
2011-04-13,62720,1244,1257,1266,1231,1266
2011-04-14,36704,1240,1240,1261,1214,1257
2011-04-15,23655,1227,1244,1248,1218,1240
2011-04-18,160916,1244,1248,1317,1222,1317
2011-04-19,73563,1214,1236,1244,1210,1240
2011-04-20,54017,1223,1236,1248,1210,1236
2011-04-21,99478,1244,1261,1279,1235,1279
2011-04-22,75413,1227,1240,1266,1214,1266
2011-04-25,20114,1231,1244,1270,1218,1236
2011-04-26,106001,1197,1210,1244,1184,1244
2011-04-27,51342,1184,1197,1210,1172,1201
2011-04-28,32412,1184,1197,1201,1172,1184
2011-04-29,92115,1141,1154,1201,1130,1197
2011-05-02,66392,1128,1141,1154,1117,1128
2011-05-03,55779,1133,1141,1158,1117,1141
2011-05-04,40450,1124,1137,1145,1113,1141
2011-05-06,44983,1133,1137,1154,1113,1141
2011-05-09,40998,1081,1111,1141,1088,1137
2011-05-11,60431,1115,1120,1171,1096,1115
2011-05-12,44839,1103,1120,1133,1096,1128
2011-05-13,21481,1094,1111,1124,1088,1124
2011-05-16,15174,1090,1098,1103,1075,1094
2011-05-17,31453,1081,1098,1115,1075,1094
2011-05-18,18631,1081,1107,1107,1084,1090
2011-05-19,59461,1073,1081,1111,1058,1098
2011-05-20,20655,1064,1077,1081,1054,1068
2011-05-23,28216,1034,1060,1077,1037,1068
2011-05-24,29124,1034,1047,1055,1025,1038
2011-05-25,13638,1034,1042,1060,1020,1060
2011-05-26,37419,1025,1047,1051,1025,1038
2011-05-27,20991,1030,1047,1060,1025,1047
2011-05-30,69409,1030,1047,1064,1025,1055
2011-05-31,8230,1038,1051,1055,1029,1038
2011-06-01,17245,1047,1055,1060,1033,1051
2011-06-02,264071,1030,1180,1210,1155,1047
2011-06-03,158608,1085,1176,1180,1151,1150
2011-06-07,32686,1111,1133,1167,1109,1167
2011-06-08,84674,1094,1167,1180,1142,1115
2011-06-09,47017,1107,1141,1158,1117,1133
2011-06-10,20520,1120,1124,1176,1100,1154
2011-06-13,21192,1115,1141,1158,1117,1124
2011-06-14,28597,1115,1141,1150,1117,1150
2011-06-15,44808,1124,1150,1150,1126,1133
2011-06-16,22204,1115,1141,1150,1117,1150
2011-06-17,18716,1107,1133,1141,1109,1137
2011-06-20,43815,1085,1115,1133,1092,1133
2011-06-21,15186,1098,1115,1133,1092,1133
2011-06-22,38791,1115,1154,1171,1130,1115
2011-06-23,48099,1094,1128,1158,1105,1158
2011-06-24,7973,1103,1141,1145,1117,1124
2011-06-27,150719,1141,1193,1231,1168,1171
2011-06-28,83560,1154,1176,1210,1151,1201
2011-06-29,41371,1158,1180,1210,1155,1210
2011-06-30,24567,1154,1176,1214,1151,1154
2011-07-01,55159,1154,1154,1197,1130,1176
2011-07-04,27774,1133,1150,1184,1126,1184
2011-07-05,24633,1145,1171,1180,1147,1180
2011-07-06,38229,1141,1163,1184,1138,1184
2011-07-07,32972,1133,1137,1167,1113,1145
2011-07-08,48816,1115,1145,1154,1121,1137
2011-07-11,49123,1145,1167,1184,1142,1180
2011-07-12,127814,1167,1197,1231,1172,1167
2011-07-13,53597,1167,1201,1206,1176,1201
2011-07-14,101365,1184,1227,1257,1201,1218
2011-07-15,57901,1206,1214,1266,1189,1227
2011-07-18,125704,1218,1274,1296,1247,1218
2011-07-19,102995,1227,1266,1291,1239,1253
2011-07-20,30647,1231,1257,1279,1231,1266
2011-07-21,52627,1197,1236,1261,1210,1261
2011-07-22,53803,1193,1218,1248,1193,1236
2011-07-25,38210,1197,1201,1240,1176,1218
2011-07-26,19998,1188,1206,1214,1180,1210
2011-07-27,52668,1188,1227,1227,1201,1201
2011-07-28,111936,1201,1261,1291,1235,1201
2011-07-29,24423,1244,1244,1279,1218,1279
2011-08-01,88162,1236,1270,1300,1243,1274
2011-08-02,45418,1218,1223,1283,1197,1279
2011-08-03,82365,1163,1188,1201,1163,1201
2011-08-04,26551,1188,1206,1240,1180,1201
2011-08-05,74443,1107,1107,1184,1084,1184
2011-08-08,173113,944,969,1171,949,1115
2011-08-09,57887,862,957,965,936,965
2011-08-10,72550,957,1004,1025,983,982
2011-08-11,27162,914,1008,1012,987,914
2011-08-12,56018,1021,1055,1081,1033,1064
2011-08-16,65061,1055,1064,1115,1042,1068
2011-08-17,12785,1068,1085,1111,1063,1073
2011-08-18,29822,1068,1107,1150,1084,1150
2011-08-19,28954,1012,1068,1107,1046,1090
2011-08-22,67673,978,1021,1085,999,1085
2011-08-23,20755,1030,1038,1064,1016,1047
2011-08-24,54940,1004,1047,1064,1025,1047
2011-08-25,28408,1012,1021,1060,999,1047
2011-08-26,9175,1008,1038,1038,1016,1034
2011-08-29,22289,1042,1090,1107,1067,1042
2011-08-30,69098,1073,1115,1163,1092,1115
2011-08-31,30997,1077,1137,1150,1113,1128
2011-09-01,18197,1111,1111,1163,1088,1137
2011-09-02,34801,1094,1128,1128,1105,1128
2011-09-05,53430,961,1094,1163,1071,1124
2011-09-06,8095,1030,1064,1107,1042,1030
2011-09-07,5871,1077,1085,1128,1063,1124
2011-09-08,49298,1034,1094,1094,1071,1094
2011-09-09,14486,1064,1094,1098,1071,1098
2011-09-14,18784,1038,1064,1098,1042,1098
2011-09-15,9063,1047,1051,1090,1029,1085
2011-09-16,54766,1038,1094,1094,1071,1090
2011-09-19,17079,1047,1060,1115,1037,1111
2011-09-20,67083,1030,1055,1055,1033,1047
2011-09-21,37152,1055,1073,1081,1050,1055
2011-09-22,59026,1030,1055,1103,1033,1038
2011-09-23,50149,1004,1030,1047,1008,1030
2011-09-26,57580,897,927,1038,907,1030
2011-09-27,17151,952,982,1030,962,1030
2011-09-28,30364,957,961,1021,941,982
2011-09-29,22881,952,961,1017,941,969
2011-09-30,11357,961,991,991,970,974
2011-10-04,9216,931,952,978,932,948
2011-10-05,21481,918,982,1004,962,982
2011-10-06,38477,965,1004,1017,983,987
2011-10-07,22858,1004,1017,1103,995,1103
2011-10-10,31531,1004,1073,1107,1050,1107
2011-10-11,40609,1090,1107,1133,1084,1098
2011-10-12,8144,1073,1115,1115,1092,1115
2011-10-13,19720,1077,1098,1115,1075,1115
2011-10-14,33922,1047,1068,1094,1046,1077
2011-10-17,26969,1064,1081,1098,1058,1094
2011-10-18,66067,1064,1133,1158,1109,1081
2011-10-19,78754,1081,1145,1158,1121,1154
2011-10-20,152091,1094,1115,1163,1092,1141
2011-10-21,34169,1081,1107,1115,1084,1115
2011-10-24,39663,1090,1145,1145,1121,1107
2011-10-25,29550,1107,1145,1145,1121,1145
2011-10-26,80134,1120,1167,1201,1142,1133
2011-10-27,122955,1133,1167,1223,1142,1150
2011-10-28,37104,1133,1141,1206,1117,1197
2011-10-31,362919,1124,1287,1304,1260,1150
2011-11-01,323453,1171,1176,1231,1151,1231
2011-11-02,89368,1120,1197,1201,1172,1124
2011-11-03,75070,1141,1206,1210,1180,1184
2011-11-04,111440,1210,1257,1279,1231,1240
2011-11-07,61393,1231,1257,1279,1231,1279
2011-11-08,44061,1244,1270,1279,1243,1279
2011-11-09,64401,1257,1270,1283,1243,1283
2011-11-10,55297,1171,1201,1296,1176,1296
2011-11-11,32638,1176,1253,1270,1226,1201
2011-11-14,35463,1227,1236,1266,1210,1253
2011-11-15,35005,1201,1227,1244,1201,1244
2011-11-16,85208,1227,1227,1279,1201,1261
2011-11-17,50352,1188,1244,1270,1218,1236
2011-11-18,28018,1201,1218,1253,1193,1244
2011-11-21,138684,1193,1261,1270,1235,1244
2011-11-22,49040,1236,1270,1279,1243,1261
2011-11-23,159573,1227,1227,1300,1201,1270
2011-11-24,81144,1184,1197,1227,1172,1201
2011-11-25,58052,1150,1188,1223,1163,1197
2011-11-28,19879,1176,1193,1201,1168,1188
2011-11-29,72952,1193,1214,1248,1189,1231
2011-11-30,82297,1197,1223,1236,1197,1201
2011-12-01,86541,1214,1236,1253,1210,1244
2011-12-02,59703,1227,1253,1261,1226,1236
2011-12-05,43630,1231,1236,1257,1210,1253
2011-12-06,49017,1223,1231,1261,1205,1261
2011-12-07,201942,1244,1304,1351,1277,1253
2011-12-08,97932,1266,1283,1321,1256,1304
2011-12-09,59121,1240,1266,1287,1239,1287
2011-12-12,42163,1236,1257,1309,1231,1309
2011-12-13,38459,1214,1261,1266,1235,1253
2011-12-14,23941,1248,1266,1339,1239,1339
2011-12-15,40224,1223,1240,1266,1214,1231
2011-12-16,40566,1201,1223,1244,1197,1244
2011-12-19,82428,1158,1193,1223,1168,1201
2011-12-20,27873,1184,1193,1227,1168,1206
2011-12-21,21399,1201,1227,1231,1201,1210
2011-12-22,69423,1236,1236,1296,1210,1296
2011-12-23,20007,1236,1236,1287,1210,1287
2011-12-26,43278,1214,1231,1253,1205,1218
2011-12-27,17090,1201,1218,1261,1193,1261
2011-12-28,15482,1201,1206,1236,1180,1201
2011-12-29,13874,1176,1227,1240,1201,1240
2012-01-02,16161,1210,1227,1253,1201,1227
2012-01-03,17250,1201,1223,1236,1197,1206
2012-01-04,113543,1201,1214,1236,1189,1236
2012-01-05,829113,1313,1394,1394,1365,1347
2012-01-06,2716570,1351,1485,1532,1453,1459
2012-01-09,1526022,1266,1279,1373,1252,1364
2012-01-10,580996,1279,1313,1351,1285,1279
2012-01-11,281599,1291,1309,1330,1281,1317
2012-01-12,159851,1279,1300,1313,1273,1313
2012-01-13,221111,1274,1317,1317,1289,1300
2012-01-16,173503,1266,1274,1317,1247,1291
2012-01-17,525209,1240,1291,1330,1264,1266
2012-01-18,156977,1253,1270,1296,1243,1261
2012-01-19,116677,1253,1270,1274,1243,1270
2012-01-20,79934,1244,1287,1287,1260,1274
2012-01-25,89549,1279,1296,1300,1268,1287
2012-01-26,92537,1270,1304,1309,1277,1309
2012-01-27,119680,1287,1321,1321,1294,1309
2012-01-30,93411,1270,1270,1326,1243,1317
2012-01-31,122733,1266,1287,1304,1260,1296
2012-02-01,89610,1270,1283,1300,1256,1300
2012-02-02,113499,1287,1291,1317,1264,1309
2012-02-03,57978,1274,1279,1313,1252,1313
2012-02-06,78224,1261,1279,1300,1252,1287
2012-02-07,113175,1244,1248,1270,1222,1261
2012-02-08,144439,1223,1236,1261,1210,1248
2012-02-09,79648,1218,1236,1248,1210,1248
2012-02-10,193184,1227,1279,1309,1252,1231
2012-02-13,138302,1261,1270,1291,1243,1261
2012-02-14,290126,1266,1283,1317,1256,1279
2012-02-15,198341,1248,1261,1296,1235,1296
2012-02-16,62322,1248,1266,1283,1239,1261
2012-02-17,294225,1270,1317,1347,1289,1283
2012-02-20,112190,1296,1321,1321,1294,1313
2012-02-21,115840,1291,1291,1321,1264,1321
2012-02-22,59089,1287,1291,1313,1264,1291
2012-02-23,51779,1279,1291,1296,1264,1279
2012-02-24,80680,1274,1283,1300,1256,1283
2012-02-27,5050429,1287,1343,1472,1315,1347
2012-02-28,1020146,1287,1309,1330,1281,1317
2012-02-29,558255,1279,1296,1309,1268,1309
2012-03-02,245137,1283,1304,1313,1277,1296
2012-03-05,187245,1296,1317,1326,1289,1317
2012-03-06,613358,1287,1339,1373,1310,1304
2012-03-07,246264,1296,1330,1334,1302,1300
2012-03-08,649590,1334,1373,1407,1344,1334
2012-03-09,464223,1356,1394,1420,1365,1373
2012-03-12,5641951,1502,1592,1600,1558,1540
2012-03-13,2806640,1364,1386,1493,1357,1472
2012-03-14,827154,1360,1382,1407,1352,1377
2012-03-15,465339,1356,1377,1399,1348,1399
2012-03-16,231049,1360,1382,1386,1352,1360
2012-03-19,270995,1369,1399,1399,1369,1382
2012-03-20,331386,1369,1390,1412,1361,1399
2012-03-21,211731,1373,1377,1394,1348,1394
2012-03-22,419767,1321,1347,1382,1319,1382
2012-03-23,207853,1317,1339,1347,1310,1347
2012-03-26,117673,1326,1330,1347,1302,1339
2012-03-27,138394,1326,1351,1364,1323,1339
2012-03-28,239181,1261,1279,1369,1252,1347
2012-03-29,170968,1227,1270,1291,1243,1291
2012-03-30,41685,1248,1274,1283,1247,1283
2012-04-02,66835,1270,1287,1300,1260,1296
2012-04-03,37839,1283,1296,1309,1268,1283
2012-04-04,86002,1227,1261,1296,1235,1296
2012-04-05,67184,1214,1253,1266,1226,1261
2012-04-06,55925,1231,1236,1266,1210,1236
2012-04-09,138442,1218,1257,1261,1231,1218
2012-04-10,62649,1223,1223,1270,1197,1261
2012-04-12,76991,1210,1240,1248,1214,1223
2012-04-13,30898,1223,1244,1274,1218,1274
2012-04-16,48408,1223,1279,1287,1252,1248
2012-04-17,63987,1231,1244,1283,1218,1270
2012-04-18,94627,1236,1244,1287,1218,1261
2012-04-19,53224,1206,1236,1244,1210,1236
2012-04-20,84717,1176,1184,1236,1159,1227
2012-04-23,137199,1133,1154,1197,1130,1180
2012-04-24,87223,1111,1115,1150,1092,1133
2012-04-25,117372,1124,1158,1201,1134,1163
2012-04-26,56065,1128,1141,1193,1117,1193
2012-04-27,61296,1094,1111,1171,1088,1154
2012-04-30,82476,1073,1098,1124,1075,1098
2012-05-02,34710,1098,1124,1128,1100,1098
2012-05-03,48015,1124,1150,1171,1126,1124
2012-05-04,39460,1115,1150,1163,1126,1163
2012-05-07,25278,1115,1133,1145,1109,1124
2012-05-08,42570,1120,1141,1154,1117,1150
2012-05-09,44463,1137,1150,1167,1126,1150
2012-05-10,26980,1133,1150,1167,1126,1133
2012-05-11,94324,1150,1176,1193,1151,1158
2012-05-14,203162,1163,1201,1257,1176,1188
2012-05-15,123598,1176,1197,1240,1172,1227
2012-05-16,60001,1188,1193,1223,1168,1188
2012-05-17,67318,1193,1240,1248,1214,1193
2012-05-18,138637,1124,1133,1261,1109,1240
2012-05-21,79370,1090,1141,1176,1117,1090
2012-05-22,16852,1158,1176,1214,1151,1163
2012-05-23,44312,1158,1184,1206,1159,1197
2012-05-24,1860770,1201,1218,1360,1193,1201
2012-05-25,200788,1180,1180,1240,1155,1231
2012-05-29,92664,1158,1167,1197,1142,1180
2012-05-30,95043,1150,1167,1188,1142,1184
2012-05-31,63409,1145,1158,1184,1134,1145
2012-06-01,27900,1150,1167,1180,1142,1150
2012-06-04,87020,1098,1107,1141,1084,1137
2012-06-05,10354,1107,1124,1128,1100,1107
2012-06-07,25100,1124,1163,1201,1138,1124
2012-06-08,21441,1141,1158,1176,1134,1176
2012-06-11,27513,1145,1167,1176,1142,1145
2012-06-12,13253,1150,1180,1184,1155,1150
2012-06-13,16853,1171,1188,1206,1163,1206
2012-06-14,25870,1158,1197,1197,1172,1167
2012-06-15,15736,1158,1184,1201,1159,1201
2012-06-18,88440,1163,1163,1201,1138,1184
2012-06-19,66686,1154,1188,1201,1163,1171
2012-06-20,20049,1188,1197,1223,1172,1210
2012-06-21,49691,1184,1201,1214,1176,1210
2012-06-22,53348,1163,1176,1193,1151,1171
2012-06-25,62617,1145,1150,1193,1126,1176
2012-06-26,24302,1128,1150,1158,1126,1141
2012-06-27,87190,1124,1145,1167,1121,1158
2012-06-28,14881,1137,1150,1158,1126,1158
2012-06-29,31120,1128,1163,1163,1138,1128
2012-07-02,53666,1158,1167,1180,1142,1163
2012-07-03,34326,1167,1197,1197,1172,1188
2012-07-04,50162,1176,1201,1218,1176,1214
2012-07-05,36392,1180,1197,1218,1172,1210
2012-07-06,24648,1184,1184,1210,1159,1188
2012-07-09,68494,1184,1188,1210,1163,1197
2012-07-10,151809,1201,1240,1266,1214,1201
2012-07-11,53606,1210,1214,1244,1189,1244
2012-07-12,76913,1214,1240,1261,1214,1231
2012-07-13,83286,1137,1201,1266,1176,1266
2012-07-16,41369,1184,1201,1210,1176,1210
2012-07-17,35132,1180,1197,1210,1172,1210
2012-07-18,26984,1180,1184,1210,1159,1206
2012-07-19,36840,1176,1193,1201,1168,1180
2012-07-20,48616,1180,1201,1201,1176,1188
2012-07-23,32304,1158,1158,1201,1134,1201
2012-07-24,13658,1141,1184,1184,1159,1158
2012-07-25,14960,1145,1176,1193,1151,1171
2012-07-26,24316,1167,1184,1188,1159,1180
2012-07-27,35556,1188,1218,1240,1193,1201
2012-07-30,14853,1197,1214,1227,1189,1227
2012-07-31,28079,1176,1201,1223,1176,1201
2012-08-01,9839,1184,1206,1210,1180,1188
2012-08-02,31163,1180,1184,1210,1159,1201
2012-08-03,11968,1171,1197,1206,1172,1197
2012-08-06,11306,1180,1206,1210,1180,1210
2012-08-07,10515,1184,1201,1218,1176,1210
2012-08-08,16096,1193,1210,1210,1184,1201
2012-08-09,15504,1193,1210,1223,1184,1201
2012-08-10,20056,1201,1214,1218,1189,1210
2012-08-13,39157,1201,1206,1240,1180,1240
2012-08-14,55043,1193,1214,1223,1189,1206
2012-08-16,87182,1210,1244,1253,1218,1214
2012-08-17,44199,1223,1240,1257,1214,1253
2012-08-20,27682,1227,1248,1248,1222,1231
2012-08-21,26003,1223,1244,1257,1218,1257
2012-08-22,98526,1210,1261,1279,1235,1236
2012-08-23,157818,1244,1300,1326,1273,1244
2012-08-24,49073,1279,1304,1326,1277,1326
2012-08-27,80757,1253,1261,1317,1235,1317
2012-08-28,28023,1231,1261,1274,1235,1274
2012-08-29,35790,1261,1274,1283,1247,1266
2012-08-30,60348,1223,1270,1279,1243,1279
2012-08-31,86581,1274,1287,1351,1260,1279
2012-09-03,85781,1296,1326,1339,1298,1317
2012-09-04,45878,1291,1313,1339,1285,1339
2012-09-05,36855,1274,1296,1313,1268,1291
2012-09-06,53863,1270,1300,1313,1273,1304
2012-09-07,172490,1283,1339,1343,1310,1317
2012-09-10,126256,1287,1304,1339,1277,1339
2012-09-11,67834,1291,1317,1334,1289,1334
2012-09-12,78939,1300,1347,1347,1319,1309
2012-09-13,58672,1326,1351,1351,1323,1347
2012-09-14,154348,1351,1364,1412,1336,1369
2012-09-17,50358,1326,1360,1360,1331,1343
2012-09-18,31223,1334,1343,1369,1315,1369
2012-09-19,35652,1321,1343,1351,1315,1343
2012-09-20,52081,1321,1351,1360,1323,1339
2012-09-21,28274,1334,1351,1360,1323,1339
2012-09-24,42216,1330,1351,1351,1323,1334
2012-09-25,20147,1326,1343,1364,1315,1364
2012-09-26,156974,1347,1347,1399,1319,1347
2012-09-27,113690,1304,1309,1360,1281,1347
2012-09-28,53231,1300,1321,1339,1294,1300
2012-10-02,35501,1304,1313,1343,1285,1321
2012-10-04,41314,1296,1317,1343,1289,1313
2012-10-05,25778,1300,1326,1330,1298,1321
2012-10-08,25973,1309,1339,1339,1310,1309
2012-10-09,69566,1321,1360,1369,1331,1321
2012-10-10,45428,1309,1351,1360,1323,1360
2012-10-11,14906,1326,1339,1356,1310,1326
2012-10-12,253437,1343,1399,1420,1369,1356
2012-10-15,313316,1373,1403,1489,1373,1403
2012-10-16,158975,1394,1433,1450,1403,1394
2012-10-17,127549,1424,1446,1476,1415,1433
2012-10-18,118013,1373,1403,1454,1373,1446
2012-10-19,27696,1373,1403,1416,1373,1416
2012-10-22,48388,1377,1437,1437,1407,1403
2012-10-23,36962,1377,1399,1450,1369,1416
2012-10-24,52465,1321,1390,1403,1361,1403
2012-10-25,32622,1373,1403,1420,1373,1390
2012-10-26,39319,1351,1369,1403,1340,1390
2012-10-29,54594,1339,1364,1390,1336,1390
2012-10-30,25711,1339,1360,1394,1331,1364
2012-10-31,19532,1373,1394,1433,1365,1433
2012-11-01,42532,1382,1412,1437,1382,1382
2012-11-02,58785,1394,1433,1446,1403,1399
2012-11-05,44128,1407,1437,1450,1407,1433
2012-11-06,69378,1433,1463,1463,1432,1437
2012-11-07,44964,1420,1450,1467,1420,1467
2012-11-08,42091,1394,1429,1437,1399,1437
2012-11-09,17592,1403,1416,1429,1386,1403
2012-11-12,49443,1416,1437,1459,1407,1416
2012-11-13,38095,1399,1407,1446,1378,1446
2012-11-14,15306,1382,1412,1420,1382,1382
2012-11-15,55446,1386,1412,1437,1382,1416
2012-11-16,62234,1364,1403,1416,1373,1377
2012-11-19,11344,1373,1416,1446,1386,1446
2012-11-20,22898,1386,1390,1416,1361,1416
2012-11-21,9868,1377,1382,1407,1352,1377
2012-11-22,23001,1369,1382,1416,1352,1377
2012-11-23,37262,1373,1382,1386,1352,1386
2012-11-26,51312,1364,1420,1442,1390,1390
2012-11-27,22405,1390,1424,1433,1394,1433
2012-11-28,15829,1382,1407,1442,1378,1442
2012-11-29,25124,1382,1399,1442,1369,1424
2012-11-30,12720,1407,1424,1450,1394,1450
2012-12-03,24532,1416,1433,1450,1403,1416
2012-12-04,198641,1433,1459,1476,1428,1433
2012-12-05,110895,1424,1446,1476,1415,1472
2012-12-06,57928,1433,1437,1467,1407,1463
2012-12-07,199605,1407,1493,1502,1462,1420
2012-12-10,67958,1442,1459,1502,1428,1489
2012-12-11,48879,1429,1463,1480,1432,1480
2012-12-12,110962,1433,1476,1489,1445,1437
2012-12-13,38470,1450,1480,1497,1449,1485
2012-12-14,50856,1450,1480,1493,1449,1493
2012-12-17,40200,1459,1472,1493,1441,1463
2012-12-18,20447,1446,1459,1480,1428,1480
2012-12-20,74308,1416,1442,1472,1411,1459
2012-12-21,30299,1424,1446,1459,1415,1459
2012-12-24,34753,1424,1424,1472,1394,1472
2012-12-26,37999,1424,1424,1446,1394,1424
2012-12-27,47740,1399,1399,1450,1399,1450
2012-12-28,140238,1339,1382,1407,1382,1377
2013-01-02,49761,1347,1356,1382,1356,1382
2013-01-03,25178,1339,1364,1373,1364,1356
2013-01-04,18530,1351,1382,1407,1382,1351
2013-01-07,72876,1373,1433,1442,1433,1407
2013-01-08,49753,1412,1442,1476,1442,1433
2013-01-09,33009,1399,1446,1450,1446,1446
2013-01-10,22375,1412,1437,1459,1437,1446
2013-01-11,231326,1424,1459,1480,1459,1442
2013-01-14,712714,1497,1510,1605,1510,1502
2013-01-15,273541,1442,1454,1536,1454,1510
2013-01-16,136227,1429,1450,1485,1450,1472
2013-01-17,86505,1412,1437,1467,1437,1450
2013-01-18,85141,1407,1454,1459,1454,1446
2013-01-21,47589,1420,1429,1459,1429,1459
2013-01-22,95678,1394,1399,1433,1399,1433
2013-01-23,67926,1373,1407,1416,1407,1407
2013-01-24,69390,1399,1412,1437,1412,1429
2013-01-25,43897,1416,1420,1446,1420,1424
2013-01-28,26734,1399,1416,1442,1416,1433
2013-01-29,30310,1390,1394,1433,1394,1433
2013-01-30,56081,1360,1386,1399,1386,1394
2013-01-31,51277,1343,1369,1386,1369,1386
2013-02-01,22008,1339,1356,1360,1356,1339
2013-02-04,17964,1334,1347,1373,1347,1334
2013-02-05,23969,1313,1343,1351,1343,1326
2013-02-06,49578,1304,1330,1364,1330,1339
2013-02-07,24753,1291,1309,1334,1309,1321
2013-02-08,23122,1300,1334,1343,1334,1309
2013-02-12,19222,1300,1321,1334,1321,1334
2013-02-13,7116,1313,1334,1334,1334,1313
2013-02-14,28311,1313,1360,1360,1360,1321
2013-02-15,6823,1347,1351,1364,1351,1347
2013-02-18,3525,1334,1356,1360,1356,1334
2013-02-19,14011,1330,1343,1360,1343,1356
2013-02-20,16412,1339,1364,1364,1364,1360
2013-02-21,15436,1339,1356,1364,1356,1364
2013-02-22,23304,1330,1360,1369,1360,1369
2013-02-25,59075,1334,1356,1369,1356,1364
2013-02-26,38194,1317,1326,1364,1326,1339
2013-02-27,66470,1304,1334,1356,1334,1321
2013-02-28,36954,1326,1347,1356,1347,1343
2013-03-04,47269,1309,1351,1399,1351,1347
2013-03-05,50269,1351,1369,1386,1369,1356
2013-03-06,17901,1356,1364,1390,1364,1390
2013-03-07,77944,1347,1390,1416,1390,1347
2013-03-08,29652,1364,1373,1412,1373,1412
2013-03-11,112996,1364,1412,1467,1412,1373
2013-03-12,48512,1390,1412,1424,1412,1407
2013-03-13,129114,1399,1407,1442,1407,1399
2013-03-14,362208,1403,1442,1463,1442,1412
2013-03-15,118925,1420,1442,1463,1442,1429
2013-03-18,63749,1390,1407,1446,1407,1433
2013-03-19,47049,1386,1416,1433,1416,1403
2013-03-20,58810,1390,1399,1424,1399,1424
2013-03-21,75456,1373,1390,1424,1390,1399
2013-03-22,116572,1339,1356,1399,1356,1399
2013-03-25,39522,1343,1382,1416,1382,1343
2013-03-26,225402,1373,1433,1450,1433,1390
2013-03-27,153296,1429,1446,1467,1446,1450
2013-03-28,108789,1407,1442,1459,1442,1424
2013-03-29,236785,1437,1463,1497,1463,1442
2013-04-01,605158,1489,1515,1557,1515,1510
2013-04-02,305826,1433,1467,1523,1467,1515
2013-04-03,5020500,1532,1686,1686,1686,1540
2013-04-04,12051864,1661,1836,1918,1836,1828
2013-04-05,5133418,1832,2111,2111,2111,1879
2013-04-08,7262095,2128,2424,2424,2424,2279
2013-04-09,0,2424,2424,2424,2424,2424
2013-04-10,3342447,2064,2270,2274,2270,2274
2013-04-11,2073949,2236,2609,2609,2609,2270
2013-04-12,1867385,2506,2695,2695,2695,2566
2013-04-15,550204,2961,3098,3098,3098,3004
2013-04-16,7622478,3085,3334,3420,3334,3317
2013-04-17,4184113,2940,3073,3253,3073,3154
2013-04-18,4516454,2648,2734,3073,2734,3055
2013-04-19,7656857,2386,2489,2914,2489,2682
2013-04-22,7419613,2283,2420,2613,2420,2450
2013-04-23,5082813,2403,2519,2618,2519,2463
2013-04-24,4237073,2240,2334,2669,2334,2596
2013-04-25,8586643,2472,2682,2682,2682,2489
2013-04-26,10556072,2549,2806,2935,2806,2630
2013-04-29,4303656,2927,3227,3227,3227,2927
2013-04-30,8443185,3313,3708,3708,3708,3476
2013-05-02,7710044,3154,3154,3708,3154,3708
2013-05-03,17053865,2884,3485,3605,3485,3133
2013-05-06,5850373,2965,2995,3433,2995,3304
2013-05-07,6520324,2802,3030,3193,3030,2935
2013-05-08,4417350,2875,2978,3356,2978,3249
2013-05-09,8391025,3081,3304,3425,3304,3090
2013-05-10,4927901,3004,3141,3373,3141,3137
2013-05-13,6136428,3098,3236,3519,3236,3287
2013-05-14,2861284,2867,2922,3193,2922,3124
2013-05-15,2401833,2879,2931,3090,2931,3047
2013-05-16,5048602,2789,3004,3176,3004,2918
2013-05-20,2204464,2656,2699,3004,2699,3004
2013-05-21,3884714,2545,2583,2828,2583,2729
2013-05-22,2916830,2403,2515,2575,2515,2532
2013-05-23,1736323,2386,2399,2553,2399,2493
2013-05-24,1651508,2326,2394,2476,2394,2455
2013-05-27,866616,2364,2424,2433,2424,2399
2013-05-28,1549620,2334,2352,2472,2352,2463
2013-05-29,1036357,2321,2352,2403,2352,2373
2013-05-30,1503423,2163,2218,2382,2218,2343
2013-05-31,1268647,2090,2137,2227,2137,2218
2013-06-03,537401,2047,2064,2146,2064,2107
2013-06-04,927588,2000,2000,2158,2000,2098
2013-06-05,717839,1905,1982,2021,1982,2021
2013-06-07,514847,1862,1862,1982,1862,1982
2013-06-10,527309,1819,1888,1948,1888,1854
2013-06-11,650599,1738,1841,1897,1841,1862
2013-06-12,6216354,1824,1939,2115,1939,1841
2013-06-13,1608710,1832,1854,2012,1854,1939
2013-06-14,1295528,1721,1759,1875,1759,1854
2013-06-17,2239500,1733,1733,1884,1733,1768
2013-06-18,2382779,1695,1871,1970,1871,1699
2013-06-19,715556,1832,1914,1914,1914,1871
2013-06-20,590446,1845,1914,1944,1914,1845
2013-06-21,386528,1781,1892,1914,1892,1871
2013-06-24,511770,1806,1806,1935,1806,1918
2013-06-25,793340,1562,1575,1776,1575,1742
2013-06-26,363897,1562,1613,1652,1613,1562
2013-06-27,214337,1630,1699,1703,1699,1630
2013-06-28,2367919,1682,1785,1871,1785,1682
2013-07-01,801458,1729,1776,1824,1776,1794
2013-07-02,608198,1742,1781,1802,1781,1789
2013-07-03,1264853,1721,1721,1858,1721,1819
2013-07-04,534750,1643,1725,1755,1725,1725
2013-07-05,3794830,1733,1982,1982,1982,1742
2013-07-08,7939318,1897,2047,2176,2047,1965
2013-07-09,5209482,1927,1982,2231,1982,2051
2013-07-10,1857731,1909,1978,2051,1978,1982
2013-07-11,1634476,1978,2008,2064,2008,1991
2013-07-12,1055522,1944,2012,2051,2012,2047
2013-07-15,710355,1948,1965,2042,1965,2021
2013-07-16,682471,1935,2000,2012,2000,1970
2013-07-17,685193,1961,1982,2038,1982,2017
2013-07-18,638501,1935,1944,1995,1944,1991
2013-07-19,559408,1879,1897,1965,1897,1965
2013-07-22,6796140,2008,2180,2180,2180,2017
2013-07-23,4955348,2107,2210,2257,2210,2154
2013-07-24,1553771,2146,2206,2223,2206,2223
2013-07-25,2258527,2176,2218,2304,2218,2261
2013-07-26,4833484,2107,2231,2364,2231,2210
2013-07-29,2106290,2124,2141,2313,2141,2283
2013-07-30,2486146,2150,2206,2356,2206,2279
2013-07-31,1577744,2163,2227,2274,2227,2171
2013-08-01,675301,2180,2206,2240,2206,2223
2013-08-02,438662,2188,2193,2231,2193,2231
2013-08-05,5905621,2223,2309,2437,2309,2266
2013-08-06,1098522,2249,2270,2313,2270,2309
2013-08-07,3370281,2270,2334,2433,2334,2287
2013-08-08,1081282,2231,2304,2339,2304,2317
2013-08-09,737838,2287,2334,2347,2334,2313
2013-08-12,1162467,2270,2270,2433,2270,2403
2013-08-13,1518087,2188,2274,2343,2274,2274
2013-08-14,585666,2257,2279,2313,2279,2283
2013-08-16,389212,2214,2249,2279,2249,2279
2013-08-19,689719,2115,2120,2227,2120,2214
2013-08-20,515446,2017,2047,2188,2047,2085
2013-08-21,597138,1888,1948,2042,1948,2025
2013-08-22,1600635,1909,2034,2124,2034,1914
2013-08-23,549691,2060,2090,2128,2090,2103
2013-08-26,309097,2055,2073,2124,2073,2103
2013-08-27,308536,2012,2021,2090,2021,2090
2013-08-28,297050,1922,1987,2008,1987,1957
2013-08-29,269603,1974,2021,2047,2021,2021
2013-08-30,297038,2042,2073,2103,2073,2098
2013-09-02,185149,2055,2085,2107,2085,2073
2013-09-03,1151515,2090,2141,2249,2141,2090
2013-09-04,448338,2111,2154,2197,2154,2115
2013-09-05,291198,2146,2180,2210,2180,2167
2013-09-06,302888,2163,2223,2223,2223,2167
2013-09-09,426052,2158,2167,2240,2167,2227
2013-09-10,342349,2103,2171,2171,2171,2163
2013-09-11,255195,2124,2133,2206,2133,2201
2013-09-12,233972,2107,2163,2176,2163,2128
2013-09-13,234787,2133,2206,2206,2206,2163
2013-09-16,157360,2167,2167,2206,2167,2193
2013-09-17,1435590,2176,2279,2373,2279,2201
2013-09-23,2402198,2214,2618,2618,2618,2279
2013-09-24,5246881,2523,2721,2789,2721,2583
2013-09-25,2529246,2661,2729,2824,2729,2708
2013-09-26,1749536,2691,2781,2798,2781,2734
2013-09-27,2043265,2622,2776,2815,2776,2776
2013-09-30,3192615,2695,2828,2909,2828,2776
2013-10-01,1689270,2592,2708,2884,2708,2875
2013-10-02,2345000,2661,2798,2862,2798,2712
2013-10-04,2189983,2721,2768,2901,2768,2798
2013-10-07,1132319,2613,2613,2819,2613,2755
2013-10-08,982789,2523,2600,2661,2600,2630
2013-10-10,520202,2553,2661,2661,2661,2600
2013-10-11,2246454,2630,2875,2935,2875,2661
2013-10-14,1367840,2802,2875,2922,2875,2892
2013-10-15,978300,2819,2854,2922,2854,2918
2013-10-16,4049340,2927,2940,3158,2940,3000
2013-10-17,1403134,2734,2772,2867,2772,2858
2013-10-18,702591,2738,2811,2837,2811,2772
2013-10-21,819619,2626,2703,2789,2703,2751
2013-10-22,718615,2622,2772,2781,2772,2703
2013-10-23,533496,2712,2742,2806,2742,2768
2013-10-24,1457438,2686,2695,2867,2695,2841
2013-10-25,802749,2661,2802,2815,2802,2695
2013-10-28,1010840,2558,2575,2734,2575,2703
2013-10-29,659534,2480,2480,2592,2480,2583
2013-10-30,1070767,2476,2489,2596,2489,2575
2013-10-31,422945,2455,2506,2527,2506,2489
2013-11-01,499767,2472,2575,2596,2575,2523
2013-11-04,361070,2489,2506,2579,2506,2527
2013-11-05,522383,2476,2527,2575,2527,2506
2013-11-06,361029,2489,2510,2570,2510,2502
2013-11-07,340054,2485,2489,2536,2489,2532
2013-11-08,2446642,2450,2592,2721,2592,2489
2013-11-11,1058317,2291,2291,2600,2291,2562
2013-11-12,472923,2206,2253,2313,2253,2206
2013-11-13,607700,2141,2163,2257,2163,2253
2013-11-14,443620,2146,2227,2253,2227,2146
2013-11-15,312835,2218,2266,2287,2266,2249
2013-11-18,202292,2214,2214,2283,2214,2266
2013-11-19,595904,2038,2115,2218,2115,2184
2013-11-20,242517,2103,2120,2163,2120,2120
2013-11-21,227743,2060,2090,2133,2090,2111
2013-11-22,335272,2000,2068,2120,2068,2120
2013-11-25,196282,2030,2073,2150,2073,2034
2013-11-26,187105,2060,2085,2103,2085,2077
2013-11-27,270902,2068,2146,2150,2146,2073
2013-11-28,279801,2124,2154,2193,2154,2163
2013-11-29,617988,2163,2193,2270,2193,2231
2013-12-02,220348,2090,2098,2167,2098,2167
2013-12-03,322722,2081,2141,2197,2141,2124
2013-12-04,156891,2068,2103,2141,2103,2141
2013-12-05,144312,2077,2120,2146,2120,2120
2013-12-06,146988,2085,2098,2137,2098,2120
2013-12-09,3545678,2141,2412,2412,2412,2146
2013-12-10,1891543,2274,2352,2377,2352,2334
2013-12-11,2501027,2300,2420,2515,2420,2343
2013-12-12,2691944,2382,2467,2618,2467,2386
2013-12-13,1324434,2424,2515,2570,2515,2489
2013-12-16,1395662,2326,2330,2605,2330,2575
2013-12-17,765339,2283,2369,2373,2369,2334
2013-12-18,1223931,2334,2352,2476,2352,2455
2013-12-19,1008325,2343,2472,2472,2472,2377
2013-12-20,1386474,2420,2472,2519,2472,2497
2013-12-23,838908,2424,2493,2497,2493,2446
2013-12-24,622273,2459,2476,2506,2476,2493
2013-12-26,798907,2253,2343,2476,2343,2476
2013-12-27,506732,2347,2364,2407,2364,2386
2013-12-30,490531,2253,2274,2326,2274,2317
2014-01-02,348858,2227,2249,2304,2249,2274
2014-01-03,1392197,2274,2300,2416,2300,2317
2014-01-06,657750,2300,2352,2377,2352,2360
2014-01-07,279723,2287,2304,2360,2304,2360
2014-01-08,401332,2304,2356,2386,2356,2304
2014-01-09,405709,2339,2352,2390,2352,2390
2014-01-10,345463,2326,2364,2377,2364,2377
2014-01-13,280300,2339,2352,2386,2352,2386
2014-01-14,441823,2274,2291,2334,2291,2309
2014-01-15,320243,2266,2326,2339,2326,2334
2014-01-16,393821,2279,2313,2313,2313,2283
2014-01-17,4700204,2562,2656,2656,2656,2583
2014-01-20,1445294,3004,3051,3051,3051,3051
2014-01-21,9020210,3141,3506,3506,3506,3197
2014-01-22,16427035,3403,3588,3961,3588,3506
2014-01-23,11874591,3373,3480,3854,3480,3631
2014-01-24,9166155,3682,4000,4000,4000,3686
2014-01-27,61456,4592,4592,4592,4592,4592
2014-01-28,20630391,3948,4575,5013,4575,4927
2014-01-29,15494617,4377,5081,5116,5081,4712
2014-02-03,5138787,4326,4326,5081,4326,5081
2014-02-04,14384500,3764,3948,4549,3948,4326
2014-02-05,6139208,3609,3721,4013,3721,3867
2014-02-06,5789962,3197,3296,3669,3296,3648
2014-02-07,5278344,3227,3304,3497,3304,3459
2014-02-10,3047698,3047,3218,3261,3218,3231
2014-02-11,4782063,3090,3090,3326,3090,3236
2014-02-12,1668517,2995,3047,3163,3047,3090
2014-02-13,3002799,3073,3137,3249,3137,3111
2014-02-14,1559595,2944,3017,3210,3017,3163
2014-02-17,4579481,3081,3141,3373,3141,3347
2014-02-18,2410708,2849,2888,3120,2888,3060
2014-02-19,1770739,2815,2905,2961,2905,2875
2014-02-20,1731266,2703,2905,2931,2905,2905
2014-02-21,1899941,2806,2845,2927,2845,2832
2014-02-24,7985226,2858,3073,3270,3073,2965
2014-02-25,3586962,2892,2905,3150,2905,3133
2014-02-26,1636030,2764,2837,2897,2837,2884
2014-02-27,652488,2746,2746,2837,2746,2811
2014-02-28,672926,2635,2776,2811,2776,2665
2014-03-03,1028666,2540,2545,2858,2545,2849
2014-03-04,581866,2549,2583,2652,2583,2648
2014-03-05,498498,2549,2575,2613,2575,2613
2014-03-06,484005,2545,2592,2613,2592,2562
2014-03-07,665951,2579,2661,2673,2661,2596
2014-03-10,538844,2549,2558,2703,2558,2703
2014-03-11,431451,2523,2605,2605,2605,2575
2014-03-12,464369,2467,2493,2618,2493,2583
2014-03-13,1823838,2463,2622,2729,2622,2485
2014-03-14,5746661,2540,2755,2952,2755,2669
2014-03-17,1362650,2502,2523,2648,2523,2613
2014-03-18,479237,2467,2467,2553,2467,2506
2014-03-19,523475,2446,2450,2519,2450,2450
2014-03-20,330027,2394,2412,2467,2412,2437
2014-03-21,435549,2394,2459,2510,2459,2416
2014-03-24,895101,2412,2433,2549,2433,2480
2014-03-25,406258,2394,2433,2493,2433,2450
2014-03-26,311230,2407,2416,2467,2416,2450
2014-03-27,228798,2403,2420,2442,2420,2403
2014-03-28,425732,2420,2455,2489,2455,2450
2014-03-31,357101,2433,2442,2493,2442,2455
2014-04-01,271806,2420,2493,2502,2493,2442
2014-04-02,592839,2493,2540,2562,2540,2515
2014-04-03,321291,2472,2515,2570,2515,2570
2014-04-04,302661,2480,2527,2527,2527,2493
2014-04-07,374771,2480,2527,2545,2527,2506
2014-04-08,454818,2506,2583,2583,2583,2527
2014-04-09,594035,2575,2613,2652,2613,2588
2014-04-10,265517,2596,2618,2643,2618,2622
2014-04-11,198260,2566,2579,2613,2579,2583
2014-04-14,150607,2566,2592,2618,2592,2570
2014-04-15,148360,2566,2583,2600,2583,2579
2014-04-16,287879,2532,2579,2592,2579,2592
2014-04-17,233639,2532,2575,2583,2575,2566
2014-04-18,149021,2549,2570,2575,2570,2549
2014-04-21,182908,2566,2566,2600,2566,2575
2014-04-22,376098,2570,2630,2639,2630,2592
2014-04-23,297410,2562,2566,2648,2566,2643
2014-04-24,3991315,2510,2721,2867,2721,2583
2014-04-25,1120304,2596,2609,2781,2609,2721
2014-04-28,659084,2592,2630,2734,2630,2652
2014-04-29,411599,2575,2592,2648,2592,2648
2014-04-30,547348,2579,2618,2686,2618,2579
2014-05-02,1781312,2618,2712,2794,2712,2618
2014-05-07,992576,2669,2691,2824,2691,2712
2014-05-08,476534,2630,2661,2751,2661,2734
2014-05-09,292235,2630,2652,2691,2652,2682
2014-05-12,1673184,2721,2721,2879,2721,2871
2014-05-13,446773,2682,2691,2751,2691,2725
2014-05-14,755440,2661,2781,2781,2781,2699
2014-05-15,9204653,2789,3111,3197,3111,2806
2014-05-16,3712371,2952,3073,3184,3073,3111
2014-05-19,2823133,3030,3133,3300,3133,3296
2014-05-20,2079832,2806,2854,3085,2854,3047
2014-05-21,1046006,2811,2875,2948,2875,2824
2014-05-22,978554,2721,2725,2871,2725,2837
2014-05-23,501903,2721,2789,2802,2789,2721
2014-05-26,616842,2656,2678,2772,2678,2768
2014-05-27,1101091,2691,2721,2811,2721,2695
2014-05-28,558781,2703,2798,2806,2798,2746
2014-05-29,497676,2751,2789,2815,2789,2764
2014-05-30,264308,2738,2751,2815,2751,2811
2014-06-02,1025581,2497,2527,2708,2527,2669
2014-06-03,818200,2523,2527,2678,2527,2532
2014-06-05,287270,2493,2510,2575,2510,2527
2014-06-09,211910,2510,2527,2605,2527,2510
2014-06-10,295464,2497,2596,2630,2596,2497
2014-06-11,206948,2570,2600,2618,2600,2613
2014-06-12,180886,2570,2575,2626,2575,2588
2014-06-13,769592,2553,2656,2725,2656,2588
2014-06-16,1300504,2669,2678,2828,2678,2802
2014-06-17,607459,2626,2712,2738,2712,2703
2014-06-18,524166,2682,2686,2776,2686,2768
2014-06-19,307736,2626,2626,2721,2626,2703
2014-06-20,379662,2536,2575,2648,2575,2618
2014-06-23,365599,2412,2446,2635,2446,2558
2014-06-24,393359,2339,2416,2433,2416,2412
2014-06-25,207980,2394,2446,2476,2446,2399
2014-06-26,130801,2424,2424,2472,2424,2459
2014-06-27,118691,2407,2424,2463,2424,2407
2014-06-30,130408,2382,2412,2442,2412,2437
2014-07-01,167980,2382,2394,2420,2394,2407
2014-07-02,148172,2399,2463,2463,2463,2429
2014-07-03,227474,2403,2446,2485,2446,2485
2014-07-04,252396,2407,2407,2463,2407,2459
2014-07-07,171699,2407,2446,2450,2446,2437
2014-07-08,819051,2463,2600,2600,2600,2489
2014-07-09,419702,2536,2536,2618,2536,2618
2014-07-10,256846,2519,2558,2648,2558,2553
2014-07-11,181716,2476,2497,2588,2497,2588
2014-07-14,163920,2437,2493,2506,2493,2502
2014-07-15,298220,2476,2476,2583,2476,2527
2014-07-16,182483,2446,2472,2506,2472,2455
2014-07-17,149075,2455,2510,2536,2510,2463
2014-07-18,129086,2489,2519,2545,2519,2510
2014-07-21,151282,2489,2506,2540,2506,2519
2014-07-22,119186,2489,2510,2519,2510,2519
2014-07-23,164304,2493,2510,2527,2510,2506
2014-07-24,4148176,2806,2884,2884,2884,2884
2014-07-25,2119387,2613,2639,2746,2639,2661
2014-07-28,5571370,2772,2875,3034,2875,2867
2014-07-29,2904666,2738,2832,2961,2832,2794
2014-07-30,1478763,2622,2669,2798,2669,2794
2014-07-31,1319241,2506,2532,2712,2532,2618
2014-08-01,921058,2420,2609,2626,2609,2446
2014-08-04,2398717,2661,2806,2828,2806,2678
2014-08-05,875177,2656,2656,2746,2656,2721
2014-08-06,586875,2562,2579,2708,2579,2682
2014-08-07,1700513,2686,2738,2785,2738,2764
2014-08-08,1294871,2643,2875,2892,2875,2751
2014-08-11,704165,2695,2695,2867,2695,2849
2014-08-12,451297,2643,2708,2764,2708,2686
2014-08-13,375766,2639,2665,2746,2665,2695
2014-08-14,346429,2609,2734,2738,2734,2669
2014-08-18,313417,2699,2781,2781,2781,2734
2014-08-19,502296,2738,2772,2815,2772,2815
2014-08-20,335080,2712,2712,2776,2712,2755
2014-08-21,414659,2661,2678,2729,2678,2716
2014-08-22,363137,2695,2699,2746,2699,2721
2014-08-25,332173,2618,2622,2712,2622,2686
2014-08-26,305435,2562,2592,2639,2592,2575
2014-08-27,136243,2583,2609,2639,2609,2592
2014-08-28,159482,2600,2652,2665,2652,2609
2014-08-29,163078,2630,2652,2682,2652,2652
2014-09-01,487507,2532,2545,2656,2545,2643
2014-09-02,768227,2472,2583,2635,2583,2489
2014-09-03,251373,2566,2570,2626,2570,2583
2014-09-04,201341,2545,2553,2600,2553,2600
2014-09-05,155554,2558,2588,2600,2588,2558
2014-09-11,251113,2588,2652,2656,2652,2588
2014-09-12,322638,2613,2678,2695,2678,2678
2014-09-15,249887,2639,2682,2686,2682,2639
2014-09-16,283931,2665,2682,2708,2682,2699
2014-09-17,359236,2648,2691,2734,2691,2682
2014-09-18,217687,2661,2682,2703,2682,2703
2014-09-19,220156,2673,2682,2703,2682,2686
2014-09-22,232193,2691,2699,2746,2699,2746
2014-09-23,180871,2678,2703,2712,2703,2703
2014-09-24,261661,2686,2738,2746,2738,2699
2014-09-25,1289187,2785,2785,2974,2785,2935
2014-09-26,718625,2721,2785,2871,2785,2738
2014-09-29,379389,2678,2712,2789,2712,2785
2014-09-30,246247,2703,2759,2789,2759,2742
2014-10-01,769851,2742,2785,2862,2785,2785
2014-10-02,450065,2764,2819,2837,2819,2764
2014-10-06,968907,2815,2901,2944,2901,2819
2014-10-07,716821,2858,2867,2982,2867,2931
2014-10-08,517946,2789,2888,2935,2888,2828
2014-10-10,1634561,2888,3004,3077,3004,2888
2014-10-13,5343077,3043,3455,3455,3455,3193
2014-10-14,3784023,3240,3506,3558,3506,3347
2014-10-15,5236629,3403,3476,3807,3476,3579
2014-10-16,2528293,3313,3373,3558,3373,3519
2014-10-17,12359091,3446,3875,3875,3875,3515
2014-10-20,9078165,3824,3927,4446,3927,3940
2014-10-21,5017839,3339,3339,3708,3339,3588
2014-10-22,2411368,3193,3279,3425,3279,3244
2014-10-23,1391947,3176,3210,3382,3210,3313
2014-10-24,2149478,3236,3339,3407,3339,3270
2014-10-27,1639540,2961,3077,3394,3077,3382
2014-10-28,1093605,3051,3146,3244,3146,3124
2014-10-29,665165,3055,3068,3184,3068,3184
2014-10-30,810442,3073,3115,3244,3115,3176
2014-10-31,632138,3107,3150,3223,3150,3115
2014-11-03,475068,3124,3184,3210,3184,3167
2014-11-04,2966371,3012,3352,3570,3352,3193
2014-11-05,1428905,3240,3343,3476,3343,3347
2014-11-06,3159617,3347,3540,3673,3540,3472
2014-11-07,1079784,3459,3570,3661,3570,3570
2014-11-10,1971277,3493,3519,3811,3519,3776
2014-11-11,1066479,3322,3480,3570,3480,3549
2014-11-12,707352,3386,3442,3480,3442,3480
2014-11-13,1248055,3467,3570,3600,3570,3536
2014-11-14,576572,3455,3545,3588,3545,3558
2014-11-17,956395,3558,3588,3673,3588,3639
2014-11-18,1735937,3596,3613,3734,3613,3643
2014-11-19,1006148,3506,3532,3669,3532,3635
2014-11-20,642214,3425,3476,3553,3476,3528
2014-11-21,392275,3403,3485,3502,3485,3412
2014-11-24,680391,3347,3352,3493,3352,3493
2014-11-25,1280571,3274,3472,3648,3472,3313
2014-11-26,438377,3446,3450,3510,3450,3502
2014-11-27,326655,3390,3416,3480,3416,3480
2014-11-28,268524,3382,3442,3442,3442,3437
2014-12-01,240396,3322,3373,3433,3373,3399
2014-12-02,639021,3287,3373,3506,3373,3317
2014-12-03,226051,3339,3377,3420,3377,3343
2014-12-04,2087555,3390,3596,3725,3596,3429
2014-12-05,1523106,3588,3605,3759,3605,3708
2014-12-08,975718,3536,3699,3734,3699,3618
2014-12-09,4058738,3772,3871,4158,3871,3819
2014-12-10,1355163,3691,3922,4034,3922,3841
2014-12-11,913622,3764,3772,3965,3772,3828
2014-12-12,1344770,3583,3901,3901,3901,3691
2014-12-15,2079117,3927,3948,4167,3948,3991
2014-12-16,697721,3785,3841,3927,3841,3892
2014-12-17,3234051,3922,4064,4240,4064,3957
2014-12-18,2417999,3940,4249,4261,4249,4253
2014-12-19,5990025,4386,4884,4884,4884,4549
2014-12-22,7054107,4824,5004,5510,5004,5064
2014-12-23,3613963,4326,4463,4884,4463,4832
2014-12-24,3280916,4184,4377,4626,4377,4291
2014-12-26,1752053,4098,4111,4386,4111,4377
2014-12-29,4626957,4386,4721,4721,4721,4592
2014-12-30,8106988,4558,5090,5287,5090,4721
2015-01-02,2422788,4970,5158,5279,5158,5090
2015-01-05,5491086,5579,5931,5931,5931,5665
2015-01-06,8780087,6051,6815,6815,6815,6437
2015-01-07,20009045,5802,5871,7356,5871,6704
2015-01-08,9708346,5588,6051,6163,6051,6025
2015-01-09,4291919,5699,5768,6094,5768,6086
2015-01-12,4654509,5167,5201,5725,5201,5682
2015-01-13,3696886,4789,5047,5167,5047,4978
2015-01-14,3418342,5021,5038,5261,5038,5167
2015-01-15,2590570,4764,4764,5158,4764,5124
2015-01-16,7000733,4849,4987,5450,4987,4849
2015-01-19,3108079,4480,4480,4987,4480,4970
2015-01-20,2134320,4377,4515,4618,4515,4549
2015-01-21,1486717,4334,4369,4506,4369,4480
2015-01-22,1441758,4128,4231,4429,4231,4369
2015-01-23,1712718,4206,4386,4437,4386,4291
2015-01-26,2095805,4334,4352,4626,4352,4592
2015-01-27,1186424,4133,4133,4317,4133,4317
2015-01-28,741100,4077,4124,4206,4124,4090
2015-01-29,999755,3957,3974,4167,3974,4128
2015-01-30,757457,3875,3974,4030,3974,4013
2015-02-02,4361256,4051,4291,4532,4291,4107
2015-02-03,1301663,4013,4034,4326,4034,4300
2015-02-04,699542,3944,3991,4064,3991,4025
2015-02-05,670091,3888,3901,4025,3901,4021
2015-02-06,2078996,3940,4068,4231,4068,3957
2015-02-09,6514981,4386,4678,4678,4678,4463
2015-02-10,4581643,4249,4249,4721,4249,4592
2015-02-11,1534680,4103,4133,4309,4133,4291
2015-02-12,1244540,4008,4008,4201,4008,4150
2015-02-13,1419703,3957,4184,4184,4184,4004
2015-02-16,1013141,3974,4008,4150,4008,4150
2015-02-17,758402,3935,4060,4111,4060,3957
2015-02-23,943362,3961,3978,4107,3978,4060
2015-02-24,603591,3922,3957,4013,3957,3961
2015-02-25,988521,3961,3970,4141,3970,4085
2015-02-26,739792,3862,3867,3982,3867,3944
2015-02-27,464880,3858,3871,3922,3871,3867
2015-03-02,942874,3566,3734,3901,3734,3879
2015-03-03,536486,3669,3725,3764,3725,3695
2015-03-04,1414603,3716,3849,3970,3849,3716
2015-03-05,520879,3811,3819,3948,3819,3931
2015-03-06,497020,3781,3854,3892,3854,3884
2015-03-09,353003,3759,3776,3871,3776,3849
2015-03-10,354995,3622,3652,3815,3652,3776
2015-03-11,295384,3622,3639,3746,3639,3652
2015-03-12,318480,3605,3716,3729,3716,3648
2015-03-13,325349,3669,3691,3764,3691,3751
2015-03-16,197017,3643,3673,3716,3673,3691
2015-03-17,240613,3643,3665,3716,3665,3699
2015-03-18,475753,3652,3712,3772,3712,3691
2015-03-19,290719,3665,3669,3768,3669,3712
2015-03-20,746153,3669,3828,3828,3828,3691
2015-03-23,438093,3751,3755,3858,3755,3849
2015-03-24,625886,3751,3841,3875,3841,3768
2015-03-25,436640,3776,3807,3871,3807,3867
2015-03-26,378835,3725,3734,3837,3734,3811
2015-03-27,361707,3609,3631,3755,3631,3734
2015-03-30,303936,3570,3635,3648,3635,3622
2015-03-31,306343,3579,3609,3652,3609,3652
2015-04-01,2403937,3643,3897,3970,3897,3656
2015-04-02,904412,3789,3845,3957,3845,3948
2015-04-03,427098,3768,3802,3897,3802,3854
2015-04-06,526607,3785,3914,3914,3914,3837
2015-04-07,396061,3854,3879,3952,3879,3948
2015-04-08,313570,3841,3854,3897,3854,3884
2015-04-09,3298200,3858,4184,4287,4184,3862
2015-04-10,1829143,4107,4107,4352,4107,4227
2015-04-13,1270312,4051,4279,4279,4279,4107
2015-04-14,1605141,4111,4188,4455,4188,4334
2015-04-15,582553,4077,4137,4240,4137,4193
2015-04-16,644547,4034,4043,4176,4043,4158
2015-04-17,896431,4051,4214,4274,4214,4077
2015-04-20,586799,4068,4077,4180,4077,4128
2015-04-21,1583772,4081,4291,4352,4291,4107
2015-04-22,1201841,3828,4154,4403,4154,4317
2015-04-23,503250,3952,4034,4253,4034,4206
2015-04-24,467079,3957,4146,4146,4146,4038
2015-04-27,1187144,4150,4300,4377,4300,4206
2015-04-28,556874,4158,4171,4343,4171,4317
2015-04-29,511731,4146,4240,4270,4240,4150
2015-04-30,567184,4171,4231,4343,4231,4291
2015-05-04,469145,3978,4017,4283,4017,4231
2015-05-06,413197,3751,3849,4017,3849,4017
2015-05-07,338696,3661,3862,3862,3862,3802
2015-05-08,250301,3789,3862,3922,3862,3922
2015-05-11,293705,3867,3944,4021,3944,3879
2015-05-12,231219,3862,3862,3982,3862,3948
2015-05-13,330393,3785,3854,3914,3854,3914
2015-05-14,293153,3858,3884,3965,3884,3862
2015-05-15,450965,3892,4013,4030,4013,3914
2015-05-18,574142,3785,3832,4013,3832,4013
2015-05-19,1656120,3807,4163,4184,4163,3832
2015-05-20,1979329,4013,4163,4420,4163,4197
2015-05-21,1098155,4103,4206,4377,4206,4334
2015-05-22,4997717,4249,4480,4781,4480,4420
2015-05-26,2192454,4300,4352,4729,4352,4480
2015-05-27,3030025,4223,4601,4661,4601,4429
2015-05-28,2369621,4395,4395,4635,4395,4549
2015-05-29,5860139,4463,5047,5047,5047,4506
2015-06-01,2399241,5545,5802,5802,5802,5802
2015-06-02,454389,6669,6669,6669,6669,6669
2015-06-03,32930414,5674,6000,7382,6000,6206
2015-06-04,10949475,5107,5107,6240,5107,5897
2015-06-05,7579224,4583,4849,5553,4849,5364
2015-06-08,3075704,4266,4352,4892,4352,4798
2015-06-09,3117203,4300,4403,4669,4403,4472
2015-06-10,2071650,4025,4077,4455,4077,4429
2015-06-11,1556842,3978,4025,4176,4025,4111
2015-06-12,938634,3819,3901,4068,3901,4043
2015-06-15,1908069,3922,4060,4210,4060,3970
2015-06-16,1176104,3772,3811,4060,3811,4047
2015-06-17,916038,3772,3935,3995,3935,3776
2015-06-18,616200,3802,3858,3918,3858,3918
2015-06-19,648995,3776,3815,3922,3815,3922
2015-06-22,1545077,3322,3528,3545,3528,3476
2015-06-23,856790,3523,3673,3734,3673,3553
2015-06-24,467878,3613,3768,3768,3768,3682
2015-06-25,475118,3716,3759,3815,3759,3734
2015-06-26,759962,3734,3828,3927,3828,3734
2015-06-29,542996,3605,3605,3802,3605,3776
2015-06-30,526913,3545,3776,3879,3776,3545
2015-07-01,426578,3695,3819,3819,3819,3768
2015-07-02,357975,3789,3811,3854,3811,3824
2015-07-03,1197309,3815,3982,4111,3982,3815
2015-07-06,897309,3914,4116,4193,4116,3914
2015-07-07,2090866,4090,4223,4549,4223,4463
2015-07-08,1168824,3918,4133,4219,4133,4206
2015-07-09,862973,4150,4290,4390,4290,4215
2015-07-10,407699,4230,4285,4435,4285,4340
2015-07-13,448070,4110,4150,4275,4150,4165
2015-07-14,450409,4140,4160,4255,4160,4180
2015-07-15,421081,4120,4300,4315,4300,4170
2015-07-16,291244,4230,4290,4365,4290,4340
2015-07-17,230587,4205,4240,4285,4240,4265
2015-07-20,217323,4210,4300,4300,4300,4295
2015-07-21,188967,4250,4330,4340,4330,4300
2015-07-22,394904,4280,4500,4500,4500,4320
2015-07-23,677726,4410,4600,4810,4600,4505
2015-07-24,396473,4590,4740,4790,4740,4640
2015-07-27,355236,4530,4635,4850,4635,4850
2015-07-28,279939,4300,4520,4575,4520,4500
2015-07-29,172820,4360,4380,4585,4380,4480
2015-07-30,139411,4250,4315,4425,4315,4380
2015-07-31,110555,4290,4500,4515,4500,4290
2015-08-03,104921,4390,4480,4545,4480,4450
2015-08-04,131817,4380,4500,4545,4500,4540
2015-08-05,471477,4465,4650,4770,4650,4550
2015-08-06,160361,4570,4665,4695,4665,4635
2015-08-07,1875044,4600,4735,5250,4735,4620
2015-08-10,773114,4700,4755,5050,4755,4730
2015-08-11,425712,4470,4470,4890,4470,4840
2015-08-12,304964,4420,4560,4670,4560,4475
2015-08-13,386593,4500,4750,4780,4750,4500
2015-08-14,0,4750,4750,4750,4750,4750
2015-08-17,184896,4565,4685,4790,4685,4740
2015-08-18,207153,4505,4535,4720,4535,4720
2015-08-19,234597,4290,4350,4525,4350,4450
2015-08-20,136924,4240,4325,4450,4325,4240
2015-08-21,336162,3950,3990,4280,3990,4100
2015-08-24,251838,3880,3985,4115,3985,3910
2015-08-25,246913,3985,4300,4335,4300,4050
2015-08-26,701477,4290,4340,4720,4340,4465
2015-08-27,223654,4295,4300,4440,4300,4360
2015-08-28,272307,4300,4340,4440,4340,4320
2015-08-31,127575,4280,4290,4380,4290,4380
2015-09-01,176699,4180,4180,4350,4180,4250
2015-09-02,114801,4100,4230,4230,4230,4155
2015-09-03,128658,4255,4300,4350,4300,4310
2015-09-04,133893,4055,4140,4335,4140,4300
2015-09-07,95541,4125,4180,4265,4180,4145
2015-09-08,81735,4130,4170,4235,4170,4185
2015-09-09,262667,4190,4325,4410,4325,4200
2015-09-10,166538,4230,4330,4340,4330,4280
2015-09-11,201452,4335,4380,4415,4380,4390
2015-09-14,145781,4330,4430,4460,4430,4360
2015-09-15,607413,4435,4630,4670,4630,4455
2015-09-16,2333652,4845,4865,5520,4865,5190
2015-09-17,3057020,4665,5340,5370,5340,4755
2015-09-18,1899260,5200,5370,5540,5370,5480
2015-09-21,2764318,4900,5160,5290,5160,5070
2015-09-22,8017015,5540,5800,6600,5800,5550
2015-09-23,9554537,5200,5970,6440,5970,5360
2015-09-24,1900513,5610,5680,6080,5680,6030
2015-09-25,2243171,5340,5720,5870,5720,5580
2015-09-30,4237605,5340,5670,5920,5670,5580
2015-10-01,1334688,5390,5500,5670,5500,5670
2015-10-02,847197,5300,5430,5540,5430,5540
2015-10-05,641055,5270,5310,5400,5310,5300
2015-10-06,621628,5220,5300,5380,5300,5350
2015-10-07,670271,5040,5040,5310,5040,5280
2015-10-08,388558,5000,5100,5160,5100,5060
2015-10-12,595326,4935,4980,5100,4980,5100
2015-10-13,781334,4965,4995,5180,4995,5180
2015-10-14,360073,4935,5050,5080,5050,5020
2015-10-15,291745,5000,5020,5090,5020,5040
2015-10-16,583705,5010,5190,5250,5190,5040
2015-10-19,1336012,5180,5530,5530,5530,5280
2015-10-20,757986,5350,5420,5530,5420,5430
2015-10-21,504830,5390,5470,5530,5470,5530
2015-10-22,1198506,5200,5490,5570,5490,5430
2015-10-23,922794,5350,5400,5660,5400,5620
2015-10-26,517073,5360,5370,5480,5370,5470
2015-10-27,626249,5150,5260,5420,5260,5410
2015-10-28,655857,5200,5470,5500,5470,5280
2015-10-29,531190,5360,5360,5570,5360,5550
2015-10-30,362735,5210,5400,5440,5400,5430
2015-11-02,1166832,5400,5640,5640,5640,5430
2015-11-03,856441,5480,5480,5720,5480,5680
2015-11-04,785346,5210,5240,5440,5240,5430
2015-11-05,458373,5230,5360,5370,5360,5240
2015-11-06,601905,5310,5450,5560,5450,5390
2015-11-09,551952,5200,5210,5440,5210,5390
2015-11-10,492068,4960,4990,5170,4990,5130
2015-11-11,295002,4950,5180,5180,5180,4970
2015-11-12,185382,5100,5150,5210,5150,5180
2015-11-13,275554,5040,5040,5190,5040,5100
2015-11-16,260509,4905,4975,5070,4975,4910
2015-11-17,280799,4990,5040,5190,5040,4990
2015-11-18,371470,5080,5090,5260,5090,5120
2015-11-19,194755,5110,5200,5210,5200,5150
2015-11-20,211560,5140,5230,5230,5230,5190
2015-11-23,264815,5170,5260,5390,5260,5220
2015-11-24,235326,5150,5220,5310,5220,5260
2015-11-25,254782,5210,5390,5390,5390,5230
2015-11-26,348066,5350,5410,5490,5410,5470
2015-11-27,305211,5320,5420,5450,5420,5420
2015-11-30,304726,5210,5210,5370,5210,5350
2015-12-01,207902,5190,5260,5280,5260,5190
2015-12-02,597559,5220,5360,5460,5360,5220
2015-12-03,394957,5280,5400,5490,5400,5310
2015-12-04,743579,5330,5550,5620,5550,5390
2015-12-07,408988,5370,5380,5570,5380,5520
2015-12-08,600740,5100,5100,5370,5100,5320
2015-12-09,329218,5020,5160,5240,5160,5050
2015-12-10,284506,5030,5150,5250,5150,5140
2015-12-11,133942,5070,5110,5150,5110,5150
2015-12-14,333761,4950,4965,5060,4965,5000
2015-12-15,254338,4930,5010,5030,5010,4930
2015-12-16,194061,5050,5100,5140,5100,5090
2015-12-17,419235,5120,5330,5330,5330,5140
2015-12-18,530589,5250,5340,5480,5340,5280
2015-12-21,321319,5270,5270,5400,5270,5280
2015-12-22,464326,5100,5120,5300,5120,5290
2015-12-23,278568,5040,5120,5160,5120,5100
2015-12-24,231970,5080,5110,5180,5110,5150
2015-12-28,161913,5050,5050,5140,5050,5110
2015-12-29,240847,5050,5170,5220,5170,5050
2015-12-30,127848,5130,5190,5220,5190,5170
2016-01-04,315910,5000,5030,5220,5030,5190
2016-01-05,305947,4885,5000,5020,5000,4885
2016-01-06,366072,4960,5060,5190,5060,5010
2016-01-07,234878,4960,5040,5110,5040,5080
2016-01-08,268174,4885,4995,5020,4995,4960
2016-01-11,217311,4905,4945,5070,4945,4985
2016-01-12,13946934,5210,6420,6420,6420,5360
2016-01-13,10654071,5550,5710,6240,5710,6190
2016-01-14,18702092,5880,6010,6730,6010,6280
2016-01-15,9231487,5780,6480,6480,6480,6200
2016-01-18,3243777,5910,5920,6180,5920,6080
2016-01-19,2310867,5640,5700,5940,5700,5720
2016-01-20,2883752,5260,5530,5890,5530,5680
2016-01-21,1349584,5290,5390,5520,5390,5470
2016-01-22,1534508,5270,5450,5520,5450,5400
2016-01-25,924851,5280,5380,5400,5380,5360
2016-01-26,821390,5280,5340,5460,5340,5320
2016-01-27,1070238,5090,5090,5400,5090,5360
2016-01-28,841749,4995,5250,5260,5250,5050
2016-01-29,5085778,5210,5280,5750,5280,5350
2016-02-01,9374619,5250,5980,6050,5980,5420
2016-02-02,3190170,5300,5330,5800,5330,5780
2016-02-03,2071754,5320,5410,5570,5410,5430
2016-02-04,1022050,5280,5300,5510,5300,5490
2016-02-05,723963,5250,5380,5400,5380,5330
2016-02-11,1385313,5130,5190,5440,5190,5380
2016-02-12,1347158,4650,4735,5250,4735,5110
2016-02-15,705310,4750,4835,4915,4835,4750
2016-02-16,431175,4880,4935,4980,4935,4915
2016-02-17,6305341,4835,5690,5910,5690,4980
2016-02-18,6483612,5440,5460,6120,5460,6110
2016-02-19,2133881,5270,5360,5650,5360,5610
2016-02-22,1821640,5080,5100,5270,5100,5250
2016-02-23,1052008,4935,4955,5200,4955,5170
2016-02-24,600284,4895,4900,5020,4900,4915
2016-02-25,725688,4915,4965,5040,4965,4915
2016-02-26,1116568,5040,5050,5190,5050,5160
2016-02-29,849151,4950,4955,5090,4955,5000
2016-03-02,502249,4945,4950,5030,4950,4955
2016-03-03,451961,4925,4960,4985,4960,4970
2016-03-04,393584,4970,5010,5030,5010,5000
2016-03-07,2634096,4975,5390,5450,5390,5040
2016-03-08,2175757,5110,5150,5290,5150,5290
2016-03-09,1050472,5080,5080,5240,5080,5240
2016-03-10,801430,4990,5120,5170,5120,5050
2016-03-11,1112916,5100,5190,5280,5190,5190
2016-03-14,1050689,5140,5170,5350,5170,5300
2016-03-15,1029871,5160,5170,5270,5170,5230
2016-03-16,726191,5030,5070,5210,5070,5210
2016-03-17,441708,5020,5070,5110,5070,5090
2016-03-18,324211,5070,5100,5120,5100,5100
2016-03-21,419311,4995,5040,5130,5040,5120
2016-03-22,3000830,5140,5190,5380,5190,5230
2016-03-23,837600,5010,5030,5230,5030,5220
2016-03-24,724266,4910,4925,5010,4925,4990
2016-03-25,488553,4925,4980,5040,4980,4940
2016-03-28,1839873,5110,5170,5290,5170,5290
2016-03-29,841221,5000,5020,5170,5020,5170
2016-03-30,394929,5000,5020,5050,5020,5030
2016-03-31,448674,4960,4970,5050,4970,5020
2016-04-01,306319,4945,4970,5010,4970,4990
2016-04-04,275562,4930,4950,4980,4950,4980
2016-04-05,416904,4870,4880,4960,4880,4955
2016-04-06,206041,4870,4870,4920,4870,4870
2016-04-07,316147,4825,4915,4960,4915,4875
2016-04-08,812293,4840,4955,5050,4955,4900
2016-04-11,301404,4920,4920,4990,4920,4955
2016-04-12,282766,4870,4870,4950,4870,4920
2016-04-14,234764,4870,4910,4935,4910,4870
2016-04-15,186222,4905,4920,4990,4920,4905
2016-04-18,202594,4895,4920,4990,4920,4920
2016-04-19,261202,4895,4940,4980,4940,4915
2016-04-20,317678,4940,4980,4990,4980,4940
2016-04-21,614011,4970,5000,5070,5000,4980
2016-04-22,233910,4965,4985,5030,4985,5030
2016-04-25,220527,4940,4950,4985,4950,4955
2016-04-26,640402,4955,5010,5090,5010,4970
2016-04-27,263055,5000,5030,5080,5030,5080
2016-04-28,431066,4955,4955,5100,4955,5090
2016-04-29,202057,4910,4950,4985,4950,4915
2016-05-02,219590,4925,4940,5000,4940,4960
2016-05-03,187471,4930,4965,4975,4965,4945
2016-05-04,254377,4940,4980,5030,4980,4950
2016-05-09,221183,4930,4930,5010,4930,4980
2016-05-10,320659,4925,4975,5020,4975,4930
2016-05-11,461554,4985,5060,5080,5060,4985
2016-05-12,282198,5000,5080,5080,5080,5060
2016-05-13,260115,5010,5030,5080,5030,5080
2016-05-16,266259,4980,4995,5030,4995,5030
2016-05-17,409930,4920,4920,5010,4920,5010
2016-05-18,438004,4810,4810,4930,4810,4905
2016-05-19,217600,4760,4790,4855,4790,4815
2016-05-20,297447,4725,4900,4935,4900,4765
2016-05-23,316905,4860,4965,5000,4965,4905
2016-05-24,209800,4925,4970,5000,4970,4965
2016-05-25,352750,4925,4925,5060,4925,5010
2016-05-26,160240,4910,4965,4965,4965,4925
2016-05-27,169978,4920,4940,5000,4940,4975
2016-05-30,294036,4840,4875,4940,4875,4940
2016-05-31,216460,4830,4950,4965,4950,4860
2016-06-01,430802,4930,5000,5050,5000,4960
2016-06-02,325661,4975,4995,5060,4995,5010
2016-06-03,1143866,5000,5100,5250,5100,5020
2016-06-07,345835,5040,5150,5150,5150,5100
2016-06-08,1115024,5130,5240,5340,5240,5180
2016-06-09,707475,5100,5240,5310,5240,5240
2016-06-10,881975,5180,5360,5380,5360,5240
2016-06-13,607577,5160,5180,5350,5180,5340
2016-06-14,620047,4960,5120,5150,5120,5070
2016-06-15,261748,4985,5060,5150,5060,5100
2016-06-16,491815,4910,4945,5100,4945,5070
2016-06-17,424263,4905,4940,5090,4940,4945
2016-06-20,227234,4935,5030,5080,5030,4950
2016-06-21,672509,4990,5190,5230,5190,5040
2016-06-22,429146,5100,5110,5230,5110,5170
2016-06-23,313130,4980,5050,5110,5050,5110
2016-06-24,979898,4600,4660,5110,4660,5110
2016-06-27,449129,4400,4590,4655,4590,4400
2016-06-28,547599,4535,4720,4830,4720,4570
2016-06-29,554990,4780,4860,4965,4860,4795
2016-06-30,605371,4860,4870,5100,4870,4925
2016-07-01,221946,4860,4905,4925,4905,4880
2016-07-04,145226,4875,4885,4940,4885,4940
2016-07-05,156169,4870,4900,4950,4900,4895
2016-07-06,250196,4795,4830,4910,4830,4880
2016-07-07,227651,4830,4895,4910,4895,4830
2016-07-08,239677,4830,4880,5000,4880,4945
2016-07-11,150802,4860,4865,4920,4865,4910
2016-07-12,142365,4840,4855,4900,4855,4865
2016-07-13,117850,4845,4855,4890,4855,4865
2016-07-14,136841,4820,4825,4860,4825,4855
2016-07-15,159579,4805,4810,4845,4810,4820
2016-07-18,218761,4725,4765,4805,4765,4780
2016-07-19,110162,4725,4740,4790,4740,4775
2016-07-20,104966,4725,4750,4785,4750,4740
2016-07-21,89505,4750,4800,4825,4800,4750
2016-07-22,150962,4785,4840,4855,4840,4805
2016-07-25,163623,4825,4870,4920,4870,4855
2016-07-26,74054,4820,4825,4870,4825,4870
2016-07-27,152454,4765,4765,4835,4765,4825
2016-07-28,52203,4765,4815,4830,4815,4765
2016-07-29,65377,4810,4810,4845,4810,4815
2016-08-01,114352,4765,4770,4810,4770,4810
2016-08-02,80216,4740,4795,4820,4795,4740
2016-08-03,112358,4720,4730,4790,4730,4765
2016-08-04,74809,4705,4760,4800,4760,4725
2016-08-05,76114,4760,4780,4805,4780,4770
2016-08-08,87697,4730,4740,4800,4740,4800
2016-08-09,86660,4725,4770,4775,4770,4740
2016-08-10,224948,4770,4830,4865,4830,4770
2016-08-11,116430,4795,4800,4855,4800,4815
2016-08-12,83629,4790,4820,4830,4820,4800
2016-08-16,202887,4820,4860,4885,4860,4820
2016-08-17,381592,4860,4930,4930,4930,4860
2016-08-18,169651,4870,4910,4930,4910,4900
2016-08-19,143839,4855,4865,4920,4865,4890
2016-08-22,112580,4815,4825,4875,4825,4875
2016-08-23,696018,4810,4905,5010,4905,4810
2016-08-24,175667,4855,4860,4915,4860,4895
2016-08-25,286864,4820,4910,4935,4910,4860
2016-08-26,781342,4890,4910,5080,4910,4990
2016-08-29,418535,4760,4760,4910,4760,4880
2016-08-30,179331,4745,4800,4825,4800,4745
2016-08-31,181446,4770,4815,4875,4815,4775
2016-09-01,101846,4805,4830,4840,4830,4815
2016-09-02,156588,4810,4875,4875,4875,4830
2016-09-05,681452,4880,5010,5050,5010,4895
2016-09-06,258521,4905,4905,4980,4905,4980
2016-09-07,124432,4905,4925,4955,4925,4910
2016-09-08,239568,4880,4880,4955,4880,4915
2016-09-09,233643,4870,4940,4960,4940,4880
2016-09-12,161201,4810,4845,4925,4845,4820
2016-09-13,82517,4845,4880,4930,4880,4845
2016-09-19,191280,4795,4875,4880,4875,4880
2016-09-20,170314,4855,4930,4930,4930,4860
2016-09-21,189208,4920,4950,4965,4950,4935
2016-09-22,538229,4925,5030,5070,5030,4965
2016-09-23,347685,5000,5040,5100,5040,5060
2016-09-26,400782,5010,5080,5130,5080,5010
2016-09-27,301585,5030,5100,5140,5100,5040
2016-09-28,306418,4990,5000,5120,5000,5120
2016-09-29,176877,5010,5070,5090,5070,5010
2016-09-30,211097,4940,4995,5070,4995,5070
2016-10-04,196808,4965,5050,5090,5050,4995
2016-10-05,154208,5010,5060,5070,5060,5020
2016-10-06,107930,5010,5030,5070,5030,5050
2016-10-07,193028,4990,5000,5060,5000,5050
2016-10-10,131892,4950,5000,5050,5000,4960
2016-10-11,105728,4980,4995,5020,4995,5000
2016-10-12,126570,4940,4965,5010,4965,4940
2016-10-13,130561,4920,4935,4995,4935,4965
2016-10-14,110697,4895,4905,4980,4905,4960
2016-10-17,135632,4845,4855,4935,4855,4910
2016-10-18,84575,4810,4835,4865,4835,4850
2016-10-19,60991,4840,4865,4885,4865,4860
2016-10-20,219456,4825,4875,4950,4875,4865
2016-10-21,70914,4835,4875,4900,4875,4900
2016-10-24,108351,4840,4855,4885,4855,4880
2016-10-25,185070,4730,4770,4880,4770,4855
2016-10-26,256140,4600,4660,4760,4660,4715
2016-10-27,119013,4600,4790,4810,4790,4685
2016-10-28,71752,4735,4750,4810,4750,4810
2016-10-31,234618,4590,4625,4735,4625,4710
2016-11-01,137799,4500,4605,4680,4605,4500
2016-11-02,302402,4380,4380,4600,4380,4515
2016-11-03,87140,4335,4420,4500,4420,4335
2016-11-04,128497,4365,4530,4630,4530,4385
2016-11-07,101616,4530,4640,4645,4640,4530
2016-11-08,152628,4640,4740,4800,4740,4660
2016-11-09,377328,4350,4590,4795,4590,4705
2016-11-10,155906,4660,4770,4785,4770,4670
2016-11-11,725953,4790,4920,5020,4920,4820
2016-11-14,191700,4830,4860,4950,4860,4950
2016-11-15,136037,4835,4865,4905,4865,4855
2016-11-16,943540,4885,5120,5150,5120,4925
2016-11-17,1006751,5070,5150,5330,5150,5300
2016-11-18,1920703,5100,5310,5370,5310,5240
2016-11-21,3138278,5150,5280,5780,5280,5650
2016-11-22,1408442,5020,5240,5360,5240,5300
2016-11-23,1003151,5000,5000,5290,5000,5290
2016-11-24,1373703,5010,5050,5250,5050,5140
2016-11-25,736139,4950,5080,5170,5080,5130
2016-11-28,627533,4870,4880,5090,4880,5050
2016-11-29,519616,4680,4765,4960,4765,4910
2016-11-30,262080,4710,4785,4810,4785,4810
2016-12-01,382112,4610,4645,4740,4645,4725
2016-12-02,242564,4560,4610,4685,4610,4645
2016-12-05,393359,4405,4415,4670,4415,4580
2016-12-06,333223,4415,4625,4745,4625,4415
2016-12-07,265021,4460,4525,4610,4525,4600
2016-12-08,151865,4450,4480,4545,4480,4505
2016-12-09,220178,4435,4500,4530,4500,4530
2016-12-12,555626,4585,4630,4740,4630,4600
2016-12-13,382524,4570,4635,4710,4635,4710
2016-12-14,1637321,4645,4790,4970,4790,4680
2016-12-15,532291,4770,4785,4950,4785,4905
2016-12-16,3585342,4920,5110,5320,5110,4945
2016-12-19,1144595,4950,4990,5220,4990,5220
2016-12-20,793527,4760,4795,5040,4795,5030
2016-12-21,690799,4640,4655,4810,4655,4805
2016-12-22,365987,4645,4655,4725,4655,4655
2016-12-23,336586,4635,4660,4765,4660,4640
2016-12-26,380428,4605,4610,4745,4610,4690
2016-12-27,321804,4535,4540,4635,4540,4605
2016-12-28,289687,4530,4650,4660,4650,4585
2016-12-29,219059,4575,4590,4645,4590,4645
2017-01-02,194568,4530,4545,4620,4545,4590
2017-01-03,189057,4520,4525,4560,4525,4550
2017-01-04,407437,4505,4620,4685,4620,4550
2017-01-05,148518,4580,4600,4620,4600,4620
2017-01-06,209426,4515,4585,4620,4585,4600
2017-01-09,206771,4515,4550,4615,4550,4590
2017-01-10,194503,4475,4475,4585,4475,4540
2017-01-11,142270,4470,4475,4510,4475,4475
2017-01-12,232781,4360,4400,4480,4400,4480
2017-01-13,509901,4380,4475,4640,4475,4410
2017-01-16,186585,4400,4405,4555,4405,4475
2017-01-17,145595,4385,4410,4450,4410,4400
2017-01-18,131160,4355,4370,4460,4370,4460
2017-01-19,249020,4290,4305,4390,4305,4370
2017-01-20,211798,4215,4245,4320,4245,4315
2017-01-23,242191,4085,4090,4240,4090,4230
2017-01-24,276107,3970,3970,4060,3970,4020
2017-01-25,130434,3980,4015,4050,4015,3980
2017-01-26,70606,4000,4055,4085,4055,4015
2017-01-31,91282,3990,4005,4060,4005,4055
2017-02-01,99357,3965,4050,4050,4050,3965
2017-02-02,181688,3980,3985,4045,3985,4040
2017-02-03,130931,3960,3990,4020,3990,3960
2017-02-06,2742429,4170,4525,4525,4525,4445
2017-02-07,2264069,4360,4405,4765,4405,4715
2017-02-08,1395246,4195,4405,4485,4405,4410
2017-02-09,826000,4305,4355,4455,4355,4430
2017-02-10,6224317,4500,4610,4950,4610,4530
2017-02-13,1417156,4320,4320,4650,4320,4610
2017-02-14,844808,4155,4155,4345,4155,4320
2017-02-15,551256,4090,4150,4205,4150,4105
2017-02-16,559166,4035,4050,4170,4050,4150
2017-02-17,334546,4000,4050,4050,4050,4020
2017-02-20,400429,3975,3980,4030,3980,4010
2017-02-21,233824,3955,4040,4100,4040,3960
2017-02-22,206988,4010,4030,4070,4030,4050
2017-02-23,160112,3985,3985,4030,3985,4030
2017-02-24,208993,3975,3985,4035,3985,4000
2017-02-27,257443,3920,3975,4010,3975,3985
2017-02-28,191716,3950,3960,4000,3960,3975
2017-03-02,156575,3935,3965,4005,3965,3960
2017-03-03,557748,3700,3760,3955,3760,3930
2017-03-06,172844,3715,3810,3825,3810,3735
2017-03-07,117003,3760,3800,3820,3800,3765
2017-03-08,82213,3760,3775,3810,3775,3805
2017-03-09,100931,3755,3760,3795,3760,3780
2017-03-10,217720,3690,3790,3795,3790,3760
2017-03-13,155648,3790,3860,3880,3860,3815
2017-03-14,114286,3825,3855,3885,3855,3860
2017-03-15,176676,3790,3795,3870,3795,3870
2017-03-16,106518,3800,3830,3845,3830,3810
2017-03-17,144581,3815,3850,3855,3850,3820
2017-03-20,97753,3810,3825,3870,3825,3855
2017-03-21,84260,3800,3805,3850,3805,3825
2017-03-22,119080,3750,3780,3840,3780,3790
2017-03-23,105637,3725,3725,3780,3725,3765
2017-03-24,100224,3715,3725,3790,3725,3730
2017-03-27,122238,3710,3740,3775,3740,3725
2017-03-28,298686,3715,3850,3930,3850,3740
2017-03-29,104113,3800,3820,3850,3820,3850
2017-03-30,126569,3805,3820,3850,3820,3850
2017-03-31,132594,3815,3860,3890,3860,3830
2017-04-03,242803,3875,3945,3945,3945,3895
2017-04-04,135726,3860,3920,3955,3920,3955
2017-04-05,130034,3895,3935,3950,3935,3915
2017-04-06,88441,3890,3900,3935,3900,3925
2017-04-07,74653,3900,3910,3935,3910,3930
2017-04-10,166351,3840,3840,3925,3840,3910
2017-04-11,122316,3825,3880,3910,3880,3825
2017-04-12,89044,3835,3875,3900,3875,3900
2017-04-13,100566,3875,3910,3915,3910,3875
2017-04-14,102760,3855,3880,3925,3880,3900
2017-04-17,383841,3885,3935,4005,3935,3900
2017-04-18,209176,3915,3990,3995,3990,3935
2017-04-19,318756,3960,4055,4100,4055,3970
2017-04-20,147541,4030,4055,4080,4055,4045
2017-04-21,119873,4005,4050,4075,4050,4075
2017-04-24,157267,3975,3995,4055,3995,4050
2017-04-25,143152,4000,4040,4050,4040,4000
2017-04-26,267937,4040,4100,4110,4100,4040
2017-04-27,172653,4050,4050,4120,4050,4100
2017-04-28,112485,4030,4050,4090,4050,4070
2017-05-02,87835,4015,4025,4055,4025,4050
2017-05-04,116263,4020,4045,4085,4045,4025
2017-05-08,277333,4045,4100,4135,4100,4045
2017-05-10,116991,4060,4080,4125,4080,4090
2017-05-11,66082,4050,4070,4095,4070,4085
2017-05-12,66252,4020,4030,4080,4030,4065
2017-05-15,120929,3975,4025,4050,4025,4050
2017-05-16,166286,3990,4035,4105,4035,3990
2017-05-17,107370,4000,4010,4050,4010,4035
2017-05-18,104900,3950,3970,3995,3970,3980
2017-05-19,81406,3950,4000,4000,4000,3950
2017-05-22,85690,3980,4015,4030,4015,4005
2017-05-23,96779,3990,4010,4025,4010,4025
2017-05-24,65771,4000,4005,4035,4005,4020
2017-05-25,67789,4000,4015,4035,4015,4010
2017-05-26,62916,3990,4050,4050,4050,4015
2017-05-29,102467,4020,4045,4080,4045,4080
2017-05-30,90918,4035,4055,4075,4055,4045
2017-05-31,169094,4045,4135,4145,4135,4070
2017-06-01,99759,4055,4075,4125,4075,4125
2017-06-02,93224,4060,4100,4110,4100,4105
2017-06-05,10694677,4410,4460,4865,4460,4490
2017-06-07,3046570,4290,4320,4715,4320,4460
2017-06-08,1282882,4120,4140,4350,4140,4305
2017-06-09,968475,4160,4220,4260,4220,4165
2017-06-12,792634,4100,4110,4295,4110,4235
2017-06-13,630499,4070,4085,4140,4085,4110
2017-06-14,325755,4050,4060,4100,4060,4085
2017-06-15,350066,3985,3995,4060,3995,4030
2017-06-16,222995,3980,4010,4025,4010,4020
2017-06-19,151806,3995,4015,4030,4015,4000
2017-06-20,184648,3975,3985,4020,3985,4015
2017-06-21,224063,3900,3955,3985,3955,3985
2017-06-22,149796,3925,3930,3990,3930,3965
2017-06-23,64089,3925,3965,3980,3965,3925
2017-06-26,101076,3900,3915,3990,3915,3960
2017-06-27,111690,3895,3935,3940,3935,3915
2017-06-28,113027,3880,3905,3945,3905,3930
2017-06-29,572684,3885,3975,4270,3975,3885
2017-06-30,133136,3915,3980,3990,3980,3965
2017-07-03,111121,3940,3975,4000,3975,3960
2017-07-04,102002,3940,3945,3990,3945,3975
2017-07-05,198441,3920,4000,4045,4000,3965
2017-07-06,0,0,0,0,0,0
2017-07-07,0,0,0,0,0,0
2017-07-10,154492,3995,4025,4040,4025,4010
2017-07-11,0,0,0,0,0,0
2017-07-12,0,0,0,0,0,0
2017-07-13,0,0,0,0,0,0
2017-07-14,0,0,0,0,0,0
2017-07-17,86691,3985,4000,4035,4000,4035
2017-07-18,123061,3900,4005,4040,4005,3980
2017-07-19,0,0,0,0,0,0
2017-07-20,133100,3995,4025,4030,4025,4005
2017-07-21,0,0,0,0,0,0
2017-07-24,96095,3995,4020,4040,4020,4025
2017-07-25,104973,4000,4030,4035,4030,4005
2017-07-26,0,0,0,0,0,0
2017-07-27,358803,4075,4165,4165,4165,4135
2017-07-28,435166,4090,4155,4215,4155,4165
2017-07-31,271148,4110,4165,4190,4165,4125
2017-08-01,168414,4145,4185,4225,4185,4145
2017-08-02,227506,4165,4210,4230,4210,4185
2017-08-03,230036,4090,4105,4210,4105,4210
2017-08-04,0,0,0,0,0,0
2017-08-07,146572,4095,4170,4190,4170,4160
2017-08-08,189064,4140,4180,4210,4180,4170
2017-08-09,182228,4140,4200,4205,4200,4150
2017-08-10,258003,4140,4190,4260,4190,4220
2017-08-11,249157,4090,4130,4170,4130,4140
2017-08-14,110829,4120,4155,4165,4155,4120
2017-08-16,1020404,4140,4185,4385,4185,4155
2017-08-17,292402,4155,4215,4250,4215,4180
2017-08-18,310214,4185,4255,4300,4255,4210
2017-08-21,221679,4235,4255,4275,4255,4260
2017-08-22,175349,4230,4260,4270,4260,4260
2017-08-23,143681,4245,4265,4280,4265,4260
2017-08-24,208965,4230,4280,4295,4280,4270
2017-08-25,177677,4260,4275,4305,4275,4295
2017-08-28,137291,4270,4300,4310,4300,4275
2017-08-29,227046,4280,4330,4330,4330,4320
2017-08-30,215257,4300,4340,4350,4340,4300
2017-08-31,110327,4305,4335,4355,4335,4330
2017-09-01,206764,4260,4300,4345,4300,4335
2017-09-04,235330,4195,4230,4270,4230,4205
2017-09-05,117460,4210,4250,4290,4250,4230
2017-09-06,130398,4215,4280,4290,4280,4215
2017-09-07,172117,4270,4340,4355,4340,4275
2017-09-08,159257,4270,4305,4350,4305,4340
2017-09-11,76409,4280,4310,4330,4310,4285
2017-09-12,149250,4280,4290,4345,4290,4280
2017-09-13,116223,4285,4310,4315,4310,4300
2017-09-14,121894,4290,4350,4350,4350,4315
2017-09-15,127510,4320,4355,4375,4355,4325
2017-09-18,296510,4355,4430,4460,4430,4360
2017-09-19,115138,4390,4430,4440,4430,4430
2017-09-20,177979,4370,4415,4440,4415,4430
2017-09-21,137790,4355,4450,4460,4450,4385
2017-09-25,385455,4260,4320,4460,4320,4460
2017-09-26,0,4320,4320,4320,4320,4320
2017-09-27,252665,4315,4350,4380,4350,4345
2017-09-28,126991,4320,4375,4405,4375,4360
2017-09-29,117670,4345,4400,4400,4400,4345
2017-10-10,147364,4315,4360,4400,4360,4400
2017-10-11,113388,4325,4370,4390,4370,4325
2017-10-12,193086,4345,4375,4385,4375,4355
2017-10-13,166051,4355,4400,4430,4400,4375
2017-10-16,221176,4385,4420,4500,4420,4500
2017-10-17,132701,4360,4420,4430,4420,4400
2017-10-18,224962,4290,4370,4440,4370,4385
2017-10-19,71790,4325,4380,4380,4380,4350
2017-10-20,113080,4355,4385,4395,4385,4360
2017-10-23,66651,4370,4390,4405,4390,4370
2017-10-24,108418,4365,4425,4425,4425,4365
2017-10-25,120768,4385,4440,4440,4440,4430
2017-10-26,76885,4400,4425,4440,4425,4440
2017-10-27,108094,4395,4440,4440,4440,4425
2017-10-30,112982,4415,4450,4455,4450,4440
2017-10-31,75600,4420,4450,4460,4450,4460
2017-11-01,110992,4385,4425,4450,4425,4450
2017-11-02,208668,4355,4405,4440,4405,4425
2017-11-03,63050,4380,4410,4430,4410,4405
2017-11-06,227606,4365,4500,4520,4500,4410
2017-11-07,230186,4440,4490,4510,4490,4505
2017-11-08,245550,4490,4565,4575,4565,4490
2017-11-09,416628,4570,4655,4680,4655,4595
2017-11-10,169398,4600,4650,4670,4650,4655
2017-11-13,170120,4615,4650,4675,4650,4650
2017-11-14,274346,4560,4655,4670,4655,4620
2017-11-15,371707,4640,4710,4750,4710,4655
2017-11-16,231164,4635,4715,4740,4715,4725
2017-11-17,732838,4705,4800,4870,4800,4860
2017-11-20,2599347,4830,4835,5220,4835,5150
2017-11-21,820138,4745,4800,4905,4800,4900
2017-11-22,880212,4580,4630,4855,4630,4805
2017-11-23,345082,4580,4710,4715,4710,4595
2017-11-24,297141,4605,4670,4725,4670,4710
2017-11-27,228527,4620,4645,4700,4645,4670
2017-11-28,536079,4465,4540,4710,4540,4635
2017-11-29,267900,4410,4445,4540,4445,4540
2017-11-30,211416,4330,4340,4440,4340,4440
2017-12-01,207536,4330,4430,4460,4430,4390
2017-12-04,151227,4360,4445,4475,4445,4460
2017-12-05,199539,4320,4390,4435,4390,4435
2017-12-06,227121,4295,4330,4420,4330,4375
2017-12-07,365400,4080,4175,4360,4175,4325
2017-12-08,187205,4120,4175,4200,4175,4120
2017-12-11,201362,4185,4290,4290,4290,4245
2017-12-12,233983,4225,4255,4365,4255,4340
2017-12-13,102286,4240,4295,4305,4295,4255
2017-12-14,119623,4220,4245,4310,4245,4295
2017-12-15,188485,4100,4130,4255,4130,4245
2017-12-18,238544,3890,3990,4140,3990,4140
2017-12-19,322461,3770,3940,4000,3940,3990
2017-12-21,179432,3965,3965,4030,3965,3980
2017-12-22,137056,3910,4065,4085,4065,3965
2017-12-26,127233,4005,4090,4095,4090,4030
2017-12-27,133987,4035,4140,4170,4140,4040
2017-12-28,91961,4100,4145,4160,4145,4160
2018-01-02,116035,4095,4145,4155,4145,4155
2018-01-03,133374,4130,4160,4185,4160,4145
2018-01-04,187890,4100,4120,4240,4120,4215
2018-01-05,170760,4115,4155,4205,4155,4200
2018-01-08,201915,4025,4055,4160,4055,4160
2018-01-09,132901,3980,4000,4055,4000,4040
2018-01-10,97528,3995,4060,4070,4060,4000
2018-01-11,96805,4000,4050,4065,4050,4045
2018-01-12,271665,4045,4125,4175,4125,4045
2018-01-15,161215,4060,4065,4160,4065,4135
2018-01-16,150632,4030,4065,4110,4065,4065
2018-01-17,96640,4015,4025,4070,4025,4070
2018-01-18,172611,3980,4010,4060,4010,4025
2018-01-19,109309,4005,4040,4060,4040,4010
2018-01-22,139521,3990,4000,4040,4000,4030
2018-01-23,109124,4000,4050,4055,4050,4000
2018-01-24,133753,4020,4060,4090,4060,4050
2018-01-25,129080,4065,4085,4115,4085,4070
2018-01-26,270130,4075,4155,4175,4155,4105
2018-01-29,350519,4145,4175,4245,4175,4230
2018-01-30,195223,4070,4125,4210,4125,4205
2018-01-31,120132,4025,4060,4125,4060,4115
2018-02-01,110983,4040,4080,4095,4080,4040
2018-02-02,156369,4000,4000,4100,4000,4090
2018-02-05,189680,3890,3925,4000,3925,3950
2018-02-06,261494,3735,3835,3850,3835,3805
2018-02-07,136619,3850,3850,3960,3850,3860
2018-02-08,84642,3820,3920,3970,3920,3850
2018-02-09,91942,3850,3925,3955,3925,3870
2018-02-12,79627,3885,3925,3955,3925,3870
2018-02-13,67465,3875,3875,3945,3875,3925
2018-02-14,103960,3835,3885,3895,3885,3880
2018-02-19,67861,3890,3920,3925,3920,3900
2018-02-20,81387,3880,3925,3930,3925,3900
2018-02-21,66810,3890,3930,3945,3930,3925
2018-02-22,89178,3870,3890,3945,3890,3930
2018-02-23,45729,3875,3890,3915,3890,3890
2018-02-26,86509,3870,3870,3955,3870,3955
2018-02-27,67760,3845,3860,3895,3860,3870
2018-02-28,80755,3815,3815,3890,3815,3860
2018-03-02,76296,3745,3780,3800,3780,3800
2018-03-05,46857,3755,3765,3825,3765,3780
2018-03-06,52998,3750,3790,3790,3790,3750
2018-03-08,38078,3760,3780,3805,3780,3760
2018-03-09,45982,3770,3790,3810,3790,3780
2018-03-12,104186,3745,3820,3840,3820,3800
2018-03-13,63046,3790,3830,3860,3830,3790
2018-03-14,198587,3840,3925,3935,3925,3840
2018-03-15,71953,3890,3920,3945,3920,3925
2018-03-16,81146,3855,3910,3930,3910,3920
2018-03-19,225069,3880,3885,4000,3885,3980
2018-03-20,91013,3855,3885,3905,3885,3860
2018-03-21,115505,3850,3875,3905,3875,3885
2018-03-22,97826,3850,3860,3905,3860,3855
2018-03-23,163273,3725,3730,3830,3730,3820
2018-03-26,47017,3710,3775,3780,3775,3715
2018-03-27,1056742,3850,4100,4135,4100,3855
2018-03-28,6467387,4120,4185,4700,4185,4235
2018-03-29,768166,4010,4100,4215,4100,4195
2018-03-30,474585,4050,4085,4120,4085,4110
2018-04-02,523581,3935,3995,4075,3995,4075
2018-04-03,377153,3930,4010,4085,4010,4070
2018-04-04,364316,3925,3925,4065,3925,4060
2018-04-05,294749,3920,4045,4065,4045,3950
2018-04-06,185897,3960,4010,4050,4010,4035
2018-04-09,203167,3975,4035,4055,4035,4000
2018-04-10,939339,3975,4185,4290,4185,4010
2018-04-11,1005094,4110,4260,4340,4260,4190
2018-04-12,546440,4020,4030,4220,4030,4220
2018-04-13,216168,3990,4115,4150,4115,4045
2018-04-16,167711,4080,4175,4185,4175,4150
2018-04-17,232125,4050,4115,4195,4115,4185
2018-04-18,202996,4070,4080,4145,4080,4125
2018-04-19,326053,3965,3990,4100,3990,4085
2018-04-20,237969,3980,4015,4060,4015,3990
2018-04-23,183892,3955,3990,4035,3990,4015
2018-04-24,183619,3985,4050,4065,4050,4010
2018-04-25,191560,3970,3980,4065,3980,4030
2018-04-26,226052,3955,4000,4055,4000,3980
2018-04-27,129165,3960,3970,4030,3970,3965
2018-04-30,254735,3820,3890,3980,3890,3965
2018-05-02,2361440,3825,4210,4500,4210,3870
2018-05-03,327849,4065,4085,4210,4085,4210
2018-05-04,259491,4080,4135,4155,4135,4105
2018-05-08,403619,4020,4020,4205,4020,4170
2018-05-09,250195,3910,4000,4070,4000,4035
2018-05-10,123741,4000,4075,4075,4075,4010
2018-05-11,153572,4075,4090,4140,4090,4085
2018-05-14,301825,4055,4190,4235,4190,4110
2018-05-15,174788,4120,4145,4205,4145,4205
2018-05-16,246916,4005,4050,4150,4050,4145
2018-05-17,140611,4035,4070,4100,4070,4050
2018-05-18,225804,4060,4135,4170,4135,4070
2018-05-21,111676,4075,4100,4160,4100,4135
2018-05-23,515702,4095,4245,4370,4245,4110
2018-05-24,457220,4145,4280,4315,4280,4245
2018-05-25,352891,4065,4120,4195,4120,4190
2018-05-28,267750,4150,4230,4240,4230,4230
2018-05-29,156760,4120,4175,4250,4175,4205
2018-05-30,215949,4045,4050,4185,4050,4170
2018-05-31,108206,4045,4075,4120,4075,4090
2018-06-01,91942,4065,4090,4120,4090,4090
2018-06-04,94680,4040,4050,4110,4050,4090
2018-06-05,204091,3965,4015,4090,4015,4045
2018-06-07,103465,4000,4050,4070,4050,4020
2018-06-08,211581,4030,4055,4180,4055,4070
2018-06-11,440181,4045,4180,4210,4180,4050
2018-06-12,259873,4095,4170,4180,4170,4180
2018-06-14,143496,4045,4045,4170,4045,4170
2018-06-15,75829,4035,4055,4095,4055,4050
2018-06-18,305368,3870,3890,4100,3890,4055
2018-06-19,146098,3790,3795,3940,3795,3890
2018-06-20,95979,3795,3900,3920,3900,3795
2018-06-21,87599,3840,3840,3930,3840,3930
2018-06-22,88044,3800,3880,3890,3880,3840
2018-06-25,71595,3860,3970,3985,3970,3860
2018-06-26,84564,3870,3930,3965,3930,3940
2018-06-27,93863,3905,3910,3960,3910,3950
2018-06-28,94680,3800,3835,3935,3835,3850
2018-06-29,85933,3765,3810,3860,3810,3850
2018-07-02,131990,3675,3685,3810,3685,3785
2018-07-03,142209,3630,3765,3765,3765,3635
2018-07-04,53548,3685,3785,3785,3785,3715
2018-07-05,60422,3700,3730,3825,3730,3800
2018-07-06,52026,3670,3725,3770,3725,3730
2018-07-09,46516,3700,3735,3755,3735,3725
2018-07-10,68365,3700,3745,3765,3745,3715
2018-07-11,43476,3710,3730,3750,3730,3745
2018-07-12,54003,3715,3775,3790,3775,3730
2018-07-13,40312,3750,3810,3835,3810,3795
2018-07-16,51872,3770,3810,3820,3810,3810
2018-07-17,48037,3785,3805,3830,3805,3795
2018-07-18,113697,3735,3745,3830,3745,3810
2018-07-19,68230,3690,3720,3750,3720,3695
2018-07-20,55402,3685,3720,3790,3720,3685
2018-07-23,72357,3670,3690,3720,3690,3700
2018-07-24,44985,3645,3700,3725,3700,3655
2018-07-26,47897,3675,3705,3735,3705,3675
2018-07-27,28257,3685,3735,3745,3735,3685
2018-07-30,30677,3710,3760,3760,3760,3710
2018-07-31,438800,3765,3765,4040,3765,3850
2018-08-01,48432,3760,3800,3835,3800,3760
2018-08-02,43901,3750,3775,3810,3775,3780
2018-08-03,60548,3770,3805,3820,3805,3800
2018-08-06,3805,3805,3825,3780,3805,31351
2018-08-07,3850,3850,3875,3800,3805,50840
2018-08-08,3840,3840,3875,3830,3850,36229
2018-08-09,3855,3855,3860,3820,3820,38113
2018-08-10,3830,3830,3860,3825,3855,52382
2018-08-13,3765,3765,3830,3760,3815,107039
