,Adj Close,Close,High,Low,Open,Volume
2005-10-12,5805,6729,7263,6371,6928,1576594
2005-10-13,5358,6211,6769,5996,6737,432195
2005-10-14,5015,5813,6411,5654,6211,266198
2005-10-17,4293,4977,5734,4945,5511,440356
2005-10-18,4225,4897,5096,4666,4977,273983
2005-10-19,3957,4587,4937,4555,4722,172275
2005-10-20,4225,4897,5264,4595,4595,308388
2005-10-21,4108,4762,5017,4650,4650,122803
2005-10-24,4252,4929,5168,4762,4778,175038
2005-10-25,4080,4730,4985,4706,4985,114641
2005-10-26,4177,4842,4842,4555,4738,107986
2005-10-27,4053,4698,4897,4698,4762,49221
2005-10-28,3847,4459,4714,4459,4579,83375
2005-10-31,3744,4340,4579,4340,4579,50979
2005-11-01,3730,4324,4459,4236,4236,79985
2005-11-02,3799,4404,4555,4300,4300,65545
2005-11-03,4080,4730,4921,4404,4420,140633
2005-11-04,4115,4770,5096,4738,4937,78478
2005-11-07,4259,4937,5033,4786,4818,92416
2005-11-08,4190,4858,4977,4778,4873,68182
2005-11-09,4506,5224,5311,4929,4929,235937
2005-11-10,4809,5574,5638,5272,5407,170392
2005-11-11,4266,4945,5646,4897,5534,323832
2005-11-14,4328,5017,5415,4977,5415,187343
2005-11-15,4225,4897,5089,4818,5065,147790
2005-11-16,4259,4937,5017,4858,4858,86640
2005-11-17,4328,5017,5184,4905,5176,230537
2005-11-18,4300,4985,5073,4889,5049,92667
2005-11-21,4232,4905,5128,4905,4985,191612
2005-11-22,4060,4706,5001,4635,4937,167755
2005-11-23,4252,4929,5073,4698,4698,193872
2005-11-24,4307,4993,5128,4858,5017,294952
2005-11-25,4369,5065,5391,5057,5057,671522
2005-11-28,4678,5423,5519,5104,5192,706931
2005-11-29,4568,5296,5550,5160,5455,347689
2005-11-30,4706,5455,5495,5112,5232,332747
2005-12-01,4809,5574,6156,5487,5614,1011803
2005-12-02,4712,5463,5694,5311,5622,418885
2005-12-05,4816,5582,5654,5415,5550,365645
2005-12-06,4980,5773,5901,5574,5726,573204
2005-12-07,4603,5335,5845,5335,5773,475515
2005-12-08,4396,5096,5327,4858,5272,366775
2005-12-09,4300,4985,5168,4977,4985,208563
2005-12-12,4603,5335,5455,4897,4897,427172
2005-12-13,5083,5893,5957,5335,5407,1512933
2005-12-14,5358,6211,6363,5853,6052,944249
2005-12-15,5255,6092,6371,5988,6371,807760
2005-12-16,5145,5965,6307,5885,5980,349071
2005-12-19,5118,5933,6156,5797,5821,333124
2005-12-20,5083,5893,6076,5686,5893,356228
2005-12-21,5221,6052,6116,5813,5821,425916
2005-12-22,4438,5144,6132,5144,6052,647413
2005-12-23,4122,4778,5081,4459,5025,504143
2005-12-26,4190,4858,4993,4786,4786,224008
2005-12-27,4122,4778,4953,4643,4834,231793
2005-12-28,4197,4866,4889,4635,4635,169638
2005-12-29,4328,5017,5017,4778,4786,205801
2006-01-02,4293,4977,5120,4953,5112,179432
2006-01-03,4190,4858,5025,4818,4977,182948
2006-01-04,4170,4834,4969,4826,4937,149046
2006-01-05,4101,4754,4937,4738,4937,149799
2006-01-06,4245,4921,4945,4738,4802,328352
2006-01-09,4156,4818,4985,4802,4985,149925
2006-01-10,3874,4491,4810,4475,4810,376946
2006-01-11,3916,4539,4587,4340,4435,187217
2006-01-12,4122,4778,4778,4499,4579,302361
2006-01-13,3991,4627,4738,4587,4674,124309
2006-01-16,4204,4873,4873,4619,4627,159468
2006-01-17,4019,4658,4873,4658,4778,130085
2006-01-18,3826,4435,4666,4380,4666,197011
2006-01-19,3847,4459,4499,4340,4380,94174
2006-01-20,3682,4268,4539,4268,4499,126946
2006-01-23,3132,3631,4141,3631,4085,134103
2006-01-24,3026,3508,3703,3090,3583,319814
2006-01-25,3022,3504,3743,3424,3480,301607
2006-01-26,3174,3679,3942,3440,3504,137996
2006-01-27,3435,3982,3997,3727,3727,91662
2006-01-31,3366,3902,4045,3886,4045,55500
2006-02-01,3156,3659,3870,3504,3866,113134
2006-02-02,3194,3703,3782,3547,3703,42818
2006-02-03,3091,3583,3691,3504,3504,40181
2006-02-06,3053,3540,3611,3480,3504,81241
2006-02-07,3067,3555,3623,3512,3583,57383
2006-02-08,3053,3540,3663,3504,3520,80110
2006-02-09,3156,3659,3747,3563,3563,59267
2006-02-10,3180,3687,3755,3615,3615,49975
2006-02-13,3180,3687,3822,3663,3687,56253
2006-02-14,3215,3727,3743,3631,3663,60020
2006-02-15,3194,3703,3766,3643,3751,39302
2006-02-16,3249,3766,3774,3663,3743,38925
2006-02-17,3366,3902,3982,3735,3735,57634
2006-02-20,3400,3942,4021,3902,4021,37544
2006-02-21,3428,3974,4085,3950,4005,61025
2006-02-22,3311,3838,3970,3822,3922,48719
2006-02-23,3270,3790,3966,3782,3870,49724
2006-02-24,3263,3782,3858,3759,3794,24862
2006-02-27,3280,3802,3846,3695,3782,49473
2006-02-28,3249,3766,3822,3723,3778,41185
2006-03-02,3297,3822,3850,3751,3751,44701
2006-03-03,3163,3667,3862,3249,3818,45706
2006-03-06,3040,3524,3615,3424,3615,61276
2006-03-07,2947,3416,3536,3380,3464,74334
2006-03-08,2902,3364,3456,3297,3317,81492
2006-03-09,2947,3416,3464,3328,3344,38423
2006-03-10,2957,3428,3504,3356,3356,29006
2006-03-13,3187,3695,3695,3388,3388,40055
2006-03-14,3057,3543,3723,3504,3631,21597
2006-03-15,2978,3452,3571,3424,3496,14189
2006-03-16,3040,3524,3524,3344,3432,52361
2006-03-17,3022,3504,3579,3408,3579,19086
2006-03-20,3002,3480,3508,3424,3452,21974
2006-03-21,3029,3512,3520,3424,3464,23481
2006-03-22,2974,3448,3727,3352,3452,21723
2006-03-23,2995,3472,3703,3360,3396,104596
2006-03-24,2947,3416,3536,3344,3536,22978
2006-03-27,2823,3273,3416,3273,3356,60522
2006-03-28,2689,3117,3328,3078,3209,62406
2006-03-29,2693,3121,3129,3034,3105,53742
2006-03-30,2857,3313,3543,3129,3129,39051
2006-03-31,3022,3504,3583,3313,3352,169387
2006-04-03,3002,3480,3659,3432,3504,85510
2006-04-04,2998,3476,3583,3432,3436,62155
2006-04-05,3005,3484,3575,3428,3440,48845
2006-04-06,2995,3472,3543,3444,3444,61025
2006-04-07,2964,3436,3540,3388,3464,65922
2006-04-10,2961,3432,3488,3368,3368,29131
2006-04-11,2967,3440,3456,3376,3416,63661
2006-04-12,2950,3420,3436,3376,3416,24862
2006-04-13,2950,3420,3432,3380,3380,30638
2006-04-14,2926,3392,3460,3392,3392,72828
2006-04-17,2926,3392,3420,3368,3416,28629
2006-04-18,2906,3368,3396,3328,3368,39679
2006-04-19,2885,3344,3408,3336,3336,75213
2006-04-20,2761,3201,3376,3201,3344,72828
2006-04-21,2768,3209,3233,3145,3189,27373
2006-04-24,2706,3137,3209,3129,3185,19588
2006-04-25,2768,3209,3607,3010,3010,162230
2006-04-26,2833,3285,3328,3157,3169,33526
2006-04-27,2754,3193,3344,3189,3277,58513
2006-04-28,2706,3137,3217,3117,3117,35786
2006-05-02,2665,3090,3165,3066,3090,19965
2006-05-03,2665,3090,3161,3034,3058,50477
2006-05-04,2720,3153,3153,3050,3058,22853
2006-05-08,2816,3265,3265,3149,3161,42441
2006-05-09,2840,3293,3376,3225,3225,64540
2006-05-10,2833,3285,3336,3193,3293,29508
2006-05-11,2844,3297,3412,3193,3257,80487
2006-05-12,2844,3297,3297,3229,3257,46208
2006-05-15,2789,3233,3293,3221,3293,24736
2006-05-16,2796,3241,3297,3233,3233,39804
2006-05-17,2758,3197,3281,3185,3185,41436
2006-05-18,2607,3022,3169,2946,3145,46585
2006-05-19,2617,3034,3141,2890,2890,37293
2006-05-22,2603,3018,3062,2946,2986,29884
2006-05-23,2572,2982,3034,2803,3002,25364
2006-05-24,2562,2970,3010,2882,2886,61652
2006-05-25,2548,2954,2954,2707,2946,89402
2006-05-26,2885,3344,3344,2946,3018,125816
2006-05-29,2864,3320,3396,3289,3301,48719
2006-05-30,2693,3121,3344,3066,3225,52486
2006-06-01,2548,2954,3137,2875,3066,24234
2006-06-02,2679,3105,3105,2954,2954,59643
2006-06-05,2730,3165,3233,3074,3225,29633
2006-06-07,2541,2946,3153,2867,3046,19588
2006-06-08,2490,2886,2994,2839,2938,26118
2006-06-09,2514,2914,2986,2878,2890,26620
2006-06-12,2672,3098,3165,2787,2894,72451
2006-06-13,2596,3010,3098,2938,3098,33275
2006-06-14,2590,3002,3026,2902,3010,36414
2006-06-15,2511,2910,3062,2867,3062,28001
2006-06-16,2538,2942,2942,2875,2882,33526
2006-06-19,2438,2827,2942,2807,2942,16072
2006-06-20,2246,2604,2795,2604,2735,31140
2006-06-21,2246,2604,2683,2548,2588,48468
2006-06-22,2177,2524,2667,2524,2644,25364
2006-06-23,2102,2436,2580,2269,2468,75967
2006-06-26,2167,2512,2512,2313,2429,39427
2006-06-27,2191,2540,2564,2484,2504,18081
2006-06-28,2335,2707,2707,2488,2540,23983
2006-06-29,2325,2695,2739,2636,2707,16198
2006-06-30,2308,2675,2723,2636,2667,12305
2006-07-03,2122,2460,2663,2397,2663,40683
2006-07-04,2081,2413,2508,2413,2504,64792
2006-07-05,2061,2389,2389,2213,2361,189478
2006-07-06,1992,2309,2409,2281,2409,20342
2006-07-07,1992,2309,2500,2229,2269,67805
2006-07-10,2006,2325,2341,2237,2237,12431
2006-07-11,2006,2325,2349,2281,2289,35158
2006-07-12,2006,2325,2365,2309,2345,24736
2006-07-13,2061,2389,2667,2301,2325,50226
2006-07-14,2026,2349,2421,2229,2421,24987
2006-07-18,1889,2190,2341,2190,2341,21095
2006-07-19,1885,2186,2257,2150,2158,27875
2006-07-20,1861,2158,2229,2134,2198,57634
2006-07-21,1813,2102,2162,1991,2162,37042
2006-07-24,1748,2026,2098,1951,2022,53240
2006-07-25,1748,2026,2090,2022,2034,47840
2006-07-26,1710,1983,2062,1975,2026,99071
2006-07-27,1727,2002,2062,1963,2030,101833
2006-07-28,1734,2010,2046,1959,2002,59016
2006-07-31,1817,2106,2202,2014,2054,125188
2006-08-01,1793,2078,2138,2054,2074,31140
2006-08-02,1796,2082,2110,2022,2054,50477
2006-08-03,1772,2054,2118,2038,2082,25615
2006-08-04,1772,2054,2122,1959,2038,106856
2006-08-07,1779,2062,2130,1991,2070,52486
2006-08-08,1789,2074,2126,2042,2066,31894
2006-08-09,1827,2118,2126,2030,2094,100578
2006-08-10,1724,1998,2038,1859,2038,188975
2006-08-11,1693,1963,2297,1963,2074,1263561
2006-08-14,1587,1839,1991,1827,1991,91662
2006-08-16,1525,1768,1839,1744,1839,58513
2006-08-17,1490,1728,1760,1696,1756,72451
2006-08-18,1477,1712,1744,1708,1712,55500
2006-08-21,1473,1708,1748,1704,1716,31517
2006-08-22,1504,1744,1791,1688,1688,59518
2006-08-23,1494,1732,1831,1716,1732,98945
2006-08-24,1487,1724,1756,1684,1720,70819
2006-08-25,1490,1728,1756,1708,1740,44952
2006-08-28,1532,1775,1791,1712,1712,39427
2006-08-29,1559,1807,1847,1756,1807,38925
2006-08-30,1562,1811,1831,1779,1787,35409
2006-08-31,1538,1783,1819,1775,1815,41436
2006-09-01,1631,1891,1935,1787,1807,80989
2006-09-04,1786,2070,2142,1911,1975,115269
2006-09-05,1679,1947,2062,1947,2006,84129
2006-09-06,1686,1955,2018,1923,1955,72200
2006-09-07,1676,1943,1971,1875,1927,73079
2006-09-08,1710,1983,2022,1911,1911,37042
2006-09-11,1703,1975,2034,1967,2034,22853
2006-09-12,1717,1991,2022,1911,2010,35409
2006-09-13,1731,2006,2022,1975,1975,20718
2006-09-14,1745,2022,2054,1991,2054,57634
2006-09-15,1762,2042,2126,2006,2050,68056
2006-09-18,1841,2134,2134,2014,2066,94927
2006-09-19,1882,2182,2253,2126,2130,64792
2006-09-20,1875,2174,2217,2114,2178,33275
2006-09-21,1885,2186,2217,2070,2154,20593
2006-09-22,1775,2058,2174,2058,2174,42441
2006-09-25,1786,2070,2142,2018,2018,18081
2006-09-26,1782,2066,2166,2030,2166,25113
2006-09-27,1810,2098,2114,2018,2110,26620
2006-09-28,1865,2162,2221,2070,2190,70693
2006-09-29,1988,2305,2349,2162,2162,116273
2006-10-02,1975,2289,2389,2229,2305,105726
2006-10-04,1851,2146,2281,2146,2206,34907
2006-10-09,1600,1855,2142,1831,2086,65419
2006-10-10,1690,1959,1983,1831,1831,17454
2006-10-11,1676,1943,1983,1919,1959,23230
2006-10-12,1837,2130,2225,1943,1943,74962
2006-10-13,1889,2190,2261,2090,2229,88523
2006-10-16,1896,2198,2269,2154,2269,82998
2006-10-17,1865,2162,2285,2070,2285,44073
2006-10-18,1889,2190,2206,2054,2206,52109
2006-10-19,1854,2150,2190,2094,2190,45706
2006-10-20,1810,2098,2213,2090,2110,178930
2006-10-23,1803,2090,2297,2074,2206,426544
2006-10-24,1803,2090,2118,2042,2110,201281
2006-10-25,1755,2034,2090,1987,2078,165620
2006-10-26,1614,1871,2042,1871,2002,179684
2006-10-27,1525,1768,1887,1672,1863,398794
2006-10-30,1511,1752,1791,1712,1791,115771
2006-10-31,1494,1732,1831,1732,1768,155073
2006-11-01,1511,1752,1787,1728,1748,208563
2006-11-02,1514,1756,1799,1736,1756,95932
2006-11-03,1545,1791,1795,1756,1768,136238
2006-11-06,1552,1799,1819,1760,1819,88774
2006-11-07,1525,1768,1831,1764,1807,83124
2006-11-08,1518,1760,1771,1724,1768,196509
2006-11-09,1542,1787,1851,1744,1756,465344
2006-11-10,1521,1764,1775,1752,1756,93044
2006-11-13,1528,1771,1807,1732,1740,160723
2006-11-14,1504,1744,1768,1736,1768,159216
2006-11-15,1690,1959,1998,1795,1799,1354219
2006-11-16,1717,1991,2002,1887,1967,289930
2006-11-17,1655,1919,1983,1907,1983,201909
2006-11-20,1676,1943,1943,1855,1887,186966
2006-11-21,1641,1903,1983,1899,1943,120166
2006-11-22,1655,1919,1939,1899,1927,115269
2006-11-23,1707,1979,2022,1915,1915,170768
2006-11-24,1635,1895,2006,1883,1979,106228
2006-11-27,1635,1895,1907,1847,1907,105600
2006-11-28,1614,1871,1891,1847,1879,19965
2006-11-29,1648,1911,1911,1831,1867,73456
2006-11-30,1628,1887,1947,1843,1895,138624
2006-12-01,1590,1843,1915,1843,1887,68307
2006-12-04,1573,1823,1903,1775,1847,126193
2006-12-05,1559,1807,1831,1775,1831,42567
2006-12-06,1497,1736,1811,1696,1783,114390
2006-12-07,1490,1728,1732,1688,1724,92918
2006-12-08,1545,1791,1791,1668,1704,157459
2006-12-11,1483,1720,1831,1676,1783,113887
2006-12-12,1435,1664,1728,1632,1644,44324
2006-12-13,1425,1652,1696,1636,1696,22602
2006-12-14,1435,1664,1668,1628,1652,41311
2006-12-15,1477,1712,1712,1640,1664,39930
2006-12-18,1473,1708,1708,1664,1684,52612
2006-12-19,1470,1704,1716,1672,1684,44576
2006-12-20,1483,1720,1732,1672,1692,82496
2006-12-21,1456,1688,1768,1672,1768,43822
2006-12-22,1456,1688,1712,1656,1672,19588
2006-12-26,1353,1568,1684,1564,1616,59392
2006-12-27,1374,1592,1592,1556,1592,41436
2006-12-28,1439,1668,1676,1576,1600,51984
2007-01-02,1480,1716,1716,1656,1656,40055
2007-01-03,1483,1720,1744,1688,1688,37167
2007-01-04,1470,1704,1740,1684,1720,17956
2007-01-05,1456,1688,1775,1668,1748,116273
2007-01-08,1508,1748,1748,1656,1656,51105
2007-01-09,1449,1680,1748,1680,1732,42064
2007-01-10,1411,1636,1680,1604,1680,63034
2007-01-11,1490,1728,1815,1612,1636,128453
2007-01-12,1483,1720,1752,1680,1752,49975
2007-01-15,1703,1975,1975,1716,1760,271472
2007-01-16,1710,1983,2253,1959,2006,974008
2007-01-17,1648,1911,1991,1831,1959,268584
2007-01-18,1631,1891,2022,1843,1911,195128
2007-01-19,1614,1871,1903,1811,1855,92541
2007-01-22,1690,1959,2086,1855,1871,317052
2007-01-23,1614,1871,1967,1831,1963,100829
2007-01-24,1617,1875,1955,1855,1867,88398
2007-01-25,1638,1899,1911,1855,1875,60397
2007-01-26,1717,1991,2062,1899,1899,215093
2007-01-29,1841,2134,2269,2042,2046,813285
2007-01-30,1648,1911,2150,1911,2150,465595
2007-01-31,1518,1760,1951,1760,1911,317805
2007-02-01,1573,1823,1851,1779,1779,155701
2007-02-02,1573,1823,1907,1823,1907,112255
2007-02-05,1573,1823,1887,1807,1823,138875
2007-02-06,1638,1899,1911,1815,1815,68558
2007-02-07,1662,1927,1975,1879,1899,100452
2007-02-08,1662,1927,1963,1887,1927,62406
2007-02-09,1738,2014,2213,1951,1951,713460
2007-02-12,1786,2070,2078,1955,1991,137619
2007-02-13,1669,1935,2122,1935,2070,135359
2007-02-14,1669,1935,1979,1919,1923,61904
2007-02-15,1751,2030,2030,1935,1943,52612
2007-02-16,1772,2054,2106,1979,2014,51231
2007-02-20,1779,2062,2110,1991,2046,112004
2007-02-21,1786,2070,2166,1975,2070,656705
2007-02-22,1779,2062,2086,1998,2070,103717
2007-02-23,1731,2006,2062,1967,2034,149799
2007-02-26,1734,2010,2010,1971,1994,58011
2007-02-27,1786,2070,2210,2006,2006,358488
2007-02-28,1772,2054,2054,1807,1975,118408
2007-03-05,1988,2305,2460,1998,2002,931064
2007-03-06,1954,2265,2429,2253,2429,201155
2007-03-07,1906,2210,2321,2166,2265,177800
2007-03-08,2026,2349,2349,2194,2217,222627
2007-03-09,2002,2321,2699,2321,2401,961702
2007-03-12,1903,2206,2313,2198,2273,334756
2007-03-13,2023,2345,2365,2154,2206,295957
2007-03-14,2030,2353,2496,2257,2309,359618
2007-03-15,2006,2325,2464,2313,2361,153315
2007-03-16,2054,2381,2508,2325,2325,286665
2007-03-19,2198,2548,2560,2381,2381,261050
2007-03-20,2074,2405,2624,2357,2616,217981
2007-03-21,2098,2433,2460,2353,2429,150552
2007-03-22,2081,2413,2532,2413,2440,113887
2007-03-23,2074,2405,2464,2349,2464,99071
2007-03-26,2033,2357,2401,2337,2353,56881
2007-03-27,2085,2417,2500,2341,2373,91286
2007-03-28,2095,2429,2468,2393,2405,58137
2007-03-29,2143,2484,2508,2381,2440,100578
2007-03-30,2153,2496,2536,2429,2484,61652
2007-04-02,2126,2464,2512,2444,2496,87644
2007-04-03,2157,2500,2544,2464,2476,89026
2007-04-04,2195,2544,2564,2500,2508,85384
2007-04-05,2095,2429,2548,2429,2548,127574
2007-04-06,2074,2405,2429,2321,2429,130839
2007-04-09,1958,2269,2588,2253,2548,471748
2007-04-10,1964,2277,2309,2237,2237,88398
2007-04-11,1947,2257,2313,2190,2289,172024
2007-04-12,1930,2237,2265,2182,2198,134857
2007-04-13,1923,2229,2265,2174,2249,100578
2007-04-16,1940,2249,2261,2210,2261,79859
2007-04-17,1927,2233,2261,2178,2249,95932
2007-04-18,1909,2213,2257,2150,2182,69814
2007-04-19,1844,2138,2241,2086,2229,87644
2007-04-20,1820,2110,2158,2046,2138,87896
2007-04-23,1803,2090,2126,2062,2090,81115
2007-04-24,1793,2078,2098,2038,2090,49724
2007-04-25,1803,2090,2110,2062,2078,59141
2007-04-26,1813,2102,2285,2054,2062,214465
2007-04-27,1813,2102,2174,2070,2114,172903
2007-04-30,1782,2066,2126,2034,2126,54746
2007-05-02,1769,2050,2070,2022,2038,61778
2007-05-03,1786,2070,2102,2046,2050,90783
2007-05-04,1765,2046,2078,2006,2078,116650
2007-05-07,1786,2070,2094,2022,2062,74460
2007-05-08,1786,2070,2142,2058,2058,101959
2007-05-09,1820,2110,2126,2070,2070,63536
2007-05-10,1793,2078,2134,2042,2118,75716
2007-05-11,1769,2050,2066,2014,2014,70568
2007-05-14,1738,2014,2074,2014,2042,52863
2007-05-15,1724,1998,2062,1971,2014,95053
2007-05-16,1683,1951,2010,1911,1991,110999
2007-05-17,1676,1943,1971,1915,1955,40432
2007-05-18,1669,1935,2022,1867,1939,265068
2007-05-21,1676,1943,1959,1887,1919,27122
2007-05-22,1683,1951,1963,1915,1919,42064
2007-05-23,1628,1887,1943,1883,1927,87268
2007-05-25,1655,1919,1947,1895,1899,71070
2007-05-28,1659,1923,1971,1919,1919,32019
2007-05-29,1662,1927,1955,1907,1927,55625
2007-05-30,1648,1911,1943,1887,1931,74711
2007-05-31,1648,1911,1935,1895,1927,70316
2007-06-01,1659,1923,1931,1887,1911,54872
2007-06-04,1652,1915,1971,1887,1919,108739
2007-06-05,1624,1883,1911,1875,1911,25741
2007-06-07,1587,1839,1899,1823,1883,179307
2007-06-08,1648,1911,1947,1787,1851,154571
2007-06-11,1803,2090,2126,1935,1935,380839
2007-06-12,1958,2269,2401,2090,2182,922903
2007-06-13,1992,2309,2381,2190,2237,300351
2007-06-14,2219,2572,2616,2265,2345,661853
2007-06-15,2219,2572,2624,2393,2588,364139
2007-06-18,2219,2572,2699,2476,2604,196635
2007-06-19,2191,2540,2612,2508,2584,157459
2007-06-20,2143,2484,2628,2436,2548,110121
2007-06-21,2232,2588,2604,2440,2448,270467
2007-06-22,2566,2974,2974,2600,2628,1191110
2007-06-25,2552,2958,3225,2843,3026,893521
2007-06-26,2521,2922,3022,2659,3022,364515
2007-06-27,2521,2922,3026,2791,3026,144651
2007-06-28,2748,3185,3305,2886,2946,402436
2007-06-29,2699,3129,3265,3078,3197,122803
2007-07-02,2775,3217,3412,3066,3173,467479
2007-07-03,2885,3344,3376,3185,3261,162230
2007-07-04,2995,3472,3735,3352,3424,646283
2007-07-05,2864,3320,3504,3193,3504,279884
2007-07-06,2713,3145,3380,3105,3380,185083
2007-07-09,2816,3265,3305,3105,3177,216600
2007-07-10,2813,3261,3269,3137,3265,87142
2007-07-11,2775,3217,3269,3137,3197,74083
2007-07-12,2789,3233,3293,3121,3225,149799
2007-07-13,2803,3249,3500,3189,3277,337770
2007-07-16,2699,3129,3344,3078,3273,148669
2007-07-18,2548,2954,3082,2787,3074,160221
2007-07-19,2548,2954,2982,2878,2950,43571
2007-07-20,2638,3058,3161,2930,2954,107358
2007-07-23,2538,2942,3042,2882,2954,59895
2007-07-24,2559,2966,2994,2795,2942,84129
2007-07-25,2514,2914,3018,2803,2910,61778
2007-07-26,2425,2811,2942,2795,2906,120794
2007-07-27,2346,2719,2839,2640,2807,30387
2007-07-30,2342,2715,2763,2648,2648,61652
2007-07-31,2335,2707,2863,2655,2687,211828
2007-08-01,2342,2715,2851,2620,2707,50226
2007-08-02,2404,2787,2863,2695,2783,54621
2007-08-03,2356,2731,2867,2703,2863,82622
2007-08-06,2335,2707,2707,2628,2683,28127
2007-08-07,2335,2707,2771,2548,2707,140382
2007-08-08,2287,2652,2795,2628,2795,48091
2007-08-09,2267,2628,2691,2532,2652,87268
2007-08-10,2184,2532,2596,2492,2492,30763
2007-08-14,1923,2229,2425,2166,2413,146785
2007-08-16,1635,1895,2194,1895,2110,235309
2007-08-17,1648,1911,1991,1879,1991,188975
2007-08-20,1868,2166,2166,2022,2070,106981
2007-08-21,1848,2142,2221,2090,2166,52235
2007-08-22,1885,2186,2225,2110,2142,95806
2007-08-23,1882,2182,2309,2126,2206,92290
2007-08-24,1896,2198,2210,2122,2182,31642
2007-08-27,1882,2182,2293,2138,2293,70568
2007-08-28,1861,2158,2170,2110,2114,51231
2007-08-29,1793,2078,2142,2058,2142,45580
2007-08-30,1851,2146,2170,2090,2154,44827
2007-08-31,1848,2142,2182,2094,2150,51482
2007-09-03,1906,2210,2289,2150,2150,41185
2007-09-04,1930,2237,2265,2178,2213,49096
2007-09-05,1999,2317,2393,2245,2245,59895
2007-09-06,2006,2325,2389,2309,2321,38674
2007-09-07,1988,2305,2393,2269,2329,26745
2007-09-10,1916,2221,2297,2066,2297,19965
2007-09-11,1913,2217,2301,2206,2301,43697
2007-09-12,1923,2229,2349,2190,2349,13561
2007-09-13,1896,2198,2265,2150,2229,23355
2007-09-14,2177,2524,2524,2210,2245,230035
2007-09-17,2205,2556,2851,2556,2644,468985
2007-09-18,2322,2691,2815,2456,2564,274611
2007-09-19,2136,2476,2803,2389,2787,194751
2007-09-20,2198,2548,2588,2476,2492,78478
2007-09-21,2459,2851,2894,2548,2663,235058
2007-09-27,2713,3145,3145,2875,2982,327474
2007-09-28,2569,2978,3305,2898,3185,262180
2007-10-01,2954,3424,3424,3137,3297,703541
2007-10-02,2775,3217,3623,3145,3611,414741
2007-10-04,2672,3098,3412,2926,3241,525490
2007-10-05,2404,2787,3082,2787,3066,469739
2007-10-08,2610,3026,3205,2795,2795,899673
2007-10-09,2404,2787,3105,2747,2938,426042
2007-10-10,2401,2783,2890,2632,2851,289930
2007-10-11,2263,2624,2855,2540,2747,354470
2007-10-12,2136,2476,2707,2468,2652,238825
2007-10-15,2456,2847,2847,2476,2532,363260
2007-10-16,2229,2584,2867,2548,2747,354470
2007-10-17,2085,2417,2584,2317,2540,146409
2007-10-18,2081,2413,2532,2397,2397,107735
2007-10-19,2067,2397,2405,2337,2349,67303
2007-10-22,1923,2229,2305,2070,2265,109493
2007-10-23,2047,2373,2524,2269,2369,118408
2007-10-24,1944,2253,2448,2229,2413,86891
2007-10-25,1971,2285,2385,2206,2293,65545
2007-10-26,2006,2325,2381,2225,2329,79608
2007-10-29,1975,2289,2409,2277,2409,36163
2007-10-30,1964,2277,2369,2269,2289,69814
2007-10-31,2009,2329,2381,2269,2277,58639
2007-11-01,2030,2353,2405,2309,2405,66926
2007-11-02,1927,2233,2301,2190,2301,55876
2007-11-05,1848,2142,2273,2130,2233,58388
2007-11-06,1872,2170,2206,1998,2134,170643
2007-11-07,1875,2174,2206,2134,2206,69186
2007-11-08,1793,2078,2229,2078,2174,37418
2007-11-09,1834,2126,2229,2002,2002,44701
2007-11-12,1885,2186,2206,1971,2070,110121
2007-11-13,1810,2098,2134,2030,2030,69186
2007-11-14,1786,2070,2158,2034,2098,30387
2007-11-15,1717,1991,2086,1931,2086,43822
2007-11-16,1648,1911,1991,1855,1939,107860
2007-11-19,1652,1915,1987,1895,1923,79106
2007-11-20,1703,1975,1991,1851,1943,68056
2007-11-21,1672,1939,2046,1931,1975,47087
2007-11-22,1669,1935,1983,1871,1943,17579
2007-11-23,1628,1887,1963,1791,1963,66173
2007-11-26,1611,1867,1911,1831,1911,42943
2007-11-27,1511,1752,1871,1752,1871,75590
2007-11-28,1525,1768,1803,1744,1791,38046
2007-11-29,1587,1839,1855,1787,1787,19337
2007-11-30,1587,1839,1891,1811,1891,13687
2007-12-03,1597,1851,1903,1815,1855,17077
2007-12-04,1593,1847,1907,1823,1871,25615
2007-12-05,1621,1879,1887,1791,1887,48091
2007-12-06,1820,2110,2126,1863,1863,92290
2007-12-07,1834,2126,2190,2010,2126,41562
2007-12-10,1779,2062,2150,2014,2150,40934
2007-12-11,1745,2022,2086,1959,2086,43697
2007-12-12,1683,1951,2058,1839,2058,45203
2007-12-13,1628,1887,2026,1871,2026,31768
2007-12-14,1641,1903,1951,1887,1887,14063
2007-12-17,1676,1943,1987,1863,1987,8664
2007-12-18,1604,1859,1935,1779,1935,29131
2007-12-20,1545,1791,1871,1791,1863,24611
2007-12-21,1545,1791,1867,1783,1807,25992
2007-12-24,1552,1799,1867,1775,1791,26745
2007-12-26,1566,1815,1847,1775,1847,36916
2007-12-27,1573,1823,1863,1760,1815,33149
2007-12-28,1631,1891,1907,1787,1843,14336
2008-01-02,1617,1875,1931,1871,1875,19247
2008-01-03,1714,1987,2054,1871,1871,43399
2008-01-04,1731,2006,2006,1919,1998,64660
2008-01-07,1758,2038,2038,1931,2006,29903
2008-01-08,1696,1967,2042,1959,1959,24941
2008-01-09,1748,2026,2058,1919,1923,17441
2008-01-10,1751,2030,2042,1991,2038,36406
2008-01-11,1655,1919,2098,1911,1963,63022
2008-01-14,1576,1827,1903,1819,1887,18297
2008-01-15,1573,1823,1903,1768,1903,25119
2008-01-16,1497,1736,1847,1736,1811,43331
2008-01-17,1511,1752,1819,1736,1815,18879
2008-01-18,1552,1799,1823,1696,1696,31202
2008-01-21,1480,1716,1783,1708,1764,70657
2008-01-22,1370,1588,1748,1469,1748,39289
2008-01-23,1343,1556,1672,1537,1632,34680
2008-01-24,1401,1624,1664,1568,1664,8547
2008-01-25,1428,1656,1672,1592,1640,15213
2008-01-28,1367,1584,1656,1584,1656,25629
2008-01-29,1367,1584,1668,1568,1668,20024
2008-01-30,1367,1584,1648,1513,1644,58399
2008-01-31,1387,1608,1636,1517,1584,21597
2008-02-01,1367,1584,1632,1560,1632,24547
2008-02-04,1449,1680,1803,1588,1592,47418
2008-02-05,1511,1752,1807,1521,1716,31754
2008-02-11,1470,1704,1744,1644,1692,35753
2008-02-12,1508,1748,1768,1676,1712,21277
2008-02-13,1569,1819,1887,1752,1752,48204
2008-02-14,1559,1807,1827,1720,1819,18766
2008-02-15,1590,1843,1851,1732,1807,41799
2008-02-18,1552,1799,1871,1799,1847,38551
2008-02-19,1573,1823,1871,1775,1775,7240
2008-02-20,1545,1791,1847,1764,1803,25763
2008-02-21,1545,1791,1859,1791,1859,29663
2008-02-22,1511,1752,1923,1752,1859,83871
2008-02-25,1525,1768,1839,1732,1752,36865
2008-02-26,1624,1883,2026,1775,1775,165596
2008-02-27,1635,1895,1943,1847,1879,64592
2008-02-28,1600,1855,1919,1847,1895,29587
2008-02-29,1648,1911,1911,1847,1855,44378
2008-03-03,1782,2066,2134,1911,1927,187632
2008-03-04,1868,2166,2213,2046,2070,99348
2008-03-05,1868,2166,2261,2130,2150,104253
2008-03-06,1875,2174,2221,2134,2134,45162
2008-03-07,1882,2182,2190,2046,2150,65741
2008-03-10,1882,2182,2297,2138,2190,100762
2008-03-11,1872,2170,2202,2086,2086,24033
2008-03-12,1920,2225,2285,2150,2241,13545
2008-03-13,1854,2150,2213,2102,2194,36258
2008-03-14,1851,2146,2190,2102,2142,24411
2008-03-17,1786,2070,2130,2030,2102,37376
2008-03-18,1786,2070,2265,2034,2146,21134
2008-03-19,1789,2074,2285,2070,2285,21207
2008-03-20,1844,2138,2138,2006,2086,8948
2008-03-21,1830,2122,2158,2110,2150,9640
2008-03-24,1899,2202,2265,2126,2134,11539
2008-03-25,1958,2269,2377,2086,2146,40630
2008-03-26,1978,2293,2397,2229,2357,91958
2008-03-27,2033,2357,2381,2261,2305,131188
2008-03-28,2102,2436,2540,2389,2393,178752
2008-03-31,2102,2436,2532,2413,2444,165613
2008-04-01,2153,2496,2508,2433,2436,129048
2008-04-02,2184,2532,2648,2433,2468,87353
2008-04-03,2511,2910,2910,2492,2492,505727
2008-04-04,2356,2731,3185,2652,3026,673431
2008-04-07,2541,2946,2946,2608,2731,347300
2008-04-08,2487,2882,3022,2707,2946,236395
2008-04-10,2435,2823,2882,2715,2827,109784
2008-04-11,2071,2401,2823,2401,2823,416109
2008-04-14,1854,2150,2452,2130,2452,275541
2008-04-15,1861,2158,2186,2106,2130,145164
2008-04-16,1892,2194,2202,2098,2158,83595
2008-04-17,1889,2190,2202,2122,2202,65762
2008-04-18,1885,2186,2213,2142,2170,117612
2008-04-21,1985,2301,2333,2217,2217,70475
2008-04-22,2081,2413,2444,2297,2333,164373
2008-04-23,2129,2468,2763,2421,2452,222466
2008-04-24,2318,2687,2699,2389,2524,110795
2008-04-25,2267,2628,2699,2572,2683,73186
2008-04-28,2308,2675,2859,2628,2628,140521
2008-04-29,2328,2699,2747,2580,2715,99656
2008-04-30,2267,2628,2727,2588,2632,111552
2008-05-02,2363,2739,2803,2548,2632,154724
2008-05-06,2631,3050,3101,2739,2807,334142
2008-05-07,3022,3504,3504,3504,3504,112702
2008-05-08,3476,4029,4029,4029,4029,72798
2008-05-09,3991,4627,4627,4260,4627,4644691
2008-05-13,4101,4754,5057,4539,4778,3571573
2008-05-14,3606,4181,4897,4045,4778,4965049
2008-05-15,3476,4029,4228,3814,4077,2061696
2008-05-16,3373,3910,4181,3743,4093,1969282
2008-05-19,3098,3591,4053,3591,3946,1522888
2008-05-20,3129,3627,3687,3492,3579,761759
2008-05-21,3119,3615,3671,3416,3583,592530
2008-05-22,3215,3727,3755,3456,3500,974210
2008-05-23,3070,3559,3703,3488,3663,423855
2008-05-26,2713,3145,3591,3109,3591,565335
2008-05-27,2658,3082,3249,3026,3225,428360
2008-05-28,2761,3201,3309,3141,3145,589456
2008-05-29,2854,3309,3360,3066,3113,476381
2008-05-30,2844,3297,3408,3237,3344,196099
2008-06-02,2985,3460,3460,3233,3297,399254
2008-06-03,2919,3384,3575,3305,3456,562259
2008-06-04,3070,3559,3591,3384,3448,279938
2008-06-05,3077,3567,3631,3456,3615,126895
2008-06-09,3249,3766,3774,3472,3543,255092
2008-06-10,3167,3671,3878,3663,3794,341975
2008-06-11,3297,3822,3854,3583,3703,202146
2008-06-12,3414,3958,4133,3802,4061,215621
2008-06-13,3428,3974,4045,3862,3934,94019
2008-06-16,3936,4563,4563,4061,4101,959273
2008-06-17,3929,4555,4730,4260,4730,594962
2008-06-18,4122,4778,4897,4435,4643,541332
2008-06-19,4019,4658,4873,4595,4873,247509
2008-06-20,4122,4778,5216,4778,4897,1163743
2008-06-23,4706,5455,5455,4427,4627,569888
2008-06-24,4623,5359,5574,5128,5391,524574
2008-06-25,4156,4818,5391,4778,5311,452348
2008-06-26,4472,5184,5391,4818,4858,495731
2008-06-27,4568,5296,5375,4897,4977,437589
2008-06-30,4472,5184,5407,4953,5311,280066
2008-07-01,4190,4858,5319,4858,5184,197486
2008-07-02,3703,4292,4913,4173,4858,226657
2008-07-03,3641,4220,4276,3743,4276,152806
2008-07-04,3565,4133,4356,3982,4085,107216
2008-07-07,3435,3982,4220,3926,4085,98934
2008-07-08,3490,4045,4077,3870,4061,124468
2008-07-09,3435,3982,4212,3982,4093,154539
2008-07-10,3558,4125,4125,3822,3966,47947
2008-07-11,3414,3958,4181,3934,4125,97927
2008-07-14,3572,4141,4173,3926,3958,100181
2008-07-15,3462,4013,4173,3942,4141,82437
2008-07-16,3441,3989,4125,3946,4125,45212
2008-07-17,3490,4045,4101,3974,4069,83132
2008-07-18,3435,3982,4085,3966,4085,45014
2008-07-21,3462,4013,4133,3862,3989,110660
2008-07-22,3586,4157,4252,4013,4013,78204
2008-07-23,4074,4722,4778,4141,4236,316748
2008-07-24,3984,4619,4818,4555,4738,213281
2008-07-25,3957,4587,4658,4459,4547,72451
2008-07-28,3936,4563,4690,4483,4658,80608
2008-07-29,3881,4499,4539,4324,4467,88900
2008-07-30,3812,4420,4635,4332,4539,37921
2008-07-31,3881,4499,4531,4380,4420,65168
2008-08-01,3799,4404,4483,4284,4396,74711
2008-08-04,3675,4260,4539,4037,4308,98443
2008-08-05,3586,4157,4420,3982,4197,50603
2008-08-06,3634,4212,4260,4061,4157,37418
2008-08-07,3641,4220,4292,4101,4292,9543
2008-08-08,3524,4085,4204,4021,4029,30763
2008-08-11,3524,4085,4165,4061,4133,30261
2008-08-12,3417,3962,4340,3958,4069,242215
2008-08-13,3187,3695,4069,3464,4069,129583
2008-08-14,3335,3866,3918,3571,3607,75339
2008-08-18,3280,3802,3894,3707,3862,34284
2008-08-19,3373,3910,3958,3591,3591,41042
2008-08-20,3318,3846,3910,3743,3910,10244
2008-08-21,3301,3826,3846,3751,3759,29569
2008-08-22,3160,3663,3942,3289,3838,38803
2008-08-25,2954,3424,3766,3424,3663,25978
2008-08-26,2940,3408,3408,3133,3225,117712
2008-08-27,2940,3408,3464,3185,3265,86753
2008-08-28,3084,3575,3643,3364,3416,81246
2008-08-29,3036,3520,3739,3480,3504,83626
2008-09-01,2954,3424,3982,3340,3440,109721
2008-09-02,2645,3066,3575,2986,3424,62904
2008-09-03,2706,3137,3221,2986,3066,46740
2008-09-04,2882,3340,3400,3050,3050,50898
2008-09-05,2837,3289,3384,3225,3225,16114
2008-09-08,3046,3532,3567,3225,3225,27744
2008-09-09,2950,3420,3583,3376,3579,6743
2008-09-10,2974,3448,3567,3344,3384,39979
2008-09-11,2981,3456,3500,3384,3432,9112
2008-09-12,3057,3543,3583,3464,3583,16050
2008-09-16,2686,3113,3265,3034,3185,32422
2008-09-17,2737,3173,3320,3133,3320,36051
2008-09-18,2734,3169,3169,2938,3169,27425
2008-09-19,2906,3368,3368,3185,3368,56660
2008-09-22,2844,3297,3488,3265,3488,14095
2008-09-23,2851,3305,3328,3153,3328,19974
2008-09-24,2803,3249,3540,3185,3209,15039
2008-09-25,2768,3209,3344,3185,3344,34186
2008-09-26,2748,3185,3320,3185,3320,6605
2008-09-29,2710,3141,3305,3105,3193,11974
2008-09-30,2878,3336,3336,2723,2723,51116
2008-10-01,2703,3133,3424,3117,3424,53659
2008-10-02,2645,3066,3241,2986,3141,40853
2008-10-06,2404,2787,3137,2667,2946,34077
2008-10-07,2267,2628,2787,2552,2787,150384
2008-10-08,2136,2476,2576,2377,2476,50033
2008-10-09,2116,2452,2524,2309,2389,21190
2008-10-10,1958,2269,2516,2086,2309,68025
2008-10-13,2047,2373,2448,2281,2281,13899
2008-10-14,2253,2612,2663,2397,2397,37837
2008-10-15,2184,2532,2624,2468,2624,42884
2008-10-16,1992,2309,2460,2309,2333,17965
2008-10-17,2006,2325,2496,2150,2313,67928
2008-10-20,2043,2369,2496,2277,2309,19908
2008-10-21,2109,2444,2532,2357,2532,64235
2008-10-22,1978,2293,2452,2150,2381,43105
2008-10-23,1731,2006,2213,1991,2213,13857
2008-10-24,1614,1871,2202,1708,2202,93381
2008-10-27,1387,1608,1760,1604,1632,34608
2008-10-28,1463,1696,1696,1545,1688,30337
2008-10-29,1442,1672,1947,1568,1752,68122
2008-10-30,1621,1879,1879,1720,1720,78143
2008-10-31,1614,1871,1927,1807,1911,39460
2008-11-03,1854,2150,2150,1871,1871,396778
2008-11-04,1961,2273,2365,2174,2206,346622
2008-11-05,1937,2245,2468,2158,2373,152206
2008-11-06,1648,1911,2221,1911,2198,50306
2008-11-07,1662,1927,1991,1768,1791,97568
2008-11-10,1662,1927,2030,1895,2030,130490
2008-11-11,1607,1863,2026,1831,1907,56257
2008-11-12,1607,1863,1903,1815,1903,16104
2008-11-13,1532,1775,1787,1628,1752,21652
2008-11-14,1545,1791,1991,1728,1895,73330
2008-11-17,1532,1775,1879,1672,1672,45698
2008-11-18,1497,1736,1791,1704,1775,22361
2008-11-19,1504,1744,1787,1668,1787,23228
2008-11-20,1374,1592,1664,1541,1600,62055
2008-11-21,1511,1752,1752,1521,1521,37093
2008-11-24,1528,1771,1811,1676,1728,11433
2008-11-25,1463,1696,1851,1696,1831,29730
2008-11-26,1456,1688,1791,1656,1791,9889
2008-11-27,1508,1748,1791,1688,1791,38661
2008-11-28,1511,1752,1791,1712,1791,46554
2008-12-01,1518,1760,1807,1752,1775,57618
2008-12-02,1428,1656,1712,1652,1688,10776
2008-12-03,1466,1700,1744,1644,1664,30478
2008-12-04,1428,1656,1736,1616,1736,12923
2008-12-05,1456,1688,1764,1616,1764,28556
2008-12-08,1504,1744,1783,1676,1688,96868
2008-12-09,1545,1791,1863,1720,1760,70959
2008-12-10,1593,1847,1887,1768,1831,70310
2008-12-11,1645,1907,1911,1823,1855,59584
2008-12-12,1580,1831,1915,1764,1907,37896
2008-12-15,1648,1911,1947,1847,1871,60688
2008-12-16,1751,2030,2030,1875,1911,57373
2008-12-17,1758,2038,2110,1939,1994,96090
2008-12-18,1769,2050,2058,1994,2014,16890
2008-12-19,1782,2066,2301,1987,1991,498840
2008-12-22,1786,2070,2134,2030,2110,98428
2008-12-23,1738,2014,2102,1994,2102,67602
2008-12-24,1710,1983,2002,1883,1959,57420
2008-12-26,1710,1983,2146,1943,2090,534907
2008-12-29,1743,1919,2046,1915,2006,33849
2008-12-30,1736,1911,2038,1911,1951,57189
2009-01-02,1866,2054,2054,1915,1951,82944
2009-01-05,1899,2090,2134,2046,2054,88400
2009-01-06,1978,2178,2225,2054,2142,98633
2009-01-07,1953,2150,2221,2098,2221,109406
2009-01-08,1891,2082,2174,2078,2142,50200
2009-01-09,1917,2110,2162,2066,2162,41969
2009-01-12,1844,2030,2106,2022,2058,57931
2009-01-13,1844,2030,2070,1951,2030,39340
2009-01-14,1866,2054,2102,1998,2046,69795
2009-01-15,1714,1887,2018,1839,1991,94879
2009-01-16,1761,1939,1951,1879,1895,37972
2009-01-19,2025,2229,2229,1975,1975,313592
2009-01-20,2022,2225,2361,2158,2261,334250
2009-01-21,2170,2389,2540,2126,2150,476204
2009-01-22,2192,2413,2492,2333,2468,157965
2009-01-23,2072,2281,2440,2281,2389,112970
2009-01-28,2134,2349,2421,2293,2325,88752
2009-01-29,2224,2448,2492,2361,2389,120082
2009-01-30,2235,2460,2548,2309,2393,132895
2009-02-02,2242,2468,2667,2429,2468,316539
2009-02-03,2286,2516,2536,2440,2536,87777
2009-02-04,2315,2548,2620,2508,2528,117707
2009-02-05,2351,2588,2667,2500,2532,98283
2009-02-06,2590,2851,2950,2588,2588,330153
2009-02-09,2673,2942,3105,2867,2867,109744
2009-02-10,2742,3018,3058,2871,3018,74995
2009-02-11,2789,3070,3121,2843,2946,58844
2009-02-12,2792,3074,3137,2914,3030,39449
2009-02-13,2745,3022,3113,2978,3113,76911
2009-02-16,2807,3090,3472,2863,3018,1104619
2009-02-17,2481,2731,3098,2628,3090,358580
2009-02-18,2503,2755,2799,2588,2620,136822
2009-02-19,2452,2699,2807,2628,2723,115752
2009-02-20,2177,2397,2679,2389,2628,132518
2009-02-23,2177,2397,2444,2313,2337,70132
2009-02-24,2119,2333,2353,2249,2325,78972
2009-02-25,2141,2357,2464,2333,2381,65340
2009-02-26,2119,2333,2456,2273,2373,44360
2009-02-27,2123,2337,2508,2305,2373,190015
2009-03-02,2025,2229,2357,2202,2309,44749
2009-03-03,2011,2213,2217,2022,2078,59672
2009-03-04,2134,2349,2349,2166,2198,30929
2009-03-05,2170,2389,2401,2333,2397,29100
2009-03-06,2311,2544,2548,2293,2293,145721
2009-03-09,2445,2691,2747,2560,2632,112098
2009-03-10,2430,2675,2747,2655,2747,56490
2009-03-11,2676,2946,2970,2644,2723,250991
2009-03-12,2875,3165,3245,3034,3094,336189
2009-03-13,2894,3185,3225,3070,3157,201212
2009-03-16,3114,3428,3639,3293,3344,658910
2009-03-17,3100,3412,3488,3269,3456,191340
2009-03-18,3071,3380,3655,3317,3528,262810
2009-03-19,2886,3177,3543,3177,3536,360153
2009-03-20,2973,3273,3317,3177,3209,165655
2009-03-23,3064,3372,3388,3344,3344,29480
2009-03-24,3414,3759,3862,3540,3583,222121
2009-03-25,3364,3703,3902,3663,3778,126734
2009-03-26,3472,3822,3902,3671,3818,132776
2009-03-27,3436,3782,3874,3719,3838,155634
2009-03-30,3208,3532,3862,3532,3854,75590
2009-03-31,3404,3747,3818,3543,3543,462436
2009-04-01,3631,3997,4157,3679,3862,534519
2009-04-02,3986,4388,4595,4077,4077,465039
2009-04-03,3935,4332,4531,4165,4467,193464
2009-04-06,3950,4348,4555,4340,4459,222644
2009-04-07,3892,4284,4380,4197,4348,148319
2009-04-08,3877,4268,4372,4197,4284,132505
2009-04-09,3885,4276,4412,4204,4380,325891
2009-04-10,4261,4690,4690,4300,4380,445211
2009-04-13,4123,4539,4834,4491,4818,387622
2009-04-14,3877,4268,4499,4220,4499,330964
2009-04-15,3805,4189,4380,4061,4300,205727
2009-04-16,3624,3989,4316,3989,4292,174515
2009-04-17,3508,3862,4157,3595,4157,198494
2009-04-20,3563,3922,3950,3822,3878,61272
2009-04-21,3718,4093,4109,3830,3830,153763
2009-04-22,3914,4308,4332,4101,4117,196354
2009-04-23,3791,4173,4380,4141,4380,110164
2009-04-24,3675,4045,4244,3902,4173,164971
2009-04-27,3480,3830,4125,3822,4029,173646
2009-04-28,3179,3500,3870,3368,3870,352664
2009-04-29,3385,3727,3727,3472,3504,158499
2009-04-30,3436,3782,4061,3743,3782,573703
2009-05-04,3357,3695,3862,3675,3854,193882
2009-05-06,3295,3627,3727,3587,3699,258326
2009-05-07,3469,3818,3854,3639,3671,250019
2009-05-08,3443,3790,3894,3727,3818,108933
2009-05-11,3559,3918,3942,3762,3850,202358
2009-05-12,3523,3878,3950,3814,3910,66625
2009-05-13,3592,3954,3978,3854,3978,97408
2009-05-14,3436,3782,3894,3735,3870,280822
2009-05-15,3570,3930,3974,3806,3810,176743
2009-05-18,3849,4236,4380,3982,3982,755085
2009-05-19,4066,4475,4595,4252,4292,751293
2009-05-20,4239,4666,4698,4332,4475,432946
2009-05-21,4261,4690,4818,4579,4698,304326
2009-05-22,4160,4579,4706,4459,4587,214293
2009-05-25,3834,4220,4650,3894,4587,476947
2009-05-26,3487,3838,4332,3782,4332,395083
2009-05-27,3472,3822,4005,3786,3902,348792
2009-05-28,3552,3910,3962,3719,3894,132094
2009-05-29,3581,3942,4085,3902,3938,75447
2009-06-01,3718,4093,4093,3894,4005,171149
2009-06-02,3675,4045,4252,3982,4212,100025
2009-06-03,3527,3882,4093,3862,4069,267638
2009-06-04,3400,3743,3914,3735,3914,232816
2009-06-05,3230,3555,3878,3555,3751,454658
2009-06-08,3328,3663,3782,3599,3623,148383
2009-06-09,3320,3655,3782,3543,3671,168135
2009-06-10,3320,3655,3703,3547,3635,63262
2009-06-11,3328,3663,3731,3607,3655,50070
2009-06-12,3465,3814,3862,3615,3663,193934
2009-06-15,3537,3894,3930,3822,3862,138944
2009-06-16,3820,4204,4404,3782,3898,1315822
2009-06-17,3812,4197,4539,4109,4284,642442
2009-06-18,3697,4069,4300,4061,4220,315619
2009-06-19,3429,3774,4125,3743,4077,389553
2009-06-22,3487,3838,3850,3647,3766,224378
2009-06-23,3429,3774,3862,3687,3723,147310
2009-06-24,3689,4061,4061,3774,3774,215369
2009-06-25,3617,3982,4181,3902,4101,151092
2009-06-26,3675,4045,4141,3989,4061,178842
2009-06-29,3704,4077,4204,3997,4141,197942
2009-06-30,3921,4316,4316,4101,4101,402839
2009-07-01,3950,4348,4380,4157,4228,393625
2009-07-02,3979,4380,4491,4300,4380,300559
2009-07-03,3993,4396,4396,4189,4268,178751
2009-07-06,4116,4531,4571,4316,4435,339527
2009-07-07,4058,4467,4778,4412,4571,574314
2009-07-08,4000,4404,4499,4308,4467,354588
2009-07-09,4268,4698,4730,4412,4491,490962
2009-07-10,4254,4682,4818,4539,4722,171709
2009-07-13,3906,4300,4754,4244,4682,254825
2009-07-14,4051,4459,4475,4101,4435,171762
2009-07-15,4478,4929,5104,4483,4531,817725
2009-07-16,4384,4826,5216,4746,5168,742147
2009-07-17,4268,4698,4977,4627,4866,378159
2009-07-20,4377,4818,4850,4698,4714,284182
2009-07-21,4203,4627,4897,4579,4858,329017
2009-07-22,4369,4810,4858,4658,4658,186955
2009-07-23,4203,4627,4834,4627,4810,173337
2009-07-24,4181,4603,4746,4587,4635,155035
2009-07-27,4123,4539,4690,4539,4619,138469
2009-07-28,4232,4658,4738,4459,4507,178837
2009-07-29,4246,4674,4722,4547,4706,148979
2009-07-30,4167,4587,4730,4539,4682,120431
2009-07-31,4174,4595,4666,4579,4619,147068
2009-08-03,4123,4539,4714,4539,4595,88478
2009-08-04,4051,4459,4587,4380,4555,179209
2009-08-05,3950,4348,4507,4300,4507,144856
2009-08-06,4066,4475,4547,4380,4507,235292
2009-08-07,4102,4515,4539,4396,4475,113402
2009-08-10,4377,4818,4826,4531,4547,322408
2009-08-11,4348,4786,4850,4738,4850,229431
2009-08-12,4449,4897,4953,4698,4802,219095
2009-08-13,4543,5001,5017,4873,5017,173916
2009-08-14,4384,4826,5128,4810,5017,202254
2009-08-17,4160,4579,4826,4539,4802,227531
2009-08-18,4268,4698,4746,4523,4539,156056
2009-08-19,4413,4858,5025,4778,4850,460943
2009-08-20,4760,5240,5240,4754,4977,524511
2009-08-21,4854,5343,5694,5304,5375,813092
2009-08-24,4984,5487,5710,5280,5455,452281
2009-08-25,5194,5718,5718,5296,5495,277009
2009-08-26,5115,5630,5933,5598,5813,240453
2009-08-27,4919,5415,5710,5391,5630,197166
2009-08-28,5216,5742,5773,5335,5519,217274
2009-08-31,5375,5917,5949,5726,5726,263754
2009-09-01,5223,5750,5973,5718,5973,173607
2009-09-02,5310,5845,5973,5590,5750,237315
2009-09-03,5151,5670,6068,5614,5853,252069
2009-09-04,4984,5487,5757,5463,5678,186084
2009-09-07,5346,5885,6044,5391,5455,640628
2009-09-08,5650,6219,6363,5973,6012,595086
2009-09-09,5534,6092,6363,5980,6291,330308
2009-09-10,5505,6060,6275,6052,6211,272155
2009-09-11,5201,5726,6108,5694,6068,339066
2009-09-14,4992,5495,5853,5495,5845,222461
2009-09-15,4854,5343,5646,5343,5503,406792
2009-09-16,5006,5511,5574,5383,5415,225677
2009-09-17,4695,5168,5590,5017,5590,428669
2009-09-18,4804,5288,5335,5025,5216,195502
2009-09-21,4789,5272,5447,5216,5375,126652
2009-09-22,4833,5319,5415,5216,5280,159803
2009-09-23,4760,5240,5383,5089,5359,213758
2009-09-24,4630,5096,5216,4889,5208,195222
2009-09-25,4608,5073,5104,4897,5104,88759
2009-09-28,4500,4953,5200,4953,5065,81577
2009-09-29,4420,4866,5033,4802,5033,129382
2009-09-30,4449,4897,5112,4818,4866,232406
2009-10-01,4464,4913,5033,4778,5033,66931
2009-10-05,4297,4730,4913,4682,4913,67735
2009-10-06,4087,4499,4754,4412,4674,249406
2009-10-07,3921,4316,4650,4316,4507,198680
2009-10-08,3943,4340,4443,4197,4276,151990
2009-10-09,4529,4985,4985,4348,4348,793619
2009-10-12,4449,4897,5343,4897,5176,948798
2009-10-13,4543,5001,5136,4897,4977,279862
2009-10-14,4485,4937,5057,4850,4961,182314
2009-10-15,4254,4682,5049,4666,4953,267220
2009-10-16,4160,4579,4722,4539,4706,135276
2009-10-19,4196,4619,4635,4396,4619,93447
2009-10-20,4239,4666,4730,4555,4635,87678
2009-10-21,4181,4603,4730,4499,4619,265039
2009-10-22,4037,4443,4603,4443,4539,119157
2009-10-23,4058,4467,4539,4459,4475,58738
2009-10-26,4015,4420,4515,4380,4459,72855
2009-10-27,4044,4451,4459,4340,4380,62726
2009-10-28,3877,4268,4475,4268,4404,83887
2009-10-29,3791,4173,4220,4029,4220,122376
2009-10-30,3747,4125,4204,4085,4101,87868
2009-11-02,3631,3997,4077,3954,3982,120896
2009-11-03,3675,4045,4093,3997,3997,68375
2009-11-04,3827,4212,4212,4021,4021,68533
2009-11-05,3805,4189,4308,4181,4244,50431
2009-11-06,3957,4356,4380,4220,4244,83385
2009-11-09,4102,4515,4579,4340,4340,98076
2009-11-10,4015,4420,4658,4404,4467,113510
2009-11-11,4022,4427,4499,4340,4499,44782
2009-11-12,3964,4364,4499,4364,4499,34151
2009-11-13,3943,4340,4420,4260,4356,34070
2009-11-16,3935,4332,4459,4268,4348,34675
2009-11-17,3798,4181,4340,4181,4308,44660
2009-11-18,3805,4189,4268,4141,4268,39427
2009-11-19,3906,4300,4316,4141,4149,58472
2009-11-20,4015,4420,4427,4260,4300,45104
2009-11-23,4051,4459,4539,4435,4507,59854
2009-11-24,4066,4475,4523,4435,4483,76655
2009-11-25,4167,4587,4658,4396,4531,117669
2009-11-26,4290,4722,4778,4539,4571,178275
2009-11-27,3943,4340,4658,4340,4587,103556
2009-11-30,4037,4443,4507,4420,4475,44945
2009-12-01,4051,4459,4507,4443,4491,33658
2009-12-02,4131,4547,4587,4507,4579,49935
2009-12-03,4123,4539,4563,4483,4531,52436
2009-12-04,4152,4571,4627,4531,4619,55998
2009-12-07,4160,4579,4603,4491,4579,86743
2009-12-08,4174,4595,4658,4531,4595,57599
2009-12-09,4152,4571,4571,4483,4571,56657
2009-12-10,4095,4507,4595,4491,4507,49524
2009-12-11,4225,4650,4658,4515,4539,100723
2009-12-14,4500,4953,5025,4650,4690,279327
2009-12-15,4637,5104,5144,4977,5001,313853
2009-12-16,4833,5319,5343,5136,5136,400863
2009-12-17,4912,5407,5415,5216,5375,298134
2009-12-18,5064,5574,5694,5335,5399,339726
2009-12-21,5165,5686,5742,5503,5686,309941
2009-12-22,4955,5455,5734,5335,5718,337204
2009-12-23,4782,5264,5519,5184,5519,295232
2009-12-24,5144,5662,5694,5296,5327,592953
2009-12-28,5064,5574,6227,5407,5893,592227
2009-12-29,5122,5527,5694,5423,5686,172175
2009-12-30,5291,5710,5734,5534,5542,140264
2010-01-04,5424,5853,5893,5694,5710,192436
2010-01-05,5432,5861,6211,5861,6068,367834
2010-01-06,5218,5630,5925,5582,5861,282284
2010-01-07,4871,5256,5662,5256,5574,372242
2010-01-08,4900,5288,5375,5136,5327,183705
2010-01-11,4886,5272,5423,5256,5391,189024
2010-01-12,4804,5184,5256,5081,5256,184714
2010-01-13,4716,5089,5296,5089,5152,183930
2010-01-14,4996,5391,5407,5089,5089,280811
2010-01-15,4945,5335,5534,5184,5463,220969
2010-01-18,4878,5264,5375,5248,5311,85683
2010-01-19,4782,5160,5359,5128,5359,133187
2010-01-20,4553,4913,5240,4913,5216,311028
2010-01-21,4568,4929,5001,4873,4889,228005
2010-01-22,4576,4937,5025,4842,4873,160953
2010-01-25,4583,4945,5096,4850,4850,117710
2010-01-26,4583,4945,5112,4858,5017,99838
2010-01-27,4494,4850,5017,4778,4977,95885
2010-01-28,4472,4826,4913,4754,4826,98709
2010-01-29,4162,4491,4826,4491,4778,146370
2010-02-01,4243,4579,4666,4427,4483,97461
2010-02-02,4229,4563,4754,4539,4619,117354
2010-02-03,4280,4619,4674,4523,4643,115723
2010-02-04,4332,4674,4674,4571,4635,50516
2010-02-05,4125,4451,4515,4308,4515,74543
2010-02-08,4177,4507,4531,4420,4459,88385
2010-02-09,4332,4674,4706,4396,4427,99559
2010-02-10,4406,4754,4897,4754,4818,185806
2010-02-11,4524,4881,4905,4674,4810,83729
2010-02-12,4524,4881,4929,4770,4881,86401
2010-02-16,4561,4921,4961,4658,4953,62329
2010-02-17,4553,4913,4985,4897,4929,55393
2010-02-18,4524,4881,5017,4858,4929,61634
2010-02-19,4583,4945,5065,4834,4881,133452
2010-02-22,4635,5001,5057,4937,5017,51600
2010-02-23,4598,4961,5017,4921,5001,22659
2010-02-24,4487,4842,4953,4802,4953,63098
2010-02-25,4421,4770,4889,4738,4858,57452
2010-02-26,4347,4690,4802,4627,4706,81208
2010-03-02,4472,4826,4826,4698,4698,82593
2010-03-03,4457,4810,4858,4746,4810,54016
2010-03-04,4310,4650,4802,4650,4802,111853
2010-03-05,4354,4698,4738,4611,4738,56116
2010-03-08,4354,4698,4746,4658,4746,36016
2010-03-09,4384,4730,4762,4666,4666,54342
2010-03-10,4516,4873,4929,4706,4762,125835
2010-03-11,4516,4873,4969,4850,4889,95591
2010-03-12,4531,4889,4921,4842,4913,42584
2010-03-15,4561,4921,5017,4858,4913,126507
2010-03-16,4863,5248,5304,4953,4953,482802
2010-03-17,4937,5327,5407,5216,5280,377558
2010-03-18,4893,5280,5407,5264,5375,187317
2010-03-19,4989,5383,5431,5280,5280,187486
2010-03-22,4996,5391,5439,5280,5407,117406
2010-03-23,5004,5399,5479,5335,5415,151209
2010-03-24,4974,5367,5495,5367,5447,172160
2010-03-25,4760,5136,5399,5128,5367,258956
2010-03-26,5040,5439,5439,5144,5184,237069
2010-03-29,5033,5431,5479,5296,5415,94671
2010-03-30,4834,5216,5383,5081,5375,297932
2010-03-31,4701,5073,5216,5025,5216,134720
2010-04-01,4797,5176,5224,5057,5057,104116
2010-04-02,4841,5224,5367,5160,5200,124223
2010-04-05,4856,5240,5431,5176,5431,200550
2010-04-06,4871,5256,5383,5208,5327,71729
2010-04-07,4878,5264,5327,5216,5327,50148
2010-04-08,4893,5280,5327,5216,5264,57077
2010-04-09,4878,5264,5319,5224,5296,73733
2010-04-12,4915,5304,5367,5176,5256,174039
2010-04-13,5011,5407,5471,5224,5335,293271
2010-04-14,4959,5351,5479,5335,5455,172420
2010-04-15,4908,5296,5534,5216,5383,268184
2010-04-16,4856,5240,5335,5112,5288,127062
2010-04-19,4708,5081,5216,5081,5096,94818
2010-04-20,4775,5152,5192,5081,5081,89660
2010-04-21,5011,5407,5407,5176,5184,139312
2010-04-22,5232,5646,5765,5375,5415,685552
2010-04-23,5528,5965,6172,5662,5710,1029658
2010-04-26,5683,6132,6219,5988,6092,705608
2010-04-27,6007,6482,6514,6068,6172,729894
2010-04-28,6162,6649,6737,6339,6371,942802
2010-04-29,6229,6721,6912,6602,6713,627461
2010-04-30,6089,6570,6825,6450,6825,562147
2010-05-03,6089,6570,6570,6291,6490,475490
2010-05-04,6435,6944,7247,6673,6713,830186
2010-05-06,6347,6849,7135,6729,6729,501387
2010-05-07,6133,6618,6673,6411,6530,357069
2010-05-10,6494,7008,7326,6554,6610,944563
2010-05-11,6517,7032,7207,6857,7167,618393
2010-05-12,6812,7350,7525,7167,7199,768364
2010-05-13,7823,8441,8441,7422,7422,2242155
2010-05-14,8266,8919,9556,8601,8680,2064521
2010-05-17,8340,8999,9397,8800,8919,951614
2010-05-18,7971,8601,9397,7964,9397,1126948
2010-05-19,7454,8043,8481,7828,8362,1231622
2010-05-20,6937,7486,8322,7080,7964,855787
2010-05-24,6937,7486,8202,7358,7478,1251873
2010-05-25,6494,7008,7486,6411,7350,744457
2010-05-26,7343,7924,7924,7087,7223,771329
2010-05-27,8229,8879,9078,7924,8083,2520471
2010-05-28,7786,8402,9118,8282,8999,1176095
2010-05-31,8413,9078,9078,8601,8640,1100288
2010-06-01,8709,9397,9397,8680,9039,723326
2010-06-03,8598,9278,9835,9078,9716,827751
2010-06-04,8377,9039,9397,8999,9397,402746
2010-06-07,8155,8800,8840,8362,8441,664277
2010-06-08,8930,9636,10034,9278,9317,2646298
2010-06-09,8487,9158,9755,9158,9716,834494
2010-06-10,8340,8999,9437,8879,9158,484626
2010-06-11,8008,8640,9238,8601,9198,497484
2010-06-14,7971,8601,8840,8481,8640,335503
2010-06-15,8709,9397,9397,8481,8720,659015
2010-06-16,8598,9278,9556,9198,9477,456878
2010-06-17,8561,9238,9397,8999,9278,315294
2010-06-18,8930,9636,9875,9238,9556,1008460
2010-06-21,9336,10074,10154,9676,9795,744756
2010-06-22,9225,9955,10233,9795,9994,577584
2010-06-23,8746,9437,10074,9437,9835,361738
2010-06-24,9742,10512,10671,9636,9676,1484865
2010-06-25,10185,10990,11229,10353,10432,1916369
2010-06-28,9927,10711,11229,10711,11109,713517
2010-06-29,9594,10353,10870,10273,10831,559518
2010-06-30,9742,10512,10552,9915,9994,565559
2010-07-01,9557,10313,10831,9994,10512,493347
2010-07-02,9152,9875,10353,9795,10353,482844
2010-07-05,9152,9875,10074,9676,9795,350766
2010-07-06,8893,9596,9875,9357,9875,488938
2010-07-07,8487,9158,9915,9078,9596,450965
2010-07-08,8340,8999,9516,8999,9477,339412
2010-07-09,9078,9795,9875,9039,9198,765166
2010-07-12,9225,9955,10273,9636,9915,513346
2010-07-13,9447,10193,10512,10034,10074,490523
2010-07-14,9742,10512,10592,10233,10353,446470
2010-07-15,9447,10193,10592,10154,10512,232332
2010-07-16,9225,9955,10432,9955,10233,220791
2010-07-19,9004,9716,9955,9636,9716,188631
2010-07-20,9041,9755,10074,9556,9875,237456
2010-07-21,9447,10193,10233,9755,9795,324230
2010-07-22,8709,9397,10472,9357,10353,569714
2010-07-23,8450,9118,9755,8919,9716,405051
2010-07-26,8561,9238,9477,8999,9198,229172
2010-07-27,8487,9158,9397,9078,9238,223198
2010-07-28,8635,9317,9556,9198,9278,189234
2010-07-29,8746,9437,9994,9437,9596,455109
2010-07-30,8782,9477,9477,9078,9357,202561
2010-08-02,8561,9238,9516,9198,9477,184847
2010-08-03,8893,9596,9795,9317,9556,370927
2010-08-04,8450,9118,9755,9078,9755,320458
2010-08-05,8044,8680,9238,8521,9238,326728
2010-08-06,8118,8760,8760,8043,8680,289498
2010-08-09,8044,8680,8879,8521,8561,141679
2010-08-10,8044,8680,8959,8561,8680,139395
2010-08-11,7712,8322,8680,8282,8601,148649
2010-08-12,7712,8322,8441,7964,8043,171138
2010-08-13,7897,8521,8601,8123,8123,117194
2010-08-16,7786,8402,8521,8003,8521,142917
2010-08-17,7786,8402,8481,8282,8402,107622
2010-08-18,7823,8441,8680,8322,8601,140216
2010-08-19,7897,8521,8720,8481,8521,208364
2010-08-20,7675,8282,8441,8163,8441,160196
2010-08-23,7380,7964,8362,7956,8322,123301
2010-08-24,7159,7725,7924,7725,7892,177659
2010-08-25,6856,7398,7852,7398,7629,177720
2010-08-26,6930,7478,7525,7398,7502,120260
2010-08-27,6568,7087,7366,7048,7215,219274
2010-08-30,6539,7056,7342,6912,7167,182845
2010-08-31,6273,6769,7111,6641,6968,315431
2010-09-01,6709,7239,7326,6721,6833,837935
2010-09-02,6790,7326,7430,7175,7279,306278
2010-09-03,7004,7557,7589,7334,7350,247583
2010-09-06,7897,8521,8680,7709,7741,1093566
2010-09-07,7638,8242,8561,8202,8521,433060
2010-09-08,7602,8202,8521,8163,8242,307279
2010-09-09,7934,8561,8879,8242,8402,544731
2010-09-10,8340,8999,9118,8601,8680,652124
2010-09-13,8192,8840,9317,8800,9078,514268
2010-09-14,8118,8760,9118,8601,8879,349656
2010-09-15,8008,8640,8919,8322,8919,309863
2010-09-16,8044,8680,8919,8521,8640,187716
2010-09-17,8266,8919,8919,8680,8720,231666
2010-09-20,8081,8720,9078,8640,8999,170677
2010-09-24,7749,8362,8680,8322,8680,205645
2010-09-27,7749,8362,8561,8282,8481,167167
2010-09-28,8118,8760,8760,8282,8282,277823
2010-09-29,8709,9397,9437,8640,8840,690065
2010-09-30,8672,9357,9516,9118,9317,330251
2010-10-01,9004,9716,9835,9238,9357,700074
2010-10-04,8819,9516,9875,9516,9755,503907
2010-10-05,8819,9516,9795,9278,9397,327600
2010-10-06,9152,9875,10233,9556,9755,710037
2010-10-07,9225,9955,10074,9755,9795,298188
2010-10-08,9299,10034,10034,9795,9875,197027
2010-10-11,9004,9716,10193,9556,10074,328833
2010-10-12,8967,9676,9955,9317,9835,287038
2010-10-13,9115,9835,9835,9516,9636,232806
2010-10-14,9188,9915,9955,9596,9915,222438
2010-10-15,9668,10432,10671,9835,9835,664824
2010-10-18,11107,11985,11985,10831,11030,1396857
2010-10-19,10923,11786,12384,11707,12264,1364560
2010-10-20,11218,12105,12105,11428,11667,1259554
2010-10-21,10775,11627,12264,11627,12065,675847
2010-10-22,10665,11508,11866,11308,11707,511547
2010-10-25,11144,12025,12264,11587,11667,750533
2010-10-26,11070,11946,12184,11746,12025,306725
2010-10-27,10443,11269,11946,11229,11866,678377
2010-10-28,11255,12145,12145,11269,11388,651975
2010-10-29,11218,12105,12782,12025,12503,1277798
2010-11-01,10591,11428,12184,11388,12105,566042
2010-11-02,10480,11308,11707,11149,11667,517752
2010-11-03,10259,11070,11547,10751,11348,702043
2010-11-04,11218,12105,12423,10950,11070,1551902
2010-11-05,11107,11985,12702,11985,12423,1334624
2010-11-08,11624,12543,12543,11906,12145,910312
2010-11-09,11181,12065,12861,12025,12384,1410489
2010-11-10,11144,12025,12224,11746,12184,380429
2010-11-11,10775,11627,12065,11627,11946,355623
2010-11-12,10074,10870,11746,10711,11707,807385
2010-11-15,9705,10472,11070,10233,10711,349283
2010-11-16,9668,10432,10552,9795,10353,573606
2010-11-17,9742,10512,10711,10114,10193,339479
2010-11-18,10111,10910,10910,10512,10592,293671
2010-11-19,10222,11030,11149,10671,10990,272240
2010-11-22,10517,11348,11627,11189,11388,416779
2010-11-23,10701,11547,11786,11269,11428,355142
2010-11-24,10369,11189,11308,10751,10910,352475
2010-11-25,10443,11269,11547,11269,11468,187569
2010-11-26,9927,10711,11388,10592,11269,247535
2010-11-29,10000,10791,10910,10512,10631,133988
2010-11-30,10111,10910,11070,10671,10950,166505
2010-12-01,10111,10910,11109,10711,10831,186262
2010-12-02,10628,11468,11587,10990,11149,425830
2010-12-03,10332,11149,11547,11109,11468,280078
2010-12-06,10406,11229,11388,10910,11149,179760
2010-12-07,10665,11508,11786,11269,11348,452559
2010-12-08,10185,10990,11587,10990,11388,262550
2010-12-09,10222,11030,11229,10990,11030,155696
2010-12-10,10628,11468,11746,11229,11269,516494
2010-12-13,10886,11746,11985,11667,11707,410834
2010-12-14,10665,11508,11786,11428,11667,342754
2010-12-15,11070,11946,11946,11468,11547,381759
2010-12-16,11329,12224,12423,11906,11946,602466
2010-12-17,11255,12145,12304,12025,12264,285762
2010-12-20,10923,11786,12025,11468,11826,379101
2010-12-21,11809,12742,13538,12264,12304,2131098
2010-12-22,11772,12702,13061,12384,12622,738173
2010-12-23,11366,12264,12981,12105,12822,445871
2010-12-24,11255,12145,12543,11906,12224,283561
2010-12-27,11587,12503,12782,12105,12105,506972
2010-12-28,11255,12145,12463,12025,12384,341327
2010-12-29,11784,12543,12543,11985,12184,346642
2010-12-30,12495,13299,13379,12503,12543,1033691
2011-01-03,12570,13379,13578,13180,13379,491077
2011-01-04,12495,13299,13937,13140,13578,690674
2011-01-05,12645,13459,13777,12981,13260,483042
2011-01-06,13318,14175,15330,13658,13658,2602243
2011-01-07,13393,14255,14813,14175,14295,732708
2011-01-10,13655,14534,14972,14375,14494,597047
2011-01-11,13580,14454,14733,14096,14494,411537
2011-01-12,13767,14653,14733,14255,14494,378587
2011-01-13,13917,14813,14932,14454,14733,369093
2011-01-14,13617,14494,15290,14414,14733,434194
2011-01-17,12906,13737,14653,13737,14653,556551
2011-01-18,13505,14375,14534,13817,13897,622461
2011-01-19,13468,14335,14574,14096,14335,458674
2011-01-20,14328,15251,15490,14375,14414,1479198
2011-01-21,14366,15290,15689,14932,15251,859931
2011-01-24,13991,14892,15450,14773,15131,758399
2011-01-25,13355,14215,15052,14136,14892,683989
2011-01-26,13430,14295,14494,14016,14215,358969
2011-01-27,13168,14016,14613,13777,14613,537973
2011-01-28,13281,14136,14335,13897,13937,279818
2011-01-31,13393,14255,14574,13817,13857,315232
2011-02-01,13393,14255,14892,14255,14534,394481
2011-02-07,13542,14414,14613,14255,14414,311472
2011-02-08,12981,13817,14613,13777,14534,345419
2011-02-09,12570,13379,13937,13180,13937,267997
2011-02-10,12420,13220,13658,13180,13299,186289
2011-02-11,12645,13459,13857,13220,13299,263801
2011-02-14,12719,13538,13777,13220,13618,146683
2011-02-15,12757,13578,13817,13419,13658,233874
2011-02-16,13243,14096,14335,13538,13578,543021
2011-02-17,12532,13339,14295,13061,14255,469052
2011-02-18,12719,13538,13658,13220,13419,241705
2011-02-21,13019,13857,14056,13499,13538,261770
2011-02-22,12682,13499,14175,13499,13658,268293
2011-02-23,12271,13061,13658,12981,13299,222432
2011-02-24,12532,13339,13459,12742,12941,262956
2011-02-25,13056,13897,13937,13260,13299,327348
2011-02-28,13281,14136,14335,13817,13937,363211
2011-03-02,13318,14175,14454,14056,14096,378506
2011-03-03,13505,14375,14534,14175,14414,377134
2011-03-04,13542,14414,14733,14335,14574,285707
2011-03-07,13879,14773,14972,14215,14255,550020
2011-03-08,13954,14852,15091,14693,14852,333842
2011-03-09,13318,14175,15052,14016,15052,490464
2011-03-10,12719,13538,13857,13180,13698,474496
2011-03-11,12757,13578,13698,13140,13220,318803
2011-03-14,11896,12662,13578,12344,13459,431895
2011-03-15,10886,11587,13021,10990,12543,482541
2011-03-16,11485,12224,12344,11707,11906,438201
2011-03-17,11335,12065,12145,11627,11826,186921
2011-03-18,11971,12742,12861,12224,12304,257451
2011-03-21,12458,13260,13299,13021,13021,215299
2011-03-22,12458,13260,13538,13180,13339,202210
2011-03-23,12570,13379,13459,13140,13260,153938
2011-03-24,13094,13937,13976,13100,13459,312996
2011-03-25,13094,13937,14255,13698,14255,228915
2011-03-28,12906,13737,14056,13698,13937,142274
2011-03-29,12944,13777,13937,13658,13658,102977
2011-03-30,13243,14096,14096,13618,13737,228440
2011-03-31,14066,14972,15370,14136,14215,1441637
2011-04-01,14179,15091,15689,15052,15290,674712
2011-04-04,14141,15052,15330,14892,15171,325752
2011-04-05,14216,15131,15290,14773,15211,417004
2011-04-06,13954,14852,15529,14852,15290,405316
2011-04-07,13991,14892,15290,14733,14892,251836
2011-04-08,13430,14295,15330,14255,15091,363876
2011-04-11,13505,14375,14534,13937,14215,145289
2011-04-12,12981,13817,14534,13817,14295,174054
2011-04-13,13243,14096,14136,13618,13857,151030
2011-04-14,13542,14414,14574,14096,14215,149250
2011-04-15,13243,14096,14534,13937,14414,134280
2011-04-18,12420,13220,14175,13140,14056,343678
2011-04-19,12607,13419,13698,12901,13061,204913
2011-04-20,13393,14255,14335,13618,13618,271961
2011-04-21,13019,13857,14454,13857,14414,211065
2011-04-22,12719,13538,14056,13100,13777,383688
2011-04-25,12869,13698,13737,13339,13379,101586
2011-04-26,12607,13419,14016,13260,13737,150266
2011-04-27,12495,13299,13817,13220,13459,201635
2011-04-28,11859,12622,13499,12583,13379,264392
2011-04-29,11597,12344,12901,12065,12742,216380
2011-05-02,11784,12543,12662,12264,12304,241273
2011-05-03,11934,12702,13180,12503,12583,209465
2011-05-04,11672,12423,12861,12344,12742,135723
2011-05-06,11223,11946,12145,11707,12025,236747
2011-05-09,11373,12105,12423,12065,12184,103235
2011-05-11,11111,11826,12304,11707,12105,176141
2011-05-12,10924,11627,11946,11468,11508,168925
2011-05-13,11784,12543,12543,11627,11707,319547
2011-05-16,11672,12423,12782,12304,12543,138817
2011-05-17,11223,11946,12503,11906,12264,124112
2011-05-18,11298,12025,12304,11946,12145,121836
2011-05-19,10662,11348,12184,11348,12025,175246
2011-05-20,10811,11508,12065,11229,11428,108810
2011-05-23,10437,11109,11547,11070,11348,104459
2011-05-24,9801,10432,11109,10353,10870,354701
2011-05-25,9801,10432,11149,10432,10472,336706
2011-05-26,10250,10910,11030,10592,10631,152343
2011-05-27,10250,10910,11269,10910,11070,175358
2011-05-30,10175,10831,11308,10751,10990,156043
2011-05-31,10063,10711,11030,10432,10831,178572
2011-06-01,10063,10711,11070,10711,10831,143057
2011-06-02,9764,10393,10631,10313,10393,91165
2011-06-03,9128,9716,10592,9716,10472,236528
2011-06-07,9240,9835,9875,9278,9676,173779
2011-06-08,8866,9437,9955,9437,9835,156396
2011-06-09,8978,9556,9795,9397,9397,122805
2011-06-10,9165,9755,10074,9676,9795,231133
2011-06-13,8305,8840,9875,8601,9795,189858
2011-06-14,8230,8760,9397,8640,8879,422928
2011-06-15,8455,8999,9397,8760,8879,476127
2011-06-16,8230,8760,9357,8720,8800,469495
2011-06-17,8380,8919,9238,8720,8919,310157
2011-06-20,8006,8521,9118,8481,8999,210668
2011-06-21,8118,8640,8959,8362,8601,327614
2011-06-22,8267,8800,9118,8800,8879,344681
2011-06-23,8492,9039,9118,8800,8840,238783
2011-06-24,9240,9835,10233,9039,9039,540093
2011-06-27,9352,9955,10074,9596,9835,283513
2011-06-28,8978,9556,10154,9516,10114,278907
2011-06-29,8903,9477,9915,9357,9755,290270
2011-06-30,9091,9676,9716,9397,9596,184478
2011-07-01,9352,9955,10154,9795,9795,295713
2011-07-04,9727,10353,10791,10114,10193,421628
2011-07-05,9876,10512,10592,10193,10432,354957
2011-07-06,9727,10353,10512,10273,10512,199633
2011-07-07,9652,10273,10592,10233,10353,252344
2011-07-08,9727,10353,10472,10233,10353,173095
2011-07-11,9801,10432,10751,10432,10432,341424
2011-07-12,9203,9795,10273,9795,10154,330142
2011-07-13,9240,9835,10034,9676,9795,204706
2011-07-14,9315,9915,10034,9755,9875,219224
2011-07-15,9539,10154,10313,9915,9915,260201
2011-07-18,10101,10751,10910,10313,10393,450927
2011-07-19,10175,10831,11189,10791,10831,525168
2011-07-20,9988,10631,11109,10512,11070,326718
2011-07-21,10063,10711,10751,10512,10631,187770
2011-07-22,8978,9556,10592,9118,10512,1454628
2011-07-25,8529,9078,9835,9078,9676,467872
2011-07-26,8866,9437,9437,9158,9238,244956
2011-07-27,9053,9636,9716,9238,9317,267534
2011-07-28,8941,9516,9676,9317,9397,176012
2011-07-29,8903,9477,9795,9477,9636,223783
2011-08-01,9091,9676,9875,9596,9676,319511
2011-08-02,8829,9397,9716,9317,9676,210310
2011-08-03,9278,9875,9955,8999,9078,509712
2011-08-04,8903,9477,10432,9477,10034,551468
2011-08-05,7931,8441,8999,8242,8840,467185
2011-08-08,7235,7701,8879,7406,8322,498449
2011-08-09,6210,6610,7167,6546,6952,849038
2011-08-10,6726,7159,7470,6968,7087,555958
2011-08-11,6898,7342,7374,6490,6490,401902
2011-08-12,7183,7645,8322,7557,7725,694811
2011-08-16,7669,8163,8242,8003,8043,275286
2011-08-17,7706,8202,8521,8003,8043,317951
2011-08-18,7400,7876,8521,7820,8282,280670
2011-08-19,6434,6849,7454,6833,7326,283949
2011-08-22,6427,6841,7119,6657,6872,168253
2011-08-23,6674,7103,7199,6880,6880,233184
2011-08-24,6644,7072,7438,7008,7318,215216
2011-08-25,6651,7080,7414,7008,7247,250077
2011-08-26,6808,7247,7287,7016,7016,108786
2011-08-29,7183,7645,7685,7446,7525,248741
2011-08-30,7347,7820,8123,7764,7948,246490
2011-08-31,7295,7764,8003,7621,7916,164277
2011-09-01,7257,7725,8043,7685,7844,225977
2011-09-02,7160,7621,7844,7502,7645,132614
2011-09-05,6554,6976,7510,6976,7486,156664
2011-09-06,6359,6769,7064,6657,6729,188530
2011-09-07,6734,7167,7255,6944,7127,152986
2011-09-08,6726,7159,7382,7008,7334,96505
2011-09-09,6584,7008,7207,7008,7024,89014
2011-09-14,6217,6618,7127,6618,7008,89851
2011-09-15,6247,6649,6904,6514,6849,91798
2011-09-16,6464,6880,6944,6681,6777,109475
2011-09-19,6315,6721,6984,6705,6928,74938
2011-09-20,6389,6801,6817,6490,6665,155434
2011-09-21,6906,7350,7701,6880,6968,483026
2011-09-22,6554,6976,7239,6896,7064,213290
2011-09-23,5970,6355,6665,6355,6554,259616
2011-09-26,5237,5574,6490,5574,6490,365552
2011-09-27,5589,5949,6092,5734,5734,224818
2011-09-28,5761,6132,6339,6012,6076,147062
2011-09-29,5978,6363,6363,5917,5988,131597
2011-09-30,5948,6331,6538,6188,6514,189238
2011-10-04,5529,5885,6020,5598,5813,96749
2011-10-05,5102,5431,6020,5415,5973,121740
2011-10-06,5387,5734,5941,5670,5773,142899
2011-10-07,5746,6116,6355,5901,5901,190049
2011-10-10,5911,6291,6371,6140,6371,101145
2011-10-11,5955,6339,6681,6339,6482,156586
2011-10-12,6487,6904,6960,6339,6339,233468
2011-10-13,6359,6769,7167,6769,7103,205591
2011-10-14,6674,7103,7135,6530,6769,177137
2011-10-17,6651,7080,7358,7056,7263,151424
2011-10-18,6509,6928,7111,6785,6785,113221
2011-10-19,6569,6992,7263,6888,7247,106213
2011-10-20,6315,6721,7302,6721,6992,244938
2011-10-21,6666,7095,7111,6769,6857,260374
2011-10-24,7631,8123,8123,7247,7247,543511
2011-10-25,7781,8282,8680,7964,8402,1074551
2011-10-26,8080,8601,8601,8083,8123,745446
2011-10-27,8080,8601,8840,8202,8760,421072
2011-10-28,7819,8322,8919,8163,8919,345834
2011-10-31,7557,8043,8362,7916,8242,320128
2011-11-01,7437,7916,8202,7884,7884,279033
2011-11-02,7227,7693,7748,7287,7565,284352
2011-11-03,6180,6578,7709,6562,7701,921560
2011-11-04,6741,7175,7215,6705,6737,524410
2011-11-07,7332,7804,8123,7183,7191,786972
2011-11-08,7856,8362,8840,7940,8003,1287523
2011-11-09,7931,8441,9078,8123,8561,836498
2011-11-10,7444,7924,8282,7804,8163,433182
2011-11-11,8043,8561,8640,7940,8123,639793
2011-11-14,8043,8561,8720,8441,8680,326256
2011-11-15,7931,8441,8760,8202,8362,400040
2011-11-16,8305,8840,9198,8322,8521,1274421
2011-11-17,8529,9078,9317,8999,9039,973133
2011-11-18,8455,8999,9238,8680,8879,463070
2011-11-21,8866,9437,9676,8959,9118,836281
2011-11-22,8978,9556,9955,9278,9477,1073710
2011-11-23,8978,9556,9875,9317,9556,522364
2011-11-24,8829,9397,9716,9357,9556,443793
2011-11-25,8193,8720,9397,8601,9278,417420
2011-11-28,8043,8561,8999,8402,8959,382055
2011-11-29,8529,9078,9198,8521,8720,571961
2011-11-30,8380,8919,9317,8879,9078,269862
2011-12-01,8455,8999,9317,8879,9198,436760
2011-12-02,9203,9795,9994,9158,9238,1267849
2011-12-05,9240,9835,10193,9676,9955,592471
2011-12-06,8679,9238,9835,9198,9835,452447
2011-12-07,8866,9437,9755,9238,9477,366553
2011-12-08,9465,10074,10313,9676,9676,1316321
2011-12-09,9577,10193,10432,9875,9915,874697
2011-12-12,9278,9875,10831,9875,10432,1219748
2011-12-13,8829,9397,9795,9238,9795,745150
2011-12-14,9016,9596,10074,9078,9516,915174
2011-12-15,8903,9477,9835,9397,9397,416803
2011-12-16,9352,9955,9994,9477,9636,397860
2011-12-19,8604,9158,10074,8601,9795,645204
2011-12-20,9128,9716,9875,9158,9158,390741
2011-12-21,9203,9795,10114,9755,9955,433239
2011-12-22,9801,10432,10432,9795,9835,442443
2011-12-23,9876,10512,10751,10233,10432,740295
2011-12-26,9876,10512,10671,10074,10512,355320
2011-12-27,9539,10154,10631,9915,10631,306728
2011-12-28,9559,10074,10353,9835,10154,260910
2011-12-29,9332,9835,10233,9795,10074,141765
2012-01-02,10730,11308,11308,9835,9835,1152928
2012-01-03,11448,12065,12662,11308,11587,1702815
2012-01-04,11146,11746,12344,11587,11826,501736
2012-01-05,12128,12782,13419,11707,11946,1110678
2012-01-06,11864,12503,12822,12304,12662,330249
2012-01-09,11486,12105,12583,11786,12503,505770
2012-01-10,11524,12145,12463,11786,12224,396676
2012-01-11,11070,11667,12503,11667,12145,326058
2012-01-12,11183,11786,12782,11707,11946,971877
2012-01-13,11032,11627,11866,11348,11826,418261
2012-01-16,11675,12304,12384,11428,11547,558666
2012-01-17,11410,12025,12384,11946,12304,272392
2012-01-18,11032,11627,12065,11547,12065,174562
2012-01-19,11297,11906,12065,11627,11826,223973
2012-01-20,10957,11547,11985,11388,11906,221487
2012-01-25,10692,11269,11627,11189,11547,181200
2012-01-26,10806,11388,11587,11229,11348,158051
2012-01-27,10806,11388,11468,10990,11468,233622
2012-01-30,11297,11906,12145,11388,11547,493853
2012-01-31,11108,11707,11946,11627,11866,190733
2012-02-01,10843,11428,11826,11189,11786,274784
2012-02-02,10730,11308,11587,11229,11587,200560
2012-02-03,10730,11308,11508,11229,11428,134042
2012-02-06,10617,11189,11746,11189,11468,192972
2012-02-07,10654,11229,11348,10990,11149,182284
2012-02-08,10730,11308,11428,11070,11388,120495
2012-02-09,10654,11229,11308,10990,11189,114798
2012-02-10,10126,10671,11109,10393,10990,375203
2012-02-13,11146,11746,12145,10751,10751,767573
2012-02-14,11070,11667,11985,11547,11667,406821
2012-02-15,11335,11946,13180,11906,12184,1484902
2012-02-16,11070,11667,12065,11587,12025,238735
2012-02-17,11146,11746,12025,11627,11866,215348
2012-02-20,11183,11786,11906,11388,11587,157680
2012-02-21,10843,11428,11786,11428,11746,170428
2012-02-22,10503,11070,11508,10910,11508,388329
2012-02-23,10201,10751,11189,10751,11070,317190
2012-02-24,10352,10910,11070,10751,10831,187148
2012-02-27,9937,10472,11030,10472,10910,218560
2012-02-28,9823,10353,10751,10034,10552,382382
2012-02-29,9597,10114,10831,10114,10432,621525
2012-03-02,10012,10552,10552,10114,10114,446907
2012-03-05,9634,10154,10631,10074,10631,250978
2012-03-06,9294,9795,10353,9795,10154,231754
2012-03-07,9483,9994,10273,9477,9636,214643
2012-03-08,9974,10512,10512,9994,10034,416578
2012-03-09,10201,10751,10751,10313,10393,499161
2012-03-12,9408,9915,10233,9875,10154,171204
2012-03-13,9445,9955,9994,9835,9835,73384
2012-03-14,9105,9596,10114,9556,10034,171591
2012-03-15,9105,9596,9755,9357,9596,123692
2012-03-16,9068,9556,9795,9556,9596,56556
2012-03-19,8916,9397,9676,9397,9397,142259
2012-03-20,8992,9477,9636,9357,9357,61139
2012-03-21,8992,9477,9596,9357,9477,71121
2012-03-22,8803,9278,9556,9238,9516,79277
2012-03-23,8841,9317,9397,9039,9278,79196
2012-03-26,8916,9397,9397,9198,9357,68744
2012-03-27,8841,9317,9477,9278,9397,59926
2012-03-28,8539,8999,9357,8999,9317,72686
2012-03-29,8010,8441,9118,8441,8999,141443
2012-03-30,8199,8640,8680,8362,8362,71268
2012-04-02,8501,8959,9039,8561,8640,63921
2012-04-03,8236,8680,9158,8640,9158,83104
2012-04-04,7556,7964,8680,7940,8601,247453
2012-04-05,7352,7748,8083,7669,7948,157977
2012-04-06,7126,7510,7948,7510,7685,110457
2012-04-09,6559,6912,7510,6912,7510,240478
2012-04-10,6763,7127,7223,6944,7072,206426
2012-04-12,6612,6968,7239,6912,7127,143626
2012-04-13,7012,7390,7398,7048,7048,178644
2012-04-16,8805,9280,9400,9090,9120,68782
2012-04-17,8786,9260,9480,9230,9250,89491
2012-04-18,8577,9040,9440,8930,9430,176199
2012-04-19,7590,8000,8310,7400,7450,492589
2012-04-20,7306,7700,8250,7630,8000,201087
2012-04-23,6955,7330,7700,7280,7620,170821
2012-04-24,7021,7400,7600,7050,7170,120706
2012-04-25,6955,7330,7600,7330,7590,68075
2012-04-26,6309,6650,7120,6570,7120,588871
2012-04-27,6186,6520,6770,6450,6660,146000
2012-04-30,5446,5740,6460,5550,6400,1022690
2012-05-02,5769,6080,6120,5600,5740,488490
2012-05-03,5740,6050,6270,5990,6100,201830
2012-05-04,5977,6300,6410,6060,6150,331435
2012-05-07,5740,6050,6170,6000,6020,194270
2012-05-08,6082,6410,6500,6060,6060,230980
2012-05-09,6357,6700,6980,6300,6330,797897
2012-05-10,6689,7050,7240,6710,6710,781214
2012-05-11,6632,6990,7130,6890,7020,345972
2012-05-14,6461,6810,7100,6600,6920,291215
2012-05-15,6822,7190,7290,6890,6900,674863
2012-05-16,6623,6980,7190,6890,7110,309406
2012-05-17,6651,7010,7070,6630,6860,358922
2012-05-18,6670,7030,7270,6750,6900,493456
2012-05-21,6936,7310,7350,7110,7190,540090
2012-05-22,6879,7250,7490,7220,7390,454742
2012-05-23,6822,7190,7370,7190,7260,229402
2012-05-24,6689,7050,7310,7050,7290,240129
2012-05-25,6926,7300,7390,7200,7220,356558
2012-05-29,6860,7230,7330,7100,7300,209179
2012-05-30,6746,7110,7340,7100,7300,274054
2012-05-31,7135,7520,7580,6930,7050,477676
2012-06-01,7040,7420,7600,7410,7580,273529
2012-06-04,6679,7040,7300,6870,7100,293872
2012-06-05,6879,7250,7400,7180,7230,225996
2012-06-07,7097,7480,7620,7250,7250,356421
2012-06-08,7249,7640,7710,7370,7550,424572
2012-06-11,7496,7900,8080,7800,7870,402674
2012-06-12,7420,7820,7940,7670,7800,261431
2012-06-13,7315,7710,7970,7690,7950,231628
2012-06-14,7211,7600,7710,7500,7620,238134
2012-06-15,7040,7420,7640,7400,7600,192408
2012-06-18,7088,7470,7710,7440,7600,214486
2012-06-19,7154,7540,7610,7450,7470,155527
2012-06-20,7391,7790,7840,7540,7640,326713
2012-06-21,7268,7660,7920,7660,7800,252076
2012-06-22,7211,7600,7660,7440,7490,166854
2012-06-25,6955,7330,7640,7330,7600,194604
2012-06-26,6898,7270,7380,7210,7220,146166
2012-06-27,6727,7090,7330,6970,7330,163157
2012-06-28,6831,7200,7280,7100,7160,102498
2012-06-29,6774,7140,7240,7010,7100,81253
2012-07-02,6860,7230,7340,7170,7210,96683
2012-07-03,7116,7500,7550,7190,7190,295932
2012-07-04,6936,7310,7560,7280,7530,135218
2012-07-05,6803,7170,7400,7150,7400,152160
2012-07-06,6765,7130,7260,7120,7180,141053
2012-07-09,6727,7090,7230,7060,7060,81385
2012-07-10,6888,7260,7260,7060,7060,98617
2012-07-11,6774,7140,7300,7090,7270,166631
2012-07-12,6850,7220,7410,7170,7290,329463
2012-07-13,6727,7090,7300,6150,7290,191885
2012-07-16,6869,7240,7240,7090,7170,74659
2012-07-17,6717,7080,7180,7040,7150,97070
2012-07-18,6404,6750,7190,6680,7190,189313
2012-07-19,6452,6800,6980,6780,6880,109292
2012-07-20,6461,6810,6900,6800,6800,93486
2012-07-23,6139,6470,6670,6430,6650,212159
2012-07-24,5863,6180,6460,6170,6230,170939
2012-07-25,5465,5760,6140,5750,6020,294780
2012-07-26,5493,5790,5910,5680,5770,136585
2012-07-27,5579,5880,5990,5860,5860,132701
2012-07-30,5626,5930,6040,5930,5950,89904
2012-07-31,5911,6230,6250,5910,5910,102931
2012-08-01,5977,6300,6390,6250,6330,88165
2012-08-02,5835,6150,6300,6130,6220,97787
2012-08-03,5977,6300,6370,6130,6170,133228
2012-08-06,6044,6370,6450,6350,6350,105638
2012-08-07,5835,6150,6450,6150,6450,168556
2012-08-08,5901,6220,6340,6190,6240,120377
2012-08-09,5977,6300,6300,6130,6200,125449
2012-08-10,6034,6360,6580,6320,6440,206035
2012-08-13,5939,6260,6390,6220,6390,130601
2012-08-14,6063,6390,6460,6260,6280,101257
2012-08-16,5930,6250,6440,6250,6390,142087
2012-08-17,5968,6290,6430,6260,6300,144336
2012-08-20,5920,6240,6340,6210,6310,80332
2012-08-21,5987,6310,6390,6230,6240,126964
2012-08-22,6091,6420,6540,6300,6300,238618
2012-08-23,6034,6360,6460,6340,6460,102281
2012-08-24,5816,6130,6440,6130,6400,224790
2012-08-27,5721,6030,6180,5970,6130,175682
2012-08-28,5797,6110,6120,5980,5980,101037
2012-08-29,5854,6170,6240,6130,6130,85982
2012-08-30,5740,6050,6240,6050,6240,88542
2012-08-31,5788,6100,6150,6010,6010,86614
2012-09-03,5930,6250,6280,6070,6120,148437
2012-09-04,5901,6220,6340,6190,6270,114610
2012-09-05,5788,6100,6250,6100,6250,108295
2012-09-06,5759,6070,6140,6050,6110,87737
2012-09-07,5778,6090,6220,6050,6220,110312
2012-09-10,5664,5970,6140,5950,6110,172320
2012-09-11,5588,5890,6020,5850,6020,146142
2012-09-12,5721,6030,6050,5870,5890,132545
2012-09-13,5645,5950,6150,5950,6080,127393
2012-09-14,5674,5980,6070,5980,6070,183315
2012-09-17,5816,6130,6140,5980,6010,198288
2012-09-18,5769,6080,6180,6050,6140,140369
2012-09-19,5759,6070,6150,6030,6100,117497
2012-09-20,5683,5990,6130,5990,6110,172620
2012-09-21,5702,6010,6120,5970,5980,119581
2012-09-24,5664,5970,6090,5950,6020,93905
2012-09-25,5560,5860,6020,5860,6020,113205
2012-09-26,5436,5730,5900,5730,5830,126815
2012-09-27,5361,5650,5780,5510,5730,82370
2012-09-28,5361,5650,5710,5620,5700,37587
2012-10-02,5484,5780,5800,5650,5650,98434
2012-10-04,5569,5870,5990,5780,5780,135543
2012-10-05,5617,5920,5940,5830,5890,123173
2012-10-08,5522,5820,5980,5810,5980,60585
2012-10-09,5550,5850,5880,5750,5850,155451
2012-10-10,5455,5750,5840,5730,5820,80856
2012-10-11,5399,5690,5790,5630,5690,70164
2012-10-12,5408,5700,5760,5660,5740,48935
2012-10-15,5275,5560,5740,5510,5710,151320
2012-10-16,5304,5590,5670,5510,5670,84604
2012-10-17,5408,5700,5800,5580,5580,94198
2012-10-18,5683,5990,6150,5700,5700,334995
2012-10-19,5807,6120,6160,5950,6080,226433
2012-10-22,5826,6140,6210,5990,6010,176174
2012-10-23,5835,6150,6230,6090,6220,219969
2012-10-24,5693,6000,6150,5990,6050,138505
2012-10-25,5664,5970,6090,5860,6060,133742
2012-10-26,5617,5920,6040,5860,6000,145752
2012-10-29,5968,6290,6450,5940,5940,711105
2012-10-30,6015,6340,6450,6280,6330,456625
2012-10-31,6034,6360,6550,6290,6430,400377
2012-11-01,6158,6490,6490,6290,6300,278520
2012-11-02,6253,6590,6770,6550,6570,405482
2012-11-05,6328,6670,6870,6600,6640,345544
2012-11-06,5920,6240,6570,6110,6510,743243
2012-11-07,6319,6660,6660,6280,6330,620735
2012-11-08,6309,6650,6940,6460,6570,687913
2012-11-09,6196,6530,6630,6330,6590,245839
2012-11-12,6063,6390,6580,6250,6530,297952
2012-11-13,5854,6170,6500,6110,6400,297188
2012-11-14,5550,5850,6190,5800,6150,341989
2012-11-15,5598,5900,5920,5610,5850,143951
2012-11-16,5474,5770,5920,5720,5800,117360
2012-11-19,5607,5910,5950,5730,5730,53434
2012-11-20,5560,5860,6030,5830,6030,71778
2012-11-21,5436,5730,6050,5710,5900,121527
2012-11-22,5474,5770,5860,5700,5710,118603
2012-11-23,5436,5730,5830,5730,5800,64377
2012-11-26,5351,5640,5800,5610,5800,81560
2012-11-27,5503,5800,5920,5600,5640,97229
2012-11-28,5550,5850,5880,5720,5800,45490
2012-11-29,5550,5850,5920,5790,5850,54169
2012-11-30,5474,5770,5890,5740,5850,50846
2012-12-03,5598,5900,6000,5830,5850,129840
2012-12-04,5788,6100,6110,5900,5900,311961
2012-12-05,5702,6010,6250,5980,6120,207584
2012-12-06,5541,5840,6180,5840,5960,127159
2012-12-07,5446,5740,5900,5660,5840,125776
2012-12-10,5522,5820,5830,5690,5800,56430
2012-12-11,5740,6050,6540,5760,5840,1573552
2012-12-12,5674,5980,6190,5900,6060,297005
2012-12-13,5712,6020,6210,6000,6000,280141
2012-12-14,5901,6220,6220,6000,6030,244643
2012-12-17,5740,6050,6340,6050,6210,260432
2012-12-18,5949,6270,6310,6090,6160,342646
2012-12-20,5863,6180,6330,6180,6270,253459
2012-12-21,5683,5990,6200,5940,6180,202088
2012-12-24,5588,5890,6060,5890,5940,150186
2012-12-26,5427,5720,5950,5720,5890,196943
2012-12-27,5512,5810,5840,5710,5720,115493
2012-12-28,5626,5930,6020,5780,5830,156803
2013-01-02,5721,6030,6200,5930,5930,358666
2013-01-03,5882,6200,6270,5990,6070,427052
2013-01-04,6015,6340,6370,6140,6200,423840
2013-01-07,5968,6290,6570,6220,6570,496792
2013-01-08,6129,6460,6460,6180,6300,468447
2013-01-09,6082,6410,6560,6400,6520,297741
2013-01-10,6366,6710,6740,6360,6450,590424
2013-01-11,6385,6730,7120,6640,6730,1227512
2013-01-14,6167,6500,6810,6430,6810,455860
2013-01-15,5920,6240,6560,6240,6500,348365
2013-01-16,6101,6430,6610,6220,6240,307726
2013-01-17,6006,6330,6600,6300,6430,169948
2013-01-18,6101,6430,6540,6360,6380,202860
2013-01-21,6034,6360,6550,6350,6520,168126
2013-01-22,5987,6310,6500,6190,6340,279258
2013-01-23,6423,6770,6800,6330,6370,919215
2013-01-24,6262,6600,6840,6530,6810,446963
2013-01-25,6537,6890,6910,6610,6700,735046
2013-01-28,6376,6720,6850,6630,6810,324555
2013-01-29,6319,6660,6980,6660,6730,430370
2013-01-30,6309,6650,6720,6580,6670,219236
2013-01-31,6281,6620,6850,6510,6700,244869
2013-02-01,6120,6450,6670,6320,6610,264735
2013-02-04,5949,6270,6500,6190,6420,257101
2013-02-05,5958,6280,6320,6130,6150,136668
2013-02-06,6129,6460,6470,6290,6290,144028
2013-02-07,6101,6430,6500,6370,6460,108689
2013-02-08,5939,6260,6450,6220,6390,148721
2013-02-12,5958,6280,6350,6240,6260,74771
2013-02-13,6139,6470,6500,6280,6280,181331
2013-02-14,6167,6500,6580,6440,6440,119889
2013-02-15,6262,6600,6700,6520,6550,187395
2013-02-18,6300,6640,7000,6610,6870,472946
2013-02-19,6414,6760,6840,6670,6680,249498
2013-02-20,6613,6970,7000,6700,6810,577359
2013-02-21,6926,7300,7450,6900,6900,1101041
2013-02-22,6907,7280,7410,7220,7300,299637
2013-02-25,6993,7370,7440,7260,7300,277769
2013-02-26,6765,7130,7540,7100,7310,493084
2013-02-27,7116,7500,7500,7140,7160,581229
2013-02-28,7002,7380,7640,7350,7580,378222
2013-03-04,6926,7300,7420,7210,7380,203215
2013-03-05,6964,7340,7370,7210,7320,241504
2013-03-06,7116,7500,7600,7380,7440,449568
2013-03-07,7069,7450,7750,7450,7640,496853
2013-03-08,6831,7200,7500,7120,7450,320910
2013-03-11,6945,7320,7340,7090,7250,249319
2013-03-12,6936,7310,7410,7200,7350,225743
2013-03-13,7069,7450,7450,7270,7360,230316
2013-03-14,7069,7450,7480,7310,7410,167143
2013-03-15,7135,7520,7670,7480,7480,331964
2013-03-18,6888,7260,7620,7260,7530,218958
2013-03-19,7002,7380,7470,7310,7310,147515
2013-03-20,6679,7040,7480,7010,7480,376259
2013-03-21,6831,7200,7250,7050,7090,166937
2013-03-22,6983,7360,7360,7120,7120,159419
2013-03-25,7088,7470,7560,7380,7410,319922
2013-03-26,6974,7350,7520,7260,7420,153399
2013-03-27,6898,7270,7410,7180,7370,161264
2013-03-28,7249,7640,7690,7290,7290,832662
2013-03-29,7230,7620,7680,7530,7680,237602
2013-04-01,7230,7620,7700,7480,7700,250112
2013-04-02,7230,7620,7830,7560,7630,503473
2013-04-03,7296,7690,7890,7640,7650,381744
2013-04-04,7078,7460,7690,7250,7640,309362
2013-04-05,6746,7110,7600,7090,7530,360714
2013-04-08,6414,6760,7150,6760,7110,249339
2013-04-09,6556,6910,6970,6660,6720,195758
2013-04-10,6689,7050,7130,6840,6940,134279
2013-04-11,6812,7180,7210,7020,7120,172011
2013-04-12,6604,6960,7240,6920,7240,168694
2013-04-15,6717,7080,7130,6770,6990,136742
2013-04-16,6831,7200,7270,6910,7010,169646
2013-04-17,6736,7100,7250,7080,7250,189208
2013-04-18,6594,6950,7110,6950,7010,126992
2013-04-19,6281,6620,7000,6600,6950,389588
2013-04-22,6452,6800,6870,6600,6670,134188
2013-04-23,6528,6880,6940,6770,6850,100376
2013-04-24,6613,6970,7070,6920,6940,149773
2013-04-25,6708,7070,7150,6880,6970,218097
2013-04-26,6727,7090,7140,7000,7080,111499
2013-04-29,6689,7050,7170,7050,7150,104186
2013-04-30,6651,7010,7110,6920,7110,223579
2013-05-02,6461,6810,7010,6800,7010,186956
2013-05-03,6357,6700,6800,6600,6760,279550
2013-05-06,6518,6870,6940,6740,6740,175543
2013-05-07,6547,6900,6960,6860,6960,119238
2013-05-08,6537,6890,6940,6850,6900,138445
2013-05-09,6452,6800,6920,6780,6910,175150
2013-05-10,6518,6870,7060,6750,6750,162664
2013-05-13,6623,6980,7040,6870,6880,203317
2013-05-14,6452,6800,7000,6730,6980,168786
2013-05-15,6642,7000,7000,6790,6880,144611
2013-05-16,6642,7000,7050,6760,7040,191562
2013-05-20,6452,6800,7000,6760,7000,211717
2013-05-21,6537,6890,6890,6750,6870,102180
2013-05-22,6490,6840,6920,6800,6830,135353
2013-05-23,6414,6760,6970,6760,6840,192742
2013-05-24,6490,6840,6890,6730,6730,110806
2013-05-27,6869,7240,7240,6840,6890,571636
2013-05-28,6907,7280,7370,7160,7260,332829
2013-05-29,6907,7280,7360,7200,7260,263629
2013-05-30,6765,7130,7280,7100,7200,197912
2013-05-31,6651,7010,7230,6970,7130,190899
2013-06-03,6860,7230,7320,6960,6980,359218
2013-06-04,6736,7100,7270,7030,7230,153845
2013-06-05,6395,6740,7100,6730,7010,271261
2013-06-07,5882,6200,6780,6080,6740,370385
2013-06-10,5939,6260,6380,6170,6200,203865
2013-06-11,5873,6190,6340,6080,6300,108262
2013-06-12,5769,6080,6250,6080,6100,103968
2013-06-13,5740,6050,6290,6030,6030,134929
2013-06-14,5531,5830,6220,5820,6100,423251
2013-06-17,5351,5640,6040,5550,5880,300602
2013-06-18,5541,5840,5890,5580,5680,95854
2013-06-19,5531,5830,5960,5790,5840,126640
2013-06-20,5370,5660,5890,5650,5800,118427
2013-06-21,5266,5550,5590,5280,5460,141232
2013-06-24,5228,5510,5660,5510,5530,78097
2013-06-25,4772,5030,5570,5000,5480,197315
2013-06-26,4730,4985,5210,4855,5110,239645
2013-06-27,4962,5230,5270,5070,5070,147134
2013-06-28,5133,5410,5410,5240,5290,135316
2013-07-01,5066,5340,5440,5270,5410,75892
2013-07-02,5076,5350,5440,5300,5400,141517
2013-07-03,4877,5140,5430,5140,5320,130787
2013-07-04,4953,5220,5300,5140,5160,84597
2013-07-05,4915,5180,5300,5130,5280,57061
2013-07-08,4896,5160,5340,5150,5230,67847
2013-07-09,4896,5160,5230,5050,5180,65784
2013-07-10,4858,5120,5250,5120,5230,38877
2013-07-11,5066,5340,5340,5180,5180,66134
2013-07-12,5247,5530,5650,5310,5380,128231
2013-07-15,5095,5370,5570,5360,5470,93539
2013-07-16,5190,5470,5540,5370,5410,103455
2013-07-17,5294,5580,5620,5410,5430,136712
2013-07-18,5285,5570,5620,5500,5540,54855
2013-07-19,5285,5570,5600,5470,5600,42206
2013-07-22,5180,5460,5600,5450,5540,82895
2013-07-23,5171,5450,5560,5430,5490,61398
2013-07-24,5275,5560,5560,5430,5540,68654
2013-07-25,5389,5680,5880,5540,5590,319516
2013-07-26,5512,5810,5830,5650,5650,165147
2013-07-29,5389,5680,5850,5650,5830,91355
2013-07-30,5237,5520,5690,5510,5650,113157
2013-07-31,5332,5620,5630,5500,5550,88236
2013-08-01,5427,5720,5810,5600,5650,128264
2013-08-02,5493,5790,5890,5720,5790,163914
2013-08-05,5474,5770,5850,5700,5790,108747
2013-08-06,5455,5750,5800,5640,5730,130701
2013-08-07,5408,5700,5750,5590,5680,124026
2013-08-08,5190,5470,5710,5460,5630,146671
2013-08-09,5038,5310,5520,5250,5500,169923
2013-08-12,4991,5260,5340,5230,5310,82105
2013-08-13,5076,5350,5450,5260,5270,80384
2013-08-14,5104,5380,5400,5320,5400,63240
2013-08-16,5085,5360,5430,5280,5380,81518
2013-08-19,5199,5480,5500,5320,5320,69239
2013-08-20,5095,5370,5630,5360,5450,120813
2013-08-21,4886,5150,5450,5130,5370,105951
2013-08-22,4734,4990,5200,4950,5090,162067
2013-08-23,4886,5150,5220,5020,5020,99755
2013-08-26,4915,5180,5250,5090,5210,63662
2013-08-27,4820,5080,5220,5060,5150,82836
2013-08-28,4763,5020,5160,4970,4970,76389
2013-08-29,4848,5110,5220,5030,5030,49099
2013-08-30,4810,5070,5250,5050,5110,57702
2013-09-02,4915,5180,5330,5080,5080,231546
2013-09-03,4896,5160,5250,5150,5240,103054
2013-09-04,4915,5180,5240,5110,5160,57036
2013-09-05,4981,5250,5370,5220,5220,80738
2013-09-06,4915,5180,5280,5180,5200,49732
2013-09-09,4915,5180,5240,5140,5180,55372
2013-09-10,4801,5060,5220,5050,5180,124566
2013-09-11,4829,5090,5190,5080,5090,65698
2013-09-12,4886,5150,5180,5090,5100,51542
2013-09-13,4905,5170,5180,5090,5150,48501
2013-09-16,4877,5140,5290,5090,5240,110601
2013-09-17,4972,5240,5250,5110,5130,69200
2013-09-23,4991,5260,5360,5230,5240,108159
2013-09-24,4924,5190,5340,5130,5340,64741
2013-09-25,4962,5230,5260,5150,5200,52870
2013-09-26,4972,5240,5250,5160,5220,83096
2013-09-27,5028,5300,5300,5220,5240,77239
2013-09-30,5076,5350,5420,5270,5270,212784
2013-10-01,4972,5240,5400,5200,5350,90919
2013-10-02,4858,5120,5320,5120,5280,128378
2013-10-04,4725,4980,5120,4950,5120,284120
2013-10-07,4730,4985,5040,4980,5000,76893
2013-10-08,4772,5030,5130,5010,5060,87569
2013-10-10,4943,5210,5210,5030,5030,136809
2013-10-11,4953,5220,5350,5220,5280,139199
2013-10-14,4896,5160,5250,5150,5220,62042
2013-10-15,4886,5150,5230,5120,5180,66431
2013-10-16,4744,5000,5190,4990,5140,179531
2013-10-17,4649,4900,5060,4900,5040,159855
2013-10-18,4673,4925,4965,4900,4900,62651
2013-10-21,4668,4920,5000,4915,4930,70814
2013-10-22,4706,4960,4990,4905,4955,59901
2013-10-23,4701,4955,5050,4950,5000,73060
2013-10-24,4791,5050,5050,4950,4955,42902
2013-10-25,4744,5000,5110,5000,5080,51515
2013-10-28,4032,4250,4330,4250,4250,425273
2013-10-29,3610,3805,4000,3760,3915,1282894
2013-10-30,3700,3900,3995,3800,3800,609574
2013-10-31,3710,3910,3975,3810,3940,205128
2013-11-01,3748,3950,3990,3855,3895,215676
2013-11-04,3695,3895,3980,3890,3980,153573
2013-11-05,3691,3890,3990,3840,3895,238239
2013-11-06,3691,3890,3915,3860,3875,162647
2013-11-07,3596,3790,3920,3785,3900,131454
2013-11-08,3411,3595,3890,3595,3790,232802
2013-11-11,3240,3415,3655,3380,3640,278880
2013-11-12,3453,3640,3640,3400,3400,152094
2013-11-13,3420,3605,3700,3570,3690,112250
2013-11-14,3491,3680,3680,3550,3655,114863
2013-11-15,3615,3810,3900,3665,3665,223084
2013-11-18,3534,3725,3845,3715,3845,96413
2013-11-19,3539,3730,3770,3600,3770,72942
2013-11-20,3544,3735,3825,3730,3745,106328
2013-11-21,3558,3750,3820,3725,3745,95443
2013-11-22,3544,3735,3810,3730,3760,91040
2013-11-25,3648,3845,3985,3790,3825,113672
2013-11-26,3710,3910,3910,3820,3820,116828
2013-11-27,3681,3880,3925,3850,3910,110881
2013-11-28,3700,3900,3935,3875,3885,121143
2013-11-29,3648,3845,3940,3795,3905,107727
2013-12-02,3605,3800,3845,3775,3845,51239
2013-12-03,3529,3720,3800,3615,3725,79847
2013-12-04,3496,3685,3755,3660,3660,36204
2013-12-05,3520,3710,3710,3655,3685,50740
2013-12-06,3487,3675,3730,3675,3690,78064
2013-12-09,3387,3570,3690,3565,3655,155415
2013-12-10,3453,3640,3670,3575,3585,57272
2013-12-11,3415,3600,3675,3585,3600,79415
2013-12-12,3510,3700,3800,3580,3600,158712
2013-12-13,3491,3680,3770,3615,3770,70912
2013-12-16,3449,3635,3735,3620,3680,61152
2013-12-17,3392,3575,3690,3550,3690,57630
2013-12-18,3406,3590,3610,3480,3550,46332
2013-12-19,3325,3505,3640,3500,3640,103629
2013-12-20,3321,3500,3580,3485,3520,122163
2013-12-23,3420,3605,3625,3485,3485,70959
2013-12-24,3439,3625,3650,3550,3610,45330
2013-12-26,3491,3680,3695,3575,3625,84394
2013-12-27,3558,3750,3750,3680,3690,76398
2013-12-30,3577,3770,3800,3710,3740,48256
2014-01-02,3501,3690,3800,3690,3770,78764
2014-01-03,3562,3755,3760,3645,3655,92295
2014-01-06,3686,3885,3910,3735,3755,122482
2014-01-07,3724,3925,3940,3855,3900,113929
2014-01-08,3672,3870,3980,3820,3980,97275
2014-01-09,3738,3940,3955,3855,3870,91994
2014-01-10,3719,3920,3970,3870,3940,50416
2014-01-13,3615,3810,3930,3810,3930,108622
2014-01-14,3629,3825,3840,3755,3790,68201
2014-01-15,3710,3910,3940,3790,3800,72306
2014-01-16,3823,4030,4070,3850,3890,204096
2014-01-17,3814,4020,4065,3960,4015,90463
2014-01-20,3785,3990,4035,3935,3935,70199
2014-01-21,3785,3990,4065,3985,4065,63933
2014-01-22,3724,3925,4015,3890,3990,72328
2014-01-23,3762,3965,3980,3880,3940,78192
2014-01-24,3615,3810,3965,3800,3965,113861
2014-01-27,3477,3665,3710,3610,3705,82421
2014-01-28,3477,3665,3690,3600,3600,60678
2014-01-29,3558,3750,3750,3630,3650,38688
2014-02-03,3434,3620,3750,3610,3750,50645
2014-02-04,3344,3525,3565,3500,3540,89533
2014-02-05,3605,3800,4005,3505,3530,105776
2014-02-06,3653,3850,3990,3810,3990,305855
2014-02-07,3619,3815,3890,3810,3810,55207
2014-02-10,3667,3865,3885,3765,3825,78635
2014-02-11,3648,3845,3895,3840,3840,48914
2014-02-12,3634,3830,3880,3830,3880,45894
2014-02-13,3648,3845,3900,3830,3830,50837
2014-02-14,3681,3880,3910,3850,3850,71088
2014-02-17,3729,3930,3980,3885,3905,81612
2014-02-18,3719,3920,3960,3905,3960,53049
2014-02-19,3691,3890,3940,3855,3940,65759
2014-02-20,3667,3865,3935,3830,3890,51260
2014-02-21,3662,3860,3935,3830,3865,42459
2014-02-24,3662,3860,3905,3845,3860,36187
2014-02-25,3705,3905,3920,3860,3920,47506
2014-02-26,3994,4210,4300,3905,3905,598065
2014-02-27,4032,4250,4320,4160,4275,167399
2014-02-28,3947,4160,4275,4140,4270,105137
2014-03-03,4108,4330,4375,4120,4180,260085
2014-03-04,4222,4450,4575,4360,4395,287862
2014-03-05,4222,4450,4595,4415,4430,135686
2014-03-06,4231,4460,4505,4400,4465,97183
2014-03-07,4312,4545,4565,4445,4460,116172
2014-03-10,4174,4400,4570,4320,4570,208218
2014-03-11,4279,4510,4550,4355,4370,88456
2014-03-12,4222,4450,4530,4400,4530,91626
2014-03-13,4103,4325,4475,4205,4455,163273
2014-03-14,4174,4400,4420,4250,4250,75645
2014-03-17,4089,4310,4410,4255,4400,65423
2014-03-18,4080,4300,4360,4280,4310,61017
2014-03-19,4298,4530,4650,4370,4370,257749
2014-03-20,4345,4580,4890,4510,4580,341374
2014-03-21,4360,4595,4640,4535,4630,115999
2014-03-24,4350,4585,4605,4520,4605,103767
2014-03-25,4231,4460,4580,4455,4555,100097
2014-03-26,4236,4465,4525,4445,4450,52009
2014-03-27,4127,4350,4480,4340,4465,119437
2014-03-28,4189,4415,4470,4215,4380,65941
2014-03-31,4160,4385,4480,4325,4420,67976
2014-04-01,4127,4350,4440,4300,4345,46526
2014-04-02,4080,4300,4365,4220,4360,78727
2014-04-03,4027,4245,4330,4225,4315,69789
2014-04-04,4080,4300,4350,4220,4220,74956
2014-04-07,4046,4265,4325,4225,4300,56458
2014-04-08,3994,4210,4265,4165,4190,80529
2014-04-09,4127,4350,4390,4210,4210,64196
2014-04-10,4222,4450,4530,4310,4310,115766
2014-04-11,4222,4450,4530,4410,4450,57755
2014-04-14,4269,4500,4525,4440,4470,64913
2014-04-15,4454,4695,4855,4530,4530,433142
2014-04-16,4601,4850,4880,4675,4800,301381
2014-04-17,4763,5020,5080,4780,4900,285853
2014-04-18,4877,5140,5140,4925,5000,234324
2014-04-21,4744,5000,5200,4945,5170,220248
2014-04-22,4820,5080,5080,4900,5050,100548
2014-04-23,4687,4940,5130,4935,5130,135963
2014-04-24,4606,4855,5040,4720,4910,139725
2014-04-25,4616,4865,4980,4795,4815,77937
2014-04-28,4791,5050,5190,4890,4895,153156
2014-04-29,4772,5030,5110,4945,5010,56991
2014-04-30,4730,4985,5110,4970,5040,59383
2014-05-02,4739,4995,5000,4850,4985,63790
2014-05-07,4620,4870,4995,4845,4995,59661
2014-05-08,4554,4800,4870,4750,4825,48331
2014-05-09,5237,5520,5520,5310,5380,1172608
2014-05-12,5332,5620,5670,5350,5550,864717
2014-05-13,5332,5620,5810,5560,5570,414873
2014-05-14,5399,5690,5690,5500,5600,248338
2014-05-15,5342,5630,5740,5580,5730,118667
2014-05-16,5256,5540,5640,5420,5640,179456
2014-05-19,5095,5370,5550,5260,5480,215775
2014-05-20,5047,5320,5390,5160,5380,169753
2014-05-21,5123,5400,5500,5320,5320,145185
2014-05-22,5066,5340,5480,5260,5450,81180
2014-05-23,5085,5360,5370,5260,5320,59977
2014-05-26,5095,5370,5510,5320,5360,75220
2014-05-27,5066,5340,5430,5270,5400,43417
2014-05-28,5190,5470,5600,5420,5540,265234
2014-05-29,5190,5470,5540,5390,5540,69258
2014-05-30,5095,5370,5500,5330,5470,86139
2014-06-02,4886,5150,5370,5130,5250,96504
2014-06-03,4886,5150,5290,4970,5110,87689
2014-06-05,4877,5140,5150,5030,5150,59970
2014-06-09,4915,5180,5240,5040,5140,35480
2014-06-10,4962,5230,5260,5150,5260,40120
2014-06-11,5009,5280,5290,5210,5230,51053
2014-06-12,5057,5330,5340,5250,5250,45541
2014-06-13,4915,5180,5340,5150,5280,54556
2014-06-16,4953,5220,5270,5150,5180,19742
2014-06-17,4953,5220,5240,5140,5140,36556
2014-06-18,4924,5190,5310,5150,5310,42147
2014-06-19,4858,5120,5190,5060,5190,37937
2014-06-20,4782,5040,5190,5020,5120,30972
2014-06-23,4644,4895,5090,4800,5070,66150
2014-06-24,4526,4770,4990,4215,4990,109386
2014-06-25,4364,4600,4800,4600,4800,57258
2014-06-26,4364,4600,4830,4575,4575,50278
2014-06-27,4393,4630,4700,4570,4600,45714
2014-06-30,4459,4700,4730,4615,4670,39660
2014-07-01,4459,4700,4730,4635,4700,37713
2014-07-02,4554,4800,4845,4715,4740,35172
2014-07-03,4677,4930,4930,4800,4800,57002
2014-07-04,4587,4835,4990,4825,4990,65090
2014-07-07,4526,4770,4885,4755,4885,40935
2014-07-08,4407,4645,4785,4605,4760,115057
2014-07-09,4378,4615,4730,4585,4645,63992
2014-07-10,4431,4670,4855,4600,4615,239861
2014-07-11,4322,4555,4700,4520,4700,139355
2014-07-14,4322,4555,4680,4520,4555,103715
2014-07-15,4360,4595,4620,4530,4560,114591
2014-07-16,4265,4495,4640,4450,4600,95406
2014-07-17,4284,4515,4530,4405,4500,79440
2014-07-18,4250,4480,4515,4425,4485,67933
2014-07-21,4269,4500,4530,4470,4505,49152
2014-07-22,4265,4495,4580,4475,4520,173830
2014-07-23,4350,4585,4585,4500,4500,94861
2014-07-24,4383,4620,4670,4550,4600,134832
2014-07-25,4545,4790,4810,4615,4630,152682
2014-07-28,4364,4600,4825,4515,4820,132029
2014-07-29,4303,4535,4600,4425,4600,136802
2014-07-30,4274,4505,4590,4450,4535,52106
2014-07-31,4317,4550,4635,4435,4585,87811
2014-08-01,4412,4650,4665,4205,4240,111086
2014-08-04,4540,4785,4830,4630,4700,102762
2014-08-05,3866,4075,4420,4070,4400,650836
2014-08-06,3876,4085,4160,3915,4080,237055
2014-08-07,3781,3985,4075,3915,4020,168860
2014-08-08,3743,3945,3960,3880,3905,101584
2014-08-11,3800,4005,4100,3985,4100,57627
2014-08-12,3719,3920,4025,3880,4025,76082
2014-08-13,3667,3865,3975,3820,3920,89197
2014-08-14,3766,3970,4045,3875,4045,84722
2014-08-18,3819,4025,4035,3905,3970,45948
2014-08-19,3819,4025,4060,3935,4060,60657
2014-08-20,3814,4020,4030,3970,4015,34789
2014-08-21,3785,3990,4055,3980,4000,52483
2014-08-22,3923,4135,4185,4010,4030,95717
2014-08-25,3795,4000,4150,3960,4040,57998
2014-08-26,3757,3960,4050,3955,4020,32724
2014-08-27,3710,3910,3990,3905,3990,47511
2014-08-28,3757,3960,3960,3890,3960,28513
2014-08-29,3748,3950,3960,3900,3955,38348
2014-09-01,3638,3835,3930,3810,3915,73797
2014-09-02,3634,3830,3885,3800,3800,40288
2014-09-03,3724,3925,3930,3830,3835,57618
2014-09-04,3710,3910,3985,3865,3980,44706
2014-09-05,3691,3890,3920,3830,3910,64138
2014-09-11,3681,3880,3890,3830,3890,46429
2014-09-12,3681,3880,3925,3840,3880,23705
2014-09-15,3681,3880,3930,3835,3930,49626
2014-09-16,3686,3885,3895,3830,3850,18969
2014-09-17,3710,3910,3950,3850,3925,33822
2014-09-18,3719,3920,3950,3900,3910,26318
2014-09-19,3748,3950,3955,3895,3955,20113
2014-09-22,3719,3920,3975,3900,3950,37571
2014-09-23,3748,3950,3965,3840,3955,42697
2014-09-24,3733,3935,3950,3855,3860,22469
2014-09-25,3733,3935,3990,3890,3990,28288
2014-09-26,3719,3920,3920,3845,3870,53568
2014-09-29,3600,3795,3940,3700,3920,47491
2014-09-30,3482,3670,3830,3655,3755,57940
2014-10-01,3373,3555,3710,3550,3655,41910
2014-10-02,3396,3580,3645,3500,3520,45558
2014-10-06,3482,3670,3730,3580,3580,38296
2014-10-07,3501,3690,3725,3630,3630,25501
2014-10-08,3548,3740,3740,3670,3685,28888
2014-10-10,3463,3650,3740,3570,3740,40663
2014-10-13,3297,3475,3650,3360,3650,55063
2014-10-14,3273,3450,3475,3370,3400,72078
2014-10-15,3283,3460,3500,3405,3410,17834
2014-10-16,3273,3450,3460,3330,3390,38423
2014-10-17,3150,3320,3450,3295,3450,80231
2014-10-20,3164,3335,3360,3270,3330,48578
2014-10-21,3150,3320,3410,3290,3335,45126
2014-10-22,3287,3465,3475,3330,3335,46758
2014-10-23,3311,3490,3620,3475,3620,28640
2014-10-24,3259,3435,3505,3370,3480,43837
2014-10-27,3311,3490,3565,3400,3405,30950
2014-10-28,3444,3630,3660,3510,3525,56203
2014-10-29,3463,3650,3675,3590,3615,32238
2014-10-30,3453,3640,3680,3580,3665,24059
2014-10-31,3411,3595,3690,3590,3640,24467
2014-11-03,3411,3595,3635,3565,3600,20427
2014-11-04,3339,3520,3720,3520,3595,29166
2014-11-05,3321,3500,3580,3465,3525,22724
2014-11-06,3629,3825,3845,3465,3465,259005
2014-11-07,3762,3965,3995,3765,3845,107320
2014-11-10,3700,3900,4010,3840,4010,72544
2014-11-11,3629,3825,3920,3785,3820,84068
2014-11-12,3605,3800,3845,3755,3825,38061
2014-11-13,3510,3700,3815,3700,3805,53939
2014-11-14,3491,3680,3750,3645,3695,36422
2014-11-17,3529,3720,3745,3665,3695,39204
2014-11-18,3615,3810,3830,3710,3720,45215
2014-11-19,3648,3845,3850,3740,3830,29599
2014-11-20,3605,3800,3840,3750,3840,30906
2014-11-21,3600,3795,3815,3725,3770,38154
2014-11-24,3586,3780,3825,3770,3790,17212
2014-11-25,3691,3890,3900,3755,3780,48064
2014-11-26,3676,3875,3925,3840,3905,35528
2014-11-27,3638,3835,3895,3790,3855,28930
2014-11-28,3634,3830,3850,3740,3810,24586
2014-12-01,3567,3760,3850,3725,3820,55879
2014-12-02,3477,3665,3805,3610,3760,134023
2014-12-03,3553,3745,3790,3630,3630,58291
2014-12-04,3648,3845,3850,3715,3740,68520
2014-12-05,3667,3865,3915,3825,3890,52951
2014-12-08,3752,3955,3965,3865,3880,70700
2014-12-09,3738,3940,3965,3890,3965,77763
2014-12-10,3729,3930,3990,3910,3980,36649
2014-12-11,3766,3970,3970,3865,3925,43059
2014-12-12,3904,4115,4165,3930,3980,160440
2014-12-15,3871,4080,4125,3980,4050,82967
2014-12-16,3838,4045,4090,4005,4020,30464
2014-12-17,3861,4070,4130,4015,4045,41736
2014-12-18,3804,4010,4110,3930,4100,80433
2014-12-19,3838,4045,4045,3940,3985,41460
2014-12-22,3852,4060,4105,4005,4105,54056
2014-12-23,3809,4015,4085,4010,4065,62389
2014-12-24,3899,4110,4120,3990,4015,36735
2014-12-26,3933,4145,4185,4090,4110,57207
2014-12-29,3928,4090,4145,4085,4145,29459
2014-12-30,3918,4080,4140,4010,4095,33002
2015-01-02,3961,4125,4130,4055,4080,26386
2015-01-05,3933,4095,4175,4055,4175,56432
2015-01-06,3880,4040,4080,3970,4080,60693
2015-01-07,3870,4030,4070,3945,3990,34997
2015-01-08,3865,4025,4080,3970,4065,48632
2015-01-09,3865,4025,4075,3930,4030,98146
2015-01-12,3793,3950,4025,3910,4025,74027
2015-01-13,3707,3860,3925,3855,3910,72002
2015-01-14,3812,3970,3990,3850,3860,46852
2015-01-15,3870,4030,4045,3970,3970,87301
2015-01-16,3880,4040,4080,3960,4050,33518
2015-01-19,3750,3905,4015,3905,4000,44526
2015-01-20,3740,3895,3940,3860,3940,33053
2015-01-21,3635,3785,3915,3750,3895,62404
2015-01-22,3668,3820,3860,3725,3750,61458
2015-01-23,3721,3875,3935,3825,3890,35051
2015-01-26,3668,3820,3875,3790,3875,36986
2015-01-27,3688,3840,3855,3795,3800,26792
2015-01-28,3707,3860,3890,3840,3890,26629
2015-01-29,3692,3845,3885,3830,3860,32153
2015-01-30,3721,3875,3925,3850,3890,66385
2015-02-02,3760,3915,3930,3860,3860,31699
2015-02-03,3760,3915,3925,3860,3925,27543
2015-02-04,3880,4040,4080,3910,3915,69788
2015-02-05,3913,4075,4120,4030,4070,75484
2015-02-06,3913,4075,4145,4010,4145,34531
2015-02-09,3923,4085,4135,4030,4135,72355
2015-02-10,3918,4080,4130,4045,4085,47921
2015-02-11,4120,4290,4290,4070,4075,202429
2015-02-12,3976,4140,4385,4135,4320,235114
2015-02-13,3851,4010,4130,3975,4100,162307
2015-02-16,3889,4050,4065,3965,3965,62318
2015-02-17,3928,4090,4090,3965,4025,32904
2015-02-23,3937,4100,4170,4065,4090,49204
2015-02-24,4033,4200,4200,4095,4100,75396
2015-02-25,4019,4185,4225,4100,4225,40939
2015-02-26,3976,4140,4215,4095,4215,59081
2015-02-27,4014,4180,4205,4140,4200,48295
2015-03-02,4129,4300,4375,4130,4140,104435
2015-03-03,4240,4415,4450,4300,4310,97774
2015-03-04,4230,4405,4485,4320,4430,75860
2015-03-05,4341,4520,4740,4365,4380,201574
2015-03-06,4442,4625,4680,4535,4595,100705
2015-03-09,4341,4520,4660,4490,4575,52804
2015-03-10,4394,4575,4600,4440,4490,88810
2015-03-11,4470,4655,4670,4465,4500,68474
2015-03-12,4547,4735,4820,4585,4655,82583
2015-03-13,4533,4720,4820,4660,4735,57312
2015-03-16,4533,4720,4740,4655,4720,33058
2015-03-17,4461,4645,4900,4525,4720,69093
2015-03-18,4466,4650,4660,4520,4645,78651
2015-03-19,4418,4600,4675,4440,4670,111035
2015-03-20,4394,4575,4635,4505,4520,23058
2015-03-23,4322,4500,4575,4395,4535,111160
2015-03-24,4278,4455,4520,4435,4505,39393
2015-03-25,4192,4365,4460,4325,4460,100638
2015-03-26,4187,4360,4400,4270,4330,61621
2015-03-27,4264,4440,4480,4360,4375,66240
2015-03-30,4254,4430,4480,4375,4410,39398
2015-03-31,4221,4395,4480,4390,4435,36394
2015-04-01,4168,4340,4430,4300,4395,51274
2015-04-02,4110,4280,4345,4270,4300,61086
2015-04-03,4206,4380,4400,4230,4260,56157
2015-04-06,4264,4440,4500,4365,4365,41197
2015-04-07,4216,4390,4480,4365,4480,58536
2015-04-08,4158,4330,4400,4285,4365,46591
2015-04-09,4125,4295,4330,4235,4300,82422
2015-04-10,4254,4430,4435,4235,4320,233966
2015-04-13,4336,4515,4540,4400,4500,132995
2015-04-14,4336,4515,4515,4400,4490,162166
2015-04-15,4437,4620,4625,4500,4580,197600
2015-04-16,4418,4600,4660,4540,4660,75011
2015-04-17,4355,4535,4640,4510,4640,77190
2015-04-20,4317,4495,4530,4445,4520,60613
2015-04-21,4317,4495,4565,4450,4495,56001
2015-04-22,4283,4460,4570,4235,4495,101492
2015-04-23,4394,4575,4775,4500,4500,222113
2015-04-24,4389,4570,4620,4455,4575,71916
2015-04-27,4341,4520,4615,4510,4570,53860
2015-04-28,4245,4420,4550,4420,4520,88029
2015-04-29,4225,4400,4465,4375,4400,41771
2015-04-30,4221,4395,4425,4300,4400,33673
2015-05-04,4206,4380,4395,4285,4395,32613
2015-05-06,4096,4265,4380,4150,4380,146315
2015-05-07,4101,4270,4270,4165,4265,94109
2015-05-08,4129,4300,4350,4205,4270,39356
2015-05-11,4129,4300,4335,4240,4250,37836
2015-05-12,4029,4195,4320,4190,4300,68333
2015-05-13,4072,4240,4300,4155,4155,55625
2015-05-14,4077,4245,4260,4185,4240,17930
2015-05-15,4077,4245,4275,4200,4210,25011
2015-05-18,3947,4110,4285,4100,4285,85637
2015-05-19,3880,4040,4155,3980,4100,54899
2015-05-20,3875,4035,4080,3955,4045,42646
2015-05-21,3909,4070,4090,3975,4035,19547
2015-05-22,3885,4045,4070,4005,4005,28067
2015-05-26,3832,3990,4065,3965,4045,15298
2015-05-27,3798,3955,3990,3900,3970,45606
2015-05-28,3726,3880,3955,3825,3955,61992
2015-05-29,3664,3815,3925,3755,3880,71375
2015-06-01,3606,3755,3820,3750,3770,30231
2015-06-02,3515,3660,3795,3655,3780,45137
2015-06-03,3486,3630,3765,3580,3640,28597
2015-06-04,3548,3695,3810,3630,3630,168759
2015-06-05,3534,3680,3735,3580,3695,172865
2015-06-08,3534,3680,3720,3650,3705,35796
2015-06-09,3529,3675,3715,3610,3715,28980
2015-06-10,3419,3560,3715,3550,3655,96174
2015-06-11,3375,3515,3600,3515,3570,44808
2015-06-12,3356,3495,3600,3450,3520,66854
2015-06-15,3327,3465,3525,3425,3455,106044
2015-06-16,3222,3355,3485,3300,3465,89490
2015-06-17,3212,3345,3395,3335,3355,46883
2015-06-18,3275,3410,3475,3345,3345,51428
2015-06-19,3303,3440,3515,3410,3410,52223
2015-06-22,3323,3460,3515,3440,3440,49564
2015-06-23,3409,3550,3550,3455,3495,104002
2015-06-24,3375,3515,3590,3485,3590,42069
2015-06-25,3342,3480,3570,3475,3570,43092
2015-06-26,3356,3495,3530,3450,3485,30520
2015-06-29,3260,3395,3450,3345,3450,66218
2015-06-30,3227,3360,3390,3310,3320,68631
2015-07-01,3203,3335,3360,3280,3325,59351
2015-07-02,3308,3445,3445,3310,3335,111457
2015-07-03,3270,3405,3525,3385,3450,67351
2015-07-06,3183,3315,3390,3305,3390,59428
2015-07-07,3169,3300,3370,3270,3315,74641
2015-07-08,3169,3300,3380,3290,3300,37644
2015-07-09,3159,3290,3335,3200,3290,95395
2015-07-10,3198,3330,3355,3270,3290,24109
2015-07-13,3323,3460,3505,3345,3345,60654
2015-07-14,3313,3450,3565,3400,3500,58361
2015-07-15,3337,3475,3500,3415,3450,39625
2015-07-16,3409,3550,3560,3430,3475,62772
2015-07-17,3448,3590,3640,3505,3505,91815
2015-07-20,3438,3580,3615,3515,3615,42389
2015-07-21,3390,3530,3615,3520,3615,33670
2015-07-22,3361,3500,3545,3445,3530,36617
2015-07-23,3419,3560,3595,3480,3500,56410
2015-07-24,3361,3500,3580,3480,3535,23302
2015-07-27,3371,3510,3530,3440,3530,51715
2015-07-28,3332,3470,3540,3390,3455,56643
2015-07-29,3207,3340,3490,3335,3490,97835
2015-07-30,3150,3280,3390,3270,3375,62886
2015-07-31,3164,3295,3300,3170,3280,100990
2015-08-03,3265,3400,3450,3255,3295,71023
2015-08-04,3366,3505,3510,3400,3400,65899
2015-08-05,3467,3610,3960,3455,3460,418629
2015-08-06,3544,3690,3760,3650,3760,149497
2015-08-07,3510,3655,3825,3635,3740,87248
2015-08-10,3457,3600,3695,3545,3670,39155
2015-08-11,3462,3605,3660,3570,3655,53484
2015-08-12,3462,3605,3605,3460,3560,62086
2015-08-13,3428,3570,3620,3540,3610,73796
2015-08-14,3428,3570,3570,3570,3570,0
2015-08-17,3496,3640,3675,3580,3605,77243
2015-08-18,3496,3640,3740,3560,3635,75845
2015-08-19,3337,3475,3660,3465,3620,82317
2015-08-20,3342,3480,3590,3380,3450,43746
2015-08-21,3116,3245,3390,3095,3365,228006
2015-08-24,3121,3250,3350,3050,3050,110851
2015-08-25,3150,3280,3330,3210,3210,50606
2015-08-26,3342,3480,3550,3300,3310,174644
2015-08-27,3390,3530,3580,3490,3490,75702
2015-08-28,3385,3525,3570,3500,3535,49085
2015-08-31,3423,3565,3580,3450,3530,23939
2015-09-01,3510,3655,3685,3515,3565,59320
2015-09-02,3524,3670,3695,3585,3605,27104
2015-09-03,3476,3620,3730,3565,3690,71941
2015-09-04,3385,3525,3630,3420,3620,91802
2015-09-07,3409,3550,3585,3465,3525,30989
2015-09-08,3380,3520,3580,3460,3510,38818
2015-09-09,3472,3615,3620,3520,3590,34504
2015-09-10,3529,3675,3675,3550,3580,50392
2015-09-11,3592,3740,3815,3675,3695,81903
2015-09-14,3568,3715,3775,3690,3740,71870
2015-09-15,3620,3770,3815,3680,3680,45934
2015-09-16,3640,3790,3850,3750,3810,50360
2015-09-17,3678,3830,3840,3790,3790,42223
2015-09-18,3716,3870,3910,3800,3800,42126
2015-09-21,3659,3810,3850,3790,3830,52460
2015-09-22,3836,3995,4015,3810,3860,139370
2015-09-23,3861,4020,4050,3950,3995,45506
2015-09-24,3822,3980,4020,3930,4015,18301
2015-09-25,3851,4010,4010,3890,3950,41857
2015-09-30,3861,4020,4035,3890,3950,74496
2015-10-01,3856,4015,4035,3920,4025,17715
2015-10-02,3841,4000,4020,3955,3970,23166
2015-10-05,3827,3985,4005,3925,4000,32771
2015-10-06,3841,4000,4055,3945,3955,67494
2015-10-07,3841,4000,4025,3965,3965,36805
2015-10-08,3937,4100,4175,4000,4000,59422
2015-10-12,3961,4125,4190,4095,4100,64697
2015-10-13,3928,4090,4150,4025,4125,34809
2015-10-14,3865,4025,4100,3960,4100,28913
2015-10-15,3793,3950,4020,3935,4020,40683
2015-10-16,3774,3930,3990,3850,3950,44406
2015-10-19,3779,3935,3985,3850,3930,22829
2015-10-20,3712,3865,3945,3820,3935,46292
2015-10-21,3649,3800,3890,3755,3890,63714
2015-10-22,3649,3800,3885,3740,3885,62206
2015-10-23,3572,3720,3830,3650,3825,84297
2015-10-26,3496,3640,3720,3640,3720,61971
2015-10-27,3596,3745,3790,3615,3615,45233
2015-10-28,3577,3725,3775,3685,3775,23655
2015-10-29,3568,3715,3755,3615,3725,40938
2015-10-30,3529,3675,3745,3645,3670,42698
2015-11-02,3529,3675,3675,3600,3675,34149
2015-11-03,3582,3730,3750,3670,3675,29909
2015-11-04,3668,3820,3830,3705,3770,69526
2015-11-05,3702,3855,3890,3750,3840,46782
2015-11-06,3702,3855,3875,3785,3855,44092
2015-11-09,3726,3880,4170,3515,3650,429394
2015-11-10,3760,3915,3990,3760,3870,115578
2015-11-11,3760,3915,3975,3810,3835,59547
2015-11-12,3808,3965,3970,3845,3930,40745
2015-11-13,3764,3920,3975,3750,3880,64339
2015-11-16,3563,3710,3885,3650,3785,133282
2015-11-17,3496,3640,3790,3600,3710,61791
2015-11-18,3404,3545,3650,3475,3640,164753
2015-11-19,3568,3715,3720,3485,3545,169185
2015-11-20,4221,4395,4710,3715,3755,1126853
2015-11-23,4590,4780,5300,4290,4440,1312520
2015-11-24,4634,4825,4830,4600,4690,271824
2015-11-25,4648,4840,4890,4620,4825,297951
2015-11-26,4610,4800,5350,4680,4905,660722
2015-11-27,4470,4655,4850,4580,4825,159712
2015-11-30,4360,4540,4655,4470,4555,145100
2015-12-01,4480,4665,4780,4515,4545,274105
2015-12-02,4466,4650,4700,4550,4700,121838
2015-12-03,4446,4630,4785,4555,4665,184547
2015-12-04,4542,4730,4755,4545,4580,105047
2015-12-07,4595,4785,4835,4660,4735,120186
2015-12-08,4379,4560,4785,4560,4785,142690
2015-12-09,4403,4585,4650,4445,4530,71804
2015-12-10,4245,4420,4585,4390,4550,116925
2015-12-11,4139,4310,4540,4310,4465,72351
2015-12-14,4158,4330,4340,4165,4245,127113
2015-12-15,4206,4380,4420,4220,4330,48050
2015-12-16,4235,4410,4535,4325,4330,52831
2015-12-17,4206,4380,4490,4305,4405,59511
2015-12-18,4341,4520,4600,4265,4350,94777
2015-12-21,4437,4620,4650,4430,4570,74258
2015-12-22,4365,4545,4690,4510,4650,71371
2015-12-23,4792,4990,5010,4530,4545,385561
2015-12-24,4725,4920,5090,4860,5040,230076
2015-12-28,4802,5000,5020,4770,4920,157662
2015-12-29,4777,4925,5070,4870,5070,88542
2015-12-30,4777,4925,5150,4915,4930,134176
2016-01-04,4627,4770,5020,4675,4925,102970
2016-01-05,4744,4890,4890,4630,4700,103671
2016-01-06,4559,4700,4880,4670,4880,124706
2016-01-07,4850,5000,5020,4650,4740,161799
2016-01-08,4899,5050,5100,4770,4930,128038
2016-01-11,5005,5160,5220,4970,5010,216475
2016-01-12,4821,4970,5280,4895,5180,207613
2016-01-13,4850,5000,5050,4865,4980,120875
2016-01-14,5025,5180,5300,4880,4960,431521
2016-01-15,4908,5060,5460,5000,5220,344152
2016-01-18,4831,4980,5120,4905,4950,140648
2016-01-19,4889,5040,5040,4880,5040,129285
2016-01-20,4710,4855,5100,4785,5040,180585
2016-01-21,4782,4930,5020,4795,4895,90203
2016-01-22,5044,5200,5200,4920,4980,181626
2016-01-25,5054,5210,5350,5190,5350,110275
2016-01-26,5054,5210,5230,5120,5220,68251
2016-01-27,5064,5220,5320,5060,5300,110419
2016-01-28,5122,5280,5290,5150,5250,71676
2016-01-29,5209,5370,5370,5200,5260,121382
2016-02-01,5355,5520,5520,5310,5370,174441
2016-02-02,6160,6350,6850,5650,5650,5011365
2016-02-03,5985,6170,6390,6020,6360,916327
2016-02-04,5917,6100,6210,5950,6210,481939
2016-02-05,5762,5940,6160,5830,6100,441908
2016-02-11,5452,5620,5940,5610,5940,344941
2016-02-12,5267,5430,5680,5230,5600,408338
2016-02-15,5394,5560,5610,5300,5460,311939
2016-02-16,5442,5610,5640,5540,5600,193190
2016-02-17,5714,5890,5950,5480,5580,714751
2016-02-18,5898,6080,6170,5860,5960,476272
2016-02-19,6034,6220,6280,5890,5990,396760
2016-02-22,6024,6210,6300,6120,6250,191173
2016-02-23,5762,5940,6250,5800,6250,283358
2016-02-24,5908,6090,6100,5850,5890,130610
2016-02-25,5966,6150,6380,6020,6150,354071
2016-02-26,6014,6200,6320,6150,6200,222101
2016-02-29,5908,6090,6280,6060,6200,236400
2016-03-02,6267,6460,6500,6090,6090,528192
2016-03-03,6044,6230,6680,6200,6570,614313
2016-03-04,5908,6090,6240,6060,6240,293979
2016-03-07,5432,5600,6120,5550,6120,638636
2016-03-08,5481,5650,5740,5510,5630,253734
2016-03-09,5432,5600,5680,5550,5600,111720
2016-03-10,5539,5710,5780,5580,5630,246808
2016-03-11,5617,5790,5860,5640,5680,322135
2016-03-14,5452,5620,5860,5620,5850,139846
2016-03-15,5403,5570,5710,5530,5640,133436
2016-03-16,5432,5600,5770,5540,5640,82739
2016-03-17,5306,5470,5640,5390,5600,174063
2016-03-18,5568,5740,5810,5550,5570,287776
2016-03-21,5558,5730,5750,5640,5750,129246
2016-03-22,5452,5620,5750,5610,5750,71959
2016-03-23,5403,5570,5690,5510,5610,108795
2016-03-24,5267,5430,5570,5340,5570,251520
2016-03-25,5374,5540,6020,5540,5900,882822
2016-03-28,5141,5300,5540,5250,5510,218757
2016-03-29,5258,5420,5500,5270,5370,167366
2016-03-30,5219,5380,5450,5350,5420,92178
2016-03-31,5190,5350,5450,5210,5380,125000
2016-04-01,5141,5300,5410,5280,5380,103270
2016-04-04,5238,5400,5400,5240,5300,90638
2016-04-05,5200,5360,5430,5300,5400,57417
2016-04-06,5355,5520,5640,5330,5360,239649
2016-04-07,5481,5650,5710,5520,5550,195229
2016-04-08,5481,5650,5710,5570,5570,94340
2016-04-11,5452,5620,5760,5620,5760,66810
2016-04-12,5510,5680,5700,5500,5580,79390
2016-04-14,5626,5800,5820,5670,5680,114031
2016-04-15,5432,5600,5830,5530,5820,149957
2016-04-18,5491,5660,5670,5570,5600,45124
2016-04-19,5384,5550,5730,5550,5730,80385
2016-04-20,5432,5600,5700,5540,5570,99614
2016-04-21,5355,5520,5700,5500,5610,99533
2016-04-22,5432,5600,5600,5500,5500,53136
2016-04-25,5384,5550,5630,5500,5630,42966
2016-04-26,5355,5520,5550,5430,5550,64311
2016-04-27,5316,5480,5530,5420,5520,65007
2016-04-28,5568,5740,5800,5430,5520,270907
2016-04-29,5452,5620,5740,5540,5740,87021
2016-05-02,5200,5360,5570,5240,5570,120579
2016-05-03,5180,5340,5450,5310,5370,52632
2016-05-04,5093,5250,5420,5250,5340,61849
2016-05-09,4899,5050,5340,5050,5250,89791
2016-05-10,4947,5100,5110,4945,5050,82727
2016-05-11,5112,5270,5450,5040,5130,225495
2016-05-12,4899,5050,5330,5040,5150,165372
2016-05-13,4967,5120,5160,5020,5030,77342
2016-05-16,4836,4985,5120,4940,5080,159015
2016-05-17,4739,4885,5040,4880,5010,117250
2016-05-18,4545,4685,4925,4600,4875,164869
2016-05-19,4588,4730,4765,4690,4690,50317
2016-05-20,4661,4805,4815,4660,4660,32541
2016-05-23,4739,4885,4920,4765,4805,39844
2016-05-24,4705,4850,4900,4760,4870,26093
2016-05-25,4831,4980,4980,4740,4820,95046
2016-05-26,4821,4970,4980,4860,4980,37934
2016-05-27,5015,5170,5210,4885,4965,151353
2016-05-30,5015,5170,5210,4920,5160,78517
2016-05-31,5064,5220,5250,5110,5170,69616
2016-06-01,5122,5280,5320,5150,5260,125533
2016-06-02,5073,5230,5250,5130,5240,49940
2016-06-03,5190,5350,5460,5150,5270,158135
2016-06-07,5297,5460,5880,5160,5350,359803
2016-06-08,5229,5390,5540,5260,5480,131541
2016-06-09,5102,5260,5450,5260,5390,80767
2016-06-10,5102,5260,5330,5200,5330,59005
2016-06-13,5054,5210,5240,5170,5210,25996
2016-06-14,5122,5280,5280,5150,5150,70952
2016-06-15,5141,5300,5400,5160,5320,80551
2016-06-16,5005,5160,5360,5050,5300,52279
2016-06-17,5025,5180,5260,5050,5200,75620
2016-06-20,5025,5180,5220,5130,5160,15983
2016-06-21,5035,5190,5240,5140,5140,29631
2016-06-22,5054,5210,5260,5190,5250,22341
2016-06-23,4996,5150,5240,5090,5240,37736
2016-06-24,4753,4900,5280,4800,5280,122028
2016-06-27,4656,4800,4890,4660,4800,68370
2016-06-28,4714,4860,4875,4720,4720,71473
2016-06-29,4918,5070,5080,4880,4880,43790
2016-06-30,4850,5000,5160,4935,5090,121534
2016-07-01,4976,5130,5130,5000,5020,76591
2016-07-04,4908,5060,5150,5030,5110,42156
2016-07-05,5025,5180,5200,5030,5030,66733
2016-07-06,4986,5140,5150,5050,5060,53415
2016-07-07,5170,5330,5330,5180,5200,99507
2016-07-08,5219,5380,5430,5280,5330,77339
2016-07-11,5287,5450,5450,5310,5320,81754
2016-07-12,5287,5450,5500,5360,5490,74815
2016-07-13,5287,5450,5540,5400,5540,55037
2016-07-14,5452,5620,5630,5410,5420,115096
2016-07-15,5452,5620,5670,5550,5670,65212
2016-07-18,5471,5640,5670,5580,5620,98898
2016-07-19,5471,5640,5670,5610,5670,40579
2016-07-20,5626,5800,5830,5590,5640,201328
2016-07-21,5704,5880,6000,5710,5840,343124
2016-07-22,5762,5940,5950,5760,5800,92853
2016-07-25,5723,5900,6000,5810,5940,92066
2016-07-26,5646,5820,5900,5780,5900,60576
2016-07-27,5685,5860,6140,5860,5870,269358
2016-07-28,6296,6490,6540,5990,6010,1401744
2016-07-29,6393,6590,6630,6380,6520,599556
2016-08-01,6529,6730,7110,6530,6660,1328158
2016-08-02,6645,6850,6940,6470,6680,647331
2016-08-03,6907,7120,7400,6720,6860,1290479
2016-08-04,7014,7230,7360,7080,7220,673733
2016-08-05,6975,7190,7260,7020,7210,441139
2016-08-08,6635,6840,7200,6780,7160,603975
2016-08-09,7431,7660,7990,6750,6870,1916210
2016-08-10,7344,7570,7790,7240,7660,772992
2016-08-11,6199,6390,6880,6240,6600,7167340
2016-08-12,6296,6490,6710,6370,6480,1646321
2016-08-16,5694,5870,6560,5780,6490,1429362
2016-08-17,5888,6070,6140,5710,5880,1031744
2016-08-18,6111,6300,6380,6050,6050,567624
2016-08-19,6053,6240,6340,6100,6300,417734
2016-08-22,6034,6220,6450,6210,6240,370528
2016-08-23,6228,6420,6510,6240,6250,390164
2016-08-24,6228,6420,6530,6380,6400,348375
2016-08-25,6500,6700,6780,6450,6480,1065260
2016-08-26,6509,6710,6710,6490,6660,300061
2016-08-29,6296,6490,6750,6440,6710,331455
2016-08-30,6257,6450,6620,6210,6500,364750
2016-08-31,5917,6100,6470,5870,6470,554821
2016-09-01,6179,6370,6450,6040,6100,329682
2016-09-02,6247,6440,6520,6290,6410,252159
2016-09-05,6160,6350,6490,6240,6440,196303
2016-09-06,6218,6410,6460,6260,6430,241491
2016-09-07,5966,6150,6420,6070,6420,344497
2016-09-08,5888,6070,6250,5990,6200,301881
2016-09-09,5762,5940,6130,5900,6050,276884
2016-09-12,5500,5670,5870,5630,5800,262460
2016-09-13,5655,5830,5870,5690,5700,284233
2016-09-19,5966,6150,6190,5830,5830,238943
2016-09-20,5850,6030,6160,5980,6160,128652
2016-09-21,5888,6070,6080,5920,5930,147255
2016-09-22,6034,6220,6220,6080,6110,284860
2016-09-23,6034,6220,6280,6060,6270,205081
2016-09-26,5917,6100,6280,6090,6200,159407
2016-09-27,5976,6160,6220,6050,6130,111971
2016-09-28,6179,6370,6440,6200,6250,413525
2016-09-29,6354,6550,6720,6410,6420,546980
2016-09-30,6354,6550,6570,6340,6460,168299
2016-10-04,6267,6460,6600,6400,6550,164278
2016-10-05,5917,6100,6450,6090,6390,320831
2016-10-06,5927,6110,6190,6060,6140,135426
2016-10-07,5791,5970,6150,5910,6080,222233
2016-10-10,5859,6040,6180,5970,5970,269181
2016-10-11,5927,6110,6200,6000,6000,189195
2016-10-12,5888,6070,6150,6010,6060,118522
2016-10-13,5869,6050,6250,5950,6120,387969
2016-10-14,5966,6150,6150,5960,6130,107081
2016-10-17,5820,6000,6140,5950,6100,215660
2016-10-18,5762,5940,5990,5790,5930,150515
2016-10-19,5723,5900,6090,5900,5950,73623
2016-10-20,5655,5830,5960,5770,5920,108453
2016-10-21,5646,5820,5860,5750,5830,70077
2016-10-24,5636,5810,5850,5660,5800,71559
2016-10-25,5723,5900,5900,5580,5740,130350
2016-10-26,5752,5930,6030,5780,5860,116458
2016-10-27,5850,6030,6060,5910,5960,116698
2016-10-28,5801,5980,6060,5930,6000,79142
2016-10-31,5820,6000,6100,5900,6030,178541
2016-11-01,5801,5980,6040,5910,5910,71967
2016-11-02,5529,5700,5960,5650,5910,131695
2016-11-03,5626,5800,5840,5550,5550,75366
2016-11-04,5646,5820,5840,5670,5800,45319
2016-11-07,5694,5870,5910,5790,5900,72830
2016-11-08,5617,5790,5920,5690,5910,129118
2016-11-09,5180,5340,5800,5010,5790,316026
2016-11-10,5364,5530,5620,5430,5430,126737
2016-11-11,5549,5720,5750,5450,5500,76630
2016-11-14,5520,5690,5760,5600,5720,50947
2016-11-15,5520,5690,5720,5600,5690,44087
2016-11-16,5743,5920,5960,5680,5730,161902
2016-11-17,5743,5920,5970,5830,5970,47168
2016-11-18,5752,5930,5950,5840,5880,45694
2016-11-21,5704,5880,5940,5750,5900,42534
2016-11-22,5617,5790,5960,5710,5920,79430
2016-11-23,5539,5710,5840,5560,5820,70978
2016-11-24,5529,5700,5800,5550,5710,81274
2016-11-25,5578,5750,5780,5610,5610,42713
2016-11-28,5461,5630,5750,5550,5750,67320
2016-11-29,5461,5630,5630,5470,5470,115675
2016-11-30,5432,5600,5660,5530,5650,47109
2016-12-01,5539,5710,5710,5510,5540,67302
2016-12-02,5432,5600,5730,5560,5700,75768
2016-12-05,5297,5460,5610,5420,5570,68163
2016-12-06,5277,5440,5500,5380,5410,76259
2016-12-07,5384,5550,5590,5410,5460,82439
2016-12-08,5432,5600,5600,5500,5590,52234
2016-12-09,5471,5640,5680,5560,5630,38852
2016-12-12,5500,5670,5700,5600,5690,149200
2016-12-13,5597,5770,5790,5620,5680,115965
2016-12-14,5772,5950,5950,5750,5800,249086
2016-12-15,6199,6390,6390,5870,5870,539623
2016-12-16,6189,6380,6490,6320,6430,223410
2016-12-19,6208,6400,6510,6350,6420,174317
2016-12-20,6044,6230,6450,6230,6450,171356
2016-12-21,6247,6440,6450,6120,6230,245016
2016-12-22,6247,6440,6540,6370,6470,153357
2016-12-23,6286,6480,6520,6370,6400,110693
2016-12-26,6422,6620,6680,6480,6520,263106
2016-12-27,6500,6700,6870,6610,6650,338414
2016-12-28,6590,6590,6660,6460,6590,170272
2016-12-29,6610,6610,6720,6490,6630,154535
2017-01-02,6600,6600,6650,6510,6610,129901
2017-01-03,6680,6680,6790,6610,6610,191739
2017-01-04,6600,6600,6740,6510,6700,126592
2017-01-05,6490,6490,6590,6390,6590,187106
2017-01-06,6420,6420,6540,6380,6440,141990
2017-01-09,6240,6240,6480,6200,6440,257259
2017-01-10,6200,6200,6300,6150,6200,164372
2017-01-11,6270,6270,6300,6150,6200,205516
2017-01-12,6280,6280,6330,6210,6320,97670
2017-01-13,6100,6100,6300,6070,6280,187955
2017-01-16,5900,5900,6150,5840,6100,193534
2017-01-17,5950,5950,6030,5870,5870,100510
2017-01-18,6160,6160,6160,5900,5950,157343
2017-01-19,6120,6120,6190,5990,6180,114069
2017-01-20,6090,6090,6160,6030,6060,75851
2017-01-23,6040,6040,6140,6000,6140,83679
2017-01-24,5890,5890,6080,5850,6010,119481
2017-01-25,6150,6150,6170,5890,5910,164629
2017-01-26,7320,7320,7690,6130,6150,7082213
2017-01-31,7470,7470,7550,7150,7320,1156614
2017-02-01,7590,7590,7650,7350,7400,619564
2017-02-02,8140,8140,8800,7310,7450,3790078
2017-02-03,8270,8270,8510,8100,8100,808803
2017-02-06,8510,8510,9040,8100,8300,1025635
2017-02-07,8280,8280,8660,8170,8560,360077
2017-02-08,8490,8490,8500,8200,8280,246256
2017-02-09,8890,8890,9000,8440,8500,1007019
2017-02-10,8950,8950,9190,8720,8890,490478
2017-02-13,8720,8720,9080,8630,9080,338107
2017-02-14,8420,8420,8680,8230,8680,769801
2017-02-15,8430,8430,8510,8300,8350,314831
2017-02-16,8230,8230,8500,8140,8460,317535
2017-02-17,8500,8500,8640,8160,8340,492176
2017-02-20,8690,8690,8730,8460,8500,273881
2017-02-21,8260,8260,8800,8260,8690,445675
2017-02-22,8200,8200,8360,8030,8360,356565
2017-02-23,7950,7950,8190,7810,8190,350585
2017-02-24,8090,8090,8150,7720,7850,329441
2017-02-27,8390,8390,8530,7920,8120,421254
2017-02-28,8260,8260,8460,8070,8390,207657
2017-03-02,8110,8110,8270,7990,8260,109739
2017-03-03,7900,7900,8090,7680,8090,242115
2017-03-06,8120,8120,8170,7700,7780,200672
2017-03-07,8150,8150,8150,7960,8150,110927
2017-03-08,8040,8040,8200,7970,8150,70148
2017-03-09,7960,7960,8100,7890,7980,97423
2017-03-10,8080,8080,8150,7830,7900,174237
2017-03-13,7990,7990,8190,7950,8140,101871
2017-03-14,7740,7740,7990,7630,7990,299422
2017-03-15,7590,7590,7800,7470,7740,213346
2017-03-16,7900,7900,7900,7560,7600,256778
2017-03-17,7660,7660,7880,7530,7880,228721
2017-03-20,7430,7430,7660,7290,7660,313044
2017-03-21,7230,7230,7520,7090,7490,396334
2017-03-22,7700,7700,7730,7120,7180,641046
2017-03-23,7760,7760,7940,7680,7740,278358
2017-03-24,8020,8020,8060,7660,7760,195759
2017-03-27,7990,7990,8170,7920,8080,178624
2017-03-28,7920,7920,8060,7740,7960,173686
2017-03-29,7640,7640,7920,7550,7920,366710
2017-03-30,7510,7510,7750,7320,7600,342889
2017-03-31,7450,7450,7600,7300,7450,231167
2017-04-03,7210,7210,7510,7080,7490,422280
2017-04-04,7300,7300,7520,7150,7210,442289
2017-04-05,7400,7400,7570,7320,7320,348395
2017-04-06,7500,7500,7530,7340,7500,162796
2017-04-07,7870,7870,7930,7500,7530,582864
2017-04-10,7790,7790,8060,7520,7970,344448
2017-04-11,7950,7950,8020,7660,7830,321437
2017-04-12,7610,7610,7930,7330,7930,946660
2017-04-13,7400,7400,7600,7250,7600,528778
2017-04-14,7180,7180,7390,7030,7310,442596
2017-04-17,7420,7420,7460,7160,7170,384254
2017-04-18,7730,7730,7760,7410,7500,465682
2017-04-19,7850,7850,7900,7510,7780,508112
2017-04-20,7670,7670,7840,7620,7820,252108
2017-04-21,6700,6700,7560,6700,7390,1131564
2017-04-24,6140,6140,6610,6070,6540,1904753
2017-04-25,6300,6300,6310,6080,6160,481814
2017-04-26,6230,6230,6310,6160,6300,362486
2017-04-27,6210,6210,6220,6110,6220,216150
2017-04-28,6240,6240,6300,6100,6230,169084
2017-05-02,6200,6200,6240,6120,6240,197862
2017-05-04,6400,6400,6450,6190,6200,272508
2017-05-08,6300,6300,6450,6270,6400,215164
2017-05-10,6350,6350,6460,6300,6330,163698
2017-05-11,6400,6400,6530,6340,6380,302263
2017-05-12,6460,6460,6560,6370,6430,206774
2017-05-15,6480,6480,6490,6380,6450,145297
2017-05-16,6390,6390,6500,6320,6500,295624
2017-05-17,6420,6420,6480,6340,6390,161501
2017-05-18,6430,6430,6490,6270,6380,250475
2017-05-19,6520,6520,6570,6390,6430,191443
2017-05-22,6470,6470,6580,6440,6560,125156
2017-05-23,6450,6450,6520,6430,6500,164634
2017-05-24,6450,6450,6500,6370,6460,137200
2017-05-25,6390,6390,6480,6380,6460,162282
2017-05-26,6760,6760,6930,6410,6430,745432
2017-05-29,6560,6560,6770,6550,6770,298396
2017-05-30,6850,6850,6980,6580,6600,724292
2017-05-31,6840,6840,6950,6770,6930,271660
2017-06-01,6880,6880,6880,6710,6820,201446
2017-06-02,7000,7000,7110,6830,6940,499690
2017-06-05,7060,7060,7170,6920,6990,328239
2017-06-07,7150,7150,7190,6910,7060,402009
2017-06-08,7160,7160,7210,7060,7150,268983
2017-06-09,7080,7080,7200,6970,7200,392067
2017-06-12,7040,7040,7050,6950,6990,198669
2017-06-13,7340,7340,7410,7010,7010,641608
2017-06-14,7400,7400,7600,7260,7450,594174
2017-06-15,7220,7220,7440,7210,7430,207720
2017-06-16,7160,7160,7330,7130,7150,158215
2017-06-19,7380,7380,7410,7130,7140,355671
2017-06-20,7130,7130,7450,7130,7350,249075
2017-06-21,7140,7140,7260,6820,7140,192935
2017-06-22,7010,7010,7200,7000,7120,209336
2017-06-23,7030,7030,7090,6940,7020,106054
2017-06-26,6880,6880,7030,6860,6990,190268
2017-06-27,6950,6950,7020,6850,6860,127289
2017-06-28,7170,7170,7220,6850,6880,294286
2017-06-29,7200,7200,7210,7070,7210,155236
2017-06-30,7120,7120,7190,7060,7150,68607
2017-07-03,6840,6840,7120,6800,7120,210913
2017-07-04,7180,7180,7240,6850,6850,509591
2017-07-05,7230,7230,7300,7150,7190,284312
2017-07-06,7230,7230,7300,7140,7250,119638
2017-07-07,7200,7200,7400,7140,7170,254919
2017-07-10,7660,7660,7690,7250,7330,805035
2017-07-11,7620,7620,7760,7540,7710,318090
2017-07-12,7660,7660,7690,7510,7690,174412
2017-07-13,7660,7660,7890,7650,7690,256880
2017-07-14,7670,7670,7800,7410,7650,178835
2017-07-17,7590,7590,7730,7460,7730,131605
2017-07-18,7430,7430,7650,7370,7600,224587
2017-07-19,7490,7490,7620,7370,7450,147483
2017-07-20,7690,7690,7690,7310,7490,306910
2017-07-21,8000,8000,8000,7670,7790,566262
2017-07-24,8120,8120,8220,7670,7710,840351
2017-07-25,7550,7550,8230,7520,8230,946256
2017-07-26,7810,7810,7900,7530,7800,653231
2017-07-27,7710,7710,7990,7600,7840,297253
2017-07-28,7580,7580,7800,7450,7800,237063
2017-07-31,7500,7500,7600,7360,7500,205957
2017-08-01,7450,7450,7510,7300,7460,84109
2017-08-02,7450,7450,7520,7390,7390,56608
2017-08-03,7290,7290,7400,7140,7400,201476
2017-08-04,7180,7180,7350,7080,7350,104942
2017-08-07,7180,7180,7320,7150,7150,54101
2017-08-08,7180,7180,7330,7080,7330,99427
2017-08-09,7000,7000,7200,6880,7180,160349
2017-08-10,7200,7200,7210,6890,6980,132990
2017-08-11,7120,7120,7160,6950,7120,59534
2017-08-14,7150,7150,7150,7000,7140,67851
2017-08-16,7120,7120,7200,7020,7150,51033
2017-08-17,7180,7180,7200,7050,7120,55425
2017-08-18,7160,7160,7160,7060,7120,33417
2017-08-21,7290,7290,7310,7050,7220,107544
2017-08-22,7350,7350,7470,7270,7290,75979
2017-08-23,7430,7430,7470,7330,7350,67054
2017-08-24,7580,7580,7700,7430,7470,131493
2017-08-25,7530,7530,7670,7450,7580,63266
2017-08-28,7480,7480,7640,7420,7530,65822
2017-08-29,7530,7530,7560,7380,7550,55652
2017-08-30,7540,7540,7560,7470,7530,60513
2017-08-31,7720,7720,7750,7510,7540,104373
2017-09-01,7640,7640,7720,7500,7720,119941
2017-09-04,7410,7410,7520,7370,7400,97708
2017-09-05,7460,7460,7520,7250,7520,63453
2017-09-06,7590,7590,7670,7410,7460,125201
2017-09-07,7750,7750,7830,7660,7690,255003
2017-09-08,7650,7650,7760,7530,7760,121774
2017-09-11,7630,7630,7750,7510,7660,88850
2017-09-12,7600,7600,7690,7500,7690,117075
2017-09-13,7460,7460,7630,7410,7600,108293
2017-09-14,7550,7550,7610,7400,7400,78479
2017-09-15,7490,7490,7600,7430,7550,42522
2017-09-18,7520,7520,7520,7390,7480,106520
2017-09-19,7410,7410,7520,7270,7520,120573
2017-09-20,7110,7110,7410,7110,7410,216721
2017-09-21,6750,6750,7110,6750,7110,364521
2017-09-25,6480,6480,6810,6440,6810,305318
2017-09-26,6480,6480,6480,6480,6480,0
2017-09-27,6560,6560,6600,6310,6420,85610
2017-09-28,6690,6690,6740,6560,6620,98179
2017-09-29,6620,6620,6740,6580,6700,105493
2017-10-10,6450,6450,6670,6450,6620,94029
2017-10-11,6600,6600,6700,6450,6450,81792
2017-10-12,6700,6700,6810,6600,6620,62678
2017-10-13,6500,6500,6690,6440,6690,94930
2017-10-16,6610,6610,6620,6370,6450,95345
2017-10-17,6530,6530,6640,6470,6640,52801
2017-10-18,6550,6550,6590,6410,6530,52668
2017-10-19,6540,6540,6630,6490,6550,48987
2017-10-20,6610,6610,6620,6530,6550,58233
2017-10-23,6580,6580,6660,6550,6650,52175
2017-10-24,6690,6690,6770,6580,6580,67918
2017-10-25,6830,6830,6920,6740,6800,157099
2017-10-26,6790,6790,6880,6720,6830,78161
2017-10-27,6770,6770,6830,6710,6780,53497
2017-10-30,6870,6870,6880,6770,6880,85141
2017-10-31,6920,6920,6930,6760,6880,78938
2017-11-01,6880,6880,7000,6830,7000,40473
2017-11-02,6880,6880,6940,6830,6880,43441
2017-11-03,6880,6880,6950,6860,6880,39935
2017-11-06,6850,6850,6940,6790,6880,24010
2017-11-07,6830,6830,6920,6790,6820,35171
2017-11-08,6830,6830,6900,6740,6790,42411
2017-11-09,6860,6860,6880,6800,6800,29053
2017-11-10,7230,7230,7290,6800,6860,182104
2017-11-13,7240,7240,7390,7110,7290,105533
2017-11-14,7200,7200,7250,7100,7220,65990
2017-11-15,7210,7210,7230,7050,7200,74794
2017-11-16,7280,7280,7290,7100,7290,48899
2017-11-17,7300,7300,7390,7240,7280,64928
2017-11-20,7300,7300,7350,7200,7350,49836
2017-11-21,7330,7330,7370,7210,7300,91930
2017-11-22,7360,7360,7380,7250,7370,50304
2017-11-23,7340,7340,7380,7230,7360,45458
2017-11-24,7560,7560,7740,7280,7280,330922
2017-11-27,7490,7490,7660,7410,7590,92725
2017-11-28,7300,7300,7540,7230,7470,77643
2017-11-29,7200,7200,7320,7140,7200,834519
2017-11-30,7140,7140,7190,6910,7190,95756
2017-12-01,6880,6880,7210,6870,7140,81986
2017-12-04,6890,6890,7000,6680,6920,147941
2017-12-05,6850,6850,6970,6730,6910,79351
2017-12-06,7320,7320,7360,6860,6860,266560
2017-12-07,7100,7100,7380,6980,7260,131087
2017-12-08,6860,6860,7200,6860,7100,69279
2017-12-11,7040,7040,7040,6850,6860,70293
2017-12-12,7040,7040,7120,7000,7040,41666
2017-12-13,7000,7000,7120,6880,7040,66351
2017-12-14,7010,7010,7100,6890,7100,42378
2017-12-15,6910,6910,7070,6910,6980,55823
2017-12-18,6770,6770,6950,6490,6940,94230
2017-12-19,6720,6720,6800,6600,6790,46789
2017-12-21,6560,6560,6640,6420,6540,116765
2017-12-22,6770,6770,6770,6440,6550,68293
2017-12-26,6920,6920,6950,6700,6700,89944
2017-12-27,6990,6990,7020,6790,6790,49710
2017-12-28,7360,7360,7360,6910,6990,193628
2018-01-02,7540,7540,7640,7450,7540,237283
2018-01-03,7600,7600,7610,7430,7500,123681
2018-01-04,7570,7570,7790,7500,7600,137293
2018-01-05,7810,7810,7840,7570,7570,179897
2018-01-08,7840,7840,8160,7750,7870,388802
2018-01-09,7730,7730,7880,7610,7840,165129
2018-01-10,7610,7610,7740,7280,7710,144714
2018-01-11,7660,7660,7670,7540,7610,109471
2018-01-12,7600,7600,7750,7500,7660,70065
2018-01-15,7320,7320,7620,7290,7620,122895
2018-01-16,7610,7610,7630,7330,7490,182453
2018-01-17,7730,7730,7730,7560,7630,120264
2018-01-18,7700,7700,7820,7630,7770,58724
2018-01-19,7640,7640,7750,7310,7740,86649
2018-01-22,7510,7510,7710,7440,7710,36163
2018-01-23,7530,7530,7630,7350,7630,61769
2018-01-24,7630,7630,7740,7530,7540,96147
2018-01-25,7490,7490,7620,7340,7550,241411
2018-01-26,7690,7690,7690,7430,7490,96574
2018-01-29,8070,8070,8090,7690,7790,244062
2018-01-30,8020,8020,8240,7830,8070,248254
2018-01-31,7820,7820,8000,7750,7860,124492
2018-02-01,7890,7890,7890,7730,7800,127629
2018-02-02,7700,7700,7960,7670,7890,104443
2018-02-05,7390,7390,7580,7390,7560,133862
2018-02-06,7450,7450,7450,7000,7240,223478
2018-02-07,7600,7600,7880,7520,7520,269563
2018-02-08,8030,8030,8050,7560,7600,235860
2018-02-09,8070,8070,8150,7830,7910,161447
2018-02-12,8130,8130,8150,7830,7910,112782
2018-02-13,7990,7990,8130,7830,8130,148096
2018-02-14,8660,8660,8830,8000,8050,788399
2018-02-19,8720,8720,8960,8680,8950,270854
2018-02-20,8990,8990,9120,8570,8720,525816
2018-02-21,8980,8980,9070,8900,8960,120350
2018-02-22,9100,9100,9250,9000,9000,359420
2018-02-23,9090,9090,9200,8950,8980,162335
2018-02-26,8770,8770,9130,8710,9130,282170
2018-02-27,8750,8750,8850,8560,8850,171813
2018-02-28,8870,8870,8980,8560,8650,206656
2018-03-02,8770,8770,9010,8650,8650,108912
2018-03-05,8470,8470,8770,8470,8710,139263
2018-03-06,8700,8700,8780,8420,8560,78763
2018-03-08,8480,8480,8490,8070,8370,201450
2018-03-09,8480,8480,8610,8340,8350,84120
2018-03-12,8490,8490,8600,8400,8480,61650
2018-03-13,8710,8710,8790,8450,8460,94464
2018-03-14,8540,8540,8790,8460,8660,76936
2018-03-15,8440,8440,8590,8090,8590,213154
2018-03-16,8370,8370,8440,8210,8440,60329
2018-03-19,8230,8230,8420,8140,8370,62913
2018-03-20,8400,8400,8480,8090,8230,71974
2018-03-21,8330,8330,8500,8190,8470,117385
2018-03-22,8240,8240,8390,8140,8390,78012
2018-03-23,7800,7800,8230,7580,8150,181917
2018-03-26,7700,7700,7870,7550,7700,218684
2018-03-27,7680,7680,7910,7440,7710,165686
2018-03-28,7690,7690,7700,7500,7660,107305
2018-03-29,8000,8000,8000,7640,7690,93703
2018-03-30,7900,7900,7980,7750,7980,67226
2018-04-02,7760,7760,7890,7540,7890,114813
2018-04-03,7760,7760,7810,7520,7750,93506
2018-04-04,7680,7680,7850,7530,7850,47695
2018-04-05,7870,7870,7910,7670,7690,96892
2018-04-06,7660,7660,7770,7210,7730,403832
2018-04-09,7670,7670,7690,7480,7660,108375
2018-04-10,7800,7800,7800,7630,7680,131165
2018-04-11,7950,7950,7950,7740,7760,78744
2018-04-12,8140,8140,8140,7850,7990,108074
2018-04-13,8070,8070,8180,7970,8100,44313
2018-04-16,8000,8000,8140,7940,8140,29153
2018-04-17,8050,8050,8140,7930,8000,83209
2018-04-18,8100,8100,8130,7950,8080,80361
2018-04-19,8020,8020,8170,7910,8050,76827
2018-04-20,8080,8080,8120,7950,8020,55856
2018-04-23,7920,7920,8090,7880,8000,56202
2018-04-24,7920,7920,8140,7750,7900,86123
2018-04-25,8030,8030,8080,7850,7900,60148
2018-04-26,8140,8140,8160,7900,7950,112500
2018-04-27,8180,8180,8260,8100,8140,115902
2018-04-30,8160,8160,8230,8060,8180,57401
2018-05-02,7890,7890,8100,7810,8100,90089
2018-05-03,7710,7710,7950,7680,7900,62499
2018-05-04,7600,7600,7800,7490,7690,132573
2018-05-08,7590,7590,7690,7500,7600,99931
2018-05-09,7610,7610,7610,7350,7590,100261
2018-05-10,7600,7600,7640,7500,7610,17099
2018-05-11,7700,7700,7700,7510,7600,36212
2018-05-14,7550,7550,7840,7400,7780,74083
2018-05-15,7210,7210,7550,7210,7550,127492
2018-05-16,7370,7370,7370,7210,7350,79727
2018-05-17,7370,7370,7380,7220,7340,75558
2018-05-18,7500,7500,7510,7250,7370,55538
2018-05-21,7600,7600,7670,7410,7560,46757
2018-05-23,7540,7540,7660,7480,7600,31995
2018-05-24,7440,7440,7600,7330,7600,27973
2018-05-25,7590,7590,7600,7300,7390,36707
2018-05-28,7330,7330,7550,7280,7500,99455
2018-05-29,7240,7240,7460,7230,7330,100247
2018-05-30,7010,7010,7350,6990,7240,194978
2018-05-31,7390,7390,7400,7000,7000,62815
2018-06-01,7450,7450,7780,7220,7390,62985
2018-06-04,7450,7450,7520,7360,7520,31307
2018-06-05,7380,7380,7630,7310,7350,55132
2018-06-07,7290,7290,7470,7100,7350,81641
2018-06-08,7080,7080,7300,7000,7290,64872
2018-06-11,7090,7090,7150,7010,7080,30656
2018-06-12,7100,7100,7160,6990,7090,55143
2018-06-14,6940,6940,7100,6800,7000,110606
2018-06-15,6810,6810,6950,6790,6900,61079
2018-06-18,6410,6410,6750,6340,6710,177290
2018-06-19,6140,6140,6460,6130,6380,168212
2018-06-20,6370,6370,6370,6010,6010,70354
2018-06-21,6330,6330,6350,6150,6170,55902
2018-06-22,6340,6340,6350,6060,6330,78757
2018-06-25,6340,6340,6900,6200,6280,797401
2018-06-26,6030,6030,6340,5900,6340,240478
2018-06-27,6210,6210,6210,5950,6040,105588
2018-06-28,6370,6370,6400,6100,6180,193951
2018-06-29,6410,6410,6420,6240,6370,90097
2018-07-02,6200,6200,6410,6060,6410,96256
2018-07-03,6270,6270,6270,6070,6200,71160
2018-07-04,6070,6070,6260,6000,6260,119861
2018-07-05,6010,6010,6070,5870,6070,84751
2018-07-06,6120,6120,6140,5840,6000,102904
2018-07-09,6200,6200,6300,6120,6230,96202
2018-07-10,6440,6440,6440,6150,6150,113886
2018-07-11,6600,6600,6900,6440,6900,276230
2018-07-12,6540,6540,6590,6350,6450,107700
2018-07-13,6580,6580,6640,6450,6450,77251
2018-07-16,6620,6620,6640,6520,6580,60573
2018-07-17,6640,6640,6670,6530,6620,53518
2018-07-18,6690,6690,6750,6640,6680,86978
2018-07-19,6680,6680,6720,6420,6690,50726
2018-07-20,6560,6560,6650,6480,6650,58581
2018-07-23,6440,6440,6610,6420,6560,37183
2018-07-24,6450,6450,6480,6250,6440,71308
2018-07-26,7140,7140,7180,6710,6760,345466
2018-07-27,7220,7220,7280,7000,7000,90600
2018-07-30,7150,7150,7220,6950,7190,63268
2018-07-31,7150,7150,7150,7000,7040,47780
2018-08-01,7260,7260,7290,7080,7140,69572
2018-08-02,7070,7070,7300,7050,7300,40798
2018-08-03,7060,7060,7140,6900,7140,51906
