,Adj Close,Close,High,Low,Open,Volume
2000-01-04,390000,680,78800,788,59,680
2000-01-05,1271000,765,90600,906,67,797
2000-01-06,1734000,850,102000,1040,76,910
2000-01-07,702000,956,101000,1050,75,1020
2000-01-10,1509000,1040,109000,1130,81,1060
2000-01-11,1505000,1070,114000,1180,85,1100
2000-01-12,1266000,1070,116000,1170,86,1170
2000-01-13,845000,1080,119000,1190,89,1160
2000-01-14,795000,1110,120000,1280,89,1190
2000-01-17,1988000,1115,124500,1250,93,1240
2000-01-18,1880000,1175,124000,1350,92,1200
2000-01-19,1120000,1170,120000,1285,89,1240
2000-01-20,622000,1150,120000,1220,89,1200
2000-01-21,459000,1160,116000,1270,86,1270
2000-01-24,1748000,1120,133000,1330,99,1180
2000-01-25,1768000,1280,137000,1400,102,1330
2000-01-26,1986000,1250,133000,1420,99,1400
2000-01-27,547000,1200,125000,1320,93,1200
2000-01-28,587000,1140,114000,1230,85,1185
2000-01-31,1081000,1100,110000,1230,82,1120
2000-02-01,483000,1080,111500,1150,83,1150
2000-02-02,192000,1120,112000,1180,83,1120
2000-02-03,212000,1130,117500,1185,88,1130
2000-02-04,0,1175,117500,1175,88,1175
2000-02-07,414000,1180,118000,1260,88,1200
2000-02-08,144000,1120,114000,1210,85,1180
2000-02-09,311000,1105,113500,1160,85,1140
2000-02-10,185000,1080,108000,1130,80,1130
2000-02-11,179000,1000,100000,1080,74,1080
2000-02-14,196000,950,95000,1010,71,1010
2000-02-15,19000,950,96900,1000,72,1000
2000-02-16,53000,825,89000,1000,66,825
2000-02-17,76000,820,91000,949,68,820
2000-02-18,54000,860,91000,950,68,910
2000-02-21,106000,810,83000,930,62,900
2000-02-22,136000,800,82000,870,61,830
2000-02-23,152000,830,94300,943,70,830
2000-02-24,98000,860,108000,1080,80,943
2000-02-25,218000,995,113000,1200,84,1080
2000-02-28,174000,1090,114500,1210,85,1120
2000-02-29,121000,1120,113000,1170,84,1145
2000-03-01,0,1130,113000,1130,84,1130
2000-03-02,48000,1080,110500,1165,82,1080
2000-03-03,93000,1010,105000,1100,78,1100
2000-03-06,129000,1040,115000,1190,86,1040
2000-03-07,50000,1120,112000,1200,83,1200
2000-03-08,18000,1030,106000,1135,79,1120
2000-03-09,38000,1070,108000,1120,80,1120
2000-03-10,50000,1010,107000,1160,80,1010
2000-03-13,204000,1110,118000,1200,88,1200
2000-03-14,1439000,1140,135000,1355,101,1150
2000-03-15,466000,1250,133000,1380,99,1320
2000-03-16,274000,1215,122000,1330,91,1330
2000-03-17,1311000,1170,140000,1400,104,1250
2000-03-20,1688000,1455,161000,1610,120,1530
2000-03-21,5973000,1450,145000,1850,108,1665
2000-03-22,2487000,1330,149000,1540,111,1400
2000-03-23,1238000,1380,145000,1550,108,1490
2000-03-24,2391000,1440,155000,1650,116,1500
2000-03-27,1335000,1400,140000,1600,104,1580
2000-03-28,857000,1280,135000,1410,101,1350
2000-03-29,846000,1170,117000,1370,87,1310
2000-03-30,1128000,1115,127500,1345,95,1115
2000-03-31,545000,1235,126000,1350,94,1275
2000-04-03,401000,1105,116000,1310,86,1310
2000-04-04,343000,1060,113000,1180,84,1065
2000-04-05,0,1130,113000,1130,84,1130
2000-04-06,315000,1000,102000,1120,76,1070
2000-04-07,349000,983,105000,1100,78,983
2000-04-10,311000,1050,106000,1100,79,1050
2000-04-11,219000,1010,102000,1095,76,1060
2000-04-12,152000,1000,100500,1050,75,1020
2000-04-13,0,1005,100500,1005,75,1005
2000-04-14,149000,950,100000,1005,74,962
2000-04-17,286000,892,89300,950,66,950
2000-04-18,470000,901,102500,1025,76,901
2000-04-19,722000,1000,105000,1175,78,1000
2000-04-20,301000,1015,105500,1110,79,1070
2000-04-21,181000,1050,105000,1130,78,1130
2000-04-24,184000,1020,106000,1080,79,1065
2000-04-25,149000,1020,102000,1060,76,1050
2000-04-26,152000,980,98000,1065,73,1025
2000-04-27,108000,935,93500,1000,70,980
2000-04-28,107000,950,100000,1000,74,950
2000-05-01,0,1000,100000,1000,74,1000
2000-05-02,81000,955,97000,1000,72,973
2000-05-03,160000,970,99000,1040,74,970
2000-05-04,233000,985,98800,1010,74,1000
2000-05-05,0,988,98800,988,74,988
2000-05-08,368000,890,97500,1020,73,1020
2000-05-09,0,975,97500,975,73,975
2000-05-10,218000,908,91500,939,68,939
2000-05-11,0,915,91500,915,68,915
2000-05-12,227000,890,89200,935,66,925
2000-05-15,198000,790,80200,892,60,892
2000-05-16,231000,800,86000,888,64,800
2000-05-17,164000,780,80000,859,59,850
2000-05-18,103000,700,70000,800,52,800
2000-05-19,84000,650,69800,728,52,651
2000-05-22,144000,660,67000,729,50,700
2000-05-23,62000,650,66500,710,49,650
2000-05-24,83000,650,72000,725,53,670
2000-05-25,107000,720,79000,816,59,720
2000-05-26,61000,703,71000,810,53,810
2000-05-29,135000,640,70000,710,52,670
2000-05-30,0,700,70000,700,52,700
2000-05-31,185000,781,82000,840,61,800
2000-06-01,49000,755,78000,820,58,820
2000-06-02,177000,780,80500,850,60,780
2000-06-05,332000,800,85000,889,63,810
2000-06-06,0,850,85000,850,63,850
2000-06-07,280000,800,82700,830,62,820
2000-06-08,214000,751,75500,826,56,826
2000-06-09,67000,725,77000,780,57,755
2000-06-12,113000,665,77000,810,57,665
2000-06-13,202000,752,77600,830,58,770
2000-06-14,67000,751,76000,830,56,751
2000-06-15,55000,735,73500,790,55,790
2000-06-16,45000,700,74500,745,55,701
2000-06-19,100000,650,70100,780,52,650
2000-06-20,62000,691,69100,745,51,745
2000-06-21,262000,714,74900,769,56,750
2000-06-22,99000,742,76000,775,56,750
2000-06-23,324000,736,81000,850,60,736
2000-06-26,131000,790,81500,855,61,821
2000-06-27,110000,801,80500,840,60,815
2000-06-28,125000,755,80500,845,60,755
2000-06-29,368000,805,84400,899,63,805
2000-06-30,176000,805,82000,875,61,875
2000-07-03,156000,801,83000,844,62,815
2000-07-04,136000,805,80500,869,60,830
2000-07-05,66000,765,77300,839,57,800
2000-07-06,112000,750,80000,815,59,780
2000-07-07,191000,786,79100,815,59,800
2000-07-10,311000,792,85800,859,64,801
2000-07-11,439000,816,88300,890,66,855
2000-07-12,435000,875,91000,930,68,895
2000-07-13,383000,820,82000,900,61,900
2000-07-14,190000,820,82500,870,61,820
2000-07-17,0,825,82500,825,61,825
2000-07-18,84000,762,77000,885,57,762
2000-07-19,84000,762,77000,885,57,762
2000-07-20,78000,741,80000,815,59,760
2000-07-21,31000,760,79900,835,59,760
2000-07-24,22000,755,75500,830,56,830
2000-07-25,59000,730,74800,810,56,740
2000-07-26,35000,720,73000,749,54,749
2000-07-27,34000,720,73100,767,54,721
2000-07-28,60000,705,71200,730,53,705
2000-07-31,152000,681,70500,749,52,707
2000-08-01,25000,710,73100,770,54,710
2000-08-02,69000,735,74000,800,55,765
2000-08-03,49000,720,74000,763,55,720
2000-08-04,31000,730,77000,780,57,765
2000-08-07,73000,728,72800,760,54,760
2000-08-08,54000,702,71500,730,53,715
2000-08-09,175000,710,76900,769,57,710
2000-08-10,998000,741,88400,884,66,768
2000-08-11,691000,831,84400,980,63,889
2000-08-14,507000,870,91500,970,68,870
2000-08-15,0,915,91500,915,68,915
2000-08-16,197000,861,86300,980,64,960
2000-08-17,300000,850,86000,915,64,870
2000-08-18,182000,820,82000,890,61,855
2000-08-21,165000,790,79000,840,59,820
2000-08-22,168000,773,82800,840,62,773
2000-08-23,78000,800,82600,842,61,800
2000-08-24,87000,790,81500,823,61,800
2000-08-25,84000,800,81800,840,61,840
2000-08-28,95000,801,81000,830,60,812
2000-08-29,235000,812,83000,850,62,830
2000-08-30,98000,822,83400,847,62,822
2000-08-31,76000,813,81400,828,61,825
2000-09-01,145000,825,85500,869,64,829
2000-09-04,305000,870,91000,966,68,885
2000-09-05,128000,858,86000,885,64,882
2000-09-06,155000,861,87500,912,65,861
2000-09-07,414000,860,93500,935,70,875
2000-09-08,418000,902,90500,955,67,945
2000-09-11,0,905,90500,905,67,905
2000-09-12,0,905,90500,905,67,905
2000-09-13,0,905,90500,905,67,905
2000-09-14,98000,830,84500,905,63,880
2000-09-15,135000,805,83000,890,62,805
2000-09-18,118000,712,75000,850,56,820
2000-09-19,79000,672,76500,775,57,672
2000-09-20,79000,770,82000,820,61,770
2000-09-21,77000,772,80000,830,59,830
2000-09-22,62000,758,76000,800,56,758
2000-09-25,77000,760,77100,800,57,760
2000-09-26,126000,761,79000,810,59,761
2000-09-27,101000,766,80000,816,59,766
2000-09-28,215000,790,82100,860,61,825
2000-09-29,162000,792,82000,835,61,821
2000-10-02,162000,791,83500,835,62,820
2000-10-03,0,835,83500,835,62,835
2000-10-04,381000,830,92000,929,68,835
2000-10-05,231000,867,88000,909,65,901
2000-10-06,535000,865,93000,980,69,893
2000-10-09,1142000,911,91500,1020,68,958
2000-10-10,466000,815,86000,950,64,940
2000-10-11,212000,795,82000,880,61,860
2000-10-12,167000,795,83500,860,62,820
2000-10-13,886000,846,87200,920,65,863
2000-10-16,0,872,87200,872,65,872
2000-10-17,1192000,1000,105000,1150,78,1050
2000-10-18,1674000,971,104000,1145,77,1100
2000-10-19,3579000,1020,109000,1195,81,1060
2000-10-20,1333000,1050,106000,1135,79,1060
2000-10-23,2462000,980,98500,1185,73,1080
2000-10-24,773000,941,95000,1045,71,999
2000-10-25,461000,930,93000,998,69,993
2000-10-26,560000,831,84500,915,63,910
2000-10-27,0,845,84500,845,63,845
2000-10-30,1011000,722,77000,840,57,840
2000-10-31,371000,720,73500,760,55,720
2000-11-01,554000,740,77800,778,58,740
2000-11-02,623000,735,74000,760,55,760
2000-11-03,450000,655,66500,726,49,700
2000-11-06,555000,650,68100,719,51,655
2000-11-07,268000,670,68200,701,51,675
2000-11-08,365000,640,64300,683,48,683
2000-11-09,269000,627,65500,660,49,648
2000-11-10,163000,625,63500,648,47,625
2000-11-13,418000,625,66500,698,49,650
2000-11-14,252000,641,66300,685,49,678
2000-11-15,493000,665,68100,710,51,671
2000-11-16,199000,661,67500,680,50,665
2000-11-17,179000,650,65800,680,49,680
2000-11-20,201000,627,62800,650,47,650
2000-11-21,223000,594,60600,635,45,635
2000-11-22,220000,585,62000,635,46,585
2000-11-23,120000,600,60000,630,44,611
2000-11-24,148000,596,60000,630,44,598
2000-11-27,256000,600,60900,635,45,610
2000-11-28,152000,601,60100,619,45,610
2000-11-29,187000,593,60900,615,45,602
2000-11-30,302000,585,59900,613,44,613
2000-12-01,435000,577,60000,610,44,590
2000-12-04,432000,581,62000,620,46,602
2000-12-05,482000,612,65100,667,48,620
2000-12-06,590000,640,65100,680,48,675
2000-12-07,271000,625,62800,645,47,640
2000-12-08,222000,623,62600,634,46,628
2000-12-11,251000,607,62000,630,46,620
2000-12-12,254000,601,60600,620,45,608
2000-12-13,272000,598,60600,609,45,604
2000-12-14,66000,595,61900,621,46,595
2000-12-15,114000,600,60300,632,45,632
2000-12-18,134000,590,61500,624,46,590
2000-12-19,1043000,602,66000,707,49,605
2000-12-20,336000,600,60300,670,45,670
2000-12-21,550000,570,60000,618,44,600
2000-12-22,342000,580,58300,649,43,600
2000-12-26,1229000,538,59000,670,44,541
2001-01-02,96000,600,62000,641,46,600
2001-01-03,63000,610,62600,630,46,611
2001-01-04,102000,631,64000,660,47,631
2001-01-05,82000,615,61800,643,46,640
2001-01-08,45000,607,63000,635,47,625
2001-01-09,1299000,536,59000,629,44,536
2001-01-10,592000,575,57600,610,43,600
2001-01-11,3089000,520,53200,546,39,527
2001-01-12,2318000,531,53200,558,39,545
2001-01-15,1439000,526,52800,545,39,545
2001-01-16,1167000,525,52500,538,39,532
2001-01-17,1662000,490,50000,525,37,521
2001-01-18,1795000,496,51600,540,38,500
2001-01-19,742000,507,50700,530,38,521
2001-01-22,796000,503,51200,528,38,510
2001-01-26,605000,502,50800,520,38,512
2001-01-29,1637000,508,51900,538,38,510
2001-01-30,1055000,513,51900,532,38,522
2001-01-31,3242000,520,54700,574,41,520
2001-02-01,1792000,526,52900,542,39,542
2001-02-02,1842000,532,54100,556,40,539
2001-02-05,1035000,520,52300,545,39,545
2001-02-06,832000,506,51300,525,38,514
2001-02-07,744000,502,50800,515,38,506
2001-02-08,673000,509,51000,525,38,514
2001-02-09,605000,504,51200,516,38,510
2001-02-12,563000,507,50800,514,38,508
2001-02-13,1927000,506,53400,548,40,510
2001-02-14,1477000,524,53100,560,39,529
2001-02-15,886000,515,51900,535,38,535
2001-02-16,684000,512,51300,522,38,512
2001-02-19,712000,504,51500,516,38,509
2001-02-20,4218000,511,55200,579,41,520
2001-02-21,9258000,545,61800,634,46,552
2001-02-22,4276000,566,59700,665,44,624
2001-02-23,1814000,583,58300,620,43,602
2001-02-26,1738000,571,58400,599,43,571
2001-02-27,1549000,541,54100,593,40,590
2001-02-28,1163000,538,54700,568,41,538
2001-03-02,965000,512,52300,550,39,542
2001-03-05,2305000,510,54100,553,40,515
2001-03-06,1430000,532,54500,559,40,550
2001-03-07,576000,528,53500,548,40,535
2001-03-08,1304000,527,53500,542,40,539
2001-03-09,1159000,531,54600,555,40,531
2001-03-12,7723000,563,62700,627,47,574
2001-03-13,6814000,546,55000,615,41,615
2001-03-15,20276000,591,61500,694,46,600
2001-03-16,5865000,590,60500,640,45,625
2001-03-19,4058000,571,57100,620,42,600
2001-03-20,3384000,561,56100,595,42,581
2001-03-21,3803000,544,57900,588,43,550
2001-03-22,2629000,552,55200,605,41,570
2001-03-23,2022000,530,53100,562,39,550
2001-03-26,1660000,531,53600,552,40,532
2001-03-27,1422000,527,52700,546,39,541
2001-03-28,1728000,519,51900,540,38,530
2001-03-29,1446000,500,51400,522,38,513
2001-03-30,1119000,502,50500,525,37,516
2001-04-02,1825000,462,47000,503,35,500
2001-04-03,1509000,425,42900,464,32,464
2001-04-04,1845000,393,41500,435,31,409
2001-04-06,1136000,414,41400,435,31,427
2001-04-09,957000,395,39700,412,29,411
2001-04-10,2026000,400,40800,425,30,401
2001-04-11,719000,404,41000,423,30,422
2001-04-12,1001000,410,41200,427,30,410
2001-04-13,1090000,413,42000,427,31,415
2001-04-16,2145000,421,44300,455,33,429
2001-04-17,695000,430,43200,446,32,446
2001-04-18,923000,430,43500,442,32,442
2001-04-19,2290000,440,44400,465,33,440
2001-04-20,893000,430,43000,458,32,450
2001-04-23,1408000,419,42150,435,31,430
2001-04-24,732000,410,41600,426,31,410
2001-04-25,989000,422,42800,433,32,430
2001-04-26,989000,422,42800,433,32,430
2001-04-27,589000,421,42200,429,31,423
2001-04-30,935000,421,42850,432,32,429
2001-05-02,1167000,428,43500,438,32,428
2001-05-03,566000,425,42600,439,31,439
2001-05-04,1068000,421,42250,432,31,426
2001-05-07,1051000,420,42600,431,31,424
2001-05-08,700000,423,42600,431,31,423
2001-05-09,3455000,430,45550,468,34,435
2001-05-10,1556000,437,44600,460,33,460
2001-05-11,1285000,440,45500,455,34,448
2001-05-14,2055000,453,45800,467,34,460
2001-05-15,1617000,445,44500,480,33,460
2001-05-16,1247000,435,46000,460,34,445
2001-05-17,881000,445,44500,464,33,460
2001-05-18,972000,441,44700,459,33,453
2001-05-21,1304000,445,45800,464,34,450
2001-05-22,2604000,457,48000,487,35,462
2001-05-23,1598000,471,47500,489,35,489
2001-05-24,1450000,474,48550,510,36,475
2001-05-25,696000,481,48300,498,36,487
2001-05-28,412000,476,47950,486,35,485
2001-05-29,961000,480,49500,502,37,480
2001-05-30,778000,490,49550,504,37,493
2001-05-31,571000,479,47900,497,35,490
2001-06-01,400000,476,48700,487,36,479
2001-06-04,320000,484,48450,488,36,487
2001-06-05,622000,475,47550,488,35,485
2001-06-07,453000,462,46500,472,34,471
2001-06-08,344000,461,46750,473,35,461
2001-06-11,594000,450,45500,473,34,473
2001-06-12,387000,454,45750,461,34,460
2001-06-13,171000,453,45450,461,34,457
2001-06-14,392000,451,45700,458,34,451
2001-06-15,230000,453,45800,463,34,460
2001-06-18,2596000,458,51000,526,38,459
2001-06-19,1390000,483,48500,510,36,501
2001-06-20,5482000,497,55700,557,41,500
2001-06-21,8896000,523,53200,584,39,571
2001-06-22,2934000,492,49700,559,37,539
2001-06-25,1622000,466,47100,510,35,510
2001-06-26,1052000,451,45150,478,33,471
2001-06-27,766000,435,44400,464,33,452
2001-06-28,490000,435,45000,452,33,435
2001-06-29,558000,442,45000,464,33,442
2001-07-02,432000,448,45800,459,34,459
2001-07-03,341000,452,45500,461,34,458
2001-07-04,386000,446,44900,457,33,455
2001-07-05,472000,445,45050,460,33,446
2001-07-06,444000,440,44000,458,32,458
2001-07-09,373000,411,41500,434,31,434
2001-07-10,162000,410,41500,425,31,418
2001-07-11,301000,407,41600,437,31,407
2001-07-12,273000,418,42400,439,31,439
2001-07-13,473000,410,41500,430,31,430
2001-07-16,180000,407,41200,425,30,425
2001-07-18,249000,402,40500,411,30,402
2001-07-19,255000,383,39450,400,29,400
2001-07-20,191000,390,39400,399,29,398
2001-07-23,181000,365,36500,390,27,390
2001-07-24,568000,332,35000,361,26,360
2001-07-25,177000,340,34550,355,25,350
2001-07-26,203000,347,35400,357,26,347
2001-07-27,265000,355,37700,377,28,360
2001-07-30,99000,360,36800,376,27,360
2001-07-31,90000,365,37300,378,27,365
2001-08-01,363000,375,38100,394,28,375
2001-08-02,76000,372,38500,387,28,385
2001-08-03,154000,372,37300,384,27,380
2001-08-06,91000,372,37900,384,28,372
2001-08-07,64000,374,37500,380,28,380
2001-08-08,162000,375,38600,387,28,380
2001-08-09,146000,368,37400,390,28,377
2001-08-10,74000,372,37500,394,28,394
2001-08-13,93000,372,37600,384,28,384
2001-08-14,439000,376,38500,408,28,376
2001-08-16,188000,376,38600,395,28,385
2001-08-17,120000,376,37800,388,28,386
2001-08-20,184000,372,37450,380,28,375
2001-08-21,77000,373,38000,380,28,380
2001-08-22,137000,376,39100,394,29,376
2001-08-23,176000,381,38200,394,28,390
2001-08-24,172000,376,38300,390,28,376
2001-08-27,156000,382,38600,396,28,396
2001-08-28,187000,384,38650,393,28,384
2001-08-29,209000,374,37400,387,28,387
2001-08-30,170000,357,36800,373,27,365
2001-08-31,228000,341,34100,364,25,359
2001-09-03,94000,332,34100,356,25,332
2001-09-04,118000,335,35100,353,26,335
2001-09-05,57000,340,34500,351,25,340
2001-09-06,72000,350,35300,362,26,350
2001-09-07,64000,347,35900,365,26,350
2001-09-10,52000,352,36050,365,27,365
2001-09-11,77000,357,36000,375,26,375
2001-09-12,465000,306,30600,328,22,306
2001-09-13,101000,301,30800,323,23,305
2001-09-14,341000,263,29900,315,22,301
2001-09-17,138000,254,25450,273,19,271
2001-09-18,68000,260,26700,278,20,278
2001-09-19,97000,264,27100,282,20,270
2001-09-20,69000,260,27000,280,20,271
2001-09-21,65000,261,26100,273,19,270
2001-09-25,111000,265,26500,278,19,275
2001-09-26,52000,265,26950,273,20,265
2001-09-27,62000,265,27100,273,20,272
2001-10-04,83000,281,29500,304,22,295
2001-10-05,40000,297,30400,308,22,308
2001-10-08,38000,290,30300,303,22,290
2001-10-09,186000,300,30950,319,23,305
2001-10-10,55000,295,30100,308,22,308
2001-10-11,130000,305,31400,317,23,307
2001-10-12,47000,307,31500,320,23,320
2001-10-15,41000,315,32200,324,24,315
2001-10-16,80000,311,31600,325,23,321
2001-10-17,125000,315,32800,329,24,325
2001-10-18,125000,306,31600,323,23,306
2001-10-19,41000,310,31900,325,23,310
2001-10-22,190000,315,32300,336,24,325
2001-10-23,74000,328,33300,338,24,334
2001-10-24,116000,324,32600,344,24,330
2001-10-25,66000,323,32300,334,24,334
2001-10-26,38000,321,32150,333,24,322
2001-10-29,80000,315,32000,323,23,323
2001-10-30,198000,300,30200,320,22,320
2001-10-31,54000,297,31800,327,23,297
2001-11-01,82000,313,32000,321,23,317
2001-11-02,84000,321,32850,340,24,340
2001-11-05,57000,323,33000,337,24,323
2001-11-06,91000,325,32500,335,24,325
2001-11-07,57000,325,32800,334,24,328
2001-11-08,54000,325,32800,336,24,325
2001-11-12,428000,327,33400,338,25,338
2001-11-13,211000,325,33000,334,24,330
2001-11-14,273000,330,33650,340,25,332
2001-11-15,196000,331,33200,344,24,344
2001-11-16,151000,325,33000,332,24,328
2001-11-19,329000,330,33500,343,25,330
2001-11-20,1032000,342,35000,372,26,344
2001-11-21,255000,335,35200,360,26,350
2001-11-22,223000,347,35600,364,26,353
2001-11-23,290000,351,35400,358,26,356
2001-11-26,234000,357,37000,377,27,357
2001-11-27,221000,359,35900,369,26,365
2001-11-28,299000,339,33950,359,25,359
2001-11-29,148000,330,33950,345,25,338
2001-11-30,132000,336,33700,349,25,339
2001-12-03,183000,331,34400,344,25,332
2001-12-04,281000,333,34500,348,25,340
2001-12-05,284000,346,35400,365,26,346
2001-12-06,100000,346,34900,366,26,354
2001-12-07,149000,345,35100,354,26,348
2001-12-10,491000,353,37300,374,27,353
2001-12-11,1844000,362,37700,377,28,373
2001-12-12,1736000,385,40650,423,30,399
2001-12-13,589000,395,40400,425,30,406
2001-12-14,337000,386,39250,404,29,401
2001-12-17,501000,370,37000,392,27,386
2001-12-18,302000,370,37800,389,28,389
2001-12-19,377000,365,38000,383,28,365
2001-12-20,322000,340,38500,390,28,340
2001-12-21,313000,372,38600,389,28,375
2001-12-24,274000,379,39000,394,29,386
2001-12-26,1935000,390,44850,448,33,390
2001-12-27,405000,412,42750,440,36,430
2001-12-28,245000,408,40800,430,34,430
2002-01-02,206000,408,41900,420,35,412
2002-01-04,454000,419,41900,446,35,445
2002-01-07,128000,403,40900,424,34,421
2002-01-08,223000,395,39950,413,33,413
2002-01-09,226000,391,40900,424,34,406
2002-01-10,185000,406,41000,424,34,413
2002-01-11,389000,409,41000,426,34,420
2002-01-14,159000,397,40400,414,34,397
2002-01-15,289000,395,41000,410,34,400
2002-01-16,116000,396,40000,410,33,400
2002-01-17,154000,389,39100,400,32,400
2002-01-18,82000,387,39000,392,32,390
2002-01-21,123000,375,38400,389,32,389
2002-01-22,200000,371,39000,393,32,375
2002-01-23,61000,380,38950,390,32,380
2002-01-24,112000,382,39000,405,32,382
2002-01-25,206000,390,42000,420,35,390
2002-01-28,96000,405,41950,419,35,411
2002-01-29,188000,410,42000,430,35,420
2002-01-30,160000,402,41000,417,34,415
2002-02-01,308000,417,42100,434,35,434
2002-02-04,119000,411,41900,429,35,429
2002-02-05,66000,409,41000,420,34,410
2002-02-06,75000,410,41550,425,35,425
2002-02-07,191000,395,39550,418,33,409
2002-02-08,77000,395,40000,404,33,395
2002-02-14,79000,396,39750,409,33,409
2002-02-15,86000,397,39800,408,33,397
2002-02-18,276000,398,42000,439,35,411
2002-02-19,215000,403,41800,429,35,421
2002-02-20,119000,405,40900,417,34,405
2002-02-21,348000,415,43800,441,36,415
2002-02-22,648000,436,44300,455,37,455
2002-02-25,330000,433,44950,459,37,445
2002-02-26,277000,445,45100,464,38,445
2002-02-27,283000,443,46000,464,38,462
2002-02-28,139000,433,43800,463,36,451
2002-03-04,184000,435,43500,452,36,440
2002-03-05,203000,407,42000,437,35,436
2002-03-06,165000,420,43400,434,36,421
2002-03-07,98000,422,42300,430,35,430
2002-03-08,261000,415,44000,442,37,418
2002-03-11,129000,422,43200,454,36,450
2002-03-12,167000,425,44050,442,37,440
2002-03-13,358000,431,44550,455,37,431
2002-03-14,571000,442,47950,480,40,450
2002-03-15,559000,475,48000,510,40,488
2002-03-18,444000,474,48000,510,40,480
2002-03-19,318000,470,48500,485,40,480
2002-03-20,801000,486,50100,505,42,489
2002-03-21,1583000,500,51100,549,43,500
2002-03-22,571000,485,50000,524,42,515
2002-03-25,386000,480,48000,509,40,491
2002-03-26,289000,460,46300,480,39,462
2002-03-27,225000,460,46250,474,39,465
2002-03-28,234000,451,45200,470,38,462
2002-03-29,372000,437,45100,460,38,460
2002-04-01,103000,446,44700,459,37,452
2002-04-02,178000,440,45000,454,37,447
2002-04-03,189000,453,46300,482,39,465
2002-04-04,141000,450,45050,465,38,465
2002-04-08,273000,440,44000,480,37,480
2002-04-09,191000,430,43350,450,36,443
2002-04-10,228000,405,41100,425,34,421
2002-04-11,58000,401,41600,420,35,401
2002-04-12,89000,407,42000,435,35,407
2002-04-15,80000,417,42000,425,35,425
2002-04-16,1172000,420,48300,483,40,420
2002-04-17,739000,447,48500,492,40,482
2002-04-18,191000,468,47300,492,39,485
2002-04-19,470000,455,46750,485,39,473
2002-04-22,315000,418,42900,467,36,425
2002-04-23,70000,416,42500,428,35,428
2002-04-24,59000,417,42200,429,35,425
2002-04-25,183000,365,40500,409,34,365
2002-04-26,80000,373,41500,415,35,373
2002-04-29,146000,400,41000,439,34,410
2002-04-30,131000,405,43900,464,37,405
2002-05-02,93000,430,43300,463,36,435
2002-05-03,45000,418,42700,435,36,435
2002-05-06,45000,412,42850,436,36,427
2002-05-07,52000,410,41400,424,34,415
2002-05-08,88000,403,41700,424,35,414
2002-05-09,30000,415,41900,420,35,420
2002-05-10,49000,415,43500,455,36,419
2002-05-13,38000,416,41650,435,35,435
2002-05-14,65000,416,41650,430,35,421
2002-05-15,131000,413,42000,422,35,418
2002-05-16,74000,411,41550,422,35,422
2002-05-17,158000,418,42250,429,35,418
2002-05-20,170000,413,43000,440,36,413
2002-05-21,73000,415,41900,438,35,422
2002-05-22,34000,415,41600,420,35,419
2002-05-23,175000,405,41400,424,34,415
2002-05-24,139000,408,41100,416,34,413
2002-05-27,119000,400,40900,411,34,401
2002-05-28,121000,399,40500,409,34,401
2002-05-29,313000,375,38000,403,32,387
2002-05-30,69000,372,38000,389,32,382
2002-05-31,354000,353,36500,388,30,384
2002-06-03,12000,360,37200,372,31,372
2002-06-04,182000,340,36000,371,30,365
2002-06-05,83000,356,36000,364,30,360
2002-06-07,36000,359,36200,362,30,359
2002-06-10,79000,364,36400,378,30,366
2002-06-11,75000,360,36050,374,30,361
2002-06-12,122000,360,36800,389,31,360
2002-06-14,79000,363,36350,378,30,370
2002-06-17,111000,362,36800,375,31,365
2002-06-18,27000,365,37000,370,31,370
2002-06-19,124000,350,35650,362,30,361
2002-06-20,23000,340,35000,356,29,356
2002-06-21,72000,338,33800,347,28,342
2002-06-24,130000,320,33800,338,28,338
2002-06-25,36000,327,32700,338,27,337
2002-06-26,86000,300,31100,327,26,315
2002-06-27,33000,310,31300,320,26,310
2002-06-28,18000,316,33450,334,28,316
2002-07-02,9000,325,33400,339,28,339
2002-07-03,10000,319,33800,339,28,319
2002-07-04,28000,325,34400,344,29,325
2002-07-05,29000,340,34400,370,29,343
2002-07-08,14000,336,35050,354,29,345
2002-07-09,15000,337,34900,350,29,337
2002-07-10,21000,340,34150,349,28,349
2002-07-11,22000,330,34500,345,29,335
2002-07-12,12000,342,35000,350,29,344
2002-07-15,15000,340,35300,359,29,354
2002-07-16,10000,355,35850,358,30,355
2002-07-18,7000,341,34300,360,28,341
2002-07-19,10000,315,34500,345,29,343
2002-07-22,5000,320,32800,330,27,329
2002-07-23,56000,315,33300,333,28,320
2002-07-24,18000,321,33900,346,28,325
2002-07-25,10000,330,33000,344,27,339
2002-07-26,68000,325,33450,334,28,325
2002-07-29,35000,320,32000,337,27,330
2002-07-30,17000,316,33200,332,28,332
2002-07-31,4000,330,33200,333,28,333
2002-08-01,2000,316,33200,333,28,316
2002-08-02,53000,303,31700,324,26,322
2002-08-05,41000,314,31750,330,26,315
2002-08-06,59000,310,31600,317,26,310
2002-08-07,47000,310,31700,317,26,311
2002-08-08,30000,306,31500,315,26,315
2002-08-09,46000,317,33700,337,28,317
2002-08-12,19000,320,33000,339,27,332
2002-08-13,19000,315,32800,329,27,315
2002-08-14,70000,314,32100,339,27,314
2002-08-16,37000,318,32100,329,27,321
2002-08-19,76000,318,32400,324,27,320
2002-08-20,46000,321,32100,329,27,324
2002-08-21,29000,320,32700,327,27,320
2002-08-22,175000,327,34350,375,28,327
2002-08-26,36000,340,34050,350,28,344
2002-08-27,28000,340,34250,354,28,341
2002-08-28,26000,340,34950,349,29,340
2002-08-29,8000,333,34500,357,29,357
2002-08-30,32000,331,34750,354,29,340
2002-09-02,26000,340,34700,347,29,340
2002-09-03,105000,338,34000,349,28,347
2002-09-04,105000,335,34500,370,29,335
2002-09-05,305000,345,36500,374,30,345
2002-09-06,77000,341,36300,375,30,360
2002-09-09,80000,340,34000,367,28,359
2002-09-10,86000,336,33600,340,28,340
2002-09-11,135000,333,34300,354,28,336
2002-09-12,37000,338,35000,354,29,338
2002-09-13,46000,330,34500,345,29,340
2002-09-16,17000,334,34900,354,29,345
2002-09-17,75000,344,36050,370,30,344
2002-09-18,64000,322,32200,358,27,358
2002-09-19,56000,321,32300,331,27,330
2002-09-23,56000,308,32300,323,27,323
2002-09-24,28000,315,32600,326,27,315
2002-09-25,21000,310,31200,329,26,319
2002-09-26,7000,315,32800,334,27,329
2002-09-27,5000,315,32800,328,27,325
2002-09-30,33000,315,32400,327,27,318
2002-10-01,29000,310,31200,343,26,343
2002-10-02,21000,313,31600,316,26,313
2002-10-04,24000,310,31500,316,26,316
2002-10-07,15000,305,30500,314,25,305
2002-10-08,30000,300,30900,313,26,310
2002-10-09,127000,292,30000,309,25,305
2002-10-10,16000,284,29100,306,24,306
2002-10-11,45000,291,30700,310,25,291
2002-10-14,28000,298,31400,318,26,298
2002-10-15,30000,301,30800,318,25,309
2002-10-16,26000,306,31600,317,26,317
2002-10-17,87000,296,30200,314,25,300
2002-10-18,49000,307,31600,316,26,307
2002-10-21,35000,302,31150,315,26,311
2002-10-22,253000,300,30050,315,25,306
2002-10-23,87000,300,30050,313,25,301
2002-10-24,680000,300,32000,345,27,303
2002-10-25,138000,310,31500,334,26,334
2002-10-28,164000,310,31500,334,26,316
2002-10-29,52000,311,31600,322,26,312
2002-10-30,18000,305,31400,315,26,313
2002-10-31,21000,304,30750,315,25,304
2002-11-01,28000,303,31100,313,26,303
2002-11-04,51000,303,31500,315,26,303
2002-11-05,39000,305,31900,321,26,315
2002-11-06,102000,306,31600,319,26,319
2002-11-07,21000,306,30850,317,26,306
2002-11-08,25000,302,31400,314,26,307
2002-11-11,44000,304,31000,310,26,308
2002-11-12,27000,305,31000,310,26,305
2002-11-13,3000,306,31300,313,26,306
2002-11-14,9000,306,30750,312,25,306
2002-11-15,10000,305,31000,314,26,305
2002-11-18,10000,305,30550,313,25,306
2002-11-19,37000,306,31500,315,26,309
2002-11-20,22000,309,31300,315,26,315
2002-11-21,224000,313,31500,329,26,313
2002-11-22,40000,316,32350,329,27,329
2002-11-25,75000,310,31100,319,26,319
2002-11-26,26000,306,30850,319,26,306
2002-11-27,146000,312,33350,339,28,315
2002-11-28,258000,312,31750,333,26,332
2002-11-29,33000,317,32500,328,27,317
2002-12-03,67000,315,32700,327,27,315
2002-12-04,36000,321,32300,330,27,329
2002-12-05,138000,322,32800,330,27,322
2002-12-06,70000,320,32700,329,27,323
2002-12-09,126000,318,33000,333,27,322
2002-12-10,82000,320,33000,334,27,324
2002-12-11,33000,324,32800,335,27,330
2002-12-12,190000,329,33200,338,28,330
2002-12-13,11000,325,33050,337,27,337
2002-12-16,136000,307,32500,331,27,307
2002-12-17,55000,316,32200,325,27,317
2002-12-18,30000,312,32300,325,27,312
2002-12-20,7000,320,32300,323,27,323
2002-12-23,106000,311,31150,316,26,314
2002-12-24,18000,302,30500,320,25,320
2002-12-26,22000,299,31000,312,26,305
2002-12-27,54000,290,29000,305,29,305
2002-12-30,53000,280,28500,288,28,288
2003-01-02,33000,285,29500,303,29,289
2003-01-03,24000,291,30000,307,30,291
2003-01-06,24000,300,30500,309,30,309
2003-01-07,33000,300,31000,314,31,309
2003-01-08,100,305,30500,305,30,305
2003-01-09,24000,286,30000,309,30,305
2003-01-10,44000,291,30000,309,30,295
2003-01-13,41000,292,30100,304,30,292
2003-01-14,8000,294,30000,303,30,296
2003-01-15,28000,304,30850,308,31,305
2003-01-16,61000,308,30850,319,31,314
2003-01-17,9000,305,30500,319,30,305
2003-01-20,1000,300,30100,318,30,300
2003-01-21,12000,301,31100,311,31,311
2003-01-22,19000,298,29800,312,29,300
2003-01-23,8000,297,29900,299,30,299
2003-01-24,55000,289,28900,301,29,301
2003-01-27,25000,278,27800,294,27,290
2003-01-28,10000,278,28900,289,29,280
2003-01-29,11000,280,28100,283,28,280
2003-01-30,3000,282,29500,314,29,282
2003-02-03,22000,295,30850,309,31,295
2003-02-04,200,292,30000,300,30,292
2003-02-05,19000,276,28550,307,28,294
2003-02-06,500,289,28950,289,29,289
2003-02-07,44000,270,28950,294,29,280
2003-02-10,32000,270,28600,289,28,289
2003-02-11,1000,288,28850,288,29,288
2003-02-12,24000,271,28150,288,28,274
2003-02-13,1000,273,27300,288,27,281
2003-02-14,1000,274,27500,285,27,285
2003-02-17,13000,276,27600,298,27,298
2003-02-18,1000,280,28500,289,28,289
2003-02-19,12000,275,28500,285,28,280
2003-02-20,14000,273,27300,284,27,284
2003-02-21,77000,264,26750,280,26,273
2003-02-24,82000,267,26750,276,26,270
2003-02-25,12000,265,26900,269,27,265
2003-02-26,12000,265,26800,269,26,265
2003-02-27,4000,268,26800,269,26,269
2003-02-28,400,264,27200,272,27,264
2003-03-03,25000,262,26800,268,26,262
2003-03-04,1000,257,25700,264,25,264
2003-03-05,13000,245,25400,255,25,255
2003-03-06,58000,225,22900,254,23,225
2003-03-07,48000,215,23100,237,23,229
2003-03-10,16000,212,21500,227,21,227
2003-03-11,23000,210,21700,220,21,220
2003-03-12,500,224,22450,224,22,224
2003-03-13,55000,229,25000,250,25,229
2003-03-14,44000,251,26000,260,26,251
2003-03-17,14000,221,23950,264,24,264
2003-03-18,1000,238,24350,243,24,238
2003-03-19,5000,244,24450,245,24,245
2003-03-20,2000,248,25400,254,25,248
2003-03-21,5000,250,26000,264,26,250
2003-03-24,6000,260,26000,268,26,268
2003-03-25,300,230,25200,252,25,230
2003-03-26,100,259,25900,259,26,259
2003-03-27,2000,234,24450,245,24,234
2003-03-28,200,254,25450,254,25,254
2003-03-31,3000,254,25450,254,25,254
2003-04-01,15000,217,25750,259,25,259
2003-04-02,1000,251,25150,254,25,254
2003-04-03,22000,230,25000,254,25,254
2003-04-04,1000,253,25300,253,25,253
2003-04-07,35000,249,25500,255,25,249
2003-04-08,900,248,25700,257,25,248
2003-04-09,58000,250,25500,258,25,257
2003-04-10,6000,250,25800,259,25,250
2003-04-11,54000,263,27400,274,27,263
2003-04-14,69000,275,29400,300,29,275
2003-04-15,10000,281,29400,294,29,294
2003-04-16,16000,275,30100,307,30,307
2003-04-17,29000,282,29500,301,29,299
2003-04-18,5000,290,29500,302,29,300
2003-04-21,47000,296,30650,310,30,310
2003-04-22,1000,286,29050,310,29,286
2003-04-23,1000,291,30700,308,30,300
2003-04-24,14000,290,29000,304,29,293
2003-04-25,3000,282,28200,292,28,285
2003-04-28,10000,270,29000,296,29,296
2003-04-29,23000,280,29750,297,29,280
2003-04-30,14000,284,29500,297,29,284
2003-05-02,11000,285,28500,305,28,305
2003-05-06,21000,280,28150,290,28,285
2003-05-07,17000,280,28300,293,28,281
2003-05-09,15000,285,28500,293,28,285
2003-05-12,1000,284,29000,298,29,284
2003-05-13,2000,281,28100,287,28,287
2003-05-14,60000,280,28050,285,28,281
2003-05-15,14000,274,28500,285,28,274
2003-05-16,19000,279,27900,288,28,280
2003-05-19,73000,279,28000,280,28,279
2003-05-20,13000,277,28000,285,28,285
2003-05-21,21000,285,28500,296,28,296
2003-05-22,200,280,28050,293,28,293
2003-05-23,1000,290,29000,290,29,290
2003-05-26,2000,285,28500,290,28,290
2003-05-27,2000,276,27600,299,27,299
2003-05-28,10000,280,28900,289,29,280
2003-05-29,25000,282,29000,290,29,289
2003-05-30,1000,284,28450,285,28,285
2003-06-02,25000,286,28600,298,28,286
2003-06-03,10000,286,28650,290,28,286
2003-06-04,17000,289,29100,296,29,289
2003-06-05,2000,293,29300,299,29,293
2003-06-09,92000,291,32450,324,32,292
2003-06-10,36000,309,31500,325,31,311
2003-06-11,35000,310,31050,325,31,324
2003-06-12,22000,290,29700,312,29,306
2003-06-13,5000,297,30950,309,31,297
2003-06-16,9000,313,31350,314,31,314
2003-06-17,3000,297,31350,315,31,315
2003-06-18,62000,298,30050,309,30,309
2003-06-19,27000,295,29700,314,29,314
2003-06-20,2000,295,30500,305,30,297
2003-06-23,40000,292,29200,294,29,293
2003-06-24,10000,280,29000,300,29,300
2003-06-25,28000,285,29850,300,30,300
2003-06-26,14000,287,28850,310,29,299
2003-06-27,7000,285,29900,299,30,291
2003-06-30,1000,291,29450,294,29,294
2003-07-01,10000,286,29650,304,29,304
2003-07-02,27000,296,30450,304,30,296
2003-07-03,16000,282,29750,309,29,296
2003-07-04,7000,287,29150,300,29,298
2003-07-07,25000,282,30300,305,30,296
2003-07-08,20000,293,29400,308,29,308
2003-07-09,115000,290,29850,318,30,294
2003-07-10,39000,300,30250,315,30,300
2003-07-11,68000,297,30650,319,30,302
2003-07-14,20000,302,31000,317,31,302
2003-07-15,20000,299,29900,317,30,310
2003-07-16,16000,294,30300,307,30,307
2003-07-18,7000,286,29300,300,29,300
2003-07-21,157000,262,26400,298,26,296
2003-07-22,23000,261,26800,274,26,270
2003-07-23,34000,266,26650,271,26,270
2003-07-24,32000,264,27350,275,27,264
2003-07-25,9000,273,27400,274,27,274
2003-07-28,4000,274,28700,287,28,279
2003-07-29,3000,270,27050,282,27,282
2003-07-30,100,279,27950,279,28,279
2003-07-31,2000,265,28000,280,28,265
2003-08-01,100,280,28000,280,28,280
2003-08-04,4000,262,26200,279,26,262
2003-08-05,300,279,27900,279,28,279
2003-08-06,0,265,26550,278,26,278
2003-08-07,4000,271,28000,280,28,271
2003-08-08,1000,269,26950,280,27,271
2003-08-11,8000,260,27750,279,27,265
2003-08-12,4000,270,27600,280,27,280
2003-08-13,1000,273,27750,279,27,279
2003-08-14,8000,270,27600,277,27,273
2003-08-18,3000,255,27650,277,27,272
2003-08-19,8000,270,27700,277,27,274
2003-08-20,14000,260,26150,279,26,279
2003-08-21,12000,264,27300,277,27,269
2003-08-22,5000,262,26800,274,26,269
2003-08-25,7000,262,26400,271,26,271
2003-08-26,65000,265,26500,270,26,270
2003-08-27,15000,265,27700,277,27,265
2003-08-28,18000,271,28800,290,28,277
2003-08-29,128000,271,31000,310,31,283
2003-09-01,47000,280,29950,319,30,319
2003-09-02,4000,290,29500,299,29,290
2003-09-03,25000,295,29500,304,29,299
2003-09-04,30000,300,30000,300,30,300
2003-09-05,46000,300,30000,304,30,304
2003-09-08,40000,300,30450,304,30,304
2003-09-09,23000,298,29800,304,29,300
2003-09-15,11000,299,29900,300,30,300
2003-09-16,41000,290,30000,300,30,299
2003-09-17,400,299,30450,304,30,299
2003-09-18,22000,280,29000,298,29,290
2003-09-19,100,294,29450,294,29,294
2003-09-22,35000,294,30000,325,30,325
2003-09-23,42000,280,28950,291,29,291
2003-09-24,13000,276,27600,285,27,285
2003-09-25,100,285,28500,285,28,285
2003-09-26,38000,270,28350,285,28,280
2003-09-29,5000,279,29450,294,29,279
2003-09-30,13000,270,27550,289,27,289
2003-10-01,14000,276,28000,289,28,276
2003-10-02,11000,269,27500,279,27,270
2003-10-06,11000,271,28300,283,28,271
2003-10-07,10000,270,27050,288,27,288
2003-10-08,100,279,27900,279,28,279
2003-10-09,18000,263,26500,278,26,278
2003-10-10,74000,260,28200,282,28,260
2003-10-13,55000,262,26550,278,26,278
2003-10-14,31000,255,26500,270,26,255
2003-10-15,7000,264,26800,269,26,264
2003-10-16,2000,264,27050,270,27,264
2003-10-17,3000,275,29100,296,29,275
2003-10-20,200,265,26550,284,26,284
2003-10-21,4000,270,27000,274,27,273
2003-10-22,5000,269,27000,273,27,271
2003-10-23,1000,272,27850,278,28,273
2003-10-24,3000,270,27000,271,27,271
2003-10-27,1000,263,27200,272,27,263
2003-10-28,1000,261,27300,274,27,261
2003-10-29,15000,274,27900,279,28,275
2003-10-30,100,278,27850,278,28,278
2003-10-31,5000,255,25550,270,25,270
2003-11-03,8000,261,26400,270,26,264
2003-11-04,400,266,26600,266,26,266
2003-11-05,1000,265,26500,272,26,272
2003-11-06,44000,240,25950,260,26,240
2003-11-07,4000,250,25000,260,25,260
2003-11-10,25000,251,26750,268,26,251
2003-11-11,22000,267,26750,269,26,267
2003-11-12,2000,262,27700,277,27,262
2003-11-13,5000,265,26550,273,26,273
2003-11-14,11000,265,26500,274,26,274
2003-11-17,9000,265,26500,265,26,265
2003-11-18,10000,265,26500,265,26,265
2003-11-19,1000,260,26000,260,26,260
2003-11-20,11000,260,26000,278,26,278
2003-11-21,1000,269,26950,269,27,269
2003-11-24,13000,261,26100,272,26,269
2003-11-25,1000,261,26800,268,26,261
2003-11-26,25000,261,27000,270,27,261
2003-11-27,14000,265,26950,269,27,266
2003-11-28,2000,261,27300,273,27,261
2003-12-01,30000,260,27000,273,27,265
2003-12-02,9000,265,27000,270,27,265
2003-12-03,24000,270,27000,279,27,276
2003-12-04,25000,277,28000,280,28,277
2003-12-05,28000,279,29500,296,29,281
2003-12-08,16000,295,30400,305,30,295
2003-12-09,6000,280,29500,302,29,280
2003-12-10,31000,299,30000,300,30,299
2003-12-11,53000,285,31500,315,31,291
2003-12-12,13000,310,31500,315,31,310
2003-12-15,14000,305,31000,313,31,313
2003-12-16,14000,300,31000,314,31,300
2003-12-17,1000,295,30000,305,30,295
2003-12-18,2000,290,29050,299,29,295
2003-12-19,16000,290,29850,300,30,290
2003-12-22,0,291,29100,304,29,304
2003-12-23,320000,290,29100,291,29,290
2003-12-24,0,285,28550,291,28,291
2003-12-26,7000,280,29100,291,29,280
2003-12-29,14000,284,28450,284,34,284
2003-12-30,2000,289,29000,290,35,289
2004-01-02,0,280,28050,294,34,294
2004-01-05,20000,280,29000,294,35,280
2004-01-06,6000,289,30000,300,36,289
2004-01-07,0,275,27500,300,33,300
2004-01-08,5000,276,30000,300,36,276
2004-01-09,4000,283,28300,299,34,299
2004-01-12,29000,283,29000,290,35,283
2004-01-13,32000,270,30450,304,36,280
2004-01-14,2440000,291,29100,301,35,301
2004-01-15,8000,290,29000,290,35,290
2004-01-16,10000,295,29500,299,35,299
2004-01-19,37000,281,30000,300,36,299
2004-01-20,11000,292,30400,304,36,292
2004-01-26,40000,281,28750,304,34,304
2004-01-27,4000,290,29000,300,35,300
2004-01-28,5000,290,29000,290,35,290
2004-01-29,23000,284,30450,304,36,290
2004-01-30,2000,290,30000,300,36,290
2004-02-02,48000,285,30700,307,37,304
2004-02-03,0,295,29500,306,35,306
2004-02-04,1000,300,30000,300,36,300
2004-02-05,1000,290,29100,291,35,290
2004-02-06,11000,291,29100,298,35,291
2004-02-09,24000,286,29500,299,35,286
2004-02-10,5000,290,29000,291,35,291
2004-02-11,100,299,29900,299,36,299
2004-02-12,300,292,29250,294,35,294
2004-02-13,0,285,28500,292,34,292
2004-02-16,900,290,29000,290,35,290
2004-02-17,30000,281,28500,304,34,281
2004-02-18,700,285,28950,289,35,286
2004-02-19,7000,286,28600,289,34,289
2004-02-20,29000,270,28000,290,34,290
2004-02-23,13000,275,29000,290,35,280
2004-02-24,9000,279,29000,290,35,290
2004-02-25,600,275,27550,275,33,275
2004-02-26,1000,271,27950,279,33,271
2004-02-27,18000,275,28450,284,34,275
2004-03-02,4000,280,30000,300,36,284
2004-03-03,10000,300,30000,300,36,300
2004-03-04,25000,295,29500,300,35,300
2004-03-05,5000,290,29000,290,35,290
2004-03-08,3000,283,28300,290,34,290
2004-03-09,200,294,29400,294,35,294
2004-03-10,2000,271,27300,275,33,271
2004-03-11,5000,280,28000,280,34,280
2004-03-12,3000,270,28450,284,34,284
2004-03-15,38000,272,28400,284,34,272
2004-03-16,500,283,28350,283,34,283
2004-03-17,0,273,27350,283,33,283
2004-03-18,1000,275,28400,284,34,275
2004-03-19,700,283,28350,286,34,286
2004-03-22,30000,272,27300,283,33,283
2004-03-23,36000,273,28850,296,35,273
2004-03-24,11000,268,27400,284,33,284
2004-03-25,15000,271,28000,290,34,271
2004-03-26,2000,280,28000,280,34,280
2004-03-29,19000,276,28900,289,35,289
2004-03-30,5000,281,28100,281,34,281
2004-03-31,11000,280,28050,281,34,280
2004-04-01,25000,281,28100,284,34,281
2004-04-02,25000,280,28100,281,34,281
2004-04-06,54000,279,28850,290,35,280
2004-04-07,28000,280,28950,289,35,283
2004-04-08,1000,281,28150,289,34,281
2004-04-09,1000,281,28150,281,34,281
2004-04-12,127000,286,29500,295,35,289
2004-04-13,73000,289,28950,300,35,300
2004-04-14,6000,289,29050,299,35,289
2004-04-16,9000,289,29000,290,35,289
2004-04-19,5000,299,30000,300,36,299
2004-04-20,4000,296,30000,309,36,304
2004-04-21,13000,289,28950,310,35,310
2004-04-22,7000,287,28800,288,34,287
2004-04-23,7000,314,31500,330,38,330
2004-04-26,32000,289,29600,310,35,310
2004-04-27,18000,289,30000,300,36,296
2004-04-28,21000,291,30000,300,36,291
2004-04-29,1000,291,30400,304,36,298
2004-04-30,62000,289,28900,300,35,290
2004-05-03,4000,290,29950,299,36,290
2004-05-04,12000,287,29000,293,35,293
2004-05-06,19000,288,29000,290,35,290
2004-05-07,23000,280,28500,290,34,290
2004-05-10,318000,285,29000,327,35,290
2004-05-11,74000,285,28550,304,34,304
2004-05-12,66000,287,28750,299,34,290
2004-05-13,22000,285,28550,304,34,299
2004-05-14,68000,281,28150,294,34,286
2004-05-17,65000,253,27550,290,33,289
2004-05-18,34000,253,27950,279,33,275
2004-05-19,37000,279,28400,284,34,280
2004-05-20,3000,284,29350,294,35,284
2004-05-21,18000,285,28550,293,34,293
2004-05-24,10000,285,28550,286,34,285
2004-05-25,14000,286,28600,295,34,286
2004-05-27,1000,286,28750,287,34,286
2004-05-28,2000,289,28950,289,35,289
2004-05-31,63000,256,27950,299,33,299
2004-06-01,16000,278,28900,289,35,284
2004-06-02,4000,280,28300,283,34,280
2004-06-03,1000,275,27550,288,33,288
2004-06-04,30000,272,27200,284,33,272
2004-06-07,69000,267,27000,280,32,280
2004-06-08,21000,269,26950,271,32,271
2004-06-09,39000,269,29000,295,35,269
2004-06-10,7000,265,27200,272,33,265
2004-06-11,2000,272,28750,287,34,272
2004-06-14,2000,282,28200,282,34,282
2004-06-15,0,282,28200,288,34,288
2004-06-16,9000,282,28200,282,34,282
2004-06-17,5000,282,28200,282,34,282
2004-06-18,48000,280,28200,282,34,280
2004-06-21,1000,285,28500,287,34,285
2004-06-22,17000,280,28000,285,34,285
2004-06-23,16000,280,28000,280,34,280
2004-06-24,8000,285,28500,285,34,285
2004-06-25,17000,280,28000,285,34,285
2004-06-28,1779000,275,27500,280,33,280
2004-06-29,0,276,27650,300,33,300
2004-06-30,5000,276,28200,282,34,276
2004-07-01,13000,282,28550,285,34,282
2004-07-02,44000,285,28750,288,34,285
2004-07-05,13000,260,28500,287,34,287
2004-07-06,10000,287,28700,295,34,295
2004-07-07,21000,284,28400,287,34,287
2004-07-08,10000,282,28200,283,34,283
2004-07-09,10000,280,28000,280,34,280
2004-07-12,10000,280,29100,291,35,283
2004-07-13,0,281,28100,290,34,290
2004-07-14,4000,285,28500,290,34,290
2004-07-15,10000,285,28500,285,34,285
2004-07-16,20000,281,28150,285,34,285
2004-07-19,6000,275,27500,279,33,279
2004-07-20,13000,270,27050,284,32,284
2004-07-21,0,271,27150,279,32,279
2004-07-22,300,274,27400,274,33,274
2004-07-23,100,274,27400,274,33,274
2004-07-26,45000,275,27800,278,33,275
2004-07-27,100,278,27800,278,33,278
2004-07-28,300,278,27800,278,33,278
2004-07-29,2000,276,27600,279,33,279
2004-07-30,600,285,28500,285,34,285
2004-08-02,600,285,28500,285,34,285
2004-08-03,100,282,28250,282,34,282
2004-08-04,4000,280,28000,280,34,280
2004-08-05,0,276,27600,281,33,281
2004-08-06,4000,255,27050,280,32,280
2004-08-09,149000,260,26500,270,32,270
2004-08-10,106000,260,26000,263,31,260
2004-08-11,171000,258,26000,265,31,258
2004-08-12,14000,255,26000,260,31,260
2004-08-13,100,258,25800,258,31,258
2004-08-16,34000,256,25600,260,31,260
2004-08-17,44000,260,26500,265,32,260
2004-08-18,22000,257,26450,264,32,260
2004-08-19,20000,260,26000,260,31,260
2004-08-20,10000,260,27000,270,32,260
2004-08-23,14000,260,26900,269,32,260
2004-08-24,19000,250,26000,265,31,265
2004-08-25,26000,264,27300,273,33,264
2004-08-26,14000,261,26800,279,32,273
2004-08-27,1000,268,26800,269,32,269
2004-08-30,3000,260,26300,274,31,274
2004-08-31,19000,260,26000,260,31,260
2004-09-01,50000,260,26400,265,32,260
2004-09-02,33000,260,26350,265,32,264
2004-09-03,9000,262,26200,264,31,263
2004-09-06,19000,260,26050,263,31,262
2004-09-07,12000,263,26350,263,32,263
2004-09-08,16000,260,26100,262,31,262
2004-09-09,21000,261,26100,264,31,261
2004-09-10,11000,260,26000,263,31,263
2004-09-13,121000,255,26250,262,31,260
2004-09-14,18000,255,26000,262,31,255
2004-09-15,10000,260,26000,260,31,260
2004-09-16,33000,250,25600,259,31,255
2004-09-17,34000,251,25100,258,30,256
2004-09-20,3000,257,26050,260,31,257
2004-09-21,16000,259,25900,259,31,259
2004-09-22,65000,261,26200,263,31,262
2004-09-23,23000,262,26400,264,32,262
2004-09-24,1000,262,26250,262,31,262
2004-09-30,5000,265,26500,268,32,268
2004-10-01,0,261,26100,264,31,264
2004-10-04,69000,260,26500,268,32,268
2004-10-05,71000,260,26500,265,32,265
2004-10-06,42000,260,26000,262,31,261
2004-10-07,1000,256,25650,256,31,256
2004-10-08,70000,260,26000,260,31,260
2004-10-11,17000,250,26150,261,31,250
2004-10-12,1000,261,26100,261,31,261
2004-10-13,1000,251,25900,259,31,251
2004-10-14,12000,236,25950,259,31,236
2004-10-15,24000,254,25400,259,30,259
2004-10-18,4000,252,25600,256,31,254
2004-10-19,243000,254,29400,294,35,257
2004-10-20,500000,294,33800,338,41,294
2004-10-21,1183000,321,36000,388,43,365
2004-10-22,276000,336,33950,376,41,356
2004-10-25,155000,339,34000,380,41,380
2004-10-26,686000,342,39100,391,47,342
2004-10-27,881000,405,44950,449,54,408
2004-10-28,2648000,464,51600,516,62,490
2004-10-29,1767000,439,47000,520,57,500
2004-11-01,2890000,460,49000,540,59,480
2004-11-02,1947000,416,43400,510,52,490
2004-11-03,1168000,401,44450,455,54,420
2004-11-04,583000,411,41100,460,49,431
2004-11-05,1352000,396,41150,440,49,403
2004-11-08,570000,396,40300,420,48,402
2004-11-09,2360000,401,46300,463,56,403
2004-11-10,959000,410,43150,469,52,463
2004-11-11,1686000,431,45100,488,54,435
2004-11-12,839000,414,42950,455,52,452
2004-11-15,760000,410,41000,441,49,440
2004-11-16,404000,397,40500,425,49,406
2004-11-17,247000,400,40200,417,48,417
2004-11-18,303000,382,38600,409,46,383
2004-11-19,325000,373,38000,389,46,376
2004-11-22,221000,361,36300,389,44,380
2004-11-23,217000,364,37500,380,45,364
2004-11-24,271000,360,36250,375,44,370
2004-11-25,351000,360,36850,385,44,365
2004-11-26,226000,357,36000,373,43,372
2004-11-29,187000,350,35000,360,42,350
2004-11-30,201000,340,34050,347,41,345
2004-12-01,156000,340,34800,364,42,340
2004-12-02,231000,345,34900,359,42,348
2004-12-03,201000,342,35500,368,43,349
2004-12-06,111000,347,35000,365,42,365
2004-12-07,231000,331,34200,353,41,349
2004-12-08,201000,326,33050,338,40,330
2004-12-09,208000,325,33000,335,40,325
2004-12-10,117000,318,32450,340,39,340
2004-12-13,70000,311,31750,324,38,315
2004-12-14,57000,313,32250,323,39,313
2004-12-15,511000,317,37050,370,45,317
2004-12-16,642000,353,36800,410,44,380
2004-12-17,174000,345,34900,375,42,375
2004-12-20,136000,336,35300,357,42,341
2004-12-21,100000,338,33850,354,41,345
2004-12-22,80000,331,33100,349,40,336
2004-12-23,150000,320,32050,348,38,348
2004-12-24,80000,320,33300,344,40,320
2004-12-27,37000,325,33500,344,40,328
2004-12-28,68000,316,32300,338,39,327
2004-12-29,71000,317,32500,329,46,320
2004-12-30,187000,315,32550,350,46,315
2005-01-03,67000,317,31800,329,45,320
2005-01-04,289000,314,32450,335,46,318
2005-01-05,131000,320,32800,330,47,325
2005-01-06,115000,320,32200,332,46,330
2005-01-07,40000,315,31550,327,45,327
2005-01-10,42000,311,31450,321,45,315
2005-01-11,389000,303,31250,317,44,317
2005-01-12,62000,308,30950,317,44,308
2005-01-13,86000,301,30800,318,44,306
2005-01-14,79000,302,30700,315,44,302
2005-01-17,533000,308,33100,349,47,308
2005-01-18,104000,317,32750,344,47,344
2005-01-19,168000,321,32600,333,46,321
2005-01-20,102000,323,32800,332,47,326
2005-01-21,83000,328,33500,339,48,328
2005-01-24,81000,326,33400,339,48,335
2005-01-25,57000,321,32600,335,46,335
2005-01-26,132000,325,33300,334,47,328
2005-01-27,121000,322,33100,334,47,334
2005-01-28,140000,328,34200,342,49,329
2005-01-31,209000,346,34950,356,50,347
2005-02-01,138000,344,35250,355,50,355
2005-02-02,95000,351,35250,387,50,352
2005-02-03,111000,343,35350,356,50,343
2005-02-04,197000,351,36900,373,53,360
2005-02-07,129000,370,37200,398,53,370
2005-02-11,144000,330,35600,372,51,372
2005-02-14,163000,347,35900,359,51,359
2005-02-15,422000,355,37400,393,53,359
2005-02-16,1036000,375,40500,429,58,375
2005-02-17,418000,391,41800,418,60,407
2005-02-18,176000,400,41100,420,59,417
2005-02-21,378000,412,43000,454,61,415
2005-02-22,192000,404,40400,427,58,425
2005-02-23,268000,380,38700,395,55,382
2005-02-24,136000,385,39000,393,56,390
2005-02-25,115000,381,38850,399,55,390
2005-02-28,410000,384,39750,400,57,384
2005-03-02,285000,397,40500,415,58,400
2005-03-03,169000,400,40050,424,57,410
2005-03-04,196000,388,39750,400,57,400
2005-03-07,211000,388,39750,412,57,410
2005-03-08,100000,381,38650,400,55,390
2005-03-09,44000,375,38750,389,55,375
2005-03-10,115000,382,38300,394,55,382
2005-03-11,47000,380,39200,420,56,380
2005-03-14,154000,390,41500,415,59,400
2005-03-15,191000,396,40800,413,58,410
2005-03-16,333000,382,41400,414,59,393
2005-03-17,966000,410,47600,476,68,410
2005-03-18,880000,520,54700,547,78,527
2005-03-21,5155000,505,55000,629,79,629
2005-03-22,8053000,500,50000,628,71,570
2005-03-23,2393000,463,52100,530,74,511
2005-03-24,4273000,536,59900,599,86,539
2005-03-25,6865000,610,68800,688,98,610
2005-03-28,6205000,585,63000,748,90,740
2005-03-29,2403000,536,53600,640,77,637
2005-03-30,2910000,520,54400,589,78,527
2005-03-31,2562000,506,51500,568,74,531
2005-04-01,1972000,500,54000,542,77,519
2005-04-04,1136000,520,54400,550,78,545
2005-04-06,2612000,547,55000,590,79,565
2005-04-07,1068000,523,53200,549,76,545
2005-04-08,1051000,500,50000,550,71,535
2005-04-11,1408000,476,48050,501,69,493
2005-04-12,772000,478,47850,492,68,490
2005-04-13,663000,471,47300,486,67,485
2005-04-14,344000,450,45650,470,65,463
2005-04-15,367000,436,44200,450,63,447
2005-04-18,716000,405,40500,427,58,420
2005-04-19,221000,405,41100,415,59,405
2005-04-20,276000,410,41250,418,59,410
2005-04-21,520000,402,42800,442,61,412
2005-04-22,728000,430,43050,468,61,439
2005-04-25,448000,416,42900,434,61,433
2005-04-26,449000,416,41600,439,59,425
2005-04-27,514000,405,43000,437,61,408
2005-04-28,1758000,430,46500,470,66,434
2005-04-29,1621000,412,42100,490,60,465
2005-05-02,367000,411,41100,427,59,420
2005-05-03,313000,411,41250,432,59,412
2005-05-04,256000,410,41800,420,60,410
2005-05-06,360000,411,42500,432,61,411
2005-05-09,367000,420,43700,457,62,425
2005-05-10,838000,435,45900,467,65,435
2005-05-11,2207000,419,41900,500,60,463
2005-05-12,126000,415,41750,428,60,420
2005-05-13,115000,412,41750,423,60,412
2005-05-16,694000,414,43900,480,63,414
2005-05-17,206000,420,42550,449,61,439
2005-05-18,272000,419,42050,431,60,423
2005-05-19,158000,417,42600,431,61,421
2005-05-20,111000,420,42150,429,60,424
2005-05-23,243000,415,42300,428,60,422
2005-05-24,308000,423,43400,459,62,423
2005-05-25,290000,428,43100,447,61,445
2005-05-26,184000,426,42700,438,61,426
2005-05-27,192000,421,43100,432,61,423
2005-05-30,447000,428,45000,450,64,430
2005-05-31,245000,431,45200,463,64,463
2005-06-01,333000,435,46500,465,66,449
2005-06-02,7985000,441,44100,534,63,462
2005-06-03,906000,426,42700,448,61,448
2005-06-07,579000,419,42100,429,60,425
2005-06-08,402000,422,42300,437,60,422
2005-06-09,339000,423,43050,431,61,424
2005-06-10,498000,430,43600,443,62,433
2005-06-13,278000,433,43900,443,63,433
2005-06-14,230000,430,43200,439,62,439
2005-06-15,182000,428,43500,436,62,430
2005-06-16,397000,433,44700,453,64,433
2005-06-17,169000,438,44250,450,63,447
2005-06-20,166000,438,44450,448,63,442
2005-06-21,108000,439,44450,445,63,442
2005-06-22,329000,439,45500,455,65,445
2005-06-23,177000,450,45000,462,64,458
2005-06-24,132000,445,44700,453,64,450
2005-06-27,78000,441,45000,454,64,444
2005-06-28,178000,440,44100,456,63,450
2005-06-29,196000,443,44350,446,63,446
2005-06-30,273000,436,44500,445,63,440
2005-07-01,489000,445,46400,468,66,445
2005-07-04,189000,453,45850,464,65,464
2005-07-05,1017000,475,52700,527,75,485
2005-07-06,4729000,569,58000,606,83,571
2005-07-07,998000,542,56100,575,80,575
2005-07-08,1562000,563,56700,632,81,563
2005-07-11,867000,555,56200,604,80,604
2005-07-12,476000,543,55400,570,79,570
2005-07-13,813000,506,53300,554,76,541
2005-07-14,452000,516,51900,547,74,526
2005-07-15,360000,505,51500,537,74,525
2005-07-18,184000,515,51600,526,74,525
2005-07-19,183000,515,52500,525,75,515
2005-07-20,454000,522,54100,580,77,525
2005-07-21,295000,528,53000,568,76,556
2005-07-22,266000,512,51300,535,73,529
2005-07-25,170000,508,51400,529,73,508
2005-07-26,355000,511,54500,548,78,514
2005-07-27,222000,533,54500,570,78,550
2005-07-28,342000,522,52600,540,75,540
2005-07-29,201000,523,52700,539,75,533
2005-08-01,128000,520,52000,532,74,521
2005-08-02,120000,517,52300,530,75,520
2005-08-03,246000,511,51600,523,74,523
2005-08-04,177000,501,50100,516,72,507
2005-08-05,189000,480,48300,510,69,501
2005-08-08,129000,445,48500,488,69,445
2005-08-09,97000,470,49500,495,71,470
2005-08-10,60000,485,50500,505,72,495
2005-08-11,38000,485,51200,512,73,485
2005-08-12,40000,496,50900,519,73,496
2005-08-16,21000,494,50800,519,73,505
2005-08-17,47000,490,49900,509,71,509
2005-08-18,70000,492,49650,500,71,500
2005-08-19,58000,487,49100,521,70,496
2005-08-22,72000,481,48800,510,70,481
2005-08-23,58000,492,50400,510,72,492
2005-08-24,33000,487,49200,502,70,502
2005-08-25,112000,485,49000,507,70,492
2005-08-26,21000,488,49650,500,71,488
2005-08-29,28000,470,47200,498,67,498
2005-08-30,28000,470,48300,506,69,480
2005-08-31,56000,474,48000,490,68,474
2005-09-01,74000,483,48300,500,69,490
2005-09-02,258000,481,48700,489,70,483
2005-09-05,42000,482,48550,492,69,487
2005-09-06,273000,485,49800,504,71,494
2005-09-07,731000,505,52500,570,75,509
2005-09-08,241000,510,51400,535,73,530
2005-09-09,318000,512,53500,543,76,519
2005-09-12,579000,537,54500,578,78,541
2005-09-13,287000,506,51000,550,73,550
2005-09-14,165000,505,51400,519,73,516
2005-09-15,182000,505,51600,520,74,506
2005-09-16,736000,512,55700,565,80,512
2005-09-20,537000,557,57000,587,81,557
2005-09-21,180000,552,56600,586,81,552
2005-09-22,168000,561,56500,575,81,566
2005-09-23,305000,559,56900,569,81,565
2005-09-26,613000,560,60800,619,87,561
2005-09-27,348000,593,60500,630,86,620
2005-09-28,190000,596,60600,607,87,605
2005-09-29,180610,606,61000,618,87,606
2005-09-30,134010,586,59000,624,84,601
2005-10-04,257900,590,61300,617,88,603
2005-10-05,103510,600,60900,620,87,620
2005-10-06,158900,562,58000,604,83,593
2005-10-07,131200,570,57900,580,83,570
2005-10-10,251810,566,57100,587,82,587
2005-10-11,239550,559,57900,580,83,563
2005-10-12,95500,580,59000,595,84,580
2005-10-13,80600,569,57400,592,82,583
2005-10-14,46000,574,57400,589,82,574
2005-10-17,121000,575,59000,593,84,575
2005-10-18,51000,580,58200,597,83,580
2005-10-19,191300,537,54900,585,78,577
2005-10-20,102900,545,56400,564,81,545
2005-10-21,90700,528,54400,569,78,528
2005-10-24,45900,544,54400,555,78,550
2005-10-25,64800,544,55000,556,79,554
2005-10-26,43600,543,55500,560,79,543
2005-10-27,58000,550,55100,575,79,575
2005-10-28,28610,546,55600,567,79,555
2005-10-31,47610,551,56900,573,81,551
2005-11-01,19800,561,56500,579,81,579
2005-11-02,115100,563,59100,597,84,568
2005-11-03,93500,575,59100,603,84,582
2005-11-04,60900,590,59700,604,85,595
2005-11-07,144000,591,60900,618,87,603
2005-11-08,227600,591,61300,618,88,602
2005-11-09,43100,601,60100,618,86,618
2005-11-10,67200,580,60500,605,86,601
2005-11-11,67810,592,60500,614,86,592
2005-11-14,102900,597,59700,614,85,614
2005-11-15,19800,597,60000,605,86,605
2005-11-16,116000,580,59000,597,84,597
2005-11-17,85700,583,58400,600,83,600
2005-11-18,369400,590,61000,616,87,590
2005-11-21,341300,600,61000,620,87,620
2005-11-22,383690,610,62000,635,89,610
2005-11-23,898200,613,65100,658,93,620
2005-11-24,510790,643,64500,668,92,658
2005-11-25,351700,635,65600,670,94,640
2005-11-28,393300,640,64000,666,91,650
2005-11-29,286400,630,64700,647,92,647
2005-11-30,632800,632,67700,689,97,641
2005-12-01,207200,656,65900,690,94,690
2005-12-02,287600,646,65900,673,94,659
2005-12-05,340500,649,67200,672,96,649
2005-12-06,132100,660,66000,672,94,664
2005-12-07,125500,647,66000,660,94,651
2005-12-08,44500,640,64000,660,91,640
2005-12-09,158400,623,62800,645,90,630
2005-12-12,245810,629,63800,649,91,629
2005-12-13,96600,623,63400,640,91,638
2005-12-14,145900,620,62900,640,90,629
2005-12-15,146500,630,63100,646,90,646
2005-12-16,124000,610,62500,649,89,630
2005-12-19,71700,618,62500,630,89,625
2005-12-20,61100,620,63000,630,90,625
2005-12-21,195200,610,62000,630,89,630
2005-12-22,171000,591,60000,620,86,620
2005-12-23,148900,581,58100,600,83,600
2005-12-26,76000,585,60200,620,86,620
2005-12-27,123400,585,59300,608,85,602
2005-12-28,111100,581,60800,608,105,581
2005-12-29,88200,580,60000,613,103,592
2006-01-02,144200,582,60500,618,104,582
2006-01-03,257700,590,62000,620,107,605
2006-01-04,104900,601,61200,625,105,625
2006-01-05,307500,600,60100,610,103,605
2006-01-06,291900,600,60400,625,104,625
2006-01-09,24800,580,59900,603,103,591
2006-01-10,40900,581,59400,598,102,595
2006-01-11,98000,580,58000,600,100,594
2006-01-12,6000,573,57300,588,99,585
2006-01-13,43900,573,58900,589,101,573
2006-01-16,92500,572,59000,600,102,600
2006-01-17,75600,580,58800,593,101,582
2006-01-18,52700,550,55900,586,96,580
2006-01-19,10000,548,54800,565,94,565
2006-01-20,224200,525,53900,548,93,525
2006-01-23,48900,495,50500,529,87,525
2006-01-24,85300,450,50800,510,87,505
2006-01-25,41200,455,50800,520,87,455
2006-01-26,4400,500,51000,513,88,513
2006-01-27,130300,525,53500,535,92,534
2006-01-31,12700,531,54000,550,93,550
2006-02-01,91800,540,55300,566,95,540
2006-02-02,4900,530,54800,564,94,564
2006-02-03,14100,528,54000,554,93,554
2006-02-06,4500,530,55000,550,95,535
2006-02-07,35500,531,53100,574,91,550
2006-02-08,3200,532,53200,554,91,550
2006-02-09,12800,528,55000,550,95,537
2006-02-10,45100,540,55900,559,96,550
2006-02-13,1100,541,55600,557,96,541
2006-02-14,65430,543,59500,595,102,560
2006-02-15,80000,581,61000,622,105,593
2006-02-16,21900,587,59900,605,103,590
2006-02-17,28600,580,59000,603,102,603
2006-02-20,25000,564,57200,624,98,613
2006-02-21,7800,573,59800,607,103,590
2006-02-22,10400,555,59700,615,103,615
2006-02-23,11700,595,59500,596,102,596
2006-02-24,29630,574,57400,610,99,590
2006-02-27,14000,575,57500,593,99,593
2006-02-28,2700,575,58800,593,101,593
2006-03-02,11300,543,58900,608,101,608
2006-03-03,2500,577,57900,582,100,582
2006-03-06,3900,583,58700,587,101,587
2006-03-07,10100,573,58100,601,100,601
2006-03-08,12200,551,56700,578,98,577
2006-03-09,16300,559,55900,595,96,570
2006-03-10,2500,560,56200,572,97,572
2006-03-13,27900,550,56100,568,96,562
2006-03-14,37100,561,57400,574,99,561
2006-03-15,10300,554,56000,584,96,584
2006-03-16,43900,551,57300,605,99,570
2006-03-17,19900,524,56800,569,98,560
2006-03-20,35000,500,57100,584,98,500
2006-03-21,15200,550,57900,579,100,571
2006-03-22,28000,578,57800,579,99,579
2006-03-23,30400,556,56500,584,97,584
2006-03-24,12800,535,56100,565,96,565
2006-03-27,29300,550,56000,575,96,575
2006-03-28,3900,550,56700,567,98,554
2006-03-29,42900,525,56500,572,97,572
2006-03-30,74300,530,55500,588,95,549
2006-03-31,41600,555,56900,573,98,555
2006-04-03,4700,563,56900,583,98,583
2006-04-04,34300,556,56500,581,97,561
2006-04-05,21600,565,56700,582,98,582
2006-04-06,62500,572,57500,594,99,583
2006-04-07,35700,571,58700,592,101,592
2006-04-10,137400,573,58500,594,101,594
2006-04-11,22600,572,59100,594,102,594
2006-04-12,36900,575,59100,593,102,591
2006-04-13,25200,582,58900,594,101,594
2006-04-14,77100,588,61000,615,105,588
2006-04-17,118900,610,63400,639,109,610
2006-04-18,347000,614,66100,664,114,634
2006-04-19,642500,666,70000,758,121,666
2006-04-20,425600,666,70000,736,121,710
2006-04-21,148300,670,67100,700,116,692
2006-04-24,89930,631,64000,671,110,671
2006-04-25,71400,612,64000,650,110,637
2006-04-26,61900,634,63500,662,109,641
2006-04-27,38800,626,63500,659,109,626
2006-04-28,22900,621,63500,640,109,639
2006-05-02,26900,612,63000,650,108,620
2006-05-03,55800,624,65000,655,112,624
2006-05-04,30200,630,64600,646,111,638
2006-05-08,93600,630,66900,674,115,638
2006-05-09,53700,640,64000,689,110,689
2006-05-10,13400,631,65700,660,113,631
2006-05-11,28600,639,65600,677,113,677
2006-05-12,34600,630,64000,656,110,633
2006-05-15,22700,620,62900,640,108,640
2006-05-16,26100,610,62000,636,107,629
2006-05-17,27300,620,63000,640,108,620
2006-05-18,74000,551,59900,620,103,551
2006-05-19,30000,582,59800,599,103,599
2006-05-22,30000,582,59800,599,103,599
2006-05-23,13800,580,58800,594,101,594
2006-05-24,5100,570,58500,588,101,588
2006-05-25,42900,555,56000,578,96,578
2006-05-26,36000,554,57500,580,99,554
2006-05-29,12000,552,56500,574,97,574
2006-05-30,31800,526,53500,555,92,552
2006-05-31,12000,552,56500,574,97,574
2006-06-01,19500,525,53500,535,92,530
2006-06-02,29300,511,53300,535,92,535
2006-06-05,11900,515,53100,538,91,538
2006-06-07,43800,491,49500,530,85,530
2006-06-08,88200,470,47000,489,81,470
2006-06-09,81800,470,49400,494,85,486
2006-06-12,22300,484,49350,500,85,494
2006-06-13,11400,480,48000,493,82,493
2006-06-14,52300,470,48500,485,83,475
2006-06-15,25500,467,46700,489,80,477
2006-06-16,19600,470,47600,488,82,488
2006-06-19,46600,478,49450,511,85,511
2006-06-20,28400,468,49200,494,85,494
2006-06-21,38000,464,49100,491,84,491
2006-06-22,11200,492,49200,495,85,495
2006-06-23,37300,480,48500,485,83,485
2006-06-26,2500,480,48500,490,83,490
2006-06-27,17200,465,48000,490,82,490
2006-06-28,43630,452,45500,470,78,465
2006-06-29,13400,455,46800,468,80,462
2006-06-30,39900,462,47900,480,82,462
2006-07-03,4900,469,46950,488,81,479
2006-07-04,29000,470,47100,491,81,473
2006-07-05,5000,464,47250,473,81,466
2006-07-06,1000,453,49800,498,86,498
2006-07-07,35000,450,45700,475,79,462
2006-07-10,28000,456,48000,480,82,460
2006-07-11,7000,463,47000,472,81,465
2006-07-12,11000,467,46700,475,80,470
2006-07-13,28000,466,47000,484,81,466
2006-07-14,8000,455,46800,470,80,467
2006-07-18,9000,460,46000,529,79,465
2006-07-19,200,477,47700,477,82,477
2006-07-20,11000,457,47700,507,82,457
2006-07-21,1500,460,48600,497,84,460
2006-07-24,15000,476,47650,490,82,476
2006-07-25,8500,471,47750,495,82,488
2006-07-26,23000,478,52000,520,89,478
2006-07-27,2000,495,52500,529,90,528
2006-07-28,4000,491,51800,520,89,493
2006-07-31,1800,490,52900,529,91,490
2006-08-01,300,500,50000,520,86,520
2006-08-02,500,486,48650,522,84,504
2006-08-03,12600,475,49000,490,84,478
2006-08-04,35700,475,49300,531,85,530
2006-08-07,8900,480,48100,490,83,490
2006-08-08,9100,470,49000,498,84,470
2006-08-09,10300,485,48800,539,84,539
2006-08-10,4200,476,48600,487,84,479
2006-08-11,14700,480,49900,499,86,485
2006-08-14,2900,480,50700,507,87,498
2006-08-16,6000,489,48900,490,84,490
2006-08-17,3400,483,49000,490,84,487
2006-08-18,21600,480,49800,498,86,488
2006-08-21,14000,483,48300,497,83,497
2006-08-22,2000,482,50700,507,87,483
2006-08-23,16300,480,48000,492,82,485
2006-08-24,17400,470,48000,489,82,471
2006-08-25,5500,480,48600,486,84,480
2006-08-28,27000,475,48300,489,83,489
2006-08-29,2300,480,48600,486,84,481
2006-08-30,2700,478,48600,486,84,478
2006-08-31,23300,480,48650,489,84,486
2006-09-01,23200,481,48500,487,83,487
2006-09-04,12900,485,48600,489,84,485
2006-09-05,22800,487,49000,490,84,489
2006-09-06,72300,490,49000,500,84,490
2006-09-07,22000,490,49700,500,85,490
2006-09-08,22200,490,49500,500,85,490
2006-09-11,44900,490,49050,538,84,490
2006-09-12,17600,490,49500,522,85,490
2006-09-13,2200,492,51800,518,89,492
2006-09-14,9800,494,49950,506,86,506
2006-09-15,47900,490,49400,495,85,495
2006-09-18,60600,490,50000,500,86,494
2006-09-19,21900,496,50000,500,86,496
2006-09-20,79300,500,51300,530,88,500
2006-09-21,39100,498,53000,530,91,498
2006-09-22,10800,505,52400,528,90,528
2006-09-25,35100,502,51500,519,89,510
2006-09-26,12900,505,51800,519,89,514
2006-09-27,21100,505,51400,518,88,507
2006-09-28,26200,503,50300,524,86,514
2006-09-29,2700,505,50800,529,87,505
2006-10-02,100,514,51400,514,88,514
2006-10-04,13300,503,50900,518,88,505
2006-10-09,43900,460,46600,506,80,491
2006-10-10,16200,455,47200,478,81,457
2006-10-11,30700,460,47000,472,81,472
2006-10-12,7700,470,47100,471,81,470
2006-10-13,29100,472,48000,499,82,475
2006-10-16,30400,472,47950,480,82,475
2006-10-17,22500,470,47000,480,81,480
2006-10-18,7600,465,46600,470,80,470
2006-10-19,8800,466,47500,479,82,466
2006-10-20,5000,470,47500,475,82,470
2006-10-23,3760,475,48000,484,82,475
2006-10-24,20700,480,50500,510,87,485
2006-10-25,36600,476,49900,504,86,485
2006-10-26,51100,500,50500,510,87,505
2006-10-27,12300,508,52000,520,89,510
2006-10-30,10200,510,51000,520,88,520
2006-10-31,38500,480,51000,524,88,518
2006-11-01,2400,501,50100,517,86,517
2006-11-02,15300,500,50800,508,87,501
2006-11-03,12100,500,50900,514,88,514
2006-11-06,7500,505,50500,507,87,505
2006-11-07,20400,495,51000,510,88,495
2006-11-08,10900,495,50200,520,86,520
2006-11-09,16400,500,50400,504,87,502
2006-11-10,35400,495,51800,525,89,495
2006-11-13,25700,509,51100,518,88,518
2006-11-14,49400,504,52500,525,90,507
2006-11-15,21400,518,52000,535,89,518
2006-11-16,15100,524,52500,528,90,528
2006-11-17,31600,518,52500,525,90,520
2006-11-20,23700,511,51700,525,89,525
2006-11-21,18100,502,51800,518,89,517
2006-11-22,75800,512,52000,524,89,517
2006-11-23,32000,515,52400,524,90,515
2006-11-24,62900,520,52700,554,91,554
2006-11-27,37360,526,54500,569,94,526
2006-11-28,49600,530,54900,549,94,535
2006-11-29,23900,549,56200,563,97,549
2006-11-30,21000,560,57000,570,98,560
2006-12-01,70400,558,56600,575,97,575
2006-12-04,21400,561,57500,575,99,571
2006-12-05,15100,560,56900,573,98,572
2006-12-06,55100,546,56400,565,97,557
2006-12-07,11100,551,56400,564,97,564
2006-12-08,72800,540,56000,560,96,554
2006-12-11,5500,550,55600,580,96,550
2006-12-12,39500,540,55200,553,95,553
2006-12-13,7900,547,55400,560,95,555
2006-12-14,16200,555,56000,569,96,569
2006-12-15,48000,550,59700,629,103,560
2006-12-18,20300,563,59600,596,103,576
2006-12-19,14300,567,57000,585,98,569
2006-12-20,116800,562,57000,575,98,570
2006-12-21,5900,563,56500,570,97,563
2006-12-22,100,569,56900,569,98,569
2006-12-26,23600,544,54400,576,94,576
2006-12-27,97400,551,56400,625,119,625
2006-12-28,21100,552,56100,564,118,564
2007-01-02,2200,545,54500,557,115,551
2007-01-03,25900,529,55400,554,117,548
2007-01-04,2400,541,56800,572,120,554
2007-01-05,38700,540,54900,568,116,568
2007-01-08,22200,526,53900,580,114,580
2007-01-09,3400,532,54300,549,115,539
2007-01-10,61700,520,55000,550,116,530
2007-01-11,15200,541,54900,569,116,555
2007-01-12,1720860,565,63100,631,133,565
2007-01-15,692230,600,61000,670,129,670
2007-01-16,154480,600,60600,622,128,618
2007-01-17,299500,595,61700,647,130,615
2007-01-18,150600,602,60500,635,128,615
2007-01-19,184820,600,60100,619,127,611
2007-01-22,81300,596,63100,635,133,601
2007-01-23,101800,600,61000,634,129,611
2007-01-24,106200,600,61900,628,131,628
2007-01-25,41600,607,62400,626,132,607
2007-01-26,135600,616,62900,635,133,624
2007-01-29,389850,626,65600,657,138,629
2007-01-30,213400,630,66400,669,140,659
2007-01-31,260300,630,64700,663,137,646
2007-02-01,98700,630,63100,646,133,630
2007-02-02,143700,616,63000,636,133,631
2007-02-05,95500,612,61500,629,130,622
2007-02-06,34000,611,61500,629,130,620
2007-02-07,42000,607,60800,617,128,607
2007-02-08,11300,602,61100,612,129,612
2007-02-09,35800,601,61400,616,130,601
2007-02-12,6000,614,61900,619,131,617
2007-02-13,19000,605,62400,630,132,605
2007-02-14,45200,608,60800,620,128,610
2007-02-15,142600,602,61100,615,129,602
2007-02-16,28900,606,61000,617,129,606
2007-02-20,34800,611,61100,622,129,615
2007-02-21,100100,605,61000,618,129,618
2007-02-22,139840,607,62000,624,131,610
2007-02-23,29100,613,61800,633,130,633
2007-02-26,49700,610,61800,640,130,612
2007-02-27,43500,606,61000,634,129,606
2007-02-28,113230,580,58500,604,123,580
2007-03-05,121600,585,60000,609,127,586
2007-03-06,16300,586,60800,610,128,586
2007-03-07,41700,598,60500,608,128,602
2007-03-08,33600,595,60300,614,127,614
2007-03-09,73500,596,60000,607,127,607
2007-03-12,91600,590,60900,623,129,623
2007-03-13,64200,599,61300,614,129,608
2007-03-14,62900,590,60400,609,127,595
2007-03-15,160000,594,61900,619,131,594
2007-03-16,72900,609,61700,627,130,615
2007-03-19,55700,612,62000,625,131,612
2007-03-20,83900,617,63000,632,133,632
2007-03-21,97730,620,63400,635,134,625
2007-03-22,55500,636,63600,655,134,639
2007-03-23,121800,630,64500,645,136,642
2007-03-26,95800,635,65000,655,137,653
2007-03-27,61670,648,65600,659,138,650
2007-03-28,125800,637,64000,670,135,650
2007-03-29,19900,646,65300,653,138,646
2007-03-30,20800,645,64500,660,136,660
2007-04-02,157500,643,66200,694,140,643
2007-04-03,65400,652,69000,690,146,655
2007-04-04,40000,675,67600,718,143,685
2007-04-05,96500,658,67900,683,143,683
2007-04-06,47200,666,68300,688,144,679
2007-04-09,88500,683,69600,700,147,692
2007-04-10,97400,682,69500,706,147,699
2007-04-11,139900,677,70000,700,148,695
2007-04-12,342000,694,74800,755,158,700
2007-04-13,162040,740,76100,790,161,740
2007-04-16,91420,733,74800,779,158,779
2007-04-17,84000,726,73000,748,154,740
2007-04-18,49900,710,72700,748,154,735
2007-04-19,118500,696,71800,727,152,727
2007-04-20,66400,702,73900,740,156,720
2007-04-23,219000,723,75900,775,160,750
2007-04-24,68810,717,77100,774,163,717
2007-04-25,72000,750,76800,797,162,797
2007-04-26,26300,770,78300,790,165,790
2007-04-27,30900,760,77000,784,163,784
2007-04-30,200,780,78000,798,165,798
2007-05-02,72800,750,77900,780,165,770
2007-05-03,198500,792,80300,805,170,797
2007-05-04,42710,778,80800,810,171,778
2007-05-07,22750,788,80700,820,170,820
2007-05-08,19400,785,78500,828,166,828
2007-05-09,56100,751,77500,785,164,785
2007-05-10,229500,721,78000,800,165,775
2007-05-11,19000,751,77900,780,165,760
2007-05-14,67800,755,76300,797,161,760
2007-05-15,55000,750,76900,769,162,769
2007-05-16,118000,761,78500,789,166,769
2007-05-17,90100,770,79500,798,168,798
2007-05-18,71500,790,79000,810,167,795
2007-05-21,87100,773,78100,795,165,780
2007-05-22,117900,770,80000,800,169,789
2007-05-23,131400,791,81500,815,172,795
2007-05-25,41500,793,80500,815,170,793
2007-05-28,62300,796,80800,819,171,819
2007-05-29,34300,799,80600,820,170,820
2007-05-30,48000,794,80700,810,170,810
2007-05-31,40600,795,81500,818,172,818
2007-06-01,294600,784,79000,820,167,817
2007-06-04,129600,766,77500,800,164,799
2007-06-05,98450,765,79000,792,167,782
2007-06-07,42100,781,81000,810,171,790
2007-06-08,10000,801,80400,820,170,813
2007-06-11,77200,790,79900,815,169,814
2007-06-12,73210,800,82000,828,173,804
2007-06-13,235040,820,92500,938,195,820
2007-06-14,80000,886,92500,939,195,939
2007-06-15,87300,910,91200,949,193,949
2007-06-18,417200,916,100000,1045,211,950
2007-06-19,154500,953,100000,1060,211,986
2007-06-20,200700,990,100000,1070,211,1070
2007-06-21,104300,973,99900,1035,211,1035
2007-06-22,108700,972,102000,1075,216,981
2007-06-25,87400,995,105000,1070,222,1005
2007-06-26,141000,984,102500,1060,217,1050
2007-06-27,48900,994,102000,1030,216,1030
2007-06-28,58400,1000,102000,1020,216,1005
2007-06-29,24000,1000,102000,1040,216,1040
2007-07-02,8840,990,99200,1010,210,1000
2007-07-03,13600,992,100000,1030,211,1030
2007-07-04,130400,974,99100,1005,209,991
2007-07-05,75500,976,99200,1050,210,976
2007-07-06,78500,995,102500,1035,217,998
2007-07-09,314500,1025,110000,1150,233,1025
2007-07-10,152400,1070,109000,1145,230,1100
2007-07-11,387000,1090,120000,1240,254,1090
2007-07-12,442200,1165,119000,1295,252,1235
2007-07-13,131800,1170,117000,1270,247,1195
2007-07-16,59600,1120,115500,1185,244,1180
2007-07-18,99300,1100,113000,1160,239,1150
2007-07-19,62800,1105,114000,1175,241,1125
2007-07-20,31510,1155,118000,1200,249,1180
2007-07-23,103400,1140,123500,1245,261,1155
2007-07-24,48900,1145,118000,1285,249,1255
2007-07-25,64810,1130,113000,1175,239,1160
2007-07-26,50300,1125,116000,1160,245,1160
2007-07-27,107700,1070,112000,1150,237,1150
2007-07-30,98100,1070,109000,1125,230,1120
2007-07-31,47200,1080,111500,1125,236,1120
2007-08-01,30800,1060,110000,1115,233,1110
2007-08-02,35700,1025,107000,1115,226,1080
2007-08-03,14300,1075,109000,1090,230,1090
2007-08-06,13000,1070,109000,1090,230,1070
2007-08-07,45800,1060,107000,1100,226,1085
2007-08-08,94400,1050,110000,1100,233,1090
2007-08-09,49700,1045,108000,1090,228,1060
2007-08-10,75100,981,101500,1060,215,1010
2007-08-13,52500,990,99100,1015,209,1000
2007-08-14,61700,969,96900,1010,205,991
2007-08-16,228100,824,82400,959,174,880
2007-08-17,124100,812,81900,844,173,830
2007-08-20,53700,835,90000,900,190,835
2007-08-21,40800,900,92000,923,194,900
2007-08-22,71000,900,91800,920,194,920
2007-08-23,30600,925,93000,994,197,994
2007-08-24,15370,930,94300,947,199,936
2007-08-27,23200,921,92100,940,195,940
2007-08-28,44300,921,94500,945,200,921
2007-08-29,135600,940,98000,989,207,945
2007-08-30,111100,981,104000,1090,220,994
2007-08-31,104200,1030,107500,1105,227,1050
2007-09-03,33500,1055,105500,1100,223,1100
2007-09-04,61600,1025,102500,1080,217,1080
2007-09-05,45000,1015,101500,1090,215,1090
2007-09-06,39400,992,102500,1025,217,1000
2007-09-07,20600,990,99000,1030,209,1010
2007-09-10,79000,930,96000,981,203,981
2007-09-11,71300,952,98000,998,207,960
2007-09-12,30750,962,96200,994,203,980
2007-09-13,21700,941,97000,974,205,957
2007-09-14,31200,971,98700,993,209,993
2007-09-17,26000,980,99000,1010,209,998
2007-09-18,28330,951,95100,998,201,998
2007-09-19,35600,970,97000,990,205,990
2007-09-20,8200,955,98500,990,208,977
2007-09-21,122100,940,94000,985,199,984
2007-09-27,23600,935,93800,970,198,951
2007-09-28,109200,936,94800,970,200,945
2007-10-01,42300,925,93800,960,198,941
2007-10-02,76300,931,93400,1000,197,960
2007-10-04,92700,881,92000,934,194,934
2007-10-05,63900,883,90000,901,190,901
2007-10-08,37600,890,90300,936,191,936
2007-10-09,51900,890,91000,938,192,907
2007-10-10,7000,900,90500,930,191,930
2007-10-11,43400,870,87000,908,184,905
2007-10-12,36300,835,84000,897,177,870
2007-10-15,44600,847,87000,898,184,847
2007-10-16,26700,873,87300,925,184,900
2007-10-17,3500,851,87200,878,184,877
2007-10-18,10900,860,87800,897,185,897
2007-10-19,54500,840,86400,882,183,840
2007-10-22,11500,774,84500,864,179,774
2007-10-23,55200,840,84700,860,179,860
2007-10-24,37400,800,83000,850,175,847
2007-10-25,35660,830,83000,847,175,847
2007-10-26,5160,807,81600,846,172,807
2007-10-29,26800,800,83400,844,176,816
2007-10-30,135300,803,80300,830,170,806
2007-10-31,11900,789,83200,836,176,803
2007-11-01,156600,781,79000,816,167,812
2007-11-02,69000,770,77000,790,163,790
2007-11-05,87270,738,75000,806,158,806
2007-11-06,13130,750,76800,768,162,752
2007-11-07,73000,760,79000,795,167,795
2007-11-08,22710,740,76000,790,160,790
2007-11-09,64000,740,78000,789,165,760
2007-11-12,46000,742,75000,778,158,778
2007-11-13,56100,742,75200,809,159,800
2007-11-14,23500,752,77100,790,163,752
2007-11-15,47700,774,78400,810,166,774
2007-11-16,54800,760,78000,790,165,784
2007-11-19,40600,760,76600,785,162,783
2007-11-20,12000,743,76000,777,160,775
2007-11-21,111300,735,73500,768,155,745
2007-11-22,43000,740,74200,760,157,742
2007-11-23,53900,735,74900,800,158,780
2007-11-26,17000,727,73200,770,155,749
2007-11-27,17800,729,74100,800,156,730
2007-11-28,41700,741,77800,780,164,741
2007-11-29,38000,740,76900,778,162,778
2007-11-30,47400,746,76400,764,161,746
2007-12-03,36200,760,77000,780,163,760
2007-12-04,23900,714,78000,839,165,714
2007-12-05,2000,771,77100,771,163,771
2007-12-06,28600,736,78000,780,165,771
2007-12-07,12000,760,77000,770,163,760
2007-12-10,23900,734,75100,770,159,770
2007-12-11,37000,752,75900,770,160,768
2007-12-12,9300,745,75000,760,158,760
2007-12-13,23400,753,77500,795,164,795
2007-12-14,8700,750,75000,780,158,780
2007-12-17,23400,720,74000,749,156,749
2007-12-18,191000,740,80800,851,171,740
2007-12-20,38000,772,80900,840,171,840
2007-12-21,708510,755,81000,820,171,820
2007-12-24,15200,798,81300,827,172,798
2007-12-26,10000,811,81100,818,171,818
2007-12-27,19600,740,81500,815,196,740
2007-12-28,5100,785,79900,815,193,815
2008-01-02,15100,764,79700,832,192,800
2008-01-03,2000,796,79600,796,192,796
2008-01-04,1300,752,76900,795,185,752
2008-01-07,8400,752,76700,798,185,768
2008-01-08,10300,767,79700,800,192,767
2008-01-09,24900,752,78400,795,189,795
2008-01-10,89200,736,75400,775,182,746
2008-01-11,663420,730,75000,757,181,754
2008-01-14,12200,735,75000,750,181,735
2008-01-15,29300,640,73500,763,177,750
2008-01-16,12700,700,72900,735,176,735
2008-01-17,23300,693,71500,727,172,727
2008-01-18,31700,715,73900,739,178,715
2008-01-21,59600,700,73500,747,177,747
2008-01-22,29300,642,69800,701,168,663
2008-01-23,72200,672,70000,700,169,672
2008-01-24,24000,710,73900,750,178,735
2008-01-25,600,756,75600,765,182,765
2008-01-28,11700,740,74600,783,180,757
2008-01-29,200,746,76600,766,185,746
2008-01-30,13200,706,72000,777,173,777
2008-01-31,1810,685,73700,737,178,685
2008-02-01,21500,729,74500,745,180,745
2008-02-04,33800,710,73600,834,177,730
2008-02-05,5500,741,76000,760,183,741
2008-02-11,2000,717,75500,795,182,795
2008-02-12,12100,749,76000,760,183,750
2008-02-13,18400,731,77500,790,187,790
2008-02-14,6500,728,77000,775,186,774
2008-02-15,9700,752,77500,784,187,784
2008-02-18,9200,736,76900,769,185,750
2008-02-19,33300,724,74800,770,180,770
2008-02-20,33100,736,75500,755,182,748
2008-02-21,5800,730,76600,770,185,769
2008-02-22,4600,745,77900,779,188,745
2008-02-25,12800,769,77800,778,187,769
2008-02-26,39100,745,76700,769,185,765
2008-02-27,27400,745,74500,766,180,766
2008-02-28,11300,745,76500,785,184,745
2008-02-29,11700,740,74400,765,179,742
2008-03-03,16340,745,76500,840,184,748
2008-03-04,12800,750,76400,774,184,765
2008-03-05,27300,750,75000,757,181,757
2008-03-06,14100,740,74000,750,178,750
2008-03-07,21900,727,74500,745,180,744
2008-03-10,10500,740,75200,760,181,760
2008-03-11,2900,721,74500,757,180,757
2008-03-12,11800,738,74600,760,180,760
2008-03-13,2300,745,74500,778,180,746
2008-03-14,1300,746,75400,769,182,769
2008-03-17,46500,723,74700,753,180,723
2008-03-18,10300,723,74600,747,180,723
2008-03-19,2200,747,74700,748,180,748
2008-03-20,300,685,74500,745,180,685
2008-03-21,42800,703,73000,744,176,703
2008-03-24,12400,710,75400,754,182,720
2008-03-25,1810,760,77900,788,188,760
2008-03-26,6300,741,77000,779,186,779
2008-03-27,6510,725,76400,764,184,725
2008-03-28,100,756,75600,756,182,756
2008-03-31,500,740,75400,754,182,750
2008-04-01,19110,748,76000,760,183,748
2008-04-02,7000,740,74900,753,180,753
2008-04-03,800,740,74900,749,180,749
2008-04-04,4800,740,75100,849,181,849
2008-04-07,15400,710,73600,751,177,736
2008-04-08,34600,700,74000,754,178,754
2008-04-10,74600,705,74100,749,179,740
2008-04-11,3100,738,74100,749,179,739
2008-04-14,10400,716,73200,748,176,741
2008-04-15,5500,715,72100,735,174,735
2008-04-16,78110,672,68700,720,165,720
2008-04-17,26200,688,69900,703,168,698
2008-04-18,33550,699,70000,710,169,700
2008-04-21,42400,695,70000,705,169,700
2008-04-22,59400,690,70700,725,170,694
2008-04-23,2397550,690,70500,709,170,696
2008-04-24,42300,700,70900,715,171,700
2008-04-25,28000,697,71000,715,171,715
2008-04-28,9000,695,70000,715,169,715
2008-04-29,68500,675,69800,698,168,695
2008-04-30,19200,700,70000,700,169,700
2008-05-02,24160,687,70500,710,170,687
2008-05-06,48400,700,70000,720,169,720
2008-05-07,4400,719,71900,721,173,720
2008-05-08,13200,687,70500,710,170,687
2008-05-09,1000,700,70000,709,169,709
2008-05-13,24000,691,69900,713,168,705
2008-05-14,75700,687,70700,707,170,687
2008-05-15,166800,694,69700,710,168,710
2008-05-16,196500,681,68600,700,165,690
2008-05-19,24800,690,70000,705,169,690
2008-05-20,36400,690,71000,720,171,700
2008-05-21,33900,693,69600,702,168,700
2008-05-22,36700,689,68900,692,166,690
2008-05-23,25400,689,69900,700,168,693
2008-05-26,100,699,69900,699,168,699
2008-05-27,83100,690,71500,715,172,690
2008-05-28,28700,695,69500,715,167,705
2008-05-29,44100,695,69800,705,168,695
2008-05-30,12200,685,69100,713,166,705
2008-06-02,12700,691,69800,700,168,700
2008-06-03,46000,670,67000,688,161,682
2008-06-04,13900,690,69000,708,166,708
2008-06-05,13100,682,68900,700,166,690
2008-06-09,86900,600,69300,700,167,600
2008-06-10,18200,674,69400,694,167,681
2008-06-11,9000,693,69800,709,168,693
2008-06-12,23500,680,71400,714,172,680
2008-06-13,21100,680,71100,711,171,710
2008-06-16,4600,690,71100,711,171,711
2008-06-17,10800,695,70900,711,171,695
2008-06-18,14500,686,68800,709,166,709
2008-06-19,25900,686,70600,712,170,688
2008-06-20,5910,682,70600,713,170,682
2008-06-23,21900,658,69600,700,168,700
2008-06-24,14000,664,69900,700,168,696
2008-06-25,10300,695,70000,700,169,699
2008-06-26,700,710,71000,710,171,710
2008-06-27,14000,675,70200,705,169,675
2008-06-30,45510,699,71000,713,171,702
2008-07-01,4200,680,71000,714,171,714
2008-07-02,5500,690,70600,710,170,700
2008-07-03,64310,685,70300,723,169,695
2008-07-04,9000,671,71000,710,171,710
2008-07-07,8300,680,69800,700,168,700
2008-07-08,64200,687,69400,700,167,700
2008-07-09,8700,685,70500,705,170,694
2008-07-10,2700,672,69900,700,168,692
2008-07-11,6500,675,69900,699,168,690
2008-07-14,2600,685,70000,700,169,690
2008-07-15,30300,677,71800,750,173,680
2008-07-16,20600,690,70800,718,171,701
2008-07-17,59800,701,71200,712,172,710
2008-07-18,46400,702,71500,739,172,705
2008-07-21,286410,728,82200,822,198,728
2008-07-22,818010,862,94500,945,228,900
2008-07-23,1037240,892,92300,1020,223,970
2008-07-24,630940,865,90800,951,219,940
2008-07-25,344240,841,84200,917,203,901
2008-07-28,208700,825,82500,860,199,843
2008-07-29,146100,780,78100,830,188,815
2008-07-30,206400,776,78000,830,188,811
2008-07-31,93090,756,78200,800,188,781
2008-08-01,134310,737,75200,789,181,762
2008-08-04,127500,722,72300,764,174,744
2008-08-05,86700,710,72500,750,175,744
2008-08-06,105200,729,74000,754,178,729
2008-08-07,107910,715,71600,747,173,742
2008-08-08,31000,705,71200,719,172,710
2008-08-11,37720,709,72000,725,173,725
2008-08-12,283270,719,74500,790,180,727
2008-08-13,78400,720,72000,755,173,746
2008-08-14,68800,661,72700,755,175,661
2008-08-18,55100,695,70200,715,169,705
2008-08-19,82000,664,66500,701,160,683
2008-08-20,19300,650,66900,669,161,650
2008-08-21,17000,650,66800,685,161,670
2008-08-22,167100,631,63500,670,153,659
2008-08-25,19700,635,64300,669,155,635
2008-08-26,48410,563,62500,645,151,643
2008-08-27,12000,610,62900,630,151,618
2008-08-28,25000,625,62700,670,151,635
2008-08-29,42200,600,60000,649,144,632
2008-09-01,42520,560,56000,600,135,583
2008-09-02,127700,480,54700,547,132,545
2008-09-03,30100,510,56400,585,136,535
2008-09-04,70400,535,53700,576,129,570
2008-09-05,12400,523,53900,540,130,528
2008-09-08,30400,540,55400,575,133,573
2008-09-09,31200,549,58900,620,142,549
2008-09-10,14060,540,56300,588,136,575
2008-09-11,18050,531,53100,566,128,566
2008-09-12,10600,536,55100,557,133,537
2008-09-16,15200,522,53000,550,128,540
2008-09-17,12900,533,54100,578,130,560
2008-09-18,3400,517,54400,544,131,528
2008-09-19,73300,525,54000,569,130,540
2008-09-22,34050,540,55500,560,134,540
2008-09-23,22300,530,54300,555,131,555
2008-09-24,9400,541,54300,550,131,543
2008-09-25,16500,530,53000,547,128,540
2008-09-26,27800,520,53400,547,129,520
2008-09-29,20200,525,52500,540,126,536
2008-09-30,29410,500,52000,530,125,515
2008-10-01,13600,505,51900,535,125,520
2008-10-02,35900,510,52100,539,125,510
2008-10-06,6300,495,50400,517,121,503
2008-10-07,15200,478,50800,509,122,500
2008-10-08,29500,467,48000,503,115,470
2008-10-09,308800,420,43050,498,104,490
2008-10-10,275000,380,47700,477,115,397
2008-10-13,32600,433,45800,470,110,470
2008-10-14,45130,463,49700,500,120,480
2008-10-15,3000,480,48750,507,117,506
2008-10-16,35400,420,46000,470,111,430
2008-10-17,36300,410,41000,473,99,473
2008-10-20,27500,401,42500,460,102,410
2008-10-21,10210,416,42300,449,102,449
2008-10-22,86380,360,39600,410,95,405
2008-10-23,189580,340,35000,382,84,349
2008-10-24,122000,297,29750,372,71,350
2008-10-27,47100,264,30000,334,72,334
2008-10-28,38400,266,32050,320,77,295
2008-10-29,48300,301,31850,350,76,320
2008-10-30,23700,300,34850,360,84,300
2008-10-31,6000,329,36200,379,87,329
2008-11-03,25100,344,38000,380,91,377
2008-11-04,7350,351,38350,385,92,351
2008-11-05,21200,376,40000,420,96,394
2008-11-06,12600,355,35500,387,85,364
2008-11-07,40500,321,35450,384,85,321
2008-11-10,17600,342,37100,373,89,349
2008-11-11,52900,350,35050,383,84,371
2008-11-12,12600,330,35300,354,85,339
2008-11-13,19500,326,35300,378,85,326
2008-11-14,14900,339,35900,370,86,353
2008-11-17,10800,329,36800,389,88,389
2008-11-18,2100,352,36700,367,88,367
2008-11-19,9220,340,35800,371,86,371
2008-11-20,10300,312,31200,340,75,322
2008-11-21,24800,271,33050,358,79,300
2008-11-24,26600,319,34050,364,82,340
2008-11-25,34500,310,32000,379,77,379
2008-11-26,87700,300,30500,347,73,320
2008-11-27,19100,305,33750,337,81,305
2008-11-28,10200,314,33800,364,81,364
2008-12-01,12400,320,33000,348,79,348
2008-12-02,21500,296,33300,358,80,296
2008-12-03,13800,321,34000,348,82,321
2008-12-04,17500,325,34650,349,83,349
2008-12-05,2700,330,33000,339,79,335
2008-12-08,6100,325,34300,343,82,325
2008-12-09,10400,335,35350,353,85,340
2008-12-10,7300,349,35550,355,85,349
2008-12-11,50010,340,34150,350,82,346
2008-12-12,58210,315,32950,337,79,337
2008-12-15,33800,330,35100,351,84,336
2008-12-16,22100,333,34500,355,83,333
2008-12-17,49800,330,34500,353,83,345
2008-12-18,18030,343,35300,354,85,353
2008-12-19,23500,344,34650,356,83,352
2008-12-22,24500,335,34650,350,83,349
2008-12-23,21500,330,34500,345,83,341
2008-12-24,11910,321,33200,349,80,335
2008-12-26,20030,342,35000,350,84,350
2008-12-29,35900,320,33700,343,95,343
2008-12-30,5000,325,34850,348,98,325
2009-01-02,10800,334,35150,351,99,344
2009-01-05,10600,345,36200,388,102,349
2009-01-06,8500,327,36000,370,101,367
2009-01-07,53400,361,41050,410,115,376
2009-01-08,22700,383,39950,408,112,408
2009-01-09,16400,374,37700,400,106,400
2009-01-12,59800,355,37000,375,104,355
2009-01-13,39600,345,35500,379,100,379
2009-01-14,18000,355,36650,397,103,359
2009-01-15,19000,341,34950,387,98,349
2009-01-16,99300,330,35000,365,98,340
2009-01-19,43130,350,35950,370,101,350
2009-01-20,27100,344,34700,370,97,370
2009-01-21,49450,339,35800,387,100,339
2009-01-22,32600,351,38150,387,107,359
2009-01-23,18900,348,35800,380,100,380
2009-01-28,37300,344,35550,366,100,355
2009-01-29,44400,350,35500,375,100,369
2009-01-30,12500,350,36400,365,102,355
2009-02-02,70700,345,36000,369,101,369
2009-02-03,28800,350,36200,370,102,350
2009-02-04,40600,362,37600,385,105,362
2009-02-05,80800,361,37600,380,105,371
2009-02-06,70210,365,36500,385,102,385
2009-02-09,138700,363,37550,377,105,363
2009-02-10,57800,376,39200,398,110,376
2009-02-11,85900,374,38100,397,107,392
2009-02-12,79640,375,38350,407,108,384
2009-02-13,146950,382,39100,418,110,391
2009-02-16,213480,390,42000,444,118,390
2009-02-17,82000,386,39600,421,111,421
2009-02-18,84850,366,38100,418,107,366
2009-02-19,74300,379,41100,411,115,381
2009-02-20,89200,376,38700,430,109,398
2009-02-23,17500,381,40500,410,114,381
2009-02-24,42700,396,40000,413,112,404
2009-02-25,99300,390,40100,430,113,414
2009-02-26,66500,368,40000,420,112,398
2009-02-27,50150,370,39050,400,110,370
2009-03-02,26900,380,38100,408,107,408
2009-03-03,15700,360,36950,380,104,370
2009-03-04,8900,356,38000,380,107,358
2009-03-05,5000,368,36900,400,104,400
2009-03-06,24000,350,36000,371,101,354
2009-03-09,5800,359,36100,376,101,361
2009-03-10,37900,356,35600,372,100,363
2009-03-11,11400,356,37600,376,105,363
2009-03-12,24000,363,37900,379,106,376
2009-03-13,42500,353,36600,378,103,370
2009-03-16,33700,360,37050,378,104,369
2009-03-17,18200,370,38900,389,109,370
2009-03-18,25700,381,39900,400,112,400
2009-03-19,10210,383,39200,418,110,418
2009-03-20,12000,390,40000,400,112,390
2009-03-23,1500,396,39800,398,112,396
2009-03-24,31300,400,40600,408,114,401
2009-03-25,3900,395,40400,404,113,395
2009-03-26,9490,404,40500,407,114,407
2009-03-27,43600,394,40000,419,112,415
2009-03-30,15110,388,38950,408,109,408
2009-03-31,15200,388,39200,399,110,397
2009-04-01,41900,395,39900,422,112,398
2009-04-02,100300,400,42000,421,118,410
2009-04-03,41200,410,41900,423,118,423
2009-04-06,84000,416,43350,435,122,416
2009-04-07,32900,425,43650,436,123,430
2009-04-08,40850,425,42700,445,120,438
2009-04-09,281560,425,47300,480,133,435
2009-04-10,143660,466,50700,525,142,486
2009-04-13,62900,510,53000,540,149,511
2009-04-14,20700,508,50800,546,143,546
2009-04-15,129000,470,48000,540,135,540
2009-04-16,64900,485,49000,510,138,485
2009-04-17,30440,478,49000,508,138,508
2009-04-20,8100,490,49900,509,140,492
2009-04-21,22460,468,49000,504,138,480
2009-04-22,31800,484,51000,510,143,490
2009-04-23,53300,490,49450,504,139,500
2009-04-24,19400,483,49050,508,138,494
2009-04-27,12300,481,49300,507,138,490
2009-04-28,38800,484,49000,506,138,495
2009-04-29,2300,468,50100,501,141,468
2009-04-30,133700,485,52000,525,146,485
2009-05-04,18000,504,50900,539,143,539
2009-05-06,41810,502,51400,524,144,511
2009-05-07,35020,513,51300,525,144,524
2009-05-08,32100,510,51800,525,146,513
2009-05-11,24400,515,52400,530,147,518
2009-05-12,20400,505,51000,531,143,505
2009-05-13,23680,514,54000,540,152,526
2009-05-14,7600,517,52200,540,147,517
2009-05-15,267200,521,54000,600,152,523
2009-05-18,39900,542,56100,574,158,542
2009-05-19,42200,560,59000,591,166,578
2009-05-20,20300,575,58800,595,165,595
2009-05-21,40000,568,56800,588,160,588
2009-05-22,107400,560,57000,587,160,574
2009-05-25,87600,541,55800,568,157,567
2009-05-26,19100,545,55900,575,157,553
2009-05-27,59100,542,54200,570,152,559
2009-05-28,47500,516,51600,540,145,533
2009-05-29,8600,519,51900,553,146,524
2009-06-01,30400,519,53300,543,150,524
2009-06-02,95500,520,54000,558,152,534
2009-06-03,68900,530,53500,540,150,540
2009-06-04,45600,515,52600,535,148,535
2009-06-05,29600,510,51400,534,144,526
2009-06-08,133500,520,56900,588,160,526
2009-06-09,47600,533,54500,570,153,569
2009-06-10,46910,535,54000,541,152,535
2009-06-11,34500,525,53300,544,150,525
2009-06-12,113510,525,54500,550,153,531
2009-06-15,57900,520,53500,549,150,545
2009-06-16,23900,524,52400,535,147,535
2009-06-17,11600,524,54600,546,153,524
2009-06-18,63400,530,54500,546,153,546
2009-06-19,500,527,54300,543,153,527
2009-06-22,112040,555,56600,600,159,555
2009-06-23,212200,532,58400,585,164,560
2009-06-24,26500,561,57600,598,162,598
2009-06-25,9000,539,57300,573,161,539
2009-06-26,24500,540,58300,583,164,575
2009-06-29,2700,556,56100,581,158,581
2009-06-30,43100,550,55100,573,155,564
2009-07-01,1400,550,56000,575,157,550
2009-07-02,5200,560,57000,570,160,560
2009-07-03,13500,550,56300,595,158,550
2009-07-06,100,568,56800,568,160,568
2009-07-07,24900,550,56700,570,159,570
2009-07-08,75600,560,57200,583,161,566
2009-07-09,11700,544,56000,589,157,572
2009-07-10,162700,560,64300,643,181,576
2009-07-13,425900,643,67000,719,188,653
2009-07-14,60720,621,62900,684,177,670
2009-07-15,121510,592,59200,650,166,629
2009-07-16,129400,600,65500,680,184,614
2009-07-17,55500,622,64100,668,180,650
2009-07-20,50100,627,66300,675,186,627
2009-07-21,27700,640,64000,675,180,675
2009-07-22,53600,621,64800,650,182,629
2009-07-23,52200,630,65800,679,185,638
2009-07-24,60200,651,66000,695,186,651
2009-07-27,17600,652,65200,690,183,690
2009-07-28,17100,627,64000,655,180,655
2009-07-29,12100,621,63000,640,177,640
2009-07-30,3600,610,62000,626,174,626
2009-07-31,15500,614,62700,645,176,619
2009-08-03,69700,600,61500,675,173,618
2009-08-04,42700,600,60400,630,170,615
2009-08-05,32600,595,59500,620,167,604
2009-08-06,77910,597,64300,643,181,597
2009-08-07,23110,618,64400,652,181,640
2009-08-10,168910,620,70000,700,197,653
2009-08-11,13600,667,69300,719,195,690
2009-08-12,138000,668,71000,740,200,692
2009-08-13,74410,690,70300,740,198,740
2009-08-14,93800,690,78500,790,221,706
2009-08-17,1159410,668,66800,784,188,757
2009-08-18,876710,580,58900,612,166,606
2009-08-19,287500,580,58000,612,163,598
2009-08-20,144700,555,56500,599,159,599
2009-08-21,142000,559,57000,585,160,585
2009-08-24,68500,570,58000,583,163,580
2009-08-25,82100,561,58500,587,164,578
2009-08-26,41200,570,58300,591,164,580
2009-08-27,61920,563,56300,585,158,573
2009-08-28,60500,556,57100,573,160,563
2009-08-31,80510,555,56600,571,159,571
2009-09-01,52720,553,55700,561,157,559
2009-09-02,33030,550,55600,559,156,559
2009-09-03,18600,552,55800,560,157,556
2009-09-04,58800,545,55400,559,156,559
2009-09-07,30000,543,56100,561,158,543
2009-09-08,40910,552,55500,566,156,552
2009-09-09,36900,546,55000,562,155,548
2009-09-10,8600,558,56100,561,158,559
2009-09-11,10300,564,56900,569,160,564
2009-09-14,6200,561,57100,571,160,561
2009-09-15,22900,564,57300,575,161,570
2009-09-16,11600,562,56700,573,159,573
2009-09-17,18500,562,56800,570,160,568
2009-09-18,34600,557,56900,569,160,568
2009-09-21,19600,562,56500,569,159,569
2009-09-22,14100,559,56600,570,159,565
2009-09-23,7910,565,56500,572,159,566
2009-09-24,18500,556,56200,570,158,561
2009-09-25,25200,548,55500,564,156,549
2009-09-28,8710,546,55000,554,155,546
2009-09-29,23400,546,55000,554,155,550
2009-09-30,39200,543,54300,555,153,550
2009-10-01,9410,535,53800,549,151,549
2009-10-05,34820,521,52500,535,147,535
2009-10-06,11500,516,51600,539,145,526
2009-10-07,22300,515,52600,527,148,515
2009-10-08,11910,516,52300,523,147,516
2009-10-09,7220,523,53100,542,149,523
2009-10-12,17300,525,52600,534,148,530
2009-10-13,5000,527,53400,536,150,527
2009-10-14,8900,531,54100,541,152,535
2009-10-15,5210,541,54100,541,152,541
2009-10-16,100,540,54000,540,152,540
2009-10-19,3000,522,54400,544,153,535
2009-10-20,22600,526,52600,535,148,528
2009-10-21,3800,526,52600,535,148,535
2009-10-22,700,525,52800,529,148,528
2009-10-23,9400,521,53000,534,149,534
2009-10-26,20980,524,52400,542,147,542
2009-10-27,700,524,52400,524,147,524
2009-10-28,5900,511,52200,522,147,517
2009-10-29,3400,500,51100,516,144,500
2009-10-30,5900,511,51100,527,144,512
2009-11-02,13400,490,49200,511,138,500
2009-11-03,39600,485,49000,499,138,486
2009-11-04,5420,490,50000,504,140,500
2009-11-05,300,505,50500,520,142,520
2009-11-06,1500,505,50800,520,143,520
2009-11-09,7900,502,51100,528,144,528
2009-11-10,2500,503,50300,511,141,511
2009-11-11,18900,502,51600,518,145,518
2009-11-12,3400,515,51500,515,145,515
2009-11-13,200,505,50500,505,142,505
2009-11-16,7300,489,51100,525,144,525
2009-11-17,37500,510,52000,520,146,520
2009-11-18,37010,520,52500,540,147,520
2009-11-19,10670,525,52500,545,147,527
2009-11-20,1300,520,52500,538,147,520
2009-11-23,86400,505,52000,536,146,536
2009-11-24,1700,520,52000,538,146,538
2009-11-25,2900,503,51700,520,145,503
2009-11-26,5100,517,52700,527,148,517
2009-11-27,3000,510,52000,520,146,511
2009-11-30,5100,520,52000,530,146,530
2009-12-01,100,524,52400,524,147,524
2009-12-02,100,530,53000,530,149,530
2009-12-03,1300,508,53500,535,150,535
2009-12-04,1500,530,53000,535,149,535
2009-12-07,16000,505,52700,535,148,535
2009-12-08,2000,527,52700,527,148,527
2009-12-09,6600,527,52700,528,148,527
2009-12-10,7200,507,50700,527,142,527
2009-12-11,28200,513,52600,529,148,529
2009-12-14,46000,515,53300,533,150,515
2009-12-15,8200,533,53300,533,150,533
2009-12-16,300,546,54600,552,153,552
2009-12-17,100,539,53900,539,151,539
2009-12-18,15200,516,53400,540,150,516
2009-12-21,12100,522,52600,530,148,522
2009-12-22,13000,528,53500,550,150,528
2009-12-23,1500,534,53400,535,150,535
2009-12-24,67720,516,52300,529,147,528
2009-12-28,38100,520,53400,545,150,523
2009-12-29,1500,533,53500,537,166,537
2009-12-30,16600,527,52700,538,163,536
2010-01-04,8200,520,52800,528,164,525
2010-01-05,13600,520,53500,539,166,539
2010-01-06,30300,520,52200,528,162,520
2010-01-07,37500,515,52300,544,162,522
2010-01-08,44290,515,51700,529,160,520
2010-01-11,82700,527,52800,536,164,536
2010-01-12,64100,511,52900,535,164,535
2010-01-13,6200,513,52500,525,163,525
2010-01-14,6500,513,52000,522,161,520
2010-01-15,19200,525,52500,525,163,525
2010-01-18,26500,520,53900,542,167,525
2010-01-19,3900,515,52100,540,162,540
2010-01-20,200,521,52100,521,162,521
2010-01-21,12100,511,51900,521,161,521
2010-01-22,45700,501,51900,519,161,513
2010-01-25,51300,501,50200,516,156,502
2010-01-26,8400,498,49850,508,155,504
2010-01-27,2300,496,49800,505,154,505
2010-01-28,23700,498,50400,506,156,498
2010-01-29,25100,470,50200,502,156,499
2010-02-01,15500,482,49050,498,152,498
2010-02-02,8700,486,48800,495,151,490
2010-02-03,43400,488,50000,514,155,498
2010-02-04,100,512,51200,512,159,512
2010-02-05,28800,485,50000,501,155,485
2010-02-08,600,485,50000,502,155,485
2010-02-09,40310,483,49900,500,155,483
2010-02-10,4500,500,51000,510,158,500
2010-02-11,1850,510,52000,520,161,510
2010-02-12,10000,519,51900,529,161,519
2010-02-16,31100,515,51500,533,160,520
2010-02-17,9800,515,52800,532,164,532
2010-02-18,10900,511,52600,530,163,528
2010-02-19,6600,510,51000,526,158,526
2010-02-22,6190,503,50700,513,157,503
2010-02-23,30600,508,52600,530,163,508
2010-02-24,46600,502,51100,520,158,506
2010-02-25,291620,510,52500,587,163,510
2010-02-26,148330,520,55800,570,173,530
2010-03-02,73800,540,54000,600,167,600
2010-03-03,131800,516,51700,543,160,532
2010-03-04,40000,503,51500,518,160,518
2010-03-05,71010,506,51500,518,160,509
2010-03-08,76590,515,52800,528,164,516
2010-03-09,37800,517,52100,528,162,520
2010-03-10,15010,516,51700,525,160,524
2010-03-11,60000,515,53900,540,167,516
2010-03-12,72720,522,54700,560,170,524
2010-03-15,377300,548,62900,629,195,548
2010-03-16,475920,696,72300,723,224,700
2010-03-17,2590510,654,69000,831,214,831
2010-03-18,682720,630,64200,682,199,671
2010-03-19,978500,613,65500,704,203,638
2010-03-22,595100,632,68900,698,214,646
2010-03-23,562110,645,65200,699,202,690
2010-03-24,272910,634,64100,677,199,655
2010-03-25,288900,600,62700,641,195,641
2010-03-26,251300,608,63100,647,196,620
2010-03-29,70910,613,63000,637,195,616
2010-03-30,124900,620,63600,645,197,645
2010-03-31,73400,624,62900,635,195,630
2010-04-01,1082510,620,72300,723,224,630
2010-04-02,4523890,731,83100,831,258,760
2010-04-05,5972020,880,95500,955,297,881
2010-04-06,13497050,840,88000,1095,273,1005
2010-04-07,5898240,809,86000,926,267,894
2010-04-08,3483940,830,85500,899,265,865
2010-04-09,1952300,812,81200,874,252,857
2010-04-12,1235760,808,82500,837,256,830
2010-04-13,1973520,809,82000,865,255,835
2010-04-14,1708490,764,77000,819,239,810
2010-04-15,1773990,770,80100,845,249,781
2010-04-16,1425770,773,77300,831,240,810
2010-04-19,3744820,762,88800,888,276,775
2010-04-20,6087620,764,85900,1020,267,942
2010-04-21,1625100,799,80700,856,250,847
2010-04-22,904200,790,79600,830,247,808
2010-04-23,800060,765,76900,796,239,796
2010-04-26,321550,755,76500,784,237,784
2010-04-27,353900,754,77700,796,241,765
2010-04-28,291950,743,74300,768,231,750
2010-04-29,272890,723,72400,755,225,755
2010-04-30,436000,667,70000,740,217,724
2010-05-03,164000,689,70800,720,220,700
2010-05-04,212300,693,71300,747,221,714
2010-05-06,550900,607,68700,690,213,685
2010-05-07,268360,644,65600,696,204,663
2010-05-10,232960,659,69500,698,216,659
2010-05-11,202110,693,70200,715,218,715
2010-05-12,323650,691,71600,735,222,702
2010-05-13,354780,716,71600,740,222,723
2010-05-14,216410,690,70100,716,218,716
2010-05-17,163800,670,68200,705,212,685
2010-05-18,205100,665,66800,685,207,685
2010-05-19,205300,650,67000,677,208,672
2010-05-20,230650,625,62700,690,195,661
2010-05-24,76030,612,62700,644,195,620
2010-05-25,430210,533,56500,619,175,611
2010-05-26,197660,559,59300,593,184,565
2010-05-27,212900,600,63100,660,196,600
2010-05-28,118100,626,62600,638,194,633
2010-05-31,190400,621,68000,690,211,643
2010-06-01,123900,660,66000,716,205,700
2010-06-03,151510,663,68500,697,213,668
2010-06-04,271100,674,71600,716,222,692
2010-06-07,193710,670,68900,709,214,673
2010-06-08,97610,672,68600,700,213,679
2010-06-09,53300,674,69000,698,214,698
2010-06-10,62010,673,67300,698,209,698
2010-06-11,83800,655,67600,689,210,665
2010-06-14,179000,662,70000,727,217,727
2010-06-15,84700,693,72900,729,226,696
2010-06-16,98410,712,73600,759,228,736
2010-06-17,64300,700,72700,736,226,736
2010-06-18,244660,691,69800,727,217,708
2010-06-21,35100,698,71300,724,221,718
2010-06-22,44360,695,70800,725,220,713
2010-06-23,227150,680,71600,730,222,680
2010-06-24,98300,703,71900,730,223,730
2010-06-25,159600,697,70500,719,219,705
2010-06-28,76110,703,70500,738,219,705
2010-06-29,128560,678,70000,715,217,701
2010-06-30,185620,666,71000,735,220,672
2010-07-01,70450,696,70000,730,217,701
2010-07-02,427110,693,72000,735,223,709
2010-07-05,98360,711,72800,745,226,734
2010-07-06,110410,695,71300,725,221,715
2010-07-07,52120,697,69800,723,217,723
2010-07-08,51450,694,70600,715,219,715
2010-07-09,59100,693,70400,706,218,700
2010-07-12,114200,697,70200,712,218,706
2010-07-13,220280,695,73000,732,227,695
2010-07-14,490300,716,76400,814,237,730
2010-07-15,237300,750,76200,784,236,753
2010-07-16,126200,739,73900,775,229,769
2010-07-19,59200,716,74800,766,232,725
2010-07-20,169500,742,77400,795,240,748
2010-07-21,528300,774,80500,809,250,775
2010-07-22,681910,796,82700,870,257,810
2010-07-23,291660,797,79700,865,247,829
2010-07-26,127410,781,82200,826,255,790
2010-07-27,477890,818,82200,865,255,835
2010-07-28,234730,789,78900,832,245,822
2010-07-29,117400,764,79000,801,245,776
2010-07-30,72800,775,79900,799,248,775
2010-08-02,176500,777,80900,824,251,799
2010-08-03,68100,800,81200,817,252,803
2010-08-04,52200,802,80700,813,250,808
2010-08-05,51200,770,78200,809,243,804
2010-08-06,66200,764,78000,799,242,792
2010-08-09,55310,770,79700,797,247,788
2010-08-10,154200,770,77200,796,240,783
2010-08-11,174000,750,75500,778,234,772
2010-08-12,50800,727,74400,750,231,735
2010-08-13,54500,744,75600,786,235,744
2010-08-16,136400,748,79900,800,248,759
2010-08-17,176430,782,80900,844,251,800
2010-08-18,80700,798,81000,815,251,809
2010-08-19,164590,808,81400,824,253,810
2010-08-20,43200,800,81000,819,251,803
2010-08-23,180370,799,81000,825,251,810
2010-08-24,105230,795,80500,812,250,812
2010-08-25,36400,790,79800,804,248,795
2010-08-26,40000,783,78500,799,244,798
2010-08-27,56800,770,77600,788,241,786
2010-08-30,38600,770,80900,819,251,775
2010-08-31,79800,792,82000,820,255,809
2010-09-01,79290,810,81100,830,252,830
2010-09-02,36750,779,80800,818,251,779
2010-09-03,41600,795,81400,815,253,795
2010-09-06,79010,814,81500,830,253,815
2010-09-07,47300,800,81400,824,253,820
2010-09-08,72700,800,82000,820,255,809
2010-09-09,110710,808,84500,854,262,814
2010-09-10,590800,832,84500,899,262,837
2010-09-13,248200,823,83600,877,260,870
2010-09-14,90000,812,82900,845,257,826
2010-09-15,95500,816,81600,832,253,826
2010-09-16,18300,814,82600,833,256,833
2010-09-17,103200,810,81000,826,251,825
2010-09-20,52600,795,82000,823,255,810
2010-09-24,113700,810,83500,838,259,811
2010-09-27,176030,831,84700,850,263,832
2010-09-28,88700,822,83600,869,260,858
2010-09-29,43370,836,84000,848,261,845
2010-09-30,44800,830,83100,848,258,840
2010-10-01,85300,825,83100,860,258,831
2010-10-04,233370,827,83100,860,258,830
2010-10-05,277500,821,83600,836,260,832
2010-10-06,272200,833,84800,860,263,839
2010-10-07,319900,836,86000,862,267,848
2010-10-08,208600,852,87100,880,270,877
2010-10-11,338310,866,89000,915,276,875
2010-10-12,201100,857,86100,900,267,884
2010-10-13,518200,846,88800,898,276,863
2010-10-14,78000,867,89000,891,276,867
2010-10-15,511520,858,88900,903,276,884
2010-10-18,105600,866,88000,897,273,897
2010-10-19,193210,873,87300,885,271,880
2010-10-20,89530,860,86300,875,268,860
2010-10-21,182810,857,86000,871,267,864
2010-10-22,566000,860,91900,919,285,863
2010-10-25,389160,896,92800,949,288,922
2010-10-26,1185450,899,92200,937,286,928
2010-10-27,358600,918,93900,945,292,922
2010-10-28,144400,922,92500,945,287,945
2010-10-29,350400,890,91000,929,283,929
2010-11-01,605800,901,97700,985,303,909
2010-11-02,494250,955,99000,1015,307,980
2010-11-03,307400,970,99000,1000,307,991
2010-11-04,257100,952,97500,988,303,985
2010-11-05,62700,955,98800,995,307,995
2010-11-08,83710,935,95000,985,295,977
2010-11-09,321800,918,92000,983,286,940
2010-11-10,683100,875,87800,913,273,908
2010-11-11,95900,874,88200,892,274,882
2010-11-12,542260,804,82800,890,257,871
2010-11-15,311710,782,80000,830,248,823
2010-11-16,520820,744,74500,800,231,800
2010-11-17,116260,720,74900,776,232,730
2010-11-18,199910,741,78700,788,244,749
2010-11-19,77860,777,80200,809,249,809
2010-11-22,181890,751,78700,809,244,809
2010-11-23,176160,740,74300,787,231,787
2010-11-24,322100,687,72800,729,226,720
2010-11-25,82400,722,73100,757,227,757
2010-11-26,108800,705,71000,735,220,731
2010-11-29,84700,700,71000,726,220,701
2010-11-30,50300,703,71800,718,223,703
2010-12-01,39760,715,72600,729,225,718
2010-12-02,48000,720,72300,735,224,735
2010-12-03,163400,710,71600,759,222,759
2010-12-06,61300,716,72400,735,225,719
2010-12-07,57810,718,72300,730,224,726
2010-12-08,20400,716,72000,727,223,727
2010-12-09,85500,720,72600,729,225,721
2010-12-10,44590,720,72500,737,225,720
2010-12-13,51120,723,73000,732,227,731
2010-12-14,173600,725,74100,757,230,733
2010-12-15,83300,726,72600,745,225,745
2010-12-16,49560,726,73900,741,229,738
2010-12-17,60490,730,73200,739,227,739
2010-12-20,297720,623,69300,730,215,730
2010-12-21,154880,693,69700,715,216,700
2010-12-22,37100,692,70900,711,220,692
2010-12-23,31800,699,69900,717,217,709
2010-12-24,43100,691,70000,709,217,700
2010-12-27,28000,695,70000,700,217,700
2010-12-28,56000,700,72100,724,224,700
2010-12-29,47400,703,70300,720,276,720
2010-12-30,43400,695,71200,716,279,704
2011-01-03,59400,712,71500,728,280,712
2011-01-04,68300,715,72600,728,285,716
2011-01-05,79130,726,72600,742,285,742
2011-01-06,25770,701,71900,743,282,743
2011-01-07,250100,697,70400,714,276,708
2011-01-10,76400,700,71500,715,280,705
2011-01-11,59000,699,71300,715,280,715
2011-01-12,61100,702,70500,716,276,713
2011-01-13,117680,687,70800,708,278,705
2011-01-14,52900,699,71200,715,279,700
2011-01-17,66200,707,71200,721,279,712
2011-01-18,57700,701,71200,718,279,704
2011-01-19,51700,701,71200,715,279,704
2011-01-20,50500,703,70700,716,277,712
2011-01-21,43700,705,70700,712,277,707
2011-01-24,75000,698,69900,710,274,700
2011-01-25,38300,692,70400,707,276,695
2011-01-26,38500,695,70500,705,276,700
2011-01-27,53300,700,71100,725,279,710
2011-01-28,71500,706,71400,725,280,715
2011-01-31,172400,708,72100,734,283,710
2011-02-01,52200,717,72800,740,285,717
2011-02-07,157810,730,77500,783,304,730
2011-02-08,255550,775,79000,825,310,780
2011-02-09,47740,766,77000,810,302,790
2011-02-10,65400,738,75300,780,295,753
2011-02-11,91500,713,71300,778,280,747
2011-02-14,55800,718,71900,738,282,718
2011-02-15,23900,714,72000,721,282,719
2011-02-16,67800,701,71900,729,282,720
2011-02-17,61700,699,71200,730,279,720
2011-02-18,6400,704,71200,728,279,728
2011-02-21,25210,700,71000,716,278,702
2011-02-22,85800,686,68800,711,270,710
2011-02-23,13900,678,68700,699,269,690
2011-02-24,15220,681,68200,690,267,690
2011-02-25,20310,681,68500,700,269,688
2011-02-28,23000,675,68600,699,269,681
2011-03-02,55110,651,66800,708,262,676
2011-03-03,18600,668,69200,694,271,668
2011-03-04,9300,682,70900,712,278,692
2011-03-07,1200,694,70900,710,278,709
2011-03-08,12800,700,71000,715,278,700
2011-03-09,124260,700,70700,719,277,700
2011-03-10,22800,707,71500,715,280,707
2011-03-11,20810,711,71900,728,282,728
2011-03-14,30200,697,71400,719,280,697
2011-03-15,18810,684,69900,713,274,710
2011-03-16,18000,691,69900,705,274,705
2011-03-17,7000,680,69800,704,274,703
2011-03-18,24200,672,70800,708,278,697
2011-03-21,46500,690,70100,710,275,710
2011-03-22,85200,700,70600,713,277,700
2011-03-23,11400,701,70600,710,277,706
2011-03-24,45700,701,70700,729,277,701
2011-03-25,7300,702,70600,727,277,727
2011-03-28,165500,700,72300,729,283,729
2011-03-29,119300,720,74900,760,294,722
2011-03-30,396900,745,78300,804,307,756
2011-03-31,105600,751,78300,785,307,783
2011-04-01,21300,763,78000,785,306,780
2011-04-04,299110,738,74100,794,291,794
2011-04-05,71990,721,74200,746,291,721
2011-04-06,86870,732,74700,754,293,742
2011-04-07,89100,756,76800,773,301,758
2011-04-08,83420,747,76500,773,300,768
2011-04-11,62900,760,77300,773,303,765
2011-04-12,80900,750,76100,766,298,765
2011-04-13,79400,752,78000,788,306,760
2011-04-14,332120,782,79200,812,311,799
2011-04-15,73530,787,80000,801,314,801
2011-04-18,1345500,798,92000,920,361,808
2011-04-19,932270,876,87600,970,344,909
2011-04-20,443920,842,86900,895,341,878
2011-04-21,283800,832,84200,869,330,869
2011-04-22,167900,812,84900,849,333,826
2011-04-25,213720,840,86000,865,337,855
2011-04-26,552800,861,90400,954,355,899
2011-04-27,130690,841,86900,922,341,905
2011-04-28,64300,830,86900,871,341,855
2011-04-29,151460,835,83500,853,327,836
2011-05-02,38700,822,84700,852,332,822
2011-05-03,70500,828,85400,860,335,828
2011-05-04,40800,847,85400,877,335,877
2011-05-06,54530,835,83500,869,327,853
2011-05-09,19880,832,84300,879,331,837
2011-05-11,114610,821,84400,868,331,855
2011-05-12,117700,815,83900,876,329,822
2011-05-13,48210,817,82000,840,322,840
2011-05-16,49300,786,83600,836,328,820
2011-05-17,156900,796,79800,849,313,849
2011-05-18,100200,780,79300,816,311,787
2011-05-19,27100,781,78100,816,306,795
2011-05-20,191820,764,80100,850,314,781
2011-05-23,16700,787,78800,823,309,803
2011-05-24,45100,790,81000,813,318,790
2011-05-25,127100,782,78500,840,308,839
2011-05-26,32800,785,80200,831,314,787
2011-05-27,120200,785,78500,855,308,855
2011-05-30,19900,785,80000,805,314,785
2011-05-31,192500,759,78000,820,306,800
2011-06-01,134800,749,75900,778,298,778
2011-06-02,25900,732,75000,768,294,768
2011-06-03,12000,724,74600,769,292,724
2011-06-07,42600,726,73900,739,290,726
2011-06-08,32430,714,73600,744,289,714
2011-06-09,283900,700,70000,757,274,728
2011-06-10,61000,690,71700,724,281,704
2011-06-13,66710,694,70400,716,276,705
2011-06-14,300,691,71900,719,282,691
2011-06-15,24500,700,71200,719,279,703
2011-06-16,23300,677,69000,707,270,707
2011-06-17,49700,690,69500,702,272,690
2011-06-20,32100,695,69900,711,274,698
2011-06-21,50560,701,71500,726,280,701
2011-06-22,41900,730,73100,758,287,730
2011-06-23,21600,713,74600,784,292,731
2011-06-24,67800,725,74800,758,293,725
2011-06-27,21500,721,72100,748,283,748
2011-06-28,25400,706,70700,745,277,745
2011-06-29,6000,711,72600,741,285,711
2011-06-30,28600,720,74800,748,293,735
2011-07-01,10700,748,77800,784,305,748
2011-07-04,70600,770,78700,791,309,778
2011-07-05,31400,770,78000,805,306,805
2011-07-06,15700,758,76600,780,300,780
2011-07-07,144500,709,73300,772,287,769
2011-07-08,42900,735,74900,756,294,740
2011-07-11,13900,742,75100,764,294,764
2011-07-12,26300,732,75200,763,295,752
2011-07-13,25000,750,77100,777,302,750
2011-07-14,35600,760,78300,784,307,771
2011-07-15,59200,775,78200,800,307,785
2011-07-18,32400,780,79600,824,312,824
2011-07-19,18900,780,79300,816,311,796
2011-07-20,27000,790,79000,818,310,810
2011-07-21,45300,765,79900,806,313,792
2011-07-22,23900,791,80800,814,317,814
2011-07-25,84500,801,81200,838,318,809
2011-07-26,18100,793,81100,820,318,820
2011-07-27,71010,791,79400,817,311,811
2011-07-28,61530,783,78300,809,307,794
2011-07-29,25100,775,77500,808,304,794
2011-08-01,17900,774,79600,800,312,775
2011-08-02,21300,785,78800,800,309,797
2011-08-03,126700,740,74500,788,292,788
2011-08-04,39500,740,74800,771,293,750
2011-08-05,95500,666,70400,719,276,719
2011-08-08,69500,652,66700,697,261,697
2011-08-09,100900,600,61800,667,242,667
2011-08-10,262450,526,62700,643,246,623
2011-08-11,29700,577,63900,657,250,577
2011-08-12,44000,634,64400,677,252,642
2011-08-16,16400,656,68000,688,267,669
2011-08-17,11570,670,69000,694,270,670
2011-08-18,45500,670,67500,697,265,689
2011-08-19,116500,610,64000,668,251,630
2011-08-22,16440,611,62700,637,246,618
2011-08-23,10500,628,65000,650,255,628
2011-08-24,6500,630,63000,664,247,655
2011-08-25,13900,630,63900,648,250,633
2011-08-26,25300,633,66000,660,259,634
2011-08-29,19030,650,66700,675,261,664
2011-08-30,220,690,69000,690,270,690
2011-08-31,19700,663,67400,688,264,680
2011-09-01,68120,663,67100,699,263,699
2011-09-02,19100,663,67100,681,263,670
2011-09-05,321180,651,71300,739,280,671
2011-09-06,44110,691,71000,730,278,713
2011-09-07,72030,710,72600,730,285,730
2011-09-08,45900,711,73500,736,288,726
2011-09-09,5030,701,70100,742,275,735
2011-09-14,8080,682,71000,714,278,701
2011-09-15,32330,681,68800,720,270,717
2011-09-16,37370,666,67200,698,263,698
2011-09-19,47600,650,67700,697,265,672
2011-09-20,4500,672,69500,707,272,688
2011-09-21,11200,676,69000,708,270,696
2011-09-22,44100,644,65400,677,256,652
2011-09-23,17940,620,63600,656,249,656
2011-09-26,67510,572,57800,636,226,636
2011-09-27,32020,575,59600,663,234,590
2011-09-28,9500,590,60700,625,238,598
2011-09-29,7200,581,64400,644,252,581
2011-09-30,3500,616,61800,640,242,640
2011-10-04,15600,563,58300,605,228,605
2011-10-05,23180,530,54700,595,214,595
2011-10-06,74000,542,55300,577,217,554
2011-10-07,7500,560,56300,575,221,561
2011-10-10,11600,563,60400,619,237,563
2011-10-11,21800,593,61500,620,241,593
2011-10-12,3700,615,63000,634,247,615
2011-10-13,48300,605,63500,644,249,630
2011-10-14,2800,610,63200,635,248,635
2011-10-17,29200,618,63400,650,248,618
2011-10-18,3700,610,62500,630,245,610
2011-10-19,10800,620,63000,648,247,646
2011-10-20,105000,612,61300,626,240,615
2011-10-21,44200,580,61000,630,239,616
2011-10-24,40300,600,61300,614,240,610
2011-10-25,37270,600,61000,628,239,616
2011-10-26,39700,613,62900,632,247,613
2011-10-27,25600,601,61600,639,241,630
2011-10-28,14400,608,61700,642,242,616
2011-10-31,18900,603,63000,640,247,620
2011-11-01,38200,615,64300,644,252,628
2011-11-02,17810,621,65000,680,255,642
2011-11-03,17100,631,64100,664,251,650
2011-11-04,44700,633,66300,666,260,633
2011-11-07,15100,650,65600,684,257,650
2011-11-08,3600,650,65200,655,256,650
2011-11-09,25200,640,64000,672,251,652
2011-11-10,30900,604,61300,640,240,640
2011-11-11,26110,613,64200,649,252,613
2011-11-14,275700,625,71000,733,278,625
2011-11-15,13200,693,70100,710,275,701
2011-11-16,18600,680,69900,701,274,700
2011-11-17,45600,699,70700,728,277,699
2011-11-18,83100,699,71700,723,281,703
2011-11-21,6700,700,72400,730,284,717
2011-11-22,25400,699,72500,728,284,724
2011-11-23,249520,720,74900,760,294,726
2011-11-24,36510,715,71700,740,281,740
2011-11-25,46800,700,70600,738,277,717
2011-11-28,11890,695,71000,730,278,730
2011-11-29,26600,701,70900,727,278,711
2011-11-30,26710,701,70800,739,278,710
2011-12-01,148800,670,67500,718,265,718
2011-12-02,25500,668,70400,704,276,668
2011-12-05,18700,686,69500,750,272,704
2011-12-06,16400,695,70500,717,276,717
2011-12-07,56700,692,69200,717,271,697
2011-12-08,53300,693,70100,723,275,699
2011-12-09,82830,689,72100,725,283,693
2011-12-12,21400,710,72100,730,283,721
2011-12-13,15400,711,71600,736,281,736
2011-12-14,56760,716,74600,770,292,716
2011-12-15,83300,725,72500,773,284,754
2011-12-16,60500,700,70700,758,277,729
2011-12-19,75510,672,68300,709,268,700
2011-12-20,170900,660,68300,698,268,675
2011-12-21,131460,660,67800,728,266,728
2011-12-22,58300,665,67700,730,265,675
2011-12-23,53200,671,67900,690,266,680
2011-12-26,31630,675,68000,687,267,675
2011-12-27,37500,682,68500,693,269,685
2011-12-28,8100,684,68700,695,345,690
2011-12-29,13100,673,68800,695,345,673
2012-01-02,4900,688,69700,703,350,688
2012-01-03,28600,680,70000,700,351,682
2012-01-04,10800,685,69400,718,348,704
2012-01-05,26300,687,71800,718,361,693
2012-01-06,8600,701,70600,710,355,703
2012-01-09,3000,698,70300,708,353,700
2012-01-10,29300,696,70100,710,352,704
2012-01-11,27800,692,70400,710,353,692
2012-01-12,15100,692,70200,710,352,692
2012-01-13,89000,703,73000,737,367,703
2012-01-16,34500,695,70100,724,352,724
2012-01-17,17500,691,69100,711,347,695
2012-01-18,94100,690,72900,768,366,694
2012-01-19,23000,702,70200,738,352,738
2012-01-20,17500,695,70100,707,352,706
2012-01-25,23790,700,72000,721,362,701
2012-01-26,8000,707,72000,730,362,707
2012-01-27,6910,710,71000,727,357,727
2012-01-30,28510,710,71900,734,361,710
2012-01-31,432500,713,78300,823,393,725
2012-02-01,144500,746,75100,780,377,770
2012-02-02,45550,746,76800,776,386,752
2012-02-03,19900,762,77000,779,387,778
2012-02-06,32250,763,76900,795,386,795
2012-02-07,45450,758,76100,779,382,772
2012-02-08,42000,751,76000,770,382,768
2012-02-09,95340,751,75200,773,378,761
2012-02-10,31500,750,76100,794,382,750
2012-02-13,109910,754,77500,814,389,761
2012-02-14,19180,772,78500,795,394,795
2012-02-15,96500,763,76800,808,386,800
2012-02-16,64410,756,78500,790,394,756
2012-02-17,81600,780,81800,860,411,780
2012-02-20,111800,791,81300,834,408,791
2012-02-21,82040,811,81200,843,408,828
2012-02-22,28500,813,82500,833,414,813
2012-02-23,62800,817,83300,850,418,825
2012-02-24,239720,834,85500,880,429,834
2012-02-27,79120,829,84400,885,424,869
2012-02-28,33600,785,82800,844,416,842
2012-02-29,52800,808,82000,837,412,824
2012-03-02,26900,818,82600,828,415,820
2012-03-05,265000,836,87200,920,438,836
2012-03-06,98100,855,87500,885,439,877
2012-03-07,42400,868,87700,885,440,875
2012-03-08,29400,865,87700,884,440,884
2012-03-09,51300,871,87900,908,441,885
2012-03-12,27400,850,85300,888,428,871
2012-03-13,161900,860,88800,923,446,877
2012-03-14,152300,843,86300,909,433,909
2012-03-15,32100,856,86300,869,433,862
2012-03-16,177500,841,85400,874,429,863
2012-03-19,36500,843,84300,856,423,856
2012-03-20,32400,811,82500,849,414,847
2012-03-21,24510,814,83100,836,417,816
2012-03-22,11620,820,82500,840,414,840
2012-03-23,31200,796,82900,835,416,835
2012-03-26,13380,820,82100,840,412,839
2012-03-27,22900,800,80100,824,402,816
2012-03-28,14900,793,79900,814,401,806
2012-03-29,20920,770,78000,791,392,791
2012-03-30,152000,750,76500,785,384,780
2012-04-02,41390,767,77700,782,390,775
2012-04-03,35310,774,77400,824,389,777
2012-04-04,31920,741,76800,796,386,774
2012-04-05,16100,748,75900,761,381,755
2012-04-06,27200,751,76400,777,384,777
2012-04-09,108000,745,80200,806,403,761
2012-04-10,256450,805,83000,849,417,810
2012-04-12,8300,821,83700,839,420,830
2012-04-13,20700,801,81400,840,409,840
2012-04-16,13700,795,80000,813,402,813
2012-04-17,5250,795,80300,803,403,800
2012-04-18,16910,783,78600,815,395,815
2012-04-19,2400,783,80000,800,402,783
2012-04-20,62100,763,79500,808,399,790
2012-04-23,36300,780,80000,807,402,795
2012-04-24,3800,796,79800,799,401,798
2012-04-25,41120,750,78400,798,394,798
2012-04-26,8300,773,77600,793,390,793
2012-04-27,500,783,78400,785,394,784
2012-04-30,37700,765,78000,780,392,779
2012-05-02,27090,780,79600,825,400,780
2012-05-03,25500,771,80000,800,402,797
2012-05-04,2100,784,78400,800,394,800
2012-05-07,9300,764,78500,786,394,772
2012-05-08,7500,771,78800,789,396,789
2012-05-09,14600,770,78100,785,392,777
2012-05-10,443610,700,70800,774,356,764
2012-05-11,482200,647,68500,707,344,707
2012-05-14,42700,671,67800,688,340,685
2012-05-15,33500,659,67700,678,340,672
2012-05-16,17700,673,68200,686,342,674
2012-05-17,12900,664,68600,689,344,680
2012-05-18,43200,645,66700,676,335,659
2012-05-21,44800,640,65800,674,330,656
2012-05-22,92400,652,66400,677,333,660
2012-05-23,10500,654,66300,670,333,666
2012-05-24,1800,660,66700,675,335,674
2012-05-25,62500,660,67100,681,337,677
2012-05-29,62100,650,67700,678,340,671
2012-05-30,11200,661,67900,679,341,662
2012-05-31,7000,663,67500,679,339,679
2012-06-01,4800,674,69000,690,346,675
2012-06-04,185930,606,61000,688,306,667
2012-06-05,59400,610,64000,670,321,610
2012-06-07,19570,640,67100,678,337,640
2012-06-08,7200,653,67200,672,337,670
2012-06-11,32700,665,71500,715,359,688
2012-06-12,16460,677,70000,704,351,704
2012-06-13,4800,683,70100,702,352,683
2012-06-14,26400,675,67500,694,339,692
2012-06-15,39330,658,67500,681,339,681
2012-06-18,132400,666,67700,708,340,708
2012-06-19,44600,661,67100,677,337,671
2012-06-20,50560,665,66700,699,335,666
2012-06-21,25830,662,67100,679,337,666
2012-06-22,14430,667,70000,703,351,679
2012-06-25,2900,671,68400,690,343,690
2012-06-26,14300,652,67400,709,338,652
2012-06-27,1600,668,67000,695,336,674
2012-06-28,53800,657,66800,684,335,684
2012-06-29,2870,660,68100,686,342,686
2012-07-02,31700,660,67400,713,338,680
2012-07-03,60400,667,67500,687,339,674
2012-07-04,5000,668,67400,680,338,680
2012-07-05,18400,671,67100,688,337,674
2012-07-06,24310,668,67700,687,340,674
2012-07-09,9700,675,68300,684,343,675
2012-07-10,18000,677,69200,700,347,683
2012-07-11,19600,682,68200,702,342,702
2012-07-12,36500,675,67500,705,339,689
2012-07-13,34870,660,69000,690,346,681
2012-07-16,30600,675,68600,686,344,678
2012-07-17,15100,673,68500,690,344,678
2012-07-18,24200,676,68500,690,344,685
2012-07-19,20100,666,68500,692,344,666
2012-07-20,44900,685,70100,760,352,685
2012-07-23,14000,682,68500,705,344,701
2012-07-24,10300,677,70000,700,351,688
2012-07-25,1300,681,68100,698,342,698
2012-07-26,7700,677,70000,700,351,681
2012-07-27,37700,682,70200,706,352,682
2012-07-30,11200,700,70300,709,353,705
2012-07-31,44000,690,70500,710,354,709
2012-08-01,29400,691,69100,705,347,704
2012-08-02,6830,686,69500,698,349,694
2012-08-03,13800,680,69300,699,348,684
2012-08-06,19300,680,69500,740,349,695
2012-08-07,39700,680,69800,703,350,703
2012-08-08,60900,680,68700,696,345,680
2012-08-09,15300,678,68700,698,345,689
2012-08-10,26200,676,68700,691,345,682
2012-08-13,112000,690,71700,735,360,690
2012-08-14,23200,701,71000,738,357,738
2012-08-16,66610,672,69000,710,346,710
2012-08-17,71520,680,69000,693,346,690
2012-08-20,2400,690,69600,696,349,690
2012-08-21,6700,684,69100,705,347,705
2012-08-22,27300,675,68000,691,341,691
2012-08-23,46800,680,68100,685,342,685
2012-08-24,3400,673,68200,684,342,684
2012-08-27,9600,676,67900,685,341,677
2012-08-28,5800,666,69400,710,348,666
2012-08-29,10720,685,69100,706,347,695
2012-08-30,6800,683,68700,706,345,683
2012-08-31,14000,680,68500,685,344,684
2012-09-03,25210,679,68500,695,344,695
2012-09-04,35900,670,68100,685,342,678
2012-09-05,20000,670,67200,681,337,681
2012-09-06,13700,673,67700,694,340,694
2012-09-07,38200,673,67800,693,340,693
2012-09-10,1400,682,68500,685,344,682
2012-09-11,9710,671,68400,687,343,685
2012-09-12,373380,676,73000,746,367,676
2012-09-13,33210,712,72100,730,362,730
2012-09-14,15600,720,72800,731,366,721
2012-09-17,310110,716,77700,784,390,745
2012-09-18,69010,765,78800,794,396,765
2012-09-19,13300,767,77800,781,391,781
2012-09-20,10920,761,77600,786,390,776
2012-09-21,147580,763,80000,806,402,763
2012-09-24,5500,788,79900,805,401,805
2012-09-25,12210,771,77200,802,388,783
2012-09-26,11110,764,78000,793,392,775
2012-09-27,17520,764,78000,788,392,788
2012-09-28,11700,780,79000,799,397,781
2012-10-02,34700,770,78500,797,394,790
2012-10-04,400,774,78800,788,396,785
2012-10-05,3100,776,79900,799,401,798
2012-10-08,17500,780,79900,799,401,792
2012-10-09,75100,750,78000,795,392,790
2012-10-10,9800,760,78700,787,395,761
2012-10-11,73340,756,78200,837,393,756
2012-10-12,26200,776,78400,798,394,798
2012-10-15,10880,750,75000,795,377,795
2012-10-16,86000,749,76300,770,383,750
2012-10-17,38400,748,75000,771,377,748
2012-10-18,6000,749,75900,780,381,753
2012-10-19,5000,755,76800,770,386,765
2012-10-22,23020,755,77300,790,388,755
2012-10-23,56320,760,77900,790,391,777
2012-10-24,78700,749,76800,780,386,769
2012-10-25,700,759,76400,769,384,768
2012-10-26,151100,739,79000,790,397,766
2012-10-29,14400,777,79500,800,399,788
2012-10-30,14100,763,77100,796,387,796
2012-10-31,7900,771,78700,799,395,771
2012-11-01,9300,742,74200,792,373,792
2012-11-02,23200,742,75600,790,380,742
2012-11-05,10620,744,75900,759,381,749
2012-11-06,45400,752,76900,840,386,759
2012-11-07,9800,754,76700,797,385,772
2012-11-08,7100,749,77000,786,387,771
2012-11-09,118450,746,76700,805,385,752
2012-11-12,13300,761,76800,790,386,770
2012-11-13,24210,743,75900,770,381,770
2012-11-14,23000,741,76700,772,385,759
2012-11-15,54300,731,75000,759,377,759
2012-11-16,167500,664,66900,735,336,725
2012-11-19,76300,652,66500,679,334,665
2012-11-20,30800,650,66800,674,335,674
2012-11-21,56600,643,65800,670,330,662
2012-11-22,175110,634,63500,660,319,658
2012-11-23,16000,642,65000,652,326,644
2012-11-26,10500,652,66500,688,334,655
2012-11-27,6900,652,66400,664,333,652
2012-11-28,77100,635,64600,665,324,665
2012-11-29,84400,635,63600,660,319,660
2012-11-30,34600,635,63900,645,321,638
2012-12-03,30300,640,64900,653,326,640
2012-12-04,5400,643,65200,652,327,649
2012-12-05,5200,647,64700,655,325,655
2012-12-06,11900,640,64700,648,325,648
2012-12-07,490,645,64500,653,324,653
2012-12-10,19100,644,67700,692,340,654
2012-12-11,7000,650,65100,664,327,658
2012-12-12,9600,650,66000,660,331,654
2012-12-13,5500,650,65900,660,331,660
2012-12-14,63600,647,65300,653,328,651
2012-12-17,2500,645,64600,652,324,645
2012-12-18,12300,646,64900,653,326,653
2012-12-20,21800,647,66200,700,332,649
2012-12-21,13500,655,67200,675,337,666
2012-12-24,7000,650,67000,670,336,650
2012-12-26,15400,657,66500,700,334,670
2012-12-27,4400,648,66000,663,428,663
2012-12-28,4700,654,65500,660,425,660
2013-01-02,7000,655,67500,695,438,655
2013-01-03,6700,645,67200,672,436,661
2013-01-04,3300,655,67500,675,438,657
2013-01-07,10300,674,67600,676,438,675
2013-01-08,1800,663,67200,675,436,675
2013-01-09,6810,663,67700,677,439,663
2013-01-10,11400,671,67700,677,439,673
2013-01-11,5800,675,67900,697,440,677
2013-01-14,11000,661,66700,676,433,676
2013-01-15,3300,659,67600,687,438,659
2013-01-16,46700,645,65000,675,422,661
2013-01-17,20800,645,65900,659,427,650
2013-01-18,11300,647,66200,662,429,656
2013-01-21,49600,646,65400,660,424,660
2013-01-22,26700,649,65400,667,424,656
2013-01-23,49600,654,65400,667,424,657
2013-01-24,40300,654,65900,671,427,654
2013-01-25,68300,658,65800,668,427,666
2013-01-28,42800,658,67000,670,435,659
2013-01-29,21810,664,67600,678,438,664
2013-01-30,32700,676,68000,687,441,680
2013-01-31,53000,656,65600,680,425,679
2013-02-01,22800,659,66800,688,433,659
2013-02-04,87610,671,69000,709,448,671
2013-02-05,45630,681,68100,714,442,686
2013-02-06,34010,676,71300,718,462,676
2013-02-07,7100,701,70400,724,457,717
2013-02-08,53600,703,72100,735,468,707
2013-02-12,31500,714,71700,738,465,721
2013-02-13,19200,717,72800,745,472,717
2013-02-14,68800,697,77000,792,499,735
2013-02-15,9700,732,73600,780,477,758
2013-02-18,7410,723,72300,756,469,740
2013-02-19,5000,719,73300,734,475,727
2013-02-20,32600,720,72800,745,472,733
2013-02-21,58200,723,74100,741,481,723
2013-02-22,18700,726,72600,748,471,748
2013-02-25,14200,726,72800,746,472,746
2013-02-26,6200,725,74800,760,485,725
2013-02-27,34300,738,76800,770,498,753
2013-02-28,40800,750,76900,779,499,761
2013-03-04,63450,760,76900,809,499,769
2013-03-05,39000,756,75600,800,490,770
2013-03-06,53300,763,78000,797,506,785
2013-03-07,3900,773,78200,795,507,790
2013-03-08,63310,780,78700,795,510,795
2013-03-11,30500,760,77000,819,499,780
2013-03-12,2910,777,77700,780,504,780
2013-03-13,760,769,78000,795,506,795
2013-03-14,1900,760,76800,790,498,790
2013-03-15,2720,759,77800,784,505,784
2013-03-18,3800,770,77300,779,501,778
2013-03-19,2800,770,77000,770,499,770
2013-03-20,6800,765,77500,775,503,765
2013-03-21,28820,770,77000,775,499,775
2013-03-22,4830,763,77500,800,503,763
2013-03-25,45400,775,80500,810,522,788
2013-03-26,66900,779,81300,813,527,779
2013-03-27,11300,794,79500,819,516,795
2013-03-28,23900,773,78600,810,510,810
2013-03-29,19800,773,79300,797,514,788
2013-04-01,12220,798,79800,806,518,806
2013-04-02,8900,778,79000,810,512,810
2013-04-03,3000,774,79000,804,512,790
2013-04-04,14200,761,79000,807,512,795
2013-04-05,94000,750,79500,808,516,790
2013-04-08,26570,760,76700,800,498,789
2013-04-09,42700,765,77400,784,502,765
2013-04-10,11300,753,78000,790,506,753
2013-04-11,31100,781,79900,819,518,781
2013-04-12,7200,785,80000,810,519,810
2013-04-15,56300,795,82000,825,532,808
2013-04-16,81300,797,80600,822,523,822
2013-04-17,40900,795,80000,807,519,807
2013-04-18,42100,795,81100,820,526,800
2013-04-19,3900,795,81700,818,530,811
2013-04-22,23300,802,82200,823,533,803
2013-04-23,7600,808,82200,829,533,829
2013-04-24,28500,804,82300,825,534,805
2013-04-25,900,822,82200,823,533,823
2013-04-26,42000,798,81700,833,530,806
2013-04-29,100,816,81600,816,529,816
2013-04-30,18300,780,80800,816,524,780
2013-05-02,13100,789,79900,808,518,808
2013-05-03,36110,790,80900,830,525,820
2013-05-06,6400,796,79600,810,516,810
2013-05-07,52100,780,79400,794,515,791
2013-05-08,53700,777,79300,793,514,783
2013-05-09,61500,773,79300,793,514,792
2013-05-10,146650,770,77400,818,502,778
2013-05-13,26100,774,77600,836,503,774
2013-05-14,24400,780,78600,835,510,780
2013-05-15,6600,790,81700,825,530,825
2013-05-16,4400,806,81800,834,531,817
2013-05-20,32310,814,82200,829,533,818
2013-05-21,12800,802,81600,825,529,825
2013-05-22,8800,806,81700,825,530,825
2013-05-23,259800,803,85500,876,555,811
2013-05-24,98600,840,87000,870,564,849
2013-05-27,131500,857,89600,899,581,871
2013-05-28,79800,881,93500,963,607,890
2013-05-29,46600,903,94200,999,611,931
2013-05-30,14800,900,94000,950,610,950
2013-05-31,143400,912,94600,997,614,940
2013-06-03,819400,947,98900,1085,642,947
2013-06-04,265100,930,98700,1010,640,1000
2013-06-05,152980,925,94000,1025,610,987
2013-06-07,60100,920,94000,955,610,940
2013-06-10,39720,920,95000,980,616,980
2013-06-11,225400,933,101000,1020,655,970
2013-06-12,873500,993,110000,1150,714,1010
2013-06-13,352890,1030,104500,1135,678,1135
2013-06-14,385100,1025,105000,1100,681,1045
2013-06-17,223400,1015,104500,1075,678,1050
2013-06-18,244900,1030,104000,1075,675,1065
2013-06-19,287810,1000,100000,1065,649,1065
2013-06-20,276940,963,99700,1020,647,1000
2013-06-21,412560,885,92000,995,597,995
2013-06-24,133010,897,89700,932,582,930
2013-06-25,61800,855,89500,901,581,870
2013-06-26,106120,841,85700,894,556,841
2013-06-27,114200,853,89200,895,579,853
2013-06-28,169780,870,89200,924,579,892
2013-07-01,143400,870,90800,910,589,910
2013-07-02,34610,891,90700,940,588,891
2013-07-03,103000,875,87700,910,569,910
2013-07-04,2700,877,89500,907,581,877
2013-07-05,25200,890,90200,940,585,910
2013-07-08,22300,877,90600,907,588,892
2013-07-09,94300,871,88800,905,576,905
2013-07-10,28300,875,89000,919,577,875
2013-07-11,36400,884,89900,939,583,929
2013-07-12,8620,889,89800,909,583,900
2013-07-15,7800,880,89600,897,581,880
2013-07-16,54100,890,92500,927,600,897
2013-07-17,12000,902,91000,920,590,912
2013-07-18,15480,890,89700,910,582,910
2013-07-19,60930,871,89600,898,581,897
2013-07-22,18620,887,88900,902,577,887
2013-07-23,11770,887,90100,909,585,891
2013-07-24,23720,896,90600,944,588,896
2013-07-25,34210,888,88800,900,576,900
2013-07-26,59030,883,92400,924,599,885
2013-07-29,13620,905,91500,919,594,905
2013-07-30,71300,906,92700,946,601,915
2013-07-31,25020,930,94200,950,611,937
2013-08-01,15810,926,92600,954,601,954
2013-08-02,53100,921,97200,1030,631,926
2013-08-05,37310,954,99500,1030,646,954
2013-08-06,55230,977,101000,1020,655,995
2013-08-07,34100,993,99300,1030,644,1025
2013-08-08,35800,975,99600,1085,646,1045
2013-08-09,12300,973,97300,992,631,981
2013-08-12,12500,964,99500,999,646,964
2013-08-13,18720,982,98500,1000,639,982
2013-08-14,13100,969,99800,1020,647,969
2013-08-16,21300,902,98900,1015,642,902
2013-08-19,17500,976,97900,989,635,989
2013-08-20,42590,939,94000,989,610,975
2013-08-21,109900,897,91600,956,594,940
2013-08-22,7100,885,90500,905,587,885
2013-08-23,36700,899,90500,927,587,927
2013-08-26,29620,890,90200,913,585,895
2013-08-27,35530,896,92400,1025,599,901
2013-08-28,10800,906,91800,924,596,923
2013-08-29,22100,918,93900,940,609,922
2013-08-30,24000,910,93600,946,607,930
2013-09-02,27900,907,93000,930,603,916
2013-09-03,43700,915,92000,940,597,940
2013-09-04,13600,909,92000,925,597,917
2013-09-05,25500,900,91100,938,591,925
2013-09-06,123700,885,89800,910,583,904
2013-09-09,114600,868,88700,902,575,895
2013-09-10,86600,882,88800,893,576,887
2013-09-11,177000,864,87100,909,565,890
2013-09-12,134000,866,87200,876,566,869
2013-09-13,88000,866,87200,889,566,872
2013-09-16,46010,864,87200,885,566,884
2013-09-17,47200,864,87300,935,566,876
2013-09-23,89600,871,89000,902,577,902
2013-09-24,54200,881,90500,941,587,939
2013-09-25,7500,890,91400,916,593,916
2013-09-26,104600,917,92000,939,597,920
2013-09-27,28110,911,93000,940,603,911
2013-09-30,18400,912,92800,942,602,921
2013-10-01,41700,914,91700,934,595,934
2013-10-02,4700,913,92000,922,597,922
2013-10-04,5550,902,91800,929,596,902
2013-10-07,46820,874,87400,924,567,903
2013-10-08,13400,874,90400,906,586,883
2013-10-10,9050,893,92000,920,597,902
2013-10-11,2450,906,91900,920,596,910
2013-10-14,4800,891,91300,925,592,891
2013-10-15,1800,902,91500,920,594,920
2013-10-16,13220,887,91200,915,592,915
2013-10-17,4900,888,90600,920,588,920
2013-10-18,13500,884,90400,905,586,905
2013-10-21,42300,885,90100,918,585,885
2013-10-22,4100,888,90500,905,587,888
2013-10-23,5900,889,90200,904,585,892
2013-10-24,87300,868,87900,890,570,875
2013-10-25,8800,870,87800,888,570,879
2013-10-28,55600,870,87100,929,565,880
2013-10-29,29300,868,91000,920,590,875
2013-10-30,7900,878,91600,920,594,900
2013-10-31,86400,890,91100,913,591,899
2013-11-01,1500,905,90600,906,588,906
2013-11-04,17700,896,90500,920,587,906
2013-11-05,20300,879,89500,905,581,905
2013-11-06,17100,888,89400,914,580,888
2013-11-07,4300,889,89400,894,580,894
2013-11-08,700,886,90400,905,586,905
2013-11-11,11200,877,88900,890,577,877
2013-11-12,23600,868,89800,898,583,868
2013-11-13,2300,889,89800,919,583,904
2013-11-14,20200,865,88300,895,573,894
2013-11-15,1500,872,87600,883,568,881
2013-11-18,1600,884,89200,892,579,884
2013-11-19,700,866,89000,897,577,897
2013-11-20,1700,870,88300,883,573,870
2013-11-21,100,887,88700,887,575,887
2013-11-22,900,869,88000,880,571,869
2013-11-25,7500,875,87900,879,570,879
2013-11-26,11800,890,89000,928,577,900
2013-11-27,13710,884,90800,908,589,890
2013-11-28,25300,887,89900,915,583,890
2013-11-29,1149400,765,76500,883,496,880
2013-12-02,829030,693,71600,759,464,751
2013-12-03,128900,704,70700,719,459,705
2013-12-04,428710,670,68600,705,445,678
2013-12-05,110800,669,70300,705,456,675
2013-12-06,77300,697,71600,722,464,718
2013-12-09,79430,691,69500,726,451,716
2013-12-10,51300,676,70100,715,455,715
2013-12-11,29500,685,69600,701,451,690
2013-12-12,26100,677,69000,693,448,681
2013-12-13,26000,669,68700,689,446,689
2013-12-16,25700,679,68800,693,446,693
2013-12-17,25680,676,69800,727,453,692
2013-12-18,16400,675,69600,718,451,718
2013-12-19,12440,683,69900,702,453,696
2013-12-20,2600,687,70100,705,455,687
2013-12-23,23500,691,70400,708,457,705
2013-12-24,3960,695,70500,705,457,704
2013-12-26,15200,696,70200,705,455,705
2013-12-27,29400,670,69200,701,571,689
2013-12-30,6100,690,70000,703,578,697
2014-01-02,100,700,70000,700,578,700
2014-01-03,18620,662,69600,705,574,705
2014-01-06,18850,685,70000,700,578,696
2014-01-07,10220,686,69200,699,571,699
2014-01-08,56100,675,68300,692,563,692
2014-01-09,40500,670,67400,698,556,671
2014-01-10,30300,675,68000,688,561,677
2014-01-13,21700,670,68600,690,566,690
2014-01-14,31700,671,68000,702,561,688
2014-01-15,8200,678,68000,681,561,678
2014-01-16,18400,678,69400,725,573,678
2014-01-17,4100,687,70300,715,580,708
2014-01-20,29000,680,69000,719,569,719
2014-01-21,76700,690,73400,735,606,690
2014-01-22,4100,711,72900,730,601,730
2014-01-23,26800,692,72400,733,597,733
2014-01-24,0,724,72400,724,597,724
2014-01-27,41400,686,69000,709,569,700
2014-01-28,9510,686,69500,700,573,690
2014-01-29,3700,688,70100,707,578,695
2014-02-03,2000,684,70100,706,578,701
2014-02-04,37400,693,70400,750,581,695
2014-02-05,9610,704,71500,715,590,705
2014-02-06,4500,701,71800,725,592,725
2014-02-07,2990,703,71600,718,591,718
2014-02-10,63600,686,68900,719,568,691
2014-02-11,10300,690,69500,703,573,690
2014-02-12,14500,690,69700,698,575,693
2014-02-13,35000,689,70700,717,583,689
2014-02-14,69200,714,72000,734,594,715
2014-02-17,87050,706,72000,727,594,706
2014-02-18,13570,720,73000,731,602,730
2014-02-19,56200,733,75000,769,619,733
2014-02-20,43900,742,75500,755,623,752
2014-02-21,28000,747,74800,766,617,758
2014-02-24,14010,739,75500,755,623,748
2014-02-25,113300,750,76600,766,632,751
2014-02-26,132200,751,77800,779,642,767
2014-02-27,80900,778,78800,794,650,778
2014-02-28,40700,773,78900,789,651,788
2014-03-03,12850,763,78500,800,648,781
2014-03-04,108750,790,80500,805,664,790
2014-03-05,136200,743,78000,825,644,805
2014-03-06,164950,787,82500,825,681,800
2014-03-07,25000,809,82500,828,681,828
2014-03-10,13800,805,82400,825,680,825
2014-03-11,80600,808,81900,830,676,810
2014-03-12,1600,812,82200,822,678,820
2014-03-13,22400,804,82600,830,682,824
2014-03-14,19100,816,82500,826,681,822
2014-03-17,477100,806,91100,944,752,806
2014-03-18,264500,876,91000,965,751,911
2014-03-19,39500,892,90500,916,747,900
2014-03-20,9200,895,89800,944,741,944
2014-03-21,198500,887,92800,933,766,910
2014-03-24,26600,898,93000,949,767,919
2014-03-25,1800,903,91800,926,758,926
2014-03-26,17200,891,91300,960,753,937
2014-03-27,108700,871,91800,938,758,900
2014-03-28,64600,875,90700,920,748,920
2014-03-31,8900,886,90800,910,749,892
2014-04-01,15300,888,90500,910,747,888
2014-04-02,59900,890,90700,911,748,905
2014-04-03,27050,892,91400,914,754,907
2014-04-04,16700,904,91400,917,754,914
2014-04-07,77400,910,92300,925,762,914
2014-04-08,16940,923,94500,990,780,923
2014-04-09,26800,930,94400,953,779,953
2014-04-10,9610,904,94300,944,778,904
2014-04-11,19300,913,91500,925,755,914
2014-04-14,45800,888,89600,911,739,905
2014-04-15,44100,882,88200,897,728,886
2014-04-16,44000,875,87500,887,722,882
2014-04-17,41900,876,88900,892,734,889
2014-04-18,45700,898,90600,927,748,898
2014-04-21,4900,892,89900,899,742,893
2014-04-22,400,898,89800,902,741,902
2014-04-23,14470,886,88600,897,731,888
2014-04-24,1300,885,88500,886,730,886
2014-04-25,12620,875,88600,886,731,885
2014-04-28,310,871,88300,883,729,871
2014-04-29,5220,883,88400,889,729,883
2014-04-30,1400,847,88200,884,728,884
2014-05-02,10110,855,85500,914,706,914
2014-05-07,85380,780,84600,980,698,914
2014-05-08,5940,845,85800,877,708,846
2014-05-09,3840,856,85600,884,706,858
2014-05-12,71700,860,88900,914,734,860
2014-05-13,31300,807,91200,915,753,899
2014-05-14,54900,901,91100,925,752,908
2014-05-15,17100,911,92500,932,763,911
2014-05-16,2400,905,92800,940,766,905
2014-05-19,26180,911,93900,979,775,940
2014-05-20,35200,900,90300,935,745,914
2014-05-21,45300,910,93300,949,770,949
2014-05-22,43400,907,92000,925,759,907
2014-05-23,29700,920,92800,939,766,939
2014-05-26,17800,915,91900,938,758,938
2014-05-27,18700,914,92700,944,765,944
2014-05-28,84020,920,95600,969,789,920
2014-05-29,24000,944,96700,970,798,944
2014-05-30,406600,968,103000,1070,850,969
2014-06-02,2070990,1025,118000,1180,974,1030
2014-06-03,1492990,1150,115000,1270,949,1190
2014-06-05,636440,914,110000,1230,908,914
2014-06-09,788810,914,103000,1120,850,914
2014-06-10,638280,998,103000,1040,850,1025
2014-06-11,466670,1030,107000,1085,883,1040
2014-06-12,377950,1040,110000,1110,908,1060
2014-06-13,319520,1070,107000,1160,883,1100
2014-06-16,485650,1050,115500,1190,953,1070
2014-06-17,419360,1130,120000,1245,990,1155
2014-06-18,147200,1160,117000,1200,966,1180
2014-06-19,186560,1160,116000,1220,957,1175
2014-06-20,162230,1110,115000,1180,949,1160
2014-06-23,34160,1105,112000,1150,924,1130
2014-06-24,88250,1105,112000,1155,924,1105
2014-06-25,72730,1095,114000,1145,941,1120
2014-06-26,328700,1135,118500,1240,978,1135
2014-06-27,715200,1190,123500,1310,1019,1225
2014-06-30,319350,1180,119000,1260,982,1240
2014-07-01,119980,1160,122000,1220,1007,1205
2014-07-02,228840,1170,117000,1230,966,1230
2014-07-03,144380,1150,120000,1200,990,1180
2014-07-04,207090,1175,118500,1215,978,1215
2014-07-07,239990,1120,113500,1195,937,1190
2014-07-08,600170,1055,107000,1140,883,1135
2014-07-09,376360,1065,113500,1160,937,1070
2014-07-10,116060,1110,113500,1160,937,1135
2014-07-11,399180,1125,121000,1280,999,1125
2014-07-14,205440,1195,123000,1250,1015,1230
2014-07-15,653790,1230,126000,1360,1040,1250
2014-07-16,413010,1175,120500,1275,995,1275
2014-07-17,87830,1185,122500,1230,1011,1205
2014-07-18,167560,1210,125000,1260,1032,1225
2014-07-21,115970,1205,122500,1280,1011,1240
2014-07-22,136850,1200,122000,1250,1007,1205
2014-07-23,88900,1190,119500,1240,986,1240
2014-07-24,58950,1160,117500,1200,970,1200
2014-07-25,55410,1155,117500,1195,970,1175
2014-07-28,131100,1115,113500,1195,937,1180
2014-07-29,149330,1085,110500,1165,912,1165
2014-07-30,44720,1085,110500,1120,912,1110
2014-07-31,154220,1055,114500,1145,945,1110
2014-08-01,69820,1100,111000,1150,916,1145
2014-08-04,15760,1090,112500,1130,928,1110
2014-08-05,103560,1105,112500,1170,928,1125
2014-08-06,85260,1105,114000,1140,941,1120
2014-08-07,66370,1120,113000,1150,933,1140
2014-08-08,59700,1075,107500,1115,887,1115
2014-08-11,113400,1040,106000,1090,875,1080
2014-08-12,31940,1030,105500,1075,871,1075
2014-08-13,40620,1035,108000,1105,891,1065
2014-08-14,46820,1080,109000,1160,900,1085
2014-08-18,12690,914,109000,1130,900,914
2014-08-19,71270,1075,108500,1105,895,1085
2014-08-20,102590,1035,107500,1090,887,1090
2014-08-21,32900,1060,107000,1115,883,1070
2014-08-22,35960,1065,106500,1085,879,1065
2014-08-25,72670,1050,106500,1090,879,1065
2014-08-26,41450,1055,108000,1080,891,1080
2014-08-27,151830,1045,105500,1090,871,1060
2014-08-28,152950,1010,105000,1070,867,1070
2014-08-29,64890,1005,104500,1045,862,1045
2014-09-01,914830,1110,120000,1200,990,1140
2014-09-02,765300,1155,120000,1270,990,1250
2014-09-03,203910,1165,116500,1240,961,1200
2014-09-04,218280,1140,119000,1200,982,1200
2014-09-05,80480,1165,119500,1205,986,1185
2014-09-11,34700,914,119500,1215,986,914
2014-09-12,203320,1115,113000,1205,933,1195
2014-09-15,293520,1065,110000,1130,908,1105
2014-09-16,155170,1075,113000,1130,933,1090
2014-09-17,141810,1095,117500,1195,970,1125
2014-09-18,80800,1150,118500,1200,978,1190
2014-09-19,51890,1145,115000,1200,949,1200
2014-09-22,52530,1120,113000,1160,933,1150
2014-09-23,62610,1095,112000,1165,924,1165
2014-09-24,79910,1085,114500,1155,945,1090
2014-09-25,76860,1090,113500,1160,937,1160
2014-09-26,50440,1120,112000,1150,924,1125
2014-09-29,153220,1090,111000,1150,916,1120
2014-09-30,77350,1110,118500,1185,978,1120
2014-10-01,145660,1110,112500,1185,928,1185
2014-10-02,7610,1105,113000,1130,933,1105
2014-10-06,35280,914,115000,1150,949,914
2014-10-07,52530,1110,114500,1170,945,1170
2014-10-08,35110,1130,114000,1160,941,1160
2014-10-10,51640,914,110500,1150,912,914
2014-10-13,117250,1040,106000,1095,875,1090
2014-10-14,136700,1025,105500,1055,871,1025
2014-10-15,62910,1045,107500,1080,887,1055
2014-10-16,37410,1015,105500,1075,871,1060
2014-10-17,85830,1025,103000,1080,850,1040
2014-10-20,58690,1020,107000,1080,883,1020
2014-10-21,132960,1000,105500,1085,871,1065
2014-10-22,71180,1020,103500,1065,854,1055
2014-10-23,77960,1020,106000,1075,875,1035
2014-10-24,55400,1035,104500,1080,862,1070
2014-10-27,42270,1045,108500,1095,895,1045
2014-10-28,14560,1060,107000,1095,883,1095
2014-10-29,30370,1055,109000,1105,900,1060
2014-10-30,51440,1035,103500,1085,854,1075
2014-10-31,44120,1040,109000,1100,900,1045
2014-11-03,88270,1035,106000,1110,875,1110
2014-11-04,203800,971,97500,1060,805,1040
2014-11-05,72440,975,99600,1000,822,975
2014-11-06,72440,976,97800,997,807,996
2014-11-07,17300,975,102500,1025,846,975
2014-11-10,50010,1000,102500,1055,846,1000
2014-11-11,44550,1010,103000,1035,850,1015
2014-11-12,10470,1020,103500,1040,854,1025
2014-11-13,3080,1025,103500,1040,854,1030
2014-11-14,28270,1015,102500,1040,846,1040
2014-11-17,7190,1015,101500,1050,838,1020
2014-11-18,42090,1020,104000,1050,858,1020
2014-11-19,30730,1015,102500,1040,846,1040
2014-11-20,61650,1030,104000,1150,858,1150
2014-11-21,7440,1035,104000,1045,858,1040
2014-11-24,4910,1040,105000,1050,867,1050
2014-11-25,24440,1040,104000,1060,858,1050
2014-11-26,43370,1035,106500,1080,879,1040
2014-11-27,55150,1050,108000,1080,891,1060
2014-11-28,80490,1020,105000,1080,867,1060
2014-12-01,142850,999,104000,1065,858,1050
2014-12-02,114510,995,99500,1035,821,1035
2014-12-03,15790,985,98600,1015,814,995
2014-12-04,88760,980,99000,1000,817,1000
2014-12-05,33610,990,99800,1005,824,1005
2014-12-08,100700,963,97300,1005,803,1005
2014-12-09,134030,941,97000,982,800,974
2014-12-10,53740,933,94000,970,776,970
2014-12-11,209490,888,90900,952,750,952
2014-12-12,21710,905,91800,921,758,910
2014-12-15,10830,915,91800,936,758,936
2014-12-16,127250,900,91200,928,753,918
2014-12-17,58420,890,91100,950,752,890
2014-12-18,29650,911,92200,928,761,911
2014-12-19,17370,921,93200,935,769,922
2014-12-22,47940,932,94500,1015,780,932
2014-12-23,22700,911,92900,941,767,941
2014-12-24,28400,920,92600,935,764,925
2014-12-26,44420,925,94000,980,776,926
2014-12-29,66310,920,92000,988,903,935
2014-12-30,121600,910,97400,975,956,920
2015-01-02,30590,948,97900,980,961,974
2015-01-05,42020,936,94800,982,931,982
2015-01-06,96530,920,96800,985,951,920
2015-01-07,136620,953,95300,986,936,970
2015-01-08,49620,954,97000,976,953,969
2015-01-09,90460,955,100000,1000,982,986
2015-01-12,29510,995,99600,1065,978,1000
2015-01-13,40850,995,100000,1015,982,999
2015-01-14,36580,992,99200,1025,974,1000
2015-01-15,37220,984,101500,1035,997,984
2015-01-16,35930,985,100000,1040,982,1000
2015-01-19,127890,995,105000,1080,1031,1080
2015-01-20,18820,1030,105000,1100,1031,1050
2015-01-21,32690,999,104000,1055,1021,1050
2015-01-22,66320,1000,102500,1040,1007,1015
2015-01-23,18110,1000,103500,1035,1016,1030
2015-01-26,24130,1010,104000,1045,1021,1035
2015-01-27,82640,1010,101500,1045,997,1015
2015-01-28,33720,1005,106000,1065,1041,1005
2015-01-29,22660,1040,104500,1070,1026,1070
2015-01-30,15990,1040,107500,1080,1056,1045
2015-02-02,79340,1055,109500,1120,1075,1075
2015-02-03,52930,1040,108000,1100,1061,1040
2015-02-04,18320,1060,108500,1105,1066,1085
2015-02-05,34110,1060,107500,1105,1056,1085
2015-02-06,84840,1065,107500,1115,1056,1075
2015-02-09,70460,1050,107000,1140,1051,1115
2015-02-10,30040,1055,107500,1080,1056,1080
2015-02-11,13180,1060,106500,1110,1046,1070
2015-02-12,9350,1060,107000,1100,1051,1085
2015-02-13,99230,1030,104500,1125,1026,1075
2015-02-16,122100,1040,105500,1080,1036,1045
2015-02-17,1358490,1090,121000,1210,1188,1110
2015-02-23,2150790,1190,119000,1330,1169,1210
2015-02-24,412740,1145,116000,1200,1139,1190
2015-02-25,252040,1140,115000,1195,1129,1170
2015-02-26,174710,1145,119500,1220,1174,1150
2015-02-27,83860,1165,121000,1210,1188,1180
2015-03-02,138190,1165,117000,1230,1149,1215
2015-03-03,141790,1150,119500,1200,1174,1170
2015-03-04,146860,1160,122000,1225,1198,1185
2015-03-05,190040,1190,121000,1250,1188,1225
2015-03-06,283870,1190,122000,1230,1198,1200
2015-03-09,3523960,1235,124500,1400,1223,1400
2015-03-10,552040,1210,124000,1265,1218,1265
2015-03-11,176140,1210,123000,1240,1208,1230
2015-03-12,207430,1210,125500,1275,1233,1210
2015-03-13,151890,1240,127000,1280,1247,1270
2015-03-16,321600,1250,128500,1290,1262,1280
2015-03-17,211540,1275,129500,1315,1272,1285
2015-03-18,211170,1245,126500,1305,1242,1305
2015-03-19,106890,1245,127000,1280,1247,1265
2015-03-20,148940,1240,126500,1290,1242,1290
2015-03-23,173180,1235,125500,1290,1233,1290
2015-03-24,60880,1240,127000,1270,1247,1260
2015-03-25,286580,1270,130000,1310,1277,1280
2015-03-26,129830,1280,130500,1330,1282,1295
2015-03-27,512610,1310,139500,1415,1370,1335
2015-03-30,547950,1400,146500,1530,1439,1410
2015-03-31,529100,1460,159500,1595,1567,1480
2015-04-01,331620,1520,157500,1615,1547,1570
2015-04-02,277570,1535,162500,1680,1596,1570
2015-04-03,247720,1605,174000,1750,1709,1605
2015-04-06,614630,1755,179500,1990,1763,1760
2015-04-07,234230,1720,181000,1815,1778,1800
2015-04-08,174650,1750,179000,1815,1758,1810
2015-04-09,228870,1695,169500,1815,1665,1790
2015-04-10,461050,1605,163000,1705,1601,1695
2015-04-13,255230,1630,172000,1755,1689,1630
2015-04-14,227610,1645,167500,1725,1645,1690
2015-04-15,166010,1630,165000,1695,1621,1675
2015-04-16,152860,1630,166000,1710,1630,1640
2015-04-17,112830,1625,166500,1675,1635,1650
2015-04-20,96250,1640,167000,1680,1640,1650
2015-04-21,245210,1615,165000,1700,1621,1695
2015-04-22,284620,1575,161000,1680,1581,1660
2015-04-23,314090,1550,157000,1610,1542,1610
2015-04-24,249900,1510,155000,1590,1522,1555
2015-04-27,168280,1530,159000,1590,1562,1535
2015-04-28,317300,1555,159500,1620,1567,1590
2015-04-29,0,1595,159500,1595,1567,1595
2015-04-30,0,1595,159500,1595,1567,1595
2015-05-04,0,1595,159500,1595,1567,1595
2015-05-06,0,1595,159500,1595,1567,1595
2015-05-07,0,1595,159500,1595,1567,1595
2015-05-08,0,1595,159500,1595,1567,1595
2015-05-11,0,1595,15950,1595,1567,1595
2015-05-12,0,1595,15950,1595,1567,1595
2015-05-13,0,1595,15950,1595,1567,1595
2015-05-14,0,1595,15950,1595,1567,1595
2015-05-15,0,1595,15950,1595,1567,1595
2015-05-18,832029,1510,1785,1830,1753,1510
2015-05-19,257636,1650,1735,1800,1704,1790
2015-05-20,218942,1610,1665,1735,1635,1735
2015-05-21,122220,1605,1630,1690,1601,1675
2015-05-22,189063,1595,1600,1685,1572,1625
2015-05-26,81396,1575,1575,1645,1547,1600
2015-05-27,163089,1505,1550,1585,1522,1585
2015-05-28,71812,1520,1560,1570,1532,1545
2015-05-29,62327,1555,1600,1610,1572,1575
2015-06-01,148824,1480,1555,1605,1527,1605
2015-06-02,307335,1475,1500,1555,1473,1520
2015-06-03,97668,1480,1495,1545,1468,1500
2015-06-04,84411,1470,1480,1560,1454,1505
2015-06-05,146138,1400,1465,1480,1439,1480
2015-06-08,54692,1440,1455,1520,1429,1500
2015-06-09,158116,1420,1510,1535,1483,1475
2015-06-10,137349,1410,1475,1535,1449,1535
2015-06-11,73886,1455,1470,1495,1444,1475
2015-06-12,90314,1460,1530,1530,1503,1470
2015-06-15,6723048,1550,1985,1985,1950,1550
2015-06-16,19032720,2170,2425,2550,2382,2175
2015-06-17,27094384,2020,2120,2650,2082,2425
2015-06-18,8556772,2030,2030,2215,1994,2060
2015-06-19,14899206,2030,2110,2355,2073,2040
2015-06-22,6441642,2030,2055,2270,2019,2130
2015-06-23,5554367,2055,2085,2230,2048,2110
2015-06-24,21395914,2090,2710,2710,2662,2140
2015-06-25,45158640,2470,2530,3350,2485,2780
2015-06-26,35376884,2550,2765,2955,2716,2620
2015-06-29,12035638,2600,2680,3040,2633,2645
2015-06-30,8071164,2410,2495,2780,2451,2630
2015-07-01,4359949,2410,2500,2630,2456,2565
2015-07-02,6019661,2250,2295,2545,2254,2500
2015-07-03,3275971,2155,2205,2320,2166,2315
2015-07-06,2201148,2070,2100,2190,2063,2185
2015-07-07,3307387,1940,1995,2170,1960,2145
2015-07-08,3450862,1970,2050,2145,2014,2005
2015-07-09,1548288,1920,1960,2050,1925,2050
2015-07-10,1076211,1925,1980,2040,1945,2000
2015-07-13,1292107,1970,2000,2055,1965,2035
2015-07-14,1759812,2005,2050,2095,2014,2030
2015-07-15,1341983,2000,2020,2095,1984,2070
2015-07-16,10652644,2020,2330,2515,2289,2030
2015-07-17,3927266,2180,2200,2465,2161,2450
2015-07-20,2080807,2120,2135,2310,2097,2235
2015-07-21,2820059,2125,2185,2305,2146,2160
2015-07-22,1603464,2100,2100,2215,2063,2180
2015-07-23,1022253,2035,2055,2135,2019,2100
2015-07-24,765182,2015,2045,2070,2009,2025
2015-07-27,824289,1945,1980,2055,1945,2050
2015-07-28,568450,1875,1995,1995,1960,1930
2015-07-29,1562642,1940,1940,2140,1906,2030
2015-07-30,477509,1905,1950,1990,1915,1930
2015-07-31,565774,1920,2000,2020,1965,1945
2015-08-03,701814,1985,2010,2095,1974,1995
2015-08-04,511647,1965,2000,2045,1965,2010
2015-08-05,2236173,2005,2050,2165,2014,2040
2015-08-06,761262,2025,2045,2110,2009,2100
2015-08-07,697391,1980,1990,2040,1955,2030
2015-08-10,684634,1910,1910,2010,1876,1990
2015-08-11,939191,1855,1855,1935,1822,1910
2015-08-12,721493,1775,1820,1850,1788,1830
2015-08-13,450257,1785,1875,1880,1842,1785
2015-08-14,0,1875,1875,1875,1842,1875
2015-08-17,388854,1800,1840,1880,1807,1850
2015-08-18,478397,1760,1780,1870,1748,1840
2015-08-19,651581,1655,1700,1755,1670,1710
2015-08-20,277487,1675,1675,1790,1645,1790
2015-08-21,815237,1485,1500,1660,1473,1565
2015-08-24,457255,1460,1495,1560,1468,1460
2015-08-25,410935,1500,1575,1595,1547,1520
2015-08-26,3576844,1570,1770,1950,1739,1580
2015-08-27,1021047,1720,1750,1890,1719,1815
2015-08-28,405712,1750,1750,1810,1719,1810
2015-08-31,326003,1715,1715,1785,1685,1740
2015-09-01,344020,1685,1685,1740,1655,1705
2015-09-02,265745,1600,1655,1700,1626,1660
2015-09-03,371396,1675,1700,1765,1670,1695
2015-09-04,339108,1600,1600,1740,1572,1700
2015-09-07,200436,1575,1610,1635,1581,1575
2015-09-08,293569,1510,1580,1635,1552,1625
2015-09-09,275247,1600,1635,1650,1606,1615
2015-09-10,247867,1595,1690,1695,1660,1630
2015-09-11,305575,1680,1710,1735,1680,1680
2015-09-14,1498176,1705,1775,1915,1743,1710
2015-09-15,3026335,1770,1815,1995,1783,1785
2015-09-16,1355525,1830,1890,1960,1856,1850
2015-09-17,647097,1755,1755,1885,1724,1880
2015-09-18,326418,1770,1805,1830,1773,1785
2015-09-21,283909,1730,1780,1795,1748,1795
2015-09-22,521866,1750,1835,1910,1802,1775
2015-09-23,350638,1750,1765,1840,1734,1835
2015-09-24,342045,1755,1825,1845,1793,1765
2015-09-25,331092,1770,1830,1865,1798,1845
2015-09-30,734354,1770,1875,1885,1842,1845
2015-10-01,382750,1870,1875,1935,1842,1925
2015-10-02,307988,1860,1885,1915,1852,1915
2015-10-05,320451,1885,1890,1915,1856,1890
2015-10-06,452917,1855,1865,1915,1832,1895
2015-10-07,429531,1800,1820,1875,1788,1870
2015-10-08,322123,1805,1810,1845,1778,1825
2015-10-12,461740,1805,1835,1835,1802,1810
2015-10-13,1795175,1825,1935,1985,1901,1850
2015-10-14,1631972,1935,1950,2055,1915,1955
2015-10-15,574713,1900,1925,2000,1891,1960
2015-10-16,342969,1895,1930,1955,1896,1940
2015-10-19,423279,1845,1855,1960,1822,1960
2015-10-20,364888,1845,1850,1885,1817,1860
2015-10-21,570049,1810,1820,1875,1788,1870
2015-10-22,450884,1780,1830,1835,1798,1835
2015-10-23,248488,1805,1815,1850,1783,1820
2015-10-26,255794,1785,1795,1835,1763,1820
2015-10-27,197221,1770,1785,1810,1753,1790
2015-10-28,455065,1725,1735,1810,1704,1785
2015-10-29,149745,1725,1730,1780,1699,1735
2015-10-30,272670,1675,1685,1750,1655,1730
2015-11-02,240209,1645,1675,1695,1645,1665
2015-11-03,222398,1670,1695,1775,1665,1695
2015-11-04,204285,1690,1695,1740,1665,1715
2015-11-05,223524,1700,1750,1765,1719,1710
2015-11-06,148565,1720,1720,1765,1689,1765
2015-11-09,223416,1660,1665,1755,1635,1720
2015-11-10,315537,1560,1585,1670,1557,1665
2015-11-11,141710,1585,1595,1645,1567,1610
2015-11-12,113296,1590,1610,1615,1581,1595
2015-11-13,156123,1545,1605,1645,1576,1590
2015-11-16,155845,1545,1550,1590,1522,1555
2015-11-17,381377,1550,1590,1630,1562,1630
2015-11-18,414339,1595,1670,1715,1640,1600
2015-11-19,91527,1650,1675,1710,1645,1670
2015-11-20,171893,1655,1660,1695,1630,1675
2015-11-23,143585,1625,1625,1675,1596,1660
2015-11-24,130830,1595,1640,1640,1611,1615
2015-11-25,110253,1610,1615,1660,1586,1645
2015-11-26,1173823,1600,1730,1780,1699,1615
2015-11-27,415157,1670,1730,1745,1699,1720
2015-11-30,260691,1680,1695,1770,1665,1730
2015-12-01,425394,1695,1710,1765,1680,1705
2015-12-02,306581,1665,1680,1745,1650,1725
2015-12-03,94960,1660,1670,1695,1640,1680
2015-12-04,107390,1640,1660,1725,1630,1640
2015-12-07,87824,1655,1660,1710,1630,1670
2015-12-08,236890,1600,1620,1690,1591,1690
2015-12-09,1363700,1595,1690,1810,1660,1650
2015-12-10,521511,1655,1730,1750,1699,1700
2015-12-11,510756,1690,1690,1785,1660,1740
2015-12-14,723756,1660,1685,1780,1655,1760
2015-12-15,2235183,1660,1800,1835,1768,1710
2015-12-16,1504970,1755,1800,1865,1768,1815
2015-12-17,712081,1745,1800,1840,1768,1820
2015-12-18,890916,1785,1785,1880,1753,1790
2015-12-21,362028,1760,1770,1825,1739,1785
2015-12-22,518275,1725,1740,1800,1709,1800
2015-12-23,412579,1745,1760,1785,1729,1750
2015-12-24,379438,1730,1740,1780,1709,1760
2015-12-28,222266,1730,1730,1765,1699,1740
2015-12-29,239666,1705,1705,1750,1689,1750
2015-12-30,335732,1675,1680,1720,1665,1715
2016-01-04,393584,1650,1705,1735,1689,1680
2016-01-05,190493,1675,1675,1725,1660,1720
2016-01-06,367460,1650,1665,1725,1650,1675
2016-01-07,526100,1590,1615,1665,1600,1650
2016-01-08,307692,1555,1580,1595,1565,1585
2016-01-11,184721,1570,1600,1620,1585,1580
2016-01-12,152092,1575,1585,1615,1570,1610
2016-01-13,135957,1585,1615,1625,1600,1595
2016-01-14,380155,1535,1580,1605,1565,1595
2016-01-15,153862,1575,1575,1620,1561,1595
2016-01-18,241058,1510,1585,1600,1570,1555
2016-01-19,329979,1525,1525,1600,1511,1560
2016-01-20,628676,1390,1400,1560,1387,1540
2016-01-21,326596,1370,1390,1450,1377,1400
2016-01-22,232239,1375,1425,1440,1412,1400
2016-01-25,244935,1430,1490,1510,1476,1465
2016-01-26,141756,1430,1435,1515,1422,1490
2016-01-27,220679,1430,1430,1475,1417,1460
2016-01-28,167940,1430,1490,1550,1476,1430
2016-01-29,114536,1460,1500,1500,1486,1485
2016-02-01,93466,1470,1490,1525,1476,1505
2016-02-02,115144,1440,1475,1490,1461,1480
2016-02-03,161574,1405,1425,1485,1412,1485
2016-02-04,107388,1440,1470,1475,1456,1455
2016-02-05,99911,1460,1480,1495,1466,1480
2016-02-11,495585,1380,1390,1480,1377,1480
2016-02-12,521957,1240,1275,1400,1263,1390
2016-02-15,195775,1280,1315,1340,1303,1280
2016-02-16,253218,1325,1390,1400,1377,1340
2016-02-17,107880,1385,1400,1430,1387,1400
2016-02-18,83658,1410,1425,1450,1412,1430
2016-02-19,114249,1405,1440,1450,1427,1425
2016-02-22,71406,1420,1455,1455,1442,1420
2016-02-23,84665,1430,1465,1470,1451,1460
2016-02-24,55343,1440,1440,1480,1427,1465
2016-02-25,156153,1435,1460,1470,1447,1465
2016-02-26,32763,1440,1455,1505,1442,1505
2016-02-29,40431,1440,1460,1470,1447,1450
2016-03-02,132199,1420,1440,1490,1427,1460
2016-03-03,185895,1410,1430,1455,1417,1440
2016-03-04,132502,1420,1425,1455,1412,1445
2016-03-07,248519,1435,1470,1495,1456,1455
2016-03-08,172427,1445,1445,1475,1432,1470
2016-03-09,549396,1450,1530,1555,1516,1470
2016-03-10,189086,1490,1505,1540,1491,1535
2016-03-11,537087,1500,1565,1605,1551,1505
2016-03-14,417276,1460,1485,1580,1471,1570
2016-03-15,433245,1485,1555,1585,1541,1495
2016-03-16,162857,1510,1525,1550,1511,1550
2016-03-17,163171,1505,1525,1550,1511,1525
2016-03-18,94465,1505,1515,1545,1501,1530
2016-03-21,133385,1505,1515,1535,1501,1520
2016-03-22,197828,1515,1525,1550,1511,1515
2016-03-23,82356,1520,1520,1550,1506,1550
2016-03-24,127828,1500,1500,1535,1486,1535
2016-03-25,212641,1475,1515,1515,1501,1510
2016-03-28,140235,1495,1505,1525,1491,1525
2016-03-29,133919,1495,1500,1525,1486,1505
2016-03-30,266711,1510,1545,1555,1531,1515
2016-03-31,164434,1530,1540,1565,1526,1555
2016-04-01,189079,1535,1540,1550,1526,1535
2016-04-04,89419,1530,1550,1565,1536,1540
2016-04-05,93461,1535,1550,1565,1536,1550
2016-04-06,190374,1515,1525,1545,1511,1535
2016-04-07,105257,1510,1535,1535,1521,1525
2016-04-08,151827,1505,1530,1535,1516,1525
2016-04-11,373152,1515,1575,1575,1561,1530
2016-04-12,225602,1560,1565,1580,1551,1575
2016-04-14,432517,1560,1570,1615,1556,1565
2016-04-15,372350,1565,1630,1630,1615,1590
2016-04-18,277020,1570,1575,1620,1561,1620
2016-04-19,147710,1560,1575,1595,1561,1575
2016-04-20,626552,1550,1560,1590,1546,1575
2016-04-21,21742899,1650,2025,2025,2007,1655
2016-04-22,27768673,2030,2100,2460,2081,2140
2016-04-25,8514109,1995,2060,2275,2041,2215
2016-04-26,5875269,1875,1910,2030,1893,2020
2016-04-27,4471050,1880,1910,1960,1893,1905
2016-04-28,3332051,1900,1955,1990,1937,1935
2016-04-29,3281221,1880,1885,1990,1868,1970
2016-05-02,1561968,1800,1800,1915,1784,1915
2016-05-03,1715863,1770,1825,1870,1808,1805
2016-05-04,1532605,1790,1805,1890,1788,1805
2016-05-09,863699,1735,1755,1810,1739,1805
2016-05-10,1077730,1750,1820,1845,1803,1765
2016-05-11,670227,1775,1800,1850,1784,1840
2016-05-12,1657613,1780,1850,1895,1833,1815
2016-05-13,1780298,1825,1865,1910,1848,1890
2016-05-16,2653381,1865,1925,1930,1907,1890
2016-05-17,7178755,1900,1900,2185,1883,2160
2016-05-18,1835459,1800,1830,1935,1813,1900
2016-05-19,917648,1800,1835,1885,1818,1800
2016-05-20,782099,1825,1855,1895,1838,1825
2016-05-23,583780,1825,1840,1875,1823,1860
2016-05-24,860157,1765,1785,1835,1769,1835
2016-05-25,463387,1775,1790,1830,1774,1805
2016-05-26,5729062,1790,1915,2050,1897,1810
2016-05-27,1129841,1895,1965,1970,1947,1925
2016-05-30,811993,1920,1935,1985,1917,1975
2016-05-31,980084,1930,1990,1990,1972,1950
2016-06-01,826356,1905,1960,1980,1942,1965
2016-06-02,4117029,1930,2035,2180,2016,1970
2016-06-03,929601,1995,2020,2075,2002,2030
2016-06-07,1716926,2020,2095,2135,2076,2020
2016-06-08,1242019,2045,2130,2150,2111,2085
2016-06-09,2655467,2035,2090,2310,2071,2110
2016-06-10,775751,2020,2100,2150,2081,2110
2016-06-13,663772,1995,1995,2100,1977,2100
2016-06-14,534747,1955,2040,2040,2021,1995
2016-06-15,521878,2030,2030,2110,2011,2045
2016-06-16,789067,1955,1990,2055,1972,2055
2016-06-17,577814,1965,2040,2050,2021,1995
2016-06-20,1192257,2030,2080,2120,2061,2060
2016-06-21,1889838,2075,2170,2190,2150,2080
2016-06-22,2914754,2130,2130,2330,2111,2220
2016-06-23,911768,2075,2150,2165,2130,2100
2016-06-24,2802348,1920,1965,2260,1947,2195
2016-06-27,866453,1850,1945,1995,1927,1850
2016-06-28,1038226,1900,2030,2050,2011,1945
2016-06-29,965432,2045,2045,2125,2026,2080
2016-06-30,2309197,2055,2155,2220,2135,2090
2016-07-01,4018011,2160,2180,2340,2160,2215
2016-07-04,1045634,2160,2210,2280,2190,2190
2016-07-05,532705,2170,2200,2245,2180,2230
2016-07-06,907346,2090,2115,2205,2096,2185
2016-07-07,1759738,2125,2240,2260,2220,2125
2016-07-08,1584143,2195,2230,2325,2210,2285
2016-07-11,1463399,2230,2330,2330,2309,2245
2016-07-12,8255894,2280,2280,2595,2259,2450
2016-07-13,1035871,2235,2235,2300,2215,2290
2016-07-14,912229,2160,2190,2245,2170,2245
2016-07-15,825292,2155,2175,2220,2155,2195
2016-07-18,846100,2175,2250,2280,2230,2175
2016-07-19,539450,2215,2235,2280,2215,2250
2016-07-20,388784,2190,2220,2255,2200,2255
2016-07-21,384625,2180,2185,2245,2165,2225
2016-07-22,733779,2120,2150,2200,2130,2185
2016-07-25,499762,2100,2100,2155,2081,2150
2016-07-26,529462,2065,2130,2155,2111,2100
2016-07-27,263746,2100,2100,2170,2081,2150
2016-07-28,372224,2090,2135,2175,2116,2095
2016-07-29,198370,2115,2125,2165,2106,2160
2016-08-01,155618,2110,2115,2150,2096,2110
2016-08-02,228638,2070,2100,2130,2081,2100
2016-08-03,880502,2050,2195,2200,2175,2100
2016-08-04,1065457,2180,2240,2280,2220,2220
2016-08-05,740051,2190,2200,2310,2180,2260
2016-08-08,292132,2190,2190,2290,2170,2240
2016-08-09,306105,2145,2210,2220,2190,2180
2016-08-10,945037,2180,2270,2295,2249,2200
2016-08-11,5126375,2230,2230,2565,2210,2335
2016-08-12,1547595,2190,2345,2345,2324,2230
2016-08-16,1272459,2290,2330,2395,2309,2345
2016-08-17,1151066,2205,2225,2255,2205,2235
2016-08-18,970237,2240,2255,2310,2234,2245
2016-08-19,1229594,2245,2310,2350,2289,2260
2016-08-22,715159,2240,2240,2345,2220,2330
2016-08-23,533678,2200,2200,2250,2180,2240
2016-08-24,592113,2120,2170,2210,2150,2200
2016-08-25,452281,2120,2125,2185,2106,2185
2016-08-26,379637,2105,2160,2180,2140,2125
2016-08-29,399189,2060,2060,2165,2041,2165
2016-08-30,824546,2005,2070,2135,2051,2050
2016-08-31,883976,2040,2075,2165,2056,2070
2016-09-01,619816,2030,2040,2115,2021,2115
2016-09-02,378389,2020,2060,2070,2041,2060
2016-09-05,277553,2040,2065,2090,2046,2090
2016-09-06,1037282,2065,2145,2170,2125,2065
2016-09-07,550944,2085,2100,2165,2081,2160
2016-09-08,666328,2005,2050,2130,2031,2120
2016-09-09,688852,2020,2065,2140,2046,2050
2016-09-12,1101595,2055,2085,2175,2066,2055
2016-09-13,453488,2045,2075,2125,2056,2110
2016-09-19,5406092,2075,2415,2440,2393,2075
2016-09-20,7705324,2360,2465,2650,2443,2580
2016-09-21,2236483,2335,2380,2490,2358,2465
2016-09-22,1575998,2245,2260,2435,2239,2360
2016-09-23,3405140,2270,2390,2495,2368,2290
2016-09-26,1095068,2325,2345,2415,2324,2360
2016-09-27,8632598,2360,2600,2600,2576,2375
2016-09-28,5573524,2500,2505,2800,2482,2775
2016-09-29,3414012,2475,2555,2675,2532,2500
2016-09-30,1466708,2395,2395,2590,2373,2520
2016-10-04,813155,2365,2435,2440,2413,2395
2016-10-05,554436,2385,2440,2455,2418,2445
2016-10-06,1734337,2455,2495,2550,2472,2455
2016-10-07,1529299,2410,2410,2575,2388,2490
2016-10-10,552230,2320,2340,2425,2319,2425
2016-10-11,743640,2275,2280,2425,2259,2400
2016-10-12,528843,2240,2240,2320,2220,2285
2016-10-13,652033,2160,2180,2280,2160,2260
2016-10-14,447443,2130,2130,2195,2111,2190
2016-10-17,456743,2100,2140,2190,2120,2100
2016-10-18,1473747,2115,2240,2275,2220,2120
2016-10-19,369469,2170,2200,2240,2180,2240
2016-10-20,338515,2130,2130,2225,2111,2220
2016-10-21,413360,2085,2120,2190,2101,2135
2016-10-24,383119,2085,2140,2160,2120,2105
2016-10-25,529834,2025,2135,2165,2116,2140
2016-10-26,738075,1990,2015,2140,1997,2140
2016-10-27,1246911,2040,2140,2185,2120,2040
2016-10-28,506750,2035,2085,2140,2066,2125
2016-10-31,854688,1990,2010,2100,1992,2065
2016-11-01,431209,1990,2035,2070,2016,2070
2016-11-02,451504,1940,1980,2070,1962,2055
2016-11-03,509659,1895,1970,1990,1952,1955
2016-11-04,303124,1905,1950,1985,1932,1970
2016-11-07,669326,1945,2020,2060,2002,1955
2016-11-08,237213,1995,2000,2045,1982,2030
2016-11-09,1551324,1785,2075,2095,2056,2030
2016-11-10,874259,2030,2075,2115,2056,2080
2016-11-11,1014958,2045,2125,2160,2106,2100
2016-11-14,375473,2070,2090,2140,2071,2140
2016-11-15,265055,2055,2075,2090,2056,2075
2016-11-16,322076,2070,2110,2115,2091,2090
2016-11-17,350707,2085,2100,2145,2081,2125
2016-11-18,252370,2085,2105,2125,2086,2090
2016-11-21,413270,2040,2080,2150,2061,2085
2016-11-22,410628,2080,2080,2150,2061,2100
2016-11-23,1417693,2045,2115,2175,2096,2090
2016-11-24,676764,2065,2110,2160,2091,2155
2016-11-25,686414,2065,2075,2120,2056,2115
2016-11-28,740662,1980,2015,2085,1997,2080
2016-11-29,435863,1970,2040,2040,2021,2020
2016-11-30,287653,2000,2040,2075,2021,2055
2016-12-01,205817,1980,2020,2055,2002,2040
2016-12-02,435951,1990,2030,2065,2011,2005
2016-12-05,238985,1975,1985,2055,1967,2055
2016-12-06,335655,1945,1955,1985,1937,1955
2016-12-07,436353,1920,1995,2010,1977,1950
2016-12-08,290340,1990,2020,2050,2002,2010
2016-12-09,270026,2000,2025,2080,2007,2025
2016-12-12,445665,2035,2075,2100,2056,2045
2016-12-13,261582,2055,2075,2100,2056,2100
2016-12-14,249339,2040,2040,2095,2021,2090
2016-12-15,156261,2035,2040,2065,2021,2040
2016-12-16,2372588,2040,2200,2285,2180,2065
2016-12-19,1732403,2210,2250,2340,2230,2235
2016-12-20,472106,2220,2265,2295,2244,2260
2016-12-21,396777,2210,2250,2300,2230,2280
2016-12-22,1698764,2245,2375,2420,2353,2260
2016-12-23,882112,2345,2350,2440,2329,2400
2016-12-26,646364,2180,2180,2350,2160,2340
2016-12-27,1837620,2205,2250,2440,2230,2220
2016-12-28,460176,2270,2320,2325,2320,2270
2016-12-29,296410,2275,2290,2340,2290,2340
2017-01-02,209954,2240,2240,2310,2240,2290
2017-01-03,449860,2230,2335,2335,2335,2240
2017-01-04,249638,2305,2350,2365,2350,2350
2017-01-05,273469,2310,2310,2380,2310,2350
2017-01-06,263339,2265,2345,2345,2345,2320
2017-01-09,337824,2290,2300,2365,2300,2350
2017-01-10,166001,2250,2280,2300,2280,2295
2017-01-11,212543,2245,2250,2295,2250,2280
2017-01-12,414592,2165,2180,2265,2180,2235
2017-01-13,356802,2095,2150,2215,2150,2215
2017-01-16,381628,2075,2085,2160,2085,2145
2017-01-17,276773,2075,2075,2155,2075,2095
2017-01-18,359497,2060,2075,2110,2075,2100
2017-01-19,284975,2080,2090,2135,2090,2090
2017-01-20,188633,2050,2080,2130,2080,2090
2017-01-23,560137,1960,1970,2075,1970,2070
2017-01-24,826846,1935,2020,2070,2020,1935
2017-01-25,492598,1915,1915,2080,1915,2060
2017-01-26,151481,1930,1935,1985,1935,1985
2017-01-31,305574,1895,1980,1980,1980,1935
2017-02-01,269461,1960,1970,2005,1970,1980
2017-02-02,1432686,1715,1980,2055,1980,1750
2017-02-03,288769,1915,1955,2000,1955,1995
2017-02-06,165143,1900,1925,1955,1925,1955
2017-02-07,203666,1880,1905,1930,1905,1930
2017-02-08,235954,1835,1870,1905,1870,1905
2017-02-09,136809,1850,1910,1930,1910,1870
2017-02-10,151555,1855,1860,1920,1860,1895
2017-02-13,115028,1850,1930,1935,1930,1850
2017-02-14,102062,1915,1935,1940,1935,1920
2017-02-15,190119,1900,1935,1985,1935,1945
2017-02-16,45823,1920,1940,1945,1940,1945
2017-02-17,58597,1925,1945,1960,1945,1940
2017-02-20,49729,1925,1935,1945,1935,1940
2017-02-21,67349,1920,1945,1945,1945,1930
2017-02-22,494258,1940,1990,2120,1990,1940
2017-02-23,130653,1970,1975,2010,1975,1970
2017-02-24,104246,1955,1970,1995,1970,1970
2017-02-27,96463,1930,1975,1985,1975,1970
2017-02-28,133311,1965,1965,2020,1965,1985
2017-03-02,59163,1945,1975,1985,1975,1965
2017-03-03,177402,1890,1960,1970,1960,1960
2017-03-06,182263,1875,1930,1945,1930,1920
2017-03-07,354640,1940,1945,2005,1945,1960
2017-03-08,291703,1945,1985,2030,1985,1950
2017-03-09,89332,1980,1990,2010,1990,1980
2017-03-10,114084,1940,1990,2000,1990,2000
2017-03-13,152920,1970,1990,2015,1990,2005
2017-03-14,82811,1985,2000,2020,2000,1995
2017-03-15,103591,1970,1980,2015,1980,1995
2017-03-16,143307,1975,1980,2010,1980,1980
2017-03-17,115863,1975,1990,2010,1990,1980
2017-03-20,119861,1955,1985,1995,1985,1995
2017-03-21,138374,1930,1960,1985,1960,1985
2017-03-22,190922,1905,1935,1965,1935,1965
2017-03-23,193160,1895,1940,1955,1940,1955
2017-03-24,86281,1905,1930,1945,1930,1945
2017-03-27,241026,1875,1930,1940,1930,1930
2017-03-28,146116,1900,1945,1945,1945,1910
2017-03-29,87731,1930,1950,1960,1950,1955
2017-03-30,109745,1940,1955,1965,1955,1950
2017-03-31,173062,1940,1980,1980,1980,1955
2017-04-03,227952,1980,2000,2015,2000,1985
2017-04-04,168434,1980,2000,2005,2000,2000
2017-04-05,113501,1980,1995,2005,1995,2000
2017-04-06,114099,1980,1990,2005,1990,1995
2017-04-07,95685,1970,1980,1995,1980,1990
2017-04-10,132453,1940,1955,1980,1955,1980
2017-04-11,84252,1930,1930,1965,1930,1955
2017-04-12,119705,1890,1945,1945,1945,1945
2017-04-13,94285,1915,1940,1950,1940,1945
2017-04-14,103641,1910,1965,1965,1965,1940
2017-04-17,91820,1930,1965,1965,1965,1950
2017-04-18,106609,1930,1930,1965,1930,1965
2017-04-19,94631,1905,1930,1945,1930,1945
2017-04-20,160337,1920,1950,1990,1950,1930
2017-04-21,20962043,1940,2310,2520,2310,1970
2017-04-24,30217991,2250,2515,2875,2515,2325
2017-04-25,12584159,2485,2590,2845,2590,2615
2017-04-26,11887576,2650,2690,2975,2690,2845
2017-04-27,4553409,2485,2600,2630,2600,2580
2017-04-28,11817851,2480,2485,2870,2485,2730
2017-05-02,3556654,2355,2430,2555,2430,2485
2017-05-04,7029858,2430,2530,2655,2530,2430
2017-05-08,2046861,2415,2440,2545,2440,2530
2017-05-10,2220083,2325,2440,2440,2440,2400
2017-05-11,1574159,2340,2340,2420,2340,2390
2017-05-12,2627506,2310,2390,2500,2390,2340
2017-05-15,1619584,2360,2430,2465,2430,2390
2017-05-16,1528453,2300,2400,2415,2400,2410
2017-05-17,38846281,2440,2830,3040,2830,2470
2017-05-18,6842073,2710,2800,2865,2800,2835
2017-05-19,7289495,2575,2650,2840,2650,2800
2017-05-22,2555186,2560,2615,2660,2615,2615
2017-05-23,3866319,2580,2680,2685,2680,2650
2017-05-24,3196167,2455,2455,2680,2455,2660
2017-05-25,1792415,2370,2430,2520,2430,2490
2017-05-26,1583899,2390,2465,2510,2465,2450
2017-05-29,860853,2380,2380,2480,2380,2455
2017-05-30,810484,2380,2390,2490,2390,2380
2017-05-31,866179,2370,2430,2455,2430,2410
2017-06-01,21049912,2415,2585,2840,2585,2455
2017-06-02,3443478,2535,2580,2660,2580,2620
2017-06-05,2221770,2535,2575,2720,2575,2620
2017-06-07,6606431,2555,2600,2790,2600,2575
2017-06-08,1424470,2520,2520,2625,2520,2600
2017-06-09,1190379,2425,2445,2515,2445,2490
2017-06-12,765749,2440,2450,2510,2450,2445
2017-06-13,804838,2395,2455,2485,2455,2420
2017-06-14,506590,2400,2470,2485,2470,2480
2017-06-15,388319,2420,2460,2490,2460,2485
2017-06-16,1101907,2420,2465,2580,2465,2455
2017-06-19,688385,2465,2480,2545,2480,2490
2017-06-20,703103,2400,2465,2500,2465,2495
2017-06-21,981795,2420,2545,2550,2545,2470
2017-06-22,677173,2475,2520,2555,2520,2520
2017-06-23,2080871,2505,2565,2645,2565,2510
2017-06-26,2676778,2525,2615,2715,2615,2560
2017-06-27,859686,2580,2610,2670,2610,2615
2017-06-28,974258,2480,2500,2625,2500,2595
2017-06-29,567788,2480,2495,2545,2495,2500
2017-06-30,527559,2435,2500,2500,2500,2480
2017-07-03,352180,2435,2500,2510,2500,2510
2017-07-04,373709,2455,2460,2520,2460,2480
2017-07-05,218021,2460,2490,2510,2490,2465
2017-07-06,1855043,2500,2530,2640,2530,2540
2017-07-07,2003518,2500,2530,2620,2530,2610
2017-07-10,582811,2445,2470,2560,2470,2530
2017-07-11,362265,2430,2450,2480,2450,2470
2017-07-12,292776,2435,2440,2480,2440,2440
2017-07-13,795424,2350,2430,2450,2430,2440
2017-07-14,1134084,2295,2365,2440,2365,2440
2017-07-17,218101,2335,2365,2375,2365,2360
2017-07-18,3461569,2330,2430,2650,2430,2345
2017-07-19,449800,2400,2435,2500,2435,2435
2017-07-20,562788,2400,2415,2470,2415,2455
2017-07-21,717051,2415,2415,2480,2415,2420
2017-07-24,648446,2405,2445,2450,2445,2430
2017-07-25,435541,2380,2385,2455,2385,2445
2017-07-26,317085,2325,2325,2415,2325,2395
2017-07-27,1041414,2345,2410,2495,2410,2380
2017-07-28,284863,2335,2365,2415,2365,2400
2017-07-31,281813,2275,2285,2365,2285,2345
2017-08-01,125307,2215,2305,2320,2305,2285
2017-08-02,137632,2265,2310,2315,2310,2290
2017-08-03,224636,2240,2300,2320,2300,2300
2017-08-04,253207,2265,2305,2325,2305,2265
2017-08-07,311155,2270,2300,2355,2300,2280
2017-08-08,81907,2285,2310,2325,2310,2310
2017-08-09,230678,2270,2295,2320,2295,2310
2017-08-10,213442,2245,2295,2320,2295,2290
2017-08-11,224943,2215,2215,2290,2215,2260
2017-08-14,826919,2110,2210,2225,2210,2130
2017-08-16,376662,2210,2265,2330,2265,2210
2017-08-17,200007,2240,2260,2305,2260,2270
2017-08-18,144953,2240,2270,2280,2270,2240
2017-08-21,82974,2255,2285,2285,2285,2270
2017-08-22,161851,2250,2265,2280,2265,2275
2017-08-23,123303,2220,2245,2275,2245,2255
2017-08-24,167125,2215,2260,2275,2260,2235
2017-08-25,1274834,2240,2250,2430,2250,2260
2017-08-28,168116,2235,2250,2285,2250,2270
2017-08-29,273092,2205,2240,2260,2240,2230
2017-08-30,295054,2215,2280,2300,2280,2230
2017-08-31,237035,2250,2275,2285,2275,2285
2017-09-01,283482,2220,2265,2280,2265,2275
2017-09-04,198827,2190,2240,2255,2240,2200
2017-09-05,238467,2205,2230,2245,2230,2230
2017-09-06,134394,2205,2245,2245,2245,2225
2017-09-07,86467,2215,2220,2245,2220,2235
2017-09-08,397007,2205,2250,2290,2250,2210
2017-09-11,225862,2235,2260,2285,2260,2260
2017-09-12,133710,2255,2270,2280,2270,2260
2017-09-13,151915,2260,2260,2285,2260,2260
2017-09-14,87796,2235,2250,2275,2250,2255
2017-09-15,98979,2225,2250,2255,2250,2225
2017-09-18,137511,2240,2265,2280,2265,2245
2017-09-19,95531,2230,2245,2270,2245,2250
2017-09-20,122542,2210,2240,2250,2240,2250
2017-09-21,176222,2190,2220,2245,2220,2225
2017-09-25,454531,2030,2165,2220,2165,2205
2017-09-26,0,2165,2165,2165,2165,2165
2017-09-27,141051,2130,2155,2170,2155,2155
2017-09-28,230993,2130,2155,2205,2155,2150
2017-09-29,127269,2110,2150,2160,2150,2145
2017-10-10,177576,2075,2100,2165,2100,2150
2017-10-11,192383,2060,2130,2130,2130,2100
2017-10-12,240881,2080,2115,2135,2115,2135
2017-10-13,423671,2035,2090,2105,2090,2100
2017-10-16,226935,2010,2085,2085,2085,2075
2017-10-17,233479,2035,2080,2080,2080,2075
2017-10-18,623878,2025,2105,2115,2105,2065
2017-10-19,521538,2045,2075,2115,2075,2095
2017-10-20,156991,2045,2065,2075,2065,2070
2017-10-23,167840,2025,2060,2060,2060,2060
2017-10-24,355449,2025,2070,2070,2070,2045
2017-10-25,172408,2035,2090,2090,2090,2060
2017-10-26,292180,2055,2090,2135,2090,2100
2017-10-27,169720,2060,2095,2110,2095,2075
2017-10-30,127382,2060,2060,2105,2060,2100
2017-10-31,394242,2030,2065,2080,2065,2065
2017-11-01,236869,2035,2065,2080,2065,2065
2017-11-02,137794,2040,2060,2070,2060,2065
2017-11-03,372088,2015,2050,2050,2050,2050
2017-11-06,296147,2015,2050,2050,2050,2045
2017-11-07,514192,2010,2040,2045,2040,2045
2017-11-08,181220,2020,2035,2040,2035,2020
2017-11-09,246976,2015,2030,2030,2030,2025
2017-11-10,103990,2015,2030,2030,2030,2025
2017-11-13,153107,2020,2055,2060,2055,2030
2017-11-14,143499,2025,2045,2065,2045,2055
2017-11-15,4850271,1570,1650,2045,1650,2035
2017-11-16,2522888,1670,1720,1785,1720,1675
2017-11-17,1097021,1700,1700,1765,1700,1740
2017-11-20,428268,1630,1700,1715,1700,1705
2017-11-21,390862,1680,1685,1720,1685,1705
2017-11-22,429110,1670,1680,1705,1680,1685
2017-11-23,375151,1660,1675,1695,1675,1670
2017-11-24,480218,1680,1720,1735,1720,1690
2017-11-27,273088,1700,1710,1745,1710,1740
2017-11-28,286454,1710,1710,1740,1710,1710
2017-11-29,286058,1690,1695,1725,1695,1725
2017-11-30,369725,1655,1700,1710,1700,1705
2017-12-01,302221,1680,1715,1735,1715,1700
2017-12-04,208005,1705,1715,1740,1715,1730
2017-12-05,454460,1710,1765,1775,1765,1715
2017-12-06,9588762,1765,1900,2140,1900,1795
2017-12-07,1183322,1775,1810,1890,1810,1880
2017-12-08,461549,1770,1770,1820,1770,1815
2017-12-11,359653,1775,1790,1835,1790,1775
2017-12-12,197074,1765,1770,1815,1770,1805
2017-12-13,325401,1745,1790,1815,1790,1785
2017-12-14,148469,1770,1790,1810,1790,1800
2017-12-15,220620,1755,1770,1795,1770,1790
2017-12-18,209218,1745,1775,1785,1775,1770
2017-12-19,377598,1740,1780,1795,1780,1780
2017-12-21,349179,1710,1715,1780,1715,1780
2017-12-22,144368,1700,1720,1740,1720,1715
2017-12-26,110968,1700,1705,1735,1705,1720
2017-12-27,60435,1700,1705,1715,1705,1705
2017-12-28,145709,1675,1700,1725,1700,1705
2018-01-01,0,1700,1700,1700,1700,1700
2018-01-02,230844,1705,1770,1795,1770,1705
2018-01-03,77431,1760,1770,1785,1770,1765
2018-01-04,265628,1720,1735,1780,1735,1775
2018-01-05,179725,1715,1725,1760,1725,1745
2018-01-08,179386,1710,1720,1745,1720,1735
2018-01-09,108580,1715,1715,1735,1715,1720
2018-01-10,673072,1720,1795,1820,1795,1720
2018-01-11,165691,1750,1780,1810,1780,1810
2018-01-12,219876,1750,1765,1835,1765,1780
2018-01-15,142264,1740,1750,1770,1750,1770
2018-01-16,258296,1735,1775,1780,1775,1745
2018-01-17,159339,1750,1750,1785,1750,1785
2018-01-18,103517,1750,1755,1780,1755,1755
2018-01-19,221288,1750,1790,1795,1790,1755
2018-01-22,143943,1770,1795,1800,1795,1790
2018-01-23,1109050,1790,1880,1895,1880,1805
2018-01-24,347582,1850,1865,1885,1865,1880
2018-01-25,201725,1860,1875,1885,1875,1870
2018-01-26,219538,1855,1875,1890,1875,1875
2018-01-29,402695,1860,1895,1955,1895,1875
2018-01-30,328280,1865,1895,1915,1895,1890
2018-01-31,450459,1870,1905,1945,1905,1880
2018-02-01,1623580,1900,1925,2045,1925,1905
2018-02-02,417587,1920,1940,1960,1940,1930
2018-02-05,698745,1905,1930,1990,1930,1930
2018-02-06,340804,1840,1905,1920,1905,1860
2018-02-07,307005,1880,1890,1940,1890,1935
2018-02-08,142629,1865,1930,1935,1930,1865
2018-02-09,151382,1870,1875,1910,1875,1870
2018-02-12,240247,1810,1810,1880,1810,1880
2018-02-13,127682,1790,1810,1830,1810,1815
2018-02-14,150507,1770,1790,1815,1790,1810
2018-02-15,0,1790,1790,1790,1790,1790
2018-02-16,0,1790,1790,1790,1790,1790
2018-02-19,65197,1785,1820,1820,1820,1795
2018-02-20,112381,1790,1820,1825,1820,1820
2018-02-21,74515,1805,1830,1840,1830,1820
2018-02-22,52146,1810,1820,1850,1820,1815
2018-02-23,72242,1815,1835,1850,1835,1840
2018-02-26,106412,1830,1845,1865,1845,1845
2018-02-27,95776,1810,1825,1855,1825,1840
2018-02-28,136349,1790,1805,1825,1805,1805
2018-03-02,59819,1770,1785,1800,1785,1780
2018-03-05,150004,1740,1785,1790,1785,1775
2018-03-06,90909,1750,1775,1820,1775,1820
2018-03-07,126490,1715,1720,1775,1720,1775
2018-03-08,77869,1720,1740,1755,1740,1720
2018-03-09,148814,1720,1745,1750,1745,1730
2018-03-12,67400,1725,1745,1755,1745,1750
2018-03-13,68194,1740,1750,1760,1750,1740
2018-03-14,73764,1735,1750,1765,1750,1750
2018-03-15,84645,1720,1720,1750,1720,1750
2018-03-16,57660,1715,1735,1740,1735,1720
2018-03-19,77229,1705,1705,1735,1705,1735
2018-03-20,168594,1665,1700,1720,1700,1705
2018-03-21,89280,1675,1680,1700,1680,1695
2018-03-22,137253,1650,1670,1700,1670,1700
2018-03-23,178761,1610,1655,1660,1655,1650
2018-03-26,173004,1605,1640,1650,1640,1615
2018-03-27,99200,1635,1660,1660,1660,1635
2018-03-28,128498,1615,1630,1660,1630,1660
2018-03-29,37280,1610,1630,1630,1630,1625
2018-03-30,71708,1610,1620,1640,1620,1620
2018-04-02,161754,1595,1595,1635,1595,1615
2018-04-03,115135,1570,1570,1595,1570,1590
2018-04-04,356135,1530,1590,1600,1590,1545
2018-04-05,96932,1590,1620,1630,1620,1600
2018-04-06,25872,1600,1600,1625,1600,1605
2018-04-09,80722,1565,1580,1605,1580,1600
2018-04-10,85863,1540,1555,1575,1555,1570
2018-04-11,45014,1540,1570,1570,1570,1555
2018-04-12,200910,1570,1635,1665,1635,1570
2018-04-13,135225,1620,1675,1675,1675,1620
2018-04-16,243419,1655,1690,1705,1690,1660
2018-04-17,563533,1690,1735,1805,1735,1690
2018-04-18,112301,1705,1715,1745,1715,1735
2018-04-19,81809,1690,1730,1740,1730,1715
2018-04-20,43932,1700,1725,1740,1725,1700
2018-04-23,101366,1700,1730,1760,1730,1710
2018-04-24,162705,1690,1720,1750,1720,1750
2018-04-25,67468,1690,1710,1725,1710,1715
2018-04-26,91471,1695,1710,1720,1710,1700
2018-04-27,42864,1695,1700,1715,1700,1710
2018-04-30,107069,1690,1705,1720,1705,1715
2018-05-02,120154,1690,1705,1725,1705,1710
2018-05-03,80051,1690,1690,1715,1690,1715
2018-05-04,177472,1630,1680,1700,1680,1700
2018-05-08,235992,1625,1685,1755,1685,1690
2018-05-09,187993,1650,1670,1715,1670,1685
2018-05-10,95839,1660,1700,1700,1700,1670
2018-05-11,713106,1690,1765,1790,1765,1700
2018-05-14,205480,1750,1760,1800,1760,1790
2018-05-15,245153,1745,1780,1785,1780,1765
2018-05-16,152430,1715,1735,1765,1735,1755
2018-05-17,811567,1730,1760,1850,1760,1735
2018-05-18,296057,1750,1820,1835,1820,1760
2018-05-21,1835405,1810,1870,1980,1870,1845
2018-05-23,768229,1780,1800,1920,1800,1865
2018-05-24,265345,1740,1745,1820,1745,1805
2018-05-25,318349,1685,1685,1725,1685,1710
2018-05-28,199777,1695,1755,1760,1755,1695
2018-05-29,168564,1700,1700,1755,1700,1740
2018-05-30,164361,1645,1665,1705,1665,1700
2018-05-31,87177,1650,1665,1675,1665,1665
2018-06-01,97383,1655,1680,1695,1680,1665
2018-06-04,111002,1655,1680,1690,1680,1685
2018-06-05,68052,1650,1665,1675,1665,1675
2018-06-07,76131,1655,1670,1690,1670,1665
2018-06-08,74467,1650,1665,1685,1665,1670
2018-06-11,71928,1660,1660,1685,1660,1670
2018-06-12,109603,1630,1640,1675,1640,1660
2018-06-14,103767,1620,1630,1665,1630,1620
2018-06-15,139213,1600,1605,1645,1605,1645
2018-06-18,176479,1555,1565,1610,1565,1605
2018-06-19,72959,1555,1565,1580,1565,1565
2018-06-20,145197,1515,1580,1595,1580,1515
2018-06-21,60059,1575,1585,1605,1585,1580
2018-06-22,53858,1540,1560,1595,1560,1585
2018-06-25,55197,1525,1590,1600,1590,1540
2018-06-26,30425,1565,1580,1595,1580,1575
2018-06-27,102932,1535,1535,1590,1535,1590
2018-06-28,123057,1500,1510,1600,1510,1500
2018-06-29,209268,1455,1510,1530,1510,1510
2018-07-02,215100,1410,1455,1525,1455,1510
2018-07-03,372833,1355,1355,1455,1355,1455
2018-07-04,161923,1355,1370,1405,1370,1365
2018-07-05,68820,1335,1360,1385,1360,1385
2018-07-06,125977,1345,1380,1380,1380,1345
2018-07-09,61335,1360,1370,1380,1370,1375
2018-07-10,664340,1370,1405,1530,1405,1370
2018-07-11,220766,1395,1395,1460,1395,1415
2018-07-12,89710,1390,1435,1435,1435,1390
2018-07-13,52208,1405,1420,1440,1420,1435
2018-07-16,37950,1420,1450,1455,1450,1425
2018-07-17,44111,1430,1445,1465,1445,1465
2018-07-18,72521,1410,1425,1455,1425,1455
2018-07-19,105761,1370,1385,1425,1385,1415
2018-07-20,18333,1375,1385,1400,1385,1385
2018-07-23,84120,1345,1360,1390,1360,1390
2018-07-24,38505,1350,1355,1375,1355,1355
2018-07-25,142220,1305,1320,1370,1320,1355
2018-07-26,42418,1305,1345,1355,1345,1320
2018-07-27,53600,1335,1380,1385,1380,1335
2018-07-30,23918,1370,1385,1395,1385,1380
2018-07-31,23870,1360,1380,1380,1380,1380
2018-08-01,189340,1370,1405,1445,1405,1380
2018-08-02,50079,1370,1385,1415,1385,1405
2018-08-03,75040,1380,1390,1410,1390,1385
2018-08-06,1385,1385,1390,1375,1380,20373
2018-08-07,1385,1385,1390,1365,1385,69780
2018-08-08,1375,1375,1400,1370,1380,53631
2018-08-09,1365,1365,1380,1355,1375,59982
2018-08-10,1355,1355,1380,1350,1365,72692
2018-08-13,0,0,0,0,0,0
2018-08-14,0,0,0,0,0,0
