,Adj Close,Close,High,Low,Open,Volume
2000-01-04,6074,28714,30394,30855,22438,28714
2000-01-05,60385,27455,28588,30394,21105,29386
2000-01-06,7861,26447,26447,29344,19525,29344
2000-01-07,8933,25608,26447,26867,19525,25608
2000-01-10,79918,26028,27959,28127,20640,26867
2000-01-11,74796,26867,26867,29386,19835,29386
2000-01-12,15126,26867,27665,27875,20423,26867
2000-01-13,14888,27035,29092,29386,21477,28043
2000-01-14,25369,27791,27875,29386,20578,28546
2000-01-17,18461,28630,31065,31065,22934,29386
2000-01-18,12982,28630,29386,31065,21694,30226
2000-01-19,10481,27287,28421,29806,20981,27287
2000-01-20,5836,26867,28463,29302,21012,27287
2000-01-21,7384,27707,28421,28714,20981,28463
2000-01-24,74320,26699,26909,28253,19866,28043
2000-01-25,8933,26154,26867,27623,19835,26993
2000-01-26,10957,26112,27035,27707,19958,26196
2000-01-27,40018,26196,30142,30646,22252,26196
2000-01-28,10243,28672,29806,30226,22004,28672
2000-01-31,11553,28546,30310,30646,22376,28714
2000-02-01,23106,29470,30646,30729,22624,29470
2000-02-02,5598,29722,30981,31065,22872,30646
2000-02-03,13697,30226,31569,32325,23306,30226
2000-02-04,0,31569,31569,31569,23306,31569
2000-02-07,24059,31401,31737,32325,23430,31905
2000-02-08,44544,30646,31065,32325,22934,31737
2000-02-09,42162,29386,30562,31065,22562,31065
2000-02-10,12148,29218,30226,30646,22314,29470
2000-02-11,31086,27287,28463,30226,21012,30226
2000-02-14,19771,26867,28546,28546,21074,27707
2000-02-15,27751,27035,28211,32829,20826,27035
2000-02-16,22391,26196,27581,28546,20361,28546
2000-02-17,23701,26447,27371,27707,20206,27707
2000-02-18,25964,26112,27287,27707,20144,27707
2000-02-21,20724,25188,25776,27707,19029,26867
2000-02-22,21915,24013,24600,25608,18161,24432
2000-02-23,67888,23929,26028,26028,19215,24600
2000-02-24,26202,25188,27707,28966,20454,25188
2000-02-25,41448,26280,27707,27707,20454,26867
2000-02-28,9885,25944,27287,27623,20144,26951
2000-02-29,5955,26363,27287,27707,20144,26867
2000-03-01,0,27287,27287,27287,20144,27287
2000-03-02,30252,26028,26028,27707,19215,26615
2000-03-03,18580,24768,25860,26028,19091,25944
2000-03-06,18699,25356,26951,27287,19897,25608
2000-03-07,23344,26615,27455,27539,20268,27539
2000-03-08,8099,26363,27203,27875,20082,26363
2000-03-09,8814,26531,26783,27413,19772,27413
2000-03-10,21438,26615,26699,27329,19711,27203
2000-03-13,56931,26447,29302,29302,21632,26447
2000-03-14,47998,28127,28546,30478,21074,29302
2000-03-15,22629,27707,29638,30058,21880,28127
2000-03-16,8456,28714,28714,30478,21198,30478
2000-03-17,8933,27791,28463,28966,21012,28546
2000-03-20,15007,27707,28463,28882,21012,28882
2000-03-21,8694,27539,28127,28546,20764,28295
2000-03-22,19652,27707,29386,29386,21694,27791
2000-03-23,27751,29050,29554,30226,21818,30226
2000-03-24,19771,29050,29722,30226,21942,29806
2000-03-27,23701,29386,30142,30310,22252,29386
2000-03-28,14650,28463,28463,29890,21012,29890
2000-03-29,21319,27287,27455,28966,20268,28546
2000-03-30,8218,26615,27455,27455,20268,27287
2000-03-31,14888,26531,26867,27707,19835,27707
2000-04-03,8218,25818,26447,27707,19525,27203
2000-04-04,8456,25692,26867,27287,19835,26028
2000-04-05,0,26867,26867,26867,19835,26867
2000-04-06,18699,24390,24390,27119,18006,26447
2000-04-07,4764,24810,26028,26363,19215,25188
2000-04-10,30967,25944,26867,27875,19835,26867
2000-04-11,15483,25272,25356,27077,18719,26867
2000-04-12,5121,24516,25356,25776,18719,24516
2000-04-13,0,25356,25356,25356,18719,25356
2000-04-14,30014,24936,25650,26363,18936,25692
2000-04-17,22629,23173,24516,24516,18099,24348
2000-04-18,21557,23257,23677,26028,17479,25272
2000-04-19,73962,23551,23845,24222,17603,24097
2000-04-20,57765,23803,23929,24768,17665,24013
2000-04-21,23701,23215,24013,24222,17727,23215
2000-04-24,13935,23635,23719,24348,17510,24348
2000-04-25,19175,23719,23929,24055,17665,23845
2000-04-26,18104,23719,23719,24348,17510,24055
2000-04-27,20128,23005,23341,23509,17231,23509
2000-04-28,18223,22795,24348,24348,17975,22795
2000-05-01,0,24348,24348,24348,17975,24348
2000-05-02,8456,23593,24516,24684,18099,24348
2000-05-03,10124,24013,24516,24768,18099,24013
2000-05-04,14411,24097,25608,25608,18905,24768
2000-05-05,0,25608,25608,25608,18905,25608
2000-05-08,18818,24768,25944,26447,19153,25608
2000-05-09,0,25944,25944,25944,19153,25944
2000-05-10,30014,23677,24264,25188,17913,23971
2000-05-11,0,24264,24264,24264,17913,24264
2000-05-12,8933,24013,24390,24474,18006,24013
2000-05-15,12029,23509,24013,24097,17727,23761
2000-05-16,8456,23509,23677,24180,17479,23509
2000-05-17,13697,23509,23593,24180,17417,24180
2000-05-18,5121,23089,23719,24264,17510,23341
2000-05-19,6789,22921,22921,23341,16921,23005
2000-05-22,5240,21494,21746,22249,16053,21914
2000-05-23,23344,18513,18639,21746,13760,21746
2000-05-24,19414,18051,18555,19227,13698,18513
2000-05-25,79084,18555,19185,19731,14163,18891
2000-05-26,64434,18723,19479,20108,14380,19059
2000-05-29,19533,18471,18471,19479,13636,18723
2000-05-30,0,18471,18471,18471,13636,18471
2000-05-31,53953,19731,20486,21158,15124,19731
2000-06-01,27989,20066,20276,21200,14969,20318
2000-06-02,26560,19772,20234,21494,14938,20906
2000-06-05,13578,20402,20654,20822,15248,20402
2000-06-06,0,20654,20654,20654,15248,20654
2000-06-07,23463,20822,21158,21788,15620,20822
2000-06-08,41924,19982,20570,21158,15186,20738
2000-06-09,44901,19437,20150,20528,14876,20024
2000-06-12,51452,19898,20780,20822,15341,20150
2000-06-13,34301,20150,20990,21410,15496,20654
2000-06-14,16317,20822,20822,21578,15372,21074
2000-06-15,13578,19563,20738,21074,15310,20822
2000-06-16,6908,19982,20570,20654,15186,20654
2000-06-19,10481,19563,20486,20570,15124,19563
2000-06-20,5717,20276,20402,20738,15062,20360
2000-06-21,1191,19982,20570,20906,15186,20906
2000-06-22,9171,19731,20570,20906,15186,20906
2000-06-23,6312,19814,20570,20570,15186,20318
2000-06-26,17984,20654,20990,22249,15496,20654
2000-06-27,37874,21242,21410,22249,15806,22249
2000-06-28,15841,21410,21997,22249,16239,21746
2000-06-29,13459,21662,21997,22669,16239,22669
2000-06-30,13935,21914,23509,23509,17355,22249
2000-07-03,90875,23341,25188,26867,18595,23929
2000-07-04,36326,24432,25188,25608,18595,25440
2000-07-05,19890,24600,25188,25356,18595,25020
2000-07-06,24416,24348,25944,28211,19153,24432
2000-07-07,10719,25272,25314,26280,18688,25944
2000-07-10,9647,24264,24264,25944,17913,24894
2000-07-11,15126,23761,24180,25104,17851,24348
2000-07-12,7503,23551,23929,24684,17665,24180
2000-07-13,19652,23509,24055,24768,17758,23593
2000-07-14,10124,22921,23509,24852,17355,24684
2000-07-17,0,23509,23509,23509,17355,23509
2000-07-18,8575,22753,22837,24180,16859,23929
2000-07-19,8575,22753,22837,24180,16859,23929
2000-07-20,13816,20654,21074,21578,15558,21074
2000-07-21,3930,21074,21158,21830,15620,21074
2000-07-24,9290,19479,19479,20990,14380,20738
2000-07-25,20962,19353,19731,20402,14566,20066
2000-07-26,23106,19898,21410,21830,15806,19898
2000-07-27,20724,20570,20990,21746,15496,21410
2000-07-28,18461,20822,21620,21662,15960,20822
2000-07-31,20366,20990,22669,22669,16735,21746
2000-08-01,22987,22501,22501,23509,16611,23509
2000-08-02,16436,22333,22501,23089,16611,22921
2000-08-03,30967,22501,23299,23929,17200,22501
2000-08-04,36922,23089,23761,23887,17541,23509
2000-08-07,33110,23341,23929,24180,17665,23929
2000-08-08,14411,23509,23971,24348,17696,23929
2000-08-09,35731,23719,24013,24600,17727,24097
2000-08-10,34301,23677,24139,24180,17820,23677
2000-08-11,11076,24097,24097,24348,17789,24139
2000-08-14,37398,24348,24768,25188,18285,24936
2000-08-15,0,24768,24768,24768,18285,24768
2000-08-16,75868,25188,26112,26573,19277,25188
2000-08-17,43353,25272,26112,27035,19277,26699
2000-08-18,34897,25692,26363,26447,19463,26112
2000-08-21,10838,26028,26447,26615,19525,26363
2000-08-22,22391,26363,27119,27203,20020,26447
2000-08-23,76464,26154,27035,27959,19958,27035
2000-08-24,17984,26196,26867,27035,19835,26196
2000-08-25,8218,26363,26867,26867,19835,26363
2000-08-28,14769,26280,27287,27287,20144,26280
2000-08-29,20962,26447,27287,27455,20144,27371
2000-08-30,25726,26699,26867,27287,19835,26867
2000-08-31,11910,26447,26951,27203,19897,26447
2000-09-01,95758,26951,29554,29890,21818,27203
2000-09-04,38589,29050,29386,30897,21694,29638
2000-09-05,27155,28127,29050,29554,21446,29428
2000-09-06,11910,28714,29386,29806,21694,29386
2000-09-07,42043,28882,30646,30981,22624,28966
2000-09-08,8218,29386,29386,30310,21694,30310
2000-09-11,0,29386,29386,29386,21694,29386
2000-09-12,0,29386,29386,29386,21694,29386
2000-09-13,0,29386,29386,29386,21694,29386
2000-09-14,16079,29386,29722,30226,21942,30226
2000-09-15,10124,27791,28546,29638,21074,27791
2000-09-18,39065,24264,28127,28546,20764,28546
2000-09-19,37755,25272,25272,28966,18657,28127
2000-09-20,53358,27707,29050,29050,21446,28546
2000-09-21,18461,27413,28379,29050,20950,28379
2000-09-22,22629,26112,27119,28379,20020,28379
2000-09-25,21557,26489,28211,29722,20826,27119
2000-09-26,12148,28295,29050,29218,21446,29218
2000-09-27,46450,29050,29386,30226,21694,29050
2000-09-28,12744,28546,29386,29554,21694,28966
2000-09-29,28704,28714,29554,30142,21818,28714
2000-10-02,35135,29386,30981,30981,22872,29806
2000-10-03,0,30981,30981,30981,22872,30981
2000-10-04,27513,29638,30646,31401,22624,31401
2000-10-05,23940,29848,30226,30646,22314,30226
2000-10-06,9409,29386,30646,31065,22624,30226
2000-10-09,23463,29806,30310,30604,22376,29890
2000-10-10,6432,29470,29806,30226,22004,29470
2000-10-11,13339,27959,27959,29470,20640,29386
2000-10-12,11672,27791,29218,29302,21570,27791
2000-10-13,8694,28546,29386,29386,21694,29386
2000-10-16,0,29386,29386,29386,21694,29386
2000-10-17,40614,28546,29806,29806,22004,28546
2000-10-18,10719,27959,29302,29554,21632,28798
2000-10-19,4288,28546,29134,29302,21508,29302
2000-10-20,45140,28127,29638,30646,21880,29386
2000-10-23,6908,28798,28840,30226,21291,30226
2000-10-24,6670,28546,29134,29470,21508,29386
2000-10-25,19890,29134,29638,30142,21880,29302
2000-10-26,6432,28714,29218,29638,21570,29638
2000-10-27,0,29218,29218,29218,21570,29218
2000-10-30,16317,28379,28546,29722,21074,29722
2000-10-31,7980,27791,28966,28966,21384,27959
2000-11-01,19295,29218,29890,30394,22066,29806
2000-11-02,7265,28966,29176,29722,21539,29386
2000-11-03,14173,28546,28966,29554,21384,29134
2000-11-06,11910,28882,28882,29386,21322,28966
2000-11-07,61099,28546,28882,28966,21322,28630
2000-11-08,34182,28295,28463,29092,21012,28840
2000-11-09,6193,28127,28546,28630,21074,28630
2000-11-10,8218,27959,28211,28714,20826,27959
2000-11-13,7861,27287,27707,28463,20454,28211
2000-11-14,47403,27539,28966,28966,21384,27665
2000-11-15,20366,27791,28379,29218,20950,28463
2000-11-16,14101,27479,28011,28277,20679,28011
2000-11-17,4738,27479,28366,28366,20941,27479
2000-11-20,2143,27568,28188,28233,20810,27568
2000-11-21,5415,27612,28543,28543,21072,27612
2000-11-22,11958,28277,28543,28720,21072,28366
2000-11-23,3159,27745,28809,28809,21268,28366
2000-11-24,5302,27967,28809,29607,21268,28631
2000-11-27,12522,28100,28366,29030,20941,28809
2000-11-28,16132,26593,26593,27922,19632,27701
2000-11-29,10040,25706,25795,26770,19043,26726
2000-11-30,2143,25706,25972,26149,19174,25972
2000-12-01,4851,25174,25706,25972,18977,25529
2000-12-04,61595,25174,25263,26593,18650,25174
2000-12-05,564,25174,25529,25529,18847,25352
2000-12-06,5302,24908,24908,25884,18388,25795
2000-12-07,3497,23490,24377,25440,17996,24908
2000-12-08,6994,24377,24997,24997,18454,24377
2000-12-11,11507,24820,24820,25440,18323,25174
2000-12-12,34633,23667,23667,25618,17472,24820
2000-12-13,17147,23224,23756,24199,17538,23933
2000-12-14,24367,23313,23933,24554,17669,23933
2000-12-15,6769,23357,23402,24066,17276,23490
2000-12-18,34520,22604,22604,24377,16687,23402
2000-12-19,181851,22604,23490,23889,17341,22604
2000-12-20,25495,23136,24377,24643,17996,23490
2000-12-21,12373,24452,24847,26819,18343,24452
2000-12-22,5172,24157,24650,25044,18197,24157
2000-12-26,20791,22382,25241,25290,18634,24354
2001-01-02,1521,24157,25143,26030,18561,24157
2001-01-03,5172,24945,26129,26129,19289,25636
2001-01-04,44321,25931,27213,29087,20090,26622
2001-01-05,23834,25636,26326,26819,19435,26819
2001-01-08,13489,25636,26227,26227,19362,25734
2001-01-09,13996,26030,26276,26523,19398,26129
2001-01-10,23022,25931,26129,26622,19289,26622
2001-01-11,8621,25833,26129,26917,19289,26129
2001-01-12,11663,26178,26819,26917,19799,26178
2001-01-15,41785,27016,27706,29382,20454,28002
2001-01-16,15923,26178,26917,28101,19871,28101
2001-01-17,28803,26523,26622,28692,19653,27657
2001-01-18,11562,26227,26622,27558,19653,27213
2001-01-19,29817,26129,26720,27558,19726,26129
2001-01-22,18458,26523,26622,27509,19653,26720
2001-01-26,9838,26129,26129,26819,19289,26819
2001-01-29,6491,25734,26227,26917,19362,26622
2001-01-30,32961,26227,26868,27016,19835,26227
2001-01-31,16430,26671,27410,27410,20235,27016
2001-02-01,25152,26917,27312,27509,20163,27115
2001-02-02,8114,26868,27410,27410,20235,27115
2001-02-05,8114,26917,27213,27410,20090,26917
2001-02-06,16531,26720,27213,27608,20090,26720
2001-02-07,10446,26622,26769,27312,19762,27115
2001-02-08,18966,26572,26819,27262,19799,26572
2001-02-09,9939,26326,27016,27410,19944,27410
2001-02-12,21704,26424,27312,27312,20163,26424
2001-02-13,20588,26671,27164,27410,20053,27312
2001-02-14,9736,26819,27213,27608,20090,27312
2001-02-15,5680,26819,26819,27213,19799,27213
2001-02-16,10548,26720,26868,27312,19835,27115
2001-02-19,16227,26326,26868,27016,19835,26572
2001-02-20,15822,26720,27065,27410,19981,26868
2001-02-21,29310,26819,28051,28594,20709,26917
2001-02-22,14199,27460,28101,28396,20745,28002
2001-02-23,20893,27805,28002,28594,20672,28101
2001-02-26,33266,28002,28791,29087,21255,28002
2001-02-27,30832,28298,28446,29284,21000,29284
2001-02-28,6491,27706,27903,28199,20599,28051
2001-03-02,4057,27115,27805,27805,20527,27410
2001-03-05,14909,27312,27903,28002,20599,27805
2001-03-06,4260,28002,28199,28396,20818,28002
2001-03-07,13793,27410,27608,28396,20381,28396
2001-03-08,9026,27410,27953,27953,20636,27509
2001-03-09,5781,27805,28199,28298,20818,28101
2001-03-12,28296,27903,28594,29087,21109,28002
2001-03-13,15010,27805,28396,28396,20963,28248
2001-03-15,13692,28396,29382,29382,21691,28396
2001-03-16,9939,28939,29087,29382,21473,28939
2001-03-19,12475,28396,28396,29087,20963,29087
2001-03-20,15314,27953,28298,28988,20891,28939
2001-03-21,22110,27608,28939,28939,21364,27608
2001-03-22,2434,28199,28396,29087,20963,28939
2001-03-23,58824,27706,28101,28889,20745,28594
2001-03-26,26775,27657,28101,28298,20745,28101
2001-03-27,10243,27805,28101,28298,20745,28101
2001-03-28,25051,27657,27903,28396,20599,28396
2001-03-29,80020,27608,28199,28594,20818,27903
2001-03-30,11359,27903,28396,28396,20963,27903
2001-04-02,5781,28101,28791,28840,21255,28101
2001-04-03,28600,28199,29580,30073,21837,28347
2001-04-04,22921,29087,29087,30073,21473,29087
2001-04-06,55274,28594,29037,29481,21437,29481
2001-04-09,76268,29037,30319,31453,22383,29185
2001-04-10,69067,29727,29727,31256,21946,30516
2001-04-11,46755,28101,28396,30171,20963,30171
2001-04-12,30223,27312,28101,28396,20745,28101
2001-04-13,13895,27509,27805,28199,20527,27805
2001-04-16,15416,27115,27312,27903,20163,27657
2001-04-17,7809,27312,27608,27706,20381,27410
2001-04-18,14807,27361,27608,28002,20381,28002
2001-04-19,90162,27410,27608,28101,20381,27608
2001-04-20,49899,27854,28101,28347,20745,28101
2001-04-23,36106,27460,27509,28101,20308,28101
2001-04-24,15314,27164,27312,27854,20163,27164
2001-04-25,9736,27115,27213,27509,20090,27115
2001-04-26,9736,27115,27213,27509,20090,27115
2001-04-27,54260,27016,27213,27657,20090,27115
2001-04-30,22921,26917,27312,27410,20163,27213
2001-05-02,23327,27115,27410,27509,20235,27410
2001-05-03,20385,27115,27213,27509,20090,27312
2001-05-04,31237,27016,27410,27509,20235,27016
2001-05-07,13590,27164,27608,27706,20381,27410
2001-05-08,19675,27410,27953,28396,20636,27608
2001-05-09,20588,27608,28199,28298,20818,28101
2001-05-10,103043,28298,30763,31059,22710,28396
2001-05-11,41886,29678,30861,31059,22783,30763
2001-05-14,24138,30171,31995,33031,23620,31059
2001-05-15,13692,30467,30566,31995,22565,31995
2001-05-16,14807,29629,30566,30861,22565,29629
2001-05-17,22211,30467,30467,31305,22492,30467
2001-05-18,28600,29777,30467,30467,22492,30073
2001-05-21,19371,30270,30812,30812,22747,30812
2001-05-22,30325,29777,29777,32143,21982,30812
2001-05-23,17039,29382,30368,30368,22419,30073
2001-05-24,12069,30270,31059,31059,22929,30467
2001-05-25,46450,30960,31946,32932,23584,31059
2001-05-28,9838,30664,30911,31946,22820,31552
2001-05-29,7099,30368,31453,31453,23220,30566
2001-05-30,46755,31354,32439,32735,23948,31847
2001-05-31,55071,31995,33031,34510,24385,32045
2001-06-01,9533,32735,33129,33622,24457,33228
2001-06-04,9331,32538,33524,33524,24749,32735
2001-06-05,23022,32833,33425,34510,24676,32833
2001-06-07,8012,33129,33524,33524,24749,33425
2001-06-08,3955,33031,33376,33524,24639,33524
2001-06-11,33164,33228,35101,35397,25913,33326
2001-06-12,38134,34707,35397,35890,26132,35003
2001-06-13,36815,35496,36975,37073,27296,35989
2001-06-14,35294,36186,36975,37961,27296,36777
2001-06-15,10548,36531,37073,37665,27369,37418
2001-06-18,7201,35989,36284,37073,26787,36975
2001-06-19,7606,35693,36777,36777,27151,35989
2001-06-20,6897,35594,36482,36777,26932,35890
2001-06-21,3651,35693,35791,36284,26423,36087
2001-06-22,4868,35496,36186,36186,26714,35989
2001-06-25,2637,35890,36038,36679,26605,36284
2001-06-26,5781,36038,36186,36975,26714,36038
2001-06-27,11460,36186,36482,37221,26932,36876
2001-06-28,4361,36383,36975,37221,27296,36975
2001-06-29,4767,35496,36679,37468,27078,37468
2001-07-02,17444,36087,36679,37418,27078,36087
2001-07-03,12373,36482,37468,37468,27660,36975
2001-07-04,15213,36975,37468,37961,27660,37468
2001-07-05,15010,37468,37468,38454,27660,37468
2001-07-06,7302,37073,37862,37862,27951,37468
2001-07-09,10649,37172,37862,37862,27951,37468
2001-07-10,8316,37073,37961,37961,28024,37468
2001-07-11,10548,35496,38947,38947,28752,37961
2001-07-12,11055,38454,38947,39440,28752,39440
2001-07-13,10243,37566,37566,38947,27733,38947
2001-07-16,11156,36975,37566,37763,27733,37763
2001-07-18,1927,37468,37566,37961,27733,37615
2001-07-19,5172,36087,37270,37270,27515,36975
2001-07-20,8114,35003,36482,36482,26932,35989
2001-07-23,14604,34312,36136,36482,26677,36482
2001-07-24,23834,34017,37172,37172,27442,35545
2001-07-25,3043,35003,36482,36777,26932,36432
2001-07-26,1116,35101,35693,36482,26350,36482
2001-07-27,1724,35496,36482,36482,26932,35791
2001-07-30,1116,35791,36038,37270,26605,37270
2001-07-31,913,35003,35890,35890,26495,35003
2001-08-01,2434,35200,35890,36432,26495,36284
2001-08-02,2130,35200,36383,36383,26859,35890
2001-08-03,3550,35496,36087,37221,26641,35496
2001-08-06,15720,35298,36087,36186,26641,35791
2001-08-07,10446,35791,36186,36482,26714,36087
2001-08-08,48276,35643,36482,36777,26932,35643
2001-08-09,12069,35989,36482,37270,26932,36482
2001-08-10,22718,36482,37418,37862,27624,36482
2001-08-13,2840,35989,36925,37468,27260,37418
2001-08-14,11765,36975,37961,37961,28024,37961
2001-08-16,7809,36975,37369,37961,27587,37517
2001-08-17,406,36975,37221,37369,27478,36975
2001-08-20,3043,36087,36580,36975,27005,36482
2001-08-21,1217,36186,36728,36876,27114,36580
2001-08-22,1724,36777,36975,36975,27296,36777
2001-08-23,22211,36975,38256,39390,28242,37468
2001-08-24,23631,37468,37566,38947,27733,38256
2001-08-27,8824,37468,38158,38355,28170,37468
2001-08-28,3347,37468,37961,38454,28024,38454
2001-08-29,11460,37468,37468,38651,27660,38651
2001-08-30,22819,37270,37468,37911,27660,37468
2001-08-31,16227,37270,37468,37714,27660,37714
2001-09-03,5578,37468,38897,38897,28716,37468
2001-09-04,2231,38355,38454,38897,28388,38897
2001-09-05,17241,38947,40080,41313,29589,38947
2001-09-06,3245,40031,40426,40820,29844,40327
2001-09-07,2231,39144,39144,40919,28898,40919
2001-09-10,6491,38454,40623,40623,29989,39144
2001-09-11,1521,39242,39242,40228,28970,39637
2001-09-12,13590,35496,36975,38355,27296,35496
2001-09-13,6694,36975,38454,39045,28388,36975
2001-09-14,6187,36975,37665,38552,27806,38552
2001-09-17,5781,36482,37221,37468,27478,36777
2001-09-18,3651,36777,37665,39242,27806,37270
2001-09-19,1826,37468,38947,38947,28752,37665
2001-09-20,6795,37665,37961,39045,28024,39045
2001-09-21,5477,37468,38010,38059,28061,37961
2001-09-25,27688,37665,37961,38799,28024,37961
2001-09-26,6998,37961,38010,38552,28061,38355
2001-09-27,3955,38010,38947,39045,28752,38552
2001-10-04,4767,38158,39341,39982,29043,39982
2001-10-05,7505,38355,39440,40327,29116,40327
2001-10-08,3245,38454,38454,39538,28388,39440
2001-10-09,3955,38256,38355,38947,28315,38454
2001-10-10,9432,37961,37961,38601,28024,38059
2001-10-11,23124,37961,37961,38897,28024,37961
2001-10-12,8925,37763,37961,38256,28024,37961
2001-10-15,5781,37566,38059,38355,28097,38158
2001-10-16,7201,37961,38454,38454,28388,38059
2001-10-17,8418,37172,37270,38749,27515,38404
2001-10-18,4462,36482,36679,37270,27078,37270
2001-10-19,4462,36284,36728,36925,27114,36679
2001-10-22,4868,36679,37369,37369,27587,36728
2001-10-23,2637,37024,37270,37566,27515,37468
2001-10-24,17951,36383,36432,37172,26896,36975
2001-10-25,4868,36186,36186,36679,26714,36531
2001-10-26,10953,36186,37270,37270,27515,36186
2001-10-29,12576,36876,37468,37468,27660,37270
2001-10-30,5578,36531,37073,37468,27369,37468
2001-10-31,4665,36383,36482,36975,26932,36531
2001-11-01,3144,36284,36580,36777,27005,36629
2001-11-02,11156,35742,35989,36777,26568,36580
2001-11-05,14807,35298,35298,35989,26059,35989
2001-11-06,14604,34805,34904,35989,25768,35298
2001-11-07,9026,34707,34953,35003,25804,34904
2001-11-08,7302,34805,34805,35693,25695,35496
2001-11-12,26978,33524,34411,34411,25404,34017
2001-11-13,17546,33869,34066,34510,25149,34115
2001-11-14,51014,33031,33524,34263,24749,34263
2001-11-15,26166,33080,33129,34115,24457,33425
2001-11-16,27383,32439,32488,33129,23984,33129
2001-11-19,24442,32587,33524,33967,24749,32587
2001-11-20,31542,32833,32833,34115,24239,34017
2001-11-21,53854,32488,32538,33425,24021,33031
2001-11-22,83570,31256,32340,32538,23875,32538
2001-11-23,47465,32340,32833,33178,24239,32636
2001-11-26,42394,32833,33080,33671,24421,33031
2001-11-27,62475,32932,34411,34510,25404,33031
2001-11-28,46146,33524,33524,34805,24749,34510
2001-11-29,25152,32833,33425,33918,24676,33524
2001-11-30,57708,33228,33721,34362,24894,33326
2001-12-03,121095,34115,35200,35939,25986,34362
2001-12-04,104868,34115,34608,35200,25549,34510
2001-12-05,74138,34312,34510,35200,25476,35200
2001-12-06,99392,34214,35496,35594,26204,34756
2001-12-07,101319,35890,37172,37320,27442,35989
2001-12-10,48884,35693,36087,37665,26641,37172
2001-12-11,22921,35397,35594,36087,26277,36087
2001-12-12,37120,35298,36482,36679,26932,35594
2001-12-13,43408,35496,36482,37270,26932,36482
2001-12-14,35396,35890,36777,36975,27151,36482
2001-12-17,25659,35791,36482,36777,26932,36087
2001-12-18,138844,36679,37468,38454,27660,36679
2001-12-19,30527,37073,37813,38059,27915,37665
2001-12-20,53144,37468,38454,39045,28388,38355
2001-12-21,18256,37517,37615,38355,27769,38355
2001-12-24,27890,36186,36482,37961,26932,37961
2001-12-26,42799,35594,35989,36580,26568,36284
2001-12-27,22800,35000,35900,36000,26930,36000
2001-12-28,15300,35300,35800,36450,26855,35700
2002-01-02,29300,35800,36000,36850,27005,35800
2002-01-04,35600,36100,37000,37000,27755,36100
2002-01-07,49000,37400,38000,38500,28505,37400
2002-01-08,66300,37500,38000,39000,28505,38000
2002-01-09,21900,36600,37500,38400,28130,38400
2002-01-10,22600,36800,37500,37650,28130,37500
2002-01-11,28600,36900,37500,38000,28130,37500
2002-01-14,17700,36000,37300,37300,27980,37000
2002-01-15,11900,36050,36800,37000,27605,37000
2002-01-16,10700,36000,36400,36750,27305,36000
2002-01-17,14800,35300,36800,37000,27605,36000
2002-01-18,12700,36400,36800,37000,27605,36800
2002-01-21,10300,35900,36700,36900,27530,36500
2002-01-22,11600,36300,36300,37200,27230,36900
2002-01-23,22300,36400,37000,37300,27755,36400
2002-01-24,9900,36550,36650,37500,27492,37000
2002-01-25,17600,36350,36650,36700,27492,36600
2002-01-28,14800,36650,36650,37100,27492,36800
2002-01-29,18800,36700,37000,37400,27755,36700
2002-01-30,10600,36600,36800,37000,27605,37000
2002-02-01,87700,38100,38500,39600,28880,38350
2002-02-04,32500,37600,37700,39000,28280,38900
2002-02-05,19100,36800,37150,37450,27868,36900
2002-02-06,19600,36500,37050,37450,27793,37150
2002-02-07,12900,36550,36700,37200,27530,36550
2002-02-08,48000,35700,36500,36850,27380,36400
2002-02-14,43900,36000,36800,36900,27605,36400
2002-02-15,28600,36200,36200,37000,27155,36500
2002-02-18,20900,36200,36700,36800,27530,36200
2002-02-19,24900,36050,36400,36750,27305,36700
2002-02-20,57600,36200,37500,37500,28130,36300
2002-02-21,78600,37200,38300,38800,28730,37200
2002-02-22,140000,38000,40000,40000,30005,38600
2002-02-25,72200,40000,41150,41150,30868,40500
2002-02-26,54200,40550,41500,41650,31131,41500
2002-02-27,63800,40500,42000,42450,31506,41300
2002-02-28,24600,40100,40900,41900,30681,41500
2002-03-04,55700,40000,42000,43200,31506,40900
2002-03-05,41100,39500,40500,42300,30381,42100
2002-03-06,27700,39000,39700,41100,29780,41100
2002-03-07,26400,39300,40450,40500,30343,39700
2002-03-08,10200,39700,40150,40400,30118,39700
2002-03-11,20800,40800,41000,41700,30756,40800
2002-03-12,28000,40700,41000,42300,30756,41000
2002-03-13,39300,41100,42800,44400,32106,41100
2002-03-14,19500,41500,42200,43000,31656,43000
2002-03-15,36100,42200,43200,43800,32406,42350
2002-03-18,33300,43400,44300,44400,33231,43500
2002-03-19,12200,43400,43600,45000,32706,44150
2002-03-20,14200,42700,42700,44100,32031,43700
2002-03-21,14600,42500,42700,43300,32031,42700
2002-03-22,40700,42050,43500,44300,32631,43500
2002-03-25,18900,42500,43000,44200,32256,43700
2002-03-26,14400,41000,42000,43000,31506,43000
2002-03-27,8900,41050,41950,42200,31468,42000
2002-03-28,8200,41400,41700,42450,31281,42200
2002-03-29,16500,40600,41250,42000,30943,42000
2002-04-01,17400,39500,39700,41250,29780,41000
2002-04-02,20100,39000,39600,39650,29705,39500
2002-04-03,25100,39200,40000,40200,30005,39600
2002-04-04,27900,39700,40900,41300,30681,40050
2002-04-08,26200,39600,40500,41800,30381,41800
2002-04-09,86400,40200,40600,40600,30456,40500
2002-04-10,33900,39200,40000,41100,30005,41100
2002-04-11,37300,39400,39650,40200,29743,40100
2002-04-12,12300,39650,39650,40000,29743,39800
2002-04-15,4600,39900,40100,40400,30080,40000
2002-04-16,18300,40400,40500,41500,30381,40400
2002-04-17,10500,40500,40500,41150,30381,40600
2002-04-18,12200,40100,40300,40800,30231,40550
2002-04-19,10700,39750,39800,40500,29855,40300
2002-04-22,14000,39300,40100,40400,30080,39300
2002-04-23,14900,39500,39500,40100,29630,40100
2002-04-24,17500,38300,39000,40000,29255,39600
2002-04-25,14700,37100,38700,39000,29030,39000
2002-04-26,6800,38000,38200,38700,28655,38700
2002-04-29,16500,37000,37000,38300,27755,38300
2002-04-30,15300,37000,37000,38100,27755,37300
2002-05-02,6000,37300,37300,38150,27980,37300
2002-05-03,4500,37300,37500,37950,28130,37800
2002-05-06,3900,36700,36800,37450,27605,37450
2002-05-07,17700,36000,36850,37500,27642,37500
2002-05-08,3100,36950,37900,37900,28430,36950
2002-05-09,7600,37500,38000,38500,28505,38300
2002-05-10,3300,37300,37500,38300,28130,37500
2002-05-13,2800,36800,37600,37600,28205,37500
2002-05-14,4500,37500,37700,38500,28280,38500
2002-05-15,7900,37300,37500,38650,28130,38650
2002-05-16,22800,37500,37750,39000,28318,37500
2002-05-17,15700,37900,38300,38300,28730,38050
2002-05-20,7100,37500,38200,38400,28655,38300
2002-05-21,6800,37300,37600,38000,28205,37400
2002-05-22,24500,37100,37550,37900,28168,37100
2002-05-23,5000,36850,37550,37650,28168,37650
2002-05-24,26000,37000,37600,37600,28205,37550
2002-05-27,8900,36750,37400,37600,28055,37600
2002-05-28,3900,36800,37400,37600,28055,37600
2002-05-29,6000,36700,37400,37500,28055,37000
2002-05-30,6600,37000,37450,38000,28093,37500
2002-05-31,7200,37050,39000,39000,29255,37350
2002-06-03,5800,37550,39000,39200,29255,38900
2002-06-04,5400,37800,38400,39000,28805,39000
2002-06-05,4600,37400,38000,38000,28505,37850
2002-06-07,1200,37000,37400,37700,28055,37000
2002-06-10,600,37000,37400,37450,28055,37400
2002-06-11,1900,36900,37300,37600,27980,37600
2002-06-12,2100,36900,37150,37200,27868,37200
2002-06-14,1200,36700,37150,37200,27868,37150
2002-06-17,5200,36100,37100,37100,27830,36800
2002-06-18,11200,36900,37100,37400,27830,37100
2002-06-19,7200,35000,36600,37400,27455,37100
2002-06-20,5300,35450,36100,36500,27080,36500
2002-06-21,7500,35100,36100,36100,27080,36000
2002-06-24,3200,35000,35800,35800,26855,35500
2002-06-25,9300,34700,35000,35500,26255,35300
2002-06-26,11100,32500,32500,35350,24379,35200
2002-06-27,14800,31700,32500,35000,24379,32600
2002-06-28,3100,32500,34000,34000,25505,32550
2002-07-02,6800,33600,34600,34600,25955,34100
2002-07-03,2400,34600,35400,35400,26555,34600
2002-07-04,3100,34600,35400,35550,26555,35550
2002-07-05,4500,34600,35700,35700,26780,34600
2002-07-08,2000,35200,35700,35800,26780,35800
2002-07-09,5200,35000,35200,36800,26405,36800
2002-07-10,2100,34650,35100,35400,26330,35400
2002-07-11,1300,34300,35000,35000,26255,34300
2002-07-12,2900,34350,35700,35700,26780,34350
2002-07-15,2200,35100,35550,35750,26667,35700
2002-07-16,1200,35150,35600,36000,26705,35150
2002-07-18,2100,35200,35650,35900,26742,35200
2002-07-19,2100,35000,36000,36000,27005,35000
2002-07-22,5700,32500,35000,35000,26255,32500
2002-07-23,4500,35000,35500,35500,26630,35000
2002-07-24,1700,33600,34850,35000,26142,35000
2002-07-25,9500,34600,35000,35550,26255,35000
2002-07-26,5000,34200,34500,34500,25880,34300
2002-07-29,1000,34050,34500,34500,25880,34500
2002-07-30,2200,34300,34600,35000,25955,34600
2002-07-31,900,34250,34800,34900,26105,34300
2002-08-01,800,34100,34500,34500,25880,34500
2002-08-02,500,33900,34350,34350,25767,34100
2002-08-05,1900,33650,34000,34300,25505,33900
2002-08-06,2700,32700,34000,34000,25505,32700
2002-08-07,3300,33350,33750,33800,25317,33800
2002-08-08,2800,33300,33350,33750,25017,33750
2002-08-09,1700,33250,33400,33500,25054,33500
2002-08-12,1200,33500,33500,34000,25129,33500
2002-08-13,2800,33200,34000,34000,25505,33200
2002-08-14,5200,33950,34450,34500,25842,34000
2002-08-16,16500,34050,34400,34500,25805,34450
2002-08-19,4300,34350,34950,34950,26217,34400
2002-08-20,14400,34000,35100,35100,26330,34950
2002-08-21,3800,34700,35450,35450,26592,34800
2002-08-22,16500,35200,35750,35750,26817,35450
2002-08-26,1400,35100,35400,35600,26555,35350
2002-08-27,6500,34950,35450,35500,26592,35400
2002-08-28,16100,34850,35000,35450,26255,35450
2002-08-29,20700,34850,35000,35100,26255,35000
2002-08-30,5500,35000,35200,35400,26405,35000
2002-09-02,7500,34700,35550,35550,26667,34700
2002-09-03,11400,34900,35400,36000,26555,35000
2002-09-04,1900,35000,35400,35400,26555,35400
2002-09-05,4500,35400,35700,35800,26780,35600
2002-09-06,4900,35400,35500,36500,26630,36300
2002-09-09,4900,35000,35000,35500,26255,35500
2002-09-10,2700,34700,35200,35200,26405,35000
2002-09-11,4500,34700,35200,35200,26405,34800
2002-09-12,3900,35000,35400,35400,26555,35200
2002-09-13,3800,34200,35000,35200,26255,35000
2002-09-16,2100,34550,34650,35000,25992,35000
2002-09-17,2800,34650,35050,35250,26292,34650
2002-09-18,1800,34550,35000,35000,26255,35000
2002-09-19,2500,34950,35350,35350,26517,35000
2002-09-23,2400,34800,35200,35250,26405,35000
2002-09-24,3000,34800,35000,35050,26255,35050
2002-09-25,3600,34200,34900,34900,26180,34500
2002-09-26,7500,34200,34650,35000,25992,34900
2002-09-27,2300,34200,34850,34950,26142,34650
2002-09-30,3600,34050,34700,35100,26030,34500
2002-10-01,3900,34700,34800,35150,26105,34700
2002-10-02,3700,34350,34950,35050,26217,34800
2002-10-04,4400,34700,35050,35250,26292,35100
2002-10-07,2500,34400,34950,35100,26217,35100
2002-10-08,4600,34250,35100,35100,26330,34500
2002-10-09,1900,34550,35100,35400,26330,35400
2002-10-10,7900,34250,34500,35100,25880,35100
2002-10-11,2900,34150,34500,34500,25880,34200
2002-10-14,6000,34200,34500,34500,25880,34500
2002-10-15,10700,34300,34400,34900,25805,34500
2002-10-16,13000,34100,34200,34750,25655,34750
2002-10-17,13300,33550,34200,34200,25655,34200
2002-10-18,10900,33800,34250,34400,25692,34300
2002-10-21,25800,33800,34400,34600,25805,34300
2002-10-22,5000,34100,34400,34600,25805,34500
2002-10-23,5000,34300,34600,34600,25955,34400
2002-10-24,2100,34300,34550,34600,25917,34600
2002-10-25,10200,34450,35100,35100,26330,34500
2002-10-28,1800,34900,35400,35500,26555,35150
2002-10-29,1500,35100,35450,35500,26592,35150
2002-10-30,4700,35100,35500,35700,26630,35300
2002-10-31,8000,34700,35500,35500,26630,35300
2002-11-01,3000,34900,35450,35500,26592,35200
2002-11-04,8100,34700,35450,35550,26592,35400
2002-11-05,5200,34850,35000,35250,26255,35000
2002-11-06,5800,34700,34900,35000,26180,35000
2002-11-07,5100,34500,34600,34800,25955,34800
2002-11-08,2200,34200,34700,34800,26030,34600
2002-11-11,1100,34300,34300,34500,25730,34500
2002-11-12,1200,33900,34400,34500,25805,34000
2002-11-13,3300,33850,34350,34350,25767,34200
2002-11-14,400,34500,34500,34500,25880,34500
2002-11-15,4000,34000,34450,34550,25842,34500
2002-11-18,1000,34050,34300,34500,25730,34500
2002-11-19,2700,33900,34200,34450,25655,34450
2002-11-20,1300,34000,34300,34350,25730,34000
2002-11-21,1300,34200,34300,34500,25730,34500
2002-11-22,2500,34300,34500,34600,25880,34600
2002-11-25,38900,34550,35050,35300,26292,34700
2002-11-26,8200,34750,34800,35300,26105,35300
2002-11-27,2200,34500,34700,35050,26030,35050
2002-11-28,20500,34900,35600,36000,26705,34900
2002-11-29,18000,35150,38700,38700,29030,35400
2002-12-03,3600,36700,37000,37500,27755,37500
2002-12-04,11300,35600,35950,36950,26967,36600
2002-12-05,1200,35500,36000,36200,27005,35500
2002-12-06,1700,35550,35650,36000,26742,35550
2002-12-09,3000,35050,35600,35850,26705,35050
2002-12-10,3200,35150,35500,35600,26630,35600
2002-12-11,3500,35000,35100,35600,26330,35600
2002-12-12,2500,35000,35200,35300,26405,35150
2002-12-13,4300,34800,35450,35450,26592,35200
2002-12-16,1800,34750,34900,35200,26180,34750
2002-12-17,2500,34900,35300,35300,26480,34900
2002-12-18,8600,34800,34900,35300,26180,35000
2002-12-20,2000,34550,34600,35250,25955,34700
2002-12-23,5100,34000,34500,34850,25880,34850
2002-12-24,2000,33850,33850,34400,25392,33950
2002-12-26,3100,33600,33850,34000,25392,34000
2002-12-27,1000,32300,33300,33400,25740,32300
2002-12-30,2200,32000,33300,33300,25740,33200
2003-01-02,800,33250,34300,34300,26513,34000
2003-01-03,3300,33950,34200,34300,26436,34100
2003-01-06,1300,33700,34050,34100,26320,33700
2003-01-07,4100,33550,33800,34050,26126,33550
2003-01-08,19200,33750,33800,34600,26126,33800
2003-01-09,100,33800,33800,33900,26126,33900
2003-01-10,16600,32800,33600,33950,25972,33800
2003-01-13,6800,32900,32950,33250,25469,33200
2003-01-14,16700,32500,32550,33050,25160,32950
2003-01-15,5400,32250,33000,33100,25508,32250
2003-01-16,1900,32600,33250,33300,25701,32600
2003-01-17,5900,32950,33700,33800,26049,33100
2003-01-20,1000,32900,33500,33700,25894,33200
2003-01-21,5500,32750,33300,33300,25740,33050
2003-01-22,3200,32700,32700,33000,25276,33000
2003-01-23,6500,32050,32100,32700,24812,32700
2003-01-24,13100,30500,31400,32200,24271,32200
2003-01-27,7000,30500,31000,31200,23962,31050
2003-01-28,1600,30400,30850,30950,23846,30900
2003-01-29,1300,30300,30700,30750,23730,30400
2003-01-30,1000,30500,30550,31000,23614,30800
2003-01-31,0,30550,30550,30550,23614,30550
2003-02-03,12700,30500,30500,31450,23576,30500
2003-02-04,8300,30250,30450,30600,23537,30550
2003-02-05,9900,30400,30450,30900,23537,30500
2003-02-06,6400,29900,29950,30500,23150,30500
2003-02-07,102200,29200,29550,29850,22841,29600
2003-02-10,1400,29450,29500,30000,22803,29450
2003-02-11,1900,29100,29600,29950,22880,29450
2003-02-12,3900,29400,30200,30200,23344,29950
2003-02-13,2900,30000,30450,30450,23537,30100
2003-02-14,2900,29750,30600,30900,23653,29750
2003-02-17,1500,30700,31100,31200,24039,30700
2003-02-18,1900,31000,31100,31550,24039,31100
2003-02-19,18100,30400,30400,31000,23498,31000
2003-02-20,70100,30000,30300,30800,23421,30800
2003-02-21,2500,29750,31000,31000,23962,30100
2003-02-24,12500,30800,31500,32000,24349,30800
2003-02-25,19100,31500,31600,32200,24426,31900
2003-02-26,32800,31900,32100,33200,24812,32600
2003-02-27,11100,31400,31700,32400,24503,32100
2003-02-28,32500,31000,31000,31800,23962,31650
2003-03-03,13800,30750,32500,32900,25122,30750
2003-03-04,6300,31750,32200,32800,24890,32400
2003-03-05,7700,31600,32300,32500,24967,32100
2003-03-06,5800,31550,32000,32300,24735,32300
2003-03-07,3700,31400,31400,31950,24271,31950
2003-03-10,2400,31100,31500,32000,24349,32000
2003-03-11,7400,30850,31300,31400,24194,31400
2003-03-12,3500,30800,31150,31500,24078,31000
2003-03-13,13500,30700,31200,31400,24117,31000
2003-03-14,20900,31400,32100,32200,24812,31500
2003-03-17,22700,31450,32100,32700,24812,32700
2003-03-18,16500,31600,32100,33000,24812,33000
2003-03-19,11800,31800,32150,32850,24851,31800
2003-03-20,6700,32100,33000,33000,25508,32100
2003-03-21,14000,32900,33500,33700,25894,32900
2003-03-24,35700,33300,33800,34200,26126,34000
2003-03-25,15600,32750,33000,33400,25508,33300
2003-03-26,11600,32850,33700,34000,26049,32850
2003-03-27,2000,33200,33500,33700,25894,33650
2003-03-28,46700,32900,33700,34300,26049,32900
2003-03-31,46700,33250,33500,33800,25894,33250
2003-04-01,18500,33050,34800,34800,26899,33050
2003-04-02,27400,34300,35000,35400,27054,34850
2003-04-03,11400,35000,35300,35500,27286,35000
2003-04-04,21500,34650,35500,35500,27440,35400
2003-04-07,10100,35250,35700,35700,27595,35500
2003-04-08,4100,35200,35700,35700,27595,35700
2003-04-09,1800,35050,35450,35450,27402,35050
2003-04-10,7200,34800,35900,36000,27750,35150
2003-04-11,12300,35500,36000,36000,27827,35700
2003-04-14,21400,35800,36200,36500,27982,36300
2003-04-15,10300,35550,35750,36200,27634,36000
2003-04-16,7000,35500,36000,36200,27827,35650
2003-04-17,5800,35500,35900,36100,27750,35650
2003-04-18,6700,35850,37400,37400,28909,35850
2003-04-21,2800,36850,36850,37100,28484,37000
2003-04-22,9500,36800,37000,37200,28600,37000
2003-04-23,78400,36650,37500,37800,28986,37400
2003-04-24,20700,36900,37500,37500,28986,37500
2003-04-25,7000,36600,37200,37400,28755,37400
2003-04-28,2100,36250,37500,37500,28986,36250
2003-04-29,17400,37300,37500,38100,28986,37600
2003-04-30,9400,37300,37700,38100,29141,37600
2003-05-01,0,37700,37700,37700,29141,37700
2003-05-02,7500,37300,38000,38200,29373,37300
2003-05-05,0,38000,38000,38000,29373,38000
2003-05-06,10300,38100,38700,38700,29914,38100
2003-05-07,11200,38700,39050,39350,30185,38800
2003-05-08,0,39050,39050,39050,30185,39050
2003-05-09,13100,39050,39300,39350,30378,39050
2003-05-12,36400,39450,40300,41000,31151,39500
2003-05-13,2900,39500,40200,40800,31073,40300
2003-05-14,10500,40200,40800,40900,31537,40200
2003-05-15,34900,40350,41000,41000,31692,41000
2003-05-16,14500,40500,40950,41000,31653,41000
2003-05-19,24800,40600,41000,41000,31692,40700
2003-05-20,15700,39000,41000,41100,31692,39000
2003-05-21,6100,40050,40700,41000,31460,41000
2003-05-22,6100,40350,40950,41200,31653,40350
2003-05-23,8500,40500,40800,41000,31537,41000
2003-05-26,19100,40900,41950,42050,32426,40900
2003-05-27,3500,41500,41850,42000,32349,41900
2003-05-28,9300,40500,40800,42000,31537,41850
2003-05-29,12800,39500,40750,40750,31499,39500
2003-05-30,21200,39700,40000,40500,30919,40050
2003-06-02,30100,38800,39000,40000,30146,40000
2003-06-03,12500,37700,38500,38500,29759,38500
2003-06-04,15700,37500,39000,39000,30146,38000
2003-06-05,11100,38400,38500,38900,29759,38500
2003-06-06,0,38500,38500,38500,29759,38500
2003-06-09,21100,38150,39900,39900,30842,38500
2003-06-10,10200,39400,39850,39900,30803,39900
2003-06-11,11600,39250,39950,40450,30880,39250
2003-06-12,23600,39000,39300,40100,30378,40100
2003-06-13,4100,39200,39850,39900,30803,39300
2003-06-16,11500,39300,39300,39900,30378,39850
2003-06-17,13400,39000,39500,41500,30532,41000
2003-06-18,11900,38500,39600,39600,30610,39000
2003-06-19,10000,38850,39250,40000,30339,40000
2003-06-20,13100,38600,38600,39250,29837,39250
2003-06-23,4900,38150,38300,39000,29605,38700
2003-06-24,13200,38100,38950,39400,30107,38850
2003-06-25,6900,38500,39000,39100,30146,38600
2003-06-26,3200,38350,39300,39500,30378,38350
2003-06-27,6800,38800,39800,39800,30764,39150
2003-06-30,4500,39300,40500,40500,31305,39300
2003-07-01,29300,39800,40700,41000,31460,41000
2003-07-02,15300,39800,40700,41100,31460,40200
2003-07-03,11600,40100,40450,40600,31267,40250
2003-07-04,10400,40000,40450,41000,31267,40900
2003-07-07,23300,39100,39800,40200,30764,40100
2003-07-08,42400,38850,39000,39800,30146,39800
2003-07-09,10100,39000,39900,39900,30842,39000
2003-07-10,20500,39100,39350,40000,30416,39100
2003-07-11,12000,38600,39300,40000,30378,38600
2003-07-14,20300,38500,38900,40000,30069,39300
2003-07-15,18000,38000,38900,39200,30069,39200
2003-07-16,11400,38150,39000,39100,30146,38150
2003-07-17,0,39000,39000,39000,30146,39000
2003-07-18,17000,38150,39300,39300,30378,38150
2003-07-21,19200,38400,39050,40000,30185,39300
2003-07-22,8600,38600,39000,39050,30146,39050
2003-07-23,4500,38700,38900,39000,30069,38700
2003-07-24,21100,38700,39000,39400,30146,38700
2003-07-25,34300,38900,40000,40450,30919,39000
2003-07-28,8100,39400,39950,40100,30880,39600
2003-07-29,5600,39600,40500,40500,31305,40000
2003-07-30,9300,39350,39550,40500,30571,40500
2003-07-31,3300,39100,41000,41000,31692,39100
2003-08-01,4600,39100,40600,41000,31383,40050
2003-08-04,4400,40300,40500,41500,31305,41000
2003-08-05,7300,40500,40950,40950,31653,40500
2003-08-06,3200,40500,41000,41000,31692,40950
2003-08-07,3400,40200,41000,41000,31692,41000
2003-08-08,9700,40500,40800,42000,31537,41000
2003-08-11,3100,40250,40300,40700,31151,40250
2003-08-12,2800,40200,40500,40500,31305,40300
2003-08-13,5300,40100,40700,40700,31460,40100
2003-08-14,2700,40300,40600,40850,31383,40700
2003-08-15,0,40600,40600,40600,31383,40600
2003-08-18,12300,40200,40600,41000,31383,40600
2003-08-19,13200,40300,40400,40850,31228,40600
2003-08-20,9900,40300,40300,40800,31151,40300
2003-08-21,13400,40000,40300,40800,31151,40500
2003-08-22,12000,40600,40600,41300,31383,41000
2003-08-25,12900,40700,40900,41250,31615,40900
2003-08-26,7100,40500,40800,40850,31537,40600
2003-08-27,5600,40450,40500,40800,31305,40600
2003-08-28,5300,40150,40700,41000,31460,40350
2003-08-29,11700,40200,41500,41500,32078,41000
2003-09-01,21800,40900,43000,43500,33238,40900
2003-09-02,15500,41500,41500,43000,32078,42200
2003-09-03,7300,41150,41350,41700,31962,41450
2003-09-04,6800,41000,41000,41500,31692,41400
2003-09-05,5400,40700,40800,41350,31537,40950
2003-09-08,8900,40200,41150,41300,31808,40200
2003-09-09,20000,41000,42000,42400,32465,41600
2003-09-10,0,42000,42000,42000,32465,42000
2003-09-11,0,42000,42000,42000,32465,42000
2003-09-12,0,42000,42000,42000,32465,42000
2003-09-15,5800,42000,42650,42650,32967,42000
2003-09-16,38500,42650,42900,43100,33161,42650
2003-09-17,17200,42500,43000,43600,33238,43000
2003-09-18,16600,42950,43000,44000,33238,43000
2003-09-19,12800,42800,43100,43900,33315,43000
2003-09-22,10400,42250,42650,43300,32967,43000
2003-09-23,17700,42000,43000,43200,33238,42000
2003-09-24,34200,43100,44000,44600,34011,43350
2003-09-25,11200,43000,43500,43650,33624,43600
2003-09-26,4200,42950,42950,44000,33199,43500
2003-09-29,5500,42600,43000,43600,33238,43500
2003-09-30,4000,42400,43300,44000,33470,42400
2003-10-01,3300,42650,43350,43500,33508,43500
2003-10-02,6000,42700,43300,43500,33470,43000
2003-10-03,0,43300,43300,43300,33470,43300
2003-10-06,3300,43300,43500,44000,33624,43300
2003-10-07,2500,43500,43500,44350,33624,43500
2003-10-08,1800,43000,43050,43600,33276,43050
2003-10-09,3900,42900,43400,43500,33547,43500
2003-10-10,14300,43000,43750,44000,33818,44000
2003-10-13,2400,43200,43450,43900,33586,43750
2003-10-14,5500,42900,43000,43400,33238,43200
2003-10-15,3600,42400,42900,43000,33161,43000
2003-10-16,3400,41600,42800,42900,33083,42900
2003-10-17,11200,41750,42450,42900,32813,42400
2003-10-20,5200,42000,42200,42450,32619,42450
2003-10-21,3700,42050,42100,42400,32542,42400
2003-10-22,3900,41900,42250,42350,32658,42100
2003-10-23,5500,41400,41650,41800,32194,41600
2003-10-24,15000,41450,41450,42000,32040,41650
2003-10-27,7100,38900,42000,42300,32465,42000
2003-10-28,2900,42000,42650,42800,32967,42000
2003-10-29,11500,42400,43000,43100,33238,42400
2003-10-30,25400,43300,43700,43900,33779,43600
2003-10-31,4700,43700,44200,44200,34165,43700
2003-11-03,6700,43450,45200,45200,34938,44500
2003-11-04,8800,44400,45000,45900,34784,45900
2003-11-05,19800,44500,45600,45600,35248,45000
2003-11-06,23600,45000,46300,46500,35789,45000
2003-11-07,17000,45650,47000,47700,36330,45650
2003-11-10,2400,46000,46650,47700,36059,47700
2003-11-11,3000,45900,46000,46650,35557,46600
2003-11-12,4300,45550,46700,46700,36098,46200
2003-11-13,3500,46000,46400,46700,35866,46700
2003-11-14,8000,45600,46700,46700,36098,45600
2003-11-17,9600,46000,48500,49000,37489,46200
2003-11-18,7900,47400,48500,49000,37489,47800
2003-11-19,5800,47300,48300,49400,37335,47550
2003-11-20,7800,47700,48200,48300,37257,48000
2003-11-21,2800,48000,48200,48200,37257,48000
2003-11-24,1700,47350,48300,48500,37335,48500
2003-11-25,1800,47650,48000,48300,37103,48300
2003-11-26,13000,47850,50000,50000,38649,48000
2003-11-27,1500,49500,50000,50000,38649,50000
2003-11-28,11100,49600,50000,50500,38649,50000
2003-12-01,2600,49550,50500,50500,39035,49550
2003-12-02,16500,49200,49400,51000,38185,51000
2003-12-03,24300,48500,49100,49400,37953,48500
2003-12-04,3000,49050,49850,49900,38533,49100
2003-12-05,12800,45850,49850,50000,38533,50000
2003-12-08,500,48800,49500,49500,38262,48800
2003-12-09,1500,48500,48950,49000,37837,48850
2003-12-10,2200,48500,48800,48800,37721,48500
2003-12-11,400,48800,48900,49000,37798,48800
2003-12-12,6400,48450,48500,49500,37489,49000
2003-12-15,13400,48550,48650,49000,37605,48550
2003-12-16,6100,48500,49450,49450,38224,48500
2003-12-17,1400,48800,49500,50000,38262,50000
2003-12-18,1600,48500,48500,49500,37489,49500
2003-12-19,4900,48500,48600,48800,37567,48500
2003-12-22,14100,48100,48400,48500,37412,48500
2003-12-23,16600,48250,49000,49100,37876,48250
2003-12-24,3500,48200,49000,49300,37876,49300
2003-12-25,0,49000,49000,49000,37876,49000
2003-12-26,2000,48300,48500,48500,37489,48300
2003-12-29,4300,46000,49500,49500,39068,46000
2003-12-30,13100,48200,49300,49500,38910,49500
2003-12-31,0,49300,49300,49300,38910,49300
2004-01-01,0,49300,49300,49300,38910,49300
2004-01-02,1600,48800,48900,50000,38594,50000
2004-01-05,4200,47550,47600,48150,37568,47950
2004-01-06,17500,46800,47000,47950,37095,46800
2004-01-07,14900,47000,47450,48600,37450,47600
2004-01-08,8500,47600,48400,48400,38200,47800
2004-01-09,12600,47650,48300,49300,38121,48500
2004-01-12,7500,47200,47200,47700,37252,47600
2004-01-13,6700,46300,48000,48100,37884,46550
2004-01-14,1100,47450,48000,48800,37884,47450
2004-01-15,3500,47000,47900,48000,37805,47300
2004-01-16,4600,47350,47500,48600,37489,48200
2004-01-19,1100,47050,47600,47600,37568,47500
2004-01-20,3200,46500,47550,47550,37529,47050
2004-01-21,0,47550,47550,47550,37529,47550
2004-01-22,0,47550,47550,47550,37529,47550
2004-01-23,0,47550,47550,47550,37529,47550
2004-01-26,12500,47500,48350,48350,38160,47500
2004-01-27,4200,47500,48000,48500,37884,48500
2004-01-28,10300,48000,49000,49000,38673,48000
2004-01-29,5100,49000,49250,49500,38870,49500
2004-01-30,3400,48600,49400,49900,38989,49900
2004-02-02,1600,48550,48850,49000,38555,49000
2004-02-03,1400,48500,49100,49800,38752,48500
2004-02-04,2900,48500,49600,49600,39147,49250
2004-02-05,6500,49600,50000,50000,39462,49900
2004-02-06,12600,49300,49700,50100,39226,50100
2004-02-09,7200,49200,49400,50000,38989,49700
2004-02-10,10800,48600,49300,50000,38910,49800
2004-02-11,9700,48650,48900,49100,38594,48700
2004-02-12,4400,48600,48600,48900,38357,48750
2004-02-13,4800,48400,48600,49000,38357,48600
2004-02-16,3600,47400,47800,48600,37726,48600
2004-02-17,6700,47200,47500,47700,37489,47500
2004-02-18,6200,47000,47500,47800,37489,47600
2004-02-19,9900,47500,47700,48000,37647,47500
2004-02-20,14500,47500,48000,48400,37884,47500
2004-02-23,10600,47500,47600,48000,37568,48000
2004-02-24,15600,47500,47700,48000,37647,47500
2004-02-25,2000,47250,47800,47900,37726,47250
2004-02-26,40700,48000,48600,49900,38357,48050
2004-02-27,1200,48600,48800,49500,38515,48600
2004-03-01,0,48800,48800,48800,38515,48800
2004-03-02,7400,48300,49000,49250,38673,48800
2004-03-03,11700,48850,49350,50000,38949,49000
2004-03-04,22100,48950,49000,49350,38673,49000
2004-03-05,5200,49000,50000,50000,39462,49000
2004-03-08,11100,49250,50000,50000,39462,50000
2004-03-09,5100,49150,49500,50000,39068,50000
2004-03-10,6400,49500,49900,49900,39383,49500
2004-03-11,9600,49200,49800,49900,39305,49200
2004-03-12,13200,48000,49750,49900,39265,49800
2004-03-15,13900,49200,50400,50400,39778,49600
2004-03-16,14200,50300,52000,52000,41041,50300
2004-03-17,47400,51100,54500,55000,43014,52400
2004-03-18,4600,52800,54500,54500,43014,53900
2004-03-19,31200,53500,54100,54500,42698,54400
2004-03-22,7500,53000,54100,54100,42698,53000
2004-03-23,7800,54500,55000,55500,43409,54500
2004-03-24,9200,53900,54500,56000,43014,53900
2004-03-25,11700,53500,53500,55500,42225,54500
2004-03-26,5800,52900,55000,55000,43409,52900
2004-03-29,9300,55000,57000,58000,44987,56800
2004-03-30,6400,57500,58500,58900,46171,57500
2004-03-31,18800,59000,60200,60500,47513,59000
2004-04-01,87300,60200,69200,69200,54616,60800
2004-04-02,11500,66300,67100,70300,52959,69500
2004-04-05,0,67100,67100,67100,52959,67100
2004-04-06,15100,66300,66800,68900,52722,67000
2004-04-07,13300,64600,65000,67000,51301,66400
2004-04-08,16400,63000,64000,65500,50512,65500
2004-04-09,16100,62800,64000,64100,50512,63900
2004-04-12,4000,64000,65000,65000,51301,64600
2004-04-13,10700,63400,65600,65600,51775,64600
2004-04-14,10900,64100,64900,65900,51222,65400
2004-04-15,0,64900,64900,64900,51222,64900
2004-04-16,9500,64500,65000,66000,51301,65600
2004-04-19,8300,65000,67000,68000,52880,65000
2004-04-20,9700,66100,68000,68000,53669,68000
2004-04-21,6400,66000,68700,68700,54222,67000
2004-04-22,7900,66000,66200,68000,52248,67600
2004-04-23,2300,65600,66100,67700,52169,67700
2004-04-26,1300,64800,66000,66000,52091,65100
2004-04-27,8700,65200,65500,66000,51696,65900
2004-04-28,20400,64500,66000,67000,52091,65500
2004-04-29,900,64200,64900,66000,51222,66000
2004-04-30,6000,62500,64000,66400,50512,64500
2004-05-03,16800,62200,62400,63100,49249,63000
2004-05-04,4300,62400,63000,63300,49723,63300
2004-05-05,0,63000,63000,63000,49723,63000
2004-05-06,7300,62000,62500,63000,49328,63000
2004-05-07,3500,60300,63800,63800,50354,60300
2004-05-10,4600,61000,61500,63000,48539,62000
2004-05-11,3300,60500,61500,61500,48539,61500
2004-05-12,1400,59100,61300,61500,48381,59100
2004-05-13,6900,60000,60100,61300,47434,61300
2004-05-14,2900,54500,60100,60200,47434,58400
2004-05-17,6500,58500,58900,60100,46487,60100
2004-05-18,7500,53000,57400,58000,45303,53000
2004-05-19,12000,56500,56600,58000,44672,57400
2004-05-20,7600,55000,56100,56500,44277,56000
2004-05-21,2300,55600,56200,56900,44356,56900
2004-05-24,2100,55500,55800,56900,44040,55500
2004-05-25,4100,54000,54300,55500,42856,55500
2004-05-26,0,54300,54300,54300,42856,54300
2004-05-27,1800,55000,55600,55900,43882,55600
2004-05-28,6000,54700,54800,55600,43251,55600
2004-05-31,2100,53500,55500,55500,43803,55500
2004-06-01,2300,54400,55000,55000,43409,54900
2004-06-02,2200,54300,54400,54800,42935,54400
2004-06-03,5800,52300,53700,54500,42383,54400
2004-06-04,7100,51800,54200,54200,42777,51800
2004-06-07,1200,54000,56000,56000,44198,54000
2004-06-08,1600,54700,54700,55800,43172,55300
2004-06-09,17400,53000,53300,55000,42067,54800
2004-06-10,1100,53200,53200,53300,41988,53300
2004-06-11,2400,51200,52800,52800,41672,52200
2004-06-14,1000,50100,52400,52800,41357,50100
2004-06-15,2400,52400,53400,53900,42146,52400
2004-06-16,1900,53500,53900,54800,42541,54600
2004-06-17,1000,52100,53500,53700,42225,53400
2004-06-18,12600,52000,52600,53500,41514,53500
2004-06-21,1700,52400,53300,53600,42067,53600
2004-06-22,19800,51800,52500,52500,41436,52500
2004-06-23,9400,51700,52000,52000,41041,52000
2004-06-24,3300,51500,52100,52500,41120,52000
2004-06-25,16700,52000,52100,52500,41120,52200
2004-06-28,8300,52300,53600,53800,42304,52300
2004-06-29,9800,53600,54500,55400,43014,53600
2004-06-30,1500,53700,55000,55000,43409,55000
2004-07-01,900,54900,55100,55400,43488,55000
2004-07-02,200,53500,54400,54900,42935,53500
2004-07-05,400,53800,54000,54400,42619,54400
2004-07-06,600,53500,54000,54500,42619,54000
2004-07-07,10,54000,54000,54000,42619,54000
2004-07-08,3100,53000,55400,55400,43724,53000
2004-07-09,4000,53600,54000,54900,42619,53700
2004-07-12,40,54000,54000,54000,42619,54000
2004-07-13,1800,53200,53500,54000,42225,53500
2004-07-14,1700,53500,53500,54000,42225,53500
2004-07-15,8500,52100,52400,53000,41357,52400
2004-07-16,2100,52800,53000,53000,41830,52900
2004-07-19,10800,52700,53000,53000,41830,52700
2004-07-20,2000,52700,53500,53500,42225,52800
2004-07-21,500,53500,53500,54000,42225,54000
2004-07-22,1600,53000,53300,53500,42067,53200
2004-07-23,3700,52400,52800,53000,41672,52800
2004-07-26,2000,52500,53000,53000,41830,52500
2004-07-27,3000,52700,52700,53000,41593,53000
2004-07-28,2900,52700,52700,52800,41593,52800
2004-07-29,2900,52600,52700,53000,41593,52700
2004-07-30,5400,52600,52700,52800,41593,52700
2004-08-02,13000,52200,52700,52700,41593,52700
2004-08-03,2900,52500,52600,52800,41514,52700
2004-08-04,2900,52000,52400,52600,41357,52600
2004-08-05,600,52400,53500,53500,42225,52400
2004-08-06,100,53500,54200,54200,42777,53500
2004-08-09,200,54000,54200,54200,42777,54000
2004-08-10,28600,54500,55000,55400,43409,54800
2004-08-11,2500,55000,55300,56000,43645,55000
2004-08-12,3900,55000,55100,57000,43488,56600
2004-08-13,800,55200,55700,55700,43961,55200
2004-08-16,1000,54700,55000,55300,43409,54700
2004-08-17,1500,55100,56000,56000,44198,55200
2004-08-18,13500,55500,56100,56100,44277,55500
2004-08-19,12800,55700,55700,56500,43961,56500
2004-08-20,1700,55700,55700,56000,43961,55700
2004-08-23,2200,55500,55500,55700,43803,55700
2004-08-24,5800,55000,56200,56400,44356,55000
2004-08-25,700,55300,55600,56000,43882,55300
2004-08-26,1100,55000,55500,55600,43803,55600
2004-08-27,36200,55000,55200,55900,43567,55200
2004-08-30,2300,55500,56300,56300,44435,55500
2004-08-31,300,55800,55800,55900,44040,55900
2004-09-01,14200,55500,55800,57000,44040,55500
2004-09-02,900,55500,56400,56400,44514,55800
2004-09-03,11700,56500,57900,59900,45698,56900
2004-09-06,3300,56600,56800,59500,44829,59500
2004-09-07,6100,55800,56500,56600,44593,56300
2004-09-08,2300,56500,56900,56900,44908,56500
2004-09-09,4600,56500,57700,57700,45540,56500
2004-09-10,1700,56700,57500,57500,45382,57500
2004-09-13,5500,56800,58100,58400,45855,56800
2004-09-14,900,57600,57600,58300,45461,58000
2004-09-15,1300,56800,56800,57300,44829,57300
2004-09-16,800,56500,56900,57300,44908,56700
2004-09-17,2700,56100,56100,57300,44277,56400
2004-09-20,9500,56200,58500,59000,46171,56200
2004-09-21,3900,57700,59000,59400,46566,58000
2004-09-22,1300,58100,58900,59000,46487,58200
2004-09-23,2300,58300,58600,58900,46250,58300
2004-09-24,20500,58700,61300,61500,48381,59000
2004-09-27,0,61300,61300,61300,48381,61300
2004-09-28,0,61300,61300,61300,48381,61300
2004-09-29,0,61300,61300,61300,48381,61300
2004-09-30,16100,60000,60700,61300,47907,61300
2004-10-01,7400,60000,60500,60700,47750,60700
2004-10-04,11300,60000,60500,62000,47750,60500
2004-10-05,14300,60300,60300,62600,47592,60500
2004-10-06,13200,59500,60000,60800,47355,60800
2004-10-07,74700,59800,62000,62000,48934,59800
2004-10-08,3400,61200,61900,62100,48855,61900
2004-10-11,2500,61500,61800,62200,48776,62100
2004-10-12,3700,60200,61500,61800,48539,61400
2004-10-13,14100,61400,62500,63000,49328,61400
2004-10-14,22100,59000,62500,62600,49328,62000
2004-10-15,12600,60500,62000,62500,48934,62400
2004-10-18,7200,61900,62000,62500,48934,62000
2004-10-19,15000,62400,63000,63200,49723,62400
2004-10-20,1100,61800,61800,63000,48776,63000
2004-10-21,4900,62000,62400,63700,49249,62000
2004-10-22,800,61200,62300,63000,49170,61200
2004-10-25,800,60600,61000,62300,48144,62300
2004-10-26,11000,61000,61000,61300,48144,61000
2004-10-27,3500,60700,60700,61800,47907,61800
2004-10-28,100,60400,61400,61400,48460,60400
2004-10-29,2000,60200,62900,62900,49644,60200
2004-11-01,6200,62000,62000,64500,48934,63000
2004-11-02,3900,61500,62100,62200,49012,61500
2004-11-03,1700,61600,61600,62200,48618,62100
2004-11-04,4600,61200,61500,61700,48539,61300
2004-11-05,12200,61000,61500,61500,48539,61500
2004-11-08,10200,61100,61500,61900,48539,61900
2004-11-09,1700,61000,61500,61500,48539,61000
2004-11-10,3200,60600,61500,61500,48539,60600
2004-11-11,2000,61100,61300,61600,48381,61500
2004-11-12,2800,61000,61500,61700,48539,61000
2004-11-15,2600,61100,61400,61800,48460,61200
2004-11-16,2500,60300,60300,61300,47592,61300
2004-11-17,10300,59900,60000,61300,47355,60000
2004-11-18,172900,60000,60600,60800,47829,60000
2004-11-19,91400,60000,60200,60800,47513,60500
2004-11-22,2900,59400,59700,60100,47118,60000
2004-11-23,3400,59200,59500,59900,46960,59700
2004-11-24,2700,59200,59700,59800,47118,59500
2004-11-25,5100,58500,59100,59700,46645,59600
2004-11-26,56000,59000,60400,60600,47671,59000
2004-11-29,1200,60300,60700,61000,47907,60300
2004-11-30,4300,60700,62000,63000,48934,61000
2004-12-01,900,61800,62100,63700,49012,63700
2004-12-02,3800,62000,62000,62400,48934,62000
2004-12-03,1400,62000,62600,62600,49407,62000
2004-12-06,1300,61900,62500,62800,49328,61900
2004-12-07,15600,61800,64000,66000,50512,61800
2004-12-08,1900,63000,64800,64800,51143,63000
2004-12-09,1300,64100,64100,65200,50591,64800
2004-12-10,1800,63200,64100,64100,50591,64100
2004-12-13,800,63100,64000,64000,50512,63200
2004-12-14,800,62600,63500,63500,50117,63400
2004-12-15,2700,62600,63700,63700,50275,62600
2004-12-16,3000,63000,63700,64500,50275,63000
2004-12-17,2900,63700,64500,64500,50907,63700
2004-12-20,6100,63600,64500,64700,50907,64500
2004-12-21,6400,63800,64400,64400,50828,64000
2004-12-22,5500,64400,65900,65900,52012,64400
2004-12-23,7100,65100,65100,66000,51380,65900
2004-12-24,1600,64800,65100,65200,51380,65100
2004-12-27,1500,63400,63900,65200,50433,65200
2004-12-28,2900,62100,65600,65600,51775,62500
2004-12-29,18400,64500,65100,65600,52378,65400
2004-12-30,1200,63500,64900,65300,52217,63500
2004-12-31,0,64900,64900,64900,52217,64900
2005-01-03,1000,64200,64900,65000,52217,65000
2005-01-04,3300,63900,64300,64300,51735,64200
2005-01-05,10,64400,64400,64400,51815,64400
2005-01-06,5800,64200,64400,64500,51815,64400
2005-01-07,60,64400,64400,64400,51815,64400
2005-01-10,5600,63000,64200,66000,51654,63000
2005-01-11,1600,63400,64200,64500,51654,64500
2005-01-12,400,64000,64500,64500,51896,64000
2005-01-13,1300,64000,64800,64800,52137,64000
2005-01-14,1000,64600,64700,64800,52056,64700
2005-01-17,3300,63700,64700,65000,52056,63700
2005-01-18,11700,65000,66000,66000,53102,65000
2005-01-19,40,68000,69300,74500,55758,74500
2005-01-20,18500,66000,69300,69300,55758,68500
2005-01-21,1700,67000,67900,68000,54631,67000
2005-01-24,12200,67800,68900,68900,55436,67800
2005-01-25,11800,68000,68900,68900,55436,68100
2005-01-26,8800,68000,68200,68900,54872,68900
2005-01-27,800,68200,69000,69000,55516,68200
2005-01-28,1100,68600,69900,69900,56240,68700
2005-01-31,12100,69000,69200,70500,55677,69000
2005-02-01,500,69100,69200,69300,55677,69200
2005-02-02,21400,69300,69300,69400,55758,69300
2005-02-03,3900,69300,70000,70000,56321,69500
2005-02-04,21300,69500,70900,71200,57045,69500
2005-02-07,10200,70700,71000,71000,57125,71000
2005-02-08,0,71000,71000,71000,57125,71000
2005-02-09,0,71000,71000,71000,57125,71000
2005-02-10,0,71000,71000,71000,57125,71000
2005-02-11,34200,70000,71500,71600,57528,71000
2005-02-14,2700,70600,72000,72000,57930,70600
2005-02-15,3300,71000,71400,71800,57447,71000
2005-02-16,4200,70000,71500,71500,57528,71000
2005-02-17,3800,71400,71500,71500,57528,71400
2005-02-18,1300,70100,71400,71800,57447,70100
2005-02-21,400,70400,71300,71400,57367,71400
2005-02-22,1100,69700,70400,71000,56643,70700
2005-02-23,1200,70000,70400,70500,56643,70000
2005-02-24,6000,70100,70800,70900,56964,70500
2005-02-25,16100,69100,69900,70400,56240,70100
2005-02-28,3200,69500,70100,70100,56401,70000
2005-03-01,0,70100,70100,70100,56401,70100
2005-03-02,6500,70100,71000,72000,57125,70100
2005-03-03,9200,72500,73000,74000,58735,72800
2005-03-04,4200,71800,74000,74000,59539,73700
2005-03-07,5500,72300,75000,75500,60344,72500
2005-03-08,6100,74200,75000,76100,60344,76000
2005-03-09,11200,74600,78900,84700,63482,75000
2005-03-10,2900,76700,77400,79000,62275,78900
2005-03-11,7200,75200,75200,79500,60505,77600
2005-03-14,5100,74500,75000,75500,60344,75000
2005-03-15,4400,74800,75900,76400,61068,75000
2005-03-16,1300,75100,75800,77000,60987,75900
2005-03-17,1300,74800,75000,75600,60344,75600
2005-03-18,4300,73100,74200,74700,59700,74500
2005-03-21,17700,70500,72600,73500,58413,73500
2005-03-22,6400,70700,71200,73500,57286,73500
2005-03-23,77700,70700,71000,72300,57125,70700
2005-03-24,29200,71500,72500,74000,58332,72000
2005-03-25,200,73000,73000,73500,58735,73000
2005-03-28,300,72100,72100,73000,58010,72100
2005-03-29,2900,72000,72000,72100,57930,72000
2005-03-30,3500,70200,70600,71900,56804,71900
2005-03-31,2900,70200,71100,71400,57206,71000
2005-04-01,7900,71000,72500,72500,58332,71100
2005-04-04,1000,72100,72500,72500,58332,72500
2005-04-05,0,72500,72500,72500,58332,72500
2005-04-06,13600,72000,72400,72500,58252,72000
2005-04-07,9100,72000,73500,73500,59137,72000
2005-04-08,4900,73500,73900,74900,59459,73500
2005-04-11,17300,71900,72900,74000,58654,73900
2005-04-12,2800,73100,73800,77500,59378,77500
2005-04-13,800,73700,74000,74100,59539,73700
2005-04-14,2200,73500,74000,74000,59539,74000
2005-04-15,6000,73000,75000,75000,60344,73000
2005-04-18,8400,73500,77000,77000,61953,74600
2005-04-19,3700,76500,76700,77000,61712,76900
2005-04-20,5800,76000,77200,78000,62114,76000
2005-04-21,1900,76000,77500,78000,62355,78000
2005-04-22,5300,76000,77500,78000,62355,77500
2005-04-25,1200,75800,75800,77000,60987,76500
2005-04-26,7000,75100,75900,75900,61068,75100
2005-04-27,3700,75200,75900,76000,61068,75400
2005-04-28,90,75400,75400,76800,60666,76800
2005-04-29,7000,75000,76400,76400,61470,75000
2005-05-02,5300,77900,78000,79800,62757,79800
2005-05-03,3200,78000,78200,78600,62918,78400
2005-05-04,1200,78200,78900,78900,63482,78200
2005-05-05,0,78900,78900,78900,63482,78900
2005-05-06,1600,78500,79500,80100,63964,78500
2005-05-09,1300,79000,79900,80000,64286,79400
2005-05-10,800,79000,79500,79800,63964,79800
2005-05-11,200,77900,79900,80000,64286,77900
2005-05-12,1000,78500,79500,79500,63964,79400
2005-05-13,100,78200,78800,79300,63401,78200
2005-05-16,1800,79000,79500,79500,63964,79000
2005-05-17,5200,78600,79500,79600,63964,79500
2005-05-18,3500,79200,79200,79500,63723,79500
2005-05-19,5000,78900,79400,79900,63884,79900
2005-05-20,1600,78200,79500,79600,63964,79500
2005-05-23,1000,79400,79400,79500,63884,79400
2005-05-24,3900,79400,79500,79700,63964,79400
2005-05-25,4400,78500,78900,79500,63482,79400
2005-05-26,1900,77600,78900,79000,63482,78000
2005-05-27,12700,78800,79500,79500,63964,79000
2005-05-30,5700,78900,78900,79000,63482,79000
2005-05-31,5300,78700,79900,79900,64286,78700
2005-06-01,3200,80000,82000,83000,65976,80000
2005-06-02,2300,82000,82000,82000,65976,82000
2005-06-03,2000,80800,80800,81900,65010,81100
2005-06-06,0,80800,80800,80800,65010,80800
2005-06-07,4000,80700,80800,81500,65010,81500
2005-06-08,8000,80200,80800,80800,65010,80800
2005-06-09,2800,80200,81200,81200,65332,80500
2005-06-10,7000,81200,81500,81500,65574,81200
2005-06-13,4900,81500,84000,84500,67585,81500
2005-06-14,7600,84000,84200,84900,67746,84000
2005-06-15,1100,84100,84200,84500,67746,84200
2005-06-16,5900,83700,84200,84200,67746,84200
2005-06-17,3300,84000,85000,85100,68390,84200
2005-06-20,11300,82400,83100,86000,66861,85000
2005-06-21,17100,83000,83400,83700,67102,83100
2005-06-22,8400,82800,83500,83500,67183,83500
2005-06-23,1000,83500,85700,85700,68953,83500
2005-06-24,14600,85700,86700,87000,69757,86800
2005-06-27,1900,85900,86100,87400,69275,86700
2005-06-28,3300,85100,86000,86100,69194,85200
2005-06-29,9600,83400,84000,86800,67585,86800
2005-06-30,5400,83800,84500,84500,67987,84000
2005-07-01,5400,83700,84500,85000,67987,85000
2005-07-04,1300,83900,84500,84700,67987,84700
2005-07-05,9200,84000,84400,86900,67907,84500
2005-07-06,1300,84300,85000,86000,68390,84300
2005-07-07,1900,84800,85000,85100,68390,85000
2005-07-08,1000,84100,85500,85800,68792,84100
2005-07-11,1300,85500,88500,88500,71206,88400
2005-07-12,6600,80800,83200,88000,66941,80800
2005-07-13,8700,83100,84900,85000,68309,83400
2005-07-14,3500,83700,85000,85000,68390,83700
2005-07-15,1700,83700,85000,85000,68390,85000
2005-07-18,11800,81100,85000,85000,68390,84900
2005-07-19,2200,84100,84900,84900,68309,84100
2005-07-20,2000,84200,84900,84900,68309,84900
2005-07-21,2800,83300,84000,85900,67585,85500
2005-07-22,600,83000,84000,84000,67585,83100
2005-07-25,4900,82500,83700,84600,67344,83000
2005-07-26,5500,83200,84000,84200,67585,83700
2005-07-27,7300,83100,85000,85000,68390,83100
2005-07-28,1600,84500,85800,86000,69033,85000
2005-07-29,2200,85400,85500,86000,68792,86000
2005-08-01,3000,84000,85200,85500,68551,85500
2005-08-02,500,84100,85000,85200,68390,85200
2005-08-03,2800,84900,84900,85000,68309,85000
2005-08-04,600,84000,84900,84900,68309,84000
2005-08-05,1900,83800,84800,84800,68229,84000
2005-08-08,800,84000,84600,84800,68068,84800
2005-08-09,13400,84600,84600,84700,68068,84600
2005-08-10,25200,84100,84900,84900,68309,84600
2005-08-11,200,84100,84800,84900,68229,84900
2005-08-12,1900,84100,84400,84600,67907,84600
2005-08-15,0,84400,84400,84400,67907,84400
2005-08-16,1800,83800,84000,84600,67585,84400
2005-08-17,12700,83700,85100,85300,68470,83700
2005-08-18,600,84500,85100,85800,68470,85800
2005-08-19,2100,84300,85200,85200,68551,84300
2005-08-22,1200,85000,86000,86000,69194,85000
2005-08-23,19200,86400,87500,88500,70401,86400
2005-08-24,1000,87400,88000,88000,70803,87400
2005-08-25,1000,87000,89000,89000,71608,88000
2005-08-26,1900,89000,90000,90400,72413,89000
2005-08-29,2900,86000,88100,90000,70884,90000
2005-08-30,900,87500,88900,89000,71527,89000
2005-08-31,300,88900,90100,90100,72493,88900
2005-09-01,2300,88100,89700,90200,72171,90100
2005-09-02,2200,88100,88900,89200,71527,89200
2005-09-05,1200,89300,90000,90200,72413,89300
2005-09-06,9800,90000,90000,90500,72413,90000
2005-09-07,1900,88600,91000,91000,73217,90000
2005-09-08,1200,90000,91500,91500,73619,90900
2005-09-09,600,90100,90200,91500,72573,91500
2005-09-12,2600,90200,92500,93500,74424,90200
2005-09-13,15000,91500,93000,93900,74826,93900
2005-09-14,6900,93000,93400,93400,75148,93000
2005-09-15,1300,93000,93500,94000,75229,93300
2005-09-16,5700,90900,91000,94000,73217,93500
2005-09-19,0,91000,91000,91000,73217,91000
2005-09-20,21100,94900,95500,96000,76838,96000
2005-09-21,2100,95500,97000,97000,78045,95500
2005-09-22,11100,95500,96700,97000,77803,97000
2005-09-23,16200,94500,95900,96700,77160,96700
2005-09-26,1900,95900,96500,96500,77642,95900
2005-09-27,1000,96500,97000,97400,78045,97000
2005-09-28,400,97000,97600,97800,78527,97800
2005-09-29,4960,98300,99900,104000,80378,98300
2005-09-30,16452,98000,101000,101500,81263,100000
2005-10-03,0,101000,101000,101000,81263,101000
2005-10-04,2943,100000,102500,102500,82470,100000
2005-10-05,12987,103500,106000,110000,85286,105000
2005-10-06,8664,104500,111000,111000,89309,106500
2005-10-07,16017,110500,114000,117000,91723,112000
2005-10-10,21439,111000,113500,117000,91320,111000
2005-10-11,17172,111000,114000,114000,91723,114000
2005-10-12,14703,113000,115000,115000,92527,113000
2005-10-13,24832,114000,120000,121000,96550,115500
2005-10-14,19495,115500,122000,122000,98159,115500
2005-10-17,57800,117000,124000,124000,99769,122000
2005-10-18,4319,117500,117500,122000,94539,122000
2005-10-19,9195,109500,113000,117500,90918,117500
2005-10-20,19985,111500,113000,116500,90918,113000
2005-10-21,9612,112000,113000,113500,90918,112500
2005-10-24,4510,111000,114000,115000,91723,112000
2005-10-25,37655,112000,113000,115000,90918,113000
2005-10-26,2522,111500,113000,113000,90918,112000
2005-10-27,6142,113000,115000,115500,92527,114000
2005-10-28,4052,110000,112000,115000,90114,115000
2005-10-31,8295,109500,113000,113000,90918,110000
2005-11-01,8769,111000,112500,112500,90516,112000
2005-11-02,7974,111000,119000,119000,95746,111000
2005-11-03,4911,113500,115000,116500,92527,116000
2005-11-04,6432,113000,116000,118500,93332,116000
2005-11-07,1621,114500,115000,116500,92527,115000
2005-11-08,10056,113500,117000,118000,94136,113500
2005-11-09,2365,115500,116000,118000,93332,116000
2005-11-10,8288,114500,117000,119000,94136,115000
2005-11-11,7804,115500,117000,117500,94136,117000
2005-11-14,4250,112500,114000,116500,91723,115500
2005-11-15,10553,111000,112500,116000,90516,114000
2005-11-16,9144,108500,112500,113000,90516,112500
2005-11-17,6790,109000,111000,112500,89309,112500
2005-11-18,9115,110000,110500,112000,88907,110500
2005-11-21,10430,109500,112000,112500,90114,110000
2005-11-22,5869,111000,111500,113000,89711,111500
2005-11-23,20403,110000,112000,112500,90114,110000
2005-11-24,42671,111000,112000,114000,90114,112000
2005-11-25,21675,112000,119500,119500,96148,113000
2005-11-28,2611,116000,117000,119500,94136,119500
2005-11-29,2464,115000,116000,119000,93332,116000
2005-11-30,2142,115500,116000,119000,93332,119000
2005-12-01,2616,113500,119000,120000,95746,114000
2005-12-02,2189,116000,119000,119500,95746,116500
2005-12-05,2226,117000,122000,122000,98159,117000
2005-12-06,1879,120000,121500,122000,97757,120000
2005-12-07,1739,120000,121500,121500,97757,121500
2005-12-08,2914,119000,121500,121500,97757,119000
2005-12-09,4011,119500,120000,121500,96550,120500
2005-12-12,2135,118000,121500,122000,97757,118000
2005-12-13,8434,120000,121500,123000,97757,120000
2005-12-14,4350,119500,121000,121500,97355,120500
2005-12-15,3547,119000,122000,124000,98159,119500
2005-12-16,2012,119000,122000,122000,98159,120000
2005-12-19,4059,119500,123000,123000,98964,120000
2005-12-20,2582,119000,119500,122000,96148,121500
2005-12-21,5905,118500,118500,124000,95343,124000
2005-12-22,3900,117000,119000,119000,95746,118500
2005-12-23,9374,116000,119000,119000,95746,118000
2005-12-26,3900,118000,119000,121000,95746,121000
2005-12-27,2831,117500,118500,119000,95343,118500
2005-12-28,1840,117000,118000,121000,95953,121000
2005-12-29,7584,116500,119500,119500,97173,117000
2006-01-02,4464,118000,122000,122000,99206,119500
2006-01-03,4548,119000,120500,121000,97986,119000
2006-01-04,8133,118000,122000,122000,99206,120000
2006-01-05,3359,120500,122000,122500,99206,121000
2006-01-06,6007,118500,123500,123500,100426,122000
2006-01-09,5360,122500,124000,124000,100832,123500
2006-01-10,1919,122000,123500,124000,100426,122500
2006-01-11,1414,122500,122500,125000,99612,125000
2006-01-12,1552,122000,126000,126000,102459,122000
2006-01-13,1292,123000,123000,125000,100019,125000
2006-01-16,795,123000,124500,124500,101239,123000
2006-01-17,1329,123500,125000,125000,101645,123500
2006-01-18,3806,120500,123500,125500,100426,125000
2006-01-19,3564,122500,125500,125500,102052,123500
2006-01-20,3642,123000,124000,126000,100832,125500
2006-01-23,8736,119000,127000,127000,103272,124000
2006-01-24,6238,122000,123500,126000,100426,122000
2006-01-25,3692,121500,126000,126500,102459,121500
2006-01-26,5067,123000,126000,126000,102459,123000
2006-01-27,13656,122000,126000,126000,102459,124000
2006-01-31,4175,123000,123500,126000,100426,126000
2006-02-01,5533,122500,123000,124000,100019,123000
2006-02-02,9272,121500,123000,124000,100019,121500
2006-02-03,5393,120000,121500,123500,98799,120000
2006-02-06,7529,119000,120500,121500,97986,121500
2006-02-07,4810,119000,124000,124500,100832,119000
2006-02-08,2300,123500,125000,125500,101645,124000
2006-02-09,3642,124000,126000,126000,102459,125000
2006-02-10,1326,124500,125000,126000,101645,125500
2006-02-13,3334,120000,122500,124000,99612,124000
2006-02-14,1120,119500,122500,124500,99612,122500
2006-02-15,679,121000,125000,125000,101645,122500
2006-02-16,778,122500,125000,125000,101645,122500
2006-02-17,481,122500,125000,125000,101645,123000
2006-02-20,4501,122000,126000,126000,102459,123000
2006-02-21,3067,122500,123500,125000,100426,123000
2006-02-22,1932,122500,123500,125000,100426,123500
2006-02-23,2539,123000,123500,124000,100426,123500
2006-02-24,811,122500,123500,124000,100426,122500
2006-02-27,2168,122500,122500,123500,99612,123000
2006-02-28,3173,121500,122000,123000,99206,121500
2006-03-02,596,121000,121500,122000,98799,122000
2006-03-03,723,120500,121500,122000,98799,120500
2006-03-06,1043,120500,123000,123000,100019,121500
2006-03-07,812,121000,123000,123000,100019,123000
2006-03-08,702,122000,123000,123000,100019,122500
2006-03-09,1571,121000,122000,123000,99206,123000
2006-03-10,381,120500,121000,122000,98393,122000
2006-03-13,2250,119000,120000,121500,97580,121000
2006-03-14,1460,116000,117500,119000,95547,119000
2006-03-15,6815,113000,116000,117500,94327,117000
2006-03-16,1345,115500,124000,124000,100832,116000
2006-03-17,560,119000,122000,122000,99206,120000
2006-03-20,879,119000,122000,122000,99206,121500
2006-03-21,5158,119000,119000,122000,96766,122000
2006-03-22,650,116000,119500,120000,97173,119000
2006-03-23,377,117000,119500,120500,97173,120500
2006-03-24,172634,118000,119000,120000,96766,120000
2006-03-27,553,116500,117000,119000,95140,119000
2006-03-28,3666,113000,115500,119000,93920,117500
2006-03-29,9890,114000,115500,117500,93920,117500
2006-03-30,4675,112500,117000,117000,95140,115500
2006-03-31,7398,113000,115000,116000,93514,116000
2006-04-03,6414,113000,114000,115500,92701,115000
2006-04-04,2548,112500,114000,116000,92701,112500
2006-04-05,2783,112000,112000,114500,91074,112500
2006-04-06,2321,112000,114000,114000,92701,112500
2006-04-07,1427,112500,115000,115000,93514,113500
2006-04-10,1243,115000,115000,116500,93514,116000
2006-04-11,1089,114000,114500,115000,93107,115000
2006-04-12,1308,114000,115000,115000,93514,114500
2006-04-13,1399,113500,115000,115500,93514,113500
2006-04-14,5841,111000,113000,115000,91887,115000
2006-04-17,2910,110500,111500,113000,90668,112500
2006-04-18,3753,110000,111000,113000,90261,110000
2006-04-19,2142,111000,112500,113000,91481,111000
2006-04-20,4266,111000,113500,115000,92294,112500
2006-04-21,1184,112500,113000,115000,91887,113000
2006-04-24,12583,112000,114000,115000,92701,112000
2006-04-25,1974,112500,114000,114500,92701,112500
2006-04-26,1342,114000,115000,115500,93514,114000
2006-04-27,2160,112500,115000,115500,93514,113500
2006-04-28,1324,114000,114500,115000,93107,114000
2006-05-02,2013,114500,115500,117000,93920,114500
2006-05-03,690,115500,118500,118500,96360,116000
2006-05-04,2045,118000,118500,122000,96360,118500
2006-05-08,2950,115500,117500,122000,95547,118500
2006-05-09,16810,117500,120000,120000,97580,117500
2006-05-10,737,117000,119000,119000,96766,119000
2006-05-11,1634,116000,118500,120000,96360,119000
2006-05-12,7887,116000,116500,117000,94733,116000
2006-05-15,1277,112500,114500,117500,93107,116500
2006-05-16,753,114000,115000,116000,93514,114000
2006-05-17,4625,112500,117000,117000,95140,113000
2006-05-18,5200,113500,117000,117500,95140,114500
2006-05-19,800,115000,116500,117000,94733,116500
2006-05-22,60838,115000,116500,117000,94733,116500
2006-05-23,1424,113000,117000,117500,95140,117000
2006-05-24,1427,115000,118000,118000,95953,115000
2006-05-25,26209,116000,118500,118500,96360,118000
2006-05-26,2510,115500,117500,118000,95547,117000
2006-05-29,400,118500,119500,120000,97173,118500
2006-05-30,803,117000,119000,120000,96766,120000
2006-05-31,478,118500,119500,120000,97173,118500
2006-06-01,56,116000,117500,119500,95547,116000
2006-06-02,198,113500,117000,119000,95140,119000
2006-06-05,1485,113500,115000,117500,93514,117500
2006-06-07,1804,108000,114500,115000,93107,115000
2006-06-08,1130,109000,113500,113500,92294,112000
2006-06-09,1442,109000,109000,112500,88635,112500
2006-06-12,820,106500,109000,110000,88635,110000
2006-06-13,488,105000,106500,109500,86602,109500
2006-06-14,407,103500,104500,106500,84975,106500
2006-06-15,1099,101000,104500,107000,84975,105000
2006-06-16,79573,101500,101500,104500,82536,104500
2006-06-19,1201,98500,99800,102500,81154,102500
2006-06-20,2063,95200,97000,99000,78877,98400
2006-06-21,12277,92100,96200,99000,78226,99000
2006-06-22,4702,94000,96300,99000,78307,99000
2006-06-23,1112,93700,96800,97800,78714,94500
2006-06-26,634,94500,94600,98300,76925,98300
2006-06-27,24950,92700,93800,93800,76275,93700
2006-06-28,2903,91000,93000,93700,75624,91900
2006-06-29,19032,92000,95900,96000,77982,93000
2006-06-30,13705,94700,97400,97400,79202,97000
2006-07-03,18478,95300,99100,99100,80584,95300
2006-07-04,7000,97400,99000,99200,80503,99200
2006-07-05,19600,98000,99500,100000,80910,100000
2006-07-06,12400,96200,100000,100000,81316,96200
2006-07-07,3000,97500,100000,100000,81316,97500
2006-07-10,2400,98000,99500,101000,80910,101000
2006-07-11,3900,98500,98500,100000,80096,99500
2006-07-12,6000,97600,97600,99900,79365,98600
2006-07-13,2700,97500,98500,98900,80096,97600
2006-07-14,1400,97100,99800,99800,81154,98500
2006-07-18,4000,97200,98500,99800,80096,99800
2006-07-19,3700,96700,99400,99500,80828,96700
2006-07-20,1600,98800,98800,105000,80340,99300
2006-07-21,3900,98000,98900,100000,80422,98800
2006-07-24,1466,96600,97900,98800,79609,98000
2006-07-25,1717,97000,98200,98800,79853,98200
2006-07-26,700,97200,97200,98200,79039,98200
2006-07-27,1700,95500,96200,96700,78226,96600
2006-07-28,20421,94600,95200,96000,77413,96000
2006-07-31,6630,94500,94900,95500,77169,94500
2006-08-01,15580,94500,95000,95800,77250,94500
2006-08-02,4148,94500,94500,95000,76844,94500
2006-08-03,585,94500,94500,95000,76844,95000
2006-08-04,6291,92100,93900,94900,76356,94500
2006-08-07,689,93200,93900,94400,76356,94400
2006-08-08,149,94100,94500,94500,76844,94300
2006-08-09,249,93700,94500,95000,76844,94500
2006-08-10,711,93800,94400,94900,76762,93800
2006-08-11,497,93300,94900,94900,77169,94400
2006-08-14,2229,94800,94800,96000,77088,95000
2006-08-16,3531,94800,95000,96000,77250,94800
2006-08-17,471,94100,94900,95000,77169,95000
2006-08-18,2402,93600,94900,95900,77169,95000
2006-08-21,2100,93800,95000,95000,77250,94900
2006-08-22,600,94300,94500,94900,76844,94900
2006-08-23,409,94500,94900,95000,77169,94500
2006-08-24,2668,94200,95000,95900,77250,94200
2006-08-25,2663,94600,96000,97000,78064,96000
2006-08-28,2189,94900,96600,96700,78551,96700
2006-08-29,28703,96500,98700,98700,80259,96600
2006-08-30,5375,99000,99500,103500,80910,99700
2006-08-31,2380,98100,103500,104000,84162,98100
2006-09-01,4423,100000,103000,104000,83756,103500
2006-09-04,4679,102000,103000,104500,83756,103500
2006-09-05,4844,103000,104000,105000,84569,103000
2006-09-06,7336,103000,103500,106500,84162,106500
2006-09-07,5013,102500,103000,105000,83756,103500
2006-09-08,13639,102500,102500,104500,83349,104500
2006-09-11,8180,102000,102500,103000,83349,102500
2006-09-12,9153,102000,102000,117500,82943,102500
2006-09-13,8701,101000,102000,106000,82943,102500
2006-09-14,2755,102000,105000,105000,85382,102000
2006-09-15,1084,101000,105000,105000,85382,101000
2006-09-18,8600,102000,107500,107500,87415,102000
2006-09-19,1867,104500,105500,111000,85789,107500
2006-09-20,2517,102000,103000,106000,83756,102000
2006-09-21,1917,103000,104000,108000,84569,103500
2006-09-22,542,103000,104500,105000,84975,104000
2006-09-25,1372,104000,107000,109000,87008,104500
2006-09-26,794,105500,107500,108000,87415,107000
2006-09-27,2274,106500,107500,109500,87415,106500
2006-09-28,440,106000,107000,107500,87008,107500
2006-09-29,19722,107000,109000,110500,88635,107000
2006-10-02,1430,106000,108000,108000,87822,107500
2006-10-04,2789,105000,106000,108000,86195,108000
2006-10-09,4522,101000,102000,106000,82943,106000
2006-10-10,3376,101000,101500,102000,82536,101000
2006-10-11,13197,100500,101500,102000,82536,101000
2006-10-12,23882,100500,103000,103000,83756,101000
2006-10-13,1759,101000,107000,107000,87008,103000
2006-10-16,844,103500,104000,105500,84569,103500
2006-10-17,1919,101000,104000,104000,84569,102500
2006-10-18,2484,103500,104000,104500,84569,104000
2006-10-19,4391,102000,106000,106000,86195,105000
2006-10-20,1042,104000,106000,107000,86195,107000
2006-10-23,3493,104000,105500,107000,85789,104000
2006-10-24,1637,104000,107000,107000,87008,104500
2006-10-25,365,105000,107000,108000,87008,105000
2006-10-26,1973,105000,107000,107500,87008,107000
2006-10-27,1924,105000,108000,108000,87822,107000
2006-10-30,11538,107500,109000,119000,88635,119000
2006-10-31,5936,108500,112000,113000,91074,108500
2006-11-01,4581,111500,116000,117000,94327,114000
2006-11-02,6232,113000,115000,115000,93514,114500
2006-11-03,1573,112000,115000,116000,93514,115000
2006-11-06,2542,114500,117000,119000,95140,119000
2006-11-07,1335,115500,117000,119000,95140,116500
2006-11-08,1637,114000,117000,117000,95140,117000
2006-11-09,1244,114500,116000,117000,94327,114500
2006-11-10,1008,113500,115500,117000,93920,117000
2006-11-13,631,112500,116000,117000,94327,112500
2006-11-14,700,114000,114000,119000,92701,119000
2006-11-15,1488,115000,116000,117000,94327,115000
2006-11-16,455,115500,117000,117000,95140,115500
2006-11-17,5761,115500,117500,120000,95547,115500
2006-11-20,22733,114500,115500,117500,93920,117500
2006-11-21,613,115500,116000,116500,94327,116500
2006-11-22,4663,115000,117000,118000,95140,115000
2006-11-23,4209,115000,116500,117000,94733,117000
2006-11-24,3529,115000,116500,117000,94733,117000
2006-11-27,815,115000,115500,116500,93920,116500
2006-11-28,1438,113000,113500,115500,92294,115500
2006-11-29,5212,113500,117000,122000,95140,114000
2006-11-30,21680,116000,119500,121000,97173,116000
2006-12-01,10241,119000,122000,122500,99206,119000
2006-12-04,66843,120500,121500,123500,98799,121000
2006-12-05,27664,121500,128000,130000,104085,123500
2006-12-06,4814,126000,127000,130000,103272,128000
2006-12-07,3287,126000,127000,130000,103272,130000
2006-12-08,1890,126000,127000,128500,103272,127000
2006-12-11,2500,126000,127000,127500,103272,127000
2006-12-12,998,125000,126500,127000,102865,127000
2006-12-13,6893,126000,126500,127500,102865,126500
2006-12-14,2510,125500,127500,128500,103678,126500
2006-12-15,3000,127000,128500,129500,104491,127000
2006-12-18,2002,127500,130000,130500,105711,128000
2006-12-19,2792,130000,132000,134000,107338,130000
2006-12-20,5336,132000,134000,136000,108964,132000
2006-12-21,1870,132000,133500,135000,108557,134000
2006-12-22,3512,129000,133000,133000,108151,129000
2006-12-26,3939,130000,134000,137000,108964,133000
2006-12-27,1591,130000,130500,138500,107117,138500
2006-12-28,13189,124500,132500,132500,108759,131000
2007-01-02,940,129000,132000,133000,108348,132500
2007-01-03,890,131000,133000,135500,109169,133000
2007-01-04,1470,130000,131000,133000,107527,133000
2007-01-05,1132,126000,128000,131000,105065,131000
2007-01-08,1567,127000,128000,129000,105065,129000
2007-01-09,11751,123500,126000,128000,103423,128000
2007-01-10,1481,123000,125000,126000,102603,126000
2007-01-11,4098,123000,125000,125500,102603,124000
2007-01-12,5354,123500,130000,130000,106707,125000
2007-01-15,1759,126000,129500,131500,106296,131500
2007-01-16,1451,126000,129000,129000,105886,129000
2007-01-17,3801,123500,126000,129500,103423,127000
2007-01-18,543,123000,124000,127000,101782,127000
2007-01-19,3774,119500,120500,124500,98909,123500
2007-01-22,3200,113000,116000,120000,95215,118500
2007-01-23,5048,111500,113000,117000,92753,115000
2007-01-24,2442,115000,119500,120000,98088,116000
2007-01-25,4634,117500,122000,123000,100140,123000
2007-01-26,3411,119000,124000,126000,101782,119000
2007-01-29,500,120000,124500,125500,102192,124000
2007-01-30,1614,119500,125000,126000,102603,120000
2007-01-31,1946,122500,125000,125000,102603,124500
2007-02-01,2334,122000,126500,127000,103834,125000
2007-02-02,795,124000,125500,127000,103013,126500
2007-02-05,1567,122000,129000,129000,105886,125500
2007-02-06,1480,126500,131500,131500,107938,127000
2007-02-07,977,127500,128500,130000,105475,129500
2007-02-08,619,126000,128500,130000,105475,130000
2007-02-09,12544,128500,132500,133000,108759,131000
2007-02-12,11501,132000,133000,136500,109169,132500
2007-02-13,2300,133000,135000,135500,110811,133000
2007-02-14,27646,132500,140000,144500,114915,135000
2007-02-15,10336,135000,143000,143000,117377,140000
2007-02-16,9539,139000,143000,145000,117377,143000
2007-02-20,1518,138500,140000,143000,114915,143000
2007-02-21,713,136500,139000,140000,114094,140000
2007-02-22,33842,133000,142000,144500,116557,135500
2007-02-23,3218,137500,144500,145000,118609,141000
2007-02-26,8966,140000,144500,146500,118609,143000
2007-02-27,1641,139500,145000,145000,119019,141500
2007-02-28,4634,140000,144500,146000,118609,143000
2007-03-01,0,144500,144500,144500,118609,144500
2007-03-05,4935,138000,141500,144500,116146,144500
2007-03-06,890,138000,140500,141000,115325,140000
2007-03-07,2115,140000,140000,143000,114915,143000
2007-03-08,3349,138500,140000,142000,114915,142000
2007-03-09,2672,136000,137000,141000,112452,140000
2007-03-12,3361,136000,139000,139000,114094,137500
2007-03-13,3862,135000,138500,140000,113684,140000
2007-03-14,1055,135000,137500,138000,112863,138000
2007-03-15,3869,134500,136500,137000,112042,135000
2007-03-16,6461,132000,132500,135500,108759,135500
2007-03-19,6559,127000,129500,132500,106296,132500
2007-03-20,5171,126500,129000,131000,105886,129000
2007-03-21,2341,129000,134500,135000,110400,129500
2007-03-22,1049,131500,133000,135000,109169,131500
2007-03-23,1058,131000,135000,135000,110811,131500
2007-03-26,1606,133000,136000,136000,111632,135000
2007-03-27,2320,132000,135000,136000,110811,136000
2007-03-28,8697,128000,135500,136000,111221,132500
2007-03-29,6324,131000,134500,135000,110400,134000
2007-03-30,53288,132000,137000,138000,112452,133000
2007-04-02,8369,139500,140000,142000,114915,139500
2007-04-03,21131,138500,140000,141500,114915,138500
2007-04-04,1294,138000,140500,140500,115325,140000
2007-04-05,3683,141000,144000,146000,118198,143000
2007-04-06,1764,144000,145000,146500,119019,144500
2007-04-09,3165,141500,151000,151000,123944,144000
2007-04-10,3142,145500,145500,150000,119429,150000
2007-04-11,3518,145500,149500,150000,122713,145500
2007-04-12,10831,147000,150000,150000,123123,149000
2007-04-13,5634,149000,153000,158500,125586,150000
2007-04-16,1368,150500,153000,155000,125586,153500
2007-04-17,4800,147500,148000,159000,121481,159000
2007-04-18,3930,146500,151000,152000,123944,146500
2007-04-19,2129,150000,152500,154000,125175,154000
2007-04-20,960,151000,154000,154000,126406,154000
2007-04-23,1602,153000,156500,158500,128458,154000
2007-04-24,4210,156500,164500,165000,135025,156500
2007-04-25,1557,163000,164000,169500,134615,164500
2007-04-26,2215,164500,169000,171000,138719,164500
2007-04-27,3482,165000,168000,170000,137898,169000
2007-04-30,1864,164000,164000,168000,134615,168000
2007-05-02,1063,160000,166000,166000,136256,164000
2007-05-03,1499,162000,162000,169000,132973,169000
2007-05-04,874,163500,164000,167500,134615,165000
2007-05-07,4348,166000,178000,178000,146106,166000
2007-05-08,2996,171500,176000,181000,144465,181000
2007-05-09,4476,171000,171500,176000,140771,172500
2007-05-10,4224,168000,171500,174000,140771,168000
2007-05-11,2340,168000,176000,177500,144465,169500
2007-05-14,7328,174000,175500,180000,144054,180000
2007-05-15,1807,170000,174000,175500,142823,175500
2007-05-16,5000,170000,175500,177000,144054,175000
2007-05-17,4042,169000,170500,175500,139950,175500
2007-05-18,8533,166500,174000,178000,142823,171000
2007-05-21,5394,170000,174000,179500,142823,171500
2007-05-22,4831,171500,174000,180000,142823,178000
2007-05-23,4553,170000,172000,178000,141181,173500
2007-05-25,8395,164500,178000,178000,146106,172000
2007-05-28,4047,172500,177000,178000,145285,178000
2007-05-29,7740,173000,177000,179000,145285,177500
2007-05-30,21323,174500,180000,200000,147748,181000
2007-05-31,19563,178000,199000,199000,163343,188000
2007-06-01,10866,190000,190000,203500,155956,199500
2007-06-04,11386,181000,187500,190000,153904,189000
2007-06-05,5876,180000,181500,187500,148979,187500
2007-06-07,6589,178000,179000,184000,146927,181500
2007-06-08,14486,172500,175000,179000,143644,177000
2007-06-11,9203,168000,169000,179500,138719,175000
2007-06-12,8955,166000,169000,171500,138719,171500
2007-06-13,5995,165000,165000,170000,135435,170000
2007-06-14,11249,165000,166500,169500,136667,165000
2007-06-15,6121,167000,171500,172000,140771,168000
2007-06-18,9675,173000,173000,175500,142002,175000
2007-06-19,5328,173000,176500,178000,144875,178000
2007-06-20,10631,168000,168000,179500,137898,177000
2007-06-21,4440,168500,174000,175500,142823,168500
2007-06-22,8300,174000,174500,177000,143233,177000
2007-06-25,4497,173000,175000,177000,143644,175000
2007-06-26,3292,170500,174500,176000,143233,176000
2007-06-27,2190,169000,171000,173000,140360,173000
2007-06-28,4731,171000,183000,183000,150210,171000
2007-06-29,5900,170500,170500,183500,139950,180000
2007-07-02,5942,169500,171500,176500,140771,172000
2007-07-03,3827,172000,177500,177500,145696,174000
2007-07-04,8468,177500,184000,184000,151031,178000
2007-07-05,17588,184000,189000,193000,155135,184500
2007-07-06,35475,190500,213000,213000,174835,190500
2007-07-09,10527,207500,215000,220000,176477,207500
2007-07-10,8675,208500,215000,220000,176477,215000
2007-07-11,13247,212000,215000,221000,176477,214500
2007-07-12,6874,210500,213000,218500,174835,212500
2007-07-13,8530,213000,216000,217000,177298,214000
2007-07-16,9644,218000,230000,233000,188789,219000
2007-07-18,21241,216000,234000,238000,192072,216000
2007-07-19,7170,226500,240000,240000,196997,235000
2007-07-20,12488,236000,240000,242000,196997,240000
2007-07-23,12535,230000,239500,240000,196587,240000
2007-07-24,8318,227000,239000,239500,196176,239500
2007-07-25,5989,214000,236000,239000,193714,239000
2007-07-26,13692,229000,231000,248000,189610,239000
2007-07-27,6657,217000,223000,229500,183043,223000
2007-07-30,8263,217000,225000,226500,184685,217000
2007-07-31,7343,222000,224500,225500,184275,223000
2007-08-01,6098,210000,215500,228500,176887,223000
2007-08-02,8512,212000,224000,225000,183864,212000
2007-08-03,5848,215500,233000,233500,191252,221500
2007-08-06,4086,218000,228000,230000,187147,230000
2007-08-07,5095,221000,233000,237000,191252,237000
2007-08-08,7163,229000,238000,238000,195356,233000
2007-08-09,3581,235500,240000,243000,196997,238000
2007-08-10,6905,221000,235000,240000,192893,231000
2007-08-13,10268,222000,233000,234000,191252,232000
2007-08-14,2532,227000,235500,236000,193304,234000
2007-08-16,6477,211000,235000,235500,192893,235500
2007-08-17,7491,218000,234000,235000,192072,235000
2007-08-20,11169,226000,240000,240000,196997,233500
2007-08-21,6891,235500,237500,241000,194945,241000
2007-08-22,14383,225000,229000,239000,187968,239000
2007-08-23,12085,226500,228000,231500,187147,230500
2007-08-24,7568,217500,220500,227000,180991,227000
2007-08-27,4782,218500,218500,224500,179350,224500
2007-08-28,5168,216500,218500,224500,179350,217000
2007-08-29,6938,215500,219500,223500,180170,216500
2007-08-30,4749,218000,219000,224000,179760,224000
2007-08-31,4076,216500,219000,222500,179760,216500
2007-09-03,5400,217500,219000,221500,179760,220500
2007-09-04,12233,213000,213500,219000,175245,219000
2007-09-05,3154,213000,215500,217000,176887,216000
2007-09-06,4583,211000,214500,218500,176066,218000
2007-09-07,9276,210000,212500,215500,174425,212500
2007-09-10,3300,204500,205500,210000,168679,209500
2007-09-11,3925,200500,210000,210000,172373,204500
2007-09-12,2834,205000,213000,213000,174835,211000
2007-09-13,3458,208000,217500,217500,178529,210000
2007-09-14,4549,212500,218000,218000,178939,214500
2007-09-17,6600,211500,213000,218000,174835,218000
2007-09-18,5530,205000,205000,212000,168268,212000
2007-09-19,9485,203500,205500,209000,168679,208500
2007-09-20,7431,203000,204500,207000,167858,205000
2007-09-21,7974,200000,203500,203500,167037,201500
2007-09-27,8404,202000,202000,209000,165806,203500
2007-09-28,4571,199500,203500,203500,167037,202500
2007-10-01,7500,199000,199000,203500,163343,203500
2007-10-02,11367,200000,212000,212000,174014,201000
2007-10-04,10900,210000,215000,218500,176477,212000
2007-10-05,5178,208000,212000,213000,174014,213000
2007-10-08,6185,206500,212000,214500,174014,214500
2007-10-09,6489,204500,209000,212500,171552,212000
2007-10-10,3979,205000,209000,209500,171552,207000
2007-10-11,3644,208500,208500,214500,171141,214500
2007-10-12,9981,199000,200000,208500,164164,207000
2007-10-15,7392,195000,195000,203000,160060,203000
2007-10-16,9966,194000,200000,201000,164164,195000
2007-10-17,7869,194000,198500,204000,162933,196000
2007-10-18,7149,196000,198500,201000,162933,196000
2007-10-19,4774,193000,199500,201000,163754,198500
2007-10-22,14575,190500,196000,201500,160881,192000
2007-10-23,10730,194500,200000,201000,164164,196500
2007-10-24,11953,200000,204000,207000,167448,200000
2007-10-25,25239,196500,199000,215000,163343,206500
2007-10-26,37493,189000,200000,203500,164164,200000
2007-10-29,7392,193000,199500,200000,163754,200000
2007-10-30,7832,194000,195000,201500,160060,201500
2007-10-31,16100,194000,196000,200000,160881,195500
2007-11-01,11637,196000,198500,201000,162933,200000
2007-11-02,7500,192000,198500,198500,162933,195000
2007-11-05,12868,187500,189500,198500,155546,198500
2007-11-06,63283,183500,185500,191500,152262,187500
2007-11-07,19400,184000,184500,190000,151442,186000
2007-11-08,12003,173000,181000,183000,148569,183000
2007-11-09,9700,176000,183000,183000,150210,180000
2007-11-12,13672,174000,174000,188000,142823,186500
2007-11-13,24663,173000,180000,184000,147748,179000
2007-11-14,29483,176500,182000,183500,149389,181000
2007-11-15,53629,181500,183500,190000,150621,182000
2007-11-16,58229,177500,195000,199500,160060,183500
2007-11-19,4879,193500,197000,198500,161702,198500
2007-11-20,8915,193000,197000,198000,161702,195000
2007-11-21,12858,192500,198000,201000,162523,196000
2007-11-22,6257,193000,198000,199000,162523,193000
2007-11-23,5845,189500,196000,200000,160881,200000
2007-11-26,6200,191000,198000,198000,162523,192500
2007-11-27,3646,192000,196000,196000,160881,193000
2007-11-28,8100,192500,202000,203500,165806,193500
2007-11-29,4900,198500,205000,205000,168268,202000
2007-11-30,6181,201000,201000,205500,164985,202500
2007-12-03,4156,200000,204500,206500,167858,202500
2007-12-04,3264,200000,201000,205500,164985,205000
2007-12-05,4717,191000,200000,200000,164164,197000
2007-12-06,6555,195500,200000,201000,164164,200000
2007-12-07,2308,196500,196500,200000,161291,200000
2007-12-10,3910,191000,194000,196500,159239,196500
2007-12-11,13796,193500,196500,201000,161291,195000
2007-12-12,9221,190000,200000,201000,164164,196000
2007-12-13,7400,195000,199000,202500,163343,202500
2007-12-14,11981,196500,200500,201500,164575,201000
2007-12-17,10475,195500,196000,200500,160881,200500
2007-12-18,10600,187500,194000,196000,159239,196000
2007-12-20,5270,188000,188500,194000,154725,194000
2007-12-21,3188,187500,188500,190000,154725,190000
2007-12-24,3700,187000,188000,189000,154314,189000
2007-12-26,4600,183000,183000,189000,150210,188000
2007-12-27,2867,182000,195000,195000,161383,182000
2007-12-28,7073,185000,200000,200000,165521,195000
2008-01-02,1144,192500,196000,200000,162211,200000
2008-01-03,2828,189000,195000,195000,161383,193000
2008-01-04,2920,191500,194000,198500,160555,198500
2008-01-07,1758,189000,190500,193000,157659,189000
2008-01-08,831,189000,190500,192500,157659,190500
2008-01-09,33265,187500,188500,191000,156004,188000
2008-01-10,4295,183500,183500,192000,151866,191000
2008-01-11,6440,177500,182500,186000,151038,183500
2008-01-14,986,179500,181000,182500,149796,182500
2008-01-15,5729,181000,184000,186500,152279,182000
2008-01-16,2981,178000,183000,185500,151452,180000
2008-01-17,4018,179000,194000,194500,160555,184000
2008-01-18,3815,187000,193500,193500,160142,192500
2008-01-21,3239,188000,190000,193500,157245,193500
2008-01-22,3113,179000,190000,190000,157245,183000
2008-01-23,6231,184000,185000,192000,153107,192000
2008-01-24,7209,181500,188000,192500,155590,183500
2008-01-25,9672,185000,191000,193000,158073,185000
2008-01-28,1451,186500,188000,188500,155590,187000
2008-01-29,8907,187000,195500,200000,161797,187000
2008-01-30,7100,196000,199000,202000,164693,198000
2008-01-31,2710,193000,200000,200000,165521,196000
2008-02-01,2641,198000,201500,202000,166762,202000
2008-02-04,2377,199500,202000,203000,167176,201500
2008-02-05,9458,201500,209000,212000,172970,202000
2008-02-11,8469,204000,207500,211500,171728,209000
2008-02-12,2211,203000,209000,211500,172970,209000
2008-02-13,1643,206500,206500,211500,170900,211500
2008-02-14,5593,203000,210000,211500,173797,211000
2008-02-15,3311,206500,214000,214000,177108,210000
2008-02-18,3058,213500,214500,218500,177521,213500
2008-02-19,12496,205000,214500,218000,177521,218000
2008-02-20,3648,209500,213500,215000,176694,215000
2008-02-21,2219,210000,211000,217000,174625,214500
2008-02-22,1214,208000,214000,214500,177108,208000
2008-02-25,1393,208500,209500,212000,173383,210500
2008-02-26,7949,204500,205000,221500,169659,211000
2008-02-27,3065,202000,213000,213000,176280,204500
2008-02-28,6088,209000,215000,218000,177935,209500
2008-02-29,2547,205500,211000,215000,174625,215000
2008-03-03,7351,201500,214500,214500,177521,205000
2008-03-04,1352,210500,210500,215000,174211,215000
2008-03-05,2839,205000,205000,211500,169659,211500
2008-03-06,1653,204500,205500,209000,170073,204500
2008-03-07,3018,198000,198000,205500,163866,205000
2008-03-10,2282,191000,191000,198000,158073,195000
2008-03-11,2648,188000,190500,193500,157659,190500
2008-03-12,6704,186000,186000,196000,153935,195000
2008-03-13,8396,182000,183500,188500,151866,184500
2008-03-14,15868,175000,176500,184000,146072,183500
2008-03-17,3813,170000,171500,176000,141934,173000
2008-03-18,4451,168000,168500,173000,139451,172500
2008-03-19,3794,169000,171000,173500,141520,171500
2008-03-20,6364,164500,167500,170000,138624,170000
2008-03-21,5624,164500,170000,170000,140693,167500
2008-03-24,5013,167000,170000,171500,140693,169500
2008-03-25,5183,169000,170500,171500,141107,171500
2008-03-26,1842,169000,169000,172000,139865,170500
2008-03-27,7480,164500,165000,169000,136555,169000
2008-03-28,21499,156000,157000,166000,129934,164000
2008-03-31,7123,156000,157000,158500,129934,158000
2008-04-01,15951,154500,157000,158000,129934,158000
2008-04-02,9462,154500,154500,159500,127865,158000
2008-04-03,20641,162000,164000,167500,135727,166000
2008-04-04,20239,160500,164000,166500,135727,164000
2008-04-07,19208,164000,169500,169500,140279,164500
2008-04-08,31050,166500,168500,171000,139451,169500
2008-04-10,4827,166000,168500,169000,139451,168500
2008-04-11,6091,166000,170500,175000,141107,168500
2008-04-14,9408,169000,172500,174000,142762,169000
2008-04-15,47929,169500,172500,175000,142762,172500
2008-04-16,16692,171500,172000,174000,142348,172500
2008-04-17,11041,168500,172000,173000,142348,172000
2008-04-18,26471,171000,172500,174500,142762,172000
2008-04-21,10463,172500,173000,176500,143176,172500
2008-04-22,13225,174000,177000,178000,146486,175000
2008-04-23,13477,180000,186000,188500,153935,180000
2008-04-24,15679,181500,184000,192000,152279,185000
2008-04-25,13068,183000,194500,194500,160969,184500
2008-04-28,7402,189500,191500,194000,158486,194000
2008-04-29,9938,188000,191500,194000,158486,189500
2008-04-30,3498,188500,192000,193000,158900,191500
2008-05-01,0,192000,192000,192000,158900,192000
2008-05-02,8437,189000,189000,197000,156417,195000
2008-05-05,0,189000,189000,189000,156417,189000
2008-05-06,4958,188000,191000,193000,158073,189500
2008-05-07,10279,190000,191000,196500,158073,196500
2008-05-08,7351,188500,188500,191000,156004,191000
2008-05-09,6565,183000,187000,190000,154762,190000
2008-05-12,0,187000,187000,187000,154762,187000
2008-05-13,1630,184500,187000,188500,154762,187500
2008-05-14,7132,186000,188000,193000,155590,189500
2008-05-15,4116,187000,192500,193000,159314,190000
2008-05-16,3085,190000,193500,196500,160142,196500
2008-05-19,3927,191000,191500,198500,158486,195500
2008-05-20,2512,186500,194500,195000,160969,190000
2008-05-21,652,187500,190000,194000,157245,194000
2008-05-22,1605,190000,194000,194500,160555,191500
2008-05-23,2184,191000,194000,197500,160555,196000
2008-05-26,1080,193500,196500,196500,162624,193500
2008-05-27,2868,197000,198000,199500,163866,197000
2008-05-28,4277,194000,195500,203000,161797,198500
2008-05-29,4728,196000,201500,203500,166762,196000
2008-05-30,3697,198500,210000,210000,173797,199500
2008-06-02,2643,204000,211500,211500,175039,209000
2008-06-03,4070,207000,219000,219000,181246,207000
2008-06-04,14942,210000,210000,219000,173797,219000
2008-06-05,4599,199500,201500,208000,166762,208000
2008-06-06,0,201500,201500,201500,166762,201500
2008-06-09,4365,194000,198000,201500,163866,194000
2008-06-10,4383,189000,196000,197500,162211,196000
2008-06-11,2475,193000,194000,200000,160555,196000
2008-06-12,1824,188000,192500,194000,159314,191000
2008-06-13,970,189500,193000,193500,159728,192500
2008-06-16,1523,190500,195000,198000,161383,195000
2008-06-17,1517,193500,194500,197500,160969,193500
2008-06-18,1685,195500,197500,200000,163452,199500
2008-06-19,1055,193500,196500,199500,162624,197500
2008-06-20,1658,198500,200000,205500,165521,199000
2008-06-23,2063,197000,203500,204000,168418,201000
2008-06-24,2271,195500,195500,205000,161797,205000
2008-06-25,989,193500,197500,199000,163452,193500
2008-06-26,750,196000,198500,200000,164280,197000
2008-06-27,2589,192000,201000,202000,166349,199000
2008-06-30,913,200000,202500,204000,167590,200000
2008-07-01,1246,197000,198000,204500,163866,204500
2008-07-02,2614,192000,196000,198500,162211,195000
2008-07-03,22253,183500,185000,192000,153107,191500
2008-07-04,5766,171000,174500,185000,144417,184000
2008-07-07,3492,168000,170000,172500,140693,170000
2008-07-08,8958,160500,168500,174500,139451,170500
2008-07-09,7537,166000,167000,174500,138210,174500
2008-07-10,14340,165500,172500,175500,142762,166500
2008-07-11,6832,166500,170000,172500,140693,172500
2008-07-14,4472,165500,168000,169500,139038,168000
2008-07-15,5433,166500,169000,170000,139865,169500
2008-07-16,7138,164500,169000,171000,139865,169500
2008-07-17,1812,167500,169000,174500,139865,174500
2008-07-18,3724,163500,163500,170500,135313,170000
2008-07-21,6988,161500,161500,165000,133658,163500
2008-07-22,5386,161000,161500,164000,133658,162500
2008-07-23,19524,162000,165500,166000,136969,162000
2008-07-24,2386,164500,167000,170000,138210,165500
2008-07-25,2636,165000,168500,168500,139451,166000
2008-07-28,4040,166000,167000,172500,138210,172500
2008-07-29,2572,162500,166000,167000,137382,167000
2008-07-30,3382,164000,165000,167000,136555,166500
2008-07-31,15502,163500,189500,189500,156831,164500
2008-08-01,12264,168000,168000,177000,139038,176500
2008-08-04,2810,162000,164500,168500,136141,168500
2008-08-05,13246,161500,161500,164500,133658,164000
2008-08-06,1679,162000,164000,164500,135727,163000
2008-08-07,2032,163000,163000,164000,134900,164000
2008-08-08,4294,160500,161500,164500,133658,162000
2008-08-11,2854,161500,161500,163500,133658,162500
2008-08-12,4461,158000,158000,163000,130762,161000
2008-08-13,14245,158000,158500,161000,131175,158000
2008-08-14,10706,156500,158500,163000,131175,158500
2008-08-15,0,158500,158500,158500,131175,158500
2008-08-18,5860,156000,156500,158500,129520,157500
2008-08-19,6468,154500,155000,156000,128279,156000
2008-08-20,2190,154000,156000,156500,129106,155000
2008-08-21,3272,156000,157500,159500,130348,156000
2008-08-22,1787,156000,157500,159000,130348,159000
2008-08-25,1765,157000,158500,159500,131175,159000
2008-08-26,929,156500,158500,159000,131175,156500
2008-08-27,3940,157500,164500,164500,136141,158500
2008-08-28,3695,163500,168500,168500,139451,164500
2008-08-29,2434,165000,174000,174000,144003,170000
2008-09-01,1813,167500,169000,173500,139865,173500
2008-09-02,3920,161000,166000,167500,137382,161000
2008-09-03,1613,163500,164500,166500,136141,163500
2008-09-04,3146,161000,163000,171000,134900,162000
2008-09-05,1561,163000,165500,167500,136969,163000
2008-09-08,1708,164500,168000,170000,139038,165500
2008-09-09,2214,165500,169000,170500,139865,170000
2008-09-10,3581,162500,162500,167000,134486,164500
2008-09-11,4617,158000,158000,163500,130762,162000
2008-09-12,12596,155500,157000,159500,129934,159500
2008-09-15,0,157000,157000,157000,129934,157000
2008-09-16,12308,142500,144500,153500,119589,153000
2008-09-17,8712,144000,147000,149000,121658,145000
2008-09-18,3,134500,137000,144500,113382,144500
2008-09-19,25249,134000,137000,141000,113382,141000
2008-09-22,12255,138000,147000,149500,121658,140500
2008-09-23,18275,148000,156000,161500,129106,148000
2008-09-24,10785,154500,156000,158500,129106,156000
2008-09-25,4031,150000,156000,157500,129106,155500
2008-09-26,3501,152500,155000,157000,128279,157000
2008-09-29,6338,151000,153500,159000,127037,155000
2008-09-30,7264,146000,152500,158000,126210,148500
2008-10-01,5640,150500,152000,158000,125796,154500
2008-10-02,8012,148500,151000,154500,124968,154500
2008-10-03,0,151000,151000,151000,124968,151000
2008-10-06,5187,138500,141500,150000,117106,150000
2008-10-07,9415,134500,135500,141000,112140,138000
2008-10-08,24364,115500,116000,131000,96002,131000
2008-10-09,9183,110500,116000,120000,96002,116500
2008-10-10,4881,105000,112500,119000,93105,111500
2008-10-13,7801,115500,127000,129000,105106,119000
2008-10-14,9943,125000,127000,135000,105106,135000
2008-10-15,4382,120500,120500,126500,99726,124000
2008-10-16,9710,111000,115000,119500,95174,112500
2008-10-17,6688,106500,111000,119000,91864,118000
2008-10-20,15641,101500,103000,112500,85243,110000
2008-10-21,12626,103000,104000,109000,86071,103000
2008-10-22,15655,101500,105500,106500,87312,105500
2008-10-23,6132,99700,105500,105500,87312,103500
2008-10-24,19085,99500,99500,108000,82346,108000
2008-10-27,8008,93000,103000,107000,85243,93000
2008-10-28,10116,98500,112000,114500,92692,98500
2008-10-29,3981,107000,109500,118000,90623,118000
2008-10-30,11354,109000,117000,120000,96830,112500
2008-10-31,16138,111500,125000,125000,103450,117500
2008-11-03,13676,119500,119500,126000,98899,125000
2008-11-04,13420,113500,120000,123000,99312,120000
2008-11-05,5828,121000,122000,125000,100968,124500
2008-11-06,8746,116000,120000,121500,99312,116000
2008-11-07,7631,116000,124000,125000,102623,118000
2008-11-10,1607,124500,126500,127500,104692,127500
2008-11-11,2885,124500,128000,129000,105933,128500
2008-11-12,3374,122000,128000,128500,105933,124500
2008-11-13,6200,123000,133500,133500,110485,128000
2008-11-14,3853,128000,128000,134500,105933,133500
2008-11-17,3032,124500,130000,132000,107589,127500
2008-11-18,2235,128500,131000,132000,108416,131500
2008-11-19,2699,128500,131000,132500,108416,129500
2008-11-20,3023,126500,131000,131000,108416,128500
2008-11-21,2962,127000,128000,129500,105933,129000
2008-11-24,2237,126000,130000,131000,107589,126000
2008-11-25,835,130500,132500,133000,109658,130500
2008-11-26,1851,129500,131500,132000,108830,132000
2008-11-27,1418,131500,132000,132500,109244,132000
2008-11-28,3984,129500,129500,133000,107175,131500
2008-12-01,4386,126500,127000,131000,105106,130000
2008-12-02,6698,122500,130500,131000,108002,122500
2008-12-03,2497,128000,130500,133000,108002,132000
2008-12-04,1643,128000,130000,130500,107589,130000
2008-12-05,2966,128500,131500,133000,108830,128500
2008-12-08,4215,131000,132000,135000,109244,131500
2008-12-09,1213,130000,131500,134000,108830,132000
2008-12-10,2003,130000,132500,135000,109658,130000
2008-12-11,2582,131000,135000,135000,111727,132500
2008-12-12,7321,128000,138000,139000,114209,134500
2008-12-15,4512,135000,138000,140500,114209,136000
2008-12-16,1057,135500,139000,140000,115037,135500
2008-12-17,3219,138500,139000,142000,115037,141500
2008-12-18,4144,135000,145000,145000,120003,139000
2008-12-19,7620,139500,143500,146000,118761,144000
2008-12-22,2987,141000,142500,146500,117934,141500
2008-12-23,4968,141500,148000,150000,122485,143500
2008-12-24,3347,146000,149000,150500,123313,146000
2008-12-25,0,149000,149000,149000,123313,149000
2008-12-26,3394,147000,147000,150000,121658,147000
2008-12-29,5935,144500,145000,150000,121240,147500
2008-12-30,9844,145500,157000,157000,131273,145500
2008-12-31,0,157000,157000,157000,131273,157000
2009-01-02,3783,144500,144500,157000,120822,157000
2009-01-05,6618,138500,139000,145000,116223,144500
2009-01-06,6232,136000,137000,139000,114551,138000
2009-01-07,3102,135000,137000,139500,114551,139000
2009-01-08,2307,133500,136500,139000,114133,138000
2009-01-09,2350,132500,134000,137000,112042,136500
2009-01-12,5299,129500,130000,133500,108698,132000
2009-01-13,5237,126000,129500,129500,108280,129500
2009-01-14,4391,127500,128500,131000,107443,131000
2009-01-15,3788,126000,126500,131000,105771,126000
2009-01-16,3539,124500,127500,128000,106607,128000
2009-01-19,4750,125000,126000,129500,105353,127500
2009-01-20,5130,123000,123500,126000,103263,126000
2009-01-21,4397,120500,122000,124500,102009,123000
2009-01-22,3587,120000,123000,123500,102845,122000
2009-01-23,2617,120000,121000,122000,101172,121500
2009-01-28,2401,120500,126000,126500,105353,121000
2009-01-29,5782,119500,119500,126000,99918,126000
2009-01-30,2254,118000,120000,121500,100336,120000
2009-02-02,7444,119000,119500,120500,99918,120000
2009-02-03,906,118500,120000,120500,100336,120500
2009-02-04,3528,119500,121000,121500,101172,120000
2009-02-05,1792,119500,119500,121000,99918,120000
2009-02-06,3000,119500,121000,121500,101172,119500
2009-02-09,2781,118500,119500,121000,99918,120500
2009-02-10,2218,119000,120000,120000,100336,119000
2009-02-11,1947,117500,119000,119000,99500,119000
2009-02-12,2076,116500,117000,119500,97828,118500
2009-02-13,1423,116000,118000,119000,98664,119000
2009-02-16,4278,117000,122500,124500,102427,118500
2009-02-17,7336,120500,124500,129000,104099,121000
2009-02-18,3566,119500,119500,126000,99918,125500
2009-02-19,4809,115500,116000,120500,96992,120500
2009-02-20,2709,112500,114000,116500,95319,116000
2009-02-23,694,112000,115500,115500,96574,112000
2009-02-24,1047,111000,111000,114500,92811,113500
2009-02-25,1262,109000,111000,116000,92811,112000
2009-02-26,751,110000,110000,114000,91975,114000
2009-02-27,2456,108000,108500,113500,90721,110000
2009-03-02,1199,105000,108000,109500,90303,108500
2009-03-03,656,103000,108000,110000,90303,110000
2009-03-04,2394,107000,107500,112000,89885,109000
2009-03-05,990,106000,107500,110000,89885,108000
2009-03-06,1065,104000,109500,109500,91557,106000
2009-03-09,690,107500,108000,110000,90303,109500
2009-03-10,1389,106500,108000,109500,90303,106500
2009-03-11,7697,108000,109500,111000,91557,110000
2009-03-12,4061,108500,109000,110500,91139,108500
2009-03-13,3860,108500,109500,111000,91557,110000
2009-03-16,3933,108500,110000,110000,91975,110000
2009-03-17,12251,109500,110500,111500,92393,109500
2009-03-18,16105,110500,111500,112000,93229,110500
2009-03-19,7393,111500,113000,113500,94483,112500
2009-03-20,8264,112000,112000,114000,93647,113500
2009-03-23,232,112000,112000,113000,93647,112000
2009-03-24,14464,113000,115000,117000,96156,114000
2009-03-25,11018,114000,116000,116500,96992,115500
2009-03-26,6478,114500,116000,117000,96992,116000
2009-03-27,8191,112000,115000,117000,96156,117000
2009-03-30,6927,113000,115000,115000,96156,115000
2009-03-31,6546,113500,114500,116500,95738,114000
2009-04-01,12746,111000,111500,116000,93229,114500
2009-04-02,12660,112500,115000,116000,96156,112500
2009-04-03,15019,113500,119000,119500,99500,117500
2009-04-06,7328,118500,121000,122000,101172,119000
2009-04-07,8540,118500,119000,122500,99500,122500
2009-04-08,5219,116000,116000,119000,96992,119000
2009-04-09,9130,115500,120000,120500,100336,116000
2009-04-10,15999,121000,127500,127500,106607,121000
2009-04-13,6928,125000,126500,129500,105771,127500
2009-04-14,3820,123500,124000,129000,103681,129000
2009-04-15,17953,121500,124000,129000,103681,125500
2009-04-16,40012,125000,137000,138000,114551,126000
2009-04-17,23233,133000,138000,139000,115387,135000
2009-04-20,11484,131000,131500,138000,109952,138000
2009-04-21,9000,127500,132500,137000,110788,127500
2009-04-22,9548,130500,132500,141500,110788,136000
2009-04-23,7184,132000,133500,136000,111624,133000
2009-04-24,8290,130000,130000,134500,108698,132000
2009-04-27,5458,129000,131000,132500,109534,131500
2009-04-28,8467,125500,129500,132500,108280,129500
2009-04-29,9067,127000,131000,131000,109534,129000
2009-04-30,10616,129000,129000,132500,107862,131000
2009-05-04,9513,126000,128000,134000,107025,129000
2009-05-06,15038,124000,125000,128500,104517,128000
2009-05-07,10267,124500,125000,128000,104517,125500
2009-05-08,27881,126000,127500,130000,106607,126500
2009-05-11,24225,130000,133000,136000,111206,130500
2009-05-12,19138,132500,134500,136000,112460,134500
2009-05-13,26376,134500,140000,143500,117059,134500
2009-05-14,9313,131000,133000,140000,111206,136500
2009-05-15,9738,132500,133000,138000,111206,135000
2009-05-18,13114,127000,128500,134500,107443,133000
2009-05-19,11428,128000,130000,132500,108698,131000
2009-05-20,16655,125000,127000,130500,106189,129000
2009-05-21,14181,122500,124500,128500,104099,127000
2009-05-22,13670,123000,123000,126000,102845,124500
2009-05-25,14978,121000,125000,129000,104517,122000
2009-05-26,7507,121500,122000,128000,102009,128000
2009-05-27,10638,119500,119500,125000,99918,125000
2009-05-28,14444,116000,121500,123000,101590,119500
2009-05-29,12291,121000,126500,129000,105771,121000
2009-06-01,8156,123500,126500,130500,105771,126500
2009-06-02,7022,126000,127000,129500,106189,129500
2009-06-03,10712,124000,131500,133000,109952,128000
2009-06-04,6770,125500,126000,131500,105353,131000
2009-06-05,8179,126500,129500,130000,108280,130000
2009-06-08,4633,128000,129000,131000,107862,129500
2009-06-09,3038,124500,126000,130000,105353,127500
2009-06-10,6592,124500,127500,129000,106607,124500
2009-06-11,6200,125500,129500,130000,108280,127500
2009-06-12,9079,128500,130500,132000,109116,132000
2009-06-15,3450,129000,129000,131000,107862,131000
2009-06-16,2936,127000,129000,131500,107862,128000
2009-06-17,3717,126500,129000,130500,107862,130000
2009-06-18,3727,125000,125500,130000,104935,129500
2009-06-19,4246,124000,124500,126500,104099,125500
2009-06-22,5237,124500,125000,128000,104517,126500
2009-06-23,3463,123000,125000,126000,104517,125000
2009-06-24,956,122000,123000,126000,102845,125000
2009-06-25,2710,122000,127000,127000,106189,122500
2009-06-26,1821,125000,128500,129000,107443,127000
2009-06-29,1490,126000,126500,128500,105771,126000
2009-06-30,4699,123500,123500,126500,103263,125500
2009-07-01,2343,123000,123500,125500,103263,123500
2009-07-02,2036,123500,125000,125500,104517,123500
2009-07-03,3188,123500,126500,126500,105771,123500
2009-07-06,4805,124000,124000,127000,103681,126500
2009-07-07,3859,122500,123500,124000,103263,124000
2009-07-08,2840,121500,122000,123500,102009,123500
2009-07-09,3636,121500,121500,123500,101590,123000
2009-07-10,2187,120000,121000,123500,101172,123500
2009-07-13,4842,115500,116500,121000,97410,121000
2009-07-14,3173,116500,117000,119000,97828,117000
2009-07-15,3354,117000,119000,119000,99500,117500
2009-07-16,15010,116500,116500,120000,97410,119500
2009-07-17,3302,116000,117000,118500,97828,116500
2009-07-20,3668,117000,117500,119500,98246,118000
2009-07-21,11673,116000,116500,119000,97410,119000
2009-07-22,8652,114000,116000,117500,96992,117500
2009-07-23,6262,116500,117500,118500,98246,117000
2009-07-24,15641,117000,119000,120000,99500,119000
2009-07-27,23998,116500,119000,120000,99500,119000
2009-07-28,14533,116500,118000,119000,98664,118000
2009-07-29,5253,117000,117500,118000,98246,117000
2009-07-30,6010,117000,117500,118500,98246,118000
2009-07-31,4344,118000,119000,119000,99500,118000
2009-08-03,5827,119000,121000,122000,101172,119000
2009-08-04,5124,119500,120500,122500,100754,121000
2009-08-05,6428,119500,121000,122500,101172,120500
2009-08-06,8478,119500,122500,122500,102427,120000
2009-08-07,7068,120500,122000,123500,102009,122500
2009-08-10,7827,120000,122000,122500,102009,122000
2009-08-11,5944,120500,122500,122500,102427,122000
2009-08-12,14430,118500,122000,122500,102009,122500
2009-08-13,5127,120500,122000,122500,102009,122000
2009-08-14,2357,121000,122000,122000,102009,121000
2009-08-17,6480,119500,120500,122000,100754,122000
2009-08-18,2982,120000,120500,121000,100754,121000
2009-08-19,1792,120000,120500,122500,100754,120000
2009-08-20,11191,120500,124500,124500,104099,120500
2009-08-21,7383,123500,124000,127000,103681,125000
2009-08-24,3330,122000,125500,126000,104935,123000
2009-08-25,2306,123000,123000,125500,102845,125500
2009-08-26,3348,122000,124500,125000,104099,124000
2009-08-27,4483,124500,126500,126500,105771,124500
2009-08-28,4627,126500,127000,127000,106189,126500
2009-08-31,3629,126000,128000,129000,107025,127000
2009-09-01,4296,127000,129000,129500,107862,127000
2009-09-02,3978,125500,125500,129500,104935,128500
2009-09-03,2443,124500,124500,126000,104099,125500
2009-09-04,4225,123500,128500,129500,107443,124500
2009-09-07,3099,126500,127000,129500,106189,128000
2009-09-08,2090,125000,128000,128500,107025,128500
2009-09-09,2303,125000,126500,128000,105771,128000
2009-09-10,3371,124500,127500,128000,106607,126000
2009-09-11,16582,125000,127500,137500,106607,126500
2009-09-14,8348,126500,128000,130000,107025,129000
2009-09-15,3983,128000,131000,131000,109534,129500
2009-09-16,7812,127000,134500,134500,112460,131500
2009-09-17,5024,132000,132500,137000,110788,134500
2009-09-18,15230,131500,138000,139500,115387,133500
2009-09-21,5918,137000,139500,141000,116641,140000
2009-09-22,10329,138500,140000,142500,117059,139500
2009-09-23,39626,140500,147000,158000,122912,142500
2009-09-24,18394,142500,143500,152500,119986,147500
2009-09-25,26954,143000,144000,156000,120404,145000
2009-09-28,9518,142000,148000,149500,123748,146000
2009-09-29,2658,144500,146500,149500,122494,146500
2009-09-30,8169,144000,145500,147500,121658,145000
2009-10-01,50358,137500,144500,152000,120822,144000
2009-10-05,8846,137500,138500,144500,115805,144500
2009-10-06,3939,135500,135500,139500,113296,139500
2009-10-07,8708,130500,134000,137000,112042,135500
2009-10-08,4561,131000,133500,136000,111624,136000
2009-10-09,3633,132000,138500,139500,115805,135500
2009-10-12,1239,135000,135500,141500,113296,138500
2009-10-13,1389,133000,133500,137000,111624,136500
2009-10-14,5298,133500,133500,139000,111624,134500
2009-10-15,4157,132500,133500,134500,111624,134500
2009-10-16,4089,132500,134000,135500,112042,134500
2009-10-19,1176,132500,134000,135000,112042,133000
2009-10-20,2596,132500,135000,137000,112878,135000
2009-10-21,3323,133500,136500,137500,114133,136000
2009-10-22,2848,134500,136500,137000,114133,136500
2009-10-23,1863,136500,137500,138000,114969,137000
2009-10-26,1707,135000,136000,138500,113715,138500
2009-10-27,13509,131500,133000,136000,111206,134500
2009-10-28,4345,128500,129000,133000,107862,131500
2009-10-29,18894,125000,128000,128000,107025,128000
2009-10-30,7231,126000,126000,131000,105353,128000
2009-11-02,5429,123000,127500,128000,106607,125000
2009-11-03,3968,124000,126000,127500,105353,127500
2009-11-04,2178,124500,127500,127500,106607,124500
2009-11-05,4329,124000,124000,128500,103681,128000
2009-11-06,2746,123000,123000,126000,102845,126000
2009-11-09,3835,121500,121500,124500,101590,124000
2009-11-10,16734,118500,119000,123000,99500,123000
2009-11-11,6118,118500,119000,120500,99500,119000
2009-11-12,7084,118000,118500,120500,99082,120000
2009-11-13,6944,117000,120500,120500,100754,119500
2009-11-16,14068,121500,124000,126000,103681,121500
2009-11-17,2509,122000,123000,124500,102845,122500
2009-11-18,3591,122500,122500,124500,102427,122500
2009-11-19,4745,120000,122000,123500,102009,122000
2009-11-20,3259,120000,122500,122500,102427,122500
2009-11-23,18246,117000,117500,122500,98246,121000
2009-11-24,3572,115000,115500,118500,96574,118500
2009-11-25,14215,114000,116000,118000,96992,115500
2009-11-26,6852,113000,114000,117500,95319,117500
2009-11-27,5864,106000,106000,113000,88630,112000
2009-11-30,6325,106000,106500,109500,89048,109000
2009-12-01,6290,104500,107000,107500,89466,107000
2009-12-02,4804,106000,107000,108500,89466,107000
2009-12-03,6204,105500,107500,108000,89885,107000
2009-12-04,6413,106500,110000,110500,91975,108000
2009-12-07,8112,108000,110000,111000,91975,111000
2009-12-08,7657,107500,108500,110000,90721,110000
2009-12-09,9288,106500,107500,108000,89885,108000
2009-12-10,8494,106500,106500,108500,89048,107500
2009-12-11,13204,106500,111500,111500,93229,106500
2009-12-14,8133,110000,112000,113000,93647,113000
2009-12-15,6413,110500,113000,113000,94483,112500
2009-12-16,7702,113000,115000,115000,96156,113000
2009-12-17,8716,113000,115000,116000,96156,114500
2009-12-18,6832,114000,115000,116000,96156,115500
2009-12-21,4145,112500,113500,115000,94901,114500
2009-12-22,13003,113000,115000,116000,96156,114000
2009-12-23,6915,113500,114500,115500,95738,114500
2009-12-24,8348,113500,115000,116500,96156,115500
2009-12-28,9384,112500,113500,114500,94901,114500
2009-12-29,5344,110500,112500,113500,95753,113000
2009-12-30,6381,111000,112000,113500,95327,113000
2010-01-04,14467,110000,111500,113000,94901,112000
2010-01-05,6988,111000,112000,112500,95327,111500
2010-01-06,5149,112000,115000,115500,97880,112500
2010-01-07,7348,113000,115000,117000,97880,115000
2010-01-08,1642,114500,116500,116500,99157,115500
2010-01-11,9036,113500,114500,116500,97455,115000
2010-01-12,4495,114500,115500,116000,98306,116000
2010-01-13,273971,115000,116000,116000,98731,115500
2010-01-14,11981,115000,118500,120000,100859,116000
2010-01-15,12189,118000,120000,121000,102136,120000
2010-01-18,6957,118000,120000,121000,102136,120000
2010-01-19,7803,118000,124000,124000,105541,118000
2010-01-20,11269,117500,121000,126000,102987,125000
2010-01-21,3171,118000,119000,123000,101285,121000
2010-01-22,3538,117000,119000,119500,101285,119000
2010-01-25,4162,117000,121500,122500,103413,118000
2010-01-26,3498,118500,121500,122000,103413,121000
2010-01-27,5373,117500,122500,122500,104264,121000
2010-01-28,10652,118000,120500,123500,102562,123500
2010-01-29,7183,115500,115500,120000,98306,119500
2010-02-01,3022,115000,117500,117500,100008,115000
2010-02-02,8141,115000,116500,118000,99157,118000
2010-02-03,4165,116000,118500,119000,100859,116000
2010-02-04,8596,116000,116500,119000,99157,118000
2010-02-05,21378,114000,114000,115500,97029,115000
2010-02-08,2907,113500,114000,115500,97029,115000
2010-02-09,3232,113500,114500,114500,97455,113500
2010-02-10,5269,113500,114000,114500,97029,114500
2010-02-11,7112,113000,116000,117000,98731,114000
2010-02-12,1456,115000,116500,117000,99157,116000
2010-02-16,6469,114000,115000,116500,97880,116500
2010-02-17,7860,112000,114500,115000,97455,115000
2010-02-18,14267,111500,113000,114500,96178,114500
2010-02-19,4419,111000,112000,113500,95327,113500
2010-02-22,8699,111000,111000,113500,94476,112500
2010-02-23,3266,111000,112500,113000,95753,111000
2010-02-24,1782,111500,112500,113500,95753,112500
2010-02-25,2291,112000,113500,114000,96604,113000
2010-02-26,959,112000,113000,113500,96178,113500
2010-03-02,2033,112500,112500,114000,95753,113000
2010-03-03,324,112500,113000,113000,96178,112500
2010-03-04,2193,112000,114500,115000,97455,113000
2010-03-05,1544,113500,115500,116000,98306,115000
2010-03-08,2703,114000,115500,116500,98306,115000
2010-03-09,1247,114000,114500,116000,97455,116000
2010-03-10,570,113500,114000,115000,97029,115000
2010-03-11,4807,114500,116000,117500,98731,114500
2010-03-12,3474,115000,119000,119000,101285,116500
2010-03-15,1258,117000,117000,119500,99583,119500
2010-03-16,1743,115500,116500,117000,99157,117000
2010-03-17,1878,115000,115500,116000,98306,115500
2010-03-18,10071,110500,111500,115500,94901,115000
2010-03-19,7882,111500,114000,114000,97029,112000
2010-03-22,4399,111000,111500,114000,94901,114000
2010-03-23,4413,110500,111500,112500,94901,112000
2010-03-24,7445,110000,111500,113000,94901,111500
2010-03-25,6296,109500,111500,112000,94901,112000
2010-03-26,2770,110500,110500,112000,94050,112000
2010-03-29,3980,109500,110000,111000,93625,110000
2010-03-30,2938,109000,111000,111500,94476,110000
2010-03-31,5417,108500,108500,111000,92348,111000
2010-04-01,4881,108500,111000,113000,94476,109000
2010-04-02,1222,109500,110500,111000,94050,111000
2010-04-05,2309,109000,110500,111500,94050,111500
2010-04-06,5045,108500,109000,111500,92774,111500
2010-04-07,9267,109000,112000,112000,95327,110000
2010-04-08,4867,110500,112500,112500,95753,111500
2010-04-09,5689,111500,113500,113500,96604,111500
2010-04-12,6894,113000,113500,114500,96604,113500
2010-04-13,6259,112000,112000,115000,95327,113000
2010-04-14,4122,112000,114000,114000,97029,112000
2010-04-15,4629,111500,113500,114000,96604,114000
2010-04-16,2689,112500,114000,114500,97029,113500
2010-04-19,2635,112000,113000,114500,96178,114500
2010-04-20,2915,112000,113500,114000,96604,113000
2010-04-21,7065,112500,114000,114500,97029,112500
2010-04-22,3304,113500,114000,115000,97029,114500
2010-04-23,4104,113500,114500,115500,97455,114000
2010-04-26,4361,113500,116500,117000,99157,113500
2010-04-27,3497,115000,116500,117000,99157,116500
2010-04-28,7248,114000,116000,116500,98731,115500
2010-04-29,6137,113500,114500,117000,97455,116500
2010-04-30,6575,112000,113000,114500,96178,114500
2010-05-03,2284,112000,113000,115000,96178,115000
2010-05-04,3346,111500,112500,114000,95753,112500
2010-05-06,3233,111000,112500,113000,95753,112500
2010-05-07,4658,108500,110000,112000,93625,112000
2010-05-10,1610,109000,112000,112000,95327,110000
2010-05-11,6152,111500,112000,113500,95327,112500
2010-05-12,3591,110000,112000,112500,95327,112500
2010-05-13,4269,111500,111500,113000,94901,111500
2010-05-14,2077,110500,111500,112000,94901,112000
2010-05-17,3225,109000,109000,111500,92774,110500
2010-05-18,3823,109000,109500,111000,93199,110000
2010-05-19,2908,107000,109000,110000,92774,110000
2010-05-20,4286,106500,108000,110000,91922,109500
2010-05-24,3029,105500,110000,110500,93625,108000
2010-05-25,7759,104500,109500,110500,93199,108500
2010-05-26,1167,106500,109500,110500,93199,110500
2010-05-27,5384,108000,110500,111000,94050,110500
2010-05-28,3624,108000,108000,111000,91922,110500
2010-05-31,2019,106500,108000,109000,91922,108500
2010-06-01,4610,105500,107000,109000,91071,108500
2010-06-03,6743,106000,107000,108000,91071,107000
2010-06-04,3658,105500,106500,107500,90646,107000
2010-06-07,5529,103500,104000,105000,88518,105000
2010-06-08,4351,103500,104500,105000,88943,104000
2010-06-09,1884,102500,104000,105000,88518,104500
2010-06-10,4338,103000,104000,104500,88518,104500
2010-06-11,5105,103000,103500,105000,88092,104500
2010-06-14,7140,103500,104500,105500,88943,104000
2010-06-15,5461,103500,104500,105000,88943,104500
2010-06-16,4750,104000,105500,106500,89795,104500
2010-06-17,4304,104000,105000,106000,89369,105500
2010-06-18,2536,103500,104000,105500,88518,105000
2010-06-21,6872,103500,104500,105000,88943,104000
2010-06-22,3047,103500,104000,104500,88518,104500
2010-06-23,15094,103000,104000,105000,88518,104000
2010-06-24,4224,103000,104000,104500,88518,104000
2010-06-25,5273,102500,103000,103500,87667,103500
2010-06-28,5948,103000,104500,105500,88943,103500
2010-06-29,3929,103500,104000,104500,88518,104000
2010-06-30,8475,101000,103500,104500,88092,102500
2010-07-01,8595,101500,102500,104500,87241,104500
2010-07-02,14702,100000,100500,102500,85539,102500
2010-07-05,5868,99900,99900,101000,85028,101000
2010-07-06,6712,99100,99600,99900,84773,99100
2010-07-07,9051,98200,98200,99600,83581,99600
2010-07-08,11222,98200,98500,99700,83837,98600
2010-07-09,7247,98400,99200,100500,84432,99400
2010-07-12,10699,99200,102000,102000,86816,99200
2010-07-13,7062,100500,101000,102500,85964,102500
2010-07-14,13999,100500,102500,103000,87241,101500
2010-07-15,11238,100500,101000,103500,85964,103000
2010-07-16,16381,99900,100000,101500,85113,101500
2010-07-19,5209,99000,100500,100500,85539,99000
2010-07-20,9200,99600,99800,100500,84943,100500
2010-07-21,10140,99500,99500,100500,84688,99500
2010-07-22,7038,99200,100000,100500,85113,99500
2010-07-23,14422,99700,99800,101500,84943,100500
2010-07-26,10427,99600,100500,101000,85539,100500
2010-07-27,23718,99800,99800,101500,84943,100500
2010-07-28,14928,99700,100500,100500,85539,99800
2010-07-29,14140,99600,99600,100500,84773,100000
2010-07-30,9099,99100,99400,99800,84603,99600
2010-08-02,14466,98400,99000,99800,84262,99600
2010-08-03,11295,98400,98600,99700,83922,99100
2010-08-04,12217,98400,99000,99200,84262,98600
2010-08-05,7460,98900,99500,100500,84688,99000
2010-08-06,16860,99500,101000,101000,85964,99600
2010-08-09,14704,101500,102000,104000,86816,102000
2010-08-10,102250,102500,103000,112000,87667,107500
2010-08-11,26742,102000,104500,107000,88943,104500
2010-08-12,22073,100000,100500,104500,85539,103000
2010-08-13,8524,100000,102500,103000,87241,100000
2010-08-16,7038,101500,103000,103500,87667,103000
2010-08-17,6223,101000,101500,103500,86390,102500
2010-08-18,6345,101000,102500,103000,87241,101000
2010-08-19,7342,102000,104000,104000,88518,102500
2010-08-20,17070,102500,107500,107500,91497,104000
2010-08-23,13186,105500,106000,108000,90220,108000
2010-08-24,8920,104500,106500,108000,90646,106500
2010-08-25,6179,103500,103500,105500,88092,105500
2010-08-26,3892,103000,103000,105000,87667,104000
2010-08-27,4420,103000,105000,105000,89369,104500
2010-08-30,6132,104500,105000,106500,89369,105500
2010-08-31,3203,103000,104500,105000,88943,104500
2010-09-01,5485,103500,106000,106500,90220,105000
2010-09-02,8328,105000,106500,107500,90646,106500
2010-09-03,8245,105500,107000,107500,91071,106500
2010-09-06,5400,106000,106000,107500,90220,107000
2010-09-07,5449,105000,107000,107500,91071,106500
2010-09-08,3695,105500,107000,107000,91071,107000
2010-09-09,17480,106000,110000,111000,93625,106000
2010-09-10,11571,109000,110500,112000,94050,110000
2010-09-13,7479,109000,109000,111000,92774,110500
2010-09-14,8440,108500,109000,110500,92774,109000
2010-09-15,9161,108500,110500,111000,94050,108500
2010-09-16,8499,109500,112000,115000,95327,110000
2010-09-17,6326,111500,113000,114500,96178,111500
2010-09-20,6971,113000,113500,115000,96604,114500
2010-09-24,2421,113000,114000,114500,97029,113500
2010-09-27,4635,113500,114500,115000,97455,115000
2010-09-28,8914,114000,115000,118500,97880,114500
2010-09-29,5839,114500,114500,116000,97455,115000
2010-09-30,6382,115000,116000,117000,98731,116500
2010-10-01,16446,115000,117500,119000,100008,116500
2010-10-04,8729,116000,118000,119500,100434,117500
2010-10-05,5024,118000,118500,119500,100859,119500
2010-10-06,6422,118500,120000,120500,102136,119500
2010-10-07,5614,117500,119000,120500,101285,120000
2010-10-08,8804,118500,119000,123000,101285,120500
2010-10-11,9421,117500,118500,119000,100859,119000
2010-10-12,27023,116000,116000,119000,98731,119000
2010-10-13,11166,116500,117500,120000,100008,116500
2010-10-14,10351,118000,120000,120500,102136,118000
2010-10-15,19064,119000,120000,122500,102136,120000
2010-10-18,9734,118500,118500,121500,100859,120500
2010-10-19,10961,118000,119500,122000,101710,118500
2010-10-20,7872,119000,120000,121500,102136,121500
2010-10-21,8359,118500,119500,121000,101710,120500
2010-10-22,5909,119000,119500,120500,101710,120000
2010-10-25,5708,119000,120000,120500,102136,120000
2010-10-26,9071,120000,121000,122000,102987,120000
2010-10-27,4964,120500,121000,122000,102987,121000
2010-10-28,11472,121000,124000,125000,105541,121500
2010-10-29,12992,121500,123000,124500,104689,124000
2010-11-01,15088,119000,119500,123000,101710,123000
2010-11-02,20180,114500,115000,119500,97880,119500
2010-11-03,15802,114500,117500,118000,100008,115000
2010-11-04,3996,115500,116000,117000,98731,117000
2010-11-05,7368,115000,115500,117500,98306,116500
2010-11-08,8873,115500,119000,119500,101285,116500
2010-11-09,4854,117500,118500,120000,100859,120000
2010-11-10,4689,116000,116500,118500,99157,118500
2010-11-11,3036,115000,116000,117500,98731,116500
2010-11-12,20477,110500,112500,116500,95753,116000
2010-11-15,5243,110500,110500,112500,94050,112500
2010-11-16,8766,110000,113500,113500,96604,110500
2010-11-17,2149,111500,112000,113000,95327,112000
2010-11-18,12743,110500,111000,113000,94476,113000
2010-11-19,11253,110500,111000,112000,94476,111000
2010-11-22,15673,108000,108500,111500,92348,111000
2010-11-23,8842,107000,107000,109000,91071,108500
2010-11-24,12134,101000,105000,106000,89369,104000
2010-11-25,5085,105000,108000,108000,91922,105000
2010-11-26,7375,104000,105000,108500,89369,107000
2010-11-29,2566,103500,105000,105000,89369,105000
2010-11-30,7918,104500,104500,106500,88943,105500
2010-12-01,5442,105000,106000,106500,90220,105500
2010-12-02,3457,106000,107500,108000,91497,106000
2010-12-03,10026,106000,109500,109500,93199,107500
2010-12-06,11896,107000,110000,111000,93625,110000
2010-12-07,8013,108500,109500,110500,93199,110000
2010-12-08,8865,107500,107500,109500,91497,109000
2010-12-09,10846,106500,107000,109000,91071,109000
2010-12-10,21480,106000,108000,109500,91922,108000
2010-12-13,20643,106000,107000,109500,91071,108000
2010-12-14,30486,105500,106000,108000,90220,108000
2010-12-15,37954,105000,106500,109000,90646,106500
2010-12-16,23722,104500,105000,107500,89369,106000
2010-12-17,16360,105000,106000,107000,90220,106000
2010-12-20,14299,104500,106000,106500,90220,106000
2010-12-21,11267,107000,108500,109000,92348,107000
2010-12-22,13409,108500,112500,112500,95753,109500
2010-12-23,12296,112500,114500,116000,97455,113000
2010-12-24,17095,112000,114500,116000,97455,114000
2010-12-27,21127,113500,114000,118000,97029,114000
2010-12-28,14244,113000,115000,116500,97880,115000
2010-12-29,5204,111500,112500,113500,97447,112500
2010-12-30,7671,109000,111000,113000,96148,112500
2011-01-03,4324,110000,111500,112000,96581,112000
2011-01-04,12131,110000,110000,112500,95282,111500
2011-01-05,8759,108500,109000,111000,94416,110500
2011-01-06,15301,108000,109000,110000,94416,109500
2011-01-07,6392,108000,109500,110000,94849,109500
2011-01-10,6397,109000,111000,112000,96148,109500
2011-01-11,6979,109500,110000,112000,95282,111500
2011-01-12,8664,106500,107500,111000,93116,111000
2011-01-13,5754,106500,107000,108500,92683,108500
2011-01-14,7280,106000,106500,107500,92250,106500
2011-01-17,4245,107000,107500,108500,93116,107000
2011-01-18,7104,107000,109000,110000,94416,107500
2011-01-19,8851,107000,108000,110500,93549,109500
2011-01-20,3499,106000,106000,108500,91817,108000
2011-01-21,4590,105500,106000,107000,91817,106000
2011-01-24,2165,105500,107000,108000,92683,105500
2011-01-25,8445,106500,107000,108000,92683,107500
2011-01-26,9532,106500,107000,108000,92683,107000
2011-01-27,12408,106500,107000,108500,92683,107500
2011-01-28,2807,106500,106500,108000,92250,108000
2011-01-31,4202,106000,106500,106500,92250,106000
2011-02-01,2872,106000,106000,107500,91817,107000
2011-02-07,4279,105500,105500,107000,91384,106500
2011-02-08,4982,105000,106000,106500,91817,106500
2011-02-09,2644,105000,105000,106500,90951,106000
2011-02-10,8015,103500,104000,105500,90085,105500
2011-02-11,10186,103500,103500,106500,89651,104000
2011-02-14,9379,103000,104000,107000,90085,104000
2011-02-15,10972,99900,101500,104000,87919,104000
2011-02-16,8606,100000,101500,102000,87919,101500
2011-02-17,6190,100000,100500,102500,87053,102000
2011-02-18,5177,100000,102500,102500,88785,100500
2011-02-21,11524,101500,103000,105500,89218,102500
2011-02-22,6401,101500,102500,104000,88785,104000
2011-02-23,5530,101500,102500,103000,88785,102000
2011-02-24,4077,101500,102000,103000,88352,103000
2011-02-25,9790,101500,102000,103000,88352,102500
2011-02-28,8663,101000,102000,103000,88352,102000
2011-03-02,3070,101500,101500,102000,87919,102000
2011-03-03,1179,101000,102000,102500,88352,101500
2011-03-04,2460,101000,101000,103500,87486,102500
2011-03-07,1505,101000,101500,102000,87919,101500
2011-03-08,6470,101500,102500,102500,88785,101500
2011-03-09,3536,101500,101500,103000,87919,103000
2011-03-10,2221,101000,101500,102000,87919,101500
2011-03-11,1989,100000,102000,102000,88352,101500
2011-03-14,5892,101000,101500,102000,87919,102000
2011-03-15,7912,101000,101500,102500,87919,101500
2011-03-16,4610,99900,100000,102000,86620,101500
2011-03-17,3646,99900,100000,100500,86620,99900
2011-03-18,5229,99900,101500,101500,87919,100500
2011-03-21,2368,100500,101500,101500,87919,101500
2011-03-22,7081,100500,101500,102000,87919,101500
2011-03-23,4014,100500,101000,101500,87486,101000
2011-03-24,9610,100000,101000,101500,87486,101000
2011-03-25,4370,100500,101000,102000,87486,101500
2011-03-28,4887,100500,100500,101500,87053,101000
2011-03-29,8373,100000,101000,101000,87486,100500
2011-03-30,34206,99800,100000,101500,86620,100500
2011-03-31,23200,100000,100000,102000,86620,100000
2011-04-01,27960,100000,102500,103500,88785,101000
2011-04-04,12134,102000,104000,104000,90085,102000
2011-04-05,8802,102500,103500,104000,89651,104000
2011-04-06,21140,100500,102000,103000,88352,102500
2011-04-07,7162,100500,101000,101500,87486,101000
2011-04-08,15720,100000,100000,102000,86620,101000
2011-04-11,13842,99800,100000,100500,86620,100500
2011-04-12,6499,99600,99800,100500,86446,100000
2011-04-13,19142,99200,99300,99800,86013,99600
2011-04-14,10183,99300,99600,100500,86273,99300
2011-04-15,13696,99600,99700,101000,86360,99700
2011-04-18,11037,99300,100500,100500,87053,100000
2011-04-19,4212,99900,101000,101000,87486,100500
2011-04-20,7254,100500,100500,102000,87053,101000
2011-04-21,10068,100000,102000,102000,88352,101000
2011-04-22,9495,99900,100000,102000,86620,102000
2011-04-25,5040,99600,99900,100500,86533,100000
2011-04-26,6932,99100,99500,100000,86187,99900
2011-04-27,11685,99000,99200,100000,85927,99900
2011-04-28,9364,99100,99800,99900,86446,99200
2011-04-29,14464,99100,102000,102000,88352,99300
2011-05-02,29307,102000,107000,107000,92683,102000
2011-05-03,15734,103000,104000,106500,90085,105500
2011-05-04,10382,103000,104000,106000,90085,104500
2011-05-06,9423,102500,104500,106000,90518,104000
2011-05-09,3405,103500,104500,105000,90518,104000
2011-05-11,4422,104000,104500,106500,90518,104000
2011-05-12,5329,102500,103000,104500,89218,104500
2011-05-13,4657,101500,102000,103500,88352,103500
2011-05-16,2562,101500,102000,103000,88352,102000
2011-05-17,2783,101500,101500,103000,87919,102000
2011-05-18,3483,102000,103500,103500,89651,102000
2011-05-19,2611,102000,103500,104000,89651,103500
2011-05-20,1642,102000,102000,103000,88352,103000
2011-05-23,1667,101000,101500,102500,87919,102500
2011-05-24,3636,101000,103000,103000,89218,101500
2011-05-25,4346,100500,101500,103000,87919,103000
2011-05-26,6650,101000,102000,102000,88352,101500
2011-05-27,2526,100500,100500,102500,87053,101000
2011-05-30,6291,99500,99900,100500,86533,100500
2011-05-31,4024,99900,100500,100500,87053,100000
2011-06-01,6377,99900,100000,101000,86620,101000
2011-06-02,8670,99300,99600,100500,86273,99300
2011-06-03,8492,99500,99900,100500,86533,99600
2011-06-07,5936,99900,102500,102500,88785,100000
2011-06-08,1337,101000,101500,102500,87919,102500
2011-06-09,5137,101000,102000,104000,88352,101000
2011-06-10,6855,101500,102500,103500,88785,102000
2011-06-13,2553,102000,102000,103000,88352,102500
2011-06-14,1628,101000,102000,102500,88352,102000
2011-06-15,1220,101500,102500,102500,88785,102000
2011-06-16,2875,100500,100500,102000,87053,102000
2011-06-17,2127,100000,100500,101500,87053,100500
2011-06-20,2547,100000,100000,101000,86620,100500
2011-06-21,2624,100500,101000,101000,87486,101000
2011-06-22,9786,101000,101500,102000,87919,101000
2011-06-23,8448,100000,102000,102500,88352,102500
2011-06-24,3724,101500,102500,102500,88785,102500
2011-06-27,1239,101000,101500,102500,87919,102500
2011-06-28,3390,101500,101500,102000,87919,102000
2011-06-29,2595,101500,102000,102500,88352,101500
2011-06-30,2203,101500,103500,103500,89651,102000
2011-07-01,2111,102000,102500,103500,88785,103500
2011-07-04,3779,101500,102000,102500,88352,102500
2011-07-05,2652,101500,103000,103500,89218,102000
2011-07-06,8013,103000,104500,105000,90518,103000
2011-07-07,4572,103500,104000,105000,90085,104000
2011-07-08,3483,103500,104000,104500,90085,104000
2011-07-11,3316,103000,103000,104000,89218,104000
2011-07-12,2405,101500,102500,103000,88785,103000
2011-07-13,3237,102000,102500,103000,88785,103000
2011-07-14,4052,102000,102500,103000,88785,103000
2011-07-15,6441,102000,103500,103500,89651,102500
2011-07-18,4459,102500,102500,104000,88785,103500
2011-07-19,12805,102000,105000,105500,90951,102000
2011-07-20,7807,103000,103500,105500,89651,105000
2011-07-21,4529,103000,103500,104000,89651,103500
2011-07-22,11462,103000,103500,105000,89651,103500
2011-07-25,6810,103500,104000,105500,90085,104000
2011-07-26,4383,103000,103500,105000,89651,105000
2011-07-27,6055,103000,104000,104000,90085,104000
2011-07-28,6554,102000,103000,103500,89218,103500
2011-07-29,5013,102500,103000,105000,89218,102500
2011-08-01,3844,102500,104000,104000,90085,103000
2011-08-02,4767,101500,101500,104000,87919,104000
2011-08-03,8980,100000,100000,101000,86620,101000
2011-08-04,7929,100000,101000,102000,87486,101000
2011-08-05,13675,97600,97800,99500,84714,99300
2011-08-08,12181,94600,94800,97700,82115,97700
2011-08-09,17179,80700,93500,93600,80989,92100
2011-08-10,38032,96500,102500,103500,88785,97700
2011-08-11,13171,96000,102000,102500,88352,100000
2011-08-12,50011,98000,98000,102000,84887,102000
2011-08-16,19093,98500,100000,100500,86620,99800
2011-08-17,12228,99200,100000,100500,86620,99900
2011-08-18,32183,99300,100000,100500,86620,99800
2011-08-19,16853,97700,99200,100500,85927,99000
2011-08-22,4028,97900,98700,99400,85494,99000
2011-08-23,6577,97500,99300,99300,86013,98500
2011-08-24,4713,98400,100000,100000,86620,99000
2011-08-25,9405,99300,100000,100500,86620,100000
2011-08-26,2387,99200,99500,99900,86187,99200
2011-08-29,1840,98900,99000,99800,85754,99200
2011-08-30,5059,99200,100000,101000,86620,99300
2011-08-31,2252,100000,101000,101000,87486,100500
2011-09-01,2980,100000,100000,101500,86620,101000
2011-09-02,1790,100000,101500,101500,87919,100500
2011-09-05,4141,100500,100500,102000,87053,101000
2011-09-06,3172,99800,100000,101000,86620,101000
2011-09-07,1748,100000,101000,101000,87486,100000
2011-09-08,3799,100000,100500,101000,87053,101000
2011-09-09,2357,100000,100500,101000,87053,100500
2011-09-14,4957,97400,97800,100500,84714,100000
2011-09-15,1947,97400,97700,98800,84627,98000
2011-09-16,4781,97500,100000,100000,86620,97500
2011-09-19,1820,98600,99400,99500,86100,99100
2011-09-20,2849,99000,99000,99500,85754,99400
2011-09-21,4280,99000,100000,100000,86620,99000
2011-09-22,1723,98500,99800,100000,86446,98500
2011-09-23,1625,97300,97600,99200,84541,98000
2011-09-26,1941,94400,94600,97900,81942,97600
2011-09-27,1717,94600,96600,97300,83675,94600
2011-09-28,1506,96000,96700,97000,83761,97000
2011-09-29,836,95800,96900,97300,83934,97300
2011-09-30,1637,95500,98000,98000,84887,96900
2011-10-04,2402,96000,97300,98000,84281,98000
2011-10-05,759,96000,96300,98000,83415,98000
2011-10-06,4403,96000,96800,97700,83848,97000
2011-10-07,2153,95900,96200,97100,83328,96800
2011-10-10,5421,94900,96000,97000,83155,96900
2011-10-11,3255,96000,96500,96800,83588,96400
2011-10-12,1450,95400,96900,97400,83934,95400
2011-10-13,1420,96300,96400,97400,83501,96300
2011-10-14,664,96000,96200,96700,83328,96200
2011-10-17,1716,95800,96200,96400,83328,96300
2011-10-18,760,95700,95900,96000,83068,96000
2011-10-19,1588,95400,96100,96300,83242,95900
2011-10-20,1463,96000,96000,96700,83155,96200
2011-10-21,2162,95800,96700,96700,83761,96000
2011-10-24,2441,96500,97100,97300,84108,97100
2011-10-25,1824,96500,96900,97500,83934,97500
2011-10-26,899,96000,96900,96900,83934,96300
2011-10-27,3016,95900,96200,96800,83328,96300
2011-10-28,4579,95900,96400,96600,83501,96300
2011-10-31,1730,96000,96000,96900,83155,96900
2011-11-01,6595,94300,94400,96200,81769,96200
2011-11-02,2033,93500,93500,94600,80989,94400
2011-11-03,3022,93300,93500,95200,80989,94500
2011-11-04,3028,93600,94700,95000,82029,93600
2011-11-07,754,94600,94700,95000,82029,95000
2011-11-08,2358,93200,94300,94900,81682,94700
2011-11-09,654,93800,94300,94500,81682,93800
2011-11-10,4734,91700,91700,93900,79430,93900
2011-11-11,2341,91700,92100,92900,79777,92900
2011-11-14,10056,91800,92000,93000,79690,92200
2011-11-15,11689,90000,90500,92600,78391,92600
2011-11-16,2942,90000,90100,91100,78044,91100
2011-11-17,5874,89000,90100,90500,78044,90100
2011-11-18,3219,89200,89600,90000,77611,89800
2011-11-21,1763,89400,89800,90400,77784,89500
2011-11-22,4502,89300,89800,89900,77784,89900
2011-11-23,3459,88600,89600,89700,77611,89700
2011-11-24,1007,88600,89200,89600,77265,89100
2011-11-25,1899,88800,89500,90000,77525,89000
2011-11-28,3175,88500,89700,90100,77698,89500
2011-11-29,4819,89600,90200,90500,78131,89700
2011-11-30,6439,89700,90900,90900,78737,90400
2011-12-01,4719,90600,90600,91700,78477,91500
2011-12-02,2970,90400,90600,91000,78477,90800
2011-12-05,1624,90600,90700,91200,78564,91200
2011-12-06,8074,90500,90500,91100,78391,90800
2011-12-07,2735,90600,90900,91200,78737,90600
2011-12-08,6147,90900,91100,91700,78911,91700
2011-12-09,4228,90000,90000,91500,77958,91500
2011-12-12,3294,90000,90100,90800,78044,90800
2011-12-13,3210,90500,90500,91100,78391,90500
2011-12-14,7501,90500,90500,90700,78391,90500
2011-12-15,6554,90600,91900,92000,79603,90600
2011-12-16,5064,92000,92900,94200,80470,92000
2011-12-19,4870,89400,91000,93300,78824,93300
2011-12-20,2462,90900,91800,91800,79517,91000
2011-12-21,1049,91600,92000,92500,79690,91700
2011-12-22,2411,91300,91800,92300,79517,92300
2011-12-23,3225,91700,91900,92300,79603,91900
2011-12-26,1428,91800,92500,92900,80123,92300
2011-12-27,441,91800,92300,92500,79950,91800
2011-12-28,5543,91000,91500,92000,81920,92000
2011-12-29,718,91000,91500,91500,81920,91000
2012-01-02,7455,91000,91000,91600,81472,91500
2012-01-03,21206,91000,91200,91500,81651,91500
2012-01-04,2054,90900,91300,91700,81741,91700
2012-01-05,1055,90500,91000,91400,81472,91300
2012-01-06,974,90700,90900,91300,81382,90700
2012-01-09,10597,90700,91100,91100,81562,90900
2012-01-10,72848,90500,92000,92500,82367,91000
2012-01-11,1354,91000,91300,91800,81741,91800
2012-01-12,10149,89500,89900,91300,80487,91100
2012-01-13,1289,89600,90000,90200,80577,89600
2012-01-16,1904,89100,89400,90000,80039,90000
2012-01-17,1058,89400,90000,90000,80577,89700
2012-01-18,1565,89700,89800,90100,80398,89800
2012-01-19,5299,89200,89500,89700,80129,89600
2012-01-20,2190,89100,89400,89600,80039,89400
2012-01-25,5033,89100,89400,89600,80039,89400
2012-01-26,5032,88500,88700,89400,79413,89400
2012-01-27,6080,88300,88500,88800,79234,88600
2012-01-30,1726,88500,89600,89700,80219,88600
2012-01-31,3852,89200,90500,90500,81024,89700
2012-02-01,7252,89300,91400,91400,81830,89800
2012-02-02,2769,90500,91000,91400,81472,91400
2012-02-03,2647,90200,90400,91200,80935,91200
2012-02-06,3872,89800,90400,90800,80935,90800
2012-02-07,2502,89900,90000,90400,80577,90200
2012-02-08,6942,89500,90200,90800,80756,90000
2012-02-09,17673,90000,91000,91100,81472,90100
2012-02-10,27204,91000,92600,93100,82904,91000
2012-02-13,14427,92900,94000,94500,84158,92900
2012-02-14,9511,93800,93800,94800,83979,94700
2012-02-15,17959,93600,94300,94500,84426,94300
2012-02-16,368202,99900,104000,108000,93111,103000
2012-02-17,142346,98000,99400,108500,88993,108000
2012-02-20,85328,94800,95900,99900,85859,99600
2012-02-21,64789,92300,92900,96000,83173,96000
2012-02-22,91923,92300,93400,94200,83621,92600
2012-02-23,55045,94000,98000,98500,87739,94000
2012-02-24,52210,98200,102000,102500,91320,98400
2012-02-27,38833,100500,103000,104500,92216,102000
2012-02-28,16681,100500,103000,103500,92216,102500
2012-02-29,18805,101000,102500,104500,91768,104500
2012-03-02,17666,99900,102000,103000,91320,102500
2012-03-05,17281,99700,99800,102000,89351,102000
2012-03-06,11348,97700,100000,100500,89530,98700
2012-03-07,11340,98200,100000,101000,89530,99900
2012-03-08,7013,99500,100000,100500,89530,100000
2012-03-09,13066,98500,99800,100000,89351,99800
2012-03-12,15904,99800,103500,105500,92663,101000
2012-03-13,14046,102500,103500,107500,92663,105500
2012-03-14,9657,100500,100500,104000,89977,104000
2012-03-15,15371,101000,101500,104500,90873,101000
2012-03-16,8665,99900,99900,103000,89440,102000
2012-03-19,28395,95600,96500,101500,86396,101000
2012-03-20,7273,96200,96600,98000,86486,96200
2012-03-21,4186,96400,96500,97600,86396,96800
2012-03-22,8417,96400,98500,98500,88187,96800
2012-03-23,13373,96400,96400,98400,86307,97500
2012-03-26,5903,95500,96300,96800,86217,96500
2012-03-27,5548,95500,96600,96800,86486,96400
2012-03-28,17919,95500,95700,96900,85680,96400
2012-03-29,47053,94700,95200,95800,85232,95500
2012-03-30,4602,94700,94700,96000,84785,94800
2012-04-02,3595,94900,95900,96100,85859,96100
2012-04-03,4597,95100,95600,95900,85590,95900
2012-04-04,15824,95100,95200,95600,85232,95500
2012-04-05,6848,92000,95000,95500,85053,95500
2012-04-06,4756,93000,93700,95100,83889,95000
2012-04-09,9756,91000,91500,93700,81920,93700
2012-04-10,5318,91300,91500,92800,81920,91300
2012-04-12,3834,91000,92400,92500,82725,91500
2012-04-13,2434,92600,93400,94100,83621,92700
2012-04-16,1452,92500,92900,93800,83173,93400
2012-04-17,1539,92800,93100,93600,83352,93000
2012-04-18,2740,92900,93400,94000,83621,93100
2012-04-19,2579,93100,94200,95100,84337,93100
2012-04-20,2470,92500,94000,94300,84158,92500
2012-04-23,1941,93400,93500,94700,83710,93600
2012-04-24,3366,92500,92700,93900,82994,93800
2012-04-25,3378,91900,92300,93400,82636,92700
2012-04-26,3794,91700,92300,93500,82636,92900
2012-04-27,4612,91500,91900,92900,82278,92000
2012-04-30,5655,90900,91200,92400,81651,92400
2012-05-02,5098,90600,91000,91700,81472,91200
2012-05-03,1624,91000,91300,91600,81741,91000
2012-05-04,2680,91100,92400,92500,82725,91900
2012-05-07,2081,92000,92300,92500,82636,92000
2012-05-08,2378,92300,93200,93900,83442,92300
2012-05-09,6455,93300,95500,97100,85501,93300
2012-05-10,2434,93500,95300,95600,85322,95400
2012-05-11,1857,93900,94800,95500,84874,95300
2012-05-14,3635,92900,93400,94700,83621,93500
2012-05-15,3801,91500,92000,92800,82367,92200
2012-05-16,7328,91000,91500,92600,81920,91700
2012-05-17,4659,91000,91400,91600,81830,91300
2012-05-18,44180,89900,90500,91500,81024,91400
2012-05-21,6382,87300,88300,90500,79055,90500
2012-05-22,4513,88200,89300,90300,79950,88400
2012-05-23,1819,88800,89200,90000,79860,89300
2012-05-24,1045,88700,89300,89800,79950,88700
2012-05-25,5718,88800,90300,90400,80845,89300
2012-05-29,1415,89400,89500,90300,80129,90300
2012-05-30,4588,89300,89500,90700,80129,90700
2012-05-31,2402,89000,90000,90000,80577,89500
2012-06-01,1592,89300,89400,90600,80039,90000
2012-06-04,4579,87100,87800,88600,78607,87200
2012-06-05,2590,87400,87700,88300,78517,88100
2012-06-07,4992,87700,88900,89000,79592,87700
2012-06-08,2518,88200,89200,89700,79860,88200
2012-06-11,1772,89200,89500,90600,80129,89800
2012-06-12,495,88700,89600,90100,80219,89500
2012-06-13,1093,88700,89500,90000,80129,90000
2012-06-14,2299,88600,89300,90000,79950,88800
2012-06-15,4769,87400,90200,90600,80756,87400
2012-06-18,4965,88700,89000,90600,79681,90500
2012-06-19,1235,89000,89400,89400,80039,89400
2012-06-20,1601,89000,89100,89500,79771,89000
2012-06-21,3915,88800,90500,90500,81024,88800
2012-06-22,1273,89600,90500,90800,81024,90500
2012-06-25,833,89600,90600,90800,81114,90800
2012-06-26,1801,89500,90000,90700,80577,90600
2012-06-27,4107,88000,88000,89600,78786,89500
2012-06-28,1457,87900,88600,89000,79323,88200
2012-06-29,3145,88000,88000,89000,78786,88900
2012-07-02,2424,88000,88800,88900,79502,88900
2012-07-03,3539,88300,88900,89100,79592,88300
2012-07-04,4106,88500,88900,89500,79592,88800
2012-07-05,4614,88500,89000,89400,79681,89400
2012-07-06,1064,88600,89000,89500,79681,89500
2012-07-09,5207,87900,87900,89300,78697,89300
2012-07-10,3865,88000,88800,89000,79502,88000
2012-07-11,2223,88100,88500,89000,79234,88900
2012-07-12,4455,88100,88400,88900,79144,88700
2012-07-13,1963,88200,88500,88900,79234,88900
2012-07-16,2767,88300,88600,88900,79323,88800
2012-07-17,2269,88300,88300,89000,79055,88600
2012-07-18,8164,88600,89000,89300,79681,88700
2012-07-19,8952,88800,89700,89800,80308,89300
2012-07-20,1495,89700,90000,90500,80577,90000
2012-07-23,4927,87900,88500,89700,79234,89700
2012-07-24,2808,88400,88500,89000,79234,88500
2012-07-25,1753,87800,88300,88800,79055,87800
2012-07-26,5329,87700,88500,88800,79234,88000
2012-07-27,2491,88200,89700,89700,80308,89500
2012-07-30,6909,88000,88900,89100,79592,89100
2012-07-31,2601,88200,88500,89300,79234,88900
2012-08-01,2319,88000,88400,88600,79144,88500
2012-08-02,4484,88200,88800,89100,79502,88700
2012-08-03,4315,88200,89000,89600,79681,88800
2012-08-06,3683,88600,89300,89700,79950,89100
2012-08-07,5359,89400,90500,90900,81024,90100
2012-08-08,5444,89400,90400,90800,80935,90600
2012-08-09,3957,90100,91200,91400,81651,90900
2012-08-10,7496,90600,91600,91700,82009,90700
2012-08-13,4120,90900,91000,91700,81472,91600
2012-08-14,2149,90700,91100,91500,81562,91500
2012-08-16,10420,90100,90800,91200,81293,91100
2012-08-17,5469,90800,90900,91900,81382,91300
2012-08-20,9808,90400,91500,92300,81920,90400
2012-08-21,10825,91300,95000,96000,85053,91300
2012-08-22,7288,94300,95800,96600,85769,94500
2012-08-23,11960,95100,96100,97000,86038,95100
2012-08-24,14486,95500,98800,98900,88455,96200
2012-08-27,5733,98300,98900,99400,88545,98300
2012-08-28,8641,96200,99400,99700,88993,99000
2012-08-29,1988,98100,98500,99400,88187,99000
2012-08-30,6140,97500,98600,99000,88276,98900
2012-08-31,11657,97600,101000,103500,90425,97600
2012-09-03,8149,100000,101500,103500,90873,101000
2012-09-04,4882,99200,99500,102000,89082,101500
2012-09-05,4337,98200,99000,99900,88634,99200
2012-09-06,4552,97500,97500,98900,87291,98700
2012-09-07,3035,97500,98300,99000,88008,97900
2012-09-10,2288,98300,99600,99700,89172,98300
2012-09-11,3857,98500,99900,99900,89440,99700
2012-09-12,3326,99100,100000,100500,89530,99100
2012-09-13,4106,98200,99700,100000,89261,99300
2012-09-14,10569,99100,99700,103000,89261,100500
2012-09-17,2954,99100,99800,100500,89351,99700
2012-09-18,2989,99100,99200,100500,88813,99800
2012-09-19,15816,96700,97100,99500,86933,99100
2012-09-20,6869,97300,98300,99200,88008,97300
2012-09-21,11175,97500,102000,102000,91320,98100
2012-09-24,8346,100000,101500,103000,90873,103000
2012-09-25,7610,100500,101000,102000,90425,100500
2012-09-26,3711,99900,101000,102000,90425,100000
2012-09-27,3777,99500,99900,101000,89440,101000
2012-09-28,6837,98000,99000,100500,88634,100000
2012-10-02,6454,99000,101000,102500,90425,99000
2012-10-04,20707,100500,106000,107000,94902,101000
2012-10-05,23263,105500,108000,109000,96692,106000
2012-10-08,18297,106000,112000,113000,100273,108000
2012-10-09,5573,110000,112000,112500,100273,112500
2012-10-10,7983,107000,108000,111500,96692,111000
2012-10-11,9124,106000,106500,110000,95349,107000
2012-10-12,11642,106500,110000,111000,98483,108000
2012-10-15,10880,105500,105500,110000,94454,110000
2012-10-16,6994,105500,108500,110000,97140,107000
2012-10-17,5932,107000,107000,111500,95797,109000
2012-10-18,7682,104000,104500,109000,93559,109000
2012-10-19,2533,104500,106000,108000,94902,104500
2012-10-22,6310,102000,103000,105500,92216,105500
2012-10-23,5834,101000,102500,106000,91768,104000
2012-10-24,9086,100000,104000,104000,93111,102500
2012-10-25,4672,103000,104000,105500,93111,104000
2012-10-26,6766,100000,100500,104500,89977,104000
2012-10-29,7940,98200,99500,101000,89082,101000
2012-10-30,8298,98200,99100,100500,88724,99000
2012-10-31,9377,97000,97300,99400,87112,99100
2012-11-01,4854,97200,98400,98500,88097,97600
2012-11-02,6372,98700,100500,101500,89977,98700
2012-11-05,5917,100000,101000,102500,90425,101000
2012-11-06,10843,101000,106000,107000,94902,101000
2012-11-07,10106,103500,108500,108500,97140,106000
2012-11-08,8636,105000,109000,109000,97587,107000
2012-11-09,19534,106500,113500,113500,101616,108000
2012-11-12,23773,113000,117500,118500,105197,114500
2012-11-13,12373,113000,115000,118000,102959,118000
2012-11-14,38220,115500,122500,125500,109674,116000
2012-11-15,35510,120500,126000,126000,112808,121500
2012-11-16,23843,121500,124000,129500,111017,126000
2012-11-19,42997,125000,136000,136500,121761,127000
2012-11-20,22081,134500,140000,140000,125342,137500
2012-11-21,28854,135500,137000,141000,122656,137500
2012-11-22,12591,135500,139000,139000,124446,138000
2012-11-23,27614,131000,135500,139000,121313,139000
2012-11-26,15468,135000,135500,138500,121313,137000
2012-11-27,24283,129500,132000,136000,118179,136000
2012-11-28,22144,128500,136000,136500,121761,132000
2012-11-29,13490,134000,135500,137000,121313,136000
2012-11-30,11194,131000,133500,135500,119522,135500
2012-12-03,114242,134500,136000,138500,121761,134500
2012-12-04,6441,133000,133500,136500,119522,135000
2012-12-05,9326,129500,129500,133500,115941,133500
2012-12-06,19352,124500,130000,130000,116389,130000
2012-12-07,10277,125000,126000,130500,112808,130000
2012-12-10,13567,125000,130500,131500,116836,127000
2012-12-11,11084,124000,124000,130500,111017,130500
2012-12-12,9483,123500,126500,126500,113255,124000
2012-12-13,4434,124000,126500,126500,113255,126000
2012-12-14,4168,123500,124000,126500,111017,126500
2012-12-17,4184,122500,122500,125500,109674,122500
2012-12-18,6465,120500,121500,123000,108779,122000
2012-12-20,16898,120000,124500,128500,111465,121500
2012-12-21,6276,123000,125000,125500,111912,125000
2012-12-24,3781,123500,124000,125500,111017,124000
2012-12-26,5312,120000,123000,124500,110122,124000
2012-12-27,3404,121000,122500,123500,112416,121000
2012-12-28,6203,121500,124500,125500,114251,122500
2013-01-02,5079,123000,123500,126000,113334,124500
2013-01-03,9253,120500,121000,123500,111039,123000
2013-01-04,7210,120500,123000,123000,112875,122000
2013-01-07,8820,122000,124500,126500,114251,123000
2013-01-08,6545,124500,128000,128000,117463,124500
2013-01-09,8353,124500,124500,128000,114251,128000
2013-01-10,12129,120000,122000,124500,111957,124000
2013-01-11,13902,120500,121500,123000,111498,121500
2013-01-14,11072,119500,123000,123500,112875,121500
2013-01-15,4166,120000,120500,123000,110580,123000
2013-01-16,5922,119500,121000,122000,111039,122000
2013-01-17,5098,116500,117500,120500,107827,120500
2013-01-18,8343,115000,115000,117500,105533,117500
2013-01-21,2064,115500,118500,119000,108745,116000
2013-01-22,2655,116500,116500,118500,106910,118500
2013-01-23,5191,115500,119500,119500,109663,116500
2013-01-24,2344,118000,119000,120000,109204,119000
2013-01-25,5705,115500,117500,119500,107827,118000
2013-01-28,3860,115000,115500,117500,105992,117500
2013-01-29,2661,114000,116000,117000,106451,115500
2013-01-30,4808,115500,117500,119000,107827,116000
2013-01-31,5518,115000,116000,118000,106451,116500
2013-02-01,4129,115000,116500,117000,106910,116000
2013-02-04,3956,115000,116500,116500,106910,116500
2013-02-05,2704,115000,116000,116500,106451,116500
2013-02-06,5209,114000,115000,117000,105533,117000
2013-02-07,4468,114000,114500,115000,105074,114500
2013-02-08,12395,110000,110000,115000,100945,115000
2013-02-12,6410,108000,109000,111500,100027,110000
2013-02-13,5127,108000,110500,111500,101404,108000
2013-02-14,5760,107000,109000,110500,100027,110500
2013-02-15,20371,103000,104000,109500,95439,109000
2013-02-18,12064,104500,107000,107500,98192,104500
2013-02-19,12080,107000,111000,111000,101862,107000
2013-02-20,5413,109500,111500,112500,102321,111000
2013-02-21,7137,108500,112000,112500,102780,112000
2013-02-22,2716,110000,110500,112500,101404,112000
2013-02-25,2542,109500,110000,112000,100945,110500
2013-02-26,5780,109000,110000,112500,100945,110000
2013-02-27,2384,109500,111500,112000,102321,110000
2013-02-28,7422,112000,114000,115500,104616,112000
2013-03-04,5416,114000,115000,116500,105533,114000
2013-03-05,5388,112000,113000,115500,103698,114500
2013-03-06,8647,110500,113000,113500,103698,112500
2013-03-07,3199,110500,111500,113500,102321,113000
2013-03-08,4989,110500,112000,113000,102780,111500
2013-03-11,15165,111000,113500,115000,104157,112500
2013-03-12,7499,112500,115500,115500,105992,113500
2013-03-13,11367,115000,116500,118500,106910,115000
2013-03-14,10906,115000,118000,119000,108286,116500
2013-03-15,13956,115500,115500,118000,105992,118000
2013-03-18,8528,115500,117000,119000,107369,115500
2013-03-19,8827,116500,119000,120000,109204,117000
2013-03-20,10653,118500,119000,122000,109204,119000
2013-03-21,7967,116500,120500,120500,110580,119000
2013-03-22,7335,117500,118000,120000,108286,119000
2013-03-25,9226,117000,117500,119500,107827,118000
2013-03-26,8603,117000,117000,119000,107369,118000
2013-03-27,3937,116000,116500,118000,106910,117000
2013-03-28,9158,115000,118500,118500,108745,116500
2013-03-29,8161,117500,118500,120500,108745,118500
2013-04-01,6360,116000,117000,120500,107369,119000
2013-04-02,19982,118500,123000,123500,112875,118500
2013-04-03,23801,124500,127000,129000,116545,124500
2013-04-04,12327,123500,127000,127500,116545,126500
2013-04-05,15356,125500,127500,130000,117004,128500
2013-04-08,10087,126500,127500,130000,117004,127500
2013-04-09,13229,122500,123500,128000,113334,128000
2013-04-10,5877,122500,124000,125000,113792,124000
2013-04-11,8405,122500,123000,125500,112875,125000
2013-04-12,21854,123500,126000,128500,115628,123500
2013-04-15,15197,126500,129500,130000,118840,126500
2013-04-16,12188,126500,132000,132000,121134,126500
2013-04-17,10696,131000,132000,133500,121134,133500
2013-04-18,7543,128000,129500,131500,118840,131500
2013-04-19,8791,127500,130000,132000,119298,129500
2013-04-22,12308,129500,131500,134500,120675,131000
2013-04-23,14648,130500,133500,134000,122510,131500
2013-04-24,20745,133000,135500,135500,124346,134500
2013-04-25,15968,133500,134000,137500,122969,135500
2013-04-26,13047,130500,132500,134500,121593,133000
2013-04-29,10338,131500,133000,135000,122052,133000
2013-04-30,9717,130500,132000,133500,121134,133500
2013-05-02,9171,130500,131000,134000,120216,132000
2013-05-03,10037,127500,129500,131000,118840,131000
2013-05-06,7472,128500,129500,131000,118840,129500
2013-05-07,7588,129500,131000,131500,120216,131000
2013-05-08,5072,129000,129000,131500,118381,131000
2013-05-09,7777,128500,130000,131500,119298,128500
2013-05-10,8786,130000,130000,134000,119298,131000
2013-05-13,9396,130000,133000,133000,122052,130000
2013-05-14,12653,127500,130000,133500,119298,133000
2013-05-15,15564,125500,126500,130000,116087,130000
2013-05-16,13676,125000,125500,129500,115169,129000
2013-05-20,7431,124000,124500,127500,114251,125500
2013-05-21,8509,125500,129000,129000,118381,126000
2013-05-22,7978,128000,130000,130500,119298,129000
2013-05-23,5451,129000,129000,131000,118381,131000
2013-05-24,5666,125500,127000,130500,116545,130500
2013-05-27,3165,126500,126500,129000,116087,129000
2013-05-28,5367,125500,128500,129500,117922,125500
2013-05-29,6949,128500,130500,132500,119757,128500
2013-05-30,7669,127500,129500,132000,118840,131500
2013-05-31,8915,125500,125500,130000,115169,129500
2013-06-03,5231,124000,124500,126500,114251,126500
2013-06-04,13629,120500,123000,125500,112875,124500
2013-06-05,9954,119000,119000,123500,109204,123500
2013-06-07,5764,119000,121500,122500,111498,119000
2013-06-10,6744,122000,124500,125500,114251,122000
2013-06-11,8746,123000,124000,126000,113792,124500
2013-06-12,5571,122500,123000,125000,112875,124000
2013-06-13,7481,123000,126000,126500,115628,124500
2013-06-14,8583,124500,125500,126500,115169,126500
2013-06-17,6369,123000,125500,126500,115169,125000
2013-06-18,5921,123500,124000,127000,113792,124500
2013-06-19,3271,123000,125000,125500,114710,125000
2013-06-20,8352,123500,124000,125500,113792,124000
2013-06-21,8249,121500,125000,125000,114710,124000
2013-06-24,3254,121500,122500,125000,112416,121500
2013-06-25,10913,118000,121500,125500,111498,121500
2013-06-26,5812,121000,123000,124000,112875,121000
2013-06-27,8843,122000,125000,125500,114710,124500
2013-06-28,4423,123500,125500,127000,115169,125000
2013-07-01,8808,123000,123000,126500,112875,124000
2013-07-02,4818,122500,124000,125000,113792,124500
2013-07-03,10413,120500,120500,124000,110580,124000
2013-07-04,6395,120500,124000,124500,113792,121000
2013-07-05,12722,122500,122500,128000,112416,122500
2013-07-08,7006,122500,124500,124500,114251,123500
2013-07-09,6936,122500,126500,126500,116087,125000
2013-07-10,1559,123500,125000,126500,114710,125500
2013-07-11,2791,124500,125000,127000,114710,125000
2013-07-12,5867,124500,126500,128000,116087,125000
2013-07-15,2423,125000,125500,127000,115169,126000
2013-07-16,4918,125000,127000,127500,116545,125000
2013-07-17,26186,125500,128000,130000,117463,127500
2013-07-18,5045,126500,129500,130000,118840,129000
2013-07-19,8058,124500,128500,131000,117922,130000
2013-07-22,3457,127000,129000,130000,118381,128000
2013-07-23,3165,127500,128000,129500,117463,129500
2013-07-24,5670,126500,126500,128500,116087,127500
2013-07-25,9772,123500,125000,127000,114710,126500
2013-07-26,4704,124000,124500,125000,114251,124000
2013-07-29,2473,123500,124500,125500,114251,124500
2013-07-30,12575,123000,126000,127000,115628,124000
2013-07-31,7733,124000,125500,127000,115169,125500
2013-08-01,6254,124000,125000,127000,114710,124500
2013-08-02,10741,123500,124500,125500,114251,124500
2013-08-05,4777,123000,123500,124500,113334,124000
2013-08-06,3086,122500,123500,124000,113334,123500
2013-08-07,4058,122000,123000,124000,112875,123500
2013-08-08,6980,122000,125500,126000,115169,123000
2013-08-09,680,124500,125500,125500,115169,125500
2013-08-12,2476,124000,124500,126000,114251,126000
2013-08-13,1555,124500,125000,126000,114710,126000
2013-08-14,11098,121000,121500,125000,111498,125000
2013-08-16,5560,121500,124000,125500,113792,121500
2013-08-19,2978,123500,124500,125500,114251,123500
2013-08-20,3841,122500,123000,125000,112875,124000
2013-08-21,3235,122000,122000,123500,111957,123000
2013-08-22,5811,121000,124500,125500,114251,123000
2013-08-23,4853,122500,124500,125000,114251,124000
2013-08-26,4206,123500,126500,126500,116087,125000
2013-08-27,2532,125000,125000,126500,114710,126500
2013-08-28,2431,124500,125000,126000,114710,125000
2013-08-29,3562,125500,125500,127000,115169,127000
2013-08-30,3715,125500,128500,128500,117922,126000
2013-09-02,3138,127000,128500,129000,117922,127000
2013-09-03,10688,126000,126500,128500,116087,128500
2013-09-04,15225,126000,132500,132500,121593,126500
2013-09-05,24396,131500,139500,140000,128016,132000
2013-09-06,8619,137000,139000,140000,127558,140000
2013-09-09,18666,136000,139500,141500,128016,138000
2013-09-10,13733,136500,136500,142500,125263,140000
2013-09-11,13454,135000,138500,138500,127099,136500
2013-09-12,12113,135500,135500,138500,124346,137500
2013-09-13,11272,135000,138000,138500,126640,135500
2013-09-16,7353,134500,134500,138500,123428,138500
2013-09-17,12141,133000,140000,140000,128475,134500
2013-09-23,16297,139500,140500,141500,128934,140000
2013-09-24,12843,137500,138500,140000,127099,139500
2013-09-25,11032,135500,136000,139500,124805,139000
2013-09-26,13878,134000,135000,137000,123887,137000
2013-09-27,10268,135000,136000,137500,124805,136000
2013-09-30,12569,135500,139000,139000,127558,137500
2013-10-01,13404,136000,138500,141000,127099,140000
2013-10-02,10344,135000,135000,139500,123887,139500
2013-10-04,7109,134000,136000,137000,124805,135000
2013-10-07,13298,133000,133500,138000,122510,135000
2013-10-08,9363,131000,133000,134500,122052,134500
2013-10-10,11762,132000,133500,136000,122510,133000
2013-10-11,9210,132500,133500,136000,122510,134000
2013-10-14,29981,133000,136000,142000,124805,135000
2013-10-15,13190,136000,138000,138500,126640,138000
2013-10-16,25473,137000,140500,142000,128934,137500
2013-10-17,11558,135000,136500,141500,125263,141000
2013-10-18,10998,132500,135000,137000,123887,136500
2013-10-21,11299,133000,134000,136500,122969,135000
2013-10-22,12495,131500,132000,134000,121134,133000
2013-10-23,12103,131500,132500,134500,121593,133000
2013-10-24,13490,129500,130500,133500,119757,132000
2013-10-25,10278,129500,130000,132000,119298,131000
2013-10-28,7444,129500,131000,133000,120216,130000
2013-10-29,6932,129500,131000,131000,120216,130500
2013-10-30,13092,129500,131000,132000,120216,130500
2013-10-31,10393,129500,131000,131500,120216,131000
2013-11-01,7041,129500,134500,134500,123428,129500
2013-11-04,12668,133500,138500,138500,127099,135500
2013-11-05,5682,134000,134500,138000,123428,138000
2013-11-06,7968,132000,132000,135000,121134,134000
2013-11-07,7020,131000,132000,135000,121134,132000
2013-11-08,10172,130000,131500,131500,120675,131000
2013-11-11,5933,130000,131500,133000,120675,131500
2013-11-12,3777,131000,133000,133000,122052,132500
2013-11-13,4843,130500,131000,133000,120216,133000
2013-11-14,12020,128500,129000,132000,118381,130500
2013-11-15,12154,127500,128000,129500,117463,129500
2013-11-18,15879,125500,126500,130000,116087,128500
2013-11-19,13213,126500,130000,130000,119298,127000
2013-11-20,8072,130500,131500,132500,120675,131000
2013-11-21,6893,130500,131500,133000,120675,132000
2013-11-22,10461,129500,133000,133500,122052,130500
2013-11-25,11908,129500,130000,132500,119298,132000
2013-11-26,6076,128500,130500,131000,119757,129500
2013-11-27,5355,129000,131000,132000,120216,130000
2013-11-28,5476,130500,131500,133000,120675,132000
2013-11-29,2645,129500,132000,132000,121134,131500
2013-12-02,5806,130500,131500,132000,120675,132000
2013-12-03,10400,128500,130500,132000,119757,130500
2013-12-04,3992,129000,131000,131500,120216,131000
2013-12-05,1790,130000,130000,131500,119298,131500
2013-12-06,4077,129500,130500,131000,119757,131000
2013-12-09,4240,129000,130000,132000,119298,131000
2013-12-10,4205,129000,132500,132500,121593,129500
2013-12-11,4448,130500,132000,133000,121134,132500
2013-12-12,2175,130500,132000,132000,121134,132000
2013-12-13,3237,130500,131500,133000,120675,131000
2013-12-16,5127,129000,129500,133000,118840,131000
2013-12-17,3518,128500,128500,130000,117922,129500
2013-12-18,4347,127000,128500,130000,117922,128500
2013-12-19,4711,127500,128000,130000,117463,130000
2013-12-20,3301,127000,128500,128500,117922,127500
2013-12-23,10523,127000,130000,130000,119298,127000
2013-12-24,3612,128500,130500,130500,119757,129000
2013-12-26,3846,128500,131000,131500,120216,130500
2013-12-27,1830,128500,128500,130000,120686,129500
2013-12-30,7089,124000,127000,128000,119277,128000
2014-01-02,7567,127000,131000,132000,123034,127000
2014-01-03,2064,129500,131000,131500,123034,131000
2014-01-06,12008,128000,129000,131500,121155,131000
2014-01-07,6089,128000,130500,132000,122564,129000
2014-01-08,2455,130000,130000,131000,122095,130000
2014-01-09,5462,130000,130000,133000,122095,131000
2014-01-10,7331,126000,127500,131000,119747,131000
2014-01-13,3957,124500,127500,128000,119747,125500
2014-01-14,4775,125500,130500,131500,122564,126500
2014-01-15,8519,129500,131500,132500,123503,130500
2014-01-16,5364,129000,130000,132500,122095,131500
2014-01-17,7019,129500,132000,133000,123973,129500
2014-01-20,6183,130000,131500,132500,123503,132000
2014-01-21,5794,128500,129500,131000,121625,130500
2014-01-22,9038,127000,127500,129500,119747,129500
2014-01-23,5483,126500,127500,128500,119747,128000
2014-01-24,9594,125000,125000,127500,117399,127000
2014-01-27,12540,120000,123500,124000,115990,124000
2014-01-28,7339,121000,121500,124500,114111,123500
2014-01-29,10379,119500,121500,121500,114111,121500
2014-02-03,5105,120000,123500,123500,115990,121500
2014-02-04,8714,119500,123500,123500,115990,121500
2014-02-05,3469,121000,122000,124000,114581,124000
2014-02-06,4515,121000,122500,123500,115051,122000
2014-02-07,14699,119500,120000,123000,112703,123000
2014-02-10,9352,119000,121000,121500,113642,121000
2014-02-11,5673,120500,122500,123500,115051,120500
2014-02-12,3368,122000,122000,123000,114581,122500
2014-02-13,3665,121500,122500,122500,115051,122000
2014-02-14,5386,122000,122500,123000,115051,122500
2014-02-17,3306,121500,122000,123500,114581,123500
2014-02-18,12217,119500,120000,122000,112703,121000
2014-02-19,11566,118000,119000,120500,111763,120500
2014-02-20,5243,119000,119500,120500,112233,119000
2014-02-21,5823,118500,120000,121500,112703,119500
2014-02-24,10907,117000,117500,120000,110355,120000
2014-02-25,5481,116000,118000,118500,110824,117000
2014-02-26,13159,117000,119000,120000,111763,118000
2014-02-27,6822,119000,122000,122000,114581,119000
2014-02-28,9622,119500,120000,122000,112703,121000
2014-03-03,4668,118500,120000,120500,112703,120000
2014-03-04,5632,118500,118500,120000,111294,119500
2014-03-05,5199,118500,120000,120000,112703,119000
2014-03-06,9562,118500,119000,120500,111763,119500
2014-03-07,4308,118000,118500,120000,111294,119500
2014-03-10,7283,118500,119500,120500,112233,119000
2014-03-11,8843,119000,120500,121500,113172,120000
2014-03-12,4815,120500,121000,122000,113642,121000
2014-03-13,5983,120500,123500,124000,115990,121000
2014-03-14,10997,121500,124000,124000,116459,123500
2014-03-17,13782,124000,124500,125000,116929,124000
2014-03-18,7956,123500,124500,125000,116929,125000
2014-03-19,26939,124500,126000,126500,118338,125000
2014-03-20,38906,127000,135500,137000,127260,127000
2014-03-21,66094,137000,145000,145000,136182,139000
2014-03-24,32435,143500,147500,149000,138530,145000
2014-03-25,24141,141000,142000,147000,133365,146500
2014-03-26,55816,144000,148000,150500,139000,144000
2014-03-27,18374,142500,143000,146500,134304,146500
2014-03-28,41246,139500,144500,145000,135713,142000
2014-03-31,16270,140000,140000,144500,131486,144500
2014-04-01,51269,139500,150500,152000,141348,140000
2014-04-02,24549,148000,149500,153000,140409,150500
2014-04-03,24020,144000,145000,148500,136182,148500
2014-04-04,24848,143000,146500,147000,137591,144000
2014-04-07,14707,142500,144500,147500,135713,144500
2014-04-08,40222,143500,150500,155000,141348,144000
2014-04-09,21159,148000,152000,153500,142757,150000
2014-04-10,12527,149000,149000,154000,139939,154000
2014-04-11,21332,147000,151500,154500,142287,147000
2014-04-14,21076,151500,154500,155500,145105,151500
2014-04-15,43149,155500,162500,163000,152618,155500
2014-04-16,12190,158500,159000,163500,149331,162000
2014-04-17,23848,155000,160000,162000,150270,156500
2014-04-18,27584,153000,156000,157000,146514,156000
2014-04-21,14107,152500,154500,155500,145105,154500
2014-04-22,9389,152500,158000,160500,148392,153500
2014-04-23,11594,156000,158500,160500,148862,158000
2014-04-24,8965,154000,154500,160000,145105,160000
2014-04-25,14327,152000,153500,158000,144166,155500
2014-04-28,8216,152000,155000,157500,145574,153000
2014-04-29,12628,155000,155000,158000,145574,155500
2014-04-30,9330,154000,155000,157500,145574,155000
2014-05-02,14797,151000,154500,157000,145105,155000
2014-05-07,22064,148500,151000,154500,141818,154500
2014-05-08,18883,148500,159000,160000,149331,149000
2014-05-09,20328,151500,151500,159000,142287,157500
2014-05-12,8096,149500,150000,153000,140878,151500
2014-05-13,11534,148000,154500,155000,145105,149500
2014-05-14,11907,151000,155500,155500,146044,152500
2014-05-15,28392,147000,147500,155000,138530,155000
2014-05-16,23182,143000,143500,147000,134774,147000
2014-05-19,17833,142000,143500,147000,134774,143000
2014-05-20,12621,143000,145500,146500,136652,144000
2014-05-21,12304,145000,146000,147000,137122,145000
2014-05-22,8839,146000,147500,149000,138530,146000
2014-05-23,10054,147000,150500,150500,141348,148500
2014-05-26,20636,147500,149000,151000,139939,151000
2014-05-27,3406,148500,149500,150000,140409,150000
2014-05-28,5717,147500,147500,149500,138530,148500
2014-05-29,14825,145000,153000,153000,143696,147000
2014-05-30,10096,149000,149000,153000,139939,153000
2014-06-02,11354,144500,146000,149500,137122,147500
2014-06-03,15574,143000,143000,146000,134304,145000
2014-06-05,10658,141000,142500,144500,133834,143000
2014-06-09,5981,142000,142500,143500,133834,142500
2014-06-10,6476,142500,146000,146500,137122,143000
2014-06-11,5810,145000,148500,149000,139470,145500
2014-06-12,5694,146000,151000,152000,141818,148500
2014-06-13,17443,143500,145000,152000,136182,150500
2014-06-16,4334,146000,146000,147500,137122,146000
2014-06-17,5732,145500,148500,149500,139470,146000
2014-06-18,15223,148000,154000,154000,144635,148000
2014-06-19,5704,151500,155000,155500,145574,154500
2014-06-20,9475,153000,153000,156000,143696,154000
2014-06-23,6502,153000,153500,156500,144166,153500
2014-06-24,11786,151500,151500,155500,142287,154000
2014-06-25,26142,151500,154500,157500,145105,151500
2014-06-26,10268,154500,155000,157500,145574,156000
2014-06-27,4876,154500,155000,157000,145574,155500
2014-06-30,3425,153000,154000,155500,144635,154000
2014-07-01,15935,152500,158500,159500,148862,154500
2014-07-02,7931,155500,158500,158500,148862,158500
2014-07-03,11316,159000,161000,164000,151210,160000
2014-07-04,4149,158000,160000,162000,150270,162000
2014-07-07,4908,157000,158500,159500,148862,159000
2014-07-08,6303,155500,159000,159500,149331,156500
2014-07-09,3572,157000,159500,160000,149801,157500
2014-07-10,9529,158500,163500,165000,153558,159000
2014-07-11,6006,161000,163000,165000,153088,164500
2014-07-14,4769,162500,163000,165000,153088,164000
2014-07-15,18576,158500,158500,168500,148862,162500
2014-07-16,6455,155000,156000,162000,146514,158500
2014-07-17,6087,156000,161000,163000,151210,156500
2014-07-18,5695,160000,161500,163000,151679,162000
2014-07-21,7931,160500,163500,164000,153558,162500
2014-07-22,6035,163000,163000,166500,153088,166000
2014-07-23,20741,163500,173000,175500,162480,163500
2014-07-24,7218,170500,170500,174500,160132,174000
2014-07-25,6819,168500,169000,174000,158723,170500
2014-07-28,6968,167500,169500,174000,159193,169000
2014-07-29,11117,163000,166000,173000,155905,170500
2014-07-30,8616,164500,165500,167500,155436,167000
2014-07-31,5020,163000,168500,170000,158253,165500
2014-08-01,10139,164500,172000,176000,161541,167000
2014-08-04,9286,170500,174500,175000,163889,170500
2014-08-05,11384,167500,170000,174000,159662,174000
2014-08-06,11240,168000,170500,171500,160132,169500
2014-08-07,5381,167000,167500,170500,157314,170500
2014-08-08,16584,166500,168000,172000,157784,167500
2014-08-11,7432,164000,165000,168500,154966,168500
2014-08-12,6238,166500,168500,170500,158253,167500
2014-08-13,5831,166000,166500,170000,156375,168500
2014-08-14,10554,166500,167500,169000,157314,166500
2014-08-18,18763,165500,167000,169500,156845,167500
2014-08-19,12200,161500,162000,166500,152149,166000
2014-08-20,16151,159000,160500,163000,150740,162500
2014-08-21,15923,157500,159500,161500,149801,161500
2014-08-22,12101,159500,165500,165500,155436,159500
2014-08-25,11084,162000,163500,167500,153558,166500
2014-08-26,6829,163000,164000,167000,154027,164500
2014-08-27,9759,163500,166000,167500,155905,164500
2014-08-28,25860,157000,158500,164500,148862,164500
2014-08-29,14323,157500,164500,164500,154497,158000
2014-09-01,7623,159000,160500,164500,150740,164500
2014-09-02,6994,156500,158000,161000,148392,161000
2014-09-03,9308,156500,158000,159000,148392,158000
2014-09-04,11211,154500,155000,160000,145574,159000
2014-09-05,21460,152500,155000,156000,145574,156000
2014-09-11,11660,151500,154000,155500,144635,155000
2014-09-12,6949,152500,155500,155500,146044,154000
2014-09-15,14074,154500,160500,161000,150740,155500
2014-09-16,8527,156500,158500,162000,148862,161500
2014-09-17,7901,159000,160000,162000,150270,160000
2014-09-18,8055,158000,160500,161500,150740,160500
2014-09-19,6312,157000,158000,160500,148392,160500
2014-09-22,4228,156000,157000,158500,147453,157500
2014-09-23,3823,154500,155000,157000,145574,157000
2014-09-24,4982,154000,157000,158000,147453,155000
2014-09-25,8283,156500,159000,160000,149331,156500
2014-09-26,6574,157000,158500,160500,148862,157000
2014-09-29,12281,157000,157000,160500,147453,159000
2014-09-30,11865,150500,152000,157500,142757,157000
2014-10-01,14045,147500,152000,153000,142757,152000
2014-10-02,5662,149000,151000,152000,141818,150000
2014-10-06,6035,147000,148000,151500,139000,151000
2014-10-07,3858,147500,150500,151000,141348,148000
2014-10-08,4149,148500,150000,151500,140878,149500
2014-10-10,5712,148000,150000,150500,140878,150000
2014-10-13,9635,146500,147500,149500,138530,149500
2014-10-14,4179,146000,146500,148000,137591,146000
2014-10-15,5629,144500,147500,148000,138530,146000
2014-10-16,6886,145000,145500,147500,136652,145500
2014-10-17,8423,142500,143500,146500,134774,145000
2014-10-20,4482,142000,145000,146500,136182,143000
2014-10-21,6526,143500,147500,147500,138530,143500
2014-10-22,5524,146500,150500,152500,141348,148000
2014-10-23,7072,149500,153500,154000,144166,150000
2014-10-24,3955,150500,150500,154000,141348,152500
2014-10-27,2849,151500,151500,153000,142287,151500
2014-10-28,912,150500,151000,152500,141818,151500
2014-10-29,5190,148500,154500,155000,145105,150500
2014-10-30,8825,152000,153000,155500,143696,155000
2014-10-31,2915,150000,151000,153000,141818,152500
2014-11-03,2307,150000,150000,152500,140878,150500
2014-11-04,1730,147500,149000,150000,139939,149500
2014-11-05,1818,148000,149500,151000,140409,148000
2014-11-06,4066,146000,149000,150500,139939,148500
2014-11-07,10318,141500,141500,147500,132895,146500
2014-11-10,24385,136000,141500,142000,132895,141500
2014-11-11,6308,137500,138000,142000,129608,140000
2014-11-12,7818,135500,136500,140000,128199,138000
2014-11-13,11602,135000,137500,138000,129138,136000
2014-11-14,8928,133000,133000,138000,124912,137500
2014-11-17,11473,129500,131500,134500,123503,133500
2014-11-18,7568,131000,133000,134000,124912,131000
2014-11-19,12139,133000,137000,137000,128669,133500
2014-11-20,12444,135000,137500,139000,129138,136500
2014-11-21,5523,136000,137500,138500,129138,138500
2014-11-24,11253,136000,138000,138500,129608,137000
2014-11-25,13636,135000,135500,138500,127260,137000
2014-11-26,7904,135000,136000,137000,127730,135500
2014-11-27,4427,136000,136500,137000,128199,136000
2014-11-28,6499,136500,136500,138000,128199,136500
2014-12-01,4183,136000,137000,138000,128669,136500
2014-12-02,4502,137000,137000,139000,128669,137000
2014-12-03,6503,137500,139500,140500,131017,137500
2014-12-04,3496,139500,139500,142000,131017,140000
2014-12-05,6125,137000,139500,141000,131017,140500
2014-12-08,12324,137500,140000,141000,131486,140500
2014-12-09,6860,136500,137000,140500,128669,139000
2014-12-10,11511,137000,142000,143500,133365,138000
2014-12-11,5556,138000,138500,143500,130078,140000
2014-12-12,12508,138000,145500,145500,136652,138000
2014-12-15,12106,141500,147500,148000,138530,144000
2014-12-16,6455,140500,140500,148000,131956,147000
2014-12-17,9155,140500,145000,148000,136182,141500
2014-12-18,6508,142000,142000,147000,133365,145500
2014-12-19,6146,141500,141500,144500,132895,142500
2014-12-22,5128,140500,141500,144000,132895,142500
2014-12-23,4708,141000,142500,143500,133834,141000
2014-12-24,3195,142000,144000,144500,135243,143000
2014-12-26,4264,142000,144500,144500,135713,144000
2014-12-29,2789,141000,142000,143000,135237,142000
2014-12-30,2019,137500,139000,143000,132380,143000
2015-01-02,2520,138000,140500,141500,133808,139000
2015-01-05,5387,136000,140000,141500,133332,140000
2015-01-06,6229,136000,136500,140000,129999,140000
2015-01-07,4150,133000,133500,137000,127141,137000
2015-01-08,7870,130500,132500,135500,126189,133500
2015-01-09,4928,131500,132000,133500,125713,131500
2015-01-12,11053,128500,132500,132500,126189,131000
2015-01-13,7764,130000,137500,139000,130951,133000
2015-01-14,3601,134000,135500,138000,129046,137500
2015-01-15,1317,133500,135500,136000,129046,136000
2015-01-16,13296,129500,131500,135500,125237,135500
2015-01-19,8359,131500,132000,137000,125713,133000
2015-01-20,2357,131500,133000,134500,126665,131500
2015-01-21,5762,132000,136000,137000,129522,133000
2015-01-22,4772,133500,137000,137500,130475,134500
2015-01-23,4081,134000,135500,138000,129046,138000
2015-01-26,10960,130500,133500,135500,127141,135000
2015-01-27,2488,131500,132500,133000,126189,132000
2015-01-28,6753,130500,136000,136500,129522,132000
2015-01-29,5704,133000,135000,137000,128570,135500
2015-01-30,10791,134000,138000,138000,131427,134500
2015-02-02,8556,134000,134500,139500,128094,139500
2015-02-03,4804,131500,132000,134500,125713,134500
2015-02-04,5287,131500,132000,133000,125713,132000
2015-02-05,31173,121500,128000,132000,121903,132000
2015-02-06,45345,118500,120000,126000,114284,126000
2015-02-09,14436,116000,116500,120000,110951,120000
2015-02-10,17962,115500,121500,121500,115713,116500
2015-02-11,11858,119000,121000,123000,115237,122500
2015-02-12,15039,120000,124000,126000,118094,120000
2015-02-13,5940,123000,123000,126000,117142,123500
2015-02-16,6978,119000,120500,122500,114761,121500
2015-02-17,5669,120500,122500,123500,116665,121000
2015-02-23,10593,119000,120500,122500,114761,122500
2015-02-24,23657,117500,120000,122000,114284,120000
2015-02-25,9425,120500,122000,123500,116189,121500
2015-02-26,6541,122000,124500,125000,118570,123500
2015-02-27,16008,121000,123500,124500,117618,124000
2015-03-02,7014,121500,122500,124000,116665,123500
2015-03-03,11689,120000,123500,123500,117618,122500
2015-03-04,11579,122000,122000,124500,116189,124500
2015-03-05,8469,121000,123000,123500,117142,121500
2015-03-06,8750,122000,122500,123500,116665,123500
2015-03-09,8113,121500,121500,123000,115713,123000
2015-03-10,7551,121500,121500,122000,115713,122000
2015-03-11,13514,120000,121500,122500,115713,121000
2015-03-12,10054,119000,122500,122500,116665,121000
2015-03-13,14059,119000,119000,123500,113332,123500
2015-03-16,20554,116000,116000,120500,110475,119500
2015-03-17,13620,116000,116000,117500,110475,116000
2015-03-18,6472,115500,115500,117000,109999,117000
2015-03-19,11160,116000,119000,120000,113332,116000
2015-03-20,4120,117000,118000,119000,112380,118500
2015-03-23,5174,117000,118000,118500,112380,118000
2015-03-24,5620,116500,117500,118500,111903,118500
2015-03-25,8536,116000,117000,117500,111427,117500
2015-03-26,11575,115500,116000,117000,110475,117000
2015-03-27,11811,114500,115000,116000,109523,116000
2015-03-30,15687,112500,113000,115500,107618,114500
2015-03-31,18824,115500,118000,120000,112380,116000
2015-04-01,20163,116000,120000,120500,114284,117500
2015-04-02,6321,120000,120500,123000,114761,121000
2015-04-03,5941,119000,121000,122000,115237,121500
2015-04-06,5003,118500,121500,121500,115713,121000
2015-04-07,6509,120000,123500,123500,117618,120500
2015-04-08,9671,122500,123000,124000,117142,123500
2015-04-09,8656,120500,121500,123500,115713,121500
2015-04-10,14005,118500,120000,122000,114284,122000
2015-04-13,17263,117500,118000,121000,112380,120500
2015-04-14,11896,117000,119500,120500,113808,119000
2015-04-15,12057,118000,120000,120000,114284,119500
2015-04-16,25509,120500,122500,124000,116665,120500
2015-04-17,23004,123000,128500,128500,122380,123500
2015-04-20,23224,126500,130500,130500,124284,128500
2015-04-21,27889,128000,129000,133000,122856,132000
2015-04-22,14204,126500,130000,131500,123808,131500
2015-04-23,18941,124000,126500,130500,120475,130000
2015-04-24,11648,125500,126500,128500,120475,127000
2015-04-27,10471,125500,129500,130500,123332,127000
2015-04-28,10874,128500,130500,132000,124284,129500
2015-04-29,9520,129500,131000,131500,124761,130000
2015-04-30,8536,127000,128500,132500,122380,130500
2015-05-04,10211,126500,128000,129000,121903,128500
2015-05-06,6816,127000,128000,130000,121903,128000
2015-05-07,10565,126000,127000,128000,120951,128000
2015-05-08,21576,127000,133000,134500,126665,127000
2015-05-11,37627,135000,139000,145000,132380,135000
2015-05-12,98558,136000,139000,159000,132380,140000
2015-05-13,33171,138000,140000,144000,133332,141500
2015-05-14,18815,137500,139000,142000,132380,139500
2015-05-15,24945,133500,136000,140000,129522,139000
2015-05-18,15850,133500,139000,141000,132380,136000
2015-05-19,13839,137000,137000,141000,130475,139500
2015-05-20,13534,136000,140000,140000,133332,137500
2015-05-21,18680,139500,141000,142000,134284,140500
2015-05-22,19705,140000,146000,146500,139046,142000
2015-05-26,23533,143000,145000,147500,138094,146000
2015-05-27,18643,142000,145000,146500,138094,143500
2015-05-28,9225,141500,142500,144500,135713,144000
2015-05-29,12209,141500,142500,145000,135713,141500
2015-06-01,11297,141500,148000,149000,140951,142500
2015-06-02,11928,144500,146000,148000,139046,148000
2015-06-03,13198,145000,147000,150000,139999,148500
2015-06-04,11061,146000,148000,149500,140951,146500
2015-06-05,9489,142000,144500,147500,137618,147500
2015-06-08,6891,141500,143500,146000,136665,144000
2015-06-09,13206,140000,140000,145000,133332,143500
2015-06-10,19320,135000,136000,140000,129522,139500
2015-06-11,28027,131000,134500,139500,128094,136000
2015-06-12,8865,133500,138000,139000,131427,135000
2015-06-15,7917,134500,135500,138000,129046,136500
2015-06-16,8159,132000,137500,138500,130951,136000
2015-06-17,6186,134500,139000,139000,132380,137500
2015-06-18,6627,136000,137000,140000,130475,139000
2015-06-19,7198,134500,135500,137500,129046,137000
2015-06-22,6639,134500,135500,137000,129046,137000
2015-06-23,10083,135500,136000,137000,129522,136000
2015-06-24,8125,135000,138000,138500,131427,137000
2015-06-25,6506,135000,137000,138500,130475,138500
2015-06-26,15260,131000,131500,136500,125237,135500
2015-06-29,8288,127000,129000,131500,122856,128000
2015-06-30,9099,125500,129500,131000,123332,127500
2015-07-01,10440,130000,134000,135000,127618,130000
2015-07-02,10838,132000,134000,135500,127618,134000
2015-07-03,8466,130500,132500,135000,126189,134000
2015-07-06,11562,126500,127000,131000,120951,131000
2015-07-07,8379,126000,128500,129000,122380,127000
2015-07-08,8828,128500,130500,132000,124284,129000
2015-07-09,10029,125000,128500,129000,122380,128000
2015-07-10,5236,126000,126500,130500,120475,130500
2015-07-13,7146,125000,126500,127000,120475,126000
2015-07-14,9535,127000,129000,130000,122856,127000
2015-07-15,4671,129000,131500,131500,125237,129500
2015-07-16,5060,128500,129500,132000,123332,132000
2015-07-17,4079,127000,128000,130000,121903,129500
2015-07-20,3075,127000,129000,129000,122856,127000
2015-07-21,6645,127500,130500,131500,124284,129000
2015-07-22,7127,130000,132500,134000,126189,130500
2015-07-23,9152,132000,133000,134500,126665,134500
2015-07-24,4906,129000,129500,133500,123332,133500
2015-07-27,7205,126500,127000,128500,120951,127000
2015-07-28,5645,125500,126500,128000,120475,126500
2015-07-29,7436,125000,126000,128000,119999,127000
2015-07-30,5945,124500,125000,126500,119046,126000
2015-07-31,3704,124500,125000,127000,119046,125000
2015-08-03,9732,122500,122500,127000,116665,126000
2015-08-04,12950,121000,121500,123500,115713,123000
2015-08-05,8829,121500,124000,124500,118094,122000
2015-08-06,13498,122500,123500,125500,117618,124000
2015-08-07,7340,123500,127000,128500,120951,123500
2015-08-10,5998,123500,125500,128500,119522,128500
2015-08-11,3716,123000,123000,125500,117142,124500
2015-08-12,7842,120500,123000,123500,117142,123000
2015-08-13,4401,121500,125500,125500,119522,122000
2015-08-14,0,125500,125500,125500,119522,125500
2015-08-17,10127,120500,121000,124000,115237,123500
2015-08-18,12627,119500,120000,122000,114284,122000
2015-08-19,8857,118000,119500,120000,113808,120000
2015-08-20,9554,117500,118000,120500,112380,119000
2015-08-21,11244,114000,115500,117000,109999,115500
2015-08-24,18416,107000,108000,115000,102856,115000
2015-08-25,8686,105000,109500,110500,104284,109500
2015-08-26,17890,108000,109500,111000,104284,110000
2015-08-27,25713,109500,111500,115000,106189,113000
2015-08-28,30798,110500,113000,113500,107618,112000
2015-08-31,9987,112500,115000,115500,109523,113000
2015-09-01,10613,113000,115000,117500,109523,117500
2015-09-02,9548,111500,114000,114000,108570,112000
2015-09-03,3987,113500,114000,115000,108570,114500
2015-09-04,9901,110000,112000,115000,106665,114000
2015-09-07,8311,109000,109500,112000,104284,112000
2015-09-08,8167,108500,109500,111000,104284,110500
2015-09-09,5909,110000,111500,111500,106189,110000
2015-09-10,5601,110000,112500,112500,107142,111000
2015-09-11,8808,112500,116000,116000,110475,112500
2015-09-14,4929,113500,114500,116000,109046,116000
2015-09-15,8292,113500,117000,119000,111427,114000
2015-09-16,13073,114000,116500,119000,110951,118000
2015-09-17,6832,114500,116500,117000,110951,116500
2015-09-18,3955,115000,116500,117000,110951,117000
2015-09-21,2941,113500,114500,115000,109046,115000
2015-09-22,4349,114500,117000,117000,111427,114500
2015-09-23,3268,115500,115500,116500,109999,116000
2015-09-24,3643,114000,116000,116000,110475,116000
2015-09-25,9390,114500,115500,118000,109999,114500
2015-09-30,19341,111500,112000,118000,106665,114500
2015-10-01,9499,110500,112000,113000,106665,112000
2015-10-02,7803,110500,110500,112500,105237,112500
2015-10-05,6208,110500,111000,113000,105713,111000
2015-10-06,3047,111500,111500,113000,106189,112500
2015-10-07,3596,111000,111000,112500,105713,112000
2015-10-08,8095,110000,111000,112000,105713,111500
2015-10-12,7111,110500,111500,113000,106189,111000
2015-10-13,9468,110500,113000,113500,107618,112000
2015-10-14,3918,112000,112000,113500,106665,113000
2015-10-15,3510,111500,113000,113000,107618,111500
2015-10-16,15597,110500,111000,113000,105713,113000
2015-10-19,6605,111000,111000,112000,105713,111500
2015-10-20,19183,109000,109500,112000,104284,111000
2015-10-21,10455,109000,109500,110500,104284,109500
2015-10-22,8699,108000,108000,110000,102856,109500
2015-10-23,14231,107500,108000,109500,102856,108500
2015-10-26,15301,106500,106500,108500,101427,108500
2015-10-27,5713,106000,107000,107500,101904,107000
2015-10-28,4969,107000,107000,108000,101904,107000
2015-10-29,14186,106000,106000,108000,100951,107000
2015-10-30,18153,102500,102500,106500,97618,106500
2015-11-02,15165,101000,102000,103500,97142,101000
2015-11-03,8079,102500,106000,106000,100951,102500
2015-11-04,7386,105000,107000,107000,101904,106500
2015-11-05,3948,105500,106000,106500,100951,106500
2015-11-06,7052,105500,107000,107000,101904,106500
2015-11-09,8638,104000,104000,106500,99046,106500
2015-11-10,11693,101000,102000,103000,97142,103000
2015-11-11,6433,100500,101500,101500,96666,101500
2015-11-12,9227,100000,101000,102000,96189,102000
2015-11-13,6966,99300,99700,100000,94951,99300
2015-11-16,6672,98500,98900,99700,94189,99400
2015-11-17,11267,98800,101000,101000,96189,98800
2015-11-18,6124,99800,100000,101500,95237,101500
2015-11-19,5377,99800,100000,101500,95237,100000
2015-11-20,6195,100000,100500,101000,95713,100000
2015-11-23,4411,100000,100500,101000,95713,101000
2015-11-24,11434,99500,99500,100500,94761,100500
2015-11-25,6434,99200,99700,100000,94951,99500
2015-11-26,8789,99500,100500,101000,95713,99800
2015-11-27,7354,100000,101500,102000,96666,100000
2015-11-30,13588,101000,102000,103500,97142,102500
2015-12-01,16204,102500,105500,105500,100475,103000
2015-12-02,7792,104000,105000,106000,99999,105500
2015-12-03,5992,104000,104500,105000,99523,104500
2015-12-04,33982,103000,106000,106500,100951,103500
2015-12-07,11509,106000,106500,107500,101427,106500
2015-12-08,6888,105000,106500,107500,101427,106500
2015-12-09,9685,104000,104500,106500,99523,106500
2015-12-10,10867,103000,103500,105500,98570,104000
2015-12-11,12754,101500,101500,105000,96666,103500
2015-12-14,14317,99300,100500,101500,95713,100500
2015-12-15,7165,99300,100000,101500,95237,101500
2015-12-16,10349,99600,102500,104000,97618,100500
2015-12-17,6956,102500,104500,104500,99523,102500
2015-12-18,5561,104000,104500,105000,99523,104000
2015-12-21,9021,103000,106000,106000,100951,104500
2015-12-22,9480,105000,105500,107000,100475,106000
2015-12-23,5185,104500,105000,106500,99999,105000
2015-12-24,5832,104500,105500,106000,100475,105500
2015-12-28,11324,104000,105500,106000,100475,105500
2015-12-29,4668,102500,103000,104000,100475,104000
2015-12-30,2186,101500,102500,104000,99987,103500
2016-01-04,4266,100500,101000,102500,98524,102500
2016-01-05,3776,100000,102500,102500,99987,100000
2016-01-06,8147,100000,100500,102000,98036,101500
2016-01-07,14757,98000,98900,100500,96475,100500
2016-01-08,11135,96100,97500,98900,95110,98900
2016-01-11,15836,93900,94100,98000,91793,98000
2016-01-12,7688,94000,94200,95300,91891,94000
2016-01-13,7939,93400,93900,94500,91598,94200
2016-01-14,17696,90700,90800,93400,88574,93400
2016-01-15,6973,90500,90500,92300,88281,91400
2016-01-18,9267,88800,89000,90100,86818,90000
2016-01-19,6486,88100,88800,89400,86623,88300
2016-01-20,12196,85700,87000,90300,84867,90300
2016-01-21,5760,87000,87500,88100,85355,88000
2016-01-22,5309,87400,87900,88500,85745,88500
2016-01-25,13648,87900,88700,90600,86525,89700
2016-01-26,15906,85600,86200,88500,84087,88500
2016-01-27,7912,86200,87900,88200,85745,86200
2016-01-28,7371,88000,91300,91500,89062,88000
2016-01-29,5715,90900,92600,92800,90330,91300
2016-02-01,4348,92400,92600,93800,90330,93100
2016-02-02,4376,92000,93900,94500,91598,92200
2016-02-03,2842,92300,93800,94200,91500,93800
2016-02-04,7248,93400,95800,95800,93451,94400
2016-02-05,6907,95100,96300,97400,93939,97000
2016-02-11,6496,93100,94500,96300,92183,96300
2016-02-12,10413,91500,92000,94800,89745,94800
2016-02-15,3719,92300,95800,96500,93451,92300
2016-02-16,6267,95900,98500,98700,96085,95900
2016-02-17,5054,97000,97000,98600,94622,98500
2016-02-18,6644,96200,97000,98700,94622,98000
2016-02-19,2929,96100,97400,97400,95012,97300
2016-02-22,2238,96500,97400,98000,95012,97400
2016-02-23,3185,97200,98200,98600,95793,97500
2016-02-24,5240,96500,99100,99300,96671,98300
2016-02-25,7768,98300,98700,99700,96280,99100
2016-02-26,4373,99100,99300,100500,96866,99200
2016-02-29,9360,97100,97100,99900,94720,99500
2016-03-02,9572,95700,96600,97900,94232,97100
2016-03-03,5863,96600,97700,97800,95305,96600
2016-03-04,6249,97400,99400,99400,96963,98200
2016-03-07,5492,98900,100000,101000,97549,99400
2016-03-08,5415,100000,102000,102000,99500,100000
2016-03-09,6612,99800,99900,102000,97451,102000
2016-03-10,3110,99000,101000,101500,98524,100000
2016-03-11,3691,99900,102000,102000,99500,101000
2016-03-14,5367,99700,100500,102500,98036,102500
2016-03-15,5118,99700,100500,101500,98036,100000
2016-03-16,5379,100000,102000,102000,99500,100500
2016-03-17,7419,101000,103000,103000,100475,101500
2016-03-18,10876,101000,101000,103500,98524,103000
2016-03-21,9314,100500,102500,103000,99987,101000
2016-03-22,7524,102500,103500,104000,100963,103000
2016-03-23,10572,103000,105500,105500,102914,103500
2016-03-24,5791,103500,105500,105500,102914,105500
2016-03-25,3869,104000,105000,105500,102426,105500
2016-03-28,3375,102500,102500,105000,99987,105000
2016-03-29,7503,102500,105000,105000,102426,102500
2016-03-30,3566,104500,106000,106000,103401,105500
2016-03-31,8431,103500,105000,106500,102426,106000
2016-04-01,2018,104000,104500,105000,101938,105000
2016-04-04,3606,103000,105000,105500,102426,103500
2016-04-05,4400,104000,106000,106000,103401,105000
2016-04-06,7321,104000,106500,106500,103889,106000
2016-04-07,5783,105500,106500,106500,103889,106500
2016-04-08,3894,105500,106500,106500,103889,106500
2016-04-11,8492,105500,106000,107500,103401,106500
2016-04-12,8255,106000,106500,107000,103889,106000
2016-04-14,6749,106500,107500,108500,104865,106500
2016-04-15,5082,106500,106500,108000,103889,107000
2016-04-18,5887,105500,107000,108000,104377,106500
2016-04-19,13202,106500,109500,110000,106816,107000
2016-04-20,7675,108500,110500,110500,107791,109500
2016-04-21,7981,110000,110500,111500,107791,110500
2016-04-22,6229,109000,111500,111500,108767,110500
2016-04-25,4562,110000,111000,111500,108279,110500
2016-04-26,6324,109000,111500,111500,108767,110500
2016-04-27,6278,110500,110500,113000,107791,111500
2016-04-28,6448,107000,108000,112000,105352,111000
2016-04-29,5637,106000,107500,108500,104865,108500
2016-05-02,5474,106500,108000,108000,105352,108000
2016-05-03,6309,105000,105500,108000,102914,108000
2016-05-04,10122,102000,102500,105500,99987,105000
2016-05-09,8240,102500,106000,106000,103401,102500
2016-05-10,5742,106000,109000,109000,106328,106000
2016-05-11,7455,107500,110500,111000,107791,109500
2016-05-12,5502,109500,111000,111500,108279,110500
2016-05-13,8234,107000,108500,111500,105840,111500
2016-05-16,5621,108000,111000,111000,108279,108000
2016-05-17,5803,109500,111500,112000,108767,110500
2016-05-18,5958,109000,111000,111500,108279,111500
2016-05-19,5308,108500,109000,111500,106328,109500
2016-05-20,6256,107000,110000,110000,107303,109000
2016-05-23,4574,108000,110500,110500,107791,109500
2016-05-24,6442,107500,108000,110500,105352,110000
2016-05-25,6451,106500,107500,109000,104865,109000
2016-05-26,8350,105500,106500,108500,103889,108500
2016-05-27,2321,106000,106000,107500,103401,107000
2016-05-30,3212,105000,106000,106500,103401,106000
2016-05-31,4853,105500,106000,107000,103401,106500
2016-06-01,3841,105500,108500,108500,105840,106000
2016-06-02,11897,108500,112000,112000,109254,109500
2016-06-03,7061,110000,112000,112500,109254,112000
2016-06-07,4881,111000,111500,113000,108767,112000
2016-06-08,4569,110500,112500,113000,109742,112500
2016-06-09,3897,110500,110500,113000,107791,112500
2016-06-10,4709,109000,110500,112000,107791,111500
2016-06-13,3832,108500,110000,112000,107303,110500
2016-06-14,3226,109000,111000,111500,108279,111000
2016-06-15,3167,109000,109000,111500,106328,111000
2016-06-16,3960,106000,106000,110000,103401,110000
2016-06-17,4170,105000,105000,108000,102426,107000
2016-06-20,2613,105500,106500,108000,103889,105500
2016-06-21,3947,104500,104500,107000,101938,107000
2016-06-22,2372,104000,107000,107000,104377,104500
2016-06-23,5319,105000,109000,109500,106328,106000
2016-06-24,11068,102500,105000,109500,102426,109500
2016-06-27,7422,102500,103500,105500,100963,102500
2016-06-28,2359,103000,103500,105000,100963,103500
2016-06-29,2425,104500,105000,105500,102426,105000
2016-06-30,1170,105000,106000,107000,103401,105000
2016-07-01,4294,105000,106000,107500,103401,106000
2016-07-04,4295,105500,108500,109500,105840,105500
2016-07-05,2516,107500,109000,109500,106328,108000
2016-07-06,2790,106000,106500,109500,103889,109000
2016-07-07,3482,105000,106000,108500,103401,107000
2016-07-08,3195,105000,105500,106000,102914,106000
2016-07-11,5665,104000,105000,106500,102426,105500
2016-07-12,7611,103500,104000,105500,101450,105500
2016-07-13,4081,104000,104500,106000,101938,104000
2016-07-14,4784,104000,105000,106000,102426,104500
2016-07-15,4120,105000,105500,106500,102914,106000
2016-07-18,4055,104500,106500,107000,103889,105000
2016-07-19,4777,104500,104500,106500,101938,105500
2016-07-20,3540,104500,106000,106000,103401,104500
2016-07-21,2965,104500,105500,106500,102914,106000
2016-07-22,1180,105000,105500,106000,102914,106000
2016-07-25,1786,105500,106000,106500,103401,105500
2016-07-26,4980,105000,107500,108000,104865,106000
2016-07-27,1447,107000,107500,108000,104865,107000
2016-07-28,1410,106000,107000,108000,104377,107500
2016-07-29,4335,105500,106500,109000,103889,107000
2016-08-01,2193,105500,107500,107500,104865,106000
2016-08-02,4516,107000,108500,108500,105840,107500
2016-08-03,4026,106500,108000,109000,105352,107000
2016-08-04,2696,106500,108500,108500,105840,107500
2016-08-05,2013,107000,108000,108500,105352,108000
2016-08-08,4457,106500,108500,108500,105840,107500
2016-08-09,2536,107500,108000,108500,105352,108500
2016-08-10,4067,108000,110000,110000,107303,108500
2016-08-11,3219,107500,109000,109500,106328,109000
2016-08-12,2706,108000,108000,109500,105352,109000
2016-08-16,5783,106500,107500,109500,104865,108000
2016-08-17,3325,106500,107500,107500,104865,107000
2016-08-18,2150,106500,106500,107500,103889,107000
2016-08-19,2787,105000,105000,106500,102426,106000
2016-08-22,4481,104000,104500,106000,101938,105500
2016-08-23,5511,103500,104000,105000,101450,104500
2016-08-24,3566,103500,104000,105500,101450,104000
2016-08-25,4457,103000,104000,104500,101450,104000
2016-08-26,2666,103000,104000,104500,101450,104000
2016-08-29,5272,101500,102000,104000,99500,104000
2016-08-30,2234,101500,101500,102000,99012,102000
2016-08-31,5333,100500,101500,102500,99012,101500
2016-09-01,4139,100000,100000,102000,97549,101000
2016-09-02,2969,100000,101500,102000,99012,100500
2016-09-05,5361,99900,100500,102000,98036,101500
2016-09-06,3883,99700,99800,100500,97353,100000
2016-09-07,6326,99400,100000,100500,97549,100500
2016-09-08,3633,99600,101500,101500,99012,99600
2016-09-09,11442,99200,99300,102000,96866,102000
2016-09-12,3154,98500,98800,99500,96378,99000
2016-09-13,4891,97700,97700,99700,95305,99700
2016-09-19,3167,97700,99400,99400,96963,97700
2016-09-20,3403,98800,102000,102000,99500,99000
2016-09-21,5408,99600,99600,102000,97158,102000
2016-09-22,4389,99300,101000,101000,98524,99300
2016-09-23,5085,99900,102500,102500,99987,100000
2016-09-26,7410,99500,99700,102000,97256,101500
2016-09-27,4387,99600,100500,100500,98036,99700
2016-09-28,1260,99900,100500,101000,98036,100500
2016-09-29,4620,100000,100500,102000,98036,100500
2016-09-30,3242,99700,100500,101000,98036,100000
2016-10-04,4392,99800,102000,102000,99500,100500
2016-10-05,9523,99900,102500,103000,99987,101500
2016-10-06,5422,100000,102000,102500,99500,102500
2016-10-07,3391,100000,100000,102500,97549,101000
2016-10-10,972,100000,100500,101500,98036,100000
2016-10-11,2684,101000,102000,102000,99500,101500
2016-10-12,1686,100500,101500,102000,99012,101500
2016-10-13,1478,100500,101000,102000,98524,102000
2016-10-14,3700,100500,101000,102000,98524,101000
2016-10-17,5904,100000,100000,102000,97549,101500
2016-10-18,3803,99700,99900,100500,97451,100000
2016-10-19,2591,99700,99900,101000,97451,99900
2016-10-20,3230,99600,99900,101000,97451,99900
2016-10-21,4173,99200,99400,100000,96963,99900
2016-10-24,1810,99200,99900,100500,97451,100000
2016-10-25,2662,99600,99800,100500,97353,100500
2016-10-26,5385,98300,98500,100000,96085,100000
2016-10-27,3101,97900,98800,99400,96378,98900
2016-10-28,3513,98100,98100,99000,95695,99000
2016-10-31,3594,97200,97600,98500,95207,98500
2016-11-01,3102,97300,97900,98100,95500,98000
2016-11-02,3372,95600,95600,98500,93256,97900
2016-11-03,3820,95000,95300,96300,92964,96300
2016-11-04,5730,94600,94900,96000,92574,95100
2016-11-07,2491,94700,96500,96500,94134,95300
2016-11-08,1021,95500,96500,96800,94134,96500
2016-11-09,6975,92600,97000,97500,94622,96500
2016-11-10,4907,97600,98900,99000,96475,97900
2016-11-11,2434,97100,98500,99400,96085,99000
2016-11-14,1121,96500,98500,99000,96085,98300
2016-11-15,1635,97200,98300,99000,95890,97900
2016-11-16,1840,97700,98800,99000,96378,97700
2016-11-17,2988,98100,99000,99500,96573,98800
2016-11-18,2940,97600,98200,99400,95793,98600
2016-11-21,3386,97300,98000,99000,95598,98200
2016-11-22,1895,97400,97400,98600,95012,98600
2016-11-23,5175,97000,99800,99900,97353,97300
2016-11-24,2964,98900,99700,100500,97256,99900
2016-11-25,1588,98200,99000,100000,96573,98500
2016-11-28,493,98900,99500,99900,97061,99800
2016-11-29,1114,99000,99800,99900,97353,99900
2016-11-30,2555,98100,98100,99900,95695,99900
2016-12-01,4206,98700,99000,100500,96573,99000
2016-12-02,1608,98900,99700,100000,97256,98900
2016-12-05,1185,99000,99700,100000,97256,100000
2016-12-06,1970,99100,99200,99900,96768,99900
2016-12-07,10276,99400,100500,101500,98036,99900
2016-12-08,3364,100000,101500,101500,99012,100500
2016-12-09,2869,100500,102500,102500,99987,101500
2016-12-12,3456,101000,102000,103000,99500,102000
2016-12-13,4858,100500,101000,102500,98524,102000
2016-12-14,4585,100000,100500,102000,98036,102000
2016-12-15,5388,100500,102500,102500,99987,101000
2016-12-16,2878,101000,101000,103000,98524,101500
2016-12-19,2307,100000,101500,102000,99012,102000
2016-12-20,3053,100500,101000,101500,98524,101500
2016-12-21,2477,100000,101000,101500,98524,101000
2016-12-22,1985,100000,100500,102000,98036,101000
2016-12-23,735,100500,101000,101000,98524,101000
2016-12-26,4696,101000,101500,102000,99012,101000
2016-12-27,4322,101500,102000,103000,99500,102000
2016-12-28,955,100000,101000,101500,101000,101500
2016-12-29,3070,99600,101500,102000,101500,101500
2017-01-02,1309,100000,100000,102000,100000,101500
2017-01-03,2663,99000,100500,100500,100500,100000
2017-01-04,2587,98800,99200,100500,99200,100500
2017-01-05,3913,98400,98700,99200,98700,99200
2017-01-06,2405,98100,98400,98700,98400,98600
2017-01-09,2305,98200,98700,99900,98700,99200
2017-01-10,2157,98200,98600,98800,98600,98700
2017-01-11,2986,98000,98100,99600,98100,98400
2017-01-12,2569,97500,98200,99000,98200,99000
2017-01-13,4224,97100,97500,98200,97500,97800
2017-01-16,3685,96800,97200,98000,97200,97600
2017-01-17,1110,96900,97300,97900,97300,96900
2017-01-18,580,97100,98000,98500,98000,98000
2017-01-19,798,97100,97300,98000,97300,97900
2017-01-20,3169,96600,96800,97500,96800,97500
2017-01-23,1086,96600,97400,97900,97400,96600
2017-01-24,2278,97200,97700,98000,97700,98000
2017-01-25,2311,96700,97000,98100,97000,97700
2017-01-26,1282,96800,97800,97900,97800,97800
2017-01-31,1785,96700,96900,98000,96900,97800
2017-02-01,1159,96900,97500,98100,97500,98100
2017-02-02,5112,97000,97700,98200,97700,98200
2017-02-03,1902,97000,97800,98000,97800,98000
2017-02-06,1473,97200,97400,98100,97400,97700
2017-02-07,1481,97200,97500,98200,97500,97500
2017-02-08,2344,96600,97500,97600,97500,97500
2017-02-09,2274,96400,97200,97200,97200,96700
2017-02-10,1684,96600,97200,97500,97200,97100
2017-02-13,2122,96800,97400,97400,97400,97400
2017-02-14,2094,96800,97300,97400,97300,96900
2017-02-15,2189,96800,97800,97800,97800,97200
2017-02-16,628,97000,97700,97900,97700,97900
2017-02-17,2606,97400,98500,98500,98500,97700
2017-02-20,2756,97200,98000,98500,98000,97700
2017-02-21,1836,97600,98300,98700,98300,98000
2017-02-22,5299,97700,98500,99200,98500,98400
2017-02-23,8472,97000,97400,98900,97400,98900
2017-02-24,4029,97100,97900,98200,97900,97500
2017-02-27,4862,96800,97000,98300,97000,98300
2017-02-28,2344,96700,97200,97500,97200,97400
2017-03-02,6057,96500,97300,97600,97300,97200
2017-03-03,3921,97000,98300,98700,98300,97600
2017-03-06,2142,97200,98500,98800,98500,98000
2017-03-07,3944,97500,98800,98800,98800,98000
2017-03-08,5649,98300,99700,100000,99700,98800
2017-03-09,6796,99700,100000,102000,100000,99700
2017-03-10,1775,99600,101000,101000,101000,101000
2017-03-13,2066,100000,100500,101500,100500,101500
2017-03-14,2799,100000,101000,101500,101000,101000
2017-03-15,2234,99600,101000,101500,101000,101000
2017-03-16,2996,99600,100500,101500,100500,101500
2017-03-17,4856,99600,100500,102500,100500,100500
2017-03-20,4330,100000,101500,101500,101500,100500
2017-03-21,3975,100000,102500,102500,102500,101500
2017-03-22,5427,101000,103500,103500,103500,102000
2017-03-23,4889,102500,105000,105000,105000,104000
2017-03-24,8768,105000,106500,107500,106500,105000
2017-03-27,4715,106000,107500,107500,107500,106500
2017-03-28,7847,105000,108000,108000,108000,107500
2017-03-29,4174,106500,108000,108500,108000,108000
2017-03-30,5929,107000,108500,109500,108500,108000
2017-03-31,2606,107000,107000,109500,107000,108000
2017-04-03,4970,105000,107000,107500,107000,107000
2017-04-04,6027,105500,108000,108000,108000,106500
2017-04-05,3124,107000,108500,108500,108500,108000
2017-04-06,2267,106500,107000,108500,107000,108000
2017-04-07,2002,106000,106000,108000,106000,107500
2017-04-10,8267,104000,105500,106000,105500,106000
2017-04-11,5911,103500,105500,107500,105500,105500
2017-04-12,6019,104500,106000,107000,106000,106500
2017-04-13,4856,106000,107000,107500,107000,106000
2017-04-14,8204,104500,105500,107000,105500,106500
2017-04-17,7145,103500,104500,106000,104500,105500
2017-04-18,6814,103500,107000,107500,107000,104500
2017-04-19,1396,106500,107000,107500,107000,107000
2017-04-20,5374,106000,107500,107500,107500,106000
2017-04-21,3426,106000,107500,107500,107500,106500
2017-04-24,4277,106000,107500,108000,107500,108000
2017-04-25,5337,105500,107500,107500,107500,106500
2017-04-26,3341,105500,107000,107500,107000,107500
2017-04-27,3183,105500,107000,107000,107000,106000
2017-04-28,2736,105500,106000,107000,106000,107000
2017-05-02,4302,104500,104500,106000,104500,106000
2017-05-04,7282,104500,108500,108500,108500,104500
2017-05-08,3380,106500,107500,108500,107500,108500
2017-05-10,4284,107000,107000,109500,107000,108500
2017-05-11,7147,106000,110000,110500,110000,108500
2017-05-12,40143,109500,115000,116000,115000,109500
2017-05-15,8194,112500,113500,115500,113500,115000
2017-05-16,13183,113500,114500,118000,114500,114000
2017-05-17,5694,113500,115000,115500,115000,115500
2017-05-18,3733,113000,113500,115500,113500,115000
2017-05-19,26171,113000,120000,120000,120000,113500
2017-05-22,10681,118000,120500,121500,120500,119500
2017-05-23,3315,119000,119500,121500,119500,120000
2017-05-24,4158,119000,119500,120500,119500,119500
2017-05-25,9879,120000,122000,122500,122000,120000
2017-05-26,5355,120500,122000,123000,122000,123000
2017-05-29,6346,120500,120500,123000,120500,122500
2017-05-30,7438,118500,120500,120500,120500,120000
2017-05-31,11091,118500,118500,122000,118500,120500
2017-06-01,6609,117500,119500,120000,119500,117500
2017-06-02,6200,118000,118500,120000,118500,120000
2017-06-05,8290,117500,120000,120500,120000,118500
2017-06-07,8385,120000,122000,122500,122000,120000
2017-06-08,4216,120000,121500,123000,121500,122000
2017-06-09,4978,119500,120000,122000,120000,120500
2017-06-12,5172,117500,117500,120500,117500,120000
2017-06-13,4892,117500,120500,120500,120500,117500
2017-06-14,17042,119000,124000,124000,124000,121000
2017-06-15,7558,123000,125000,125000,125000,124000
2017-06-16,4835,122500,124500,125500,124500,125000
2017-06-19,7884,123000,124000,125500,124000,125500
2017-06-20,6268,122500,123500,124500,123500,124000
2017-06-21,4485,122500,124000,125000,124000,124500
2017-06-22,6913,123500,124500,127000,124500,123500
2017-06-23,5556,121500,121500,125500,121500,124000
2017-06-26,6664,120000,122000,123000,122000,121500
2017-06-27,4003,121000,122000,123500,122000,123000
2017-06-28,9618,118500,119500,123500,119500,122000
2017-06-29,4560,119000,121000,121000,121000,121000
2017-06-30,5383,119500,123500,124000,123500,120500
2017-07-03,8569,120500,121000,125500,121000,123500
2017-07-04,6396,118000,118500,121500,118500,121000
2017-07-05,4647,117000,118000,119500,118000,119500
2017-07-06,3888,117000,119000,119000,119000,118000
2017-07-07,4859,117500,121500,121500,121500,118000
2017-07-10,5334,120000,123000,123000,123000,120500
2017-07-11,5985,122000,123500,124500,123500,123000
2017-07-12,6184,119000,119000,122000,119000,122000
2017-07-13,8041,114500,115000,119500,115000,119000
2017-07-14,7340,113500,115000,116000,115000,115500
2017-07-17,2601,114500,115500,116000,115500,115000
2017-07-18,7769,112000,112500,116000,112500,115000
2017-07-19,9181,111500,112000,115000,112000,112500
2017-07-20,11566,110500,110500,113000,110500,112000
2017-07-21,10279,110500,111000,114000,111000,111000
2017-07-24,3326,111000,112000,113000,112000,111500
2017-07-25,5763,110500,113500,114500,113500,112000
2017-07-26,4586,113500,115000,115500,115000,113500
2017-07-27,2683,113500,114500,115500,114500,115000
2017-07-28,3600,113000,114500,115500,114500,114500
2017-07-31,2673,113000,114500,115000,114500,114000
2017-08-01,4287,113000,115500,115500,115500,114500
2017-08-02,2481,114500,116000,116000,116000,116000
2017-08-03,3172,113500,115000,116000,115000,115500
2017-08-04,2980,113500,114000,116000,114000,115000
2017-08-07,2549,113000,113500,114000,113500,114000
2017-08-08,1706,112500,114500,115000,114500,114000
2017-08-09,2943,112500,113000,114500,113000,114500
2017-08-10,3892,110500,111000,113500,111000,113000
2017-08-11,4086,109000,110000,111500,110000,110500
2017-08-14,2975,109000,110500,112500,110500,110000
2017-08-16,3735,110000,111500,113000,111500,110500
2017-08-17,2851,110500,112500,114000,112500,111000
2017-08-18,2251,110000,110500,112500,110500,112500
2017-08-21,4831,109000,109000,111500,109000,111500
2017-08-22,2369,107500,108000,110000,108000,109000
2017-08-23,3036,107500,107500,109500,107500,108000
2017-08-24,7057,105000,105500,108000,105500,107500
2017-08-25,3058,105500,106500,107500,106500,105500
2017-08-28,1752,106000,106500,107500,106500,106500
2017-08-29,2428,105000,106000,107000,106000,106000
2017-08-30,2127,105000,106500,107000,106500,106500
2017-08-31,6314,105500,107500,108000,107500,106000
2017-09-01,3121,106500,106500,109000,106500,107500
2017-09-04,1743,105000,106000,107000,106000,105500
2017-09-05,2542,104000,105000,106500,105000,106500
2017-09-06,1859,103000,104500,105000,104500,105000
2017-09-07,1970,104000,106500,106500,106500,105000
2017-09-08,2815,104000,105500,106500,105500,106500
2017-09-11,2089,104000,104000,105500,104000,105500
2017-09-12,1575,103500,105500,106000,105500,104000
2017-09-13,721,104000,104000,105500,104000,105500
2017-09-14,2031,104000,104500,105500,104500,104000
2017-09-15,2809,103000,103500,105500,103500,104000
2017-09-18,1716,103500,104000,105000,104000,103500
2017-09-19,787,103000,105000,105000,105000,103500
2017-09-20,4475,102500,104500,105500,104500,105000
2017-09-21,1342,103000,103500,104500,103500,104500
2017-09-25,4728,100500,102500,104000,102500,104000
2017-09-26,0,102500,102500,102500,102500,102500
2017-09-27,4391,100000,100000,101500,100000,101500
2017-09-28,3491,99400,99800,100500,99800,100000
2017-09-29,3618,99700,101000,101000,101000,99700
2017-10-10,2399,99200,99500,101000,99500,101000
2017-10-11,2247,99500,102000,102000,102000,99500
2017-10-12,1455,100500,102000,102500,102000,102000
2017-10-13,2320,100000,100500,102500,100500,102500
2017-10-16,5110,99600,101000,102000,101000,101000
2017-10-17,8937,99600,100000,101000,100000,101000
2017-10-18,4892,99700,100000,101000,100000,100000
2017-10-19,5860,99800,100000,100500,100000,100000
2017-10-20,4025,99800,101000,101000,101000,100000
2017-10-23,4365,100000,101000,101000,101000,100500
2017-10-24,3533,100000,100500,101500,100500,101000
2017-10-25,3299,100000,101000,101500,101000,101000
2017-10-26,3267,100500,101000,101500,101000,100500
2017-10-27,4051,100500,101000,101500,101000,101000
2017-10-30,3899,101000,103500,103500,103500,101500
2017-10-31,2577,102000,102500,104000,102500,103500
2017-11-01,2880,101500,103500,103500,103500,102500
2017-11-02,2804,102000,103500,103500,103500,103000
2017-11-03,2413,103000,104500,104500,104500,104000
2017-11-06,3794,103000,105500,107000,105500,104000
2017-11-07,27710,105000,111000,115500,111000,105000
2017-11-08,5854,108000,108000,112500,108000,111000
2017-11-09,8269,105000,105500,110000,105500,108000
2017-11-10,5481,104500,105500,107500,105500,106000
2017-11-13,6753,105500,106500,109000,106500,105500
2017-11-14,19116,105500,110500,114000,110500,105500
2017-11-15,5385,110000,111000,113500,111000,110500
2017-11-16,2624,110500,112000,113000,112000,110500
2017-11-17,8592,111000,113500,115500,113500,111000
2017-11-20,6462,112000,112500,116500,112500,113500
2017-11-21,5833,110500,112000,113500,112000,113000
2017-11-22,3153,112000,113500,113500,113500,112000
2017-11-23,16934,112000,118500,120500,118500,114000
2017-11-24,16843,118500,121000,122500,121000,118500
2017-11-27,10446,120500,122000,122500,122000,121000
2017-11-28,1210,120000,121000,122500,121000,122000
2017-11-29,7609,118500,120000,122000,120000,120500
2017-11-30,7740,117500,119500,120500,119500,119500
2017-12-01,5130,117500,118500,120000,118500,119000
2017-12-04,3942,117500,120000,122500,120000,121000
2017-12-05,6498,118500,120000,121500,120000,121000
2017-12-06,7300,119500,121500,123000,121500,121000
2017-12-07,5713,119000,119500,121500,119500,120500
2017-12-08,1705,117500,119000,120500,119000,120500
2017-12-11,1569,118000,119000,119500,119000,119500
2017-12-12,14543,118000,119000,121500,119000,119000
2017-12-13,4751,119000,120500,121000,120500,119000
2017-12-14,7824,119000,120000,122500,120000,121500
2017-12-15,14371,118000,118000,121000,118000,121000
2017-12-18,5814,116000,117500,118000,117500,117500
2017-12-19,8970,114000,115000,117500,115000,117500
2017-12-21,7287,113500,115000,116000,115000,115000
2017-12-22,5416,114000,115000,117000,115000,114500
2017-12-26,3850,115000,116500,119500,116500,115000
2017-12-27,9551,113000,115000,117500,115000,117500
2017-12-28,4359,113000,113000,115000,113000,113500
2018-01-01,0,113000,113000,113000,113000,113000
2018-01-02,5988,112500,115000,116500,115000,113000
2018-01-03,4183,113500,113500,115500,113500,115000
2018-01-04,5738,112000,112500,114500,112500,114500
2018-01-05,10500,112000,114000,114000,114000,113000
2018-01-08,9805,113500,119000,119500,119000,114500
2018-01-09,7962,117500,121000,121500,121000,119000
2018-01-10,5820,117500,120000,121500,120000,121000
2018-01-11,4642,117000,119500,120500,119500,120500
2018-01-12,5412,116000,118500,120000,118500,119500
2018-01-15,2743,116500,118500,119000,118500,118500
2018-01-16,6517,116000,116500,118500,116500,118000
2018-01-17,2462,117000,118000,118500,118000,117500
2018-01-18,9931,117500,119000,119500,119000,118500
2018-01-19,3940,117500,118500,119500,118500,119500
2018-01-22,4437,117000,119500,119500,119500,118000
2018-01-23,2095,118000,118000,120000,118000,119500
2018-01-24,8032,118500,120000,121000,120000,119000
2018-01-25,24793,119000,123500,125500,123500,119000
2018-01-26,7760,122500,123500,125000,123500,125000
2018-01-29,5925,121500,121500,124500,121500,124500
2018-01-30,6882,120500,120500,123500,120500,121500
2018-01-31,13306,119000,119500,122500,119500,120500
2018-02-01,6826,118000,119000,121000,119000,119500
2018-02-02,11962,117000,117500,120000,117500,119000
2018-02-05,8556,117000,117000,118500,117000,117500
2018-02-06,11438,114000,117000,118000,117000,116500
2018-02-07,8915,113500,115000,117500,115000,117000
2018-02-08,5862,114000,115500,117000,115500,114000
2018-02-09,16279,108500,110000,114500,110000,114500
2018-02-12,3493,108000,111000,111500,111000,109500
2018-02-13,5583,111000,112500,114500,112500,111000
2018-02-14,6107,111000,113500,114000,113500,114000
2018-02-15,0,113500,113500,113500,113500,113500
2018-02-16,0,113500,113500,113500,113500,113500
2018-02-19,6576,113500,116000,117000,116000,114000
2018-02-20,18759,115500,125500,126000,125500,116500
2018-02-21,12552,123000,125000,127000,125000,125000
2018-02-22,7590,121500,124000,124500,124000,123500
2018-02-23,2740,121500,122000,124000,122000,122500
2018-02-26,3296,120000,122500,123000,122500,122000
2018-02-27,5285,119000,119000,123500,119000,121500
2018-02-28,7721,118500,122000,122000,122000,119000
2018-03-02,4412,121000,124000,124000,124000,121000
2018-03-05,4573,121000,123500,124500,123500,124000
2018-03-06,9092,120000,120500,125000,120500,124000
2018-03-07,3424,119500,120500,122500,120500,121500
2018-03-08,5203,119500,121500,122500,121500,122500
2018-03-09,7419,120500,124000,124000,124000,120500
2018-03-12,5602,121500,123000,124500,123000,124500
2018-03-13,7587,122500,124500,124500,124500,124000
2018-03-14,8522,122000,123500,124500,123500,124500
2018-03-15,6628,121500,123000,123500,123000,123500
2018-03-16,6042,121500,124000,124000,124000,122000
2018-03-19,2253,122500,122500,124000,122500,123500
2018-03-20,7601,121500,123000,123500,123000,122000
2018-03-21,10171,119000,119000,123500,119000,123000
2018-03-22,7456,117500,119000,121000,119000,119500
2018-03-23,3901,113000,114000,119500,114000,118000
2018-03-26,3268,112500,114500,114500,114500,114000
2018-03-27,5228,114500,117000,118000,117000,115500
2018-03-28,3081,114500,115000,117000,115000,117000
2018-03-29,3037,112000,112500,116000,112500,116000
2018-03-30,3390,112000,113500,113500,113500,113000
2018-04-02,6827,111000,112500,113500,112500,113500
2018-04-03,3289,111000,114000,114500,114000,112000
2018-04-04,3805,111000,111500,114500,111500,114000
2018-04-05,1668,111000,113000,114000,113000,111000
2018-04-06,2302,111500,114500,114500,114500,113000
2018-04-09,1970,112000,113500,114500,113500,114500
2018-04-10,2245,111000,111500,112500,111500,112500
2018-04-11,5948,108500,109000,110500,109000,110500
2018-04-12,1288,109500,111500,111500,111500,109500
2018-04-13,2632,109000,110000,112000,110000,112000
2018-04-16,1192,109000,109500,111000,109500,109500
2018-04-17,3683,107000,107000,110000,107000,109000
2018-04-18,2655,107000,107500,108500,107500,107000
2018-04-19,5300,106500,108000,108500,108000,108500
2018-04-20,2741,107000,110000,110500,110000,108500
2018-04-23,2967,108500,110500,111500,110500,110000
2018-04-24,3027,107500,108000,110500,108000,110500
2018-04-25,1706,107000,110000,110500,110000,108000
2018-04-26,2236,108500,108500,111000,108500,109500
2018-04-27,9881,107500,109000,111500,109000,109500
2018-04-30,3800,110000,111500,113000,111500,110000
2018-05-02,7146,110500,116500,116500,116500,111500
2018-05-03,4125,113000,114000,116500,114000,116500
2018-05-04,2958,113000,114000,116500,114000,114000
2018-05-08,2292,113500,114000,115500,114000,114000
2018-05-09,5167,111500,111500,115000,111500,114000
2018-05-10,5075,108500,110000,114000,110000,114000
2018-05-11,4035,108500,110000,111500,110000,111000
2018-05-14,5071,110500,115500,115500,115500,112000
2018-05-15,7925,112500,115000,116500,115000,116500
2018-05-16,11712,112000,112500,116000,112500,114500
2018-05-17,6009,111000,111500,114500,111500,112500
2018-05-18,3163,111000,112500,113500,112500,111500
2018-05-21,4721,111500,114500,115000,114500,111500
2018-05-23,10005,112000,116000,117000,116000,114000
2018-05-24,4903,114000,114000,116000,114000,115000
2018-05-25,3048,112000,112500,115000,112500,113500
2018-05-28,3489,113000,114500,115000,114500,114000
2018-05-29,8316,113000,114000,115000,114000,115000
2018-05-30,6772,111500,112500,114000,112500,113500
2018-05-31,13453,112500,115000,115000,115000,114000
2018-06-01,6406,113000,114000,115500,114000,115000
2018-06-04,3646,113000,114000,115000,114000,115000
2018-06-05,5029,113000,114500,115500,114500,113500
2018-06-07,7192,113500,113500,116000,113500,114500
2018-06-08,5105,112000,112000,113500,112000,113500
2018-06-11,3291,111500,113500,114000,113500,112000
2018-06-12,3269,112500,113500,114000,113500,114000
2018-06-14,9317,113000,115500,116500,115500,114000
2018-06-15,13168,115000,115500,117000,115500,116000
2018-06-18,6122,114000,116000,117000,116000,115000
2018-06-19,13484,113000,113000,118500,113000,116000
2018-06-20,5518,113000,115000,116000,115000,113500
2018-06-21,5107,115000,116500,116500,116500,115500
2018-06-22,9766,113000,114000,118000,114000,116500
2018-06-25,4548,113000,115500,116500,115500,114000
2018-06-26,6795,113500,113500,116000,113500,115500
2018-06-27,2979,113500,115500,115500,115500,113500
2018-06-28,1459,113500,113500,116000,113500,115500
2018-06-29,3035,112000,112000,115000,112000,113500
2018-07-02,3827,108500,109000,113500,109000,112500
2018-07-03,6977,104500,107000,111000,107000,109500
2018-07-04,1375,106000,106000,107500,106000,106000
2018-07-05,1744,105500,107000,107500,107000,107500
2018-07-06,1280,106000,106000,108000,106000,106500
2018-07-09,1804,106000,106000,108000,106000,106000
2018-07-10,4111,105500,107500,108000,107500,106500
2018-07-11,1477,106500,106500,108000,106500,107500
2018-07-12,1721,105500,107000,107500,107000,106500
2018-07-13,2245,106500,108500,109000,108500,107000
2018-07-16,969,108000,108500,109500,108500,108500
2018-07-17,1754,107500,109500,110000,109500,110000
2018-07-18,1484,108000,109500,110000,109500,108500
2018-07-19,1227,107500,109000,110000,109000,110000
2018-07-20,862,107000,108500,109000,108500,108500
2018-07-23,1010,107000,108000,109500,108000,108500
2018-07-24,1398,107000,108500,109000,108500,108000
2018-07-25,2463,107000,107500,110000,107500,108000
2018-07-26,2417,108000,110000,110000,110000,108000
2018-07-27,4182,108500,109500,110000,109500,110000
2018-07-30,1739,109500,111000,111000,111000,109500
2018-07-31,4596,110500,113500,114000,113500,110500
2018-08-01,2828,113500,114500,115500,114500,114000
2018-08-02,2070,113000,113000,116000,113000,115500
2018-08-03,1531,113500,114000,115500,114000,113500
2018-08-06,114500,114500,115500,114000,114000,801
2018-08-07,113000,113000,115500,112500,114500,587
2018-08-08,112000,112000,114500,112000,112500,1575
2018-08-09,112000,112000,113000,112000,112000,378
2018-08-10,111500,111500,112500,111500,112000,669
2018-08-13,111000,111000,112500,111000,111500,1764
2018-08-14,0,0,0,0,0,0
