,Adj Close,Close,High,Low,Open,Volume
2008-10-17,3235600,9200,9200,11900,7612,10800
2008-10-20,831800,7820,7820,9710,6470,9410
2008-10-21,2472100,7540,8310,8880,6876,7820
2008-10-22,1845200,7070,7220,8870,5974,8300
2008-10-23,614000,6400,6400,7050,5295,6860
2008-10-24,483300,5440,5440,6780,4501,6580
2008-10-27,435300,4630,4630,5500,3831,5100
2008-10-28,1310800,3940,4590,4890,3798,4075
2008-10-29,1453800,3905,4230,5270,3500,4900
2008-10-30,457800,4510,4860,4860,4021,4700
2008-10-31,907400,5030,5250,5580,4344,5110
2008-11-03,563900,5320,6030,6030,4989,5350
2008-11-04,504900,5800,6150,6430,5088,6250
2008-11-05,533300,5800,5960,6700,4931,6450
2008-11-06,449000,5070,5070,5650,4195,5500
2008-11-07,364200,4500,5370,5370,4443,4650
2008-11-10,559000,5310,6040,6130,4997,5510
2008-11-11,479500,5750,6300,6550,5213,5930
2008-11-12,268700,6120,6480,6630,5362,6120
2008-11-13,281500,5670,6000,6400,4964,6160
2008-11-14,611000,6150,6320,6460,5229,6320
2008-11-17,375300,5600,5600,6290,4633,6210
2008-11-18,473900,4970,4980,5580,4120,5500
2008-11-19,205100,4500,4960,5160,4104,5130
2008-11-20,236600,4230,4230,4650,3500,4590
2008-11-21,192100,3950,4655,4700,3851,4130
2008-11-24,155900,4440,4450,4900,3682,4605
2008-11-25,250400,4265,4295,4870,3554,4730
2008-11-26,147900,4295,4375,4480,3620,4360
2008-11-27,391100,4470,4685,4810,3876,4530
2008-11-28,276000,4360,4500,4775,3723,4720
2008-12-01,175600,4440,4460,4630,3690,4560
2008-12-02,135800,4120,4280,4360,3541,4200
2008-12-03,141600,4170,4200,4420,3475,4340
2008-12-04,261700,4190,4395,4630,3636,4300
2008-12-05,499800,4430,4740,4940,3922,4480
2008-12-08,369000,4805,4900,5020,4054,5000
2008-12-09,192300,4750,4790,5020,3963,4950
2008-12-10,548600,4835,5260,5490,4352,4890
2008-12-11,316700,5100,5210,5520,4311,5310
2008-12-12,288900,4845,4890,5340,4046,5140
2008-12-15,178600,5050,5130,5250,4244,5050
2008-12-16,354400,5050,5520,5650,4567,5200
2008-12-17,241100,5310,5350,5800,4426,5650
2008-12-18,99200,5300,5330,5540,4410,5450
2008-12-19,138286,5150,5320,5360,4402,5260
2008-12-22,93238,5210,5370,5400,4443,5400
2008-12-23,88555,5050,5100,5370,4220,5370
2008-12-24,114794,5050,5350,5500,4426,5090
2008-12-26,153841,5340,5400,5550,4468,5470
2008-12-29,59788,5060,5070,5330,4442,5330
2008-12-30,63610,4920,4950,5160,4336,5100
2009-01-02,60249,4860,5010,5050,4389,5000
2009-01-05,68226,4960,4960,5170,4345,5100
2009-01-06,119271,4910,5050,5190,4424,5000
2009-01-07,293563,5070,5590,5650,4897,5070
2009-01-08,129210,5420,5490,5630,4810,5420
2009-01-09,570433,5520,5990,6270,5248,5580
2009-01-12,208454,5760,5900,6160,5169,5820
2009-01-13,208182,5740,5950,6000,5213,5970
2009-01-14,168217,5850,5850,6150,5125,5920
2009-01-15,195478,5310,5320,5720,4661,5600
2009-01-16,108681,5300,5600,5600,4906,5400
2009-01-19,114621,5520,5520,5730,4836,5600
2009-01-20,123254,5250,5260,5520,4608,5520
2009-01-21,85927,4910,5110,5190,4477,5000
2009-01-22,159850,5230,5270,5500,4617,5280
2009-01-23,68090,5090,5130,5240,4494,5170
2009-01-28,69931,5170,5310,5350,4652,5170
2009-01-29,71983,5280,5300,5440,4643,5430
2009-01-30,199452,5100,5480,5550,4801,5200
2009-02-02,163949,5420,5480,5780,4801,5420
2009-02-03,215691,5470,5730,5730,5020,5570
2009-02-04,208502,5730,5860,6000,5134,5830
2009-02-05,178071,5540,5550,5890,4862,5760
2009-02-06,659437,5630,6380,6380,5589,5700
2009-02-09,967147,6550,6820,7190,5975,6650
2009-02-10,346863,6520,6580,6980,5765,6950
2009-02-11,401935,6220,6820,6930,5975,6360
2009-02-12,650287,6620,6660,7250,5835,7000
2009-02-13,235359,6510,6750,6840,5914,6600
2009-02-16,268896,6510,6510,6880,5703,6760
2009-02-17,364933,5790,5830,6550,5107,6520
2009-02-18,205640,5500,5800,5870,5081,5690
2009-02-19,203870,5710,5750,6010,5037,5820
2009-02-20,367533,5420,6000,6150,5256,5680
2009-02-23,177871,5910,6160,6260,5397,6030
2009-02-24,385339,5700,5750,6380,5037,5800
2009-02-25,296257,5300,5300,5940,4643,5900
2009-02-26,148871,5050,5110,5500,4477,5320
2009-02-27,53887,5070,5300,5300,4643,5070
2009-03-02,61692,5020,5040,5200,4415,5160
2009-03-03,118080,4765,4905,4995,4297,4815
2009-03-04,81364,4850,5150,5150,4512,4950
2009-03-05,143115,5120,5350,5500,4687,5190
2009-03-06,103918,5150,5310,5390,4652,5150
2009-03-09,111603,5280,5420,5530,4748,5450
2009-03-10,111003,5290,5420,5420,4748,5400
2009-03-11,174513,5420,5590,5670,4897,5570
2009-03-12,157586,5450,5450,5790,4775,5690
2009-03-13,177528,5310,5310,5590,4652,5530
2009-03-16,129244,5300,5400,5470,4731,5310
2009-03-17,297040,5380,5760,5760,5046,5410
2009-03-18,243047,5750,5830,5950,5107,5870
2009-03-19,124319,5650,5790,5930,5072,5900
2009-03-20,455602,5800,6250,6250,5475,5820
2009-03-23,46823,6180,6300,6330,5519,6300
2009-03-24,211463,6180,6180,6550,5414,6530
2009-03-25,139231,6100,6210,6320,5440,6180
2009-03-26,301941,6200,6590,6630,5773,6280
2009-03-27,184953,6370,6440,6680,5642,6640
2009-03-30,187105,5850,5870,6440,5143,6440
2009-03-31,142849,5890,6020,6150,5274,5890
2009-04-01,166839,6010,6020,6170,5274,6100
2009-04-02,705689,6100,6920,6920,6062,6100
2009-04-03,1483917,7010,7430,7660,6509,7100
2009-04-06,705431,7220,7390,7700,6474,7430
2009-04-07,637181,7260,7900,7900,6921,7380
2009-04-08,1023934,7650,8260,8700,7237,7810
2009-04-09,547204,8130,8450,8520,7403,8480
2009-04-10,539551,8250,8410,8750,7368,8710
2009-04-13,532120,8200,8200,8700,7184,8450
2009-04-14,721640,7770,7840,8320,6869,8290
2009-04-15,634892,7610,8120,8210,7114,7900
2009-04-16,1358914,8160,8530,9300,7473,8300
2009-04-17,896622,7750,8600,9050,7534,8790
2009-04-20,339595,8300,8670,8820,7596,8600
2009-04-21,271287,8150,8320,8570,7289,8300
2009-04-22,571339,8150,8760,8840,7675,8340
2009-04-23,353825,8480,8590,8850,7526,8760
2009-04-24,526768,8450,8600,9000,7534,8590
2009-04-27,692016,8630,8960,9220,7850,8700
2009-04-28,471791,7920,8080,9170,7079,9080
2009-04-29,422713,7810,7910,8240,6930,8080
2009-04-30,321122,7850,7990,8250,7000,8170
2009-05-04,262785,8020,8410,8430,7368,8110
2009-05-06,205373,8300,8410,8710,7368,8610
2009-05-07,202885,8250,8300,8520,7272,8520
2009-05-08,183876,8060,8190,8350,7175,8300
2009-05-11,396868,8200,8610,8610,7543,8300
2009-05-12,794983,8400,9050,9050,7929,8650
2009-05-13,1445240,9290,10050,10350,8805,9350
2009-05-14,418906,9560,9630,9990,8437,9800
2009-05-15,941445,9520,10100,10950,8849,9750
2009-05-18,304479,9600,9800,10150,8586,9930
2009-05-19,379164,9700,9700,10400,8498,10100
2009-05-20,510036,9380,10150,10150,8892,9810
2009-05-21,834788,9980,10550,11100,9243,10300
2009-05-22,415333,10250,10800,10850,9462,10400
2009-05-25,547093,9710,10750,11050,9418,10800
2009-05-26,520087,9750,9830,10850,8612,10800
2009-05-27,325086,9300,9300,10150,8148,9970
2009-05-28,461811,8400,9670,9670,8472,9040
2009-05-29,403069,9240,9900,9900,8673,9450
2009-06-01,207148,9900,10050,10250,8805,10150
2009-06-02,273604,9770,10050,10300,8805,10300
2009-06-03,133561,9870,9870,10150,8647,10100
2009-06-04,143825,9400,9400,9900,8235,9870
2009-06-05,74581,9060,9310,9620,8156,9420
2009-06-08,92687,9260,9260,9570,8113,9400
2009-06-09,274554,8610,8610,9300,7543,9300
2009-06-10,217807,8430,8670,8940,7596,8650
2009-06-11,159644,8500,8520,8860,7464,8670
2009-06-12,118693,8520,8660,8730,7587,8670
2009-06-15,172559,8430,8440,8730,7394,8650
2009-06-16,283101,7940,7940,8300,6956,8300
2009-06-17,190020,7900,8150,8230,7140,7940
2009-06-18,180999,8030,8100,8330,7096,8150
2009-06-19,303042,7700,7710,8360,6755,8230
2009-06-22,112726,7580,7770,7850,6807,7730
2009-06-23,143395,7270,7290,7600,6387,7600
2009-06-24,189569,7220,7600,7620,6658,7300
2009-06-25,170916,7590,7960,8030,6974,7640
2009-06-26,88355,7730,7930,8000,6947,7960
2009-06-29,71555,7820,7900,7970,6921,7830
2009-06-30,166700,7650,8050,8050,7053,7850
2009-07-01,54700,7810,7850,8050,6877,8050
2009-07-02,64099,7550,7630,7910,6685,7890
2009-07-03,53003,7450,7770,7770,6807,7450
2009-07-06,58733,7600,7740,7820,6781,7770
2009-07-07,42601,7630,7660,7750,6711,7700
2009-07-08,58862,7390,7560,7660,6623,7660
2009-07-09,69579,7520,7800,7830,6833,7570
2009-07-10,250862,7900,8270,8530,7245,7900
2009-07-13,122361,7850,7850,8440,6877,8260
2009-07-14,91463,8000,8290,8290,7263,8000
2009-07-15,88424,8250,8380,8490,7342,8350
2009-07-16,131774,8260,8460,8560,7412,8420
2009-07-17,229076,8300,8710,8760,7631,8540
2009-07-20,112180,8520,8540,8820,7482,8800
2009-07-21,139778,8130,8200,8800,7184,8550
2009-07-22,71372,8120,8270,8330,7245,8250
2009-07-23,61697,8150,8200,8290,7184,8270
2009-07-24,70004,8080,8270,8360,7245,8220
2009-07-27,225322,8170,8660,8660,7587,8200
2009-07-28,155744,8530,8800,8870,7710,8550
2009-07-29,119249,8580,8580,8920,7517,8890
2009-07-30,111084,8370,8550,8710,7491,8530
2009-07-31,117340,8370,8550,8810,7491,8600
2009-08-03,79264,8350,8390,8630,7350,8630
2009-08-04,119610,8210,8240,8620,7219,8530
2009-08-05,81062,8090,8100,8340,7096,8240
2009-08-06,56831,7950,8060,8250,7061,8100
2009-08-07,62616,8020,8100,8180,7096,8100
2009-08-10,94081,8100,8260,8410,7237,8200
2009-08-11,87179,8090,8090,8370,7088,8360
2009-08-12,51093,8050,8160,8160,7149,8070
2009-08-13,98580,8110,8280,8340,7254,8110
2009-08-14,86045,8120,8170,8360,7158,8340
2009-08-17,91453,7980,8200,8200,7184,8200
2009-08-18,53457,7940,8010,8120,7017,8090
2009-08-19,95394,7730,7750,8100,6790,8030
2009-08-20,48390,7610,7830,7840,6860,7800
2009-08-21,87984,7590,7590,8090,6649,7850
2009-08-24,107510,7320,7330,7790,6422,7590
2009-08-25,35723,7300,7320,7500,6413,7300
2009-08-26,36637,7330,7540,7540,6606,7380
2009-08-27,32192,7530,7650,7690,6702,7540
2009-08-28,24597,7480,7580,7760,6641,7760
2009-08-31,47599,7500,7640,7650,6693,7500
2009-09-01,24313,7460,7480,7640,6553,7640
2009-09-02,59720,7250,7300,7480,6395,7480
2009-09-03,77072,7210,7300,7380,6395,7300
2009-09-04,57066,7170,7170,7350,6281,7330
2009-09-07,43709,7070,7200,7270,6308,7190
2009-09-08,100704,7000,7080,7330,6203,7330
2009-09-09,48195,7080,7100,7160,6220,7160
2009-09-10,187255,7020,7520,7520,6588,7020
2009-09-11,44574,7420,7520,7640,6588,7420
2009-09-14,37321,7350,7450,7520,6527,7400
2009-09-15,38340,7440,7610,7700,6667,7700
2009-09-16,60195,7550,7720,7760,6763,7660
2009-09-17,43033,7450,7500,7750,6571,7650
2009-09-18,76416,7270,7350,7580,6439,7500
2009-09-21,52491,7240,7300,7460,6395,7400
2009-09-22,31441,7180,7380,7420,6465,7180
2009-09-23,32369,7250,7380,7450,6465,7450
2009-09-24,36256,7200,7320,7420,6413,7420
2009-09-25,19248,7180,7300,7320,6395,7320
2009-09-28,32746,6850,7160,7280,6273,7280
2009-09-29,38084,7000,7270,7390,6369,7170
2009-09-30,25272,7200,7300,7380,6395,7370
2009-10-01,42759,7000,7120,7400,6238,7300
2009-10-05,25127,6890,7050,7100,6176,7100
2009-10-06,27642,6920,7050,7150,6176,7150
2009-10-07,12328,6990,7030,7120,6159,7070
2009-10-08,22812,7000,7200,7200,6308,7030
2009-10-09,14937,7080,7260,7290,6360,7290
2009-10-12,13044,7250,7250,7330,6352,7260
2009-10-13,10504,7090,7090,7280,6211,7270
2009-10-14,13861,7010,7130,7180,6246,7100
2009-10-15,30016,7130,7350,7430,6439,7130
2009-10-16,24864,7100,7300,7450,6395,7350
2009-10-19,21795,7120,7310,7370,6404,7290
2009-10-20,33028,7300,7410,7450,6492,7300
2009-10-21,106455,7420,7650,7850,6702,7420
2009-10-22,96955,7650,7930,8010,6947,7750
2009-10-23,64561,7720,7900,8090,6921,8090
2009-10-26,38672,7500,7650,8050,6702,7750
2009-10-27,35751,7540,7640,7850,6693,7610
2009-10-28,44796,7190,7410,7800,6492,7440
2009-10-29,21956,7050,7110,7330,6229,7330
2009-10-30,31015,7060,7100,7250,6220,7250
2009-11-02,22370,6820,7100,7110,6220,6900
2009-11-03,11228,6910,6930,7110,6071,6910
2009-11-04,9679,6950,7080,7100,6203,6950
2009-11-05,15240,6850,7000,7200,6133,7070
2009-11-06,22756,6900,6930,7080,6071,7000
2009-11-09,21243,6890,6890,7000,6036,6970
2009-11-10,19077,6900,6960,7090,6098,6950
2009-11-11,9049,6930,7000,7010,6133,6930
2009-11-12,9230,6890,6960,7020,6098,7000
2009-11-13,26658,6700,6960,7080,6098,7000
2009-11-16,14751,6850,6950,6990,6089,6890
2009-11-17,47325,6430,6570,6960,5756,6960
2009-11-18,47385,6350,6400,6680,5607,6630
2009-11-19,35811,6330,6440,6490,5642,6490
2009-11-20,48122,6370,6880,6880,6027,6380
2009-11-23,42144,6760,7100,7100,6220,6980
2009-11-24,11630,6840,6860,7090,6010,6960
2009-11-25,31720,6660,6990,6990,6124,6860
2009-11-26,22601,6830,7080,7080,6203,6880
2009-11-27,26671,6790,6830,7060,5984,7010
2009-11-30,13397,6770,7000,7000,6133,6770
2009-12-01,11581,6820,6840,6970,5992,6840
2009-12-02,14930,6770,6770,6930,5931,6820
2009-12-03,100722,6660,6700,6980,5870,6750
2009-12-04,32368,6600,6700,6770,5870,6630
2009-12-07,6400,6720,6720,6770,5887,6760
2009-12-08,11723,6660,6730,6790,5896,6700
2009-12-09,10313,6650,6710,6750,5878,6680
2009-12-10,7975,6660,6660,6740,5835,6710
2009-12-11,25138,6600,6750,6860,5914,6740
2009-12-14,137135,7040,7310,7400,6404,7120
2009-12-15,26133,7150,7250,7370,6352,7310
2009-12-16,35349,7260,7410,7500,6492,7350
2009-12-17,36403,7490,7660,7710,6711,7530
2009-12-18,30398,7320,7420,7660,6501,7660
2009-12-21,57569,7360,7430,7600,6509,7500
2009-12-22,26739,7290,7300,7420,6395,7350
2009-12-23,15290,7200,7210,7400,6317,7350
2009-12-24,23097,7130,7150,7300,6264,7210
2009-12-28,27947,7100,7310,7400,6404,7160
2009-12-29,7297,7180,7240,7400,6431,7200
2009-12-30,6805,7200,7300,7380,6484,7240
2010-01-04,17729,7190,7320,7450,6502,7310
2010-01-05,29216,7290,7350,7500,6529,7500
2010-01-06,52247,7350,7600,7650,6751,7390
2010-01-07,106398,7550,7710,8130,6848,7600
2010-01-08,36185,7650,7750,7890,6884,7770
2010-01-11,27523,7720,7820,7880,6946,7750
2010-01-12,156450,7710,8230,8270,7310,7820
2010-01-13,107230,7840,8040,8250,7141,8230
2010-01-14,87636,7920,8180,8230,7266,8040
2010-01-15,49270,7920,8180,8240,7266,8200
2010-01-18,39914,7950,8150,8180,7239,8100
2010-01-19,50764,8000,8200,8240,7284,8000
2010-01-20,97826,8120,8460,8460,7515,8300
2010-01-21,191915,8280,8300,8700,7372,8600
2010-01-22,60251,8020,8220,8290,7301,8020
2010-01-25,91479,7850,7930,8190,7044,8010
2010-01-26,110819,7850,8090,8200,7186,8100
2010-01-27,29621,7850,8060,8180,7159,8180
2010-01-28,60819,7760,8260,8270,7337,8090
2010-01-29,13534,7900,7900,8200,7017,8160
2010-02-01,47817,7510,7950,8000,7062,7800
2010-02-02,20379,7820,8000,8090,7106,7900
2010-02-03,28891,7910,8140,8140,7230,8100
2010-02-04,13069,7950,7960,8300,7070,8300
2010-02-05,44244,7400,7590,7880,6742,7600
2010-02-08,7705,7420,7490,7650,6653,7650
2010-02-09,56812,7150,7860,7860,6982,7380
2010-02-10,5206,7500,7770,7900,6902,7850
2010-02-11,10685,7520,7710,7970,6848,7520
2010-02-12,24134,7570,7590,7850,6742,7630
2010-02-16,18047,7450,7480,7780,6644,7590
2010-02-17,8041,7450,7600,7680,6751,7500
2010-02-18,12066,7490,7590,7760,6742,7760
2010-02-19,22238,7470,7610,7640,6759,7590
2010-02-22,66590,7620,7690,7850,6831,7780
2010-02-23,19541,7570,7650,7750,6795,7700
2010-02-24,14363,7580,7610,7700,6759,7650
2010-02-25,9004,7400,7490,7770,6653,7580
2010-02-26,23394,7280,7370,7490,6546,7490
2010-03-02,92523,7040,7040,7490,6253,7490
2010-03-03,28576,6960,7050,7150,6262,7100
2010-03-04,44986,6900,6920,7130,6147,7130
2010-03-05,10773,6870,6990,7050,6209,6870
2010-03-08,44217,6970,6970,7090,6191,7030
2010-03-09,24428,6950,7040,7060,6253,6950
2010-03-10,127791,7050,7170,7210,6369,7050
2010-03-11,31035,7140,7180,7260,6378,7170
2010-03-12,14249,7130,7170,7230,6369,7230
2010-03-15,40100,7050,7180,7230,6378,7090
2010-03-16,105786,7110,7640,7650,6786,7180
2010-03-17,40872,7560,7640,7730,6786,7560
2010-03-18,68670,7650,7700,7810,6839,7700
2010-03-19,14797,7610,7610,7800,6759,7800
2010-03-22,8478,7450,7500,7640,6662,7610
2010-03-23,19334,7400,7490,7550,6653,7400
2010-03-24,25340,7300,7500,7540,6662,7490
2010-03-25,7009,7380,7580,7600,6733,7450
2010-03-26,11780,7360,7370,7590,6546,7480
2010-03-29,15328,7280,7280,7470,6466,7470
2010-03-30,23757,7220,7340,7350,6520,7300
2010-03-31,19646,7180,7180,7380,6378,7250
2010-04-01,37927,7130,7220,7290,6413,7290
2010-04-02,31451,7220,7460,7480,6626,7330
2010-04-05,17981,7170,7320,7530,6502,7500
2010-04-06,33606,7250,7530,7540,6688,7320
2010-04-07,39802,7450,7710,7790,6848,7520
2010-04-08,55984,7630,7940,7960,7053,7710
2010-04-09,47320,7830,7930,7950,7044,7940
2010-04-12,19615,7840,7860,8010,6982,7930
2010-04-13,12355,7620,7750,7980,6884,7860
2010-04-14,7564,7720,7850,7920,6973,7720
2010-04-15,90917,7850,8070,8120,7168,7930
2010-04-16,88195,8080,8200,8350,7284,8100
2010-04-19,46308,8000,8150,8230,7239,8060
2010-04-20,58172,8160,8350,8420,7417,8310
2010-04-21,47260,8180,8200,8490,7284,8280
2010-04-22,25121,8010,8090,8280,7186,8280
2010-04-23,75201,7600,7740,8160,6875,8130
2010-04-26,41436,7750,7950,8020,7062,7800
2010-04-27,26886,7910,8000,8050,7106,8000
2010-04-28,8367,7750,7980,7990,7088,7750
2010-04-29,88658,7880,8280,8340,7355,8100
2010-04-30,51946,8180,8270,8340,7346,8280
2010-05-03,91968,7900,8000,8270,7106,8270
2010-05-04,52163,7930,7970,8080,7079,8050
2010-05-06,64120,7700,7730,7890,6866,7820
2010-05-07,57516,7480,7790,7870,6919,7640
2010-05-10,33690,7760,7800,7990,6928,7990
2010-05-11,49305,7820,8000,8050,7106,8000
2010-05-12,32988,7950,8080,8180,7177,8100
2010-05-13,103092,8090,8200,8250,7284,8090
2010-05-14,82528,8180,8230,8350,7310,8300
2010-05-17,62178,8130,8210,8270,7292,8250
2010-05-18,66303,8150,8200,8330,7284,8270
2010-05-19,21257,7800,8040,8320,7141,8160
2010-05-20,40414,7600,7790,8180,6919,8030
2010-05-24,15069,7650,7860,7870,6982,7860
2010-05-25,16658,6740,7370,7880,6546,7750
2010-05-26,18945,7160,7590,7600,6742,7300
2010-05-27,28067,7230,7550,7770,6706,7590
2010-05-28,16797,7380,7470,7710,6635,7710
2010-05-31,35665,7300,7510,7600,6671,7390
2010-06-01,24195,7500,7600,7630,6751,7510
2010-06-03,16314,7600,7880,7880,6999,7750
2010-06-04,16177,7880,7880,7960,6999,7950
2010-06-07,11550,7560,7750,7750,6884,7560
2010-06-08,13301,7670,7800,7950,6928,7890
2010-06-09,7352,7700,7810,7950,6937,7950
2010-06-10,20668,7800,7970,7990,7079,7990
2010-06-11,14441,7720,7880,8030,6999,8030
2010-06-14,8770,7800,7850,8000,6973,7820
2010-06-15,15784,7780,7850,7930,6973,7850
2010-06-16,15719,7730,7740,7950,6875,7930
2010-06-17,17380,7500,7500,7840,6662,7840
2010-06-18,24368,7400,7440,7680,6608,7680
2010-06-21,60242,7430,7440,7700,6608,7700
2010-06-22,62411,7380,7410,7680,6582,7640
2010-06-23,26135,7340,7390,7550,6564,7360
2010-06-24,69211,7230,7300,7460,6484,7390
2010-06-25,57887,7210,7350,7380,6529,7210
2010-06-28,56607,7310,7470,7480,6635,7350
2010-06-29,34922,7300,7310,7530,6493,7530
2010-06-30,22503,7180,7290,7300,6475,7300
2010-07-01,38570,7110,7250,7370,6440,7190
2010-07-02,31156,7140,7250,7300,6440,7140
2010-07-05,24273,7080,7320,7320,6502,7300
2010-07-06,47773,7100,7120,7320,6324,7300
2010-07-07,42081,7010,7020,7250,6235,7130
2010-07-08,48650,7030,7450,7450,6617,7060
2010-07-09,20535,7220,7420,7420,6591,7280
2010-07-12,19265,7370,7440,7500,6608,7490
2010-07-13,18560,7330,7330,7500,6511,7460
2010-07-14,32998,7240,7310,7430,6493,7430
2010-07-15,14286,7240,7320,7370,6502,7370
2010-07-16,5916,7220,7310,7330,6493,7270
2010-07-19,5524,7160,7190,7290,6386,7200
2010-07-20,11553,7150,7250,7300,6440,7300
2010-07-21,29544,7100,7160,7300,6360,7220
2010-07-22,7913,7070,7100,7290,6306,7230
2010-07-23,19072,7050,7100,7200,6306,7200
2010-07-26,12751,7070,7220,7250,6413,7070
2010-07-27,5589,7190,7300,7380,6484,7270
2010-07-28,13780,7140,7190,7320,6386,7240
2010-07-29,14113,7050,7240,7290,6431,7190
2010-07-30,39439,7150,7350,7360,6529,7240
2010-08-02,7307,7250,7250,7400,6440,7400
2010-08-03,24791,7100,7200,7350,6395,7260
2010-08-04,5065,7150,7220,7270,6413,7210
2010-08-05,16455,7130,7190,7300,6386,7260
2010-08-06,8894,7150,7200,7270,6395,7170
2010-08-09,22000,7210,7420,7450,6591,7220
2010-08-10,14978,7310,7430,7460,6600,7440
2010-08-11,29231,7340,7350,7510,6529,7460
2010-08-12,11825,7280,7290,7450,6475,7300
2010-08-13,11168,7250,7370,7420,6546,7250
2010-08-16,12245,7230,7240,7340,6431,7230
2010-08-17,18717,7210,7370,7380,6546,7210
2010-08-18,33627,7260,7380,7430,6555,7430
2010-08-19,33026,7300,7520,7530,6680,7380
2010-08-20,87530,7430,7690,7840,6831,7520
2010-08-23,19025,7540,7650,7780,6795,7700
2010-08-24,18094,7450,7560,7640,6715,7590
2010-08-25,21344,7400,7400,7560,6573,7500
2010-08-26,10658,7310,7460,7540,6626,7350
2010-08-27,37835,7190,7290,7460,6475,7400
2010-08-30,15704,7250,7370,7500,6546,7250
2010-08-31,53175,7300,7400,7410,6573,7410
2010-09-01,13307,7300,7390,7490,6564,7490
2010-09-02,11080,7370,7370,7490,6546,7450
2010-09-03,35619,7260,7260,7410,6449,7300
2010-09-06,15252,7230,7250,7320,6440,7270
2010-09-07,8112,7230,7320,7370,6502,7250
2010-09-08,29024,7200,7320,7370,6502,7330
2010-09-09,13769,7180,7180,7320,6378,7320
2010-09-10,10483,7220,7290,7310,6475,7220
2010-09-13,17699,7190,7210,7280,6404,7230
2010-09-14,7566,7200,7280,7300,6466,7200
2010-09-15,13017,7170,7320,7320,6502,7200
2010-09-16,15692,7170,7320,7430,6502,7430
2010-09-17,6470,7220,7320,7370,6502,7220
2010-09-20,25413,7310,7390,7410,6564,7350
2010-09-24,23520,7390,7400,7490,6573,7490
2010-09-27,22846,7330,7400,7540,6573,7370
2010-09-28,34633,7390,7460,7470,6626,7400
2010-09-29,40358,7400,7400,7550,6573,7450
2010-09-30,33365,7370,7520,7530,6680,7400
2010-10-01,51219,7400,7490,7540,6653,7450
2010-10-04,49640,7420,7630,7770,6777,7520
2010-10-05,72578,7560,7650,7760,6795,7640
2010-10-06,46831,7640,7750,7800,6884,7790
2010-10-07,70150,7590,7600,7820,6751,7770
2010-10-08,40309,7560,7600,7730,6751,7600
2010-10-11,24626,7600,7650,7740,6795,7610
2010-10-12,29007,7620,7680,7800,6822,7800
2010-10-13,32514,7610,7680,7760,6822,7760
2010-10-14,18430,7560,7600,7750,6751,7680
2010-10-15,23255,7550,7700,7750,6839,7600
2010-10-18,37036,7650,7780,7780,6910,7700
2010-10-19,73791,7830,8080,8120,7177,7850
2010-10-20,51479,8000,8180,8200,7266,8000
2010-10-21,85483,8210,8380,8440,7443,8250
2010-10-22,124571,8150,8480,8510,7532,8280
2010-10-25,93107,8420,8600,8620,7639,8490
2010-10-26,246209,8650,9100,9200,8083,8700
2010-10-27,197618,8860,8900,9190,7905,9100
2010-10-28,75055,8740,8820,9020,7834,8860
2010-10-29,77499,8550,8650,8890,7683,8820
2010-11-01,78912,8600,8780,8820,7799,8770
2010-11-02,36354,8650,8780,8920,7799,8710
2010-11-03,65236,8540,8640,8790,7674,8790
2010-11-04,192189,8640,9020,9050,8012,8720
2010-11-05,71164,8900,8980,9190,7976,9180
2010-11-08,55708,8860,8920,9090,7923,9090
2010-11-09,64713,8670,8860,9110,7870,9000
2010-11-10,58707,8540,8780,8880,7799,8760
2010-11-11,35875,8630,8730,8780,7754,8780
2010-11-12,115808,8350,8700,8870,7728,8650
2010-11-15,88197,8730,8730,9110,7754,8750
2010-11-16,215508,8850,8900,9010,7905,8890
2010-11-17,101135,8750,8800,8940,7817,8890
2010-11-18,80901,8560,8640,8900,7674,8720
2010-11-19,56570,8500,8600,8770,7639,8640
2010-11-22,42628,8510,8620,8740,7657,8600
2010-11-23,39629,8560,8560,8740,7603,8620
2010-11-24,150947,8150,8210,8420,7292,8150
2010-11-25,108319,8060,8060,8390,7159,8330
2010-11-26,37979,8000,8100,8270,7195,8150
2010-11-29,35810,8050,8200,8290,7284,8050
2010-11-30,43356,8200,8340,8350,7408,8280
2010-12-01,45512,8200,8350,8450,7417,8440
2010-12-02,29754,8270,8370,8490,7435,8350
2010-12-03,41877,8240,8250,8450,7328,8450
2010-12-06,75161,8040,8120,8340,7213,8340
2010-12-07,53186,8030,8170,8200,7257,8170
2010-12-08,45482,8080,8260,8280,7337,8100
2010-12-09,31670,8220,8350,8390,7417,8270
2010-12-10,14229,8290,8360,8440,7426,8440
2010-12-13,25289,8270,8300,8440,7372,8440
2010-12-14,20761,8190,8410,8450,7470,8390
2010-12-15,19457,8240,8240,8440,7319,8440
2010-12-16,19575,8170,8240,8380,7319,8380
2010-12-17,33156,8110,8240,8350,7319,8350
2010-12-20,30675,8060,8160,8240,7248,8240
2010-12-21,40804,8140,8370,8370,7435,8160
2010-12-22,25527,8280,8390,8440,7452,8420
2010-12-23,29102,8320,8370,8410,7435,8410
2010-12-24,30948,8360,8400,8470,7461,8470
2010-12-27,16146,8300,8390,8430,7452,8310
2010-12-28,23235,8310,8340,8450,7408,8430
2010-12-29,20716,8260,8260,8420,7517,8330
2010-12-30,14989,8150,8320,8400,7572,8260
2011-01-03,35403,8190,8320,8320,7572,8320
2011-01-04,68195,8200,8550,8600,7781,8250
2011-01-05,65293,8450,8660,8810,7881,8450
2011-01-06,27368,8600,8720,8820,7936,8710
2011-01-07,28620,8500,8600,8810,7827,8720
2011-01-10,57963,8510,8790,8800,8000,8560
2011-01-11,19231,8630,8710,8800,7927,8800
2011-01-12,15940,8640,8690,8750,7909,8700
2011-01-13,22236,8620,8780,8790,7990,8680
2011-01-14,40176,8640,8670,8830,7890,8830
2011-01-17,40477,8500,8550,8770,7781,8770
2011-01-18,50368,8320,8350,8640,7599,8520
2011-01-19,50253,8270,8270,8430,7526,8340
2011-01-20,33995,8210,8380,8380,7626,8350
2011-01-21,33232,8200,8200,8420,7463,8350
2011-01-24,47546,8150,8460,8490,7699,8200
2011-01-25,178968,8540,9060,9500,8245,8600
2011-01-26,56893,9020,9130,9450,8309,9020
2011-01-27,51446,8910,8950,9200,8145,9190
2011-01-28,38286,8640,8800,9140,8009,8950
2011-01-31,40255,8420,8430,8750,7672,8590
2011-02-01,24335,8450,8510,8690,7745,8450
2011-02-07,42347,8600,8920,8980,8118,8600
2011-02-08,44868,8780,8920,9080,8118,8850
2011-02-09,32449,8920,8920,9040,8118,8920
2011-02-10,11267,8800,8850,9010,8054,8920
2011-02-11,36814,8810,8900,9020,8100,8810
2011-02-14,25922,8750,8800,8930,8009,8850
2011-02-15,24102,8660,8780,8850,7990,8700
2011-02-16,26685,8610,8880,8880,8081,8610
2011-02-17,27249,8700,8770,8980,7981,8940
2011-02-18,39631,8620,8780,8880,7990,8620
2011-02-21,102575,8800,9080,9250,8263,8900
2011-02-22,57310,8760,8930,9120,8127,9120
2011-02-23,39775,8800,8930,8990,8127,8800
2011-02-24,38916,8800,8900,9060,8100,8930
2011-02-25,23459,8800,8940,9060,8136,9060
2011-02-28,40514,8590,8600,8950,7827,8950
2011-03-02,27942,8400,8630,8670,7854,8650
2011-03-03,18980,8500,8630,8730,7854,8700
2011-03-04,17657,8650,8800,8800,8009,8650
2011-03-07,7132,8710,8800,8940,8009,8800
2011-03-08,20550,8630,8800,8840,8009,8840
2011-03-09,24681,8750,8800,8870,8009,8860
2011-03-10,9757,8700,8760,8870,7972,8870
2011-03-11,14833,8610,8770,8800,7981,8790
2011-03-14,16930,8570,8600,8910,7827,8840
2011-03-15,23944,8200,8400,8760,7645,8670
2011-03-16,20519,8330,8430,8580,7672,8400
2011-03-17,20416,8220,8380,8420,7626,8390
2011-03-18,18017,8380,8650,8680,7872,8380
2011-03-21,38813,8760,8920,9000,8118,8790
2011-03-22,22839,8850,8900,9030,8100,9030
2011-03-23,25535,8750,8810,8950,8018,8950
2011-03-24,186058,8940,9310,9320,8473,8980
2011-03-25,105717,9250,9300,9800,8464,9300
2011-03-28,132447,9270,9590,9630,8728,9270
2011-03-29,49195,9430,9620,9650,8755,9650
2011-03-30,30926,9530,9560,9700,8700,9620
2011-03-31,377862,9620,10300,10900,9374,9670
2011-04-01,106765,9970,10200,10550,9283,10150
2011-04-04,166495,10200,10400,10800,9465,10300
2011-04-05,96233,10000,10500,10550,9556,10500
2011-04-06,164323,10250,10550,11100,9601,10600
2011-04-07,147879,10000,10450,10700,9510,10550
2011-04-08,175049,10150,10550,10700,9601,10500
2011-04-11,123211,10400,10950,11050,9965,10600
2011-04-12,165272,10350,10400,11200,9465,10950
2011-04-13,205141,10200,10850,11100,9874,10300
2011-04-14,218880,10900,11350,11450,10329,11100
2011-04-15,86406,11200,11300,11450,10284,11250
2011-04-18,98534,11050,11150,11400,10147,11300
2011-04-19,109080,10650,10650,11100,9692,11000
2011-04-20,185547,10600,10700,10950,9738,10800
2011-04-21,136614,10600,10750,11150,9783,10700
2011-04-22,133389,10400,10600,10950,9647,10800
2011-04-25,171180,10100,10500,10750,9556,10600
2011-04-26,173063,10250,10500,10900,9556,10400
2011-04-27,123055,9920,10000,10500,9101,10400
2011-04-28,158140,9530,9560,10000,8700,9990
2011-04-29,70851,9300,9450,9730,8600,9730
2011-05-02,58084,9410,9890,9930,9001,9410
2011-05-03,50452,9700,9730,9980,8855,9890
2011-05-04,63570,9720,9900,10100,9010,9810
2011-05-06,31471,9720,9870,9960,8982,9800
2011-05-09,51768,9510,9560,9920,8700,9920
2011-05-11,74692,9430,9450,9850,8600,9470
2011-05-12,56266,9140,9260,9450,8427,9450
2011-05-13,73227,9160,9280,9430,8445,9280
2011-05-16,50030,9080,9120,9440,8300,9290
2011-05-17,120874,8820,9040,9250,8227,9120
2011-05-18,92554,8820,8840,9120,8045,9000
2011-05-19,79233,8840,8950,9080,8145,8990
2011-05-20,69241,8680,8700,9040,7918,8960
2011-05-23,108049,8330,8520,8630,7754,8600
2011-05-24,56254,8410,8770,8770,7981,8500
2011-05-25,62816,8620,9100,9110,8282,8840
2011-05-26,93448,8810,9640,9680,8773,8810
2011-05-27,19171,9360,9420,9780,8573,9500
2011-05-30,106946,9420,9850,9940,8964,9420
2011-05-31,46565,9300,9300,10300,8464,9770
2011-06-01,16192,9510,9750,9870,8873,9600
2011-06-02,45195,9040,9100,9750,8282,9620
2011-06-03,31025,8950,9000,9350,8191,9110
2011-06-07,18155,8880,8950,9080,8145,8920
2011-06-08,17246,8850,8900,9000,8100,8990
2011-06-09,18018,8730,9150,9180,8327,8900
2011-06-10,14816,8970,9060,9290,8245,9060
2011-06-13,8664,8650,8970,9050,8163,9050
2011-06-14,9929,8850,9050,9400,8236,9400
2011-06-15,16286,8850,9000,9160,8191,8900
2011-06-16,17103,8790,8790,8950,8000,8810
2011-06-17,17821,8640,8760,8940,7972,8790
2011-06-20,20597,8630,8750,8900,7963,8760
2011-06-21,15249,8650,8890,8950,8091,8650
2011-06-22,5835,8860,8880,9040,8081,8890
2011-06-23,13995,8710,8890,9100,8091,8880
2011-06-24,15490,8800,8890,9050,8091,9050
2011-06-27,10726,8800,8820,8890,8027,8800
2011-06-28,19483,8800,8880,8980,8081,8820
2011-06-29,11451,8790,8810,8940,8018,8940
2011-06-30,17121,8780,8920,8960,8118,8810
2011-07-01,29950,8930,9300,9350,8464,8960
2011-07-04,21645,9130,9240,9380,8409,9300
2011-07-05,16589,9100,9250,9300,8418,9100
2011-07-06,23212,9150,9320,9330,8482,9250
2011-07-07,35761,9220,9360,9560,8518,9320
2011-07-08,62678,8930,9100,9440,8282,9240
2011-07-11,61512,8700,8750,9100,7963,9100
2011-07-12,20222,8520,8560,8850,7790,8700
2011-07-13,39559,8500,8810,8920,8018,8500
2011-07-14,16715,8690,8710,8860,7927,8690
2011-07-15,38146,8660,8870,8900,8072,8700
2011-07-18,29951,8720,8830,8920,8036,8900
2011-07-19,45653,8670,8870,8950,8072,8670
2011-07-20,59236,8820,8820,9100,8027,8900
2011-07-21,120135,8800,9530,9530,8673,8800
2011-07-22,68566,9310,9600,9750,8737,9600
2011-07-25,53449,9500,9760,9760,8882,9600
2011-07-26,18506,9510,9700,9880,8828,9800
2011-07-27,32489,9500,9670,9770,8800,9770
2011-07-28,42149,9420,9510,9650,8655,9650
2011-07-29,56116,9450,9610,9830,8746,9510
2011-08-01,182551,9760,10050,10150,9146,9810
2011-08-02,58415,9600,9670,9920,8800,9910
2011-08-03,46482,9160,9370,9580,8527,9430
2011-08-04,44852,8950,8990,9410,8182,9410
2011-08-05,123322,8020,8100,8920,7372,8070
2011-08-08,143826,7340,7700,8210,7007,7700
2011-08-09,335607,6550,6850,7500,6234,7500
2011-08-10,86645,7100,7180,7520,6534,7380
2011-08-11,53382,6660,7050,7300,6416,6670
2011-08-12,83603,7230,7310,7740,6653,7270
2011-08-16,37946,7530,7930,7950,7217,7530
2011-08-17,35833,7760,7980,8030,7262,7890
2011-08-18,59962,7600,7700,8020,7007,8020
2011-08-19,65446,7110,7300,7540,6643,7540
2011-08-22,31578,7130,7300,7490,6643,7290
2011-08-23,27340,7220,7520,7530,6844,7220
2011-08-24,22034,7500,7700,7800,7007,7520
2011-08-25,24724,7660,7700,7990,7007,7990
2011-08-26,43371,7490,7680,7800,6989,7700
2011-08-29,36487,7750,8070,8090,7344,7750
2011-08-30,36626,8120,8220,8420,7481,8190
2011-08-31,59054,8100,8750,8750,7963,8300
2011-09-01,34592,8510,8600,8900,7827,8900
2011-09-02,23314,8480,8700,8770,7918,8600
2011-09-05,67574,8100,8100,8600,7372,8600
2011-09-06,50063,7930,8290,8370,7544,8000
2011-09-07,48347,8290,8650,8680,7872,8300
2011-09-08,27547,8470,8520,8700,7754,8470
2011-09-09,25665,8440,8480,8640,7717,8510
2011-09-14,42125,7930,7930,8560,7217,8470
2011-09-15,35447,7890,8080,8270,7353,8150
2011-09-16,15730,8020,8160,8280,7426,8080
2011-09-19,11004,8080,8080,8290,7353,8290
2011-09-20,58896,7790,7800,8070,7098,8000
2011-09-21,48691,7500,7700,7980,7007,7980
2011-09-22,45159,7400,7600,7650,6916,7600
2011-09-23,20240,7110,7200,7490,6552,7300
2011-09-26,31715,6450,6690,7400,6088,7270
2011-09-27,32955,6710,6760,6950,6152,6710
2011-09-28,23624,6690,6690,7100,6088,6760
2011-09-29,30640,6610,6850,6850,6234,6610
2011-09-30,17862,6730,6760,6890,6152,6810
2011-10-04,36291,6150,6210,6500,5651,6430
2011-10-05,42463,5820,5830,6320,5306,6160
2011-10-06,39111,5830,6300,6330,5733,5830
2011-10-07,25672,6200,6430,6500,5852,6310
2011-10-10,17879,6210,6540,6540,5952,6260
2011-10-11,25568,6570,6780,6820,6170,6650
2011-10-12,31087,6570,6920,6970,6298,6570
2011-10-13,13243,6910,7010,7080,6379,6910
2011-10-14,8032,6850,7000,7010,6370,7010
2011-10-17,19248,6910,7080,7150,6443,7020
2011-10-18,30801,6750,6990,7000,6361,6920
2011-10-19,61803,6910,7700,7750,7007,7050
2011-10-20,16517,7300,7310,7750,6653,7750
2011-10-21,12458,7210,7460,7570,6789,7350
2011-10-24,4985,7400,7580,7590,6898,7470
2011-10-25,15172,7320,7550,7600,6871,7580
2011-10-26,12000,7300,7450,7530,6780,7300
2011-10-27,14066,7300,7430,7600,6762,7460
2011-10-28,25280,7170,7400,7690,6734,7500
2011-10-31,5495,7260,7320,7550,6662,7450
2011-11-01,8594,7100,7100,7300,6461,7150
2011-11-02,16489,6850,7030,7090,6398,6860
2011-11-03,15212,6870,6870,7070,6252,7070
2011-11-04,18525,6990,7020,7200,6389,7050
2011-11-07,19268,6950,7150,7150,6507,7020
2011-11-08,9195,6970,7060,7170,6425,7150
2011-11-09,20562,6970,7040,7140,6407,7140
2011-11-10,28171,6700,6880,6970,6261,6970
2011-11-11,46224,6750,6880,7020,6261,6910
2011-11-14,22464,6960,7100,7150,6461,6960
2011-11-15,24009,7000,7120,7170,6480,7010
2011-11-16,16743,6940,6990,7120,6361,7020
2011-11-17,18275,6860,7170,7200,6525,6900
2011-11-18,17757,7000,7140,7330,6498,7150
2011-11-21,44263,7100,7400,7450,6734,7180
2011-11-22,96082,7270,7820,7980,7117,7270
2011-11-23,94743,7860,8090,8340,7362,7900
2011-11-24,91308,7900,8250,8370,7508,8050
2011-11-25,86550,8050,8280,8400,7535,8250
2011-11-28,40427,8020,8190,8350,7453,8190
2011-11-29,44485,8050,8060,8290,7335,8290
2011-11-30,24653,7940,8140,8210,7408,7970
2011-12-01,70727,8160,8470,8560,7708,8280
2011-12-02,75273,8340,8650,8730,7872,8600
2011-12-05,21588,8510,8580,8850,7808,8580
2011-12-06,35258,8480,8600,8750,7827,8480
2011-12-07,19633,8500,8610,8690,7836,8550
2011-12-08,40549,8320,8710,8750,7927,8750
2011-12-09,24186,8400,8460,8700,7699,8520
2011-12-12,25568,8320,8320,8620,7572,8620
2011-12-13,9679,8120,8260,8490,7517,8320
2011-12-14,11071,8050,8060,8320,7335,8120
2011-12-15,28037,7840,7980,8040,7262,7840
2011-12-16,14454,7880,8030,8070,7308,7930
2011-12-19,76691,7010,7220,8200,6571,8200
2011-12-20,35437,7160,7310,7420,6653,7220
2011-12-21,15026,7370,7550,7660,6871,7370
2011-12-22,6985,7570,7570,7790,6889,7690
2011-12-23,23643,7510,7570,7700,6889,7650
2011-12-26,25892,7290,7340,7600,6680,7530
2011-12-27,33858,7240,7350,7490,6689,7320
2011-12-28,9357,7230,7320,7400,6800,7300
2011-12-29,8919,7270,7470,7550,6940,7270
2012-01-02,6747,7250,7400,7580,6875,7470
2012-01-03,6813,7350,7440,7700,6912,7350
2012-01-04,13771,7450,7720,7750,7172,7450
2012-01-05,43711,7630,7720,7800,7172,7630
2012-01-06,10505,7510,7690,7880,7144,7710
2012-01-09,7923,7460,7540,7650,7005,7630
2012-01-10,17827,7400,7680,7710,7135,7480
2012-01-11,25890,7590,7990,8060,7423,7590
2012-01-12,18613,7800,8040,8150,7469,8050
2012-01-13,24233,7930,8090,8170,7516,7930
2012-01-16,18495,7950,8090,8280,7516,7980
2012-01-17,14708,7920,8070,8140,7497,7920
2012-01-18,10820,7970,8010,8270,7442,8070
2012-01-19,23123,7910,8200,8200,7618,7910
2012-01-20,15014,8090,8200,8350,7618,8230
2012-01-25,21895,7850,7950,8350,7386,8200
2012-01-26,12490,7800,8050,8150,7479,7800
2012-01-27,13439,7820,8040,8040,7469,7910
2012-01-30,7262,7900,8130,8170,7553,8040
2012-01-31,26611,7950,8240,8240,7655,8130
2012-02-01,17419,8200,8330,8380,7739,8250
2012-02-02,49170,8330,8500,8650,7897,8330
2012-02-03,39154,8400,8560,8630,7953,8410
2012-02-06,56912,8500,8800,8920,8175,8560
2012-02-07,51331,8450,8770,9030,8148,8920
2012-02-08,25148,8450,8470,8800,7869,8800
2012-02-09,42284,8270,8380,8550,7785,8470
2012-02-10,58098,8170,8460,8540,7860,8540
2012-02-13,12930,8350,8400,8550,7804,8460
2012-02-14,21089,8390,8670,8670,8055,8490
2012-02-15,57048,8530,8820,8880,8194,8650
2012-02-16,30043,8460,8570,8740,7962,8690
2012-02-17,36806,8370,8630,8830,8018,8580
2012-02-20,53606,8500,8580,8780,7971,8780
2012-02-21,18556,8490,8570,8670,7962,8670
2012-02-22,16562,8470,8570,8580,7962,8560
2012-02-23,19546,8380,8500,8630,7897,8630
2012-02-24,49450,8400,8700,8710,8083,8510
2012-02-27,14360,8700,8700,8870,8083,8700
2012-02-28,23673,8590,8620,8850,8008,8770
2012-02-29,54329,8600,8710,8790,8092,8620
2012-03-02,41492,8700,8750,8850,8129,8710
2012-03-05,155462,8760,9290,9680,8631,8820
2012-03-06,43381,9110,9260,9450,8603,9320
2012-03-07,25143,9000,9150,9250,8501,9000
2012-03-08,30621,9020,9090,9370,8445,9070
2012-03-09,17802,9000,9100,9250,8454,9150
2012-03-12,15362,8950,8990,9110,8352,9030
2012-03-13,13884,8900,8930,9080,8296,8990
2012-03-14,28959,8800,8800,9070,8175,9070
2012-03-15,16664,8510,8700,8890,8083,8800
2012-03-16,21569,8480,8500,8700,7897,8700
2012-03-19,28041,8470,8530,8700,7925,8590
2012-03-20,18148,8350,8490,8770,7887,8770
2012-03-21,8927,8410,8440,8510,7841,8500
2012-03-22,17382,8150,8150,8500,7572,8500
2012-03-23,35445,7900,8150,8150,7572,8150
2012-03-26,12505,8050,8110,8280,7534,8080
2012-03-27,14962,8010,8110,8240,7534,8240
2012-03-28,7685,7990,8020,8190,7451,8190
2012-03-29,21870,7690,7760,8120,7209,8020
2012-03-30,20986,7650,7980,7980,7414,7650
2012-04-02,9128,7900,7950,8070,7386,7980
2012-04-03,12569,7870,7890,8000,7330,8000
2012-04-04,25309,7650,7750,7970,7200,7890
2012-04-05,7774,7570,7680,7750,7135,7570
2012-04-06,1842,7650,7870,7900,7311,7650
2012-04-09,8735,7620,7770,7870,7219,7620
2012-04-10,3347,7690,7850,8060,7293,7690
2012-04-12,3593,7750,7880,7970,7321,7850
2012-04-13,3311,7830,7890,8000,7330,8000
2012-04-16,4338,7880,8010,8010,7442,7980
2012-04-17,17985,7850,8250,8280,7664,8070
2012-04-18,6812,8050,8280,8390,7692,8290
2012-04-19,7957,7920,8100,8320,7525,8320
2012-04-20,785,7930,8090,8180,7516,8180
2012-04-23,2272,7900,7930,8200,7367,8200
2012-04-24,13768,7620,7880,7930,7321,7710
2012-04-25,12423,7620,7650,7890,7107,7880
2012-04-26,10365,7560,7670,7750,7126,7750
2012-04-27,14292,7430,7610,7860,7070,7860
2012-04-30,5897,7450,7570,7720,7033,7510
2012-05-02,9819,7500,7510,7790,6977,7570
2012-05-03,7357,7450,7530,7680,6996,7600
2012-05-04,15723,7470,7500,7690,6968,7690
2012-05-07,5924,7410,7540,7630,7005,7500
2012-05-08,9730,7420,7500,7560,6968,7540
2012-05-09,13427,7400,7510,7610,6977,7430
2012-05-10,7329,7400,7490,7520,6958,7520
2012-05-11,46159,7050,7110,7500,6605,7500
2012-05-14,58500,7120,7190,7260,6680,7120
2012-05-15,7158,7000,7130,7190,6624,7190
2012-05-16,7055,6960,7060,7130,6559,7130
2012-05-17,28208,6710,6770,7000,6289,6880
2012-05-18,40614,6250,6390,6760,5936,6750
2012-05-21,11044,6220,6230,6500,5788,6500
2012-05-22,12136,6300,6380,6470,5927,6470
2012-05-23,15916,6190,6200,6490,5760,6490
2012-05-24,27052,6190,6200,6340,5760,6200
2012-05-25,92884,6010,6050,6230,5620,6200
2012-05-29,10155,6000,6100,6150,5667,6050
2012-05-30,19135,6030,6090,6110,5658,6100
2012-05-31,13430,5920,5980,6040,5555,6040
2012-06-01,29541,5870,5970,6000,5546,5960
2012-06-04,52359,5570,5580,5750,5184,5710
2012-06-05,20298,5590,5780,5780,5370,5750
2012-06-07,13435,5750,5870,5960,5453,5780
2012-06-08,31157,5600,5610,6000,5212,5900
2012-06-11,65313,5590,5710,5740,5305,5730
2012-06-12,21839,5570,5590,5690,5193,5660
2012-06-13,20027,5560,5690,5750,5286,5680
2012-06-14,18842,5580,5600,5800,5202,5690
2012-06-15,10027,5600,5640,5690,5240,5690
2012-06-18,62370,5630,5650,5700,5249,5700
2012-06-19,58538,5590,5670,5670,5267,5660
2012-06-20,29239,5650,5750,5820,5342,5700
2012-06-21,36007,5730,5780,5890,5370,5780
2012-06-22,31563,5670,5720,5780,5314,5710
2012-06-25,11638,5660,5730,5790,5323,5790
2012-06-26,15826,5590,5660,5720,5258,5720
2012-06-27,12185,5590,5700,5700,5295,5660
2012-06-28,23150,5660,5780,5780,5370,5750
2012-06-29,41259,5800,5870,6050,5453,5930
2012-07-02,14355,5830,5890,6040,5472,6040
2012-07-03,12297,5820,5910,5990,5490,5990
2012-07-04,36308,5860,5980,6010,5555,5900
2012-07-05,30120,5900,5980,6040,5555,5920
2012-07-06,26174,5870,5960,6000,5537,6000
2012-07-09,38508,5800,5970,6000,5546,5960
2012-07-10,23430,5790,5810,5920,5398,5920
2012-07-11,25695,5680,5770,5830,5360,5810
2012-07-12,23774,5630,5690,5770,5286,5770
2012-07-13,33967,5490,5650,5710,5249,5690
2012-07-16,13774,5620,5650,5710,5249,5650
2012-07-17,32199,5590,5670,5860,5267,5610
2012-07-18,16789,5560,5570,5830,5175,5830
2012-07-19,29626,5490,5550,5700,5156,5590
2012-07-20,19247,5500,5500,5580,5109,5550
2012-07-23,16703,5250,5310,5580,4933,5580
2012-07-24,20847,5150,5250,5340,4877,5220
2012-07-25,16176,5090,5220,5250,4849,5240
2012-07-26,17629,5100,5250,5250,4877,5240
2012-07-27,15548,5280,5350,5440,4970,5440
2012-07-30,25707,5330,5330,5540,4952,5470
2012-07-31,7763,5330,5500,5530,5109,5360
2012-08-01,16478,5450,5570,5570,5175,5570
2012-08-02,14333,5450,5450,5600,5063,5600
2012-08-03,7463,5390,5450,5500,5063,5500
2012-08-06,25079,5390,5510,5550,5119,5390
2012-08-07,3616,5520,5530,5640,5137,5600
2012-08-08,5754,5510,5560,5600,5165,5530
2012-08-09,14256,5560,5660,5740,5258,5640
2012-08-10,15479,5640,5760,5760,5351,5740
2012-08-13,12380,5650,5680,5790,5277,5790
2012-08-14,9202,5650,5720,5820,5314,5820
2012-08-16,47538,5660,5800,5840,5388,5720
2012-08-17,18219,5790,5830,5880,5416,5880
2012-08-20,25422,5700,5720,5860,5314,5830
2012-08-21,35998,5680,5720,5800,5314,5800
2012-08-22,38425,5670,5800,5820,5388,5700
2012-08-23,36881,5790,5910,5930,5490,5890
2012-08-24,16504,5830,5880,5920,5463,5880
2012-08-27,13492,5860,5940,5960,5518,5890
2012-08-28,30704,5870,6010,6010,5583,5870
2012-08-29,50216,6000,6180,6200,5741,6000
2012-08-30,36692,6110,6130,6250,5695,6250
2012-08-31,33112,6100,6270,6330,5825,6100
2012-09-03,34292,6280,6420,6460,5964,6370
2012-09-04,36951,6370,6420,6500,5964,6430
2012-09-05,36604,6170,6260,6490,5816,6330
2012-09-06,23377,6170,6170,6320,5732,6190
2012-09-07,19530,6200,6320,6350,5871,6200
2012-09-10,14213,6270,6320,6450,5871,6370
2012-09-11,32885,6280,6280,6370,5834,6370
2012-09-12,26300,6290,6350,6420,5899,6360
2012-09-13,15560,6250,6350,6370,5899,6360
2012-09-14,55985,6350,6500,6570,6039,6400
2012-09-17,47584,6510,6790,6900,6308,6580
2012-09-18,18310,6720,6790,6850,6308,6790
2012-09-19,29561,6690,6920,6950,6429,6790
2012-09-20,485695,6740,6750,7010,6271,7010
2012-09-21,72009,6730,6840,6970,6354,6740
2012-09-24,62662,6590,6640,6840,6169,6770
2012-09-25,34316,6540,6690,6800,6215,6570
2012-09-26,28020,6530,6580,6690,6113,6690
2012-09-27,25066,6430,6640,6720,6169,6520
2012-09-28,26253,6560,6790,6820,6308,6570
2012-10-02,22205,6740,6840,6870,6354,6790
2012-10-04,16874,6730,6810,6880,6327,6840
2012-10-05,40859,6680,6830,6830,6345,6830
2012-10-08,29266,6700,6820,6850,6336,6850
2012-10-09,36597,6680,6780,6830,6299,6760
2012-10-10,27996,6500,6560,6770,6094,6770
2012-10-11,37376,6220,6400,6520,5946,6520
2012-10-12,10853,6340,6430,6460,5974,6340
2012-10-15,11195,6300,6370,6490,5918,6370
2012-10-16,23762,6200,6350,6500,5899,6500
2012-10-17,17626,6250,6320,6380,5871,6350
2012-10-18,15786,6250,6320,6480,5871,6480
2012-10-19,38748,6150,6280,6370,5834,6320
2012-10-22,16537,6090,6180,6250,5741,6250
2012-10-23,23692,6110,6290,6350,5843,6110
2012-10-24,9610,6160,6200,6290,5760,6200
2012-10-25,9374,6150,6150,6260,5713,6200
2012-10-26,9084,6110,6150,6240,5713,6240
2012-10-29,14741,6070,6180,6230,5741,6230
2012-10-30,31661,5970,5980,6130,5555,6120
2012-10-31,10802,5920,6100,6100,5667,6000
2012-11-01,18826,5950,6050,6100,5620,6100
2012-11-02,15698,6020,6100,6130,5667,6100
2012-11-05,4658,5980,6070,6110,5639,6100
2012-11-06,9502,5950,6080,6210,5648,6210
2012-11-07,6013,6000,6100,6140,5667,6140
2012-11-08,9451,5990,6060,6150,5630,6150
2012-11-09,19398,5800,5800,6050,5388,6050
2012-11-12,18141,5800,6080,6100,5648,5800
2012-11-13,5591,5890,6000,6100,5574,5940
2012-11-14,16288,5800,5890,6070,5472,6070
2012-11-15,28908,5780,6080,6100,5648,5950
2012-11-16,26209,5760,5850,6070,5435,5990
2012-11-19,18512,5750,5810,5950,5398,5950
2012-11-20,26304,5830,5970,6030,5546,5830
2012-11-21,9782,5900,6000,6110,5574,6110
2012-11-22,6336,5950,5970,6090,5546,6080
2012-11-23,8528,5860,6050,6080,5620,5860
2012-11-26,8985,5900,6030,6100,5602,6100
2012-11-27,12465,5920,6040,6060,5611,5960
2012-11-28,5177,5910,5950,6040,5528,6040
2012-11-29,37730,5750,5870,6000,5453,6000
2012-11-30,18204,5730,5780,5880,5370,5880
2012-12-03,18967,5790,5800,5920,5388,5840
2012-12-04,34849,5600,5770,5800,5360,5780
2012-12-05,29971,5610,5680,5740,5277,5660
2012-12-06,25795,5660,5720,5760,5314,5680
2012-12-07,20052,5650,5690,5800,5286,5800
2012-12-10,41648,5760,5790,5990,5379,5760
2012-12-11,23279,5720,5810,5850,5398,5790
2012-12-12,11869,5750,5830,5870,5416,5780
2012-12-13,47238,5800,5880,5930,5463,5870
2012-12-14,11363,5810,5910,5920,5490,5850
2012-12-17,16018,5800,5840,5940,5425,5900
2012-12-18,16435,5800,5820,5900,5407,5840
2012-12-20,28963,5770,5860,5930,5444,5820
2012-12-21,23479,5790,5880,5920,5463,5790
2012-12-24,24213,5800,5880,5930,5463,5880
2012-12-26,21411,5850,5930,5990,5509,5880
2012-12-27,12656,5850,5980,5980,5651,5860
2012-12-28,5032,5940,5970,6000,5641,5950
2013-01-02,37978,5970,6230,6230,5887,5970
2013-01-03,23680,6150,6220,6260,5878,6230
2013-01-04,35946,6130,6260,6280,5915,6220
2013-01-07,30447,6200,6230,6320,5887,6270
2013-01-08,16078,6150,6250,6280,5906,6230
2013-01-09,10414,6170,6220,6250,5878,6200
2013-01-10,19736,6060,6200,6240,5859,6220
2013-01-11,41208,6080,6280,6300,5934,6130
2013-01-14,60379,6230,6470,6590,6114,6250
2013-01-15,58914,6380,6430,6500,6076,6470
2013-01-16,36386,6420,6510,6550,6152,6430
2013-01-17,12472,6400,6400,6550,6048,6550
2013-01-18,6951,6420,6490,6510,6133,6490
2013-01-21,8017,6470,6480,6570,6123,6570
2013-01-22,24561,6290,6410,6450,6057,6430
2013-01-23,17621,6330,6420,6440,6067,6410
2013-01-24,5877,6360,6430,6570,6076,6520
2013-01-25,21514,6200,6300,6480,5953,6480
2013-01-28,18952,6160,6200,6300,5859,6300
2013-01-29,6346,6130,6220,6290,5878,6290
2013-01-30,56625,6090,6500,6500,6142,6100
2013-01-31,12139,6310,6360,6500,6010,6420
2013-02-01,26074,6160,6170,6350,5830,6350
2013-02-04,16233,6170,6320,6320,5972,6180
2013-02-05,28316,6150,6170,6320,5830,6250
2013-02-06,10222,6170,6210,6270,5868,6170
2013-02-07,19123,6210,6270,6300,5925,6300
2013-02-08,2295,6200,6270,6330,5925,6230
2013-02-12,11466,6270,6380,6390,6029,6270
2013-02-13,28425,6310,6370,6450,6019,6310
2013-02-14,21348,6220,6320,6430,5972,6430
2013-02-15,89029,6200,6800,7000,6426,6320
2013-02-18,62167,6700,6750,6920,6378,6800
2013-02-19,35022,6650,6820,6880,6445,6790
2013-02-20,66830,6780,6890,6960,6511,6820
2013-02-21,18428,6800,6850,6900,6473,6890
2013-02-22,32478,6810,6850,6940,6473,6850
2013-02-25,11811,6820,6840,6970,6463,6820
2013-02-26,16071,6770,6820,6840,6445,6840
2013-02-27,7714,6800,6820,6870,6445,6830
2013-02-28,7642,6800,6870,6950,6492,6800
2013-03-04,10096,6720,6800,6870,6426,6870
2013-03-05,10456,6750,6790,6860,6416,6800
2013-03-06,23815,6760,6880,6950,6501,6790
2013-03-07,9204,6820,6870,6950,6492,6890
2013-03-08,19454,6800,6810,6920,6435,6870
2013-03-11,12627,6730,6730,6870,6360,6810
2013-03-12,24632,6600,6700,6800,6331,6750
2013-03-13,3650,6600,6710,6790,6341,6790
2013-03-14,9895,6600,6680,6700,6312,6600
2013-03-15,4156,6630,6680,6700,6312,6700
2013-03-18,15042,6600,6600,6750,6237,6720
2013-03-19,13798,6560,6620,6680,6256,6600
2013-03-20,10060,6550,6580,6680,6218,6620
2013-03-21,6870,6590,6660,6660,6293,6600
2013-03-22,66227,6590,7000,7170,6615,6660
2013-03-25,17013,6910,7020,7060,6634,7030
2013-03-26,14432,6940,6990,7070,6605,7010
2013-03-27,4794,6930,6930,7090,6549,7090
2013-03-28,12615,6850,6920,6950,6539,6950
2013-03-29,17230,6860,6890,6990,6511,6950
2013-04-01,31198,6790,6830,6910,6454,6890
2013-04-02,21529,6790,6820,6900,6445,6890
2013-04-03,56191,6810,6890,7070,6511,6850
2013-04-04,26858,6710,6840,6870,6463,6850
2013-04-05,40011,6670,6730,6900,6360,6900
2013-04-08,8109,6660,6720,6790,6350,6710
2013-04-09,37720,6050,6410,6720,6057,6660
2013-04-10,7149,6450,6590,6590,6227,6500
2013-04-11,5201,6500,6570,6690,6208,6690
2013-04-12,31130,6600,6680,6850,6312,6600
2013-04-15,23856,6560,6660,6820,6293,6680
2013-04-16,28401,6490,6600,6650,6237,6600
2013-04-17,15676,6560,6650,6680,6284,6610
2013-04-18,9556,6460,6580,6610,6218,6600
2013-04-19,9828,6520,6700,6700,6331,6600
2013-04-22,8455,6700,6810,6810,6435,6700
2013-04-23,15746,6730,6770,6870,6397,6850
2013-04-24,19764,6720,6840,6860,6463,6770
2013-04-25,27695,6700,6900,6990,6520,6790
2013-04-26,15645,6840,6910,6950,6530,6840
2013-04-29,66674,6860,7100,7140,6709,6860
2013-04-30,72502,7120,7300,7440,6898,7150
2013-05-02,33181,7200,7250,7400,6851,7300
2013-05-03,43699,7250,7490,7500,7078,7250
2013-05-06,33485,7450,7500,7550,7087,7520
2013-05-07,30762,7300,7300,7600,6898,7480
2013-05-08,57463,7200,7400,7450,6993,7250
2013-05-09,19493,7320,7420,7540,7012,7480
2013-05-10,15105,7250,7350,7460,6945,7460
2013-05-13,6747,7240,7330,7390,6927,7350
2013-05-14,7009,7190,7230,7410,6832,7270
2013-05-15,11811,7190,7350,7390,6945,7390
2013-05-16,37518,7080,7130,7390,6738,7330
2013-05-20,26066,6990,7120,7170,6728,7130
2013-05-21,19414,7040,7110,7160,6719,7160
2013-05-22,47688,6990,7000,7250,6615,7120
2013-05-23,24850,6910,6970,7140,6586,7140
2013-05-24,31121,6910,7180,7290,6785,7000
2013-05-27,13478,7170,7200,7270,6804,7250
2013-05-28,10830,7130,7190,7290,6794,7290
2013-05-29,13597,7110,7230,7240,6832,7210
2013-05-30,36156,7000,7190,7220,6794,7220
2013-05-31,21811,7000,7130,7190,6738,7190
2013-06-03,12088,7000,7070,7140,6681,7120
2013-06-04,19779,7000,7070,7100,6681,7070
2013-06-05,13984,6900,6990,7110,6605,7070
2013-06-07,23808,6700,6750,6990,6378,6990
2013-06-10,8097,6800,6850,6950,6473,6930
2013-06-11,9166,6780,6790,6850,6416,6800
2013-06-12,12763,6650,6650,6870,6284,6790
2013-06-13,12093,6590,6630,6720,6265,6660
2013-06-14,10721,6540,6650,6710,6284,6710
2013-06-17,10704,6440,6500,6740,6142,6560
2013-06-18,6930,6460,6500,6580,6142,6500
2013-06-19,20580,6410,6520,6550,6161,6510
2013-06-20,14657,6310,6430,6540,6076,6540
2013-06-21,16319,6210,6370,6400,6019,6400
2013-06-24,35885,6110,6110,6380,5774,6320
2013-06-25,30249,5840,5900,6210,5575,6120
2013-06-26,18798,5850,5990,6100,5660,5960
2013-06-27,31875,6050,6230,6250,5887,6100
2013-06-28,8227,6270,6310,6400,5963,6290
2013-07-01,4703,6300,6340,6450,5991,6450
2013-07-02,5727,6200,6300,6310,5953,6250
2013-07-03,7409,6150,6150,6330,5811,6330
2013-07-04,12234,6150,6200,6240,5859,6150
2013-07-05,4002,6180,6300,6320,5953,6300
2013-07-08,8605,6180,6290,6380,5944,6300
2013-07-09,12345,6250,6360,6380,6010,6380
2013-07-10,3149,6350,6390,6440,6038,6390
2013-07-11,17867,6420,6570,6570,6208,6420
2013-07-12,7378,6580,6630,6640,6265,6640
2013-07-15,3181,6580,6640,6720,6274,6600
2013-07-16,5504,6600,6690,6720,6322,6720
2013-07-17,7717,6620,6700,6770,6331,6770
2013-07-18,4183,6600,6620,6720,6256,6660
2013-07-19,4910,6620,6770,6800,6397,6620
2013-07-22,9408,6700,6760,6820,6388,6780
2013-07-23,992,6740,6810,6820,6435,6800
2013-07-24,13450,6840,6980,6980,6596,6840
2013-07-25,5856,6730,6900,7000,6520,6980
2013-07-26,8025,6820,6900,7000,6520,6910
2013-07-29,4176,6770,6880,6900,6501,6900
2013-07-30,25492,6680,6680,6930,6312,6930
2013-07-31,14659,6640,6730,6870,6360,6730
2013-08-01,9380,6750,6830,6860,6454,6750
2013-08-02,18073,6800,6900,6930,6520,6930
2013-08-05,11168,6790,6790,6990,6416,6910
2013-08-06,18009,6730,6730,6900,6360,6820
2013-08-07,7902,6700,6810,6930,6435,6700
2013-08-08,10393,6800,6870,6940,6492,6890
2013-08-09,14148,6800,6930,6960,6549,6800
2013-08-12,9195,6870,6950,6980,6567,6950
2013-08-13,10471,6850,6950,6980,6567,6930
2013-08-14,11316,6950,7020,7040,6634,6950
2013-08-16,2939,6910,7050,7060,6662,7020
2013-08-19,8565,6950,7140,7160,6747,6950
2013-08-20,11191,6880,7070,7180,6681,7080
2013-08-21,38203,6680,6700,7030,6331,7030
2013-08-22,11622,6470,6540,6700,6180,6700
2013-08-23,10994,6550,6690,6700,6322,6550
2013-08-26,12530,6640,6800,6870,6426,6640
2013-08-27,29208,6750,6750,6960,6378,6930
2013-08-28,13342,6600,6780,6780,6407,6690
2013-08-29,17120,6540,6850,6870,6473,6780
2013-08-30,11375,6830,6900,6930,6520,6910
2013-09-02,5198,6800,6890,6980,6511,6980
2013-09-03,7452,6820,6900,6920,6520,6850
2013-09-04,19377,6770,6880,6940,6501,6940
2013-09-05,12409,6830,6830,6920,6454,6870
2013-09-06,24039,6800,6910,7000,6530,6830
2013-09-09,15995,6880,6950,7000,6567,6880
2013-09-10,21938,6900,7000,7000,6615,7000
2013-09-11,60910,7000,7200,7300,6804,7000
2013-09-12,9439,7150,7160,7260,6766,7260
2013-09-13,10555,6990,7140,7260,6747,7150
2013-09-16,7116,6990,7060,7140,6671,7140
2013-09-17,4224,6980,7000,7110,6615,7110
2013-09-23,17419,6920,7030,7130,6643,7000
2013-09-24,2113,6950,6950,7090,6567,7090
2013-09-25,11149,6910,6940,7090,6558,7090
2013-09-26,9590,6860,6940,6960,6558,6900
2013-09-27,6409,6890,6910,6990,6530,6890
2013-09-30,5647,6800,6820,6900,6445,6870
2013-10-01,18842,6680,6790,6850,6416,6790
2013-10-02,3034,6770,6800,6840,6426,6770
2013-10-04,8960,6640,6700,6800,6331,6800
2013-10-07,9021,6580,6630,6710,6265,6710
2013-10-08,12183,6560,6640,6680,6274,6680
2013-10-10,2207,6530,6700,6730,6331,6640
2013-10-11,10046,6660,6730,6870,6360,6870
2013-10-14,9542,6650,6760,6800,6388,6800
2013-10-15,14074,6750,6820,6850,6445,6800
2013-10-16,8476,6730,6810,6810,6435,6730
2013-10-17,8683,6740,6800,7240,6426,7240
2013-10-18,4324,6750,6800,6850,6426,6750
2013-10-21,4188,6770,6940,6940,6558,6900
2013-10-22,5128,6880,6910,6940,6530,6900
2013-10-23,7721,6750,6850,6910,6473,6910
2013-10-24,2030,6750,6800,6820,6426,6810
2013-10-25,5809,6720,6770,6850,6397,6770
2013-10-28,19803,6590,6600,6770,6237,6770
2013-10-29,36433,6510,6790,6920,6416,6680
2013-10-30,27685,6580,6660,6800,6293,6800
2013-10-31,5448,6590,6660,6710,6293,6710
2013-11-01,5066,6640,6720,6780,6350,6730
2013-11-04,6242,6570,6640,6720,6274,6720
2013-11-05,3784,6530,6600,6630,6237,6550
2013-11-06,2454,6550,6600,6650,6237,6600
2013-11-07,8347,6440,6600,6600,6237,6580
2013-11-08,9222,6460,6540,6590,6180,6590
2013-11-11,12724,6360,6390,6540,6038,6540
2013-11-12,2615,6390,6550,6640,6189,6390
2013-11-13,3998,6420,6640,6650,6274,6650
2013-11-14,356,6600,6620,6640,6256,6640
2013-11-15,11083,6480,6630,6760,6265,6700
2013-11-18,3673,6600,6650,6740,6284,6740
2013-11-19,7029,6370,6560,6730,6199,6730
2013-11-20,1957,6370,6540,6670,6180,6670
2013-11-21,9707,6400,6540,6730,6180,6730
2013-11-22,5101,6490,6500,6550,6142,6540
2013-11-25,3841,6440,6510,6530,6152,6530
2013-11-26,7079,6490,6530,6600,6171,6530
2013-11-27,8117,6500,6600,6600,6237,6550
2013-11-28,2069,6540,6600,6650,6237,6650
2013-11-29,2388,6560,6600,6760,6237,6760
2013-12-02,11665,6450,6540,6760,6180,6600
2013-12-03,18133,6300,6520,6600,6161,6530
2013-12-04,13858,6450,6520,6590,6161,6590
2013-12-05,6895,6410,6540,6620,6180,6620
2013-12-06,2457,6460,6470,6540,6114,6540
2013-12-09,3883,6330,6430,6450,6076,6450
2013-12-10,1934,6340,6380,6420,6029,6420
2013-12-11,4238,6380,6400,6500,6048,6450
2013-12-12,21383,6300,6440,6450,6085,6300
2013-12-13,4969,6430,6550,6550,6189,6440
2013-12-16,4511,6410,6550,6610,6189,6510
2013-12-17,7811,6410,6450,6520,6095,6520
2013-12-18,3399,6380,6400,6500,6048,6500
2013-12-19,13626,6370,6380,6540,6029,6400
2013-12-20,9009,6380,6490,6500,6133,6380
2013-12-23,800,6430,6500,6550,6142,6550
2013-12-24,9898,6370,6530,6590,6171,6480
2013-12-26,4715,6480,6540,6650,6180,6530
2013-12-27,4388,6450,6570,6590,6285,6500
2013-12-30,9787,6450,6460,6590,6180,6510
2014-01-02,5624,6410,6500,6580,6218,6460
2014-01-03,1825,6420,6500,6520,6218,6490
2014-01-06,1941,6470,6490,6550,6209,6550
2014-01-07,3370,6390,6500,6530,6218,6450
2014-01-08,4174,6450,6560,6580,6276,6480
2014-01-09,4978,6490,6580,6590,6295,6560
2014-01-10,9610,6400,6600,6640,6314,6640
2014-01-13,3148,6600,6680,6700,6390,6600
2014-01-14,4589,6600,6680,6720,6390,6720
2014-01-15,6714,6580,6700,6750,6410,6740
2014-01-16,4981,6610,6670,6740,6381,6700
2014-01-17,2158,6600,6670,6670,6381,6600
2014-01-20,4571,6500,6590,6630,6304,6630
2014-01-21,9557,6540,6590,6690,6304,6690
2014-01-22,8152,6530,6570,6620,6285,6610
2014-01-23,4916,6510,6550,6640,6266,6640
2014-01-24,24777,6500,6500,6590,6218,6590
2014-01-27,6226,6300,6300,6500,6027,6500
2014-01-28,8162,6240,6390,6450,6113,6240
2014-01-29,8678,6330,6410,6500,6132,6360
2014-02-03,5368,6290,6390,6420,6113,6410
2014-02-04,7630,6230,6320,6380,6046,6380
2014-02-05,2862,6260,6300,6320,6027,6300
2014-02-06,15488,6150,6240,6330,5969,6290
2014-02-07,9769,6180,6270,6330,5998,6250
2014-02-10,11200,6180,6320,6320,6046,6280
2014-02-11,4678,6240,6330,6330,6056,6320
2014-02-12,8779,6260,6450,6460,6170,6350
2014-02-13,1534,6400,6460,6480,6180,6470
2014-02-14,12387,6300,6470,6590,6190,6540
2014-02-17,8304,6380,6560,6580,6276,6470
2014-02-18,3207,6470,6560,6570,6276,6560
2014-02-19,6053,6420,6500,6570,6218,6570
2014-02-20,24691,6300,6460,6550,6180,6510
2014-02-21,10663,6360,6400,6490,6123,6460
2014-02-24,2645,6350,6380,6450,6103,6450
2014-02-25,5591,6320,6380,6410,6103,6380
2014-02-26,4599,6300,6380,6420,6103,6390
2014-02-27,15931,6200,6260,6380,5989,6380
2014-02-28,6321,6240,6330,6520,6056,6270
2014-03-03,5498,6260,6360,6370,6084,6370
2014-03-04,16341,6160,6160,6370,5893,6360
2014-03-05,10343,6160,6190,6290,5922,6290
2014-03-06,8150,6140,6210,6290,5941,6290
2014-03-07,23483,6130,6150,6250,5883,6230
2014-03-10,4741,6110,6150,6170,5883,6150
2014-03-11,6434,6150,6200,6220,5931,6150
2014-03-12,7910,6100,6170,6230,5903,6200
2014-03-13,6390,6100,6150,6200,5883,6180
2014-03-14,16586,6000,6080,6150,5816,6150
2014-03-17,7704,6000,6120,6140,5855,6080
2014-03-18,1277,6040,6090,6160,5826,6160
2014-03-19,6275,6030,6040,6160,5778,6090
2014-03-20,6092,6050,6090,6110,5826,6070
2014-03-21,3335,6060,6100,6110,5836,6100
2014-03-24,2967,6070,6160,6170,5893,6140
2014-03-25,1808,6120,6190,6190,5922,6130
2014-03-26,11330,6190,6260,6270,5989,6240
2014-03-27,5281,6110,6300,6300,6027,6290
2014-03-28,15207,6210,6390,6400,6113,6230
2014-03-31,13598,5850,6230,6490,5960,6390
2014-04-01,10646,6180,6400,6430,6123,6230
2014-04-02,6744,6250,6360,6390,6084,6320
2014-04-03,7793,6260,6320,6400,6046,6330
2014-04-04,4649,6230,6350,6350,6075,6320
2014-04-07,1702,6270,6300,6360,6027,6310
2014-04-08,5096,6100,6270,6300,5998,6300
2014-04-09,6773,6220,6280,6350,6008,6350
2014-04-10,5066,6160,6280,6300,6008,6160
2014-04-11,1365,6210,6280,6290,6008,6290
2014-04-14,2432,6190,6240,6310,5969,6310
2014-04-15,9773,6200,6310,6380,6036,6200
2014-04-16,2192,6250,6300,6370,6027,6370
2014-04-17,2112,6210,6290,6360,6017,6360
2014-04-18,1739,6230,6250,6320,5979,6320
2014-04-21,5773,6160,6210,6260,5941,6260
2014-04-22,10997,6130,6210,6260,5941,6260
2014-04-23,13262,6100,6140,6210,5874,6210
2014-04-24,3516,6060,6140,6230,5874,6230
2014-04-25,3644,6060,6060,6220,5797,6220
2014-04-28,957,6060,6100,6130,5836,6130
2014-04-29,5915,6100,6100,6200,5836,6200
2014-04-30,1121,6060,6140,6170,5874,6170
2014-05-02,5910,6020,6110,6190,5845,6140
2014-05-07,14856,5950,6060,6110,5797,6110
2014-05-08,4007,6020,6080,6120,5816,6120
2014-05-09,4194,6000,6050,6130,5788,6080
2014-05-12,6951,5970,6040,6060,5778,6050
2014-05-13,17738,6000,6020,6110,5759,6040
2014-05-14,5866,6000,6060,6060,5797,6010
2014-05-15,4300,6020,6070,6110,5807,6060
2014-05-16,9192,5950,6020,6050,5759,6020
2014-05-19,5008,5920,5920,6010,5663,6010
2014-05-20,8263,5810,5890,5920,5635,5920
2014-05-21,10890,5750,5870,5950,5615,5880
2014-05-22,6837,5850,5880,5900,5625,5860
2014-05-23,2994,5880,5930,5960,5673,5880
2014-05-26,4918,5810,5890,5970,5635,5970
2014-05-27,7558,5890,5940,5990,5682,5890
2014-05-28,184,5910,5940,5940,5682,5930
2014-05-29,452,5810,5930,5960,5673,5960
2014-05-30,1880,5900,5940,5970,5682,5910
2014-06-02,6295,5790,5920,5980,5663,5980
2014-06-03,4714,5790,5940,5940,5682,5900
2014-06-05,153,5830,5900,5940,5644,5940
2014-06-09,13961,5020,5830,5900,5577,5900
2014-06-10,2958,5740,5830,5880,5577,5780
2014-06-11,14,5800,5830,5870,5577,5870
2014-06-12,1349,5740,5780,5850,5529,5830
2014-06-13,4866,5700,5780,5830,5529,5830
2014-06-16,3749,5680,5750,5840,5501,5840
2014-06-17,6232,5600,5710,5870,5462,5800
2014-06-18,1277,5610,5730,5760,5482,5660
2014-06-19,3061,5700,5780,5850,5529,5710
2014-06-20,68,5710,5790,5820,5539,5730
2014-06-23,6861,5650,5730,5900,5482,5700
2014-06-24,4541,5640,5770,5900,5520,5730
2014-06-25,930,5690,5750,5770,5501,5710
2014-06-26,9179,5710,5860,5860,5606,5750
2014-06-27,2888,5800,5880,5900,5625,5810
2014-06-30,7478,5710,5750,5900,5501,5900
2014-07-01,4630,5670,5780,5870,5529,5800
2014-07-02,8258,5640,5760,5780,5510,5780
2014-07-03,8240,5660,5680,5780,5434,5760
2014-07-04,18533,5650,5700,5780,5453,5700
2014-07-07,17023,5630,5690,5750,5443,5750
2014-07-08,19388,5500,5650,5750,5405,5690
2014-07-09,7322,5540,5720,5720,5472,5650
2014-07-10,9393,5630,5680,5770,5434,5770
2014-07-11,7201,5520,5680,5740,5434,5690
2014-07-14,14821,5430,5460,5660,5223,5660
2014-07-15,12026,5420,5490,5540,5252,5500
2014-07-16,12110,5420,5500,5540,5262,5540
2014-07-17,4017,5470,5620,5630,5376,5540
2014-07-18,1892,5540,5620,5680,5376,5600
2014-07-21,9652,5550,5600,5670,5357,5620
2014-07-22,5917,5520,5580,5640,5338,5540
2014-07-23,15156,5500,5600,5650,5357,5650
2014-07-24,4561,5530,5630,5650,5386,5590
2014-07-25,12546,5580,5650,5680,5405,5610
2014-07-28,21129,5600,5650,5700,5405,5650
2014-07-29,8178,5470,5700,5750,5453,5470
2014-07-30,2307,5670,5740,5750,5491,5750
2014-07-31,1496,5670,5760,5770,5510,5770
2014-08-01,1183,5690,5760,5780,5510,5700
2014-08-04,5037,5690,5730,5760,5482,5760
2014-08-05,13929,5590,5690,5730,5443,5730
2014-08-06,6035,5600,5700,5730,5453,5690
2014-08-07,3742,5610,5690,5780,5443,5700
2014-08-08,10221,5620,5640,5780,5395,5770
2014-08-11,3468,5640,5700,5740,5453,5640
2014-08-12,5152,5660,5690,5740,5443,5740
2014-08-13,2894,5680,5720,5770,5472,5770
2014-08-14,2078,5700,5730,5770,5482,5770
2014-08-18,11826,5680,5700,5770,5453,5730
2014-08-19,5879,5680,5720,5750,5472,5700
2014-08-20,11926,5640,5690,5770,5443,5750
2014-08-21,450,5640,5710,5720,5462,5720
2014-08-22,3755,5610,5710,5720,5462,5720
2014-08-25,3788,5680,5740,5750,5491,5720
2014-08-26,4451,5690,5770,5790,5520,5710
2014-08-27,3858,5720,5760,5790,5510,5790
2014-08-28,5754,5720,5760,5790,5510,5790
2014-08-29,6418,5680,5800,5810,5549,5810
2014-09-01,14932,5570,5770,5810,5520,5810
2014-09-02,7925,5600,5700,5770,5453,5770
2014-09-03,1531,5620,5740,5790,5491,5700
2014-09-04,12271,5610,5790,5790,5539,5740
2014-09-05,890,5660,5750,5780,5501,5770
2014-09-11,5074,5590,5640,5750,5395,5750
2014-09-12,13185,5470,5540,5640,5300,5600
2014-09-15,10717,5500,5590,5620,5348,5540
2014-09-16,13108,5530,5650,5680,5405,5530
2014-09-17,1862,5610,5700,5700,5453,5670
2014-09-18,7126,5520,5640,5700,5395,5700
2014-09-19,3153,5590,5680,5690,5434,5620
2014-09-22,7629,5530,5600,5690,5357,5680
2014-09-23,6950,5510,5640,5640,5395,5570
2014-09-24,8868,5510,5630,5650,5386,5640
2014-09-25,4250,5520,5610,5630,5367,5620
2014-09-26,5649,5520,5570,5600,5328,5600
2014-09-29,12696,5500,5530,5590,5290,5570
2014-09-30,2983,5490,5530,5560,5290,5530
2014-10-01,21937,5400,5450,5580,5214,5490
2014-10-02,7104,5320,5440,5450,5204,5450
2014-10-06,3565,5390,5480,5490,5242,5440
2014-10-07,2309,5400,5430,5470,5195,5400
2014-10-08,3313,5390,5440,5470,5204,5470
2014-10-10,3656,5370,5440,5450,5204,5440
2014-10-13,5786,5350,5440,5440,5204,5440
2014-10-14,10191,5350,5440,5450,5204,5440
2014-10-15,1832,5400,5520,5520,5281,5400
2014-10-16,6811,5500,5550,5560,5309,5560
2014-10-17,4523,5470,5630,5630,5386,5540
2014-10-20,15601,5590,5680,5680,5434,5640
2014-10-21,17665,5650,5730,5730,5482,5650
2014-10-22,2529979,5650,5700,5800,5453,5800
2014-10-23,7910,5640,5690,5770,5443,5770
2014-10-24,16839,5670,5740,5760,5491,5760
2014-10-27,14856,5720,5790,5840,5539,5750
2014-10-28,4405,5740,5810,5830,5558,5790
2014-10-29,6656,5800,5820,5870,5568,5870
2014-10-30,28089,5780,5850,5870,5596,5870
2014-10-31,3802,5770,5800,5850,5549,5850
2014-11-03,3837,5730,5790,5810,5539,5800
2014-11-04,1319,5720,5740,5840,5491,5840
2014-11-05,3522,5660,5700,5780,5453,5740
2014-11-06,3648,5590,5730,5790,5482,5700
2014-11-07,9768,5560,5690,5760,5443,5760
2014-11-10,10078,5570,5620,5740,5376,5730
2014-11-11,9272,5450,5450,5650,5214,5650
2014-11-12,3262,5440,5550,5550,5309,5490
2014-11-13,4342,5480,5540,5540,5300,5540
2014-11-14,8136,5410,5510,5580,5271,5540
2014-11-17,7583,5550,5590,5650,5348,5550
2014-11-18,5546,5420,5580,5590,5338,5590
2014-11-19,5826,5490,5580,5600,5338,5490
2014-11-20,3348,5520,5670,5670,5424,5580
2014-11-21,1816,5610,5760,5770,5510,5770
2014-11-24,12424,5500,5530,5800,5290,5800
2014-11-25,4550,5510,5560,5620,5319,5600
2014-11-26,8597,5460,5540,5600,5300,5590
2014-11-27,9620,5460,5890,5890,5635,5570
2014-11-28,5641,5610,5720,5840,5472,5840
2014-12-01,4633,5490,5610,5710,5367,5710
2014-12-02,8128,5440,5480,5540,5242,5540
2014-12-03,8892,5430,5500,5560,5262,5540
2014-12-04,7277,5400,5500,5510,5262,5500
2014-12-05,4313,5450,5470,5520,5233,5500
2014-12-08,4493,5440,5550,5550,5309,5510
2014-12-09,4981,5450,5480,5570,5242,5570
2014-12-10,5159,5360,5400,5530,5166,5530
2014-12-11,8251,5320,5410,5440,5175,5440
2014-12-12,8315,5300,5490,5510,5252,5410
2014-12-15,5365,5310,5490,5540,5252,5520
2014-12-16,2729,5330,5460,5490,5223,5490
2014-12-17,25649,5240,5390,5440,5156,5440
2014-12-18,3822,5300,5410,5440,5175,5380
2014-12-19,8789,5290,5390,5400,5156,5400
2014-12-22,14859,5270,5360,5420,5128,5420
2014-12-23,10821,5240,5370,5380,5137,5360
2014-12-24,7537,5210,5340,5370,5108,5360
2014-12-26,25492,5200,5340,5340,5108,5340
2014-12-29,11739,5200,5300,5380,5147,5350
2014-12-30,5712,5230,5340,5380,5186,5300
2015-01-02,12028,5260,5320,5440,5167,5340
2015-01-05,5897,5220,5340,5360,5186,5320
2015-01-06,6348,5200,5280,5340,5128,5340
2015-01-07,10331,5210,5270,5310,5118,5280
2015-01-08,17675,5170,5200,5290,5050,5290
2015-01-09,6468,5190,5240,5260,5089,5200
2015-01-12,24252,5210,5290,5320,5138,5290
2015-01-13,8780,5190,5290,5340,5138,5320
2015-01-14,13231,5250,5280,5340,5128,5340
2015-01-15,3354,5220,5310,5330,5157,5330
2015-01-16,22608,5200,5250,5320,5099,5320
2015-01-19,7094,5200,5260,5280,5108,5280
2015-01-20,6609,5200,5260,5270,5108,5260
2015-01-21,5968,5220,5260,5320,5108,5320
2015-01-22,8265,5200,5280,5330,5128,5300
2015-01-23,6122,5250,5300,5330,5147,5330
2015-01-26,3947,5260,5300,5320,5147,5320
2015-01-27,8809,5280,5350,5350,5196,5330
2015-01-28,1948,5270,5320,5340,5167,5340
2015-01-29,8558,5280,5360,5360,5206,5350
2015-01-30,46766,5250,5380,5400,5225,5300
2015-02-02,6515,5300,5390,5460,5235,5460
2015-02-03,2688,5320,5320,5430,5167,5430
2015-02-04,18819,5300,5370,5430,5215,5320
2015-02-05,12426,5300,5400,5430,5244,5310
2015-02-06,22816,5360,5480,5530,5322,5390
2015-02-09,7928,5440,5440,5520,5283,5500
2015-02-10,8725,5370,5440,5470,5283,5410
2015-02-11,17429,5410,5590,5610,5429,5410
2015-02-12,6336,5520,5660,5700,5497,5600
2015-02-13,24970,5620,5800,5860,5633,5620
2015-02-16,80764,5720,5900,5910,5730,5800
2015-02-17,16993,5850,5970,5990,5798,5900
2015-02-23,8621,5900,5970,5980,5798,5970
2015-02-24,82477,5880,6040,6120,5866,5880
2015-02-25,19656,6010,6100,6190,5924,6010
2015-02-26,39789,6010,6300,6300,6119,6010
2015-02-27,18501,6120,6180,6270,6002,6140
2015-03-02,7729,6000,6110,6180,5934,6180
2015-03-03,13761,5920,6000,6240,5827,6240
2015-03-04,17433,5940,6030,6090,5856,6040
2015-03-05,8142,5960,6000,6100,5827,6000
2015-03-06,12395,5960,6000,6030,5827,6000
2015-03-09,37205,5920,6010,6030,5837,6010
2015-03-10,3559,5840,5990,6020,5817,6020
2015-03-11,4165,5840,5920,5980,5749,5960
2015-03-12,7288,5840,5900,5970,5730,5970
2015-03-13,14497,5790,5840,5990,5672,5990
2015-03-16,4325,5800,5900,5930,5730,5850
2015-03-17,31347,5850,6000,6030,5827,5900
2015-03-18,7992,5960,6000,6040,5827,6000
2015-03-19,13673,5900,6050,6050,5876,6000
2015-03-20,9894,6010,6090,6120,5915,6050
2015-03-23,20185,5940,6020,6150,5847,6090
2015-03-24,26383,5920,6000,6030,5827,6010
2015-03-25,27727,5800,5990,6050,5817,6050
2015-03-26,44453,5870,6000,6030,5827,6030
2015-03-27,17436,5820,5990,5990,5817,5960
2015-03-30,24763,5890,6020,6020,5847,5990
2015-03-31,23359,5950,6060,6070,5885,5980
2015-04-01,23677,6030,6120,6170,5944,6060
2015-04-02,20888,6060,6140,6200,5963,6200
2015-04-03,19998,6000,6130,6140,5953,6140
2015-04-06,41723,6090,6170,6210,5992,6130
2015-04-07,23700,6140,6250,6260,6070,6170
2015-04-08,14316,6180,6350,6370,6167,6240
2015-04-09,20687,6280,6370,6370,6187,6350
2015-04-10,20834,6280,6340,6400,6157,6370
2015-04-13,38571,6280,6380,6470,6196,6330
2015-04-14,26014,6350,6430,6450,6245,6350
2015-04-15,63604,6380,6580,6600,6391,6430
2015-04-16,12607,6490,6600,6630,6410,6510
2015-04-17,17695,6480,6600,6650,6410,6480
2015-04-20,17398,6470,6480,6580,6293,6580
2015-04-21,25188,6380,6500,6610,6313,6450
2015-04-22,34678,6400,6470,6500,6284,6450
2015-04-23,29129,6320,6420,6450,6235,6450
2015-04-24,18054,6400,6440,6500,6255,6400
2015-04-27,21412,6400,6500,6520,6313,6430
2015-04-28,22101,6410,6540,6580,6352,6500
2015-04-29,13457,6420,6480,6550,6293,6540
2015-04-30,32843,6250,6300,6470,6119,6470
2015-05-04,25738,6180,6230,6300,6051,6300
2015-05-06,16341,6170,6230,6350,6051,6230
2015-05-07,18850,6060,6280,6280,6099,6210
2015-05-08,10697,6210,6290,6300,6109,6240
2015-05-11,19866,6220,6330,6370,6148,6250
2015-05-12,15205,6200,6230,6330,6051,6240
2015-05-13,20121,6200,6260,6330,6080,6200
2015-05-14,17640,6200,6290,6350,6109,6210
2015-05-15,17279,6170,6290,6310,6109,6290
2015-05-18,23574,6080,6140,6350,5963,6250
2015-05-19,46224,5940,6050,6280,5876,6120
2015-05-20,22876,5840,5990,6040,5817,6000
2015-05-21,36150,5750,5900,5980,5730,5980
2015-05-22,30547,5860,5980,6020,5808,5900
2015-05-26,21816,5880,5970,6000,5798,5980
2015-05-27,7748,5890,5940,6000,5769,6000
2015-05-28,13777,5850,5850,5960,5681,5940
2015-05-29,24356,5750,5920,5920,5749,5850
2015-06-01,12432,5850,5920,5920,5749,5900
2015-06-02,54195,5810,5980,6000,5808,5900
2015-06-03,27762,5860,5950,6000,5779,5860
2015-06-04,14707,5830,5830,6000,5662,5900
2015-06-05,49282,5740,5990,6030,5817,5830
2015-06-08,123359,5890,6040,6040,5866,5900
2015-06-09,215571,5990,6140,6200,5963,6110
2015-06-10,9102,6100,6190,6220,6012,6200
2015-06-11,30159,6120,6250,6250,6070,6190
2015-06-12,27247,6090,6180,6350,6002,6250
2015-06-15,10735,6050,6180,6200,6002,6100
2015-06-16,30471,5960,6140,6160,5963,6160
2015-06-17,12464,5980,5980,6190,5808,6190
2015-06-18,10158,5940,6000,6130,5827,5980
2015-06-19,13857,5950,6030,6060,5856,6010
2015-06-22,21142,5980,6040,6240,5866,6000
2015-06-23,11746,6010,6120,6350,5944,6180
2015-06-24,25331,6010,6090,6140,5915,6140
2015-06-25,17919,5990,6000,6100,5827,6100
2015-06-26,10023,5980,6000,6090,5827,5990
2015-06-29,15419,5880,5950,6100,5779,5980
2015-06-30,10084,5820,6000,6120,5827,5890
2015-07-01,31100,5940,6130,6140,5953,6000
2015-07-02,25911,6040,6120,6180,5944,6140
2015-07-03,9842,6020,6110,6160,5934,6050
2015-07-06,12372,5960,6000,6090,5827,6020
2015-07-07,13229,5950,5960,6140,5788,6040
2015-07-08,13051,5980,6120,6130,5944,6050
2015-07-09,17944,5950,6000,6130,5827,6120
2015-07-10,5794,5950,6070,6070,5895,6000
2015-07-13,23781,5920,6030,6130,5856,6070
2015-07-14,13055,6010,6100,6100,5924,6100
2015-07-15,21903,6100,6250,6280,6070,6100
2015-07-16,53847,6100,6270,6300,6089,6250
2015-07-17,58737,6200,6290,6420,6109,6320
2015-07-20,37870,6250,6300,6350,6119,6250
2015-07-21,34041,6050,6050,6390,5876,6390
2015-07-22,23713,6000,6090,6150,5915,6120
2015-07-23,18869,6050,6140,6150,5963,6090
2015-07-24,9780,6050,6070,6190,5895,6190
2015-07-27,30353,6040,6380,6380,6196,6140
2015-07-28,13690,6130,6260,6330,6080,6200
2015-07-29,19116,6070,6070,6270,5895,6260
2015-07-30,51824,6000,6050,6150,5876,6030
2015-07-31,11096,6010,6020,6090,5847,6050
2015-08-03,10724,6030,6150,6150,5973,6080
2015-08-04,53782,6020,6110,6110,5934,6020
2015-08-05,20710,6110,6250,6270,6070,6110
2015-08-06,5009,6190,6270,6280,6089,6250
2015-08-07,6444,6150,6250,6250,6070,6250
2015-08-10,15518,6120,6240,6300,6060,6250
2015-08-11,9566,6100,6120,6240,5944,6230
2015-08-12,11979,5980,6040,6160,5866,6020
2015-08-13,13746,5940,6030,6100,5856,6100
2015-08-14,0,6030,6030,6030,5856,6030
2015-08-17,16485,5900,5900,6040,5730,6030
2015-08-18,10419,5870,5870,5960,5701,5900
2015-08-19,28541,5600,5600,5920,5439,5920
2015-08-20,52628,4660,4950,5880,4807,5640
2015-08-21,74192,4500,4800,5000,4662,4500
2015-08-24,69873,4600,4775,4800,4637,4600
2015-08-25,37192,4830,5070,5190,4924,4895
2015-08-26,19260,4960,5130,5180,4982,4960
2015-08-27,65740,5140,5600,5680,5439,5250
2015-08-28,19410,5520,5650,5710,5487,5700
2015-08-31,14270,5550,5650,5780,5487,5780
2015-09-01,35675,5450,5600,5740,5439,5740
2015-09-02,46110,5310,5570,5700,5410,5700
2015-09-03,14865,5520,5570,5690,5410,5690
2015-09-04,19702,5480,5570,5750,5410,5570
2015-09-07,6210,5500,5570,5580,5410,5500
2015-09-08,24659,5450,5560,5690,5400,5690
2015-09-09,6579,5540,5770,5800,5604,5640
2015-09-10,567,5610,5780,5790,5613,5770
2015-09-11,5686,5490,5650,5810,5487,5810
2015-09-14,308,5500,5510,5660,5351,5650
2015-09-15,754,5420,5500,5580,5342,5580
2015-09-16,769,5470,5590,5640,5429,5590
2015-09-17,8721,5430,5590,5660,5429,5660
2015-09-18,5740,5500,5520,5640,5361,5640
2015-09-21,4866,5360,5510,5520,5351,5520
2015-09-22,6227,5410,5560,5640,5400,5640
2015-09-23,13219,5380,5490,5560,5332,5560
2015-09-24,4578,5450,5550,5610,5390,5570
2015-09-25,584,5470,5540,5550,5380,5550
2015-09-30,1952,5440,5530,5550,5371,5550
2015-10-01,6568,5510,5630,5650,5468,5530
2015-10-02,8757,5530,5670,5680,5507,5660
2015-10-05,7951,5680,5690,5710,5526,5700
2015-10-06,13790,5630,5730,5730,5565,5650
2015-10-07,17790,5700,5750,5750,5584,5730
2015-10-08,8073,5740,5810,5810,5643,5770
2015-10-12,9913,5760,5830,5840,5662,5810
2015-10-13,3607,5770,5830,5840,5662,5830
2015-10-14,4052,5790,5830,5870,5662,5870
2015-10-15,4210,5720,5830,5890,5662,5730
2015-10-16,5753,5770,5860,5890,5691,5850
2015-10-19,10200,5750,5860,5870,5691,5750
2015-10-20,2165,5820,5890,5890,5720,5820
2015-10-21,7413,5750,5810,5890,5643,5890
2015-10-22,7439,5680,5730,5870,5565,5770
2015-10-23,2550,5650,5810,5880,5643,5730
2015-10-26,3610,5670,5770,5870,5604,5870
2015-10-27,3500,5700,5740,5860,5575,5770
2015-10-28,1093,5670,5670,5770,5507,5770
2015-10-29,1545,5580,5650,5700,5487,5700
2015-10-30,9247,5450,5540,5600,5380,5570
2015-11-02,4483,5420,5450,5670,5293,5670
2015-11-03,12995,5410,5480,5610,5322,5590
2015-11-04,3879,5260,5340,5550,5186,5550
2015-11-05,5359,5220,5250,5340,5099,5340
2015-11-06,7200,5130,5250,5450,5099,5450
2015-11-09,3003,5050,5080,5350,4934,5350
2015-11-10,24687,4940,4995,5230,4851,5230
2015-11-11,2886,4935,5060,5130,4914,4955
2015-11-12,11434,4955,5040,5060,4895,4960
2015-11-13,1973,4920,5020,5190,4875,5190
2015-11-16,10472,4930,4945,5130,4802,5130
2015-11-17,22664,4910,4960,5000,4817,5000
2015-11-18,2097,4865,4870,4995,4730,4995
2015-11-19,2142,4870,5180,5180,5031,4950
2015-11-20,8549,4955,5040,5180,4895,5180
2015-11-23,3408,4890,5090,5090,4943,5070
2015-11-24,3056,4900,4955,5090,4812,5090
2015-11-25,3189,4900,4985,4995,4841,4955
2015-11-26,1880,4915,4980,5030,4836,4985
2015-11-27,4298,4960,4985,5060,4841,4980
2015-11-30,3586,4950,4995,5010,4851,5010
2015-12-01,1795,4950,5090,5120,4943,5010
2015-12-02,4020,4980,5070,5120,4924,5120
2015-12-03,3055,4910,4915,5130,4773,5130
2015-12-04,14477,4690,4760,4950,4623,4950
2015-12-07,11968,4715,4730,4845,4594,4830
2015-12-08,3839,4600,4695,4820,4560,4820
2015-12-09,3212,4605,4680,4745,4545,4745
2015-12-10,2867,4625,4670,4750,4535,4700
2015-12-11,1576,4600,4650,4755,4516,4700
2015-12-14,1779,4530,4530,4650,4399,4650
2015-12-15,29294,4295,4415,4545,4288,4505
2015-12-16,1719,4430,4550,4590,4419,4430
2015-12-17,6497,4325,4540,4600,4409,4600
2015-12-18,12552,4400,4400,4625,4273,4540
2015-12-21,9665,4305,4360,4455,4234,4375
2015-12-22,8918,4300,4380,4450,4254,4360
2015-12-23,2583,4325,4375,4385,4249,4380
2015-12-24,4560,4355,4425,4440,4297,4395
2015-12-28,10685,4355,4395,4490,4268,4425
2015-12-29,3802,4375,4430,4440,4352,4395
2015-12-30,12889,4430,4595,4600,4514,4500
2016-01-04,2655,4505,4515,4655,4435,4595
2016-01-05,395,4505,4530,4590,4450,4510
2016-01-06,6342,4360,4380,4580,4303,4535
2016-01-07,16097,4170,4225,4495,4150,4370
2016-01-08,11741,4105,4270,4345,4195,4220
2016-01-11,8022,4205,4275,4295,4200,4295
2016-01-12,6016,4165,4225,4340,4150,4340
2016-01-13,15973,4025,4175,4290,4101,4285
2016-01-14,572,4100,4150,4250,4077,4175
2016-01-15,11657,4145,4200,4230,4126,4210
2016-01-18,1384,4100,4195,4200,4121,4200
2016-01-19,155,4140,4210,4285,4136,4285
2016-01-20,9481,4100,4170,4265,4096,4265
2016-01-21,26,4110,4160,4170,4087,4170
2016-01-22,1023,4065,4195,4230,4121,4180
2016-01-25,1140,4125,4235,4260,4160,4165
2016-01-26,771,4105,4235,4270,4160,4120
2016-01-27,1733,4115,4250,4290,4175,4235
2016-01-28,3798,4110,4230,4245,4155,4240
2016-01-29,1769,4120,4150,4230,4077,4230
2016-02-01,1587,4080,4165,4225,4091,4115
2016-02-02,2033,4050,4175,4225,4101,4140
2016-02-03,4503,4055,4140,4150,4067,4145
2016-02-04,8887,3960,4095,4180,4023,4080
2016-02-05,10390,4000,4055,4120,3983,4120
2016-02-11,15428,3980,4095,4095,4023,4055
2016-02-12,3875,3950,4025,4090,3954,4010
2016-02-15,7636,3970,4060,4070,3988,4070
2016-02-16,6618,4000,4140,4150,4067,4000
2016-02-17,4135,4020,4115,4140,4042,4140
2016-02-18,11551,4025,4140,4140,4067,4025
2016-02-19,28270,3885,3935,4070,3865,4070
2016-02-22,32352,3805,3820,3935,3752,3935
2016-02-23,34241,3760,3765,3880,3698,3880
2016-02-24,16263,3750,3860,3890,3792,3755
2016-02-25,31591,3860,3915,3945,3846,3890
2016-02-26,28327,3855,3925,3965,3856,3965
2016-02-29,32457,3905,4010,4045,3939,3960
2016-03-02,26862,4010,4080,4080,4008,4010
2016-03-03,10239,4080,4140,4170,4067,4100
2016-03-04,8826,4155,4220,4220,4145,4160
2016-03-07,4282,4225,4270,4280,4195,4225
2016-03-08,8439,4260,4365,4375,4288,4290
2016-03-09,10675,4300,4415,4415,4337,4310
2016-03-10,12381,4355,4500,4515,4421,4355
2016-03-11,4558,4490,4550,4600,4470,4500
2016-03-14,411,4500,4590,4590,4509,4500
2016-03-15,10190,4490,4620,4630,4538,4590
2016-03-16,2460,4505,4610,4620,4529,4505
2016-03-17,3385,4555,4555,4650,4475,4600
2016-03-18,8392,4555,4640,4640,4558,4575
2016-03-21,34723,4565,4635,4730,4553,4565
2016-03-22,16901,4595,4635,4750,4553,4635
2016-03-23,4384,4500,4555,4730,4475,4730
2016-03-24,5907,4470,4505,4555,4425,4555
2016-03-25,4011,4450,4500,4565,4421,4475
2016-03-28,5729,4355,4390,4485,4312,4410
2016-03-29,3820,4390,4455,4500,4376,4390
2016-03-30,9047,4430,4500,4500,4421,4455
2016-03-31,10083,4480,4545,4600,4465,4600
2016-04-01,2571,4440,4555,4575,4475,4575
2016-04-04,7190,4465,4470,4580,4391,4470
2016-04-05,6641,4470,4510,4535,4430,4470
2016-04-06,2673,4425,4520,4520,4440,4520
2016-04-07,8755,4455,4505,4535,4425,4530
2016-04-08,11390,4495,4590,4590,4509,4505
2016-04-11,7491,4540,4600,4625,4519,4600
2016-04-12,3038,4600,4665,4670,4583,4600
2016-04-14,5146,4625,4685,4690,4602,4665
2016-04-15,3444,4590,4610,4750,4529,4700
2016-04-18,10200,4450,4565,4690,4484,4690
2016-04-19,10942,4590,4670,4670,4588,4590
2016-04-20,6651,4565,4615,4670,4534,4670
2016-04-21,7352,4505,4545,4685,4465,4685
2016-04-22,8609,4480,4585,4585,4504,4480
2016-04-25,12284,4555,4585,4600,4504,4585
2016-04-26,8344,4555,4590,4650,4509,4615
2016-04-27,16646,4455,4550,4680,4470,4655
2016-04-28,8873,4415,4575,4580,4494,4580
2016-04-29,788,4500,4600,4635,4519,4570
2016-05-02,1031,4465,4500,4600,4421,4600
2016-05-03,8060,4400,4520,4545,4440,4520
2016-05-04,7225,4420,4470,4560,4391,4560
2016-05-09,4696,4390,4540,4540,4460,4470
2016-05-10,20421,4460,4495,4540,4416,4540
2016-05-11,2433,4470,4545,4545,4465,4495
2016-05-12,10061,4390,4545,4570,4465,4545
2016-05-13,6638,4460,4460,4645,4381,4645
2016-05-16,13763,4355,4370,4500,4293,4390
2016-05-17,3642,4350,4415,4415,4337,4350
2016-05-18,7933,4385,4440,4445,4362,4440
2016-05-19,7112,4410,4505,4505,4425,4410
2016-05-20,4338,4490,4565,4600,4484,4505
2016-05-23,1656,4505,4580,4580,4499,4565
2016-05-24,9107,4585,4695,4700,4612,4600
2016-05-25,8123,4695,4850,4850,4764,4695
2016-05-26,5877,4700,4885,4895,4799,4780
2016-05-27,11650,4825,4950,4950,4863,4885
2016-05-30,739,4825,4960,5000,4872,4825
2016-05-31,477,4770,4885,4945,4799,4945
2016-06-01,9272,4750,4755,4880,4671,4880
2016-06-02,5194,4705,4760,4850,4676,4750
2016-06-03,2118,4680,4745,4750,4661,4730
2016-06-07,375,4710,4785,4810,4701,4745
2016-06-08,3113,4660,4715,4785,4632,4680
2016-06-09,1199,4670,4695,4715,4612,4715
2016-06-10,3026,4605,4685,4705,4602,4705
2016-06-13,1966,4640,4665,4685,4583,4685
2016-06-14,7639,4630,4665,4890,4583,4630
2016-06-15,978,4610,4725,4725,4642,4720
2016-06-16,969,4615,4660,4890,4578,4800
2016-06-17,2929,4585,4585,4780,4504,4660
2016-06-20,5333,4500,4500,4645,4421,4605
2016-06-21,3403,4500,4555,4980,4475,4595
2016-06-22,95,4495,4525,4590,4445,4590
2016-06-23,796,4480,4485,4570,4406,4485
2016-06-24,10840,4355,4575,4575,4494,4395
2016-06-27,206,4375,4565,4575,4484,4575
2016-06-28,1191,4420,4585,4600,4504,4565
2016-06-29,2695,4465,4650,4675,4568,4465
2016-06-30,578,4515,4575,4645,4494,4645
2016-07-01,738,4510,4645,4660,4563,4510
2016-07-04,616,4500,4525,4605,4445,4605
2016-07-05,1245,4450,4475,4525,4396,4525
2016-07-06,863,4380,4435,4480,4357,4445
2016-07-07,1909,4385,4440,4515,4362,4515
2016-07-08,1636,4360,4485,4530,4406,4530
2016-07-11,4040,4455,4515,4690,4435,4650
2016-07-12,596,4410,4530,4555,4450,4555
2016-07-13,299,4475,4520,4530,4440,4530
2016-07-14,5070,4455,4505,4520,4425,4520
2016-07-15,9417,4415,4490,4530,4411,4520
2016-07-18,3722,4435,4435,4515,4357,4455
2016-07-19,35825,4395,4395,4480,4317,4480
2016-07-20,4348,4380,4410,4415,4332,4380
2016-07-21,1442,4395,4425,4500,4347,4465
2016-07-22,12099,4335,4410,4590,4332,4335
2016-07-25,5575,4355,4395,4480,4317,4480
2016-07-26,66500,4360,4420,4580,4342,4580
2016-07-27,38136,4400,4500,4595,4421,4450
2016-07-28,4309,4495,4530,4570,4450,4545
2016-07-29,10957,4530,4605,4625,4524,4595
2016-08-01,9288,4525,4695,4700,4612,4605
2016-08-02,16458,4720,4815,4825,4730,4725
2016-08-03,8494,4505,4700,4750,4617,4720
2016-08-04,5920,4720,4795,4815,4710,4815
2016-08-05,1827,4755,4805,4830,4720,4770
2016-08-08,1583,4725,4800,4845,4715,4815
2016-08-09,4558,4670,4800,4815,4715,4815
2016-08-10,4688,4650,4660,4845,4578,4800
2016-08-11,1957,4575,4680,4800,4597,4660
2016-08-12,1051,4620,4625,4850,4543,4850
2016-08-16,8849,4530,4630,4765,4548,4625
2016-08-17,12310,4555,4675,4685,4592,4685
2016-08-18,153127,4705,4910,5100,4823,4765
2016-08-19,11767,4850,4960,4995,4872,4910
2016-08-22,6833,4830,4975,4980,4887,4930
2016-08-23,4143,4900,4945,5020,4858,4975
2016-08-24,419,4860,4940,4965,4853,4965
2016-08-25,11730,4750,4830,4940,4745,4940
2016-08-26,7092,4780,4810,4835,4725,4835
2016-08-29,9969,4625,4780,4895,4696,4810
2016-08-30,10815,4700,4905,4945,4818,4780
2016-08-31,4661,4745,4825,4925,4740,4905
2016-09-01,2959,4665,4730,4815,4647,4815
2016-09-02,1611,4685,4775,4815,4691,4730
2016-09-05,854,4720,4800,4800,4715,4775
2016-09-06,7119,4685,4695,4800,4612,4800
2016-09-07,8780,4620,4700,4735,4617,4735
2016-09-08,13617,4575,4575,4725,4494,4725
2016-09-09,18732,4550,4555,4795,4475,4795
2016-09-12,4029,4530,4580,4660,4499,4660
2016-09-13,268,4570,4620,4645,4538,4645
2016-09-19,3264,4560,4645,4765,4563,4620
2016-09-20,1349,4590,4670,4685,4588,4645
2016-09-21,879,4565,4620,4675,4538,4670
2016-09-22,2638,4580,4670,4670,4588,4580
2016-09-23,5295,4575,4580,4750,4499,4700
2016-09-26,12887,4615,4680,4685,4597,4645
2016-09-27,9669,4605,4790,4850,4705,4605
2016-09-28,6338,4640,4780,4805,4696,4705
2016-09-29,10678,4680,4780,4850,4696,4775
2016-09-30,46721,4755,4755,4850,4671,4850
2016-10-04,14585,4755,4875,4950,4789,4755
2016-10-05,21159,4850,4850,4970,4764,4875
2016-10-06,70350,4860,4935,5050,4848,4945
2016-10-07,19654,4905,4935,5020,4848,5020
2016-10-10,35873,4950,5080,5140,4990,5040
2016-10-11,8317,5030,5050,5240,4961,5240
2016-10-12,20136,5000,5120,5140,5030,5140
2016-10-13,4572,5040,5090,5180,5000,5180
2016-10-14,15437,5020,5220,5230,5128,5140
2016-10-17,49740,5100,5150,5220,5059,5220
2016-10-18,5061,5070,5150,5200,5059,5190
2016-10-19,7387,5040,5090,5290,5000,5180
2016-10-20,3820,5090,5130,5230,5040,5230
2016-10-21,17395,4975,4990,5190,4902,5190
2016-10-24,10075,4855,4950,5100,4863,4995
2016-10-25,6897,4810,4905,5090,4818,5090
2016-10-26,20140,4945,4990,5070,4902,4945
2016-10-27,20315,4970,5140,5190,5049,5040
2016-10-28,7686,5040,5160,5170,5069,5100
2016-10-31,14192,5100,5100,5190,5010,5100
2016-11-01,7209,5060,5080,5230,4990,5120
2016-11-02,55906,5060,5090,5190,5000,5060
2016-11-03,6650,5060,5060,5270,4971,5090
2016-11-04,21032,5050,5060,5320,4971,5240
2016-11-07,9020,5010,5030,5200,4941,5200
2016-11-08,19662,5020,5100,5150,5010,5020
2016-11-09,15807,4900,5000,5190,4912,5110
2016-11-10,6025,5030,5180,5190,5089,5180
2016-11-11,23703,5100,5110,5230,5020,5170
2016-11-14,2621,5050,5140,5180,5049,5050
2016-11-15,13846,5080,5080,5340,4990,5090
2016-11-16,15807,5050,5140,5150,5049,5150
2016-11-17,8376,5010,5080,5190,4990,5140
2016-11-18,12146,5000,5000,5170,4912,5010
2016-11-21,5300,4910,5070,5100,4981,5000
2016-11-22,2811,4975,5080,5190,4990,5070
2016-11-23,17934,5080,5130,5190,5040,5080
2016-11-24,4028,5030,5140,5170,5049,5050
2016-11-25,6237,5070,5200,5240,5108,5070
2016-11-28,20641,5180,5200,5270,5108,5180
2016-11-29,14016,5200,5290,5300,5197,5200
2016-11-30,5241,5160,5280,5290,5187,5220
2016-12-01,2737,5220,5300,5330,5207,5320
2016-12-02,10815,5000,5110,5320,5020,5300
2016-12-05,13165,5020,5020,5160,4931,5060
2016-12-06,12770,4980,5120,5200,5030,5000
2016-12-07,191117,5150,5520,5590,5423,5180
2016-12-08,19051,5390,5410,5520,5315,5520
2016-12-09,165818,5370,5580,5680,5482,5390
2016-12-12,115205,5570,5590,5770,5491,5630
2016-12-13,73288,5540,5780,5810,5678,5590
2016-12-14,34935,5740,5790,5910,5688,5740
2016-12-15,22330,5610,5870,5900,5767,5900
2016-12-16,17080,5600,5780,5840,5678,5840
2016-12-19,61641,5740,5860,5900,5757,5780
2016-12-20,12636,5750,5830,5860,5727,5860
2016-12-21,10100,5740,5810,5830,5708,5830
2016-12-22,9043,5660,5780,5780,5678,5770
2016-12-23,8649,5600,5660,5740,5560,5730
2016-12-26,7034,5630,5690,5720,5590,5630
2016-12-27,9694,5650,5700,5730,5600,5690
2016-12-28,6037,5560,5660,5760,5660,5760
2016-12-29,3763,5510,5510,5690,5510,5620
2017-01-02,46042,5470,5520,5690,5520,5510
2017-01-03,24514,5410,5550,5650,5550,5580
2017-01-04,22602,5400,5470,5550,5470,5550
2017-01-05,6824,5360,5520,5520,5520,5450
2017-01-06,6344,5390,5420,5520,5420,5520
2017-01-09,6909,5340,5440,5450,5440,5420
2017-01-10,3547,5330,5400,5470,5400,5470
2017-01-11,7900,5340,5490,5610,5490,5340
2017-01-12,56282,5470,5670,5800,5670,5600
2017-01-13,8981,5600,5660,5740,5660,5670
2017-01-16,5670,5560,5590,5740,5590,5740
2017-01-17,13721,5570,5750,5750,5750,5590
2017-01-18,3268,5590,5650,5750,5650,5750
2017-01-19,3925,5500,5570,5680,5570,5680
2017-01-20,560,5500,5520,5590,5520,5570
2017-01-23,3596,5410,5500,5530,5500,5520
2017-01-24,2493,5400,5410,5500,5410,5500
2017-01-25,46731,5310,5400,5490,5400,5410
2017-01-26,1030,5380,5390,5600,5390,5400
2017-01-31,2707,5330,5340,5410,5340,5390
2017-02-01,9169,5310,5320,5390,5320,5340
2017-02-02,11753,5130,5380,5580,5380,5580
2017-02-03,32858,5130,5220,5380,5220,5380
2017-02-06,10309,5120,5200,5390,5200,5220
2017-02-07,3090,5210,5290,5290,5290,5250
2017-02-08,4185,5190,5190,5310,5190,5310
2017-02-09,12521,5150,5400,5410,5400,5190
2017-02-10,2296,5210,5320,5400,5320,5400
2017-02-13,3907,5150,5180,5340,5180,5340
2017-02-14,12636,5190,5250,5310,5250,5200
2017-02-15,1526,5220,5290,5350,5290,5350
2017-02-16,4207,5160,5270,5300,5270,5300
2017-02-17,2191,5180,5270,5270,5270,5270
2017-02-20,1796,5180,5190,5270,5190,5270
2017-02-21,10008,5170,5260,5290,5260,5190
2017-02-22,4479,5250,5250,5390,5250,5260
2017-02-23,8844,5200,5310,5390,5310,5250
2017-02-24,73880,5230,5310,5390,5310,5310
2017-02-27,47405,5210,5420,5570,5420,5310
2017-02-28,119981,5500,5680,6040,5680,5500
2017-03-02,15703,5550,5640,5760,5640,5680
2017-03-03,14952,5440,5480,5720,5480,5640
2017-03-06,5979,5320,5440,5480,5440,5480
2017-03-07,39871,5400,5670,5710,5670,5400
2017-03-08,46112,5650,5710,5790,5710,5770
2017-03-09,24242,5600,5700,5800,5700,5800
2017-03-10,8783,5560,5710,5720,5710,5700
2017-03-13,12285,5570,5620,5710,5620,5710
2017-03-14,14712,5460,5550,5600,5550,5590
2017-03-15,10081,5470,5480,5700,5480,5470
2017-03-16,13030,5470,5480,5630,5480,5580
2017-03-17,2869,5460,5550,5550,5550,5540
2017-03-20,15086,5510,5570,5740,5570,5550
2017-03-21,21999,5500,5570,5630,5570,5570
2017-03-22,10265,5480,5480,5560,5480,5520
2017-03-23,3337,5450,5450,5590,5450,5590
2017-03-24,9056,5280,5370,5450,5370,5450
2017-03-27,7573,5320,5430,5440,5430,5360
2017-03-28,20728,5380,5440,5700,5440,5430
2017-03-29,4454,5430,5490,5600,5490,5600
2017-03-30,42279,5490,5610,5650,5610,5490
2017-03-31,51217,5570,5810,5990,5810,5630
2017-04-03,24256,5650,5760,5850,5760,5830
2017-04-04,97389,5780,5930,5980,5930,5780
2017-04-05,54877,5890,5990,6030,5990,5980
2017-04-06,32246,5900,5910,6000,5910,6000
2017-04-07,53638,5910,5990,6000,5990,5980
2017-04-10,10166,5850,5900,5970,5900,5970
2017-04-11,28940,5840,5860,5950,5860,5950
2017-04-12,13630,5860,5930,5980,5930,5980
2017-04-13,34619,5810,5920,6000,5920,6000
2017-04-14,80039,5870,5980,6000,5980,5870
2017-04-17,49275,5950,5990,6030,5990,6010
2017-04-18,120369,5970,6090,6090,6090,6030
2017-04-19,71238,5970,5970,6090,5970,6090
2017-04-20,43517,5980,6000,6040,6000,6040
2017-04-21,48647,5880,5890,6020,5890,6000
2017-04-24,105531,5460,5500,5920,5500,5890
2017-04-25,21126,5500,5560,5620,5560,5500
2017-04-26,15500,5540,5540,5610,5540,5570
2017-04-27,26415,5430,5680,5730,5680,5540
2017-04-28,5775,5570,5630,5680,5630,5680
2017-05-02,10967,5580,5600,5710,5600,5630
2017-05-04,9970,5530,5670,5860,5670,5600
2017-05-08,6370,5550,5590,5760,5590,5670
2017-05-10,14703,5580,5670,5700,5670,5590
2017-05-11,23221,5680,5770,5890,5770,5700
2017-05-12,5813,5620,5680,5840,5680,5840
2017-05-15,4810,5590,5600,5680,5600,5680
2017-05-16,52369,5770,5900,5990,5900,5940
2017-05-17,33331,5850,6010,6020,6010,5910
2017-05-18,25237,5890,6050,6050,6050,6010
2017-05-19,41234,6000,6180,6260,6180,6090
2017-05-22,29182,6100,6170,6230,6170,6180
2017-05-23,63998,6130,6300,6390,6300,6200
2017-05-24,31331,6230,6320,6420,6320,6290
2017-05-25,22206,6190,6330,6390,6330,6270
2017-05-26,19448,6250,6320,6400,6320,6390
2017-05-29,8549,6220,6290,6370,6290,6320
2017-05-30,6297,6200,6210,6290,6210,6290
2017-05-31,31117,6080,6210,6210,6210,6210
2017-06-01,9697,6120,6160,6290,6160,6290
2017-06-02,5749,6130,6240,6280,6240,6160
2017-06-05,20346,6100,6160,6430,6160,6300
2017-06-07,11809,6090,6160,6420,6160,6160
2017-06-08,25813,6090,6250,6270,6250,6150
2017-06-09,4846,6150,6260,6270,6260,6240
2017-06-12,23991,6100,6290,6300,6290,6250
2017-06-13,58212,6200,6290,6350,6290,6270
2017-06-14,9807,6290,6350,6350,6350,6290
2017-06-15,10286,6150,6240,6360,6240,6330
2017-06-16,10693,6150,6200,6240,6200,6240
2017-06-19,2771,6120,6170,6200,6170,6200
2017-06-20,9143,6110,6170,6170,6170,6170
2017-06-21,16519,6060,6150,6180,6150,6170
2017-06-22,10386,6090,6180,6190,6180,6130
2017-06-23,10025,6180,6200,6250,6200,6180
2017-06-26,39303,6130,6350,6370,6350,6200
2017-06-27,16668,6280,6370,6400,6370,6340
2017-06-28,12431,6300,6380,6400,6380,6370
2017-06-29,6387,6300,6340,6370,6340,6370
2017-06-30,12187,6240,6280,6400,6280,6340
2017-07-03,36308,6140,6360,6400,6360,6280
2017-07-04,9977,6150,6260,6360,6260,6360
2017-07-05,22901,6020,6120,6340,6120,6260
2017-07-06,15056,6050,6080,6140,6080,6120
2017-07-07,3932,6080,6130,6220,6130,6080
2017-07-10,6249,6130,6170,6300,6170,6130
2017-07-11,6855,6170,6260,6300,6260,6170
2017-07-12,23842,6020,6050,6260,6050,6260
2017-07-13,12650,6040,6140,6150,6140,6040
2017-07-14,11193,6000,6020,6130,6020,6050
2017-07-17,3744,6050,6150,6260,6150,6050
2017-07-18,4578,6090,6140,6180,6140,6150
2017-07-19,15705,6090,6170,6180,6170,6140
2017-07-20,6516,6070,6200,6200,6200,6170
2017-07-21,7833,6090,6250,6270,6250,6090
2017-07-24,4418,6160,6160,6250,6160,6220
2017-07-25,22311,6080,6090,6230,6090,6160
2017-07-26,10789,6030,6100,6130,6100,6030
2017-07-27,14755,6080,6160,6160,6160,6090
2017-07-28,18489,6030,6030,6130,6030,6090
2017-07-31,12296,5990,5990,6060,5990,6030
2017-08-01,2553,5980,6050,6060,6050,6000
2017-08-02,4322,5970,6030,6050,6030,6050
2017-08-03,9189,5960,6020,6030,6020,6030
2017-08-04,1046,5940,5980,6080,5980,6080
2017-08-07,4699,5900,5900,5990,5900,5980
2017-08-08,11724,5770,5780,6010,5780,6010
2017-08-09,30270,5710,5710,5830,5710,5800
2017-08-10,12893,5600,5610,5800,5610,5800
2017-08-11,8291,5550,5550,5780,5550,5750
2017-08-14,285865,5620,5790,6750,5790,5620
2017-08-16,84146,5790,6020,6190,6020,5790
2017-08-17,33970,6070,6160,6200,6160,6180
2017-08-18,38551,6040,6170,6200,6170,6160
2017-08-21,65961,6130,6300,6320,6300,6170
2017-08-22,76967,6300,6530,6550,6530,6300
2017-08-23,44806,6320,6490,6640,6490,6530
2017-08-24,20522,6450,6540,6560,6540,6450
2017-08-25,42742,6490,6630,6690,6630,6540
2017-08-28,60796,6660,6920,6920,6920,6730
2017-08-29,35667,6830,6940,7000,6940,6850
2017-08-30,18124,6840,6890,6940,6890,6940
2017-08-31,88781,6470,6750,6890,6750,6890
2017-09-01,27046,6510,6590,6740,6590,6740
2017-09-04,23286,6410,6410,6620,6410,6420
2017-09-05,26892,6390,6630,6630,6630,6390
2017-09-06,33206,6400,6590,6630,6590,6630
2017-09-07,62283,6260,6390,6610,6390,6590
2017-09-08,42054,6300,6450,6600,6450,6390
2017-09-11,36627,6210,6300,6450,6300,6450
2017-09-12,4751,6300,6360,6400,6360,6300
2017-09-13,13489,6230,6300,6370,6300,6360
2017-09-14,11185,6220,6330,6370,6330,6300
2017-09-15,16289,6140,6160,6370,6160,6330
2017-09-18,8376,6110,6130,6230,6130,6230
2017-09-19,20556,6000,6140,6190,6140,6130
2017-09-20,38106,6050,6410,6430,6410,6200
2017-09-21,29564,6110,6150,6330,6150,6330
2017-09-25,55737,5870,5900,6190,5900,6150
2017-09-26,0,5900,5900,5900,5900,5900
2017-09-27,12066,5890,5970,6000,5970,5890
2017-09-28,5924,5940,6040,6240,6040,6240
2017-09-29,5886,5960,6040,6200,6040,6200
2017-10-10,4907,6040,6120,6190,6120,6040
2017-10-11,11103,6090,6290,6300,6290,6090
2017-10-12,11622,6250,6260,6320,6260,6290
2017-10-13,16378,6100,6240,6330,6240,6230
2017-10-16,19519,6170,6220,6310,6220,6170
2017-10-17,5764,6220,6300,6300,6300,6220
2017-10-18,14407,6170,6170,6290,6170,6190
2017-10-19,9116,6050,6200,6270,6200,6270
2017-10-20,11954,6080,6130,6210,6130,6080
2017-10-23,14908,6100,6170,6320,6170,6290
2017-10-24,9356,6080,6130,6290,6130,6290
2017-10-25,4742,6110,6110,6260,6110,6260
2017-10-26,6205,6050,6120,6170,6120,6110
2017-10-27,3200,6010,6070,6140,6070,6140
2017-10-30,11229,6050,6190,6300,6190,6070
2017-10-31,7493,6160,6160,6300,6160,6190
2017-11-01,6000,6150,6170,6300,6170,6160
2017-11-02,2023,6150,6230,6290,6230,6150
2017-11-03,21791,6150,6260,6290,6260,6230
2017-11-06,4912,6170,6220,6260,6220,6190
2017-11-07,1785,6200,6200,6220,6200,6220
2017-11-08,3994,6100,6110,6230,6110,6200
2017-11-09,9237,6140,6280,6300,6280,6140
2017-11-10,4970,6210,6220,6280,6220,6210
2017-11-13,27847,6210,6410,6420,6410,6210
2017-11-14,28467,6350,6440,6490,6440,6380
2017-11-15,175293,6570,6700,6920,6700,6710
2017-11-16,50356,6640,6810,6860,6810,6700
2017-11-17,27023,6720,6780,6860,6780,6810
2017-11-20,21947,6640,6700,6900,6700,6900
2017-11-21,45890,6350,6400,6690,6400,6690
2017-11-22,43797,6400,6550,6580,6550,6400
2017-11-23,16866,6450,6620,6640,6620,6540
2017-11-24,23655,6450,6640,6650,6640,6620
2017-11-27,16932,6470,6600,6640,6600,6640
2017-11-28,11533,6450,6520,6600,6520,6600
2017-11-29,9886,6440,6520,6640,6520,6520
2017-11-30,43610,6310,6420,6590,6420,6520
2017-12-01,20467,6340,6340,6540,6340,6420
2017-12-04,47943,6210,6330,6640,6330,6350
2017-12-05,35143,6320,6450,6580,6450,6330
2017-12-06,15723,6360,6400,6550,6400,6450
2017-12-07,2560,6360,6390,6500,6390,6400
2017-12-08,4507,6270,6390,6430,6390,6390
2017-12-11,9270,6300,6390,6500,6390,6390
2017-12-12,9603,6290,6380,6490,6380,6390
2017-12-13,20470,6350,6400,6550,6400,6380
2017-12-14,100169,6400,6630,6650,6630,6400
2017-12-15,279215,6600,7230,7500,7230,6630
2017-12-18,56650,7100,7100,7320,7100,7240
2017-12-19,43721,6700,6780,7050,6780,7050
2017-12-21,38275,6200,6780,6970,6780,6780
2017-12-22,23157,6660,6770,6890,6770,6700
2017-12-26,34744,6560,6670,6770,6670,6770
2017-12-27,15598,6620,6850,6890,6850,6890
2017-12-28,40076,6780,7070,7110,7070,6780
2018-01-01,0,7070,7070,7070,7070,7070
2018-01-02,34897,7010,7150,7220,7150,7010
2018-01-03,240972,7120,7630,7630,7630,7130
2018-01-04,376137,7570,8400,8550,8400,7700
2018-01-05,1153846,8530,9980,10250,9980,8530
2018-01-08,589343,9250,9400,9970,9400,9850
2018-01-09,221875,9160,9350,9610,9350,9400
2018-01-10,280405,9250,9750,9830,9750,9360
2018-01-11,465107,9630,10000,10550,10000,9800
2018-01-12,199642,9110,9900,10100,9900,10050
2018-01-15,666340,9580,10800,10900,10800,9910
2018-01-16,185650,10300,10450,10700,10450,10650
2018-01-17,244738,9710,9720,10450,9720,10450
2018-01-18,173206,9450,9620,10200,9620,9720
2018-01-19,66111,9550,9650,9790,9650,9700
2018-01-22,83308,9260,9330,9650,9330,9650
2018-01-23,102355,9280,9510,9660,9510,9450
2018-01-24,219091,9420,9910,10000,9910,9470
2018-01-25,244739,9830,10600,10600,10600,9990
2018-01-26,4767838,11200,12850,13750,12850,11400
2018-01-29,724277,12550,13150,13450,13150,12750
2018-01-30,343110,12300,12500,12950,12500,12800
2018-01-31,487532,11450,12050,12300,12050,12250
2018-02-01,818205,11900,12950,13600,12950,11950
2018-02-02,206322,12100,12450,13050,12450,13000
2018-02-05,149715,11600,11800,12250,11800,11900
2018-02-06,322041,10550,11600,12150,11600,11100
2018-02-07,520595,11150,11150,13000,11150,11850
2018-02-08,202441,10950,11550,11900,11550,11450
2018-02-09,191280,10700,11100,11450,11100,11150
2018-02-12,167465,10650,10900,11450,10900,11150
2018-02-13,429659,10950,10950,12200,10950,11150
2018-02-14,122461,10900,11350,11550,11350,11000
2018-02-19,184840,10900,12100,12100,12100,11400
2018-02-20,154657,11600,11700,12300,11700,12300
2018-02-21,172051,11150,11700,12150,11700,11600
2018-02-22,129514,11350,11900,12150,11900,11650
2018-02-23,37893,11650,11650,12050,11650,12050
2018-02-26,262927,11650,12400,12750,12400,11900
2018-02-27,167805,11900,12050,12450,12050,12400
2018-02-28,1161622,12550,12800,13550,12800,12800
2018-03-02,2245705,12700,14200,15200,14200,12700
2018-03-05,690076,14000,14750,15150,14750,14300
2018-03-06,403298,14000,14250,14950,14250,14750
2018-03-08,544674,13500,15100,15100,15100,13650
2018-03-09,662915,14550,16150,16500,16150,14900
2018-03-12,614865,16150,17400,18300,17400,16400
2018-03-13,851816,14850,15100,17400,15100,17300
2018-03-14,559035,14350,15100,15500,15100,14950
2018-03-15,282757,14300,14700,15150,14700,15050
2018-03-16,1996326,15200,15600,16850,15600,15450
2018-03-19,279143,15600,15950,16100,15950,15800
2018-03-20,271411,14850,15000,16000,15000,15750
2018-03-21,136661,14850,14900,15350,14900,15150
2018-03-22,211517,14700,15400,15700,15400,15000
2018-03-23,284714,13800,13800,15600,13800,15000
2018-03-26,221133,13500,14650,14850,14650,13600
2018-03-27,164859,14200,14400,15000,14400,14800
2018-03-28,215948,13500,13950,14250,13950,14250
2018-03-29,86091,13600,13950,14250,13950,13950
2018-03-30,176672,14150,14700,14850,14700,14450
2018-04-02,192799,13850,14100,14650,14100,14650
2018-04-03,606922,13550,14200,14700,14200,14500
2018-04-04,348598,13100,13200,14200,13200,14150
2018-04-05,122556,13150,13200,13650,13200,13250
2018-04-06,89799,12900,12950,13400,12950,13200
2018-04-09,104362,12800,12950,13100,12950,13100
2018-04-10,218282,12300,12600,12900,12600,12900
2018-04-11,169968,12600,13350,13550,13350,12700
2018-04-12,74697,13000,13050,13450,13050,13350
2018-04-13,182538,12900,13600,13900,13600,13350
2018-04-16,85865,13100,13300,13700,13300,13700
2018-04-17,59968,12950,13200,13400,13200,13300
2018-04-18,52128,12850,12850,13400,12850,13250
2018-04-19,70932,12650,13400,13400,13400,12900
2018-04-20,60883,13000,13050,13400,13050,13400
2018-04-23,142562,13000,13550,13850,13550,13050
2018-04-24,50274,13150,13300,13600,13300,13550
2018-04-25,85783,13050,13250,13850,13250,13050
2018-04-26,152039,13100,13700,14350,13700,13250
2018-04-27,142937,13450,13450,14250,13450,14200
2018-04-30,243676,12500,13100,13750,13100,13350
2018-05-02,59616,12800,12900,13150,12900,13000
2018-05-03,57181,12700,12700,13150,12700,13100
2018-05-04,34803,12650,12850,12900,12850,12750
2018-05-08,32631,12650,12650,13050,12650,12750
2018-05-09,43610,12200,12500,12650,12500,12650
2018-05-10,59833,12450,12550,12950,12550,12500
2018-05-11,65649,12500,12900,13200,12900,12550
2018-05-14,46510,12850,13150,13200,13150,13150
2018-05-15,50704,13100,13350,13450,13350,13200
2018-05-16,54016,12700,12900,13500,12900,13350
2018-05-17,18572,12850,12950,13100,12950,13000
2018-05-18,36304,12650,12900,13000,12900,12850
2018-05-21,33108,12800,12800,13150,12800,12950
2018-05-23,35016,12500,12500,12800,12500,12800
2018-05-24,93506,11900,12000,12500,12000,12450
2018-05-25,43279,11600,11750,11900,11750,11900
2018-05-28,46480,11950,12500,12550,12500,11950
2018-05-29,38340,12400,12950,13000,12950,12500
2018-05-30,16370,12500,12700,12900,12700,12900
2018-05-31,17906,12250,12250,12800,12250,12650
2018-06-01,17506,12150,12150,12550,12150,12350
2018-06-04,18612,12050,12400,12450,12400,12150
2018-06-05,12799,12200,12400,12400,12400,12250
2018-06-07,102862,12300,13250,13350,13250,12300
2018-06-08,68754,12600,13000,13450,13000,13100
2018-06-11,14539,12900,12900,13250,12900,13200
2018-06-12,24754,12800,13150,13200,13150,12900
2018-06-14,49143,12900,13200,13300,13200,13150
2018-06-15,86966,13100,13100,13650,13100,13250
2018-06-18,29594,12900,12900,13250,12900,13100
2018-06-19,37821,12100,12250,13000,12250,12900
2018-06-20,58862,11650,11900,12150,11900,11950
2018-06-21,20202,11850,11950,12200,11950,11900
2018-06-22,44899,11850,11950,12100,11950,11950
2018-06-25,30231,11650,11800,12050,11800,11850
2018-06-26,50204,11250,11400,11600,11400,11550
2018-06-27,49341,11650,11850,11900,11850,11250
